date,time
25-Apr-19,17:33:16
25-Apr-19,17:33:16
25-Apr-19,17:33:16
25-Apr-19,17:33:21
25-Apr-19,17:33:21
25-Apr-19,17:33:21
25-Apr-19,17:33:31
25-Apr-19,17:33:31
25-Apr-19,17:33:31
25-Apr-19,17:33:36
25-Apr-19,17:33:36
25-Apr-19,17:33:36
25-Apr-19,22:14:32
25-Apr-19,22:14:32
25-Apr-19,22:14:32
25-Apr-19,22:14:37
25-Apr-19,22:14:37
25-Apr-19,22:14:37
25-Apr-19,22:14:47
25-Apr-19,22:14:47
25-Apr-19,22:14:47
25-Apr-19,22:14:52
25-Apr-19,22:14:52
25-Apr-19,22:14:52
25-Apr-19,22:15:02
25-Apr-19,22:15:02
25-Apr-19,22:15:02
25-Apr-19,22:15:17
25-Apr-19,22:15:17
25-Apr-19,22:15:17
25-Apr-19,22:15:22
25-Apr-19,22:15:22
25-Apr-19,22:15:22
25-Apr-19,22:15:32
25-Apr-19,22:15:32
25-Apr-19,22:15:32
25-Apr-19,22:15:37
25-Apr-19,22:15:37
25-Apr-19,22:15:37
25-Apr-19,22:15:42
25-Apr-19,22:15:42
25-Apr-19,22:15:42
25-Apr-19,22:15:47
25-Apr-19,22:15:47
25-Apr-19,22:15:47
25-Apr-19,22:15:52
25-Apr-19,22:15:52
25-Apr-19,22:15:52
25-Apr-19,22:15:57
25-Apr-19,22:15:57
25-Apr-19,22:15:57
25-Apr-19,22:16:02
25-Apr-19,22:16:02
25-Apr-19,22:16:02
25-Apr-19,22:16:07
25-Apr-19,22:16:07
25-Apr-19,22:16:07
25-Apr-19,22:16:12
25-Apr-19,22:16:12
25-Apr-19,22:16:12
25-Apr-19,22:16:22
25-Apr-19,22:16:22
25-Apr-19,22:16:22
25-Apr-19,22:16:32
25-Apr-19,22:16:32
25-Apr-19,22:16:32
25-Apr-19,22:16:37
25-Apr-19,22:16:37
25-Apr-19,22:16:37
25-Apr-19,22:16:42
25-Apr-19,22:16:42
25-Apr-19,22:16:42
25-Apr-19,22:16:47
25-Apr-19,22:16:47
25-Apr-19,22:16:47
25-Apr-19,22:16:52
25-Apr-19,22:16:52
25-Apr-19,22:16:52
25-Apr-19,22:17:02
25-Apr-19,22:17:02
25-Apr-19,22:17:32
25-Apr-19,22:17:37
25-Apr-19,22:17:37
25-Apr-19,22:17:37
25-Apr-19,22:17:42
25-Apr-19,22:17:42
25-Apr-19,22:17:42
25-Apr-19,22:17:47
25-Apr-19,22:17:47
25-Apr-19,22:17:47
25-Apr-19,22:17:52
25-Apr-19,22:17:52
25-Apr-19,22:17:52
25-Apr-19,22:17:57
25-Apr-19,22:17:57
25-Apr-19,22:17:57
25-Apr-19,22:18:02
25-Apr-19,22:18:02
25-Apr-19,22:18:02
25-Apr-19,22:18:07
25-Apr-19,22:18:07
25-Apr-19,22:18:07
25-Apr-19,22:18:12
25-Apr-19,22:18:12
25-Apr-19,22:18:12
25-Apr-19,22:18:17
25-Apr-19,22:18:17
25-Apr-19,22:18:17
25-Apr-19,22:18:32
25-Apr-19,22:18:32
25-Apr-19,22:18:32
25-Apr-19,22:18:37
25-Apr-19,22:18:37
25-Apr-19,22:18:37
25-Apr-19,22:18:42
25-Apr-19,22:18:42
25-Apr-19,22:18:42
25-Apr-19,22:18:47
25-Apr-19,22:18:47
25-Apr-19,22:18:47
25-Apr-19,22:18:52
25-Apr-19,22:18:52
25-Apr-19,22:18:52
25-Apr-19,22:19:02
25-Apr-19,22:19:02
25-Apr-19,22:19:02
25-Apr-19,22:19:07
25-Apr-19,22:19:07
25-Apr-19,22:19:07
25-Apr-19,22:19:12
25-Apr-19,22:19:12
25-Apr-19,22:19:12
25-Apr-19,22:19:17
25-Apr-19,22:19:17
25-Apr-19,22:19:17
25-Apr-19,22:19:22
25-Apr-19,22:19:22
25-Apr-19,22:19:22
25-Apr-19,22:19:32
25-Apr-19,22:19:32
25-Apr-19,22:19:32
25-Apr-19,22:19:37
25-Apr-19,22:19:37
25-Apr-19,22:19:37
25-Apr-19,22:19:42
25-Apr-19,22:19:42
25-Apr-19,22:19:42
25-Apr-19,22:19:52
25-Apr-19,22:19:52
25-Apr-19,22:19:52
25-Apr-19,22:20:02
25-Apr-19,22:20:02
25-Apr-19,22:20:02
25-Apr-19,22:20:07
25-Apr-19,22:20:07
25-Apr-19,22:20:07
25-Apr-19,22:20:12
25-Apr-19,22:20:12
25-Apr-19,22:20:12
25-Apr-19,22:20:17
25-Apr-19,22:20:17
25-Apr-19,22:20:17
25-Apr-19,22:20:22
25-Apr-19,22:20:22
25-Apr-19,22:20:22
25-Apr-19,22:20:32
25-Apr-19,22:20:32
25-Apr-19,22:20:32
25-Apr-19,22:20:37
25-Apr-19,22:20:37
25-Apr-19,22:20:37
25-Apr-19,22:20:42
25-Apr-19,22:20:42
25-Apr-19,22:20:42
25-Apr-19,22:20:47
25-Apr-19,22:20:47
25-Apr-19,22:20:47
25-Apr-19,22:20:52
25-Apr-19,22:20:52
25-Apr-19,22:20:52
25-Apr-19,22:21:07
25-Apr-19,22:21:07
25-Apr-19,22:21:07
25-Apr-19,22:21:12
25-Apr-19,22:21:12
25-Apr-19,22:21:12
25-Apr-19,22:21:17
25-Apr-19,22:21:17
25-Apr-19,22:21:17
25-Apr-19,22:21:32
25-Apr-19,22:21:32
25-Apr-19,22:21:32
25-Apr-19,22:21:37
25-Apr-19,22:21:37
25-Apr-19,22:21:37
25-Apr-19,22:21:42
25-Apr-19,22:21:42
25-Apr-19,22:21:42
25-Apr-19,22:21:52
25-Apr-19,22:21:52
25-Apr-19,22:21:52
25-Apr-19,22:22:02
25-Apr-19,22:22:02
25-Apr-19,22:22:02
25-Apr-19,22:22:07
25-Apr-19,22:22:07
25-Apr-19,22:22:07
25-Apr-19,22:22:12
25-Apr-19,22:22:12
25-Apr-19,22:22:12
25-Apr-19,22:22:17
25-Apr-19,22:22:17
25-Apr-19,22:22:17
25-Apr-19,22:22:22
25-Apr-19,22:22:22
25-Apr-19,22:22:22
25-Apr-19,22:22:32
25-Apr-19,22:22:32
25-Apr-19,22:22:32
25-Apr-19,22:22:37
25-Apr-19,22:22:37
25-Apr-19,22:22:37
25-Apr-19,22:22:42
25-Apr-19,22:22:42
25-Apr-19,22:22:42
25-Apr-19,22:22:47
25-Apr-19,22:22:47
25-Apr-19,22:22:47
25-Apr-19,22:22:52
25-Apr-19,22:22:52
25-Apr-19,22:22:52
25-Apr-19,22:22:57
25-Apr-19,22:22:57
25-Apr-19,22:22:57
25-Apr-19,22:23:02
25-Apr-19,22:23:02
25-Apr-19,22:23:02
25-Apr-19,22:23:07
25-Apr-19,22:23:07
25-Apr-19,22:23:07
25-Apr-19,22:23:12
25-Apr-19,22:23:12
25-Apr-19,22:23:12
25-Apr-19,22:23:22
25-Apr-19,22:23:22
25-Apr-19,22:23:22
25-Apr-19,22:23:27
25-Apr-19,22:23:27
25-Apr-19,22:23:27
25-Apr-19,22:23:32
25-Apr-19,22:23:32
25-Apr-19,22:23:32
25-Apr-19,22:23:37
25-Apr-19,22:23:37
25-Apr-19,22:23:37
25-Apr-19,22:23:42
25-Apr-19,22:23:42
25-Apr-19,22:23:42
25-Apr-19,22:23:47
25-Apr-19,22:23:47
25-Apr-19,22:23:47
25-Apr-19,22:24:02
25-Apr-19,22:24:02
25-Apr-19,22:24:02
25-Apr-19,22:24:07
25-Apr-19,22:24:07
25-Apr-19,22:24:07
25-Apr-19,22:24:12
25-Apr-19,22:24:12
25-Apr-19,22:24:12
25-Apr-19,22:24:17
25-Apr-19,22:24:17
25-Apr-19,22:24:17
25-Apr-19,22:24:22
25-Apr-19,22:24:22
25-Apr-19,22:24:22
25-Apr-19,22:24:27
25-Apr-19,22:24:27
25-Apr-19,22:24:27
25-Apr-19,22:24:32
25-Apr-19,22:24:32
25-Apr-19,22:24:32
25-Apr-19,22:24:42
25-Apr-19,22:24:42
25-Apr-19,22:24:42
25-Apr-19,22:24:47
25-Apr-19,22:24:47
25-Apr-19,22:24:47
25-Apr-19,22:24:57
25-Apr-19,22:24:57
25-Apr-19,22:24:57
25-Apr-19,22:25:07
25-Apr-19,22:25:07
25-Apr-19,22:25:07
25-Apr-19,22:25:12
25-Apr-19,22:25:12
25-Apr-19,22:25:12
25-Apr-19,22:25:17
25-Apr-19,22:25:17
25-Apr-19,22:25:17
25-Apr-19,22:25:27
25-Apr-19,22:25:32
25-Apr-19,22:25:38
25-Apr-19,22:25:38
25-Apr-19,22:25:42
25-Apr-19,22:25:43
25-Apr-19,22:25:43
25-Apr-19,22:25:47
25-Apr-19,22:25:48
25-Apr-19,22:25:48
25-Apr-19,22:25:52
25-Apr-19,22:25:53
25-Apr-19,22:25:53
25-Apr-19,22:25:58
25-Apr-19,22:25:58
25-Apr-19,22:26:02
25-Apr-19,22:26:07
25-Apr-19,22:26:08
25-Apr-19,22:26:08
25-Apr-19,22:26:12
25-Apr-19,22:26:13
25-Apr-19,22:26:13
25-Apr-19,22:26:17
25-Apr-19,22:26:18
25-Apr-19,22:26:18
25-Apr-19,22:26:23
25-Apr-19,22:26:23
25-Apr-19,22:26:28
25-Apr-19,22:26:28
25-Apr-19,22:26:32
25-Apr-19,22:26:37
25-Apr-19,22:26:43
25-Apr-19,22:26:43
25-Apr-19,22:26:47
25-Apr-19,22:26:48
25-Apr-19,22:26:48
25-Apr-19,22:26:53
25-Apr-19,22:26:53
25-Apr-19,22:27:02
25-Apr-19,22:27:03
25-Apr-19,22:27:03
25-Apr-19,22:27:07
25-Apr-19,22:27:13
25-Apr-19,22:27:13
25-Apr-19,22:27:17
25-Apr-19,22:27:18
25-Apr-19,22:27:18
25-Apr-19,22:27:22
25-Apr-19,22:27:23
25-Apr-19,22:27:23
25-Apr-19,22:27:28
25-Apr-19,22:27:28
25-Apr-19,22:27:32
25-Apr-19,22:27:33
25-Apr-19,22:27:33
25-Apr-19,22:27:37
25-Apr-19,22:27:38
25-Apr-19,22:27:38
25-Apr-19,22:27:42
25-Apr-19,22:27:43
25-Apr-19,22:27:43
25-Apr-19,22:27:47
25-Apr-19,22:27:48
25-Apr-19,22:27:48
25-Apr-19,22:27:52
25-Apr-19,22:27:53
25-Apr-19,22:27:53
25-Apr-19,22:27:58
25-Apr-19,22:27:58
25-Apr-19,22:28:02
25-Apr-19,22:28:07
25-Apr-19,22:28:12
25-Apr-19,22:28:17
25-Apr-19,22:28:18
25-Apr-19,22:28:18
25-Apr-19,22:28:22
25-Apr-19,22:28:23
25-Apr-19,22:28:23
25-Apr-19,22:28:28
25-Apr-19,22:28:28
25-Apr-19,22:28:32
25-Apr-19,22:28:37
25-Apr-19,22:28:42
25-Apr-19,22:28:43
25-Apr-19,22:28:43
25-Apr-19,22:28:47
25-Apr-19,22:28:48
25-Apr-19,22:28:48
25-Apr-19,22:28:52
25-Apr-19,22:28:53
25-Apr-19,22:28:53
25-Apr-19,22:28:57
25-Apr-19,22:28:58
25-Apr-19,22:28:58
25-Apr-19,22:29:02
25-Apr-19,22:29:07
25-Apr-19,22:29:08
25-Apr-19,22:29:08
25-Apr-19,22:29:12
25-Apr-19,22:29:13
25-Apr-19,22:29:13
25-Apr-19,22:29:17
25-Apr-19,22:29:18
25-Apr-19,22:29:18
25-Apr-19,22:29:22
25-Apr-19,22:29:23
25-Apr-19,22:29:23
25-Apr-19,22:29:28
25-Apr-19,22:29:28
25-Apr-19,22:29:32
25-Apr-19,22:29:38
25-Apr-19,22:29:38
25-Apr-19,22:29:42
25-Apr-19,22:29:43
25-Apr-19,22:29:43
25-Apr-19,22:29:48
25-Apr-19,22:29:48
25-Apr-19,22:29:52
25-Apr-19,22:29:53
25-Apr-19,22:29:53
25-Apr-19,22:30:02
25-Apr-19,22:30:08
25-Apr-19,22:30:08
25-Apr-19,22:30:12
25-Apr-19,22:30:13
25-Apr-19,22:30:13
25-Apr-19,22:30:18
25-Apr-19,22:30:18
25-Apr-19,22:30:22
25-Apr-19,22:30:23
25-Apr-19,22:30:23
25-Apr-19,22:30:28
25-Apr-19,22:30:28
25-Apr-19,22:30:32
25-Apr-19,22:30:33
25-Apr-19,22:30:33
25-Apr-19,22:30:38
25-Apr-19,22:30:38
25-Apr-19,22:30:38
25-Apr-19,22:30:43
25-Apr-19,22:30:43
25-Apr-19,22:30:43
25-Apr-19,22:30:48
25-Apr-19,22:30:48
25-Apr-19,22:30:48
25-Apr-19,22:30:53
25-Apr-19,22:30:53
25-Apr-19,22:30:53
25-Apr-19,22:30:58
25-Apr-19,22:30:58
25-Apr-19,22:30:58
25-Apr-19,22:31:03
25-Apr-19,22:31:03
25-Apr-19,22:31:03
25-Apr-19,22:31:13
25-Apr-19,22:31:13
25-Apr-19,22:31:13
25-Apr-19,22:31:18
25-Apr-19,22:31:18
25-Apr-19,22:31:18
25-Apr-19,22:31:23
25-Apr-19,22:31:23
25-Apr-19,22:31:23
25-Apr-19,22:31:28
25-Apr-19,22:31:28
25-Apr-19,22:31:28
25-Apr-19,22:31:38
25-Apr-19,22:31:38
25-Apr-19,22:31:38
25-Apr-19,22:31:43
25-Apr-19,22:31:43
25-Apr-19,22:31:43
25-Apr-19,22:31:53
25-Apr-19,22:31:53
25-Apr-19,22:31:53
25-Apr-19,22:31:58
25-Apr-19,22:31:58
25-Apr-19,22:31:58
25-Apr-19,22:32:08
25-Apr-19,22:32:08
25-Apr-19,22:32:08
25-Apr-19,22:32:13
25-Apr-19,22:32:13
25-Apr-19,22:32:13
25-Apr-19,22:32:18
25-Apr-19,22:32:18
25-Apr-19,22:32:18
25-Apr-19,22:32:23
25-Apr-19,22:32:23
25-Apr-19,22:32:23
25-Apr-19,22:32:28
25-Apr-19,22:32:28
25-Apr-19,22:32:28
25-Apr-19,22:32:43
25-Apr-19,22:32:43
25-Apr-19,22:32:43
25-Apr-19,22:32:48
25-Apr-19,22:32:48
25-Apr-19,22:32:48
25-Apr-19,22:32:53
25-Apr-19,22:32:53
25-Apr-19,22:32:53
25-Apr-19,22:32:58
25-Apr-19,22:32:58
25-Apr-19,22:32:58
25-Apr-19,22:33:08
25-Apr-19,22:33:08
25-Apr-19,22:33:08
25-Apr-19,22:33:13
25-Apr-19,22:33:13
25-Apr-19,22:33:13
25-Apr-19,22:33:18
25-Apr-19,22:33:18
25-Apr-19,22:33:18
25-Apr-19,22:33:23
25-Apr-19,22:33:23
25-Apr-19,22:33:23
25-Apr-19,22:33:28
25-Apr-19,22:33:28
25-Apr-19,22:33:28
25-Apr-19,22:33:38
25-Apr-19,22:33:38
25-Apr-19,22:33:38
25-Apr-19,22:33:43
25-Apr-19,22:33:43
25-Apr-19,22:33:43
25-Apr-19,22:33:48
25-Apr-19,22:33:48
25-Apr-19,22:33:48
25-Apr-19,22:33:53
25-Apr-19,22:33:53
25-Apr-19,22:33:53
25-Apr-19,22:33:58
25-Apr-19,22:33:58
25-Apr-19,22:33:58
25-Apr-19,22:34:08
25-Apr-19,22:34:08
25-Apr-19,22:34:08
25-Apr-19,22:34:13
25-Apr-19,22:34:13
25-Apr-19,22:34:13
25-Apr-19,22:34:23
25-Apr-19,22:34:23
25-Apr-19,22:34:23
25-Apr-19,22:34:38
25-Apr-19,22:34:38
25-Apr-19,22:34:38
25-Apr-19,22:34:43
25-Apr-19,22:34:43
25-Apr-19,22:34:43
25-Apr-19,22:34:48
25-Apr-19,22:34:48
25-Apr-19,22:34:48
25-Apr-19,22:34:53
25-Apr-19,22:34:53
25-Apr-19,22:34:53
25-Apr-19,22:34:58
25-Apr-19,22:34:58
25-Apr-19,22:34:58
25-Apr-19,22:35:18
25-Apr-19,22:35:18
25-Apr-19,22:35:18
25-Apr-19,22:35:23
25-Apr-19,22:35:23
25-Apr-19,22:35:23
25-Apr-19,22:35:28
25-Apr-19,22:35:28
25-Apr-19,22:35:28
25-Apr-19,22:35:38
25-Apr-19,22:35:38
25-Apr-19,22:35:38
25-Apr-19,22:35:43
25-Apr-19,22:35:43
25-Apr-19,22:35:43
25-Apr-19,22:35:53
25-Apr-19,22:35:53
25-Apr-19,22:35:53
25-Apr-19,22:35:58
25-Apr-19,22:35:58
25-Apr-19,22:35:58
25-Apr-19,22:36:08
25-Apr-19,22:36:08
25-Apr-19,22:36:08
25-Apr-19,22:36:13
25-Apr-19,22:36:13
25-Apr-19,22:36:13
25-Apr-19,22:36:18
25-Apr-19,22:36:18
25-Apr-19,22:36:18
25-Apr-19,22:36:23
25-Apr-19,22:36:23
25-Apr-19,22:36:23
25-Apr-19,22:36:28
25-Apr-19,22:36:28
25-Apr-19,22:36:28
25-Apr-19,22:36:38
25-Apr-19,22:36:38
25-Apr-19,22:36:38
25-Apr-19,22:36:48
25-Apr-19,22:36:48
25-Apr-19,22:36:48
25-Apr-19,22:36:53
25-Apr-19,22:36:53
25-Apr-19,22:36:53
25-Apr-19,22:36:58
25-Apr-19,22:36:58
25-Apr-19,22:36:58
25-Apr-19,22:37:03
25-Apr-19,22:37:03
25-Apr-19,22:37:03
25-Apr-19,22:37:08
25-Apr-19,22:37:08
25-Apr-19,22:37:08
25-Apr-19,22:37:13
25-Apr-19,22:37:13
25-Apr-19,22:37:13
25-Apr-19,22:37:18
25-Apr-19,22:37:18
25-Apr-19,22:37:18
25-Apr-19,22:37:23
25-Apr-19,22:37:23
25-Apr-19,22:37:23
25-Apr-19,22:37:28
25-Apr-19,22:37:28
25-Apr-19,22:37:28
25-Apr-19,22:37:38
25-Apr-19,22:37:38
25-Apr-19,22:37:38
25-Apr-19,22:37:43
25-Apr-19,22:37:43
25-Apr-19,22:37:43
25-Apr-19,22:37:48
25-Apr-19,22:37:48
25-Apr-19,22:37:48
25-Apr-19,22:37:53
25-Apr-19,22:37:53
25-Apr-19,22:37:53
25-Apr-19,22:37:58
25-Apr-19,22:37:58
25-Apr-19,22:37:58
28-Apr-19, 08:02:06 
28-Apr-19, 08:02:08 
28-Apr-19, 08:02:09 
28-Apr-19, 08:02:11 
28-Apr-19, 08:02:13 
28-Apr-19, 08:02:14 
28-Apr-19, 08:02:16 
28-Apr-19, 08:02:18 
28-Apr-19, 08:02:19 
28-Apr-19, 08:02:21 
28-Apr-19, 08:02:23 
28-Apr-19, 08:02:24 
28-Apr-19, 08:02:26 
28-Apr-19, 08:02:28 
28-Apr-19, 08:02:29 
28-Apr-19, 08:02:31 
28-Apr-19, 08:02:33 
28-Apr-19, 08:02:34 
28-Apr-19, 08:02:36 
28-Apr-19, 08:02:38 
28-Apr-19, 08:02:39 
28-Apr-19, 08:02:41 
28-Apr-19, 08:02:44 
28-Apr-19, 08:02:48 
28-Apr-19, 08:02:51 
28-Apr-19, 08:02:53 
28-Apr-19, 08:02:54 
28-Apr-19, 08:03:06 
28-Apr-19, 08:03:08 
28-Apr-19, 08:03:09 
28-Apr-19, 08:03:11 
28-Apr-19, 08:03:14 
28-Apr-19, 08:03:14 
28-Apr-19, 08:03:19 
28-Apr-19, 08:03:19 
28-Apr-19, 08:03:21 
28-Apr-19, 08:03:24 
28-Apr-19, 08:03:24 
28-Apr-19, 08:03:26 
28-Apr-19, 08:03:29 
28-Apr-19, 08:03:29 
28-Apr-19, 08:03:31 
28-Apr-19, 08:03:34 
28-Apr-19, 08:03:34 
28-Apr-19, 08:03:36 
28-Apr-19, 08:03:39 
28-Apr-19, 08:03:39 
28-Apr-19, 08:03:41 
28-Apr-19, 08:03:44 
28-Apr-19, 08:03:44 
28-Apr-19, 08:03:46 
28-Apr-19, 08:03:49 
28-Apr-19, 08:03:49 
28-Apr-19, 08:03:51 
28-Apr-19, 08:03:54 
28-Apr-19, 08:03:54 
28-Apr-19, 08:04:04 
28-Apr-19, 08:04:04 
28-Apr-19, 08:04:09 
28-Apr-19, 08:04:09 
28-Apr-19, 08:04:11 
28-Apr-19, 08:04:14 
28-Apr-19, 08:04:14 
28-Apr-19, 08:04:16 
28-Apr-19, 08:04:19 
28-Apr-19, 08:04:19 
28-Apr-19, 08:04:24 
28-Apr-19, 08:04:24 
28-Apr-19, 08:04:26 
28-Apr-19, 08:04:29 
28-Apr-19, 08:04:29 
28-Apr-19, 08:04:34 
28-Apr-19, 08:04:34 
28-Apr-19, 08:04:39 
28-Apr-19, 08:04:39 
28-Apr-19, 08:04:41 
28-Apr-19, 08:04:44 
28-Apr-19, 08:04:44 
28-Apr-19, 08:04:46 
28-Apr-19, 08:04:51 
28-Apr-19, 08:05:04 
28-Apr-19, 08:05:04 
28-Apr-19, 08:05:06 
28-Apr-19, 08:05:09 
28-Apr-19, 08:05:09 
28-Apr-19, 08:05:11 
28-Apr-19, 08:05:14 
28-Apr-19, 08:05:14 
28-Apr-19, 08:05:16 
28-Apr-19, 08:05:19 
28-Apr-19, 08:05:19 
28-Apr-19, 08:05:21 
28-Apr-19, 08:05:24 
28-Apr-19, 08:05:24 
28-Apr-19, 08:05:26 
28-Apr-19, 08:05:29 
28-Apr-19, 08:05:29 
28-Apr-19, 08:05:31 
28-Apr-19, 08:05:34 
28-Apr-19, 08:05:34 
28-Apr-19, 08:05:36 
28-Apr-19, 08:05:39 
28-Apr-19, 08:05:39 
28-Apr-19, 08:05:44 
28-Apr-19, 08:05:44 
28-Apr-19, 08:05:46 
28-Apr-19, 08:05:49 
28-Apr-19, 08:05:49 
28-Apr-19, 08:05:51 
28-Apr-19, 08:05:54 
28-Apr-19, 08:05:54 
28-Apr-19, 08:06:04 
28-Apr-19, 08:06:04 
28-Apr-19, 08:06:06 
28-Apr-19, 08:06:09 
28-Apr-19, 08:06:09 
28-Apr-19, 08:06:11 
28-Apr-19, 08:06:14 
28-Apr-19, 08:06:14 
28-Apr-19, 08:06:16 
28-Apr-19, 08:06:19 
28-Apr-19, 08:06:19 
28-Apr-19, 08:06:24 
28-Apr-19, 08:06:24 
28-Apr-19, 08:06:26 
28-Apr-19, 08:06:29 
28-Apr-19, 08:06:29 
28-Apr-19, 08:06:31 
28-Apr-19, 08:06:34 
28-Apr-19, 08:06:34 
28-Apr-19, 08:06:36 
28-Apr-19, 08:06:39 
28-Apr-19, 08:06:39 
28-Apr-19, 08:06:41 
28-Apr-19, 08:06:44 
28-Apr-19, 08:06:44 
28-Apr-19, 08:06:46 
28-Apr-19, 08:06:49 
28-Apr-19, 08:06:49 
28-Apr-19, 08:06:51 
28-Apr-19, 08:06:54 
28-Apr-19, 08:06:54 
28-Apr-19, 08:07:01 
28-Apr-19, 08:07:04 
28-Apr-19, 08:07:04 
28-Apr-19, 08:07:06 
28-Apr-19, 08:07:09 
28-Apr-19, 08:07:09 
28-Apr-19, 08:07:11 
28-Apr-19, 08:07:14 
28-Apr-19, 08:07:14 
28-Apr-19, 08:07:16 
28-Apr-19, 08:07:19 
28-Apr-19, 08:07:19 
28-Apr-19, 08:07:21 
28-Apr-19, 08:07:24 
28-Apr-19, 08:07:24 
28-Apr-19, 08:07:26 
28-Apr-19, 08:07:29 
28-Apr-19, 08:07:29 
28-Apr-19, 08:07:31 
28-Apr-19, 08:07:37 
28-Apr-19, 08:07:39 
28-Apr-19, 08:07:39 
28-Apr-19, 08:07:42 
28-Apr-19, 08:07:44 
28-Apr-19, 08:07:44 
28-Apr-19, 08:07:47 
28-Apr-19, 13:40:44 
28-Apr-19, 13:40:44 
28-Apr-19, 13:40:47 
28-Apr-19, 13:40:49 
28-Apr-19, 13:40:49 
28-Apr-19, 13:40:52 
28-Apr-19, 13:40:54 
28-Apr-19, 13:40:54 
28-Apr-19, 13:41:02 
28-Apr-19, 13:41:04 
28-Apr-19, 13:41:04 
28-Apr-19, 13:41:07 
28-Apr-19, 13:41:09 
28-Apr-19, 13:41:09 
28-Apr-19, 13:41:12 
28-Apr-19, 13:41:14 
28-Apr-19, 13:41:14 
28-Apr-19, 13:41:17 
28-Apr-19, 13:41:19 
28-Apr-19, 13:41:19 
28-Apr-19, 13:41:22 
28-Apr-19, 13:41:24 
28-Apr-19, 13:41:24 
28-Apr-19, 13:41:27 
28-Apr-19, 13:41:29 
28-Apr-19, 13:41:29 
28-Apr-19, 13:41:37 
28-Apr-19, 13:41:39 
28-Apr-19, 13:41:39 
28-Apr-19, 13:41:42 
28-Apr-19, 13:41:44 
28-Apr-19, 13:41:44 
28-Apr-19, 13:41:49 
28-Apr-19, 13:41:49 
28-Apr-19, 13:42:04 
28-Apr-19, 13:42:04 
28-Apr-19, 13:42:07 
28-Apr-19, 13:42:09 
28-Apr-19, 13:42:09 
28-Apr-19, 13:42:12 
28-Apr-19, 13:42:14 
28-Apr-19, 13:42:14 
28-Apr-19, 13:42:17 
28-Apr-19, 13:42:19 
28-Apr-19, 13:42:19 
28-Apr-19, 13:42:22 
28-Apr-19, 13:42:27 
28-Apr-19, 13:42:29 
28-Apr-19, 13:42:29 
28-Apr-19, 13:42:32 
28-Apr-19, 13:42:34 
28-Apr-19, 13:42:34 
28-Apr-19, 13:42:39 
28-Apr-19, 13:42:39 
28-Apr-19, 13:42:42 
28-Apr-19, 13:42:44 
28-Apr-19, 13:42:44 
28-Apr-19, 13:42:47 
28-Apr-19, 13:42:49 
28-Apr-19, 13:42:49 
28-Apr-19, 13:42:52 
28-Apr-19, 13:42:54 
28-Apr-19, 13:42:54 
28-Apr-19, 13:42:57 
28-Apr-19, 13:43:04 
28-Apr-19, 13:43:04 
28-Apr-19, 13:43:07 
28-Apr-19, 13:43:09 
28-Apr-19, 13:43:09 
28-Apr-19, 13:43:12 
28-Apr-19, 13:43:14 
28-Apr-19, 13:43:14 
28-Apr-19, 13:43:17 
28-Apr-19, 13:43:19 
28-Apr-19, 13:43:19 
28-Apr-19, 13:43:22 
28-Apr-19, 13:43:24 
28-Apr-19, 13:43:24 
28-Apr-19, 13:43:27 
28-Apr-19, 13:43:29 
28-Apr-19, 13:43:29 
28-Apr-19, 13:43:32 
28-Apr-19, 13:43:34 
28-Apr-19, 13:43:34 
28-Apr-19, 13:43:37 
28-Apr-19, 13:43:42 
28-Apr-19, 13:43:44 
28-Apr-19, 13:43:44 
28-Apr-19, 13:43:47 
28-Apr-19, 13:43:49 
28-Apr-19, 13:43:49 
28-Apr-19, 13:43:52 
28-Apr-19, 13:43:54 
28-Apr-19, 13:43:54 
28-Apr-19, 13:44:04 
28-Apr-19, 13:44:04 
28-Apr-19, 13:44:07 
28-Apr-19, 13:44:09 
28-Apr-19, 13:44:09 
28-Apr-19, 13:44:12 
28-Apr-19, 13:44:14 
28-Apr-19, 13:44:14 
28-Apr-19, 13:44:17 
28-Apr-19, 13:44:19 
28-Apr-19, 13:44:19 
28-Apr-19, 13:44:22 
28-Apr-19, 13:44:24 
28-Apr-19, 13:44:24 
28-Apr-19, 13:44:27 
28-Apr-19, 13:44:29 
28-Apr-19, 13:44:29 
28-Apr-19, 13:44:32 
28-Apr-19, 13:44:34 
28-Apr-19, 13:44:34 
28-Apr-19, 13:44:37 
28-Apr-19, 13:44:39 
28-Apr-19, 13:44:39 
28-Apr-19, 13:44:42 
28-Apr-19, 13:44:44 
28-Apr-19, 13:44:44 
28-Apr-19, 13:44:47 
28-Apr-19, 13:44:49 
28-Apr-19, 13:44:49 
28-Apr-19, 13:44:52 
28-Apr-19, 13:44:54 
28-Apr-19, 13:44:54 
28-Apr-19, 13:44:57 
28-Apr-19, 13:45:02 
28-Apr-19, 13:45:04 
28-Apr-19, 13:45:04 
28-Apr-19, 13:45:07 
28-Apr-19, 13:45:09 
28-Apr-19, 13:45:09 
28-Apr-19, 13:45:12 
28-Apr-19, 13:45:14 
28-Apr-19, 13:45:14 
28-Apr-19, 13:45:17 
28-Apr-19, 13:45:19 
28-Apr-19, 13:45:19 
28-Apr-19, 13:45:22 
28-Apr-19, 13:45:24 
28-Apr-19, 13:45:24 
28-Apr-19, 13:45:27 
28-Apr-19, 13:45:29 
28-Apr-19, 13:45:29 
28-Apr-19, 13:45:32 
28-Apr-19, 13:45:34 
28-Apr-19, 13:45:34 
28-Apr-19, 13:45:37 
28-Apr-19, 13:45:39 
28-Apr-19, 13:45:39 
28-Apr-19, 13:45:42 
28-Apr-19, 13:45:44 
28-Apr-19, 13:45:44 
28-Apr-19, 13:45:47 
28-Apr-19, 13:45:49 
28-Apr-19, 13:45:49 
28-Apr-19, 13:45:52 
28-Apr-19, 13:45:54 
28-Apr-19, 13:45:54 
28-Apr-19, 13:46:04 
28-Apr-19, 13:46:04 
28-Apr-19, 13:46:07 
28-Apr-19, 13:46:09 
28-Apr-19, 13:46:09 
28-Apr-19, 13:46:12 
28-Apr-19, 13:46:14 
28-Apr-19, 13:46:14 
28-Apr-19, 13:46:17 
28-Apr-19, 13:46:19 
28-Apr-19, 13:46:19 
28-Apr-19, 13:46:22 
28-Apr-19, 13:46:24 
28-Apr-19, 13:46:24 
28-Apr-19, 13:46:27 
28-Apr-19, 13:46:29 
28-Apr-19, 13:46:29 
28-Apr-19, 13:46:32 
28-Apr-19, 13:46:34 
28-Apr-19, 13:46:34 
28-Apr-19, 13:46:37 
28-Apr-19, 13:46:39 
28-Apr-19, 13:46:39 
28-Apr-19, 13:46:42 
28-Apr-19, 13:46:44 
28-Apr-19, 13:46:44 
28-Apr-19, 13:46:47 
28-Apr-19, 13:46:49 
28-Apr-19, 13:46:49 
28-Apr-19, 13:46:52 
28-Apr-19, 13:46:54 
28-Apr-19, 13:46:54 
28-Apr-19, 13:46:57 
28-Apr-19, 13:47:04 
28-Apr-19, 13:47:04 
28-Apr-19, 13:47:07 
28-Apr-19, 13:47:09 
28-Apr-19, 13:47:09 
28-Apr-19, 13:47:12 
28-Apr-19, 13:47:14 
28-Apr-19, 13:47:14 
28-Apr-19, 13:47:17 
28-Apr-19, 13:47:19 
28-Apr-19, 13:47:19 
28-Apr-19, 13:47:22 
28-Apr-19, 13:47:24 
28-Apr-19, 13:47:24 
28-Apr-19, 13:47:27 
28-Apr-19, 13:47:29 
28-Apr-19, 13:47:29 
28-Apr-19, 13:47:32 
28-Apr-19, 13:47:34 
28-Apr-19, 13:47:34 
28-Apr-19, 13:47:37 
28-Apr-19, 13:47:39 
28-Apr-19, 13:47:39 
28-Apr-19, 13:47:42 
28-Apr-19, 13:47:44 
28-Apr-19, 13:47:44 
28-Apr-19, 13:47:47 
28-Apr-19, 13:47:49 
28-Apr-19, 13:47:49 
28-Apr-19, 13:47:52 
28-Apr-19, 13:47:54 
28-Apr-19, 13:47:54 
28-Apr-19, 13:47:57 
28-Apr-19, 13:48:02 
28-Apr-19, 13:48:04 
28-Apr-19, 13:48:04 
28-Apr-19, 13:48:07 
28-Apr-19, 13:48:09 
28-Apr-19, 13:48:09 
28-Apr-19, 13:48:12 
28-Apr-19, 13:48:14 
28-Apr-19, 13:48:14 
28-Apr-19, 13:48:17 
28-Apr-19, 13:48:19 
28-Apr-19, 13:48:19 
28-Apr-19, 13:48:22 
28-Apr-19, 13:48:24 
28-Apr-19, 13:48:24 
28-Apr-19, 13:48:27 
28-Apr-19, 13:48:29 
28-Apr-19, 13:48:29 
28-Apr-19, 13:48:32 
28-Apr-19, 13:48:34 
28-Apr-19, 13:48:34 
28-Apr-19, 13:48:37 
28-Apr-19, 13:48:39 
28-Apr-19, 13:48:39 
28-Apr-19, 13:48:42 
28-Apr-19, 13:48:44 
28-Apr-19, 13:48:44 
28-Apr-19, 13:48:47 
28-Apr-19, 13:48:49 
28-Apr-19, 13:48:49 
28-Apr-19, 13:48:52 
28-Apr-19, 13:48:54 
28-Apr-19, 13:48:54 
28-Apr-19, 13:49:02 
28-Apr-19, 13:49:04 
28-Apr-19, 13:49:04 
28-Apr-19, 13:49:07 
28-Apr-19, 13:49:09 
28-Apr-19, 13:49:09 
28-Apr-19, 13:49:14 
28-Apr-19, 13:49:14 
28-Apr-19, 13:49:17 
28-Apr-19, 13:49:19 
28-Apr-19, 13:49:19 
28-Apr-19, 13:49:22 
28-Apr-19, 13:49:24 
28-Apr-19, 13:49:24 
28-Apr-19, 13:49:27 
28-Apr-19, 13:49:29 
28-Apr-19, 13:49:29 
28-Apr-19, 13:49:32 
28-Apr-19, 13:49:34 
28-Apr-19, 13:49:34 
28-Apr-19, 13:49:37 
28-Apr-19, 13:49:39 
28-Apr-19, 13:49:39 
28-Apr-19, 13:49:42 
28-Apr-19, 13:49:44 
28-Apr-19, 13:49:44 
28-Apr-19, 13:49:47 
28-Apr-19, 13:49:49 
28-Apr-19, 13:49:49 
28-Apr-19, 13:49:52 
28-Apr-19, 13:49:54 
28-Apr-19, 13:49:54 
28-Apr-19, 13:50:02 
28-Apr-19, 13:50:04 
28-Apr-19, 13:50:04 
28-Apr-19, 13:50:07 
28-Apr-19, 13:50:09 
28-Apr-19, 13:50:09 
28-Apr-19, 13:50:12 
28-Apr-19, 13:50:14 
28-Apr-19, 13:50:14 
28-Apr-19, 13:50:17 
28-Apr-19, 13:50:19 
28-Apr-19, 13:50:19 
28-Apr-19, 13:50:22 
28-Apr-19, 13:50:24 
28-Apr-19, 13:50:24 
28-Apr-19, 13:50:27 
28-Apr-19, 13:50:29 
28-Apr-19, 13:50:29 
28-Apr-19, 13:50:32 
28-Apr-19, 13:50:34 
28-Apr-19, 13:50:34 
28-Apr-19, 13:50:37 
28-Apr-19, 13:50:42 
28-Apr-19, 13:50:44 
28-Apr-19, 13:50:44 
28-Apr-19, 13:50:47 
28-Apr-19, 13:50:49 
28-Apr-19, 13:50:49 
28-Apr-19, 13:50:52 
28-Apr-19, 13:50:54 
28-Apr-19, 13:50:54 
28-Apr-19, 13:51:02 
28-Apr-19, 13:51:04 
28-Apr-19, 13:51:04 
28-Apr-19, 13:51:07 
28-Apr-19, 13:51:09 
28-Apr-19, 13:51:09 
28-Apr-19, 13:51:12 
28-Apr-19, 13:51:14 
28-Apr-19, 13:51:14 
28-Apr-19, 13:51:17 
28-Apr-19, 13:51:19 
28-Apr-19, 13:51:19 
28-Apr-19, 13:51:22 
28-Apr-19, 13:51:24 
28-Apr-19, 13:51:24 
28-Apr-19, 13:51:29 
28-Apr-19, 13:51:29 
28-Apr-19, 13:51:32 
28-Apr-19, 13:51:34 
28-Apr-19, 13:51:34 
28-Apr-19, 13:51:37 
28-Apr-19, 13:51:39 
28-Apr-19, 13:51:39 
28-Apr-19, 13:51:42 
28-Apr-19, 13:51:44 
28-Apr-19, 13:51:44 
28-Apr-19, 13:51:47 
28-Apr-19, 13:51:49 
28-Apr-19, 13:51:49 
28-Apr-19, 13:51:52 
28-Apr-19, 13:51:54 
28-Apr-19, 13:51:54 
28-Apr-19, 13:52:02 
28-Apr-19, 13:52:07 
28-Apr-19, 13:52:09 
28-Apr-19, 13:52:09 
28-Apr-19, 13:52:12 
28-Apr-19, 13:52:14 
28-Apr-19, 13:52:14 
28-Apr-19, 13:52:19 
28-Apr-19, 13:52:19 
28-Apr-19, 13:52:22 
28-Apr-19, 13:52:29 
28-Apr-19, 13:52:29 
28-Apr-19, 13:52:32 
28-Apr-19, 13:52:34 
28-Apr-19, 13:52:34 
28-Apr-19, 13:52:37 
28-Apr-19, 13:52:39 
28-Apr-19, 13:52:39 
28-Apr-19, 13:52:42 
28-Apr-19, 13:52:44 
28-Apr-19, 13:52:44 
28-Apr-19, 13:52:47 
28-Apr-19, 13:52:49 
28-Apr-19, 13:52:49 
28-Apr-19, 13:52:52 
28-Apr-19, 13:52:54 
28-Apr-19, 13:52:54 
28-Apr-19, 13:53:02 
28-Apr-19, 13:53:04 
28-Apr-19, 13:53:04 
28-Apr-19, 13:53:07 
28-Apr-19, 13:53:09 
28-Apr-19, 13:53:09 
28-Apr-19, 13:53:12 
28-Apr-19, 13:53:14 
28-Apr-19, 13:53:14 
28-Apr-19, 13:53:17 
28-Apr-19, 13:53:19 
28-Apr-19, 13:53:19 
28-Apr-19, 13:53:22 
28-Apr-19, 13:53:24 
28-Apr-19, 13:53:24 
28-Apr-19, 13:53:27 
28-Apr-19, 13:53:29 
28-Apr-19, 13:53:29 
28-Apr-19, 13:53:32 
28-Apr-19, 13:53:34 
28-Apr-19, 13:53:34 
28-Apr-19, 13:53:37 
28-Apr-19, 13:53:39 
28-Apr-19, 13:53:39 
28-Apr-19, 13:53:42 
28-Apr-19, 13:53:44 
28-Apr-19, 13:53:44 
28-Apr-19, 13:53:47 
28-Apr-19, 13:53:49 
28-Apr-19, 13:53:49 
28-Apr-19, 13:53:52 
28-Apr-19, 13:53:54 
28-Apr-19, 13:53:54 
28-Apr-19, 13:54:02 
28-Apr-19, 13:54:04 
28-Apr-19, 13:54:04 
28-Apr-19, 13:54:07 
28-Apr-19, 13:54:09 
28-Apr-19, 13:54:09 
28-Apr-19, 13:54:12 
28-Apr-19, 13:54:14 
28-Apr-19, 13:54:14 
28-Apr-19, 13:54:17 
28-Apr-19, 13:54:19 
28-Apr-19, 13:54:19 
28-Apr-19, 13:54:22 
28-Apr-19, 13:54:24 
28-Apr-19, 13:54:24 
28-Apr-19, 13:54:27 
28-Apr-19, 13:54:29 
28-Apr-19, 13:54:29 
28-Apr-19, 13:54:32 
28-Apr-19, 13:54:34 
28-Apr-19, 13:54:34 
28-Apr-19, 13:54:37 
28-Apr-19, 13:54:39 
28-Apr-19, 13:54:39 
28-Apr-19, 13:54:42 
28-Apr-19, 13:54:44 
28-Apr-19, 13:54:44 
28-Apr-19, 13:54:47 
28-Apr-19, 13:54:49 
28-Apr-19, 13:54:49 
28-Apr-19, 13:54:52 
28-Apr-19, 13:55:02 
28-Apr-19, 13:55:04 
28-Apr-19, 13:55:04 
28-Apr-19, 13:55:09 
28-Apr-19, 13:55:09 
28-Apr-19, 13:55:12 
28-Apr-19, 13:55:14 
28-Apr-19, 13:55:14 
28-Apr-19, 13:55:17 
28-Apr-19, 13:55:19 
28-Apr-19, 13:55:19 
28-Apr-19, 13:55:22 
28-Apr-19, 13:55:24 
28-Apr-19, 13:55:24 
28-Apr-19, 13:55:27 
28-Apr-19, 13:55:29 
28-Apr-19, 13:55:29 
28-Apr-19, 13:55:32 
28-Apr-19, 13:55:37 
28-Apr-19, 13:55:39 
28-Apr-19, 13:55:39 
28-Apr-19, 13:55:42 
28-Apr-19, 13:55:44 
28-Apr-19, 13:55:44 
28-Apr-19, 13:55:47 
28-Apr-19, 13:55:49 
28-Apr-19, 13:55:49 
28-Apr-19, 13:55:52 
28-Apr-19, 13:56:02 
28-Apr-19, 13:56:07 
28-Apr-19, 13:56:09 
28-Apr-19, 13:56:09 
28-Apr-19, 13:56:12 
28-Apr-19, 13:56:14 
28-Apr-19, 13:56:14 
28-Apr-19, 13:56:17 
28-Apr-19, 13:56:19 
28-Apr-19, 13:56:19 
28-Apr-19, 13:56:22 
28-Apr-19, 13:56:24 
28-Apr-19, 13:56:24 
28-Apr-19, 13:56:27 
28-Apr-19, 13:56:29 
28-Apr-19, 13:56:29 
28-Apr-19, 13:56:32 
28-Apr-19, 13:56:34 
28-Apr-19, 13:56:34 
28-Apr-19, 13:56:37 
28-Apr-19, 13:56:39 
28-Apr-19, 13:56:39 
28-Apr-19, 13:56:42 
28-Apr-19, 13:56:44 
28-Apr-19, 13:56:44 
28-Apr-19, 13:56:47 
28-Apr-19, 13:56:49 
28-Apr-19, 13:56:49 
28-Apr-19, 13:56:52 
28-Apr-19, 13:56:54 
28-Apr-19, 13:56:54 
28-Apr-19, 13:57:02 
28-Apr-19, 13:57:04 
28-Apr-19, 13:57:04 
28-Apr-19, 13:57:07 
28-Apr-19, 13:57:09 
28-Apr-19, 13:57:09 
28-Apr-19, 13:57:12 
28-Apr-19, 13:57:14 
28-Apr-19, 13:57:14 
28-Apr-19, 13:57:17 
28-Apr-19, 13:57:19 
28-Apr-19, 13:57:19 
28-Apr-19, 13:57:22 
28-Apr-19, 13:57:24 
28-Apr-19, 13:57:24 
28-Apr-19, 13:57:27 
28-Apr-19, 13:57:29 
28-Apr-19, 13:57:29 
28-Apr-19, 13:57:32 
28-Apr-19, 13:57:34 
28-Apr-19, 13:57:34 
28-Apr-19, 13:57:39 
28-Apr-19, 13:57:39 
28-Apr-19, 13:57:42 
28-Apr-19, 13:57:44 
28-Apr-19, 13:57:44 
28-Apr-19, 13:57:47 
28-Apr-19, 13:57:49 
28-Apr-19, 13:57:49 
28-Apr-19, 13:57:52 
28-Apr-19, 13:57:54 
28-Apr-19, 13:57:54 
28-Apr-19, 13:57:59 
28-Apr-19, 13:57:59 
28-Apr-19, 13:58:04 
28-Apr-19, 13:58:04 
28-Apr-19, 13:58:07 
28-Apr-19, 13:58:09 
28-Apr-19, 13:58:09 
28-Apr-19, 13:58:14 
28-Apr-19, 13:58:14 
28-Apr-19, 13:58:17 
28-Apr-19, 13:58:19 
28-Apr-19, 13:58:19 
28-Apr-19, 13:58:22 
28-Apr-19, 13:58:27 
28-Apr-19, 13:58:29 
28-Apr-19, 13:58:29 
28-Apr-19, 13:58:32 
28-Apr-19, 13:58:34 
28-Apr-19, 13:58:34 
28-Apr-19, 13:58:37 
28-Apr-19, 13:58:39 
28-Apr-19, 13:58:39 
28-Apr-19, 13:58:42 
28-Apr-19, 13:58:44 
28-Apr-19, 13:58:44 
28-Apr-19, 13:58:47 
28-Apr-19, 13:58:49 
28-Apr-19, 13:58:49 
28-Apr-19, 13:58:52 
28-Apr-19, 13:58:54 
28-Apr-19, 13:58:54 
28-Apr-19, 13:59:02 
28-Apr-19, 13:59:04 
28-Apr-19, 13:59:04 
28-Apr-19, 13:59:07 
28-Apr-19, 13:59:09 
28-Apr-19, 13:59:09 
28-Apr-19, 13:59:12 
28-Apr-19, 13:59:14 
28-Apr-19, 13:59:14 
28-Apr-19, 13:59:17 
28-Apr-19, 13:59:19 
28-Apr-19, 13:59:19 
28-Apr-19, 13:59:22 
28-Apr-19, 13:59:24 
28-Apr-19, 13:59:24 
28-Apr-19, 13:59:27 
28-Apr-19, 13:59:29 
28-Apr-19, 13:59:29 
28-Apr-19, 13:59:32 
28-Apr-19, 13:59:34 
28-Apr-19, 13:59:34 
28-Apr-19, 13:59:37 
28-Apr-19, 13:59:39 
28-Apr-19, 13:59:39 
28-Apr-19, 11:47:45 
28-Apr-19, 11:47:47 
28-Apr-19, 11:47:47 
28-Apr-19, 11:47:50 
28-Apr-19, 11:47:52 
28-Apr-19, 11:47:52 
28-Apr-19, 11:48:02 
28-Apr-19, 11:48:02 
28-Apr-19, 11:48:05 
28-Apr-19, 11:48:07 
28-Apr-19, 11:48:07 
28-Apr-19, 11:48:10 
28-Apr-19, 11:48:12 
28-Apr-19, 11:48:12 
28-Apr-19, 11:48:17 
28-Apr-19, 11:48:17 
28-Apr-19, 11:48:20 
28-Apr-19, 11:48:22 
28-Apr-19, 11:48:22 
28-Apr-19, 11:48:25 
28-Apr-19, 11:48:27 
28-Apr-19, 11:48:27 
28-Apr-19, 11:48:35 
28-Apr-19, 11:48:37 
28-Apr-19, 11:48:37 
28-Apr-19, 11:48:40 
28-Apr-19, 11:48:42 
28-Apr-19, 11:48:42 
28-Apr-19, 11:48:50 
28-Apr-19, 11:48:52 
28-Apr-19, 11:48:52 
28-Apr-19, 11:48:55 
28-Apr-19, 11:49:05 
28-Apr-19, 11:49:07 
28-Apr-19, 11:49:07 
28-Apr-19, 11:49:10 
28-Apr-19, 11:49:12 
28-Apr-19, 11:49:12 
28-Apr-19, 11:49:20 
28-Apr-19, 11:49:22 
28-Apr-19, 11:49:22 
28-Apr-19, 11:49:25 
28-Apr-19, 11:49:27 
28-Apr-19, 11:49:27 
28-Apr-19, 11:49:35 
28-Apr-19, 11:49:37 
28-Apr-19, 11:49:37 
28-Apr-19, 11:49:40 
28-Apr-19, 11:49:42 
28-Apr-19, 11:49:42 
28-Apr-19, 11:49:50 
28-Apr-19, 11:49:52 
28-Apr-19, 11:49:52 
28-Apr-19, 11:49:55 
28-Apr-19, 11:50:05 
28-Apr-19, 11:50:07 
28-Apr-19, 11:50:07 
28-Apr-19, 11:50:10 
28-Apr-19, 11:50:12 
28-Apr-19, 11:50:12 
28-Apr-19, 11:50:20 
28-Apr-19, 11:50:22 
28-Apr-19, 11:50:22 
28-Apr-19, 11:50:25 
28-Apr-19, 11:50:27 
28-Apr-19, 11:50:27 
28-Apr-19, 11:50:30 
28-Apr-19, 11:50:32 
28-Apr-19, 11:50:32 
28-Apr-19, 11:50:35 
28-Apr-19, 11:50:37 
28-Apr-19, 11:50:37 
28-Apr-19, 11:50:40 
28-Apr-19, 11:50:42 
28-Apr-19, 11:50:42 
28-Apr-19, 11:50:45 
28-Apr-19, 11:50:47 
28-Apr-19, 11:50:47 
28-Apr-19, 11:50:50 
28-Apr-19, 11:50:52 
28-Apr-19, 11:50:52 
28-Apr-19, 11:50:55 
28-Apr-19, 11:51:00 
28-Apr-19, 11:51:02 
28-Apr-19, 11:51:02 
28-Apr-19, 11:51:05 
28-Apr-19, 11:51:07 
28-Apr-19, 11:51:07 
28-Apr-19, 11:51:10 
28-Apr-19, 11:51:12 
28-Apr-19, 11:51:12 
28-Apr-19, 11:51:15 
28-Apr-19, 11:51:17 
28-Apr-19, 11:51:17 
28-Apr-19, 11:51:20 
28-Apr-19, 11:51:22 
28-Apr-19, 11:51:22 
28-Apr-19, 11:51:25 
28-Apr-19, 11:51:27 
28-Apr-19, 11:51:27 
28-Apr-19, 11:51:30 
28-Apr-19, 11:51:32 
28-Apr-19, 11:51:32 
28-Apr-19, 11:51:35 
28-Apr-19, 11:51:37 
28-Apr-19, 11:51:37 
28-Apr-19, 11:51:40 
28-Apr-19, 11:51:42 
28-Apr-19, 11:51:42 
28-Apr-19, 11:51:45 
28-Apr-19, 11:51:50 
28-Apr-19, 11:51:52 
28-Apr-19, 11:51:52 
28-Apr-19, 11:51:55 
28-Apr-19, 11:52:00 
28-Apr-19, 11:52:02 
28-Apr-19, 11:52:02 
28-Apr-19, 11:52:05 
28-Apr-19, 11:52:07 
28-Apr-19, 11:52:07 
28-Apr-19, 11:52:12 
28-Apr-19, 11:52:12 
28-Apr-19, 11:52:15 
28-Apr-19, 11:52:20 
28-Apr-19, 11:52:22 
28-Apr-19, 11:52:22 
28-Apr-19, 11:52:25 
28-Apr-19, 11:52:27 
28-Apr-19, 11:52:27 
28-Apr-19, 11:52:30 
28-Apr-19, 11:52:32 
28-Apr-19, 11:52:32 
28-Apr-19, 11:52:37 
28-Apr-19, 11:52:37 
28-Apr-19, 11:52:40 
28-Apr-19, 11:52:42 
28-Apr-19, 11:52:42 
28-Apr-19, 11:52:45 
28-Apr-19, 11:52:47 
28-Apr-19, 11:52:47 
28-Apr-19, 11:52:50 
28-Apr-19, 11:52:52 
28-Apr-19, 11:52:52 
28-Apr-19, 11:52:55 
28-Apr-19, 11:53:00 
28-Apr-19, 11:53:02 
28-Apr-19, 11:53:02 
28-Apr-19, 11:53:05 
28-Apr-19, 11:53:07 
28-Apr-19, 11:53:07 
28-Apr-19, 11:53:10 
28-Apr-19, 11:53:12 
28-Apr-19, 11:53:12 
28-Apr-19, 11:53:15 
28-Apr-19, 11:53:17 
28-Apr-19, 11:53:17 
28-Apr-19, 11:53:22 
28-Apr-19, 11:53:22 
28-Apr-19, 11:53:25 
28-Apr-19, 11:53:27 
28-Apr-19, 11:53:27 
28-Apr-19, 11:53:30 
28-Apr-19, 11:53:35 
28-Apr-19, 11:53:37 
28-Apr-19, 11:53:37 
28-Apr-19, 11:53:40 
28-Apr-19, 11:53:42 
28-Apr-19, 11:53:42 
28-Apr-19, 11:53:45 
28-Apr-19, 11:53:47 
28-Apr-19, 11:53:47 
28-Apr-19, 11:53:50 
28-Apr-19, 11:53:52 
28-Apr-19, 11:53:52 
28-Apr-19, 11:53:55 
28-Apr-19, 11:54:02 
28-Apr-19, 11:54:02 
28-Apr-19, 11:54:05 
28-Apr-19, 11:54:07 
28-Apr-19, 11:54:07 
28-Apr-19, 11:54:10 
28-Apr-19, 11:54:12 
28-Apr-19, 11:54:12 
28-Apr-19, 11:54:15 
28-Apr-19, 11:54:17 
28-Apr-19, 11:54:17 
28-Apr-19, 11:54:20 
28-Apr-19, 11:54:22 
28-Apr-19, 11:54:22 
28-Apr-19, 11:54:25 
28-Apr-19, 11:54:27 
28-Apr-19, 11:54:27 
28-Apr-19, 11:54:30 
28-Apr-19, 11:54:32 
28-Apr-19, 11:54:32 
28-Apr-19, 11:54:35 
28-Apr-19, 11:54:37 
28-Apr-19, 11:54:37 
28-Apr-19, 11:54:40 
28-Apr-19, 11:54:42 
28-Apr-19, 11:54:42 
28-Apr-19, 11:54:45 
28-Apr-19, 11:54:47 
28-Apr-19, 11:54:47 
28-Apr-19, 11:54:50 
28-Apr-19, 11:54:52 
28-Apr-19, 11:54:52 
28-Apr-19, 11:54:55 
28-Apr-19, 11:55:02 
28-Apr-19, 11:55:02 
28-Apr-19, 11:55:07 
28-Apr-19, 11:55:07 
28-Apr-19, 11:55:10 
28-Apr-19, 11:55:12 
28-Apr-19, 11:55:12 
28-Apr-19, 11:55:15 
28-Apr-19, 11:55:20 
28-Apr-19, 11:55:22 
28-Apr-19, 11:55:22 
28-Apr-19, 11:55:25 
28-Apr-19, 11:55:27 
28-Apr-19, 11:55:27 
28-Apr-19, 11:55:30 
28-Apr-19, 11:55:32 
28-Apr-19, 11:55:32 
28-Apr-19, 11:55:35 
28-Apr-19, 11:55:37 
28-Apr-19, 11:55:37 
28-Apr-19, 11:55:40 
28-Apr-19, 11:55:42 
28-Apr-19, 11:55:42 
28-Apr-19, 11:55:45 
28-Apr-19, 11:55:47 
28-Apr-19, 11:55:47 
28-Apr-19, 11:55:50 
28-Apr-19, 11:55:52 
28-Apr-19, 11:55:52 
28-Apr-19, 11:55:55 
28-Apr-19, 11:56:02 
28-Apr-19, 11:56:02 
28-Apr-19, 11:56:05 
28-Apr-19, 11:56:07 
28-Apr-19, 11:56:07 
28-Apr-19, 11:56:10 
28-Apr-19, 11:56:15 
28-Apr-19, 11:56:17 
28-Apr-19, 11:56:17 
28-Apr-19, 11:56:20 
28-Apr-19, 11:56:22 
28-Apr-19, 11:56:22 
28-Apr-19, 11:56:25 
28-Apr-19, 11:56:27 
28-Apr-19, 11:56:27 
28-Apr-19, 11:56:30 
28-Apr-19, 11:56:32 
28-Apr-19, 11:56:32 
28-Apr-19, 11:56:35 
28-Apr-19, 11:56:40 
28-Apr-19, 11:56:42 
28-Apr-19, 11:56:42 
28-Apr-19, 11:56:45 
28-Apr-19, 11:56:47 
28-Apr-19, 11:56:47 
28-Apr-19, 11:56:52 
28-Apr-19, 11:56:52 
28-Apr-19, 11:56:55 
28-Apr-19, 11:57:05 
28-Apr-19, 11:57:07 
28-Apr-19, 11:57:07 
28-Apr-19, 11:57:10 
28-Apr-19, 11:57:12 
28-Apr-19, 11:57:12 
28-Apr-19, 11:57:15 
28-Apr-19, 11:57:17 
28-Apr-19, 11:57:17 
28-Apr-19, 11:57:20 
28-Apr-19, 11:57:22 
28-Apr-19, 11:57:22 
28-Apr-19, 11:57:25 
28-Apr-19, 11:57:27 
28-Apr-19, 11:57:27 
28-Apr-19, 11:57:30 
28-Apr-19, 11:57:32 
28-Apr-19, 11:57:32 
28-Apr-19, 11:57:35 
28-Apr-19, 11:57:37 
28-Apr-19, 11:57:37 
28-Apr-19, 11:57:40 
28-Apr-19, 11:57:42 
28-Apr-19, 11:57:42 
28-Apr-19, 11:57:45 
28-Apr-19, 11:57:47 
28-Apr-19, 11:57:47 
28-Apr-19, 11:57:50 
28-Apr-19, 11:57:52 
28-Apr-19, 11:57:52 
28-Apr-19, 11:57:55 
28-Apr-19, 11:58:00 
28-Apr-19, 11:58:02 
28-Apr-19, 11:58:02 
28-Apr-19, 11:58:05 
28-Apr-19, 11:58:07 
28-Apr-19, 11:58:07 
28-Apr-19, 11:58:10 
28-Apr-19, 11:58:12 
28-Apr-19, 11:58:12 
28-Apr-19, 11:58:15 
28-Apr-19, 11:58:17 
28-Apr-19, 11:58:17 
28-Apr-19, 11:58:20 
28-Apr-19, 11:58:25 
28-Apr-19, 11:58:27 
28-Apr-19, 11:58:27 
28-Apr-19, 11:58:30 
28-Apr-19, 11:58:32 
28-Apr-19, 11:58:32 
28-Apr-19, 12:01:12 
28-Apr-19, 12:01:12 
28-Apr-19, 12:01:15 
28-Apr-19, 12:01:17 
28-Apr-19, 12:01:17 
28-Apr-19, 12:01:20 
28-Apr-19, 12:01:25 
28-Apr-19, 12:01:27 
28-Apr-19, 12:01:27 
28-Apr-19, 12:01:30 
28-Apr-19, 12:01:32 
28-Apr-19, 12:01:32 
28-Apr-19, 12:01:37 
28-Apr-19, 12:01:37 
28-Apr-19, 12:01:40 
28-Apr-19, 12:01:42 
28-Apr-19, 12:01:42 
28-Apr-19, 12:01:45 
28-Apr-19, 12:01:47 
28-Apr-19, 12:01:47 
28-Apr-19, 12:01:50 
28-Apr-19, 12:01:52 
28-Apr-19, 12:01:52 
28-Apr-19, 12:01:55 
28-Apr-19, 12:02:05 
28-Apr-19, 12:02:07 
28-Apr-19, 12:02:07 
28-Apr-19, 12:02:10 
28-Apr-19, 12:02:12 
28-Apr-19, 12:02:12 
28-Apr-19, 12:02:17 
28-Apr-19, 12:02:17 
28-Apr-19, 12:02:20 
28-Apr-19, 12:02:22 
28-Apr-19, 12:02:22 
28-Apr-19, 12:02:25 
28-Apr-19, 12:02:27 
28-Apr-19, 12:02:27 
28-Apr-19, 12:02:30 
28-Apr-19, 12:02:32 
28-Apr-19, 12:02:32 
28-Apr-19, 12:02:35 
28-Apr-19, 12:02:37 
28-Apr-19, 12:02:37 
28-Apr-19, 12:02:40 
28-Apr-19, 12:02:45 
28-Apr-19, 12:02:47 
28-Apr-19, 12:02:47 
28-Apr-19, 12:02:50 
28-Apr-19, 12:02:52 
28-Apr-19, 12:02:52 
28-Apr-19, 12:03:00 
28-Apr-19, 12:03:02 
28-Apr-19, 12:03:02 
28-Apr-19, 12:03:05 
28-Apr-19, 12:03:10 
28-Apr-19, 12:03:12 
28-Apr-19, 12:03:12 
28-Apr-19, 12:03:15 
28-Apr-19, 12:03:17 
28-Apr-19, 12:03:17 
28-Apr-19, 12:03:22 
28-Apr-19, 12:03:22 
28-Apr-19, 12:03:25 
28-Apr-19, 12:03:27 
28-Apr-19, 12:03:27 
28-Apr-19, 12:03:30 
28-Apr-19, 12:03:32 
28-Apr-19, 12:03:32 
28-Apr-19, 12:03:35 
28-Apr-19, 12:03:37 
28-Apr-19, 12:03:37 
28-Apr-19, 12:03:40 
28-Apr-19, 12:03:42 
28-Apr-19, 12:03:42 
28-Apr-19, 12:03:45 
28-Apr-19, 12:03:50 
28-Apr-19, 12:03:52 
28-Apr-19, 12:03:52 
28-Apr-19, 12:03:55 
28-Apr-19, 12:04:05 
28-Apr-19, 12:04:07 
28-Apr-19, 12:04:07 
28-Apr-19, 12:04:12 
28-Apr-19, 12:04:12 
28-Apr-19, 12:04:15 
28-Apr-19, 12:04:17 
28-Apr-19, 12:04:17 
28-Apr-19, 12:04:20 
28-Apr-19, 12:04:22 
28-Apr-19, 12:04:22 
28-Apr-19, 12:04:25 
28-Apr-19, 12:04:30 
28-Apr-19, 12:04:32 
28-Apr-19, 12:04:32 
28-Apr-19, 12:04:35 
28-Apr-19, 12:04:37 
28-Apr-19, 12:04:37 
28-Apr-19, 12:04:42 
28-Apr-19, 12:04:42 
28-Apr-19, 12:04:45 
28-Apr-19, 12:04:47 
28-Apr-19, 12:04:47 
28-Apr-19, 12:04:50 
28-Apr-19, 12:04:55 
28-Apr-19, 12:05:02 
28-Apr-19, 12:05:02 
28-Apr-19, 12:05:07 
28-Apr-19, 12:05:07 
28-Apr-19, 12:05:10 
28-Apr-19, 12:05:12 
28-Apr-19, 12:05:12 
28-Apr-19, 12:05:15 
28-Apr-19, 12:05:17 
28-Apr-19, 12:05:17 
28-Apr-19, 12:05:20 
28-Apr-19, 12:05:22 
28-Apr-19, 12:05:22 
28-Apr-19, 12:05:25 
28-Apr-19, 12:05:27 
28-Apr-19, 12:05:27 
28-Apr-19, 12:05:30 
28-Apr-19, 12:05:35 
28-Apr-19, 12:05:37 
28-Apr-19, 12:05:37 
28-Apr-19, 12:05:42 
28-Apr-19, 12:05:42 
28-Apr-19, 12:05:47 
28-Apr-19, 12:05:48 
28-Apr-19, 12:05:50 
28-Apr-19, 12:05:53 
28-Apr-19, 12:05:53 
28-Apr-19, 12:05:55 
28-Apr-19, 12:06:03 
28-Apr-19, 12:06:03 
28-Apr-19, 12:06:05 
28-Apr-19, 12:06:10 
28-Apr-19, 12:06:13 
28-Apr-19, 12:06:13 
28-Apr-19, 12:06:15 
28-Apr-19, 12:06:18 
28-Apr-19, 12:06:18 
28-Apr-19, 12:06:20 
28-Apr-19, 12:06:23 
28-Apr-19, 12:06:23 
28-Apr-19, 12:06:28 
28-Apr-19, 12:06:28 
28-Apr-19, 12:06:30 
28-Apr-19, 12:06:33 
28-Apr-19, 12:06:33 
28-Apr-19, 12:06:35 
28-Apr-19, 12:06:40 
28-Apr-19, 12:06:43 
28-Apr-19, 12:06:43 
28-Apr-19, 12:06:45 
28-Apr-19, 12:06:48 
28-Apr-19, 12:06:48 
28-Apr-19, 12:06:53 
28-Apr-19, 12:06:53 
28-Apr-19, 12:06:55 
28-Apr-19, 12:07:00 
28-Apr-19, 12:07:05 
28-Apr-19, 12:07:08 
28-Apr-19, 12:07:08 
28-Apr-19, 12:07:10 
28-Apr-19, 12:07:13 
28-Apr-19, 12:07:13 
28-Apr-19, 12:07:15 
28-Apr-19, 12:07:18 
28-Apr-19, 12:07:18 
28-Apr-19, 12:07:20 
28-Apr-19, 12:07:23 
28-Apr-19, 12:07:23 
28-Apr-19, 12:07:25 
28-Apr-19, 12:07:33 
28-Apr-19, 12:07:33 
28-Apr-19, 12:07:35 
28-Apr-19, 12:07:38 
28-Apr-19, 12:07:38 
28-Apr-19, 12:07:40 
28-Apr-19, 12:07:45 
28-Apr-19, 12:07:48 
28-Apr-19, 12:07:48 
28-Apr-19, 12:07:50 
28-Apr-19, 12:07:53 
28-Apr-19, 12:07:53 
28-Apr-19, 12:07:55 
28-Apr-19, 12:08:03 
28-Apr-19, 12:08:03 
28-Apr-19, 12:08:05 
28-Apr-19, 12:08:08 
28-Apr-19, 12:08:08 
28-Apr-19, 12:08:15 
28-Apr-19, 12:08:18 
28-Apr-19, 12:08:18 
28-Apr-19, 12:08:20 
28-Apr-19, 12:08:25 
28-Apr-19, 12:08:28 
28-Apr-19, 12:08:28 
28-Apr-19, 12:08:30 
28-Apr-19, 12:08:33 
28-Apr-19, 12:08:33 
28-Apr-19, 12:08:53 
28-Apr-19, 12:08:53 
28-Apr-19, 12:08:55 
28-Apr-19, 12:09:00 
28-Apr-19, 12:09:03 
28-Apr-19, 12:09:03 
28-Apr-19, 12:09:08 
28-Apr-19, 12:09:08 
28-Apr-19, 12:09:10 
28-Apr-19, 12:09:13 
28-Apr-19, 12:09:13 
28-Apr-19, 12:09:15 
28-Apr-19, 12:09:20 
28-Apr-19, 12:09:23 
28-Apr-19, 12:09:23 
28-Apr-19, 12:09:25 
28-Apr-19, 12:09:28 
28-Apr-19, 12:09:28 
28-Apr-19, 12:09:30 
28-Apr-19, 12:09:33 
28-Apr-19, 12:09:33 
28-Apr-19, 12:09:35 
28-Apr-19, 12:09:38 
28-Apr-19, 12:09:38 
28-Apr-19, 12:09:40 
28-Apr-19, 12:09:43 
28-Apr-19, 12:09:43 
28-Apr-19, 12:09:48 
28-Apr-19, 12:09:48 
28-Apr-19, 12:09:50 
28-Apr-19, 12:09:53 
28-Apr-19, 12:09:53 
28-Apr-19, 12:09:55 
28-Apr-19, 12:10:03 
28-Apr-19, 12:10:03 
28-Apr-19, 12:10:05 
28-Apr-19, 12:10:08 
28-Apr-19, 12:10:08 
28-Apr-19, 12:10:13 
28-Apr-19, 12:10:13 
28-Apr-19, 12:10:15 
28-Apr-19, 12:10:18 
28-Apr-19, 12:10:18 
28-Apr-19, 12:10:20 
28-Apr-19, 12:10:23 
28-Apr-19, 12:10:23 
28-Apr-19, 12:10:28 
28-Apr-19, 12:10:28 
28-Apr-19, 12:10:30 
28-Apr-19, 12:10:33 
28-Apr-19, 12:10:33 
28-Apr-19, 12:10:35 
28-Apr-19, 12:10:40 
28-Apr-19, 12:10:43 
28-Apr-19, 12:10:43 
28-Apr-19, 12:10:45 
28-Apr-19, 12:10:48 
28-Apr-19, 12:10:48 
28-Apr-19, 12:10:53 
28-Apr-19, 12:10:53 
28-Apr-19, 12:10:55 
28-Apr-19, 12:11:03 
28-Apr-19, 12:11:03 
28-Apr-19, 12:11:08 
28-Apr-19, 12:11:08 
28-Apr-19, 12:11:10 
28-Apr-19, 12:11:15 
28-Apr-19, 12:11:20 
28-Apr-19, 12:11:23 
28-Apr-19, 12:11:23 
28-Apr-19, 12:11:25 
28-Apr-19, 12:11:28 
28-Apr-19, 12:11:28 
28-Apr-19, 12:11:33 
28-Apr-19, 12:11:33 
28-Apr-19, 12:11:35 
28-Apr-19, 12:11:38 
28-Apr-19, 12:11:38 
28-Apr-19, 12:11:40 
28-Apr-19, 12:11:45 
28-Apr-19, 12:11:48 
28-Apr-19, 12:11:48 
28-Apr-19, 12:11:50 
28-Apr-19, 12:11:53 
28-Apr-19, 12:11:53 
28-Apr-19, 12:11:55 
28-Apr-19, 12:12:03 
28-Apr-19, 12:12:03 
28-Apr-19, 12:12:05 
28-Apr-19, 12:12:08 
28-Apr-19, 12:12:08 
28-Apr-19, 12:12:13 
28-Apr-19, 12:12:13 
28-Apr-19, 12:12:18 
28-Apr-19, 12:12:18 
28-Apr-19, 12:12:20 
28-Apr-19, 12:12:25 
28-Apr-19, 12:12:28 
28-Apr-19, 12:12:28 
28-Apr-19, 12:12:30 
28-Apr-19, 12:12:33 
28-Apr-19, 12:12:33 
28-Apr-19, 12:12:35 
28-Apr-19, 12:12:38 
28-Apr-19, 12:12:38 
28-Apr-19, 12:12:40 
28-Apr-19, 12:12:43 
28-Apr-19, 12:12:43 
28-Apr-19, 12:12:45 
28-Apr-19, 12:12:48 
28-Apr-19, 12:12:48 
28-Apr-19, 12:12:53 
28-Apr-19, 12:12:53 
28-Apr-19, 12:12:55 
28-Apr-19, 12:13:05 
28-Apr-19, 12:13:08 
28-Apr-19, 12:13:08 
28-Apr-19, 12:13:10 
28-Apr-19, 12:13:13 
28-Apr-19, 12:13:13 
28-Apr-19, 12:13:18 
28-Apr-19, 12:13:18 
28-Apr-19, 12:13:20 
28-Apr-19, 12:13:23 
28-Apr-19, 12:13:23 
28-Apr-19, 12:13:25 
28-Apr-19, 12:13:30 
28-Apr-19, 12:13:33 
28-Apr-19, 12:13:33 
28-Apr-19, 12:13:35 
28-Apr-19, 12:13:38 
28-Apr-19, 12:13:38 
28-Apr-19, 12:13:40 
28-Apr-19, 12:13:45 
28-Apr-19, 12:13:48 
28-Apr-19, 12:13:48 
28-Apr-19, 12:13:50 
28-Apr-19, 12:13:53 
28-Apr-19, 12:13:53 
28-Apr-19, 12:14:03 
28-Apr-19, 12:14:03 
28-Apr-19, 12:14:05 
28-Apr-19, 12:14:10 
28-Apr-19, 12:14:13 
28-Apr-19, 12:14:13 
28-Apr-19, 12:14:15 
28-Apr-19, 12:14:18 
28-Apr-19, 12:14:18 
28-Apr-19, 12:14:20 
28-Apr-19, 12:14:23 
28-Apr-19, 12:14:23 
28-Apr-19, 12:14:25 
28-Apr-19, 12:14:28 
28-Apr-19, 12:14:28 
28-Apr-19, 12:14:30 
28-Apr-19, 12:14:33 
28-Apr-19, 12:14:33 
28-Apr-19, 12:14:38 
28-Apr-19, 12:14:38 
28-Apr-19, 12:14:40 
28-Apr-19, 12:14:43 
28-Apr-19, 12:14:43 
28-Apr-19, 12:14:45 
28-Apr-19, 12:14:50 
28-Apr-19, 12:14:53 
28-Apr-19, 12:14:53 
28-Apr-19, 12:14:55 
28-Apr-19, 12:15:03 
28-Apr-19, 12:15:03 
28-Apr-19, 12:15:05 
28-Apr-19, 12:15:08 
28-Apr-19, 12:15:08 
28-Apr-19, 12:15:10 
28-Apr-19, 12:15:15 
28-Apr-19, 12:15:18 
28-Apr-19, 12:15:18 
28-Apr-19, 12:15:20 
28-Apr-19, 12:15:23 
28-Apr-19, 12:15:23 
28-Apr-19, 12:15:25 
28-Apr-19, 12:15:28 
28-Apr-19, 12:15:28 
28-Apr-19, 12:15:30 
28-Apr-19, 12:15:33 
28-Apr-19, 12:15:33 
28-Apr-19, 12:15:35 
28-Apr-19, 12:15:38 
28-Apr-19, 12:15:38 
28-Apr-19, 12:15:43 
28-Apr-19, 12:15:43 
28-Apr-19, 12:15:45 
28-Apr-19, 12:15:48 
28-Apr-19, 12:15:48 
28-Apr-19, 12:15:50 
28-Apr-19, 12:15:55 
28-Apr-19, 12:16:00 
28-Apr-19, 12:16:05 
28-Apr-19, 12:16:08 
28-Apr-19, 12:16:08 
28-Apr-19, 12:16:10 
28-Apr-19, 12:16:13 
28-Apr-19, 12:16:13 
28-Apr-19, 12:16:15 
28-Apr-19, 12:16:18 
28-Apr-19, 12:16:18 
28-Apr-19, 12:16:23 
28-Apr-19, 12:16:23 
28-Apr-19, 12:16:25 
28-Apr-19, 12:16:28 
28-Apr-19, 12:16:28 
28-Apr-19, 12:16:30 
28-Apr-19, 12:16:35 
28-Apr-19, 12:16:38 
28-Apr-19, 12:16:38 
28-Apr-19, 12:16:40 
28-Apr-19, 12:16:43 
28-Apr-19, 12:16:43 
28-Apr-19, 12:16:48 
28-Apr-19, 12:16:48 
28-Apr-19, 12:16:50 
28-Apr-19, 12:16:53 
28-Apr-19, 12:16:53 
28-Apr-19, 12:16:55 
28-Apr-19, 12:17:00 
28-Apr-19, 12:17:03 
28-Apr-19, 12:17:03 
28-Apr-19, 12:17:05 
28-Apr-19, 12:17:08 
28-Apr-19, 12:17:08 
28-Apr-19, 12:17:10 
28-Apr-19, 12:17:13 
28-Apr-19, 12:17:13 
28-Apr-19, 12:17:15 
28-Apr-19, 12:17:18 
28-Apr-19, 12:17:18 
28-Apr-19, 12:17:20 
28-Apr-19, 12:17:23 
28-Apr-19, 12:17:23 
28-Apr-19, 12:17:28 
28-Apr-19, 12:17:28 
28-Apr-19, 12:17:30 
28-Apr-19, 12:17:33 
28-Apr-19, 12:17:33 
28-Apr-19, 12:17:35 
28-Apr-19, 12:17:40 
28-Apr-19, 12:17:43 
28-Apr-19, 12:17:43 
28-Apr-19, 12:17:45 
28-Apr-19, 12:17:48 
28-Apr-19, 12:17:48 
28-Apr-19, 12:17:50 
28-Apr-19, 12:17:55 
28-Apr-19, 12:18:00 
28-Apr-19, 12:18:03 
28-Apr-19, 12:18:03 
28-Apr-19, 12:18:06 
28-Apr-19, 12:18:08 
28-Apr-19, 12:18:08 
28-Apr-19, 12:18:11 
28-Apr-19, 12:18:13 
28-Apr-19, 12:18:13 
28-Apr-19, 12:18:16 
28-Apr-19, 12:18:21 
28-Apr-19, 12:18:23 
28-Apr-19, 12:18:23 
28-Apr-19, 12:18:26 
28-Apr-19, 12:18:28 
28-Apr-19, 12:18:28 
28-Apr-19, 12:18:33 
28-Apr-19, 12:18:33 
28-Apr-19, 12:18:36 
28-Apr-19, 12:18:38 
28-Apr-19, 12:18:38 
28-Apr-19, 12:18:41 
28-Apr-19, 12:18:46 
28-Apr-19, 12:18:48 
28-Apr-19, 12:18:48 
28-Apr-19, 12:18:51 
28-Apr-19, 12:18:53 
28-Apr-19, 12:18:53 
28-Apr-19, 12:19:01 
28-Apr-19, 12:19:03 
28-Apr-19, 12:19:03 
28-Apr-19, 12:19:06 
28-Apr-19, 12:19:08 
28-Apr-19, 12:19:08 
28-Apr-19, 12:19:16 
28-Apr-19, 12:19:18 
28-Apr-19, 12:19:18 
28-Apr-19, 12:19:21 
28-Apr-19, 12:22:11 
28-Apr-19, 12:22:13 
28-Apr-19, 12:22:13 
28-Apr-19, 12:22:16 
28-Apr-19, 12:22:18 
28-Apr-19, 12:22:18 
28-Apr-19, 12:22:21 
28-Apr-19, 12:22:26 
28-Apr-19, 12:22:28 
28-Apr-19, 12:22:28 
28-Apr-19, 12:22:31 
28-Apr-19, 12:22:33 
28-Apr-19, 12:22:33 
28-Apr-19, 12:22:38 
28-Apr-19, 12:22:38 
28-Apr-19, 12:22:41 
28-Apr-19, 12:22:43 
28-Apr-19, 12:22:43 
28-Apr-19, 12:22:46 
28-Apr-19, 12:22:48 
28-Apr-19, 12:22:48 
28-Apr-19, 12:22:51 
28-Apr-19, 12:22:53 
28-Apr-19, 12:22:53 
28-Apr-19, 12:23:06 
28-Apr-19, 12:23:08 
28-Apr-19, 12:23:08 
28-Apr-19, 12:23:11 
28-Apr-19, 12:23:13 
28-Apr-19, 12:23:13 
28-Apr-19, 12:23:18 
28-Apr-19, 12:23:18 
28-Apr-19, 12:23:21 
28-Apr-19, 12:23:23 
28-Apr-19, 12:23:23 
28-Apr-19, 12:23:26 
28-Apr-19, 12:23:31 
28-Apr-19, 12:23:33 
28-Apr-19, 12:23:33 
28-Apr-19, 12:23:36 
28-Apr-19, 12:23:38 
28-Apr-19, 12:23:38 
28-Apr-19, 12:23:46 
28-Apr-19, 12:23:48 
28-Apr-19, 12:23:48 
28-Apr-19, 12:23:51 
28-Apr-19, 12:23:53 
28-Apr-19, 12:23:53 
28-Apr-19, 12:23:58 
28-Apr-19, 12:23:58 
28-Apr-19, 12:24:03 
28-Apr-19, 12:24:03 
28-Apr-19, 12:24:06 
28-Apr-19, 12:24:11 
28-Apr-19, 12:24:13 
28-Apr-19, 12:24:13 
28-Apr-19, 12:24:16 
28-Apr-19, 12:24:18 
28-Apr-19, 12:24:18 
28-Apr-19, 06:59:35 
28-Apr-19, 06:59:40 
28-Apr-19, 06:59:45 
28-Apr-19, 06:59:50 
28-Apr-19, 06:59:55 
28-Apr-19, 07:00:10 
28-Apr-19, 07:00:15 
28-Apr-19, 07:00:20 
28-Apr-19, 07:00:25 
28-Apr-19, 07:00:30 
28-Apr-19, 07:00:35 
28-Apr-19, 07:00:40 
28-Apr-19, 07:00:45 
28-Apr-19, 07:00:50 
28-Apr-19, 07:00:55 
28-Apr-19, 07:01:05 
28-Apr-19, 07:01:10 
28-Apr-19, 07:01:15 
28-Apr-19, 07:01:20 
28-Apr-19, 07:01:25 
28-Apr-19, 07:01:30 
28-Apr-19, 07:01:35 
28-Apr-19, 07:01:40 
28-Apr-19, 07:01:50 
28-Apr-19, 07:01:55 
28-Apr-19, 07:02:05 
28-Apr-19, 07:02:10 
28-Apr-19, 07:02:15 
28-Apr-19, 07:02:25 
28-Apr-19, 07:02:30 
28-Apr-19, 07:02:35 
28-Apr-19, 07:02:40 
28-Apr-19, 07:02:45 
28-Apr-19, 07:02:50 
28-Apr-19, 07:02:55 
28-Apr-19, 07:03:00 
28-Apr-19, 07:03:05 
28-Apr-19, 07:03:15 
28-Apr-19, 07:03:20 
28-Apr-19, 07:03:25 
28-Apr-19, 07:03:35 
28-Apr-19, 07:03:40 
28-Apr-19, 07:03:45 
28-Apr-19, 07:03:50 
28-Apr-19, 07:03:55 
28-Apr-19, 07:04:00 
28-Apr-19, 07:04:05 
28-Apr-19, 07:04:10 
28-Apr-19, 07:04:15 
28-Apr-19, 07:04:20 
28-Apr-19, 07:04:25 
28-Apr-19, 07:04:30 
28-Apr-19, 07:04:35 
28-Apr-19, 07:04:40 
28-Apr-19, 07:04:45 
28-Apr-19, 07:04:50 
28-Apr-19, 07:04:55 
28-Apr-19, 07:05:00 
28-Apr-19, 07:05:05 
28-Apr-19, 07:05:10 
28-Apr-19, 07:05:20 
28-Apr-19, 07:05:25 
28-Apr-19, 07:05:30 
28-Apr-19, 07:05:35 
28-Apr-19, 07:05:40 
28-Apr-19, 07:05:45 
28-Apr-19, 07:05:50 
28-Apr-19, 07:05:55 
28-Apr-19, 07:06:05 
28-Apr-19, 07:06:10 
28-Apr-19, 07:06:15 
28-Apr-19, 07:06:20 
28-Apr-19, 07:06:25 
28-Apr-19, 07:06:30 
28-Apr-19, 07:06:35 
28-Apr-19, 07:06:40 
28-Apr-19, 07:06:45 
28-Apr-19, 07:06:50 
28-Apr-19, 07:06:55 
28-Apr-19, 07:07:05 
28-Apr-19, 07:07:10 
28-Apr-19, 07:07:15 
28-Apr-19, 07:07:20 
28-Apr-19, 07:07:25 
28-Apr-19, 07:07:30 
28-Apr-19, 07:07:35 
28-Apr-19, 07:07:40 
28-Apr-19, 07:07:45 
28-Apr-19, 07:07:50 
28-Apr-19, 07:07:55 
28-Apr-19, 07:08:00 
28-Apr-19, 07:08:05 
28-Apr-19, 07:08:10 
28-Apr-19, 07:08:15 
28-Apr-19, 07:08:20 
28-Apr-19, 07:08:25 
28-Apr-19, 07:08:30 
28-Apr-19, 07:08:35 
28-Apr-19, 07:08:40 
28-Apr-19, 07:08:45 
28-Apr-19, 07:08:50 
28-Apr-19, 07:08:55 
28-Apr-19, 07:09:05 
28-Apr-19, 07:09:10 
28-Apr-19, 07:09:15 
28-Apr-19, 07:09:20 
28-Apr-19, 07:09:25 
28-Apr-19, 07:09:30 
28-Apr-19, 07:09:35 
28-Apr-19, 07:09:40 
28-Apr-19, 07:09:45 
28-Apr-19, 07:09:55 
28-Apr-19, 07:10:00 
28-Apr-19, 07:10:10 
28-Apr-19, 07:10:15 
28-Apr-19, 07:10:20 
28-Apr-19, 07:10:25 
28-Apr-19, 07:10:30 
28-Apr-19, 07:10:40 
28-Apr-19, 07:10:45 
28-Apr-19, 07:10:50 
28-Apr-19, 07:10:55 
28-Apr-19, 07:11:05 
28-Apr-19, 07:11:10 
28-Apr-19, 07:11:15 
28-Apr-19, 07:11:20 
28-Apr-19, 07:11:25 
28-Apr-19, 07:11:30 
28-Apr-19, 07:11:40 
28-Apr-19, 07:11:45 
28-Apr-19, 07:11:50 
28-Apr-19, 07:11:55 
28-Apr-19, 07:12:05 
28-Apr-19, 07:12:10 
28-Apr-19, 07:12:15 
28-Apr-19, 07:12:25 
28-Apr-19, 07:12:30 
28-Apr-19, 07:12:35 
28-Apr-19, 07:12:40 
28-Apr-19, 07:12:45 
28-Apr-19, 07:12:50 
28-Apr-19, 07:12:55 
28-Apr-19, 07:13:05 
28-Apr-19, 07:13:10 
28-Apr-19, 07:13:15 
28-Apr-19, 07:13:30 
28-Apr-19, 07:13:35 
28-Apr-19, 07:13:40 
28-Apr-19, 07:13:50 
28-Apr-19, 07:13:55 
28-Apr-19, 07:14:00 
28-Apr-19, 07:14:05 
28-Apr-19, 07:14:10 
28-Apr-19, 07:14:15 
28-Apr-19, 07:14:20 
28-Apr-19, 07:14:25 
28-Apr-19, 07:14:30 
28-Apr-19, 07:14:35 
28-Apr-19, 07:14:40 
28-Apr-19, 07:14:45 
28-Apr-19, 07:14:50 
28-Apr-19, 07:14:55 
28-Apr-19, 07:15:00 
28-Apr-19, 07:15:10 
28-Apr-19, 07:15:15 
28-Apr-19, 07:15:25 
28-Apr-19, 07:15:30 
28-Apr-19, 07:15:35 
28-Apr-19, 07:15:40 
28-Apr-19, 07:15:45 
28-Apr-19, 07:15:50 
28-Apr-19, 07:15:55 
28-Apr-19, 07:16:00 
28-Apr-19, 07:16:05 
28-Apr-19, 07:16:10 
28-Apr-19, 07:16:15 
28-Apr-19, 07:16:20 
28-Apr-19, 07:16:25 
28-Apr-19, 07:16:30 
28-Apr-19, 07:16:35 
28-Apr-19, 07:16:40 
28-Apr-19, 07:16:45 
28-Apr-19, 07:16:50 
28-Apr-19, 07:16:55 
28-Apr-19, 07:17:05 
28-Apr-19, 07:17:10 
28-Apr-19, 07:17:15 
28-Apr-19, 07:17:20 
28-Apr-19, 07:17:25 
28-Apr-19, 07:17:30 
28-Apr-19, 07:17:35 
28-Apr-19, 07:17:40 
28-Apr-19, 07:17:45 
28-Apr-19, 07:17:50 
28-Apr-19, 07:17:55 
28-Apr-19, 07:18:05 
28-Apr-19, 07:18:15 
28-Apr-19, 07:18:20 
28-Apr-19, 07:18:25 
28-Apr-19, 07:18:31 
28-Apr-19, 07:18:36 
28-Apr-19, 07:18:41 
28-Apr-19, 07:18:46 
28-Apr-19, 07:18:51 
28-Apr-19, 07:19:01 
28-Apr-19, 07:19:06 
28-Apr-19, 07:19:11 
28-Apr-19, 07:19:16 
28-Apr-19, 07:19:21 
28-Apr-19, 07:19:26 
28-Apr-19, 07:19:31 
28-Apr-19, 07:19:36 
28-Apr-19, 07:19:46 
28-Apr-19, 07:19:51 
28-Apr-19, 07:20:06 
28-Apr-19, 07:20:11 
28-Apr-19, 07:20:16 
28-Apr-19, 07:20:21 
28-Apr-19, 07:20:26 
28-Apr-19, 07:20:31 
28-Apr-19, 07:20:36 
28-Apr-19, 07:20:41 
28-Apr-19, 07:20:46 
28-Apr-19, 07:20:51 
28-Apr-19, 07:21:06 
28-Apr-19, 07:21:11 
28-Apr-19, 07:21:16 
28-Apr-19, 07:21:21 
28-Apr-19, 07:21:31 
28-Apr-19, 07:21:41 
28-Apr-19, 07:21:46 
28-Apr-19, 07:21:51 
28-Apr-19, 07:22:01 
28-Apr-19, 07:22:06 
28-Apr-19, 07:22:11 
28-Apr-19, 07:22:16 
28-Apr-19, 07:22:21 
28-Apr-19, 07:22:26 
28-Apr-19, 07:22:31 
28-Apr-19, 07:22:36 
28-Apr-19, 07:22:41 
28-Apr-19, 07:22:46 
28-Apr-19, 07:22:51 
28-Apr-19, 07:23:06 
28-Apr-19, 07:23:16 
28-Apr-19, 07:23:21 
28-Apr-19, 07:23:26 
28-Apr-19, 07:23:31 
28-Apr-19, 07:23:36 
28-Apr-19, 07:23:46 
28-Apr-19, 07:23:51 
28-Apr-19, 07:24:01 
28-Apr-19, 07:24:06 
28-Apr-19, 07:24:11 
28-Apr-19, 07:24:21 
28-Apr-19, 07:24:26 
28-Apr-19, 07:24:31 
28-Apr-19, 07:24:36 
28-Apr-19, 07:24:41 
28-Apr-19, 07:24:46 
28-Apr-19, 07:24:51 
28-Apr-19, 07:25:06 
28-Apr-19, 07:25:16 
28-Apr-19, 07:25:21 
28-Apr-19, 07:25:26 
28-Apr-19, 07:25:31 
28-Apr-19, 07:25:36 
28-Apr-19, 07:25:41 
28-Apr-19, 07:25:46 
28-Apr-19, 07:25:51 
28-Apr-19, 07:26:06 
28-Apr-19, 07:26:11 
28-Apr-19, 07:26:16 
28-Apr-19, 07:26:21 
28-Apr-19, 07:26:26 
28-Apr-19, 07:26:31 
28-Apr-19, 07:26:36 
28-Apr-19, 07:26:41 
28-Apr-19, 07:26:46 
28-Apr-19, 07:26:51 
28-Apr-19, 07:27:01 
28-Apr-19, 07:27:06 
28-Apr-19, 07:27:11 
28-Apr-19, 07:27:16 
28-Apr-19, 07:27:21 
28-Apr-19, 07:27:26 
28-Apr-19, 07:27:36 
28-Apr-19, 07:27:41 
28-Apr-19, 07:27:46 
28-Apr-19, 07:27:51 
28-Apr-19, 07:28:06 
28-Apr-19, 07:28:11 
28-Apr-19, 07:28:16 
28-Apr-19, 07:28:21 
28-Apr-19, 07:28:26 
28-Apr-19, 07:28:31 
28-Apr-19, 07:28:36 
28-Apr-19, 07:28:41 
28-Apr-19, 07:28:46 
28-Apr-19, 07:28:51 
28-Apr-19, 07:29:01 
28-Apr-19, 07:29:06 
28-Apr-19, 07:29:11 
28-Apr-19, 07:29:16 
28-Apr-19, 07:29:21 
28-Apr-19, 07:29:26 
28-Apr-19, 07:29:31 
28-Apr-19, 07:29:36 
28-Apr-19, 07:29:41 
28-Apr-19, 07:29:51 
28-Apr-19, 07:30:01 
28-Apr-19, 07:30:06 
28-Apr-19, 07:30:11 
28-Apr-19, 07:30:16 
28-Apr-19, 07:30:21 
28-Apr-19, 07:30:26 
28-Apr-19, 07:30:31 
28-Apr-19, 07:30:36 
28-Apr-19, 07:30:41 
28-Apr-19, 07:30:46 
28-Apr-19, 07:30:51 
28-Apr-19, 07:31:11 
28-Apr-19, 07:31:16 
28-Apr-19, 07:31:21 
28-Apr-19, 07:31:26 
28-Apr-19, 07:31:36 
28-Apr-19, 07:31:41 
28-Apr-19, 07:31:46 
28-Apr-19, 07:31:51 
28-Apr-19, 07:32:06 
28-Apr-19, 07:32:11 
28-Apr-19, 07:32:16 
28-Apr-19, 07:32:21 
28-Apr-19, 07:32:26 
28-Apr-19, 07:32:36 
28-Apr-19, 07:32:41 
28-Apr-19, 07:32:46 
28-Apr-19, 07:32:51 
28-Apr-19, 07:33:06 
28-Apr-19, 07:33:11 
28-Apr-19, 07:33:21 
28-Apr-19, 07:33:26 
28-Apr-19, 07:33:31 
28-Apr-19, 07:33:36 
28-Apr-19, 07:33:41 
28-Apr-19, 07:33:46 
28-Apr-19, 07:33:51 
28-Apr-19, 07:34:06 
28-Apr-19, 07:34:11 
28-Apr-19, 07:34:16 
28-Apr-19, 07:34:21 
28-Apr-19, 07:34:26 
28-Apr-19, 07:34:31 
28-Apr-19, 07:34:36 
28-Apr-19, 07:34:41 
28-Apr-19, 07:34:46 
28-Apr-19, 07:34:51 
28-Apr-19, 07:35:06 
28-Apr-19, 07:35:11 
28-Apr-19, 07:35:16 
28-Apr-19, 07:35:26 
28-Apr-19, 07:35:31 
28-Apr-19, 07:35:36 
28-Apr-19, 07:35:51 
28-Apr-19, 07:36:06 
28-Apr-19, 07:36:11 
28-Apr-19, 07:36:16 
28-Apr-19, 07:36:21 
28-Apr-19, 07:36:26 
28-Apr-19, 07:36:31 
28-Apr-19, 07:36:36 
28-Apr-19, 07:36:41 
28-Apr-19, 07:36:46 
28-Apr-19, 07:36:51 
28-Apr-19, 07:37:06 
28-Apr-19, 07:37:11 
28-Apr-19, 07:37:16 
28-Apr-19, 07:37:21 
28-Apr-19, 07:37:26 
28-Apr-19, 07:37:31 
28-Apr-19, 07:37:36 
28-Apr-19, 07:37:41 
28-Apr-19, 07:37:46 
28-Apr-19, 07:37:51 
28-Apr-19, 07:38:11 
28-Apr-19, 07:38:16 
28-Apr-19, 07:38:21 
28-Apr-19, 07:38:31 
28-Apr-19, 07:38:36 
28-Apr-19, 07:38:41 
28-Apr-19, 07:38:46 
28-Apr-19, 07:38:51 
28-Apr-19, 07:39:06 
28-Apr-19, 07:39:11 
28-Apr-19, 07:39:16 
28-Apr-19, 07:39:21 
28-Apr-19, 07:39:26 
28-Apr-19, 07:39:31 
28-Apr-19, 07:39:36 
28-Apr-19, 07:39:41 
28-Apr-19, 07:39:46 
28-Apr-19, 07:40:06 
28-Apr-19, 07:40:11 
28-Apr-19, 07:40:16 
28-Apr-19, 07:40:21 
28-Apr-19, 07:40:26 
28-Apr-19, 07:40:31 
28-Apr-19, 07:40:36 
28-Apr-19, 07:40:41 
28-Apr-19, 07:40:46 
28-Apr-19, 07:40:51 
28-Apr-19, 07:41:01 
28-Apr-19, 07:41:06 
28-Apr-19, 07:41:11 
28-Apr-19, 07:41:16 
28-Apr-19, 07:41:26 
28-Apr-19, 07:41:31 
28-Apr-19, 07:41:41 
28-Apr-19, 07:41:46 
28-Apr-19, 07:41:51 
28-Apr-19, 07:42:06 
28-Apr-19, 07:42:11 
28-Apr-19, 07:42:16 
28-Apr-19, 07:42:21 
28-Apr-19, 07:42:26 
28-Apr-19, 07:42:31 
28-Apr-19, 07:42:36 
28-Apr-19, 07:42:41 
28-Apr-19, 07:42:51 
28-Apr-19, 07:43:06 
28-Apr-19, 07:43:11 
28-Apr-19, 07:43:16 
28-Apr-19, 07:43:21 
28-Apr-19, 07:43:26 
28-Apr-19, 07:43:31 
28-Apr-19, 07:43:36 
28-Apr-19, 07:43:41 
28-Apr-19, 07:43:46 
28-Apr-19, 07:43:51 
28-Apr-19, 07:44:06 
28-Apr-19, 07:44:11 
28-Apr-19, 07:44:16 
28-Apr-19, 07:44:21 
28-Apr-19, 07:44:26 
28-Apr-19, 07:44:31 
28-Apr-19, 07:44:36 
28-Apr-19, 07:44:41 
28-Apr-19, 07:44:51 
28-Apr-19, 07:45:06 
28-Apr-19, 07:45:11 
28-Apr-19, 07:45:16 
28-Apr-19, 07:45:21 
28-Apr-19, 07:45:26 
28-Apr-19, 07:45:31 
28-Apr-19, 07:45:36 
28-Apr-19, 07:45:41 
28-Apr-19, 07:45:46 
28-Apr-19, 07:45:51 
28-Apr-19, 07:46:01 
28-Apr-19, 07:46:06 
28-Apr-19, 07:46:16 
28-Apr-19, 07:46:21 
28-Apr-19, 07:46:31 
28-Apr-19, 07:46:36 
28-Apr-19, 07:46:41 
28-Apr-19, 07:46:46 
28-Apr-19, 07:46:51 
28-Apr-19, 07:47:06 
28-Apr-19, 07:47:11 
28-Apr-19, 07:47:16 
28-Apr-19, 07:47:21 
28-Apr-19, 07:47:26 
28-Apr-19, 07:47:31 
28-Apr-19, 07:47:36 
28-Apr-19, 07:47:41 
28-Apr-19, 07:47:46 
28-Apr-19, 07:47:51 
28-Apr-19, 07:48:01 
28-Apr-19, 07:48:06 
28-Apr-19, 07:48:11 
28-Apr-19, 07:48:16 
28-Apr-19, 07:48:21 
28-Apr-19, 07:48:26 
28-Apr-19, 07:48:31 
28-Apr-19, 07:48:36 
28-Apr-19, 07:48:41 
28-Apr-19, 07:48:46 
28-Apr-19, 07:48:51 
28-Apr-19, 07:49:06 
28-Apr-19, 07:49:11 
28-Apr-19, 07:49:16 
28-Apr-19, 07:49:21 
28-Apr-19, 07:49:26 
28-Apr-19, 07:49:31 
28-Apr-19, 07:49:36 
28-Apr-19, 07:49:46 
28-Apr-19, 07:49:51 
28-Apr-19, 07:50:06 
28-Apr-19, 07:50:11 
28-Apr-19, 07:50:16 
28-Apr-19, 07:50:21 
28-Apr-19, 07:50:26 
28-Apr-19, 07:50:31 
28-Apr-19, 07:50:36 
28-Apr-19, 07:50:46 
28-Apr-19, 07:50:51 
28-Apr-19, 07:51:01 
28-Apr-19, 07:51:06 
28-Apr-19, 07:51:11 
28-Apr-19, 07:51:16 
28-Apr-19, 07:51:21 
28-Apr-19, 07:51:26 
28-Apr-19, 07:51:31 
28-Apr-19, 07:51:36 
28-Apr-19, 07:51:51 
28-Apr-19, 07:51:53 
28-Apr-19, 07:52:06 
28-Apr-19, 07:52:11 
28-Apr-19, 07:52:13 
28-Apr-19, 07:52:18 
28-Apr-19, 07:52:21 
28-Apr-19, 07:52:23 
28-Apr-19, 07:52:26 
28-Apr-19, 07:52:28 
28-Apr-19, 07:52:31 
28-Apr-19, 07:52:33 
28-Apr-19, 07:52:36 
28-Apr-19, 07:52:38 
28-Apr-19, 07:52:41 
28-Apr-19, 07:52:43 
28-Apr-19, 07:52:46 
28-Apr-19, 07:52:48 
28-Apr-19, 07:52:51 
28-Apr-19, 07:53:03 
28-Apr-19, 07:53:06 
28-Apr-19, 07:53:08 
28-Apr-19, 07:53:11 
28-Apr-19, 07:53:16 
28-Apr-19, 07:53:18 
28-Apr-19, 07:53:21 
28-Apr-19, 07:53:23 
28-Apr-19, 07:53:26 
28-Apr-19, 07:53:28 
28-Apr-19, 07:53:31 
28-Apr-19, 07:53:33 
28-Apr-19, 07:53:36 
28-Apr-19, 07:53:38 
28-Apr-19, 07:53:41 
28-Apr-19, 07:53:43 
28-Apr-19, 07:53:46 
28-Apr-19, 07:53:48 
28-Apr-19, 07:53:51 
28-Apr-19, 07:53:53 
28-Apr-19, 07:54:06 
28-Apr-19, 07:54:08 
28-Apr-19, 07:54:11 
28-Apr-19, 07:54:13 
28-Apr-19, 07:54:16 
28-Apr-19, 07:54:19 
28-Apr-19, 07:54:21 
28-Apr-19, 07:54:23 
28-Apr-19, 07:54:24 
28-Apr-19, 07:54:26 
28-Apr-19, 07:54:28 
28-Apr-19, 07:54:29 
28-Apr-19, 07:54:33 
28-Apr-19, 07:54:34 
28-Apr-19, 07:54:36 
28-Apr-19, 07:54:38 
28-Apr-19, 07:54:39 
28-Apr-19, 07:54:41 
28-Apr-19, 07:54:43 
28-Apr-19, 07:54:46 
28-Apr-19, 07:54:48 
28-Apr-19, 07:54:49 
28-Apr-19, 07:54:51 
28-Apr-19, 07:54:53 
28-Apr-19, 07:54:54 
28-Apr-19, 07:55:01 
28-Apr-19, 07:55:03 
28-Apr-19, 07:55:04 
28-Apr-19, 07:55:06 
28-Apr-19, 07:55:08 
28-Apr-19, 07:55:09 
28-Apr-19, 07:55:11 
28-Apr-19, 07:55:13 
28-Apr-19, 07:55:14 
28-Apr-19, 07:55:16 
28-Apr-19, 07:55:18 
28-Apr-19, 07:55:19 
28-Apr-19, 07:55:21 
28-Apr-19, 07:55:23 
28-Apr-19, 07:55:24 
28-Apr-19, 07:55:26 
28-Apr-19, 07:55:28 
28-Apr-19, 07:55:29 
28-Apr-19, 07:55:31 
28-Apr-19, 07:55:33 
28-Apr-19, 07:55:34 
28-Apr-19, 07:55:36 
28-Apr-19, 07:55:38 
28-Apr-19, 07:55:39 
28-Apr-19, 07:55:41 
28-Apr-19, 07:55:43 
28-Apr-19, 07:55:44 
28-Apr-19, 07:55:46 
28-Apr-19, 07:55:48 
28-Apr-19, 07:55:49 
28-Apr-19, 07:55:51 
28-Apr-19, 07:55:53 
28-Apr-19, 07:55:54 
28-Apr-19, 07:56:03 
28-Apr-19, 07:56:04 
28-Apr-19, 07:56:06 
28-Apr-19, 07:56:08 
28-Apr-19, 07:56:09 
28-Apr-19, 07:56:11 
28-Apr-19, 07:56:14 
28-Apr-19, 07:56:18 
28-Apr-19, 07:56:19 
28-Apr-19, 07:56:21 
28-Apr-19, 07:56:23 
28-Apr-19, 07:56:24 
28-Apr-19, 07:56:26 
28-Apr-19, 07:56:28 
28-Apr-19, 07:56:29 
28-Apr-19, 07:56:31 
28-Apr-19, 07:56:33 
28-Apr-19, 07:56:34 
28-Apr-19, 07:56:36 
28-Apr-19, 07:56:38 
28-Apr-19, 07:56:39 
28-Apr-19, 07:56:41 
28-Apr-19, 07:56:43 
28-Apr-19, 07:56:46 
28-Apr-19, 07:56:48 
28-Apr-19, 07:56:49 
28-Apr-19, 07:56:51 
28-Apr-19, 07:56:53 
28-Apr-19, 07:56:54 
28-Apr-19, 07:57:01 
28-Apr-19, 07:57:03 
28-Apr-19, 07:57:04 
28-Apr-19, 07:57:06 
28-Apr-19, 07:57:08 
28-Apr-19, 07:57:09 
28-Apr-19, 07:57:11 
28-Apr-19, 07:57:13 
28-Apr-19, 07:57:14 
28-Apr-19, 07:57:16 
28-Apr-19, 07:57:18 
28-Apr-19, 07:57:19 
28-Apr-19, 07:57:21 
28-Apr-19, 07:57:23 
28-Apr-19, 07:57:24 
28-Apr-19, 07:57:28 
28-Apr-19, 07:57:29 
28-Apr-19, 07:57:31 
28-Apr-19, 07:57:33 
28-Apr-19, 07:57:34 
28-Apr-19, 07:57:36 
28-Apr-19, 07:57:38 
28-Apr-19, 07:57:39 
28-Apr-19, 07:57:41 
28-Apr-19, 07:57:43 
28-Apr-19, 07:57:44 
28-Apr-19, 07:57:46 
28-Apr-19, 07:57:49 
28-Apr-19, 07:57:51 
28-Apr-19, 07:57:53 
28-Apr-19, 07:57:54 
28-Apr-19, 07:58:03 
28-Apr-19, 07:58:04 
28-Apr-19, 07:58:06 
28-Apr-19, 07:58:08 
28-Apr-19, 07:58:09 
28-Apr-19, 07:58:11 
28-Apr-19, 07:58:13 
28-Apr-19, 07:58:14 
28-Apr-19, 07:58:16 
28-Apr-19, 07:58:18 
28-Apr-19, 07:58:19 
28-Apr-19, 07:58:21 
28-Apr-19, 07:58:23 
28-Apr-19, 07:58:24 
28-Apr-19, 07:58:26 
28-Apr-19, 07:58:28 
28-Apr-19, 07:58:29 
28-Apr-19, 07:58:31 
28-Apr-19, 07:58:33 
28-Apr-19, 07:58:36 
28-Apr-19, 07:58:38 
28-Apr-19, 07:58:39 
28-Apr-19, 07:58:41 
28-Apr-19, 07:58:43 
28-Apr-19, 07:58:44 
28-Apr-19, 07:58:46 
28-Apr-19, 07:58:48 
28-Apr-19, 07:58:49 
28-Apr-19, 07:58:51 
28-Apr-19, 07:58:53 
28-Apr-19, 07:58:54 
28-Apr-19, 07:58:59 
28-Apr-19, 07:59:03 
28-Apr-19, 07:59:04 
28-Apr-19, 07:59:06 
28-Apr-19, 07:59:08 
28-Apr-19, 07:59:09 
28-Apr-19, 07:59:11 
28-Apr-19, 07:59:13 
28-Apr-19, 07:59:14 
28-Apr-19, 07:59:16 
28-Apr-19, 07:59:18 
28-Apr-19, 07:59:21 
28-Apr-19, 07:59:23 
28-Apr-19, 07:59:24 
28-Apr-19, 07:59:26 
28-Apr-19, 07:59:28 
28-Apr-19, 07:59:31 
28-Apr-19, 07:59:34 
28-Apr-19, 07:59:36 
28-Apr-19, 07:59:38 
28-Apr-19, 07:59:39 
28-Apr-19, 07:59:41 
28-Apr-19, 07:59:43 
28-Apr-19, 07:59:44 
28-Apr-19, 07:59:48 
28-Apr-19, 07:59:49 
28-Apr-19, 07:59:51 
28-Apr-19, 07:59:53 
28-Apr-19, 07:59:54 
28-Apr-19, 08:00:01 
28-Apr-19, 08:00:03 
28-Apr-19, 08:00:04 
28-Apr-19, 08:00:06 
28-Apr-19, 08:00:08 
28-Apr-19, 08:00:09 
28-Apr-19, 08:00:11 
28-Apr-19, 08:00:13 
28-Apr-19, 08:00:14 
28-Apr-19, 08:00:16 
28-Apr-19, 08:00:18 
28-Apr-19, 08:00:19 
28-Apr-19, 08:00:21 
28-Apr-19, 08:00:23 
28-Apr-19, 08:00:24 
28-Apr-19, 08:00:26 
28-Apr-19, 08:00:28 
28-Apr-19, 08:00:29 
28-Apr-19, 08:00:31 
28-Apr-19, 08:00:33 
28-Apr-19, 08:00:34 
28-Apr-19, 08:00:36 
28-Apr-19, 08:00:38 
28-Apr-19, 08:00:39 
28-Apr-19, 08:00:41 
28-Apr-19, 08:00:43 
28-Apr-19, 08:00:44 
28-Apr-19, 08:00:46 
28-Apr-19, 08:00:49 
28-Apr-19, 08:00:51 
28-Apr-19, 08:00:53 
28-Apr-19, 08:00:54 
28-Apr-19, 08:01:03 
28-Apr-19, 08:01:06 
28-Apr-19, 08:01:08 
28-Apr-19, 08:01:09 
28-Apr-19, 08:01:11 
28-Apr-19, 08:01:13 
28-Apr-19, 08:01:14 
28-Apr-19, 08:01:16 
28-Apr-19, 08:01:19 
28-Apr-19, 08:01:21 
28-Apr-19, 08:01:23 
28-Apr-19, 08:01:24 
28-Apr-19, 08:01:26 
28-Apr-19, 08:01:28 
28-Apr-19, 08:01:29 
28-Apr-19, 08:01:31 
28-Apr-19, 08:01:33 
28-Apr-19, 08:01:34 
28-Apr-19, 08:01:36 
28-Apr-19, 08:01:38 
28-Apr-19, 08:01:39 
28-Apr-19, 08:01:43 
28-Apr-19, 08:01:44 
28-Apr-19, 08:01:48 
28-Apr-19, 08:01:49 
28-Apr-19, 08:01:51 
28-Apr-19, 08:01:53 
28-Apr-19, 08:01:54 
28-Apr-19, 08:01:58 
28-Apr-19, 08:02:03 
28-Apr-19, 08:02:04 
28-Apr-19, 12:24:23 
28-Apr-19, 12:24:23 
28-Apr-19, 12:24:26 
28-Apr-19, 12:24:28 
28-Apr-19, 12:24:28 
28-Apr-19, 12:24:31 
28-Apr-19, 12:24:33 
28-Apr-19, 12:24:33 
28-Apr-19, 12:24:36 
28-Apr-19, 12:24:38 
28-Apr-19, 12:24:38 
28-Apr-19, 12:24:41 
28-Apr-19, 12:24:43 
28-Apr-19, 12:24:43 
28-Apr-19, 12:24:46 
28-Apr-19, 12:24:51 
28-Apr-19, 12:24:53 
28-Apr-19, 12:24:53 
28-Apr-19, 12:24:58 
28-Apr-19, 12:24:58 
28-Apr-19, 12:25:03 
28-Apr-19, 12:25:03 
28-Apr-19, 12:25:06 
28-Apr-19, 12:25:08 
28-Apr-19, 12:25:08 
28-Apr-19, 12:25:11 
28-Apr-19, 12:25:16 
28-Apr-19, 12:25:18 
28-Apr-19, 12:25:18 
28-Apr-19, 12:25:21 
28-Apr-19, 12:25:23 
28-Apr-19, 12:25:23 
28-Apr-19, 12:25:26 
28-Apr-19, 12:25:31 
28-Apr-19, 12:25:33 
28-Apr-19, 12:25:33 
28-Apr-19, 12:25:36 
28-Apr-19, 12:25:38 
28-Apr-19, 12:25:38 
28-Apr-19, 12:25:43 
28-Apr-19, 12:25:43 
28-Apr-19, 12:25:46 
28-Apr-19, 12:25:48 
28-Apr-19, 12:25:48 
28-Apr-19, 12:25:51 
28-Apr-19, 12:26:03 
28-Apr-19, 12:26:03 
28-Apr-19, 12:26:08 
28-Apr-19, 12:26:08 
28-Apr-19, 12:26:11 
28-Apr-19, 12:26:16 
28-Apr-19, 12:26:18 
28-Apr-19, 12:26:18 
28-Apr-19, 12:26:21 
28-Apr-19, 12:26:23 
28-Apr-19, 12:26:23 
28-Apr-19, 12:26:26 
28-Apr-19, 12:26:28 
28-Apr-19, 12:26:28 
28-Apr-19, 12:26:31 
28-Apr-19, 12:26:36 
28-Apr-19, 12:26:38 
28-Apr-19, 12:26:38 
28-Apr-19, 12:26:41 
28-Apr-19, 12:26:43 
28-Apr-19, 12:26:43 
28-Apr-19, 12:26:48 
28-Apr-19, 12:26:48 
28-Apr-19, 12:26:51 
28-Apr-19, 12:26:53 
28-Apr-19, 12:26:53 
28-Apr-19, 12:27:03 
28-Apr-19, 12:27:03 
28-Apr-19, 12:27:06 
28-Apr-19, 12:27:08 
28-Apr-19, 12:27:08 
28-Apr-19, 12:27:11 
28-Apr-19, 12:27:16 
28-Apr-19, 12:27:18 
28-Apr-19, 12:27:18 
28-Apr-19, 12:27:21 
28-Apr-19, 12:27:23 
28-Apr-19, 12:27:23 
28-Apr-19, 12:27:33 
28-Apr-19, 12:27:33 
28-Apr-19, 12:27:41 
28-Apr-19, 12:27:43 
28-Apr-19, 12:27:43 
28-Apr-19, 12:27:46 
28-Apr-19, 12:27:48 
28-Apr-19, 12:27:48 
28-Apr-19, 12:27:53 
28-Apr-19, 12:27:53 
28-Apr-19, 12:27:58 
28-Apr-19, 12:27:58 
28-Apr-19, 12:28:03 
28-Apr-19, 12:28:03 
28-Apr-19, 12:28:06 
28-Apr-19, 12:28:08 
28-Apr-19, 12:28:08 
28-Apr-19, 12:28:11 
28-Apr-19, 12:28:13 
28-Apr-19, 12:28:13 
28-Apr-19, 12:28:16 
28-Apr-19, 12:28:21 
28-Apr-19, 12:28:28 
28-Apr-19, 12:28:28 
28-Apr-19, 12:28:33 
28-Apr-19, 12:28:33 
28-Apr-19, 12:28:36 
28-Apr-19, 12:28:38 
28-Apr-19, 12:28:38 
28-Apr-19, 12:28:41 
28-Apr-19, 12:28:46 
28-Apr-19, 12:28:48 
28-Apr-19, 12:28:48 
28-Apr-19, 12:28:51 
28-Apr-19, 12:28:53 
28-Apr-19, 12:28:53 
28-Apr-19, 12:29:03 
28-Apr-19, 12:29:03 
28-Apr-19, 12:29:06 
28-Apr-19, 12:29:08 
28-Apr-19, 12:29:08 
28-Apr-19, 12:29:13 
28-Apr-19, 12:29:13 
28-Apr-19, 12:29:16 
28-Apr-19, 12:29:18 
28-Apr-19, 12:29:18 
28-Apr-19, 12:29:21 
28-Apr-19, 12:29:26 
28-Apr-19, 12:29:28 
28-Apr-19, 12:29:28 
28-Apr-19, 12:29:31 
28-Apr-19, 12:29:33 
28-Apr-19, 12:29:33 
28-Apr-19, 12:32:31 
28-Apr-19, 12:32:33 
28-Apr-19, 12:32:33 
28-Apr-19, 12:32:36 
28-Apr-19, 12:32:38 
28-Apr-19, 12:32:38 
28-Apr-19, 12:32:43 
28-Apr-19, 12:32:43 
28-Apr-19, 12:32:46 
28-Apr-19, 12:32:48 
28-Apr-19, 12:32:48 
28-Apr-19, 12:32:51 
28-Apr-19, 12:32:53 
28-Apr-19, 12:32:53 
28-Apr-19, 12:33:01 
28-Apr-19, 12:33:03 
28-Apr-19, 12:33:03 
28-Apr-19, 12:33:06 
28-Apr-19, 12:33:11 
28-Apr-19, 12:33:13 
28-Apr-19, 12:33:13 
28-Apr-19, 12:33:16 
28-Apr-19, 12:33:18 
28-Apr-19, 12:33:18 
28-Apr-19, 12:33:23 
28-Apr-19, 12:33:23 
28-Apr-19, 12:33:26 
28-Apr-19, 12:33:28 
28-Apr-19, 12:33:28 
28-Apr-19, 12:33:36 
28-Apr-19, 12:33:38 
28-Apr-19, 12:33:38 
28-Apr-19, 12:33:41 
28-Apr-19, 12:33:43 
28-Apr-19, 12:33:43 
28-Apr-19, 12:33:48 
28-Apr-19, 12:33:48 
28-Apr-19, 12:33:51 
28-Apr-19, 12:33:53 
28-Apr-19, 12:33:53 
28-Apr-19, 12:33:58 
28-Apr-19, 12:33:58 
28-Apr-19, 12:34:03 
28-Apr-19, 12:34:03 
28-Apr-19, 12:34:06 
28-Apr-19, 12:34:08 
28-Apr-19, 12:34:08 
28-Apr-19, 12:34:11 
28-Apr-19, 12:34:16 
28-Apr-19, 12:34:18 
28-Apr-19, 12:34:18 
28-Apr-19, 12:34:21 
28-Apr-19, 12:34:23 
28-Apr-19, 12:34:23 
28-Apr-19, 12:34:28 
28-Apr-19, 12:34:28 
28-Apr-19, 12:34:31 
28-Apr-19, 12:34:33 
28-Apr-19, 12:34:33 
28-Apr-19, 12:34:36 
28-Apr-19, 12:34:38 
28-Apr-19, 12:34:38 
28-Apr-19, 12:34:41 
28-Apr-19, 12:34:43 
28-Apr-19, 12:34:43 
28-Apr-19, 12:34:46 
28-Apr-19, 12:34:48 
28-Apr-19, 12:34:48 
28-Apr-19, 12:34:51 
28-Apr-19, 12:35:01 
28-Apr-19, 12:35:03 
28-Apr-19, 12:35:03 
28-Apr-19, 12:35:08 
28-Apr-19, 12:35:08 
28-Apr-19, 12:35:11 
28-Apr-19, 12:35:13 
28-Apr-19, 12:35:13 
28-Apr-19, 12:35:16 
28-Apr-19, 12:35:21 
28-Apr-19, 12:35:23 
28-Apr-19, 12:35:23 
28-Apr-19, 12:35:26 
28-Apr-19, 12:35:28 
28-Apr-19, 12:35:28 
28-Apr-19, 12:35:33 
28-Apr-19, 12:35:33 
28-Apr-19, 12:35:36 
28-Apr-19, 12:35:38 
28-Apr-19, 12:35:38 
28-Apr-19, 12:35:41 
28-Apr-19, 12:35:43 
28-Apr-19, 12:35:43 
28-Apr-19, 12:35:48 
28-Apr-19, 12:35:48 
28-Apr-19, 12:35:51 
28-Apr-19, 12:35:53 
28-Apr-19, 12:35:53 
28-Apr-19, 12:36:03 
28-Apr-19, 12:36:03 
28-Apr-19, 12:36:06 
28-Apr-19, 12:36:08 
28-Apr-19, 12:36:08 
28-Apr-19, 12:36:13 
28-Apr-19, 12:36:13 
28-Apr-19, 12:36:16 
28-Apr-19, 12:36:18 
28-Apr-19, 12:36:18 
28-Apr-19, 12:36:21 
28-Apr-19, 12:36:23 
28-Apr-19, 12:36:23 
28-Apr-19, 12:36:26 
28-Apr-19, 12:36:28 
28-Apr-19, 12:36:28 
28-Apr-19, 12:36:31 
28-Apr-19, 12:36:33 
28-Apr-19, 12:36:33 
28-Apr-19, 12:36:36 
28-Apr-19, 12:36:41 
28-Apr-19, 12:36:43 
28-Apr-19, 12:36:43 
28-Apr-19, 12:36:46 
28-Apr-19, 12:36:48 
28-Apr-19, 12:36:48 
28-Apr-19, 12:36:53 
28-Apr-19, 12:36:53 
28-Apr-19, 12:37:06 
28-Apr-19, 12:37:08 
28-Apr-19, 12:37:08 
28-Apr-19, 12:37:11 
28-Apr-19, 12:37:13 
28-Apr-19, 12:37:13 
28-Apr-19, 12:37:18 
28-Apr-19, 12:37:18 
28-Apr-19, 12:37:21 
28-Apr-19, 12:37:23 
28-Apr-19, 12:37:23 
28-Apr-19, 12:37:26 
28-Apr-19, 12:37:28 
28-Apr-19, 12:37:28 
28-Apr-19, 12:37:33 
28-Apr-19, 12:37:33 
28-Apr-19, 12:37:36 
28-Apr-19, 12:37:38 
28-Apr-19, 12:37:38 
28-Apr-19, 12:37:41 
28-Apr-19, 12:37:46 
28-Apr-19, 12:37:48 
28-Apr-19, 12:37:48 
28-Apr-19, 12:37:51 
28-Apr-19, 12:37:53 
28-Apr-19, 12:37:53 
28-Apr-19, 12:38:01 
28-Apr-19, 12:38:03 
28-Apr-19, 12:38:03 
28-Apr-19, 12:38:06 
28-Apr-19, 12:38:08 
28-Apr-19, 12:38:08 
28-Apr-19, 12:38:11 
28-Apr-19, 12:38:13 
28-Apr-19, 12:38:13 
28-Apr-19, 12:38:16 
28-Apr-19, 12:38:18 
28-Apr-19, 12:38:18 
28-Apr-19, 12:38:21 
28-Apr-19, 12:38:26 
28-Apr-19, 12:38:28 
28-Apr-19, 12:38:28 
28-Apr-19, 12:38:31 
28-Apr-19, 12:38:33 
28-Apr-19, 12:38:33 
28-Apr-19, 12:38:38 
28-Apr-19, 12:38:38 
28-Apr-19, 12:38:41 
28-Apr-19, 12:38:43 
28-Apr-19, 12:38:43 
28-Apr-19, 12:38:46 
28-Apr-19, 12:38:51 
28-Apr-19, 12:38:53 
28-Apr-19, 12:38:53 
28-Apr-19, 12:39:01 
28-Apr-19, 12:39:06 
28-Apr-19, 12:39:08 
28-Apr-19, 12:39:08 
28-Apr-19, 12:39:11 
28-Apr-19, 12:39:13 
28-Apr-19, 12:39:13 
28-Apr-19, 12:39:18 
28-Apr-19, 12:39:18 
28-Apr-19, 12:39:21 
28-Apr-19, 12:39:23 
28-Apr-19, 12:39:23 
28-Apr-19, 12:39:31 
28-Apr-19, 12:39:33 
28-Apr-19, 12:39:33 
28-Apr-19, 12:39:36 
28-Apr-19, 12:39:38 
28-Apr-19, 12:39:38 
28-Apr-19, 12:39:41 
28-Apr-19, 12:39:46 
28-Apr-19, 12:39:48 
28-Apr-19, 12:39:48 
28-Apr-19, 12:39:51 
28-Apr-19, 12:39:53 
28-Apr-19, 12:39:53 
28-Apr-19, 12:40:01 
28-Apr-19, 12:40:03 
28-Apr-19, 12:40:03 
28-Apr-19, 12:40:06 
28-Apr-19, 12:40:11 
28-Apr-19, 12:40:13 
28-Apr-19, 12:40:13 
28-Apr-19, 12:40:16 
28-Apr-19, 12:40:18 
28-Apr-19, 12:40:18 
28-Apr-19, 08:07:49 
28-Apr-19, 08:07:49 
28-Apr-19, 08:07:54 
28-Apr-19, 08:07:54 
28-Apr-19, 08:08:04 
28-Apr-19, 08:08:04 
28-Apr-19, 08:08:07 
28-Apr-19, 08:08:09 
28-Apr-19, 08:08:09 
28-Apr-19, 08:08:12 
28-Apr-19, 08:08:14 
28-Apr-19, 08:08:14 
28-Apr-19, 08:08:17 
28-Apr-19, 08:08:19 
28-Apr-19, 08:08:19 
28-Apr-19, 08:08:22 
28-Apr-19, 08:08:24 
28-Apr-19, 08:08:24 
28-Apr-19, 08:08:27 
28-Apr-19, 08:08:29 
28-Apr-19, 08:08:29 
28-Apr-19, 08:08:32 
28-Apr-19, 08:08:34 
28-Apr-19, 08:08:34 
28-Apr-19, 08:08:37 
28-Apr-19, 08:08:39 
28-Apr-19, 08:08:39 
28-Apr-19, 08:08:42 
28-Apr-19, 08:08:44 
28-Apr-19, 08:08:44 
28-Apr-19, 08:08:47 
28-Apr-19, 08:08:49 
28-Apr-19, 08:08:49 
28-Apr-19, 08:08:52 
28-Apr-19, 08:08:54 
28-Apr-19, 08:08:54 
28-Apr-19, 08:09:04 
28-Apr-19, 08:09:04 
28-Apr-19, 08:09:07 
28-Apr-19, 08:09:09 
28-Apr-19, 08:09:09 
28-Apr-19, 08:09:12 
28-Apr-19, 08:09:14 
28-Apr-19, 08:09:14 
28-Apr-19, 08:09:17 
28-Apr-19, 08:09:19 
28-Apr-19, 08:09:19 
28-Apr-19, 08:09:22 
28-Apr-19, 08:09:27 
28-Apr-19, 08:09:29 
28-Apr-19, 08:09:29 
28-Apr-19, 08:09:32 
28-Apr-19, 08:09:34 
28-Apr-19, 08:09:34 
28-Apr-19, 08:09:39 
28-Apr-19, 08:09:39 
28-Apr-19, 08:09:44 
28-Apr-19, 08:09:44 
28-Apr-19, 08:09:47 
28-Apr-19, 08:09:49 
28-Apr-19, 08:09:49 
28-Apr-19, 08:09:52 
28-Apr-19, 08:09:54 
28-Apr-19, 08:09:54 
28-Apr-19, 08:10:02 
28-Apr-19, 08:10:04 
28-Apr-19, 08:10:04 
28-Apr-19, 08:10:07 
28-Apr-19, 08:10:09 
28-Apr-19, 08:10:09 
28-Apr-19, 08:10:12 
28-Apr-19, 08:10:14 
28-Apr-19, 08:10:14 
28-Apr-19, 08:10:17 
28-Apr-19, 08:10:19 
28-Apr-19, 08:10:19 
28-Apr-19, 08:10:22 
28-Apr-19, 08:10:24 
28-Apr-19, 08:10:24 
28-Apr-19, 08:10:27 
28-Apr-19, 08:10:29 
28-Apr-19, 08:10:29 
28-Apr-19, 08:10:32 
28-Apr-19, 08:10:34 
28-Apr-19, 08:10:34 
28-Apr-19, 08:10:37 
28-Apr-19, 08:10:39 
28-Apr-19, 08:10:39 
28-Apr-19, 08:10:42 
28-Apr-19, 08:10:44 
28-Apr-19, 08:10:44 
28-Apr-19, 08:10:47 
28-Apr-19, 08:10:49 
28-Apr-19, 08:10:49 
28-Apr-19, 08:10:52 
28-Apr-19, 08:10:54 
28-Apr-19, 08:10:54 
28-Apr-19, 08:11:02 
28-Apr-19, 08:11:04 
28-Apr-19, 08:11:04 
28-Apr-19, 08:11:07 
28-Apr-19, 08:11:12 
28-Apr-19, 08:11:14 
28-Apr-19, 08:11:14 
28-Apr-19, 08:11:17 
28-Apr-19, 08:11:19 
28-Apr-19, 08:11:19 
28-Apr-19, 08:11:22 
28-Apr-19, 08:11:24 
28-Apr-19, 08:11:24 
28-Apr-19, 08:11:32 
28-Apr-19, 08:11:34 
28-Apr-19, 08:11:34 
28-Apr-19, 08:11:37 
28-Apr-19, 08:11:39 
28-Apr-19, 08:11:39 
28-Apr-19, 08:11:42 
28-Apr-19, 08:11:44 
28-Apr-19, 08:11:44 
28-Apr-19, 08:11:47 
28-Apr-19, 08:11:49 
28-Apr-19, 08:11:49 
28-Apr-19, 08:11:52 
28-Apr-19, 08:11:54 
28-Apr-19, 08:11:54 
28-Apr-19, 08:12:04 
28-Apr-19, 08:12:04 
28-Apr-19, 08:12:07 
28-Apr-19, 08:12:09 
28-Apr-19, 08:12:09 
28-Apr-19, 08:12:12 
28-Apr-19, 08:12:14 
28-Apr-19, 08:12:14 
28-Apr-19, 08:12:17 
28-Apr-19, 08:12:19 
28-Apr-19, 08:12:19 
28-Apr-19, 08:12:22 
28-Apr-19, 08:12:24 
28-Apr-19, 08:12:24 
28-Apr-19, 08:12:27 
28-Apr-19, 08:12:29 
28-Apr-19, 08:12:29 
28-Apr-19, 08:12:32 
28-Apr-19, 08:12:34 
28-Apr-19, 08:12:34 
28-Apr-19, 08:12:37 
28-Apr-19, 08:12:39 
28-Apr-19, 08:12:39 
28-Apr-19, 08:12:42 
28-Apr-19, 08:12:44 
28-Apr-19, 08:12:44 
28-Apr-19, 08:12:47 
28-Apr-19, 08:12:49 
28-Apr-19, 08:12:49 
28-Apr-19, 08:12:52 
28-Apr-19, 08:13:04 
28-Apr-19, 08:13:04 
28-Apr-19, 08:13:07 
28-Apr-19, 08:13:09 
28-Apr-19, 08:13:09 
28-Apr-19, 08:13:12 
28-Apr-19, 08:13:14 
28-Apr-19, 08:13:14 
28-Apr-19, 08:13:17 
28-Apr-19, 08:13:19 
28-Apr-19, 08:13:19 
28-Apr-19, 08:13:22 
28-Apr-19, 08:13:27 
28-Apr-19, 08:13:29 
28-Apr-19, 08:13:29 
28-Apr-19, 08:13:32 
28-Apr-19, 08:13:34 
28-Apr-19, 08:13:34 
28-Apr-19, 08:13:37 
28-Apr-19, 08:13:42 
28-Apr-19, 08:13:44 
28-Apr-19, 08:13:44 
28-Apr-19, 08:13:47 
28-Apr-19, 08:13:49 
28-Apr-19, 08:13:49 
28-Apr-19, 08:13:52 
28-Apr-19, 08:13:54 
28-Apr-19, 08:13:54 
28-Apr-19, 08:14:02 
28-Apr-19, 08:14:04 
28-Apr-19, 08:14:04 
28-Apr-19, 08:14:07 
28-Apr-19, 08:14:09 
28-Apr-19, 08:14:09 
28-Apr-19, 08:14:14 
28-Apr-19, 08:14:14 
28-Apr-19, 08:14:17 
28-Apr-19, 08:14:19 
28-Apr-19, 08:14:19 
28-Apr-19, 08:14:22 
28-Apr-19, 08:14:27 
28-Apr-19, 08:14:29 
28-Apr-19, 08:14:29 
28-Apr-19, 08:14:32 
28-Apr-19, 08:14:34 
28-Apr-19, 08:14:34 
28-Apr-19, 08:14:37 
28-Apr-19, 08:14:42 
28-Apr-19, 08:14:44 
28-Apr-19, 08:14:44 
28-Apr-19, 08:14:49 
28-Apr-19, 08:14:49 
28-Apr-19, 08:14:52 
28-Apr-19, 08:14:54 
28-Apr-19, 08:14:54 
28-Apr-19, 08:15:02 
28-Apr-19, 08:15:04 
28-Apr-19, 08:15:04 
28-Apr-19, 08:15:07 
28-Apr-19, 08:15:09 
28-Apr-19, 08:15:09 
28-Apr-19, 08:15:12 
28-Apr-19, 08:15:14 
28-Apr-19, 08:15:14 
28-Apr-19, 08:15:17 
28-Apr-19, 08:15:19 
28-Apr-19, 08:15:19 
28-Apr-19, 08:15:22 
28-Apr-19, 08:15:24 
28-Apr-19, 08:15:24 
28-Apr-19, 08:15:27 
28-Apr-19, 08:15:29 
28-Apr-19, 08:15:29 
28-Apr-19, 08:15:32 
28-Apr-19, 08:15:34 
28-Apr-19, 08:15:34 
28-Apr-19, 08:15:37 
28-Apr-19, 08:15:39 
28-Apr-19, 08:15:39 
28-Apr-19, 08:15:44 
28-Apr-19, 08:15:44 
28-Apr-19, 08:15:47 
28-Apr-19, 08:15:49 
28-Apr-19, 08:15:49 
28-Apr-19, 08:15:52 
28-Apr-19, 08:15:54 
28-Apr-19, 08:15:54 
28-Apr-19, 08:16:04 
28-Apr-19, 08:16:04 
28-Apr-19, 08:16:07 
28-Apr-19, 08:16:09 
28-Apr-19, 08:16:09 
28-Apr-19, 08:16:14 
28-Apr-19, 08:16:14 
28-Apr-19, 08:16:17 
28-Apr-19, 08:16:19 
28-Apr-19, 08:16:19 
28-Apr-19, 08:16:22 
28-Apr-19, 08:16:24 
28-Apr-19, 08:16:24 
28-Apr-19, 08:16:27 
28-Apr-19, 08:16:29 
28-Apr-19, 08:16:29 
28-Apr-19, 08:16:32 
28-Apr-19, 08:16:34 
28-Apr-19, 08:16:34 
28-Apr-19, 08:16:37 
28-Apr-19, 08:16:39 
28-Apr-19, 08:16:39 
28-Apr-19, 08:16:42 
28-Apr-19, 08:16:44 
28-Apr-19, 08:16:44 
28-Apr-19, 08:16:47 
28-Apr-19, 08:16:49 
28-Apr-19, 08:16:49 
28-Apr-19, 08:16:52 
28-Apr-19, 08:16:54 
28-Apr-19, 08:16:54 
28-Apr-19, 08:17:02 
28-Apr-19, 08:17:04 
28-Apr-19, 08:17:04 
28-Apr-19, 08:17:07 
28-Apr-19, 08:17:09 
28-Apr-19, 08:17:09 
28-Apr-19, 08:17:12 
28-Apr-19, 08:17:14 
28-Apr-19, 08:17:14 
28-Apr-19, 08:17:17 
28-Apr-19, 08:17:19 
28-Apr-19, 08:17:19 
28-Apr-19, 08:17:22 
28-Apr-19, 08:17:24 
28-Apr-19, 08:17:24 
28-Apr-19, 08:17:27 
28-Apr-19, 08:17:29 
28-Apr-19, 08:17:29 
28-Apr-19, 08:17:32 
28-Apr-19, 08:17:34 
28-Apr-19, 08:17:34 
28-Apr-19, 08:17:37 
28-Apr-19, 08:17:39 
28-Apr-19, 08:17:39 
28-Apr-19, 08:17:42 
28-Apr-19, 08:17:47 
28-Apr-19, 08:17:49 
28-Apr-19, 08:17:49 
28-Apr-19, 08:17:52 
28-Apr-19, 08:17:54 
28-Apr-19, 08:17:54 
28-Apr-19, 08:18:02 
28-Apr-19, 08:18:04 
28-Apr-19, 08:18:04 
28-Apr-19, 08:18:07 
28-Apr-19, 08:18:09 
28-Apr-19, 08:18:09 
28-Apr-19, 08:18:12 
28-Apr-19, 08:18:14 
28-Apr-19, 08:18:14 
28-Apr-19, 08:18:17 
28-Apr-19, 08:18:19 
28-Apr-19, 08:18:19 
28-Apr-19, 08:18:22 
28-Apr-19, 08:18:24 
28-Apr-19, 08:18:24 
28-Apr-19, 08:18:27 
28-Apr-19, 08:18:29 
28-Apr-19, 08:18:29 
28-Apr-19, 08:18:32 
28-Apr-19, 08:18:34 
28-Apr-19, 08:18:34 
28-Apr-19, 08:18:37 
28-Apr-19, 08:18:39 
28-Apr-19, 08:18:39 
28-Apr-19, 08:18:42 
28-Apr-19, 08:18:44 
28-Apr-19, 08:18:44 
28-Apr-19, 08:18:47 
28-Apr-19, 08:18:49 
28-Apr-19, 08:18:49 
28-Apr-19, 08:18:52 
28-Apr-19, 08:18:54 
28-Apr-19, 08:18:54 
28-Apr-19, 08:19:02 
28-Apr-19, 08:19:04 
28-Apr-19, 08:19:04 
28-Apr-19, 08:19:07 
28-Apr-19, 08:19:09 
28-Apr-19, 08:19:09 
28-Apr-19, 08:19:12 
28-Apr-19, 08:19:14 
28-Apr-19, 08:19:14 
28-Apr-19, 08:19:17 
28-Apr-19, 08:19:19 
28-Apr-19, 08:19:19 
28-Apr-19, 08:19:22 
28-Apr-19, 08:19:24 
28-Apr-19, 08:19:24 
28-Apr-19, 08:19:27 
28-Apr-19, 08:19:32 
28-Apr-19, 08:19:34 
28-Apr-19, 08:19:34 
28-Apr-19, 08:19:37 
28-Apr-19, 08:19:39 
28-Apr-19, 08:19:39 
28-Apr-19, 08:19:47 
28-Apr-19, 08:19:49 
28-Apr-19, 08:19:49 
28-Apr-19, 08:19:52 
28-Apr-19, 08:19:54 
28-Apr-19, 08:19:54 
28-Apr-19, 08:20:07 
28-Apr-19, 08:20:09 
28-Apr-19, 08:20:09 
28-Apr-19, 08:20:12 
28-Apr-19, 08:20:14 
28-Apr-19, 08:20:14 
28-Apr-19, 08:20:17 
28-Apr-19, 08:20:19 
28-Apr-19, 08:20:19 
28-Apr-19, 08:20:22 
28-Apr-19, 08:20:24 
28-Apr-19, 08:20:24 
28-Apr-19, 08:20:27 
28-Apr-19, 08:20:29 
28-Apr-19, 08:20:29 
28-Apr-19, 08:20:32 
28-Apr-19, 08:20:34 
28-Apr-19, 08:20:34 
28-Apr-19, 08:20:37 
28-Apr-19, 08:20:39 
28-Apr-19, 08:20:39 
28-Apr-19, 08:20:42 
28-Apr-19, 08:20:44 
28-Apr-19, 08:20:44 
28-Apr-19, 08:20:47 
28-Apr-19, 08:20:49 
28-Apr-19, 08:20:49 
28-Apr-19, 08:20:52 
28-Apr-19, 08:20:54 
28-Apr-19, 08:20:54 
28-Apr-19, 08:20:59 
28-Apr-19, 08:20:59 
28-Apr-19, 08:21:02 
28-Apr-19, 08:21:04 
28-Apr-19, 08:21:04 
28-Apr-19, 08:21:07 
28-Apr-19, 08:21:09 
28-Apr-19, 08:21:09 
28-Apr-19, 08:21:12 
28-Apr-19, 08:21:17 
28-Apr-19, 08:21:19 
28-Apr-19, 08:21:19 
28-Apr-19, 08:21:22 
28-Apr-19, 08:21:24 
28-Apr-19, 08:21:24 
28-Apr-19, 08:21:27 
28-Apr-19, 08:21:29 
28-Apr-19, 08:21:29 
28-Apr-19, 08:21:32 
28-Apr-19, 08:21:34 
28-Apr-19, 08:21:34 
28-Apr-19, 08:21:37 
28-Apr-19, 08:21:39 
28-Apr-19, 08:21:39 
28-Apr-19, 08:21:42 
28-Apr-19, 08:21:44 
28-Apr-19, 08:21:44 
28-Apr-19, 08:21:47 
28-Apr-19, 08:21:49 
28-Apr-19, 08:21:49 
28-Apr-19, 08:21:52 
28-Apr-19, 08:21:54 
28-Apr-19, 08:21:54 
28-Apr-19, 08:22:04 
28-Apr-19, 08:22:04 
28-Apr-19, 08:22:07 
28-Apr-19, 08:22:09 
28-Apr-19, 08:22:09 
28-Apr-19, 08:22:12 
28-Apr-19, 08:22:14 
28-Apr-19, 08:22:14 
28-Apr-19, 08:22:17 
28-Apr-19, 08:22:19 
28-Apr-19, 08:22:19 
28-Apr-19, 08:22:22 
28-Apr-19, 08:22:24 
28-Apr-19, 08:22:24 
28-Apr-19, 08:22:27 
28-Apr-19, 08:22:29 
28-Apr-19, 08:22:29 
28-Apr-19, 08:22:32 
28-Apr-19, 08:22:34 
28-Apr-19, 08:22:34 
28-Apr-19, 08:22:37 
28-Apr-19, 08:22:39 
28-Apr-19, 08:22:39 
28-Apr-19, 08:22:42 
28-Apr-19, 08:22:44 
28-Apr-19, 08:22:44 
28-Apr-19, 08:22:47 
28-Apr-19, 08:22:52 
28-Apr-19, 08:22:54 
28-Apr-19, 08:22:54 
28-Apr-19, 08:23:04 
28-Apr-19, 08:23:04 
28-Apr-19, 08:23:07 
28-Apr-19, 08:23:09 
28-Apr-19, 08:23:09 
28-Apr-19, 08:23:12 
28-Apr-19, 08:23:14 
28-Apr-19, 08:23:14 
28-Apr-19, 08:23:17 
28-Apr-19, 08:23:19 
28-Apr-19, 08:23:19 
28-Apr-19, 08:23:22 
28-Apr-19, 08:23:24 
28-Apr-19, 08:23:24 
28-Apr-19, 08:23:27 
28-Apr-19, 08:23:29 
28-Apr-19, 08:23:29 
28-Apr-19, 08:23:32 
28-Apr-19, 08:23:34 
28-Apr-19, 08:23:34 
28-Apr-19, 08:23:37 
28-Apr-19, 08:23:39 
28-Apr-19, 08:23:39 
28-Apr-19, 08:23:42 
28-Apr-19, 08:23:44 
28-Apr-19, 08:23:44 
28-Apr-19, 08:23:47 
28-Apr-19, 08:23:49 
28-Apr-19, 08:23:49 
28-Apr-19, 08:23:52 
28-Apr-19, 08:23:54 
28-Apr-19, 08:23:54 
28-Apr-19, 08:24:04 
28-Apr-19, 08:24:04 
28-Apr-19, 08:24:07 
28-Apr-19, 08:24:12 
28-Apr-19, 08:24:14 
28-Apr-19, 08:24:14 
28-Apr-19, 08:24:19 
28-Apr-19, 08:24:19 
28-Apr-19, 08:24:22 
28-Apr-19, 08:24:24 
28-Apr-19, 08:24:24 
28-Apr-19, 08:24:27 
28-Apr-19, 08:24:29 
28-Apr-19, 08:24:29 
28-Apr-19, 08:24:32 
28-Apr-19, 08:24:34 
28-Apr-19, 08:24:34 
28-Apr-19, 08:24:37 
28-Apr-19, 08:24:39 
28-Apr-19, 08:24:39 
28-Apr-19, 08:24:42 
28-Apr-19, 08:24:44 
28-Apr-19, 08:24:44 
28-Apr-19, 08:24:47 
28-Apr-19, 08:24:49 
28-Apr-19, 08:24:49 
28-Apr-19, 08:24:52 
28-Apr-19, 08:24:54 
28-Apr-19, 08:24:54 
28-Apr-19, 08:25:02 
28-Apr-19, 08:25:04 
28-Apr-19, 08:25:04 
28-Apr-19, 08:25:07 
28-Apr-19, 08:25:09 
28-Apr-19, 08:25:09 
28-Apr-19, 08:25:12 
28-Apr-19, 08:25:14 
28-Apr-19, 08:25:14 
28-Apr-19, 08:25:17 
28-Apr-19, 08:25:19 
28-Apr-19, 08:25:19 
28-Apr-19, 08:25:22 
28-Apr-19, 08:25:24 
28-Apr-19, 08:25:24 
28-Apr-19, 08:25:27 
28-Apr-19, 08:25:29 
28-Apr-19, 08:25:29 
28-Apr-19, 08:25:32 
28-Apr-19, 08:25:34 
28-Apr-19, 08:25:34 
28-Apr-19, 08:25:37 
28-Apr-19, 08:25:39 
28-Apr-19, 08:25:39 
28-Apr-19, 08:25:42 
28-Apr-19, 08:25:44 
28-Apr-19, 08:25:44 
28-Apr-19, 08:25:47 
28-Apr-19, 08:25:49 
28-Apr-19, 08:25:49 
28-Apr-19, 08:25:52 
28-Apr-19, 08:25:54 
28-Apr-19, 08:25:54 
28-Apr-19, 08:26:04 
28-Apr-19, 08:26:04 
28-Apr-19, 08:26:07 
28-Apr-19, 08:26:09 
28-Apr-19, 08:26:09 
28-Apr-19, 08:26:12 
28-Apr-19, 08:26:14 
28-Apr-19, 08:26:14 
28-Apr-19, 08:26:17 
28-Apr-19, 08:26:19 
28-Apr-19, 08:26:19 
28-Apr-19, 08:26:22 
28-Apr-19, 08:26:24 
28-Apr-19, 08:26:24 
28-Apr-19, 08:26:27 
28-Apr-19, 08:26:29 
28-Apr-19, 08:26:29 
28-Apr-19, 08:26:32 
28-Apr-19, 08:26:34 
28-Apr-19, 08:26:34 
28-Apr-19, 08:26:37 
28-Apr-19, 08:26:39 
28-Apr-19, 08:26:39 
28-Apr-19, 08:26:42 
28-Apr-19, 08:26:44 
28-Apr-19, 08:26:44 
28-Apr-19, 08:26:47 
28-Apr-19, 08:26:49 
28-Apr-19, 08:26:49 
28-Apr-19, 08:26:52 
28-Apr-19, 08:26:54 
28-Apr-19, 08:26:54 
28-Apr-19, 08:27:02 
28-Apr-19, 08:27:04 
28-Apr-19, 08:27:04 
28-Apr-19, 08:27:07 
28-Apr-19, 08:27:12 
28-Apr-19, 08:27:14 
28-Apr-19, 08:27:14 
28-Apr-19, 08:27:17 
28-Apr-19, 08:27:19 
28-Apr-19, 08:27:19 
28-Apr-19, 08:27:22 
28-Apr-19, 08:27:24 
28-Apr-19, 08:27:24 
28-Apr-19, 08:27:27 
28-Apr-19, 08:27:29 
28-Apr-19, 08:27:29 
28-Apr-19, 08:27:32 
28-Apr-19, 08:27:37 
28-Apr-19, 08:27:39 
28-Apr-19, 08:27:39 
28-Apr-19, 08:27:42 
28-Apr-19, 08:27:44 
28-Apr-19, 08:27:44 
28-Apr-19, 08:27:49 
28-Apr-19, 08:27:49 
28-Apr-19, 08:27:52 
28-Apr-19, 08:27:54 
28-Apr-19, 08:27:54 
28-Apr-19, 08:28:02 
28-Apr-19, 08:28:04 
28-Apr-19, 08:28:04 
28-Apr-19, 08:28:07 
28-Apr-19, 08:28:09 
28-Apr-19, 08:28:09 
28-Apr-19, 08:28:12 
28-Apr-19, 08:28:14 
28-Apr-19, 08:28:14 
28-Apr-19, 08:28:17 
28-Apr-19, 08:28:19 
28-Apr-19, 08:28:19 
28-Apr-19, 08:28:22 
28-Apr-19, 08:28:24 
28-Apr-19, 08:28:24 
28-Apr-19, 08:28:27 
28-Apr-19, 08:28:29 
28-Apr-19, 08:28:29 
28-Apr-19, 08:28:32 
28-Apr-19, 08:28:34 
28-Apr-19, 08:28:34 
28-Apr-19, 08:28:37 
28-Apr-19, 08:28:39 
28-Apr-19, 08:28:39 
28-Apr-19, 08:28:42 
28-Apr-19, 08:28:44 
28-Apr-19, 08:28:44 
28-Apr-19, 08:28:47 
28-Apr-19, 08:28:49 
28-Apr-19, 08:28:49 
28-Apr-19, 08:28:52 
28-Apr-19, 08:28:54 
28-Apr-19, 08:28:54 
28-Apr-19, 08:29:04 
28-Apr-19, 08:29:04 
28-Apr-19, 08:29:07 
28-Apr-19, 08:29:09 
28-Apr-19, 08:29:09 
28-Apr-19, 08:29:12 
28-Apr-19, 08:29:14 
28-Apr-19, 08:29:14 
28-Apr-19, 08:29:17 
28-Apr-19, 08:29:22 
28-Apr-19, 08:29:24 
28-Apr-19, 08:29:24 
28-Apr-19, 08:29:27 
28-Apr-19, 08:29:29 
28-Apr-19, 08:29:29 
28-Apr-19, 08:29:34 
28-Apr-19, 08:29:34 
28-Apr-19, 08:29:37 
28-Apr-19, 08:29:39 
28-Apr-19, 08:29:39 
28-Apr-19, 08:29:42 
28-Apr-19, 08:29:44 
28-Apr-19, 08:29:44 
28-Apr-19, 08:29:47 
28-Apr-19, 08:29:49 
28-Apr-19, 08:29:49 
28-Apr-19, 08:29:54 
28-Apr-19, 08:29:54 
28-Apr-19, 08:30:02 
28-Apr-19, 08:30:04 
28-Apr-19, 08:30:04 
28-Apr-19, 08:30:07 
28-Apr-19, 08:30:09 
28-Apr-19, 08:30:09 
28-Apr-19, 08:30:12 
28-Apr-19, 08:30:14 
28-Apr-19, 08:30:14 
28-Apr-19, 08:30:17 
28-Apr-19, 08:30:19 
28-Apr-19, 08:30:19 
28-Apr-19, 08:30:22 
28-Apr-19, 08:30:24 
28-Apr-19, 08:30:24 
28-Apr-19, 08:30:27 
28-Apr-19, 08:30:29 
28-Apr-19, 08:30:29 
28-Apr-19, 08:30:32 
28-Apr-19, 08:30:34 
28-Apr-19, 08:30:34 
28-Apr-19, 08:30:37 
28-Apr-19, 08:30:39 
28-Apr-19, 08:30:39 
28-Apr-19, 08:30:42 
28-Apr-19, 08:30:44 
28-Apr-19, 08:30:44 
28-Apr-19, 08:30:47 
28-Apr-19, 08:30:49 
28-Apr-19, 08:30:49 
28-Apr-19, 08:30:52 
28-Apr-19, 08:30:54 
28-Apr-19, 08:30:54 
28-Apr-19, 08:31:07 
28-Apr-19, 08:31:09 
28-Apr-19, 08:31:09 
28-Apr-19, 08:31:12 
28-Apr-19, 08:31:14 
28-Apr-19, 08:31:14 
28-Apr-19, 08:31:17 
28-Apr-19, 08:31:19 
28-Apr-19, 08:31:19 
28-Apr-19, 08:31:22 
28-Apr-19, 08:31:24 
28-Apr-19, 08:31:24 
28-Apr-19, 08:31:27 
28-Apr-19, 08:31:29 
28-Apr-19, 08:31:29 
28-Apr-19, 08:31:32 
28-Apr-19, 08:31:34 
28-Apr-19, 08:31:34 
28-Apr-19, 08:31:37 
28-Apr-19, 08:31:39 
28-Apr-19, 08:31:39 
28-Apr-19, 08:31:42 
28-Apr-19, 08:31:44 
28-Apr-19, 08:31:44 
28-Apr-19, 08:31:47 
28-Apr-19, 08:31:49 
28-Apr-19, 08:31:49 
28-Apr-19, 08:31:52 
28-Apr-19, 08:31:54 
28-Apr-19, 08:31:54 
28-Apr-19, 08:32:04 
28-Apr-19, 08:32:04 
28-Apr-19, 08:32:07 
28-Apr-19, 08:32:09 
28-Apr-19, 08:32:09 
28-Apr-19, 08:32:12 
28-Apr-19, 08:32:14 
28-Apr-19, 08:32:14 
28-Apr-19, 08:32:17 
28-Apr-19, 08:32:19 
28-Apr-19, 08:32:19 
28-Apr-19, 08:32:22 
28-Apr-19, 08:32:24 
28-Apr-19, 08:32:24 
28-Apr-19, 08:32:27 
28-Apr-19, 08:32:29 
28-Apr-19, 08:32:29 
28-Apr-19, 08:32:32 
28-Apr-19, 08:32:34 
28-Apr-19, 08:32:34 
28-Apr-19, 08:32:39 
28-Apr-19, 08:32:39 
28-Apr-19, 08:32:42 
28-Apr-19, 08:32:44 
28-Apr-19, 08:32:44 
28-Apr-19, 08:32:47 
28-Apr-19, 08:32:52 
28-Apr-19, 08:32:54 
28-Apr-19, 08:32:54 
28-Apr-19, 08:33:02 
28-Apr-19, 08:33:04 
28-Apr-19, 08:33:04 
28-Apr-19, 08:33:07 
28-Apr-19, 08:33:09 
28-Apr-19, 08:33:09 
28-Apr-19, 08:33:12 
28-Apr-19, 08:33:14 
28-Apr-19, 08:33:14 
28-Apr-19, 08:33:17 
28-Apr-19, 08:33:19 
28-Apr-19, 08:33:19 
28-Apr-19, 08:33:22 
28-Apr-19, 08:33:24 
28-Apr-19, 08:33:24 
28-Apr-19, 08:33:27 
28-Apr-19, 08:33:29 
28-Apr-19, 08:33:29 
28-Apr-19, 08:33:32 
28-Apr-19, 08:33:34 
28-Apr-19, 08:33:34 
28-Apr-19, 08:33:37 
28-Apr-19, 08:33:39 
28-Apr-19, 08:33:39 
28-Apr-19, 08:33:42 
28-Apr-19, 08:33:44 
28-Apr-19, 08:33:44 
28-Apr-19, 08:33:47 
28-Apr-19, 08:33:49 
28-Apr-19, 08:33:49 
28-Apr-19, 08:33:52 
28-Apr-19, 08:33:54 
28-Apr-19, 08:33:54 
28-Apr-19, 08:34:02 
28-Apr-19, 08:34:04 
28-Apr-19, 08:34:04 
28-Apr-19, 08:34:07 
28-Apr-19, 08:34:09 
28-Apr-19, 08:34:09 
28-Apr-19, 08:34:12 
28-Apr-19, 08:34:17 
28-Apr-19, 08:34:19 
28-Apr-19, 08:34:19 
28-Apr-19, 08:34:24 
28-Apr-19, 08:34:24 
28-Apr-19, 08:34:27 
28-Apr-19, 08:34:29 
28-Apr-19, 08:34:29 
28-Apr-19, 08:34:32 
28-Apr-19, 08:34:34 
28-Apr-19, 08:34:34 
28-Apr-19, 08:34:37 
28-Apr-19, 08:34:39 
28-Apr-19, 08:34:39 
28-Apr-19, 08:34:42 
28-Apr-19, 08:34:44 
28-Apr-19, 08:34:44 
28-Apr-19, 08:34:47 
28-Apr-19, 08:34:49 
28-Apr-19, 08:34:49 
28-Apr-19, 08:34:52 
28-Apr-19, 08:34:54 
28-Apr-19, 08:34:54 
28-Apr-19, 08:34:59 
28-Apr-19, 08:34:59 
28-Apr-19, 08:35:04 
28-Apr-19, 08:35:04 
28-Apr-19, 08:35:07 
28-Apr-19, 08:35:09 
28-Apr-19, 08:35:09 
28-Apr-19, 08:35:12 
28-Apr-19, 08:35:14 
28-Apr-19, 08:35:14 
28-Apr-19, 08:35:17 
28-Apr-19, 08:35:19 
28-Apr-19, 08:35:19 
28-Apr-19, 08:35:22 
28-Apr-19, 08:35:24 
28-Apr-19, 08:35:24 
28-Apr-19, 08:35:27 
28-Apr-19, 08:35:29 
28-Apr-19, 08:35:29 
28-Apr-19, 08:35:32 
28-Apr-19, 08:35:34 
28-Apr-19, 08:35:34 
28-Apr-19, 08:35:37 
28-Apr-19, 08:35:39 
28-Apr-19, 08:35:39 
28-Apr-19, 08:35:42 
28-Apr-19, 08:35:44 
28-Apr-19, 08:35:44 
28-Apr-19, 08:35:47 
28-Apr-19, 08:35:49 
28-Apr-19, 08:35:49 
28-Apr-19, 08:35:52 
28-Apr-19, 08:36:04 
28-Apr-19, 08:36:04 
28-Apr-19, 08:36:09 
28-Apr-19, 08:36:09 
28-Apr-19, 08:36:12 
28-Apr-19, 08:36:14 
28-Apr-19, 08:36:14 
28-Apr-19, 08:36:17 
28-Apr-19, 08:36:22 
28-Apr-19, 08:36:24 
28-Apr-19, 08:36:24 
28-Apr-19, 08:36:27 
28-Apr-19, 08:36:29 
28-Apr-19, 08:36:29 
28-Apr-19, 08:36:32 
28-Apr-19, 08:36:34 
28-Apr-19, 08:36:34 
28-Apr-19, 08:36:37 
28-Apr-19, 08:36:39 
28-Apr-19, 08:36:39 
28-Apr-19, 08:36:42 
28-Apr-19, 08:36:44 
28-Apr-19, 08:36:44 
28-Apr-19, 08:36:47 
28-Apr-19, 08:36:49 
28-Apr-19, 08:36:49 
28-Apr-19, 08:36:52 
28-Apr-19, 08:36:54 
28-Apr-19, 08:36:54 
28-Apr-19, 08:37:04 
28-Apr-19, 08:37:04 
28-Apr-19, 08:37:07 
28-Apr-19, 08:37:09 
28-Apr-19, 08:37:09 
28-Apr-19, 08:37:12 
28-Apr-19, 08:37:17 
28-Apr-19, 08:37:19 
28-Apr-19, 08:37:19 
28-Apr-19, 08:37:22 
28-Apr-19, 08:37:27 
28-Apr-19, 08:37:29 
28-Apr-19, 08:37:29 
28-Apr-19, 08:37:32 
28-Apr-19, 08:37:34 
28-Apr-19, 08:37:34 
28-Apr-19, 08:37:42 
28-Apr-19, 08:37:44 
28-Apr-19, 08:37:44 
28-Apr-19, 08:37:47 
28-Apr-19, 08:37:49 
28-Apr-19, 08:37:49 
28-Apr-19, 08:37:54 
28-Apr-19, 08:37:54 
28-Apr-19, 08:38:02 
28-Apr-19, 08:38:04 
28-Apr-19, 08:38:04 
28-Apr-19, 08:38:07 
28-Apr-19, 08:38:09 
28-Apr-19, 08:38:09 
28-Apr-19, 08:38:12 
28-Apr-19, 08:38:14 
28-Apr-19, 08:38:14 
28-Apr-19, 08:38:17 
28-Apr-19, 08:38:19 
28-Apr-19, 08:38:19 
28-Apr-19, 08:38:22 
28-Apr-19, 08:38:24 
28-Apr-19, 08:38:24 
28-Apr-19, 08:38:27 
28-Apr-19, 08:38:29 
28-Apr-19, 08:38:29 
28-Apr-19, 08:38:32 
28-Apr-19, 08:38:34 
28-Apr-19, 08:38:34 
28-Apr-19, 08:38:37 
28-Apr-19, 08:38:39 
28-Apr-19, 08:38:39 
28-Apr-19, 08:38:42 
28-Apr-19, 08:38:44 
28-Apr-19, 08:38:44 
28-Apr-19, 08:38:47 
28-Apr-19, 08:38:49 
28-Apr-19, 08:38:49 
28-Apr-19, 08:38:52 
28-Apr-19, 08:38:54 
28-Apr-19, 08:38:54 
28-Apr-19, 08:39:02 
28-Apr-19, 08:39:04 
28-Apr-19, 08:39:04 
28-Apr-19, 08:39:07 
28-Apr-19, 08:39:09 
28-Apr-19, 08:39:09 
28-Apr-19, 08:39:12 
28-Apr-19, 08:39:14 
28-Apr-19, 08:39:14 
28-Apr-19, 08:39:17 
28-Apr-19, 08:39:19 
28-Apr-19, 08:39:19 
28-Apr-19, 08:39:22 
28-Apr-19, 08:39:27 
28-Apr-19, 08:39:29 
28-Apr-19, 08:39:29 
28-Apr-19, 08:39:32 
28-Apr-19, 08:39:34 
28-Apr-19, 08:39:34 
28-Apr-19, 08:39:37 
28-Apr-19, 08:39:39 
28-Apr-19, 08:39:39 
28-Apr-19, 08:39:42 
28-Apr-19, 08:39:44 
28-Apr-19, 08:39:44 
28-Apr-19, 08:39:47 
28-Apr-19, 08:39:49 
28-Apr-19, 08:39:49 
28-Apr-19, 08:39:52 
28-Apr-19, 08:39:54 
28-Apr-19, 08:39:54 
28-Apr-19, 08:40:02 
28-Apr-19, 08:40:04 
28-Apr-19, 08:40:04 
28-Apr-19, 08:40:07 
28-Apr-19, 08:40:09 
28-Apr-19, 08:40:09 
28-Apr-19, 08:40:12 
28-Apr-19, 08:40:14 
28-Apr-19, 08:40:14 
28-Apr-19, 08:40:17 
28-Apr-19, 08:40:19 
28-Apr-19, 08:40:19 
28-Apr-19, 08:40:22 
28-Apr-19, 08:40:24 
28-Apr-19, 08:40:24 
28-Apr-19, 08:40:27 
28-Apr-19, 08:40:29 
28-Apr-19, 08:40:29 
28-Apr-19, 08:40:32 
28-Apr-19, 08:40:37 
28-Apr-19, 08:40:39 
28-Apr-19, 08:40:39 
28-Apr-19, 08:40:44 
28-Apr-19, 08:40:44 
28-Apr-19, 08:40:47 
28-Apr-19, 08:40:49 
28-Apr-19, 08:40:49 
28-Apr-19, 08:40:52 
28-Apr-19, 08:40:54 
28-Apr-19, 08:40:54 
28-Apr-19, 08:41:04 
28-Apr-19, 08:41:04 
28-Apr-19, 08:41:07 
28-Apr-19, 08:41:12 
28-Apr-19, 08:41:14 
28-Apr-19, 08:41:14 
28-Apr-19, 08:41:17 
28-Apr-19, 08:41:22 
28-Apr-19, 08:41:24 
28-Apr-19, 08:41:24 
28-Apr-19, 08:41:27 
28-Apr-19, 08:41:29 
28-Apr-19, 08:41:29 
28-Apr-19, 08:41:32 
28-Apr-19, 08:41:34 
28-Apr-19, 08:41:34 
28-Apr-19, 08:41:37 
28-Apr-19, 08:41:39 
28-Apr-19, 08:41:39 
28-Apr-19, 08:41:42 
28-Apr-19, 08:41:44 
28-Apr-19, 08:41:44 
28-Apr-19, 08:41:47 
28-Apr-19, 08:41:49 
28-Apr-19, 08:41:49 
28-Apr-19, 08:41:52 
28-Apr-19, 08:41:54 
28-Apr-19, 08:41:54 
28-Apr-19, 08:42:09 
28-Apr-19, 08:42:09 
28-Apr-19, 08:42:12 
28-Apr-19, 08:42:14 
28-Apr-19, 08:42:14 
28-Apr-19, 08:42:17 
28-Apr-19, 08:42:19 
28-Apr-19, 08:42:19 
28-Apr-19, 08:42:22 
28-Apr-19, 08:42:24 
28-Apr-19, 08:42:24 
28-Apr-19, 08:42:29 
28-Apr-19, 08:42:29 
28-Apr-19, 08:42:32 
28-Apr-19, 08:42:34 
28-Apr-19, 08:42:34 
28-Apr-19, 08:42:37 
28-Apr-19, 08:42:39 
28-Apr-19, 08:42:39 
28-Apr-19, 08:42:42 
28-Apr-19, 08:42:44 
28-Apr-19, 08:42:44 
28-Apr-19, 08:42:47 
28-Apr-19, 08:42:49 
28-Apr-19, 08:42:49 
28-Apr-19, 08:42:52 
28-Apr-19, 08:42:54 
28-Apr-19, 08:42:54 
28-Apr-19, 08:43:02 
28-Apr-19, 08:43:04 
28-Apr-19, 08:43:04 
28-Apr-19, 08:43:07 
28-Apr-19, 08:43:09 
28-Apr-19, 08:43:09 
28-Apr-19, 08:43:12 
28-Apr-19, 08:43:14 
28-Apr-19, 08:43:14 
28-Apr-19, 08:43:17 
28-Apr-19, 08:43:19 
28-Apr-19, 08:43:19 
28-Apr-19, 08:43:22 
28-Apr-19, 08:43:24 
28-Apr-19, 08:43:24 
28-Apr-19, 08:43:27 
28-Apr-19, 08:43:29 
28-Apr-19, 08:43:29 
28-Apr-19, 08:43:32 
28-Apr-19, 08:43:34 
28-Apr-19, 08:43:34 
28-Apr-19, 08:43:37 
28-Apr-19, 08:43:42 
28-Apr-19, 08:43:44 
28-Apr-19, 08:43:44 
28-Apr-19, 08:43:47 
28-Apr-19, 08:43:49 
28-Apr-19, 08:43:49 
28-Apr-19, 08:43:52 
28-Apr-19, 08:43:54 
28-Apr-19, 08:43:54 
28-Apr-19, 08:44:04 
28-Apr-19, 08:44:04 
28-Apr-19, 08:44:07 
28-Apr-19, 08:44:09 
28-Apr-19, 08:44:09 
28-Apr-19, 08:44:14 
28-Apr-19, 08:44:14 
28-Apr-19, 08:44:17 
28-Apr-19, 08:44:19 
28-Apr-19, 08:44:19 
28-Apr-19, 08:44:22 
28-Apr-19, 08:44:24 
28-Apr-19, 08:44:24 
28-Apr-19, 08:44:27 
28-Apr-19, 08:44:29 
28-Apr-19, 08:44:29 
28-Apr-19, 08:44:32 
28-Apr-19, 08:44:34 
28-Apr-19, 08:44:34 
28-Apr-19, 08:44:37 
28-Apr-19, 08:44:42 
28-Apr-19, 08:44:44 
28-Apr-19, 08:44:44 
28-Apr-19, 08:44:47 
28-Apr-19, 08:44:52 
28-Apr-19, 08:44:54 
28-Apr-19, 08:44:54 
28-Apr-19, 08:44:59 
28-Apr-19, 08:44:59 
28-Apr-19, 08:45:04 
28-Apr-19, 08:45:04 
28-Apr-19, 08:45:07 
28-Apr-19, 08:45:09 
28-Apr-19, 08:45:09 
28-Apr-19, 08:45:12 
28-Apr-19, 08:45:14 
28-Apr-19, 08:45:14 
28-Apr-19, 08:45:17 
28-Apr-19, 08:45:19 
28-Apr-19, 08:45:19 
28-Apr-19, 08:45:22 
28-Apr-19, 08:45:24 
28-Apr-19, 08:45:24 
28-Apr-19, 08:45:27 
28-Apr-19, 08:45:29 
28-Apr-19, 08:45:30 
28-Apr-19, 08:45:32 
28-Apr-19, 08:45:34 
28-Apr-19, 08:45:35 
28-Apr-19, 08:45:37 
28-Apr-19, 08:45:39 
28-Apr-19, 08:45:40 
28-Apr-19, 08:45:42 
28-Apr-19, 08:45:45 
28-Apr-19, 08:45:47 
28-Apr-19, 08:45:49 
28-Apr-19, 08:45:50 
28-Apr-19, 08:45:52 
28-Apr-19, 08:45:54 
28-Apr-19, 08:45:55 
28-Apr-19, 08:46:04 
28-Apr-19, 08:46:05 
28-Apr-19, 08:46:07 
28-Apr-19, 08:46:09 
28-Apr-19, 08:46:10 
28-Apr-19, 08:46:12 
28-Apr-19, 08:46:14 
28-Apr-19, 08:46:15 
28-Apr-19, 08:46:17 
28-Apr-19, 08:46:19 
28-Apr-19, 08:46:20 
28-Apr-19, 08:46:22 
28-Apr-19, 08:46:24 
28-Apr-19, 08:46:25 
28-Apr-19, 08:46:27 
28-Apr-19, 08:46:29 
28-Apr-19, 08:46:30 
28-Apr-19, 08:46:32 
28-Apr-19, 08:46:35 
28-Apr-19, 08:46:37 
28-Apr-19, 08:46:39 
28-Apr-19, 08:46:40 
28-Apr-19, 08:46:42 
28-Apr-19, 08:46:44 
28-Apr-19, 08:46:45 
28-Apr-19, 08:46:47 
28-Apr-19, 08:46:49 
28-Apr-19, 08:46:50 
28-Apr-19, 08:46:52 
28-Apr-19, 08:46:54 
28-Apr-19, 08:46:55 
28-Apr-19, 08:47:02 
28-Apr-19, 08:47:04 
28-Apr-19, 08:47:05 
28-Apr-19, 08:47:07 
28-Apr-19, 08:47:09 
28-Apr-19, 08:47:10 
28-Apr-19, 08:47:12 
28-Apr-19, 08:47:14 
28-Apr-19, 08:47:15 
28-Apr-19, 08:47:17 
28-Apr-19, 08:47:19 
28-Apr-19, 08:47:20 
28-Apr-19, 08:47:22 
28-Apr-19, 08:47:24 
28-Apr-19, 08:47:25 
28-Apr-19, 08:47:27 
28-Apr-19, 08:47:32 
28-Apr-19, 08:47:34 
28-Apr-19, 08:47:35 
28-Apr-19, 08:47:37 
28-Apr-19, 08:47:39 
28-Apr-19, 08:47:40 
28-Apr-19, 08:47:42 
28-Apr-19, 08:47:44 
28-Apr-19, 08:47:45 
28-Apr-19, 08:47:49 
28-Apr-19, 08:47:50 
28-Apr-19, 08:47:52 
28-Apr-19, 08:47:54 
28-Apr-19, 08:47:55 
28-Apr-19, 08:48:04 
28-Apr-19, 08:48:05 
28-Apr-19, 08:48:07 
28-Apr-19, 08:48:09 
28-Apr-19, 08:48:10 
28-Apr-19, 08:48:12 
28-Apr-19, 08:48:14 
28-Apr-19, 08:48:15 
28-Apr-19, 08:48:17 
28-Apr-19, 08:48:19 
28-Apr-19, 08:48:20 
28-Apr-19, 08:48:22 
28-Apr-19, 08:48:24 
28-Apr-19, 08:48:25 
28-Apr-19, 08:48:27 
28-Apr-19, 08:48:29 
28-Apr-19, 08:48:30 
28-Apr-19, 08:48:32 
28-Apr-19, 08:48:34 
28-Apr-19, 08:48:35 
28-Apr-19, 08:48:37 
28-Apr-19, 08:48:39 
28-Apr-19, 08:48:40 
28-Apr-19, 08:48:42 
28-Apr-19, 08:48:44 
28-Apr-19, 08:48:45 
28-Apr-19, 08:48:47 
28-Apr-19, 08:48:49 
28-Apr-19, 08:48:50 
28-Apr-19, 08:48:52 
28-Apr-19, 08:48:54 
28-Apr-19, 08:48:55 
28-Apr-19, 08:49:00 
28-Apr-19, 08:49:02 
28-Apr-19, 08:49:04 
28-Apr-19, 08:49:05 
28-Apr-19, 08:49:07 
28-Apr-19, 08:49:09 
28-Apr-19, 08:49:10 
28-Apr-19, 08:49:12 
28-Apr-19, 08:49:17 
28-Apr-19, 08:49:19 
28-Apr-19, 08:49:20 
28-Apr-19, 08:49:22 
28-Apr-19, 08:49:24 
28-Apr-19, 08:49:25 
28-Apr-19, 08:49:27 
28-Apr-19, 08:49:29 
28-Apr-19, 08:49:30 
28-Apr-19, 08:49:32 
28-Apr-19, 08:49:34 
28-Apr-19, 08:49:35 
28-Apr-19, 08:49:37 
28-Apr-19, 08:49:39 
28-Apr-19, 08:49:40 
28-Apr-19, 08:49:42 
28-Apr-19, 08:49:44 
28-Apr-19, 08:49:45 
28-Apr-19, 08:49:47 
28-Apr-19, 08:49:49 
28-Apr-19, 08:49:50 
28-Apr-19, 08:49:52 
28-Apr-19, 08:49:54 
28-Apr-19, 08:49:55 
28-Apr-19, 08:50:02 
28-Apr-19, 08:50:04 
28-Apr-19, 08:50:05 
28-Apr-19, 08:50:07 
28-Apr-19, 08:50:09 
28-Apr-19, 08:50:10 
28-Apr-19, 08:50:12 
28-Apr-19, 08:50:14 
28-Apr-19, 08:50:15 
28-Apr-19, 08:50:17 
28-Apr-19, 08:50:19 
28-Apr-19, 08:50:20 
28-Apr-19, 08:50:22 
28-Apr-19, 08:50:24 
28-Apr-19, 08:50:25 
28-Apr-19, 08:50:27 
28-Apr-19, 08:50:29 
28-Apr-19, 08:50:32 
28-Apr-19, 08:50:34 
28-Apr-19, 08:50:35 
28-Apr-19, 08:50:37 
28-Apr-19, 08:50:39 
28-Apr-19, 08:50:40 
28-Apr-19, 08:50:42 
28-Apr-19, 08:50:44 
28-Apr-19, 08:50:49 
28-Apr-19, 08:50:50 
28-Apr-19, 08:50:52 
28-Apr-19, 08:50:54 
28-Apr-19, 08:50:55 
28-Apr-19, 08:51:04 
28-Apr-19, 08:51:05 
28-Apr-19, 08:51:07 
28-Apr-19, 08:51:09 
28-Apr-19, 08:51:10 
28-Apr-19, 08:51:12 
28-Apr-19, 08:51:14 
28-Apr-19, 08:51:15 
28-Apr-19, 08:51:17 
28-Apr-19, 08:51:19 
28-Apr-19, 08:51:20 
28-Apr-19, 08:51:22 
28-Apr-19, 08:51:24 
28-Apr-19, 08:51:25 
28-Apr-19, 08:51:27 
28-Apr-19, 08:51:29 
28-Apr-19, 08:51:30 
28-Apr-19, 08:51:32 
28-Apr-19, 08:51:35 
28-Apr-19, 08:51:37 
28-Apr-19, 08:51:39 
28-Apr-19, 08:51:40 
28-Apr-19, 08:51:42 
28-Apr-19, 08:51:44 
28-Apr-19, 08:51:45 
28-Apr-19, 08:51:47 
28-Apr-19, 08:51:49 
28-Apr-19, 08:51:50 
28-Apr-19, 08:51:52 
28-Apr-19, 08:51:54 
28-Apr-19, 08:51:55 
28-Apr-19, 08:52:00 
28-Apr-19, 08:52:04 
28-Apr-19, 08:52:05 
28-Apr-19, 08:52:07 
28-Apr-19, 08:52:09 
28-Apr-19, 08:52:12 
28-Apr-19, 08:52:14 
28-Apr-19, 08:52:15 
28-Apr-19, 08:52:20 
28-Apr-19, 08:52:22 
28-Apr-19, 08:52:24 
28-Apr-19, 08:52:25 
28-Apr-19, 08:52:27 
28-Apr-19, 08:52:29 
28-Apr-19, 08:52:30 
28-Apr-19, 08:52:34 
28-Apr-19, 08:52:35 
28-Apr-19, 08:52:37 
28-Apr-19, 08:52:39 
28-Apr-19, 08:52:40 
28-Apr-19, 08:52:42 
28-Apr-19, 08:52:45 
28-Apr-19, 08:52:47 
28-Apr-19, 08:52:49 
28-Apr-19, 08:52:50 
28-Apr-19, 08:52:52 
28-Apr-19, 08:52:54 
28-Apr-19, 08:52:55 
28-Apr-19, 08:53:04 
28-Apr-19, 08:53:07 
28-Apr-19, 08:53:09 
28-Apr-19, 08:53:14 
28-Apr-19, 08:53:15 
28-Apr-19, 08:53:17 
28-Apr-19, 08:53:19 
28-Apr-19, 08:53:20 
28-Apr-19, 08:53:22 
28-Apr-19, 08:53:24 
28-Apr-19, 08:53:25 
28-Apr-19, 08:53:27 
28-Apr-19, 08:53:29 
28-Apr-19, 08:53:30 
28-Apr-19, 08:53:32 
28-Apr-19, 08:53:34 
28-Apr-19, 08:53:35 
28-Apr-19, 08:53:37 
28-Apr-19, 08:53:39 
28-Apr-19, 08:53:40 
28-Apr-19, 08:53:42 
28-Apr-19, 08:53:44 
28-Apr-19, 08:53:45 
28-Apr-19, 08:53:47 
28-Apr-19, 08:53:49 
28-Apr-19, 08:53:50 
28-Apr-19, 08:53:52 
28-Apr-19, 08:53:54 
28-Apr-19, 08:53:55 
28-Apr-19, 08:54:05 
28-Apr-19, 08:54:07 
28-Apr-19, 08:54:09 
28-Apr-19, 08:54:10 
28-Apr-19, 08:54:12 
28-Apr-19, 08:54:14 
28-Apr-19, 08:54:15 
28-Apr-19, 08:54:19 
28-Apr-19, 08:54:20 
28-Apr-19, 08:54:22 
28-Apr-19, 08:54:24 
28-Apr-19, 08:54:25 
28-Apr-19, 08:54:27 
28-Apr-19, 08:54:29 
28-Apr-19, 08:54:30 
28-Apr-19, 08:54:32 
28-Apr-19, 08:54:34 
28-Apr-19, 08:54:35 
28-Apr-19, 08:54:37 
28-Apr-19, 08:54:39 
28-Apr-19, 08:54:40 
28-Apr-19, 08:54:42 
28-Apr-19, 08:54:44 
28-Apr-19, 08:54:45 
28-Apr-19, 08:54:47 
28-Apr-19, 08:54:49 
28-Apr-19, 08:54:50 
28-Apr-19, 08:54:52 
28-Apr-19, 08:54:54 
28-Apr-19, 08:54:55 
28-Apr-19, 08:55:02 
28-Apr-19, 08:55:05 
28-Apr-19, 08:55:07 
28-Apr-19, 08:55:09 
28-Apr-19, 08:55:10 
28-Apr-19, 08:55:12 
28-Apr-19, 08:55:14 
28-Apr-19, 08:55:15 
28-Apr-19, 08:55:17 
28-Apr-19, 08:55:19 
28-Apr-19, 08:55:20 
28-Apr-19, 08:55:24 
28-Apr-19, 08:55:25 
28-Apr-19, 08:55:27 
28-Apr-19, 08:55:29 
28-Apr-19, 08:55:30 
28-Apr-19, 08:55:32 
28-Apr-19, 08:55:34 
28-Apr-19, 08:55:37 
28-Apr-19, 08:55:39 
28-Apr-19, 08:55:40 
28-Apr-19, 08:55:42 
28-Apr-19, 08:55:44 
28-Apr-19, 08:55:45 
28-Apr-19, 08:55:47 
28-Apr-19, 08:55:50 
28-Apr-19, 08:55:52 
28-Apr-19, 08:55:54 
28-Apr-19, 08:56:00 
28-Apr-19, 08:56:04 
28-Apr-19, 08:56:05 
28-Apr-19, 08:56:07 
28-Apr-19, 08:56:09 
28-Apr-19, 08:56:10 
28-Apr-19, 08:56:12 
28-Apr-19, 08:56:14 
28-Apr-19, 08:56:15 
28-Apr-19, 08:56:17 
28-Apr-19, 08:56:19 
28-Apr-19, 08:56:20 
28-Apr-19, 08:56:22 
28-Apr-19, 08:56:24 
28-Apr-19, 08:56:25 
28-Apr-19, 08:56:27 
28-Apr-19, 08:56:29 
28-Apr-19, 08:56:30 
28-Apr-19, 08:56:32 
28-Apr-19, 08:56:34 
28-Apr-19, 08:56:35 
28-Apr-19, 08:56:37 
28-Apr-19, 08:56:39 
28-Apr-19, 08:56:40 
28-Apr-19, 08:56:42 
28-Apr-19, 08:56:44 
28-Apr-19, 08:56:45 
28-Apr-19, 08:56:47 
28-Apr-19, 08:56:49 
28-Apr-19, 08:56:50 
28-Apr-19, 08:56:52 
28-Apr-19, 08:56:54 
28-Apr-19, 08:56:55 
28-Apr-19, 08:57:02 
28-Apr-19, 08:57:04 
28-Apr-19, 08:57:05 
28-Apr-19, 08:57:07 
28-Apr-19, 08:57:09 
28-Apr-19, 08:57:10 
28-Apr-19, 08:57:12 
28-Apr-19, 08:57:14 
28-Apr-19, 08:57:15 
28-Apr-19, 08:57:17 
28-Apr-19, 08:57:19 
28-Apr-19, 08:57:22 
28-Apr-19, 08:57:24 
28-Apr-19, 08:57:25 
28-Apr-19, 08:57:27 
28-Apr-19, 08:57:29 
28-Apr-19, 08:57:30 
28-Apr-19, 08:57:32 
28-Apr-19, 08:57:35 
28-Apr-19, 08:57:37 
28-Apr-19, 08:57:39 
28-Apr-19, 08:57:40 
28-Apr-19, 08:57:42 
28-Apr-19, 08:57:44 
28-Apr-19, 08:57:45 
28-Apr-19, 08:57:47 
28-Apr-19, 08:57:49 
28-Apr-19, 08:57:50 
28-Apr-19, 08:57:52 
28-Apr-19, 08:57:54 
28-Apr-19, 08:57:55 
28-Apr-19, 08:58:02 
28-Apr-19, 08:58:04 
28-Apr-19, 08:58:05 
28-Apr-19, 08:58:07 
28-Apr-19, 08:58:09 
28-Apr-19, 08:58:10 
28-Apr-19, 08:58:12 
28-Apr-19, 08:58:14 
28-Apr-19, 08:58:17 
28-Apr-19, 08:58:19 
28-Apr-19, 08:58:20 
28-Apr-19, 08:58:22 
28-Apr-19, 08:58:24 
28-Apr-19, 08:58:25 
28-Apr-19, 08:58:27 
28-Apr-19, 08:58:29 
28-Apr-19, 08:58:30 
28-Apr-19, 08:58:32 
28-Apr-19, 08:58:34 
28-Apr-19, 08:58:35 
28-Apr-19, 08:58:37 
28-Apr-19, 08:58:39 
28-Apr-19, 08:58:40 
28-Apr-19, 08:58:42 
28-Apr-19, 08:58:44 
28-Apr-19, 08:58:45 
28-Apr-19, 08:58:47 
28-Apr-19, 08:58:49 
28-Apr-19, 08:58:50 
28-Apr-19, 08:58:54 
28-Apr-19, 08:58:55 
28-Apr-19, 08:58:59 
28-Apr-19, 08:59:02 
28-Apr-19, 08:59:07 
28-Apr-19, 08:59:09 
28-Apr-19, 08:59:10 
28-Apr-19, 08:59:12 
28-Apr-19, 08:59:14 
28-Apr-19, 08:59:15 
28-Apr-19, 08:59:17 
28-Apr-19, 08:59:19 
28-Apr-19, 08:59:20 
28-Apr-19, 08:59:22 
28-Apr-19, 08:59:24 
28-Apr-19, 08:59:25 
28-Apr-19, 08:59:27 
28-Apr-19, 08:59:29 
28-Apr-19, 08:59:30 
28-Apr-19, 08:59:32 
28-Apr-19, 08:59:34 
28-Apr-19, 08:59:35 
28-Apr-19, 08:59:37 
28-Apr-19, 08:59:39 
28-Apr-19, 08:59:40 
28-Apr-19, 08:59:42 
28-Apr-19, 08:59:44 
28-Apr-19, 08:59:45 
28-Apr-19, 08:59:47 
28-Apr-19, 08:59:49 
28-Apr-19, 08:59:50 
28-Apr-19, 08:59:52 
28-Apr-19, 08:59:54 
28-Apr-19, 08:59:55 
28-Apr-19, 09:00:00 
28-Apr-19, 09:00:02 
28-Apr-19, 09:00:04 
28-Apr-19, 09:00:05 
28-Apr-19, 09:00:07 
28-Apr-19, 09:00:09 
28-Apr-19, 09:00:10 
28-Apr-19, 09:00:12 
28-Apr-19, 09:00:14 
28-Apr-19, 09:00:15 
28-Apr-19, 09:00:17 
28-Apr-19, 09:00:19 
28-Apr-19, 09:00:20 
28-Apr-19, 09:00:22 
28-Apr-19, 09:00:25 
28-Apr-19, 09:00:25 
28-Apr-19, 09:00:27 
28-Apr-19, 09:00:30 
28-Apr-19, 09:00:30 
28-Apr-19, 09:00:32 
28-Apr-19, 09:00:35 
28-Apr-19, 09:00:35 
28-Apr-19, 09:00:40 
28-Apr-19, 09:00:40 
28-Apr-19, 09:00:42 
28-Apr-19, 09:00:45 
28-Apr-19, 09:00:45 
28-Apr-19, 09:00:47 
28-Apr-19, 09:00:52 
28-Apr-19, 09:00:55 
28-Apr-19, 09:00:55 
28-Apr-19, 09:01:05 
28-Apr-19, 09:01:05 
28-Apr-19, 09:01:07 
28-Apr-19, 09:01:10 
28-Apr-19, 09:01:10 
28-Apr-19, 09:01:12 
28-Apr-19, 09:01:15 
28-Apr-19, 09:01:15 
28-Apr-19, 09:01:17 
28-Apr-19, 09:01:20 
28-Apr-19, 09:01:20 
28-Apr-19, 09:01:22 
28-Apr-19, 09:01:25 
28-Apr-19, 09:01:25 
28-Apr-19, 09:01:27 
28-Apr-19, 09:01:30 
28-Apr-19, 09:01:30 
28-Apr-19, 09:01:32 
28-Apr-19, 09:01:35 
28-Apr-19, 09:01:35 
28-Apr-19, 09:01:37 
28-Apr-19, 09:01:40 
28-Apr-19, 09:01:40 
28-Apr-19, 09:01:42 
28-Apr-19, 09:01:47 
28-Apr-19, 09:01:50 
28-Apr-19, 09:01:50 
28-Apr-19, 09:01:52 
28-Apr-19, 09:01:55 
28-Apr-19, 09:01:55 
28-Apr-19, 09:02:05 
28-Apr-19, 09:02:05 
28-Apr-19, 09:02:07 
28-Apr-19, 09:02:10 
28-Apr-19, 09:02:10 
28-Apr-19, 09:02:12 
28-Apr-19, 09:02:15 
28-Apr-19, 09:02:15 
28-Apr-19, 09:02:20 
28-Apr-19, 09:02:20 
28-Apr-19, 09:02:25 
28-Apr-19, 09:02:25 
28-Apr-19, 09:02:27 
28-Apr-19, 09:02:30 
28-Apr-19, 09:02:30 
28-Apr-19, 09:02:32 
28-Apr-19, 09:02:35 
28-Apr-19, 09:02:35 
28-Apr-19, 09:02:37 
28-Apr-19, 09:02:40 
28-Apr-19, 09:02:40 
28-Apr-19, 09:02:42 
28-Apr-19, 09:02:45 
28-Apr-19, 09:02:45 
28-Apr-19, 09:02:47 
28-Apr-19, 09:02:50 
28-Apr-19, 09:02:50 
28-Apr-19, 09:02:53 
28-Apr-19, 09:02:55 
28-Apr-19, 09:02:55 
28-Apr-19, 09:03:03 
28-Apr-19, 09:03:05 
28-Apr-19, 09:03:05 
28-Apr-19, 09:03:08 
28-Apr-19, 09:03:10 
28-Apr-19, 09:03:10 
28-Apr-19, 09:03:13 
28-Apr-19, 09:03:15 
28-Apr-19, 09:03:15 
28-Apr-19, 09:03:18 
28-Apr-19, 09:03:20 
28-Apr-19, 09:03:20 
28-Apr-19, 09:03:23 
28-Apr-19, 09:03:25 
28-Apr-19, 09:03:25 
28-Apr-19, 09:03:28 
28-Apr-19, 09:03:30 
28-Apr-19, 09:03:30 
28-Apr-19, 09:03:33 
28-Apr-19, 09:03:35 
28-Apr-19, 09:03:35 
28-Apr-19, 09:03:38 
28-Apr-19, 09:03:40 
28-Apr-19, 09:03:40 
28-Apr-19, 09:03:43 
28-Apr-19, 09:03:45 
28-Apr-19, 09:03:45 
28-Apr-19, 09:03:48 
28-Apr-19, 09:03:50 
28-Apr-19, 09:03:50 
28-Apr-19, 09:03:53 
28-Apr-19, 09:04:03 
28-Apr-19, 09:04:05 
28-Apr-19, 09:04:05 
28-Apr-19, 09:04:10 
28-Apr-19, 09:04:10 
28-Apr-19, 09:04:13 
28-Apr-19, 09:04:15 
28-Apr-19, 09:04:15 
28-Apr-19, 09:04:18 
28-Apr-19, 09:04:20 
28-Apr-19, 09:04:20 
28-Apr-19, 09:04:23 
28-Apr-19, 09:04:25 
28-Apr-19, 09:04:25 
28-Apr-19, 09:04:28 
28-Apr-19, 09:04:30 
28-Apr-19, 09:04:30 
28-Apr-19, 09:04:33 
28-Apr-19, 09:04:35 
28-Apr-19, 09:04:35 
28-Apr-19, 09:04:38 
28-Apr-19, 09:04:40 
28-Apr-19, 09:04:40 
28-Apr-19, 09:04:43 
28-Apr-19, 09:04:45 
28-Apr-19, 09:04:45 
28-Apr-19, 09:04:48 
28-Apr-19, 09:04:50 
28-Apr-19, 09:04:50 
28-Apr-19, 09:04:53 
28-Apr-19, 09:05:03 
28-Apr-19, 09:05:05 
28-Apr-19, 09:05:05 
28-Apr-19, 09:05:08 
28-Apr-19, 09:05:10 
28-Apr-19, 09:05:10 
28-Apr-19, 09:05:13 
28-Apr-19, 09:05:15 
28-Apr-19, 09:05:15 
28-Apr-19, 09:05:18 
28-Apr-19, 09:05:20 
28-Apr-19, 09:05:20 
28-Apr-19, 09:05:23 
28-Apr-19, 09:05:25 
28-Apr-19, 09:05:25 
28-Apr-19, 09:05:28 
28-Apr-19, 09:05:30 
28-Apr-19, 09:05:30 
28-Apr-19, 09:05:33 
28-Apr-19, 09:05:35 
28-Apr-19, 09:05:35 
28-Apr-19, 09:05:38 
28-Apr-19, 09:05:43 
28-Apr-19, 09:05:45 
28-Apr-19, 09:05:45 
28-Apr-19, 09:05:48 
28-Apr-19, 09:05:50 
28-Apr-19, 09:05:50 
28-Apr-19, 09:05:55 
28-Apr-19, 09:05:55 
28-Apr-19, 09:05:58 
28-Apr-19, 09:06:03 
28-Apr-19, 09:06:05 
28-Apr-19, 09:06:05 
28-Apr-19, 09:06:08 
28-Apr-19, 09:06:10 
28-Apr-19, 09:06:10 
28-Apr-19, 09:06:13 
28-Apr-19, 09:06:15 
28-Apr-19, 09:06:15 
28-Apr-19, 09:06:18 
28-Apr-19, 09:06:20 
28-Apr-19, 09:06:20 
28-Apr-19, 09:06:23 
28-Apr-19, 09:06:25 
28-Apr-19, 09:06:25 
28-Apr-19, 09:06:28 
28-Apr-19, 09:06:30 
28-Apr-19, 09:06:30 
28-Apr-19, 09:06:33 
28-Apr-19, 09:06:35 
28-Apr-19, 09:06:35 
28-Apr-19, 09:06:38 
28-Apr-19, 09:06:40 
28-Apr-19, 09:06:40 
28-Apr-19, 09:06:43 
28-Apr-19, 09:06:45 
28-Apr-19, 09:06:45 
28-Apr-19, 09:06:48 
28-Apr-19, 09:06:50 
28-Apr-19, 09:06:50 
28-Apr-19, 09:06:53 
28-Apr-19, 09:06:55 
28-Apr-19, 09:06:55 
28-Apr-19, 09:07:03 
28-Apr-19, 09:07:05 
28-Apr-19, 09:07:05 
28-Apr-19, 09:07:08 
28-Apr-19, 09:07:10 
28-Apr-19, 09:07:10 
28-Apr-19, 09:07:13 
28-Apr-19, 09:07:15 
28-Apr-19, 09:07:15 
28-Apr-19, 09:07:18 
28-Apr-19, 09:07:20 
28-Apr-19, 09:07:20 
28-Apr-19, 09:07:23 
28-Apr-19, 09:07:28 
28-Apr-19, 09:07:30 
28-Apr-19, 09:07:30 
28-Apr-19, 09:07:33 
28-Apr-19, 09:07:35 
28-Apr-19, 09:07:35 
28-Apr-19, 09:07:38 
28-Apr-19, 09:07:40 
28-Apr-19, 09:07:40 
28-Apr-19, 09:07:43 
28-Apr-19, 09:07:45 
28-Apr-19, 09:07:45 
28-Apr-19, 09:07:48 
28-Apr-19, 09:07:50 
28-Apr-19, 09:07:50 
28-Apr-19, 09:07:53 
28-Apr-19, 09:07:55 
28-Apr-19, 09:07:55 
28-Apr-19, 09:08:03 
28-Apr-19, 09:08:05 
28-Apr-19, 09:08:05 
28-Apr-19, 09:08:08 
28-Apr-19, 09:08:10 
28-Apr-19, 09:08:10 
28-Apr-19, 09:08:13 
28-Apr-19, 09:08:15 
28-Apr-19, 09:08:15 
28-Apr-19, 09:08:18 
28-Apr-19, 09:08:20 
28-Apr-19, 09:08:20 
28-Apr-19, 09:08:23 
28-Apr-19, 09:08:25 
28-Apr-19, 09:08:25 
28-Apr-19, 09:08:28 
28-Apr-19, 09:08:30 
28-Apr-19, 09:08:30 
28-Apr-19, 09:08:33 
28-Apr-19, 09:08:35 
28-Apr-19, 09:08:35 
28-Apr-19, 09:08:38 
28-Apr-19, 09:08:40 
28-Apr-19, 09:08:40 
28-Apr-19, 09:08:45 
28-Apr-19, 09:08:45 
28-Apr-19, 09:08:48 
28-Apr-19, 09:08:50 
28-Apr-19, 09:08:50 
28-Apr-19, 09:08:53 
28-Apr-19, 09:08:55 
28-Apr-19, 09:08:55 
28-Apr-19, 09:09:03 
28-Apr-19, 09:09:05 
28-Apr-19, 09:09:05 
28-Apr-19, 09:09:08 
28-Apr-19, 09:09:15 
28-Apr-19, 09:09:15 
28-Apr-19, 09:09:18 
28-Apr-19, 09:09:20 
28-Apr-19, 09:09:20 
28-Apr-19, 09:09:23 
28-Apr-19, 09:09:25 
28-Apr-19, 09:09:25 
28-Apr-19, 09:09:28 
28-Apr-19, 09:09:30 
28-Apr-19, 09:09:30 
28-Apr-19, 09:09:33 
28-Apr-19, 09:09:35 
28-Apr-19, 09:09:35 
28-Apr-19, 09:09:38 
28-Apr-19, 09:09:40 
28-Apr-19, 09:09:40 
28-Apr-19, 09:09:43 
28-Apr-19, 09:09:45 
28-Apr-19, 09:09:45 
28-Apr-19, 09:09:48 
28-Apr-19, 09:09:50 
28-Apr-19, 09:09:50 
28-Apr-19, 09:09:55 
28-Apr-19, 09:09:55 
28-Apr-19, 09:10:00 
28-Apr-19, 09:10:00 
28-Apr-19, 09:10:03 
28-Apr-19, 09:10:05 
28-Apr-19, 09:10:05 
28-Apr-19, 09:10:08 
28-Apr-19, 09:10:10 
28-Apr-19, 09:10:10 
28-Apr-19, 09:10:13 
28-Apr-19, 09:10:15 
28-Apr-19, 09:10:15 
28-Apr-19, 09:10:18 
28-Apr-19, 09:10:20 
28-Apr-19, 09:10:20 
28-Apr-19, 09:10:23 
28-Apr-19, 09:10:25 
28-Apr-19, 09:10:25 
28-Apr-19, 09:10:28 
28-Apr-19, 09:10:30 
28-Apr-19, 09:10:30 
28-Apr-19, 09:10:33 
28-Apr-19, 09:10:35 
28-Apr-19, 09:10:35 
28-Apr-19, 09:10:38 
28-Apr-19, 09:10:40 
28-Apr-19, 09:10:40 
28-Apr-19, 09:10:43 
28-Apr-19, 09:10:45 
28-Apr-19, 09:10:45 
28-Apr-19, 09:10:48 
28-Apr-19, 09:10:50 
28-Apr-19, 09:10:50 
28-Apr-19, 09:10:53 
28-Apr-19, 09:10:55 
28-Apr-19, 09:10:55 
28-Apr-19, 09:11:00 
28-Apr-19, 09:11:00 
28-Apr-19, 09:11:03 
28-Apr-19, 09:11:05 
28-Apr-19, 09:11:05 
28-Apr-19, 09:11:08 
28-Apr-19, 09:11:10 
28-Apr-19, 09:11:10 
28-Apr-19, 09:11:15 
28-Apr-19, 09:11:15 
28-Apr-19, 09:11:18 
28-Apr-19, 09:11:20 
28-Apr-19, 09:11:20 
28-Apr-19, 09:11:23 
28-Apr-19, 09:11:25 
28-Apr-19, 09:11:25 
28-Apr-19, 09:11:28 
28-Apr-19, 09:11:30 
28-Apr-19, 09:11:30 
28-Apr-19, 09:11:33 
28-Apr-19, 09:11:35 
28-Apr-19, 09:11:35 
28-Apr-19, 09:11:38 
28-Apr-19, 09:11:40 
28-Apr-19, 09:11:40 
28-Apr-19, 09:11:45 
28-Apr-19, 09:11:45 
28-Apr-19, 09:11:48 
28-Apr-19, 09:11:50 
28-Apr-19, 09:11:50 
28-Apr-19, 09:11:53 
28-Apr-19, 09:11:55 
28-Apr-19, 09:11:55 
28-Apr-19, 09:12:03 
28-Apr-19, 09:12:05 
28-Apr-19, 09:12:05 
28-Apr-19, 09:12:08 
28-Apr-19, 09:12:10 
28-Apr-19, 09:12:10 
28-Apr-19, 09:12:13 
28-Apr-19, 09:12:15 
28-Apr-19, 09:12:15 
28-Apr-19, 09:12:18 
28-Apr-19, 09:12:20 
28-Apr-19, 09:12:20 
28-Apr-19, 09:12:23 
28-Apr-19, 09:12:25 
28-Apr-19, 09:12:25 
28-Apr-19, 09:12:28 
28-Apr-19, 09:12:30 
28-Apr-19, 09:12:30 
28-Apr-19, 09:12:33 
28-Apr-19, 09:12:35 
28-Apr-19, 09:12:35 
28-Apr-19, 09:12:38 
28-Apr-19, 09:12:40 
28-Apr-19, 09:12:40 
28-Apr-19, 09:12:43 
28-Apr-19, 09:12:45 
28-Apr-19, 09:12:45 
28-Apr-19, 09:12:48 
28-Apr-19, 09:12:53 
28-Apr-19, 09:12:55 
28-Apr-19, 09:12:55 
28-Apr-19, 09:13:03 
28-Apr-19, 09:13:05 
28-Apr-19, 09:13:05 
28-Apr-19, 09:13:08 
28-Apr-19, 09:13:10 
28-Apr-19, 09:13:10 
28-Apr-19, 09:13:13 
28-Apr-19, 09:13:18 
28-Apr-19, 09:13:20 
28-Apr-19, 09:13:20 
28-Apr-19, 09:13:23 
28-Apr-19, 09:13:25 
28-Apr-19, 09:13:25 
28-Apr-19, 09:13:30 
28-Apr-19, 09:13:30 
28-Apr-19, 09:13:33 
28-Apr-19, 09:13:35 
28-Apr-19, 09:13:35 
28-Apr-19, 09:13:38 
28-Apr-19, 09:13:40 
28-Apr-19, 09:13:40 
28-Apr-19, 09:13:45 
28-Apr-19, 09:13:45 
28-Apr-19, 09:13:48 
28-Apr-19, 09:13:50 
28-Apr-19, 09:13:50 
28-Apr-19, 09:13:53 
28-Apr-19, 09:13:55 
28-Apr-19, 09:13:55 
28-Apr-19, 09:14:03 
28-Apr-19, 09:14:05 
28-Apr-19, 09:14:05 
28-Apr-19, 09:14:08 
28-Apr-19, 09:14:10 
28-Apr-19, 09:14:10 
28-Apr-19, 09:14:13 
28-Apr-19, 09:14:15 
28-Apr-19, 09:14:15 
28-Apr-19, 09:14:18 
28-Apr-19, 09:14:20 
28-Apr-19, 09:14:20 
28-Apr-19, 09:14:23 
28-Apr-19, 09:14:25 
28-Apr-19, 09:14:25 
28-Apr-19, 09:14:28 
28-Apr-19, 09:14:30 
28-Apr-19, 09:14:30 
28-Apr-19, 09:14:33 
28-Apr-19, 09:14:35 
28-Apr-19, 09:14:35 
28-Apr-19, 09:14:38 
28-Apr-19, 09:14:40 
28-Apr-19, 09:14:40 
28-Apr-19, 09:14:43 
28-Apr-19, 09:14:45 
28-Apr-19, 09:14:45 
28-Apr-19, 09:14:48 
28-Apr-19, 09:14:50 
28-Apr-19, 09:14:50 
28-Apr-19, 09:14:55 
28-Apr-19, 09:14:55 
28-Apr-19, 09:15:03 
28-Apr-19, 09:15:05 
28-Apr-19, 09:15:05 
28-Apr-19, 09:15:08 
28-Apr-19, 09:15:10 
28-Apr-19, 09:15:10 
28-Apr-19, 09:15:18 
28-Apr-19, 09:15:20 
28-Apr-19, 09:15:20 
28-Apr-19, 09:15:23 
28-Apr-19, 09:15:25 
28-Apr-19, 09:15:25 
28-Apr-19, 09:15:28 
28-Apr-19, 09:15:30 
28-Apr-19, 09:15:30 
28-Apr-19, 09:15:33 
28-Apr-19, 09:15:35 
28-Apr-19, 09:15:35 
28-Apr-19, 09:15:38 
28-Apr-19, 09:15:40 
28-Apr-19, 09:15:40 
28-Apr-19, 09:15:43 
28-Apr-19, 09:15:45 
28-Apr-19, 09:15:45 
28-Apr-19, 09:15:48 
28-Apr-19, 09:15:50 
28-Apr-19, 09:15:50 
28-Apr-19, 09:15:53 
28-Apr-19, 09:15:55 
28-Apr-19, 09:15:55 
28-Apr-19, 09:16:00 
28-Apr-19, 09:16:00 
28-Apr-19, 09:16:03 
28-Apr-19, 09:16:05 
28-Apr-19, 09:16:05 
28-Apr-19, 09:16:08 
28-Apr-19, 09:16:10 
28-Apr-19, 09:16:10 
28-Apr-19, 09:16:13 
28-Apr-19, 09:16:15 
28-Apr-19, 09:16:15 
28-Apr-19, 09:16:18 
28-Apr-19, 09:16:20 
28-Apr-19, 09:16:20 
28-Apr-19, 09:16:23 
28-Apr-19, 09:16:25 
28-Apr-19, 09:16:25 
28-Apr-19, 09:16:28 
28-Apr-19, 09:16:30 
28-Apr-19, 09:16:30 
28-Apr-19, 09:16:33 
28-Apr-19, 09:16:35 
28-Apr-19, 09:16:35 
28-Apr-19, 09:16:38 
28-Apr-19, 09:16:40 
28-Apr-19, 09:16:40 
28-Apr-19, 09:16:43 
28-Apr-19, 09:16:48 
28-Apr-19, 09:16:50 
28-Apr-19, 09:16:50 
28-Apr-19, 09:16:53 
28-Apr-19, 09:16:55 
28-Apr-19, 09:16:55 
28-Apr-19, 09:17:03 
28-Apr-19, 09:17:05 
28-Apr-19, 09:17:05 
28-Apr-19, 09:17:08 
28-Apr-19, 09:17:10 
28-Apr-19, 09:17:10 
28-Apr-19, 09:17:13 
28-Apr-19, 09:17:15 
28-Apr-19, 09:17:15 
28-Apr-19, 09:17:18 
28-Apr-19, 09:17:20 
28-Apr-19, 09:17:20 
28-Apr-19, 09:17:23 
28-Apr-19, 09:17:25 
28-Apr-19, 09:17:25 
28-Apr-19, 09:17:28 
28-Apr-19, 09:17:30 
28-Apr-19, 09:17:30 
28-Apr-19, 09:17:33 
28-Apr-19, 09:17:35 
28-Apr-19, 09:17:35 
28-Apr-19, 09:17:38 
28-Apr-19, 09:17:40 
28-Apr-19, 09:17:40 
28-Apr-19, 09:17:43 
28-Apr-19, 09:17:45 
28-Apr-19, 09:17:45 
28-Apr-19, 09:17:48 
28-Apr-19, 09:17:50 
28-Apr-19, 09:17:50 
28-Apr-19, 09:17:53 
28-Apr-19, 09:17:55 
28-Apr-19, 09:17:55 
28-Apr-19, 09:18:00 
28-Apr-19, 09:18:00 
28-Apr-19, 09:18:03 
28-Apr-19, 09:18:05 
28-Apr-19, 09:18:05 
28-Apr-19, 09:18:08 
28-Apr-19, 09:18:10 
28-Apr-19, 09:18:10 
28-Apr-19, 09:18:13 
28-Apr-19, 09:18:15 
28-Apr-19, 09:18:15 
28-Apr-19, 09:18:20 
28-Apr-19, 09:18:20 
28-Apr-19, 09:18:23 
28-Apr-19, 09:18:25 
28-Apr-19, 09:18:25 
28-Apr-19, 09:18:28 
28-Apr-19, 09:18:30 
28-Apr-19, 09:18:30 
28-Apr-19, 09:18:33 
28-Apr-19, 09:18:35 
28-Apr-19, 09:18:35 
28-Apr-19, 09:18:38 
28-Apr-19, 09:18:40 
28-Apr-19, 09:18:40 
28-Apr-19, 09:18:43 
28-Apr-19, 09:18:45 
28-Apr-19, 09:18:45 
28-Apr-19, 09:18:48 
28-Apr-19, 09:18:50 
28-Apr-19, 09:18:50 
28-Apr-19, 09:18:53 
28-Apr-19, 09:18:55 
28-Apr-19, 09:18:55 
28-Apr-19, 09:18:58 
28-Apr-19, 09:19:03 
28-Apr-19, 09:19:05 
28-Apr-19, 09:19:05 
28-Apr-19, 09:19:08 
28-Apr-19, 09:19:10 
28-Apr-19, 09:19:10 
28-Apr-19, 09:19:13 
28-Apr-19, 09:19:15 
28-Apr-19, 09:19:15 
28-Apr-19, 09:19:18 
28-Apr-19, 09:19:20 
28-Apr-19, 09:19:20 
28-Apr-19, 09:19:23 
28-Apr-19, 09:19:25 
28-Apr-19, 09:19:25 
28-Apr-19, 09:19:28 
28-Apr-19, 09:19:30 
28-Apr-19, 09:19:30 
28-Apr-19, 09:19:35 
28-Apr-19, 09:19:35 
28-Apr-19, 09:19:38 
28-Apr-19, 09:19:40 
28-Apr-19, 09:19:40 
28-Apr-19, 09:19:43 
28-Apr-19, 09:19:45 
28-Apr-19, 09:19:45 
28-Apr-19, 09:19:48 
28-Apr-19, 09:19:53 
28-Apr-19, 09:19:55 
28-Apr-19, 09:19:55 
28-Apr-19, 09:20:05 
28-Apr-19, 09:20:05 
28-Apr-19, 09:20:08 
28-Apr-19, 09:20:10 
28-Apr-19, 09:20:10 
28-Apr-19, 09:20:13 
28-Apr-19, 09:20:15 
28-Apr-19, 09:20:15 
28-Apr-19, 09:20:18 
28-Apr-19, 09:20:20 
28-Apr-19, 09:20:20 
28-Apr-19, 09:20:23 
28-Apr-19, 09:20:25 
28-Apr-19, 09:20:25 
28-Apr-19, 09:20:28 
28-Apr-19, 09:20:30 
28-Apr-19, 09:20:30 
28-Apr-19, 09:20:33 
28-Apr-19, 09:20:35 
25-Apr-19,22:17:02
25-Apr-19,22:17:07
25-Apr-19,22:17:07
25-Apr-19,22:17:07
25-Apr-19,22:17:12
25-Apr-19,22:17:12
25-Apr-19,22:17:12
25-Apr-19,22:17:17
25-Apr-19,22:17:17
25-Apr-19,22:17:17
25-Apr-19,22:17:22
25-Apr-19,22:17:22
25-Apr-19,22:17:22
25-Apr-19,22:17:32
25-Apr-19,22:17:32
25-Apr-19,22:38:08
25-Apr-19,22:38:08
25-Apr-19,22:38:08
25-Apr-19,22:38:18
25-Apr-19,22:38:18
25-Apr-19,22:38:18
25-Apr-19,22:38:23
25-Apr-19,22:38:23
25-Apr-19,22:38:23
25-Apr-19,22:38:28
25-Apr-19,22:38:28
25-Apr-19,22:38:28
25-Apr-19,22:38:38
25-Apr-19,22:38:38
25-Apr-19,22:38:38
25-Apr-19,22:38:43
25-Apr-19,22:38:43
25-Apr-19,22:38:43
25-Apr-19,22:38:48
25-Apr-19,22:38:48
25-Apr-19,22:38:48
25-Apr-19,22:38:53
25-Apr-19,22:38:53
25-Apr-19,22:38:53
25-Apr-19,22:38:58
25-Apr-19,22:38:58
25-Apr-19,22:38:58
25-Apr-19,22:39:08
25-Apr-19,22:39:08
25-Apr-19,22:39:08
25-Apr-19,22:39:13
25-Apr-19,22:39:13
25-Apr-19,22:39:13
25-Apr-19,22:39:18
25-Apr-19,22:39:18
25-Apr-19,22:39:18
25-Apr-19,22:39:23
25-Apr-19,22:39:23
25-Apr-19,22:39:23
25-Apr-19,22:39:28
25-Apr-19,22:39:28
25-Apr-19,22:39:28
25-Apr-19,22:39:38
25-Apr-19,22:39:38
25-Apr-19,22:39:38
25-Apr-19,22:39:43
25-Apr-19,22:39:43
25-Apr-19,22:39:43
25-Apr-19,22:39:53
25-Apr-19,22:39:53
25-Apr-19,22:39:53
25-Apr-19,22:39:58
25-Apr-19,22:39:58
25-Apr-19,22:39:58
25-Apr-19,22:40:08
25-Apr-19,22:40:08
25-Apr-19,22:40:08
25-Apr-19,22:40:18
25-Apr-19,22:40:18
25-Apr-19,22:40:18
25-Apr-19,22:40:23
25-Apr-19,22:40:23
25-Apr-19,22:40:23
25-Apr-19,22:40:28
25-Apr-19,22:40:28
25-Apr-19,22:40:28
25-Apr-19,22:40:38
25-Apr-19,22:40:38
25-Apr-19,22:40:38
25-Apr-19,22:40:43
25-Apr-19,22:40:43
25-Apr-19,22:40:43
25-Apr-19,22:40:48
25-Apr-19,22:40:48
25-Apr-19,22:40:48
25-Apr-19,22:40:53
25-Apr-19,22:40:53
25-Apr-19,22:40:53
25-Apr-19,22:41:08
25-Apr-19,22:41:08
25-Apr-19,22:41:08
25-Apr-19,22:41:18
25-Apr-19,22:41:18
25-Apr-19,22:41:18
25-Apr-19,22:41:28
25-Apr-19,22:41:28
25-Apr-19,22:41:28
25-Apr-19,22:41:43
25-Apr-19,22:41:43
25-Apr-19,22:41:43
25-Apr-19,22:41:48
25-Apr-19,22:41:48
25-Apr-19,22:41:48
25-Apr-19,22:41:53
25-Apr-19,22:41:53
25-Apr-19,22:41:53
25-Apr-19,22:42:03
25-Apr-19,22:42:03
25-Apr-19,22:42:03
25-Apr-19,22:42:13
25-Apr-19,22:42:13
25-Apr-19,22:42:13
25-Apr-19,22:42:18
25-Apr-19,22:42:18
25-Apr-19,22:42:18
25-Apr-19,22:42:23
25-Apr-19,22:42:23
25-Apr-19,22:42:23
25-Apr-19,22:42:28
25-Apr-19,22:42:28
25-Apr-19,22:42:28
25-Apr-19,22:42:38
25-Apr-19,22:42:38
25-Apr-19,22:42:38
25-Apr-19,22:42:43
25-Apr-19,22:42:43
25-Apr-19,22:42:43
25-Apr-19,22:42:48
25-Apr-19,22:42:48
25-Apr-19,22:42:48
25-Apr-19,22:42:53
25-Apr-19,22:42:53
25-Apr-19,22:42:53
25-Apr-19,22:42:58
25-Apr-19,22:42:58
25-Apr-19,22:42:58
25-Apr-19,22:43:08
25-Apr-19,22:43:08
25-Apr-19,22:43:08
25-Apr-19,22:43:13
25-Apr-19,22:43:13
25-Apr-19,22:43:13
25-Apr-19,22:43:18
25-Apr-19,22:43:18
25-Apr-19,22:43:18
25-Apr-19,22:43:23
25-Apr-19,22:43:23
25-Apr-19,22:43:23
25-Apr-19,22:43:38
25-Apr-19,22:43:38
25-Apr-19,22:43:38
25-Apr-19,22:43:48
25-Apr-19,22:43:48
25-Apr-19,22:43:48
25-Apr-19,22:43:53
25-Apr-19,22:43:53
25-Apr-19,22:43:53
25-Apr-19,22:43:58
25-Apr-19,22:43:58
25-Apr-19,22:43:58
25-Apr-19,22:44:08
25-Apr-19,22:44:08
25-Apr-19,22:44:08
25-Apr-19,22:44:13
25-Apr-19,22:44:13
25-Apr-19,22:44:13
25-Apr-19,22:44:18
25-Apr-19,22:44:18
25-Apr-19,22:44:18
25-Apr-19,22:44:23
25-Apr-19,22:44:23
25-Apr-19,22:44:23
25-Apr-19,22:44:28
25-Apr-19,22:44:28
25-Apr-19,22:44:28
25-Apr-19,22:44:43
25-Apr-19,22:44:43
25-Apr-19,22:44:43
25-Apr-19,22:44:48
25-Apr-19,22:44:48
25-Apr-19,22:44:48
25-Apr-19,22:44:53
25-Apr-19,22:44:53
25-Apr-19,22:44:53
25-Apr-19,22:44:58
25-Apr-19,22:44:58
25-Apr-19,22:44:58
25-Apr-19,22:45:08
25-Apr-19,22:45:08
25-Apr-19,22:45:08
25-Apr-19,22:45:13
25-Apr-19,22:45:13
25-Apr-19,22:45:13
25-Apr-19,22:45:18
25-Apr-19,22:45:18
25-Apr-19,22:45:18
25-Apr-19,22:45:23
25-Apr-19,22:45:23
25-Apr-19,22:45:23
25-Apr-19,22:45:28
25-Apr-19,22:45:28
25-Apr-19,22:45:28
25-Apr-19,22:45:38
25-Apr-19,22:45:38
25-Apr-19,22:45:38
25-Apr-19,22:45:43
25-Apr-19,22:45:43
25-Apr-19,22:45:43
25-Apr-19,22:45:48
25-Apr-19,22:45:48
25-Apr-19,22:45:48
25-Apr-19,22:45:53
25-Apr-19,22:45:53
25-Apr-19,22:45:53
25-Apr-19,22:45:58
25-Apr-19,22:45:58
25-Apr-19,22:45:58
25-Apr-19,22:46:09
25-Apr-19,22:46:09
25-Apr-19,22:46:13
25-Apr-19,22:46:18
25-Apr-19,22:46:19
25-Apr-19,22:46:19
25-Apr-19,22:46:23
25-Apr-19,22:46:24
25-Apr-19,22:46:24
25-Apr-19,22:46:29
25-Apr-19,22:46:29
25-Apr-19,22:46:34
25-Apr-19,22:46:34
25-Apr-19,22:46:38
25-Apr-19,22:46:43
25-Apr-19,22:46:44
25-Apr-19,22:46:44
25-Apr-19,22:46:48
25-Apr-19,22:46:49
25-Apr-19,22:46:49
25-Apr-19,22:46:53
25-Apr-19,22:46:54
25-Apr-19,22:46:54
25-Apr-19,22:46:58
25-Apr-19,22:46:59
25-Apr-19,22:46:59
25-Apr-19,22:47:04
25-Apr-19,22:47:04
25-Apr-19,22:47:08
25-Apr-19,22:47:09
25-Apr-19,22:47:09
25-Apr-19,22:47:13
25-Apr-19,22:47:14
25-Apr-19,22:47:14
25-Apr-19,22:47:18
25-Apr-19,22:47:19
25-Apr-19,22:47:19
25-Apr-19,22:47:23
25-Apr-19,22:47:24
25-Apr-19,22:47:24
25-Apr-19,22:47:28
25-Apr-19,22:47:29
25-Apr-19,22:47:29
25-Apr-19,22:47:38
25-Apr-19,22:47:43
25-Apr-19,22:47:44
25-Apr-19,22:47:44
25-Apr-19,22:47:48
25-Apr-19,22:47:54
25-Apr-19,22:47:54
25-Apr-19,22:47:58
25-Apr-19,22:47:59
25-Apr-19,22:47:59
25-Apr-19,22:48:14
25-Apr-19,22:48:14
25-Apr-19,22:48:14
25-Apr-19,22:48:19
25-Apr-19,22:48:19
25-Apr-19,22:48:19
25-Apr-19,22:48:44
25-Apr-19,22:48:44
25-Apr-19,22:48:44
25-Apr-19,22:48:49
25-Apr-19,22:48:49
25-Apr-19,22:48:49
25-Apr-19,22:48:54
25-Apr-19,22:48:54
25-Apr-19,22:48:54
25-Apr-19,22:48:59
25-Apr-19,22:48:59
25-Apr-19,22:48:59
25-Apr-19,22:49:04
25-Apr-19,22:49:04
25-Apr-19,22:49:04
25-Apr-19,22:49:14
25-Apr-19,22:49:14
25-Apr-19,22:49:14
25-Apr-19,22:49:19
25-Apr-19,22:49:19
25-Apr-19,22:49:19
25-Apr-19,22:49:24
25-Apr-19,22:49:24
25-Apr-19,22:49:24
25-Apr-19,22:49:49
25-Apr-19,22:49:49
25-Apr-19,22:49:49
25-Apr-19,22:49:54
25-Apr-19,22:49:54
25-Apr-19,22:49:54
25-Apr-19,22:50:04
25-Apr-19,22:50:04
25-Apr-19,22:50:04
25-Apr-19,22:50:14
25-Apr-19,22:50:14
25-Apr-19,22:50:14
25-Apr-19,22:50:19
25-Apr-19,22:50:19
25-Apr-19,22:50:19
25-Apr-19,22:50:24
25-Apr-19,22:50:24
25-Apr-19,22:50:24
25-Apr-19,22:50:44
25-Apr-19,22:50:44
25-Apr-19,22:50:44
25-Apr-19,22:50:49
25-Apr-19,22:50:49
25-Apr-19,22:50:49
25-Apr-19,22:50:54
25-Apr-19,22:50:54
25-Apr-19,22:50:54
25-Apr-19,22:50:59
25-Apr-19,22:50:59
25-Apr-19,22:50:59
25-Apr-19,22:51:04
25-Apr-19,22:51:04
25-Apr-19,22:51:04
25-Apr-19,22:51:14
25-Apr-19,22:51:14
25-Apr-19,22:51:14
25-Apr-19,22:51:29
25-Apr-19,22:51:29
25-Apr-19,22:51:29
25-Apr-19,22:51:34
25-Apr-19,22:51:34
25-Apr-19,22:51:34
25-Apr-19,22:51:44
25-Apr-19,22:51:44
25-Apr-19,22:51:44
25-Apr-19,22:51:49
25-Apr-19,22:51:49
25-Apr-19,22:51:49
25-Apr-19,22:51:54
25-Apr-19,22:51:54
25-Apr-19,22:51:54
25-Apr-19,22:51:59
25-Apr-19,22:51:59
25-Apr-19,22:51:59
25-Apr-19,22:52:09
25-Apr-19,22:52:09
25-Apr-19,22:52:09
25-Apr-19,22:52:14
25-Apr-19,22:52:14
25-Apr-19,22:52:14
25-Apr-19,22:52:24
25-Apr-19,22:52:24
25-Apr-19,22:52:24
25-Apr-19,22:52:29
25-Apr-19,22:52:29
25-Apr-19,22:52:29
25-Apr-19,22:52:34
25-Apr-19,22:52:34
25-Apr-19,22:52:34
25-Apr-19,22:52:44
25-Apr-19,22:52:44
25-Apr-19,22:52:44
25-Apr-19,22:52:49
25-Apr-19,22:52:49
25-Apr-19,22:52:49
25-Apr-19,22:52:54
25-Apr-19,22:52:54
25-Apr-19,22:52:54
25-Apr-19,22:52:59
25-Apr-19,22:52:59
25-Apr-19,22:52:59
25-Apr-19,22:53:04
25-Apr-19,22:53:04
25-Apr-19,22:53:04
25-Apr-19,22:53:14
25-Apr-19,22:53:14
25-Apr-19,22:53:14
25-Apr-19,22:53:19
25-Apr-19,22:53:19
25-Apr-19,22:53:19
25-Apr-19,22:53:24
25-Apr-19,22:53:24
25-Apr-19,22:53:24
25-Apr-19,22:53:29
25-Apr-19,22:53:29
25-Apr-19,22:53:29
25-Apr-19,22:53:34
25-Apr-19,22:53:34
25-Apr-19,22:53:34
25-Apr-19,22:53:44
25-Apr-19,22:53:44
25-Apr-19,22:53:44
25-Apr-19,22:53:49
25-Apr-19,22:53:49
25-Apr-19,22:53:49
25-Apr-19,22:53:54
25-Apr-19,22:53:54
25-Apr-19,22:53:54
25-Apr-19,22:53:59
25-Apr-19,22:53:59
25-Apr-19,22:53:59
25-Apr-19,22:54:04
25-Apr-19,22:54:04
25-Apr-19,22:54:04
25-Apr-19,22:54:14
25-Apr-19,22:54:14
25-Apr-19,22:54:14
25-Apr-19,22:54:19
25-Apr-19,22:54:19
25-Apr-19,22:54:19
25-Apr-19,22:54:24
25-Apr-19,22:54:24
25-Apr-19,22:54:24
25-Apr-19,22:54:29
25-Apr-19,22:54:29
25-Apr-19,22:54:29
25-Apr-19,22:54:34
25-Apr-19,22:54:34
25-Apr-19,22:54:34
25-Apr-19,22:54:44
25-Apr-19,22:54:44
25-Apr-19,22:54:44
25-Apr-19,22:54:49
25-Apr-19,22:54:49
25-Apr-19,22:54:49
25-Apr-19,22:54:54
25-Apr-19,22:54:54
25-Apr-19,22:54:54
25-Apr-19,22:55:04
25-Apr-19,22:55:04
25-Apr-19,22:55:04
25-Apr-19,22:55:19
25-Apr-19,22:55:19
25-Apr-19,22:55:19
25-Apr-19,22:55:24
25-Apr-19,22:55:24
25-Apr-19,22:55:24
25-Apr-19,22:55:29
25-Apr-19,22:55:29
25-Apr-19,22:55:29
25-Apr-19,22:55:49
25-Apr-19,22:55:49
25-Apr-19,22:55:49
25-Apr-19,22:55:54
25-Apr-19,22:55:54
25-Apr-19,22:55:54
25-Apr-19,22:55:59
25-Apr-19,22:55:59
25-Apr-19,22:55:59
25-Apr-19,22:56:04
25-Apr-19,22:56:04
25-Apr-19,22:56:04
25-Apr-19,22:56:19
25-Apr-19,22:56:19
25-Apr-19,22:56:19
25-Apr-19,22:56:24
25-Apr-19,22:56:24
25-Apr-19,22:56:24
25-Apr-19,22:56:44
25-Apr-19,22:56:44
25-Apr-19,22:56:44
25-Apr-19,22:56:54
25-Apr-19,22:56:54
25-Apr-19,22:56:54
25-Apr-19,22:57:04
25-Apr-19,22:57:04
25-Apr-19,22:57:04
25-Apr-19,22:57:14
25-Apr-19,22:57:14
25-Apr-19,22:57:14
25-Apr-19,22:57:24
25-Apr-19,22:57:24
25-Apr-19,22:57:24
25-Apr-19,22:57:29
25-Apr-19,22:57:29
25-Apr-19,22:57:29
25-Apr-19,22:57:34
25-Apr-19,22:57:34
25-Apr-19,22:57:34
25-Apr-19,22:57:39
25-Apr-19,22:57:39
25-Apr-19,9:50:30
25-Apr-19,9:50:31
25-Apr-19,9:50:31
25-Apr-19,9:50:31
25-Apr-19,9:50:34
25-Apr-19,9:50:35
25-Apr-19,9:50:35
25-Apr-19,9:50:35
25-Apr-19,9:50:36
25-Apr-19,9:50:36
25-Apr-19,9:50:36
25-Apr-19,9:50:39
25-Apr-19,9:50:40
25-Apr-19,9:50:40
25-Apr-19,9:50:40
25-Apr-19,9:50:41
25-Apr-19,9:50:41
25-Apr-19,9:50:41
25-Apr-19,9:50:44
25-Apr-19,9:50:45
25-Apr-19,9:50:45
25-Apr-19,9:50:45
25-Apr-19,9:50:46
25-Apr-19,9:50:46
25-Apr-19,9:50:46
25-Apr-19,9:50:49
25-Apr-19,9:50:50
25-Apr-19,9:50:50
25-Apr-19,9:50:50
25-Apr-19,9:50:51
25-Apr-19,9:50:51
25-Apr-19,9:50:51
25-Apr-19,9:50:54
25-Apr-19,9:50:55
25-Apr-19,9:50:55
25-Apr-19,9:50:55
25-Apr-19,9:50:56
25-Apr-19,9:50:56
25-Apr-19,9:50:56
25-Apr-19,9:50:59
25-Apr-19,9:51:00
25-Apr-19,9:51:00
25-Apr-19,9:51:00
25-Apr-19,9:51:01
25-Apr-19,9:51:01
25-Apr-19,9:51:01
25-Apr-19,9:51:04
25-Apr-19,9:51:05
25-Apr-19,9:51:05
25-Apr-19,9:51:05
25-Apr-19,9:51:06
25-Apr-19,9:51:06
25-Apr-19,9:51:06
25-Apr-19,9:51:09
25-Apr-19,9:51:10
25-Apr-19,9:51:10
25-Apr-19,9:51:10
25-Apr-19,9:51:11
25-Apr-19,9:51:11
25-Apr-19,9:51:11
25-Apr-19,9:51:14
25-Apr-19,9:51:15
25-Apr-19,9:51:15
25-Apr-19,9:51:15
25-Apr-19,9:51:16
25-Apr-19,9:51:16
25-Apr-19,9:51:16
25-Apr-19,9:51:19
25-Apr-19,9:51:20
25-Apr-19,9:51:20
25-Apr-19,9:51:20
25-Apr-19,9:51:21
25-Apr-19,9:51:21
25-Apr-19,9:51:21
25-Apr-19,9:51:24
25-Apr-19,9:51:25
25-Apr-19,9:51:25
25-Apr-19,9:51:25
25-Apr-19,9:51:26
25-Apr-19,9:51:26
25-Apr-19,9:51:26
25-Apr-19,9:51:29
25-Apr-19,9:51:30
25-Apr-19,9:51:30
25-Apr-19,9:51:30
25-Apr-19,9:51:31
25-Apr-19,9:51:31
25-Apr-19,9:51:31
25-Apr-19,9:51:34
25-Apr-19,9:51:35
25-Apr-19,9:51:35
25-Apr-19,9:51:35
25-Apr-19,9:51:36
25-Apr-19,9:51:36
25-Apr-19,9:51:36
25-Apr-19,9:51:39
25-Apr-19,9:51:40
25-Apr-19,9:51:40
25-Apr-19,9:51:40
25-Apr-19,9:51:41
25-Apr-19,9:51:41
25-Apr-19,9:51:41
25-Apr-19,9:51:44
25-Apr-19,9:51:45
25-Apr-19,9:51:45
25-Apr-19,9:51:45
25-Apr-19,9:51:46
25-Apr-19,9:51:46
25-Apr-19,9:51:46
25-Apr-19,9:51:49
25-Apr-19,9:51:50
25-Apr-19,9:51:50
25-Apr-19,9:51:50
25-Apr-19,9:51:51
25-Apr-19,9:51:51
25-Apr-19,9:51:51
25-Apr-19,9:51:54
25-Apr-19,9:51:55
25-Apr-19,9:51:55
25-Apr-19,9:51:55
25-Apr-19,9:51:56
25-Apr-19,9:51:56
25-Apr-19,9:51:56
25-Apr-19,9:51:59
25-Apr-19,9:52:00
25-Apr-19,9:52:00
25-Apr-19,9:52:00
25-Apr-19,9:52:01
25-Apr-19,9:52:01
25-Apr-19,9:52:01
25-Apr-19,9:52:04
25-Apr-19,9:52:05
25-Apr-19,9:52:05
25-Apr-19,9:52:05
25-Apr-19,9:52:06
25-Apr-19,9:52:06
25-Apr-19,9:52:06
25-Apr-19,9:52:09
25-Apr-19,9:52:10
25-Apr-19,9:52:10
25-Apr-19,9:52:10
25-Apr-19,9:52:11
25-Apr-19,9:52:11
25-Apr-19,9:52:11
25-Apr-19,9:52:14
25-Apr-19,9:52:15
25-Apr-19,9:52:15
25-Apr-19,9:52:15
25-Apr-19,9:52:16
25-Apr-19,9:52:16
25-Apr-19,9:52:16
25-Apr-19,9:52:24
25-Apr-19,9:52:25
25-Apr-19,9:52:25
25-Apr-19,9:52:25
25-Apr-19,9:52:26
25-Apr-19,9:52:26
25-Apr-19,9:52:26
25-Apr-19,9:52:29
25-Apr-19,9:52:30
25-Apr-19,9:52:30
25-Apr-19,9:52:30
25-Apr-19,9:52:31
25-Apr-19,9:52:31
25-Apr-19,9:52:31
25-Apr-19,9:52:35
25-Apr-19,9:52:35
25-Apr-19,9:52:35
25-Apr-19,9:52:36
25-Apr-19,9:52:36
25-Apr-19,9:52:36
25-Apr-19,9:52:39
25-Apr-19,9:52:40
25-Apr-19,9:52:40
25-Apr-19,9:52:40
25-Apr-19,9:52:41
25-Apr-19,9:52:41
25-Apr-19,9:52:41
25-Apr-19,9:52:44
25-Apr-19,9:52:45
25-Apr-19,9:52:45
25-Apr-19,9:52:45
25-Apr-19,9:52:46
25-Apr-19,9:52:46
25-Apr-19,9:52:46
25-Apr-19,9:52:49
25-Apr-19,9:52:50
25-Apr-19,9:52:50
25-Apr-19,9:52:50
25-Apr-19,9:52:51
25-Apr-19,9:52:51
25-Apr-19,9:52:51
25-Apr-19,9:52:54
25-Apr-19,9:52:55
25-Apr-19,9:52:55
25-Apr-19,9:52:55
25-Apr-19,9:52:56
25-Apr-19,9:52:56
25-Apr-19,9:52:56
25-Apr-19,9:52:59
25-Apr-19,9:53:00
25-Apr-19,9:53:00
25-Apr-19,9:53:00
25-Apr-19,9:53:01
25-Apr-19,9:53:01
25-Apr-19,9:53:01
25-Apr-19,9:53:04
25-Apr-19,9:53:05
25-Apr-19,9:53:05
25-Apr-19,9:53:05
25-Apr-19,9:53:06
25-Apr-19,9:53:06
25-Apr-19,9:53:07
25-Apr-19,9:53:09
25-Apr-19,9:53:10
25-Apr-19,9:53:10
25-Apr-19,9:53:10
25-Apr-19,9:53:11
25-Apr-19,9:53:11
25-Apr-19,9:53:12
25-Apr-19,9:53:14
25-Apr-19,9:53:15
25-Apr-19,9:53:15
25-Apr-19,9:53:15
25-Apr-19,9:53:16
25-Apr-19,9:53:16
25-Apr-19,9:53:17
25-Apr-19,9:53:19
25-Apr-19,9:53:20
25-Apr-19,9:53:20
25-Apr-19,9:53:20
25-Apr-19,9:53:21
25-Apr-19,9:53:21
25-Apr-19,9:53:22
25-Apr-19,9:53:24
25-Apr-19,9:53:25
25-Apr-19,9:53:25
25-Apr-19,9:53:25
25-Apr-19,9:53:26
25-Apr-19,9:53:26
25-Apr-19,9:53:27
25-Apr-19,9:53:30
25-Apr-19,9:53:30
25-Apr-19,9:53:30
25-Apr-19,9:53:31
25-Apr-19,9:53:31
25-Apr-19,9:53:32
25-Apr-19,9:53:35
25-Apr-19,9:53:35
25-Apr-19,9:53:35
25-Apr-19,9:53:35
25-Apr-19,9:53:36
25-Apr-19,9:53:36
25-Apr-19,9:53:37
25-Apr-19,9:53:40
25-Apr-19,9:53:40
25-Apr-19,9:53:40
25-Apr-19,9:53:40
25-Apr-19,9:53:41
25-Apr-19,9:53:41
25-Apr-19,9:53:42
25-Apr-19,9:53:45
25-Apr-19,9:53:45
25-Apr-19,9:53:45
25-Apr-19,9:53:45
25-Apr-19,9:53:46
25-Apr-19,9:53:46
25-Apr-19,9:53:47
25-Apr-19,9:53:50
25-Apr-19,9:53:50
25-Apr-19,9:53:50
25-Apr-19,9:53:50
25-Apr-19,9:53:51
25-Apr-19,9:53:51
25-Apr-19,9:53:52
25-Apr-19,9:53:55
25-Apr-19,9:53:55
25-Apr-19,9:53:55
25-Apr-19,9:53:55
25-Apr-19,9:53:57
25-Apr-19,9:54:00
25-Apr-19,9:54:00
25-Apr-19,9:54:00
25-Apr-19,9:54:00
25-Apr-19,9:54:01
25-Apr-19,9:54:01
25-Apr-19,9:54:02
25-Apr-19,9:54:05
25-Apr-19,9:54:05
25-Apr-19,9:54:05
25-Apr-19,9:54:05
25-Apr-19,9:54:06
25-Apr-19,9:54:06
25-Apr-19,9:54:10
25-Apr-19,9:54:10
25-Apr-19,9:54:10
25-Apr-19,9:54:10
25-Apr-19,9:54:11
25-Apr-19,9:54:11
25-Apr-19,9:54:12
25-Apr-19,9:54:15
25-Apr-19,9:54:15
25-Apr-19,9:54:15
25-Apr-19,9:54:15
25-Apr-19,9:54:16
25-Apr-19,9:54:16
25-Apr-19,9:54:17
25-Apr-19,9:54:20
25-Apr-19,9:54:20
25-Apr-19,9:54:20
25-Apr-19,9:54:20
25-Apr-19,9:54:21
25-Apr-19,9:54:21
25-Apr-19,9:54:22
25-Apr-19,9:54:25
25-Apr-19,9:54:25
25-Apr-19,9:54:25
25-Apr-19,9:54:25
25-Apr-19,9:54:26
25-Apr-19,9:54:26
25-Apr-19,9:54:27
25-Apr-19,9:54:30
25-Apr-19,9:54:30
25-Apr-19,9:54:30
25-Apr-19,9:54:30
25-Apr-19,9:54:31
25-Apr-19,9:54:31
25-Apr-19,9:54:32
25-Apr-19,9:54:35
25-Apr-19,9:54:35
25-Apr-19,9:54:35
25-Apr-19,9:54:35
25-Apr-19,9:54:36
25-Apr-19,9:54:36
25-Apr-19,9:54:37
25-Apr-19,9:54:40
25-Apr-19,9:54:40
25-Apr-19,9:54:40
25-Apr-19,9:54:40
25-Apr-19,9:54:41
25-Apr-19,9:54:41
25-Apr-19,9:54:42
25-Apr-19,9:54:45
25-Apr-19,9:54:45
25-Apr-19,9:54:45
25-Apr-19,9:54:45
25-Apr-19,9:54:46
25-Apr-19,9:54:46
25-Apr-19,9:54:47
25-Apr-19,9:54:50
25-Apr-19,9:54:50
25-Apr-19,9:54:50
25-Apr-19,9:54:50
25-Apr-19,9:54:51
25-Apr-19,9:54:51
25-Apr-19,9:54:52
25-Apr-19,9:54:55
25-Apr-19,9:54:55
25-Apr-19,9:54:55
25-Apr-19,9:54:55
25-Apr-19,9:54:56
25-Apr-19,9:54:56
25-Apr-19,9:54:57
25-Apr-19,9:55:00
25-Apr-19,9:55:00
25-Apr-19,9:55:00
25-Apr-19,9:55:00
25-Apr-19,9:55:01
25-Apr-19,9:55:01
25-Apr-19,9:55:02
25-Apr-19,9:55:05
25-Apr-19,9:55:05
25-Apr-19,9:55:05
25-Apr-19,9:55:05
25-Apr-19,9:55:07
25-Apr-19,9:55:10
25-Apr-19,9:55:10
25-Apr-19,9:55:10
25-Apr-19,9:55:10
25-Apr-19,9:55:11
25-Apr-19,9:55:11
25-Apr-19,9:55:12
25-Apr-19,9:55:15
25-Apr-19,9:55:15
25-Apr-19,9:55:15
25-Apr-19,9:55:15
25-Apr-19,9:55:16
25-Apr-19,9:55:16
25-Apr-19,9:55:17
25-Apr-19,9:55:20
25-Apr-19,9:55:20
25-Apr-19,9:55:20
25-Apr-19,9:55:20
25-Apr-19,9:55:21
25-Apr-19,9:55:21
25-Apr-19,9:55:22
25-Apr-19,9:55:25
25-Apr-19,9:55:25
25-Apr-19,9:55:25
25-Apr-19,9:55:25
25-Apr-19,9:55:26
25-Apr-19,9:55:26
25-Apr-19,9:55:27
25-Apr-19,9:55:30
25-Apr-19,9:55:30
25-Apr-19,9:55:30
25-Apr-19,9:55:30
25-Apr-19,9:55:31
25-Apr-19,9:55:31
25-Apr-19,9:55:32
25-Apr-19,9:55:35
25-Apr-19,9:55:35
25-Apr-19,9:55:35
25-Apr-19,9:55:35
25-Apr-19,9:55:36
25-Apr-19,9:55:36
25-Apr-19,9:55:37
25-Apr-19,9:55:40
25-Apr-19,9:55:40
25-Apr-19,9:55:40
25-Apr-19,9:55:40
25-Apr-19,9:55:41
25-Apr-19,9:55:41
25-Apr-19,9:55:42
25-Apr-19,9:55:45
25-Apr-19,9:55:45
25-Apr-19,9:55:45
25-Apr-19,9:55:45
25-Apr-19,9:55:46
25-Apr-19,9:55:46
25-Apr-19,9:55:47
25-Apr-19,9:55:50
25-Apr-19,9:55:50
25-Apr-19,9:55:50
25-Apr-19,9:55:50
25-Apr-19,9:55:51
25-Apr-19,9:55:51
25-Apr-19,9:55:52
25-Apr-19,9:55:55
25-Apr-19,9:55:55
25-Apr-19,9:55:55
25-Apr-19,9:55:55
25-Apr-19,9:55:56
25-Apr-19,9:55:56
25-Apr-19,9:55:57
25-Apr-19,9:56:00
25-Apr-19,9:56:00
25-Apr-19,9:56:00
25-Apr-19,9:56:00
25-Apr-19,9:56:01
25-Apr-19,9:56:01
25-Apr-19,9:56:02
25-Apr-19,9:56:05
25-Apr-19,9:56:05
25-Apr-19,9:56:05
25-Apr-19,9:56:05
25-Apr-19,9:56:06
25-Apr-19,9:56:06
25-Apr-19,9:56:07
25-Apr-19,9:56:10
25-Apr-19,9:56:10
25-Apr-19,9:56:10
25-Apr-19,9:56:10
25-Apr-19,9:56:11
25-Apr-19,9:56:11
25-Apr-19,9:56:12
25-Apr-19,9:56:15
25-Apr-19,9:56:15
25-Apr-19,9:56:15
25-Apr-19,9:56:15
25-Apr-19,9:56:16
25-Apr-19,9:56:17
25-Apr-19,9:56:17
25-Apr-19,9:56:20
25-Apr-19,9:56:20
25-Apr-19,9:56:20
25-Apr-19,9:56:20
25-Apr-19,9:56:21
25-Apr-19,9:56:22
25-Apr-19,9:56:22
25-Apr-19,9:56:25
25-Apr-19,9:56:25
25-Apr-19,9:56:25
25-Apr-19,9:56:25
25-Apr-19,9:56:26
25-Apr-19,9:56:27
25-Apr-19,9:56:27
25-Apr-19,9:56:30
25-Apr-19,9:56:30
25-Apr-19,9:56:30
25-Apr-19,9:56:30
25-Apr-19,9:56:31
25-Apr-19,9:56:35
25-Apr-19,9:56:35
25-Apr-19,9:56:35
25-Apr-19,9:56:35
25-Apr-19,9:56:36
25-Apr-19,9:56:37
25-Apr-19,9:56:37
25-Apr-19,9:56:40
25-Apr-19,9:56:40
25-Apr-19,9:56:40
25-Apr-19,9:56:40
25-Apr-19,9:56:41
25-Apr-19,9:56:42
25-Apr-19,9:56:42
25-Apr-19,9:56:45
25-Apr-19,9:56:45
25-Apr-19,9:56:45
25-Apr-19,9:56:45
25-Apr-19,9:56:46
25-Apr-19,9:56:47
25-Apr-19,9:56:47
25-Apr-19,9:56:50
25-Apr-19,9:56:50
25-Apr-19,9:56:50
25-Apr-19,9:56:50
25-Apr-19,9:56:51
25-Apr-19,9:56:52
25-Apr-19,9:56:52
25-Apr-19,9:56:56
25-Apr-19,9:56:56
25-Apr-19,9:56:57
25-Apr-19,9:56:57
25-Apr-19,9:57:00
25-Apr-19,9:57:00
25-Apr-19,9:57:00
25-Apr-19,9:57:01
25-Apr-19,9:57:01
25-Apr-19,9:57:02
25-Apr-19,9:57:02
25-Apr-19,9:57:05
25-Apr-19,9:57:05
25-Apr-19,9:57:05
25-Apr-19,9:57:06
25-Apr-19,9:57:06
25-Apr-19,9:57:07
25-Apr-19,9:57:07
25-Apr-19,9:57:10
25-Apr-19,9:57:10
25-Apr-19,9:57:10
25-Apr-19,9:57:11
25-Apr-19,9:57:11
25-Apr-19,9:57:12
25-Apr-19,9:57:12
25-Apr-19,9:57:15
25-Apr-19,9:57:15
25-Apr-19,9:57:15
25-Apr-19,9:57:17
25-Apr-19,9:57:17
25-Apr-19,9:57:20
25-Apr-19,9:57:20
25-Apr-19,9:57:20
25-Apr-19,9:57:21
25-Apr-19,9:57:21
25-Apr-19,9:57:22
25-Apr-19,9:57:22
25-Apr-19,9:57:25
25-Apr-19,9:57:25
25-Apr-19,9:57:25
25-Apr-19,9:57:26
25-Apr-19,9:57:26
25-Apr-19,9:57:27
25-Apr-19,9:57:27
25-Apr-19,9:57:30
25-Apr-19,9:57:30
25-Apr-19,9:57:30
25-Apr-19,9:57:31
25-Apr-19,9:57:31
25-Apr-19,9:57:32
25-Apr-19,9:57:32
25-Apr-19,9:57:36
25-Apr-19,9:57:36
25-Apr-19,9:57:37
25-Apr-19,9:57:37
25-Apr-19,9:57:40
25-Apr-19,9:57:40
25-Apr-19,9:57:40
25-Apr-19,9:57:41
25-Apr-19,9:57:41
25-Apr-19,9:57:42
25-Apr-19,9:57:42
25-Apr-19,9:57:45
25-Apr-19,9:57:45
25-Apr-19,9:57:45
25-Apr-19,9:57:46
25-Apr-19,9:57:46
25-Apr-19,9:57:47
25-Apr-19,9:57:47
25-Apr-19,9:57:50
25-Apr-19,9:57:50
25-Apr-19,9:57:50
25-Apr-19,9:57:51
25-Apr-19,9:57:51
25-Apr-19,9:57:52
25-Apr-19,9:57:52
25-Apr-19,9:57:55
25-Apr-19,9:57:55
25-Apr-19,9:57:55
25-Apr-19,9:57:56
25-Apr-19,9:57:56
25-Apr-19,9:57:57
25-Apr-19,9:57:57
25-Apr-19,9:58:00
25-Apr-19,9:58:00
25-Apr-19,9:58:00
25-Apr-19,9:58:01
25-Apr-19,9:58:01
25-Apr-19,9:58:02
25-Apr-19,9:58:02
25-Apr-19,9:58:05
25-Apr-19,9:58:05
25-Apr-19,9:58:05
25-Apr-19,9:58:06
25-Apr-19,9:58:06
25-Apr-19,9:58:07
25-Apr-19,9:58:07
25-Apr-19,9:58:10
25-Apr-19,9:58:10
25-Apr-19,9:58:10
25-Apr-19,9:58:11
25-Apr-19,9:58:11
25-Apr-19,9:58:15
25-Apr-19,9:58:15
25-Apr-19,9:58:15
25-Apr-19,9:58:16
25-Apr-19,9:58:16
25-Apr-19,9:58:17
25-Apr-19,9:58:17
25-Apr-19,9:58:20
25-Apr-19,9:58:20
25-Apr-19,9:58:20
25-Apr-19,9:58:21
25-Apr-19,9:58:21
25-Apr-19,9:58:22
25-Apr-19,9:58:22
25-Apr-19,9:58:25
25-Apr-19,9:58:25
25-Apr-19,9:58:25
25-Apr-19,9:58:26
25-Apr-19,9:58:26
25-Apr-19,9:58:27
25-Apr-19,9:58:27
25-Apr-19,9:58:30
25-Apr-19,9:58:30
25-Apr-19,9:58:30
25-Apr-19,9:58:31
25-Apr-19,9:58:31
25-Apr-19,9:58:32
25-Apr-19,9:58:32
25-Apr-19,9:58:35
25-Apr-19,9:58:35
25-Apr-19,9:58:35
25-Apr-19,9:58:36
25-Apr-19,9:58:36
25-Apr-19,9:58:37
25-Apr-19,9:58:37
25-Apr-19,9:58:40
25-Apr-19,9:58:40
25-Apr-19,9:58:40
25-Apr-19,9:58:42
25-Apr-19,9:58:42
25-Apr-19,9:58:45
25-Apr-19,9:58:45
25-Apr-19,9:58:46
25-Apr-19,9:58:46
25-Apr-19,9:58:46
25-Apr-19,9:58:47
25-Apr-19,9:58:47
25-Apr-19,9:58:50
25-Apr-19,9:58:50
25-Apr-19,9:58:51
25-Apr-19,9:58:51
25-Apr-19,9:58:51
25-Apr-19,9:58:52
25-Apr-19,9:58:52
25-Apr-19,9:58:55
25-Apr-19,9:58:55
25-Apr-19,9:58:56
25-Apr-19,9:58:56
25-Apr-19,9:58:56
25-Apr-19,9:58:57
25-Apr-19,9:58:57
25-Apr-19,9:59:00
25-Apr-19,9:59:00
25-Apr-19,9:59:01
25-Apr-19,9:59:01
25-Apr-19,9:59:01
25-Apr-19,9:59:02
25-Apr-19,9:59:02
25-Apr-19,9:59:05
25-Apr-19,9:59:05
25-Apr-19,9:59:06
25-Apr-19,9:59:06
25-Apr-19,9:59:06
25-Apr-19,9:59:07
25-Apr-19,9:59:07
25-Apr-19,9:59:07
25-Apr-19,9:59:09
25-Apr-19,9:59:10
25-Apr-19,9:59:10
25-Apr-19,9:59:11
25-Apr-19,9:59:11
25-Apr-19,9:59:11
25-Apr-19,9:59:12
25-Apr-19,9:59:12
25-Apr-19,9:59:12
25-Apr-19,9:59:14
25-Apr-19,9:59:15
25-Apr-19,9:59:15
25-Apr-19,9:59:16
25-Apr-19,9:59:16
25-Apr-19,9:59:16
25-Apr-19,9:59:19
25-Apr-19,9:59:20
25-Apr-19,9:59:20
25-Apr-19,9:59:21
25-Apr-19,9:59:21
25-Apr-19,9:59:21
25-Apr-19,9:59:22
25-Apr-19,9:59:22
25-Apr-19,9:59:22
25-Apr-19,9:59:24
25-Apr-19,9:59:25
25-Apr-19,9:59:25
25-Apr-19,9:59:26
25-Apr-19,9:59:26
25-Apr-19,9:59:26
25-Apr-19,9:59:27
25-Apr-19,9:59:27
25-Apr-19,9:59:27
25-Apr-19,9:59:29
25-Apr-19,9:59:30
25-Apr-19,9:59:30
25-Apr-19,9:59:31
25-Apr-19,9:59:31
25-Apr-19,9:59:31
25-Apr-19,9:59:32
25-Apr-19,9:59:32
25-Apr-19,9:59:32
25-Apr-19,9:59:34
25-Apr-19,9:59:35
25-Apr-19,9:59:35
25-Apr-19,9:59:36
25-Apr-19,9:59:36
25-Apr-19,9:59:36
25-Apr-19,9:59:37
25-Apr-19,9:59:37
25-Apr-19,9:59:38
25-Apr-19,9:59:39
25-Apr-19,9:59:40
25-Apr-19,9:59:40
25-Apr-19,9:59:42
25-Apr-19,9:59:42
25-Apr-19,9:59:43
25-Apr-19,9:59:44
25-Apr-19,9:59:45
25-Apr-19,9:59:45
25-Apr-19,9:59:46
25-Apr-19,9:59:46
25-Apr-19,9:59:46
25-Apr-19,9:59:47
25-Apr-19,9:59:47
25-Apr-19,9:59:48
25-Apr-19,9:59:49
25-Apr-19,9:59:50
25-Apr-19,9:59:50
25-Apr-19,9:59:51
25-Apr-19,9:59:51
25-Apr-19,9:59:51
25-Apr-19,9:59:52
25-Apr-19,9:59:52
25-Apr-19,9:59:53
25-Apr-19,9:59:54
25-Apr-19,9:59:55
25-Apr-19,9:59:55
25-Apr-19,9:59:56
25-Apr-19,9:59:56
25-Apr-19,9:59:56
25-Apr-19,9:59:57
25-Apr-19,9:59:57
25-Apr-19,9:59:59
25-Apr-19,10:00:00
25-Apr-19,10:00:00
25-Apr-19,10:00:01
25-Apr-19,10:00:01
25-Apr-19,10:00:01
25-Apr-19,10:00:02
25-Apr-19,10:00:02
25-Apr-19,10:00:03
25-Apr-19,10:00:04
25-Apr-19,10:00:05
25-Apr-19,10:00:05
25-Apr-19,10:00:06
25-Apr-19,10:00:06
25-Apr-19,10:00:06
25-Apr-19,10:00:07
25-Apr-19,10:00:07
25-Apr-19,10:00:08
25-Apr-19,10:00:09
25-Apr-19,10:00:10
25-Apr-19,10:00:11
25-Apr-19,10:00:11
25-Apr-19,10:00:11
25-Apr-19,10:00:11
25-Apr-19,10:00:12
25-Apr-19,10:00:12
25-Apr-19,10:00:13
25-Apr-19,10:00:14
25-Apr-19,10:00:15
25-Apr-19,10:00:16
25-Apr-19,10:00:16
25-Apr-19,10:00:16
25-Apr-19,10:00:16
25-Apr-19,10:00:17
25-Apr-19,10:00:17
25-Apr-19,10:00:18
25-Apr-19,10:00:19
25-Apr-19,10:00:20
25-Apr-19,10:00:21
25-Apr-19,10:00:21
25-Apr-19,10:00:21
25-Apr-19,10:00:21
25-Apr-19,10:00:22
25-Apr-19,10:00:22
25-Apr-19,10:00:23
25-Apr-19,10:00:24
25-Apr-19,10:00:25
25-Apr-19,10:00:26
25-Apr-19,10:00:26
25-Apr-19,10:00:26
25-Apr-19,10:00:26
25-Apr-19,10:00:27
25-Apr-19,10:00:27
25-Apr-19,10:00:28
25-Apr-19,10:00:29
25-Apr-19,10:00:30
25-Apr-19,10:00:31
25-Apr-19,10:00:31
25-Apr-19,10:00:31
25-Apr-19,10:00:31
25-Apr-19,10:00:32
25-Apr-19,10:00:32
25-Apr-19,10:00:33
25-Apr-19,10:00:34
25-Apr-19,10:00:35
25-Apr-19,10:00:36
25-Apr-19,10:00:36
25-Apr-19,10:00:36
25-Apr-19,10:00:36
25-Apr-19,10:00:37
25-Apr-19,10:00:37
25-Apr-19,10:00:38
25-Apr-19,10:00:39
25-Apr-19,10:00:40
25-Apr-19,10:00:41
25-Apr-19,10:00:41
25-Apr-19,10:00:41
25-Apr-19,10:00:41
25-Apr-19,10:00:42
25-Apr-19,10:00:42
25-Apr-19,10:00:43
25-Apr-19,10:00:44
25-Apr-19,10:00:45
25-Apr-19,10:00:46
25-Apr-19,10:00:46
25-Apr-19,10:00:46
25-Apr-19,10:00:46
25-Apr-19,10:00:47
25-Apr-19,10:00:47
25-Apr-19,10:00:48
25-Apr-19,10:00:49
25-Apr-19,10:00:50
25-Apr-19,10:00:51
25-Apr-19,10:00:51
25-Apr-19,10:00:51
25-Apr-19,10:00:51
25-Apr-19,10:00:52
25-Apr-19,10:00:52
25-Apr-19,10:00:53
25-Apr-19,10:00:54
25-Apr-19,10:00:55
25-Apr-19,10:00:56
25-Apr-19,10:00:56
25-Apr-19,10:00:56
25-Apr-19,10:00:56
25-Apr-19,10:00:57
25-Apr-19,10:00:57
25-Apr-19,10:00:58
25-Apr-19,10:00:59
25-Apr-19,10:01:00
25-Apr-19,10:01:01
25-Apr-19,10:01:01
25-Apr-19,10:01:01
25-Apr-19,10:01:01
25-Apr-19,10:01:02
25-Apr-19,10:01:02
25-Apr-19,10:01:03
25-Apr-19,10:01:05
25-Apr-19,10:01:06
25-Apr-19,10:01:06
25-Apr-19,10:01:06
25-Apr-19,10:01:06
25-Apr-19,10:01:07
25-Apr-19,10:01:07
25-Apr-19,10:01:09
25-Apr-19,10:01:10
25-Apr-19,10:01:12
25-Apr-19,10:01:12
25-Apr-19,10:01:13
25-Apr-19,10:01:14
25-Apr-19,10:01:15
25-Apr-19,10:01:16
25-Apr-19,10:01:16
25-Apr-19,10:01:16
25-Apr-19,10:01:16
25-Apr-19,10:01:17
25-Apr-19,10:01:17
25-Apr-19,10:01:18
25-Apr-19,10:01:19
25-Apr-19,10:01:20
25-Apr-19,10:01:21
25-Apr-19,10:01:21
25-Apr-19,10:01:21
25-Apr-19,10:01:21
25-Apr-19,10:01:22
25-Apr-19,10:01:22
25-Apr-19,10:01:23
25-Apr-19,10:01:24
25-Apr-19,10:01:25
25-Apr-19,10:01:26
25-Apr-19,10:01:26
25-Apr-19,10:01:26
25-Apr-19,10:01:26
25-Apr-19,10:01:27
25-Apr-19,10:01:27
25-Apr-19,10:01:28
25-Apr-19,10:01:29
25-Apr-19,10:01:30
25-Apr-19,10:01:31
25-Apr-19,10:01:31
25-Apr-19,10:01:31
25-Apr-19,10:01:32
25-Apr-19,10:01:32
25-Apr-19,10:01:32
25-Apr-19,10:01:33
25-Apr-19,10:01:34
25-Apr-19,10:01:35
25-Apr-19,10:01:36
25-Apr-19,10:01:36
25-Apr-19,10:01:36
25-Apr-19,10:01:37
25-Apr-19,10:01:37
25-Apr-19,10:01:37
25-Apr-19,10:01:38
25-Apr-19,10:01:39
25-Apr-19,10:01:40
25-Apr-19,10:01:41
25-Apr-19,10:01:41
25-Apr-19,10:01:41
25-Apr-19,10:01:42
25-Apr-19,10:01:42
25-Apr-19,10:01:42
25-Apr-19,10:01:43
25-Apr-19,10:01:44
25-Apr-19,10:01:45
25-Apr-19,10:01:46
25-Apr-19,10:01:46
25-Apr-19,10:01:46
25-Apr-19,10:01:47
25-Apr-19,10:01:47
25-Apr-19,10:01:47
25-Apr-19,10:01:48
25-Apr-19,10:01:49
25-Apr-19,10:01:50
25-Apr-19,10:01:51
25-Apr-19,10:01:51
25-Apr-19,10:01:51
25-Apr-19,10:01:52
25-Apr-19,10:01:52
25-Apr-19,10:01:52
25-Apr-19,10:01:53
25-Apr-19,10:01:54
25-Apr-19,10:01:55
25-Apr-19,10:01:56
25-Apr-19,10:01:56
25-Apr-19,10:01:56
25-Apr-19,10:01:57
25-Apr-19,10:01:57
25-Apr-19,10:01:57
25-Apr-19,10:01:58
25-Apr-19,10:01:59
25-Apr-19,10:02:00
25-Apr-19,10:02:01
25-Apr-19,10:02:01
25-Apr-19,10:02:01
25-Apr-19,10:02:02
25-Apr-19,10:02:02
25-Apr-19,10:02:02
25-Apr-19,10:02:03
25-Apr-19,10:02:04
25-Apr-19,10:02:05
25-Apr-19,10:02:06
25-Apr-19,10:02:06
25-Apr-19,10:02:06
25-Apr-19,10:02:07
25-Apr-19,10:02:07
25-Apr-19,10:02:07
25-Apr-19,10:02:08
25-Apr-19,10:02:09
25-Apr-19,10:02:10
25-Apr-19,10:02:11
25-Apr-19,10:02:11
25-Apr-19,10:02:11
25-Apr-19,10:02:12
25-Apr-19,10:02:12
25-Apr-19,10:02:12
25-Apr-19,10:02:13
25-Apr-19,10:02:14
25-Apr-19,10:02:15
25-Apr-19,10:02:16
25-Apr-19,10:02:16
25-Apr-19,10:02:16
25-Apr-19,10:02:17
25-Apr-19,10:02:17
25-Apr-19,10:02:17
25-Apr-19,10:02:18
25-Apr-19,10:02:19
25-Apr-19,10:02:20
25-Apr-19,10:02:21
25-Apr-19,10:02:21
25-Apr-19,10:02:21
25-Apr-19,10:02:22
25-Apr-19,10:02:22
25-Apr-19,10:02:22
25-Apr-19,10:02:23
25-Apr-19,10:02:24
25-Apr-19,10:02:26
25-Apr-19,10:02:26
25-Apr-19,10:02:26
25-Apr-19,10:02:27
25-Apr-19,10:02:27
25-Apr-19,10:02:27
25-Apr-19,10:02:28
25-Apr-19,10:02:29
25-Apr-19,10:02:30
25-Apr-19,10:02:31
25-Apr-19,10:02:31
25-Apr-19,10:02:31
25-Apr-19,10:02:32
25-Apr-19,10:02:32
25-Apr-19,10:02:32
25-Apr-19,10:02:33
25-Apr-19,10:02:35
25-Apr-19,10:02:36
25-Apr-19,10:02:36
25-Apr-19,10:02:36
25-Apr-19,10:02:37
25-Apr-19,10:02:37
25-Apr-19,10:02:37
25-Apr-19,10:02:38
25-Apr-19,10:02:39
25-Apr-19,10:02:40
25-Apr-19,10:02:41
25-Apr-19,10:02:41
25-Apr-19,10:02:41
25-Apr-19,10:02:42
25-Apr-19,10:02:42
25-Apr-19,10:02:42
25-Apr-19,10:02:43
25-Apr-19,10:02:44
25-Apr-19,10:02:45
25-Apr-19,10:02:46
25-Apr-19,10:02:46
25-Apr-19,10:02:46
25-Apr-19,10:02:47
25-Apr-19,10:02:47
25-Apr-19,10:02:47
25-Apr-19,10:02:48
25-Apr-19,10:02:49
25-Apr-19,10:02:50
25-Apr-19,10:02:51
25-Apr-19,10:02:51
25-Apr-19,10:02:51
25-Apr-19,10:02:52
25-Apr-19,10:02:52
25-Apr-19,10:02:52
25-Apr-19,10:02:53
25-Apr-19,10:02:54
25-Apr-19,10:02:55
25-Apr-19,10:02:56
25-Apr-19,10:02:56
25-Apr-19,10:02:56
25-Apr-19,10:02:57
25-Apr-19,10:02:57
25-Apr-19,10:02:57
25-Apr-19,10:02:58
25-Apr-19,10:02:59
25-Apr-19,10:03:00
25-Apr-19,10:03:01
25-Apr-19,10:03:01
25-Apr-19,10:03:01
25-Apr-19,10:03:02
25-Apr-19,10:03:02
25-Apr-19,10:03:02
25-Apr-19,10:03:03
25-Apr-19,10:03:04
25-Apr-19,10:03:05
25-Apr-19,10:03:06
25-Apr-19,10:03:06
25-Apr-19,10:03:06
25-Apr-19,10:03:07
25-Apr-19,10:03:07
25-Apr-19,10:03:07
25-Apr-19,10:03:08
25-Apr-19,10:03:09
25-Apr-19,10:03:10
25-Apr-19,10:03:11
25-Apr-19,10:03:11
25-Apr-19,10:03:11
25-Apr-19,10:03:12
25-Apr-19,10:03:12
25-Apr-19,10:03:12
25-Apr-19,10:03:13
25-Apr-19,10:03:14
25-Apr-19,10:03:15
25-Apr-19,10:03:16
25-Apr-19,10:03:16
25-Apr-19,10:03:16
25-Apr-19,10:03:17
25-Apr-19,10:03:17
25-Apr-19,10:03:17
25-Apr-19,10:03:18
25-Apr-19,10:03:19
25-Apr-19,10:03:21
25-Apr-19,10:03:21
25-Apr-19,10:03:21
25-Apr-19,10:03:22
25-Apr-19,10:03:22
25-Apr-19,10:03:22
25-Apr-19,10:03:23
25-Apr-19,10:03:24
25-Apr-19,10:03:25
25-Apr-19,10:03:26
25-Apr-19,10:03:26
25-Apr-19,10:03:26
25-Apr-19,10:03:27
25-Apr-19,10:03:27
25-Apr-19,10:03:27
25-Apr-19,10:03:28
25-Apr-19,10:03:29
25-Apr-19,10:03:30
25-Apr-19,10:03:31
25-Apr-19,10:03:31
25-Apr-19,10:03:31
25-Apr-19,10:03:32
25-Apr-19,10:03:32
25-Apr-19,10:03:32
25-Apr-19,10:03:33
25-Apr-19,10:03:34
25-Apr-19,10:03:35
25-Apr-19,10:03:36
25-Apr-19,10:03:36
25-Apr-19,10:03:36
25-Apr-19,10:03:37
25-Apr-19,10:03:37
25-Apr-19,10:03:37
25-Apr-19,10:03:38
25-Apr-19,10:03:39
25-Apr-19,10:03:40
25-Apr-19,10:03:41
25-Apr-19,10:03:41
25-Apr-19,10:03:41
25-Apr-19,10:03:42
25-Apr-19,10:03:42
25-Apr-19,10:03:42
25-Apr-19,10:03:43
25-Apr-19,10:03:44
25-Apr-19,10:03:45
25-Apr-19,10:03:46
25-Apr-19,10:03:46
25-Apr-19,10:03:46
25-Apr-19,10:03:48
25-Apr-19,10:03:49
25-Apr-19,10:03:50
25-Apr-19,10:03:51
25-Apr-19,10:03:51
25-Apr-19,10:03:51
25-Apr-19,10:03:52
25-Apr-19,10:03:52
25-Apr-19,10:03:52
25-Apr-19,10:03:53
25-Apr-19,10:03:54
25-Apr-19,10:03:55
25-Apr-19,10:03:56
25-Apr-19,10:03:56
25-Apr-19,10:03:56
25-Apr-19,10:03:57
25-Apr-19,10:03:57
25-Apr-19,10:03:57
25-Apr-19,10:03:58
25-Apr-19,10:03:59
25-Apr-19,10:04:00
25-Apr-19,10:04:01
25-Apr-19,10:04:01
25-Apr-19,10:04:01
25-Apr-19,10:04:02
25-Apr-19,10:04:02
25-Apr-19,10:04:02
25-Apr-19,10:04:03
25-Apr-19,10:04:04
25-Apr-19,10:04:05
25-Apr-19,10:04:06
25-Apr-19,10:04:06
25-Apr-19,10:04:06
25-Apr-19,10:04:07
25-Apr-19,10:04:07
25-Apr-19,10:04:07
25-Apr-19,10:04:08
25-Apr-19,10:04:09
25-Apr-19,10:04:10
25-Apr-19,10:04:11
25-Apr-19,10:04:11
25-Apr-19,10:04:11
25-Apr-19,10:04:12
25-Apr-19,10:04:12
25-Apr-19,10:04:12
25-Apr-19,10:04:13
25-Apr-19,10:04:14
25-Apr-19,10:04:15
25-Apr-19,10:04:16
25-Apr-19,10:04:16
25-Apr-19,10:04:16
25-Apr-19,10:04:17
25-Apr-19,10:04:17
25-Apr-19,10:04:17
25-Apr-19,10:04:18
25-Apr-19,10:04:19
25-Apr-19,10:04:20
25-Apr-19,10:04:21
25-Apr-19,10:04:21
25-Apr-19,10:04:21
25-Apr-19,10:04:22
25-Apr-19,10:04:22
25-Apr-19,10:04:22
25-Apr-19,10:04:23
25-Apr-19,10:04:24
25-Apr-19,10:04:25
25-Apr-19,10:04:26
25-Apr-19,10:04:26
25-Apr-19,10:04:26
25-Apr-19,10:04:27
25-Apr-19,10:04:27
25-Apr-19,10:04:27
25-Apr-19,10:04:28
25-Apr-19,10:04:29
25-Apr-19,10:04:30
25-Apr-19,10:04:31
25-Apr-19,10:04:31
25-Apr-19,10:04:31
25-Apr-19,10:04:32
25-Apr-19,10:04:32
25-Apr-19,10:04:32
25-Apr-19,10:04:33
25-Apr-19,10:04:34
25-Apr-19,10:04:35
25-Apr-19,10:04:36
25-Apr-19,10:04:36
25-Apr-19,10:04:36
25-Apr-19,10:04:37
25-Apr-19,10:04:37
25-Apr-19,10:04:37
25-Apr-19,10:04:38
25-Apr-19,10:04:39
25-Apr-19,10:04:40
25-Apr-19,10:04:41
25-Apr-19,10:04:41
25-Apr-19,10:04:41
25-Apr-19,10:04:42
25-Apr-19,10:04:42
25-Apr-19,10:04:42
25-Apr-19,10:04:43
25-Apr-19,10:04:44
25-Apr-19,10:04:45
25-Apr-19,10:04:46
25-Apr-19,10:04:46
25-Apr-19,10:04:46
25-Apr-19,10:04:47
25-Apr-19,10:04:47
25-Apr-19,10:04:47
25-Apr-19,10:04:49
25-Apr-19,10:04:52
25-Apr-19,10:04:52
25-Apr-19,10:04:52
25-Apr-19,10:04:53
25-Apr-19,10:04:54
25-Apr-19,10:04:55
25-Apr-19,10:04:56
25-Apr-19,10:04:56
25-Apr-19,10:04:56
25-Apr-19,10:04:57
25-Apr-19,10:04:57
25-Apr-19,10:04:57
25-Apr-19,10:04:58
25-Apr-19,10:04:59
25-Apr-19,10:05:00
25-Apr-19,10:05:01
25-Apr-19,10:05:01
25-Apr-19,10:05:01
31-Mar-19,12:40:24
31-Mar-19,12:40:24
31-Mar-19,12:40:24
31-Mar-19,12:40:24
31-Mar-19,12:40:24
31-Mar-19,12:40:24
31-Mar-19,12:40:24
31-Mar-19,12:40:24
31-Mar-19,12:40:24
31-Mar-19,12:40:24
31-Mar-19,12:40:24
31-Mar-19,12:40:24
31-Mar-19,12:40:24
31-Mar-19,12:40:24
31-Mar-19,12:40:24
31-Mar-19,12:40:24
31-Mar-19,12:40:24
31-Mar-19,12:40:24
31-Mar-19,12:40:24
31-Mar-19,12:40:24
31-Mar-19,12:40:24
31-Mar-19,12:40:24
31-Mar-19,12:40:24
31-Mar-19,12:40:24
31-Mar-19,12:40:24
31-Mar-19,12:40:24
31-Mar-19,12:40:24
31-Mar-19,12:40:24
31-Mar-19,12:40:24
31-Mar-19,12:40:24
31-Mar-19,12:40:24
31-Mar-19,12:40:24
31-Mar-19,12:40:24
31-Mar-19,12:40:24
31-Mar-19,12:40:24
31-Mar-19,12:40:24
31-Mar-19,12:40:24
31-Mar-19,12:40:24
31-Mar-19,12:40:24
31-Mar-19,12:40:24
31-Mar-19,12:40:24
31-Mar-19,12:40:24
31-Mar-19,12:40:24
31-Mar-19,12:40:25
31-Mar-19,12:40:25
31-Mar-19,12:40:25
31-Mar-19,12:40:25
31-Mar-19,12:40:25
31-Mar-19,12:40:25
31-Mar-19,12:40:25
31-Mar-19,12:40:25
31-Mar-19,12:40:25
31-Mar-19,12:40:25
31-Mar-19,12:40:25
31-Mar-19,12:40:25
31-Mar-19,12:40:25
31-Mar-19,12:40:25
31-Mar-19,12:40:25
31-Mar-19,12:40:25
31-Mar-19,12:40:25
31-Mar-19,12:40:25
31-Mar-19,12:40:25
31-Mar-19,12:40:25
31-Mar-19,12:40:25
31-Mar-19,12:40:25
31-Mar-19,12:40:25
31-Mar-19,12:40:25
31-Mar-19,12:40:25
31-Mar-19,12:40:25
31-Mar-19,12:40:25
31-Mar-19,12:40:25
31-Mar-19,12:40:25
31-Mar-19,12:40:25
31-Mar-19,12:40:25
31-Mar-19,12:40:25
31-Mar-19,12:40:29
31-Mar-19,12:40:29
31-Mar-19,12:40:29
31-Mar-19,12:40:29
31-Mar-19,12:40:29
31-Mar-19,12:40:29
31-Mar-19,12:40:29
31-Mar-19,12:40:30
31-Mar-19,12:40:30
31-Mar-19,12:40:30
31-Mar-19,12:40:30
31-Mar-19,12:40:30
31-Mar-19,12:40:30
31-Mar-19,12:40:30
31-Mar-19,12:40:30
31-Mar-19,12:40:30
31-Mar-19,12:40:30
31-Mar-19,12:40:30
31-Mar-19,12:40:30
31-Mar-19,12:40:30
31-Mar-19,12:40:30
31-Mar-19,12:40:30
31-Mar-19,12:40:30
31-Mar-19,12:40:30
31-Mar-19,12:40:30
31-Mar-19,12:40:30
31-Mar-19,12:40:30
31-Mar-19,12:40:30
31-Mar-19,12:40:30
31-Mar-19,12:40:30
31-Mar-19,12:40:30
31-Mar-19,12:40:30
31-Mar-19,12:40:30
31-Mar-19,12:40:30
31-Mar-19,12:40:30
31-Mar-19,12:40:30
31-Mar-19,12:40:30
31-Mar-19,12:40:30
31-Mar-19,12:40:30
31-Mar-19,12:40:30
31-Mar-19,12:40:30
31-Mar-19,12:40:30
31-Mar-19,12:40:30
31-Mar-19,12:40:30
31-Mar-19,12:40:30
31-Mar-19,12:40:30
31-Mar-19,12:40:30
31-Mar-19,12:40:30
31-Mar-19,12:40:30
31-Mar-19,12:40:30
31-Mar-19,12:40:30
31-Mar-19,12:40:31
31-Mar-19,12:40:31
31-Mar-19,12:40:31
31-Mar-19,12:40:31
31-Mar-19,12:40:31
31-Mar-19,12:40:31
31-Mar-19,12:40:31
31-Mar-19,12:40:31
31-Mar-19,12:40:31
31-Mar-19,12:40:31
31-Mar-19,12:40:31
31-Mar-19,12:40:31
31-Mar-19,12:40:31
31-Mar-19,12:40:31
31-Mar-19,12:40:31
31-Mar-19,12:40:31
31-Mar-19,12:40:31
31-Mar-19,12:40:31
31-Mar-19,12:40:31
31-Mar-19,12:40:31
31-Mar-19,12:40:31
31-Mar-19,12:40:31
31-Mar-19,12:40:31
31-Mar-19,12:40:31
31-Mar-19,12:40:31
31-Mar-19,12:40:31
31-Mar-19,12:40:31
31-Mar-19,12:40:31
31-Mar-19,12:40:31
31-Mar-19,12:40:33
31-Mar-19,12:40:33
31-Mar-19,12:40:33
31-Mar-19,12:40:33
31-Mar-19,12:40:33
31-Mar-19,12:40:33
31-Mar-19,12:40:33
31-Mar-19,12:40:33
31-Mar-19,12:40:33
31-Mar-19,12:40:33
31-Mar-19,12:40:33
31-Mar-19,12:40:33
31-Mar-19,12:40:33
31-Mar-19,12:40:33
31-Mar-19,12:40:33
31-Mar-19,12:40:33
31-Mar-19,12:40:33
31-Mar-19,12:40:33
31-Mar-19,12:40:33
31-Mar-19,12:40:33
31-Mar-19,12:40:33
31-Mar-19,12:40:33
31-Mar-19,12:40:33
31-Mar-19,12:40:33
31-Mar-19,12:40:33
31-Mar-19,12:40:34
31-Mar-19,12:40:34
31-Mar-19,12:40:34
31-Mar-19,12:40:34
31-Mar-19,12:40:34
31-Mar-19,12:40:34
31-Mar-19,12:40:34
31-Mar-19,12:40:34
31-Mar-19,12:40:34
31-Mar-19,12:40:34
31-Mar-19,12:40:34
31-Mar-19,12:40:34
31-Mar-19,12:40:34
31-Mar-19,12:40:34
31-Mar-19,12:40:34
31-Mar-19,12:40:34
31-Mar-19,12:40:34
31-Mar-19,12:40:34
31-Mar-19,12:40:34
31-Mar-19,12:40:34
31-Mar-19,12:40:34
31-Mar-19,12:40:34
31-Mar-19,12:40:34
31-Mar-19,12:40:34
31-Mar-19,12:40:34
31-Mar-19,12:40:34
31-Mar-19,12:40:34
31-Mar-19,12:40:34
31-Mar-19,12:40:34
31-Mar-19,12:40:34
31-Mar-19,12:40:34
31-Mar-19,12:40:34
31-Mar-19,12:40:34
31-Mar-19,12:40:34
31-Mar-19,12:40:34
31-Mar-19,12:40:34
31-Mar-19,12:40:34
31-Mar-19,12:40:34
31-Mar-19,12:40:34
31-Mar-19,12:40:34
31-Mar-19,12:40:34
31-Mar-19,12:40:34
31-Mar-19,12:40:34
31-Mar-19,12:40:34
31-Mar-19,12:40:34
31-Mar-19,12:40:35
31-Mar-19,12:40:35
31-Mar-19,12:40:35
31-Mar-19,12:40:35
31-Mar-19,12:40:35
31-Mar-19,12:40:35
31-Mar-19,12:40:35
31-Mar-19,12:40:35
31-Mar-19,12:40:35
31-Mar-19,12:40:35
31-Mar-19,12:40:37
31-Mar-19,12:40:37
31-Mar-19,12:40:37
31-Mar-19,12:40:37
31-Mar-19,12:40:37
31-Mar-19,12:40:37
31-Mar-19,12:40:37
31-Mar-19,12:40:37
31-Mar-19,12:40:37
31-Mar-19,12:40:37
31-Mar-19,12:40:37
31-Mar-19,12:40:37
31-Mar-19,12:40:37
31-Mar-19,12:40:37
31-Mar-19,12:40:37
31-Mar-19,12:40:37
31-Mar-19,12:40:37
31-Mar-19,12:40:37
31-Mar-19,12:40:37
31-Mar-19,12:40:37
31-Mar-19,12:40:37
31-Mar-19,12:40:37
31-Mar-19,12:40:37
31-Mar-19,12:40:37
31-Mar-19,12:40:37
31-Mar-19,12:40:37
31-Mar-19,12:40:37
31-Mar-19,12:40:37
31-Mar-19,12:40:37
31-Mar-19,12:40:37
31-Mar-19,12:40:37
31-Mar-19,12:40:37
31-Mar-19,12:40:37
31-Mar-19,12:40:37
31-Mar-19,12:40:37
31-Mar-19,12:40:37
31-Mar-19,12:40:37
31-Mar-19,12:40:37
31-Mar-19,12:40:37
31-Mar-19,12:40:37
31-Mar-19,12:40:37
31-Mar-19,12:40:37
31-Mar-19,12:40:37
31-Mar-19,12:40:37
31-Mar-19,12:40:37
31-Mar-19,12:40:37
31-Mar-19,12:40:38
31-Mar-19,12:40:38
31-Mar-19,12:40:38
31-Mar-19,12:40:38
31-Mar-19,12:40:38
31-Mar-19,12:40:38
31-Mar-19,12:40:38
31-Mar-19,12:40:38
31-Mar-19,12:40:38
31-Mar-19,12:40:38
31-Mar-19,12:40:38
31-Mar-19,12:40:38
31-Mar-19,12:40:38
31-Mar-19,12:40:38
31-Mar-19,12:40:38
31-Mar-19,12:40:38
31-Mar-19,12:40:38
31-Mar-19,12:40:38
31-Mar-19,12:40:38
31-Mar-19,12:40:38
31-Mar-19,12:40:38
31-Mar-19,12:40:38
31-Mar-19,12:40:38
31-Mar-19,12:40:38
31-Mar-19,12:40:38
31-Mar-19,12:40:38
31-Mar-19,12:40:38
31-Mar-19,12:40:38
31-Mar-19,12:40:38
31-Mar-19,12:40:38
31-Mar-19,12:40:38
31-Mar-19,12:40:38
31-Mar-19,12:40:38
31-Mar-19,12:40:40
31-Mar-19,12:40:40
31-Mar-19,12:40:40
31-Mar-19,12:40:40
31-Mar-19,12:40:40
31-Mar-19,12:40:40
31-Mar-19,12:40:40
31-Mar-19,12:40:40
31-Mar-19,12:40:40
31-Mar-19,12:40:40
31-Mar-19,12:40:40
31-Mar-19,12:40:40
31-Mar-19,12:40:40
31-Mar-19,12:40:40
31-Mar-19,12:40:40
31-Mar-19,12:40:40
31-Mar-19,12:40:40
31-Mar-19,12:40:40
31-Mar-19,12:40:40
31-Mar-19,12:40:40
31-Mar-19,12:40:40
31-Mar-19,12:40:40
31-Mar-19,12:40:40
31-Mar-19,12:40:40
31-Mar-19,12:40:40
31-Mar-19,12:40:41
31-Mar-19,12:40:41
31-Mar-19,12:40:41
31-Mar-19,12:40:41
31-Mar-19,12:40:41
31-Mar-19,12:40:41
31-Mar-19,12:40:41
31-Mar-19,12:40:41
31-Mar-19,12:40:41
31-Mar-19,12:40:41
31-Mar-19,12:40:41
31-Mar-19,12:40:41
31-Mar-19,12:40:41
31-Mar-19,12:40:41
31-Mar-19,12:40:41
31-Mar-19,12:40:41
31-Mar-19,12:40:41
31-Mar-19,12:40:41
31-Mar-19,12:40:41
31-Mar-19,12:40:41
31-Mar-19,12:40:41
31-Mar-19,12:40:41
31-Mar-19,12:40:41
31-Mar-19,12:40:41
31-Mar-19,12:40:41
31-Mar-19,12:40:41
31-Mar-19,12:40:41
31-Mar-19,12:40:41
31-Mar-19,12:40:41
31-Mar-19,12:40:41
31-Mar-19,12:40:41
31-Mar-19,12:40:41
31-Mar-19,12:40:41
31-Mar-19,12:40:41
31-Mar-19,12:40:41
31-Mar-19,12:40:41
31-Mar-19,12:40:41
31-Mar-19,12:40:41
31-Mar-19,12:40:41
31-Mar-19,12:40:41
31-Mar-19,12:40:41
31-Mar-19,12:40:41
31-Mar-19,12:40:41
31-Mar-19,12:40:41
31-Mar-19,12:40:41
31-Mar-19,12:40:41
31-Mar-19,12:40:42
31-Mar-19,12:40:42
31-Mar-19,12:40:42
31-Mar-19,12:40:42
31-Mar-19,12:40:42
31-Mar-19,12:40:42
31-Mar-19,12:40:42
31-Mar-19,12:40:42
31-Mar-19,12:40:42
31-Mar-19,12:40:43
31-Mar-19,12:40:43
31-Mar-19,12:40:43
31-Mar-19,12:40:43
31-Mar-19,12:40:43
31-Mar-19,12:40:44
31-Mar-19,12:40:44
31-Mar-19,12:40:44
31-Mar-19,12:40:44
31-Mar-19,12:40:44
31-Mar-19,12:40:44
31-Mar-19,12:40:44
31-Mar-19,12:40:44
31-Mar-19,12:40:44
31-Mar-19,12:40:44
31-Mar-19,12:40:44
31-Mar-19,12:40:44
31-Mar-19,12:40:44
31-Mar-19,12:40:44
31-Mar-19,12:40:44
31-Mar-19,12:40:44
31-Mar-19,12:40:44
31-Mar-19,12:40:44
31-Mar-19,12:40:44
31-Mar-19,12:40:44
31-Mar-19,12:40:44
31-Mar-19,12:40:44
31-Mar-19,12:40:44
31-Mar-19,12:40:44
31-Mar-19,12:40:44
31-Mar-19,12:40:44
31-Mar-19,12:40:44
31-Mar-19,12:40:44
31-Mar-19,12:40:44
31-Mar-19,12:40:44
31-Mar-19,12:40:44
31-Mar-19,12:40:44
31-Mar-19,12:40:44
31-Mar-19,12:40:44
31-Mar-19,12:40:44
31-Mar-19,12:40:44
31-Mar-19,12:40:44
31-Mar-19,12:40:44
31-Mar-19,12:40:44
31-Mar-19,12:40:44
31-Mar-19,12:40:44
31-Mar-19,12:40:44
31-Mar-19,12:40:44
31-Mar-19,12:40:44
31-Mar-19,12:40:44
31-Mar-19,12:40:44
31-Mar-19,12:40:44
31-Mar-19,12:40:45
31-Mar-19,12:40:45
31-Mar-19,12:40:45
31-Mar-19,12:40:45
31-Mar-19,12:40:45
31-Mar-19,12:40:45
31-Mar-19,12:40:45
31-Mar-19,12:40:45
31-Mar-19,12:40:45
31-Mar-19,12:40:45
31-Mar-19,12:40:45
31-Mar-19,12:40:45
31-Mar-19,12:40:45
31-Mar-19,12:40:45
31-Mar-19,12:40:45
31-Mar-19,12:40:45
31-Mar-19,12:40:45
31-Mar-19,12:40:45
31-Mar-19,12:40:45
31-Mar-19,12:40:45
31-Mar-19,12:40:45
31-Mar-19,12:40:45
31-Mar-19,12:40:45
31-Mar-19,12:40:45
31-Mar-19,12:40:45
31-Mar-19,12:40:45
31-Mar-19,12:40:45
31-Mar-19,12:40:45
31-Mar-19,12:40:47
31-Mar-19,12:40:47
31-Mar-19,12:40:47
31-Mar-19,12:40:47
31-Mar-19,12:40:47
31-Mar-19,12:40:47
31-Mar-19,12:40:47
31-Mar-19,12:40:47
31-Mar-19,12:40:47
31-Mar-19,12:40:47
31-Mar-19,12:40:47
31-Mar-19,12:40:47
31-Mar-19,12:40:47
31-Mar-19,12:40:47
31-Mar-19,12:40:47
31-Mar-19,12:40:47
31-Mar-19,12:40:47
31-Mar-19,12:40:47
31-Mar-19,12:40:47
31-Mar-19,12:40:47
31-Mar-19,12:40:47
31-Mar-19,12:40:47
31-Mar-19,12:40:47
31-Mar-19,12:40:47
31-Mar-19,12:40:47
31-Mar-19,12:40:47
31-Mar-19,12:40:47
31-Mar-19,12:40:47
31-Mar-19,12:40:47
31-Mar-19,12:40:47
31-Mar-19,12:40:47
31-Mar-19,12:40:47
31-Mar-19,12:40:47
31-Mar-19,12:40:47
31-Mar-19,12:40:48
31-Mar-19,12:40:48
31-Mar-19,12:40:48
31-Mar-19,12:40:48
31-Mar-19,12:40:48
31-Mar-19,12:40:48
31-Mar-19,12:40:48
31-Mar-19,12:40:48
31-Mar-19,12:40:48
31-Mar-19,12:40:48
31-Mar-19,12:40:48
31-Mar-19,12:40:48
31-Mar-19,12:40:48
31-Mar-19,12:40:48
31-Mar-19,12:40:48
31-Mar-19,12:40:48
31-Mar-19,12:40:48
31-Mar-19,12:40:48
31-Mar-19,12:40:48
31-Mar-19,12:40:48
31-Mar-19,12:40:48
31-Mar-19,12:40:48
31-Mar-19,12:40:48
31-Mar-19,12:40:48
31-Mar-19,12:40:48
31-Mar-19,12:40:48
31-Mar-19,12:40:48
31-Mar-19,12:40:48
31-Mar-19,12:40:48
31-Mar-19,12:40:48
31-Mar-19,12:40:48
31-Mar-19,12:40:48
31-Mar-19,12:40:48
31-Mar-19,12:40:48
31-Mar-19,12:40:48
31-Mar-19,12:40:48
31-Mar-19,12:40:48
31-Mar-19,12:40:48
31-Mar-19,12:40:48
31-Mar-19,12:40:48
31-Mar-19,12:40:48
31-Mar-19,12:40:48
31-Mar-19,12:40:48
31-Mar-19,12:40:48
31-Mar-19,12:40:48
31-Mar-19,12:40:48
31-Mar-19,12:40:50
31-Mar-19,12:40:50
31-Mar-19,12:40:50
31-Mar-19,12:40:50
31-Mar-19,12:40:50
31-Mar-19,12:40:50
31-Mar-19,12:40:50
31-Mar-19,12:40:50
31-Mar-19,12:40:50
31-Mar-19,12:40:50
31-Mar-19,12:40:50
31-Mar-19,12:40:50
31-Mar-19,12:40:50
31-Mar-19,12:40:50
31-Mar-19,12:40:50
31-Mar-19,12:40:50
31-Mar-19,12:40:50
31-Mar-19,12:40:50
31-Mar-19,12:40:51
31-Mar-19,12:40:51
31-Mar-19,12:40:51
31-Mar-19,12:40:51
31-Mar-19,12:40:51
31-Mar-19,12:40:51
31-Mar-19,12:40:51
31-Mar-19,12:40:51
31-Mar-19,12:40:51
31-Mar-19,12:40:51
31-Mar-19,12:40:51
31-Mar-19,12:40:51
31-Mar-19,12:40:51
31-Mar-19,12:40:51
31-Mar-19,12:40:51
31-Mar-19,12:40:51
31-Mar-19,12:40:51
31-Mar-19,12:40:51
31-Mar-19,12:40:51
31-Mar-19,12:40:51
31-Mar-19,12:40:51
31-Mar-19,12:40:51
31-Mar-19,12:40:51
31-Mar-19,12:40:51
31-Mar-19,12:40:51
31-Mar-19,12:40:51
31-Mar-19,12:40:51
31-Mar-19,12:40:51
31-Mar-19,12:40:51
31-Mar-19,12:40:51
31-Mar-19,12:40:51
31-Mar-19,12:40:51
31-Mar-19,12:40:51
31-Mar-19,12:40:51
31-Mar-19,12:40:51
31-Mar-19,12:40:51
31-Mar-19,12:40:51
31-Mar-19,12:40:51
31-Mar-19,12:40:51
31-Mar-19,12:40:51
31-Mar-19,12:40:51
31-Mar-19,12:40:51
31-Mar-19,12:40:51
31-Mar-19,12:40:51
31-Mar-19,12:40:51
31-Mar-19,12:40:51
31-Mar-19,12:40:51
31-Mar-19,12:40:51
31-Mar-19,12:40:52
31-Mar-19,12:40:52
31-Mar-19,12:40:52
31-Mar-19,12:40:52
31-Mar-19,12:40:52
31-Mar-19,12:40:52
31-Mar-19,12:40:52
31-Mar-19,12:40:52
31-Mar-19,12:40:52
31-Mar-19,12:40:52
31-Mar-19,12:40:52
31-Mar-19,12:40:52
31-Mar-19,12:40:52
31-Mar-19,12:40:52
31-Mar-19,12:40:53
31-Mar-19,12:40:53
31-Mar-19,12:40:53
31-Mar-19,12:40:53
31-Mar-19,12:40:54
31-Mar-19,12:40:54
31-Mar-19,12:40:54
31-Mar-19,12:40:54
31-Mar-19,12:40:54
31-Mar-19,12:40:54
31-Mar-19,12:40:54
31-Mar-19,12:40:54
31-Mar-19,12:40:54
31-Mar-19,12:40:54
31-Mar-19,12:40:54
31-Mar-19,12:40:54
31-Mar-19,12:40:54
31-Mar-19,12:40:54
31-Mar-19,12:40:54
31-Mar-19,12:40:54
31-Mar-19,12:40:54
31-Mar-19,12:40:54
31-Mar-19,12:40:54
31-Mar-19,12:40:54
31-Mar-19,12:40:54
31-Mar-19,12:40:54
31-Mar-19,12:40:54
31-Mar-19,12:40:54
31-Mar-19,12:40:54
31-Mar-19,12:40:54
31-Mar-19,12:40:54
31-Mar-19,12:40:54
31-Mar-19,12:40:54
31-Mar-19,12:40:54
31-Mar-19,12:40:54
31-Mar-19,12:40:54
31-Mar-19,12:40:54
31-Mar-19,12:40:54
31-Mar-19,12:40:54
31-Mar-19,12:40:54
31-Mar-19,12:40:54
31-Mar-19,12:40:54
31-Mar-19,12:40:54
31-Mar-19,12:40:54
31-Mar-19,12:40:54
31-Mar-19,12:40:54
31-Mar-19,12:40:54
31-Mar-19,12:40:54
31-Mar-19,12:40:54
31-Mar-19,12:40:54
31-Mar-19,12:40:54
31-Mar-19,12:40:54
31-Mar-19,12:40:54
31-Mar-19,12:40:55
31-Mar-19,12:40:55
31-Mar-19,12:40:55
31-Mar-19,12:40:55
31-Mar-19,12:40:55
31-Mar-19,12:40:55
31-Mar-19,12:40:55
31-Mar-19,12:40:55
31-Mar-19,12:40:55
31-Mar-19,12:40:55
31-Mar-19,12:40:55
31-Mar-19,12:40:55
31-Mar-19,12:40:55
31-Mar-19,12:40:55
31-Mar-19,12:40:55
31-Mar-19,12:40:55
31-Mar-19,12:40:55
31-Mar-19,12:40:55
31-Mar-19,12:40:55
31-Mar-19,12:40:55
31-Mar-19,12:40:55
31-Mar-19,12:40:55
31-Mar-19,12:40:55
31-Mar-19,12:40:55
31-Mar-19,12:40:55
31-Mar-19,12:40:55
31-Mar-19,12:40:55
31-Mar-19,12:40:57
31-Mar-19,12:40:57
31-Mar-19,12:40:57
31-Mar-19,12:40:57
31-Mar-19,12:40:57
31-Mar-19,12:40:57
31-Mar-19,12:40:57
31-Mar-19,12:40:57
31-Mar-19,12:40:57
31-Mar-19,12:40:57
31-Mar-19,12:40:57
31-Mar-19,12:40:57
31-Mar-19,12:40:57
31-Mar-19,12:40:57
31-Mar-19,12:40:57
31-Mar-19,12:40:57
31-Mar-19,12:40:57
31-Mar-19,12:40:57
31-Mar-19,12:40:57
31-Mar-19,12:40:57
31-Mar-19,12:40:57
31-Mar-19,12:40:57
31-Mar-19,12:40:57
31-Mar-19,12:40:57
31-Mar-19,12:40:57
31-Mar-19,12:40:57
31-Mar-19,12:40:57
31-Mar-19,12:40:57
31-Mar-19,12:40:57
31-Mar-19,12:40:57
31-Mar-19,12:40:57
31-Mar-19,12:40:57
31-Mar-19,12:40:57
31-Mar-19,12:40:57
31-Mar-19,12:40:57
31-Mar-19,12:40:57
31-Mar-19,12:40:57
31-Mar-19,12:40:57
31-Mar-19,12:40:57
31-Mar-19,12:40:57
31-Mar-19,12:40:57
31-Mar-19,12:40:58
31-Mar-19,12:40:58
31-Mar-19,12:40:58
31-Mar-19,12:40:58
31-Mar-19,12:40:58
31-Mar-19,12:40:58
31-Mar-19,12:40:58
31-Mar-19,12:40:58
31-Mar-19,12:40:58
31-Mar-19,12:40:58
31-Mar-19,12:40:58
31-Mar-19,12:40:58
31-Mar-19,12:40:58
31-Mar-19,12:40:58
31-Mar-19,12:40:58
31-Mar-19,12:40:58
31-Mar-19,12:40:58
31-Mar-19,12:40:58
31-Mar-19,12:40:58
31-Mar-19,12:40:58
31-Mar-19,12:40:58
31-Mar-19,12:40:58
31-Mar-19,12:40:58
31-Mar-19,12:40:58
31-Mar-19,12:40:58
31-Mar-19,12:40:58
31-Mar-19,12:40:58
31-Mar-19,12:40:58
31-Mar-19,12:40:58
31-Mar-19,12:40:58
31-Mar-19,12:40:58
31-Mar-19,12:40:58
31-Mar-19,12:40:58
31-Mar-19,12:40:58
31-Mar-19,12:40:58
31-Mar-19,12:40:58
31-Mar-19,12:40:58
31-Mar-19,12:40:58
31-Mar-19,12:40:58
31-Mar-19,12:41:00
31-Mar-19,12:41:00
31-Mar-19,12:41:00
31-Mar-19,12:41:00
31-Mar-19,12:41:00
31-Mar-19,12:41:00
31-Mar-19,12:41:00
31-Mar-19,12:41:00
31-Mar-19,12:41:00
31-Mar-19,12:41:00
31-Mar-19,12:41:00
31-Mar-19,12:41:00
31-Mar-19,12:41:00
31-Mar-19,12:41:00
31-Mar-19,12:41:00
31-Mar-19,12:41:00
31-Mar-19,12:41:00
31-Mar-19,12:41:00
31-Mar-19,12:41:00
31-Mar-19,12:41:00
31-Mar-19,12:41:00
31-Mar-19,12:41:00
31-Mar-19,12:41:00
31-Mar-19,12:41:00
31-Mar-19,12:41:00
31-Mar-19,12:41:00
31-Mar-19,12:41:00
31-Mar-19,12:41:00
31-Mar-19,12:41:00
31-Mar-19,12:41:00
31-Mar-19,12:41:00
31-Mar-19,12:41:01
31-Mar-19,12:41:01
31-Mar-19,12:41:01
31-Mar-19,12:41:01
31-Mar-19,12:41:01
31-Mar-19,12:41:01
31-Mar-19,12:41:01
31-Mar-19,12:41:01
31-Mar-19,12:41:01
31-Mar-19,12:41:01
31-Mar-19,12:41:01
31-Mar-19,12:41:01
31-Mar-19,12:41:01
31-Mar-19,12:41:01
31-Mar-19,12:41:01
31-Mar-19,12:41:01
31-Mar-19,12:41:01
31-Mar-19,12:41:01
31-Mar-19,12:41:01
31-Mar-19,12:41:01
31-Mar-19,12:41:01
31-Mar-19,12:41:01
31-Mar-19,12:41:01
31-Mar-19,12:41:01
31-Mar-19,12:41:01
31-Mar-19,12:41:01
31-Mar-19,12:41:01
31-Mar-19,12:41:01
31-Mar-19,12:41:01
31-Mar-19,12:41:01
31-Mar-19,12:41:01
31-Mar-19,12:41:01
31-Mar-19,12:41:01
31-Mar-19,12:41:01
31-Mar-19,12:41:01
31-Mar-19,12:41:01
31-Mar-19,12:41:01
31-Mar-19,12:41:01
31-Mar-19,12:41:01
31-Mar-19,12:41:01
31-Mar-19,12:41:01
31-Mar-19,12:41:01
31-Mar-19,12:41:01
31-Mar-19,12:41:01
31-Mar-19,12:41:01
31-Mar-19,12:41:01
31-Mar-19,12:41:01
31-Mar-19,12:41:01
31-Mar-19,12:41:01
31-Mar-19,12:41:03
31-Mar-19,12:41:03
31-Mar-19,12:41:03
31-Mar-19,12:41:03
31-Mar-19,12:41:03
31-Mar-19,12:41:03
31-Mar-19,12:41:03
31-Mar-19,12:41:03
31-Mar-19,12:41:03
31-Mar-19,12:41:03
31-Mar-19,12:41:03
31-Mar-19,12:41:03
31-Mar-19,12:41:03
31-Mar-19,12:41:03
31-Mar-19,12:41:03
31-Mar-19,12:41:03
31-Mar-19,12:41:03
31-Mar-19,12:41:03
31-Mar-19,12:41:03
31-Mar-19,12:41:03
31-Mar-19,12:41:03
31-Mar-19,12:41:03
31-Mar-19,12:41:03
31-Mar-19,12:41:03
31-Mar-19,12:41:04
31-Mar-19,12:41:04
31-Mar-19,12:41:04
31-Mar-19,12:41:04
31-Mar-19,12:41:04
31-Mar-19,12:41:04
31-Mar-19,12:41:04
31-Mar-19,12:41:04
31-Mar-19,12:41:04
31-Mar-19,12:41:04
31-Mar-19,12:41:04
31-Mar-19,12:41:04
31-Mar-19,12:41:04
31-Mar-19,12:41:04
31-Mar-19,12:41:04
31-Mar-19,12:41:04
31-Mar-19,12:41:04
31-Mar-19,12:41:04
31-Mar-19,12:41:04
31-Mar-19,12:41:04
31-Mar-19,12:41:04
31-Mar-19,12:41:04
31-Mar-19,12:41:04
31-Mar-19,12:41:04
31-Mar-19,12:41:04
31-Mar-19,12:41:04
31-Mar-19,12:41:04
31-Mar-19,12:41:04
31-Mar-19,12:41:04
31-Mar-19,12:41:04
31-Mar-19,12:41:04
31-Mar-19,12:41:04
31-Mar-19,12:41:04
31-Mar-19,12:41:04
31-Mar-19,12:41:04
31-Mar-19,12:41:04
31-Mar-19,12:41:04
31-Mar-19,12:41:04
31-Mar-19,12:41:04
31-Mar-19,12:41:04
31-Mar-19,12:41:04
31-Mar-19,12:41:04
31-Mar-19,12:41:04
31-Mar-19,12:41:04
31-Mar-19,12:41:04
31-Mar-19,12:41:04
31-Mar-19,12:41:04
31-Mar-19,12:41:04
31-Mar-19,12:41:04
31-Mar-19,12:41:04
31-Mar-19,12:41:04
31-Mar-19,12:41:05
31-Mar-19,12:41:05
31-Mar-19,12:41:05
31-Mar-19,12:41:05
31-Mar-19,12:41:05
31-Mar-19,12:41:06
31-Mar-19,12:41:06
31-Mar-19,12:41:06
31-Mar-19,12:41:06
31-Mar-19,12:41:06
31-Mar-19,12:41:06
31-Mar-19,12:41:06
31-Mar-19,12:41:06
31-Mar-19,12:41:06
31-Mar-19,12:41:06
31-Mar-19,12:41:06
31-Mar-19,12:41:06
31-Mar-19,12:41:06
31-Mar-19,12:41:06
31-Mar-19,12:41:06
31-Mar-19,12:41:06
31-Mar-19,12:41:06
31-Mar-19,12:41:07
31-Mar-19,12:41:07
31-Mar-19,12:41:07
31-Mar-19,12:41:07
31-Mar-19,12:41:07
31-Mar-19,12:41:07
31-Mar-19,12:41:07
31-Mar-19,12:41:07
31-Mar-19,12:41:07
31-Mar-19,12:41:07
31-Mar-19,12:41:07
31-Mar-19,12:41:07
31-Mar-19,12:41:07
31-Mar-19,12:41:07
31-Mar-19,12:41:07
31-Mar-19,12:41:07
31-Mar-19,12:41:07
31-Mar-19,12:41:07
31-Mar-19,12:41:07
31-Mar-19,12:41:07
31-Mar-19,12:41:07
31-Mar-19,12:41:07
31-Mar-19,12:41:07
31-Mar-19,12:41:07
31-Mar-19,12:41:07
31-Mar-19,12:41:07
31-Mar-19,12:41:07
31-Mar-19,12:41:07
31-Mar-19,12:41:07
31-Mar-19,12:41:07
31-Mar-19,12:41:07
31-Mar-19,12:41:07
31-Mar-19,12:41:07
31-Mar-19,12:41:07
31-Mar-19,12:41:07
31-Mar-19,12:41:07
31-Mar-19,12:41:07
31-Mar-19,12:41:07
31-Mar-19,12:41:07
31-Mar-19,12:41:07
31-Mar-19,12:41:07
31-Mar-19,12:41:07
31-Mar-19,12:41:07
31-Mar-19,12:41:07
31-Mar-19,12:41:07
31-Mar-19,12:41:07
31-Mar-19,12:41:07
31-Mar-19,12:41:07
31-Mar-19,12:41:07
31-Mar-19,12:41:07
31-Mar-19,12:41:07
31-Mar-19,12:41:07
31-Mar-19,12:41:08
31-Mar-19,12:41:08
31-Mar-19,12:41:08
31-Mar-19,12:41:08
31-Mar-19,12:41:08
31-Mar-19,12:41:08
31-Mar-19,12:41:08
31-Mar-19,12:41:08
31-Mar-19,12:41:08
31-Mar-19,12:41:08
31-Mar-19,12:41:08
31-Mar-19,12:41:09
31-Mar-19,12:41:09
31-Mar-19,12:41:09
31-Mar-19,12:41:09
31-Mar-19,12:41:09
31-Mar-19,12:41:09
31-Mar-19,12:41:09
31-Mar-19,12:41:09
31-Mar-19,12:41:09
31-Mar-19,12:41:09
31-Mar-19,12:41:09
31-Mar-19,12:41:09
31-Mar-19,12:41:09
31-Mar-19,12:41:10
31-Mar-19,12:41:10
31-Mar-19,12:41:10
31-Mar-19,12:41:10
31-Mar-19,12:41:10
31-Mar-19,12:41:10
31-Mar-19,12:41:10
31-Mar-19,12:41:10
31-Mar-19,12:41:10
31-Mar-19,12:41:10
31-Mar-19,12:41:10
31-Mar-19,12:41:10
31-Mar-19,12:41:10
31-Mar-19,12:41:10
31-Mar-19,12:41:10
31-Mar-19,12:41:10
31-Mar-19,12:41:10
31-Mar-19,12:41:10
31-Mar-19,12:41:10
31-Mar-19,12:41:10
31-Mar-19,12:41:10
31-Mar-19,12:41:10
31-Mar-19,12:41:10
31-Mar-19,12:41:10
31-Mar-19,12:41:10
31-Mar-19,12:41:10
31-Mar-19,12:41:10
31-Mar-19,12:41:10
31-Mar-19,12:41:10
31-Mar-19,12:41:10
31-Mar-19,12:41:10
31-Mar-19,12:41:10
31-Mar-19,12:41:10
31-Mar-19,12:41:10
31-Mar-19,12:41:10
31-Mar-19,12:41:10
31-Mar-19,12:41:10
31-Mar-19,12:41:10
31-Mar-19,12:41:10
31-Mar-19,12:41:10
31-Mar-19,12:41:10
31-Mar-19,12:41:10
31-Mar-19,12:41:10
31-Mar-19,12:41:10
31-Mar-19,12:41:10
31-Mar-19,12:41:10
31-Mar-19,12:41:10
31-Mar-19,12:41:10
31-Mar-19,12:41:10
31-Mar-19,12:41:10
31-Mar-19,12:41:10
31-Mar-19,12:41:10
31-Mar-19,12:41:11
31-Mar-19,12:41:11
31-Mar-19,12:41:11
31-Mar-19,12:41:11
31-Mar-19,12:41:11
31-Mar-19,12:41:11
31-Mar-19,12:41:11
31-Mar-19,12:41:11
31-Mar-19,12:41:11
31-Mar-19,12:41:11
31-Mar-19,12:41:11
31-Mar-19,12:41:11
31-Mar-19,12:41:11
31-Mar-19,12:41:11
31-Mar-19,12:41:11
31-Mar-19,12:41:12
31-Mar-19,12:41:12
31-Mar-19,12:41:12
31-Mar-19,12:41:12
31-Mar-19,12:41:12
31-Mar-19,12:41:12
31-Mar-19,12:41:12
31-Mar-19,12:41:12
31-Mar-19,12:41:12
31-Mar-19,12:41:12
31-Mar-19,12:41:13
31-Mar-19,12:41:13
31-Mar-19,12:41:13
31-Mar-19,12:41:13
31-Mar-19,12:41:13
31-Mar-19,12:41:13
31-Mar-19,12:41:13
31-Mar-19,12:41:13
31-Mar-19,12:41:13
31-Mar-19,12:41:13
31-Mar-19,12:41:13
31-Mar-19,12:41:13
31-Mar-19,12:41:13
31-Mar-19,12:41:13
31-Mar-19,12:41:13
31-Mar-19,12:41:13
31-Mar-19,12:41:13
31-Mar-19,12:41:13
31-Mar-19,12:41:13
31-Mar-19,12:41:13
31-Mar-19,12:41:13
31-Mar-19,12:41:13
31-Mar-19,12:41:13
31-Mar-19,12:41:13
31-Mar-19,12:41:13
31-Mar-19,12:41:13
31-Mar-19,12:41:13
31-Mar-19,12:41:13
31-Mar-19,12:41:13
31-Mar-19,12:41:13
31-Mar-19,12:41:13
31-Mar-19,12:41:13
31-Mar-19,12:41:13
31-Mar-19,12:41:13
31-Mar-19,12:41:13
31-Mar-19,12:41:13
31-Mar-19,12:41:13
31-Mar-19,12:41:13
31-Mar-19,12:41:13
31-Mar-19,12:41:13
31-Mar-19,12:41:13
31-Mar-19,12:41:13
31-Mar-19,12:41:13
31-Mar-19,12:41:13
31-Mar-19,12:41:13
31-Mar-19,12:41:13
31-Mar-19,12:41:13
31-Mar-19,12:41:13
31-Mar-19,12:41:13
31-Mar-19,12:41:13
31-Mar-19,12:41:13
31-Mar-19,12:41:13
31-Mar-19,12:41:13
31-Mar-19,12:41:14
31-Mar-19,12:41:14
31-Mar-19,12:41:14
31-Mar-19,12:41:14
31-Mar-19,12:41:14
31-Mar-19,12:41:14
31-Mar-19,12:41:14
31-Mar-19,12:41:14
31-Mar-19,12:41:14
31-Mar-19,12:41:14
31-Mar-19,12:41:14
31-Mar-19,12:41:14
31-Mar-19,12:41:14
31-Mar-19,12:41:14
31-Mar-19,12:41:14
31-Mar-19,12:41:14
31-Mar-19,12:41:14
31-Mar-19,12:43:21
31-Mar-19,12:43:21
31-Mar-19,12:43:21
31-Mar-19,12:43:21
31-Mar-19,12:43:21
31-Mar-19,12:43:21
31-Mar-19,12:43:22
31-Mar-19,12:43:22
31-Mar-19,12:43:22
31-Mar-19,12:43:22
31-Mar-19,12:43:22
31-Mar-19,12:43:22
31-Mar-19,12:43:22
31-Mar-19,12:43:22
31-Mar-19,12:43:22
31-Mar-19,12:43:22
31-Mar-19,12:43:22
31-Mar-19,12:43:22
31-Mar-19,12:43:22
31-Mar-19,12:43:22
31-Mar-19,12:43:22
31-Mar-19,12:43:22
31-Mar-19,12:43:22
31-Mar-19,12:43:22
31-Mar-19,12:43:22
31-Mar-19,12:43:22
31-Mar-19,12:43:22
31-Mar-19,12:43:22
31-Mar-19,12:43:22
31-Mar-19,12:43:22
31-Mar-19,12:43:22
31-Mar-19,12:43:22
31-Mar-19,12:43:22
31-Mar-19,12:43:22
31-Mar-19,12:43:22
31-Mar-19,12:43:22
31-Mar-19,12:43:22
31-Mar-19,12:43:22
31-Mar-19,12:43:22
31-Mar-19,12:43:22
31-Mar-19,12:43:22
31-Mar-19,12:43:22
31-Mar-19,12:43:22
31-Mar-19,12:43:22
31-Mar-19,12:43:22
31-Mar-19,12:43:22
31-Mar-19,12:43:22
31-Mar-19,12:43:22
31-Mar-19,12:43:22
31-Mar-19,12:43:22
31-Mar-19,12:43:22
31-Mar-19,12:43:22
31-Mar-19,12:43:22
31-Mar-19,12:43:22
31-Mar-19,12:43:22
31-Mar-19,12:43:22
31-Mar-19,12:43:22
31-Mar-19,12:43:22
31-Mar-19,12:43:22
31-Mar-19,12:43:22
31-Mar-19,12:43:22
31-Mar-19,12:43:22
31-Mar-19,12:43:22
31-Mar-19,12:43:22
31-Mar-19,12:43:22
31-Mar-19,12:43:22
31-Mar-19,12:43:22
31-Mar-19,12:43:22
31-Mar-19,12:43:22
31-Mar-19,12:43:22
31-Mar-19,12:43:22
31-Mar-19,12:43:22
31-Mar-19,12:43:22
31-Mar-19,12:43:22
31-Mar-19,12:43:22
31-Mar-19,12:43:22
31-Mar-19,12:43:22
31-Mar-19,12:43:22
31-Mar-19,12:43:22
31-Mar-19,12:43:23
31-Mar-19,12:43:23
31-Mar-19,12:43:23
31-Mar-19,12:43:23
31-Mar-19,12:43:23
31-Mar-19,12:43:23
31-Mar-19,12:43:23
31-Mar-19,12:43:23
31-Mar-19,12:43:23
31-Mar-19,12:43:24
31-Mar-19,12:43:24
31-Mar-19,12:43:24
31-Mar-19,12:43:24
31-Mar-19,12:43:24
31-Mar-19,12:43:24
31-Mar-19,12:43:24
31-Mar-19,12:43:24
31-Mar-19,12:43:24
31-Mar-19,12:43:24
31-Mar-19,12:43:24
31-Mar-19,12:43:24
31-Mar-19,12:43:24
31-Mar-19,12:43:24
31-Mar-19,12:43:24
31-Mar-19,12:43:24
31-Mar-19,12:43:24
31-Mar-19,12:43:24
31-Mar-19,12:43:24
31-Mar-19,12:43:24
31-Mar-19,12:43:24
31-Mar-19,12:43:24
31-Mar-19,12:43:24
31-Mar-19,12:43:24
31-Mar-19,12:43:24
31-Mar-19,12:43:24
31-Mar-19,12:43:24
31-Mar-19,12:43:24
31-Mar-19,12:43:24
31-Mar-19,12:43:24
31-Mar-19,12:43:24
31-Mar-19,12:43:24
31-Mar-19,12:43:24
31-Mar-19,12:43:24
31-Mar-19,12:43:24
31-Mar-19,12:43:24
31-Mar-19,12:43:24
31-Mar-19,12:43:24
31-Mar-19,12:43:24
31-Mar-19,12:43:24
31-Mar-19,12:43:24
31-Mar-19,12:43:24
31-Mar-19,12:43:24
31-Mar-19,12:43:24
31-Mar-19,12:43:24
31-Mar-19,12:43:24
31-Mar-19,12:43:24
31-Mar-19,12:43:24
31-Mar-19,12:43:24
31-Mar-19,12:43:24
31-Mar-19,12:43:24
31-Mar-19,12:43:24
31-Mar-19,12:43:24
31-Mar-19,12:43:24
31-Mar-19,12:43:24
31-Mar-19,12:43:24
31-Mar-19,12:43:24
31-Mar-19,12:43:24
31-Mar-19,12:43:24
31-Mar-19,12:43:24
31-Mar-19,12:43:24
31-Mar-19,12:43:24
31-Mar-19,12:43:24
31-Mar-19,12:43:24
31-Mar-19,12:43:24
31-Mar-19,12:43:24
31-Mar-19,12:43:24
31-Mar-19,12:43:24
31-Mar-19,12:43:24
31-Mar-19,12:43:24
31-Mar-19,12:43:24
31-Mar-19,12:43:25
31-Mar-19,12:43:25
31-Mar-19,12:43:25
31-Mar-19,12:43:25
31-Mar-19,12:43:25
31-Mar-19,12:43:25
31-Mar-19,12:43:26
31-Mar-19,12:43:26
31-Mar-19,12:43:26
31-Mar-19,12:43:26
31-Mar-19,12:43:26
31-Mar-19,12:43:26
31-Mar-19,12:43:26
31-Mar-19,12:43:26
31-Mar-19,12:43:26
31-Mar-19,12:43:26
31-Mar-19,12:43:26
31-Mar-19,12:43:26
31-Mar-19,12:43:26
31-Mar-19,12:43:26
31-Mar-19,12:43:26
31-Mar-19,12:43:26
31-Mar-19,12:43:26
31-Mar-19,12:43:26
31-Mar-19,12:43:26
31-Mar-19,12:43:26
31-Mar-19,12:43:26
31-Mar-19,12:43:26
31-Mar-19,12:43:26
31-Mar-19,12:43:26
31-Mar-19,12:43:26
31-Mar-19,12:43:26
31-Mar-19,12:43:26
31-Mar-19,12:43:26
31-Mar-19,12:43:26
31-Mar-19,12:43:26
31-Mar-19,12:43:26
31-Mar-19,12:43:26
31-Mar-19,12:43:26
31-Mar-19,12:43:26
31-Mar-19,12:43:26
31-Mar-19,12:43:26
31-Mar-19,12:43:26
31-Mar-19,12:43:26
31-Mar-19,12:43:26
31-Mar-19,12:43:26
31-Mar-19,12:43:26
31-Mar-19,12:43:26
31-Mar-19,12:43:26
31-Mar-19,12:43:26
31-Mar-19,12:43:26
31-Mar-19,12:43:26
31-Mar-19,12:43:26
31-Mar-19,12:43:26
31-Mar-19,12:43:26
31-Mar-19,12:43:26
31-Mar-19,12:43:26
31-Mar-19,12:43:26
31-Mar-19,12:43:26
31-Mar-19,12:43:26
31-Mar-19,12:43:26
31-Mar-19,12:43:26
31-Mar-19,12:43:26
31-Mar-19,12:43:26
31-Mar-19,12:43:26
31-Mar-19,12:43:26
31-Mar-19,12:43:26
31-Mar-19,12:43:26
31-Mar-19,12:43:26
31-Mar-19,12:43:26
31-Mar-19,12:43:26
31-Mar-19,12:43:26
31-Mar-19,12:43:26
31-Mar-19,12:43:26
31-Mar-19,12:43:26
31-Mar-19,12:43:26
31-Mar-19,12:43:26
31-Mar-19,12:43:26
31-Mar-19,12:43:26
31-Mar-19,12:43:26
31-Mar-19,12:43:27
31-Mar-19,12:43:27
31-Mar-19,12:43:27
31-Mar-19,12:43:27
31-Mar-19,12:43:27
31-Mar-19,12:43:28
31-Mar-19,12:43:28
31-Mar-19,12:43:28
31-Mar-19,12:43:28
31-Mar-19,12:43:28
31-Mar-19,12:43:28
31-Mar-19,12:43:28
31-Mar-19,12:43:28
31-Mar-19,12:43:28
31-Mar-19,12:43:28
31-Mar-19,12:43:28
31-Mar-19,12:43:28
31-Mar-19,12:43:28
31-Mar-19,12:43:28
31-Mar-19,12:43:28
31-Mar-19,12:43:28
31-Mar-19,12:43:28
31-Mar-19,12:43:28
31-Mar-19,12:43:28
31-Mar-19,12:43:28
31-Mar-19,12:43:28
31-Mar-19,12:43:28
31-Mar-19,12:43:28
31-Mar-19,12:43:28
31-Mar-19,12:43:28
31-Mar-19,12:43:28
31-Mar-19,12:43:28
31-Mar-19,12:43:28
31-Mar-19,12:43:28
31-Mar-19,12:43:28
31-Mar-19,12:43:28
31-Mar-19,12:43:28
31-Mar-19,12:43:28
31-Mar-19,12:43:28
31-Mar-19,12:43:28
31-Mar-19,12:43:28
31-Mar-19,12:43:28
31-Mar-19,12:43:28
31-Mar-19,12:43:28
31-Mar-19,12:43:28
31-Mar-19,12:43:28
31-Mar-19,12:43:28
31-Mar-19,12:43:28
31-Mar-19,12:43:28
31-Mar-19,12:43:28
31-Mar-19,12:43:28
31-Mar-19,12:43:28
31-Mar-19,12:43:28
31-Mar-19,12:43:28
31-Mar-19,12:43:28
31-Mar-19,12:43:28
31-Mar-19,12:43:28
31-Mar-19,12:43:28
31-Mar-19,12:43:28
31-Mar-19,12:43:28
31-Mar-19,12:43:28
31-Mar-19,12:43:28
31-Mar-19,12:43:28
31-Mar-19,12:43:28
31-Mar-19,12:43:28
31-Mar-19,12:43:28
31-Mar-19,12:43:28
31-Mar-19,12:43:28
31-Mar-19,12:43:28
31-Mar-19,12:43:28
31-Mar-19,12:43:28
31-Mar-19,12:43:28
31-Mar-19,12:43:28
31-Mar-19,12:43:28
31-Mar-19,12:43:28
31-Mar-19,12:43:28
31-Mar-19,12:43:28
31-Mar-19,12:43:28
31-Mar-19,12:43:28
31-Mar-19,12:43:30
31-Mar-19,12:43:30
31-Mar-19,12:43:30
31-Mar-19,12:43:30
31-Mar-19,12:43:30
31-Mar-19,12:43:30
31-Mar-19,12:43:30
31-Mar-19,12:43:30
31-Mar-19,12:43:30
31-Mar-19,12:43:30
31-Mar-19,12:43:30
31-Mar-19,12:43:30
31-Mar-19,12:43:30
31-Mar-19,12:43:30
31-Mar-19,12:43:30
31-Mar-19,12:43:30
31-Mar-19,12:43:30
31-Mar-19,12:43:30
31-Mar-19,12:43:30
31-Mar-19,12:43:30
31-Mar-19,12:43:30
31-Mar-19,12:43:30
31-Mar-19,12:43:30
31-Mar-19,12:43:30
31-Mar-19,12:43:30
31-Mar-19,12:43:30
31-Mar-19,12:43:30
31-Mar-19,12:43:30
31-Mar-19,12:43:30
31-Mar-19,12:43:30
31-Mar-19,12:43:30
31-Mar-19,12:43:30
31-Mar-19,12:43:30
31-Mar-19,12:43:30
31-Mar-19,12:43:30
31-Mar-19,12:43:30
31-Mar-19,12:43:30
31-Mar-19,12:43:30
31-Mar-19,12:43:30
31-Mar-19,12:43:30
31-Mar-19,12:43:30
31-Mar-19,12:43:30
31-Mar-19,12:43:30
31-Mar-19,12:43:30
31-Mar-19,12:43:30
31-Mar-19,12:43:30
31-Mar-19,12:43:30
31-Mar-19,12:43:30
31-Mar-19,12:43:30
31-Mar-19,12:43:30
31-Mar-19,12:43:30
31-Mar-19,12:43:30
31-Mar-19,12:43:30
31-Mar-19,12:43:30
31-Mar-19,12:43:30
31-Mar-19,12:43:30
31-Mar-19,12:43:30
31-Mar-19,12:43:30
31-Mar-19,12:43:30
31-Mar-19,12:43:30
31-Mar-19,12:43:30
31-Mar-19,12:43:30
31-Mar-19,12:43:30
31-Mar-19,12:43:30
31-Mar-19,12:43:30
31-Mar-19,12:43:30
31-Mar-19,12:43:30
31-Mar-19,12:43:30
31-Mar-19,12:43:30
31-Mar-19,12:43:30
31-Mar-19,12:43:30
31-Mar-19,12:43:30
31-Mar-19,12:43:30
31-Mar-19,12:43:30
31-Mar-19,12:43:30
31-Mar-19,12:43:30
31-Mar-19,12:43:30
31-Mar-19,12:43:30
31-Mar-19,12:43:30
31-Mar-19,12:43:30
31-Mar-19,12:43:32
31-Mar-19,12:43:32
31-Mar-19,12:43:32
31-Mar-19,12:43:32
31-Mar-19,12:43:32
31-Mar-19,12:43:32
31-Mar-19,12:43:32
31-Mar-19,12:43:32
31-Mar-19,12:43:32
31-Mar-19,12:43:32
31-Mar-19,12:43:32
31-Mar-19,12:43:32
31-Mar-19,12:43:32
31-Mar-19,12:43:32
31-Mar-19,12:43:32
31-Mar-19,12:43:32
31-Mar-19,12:43:32
31-Mar-19,12:43:32
31-Mar-19,12:43:32
31-Mar-19,12:43:32
31-Mar-19,12:43:32
31-Mar-19,12:43:32
31-Mar-19,12:43:32
31-Mar-19,12:43:32
31-Mar-19,12:43:32
31-Mar-19,12:43:32
31-Mar-19,12:43:32
31-Mar-19,12:43:32
31-Mar-19,12:43:32
31-Mar-19,12:43:32
31-Mar-19,12:43:32
31-Mar-19,12:43:32
31-Mar-19,12:43:32
31-Mar-19,12:43:32
31-Mar-19,12:43:32
31-Mar-19,12:43:32
31-Mar-19,12:43:32
31-Mar-19,12:43:32
31-Mar-19,12:43:32
31-Mar-19,12:43:32
31-Mar-19,12:43:32
31-Mar-19,12:43:32
31-Mar-19,12:43:32
31-Mar-19,12:43:32
31-Mar-19,12:43:32
31-Mar-19,12:43:32
31-Mar-19,12:43:32
31-Mar-19,12:43:32
31-Mar-19,12:43:32
31-Mar-19,12:43:32
31-Mar-19,12:43:32
31-Mar-19,12:43:32
31-Mar-19,12:43:32
31-Mar-19,12:43:32
31-Mar-19,12:43:32
31-Mar-19,12:43:32
31-Mar-19,12:43:32
31-Mar-19,12:43:32
31-Mar-19,12:43:32
31-Mar-19,12:43:32
31-Mar-19,12:43:32
31-Mar-19,12:43:32
31-Mar-19,12:43:32
31-Mar-19,12:43:32
31-Mar-19,12:43:32
31-Mar-19,12:43:32
31-Mar-19,12:43:32
31-Mar-19,12:43:32
31-Mar-19,12:43:32
31-Mar-19,12:43:32
31-Mar-19,12:43:32
31-Mar-19,12:43:32
31-Mar-19,12:43:32
31-Mar-19,12:43:32
31-Mar-19,12:43:32
31-Mar-19,12:43:32
31-Mar-19,12:43:32
31-Mar-19,12:43:32
31-Mar-19,12:43:32
31-Mar-19,12:43:33
31-Mar-19,12:43:33
31-Mar-19,12:43:33
31-Mar-19,12:43:33
31-Mar-19,12:43:33
31-Mar-19,12:43:33
31-Mar-19,12:43:33
31-Mar-19,12:43:33
31-Mar-19,12:43:33
31-Mar-19,12:43:34
31-Mar-19,12:43:34
31-Mar-19,12:43:34
31-Mar-19,12:43:34
31-Mar-19,12:43:34
31-Mar-19,12:43:34
31-Mar-19,12:43:34
31-Mar-19,12:43:34
31-Mar-19,12:43:34
31-Mar-19,12:43:34
31-Mar-19,12:43:34
31-Mar-19,12:43:34
31-Mar-19,12:43:34
31-Mar-19,12:43:34
31-Mar-19,12:43:34
31-Mar-19,12:43:34
31-Mar-19,12:43:34
31-Mar-19,12:43:34
31-Mar-19,12:43:34
31-Mar-19,12:43:34
31-Mar-19,12:43:34
31-Mar-19,12:43:34
31-Mar-19,12:43:34
31-Mar-19,12:43:34
31-Mar-19,12:43:34
31-Mar-19,12:43:34
31-Mar-19,12:43:34
31-Mar-19,12:43:34
31-Mar-19,12:43:34
31-Mar-19,12:43:34
31-Mar-19,12:43:34
31-Mar-19,12:43:34
31-Mar-19,12:43:34
31-Mar-19,12:43:34
31-Mar-19,12:43:34
31-Mar-19,12:43:34
31-Mar-19,12:43:34
31-Mar-19,12:43:34
31-Mar-19,12:43:34
31-Mar-19,12:43:34
31-Mar-19,12:43:34
31-Mar-19,12:43:34
31-Mar-19,12:43:34
31-Mar-19,12:43:34
31-Mar-19,12:43:34
31-Mar-19,12:43:34
31-Mar-19,12:43:34
31-Mar-19,12:43:34
31-Mar-19,12:43:34
31-Mar-19,12:43:34
31-Mar-19,12:43:34
31-Mar-19,12:43:34
31-Mar-19,12:43:34
31-Mar-19,12:43:34
31-Mar-19,12:43:34
31-Mar-19,12:43:34
31-Mar-19,12:43:34
31-Mar-19,12:43:34
31-Mar-19,12:43:34
31-Mar-19,12:43:34
31-Mar-19,12:43:34
31-Mar-19,12:43:34
31-Mar-19,12:43:34
31-Mar-19,12:43:34
31-Mar-19,12:43:34
31-Mar-19,12:43:34
31-Mar-19,12:43:34
31-Mar-19,12:43:34
31-Mar-19,12:43:34
31-Mar-19,12:43:34
31-Mar-19,12:43:34
31-Mar-19,12:43:35
31-Mar-19,12:43:35
31-Mar-19,12:43:35
31-Mar-19,12:43:35
31-Mar-19,12:43:35
31-Mar-19,12:43:35
31-Mar-19,12:43:35
31-Mar-19,12:43:35
31-Mar-19,12:43:35
31-Mar-19,12:43:35
31-Mar-19,12:43:36
31-Mar-19,12:43:36
31-Mar-19,12:43:36
31-Mar-19,12:43:36
31-Mar-19,12:43:36
31-Mar-19,12:43:36
31-Mar-19,12:43:36
31-Mar-19,12:43:36
31-Mar-19,12:43:36
31-Mar-19,12:43:36
31-Mar-19,12:43:36
31-Mar-19,12:43:36
31-Mar-19,12:43:36
31-Mar-19,12:43:36
31-Mar-19,12:43:36
31-Mar-19,12:43:36
31-Mar-19,12:43:36
31-Mar-19,12:43:36
31-Mar-19,12:43:36
31-Mar-19,12:43:36
31-Mar-19,12:43:36
31-Mar-19,12:43:36
31-Mar-19,12:43:36
31-Mar-19,12:43:36
31-Mar-19,12:43:36
31-Mar-19,12:43:36
31-Mar-19,12:43:36
31-Mar-19,12:43:36
31-Mar-19,12:43:36
31-Mar-19,12:43:36
31-Mar-19,12:43:36
31-Mar-19,12:43:36
31-Mar-19,12:43:36
31-Mar-19,12:43:36
31-Mar-19,12:43:36
31-Mar-19,12:43:36
31-Mar-19,12:43:36
31-Mar-19,12:43:36
31-Mar-19,12:43:36
31-Mar-19,12:43:36
31-Mar-19,12:43:36
31-Mar-19,12:43:36
31-Mar-19,12:43:36
31-Mar-19,12:43:36
31-Mar-19,12:43:36
31-Mar-19,12:43:36
31-Mar-19,12:43:36
31-Mar-19,12:43:36
31-Mar-19,12:43:36
31-Mar-19,12:43:36
31-Mar-19,12:43:36
31-Mar-19,12:43:36
31-Mar-19,12:43:36
31-Mar-19,12:43:36
31-Mar-19,12:43:36
31-Mar-19,12:43:36
31-Mar-19,12:43:36
31-Mar-19,12:43:36
31-Mar-19,12:43:36
31-Mar-19,12:43:36
31-Mar-19,12:43:36
31-Mar-19,12:43:36
31-Mar-19,12:43:36
31-Mar-19,12:43:36
31-Mar-19,12:43:36
31-Mar-19,12:43:36
31-Mar-19,12:43:36
31-Mar-19,12:43:36
31-Mar-19,12:43:36
31-Mar-19,12:43:36
31-Mar-19,12:43:37
31-Mar-19,12:43:37
31-Mar-19,12:43:37
31-Mar-19,12:43:37
31-Mar-19,12:43:37
31-Mar-19,12:43:37
31-Mar-19,12:43:37
31-Mar-19,12:43:37
31-Mar-19,12:43:37
31-Mar-19,12:43:37
31-Mar-19,12:43:37
31-Mar-19,12:43:37
31-Mar-19,12:43:38
31-Mar-19,12:43:38
31-Mar-19,12:43:38
31-Mar-19,12:43:38
31-Mar-19,12:43:38
31-Mar-19,12:43:38
31-Mar-19,12:43:38
31-Mar-19,12:43:38
31-Mar-19,12:43:38
31-Mar-19,12:43:38
31-Mar-19,12:43:38
31-Mar-19,12:43:38
31-Mar-19,12:43:38
31-Mar-19,12:43:38
31-Mar-19,12:43:38
31-Mar-19,12:43:38
31-Mar-19,12:43:38
31-Mar-19,12:43:38
31-Mar-19,12:43:38
31-Mar-19,12:43:38
31-Mar-19,12:43:38
31-Mar-19,12:43:38
31-Mar-19,12:43:38
31-Mar-19,12:43:38
31-Mar-19,12:43:38
31-Mar-19,12:43:38
31-Mar-19,12:43:38
31-Mar-19,12:43:38
31-Mar-19,12:43:38
31-Mar-19,12:43:38
31-Mar-19,12:43:38
31-Mar-19,12:43:38
31-Mar-19,12:43:38
31-Mar-19,12:43:38
31-Mar-19,12:43:38
31-Mar-19,12:43:38
31-Mar-19,12:43:38
31-Mar-19,12:43:38
31-Mar-19,12:43:38
31-Mar-19,12:43:38
31-Mar-19,12:43:38
31-Mar-19,12:43:38
31-Mar-19,12:43:38
31-Mar-19,12:43:38
31-Mar-19,12:43:38
31-Mar-19,12:43:38
31-Mar-19,12:43:38
31-Mar-19,12:43:38
31-Mar-19,12:43:38
31-Mar-19,12:43:38
31-Mar-19,12:43:38
31-Mar-19,12:43:38
31-Mar-19,12:43:38
31-Mar-19,12:43:38
31-Mar-19,12:43:38
31-Mar-19,12:43:38
31-Mar-19,12:43:38
31-Mar-19,12:43:38
31-Mar-19,12:43:38
31-Mar-19,12:43:38
31-Mar-19,12:43:38
31-Mar-19,12:43:38
31-Mar-19,12:43:38
31-Mar-19,12:43:38
31-Mar-19,12:43:38
31-Mar-19,12:43:38
31-Mar-19,12:43:38
31-Mar-19,12:43:38
31-Mar-19,12:43:38
31-Mar-19,12:43:38
31-Mar-19,12:43:38
31-Mar-19,12:43:38
31-Mar-19,12:43:38
31-Mar-19,12:43:38
31-Mar-19,12:43:38
31-Mar-19,12:43:38
31-Mar-19,12:43:38
31-Mar-19,12:43:38
31-Mar-19,12:43:38
31-Mar-19,12:43:38
31-Mar-19,12:43:39
31-Mar-19,12:43:39
31-Mar-19,12:43:39
31-Mar-19,12:43:39
31-Mar-19,12:43:39
31-Mar-19,12:43:39
31-Mar-19,12:43:39
31-Mar-19,12:43:39
31-Mar-19,12:43:39
31-Mar-19,12:43:39
31-Mar-19,12:43:39
31-Mar-19,12:43:39
31-Mar-19,12:43:39
31-Mar-19,12:43:39
31-Mar-19,12:43:39
31-Mar-19,12:43:39
31-Mar-19,12:43:39
31-Mar-19,12:43:39
31-Mar-19,12:43:39
31-Mar-19,12:43:39
31-Mar-19,12:43:39
31-Mar-19,12:43:39
31-Mar-19,12:43:39
31-Mar-19,12:43:39
31-Mar-19,12:43:39
31-Mar-19,12:43:39
31-Mar-19,12:43:39
31-Mar-19,12:43:39
31-Mar-19,12:43:39
31-Mar-19,12:43:39
31-Mar-19,12:43:39
31-Mar-19,12:43:39
31-Mar-19,12:43:39
31-Mar-19,12:43:39
31-Mar-19,12:43:39
31-Mar-19,12:43:39
31-Mar-19,12:43:39
31-Mar-19,12:43:39
31-Mar-19,12:43:39
31-Mar-19,12:43:39
31-Mar-19,12:43:39
31-Mar-19,12:43:39
31-Mar-19,12:43:39
31-Mar-19,12:43:39
31-Mar-19,12:43:39
31-Mar-19,12:43:39
31-Mar-19,12:43:39
31-Mar-19,12:43:39
31-Mar-19,12:43:39
31-Mar-19,12:43:39
31-Mar-19,12:43:39
31-Mar-19,12:43:39
31-Mar-19,12:43:39
31-Mar-19,12:43:39
31-Mar-19,12:43:39
31-Mar-19,12:43:39
31-Mar-19,12:43:39
31-Mar-19,12:43:39
31-Mar-19,12:43:39
31-Mar-19,12:43:39
31-Mar-19,12:43:39
31-Mar-19,12:43:39
31-Mar-19,12:43:39
31-Mar-19,12:43:39
31-Mar-19,12:43:39
31-Mar-19,12:43:39
31-Mar-19,12:43:39
31-Mar-19,12:43:39
31-Mar-19,12:43:39
31-Mar-19,12:43:39
31-Mar-19,12:43:39
31-Mar-19,12:43:39
31-Mar-19,12:43:39
31-Mar-19,12:43:39
31-Mar-19,12:43:39
31-Mar-19,12:43:39
31-Mar-19,12:43:39
31-Mar-19,12:43:39
31-Mar-19,12:43:40
31-Mar-19,12:43:40
31-Mar-19,12:43:40
31-Mar-19,12:43:40
31-Mar-19,12:43:40
31-Mar-19,12:43:40
31-Mar-19,12:43:40
31-Mar-19,12:43:40
31-Mar-19,12:43:40
31-Mar-19,12:43:40
31-Mar-19,12:43:40
31-Mar-19,12:43:40
31-Mar-19,12:43:40
31-Mar-19,12:43:40
31-Mar-19,12:43:40
31-Mar-19,12:43:40
31-Mar-19,12:43:40
31-Mar-19,12:43:40
31-Mar-19,12:43:40
31-Mar-19,12:43:40
31-Mar-19,12:43:40
31-Mar-19,12:43:40
31-Mar-19,12:43:40
31-Mar-19,12:43:40
31-Mar-19,12:43:40
31-Mar-19,12:43:40
31-Mar-19,12:43:40
31-Mar-19,12:43:40
31-Mar-19,12:43:40
31-Mar-19,12:43:40
31-Mar-19,12:43:40
31-Mar-19,12:43:40
31-Mar-19,12:43:40
31-Mar-19,12:43:40
31-Mar-19,12:43:40
31-Mar-19,12:43:40
31-Mar-19,12:43:40
31-Mar-19,12:43:40
31-Mar-19,12:43:40
31-Mar-19,12:43:40
31-Mar-19,12:43:40
31-Mar-19,12:43:40
31-Mar-19,12:43:40
31-Mar-19,12:43:40
31-Mar-19,12:43:40
31-Mar-19,12:43:40
31-Mar-19,12:43:40
31-Mar-19,12:43:40
31-Mar-19,12:43:40
31-Mar-19,12:43:40
31-Mar-19,12:43:40
31-Mar-19,12:43:40
31-Mar-19,12:43:40
31-Mar-19,12:43:40
31-Mar-19,12:43:40
31-Mar-19,12:43:40
31-Mar-19,12:43:40
31-Mar-19,12:43:40
31-Mar-19,12:43:40
31-Mar-19,12:43:40
31-Mar-19,12:43:40
31-Mar-19,12:43:40
31-Mar-19,12:43:40
31-Mar-19,12:43:40
31-Mar-19,12:43:40
31-Mar-19,12:43:40
31-Mar-19,12:43:40
31-Mar-19,12:43:40
31-Mar-19,12:43:40
31-Mar-19,12:43:40
31-Mar-19,12:43:40
31-Mar-19,12:43:40
31-Mar-19,12:43:40
31-Mar-19,12:43:40
31-Mar-19,12:43:40
31-Mar-19,12:43:40
31-Mar-19,12:43:40
31-Mar-19,12:43:40
31-Mar-19,12:43:40
31-Mar-19,12:43:40
31-Mar-19,12:43:40
31-Mar-19,12:43:40
31-Mar-19,12:43:40
31-Mar-19,12:43:40
31-Mar-19,12:43:40
31-Mar-19,12:43:40
31-Mar-19,12:43:40
31-Mar-19,12:43:40
31-Mar-19,12:43:41
31-Mar-19,12:43:41
31-Mar-19,12:43:41
31-Mar-19,12:43:41
31-Mar-19,12:43:41
31-Mar-19,12:43:41
31-Mar-19,12:43:41
31-Mar-19,12:43:41
31-Mar-19,12:43:41
31-Mar-19,12:43:41
31-Mar-19,12:43:41
31-Mar-19,12:43:41
31-Mar-19,12:43:41
31-Mar-19,12:43:41
31-Mar-19,12:43:41
31-Mar-19,12:43:41
31-Mar-19,12:43:41
31-Mar-19,12:43:41
31-Mar-19,12:43:41
31-Mar-19,12:43:41
31-Mar-19,12:43:41
31-Mar-19,12:43:41
31-Mar-19,12:43:41
31-Mar-19,12:43:41
31-Mar-19,12:43:41
31-Mar-19,12:43:41
31-Mar-19,12:43:41
31-Mar-19,12:43:41
31-Mar-19,12:43:41
31-Mar-19,12:43:41
31-Mar-19,12:43:41
31-Mar-19,12:43:41
31-Mar-19,12:43:41
31-Mar-19,12:43:41
31-Mar-19,12:43:41
31-Mar-19,12:43:41
31-Mar-19,12:43:41
31-Mar-19,12:43:41
31-Mar-19,12:43:41
31-Mar-19,12:43:41
31-Mar-19,12:43:41
31-Mar-19,12:43:41
31-Mar-19,12:43:41
31-Mar-19,12:43:41
31-Mar-19,12:43:41
31-Mar-19,12:43:41
31-Mar-19,12:43:41
31-Mar-19,12:43:41
31-Mar-19,12:43:41
31-Mar-19,12:43:41
31-Mar-19,12:43:41
31-Mar-19,12:43:41
31-Mar-19,12:43:41
31-Mar-19,12:43:41
31-Mar-19,12:43:41
31-Mar-19,12:43:41
31-Mar-19,12:43:41
31-Mar-19,12:43:41
31-Mar-19,12:43:41
31-Mar-19,12:43:41
31-Mar-19,12:43:43
31-Mar-19,12:43:43
31-Mar-19,12:43:43
31-Mar-19,12:43:43
31-Mar-19,12:43:43
31-Mar-19,12:43:43
31-Mar-19,12:43:43
31-Mar-19,12:43:43
31-Mar-19,12:43:43
31-Mar-19,12:43:43
31-Mar-19,12:43:43
31-Mar-19,12:43:43
31-Mar-19,12:43:43
31-Mar-19,12:43:43
31-Mar-19,12:43:43
31-Mar-19,12:43:43
31-Mar-19,12:43:43
31-Mar-19,12:43:43
31-Mar-19,12:43:43
31-Mar-19,12:43:43
31-Mar-19,12:43:43
31-Mar-19,12:43:43
31-Mar-19,12:43:43
31-Mar-19,12:43:43
31-Mar-19,12:43:43
31-Mar-19,12:43:43
31-Mar-19,12:43:44
31-Mar-19,12:43:44
31-Mar-19,12:43:44
31-Mar-19,12:43:44
31-Mar-19,12:43:44
31-Mar-19,12:43:44
31-Mar-19,12:43:44
31-Mar-19,12:43:44
31-Mar-19,12:43:44
31-Mar-19,12:43:44
31-Mar-19,12:43:44
31-Mar-19,12:43:44
31-Mar-19,12:43:44
31-Mar-19,12:43:44
31-Mar-19,12:43:44
31-Mar-19,12:43:44
31-Mar-19,12:43:44
31-Mar-19,12:43:44
31-Mar-19,12:43:44
31-Mar-19,12:43:44
31-Mar-19,12:43:44
31-Mar-19,12:43:44
31-Mar-19,12:43:44
31-Mar-19,12:43:44
31-Mar-19,12:43:44
31-Mar-19,12:43:44
31-Mar-19,12:43:44
31-Mar-19,12:43:44
31-Mar-19,12:43:44
31-Mar-19,12:43:44
31-Mar-19,12:43:44
31-Mar-19,12:43:44
31-Mar-19,12:43:44
31-Mar-19,12:43:44
31-Mar-19,12:43:44
31-Mar-19,12:43:44
31-Mar-19,12:43:44
31-Mar-19,12:43:44
31-Mar-19,12:43:44
31-Mar-19,12:43:44
31-Mar-19,12:43:44
31-Mar-19,12:43:44
31-Mar-19,12:43:44
31-Mar-19,12:43:44
31-Mar-19,12:43:44
31-Mar-19,12:43:44
31-Mar-19,12:43:44
31-Mar-19,12:43:44
31-Mar-19,12:43:44
31-Mar-19,12:43:44
31-Mar-19,12:43:44
31-Mar-19,12:43:44
31-Mar-19,12:43:44
25-Apr-19,22:57:39
25-Apr-19,22:57:44
25-Apr-19,22:57:44
25-Apr-19,22:57:44
25-Apr-19,22:57:49
25-Apr-19,22:57:49
25-Apr-19,22:57:49
25-Apr-19,22:57:59
25-Apr-19,22:57:59
25-Apr-19,22:57:59
25-Apr-19,22:58:04
25-Apr-19,22:58:04
25-Apr-19,22:58:04
25-Apr-19,22:58:09
25-Apr-19,22:58:09
25-Apr-19,14:42:31
25-Apr-19,14:42:36
25-Apr-19,14:42:41
25-Apr-19,14:42:46
25-Apr-19,14:42:51
25-Apr-19,14:42:56
25-Apr-19,14:43:01
25-Apr-19,14:43:06
25-Apr-19,14:43:11
25-Apr-19,14:43:21
25-Apr-19,14:43:26
25-Apr-19,14:43:31
25-Apr-19,14:43:36
25-Apr-19,14:43:46
25-Apr-19,14:43:51
25-Apr-19,14:43:56
25-Apr-19,14:44:01
25-Apr-19,14:44:06
25-Apr-19,14:44:11
25-Apr-19,14:44:16
25-Apr-19,14:44:21
25-Apr-19,14:44:26
25-Apr-19,14:44:31
25-Apr-19,14:44:36
25-Apr-19,14:44:41
25-Apr-19,14:44:46
25-Apr-19,14:44:51
25-Apr-19,14:44:56
25-Apr-19,14:45:01
25-Apr-19,14:45:06
25-Apr-19,14:45:11
25-Apr-19,14:45:16
25-Apr-19,14:45:21
25-Apr-19,14:45:26
25-Apr-19,14:45:31
25-Apr-19,14:45:36
25-Apr-19,14:45:41
25-Apr-19,14:45:46
25-Apr-19,14:45:51
25-Apr-19,14:45:56
25-Apr-19,14:46:01
25-Apr-19,14:46:06
25-Apr-19,14:46:11
25-Apr-19,14:46:16
25-Apr-19,14:46:21
25-Apr-19,14:46:26
25-Apr-19,14:46:31
25-Apr-19,14:46:36
25-Apr-19,14:46:41
25-Apr-19,14:46:46
25-Apr-19,14:46:51
25-Apr-19,14:46:56
25-Apr-19,14:47:01
25-Apr-19,14:47:06
25-Apr-19,14:47:11
25-Apr-19,14:47:16
25-Apr-19,14:47:21
25-Apr-19,14:47:26
25-Apr-19,14:47:31
25-Apr-19,14:47:36
25-Apr-19,14:47:41
25-Apr-19,14:47:46
25-Apr-19,14:47:51
25-Apr-19,14:47:56
25-Apr-19,14:48:01
25-Apr-19,14:48:11
25-Apr-19,14:48:16
25-Apr-19,14:48:21
25-Apr-19,14:48:26
25-Apr-19,14:48:36
25-Apr-19,14:48:41
25-Apr-19,14:48:46
25-Apr-19,14:48:51
25-Apr-19,14:48:56
25-Apr-19,14:49:01
25-Apr-19,14:49:06
25-Apr-19,14:49:11
25-Apr-19,14:49:16
25-Apr-19,14:49:21
25-Apr-19,14:49:26
25-Apr-19,14:49:31
25-Apr-19,14:49:36
25-Apr-19,14:49:41
25-Apr-19,14:49:46
25-Apr-19,14:49:51
25-Apr-19,14:49:56
25-Apr-19,14:50:01
25-Apr-19,14:50:06
25-Apr-19,14:50:11
25-Apr-19,14:50:21
25-Apr-19,14:50:26
25-Apr-19,14:50:31
25-Apr-19,14:50:36
25-Apr-19,14:50:41
25-Apr-19,14:50:46
25-Apr-19,14:50:51
25-Apr-19,14:50:56
25-Apr-19,14:51:01
25-Apr-19,14:51:06
25-Apr-19,14:51:11
25-Apr-19,14:51:16
25-Apr-19,14:51:21
25-Apr-19,14:51:26
25-Apr-19,14:51:31
25-Apr-19,14:51:36
25-Apr-19,14:51:41
25-Apr-19,14:51:46
25-Apr-19,14:51:51
25-Apr-19,14:51:56
25-Apr-19,14:52:01
25-Apr-19,14:52:06
25-Apr-19,14:52:11
25-Apr-19,14:52:16
25-Apr-19,14:52:21
25-Apr-19,14:52:26
25-Apr-19,14:52:31
25-Apr-19,14:52:36
25-Apr-19,14:52:41
25-Apr-19,14:52:46
25-Apr-19,14:52:51
25-Apr-19,14:52:56
25-Apr-19,14:53:01
25-Apr-19,14:53:06
25-Apr-19,14:53:11
25-Apr-19,14:53:16
25-Apr-19,14:53:21
25-Apr-19,14:53:26
25-Apr-19,14:53:31
25-Apr-19,14:53:37
25-Apr-19,14:53:42
25-Apr-19,14:53:47
25-Apr-19,14:53:52
25-Apr-19,14:53:57
25-Apr-19,14:54:02
25-Apr-19,14:54:07
25-Apr-19,14:54:17
25-Apr-19,14:54:22
25-Apr-19,14:54:27
25-Apr-19,14:54:32
25-Apr-19,14:54:37
25-Apr-19,14:54:42
25-Apr-19,14:54:47
25-Apr-19,14:54:52
25-Apr-19,14:54:57
25-Apr-19,14:55:02
25-Apr-19,14:55:07
25-Apr-19,14:55:12
25-Apr-19,14:55:16
25-Apr-19,14:55:16
25-Apr-19,14:55:17
25-Apr-19,14:55:21
25-Apr-19,14:55:21
25-Apr-19,14:55:22
25-Apr-19,14:55:27
25-Apr-19,14:55:36
25-Apr-19,14:55:36
25-Apr-19,14:55:37
25-Apr-19,14:55:41
25-Apr-19,14:55:41
25-Apr-19,14:55:46
25-Apr-19,14:55:46
25-Apr-19,14:55:47
25-Apr-19,14:55:51
25-Apr-19,14:55:51
25-Apr-19,14:55:52
25-Apr-19,14:55:56
25-Apr-19,14:55:56
25-Apr-19,14:55:57
25-Apr-19,14:56:02
25-Apr-19,14:56:06
25-Apr-19,14:56:06
25-Apr-19,14:56:07
25-Apr-19,14:56:11
25-Apr-19,14:56:11
25-Apr-19,14:56:12
25-Apr-19,14:56:16
25-Apr-19,14:56:16
25-Apr-19,14:56:17
25-Apr-19,14:56:21
25-Apr-19,14:56:22
25-Apr-19,14:56:22
25-Apr-19,14:56:26
25-Apr-19,14:56:27
25-Apr-19,14:56:27
25-Apr-19,14:56:31
25-Apr-19,14:56:32
25-Apr-19,14:56:32
25-Apr-19,14:56:36
25-Apr-19,14:56:37
25-Apr-19,14:56:37
25-Apr-19,14:56:41
25-Apr-19,14:56:42
25-Apr-19,14:56:42
25-Apr-19,14:56:46
25-Apr-19,14:56:47
25-Apr-19,14:56:47
25-Apr-19,14:56:51
25-Apr-19,14:56:52
25-Apr-19,14:56:52
25-Apr-19,14:56:56
25-Apr-19,14:56:57
25-Apr-19,14:56:57
25-Apr-19,14:57:01
25-Apr-19,14:57:02
25-Apr-19,14:57:02
25-Apr-19,14:57:06
25-Apr-19,14:57:07
25-Apr-19,14:57:07
25-Apr-19,14:57:12
25-Apr-19,14:57:12
25-Apr-19,14:57:16
25-Apr-19,14:57:17
25-Apr-19,14:57:17
25-Apr-19,14:57:21
25-Apr-19,14:57:22
25-Apr-19,14:57:22
25-Apr-19,14:57:26
25-Apr-19,14:57:27
25-Apr-19,14:57:28
25-Apr-19,14:57:31
25-Apr-19,14:57:33
25-Apr-19,14:57:36
25-Apr-19,14:57:37
25-Apr-19,14:57:38
25-Apr-19,14:57:41
25-Apr-19,14:57:42
25-Apr-19,14:57:43
25-Apr-19,14:57:46
25-Apr-19,14:57:47
25-Apr-19,14:57:51
25-Apr-19,14:57:52
25-Apr-19,14:57:53
25-Apr-19,14:57:56
25-Apr-19,14:57:57
25-Apr-19,14:57:58
25-Apr-19,14:58:01
25-Apr-19,14:58:02
25-Apr-19,14:58:03
25-Apr-19,14:58:07
25-Apr-19,14:58:07
25-Apr-19,14:58:08
25-Apr-19,14:58:12
25-Apr-19,14:58:12
25-Apr-19,14:58:13
25-Apr-19,14:58:17
25-Apr-19,14:58:17
25-Apr-19,14:58:18
25-Apr-19,14:58:22
25-Apr-19,14:58:22
25-Apr-19,14:58:23
25-Apr-19,14:58:28
25-Apr-19,14:58:32
25-Apr-19,14:58:32
25-Apr-19,14:58:33
25-Apr-19,14:58:37
25-Apr-19,14:58:37
25-Apr-19,14:58:42
25-Apr-19,14:58:42
25-Apr-19,14:58:43
25-Apr-19,14:58:47
25-Apr-19,14:58:47
25-Apr-19,14:58:48
25-Apr-19,14:58:52
25-Apr-19,14:58:52
25-Apr-19,14:58:53
25-Apr-19,14:58:57
25-Apr-19,14:58:57
25-Apr-19,14:58:58
25-Apr-19,14:59:02
25-Apr-19,14:59:02
25-Apr-19,14:59:03
25-Apr-19,14:59:07
25-Apr-19,14:59:07
25-Apr-19,14:59:08
25-Apr-19,14:59:12
25-Apr-19,14:59:12
25-Apr-19,14:59:13
25-Apr-19,14:59:17
25-Apr-19,14:59:17
25-Apr-19,14:59:18
25-Apr-19,14:59:22
25-Apr-19,14:59:22
25-Apr-19,14:59:23
25-Apr-19,14:59:27
25-Apr-19,14:59:27
25-Apr-19,14:59:28
25-Apr-19,14:59:32
25-Apr-19,14:59:32
25-Apr-19,14:59:33
25-Apr-19,14:59:37
25-Apr-19,14:59:37
25-Apr-19,14:59:38
25-Apr-19,14:59:42
25-Apr-19,14:59:42
25-Apr-19,14:59:43
25-Apr-19,14:59:47
25-Apr-19,14:59:47
25-Apr-19,14:59:48
25-Apr-19,14:59:52
25-Apr-19,14:59:52
25-Apr-19,14:59:53
25-Apr-19,14:59:57
25-Apr-19,14:59:57
25-Apr-19,14:59:58
25-Apr-19,15:00:02
25-Apr-19,15:00:02
25-Apr-19,15:00:03
25-Apr-19,15:00:07
25-Apr-19,15:00:07
25-Apr-19,15:00:08
25-Apr-19,15:00:12
25-Apr-19,15:00:12
25-Apr-19,15:00:13
25-Apr-19,15:00:17
25-Apr-19,15:00:17
25-Apr-19,15:00:18
25-Apr-19,15:00:22
25-Apr-19,15:00:22
25-Apr-19,15:00:23
25-Apr-19,15:00:27
25-Apr-19,15:00:27
25-Apr-19,15:00:28
25-Apr-19,15:00:32
25-Apr-19,15:00:32
25-Apr-19,15:00:33
25-Apr-19,15:00:37
25-Apr-19,15:00:37
25-Apr-19,15:00:38
25-Apr-19,15:00:42
25-Apr-19,15:00:42
25-Apr-19,15:00:43
25-Apr-19,15:00:47
25-Apr-19,15:00:47
25-Apr-19,15:00:48
25-Apr-19,15:00:52
25-Apr-19,15:00:52
25-Apr-19,15:00:53
25-Apr-19,15:00:57
25-Apr-19,15:00:57
25-Apr-19,15:00:58
25-Apr-19,15:01:02
25-Apr-19,15:01:03
25-Apr-19,15:01:03
25-Apr-19,15:01:07
25-Apr-19,15:01:08
25-Apr-19,15:01:08
25-Apr-19,15:01:12
25-Apr-19,15:01:13
25-Apr-19,15:01:13
25-Apr-19,15:01:17
25-Apr-19,15:01:18
25-Apr-19,15:01:18
25-Apr-19,15:01:22
25-Apr-19,15:01:23
25-Apr-19,15:01:23
25-Apr-19,15:01:27
25-Apr-19,15:01:28
25-Apr-19,15:01:28
25-Apr-19,15:01:32
25-Apr-19,15:01:33
25-Apr-19,15:01:33
25-Apr-19,15:01:37
25-Apr-19,15:01:38
25-Apr-19,15:01:38
25-Apr-19,15:01:42
25-Apr-19,15:01:43
25-Apr-19,15:01:43
25-Apr-19,15:01:47
25-Apr-19,15:01:48
25-Apr-19,15:01:48
25-Apr-19,15:01:52
25-Apr-19,15:01:53
25-Apr-19,15:01:53
25-Apr-19,15:01:57
25-Apr-19,15:01:58
25-Apr-19,15:01:58
25-Apr-19,15:02:02
25-Apr-19,15:02:03
25-Apr-19,15:02:03
25-Apr-19,15:02:07
25-Apr-19,15:02:08
25-Apr-19,15:02:08
25-Apr-19,15:02:12
25-Apr-19,15:02:13
25-Apr-19,15:02:13
25-Apr-19,15:02:17
25-Apr-19,15:02:18
25-Apr-19,15:02:18
25-Apr-19,15:02:22
25-Apr-19,15:02:23
25-Apr-19,15:02:23
25-Apr-19,15:02:27
25-Apr-19,15:02:28
25-Apr-19,15:02:28
25-Apr-19,15:02:32
25-Apr-19,15:02:33
25-Apr-19,15:02:33
25-Apr-19,15:02:37
25-Apr-19,15:02:38
25-Apr-19,15:02:38
25-Apr-19,15:02:42
25-Apr-19,15:02:43
25-Apr-19,15:02:43
25-Apr-19,15:02:47
25-Apr-19,15:02:48
25-Apr-19,15:02:48
25-Apr-19,15:02:52
25-Apr-19,15:02:53
25-Apr-19,15:02:53
25-Apr-19,15:02:57
25-Apr-19,15:02:58
25-Apr-19,15:02:58
25-Apr-19,15:03:02
25-Apr-19,15:03:03
25-Apr-19,15:03:03
25-Apr-19,15:03:07
25-Apr-19,15:03:08
25-Apr-19,15:03:08
25-Apr-19,15:03:13
25-Apr-19,15:03:13
25-Apr-19,15:03:17
25-Apr-19,15:03:18
25-Apr-19,15:03:18
25-Apr-19,15:03:22
25-Apr-19,15:03:23
25-Apr-19,15:03:23
25-Apr-19,15:03:27
25-Apr-19,15:03:28
25-Apr-19,15:03:29
25-Apr-19,15:03:33
25-Apr-19,15:03:33
25-Apr-19,15:03:34
25-Apr-19,15:03:38
25-Apr-19,15:03:38
25-Apr-19,15:03:39
25-Apr-19,15:03:43
25-Apr-19,15:03:43
25-Apr-19,15:03:44
25-Apr-19,15:03:48
25-Apr-19,15:03:48
25-Apr-19,15:03:53
25-Apr-19,15:03:53
25-Apr-19,15:03:54
25-Apr-19,15:03:58
25-Apr-19,15:03:58
25-Apr-19,15:03:59
25-Apr-19,15:04:03
25-Apr-19,15:04:03
25-Apr-19,15:04:04
25-Apr-19,15:04:08
25-Apr-19,15:04:08
25-Apr-19,15:04:09
25-Apr-19,15:04:13
25-Apr-19,15:04:13
25-Apr-19,15:04:14
25-Apr-19,15:04:18
25-Apr-19,15:04:18
25-Apr-19,15:04:19
25-Apr-19,15:04:23
25-Apr-19,15:04:23
25-Apr-19,15:04:24
25-Apr-19,15:04:28
25-Apr-19,15:04:28
25-Apr-19,15:04:29
25-Apr-19,15:04:33
25-Apr-19,15:04:33
25-Apr-19,15:04:34
25-Apr-19,15:04:38
25-Apr-19,15:04:38
25-Apr-19,15:04:39
25-Apr-19,15:04:43
25-Apr-19,15:04:43
25-Apr-19,15:04:44
25-Apr-19,15:04:48
25-Apr-19,15:04:48
25-Apr-19,15:04:49
25-Apr-19,15:04:53
25-Apr-19,15:04:53
25-Apr-19,15:04:54
25-Apr-19,15:04:58
25-Apr-19,15:04:58
25-Apr-19,15:04:59
25-Apr-19,15:05:03
25-Apr-19,15:05:03
25-Apr-19,15:05:04
25-Apr-19,15:05:08
25-Apr-19,15:05:08
25-Apr-19,15:05:09
25-Apr-19,15:05:13
25-Apr-19,15:05:13
25-Apr-19,15:05:14
25-Apr-19,15:05:19
25-Apr-19,15:05:23
25-Apr-19,15:05:23
25-Apr-19,15:05:24
25-Apr-19,15:05:28
25-Apr-19,15:05:28
25-Apr-19,15:05:29
25-Apr-19,15:05:33
25-Apr-19,15:05:33
25-Apr-19,15:05:34
25-Apr-19,15:05:38
25-Apr-19,15:05:38
25-Apr-19,15:05:39
25-Apr-19,15:05:43
25-Apr-19,15:05:43
25-Apr-19,15:05:44
25-Apr-19,15:05:48
25-Apr-19,15:05:48
25-Apr-19,15:05:49
25-Apr-19,15:05:53
25-Apr-19,15:05:53
25-Apr-19,15:05:54
25-Apr-19,15:05:58
25-Apr-19,15:05:58
25-Apr-19,15:05:59
25-Apr-19,15:06:03
25-Apr-19,15:06:03
25-Apr-19,15:06:04
25-Apr-19,15:06:08
25-Apr-19,15:06:08
25-Apr-19,15:06:09
25-Apr-19,15:06:13
25-Apr-19,15:06:13
25-Apr-19,15:06:14
25-Apr-19,15:06:18
25-Apr-19,15:06:18
25-Apr-19,15:06:19
25-Apr-19,15:06:23
25-Apr-19,15:06:23
25-Apr-19,15:06:24
25-Apr-19,15:06:28
25-Apr-19,15:06:28
25-Apr-19,15:06:29
25-Apr-19,15:06:33
25-Apr-19,15:06:33
25-Apr-19,15:06:34
25-Apr-19,15:06:38
25-Apr-19,15:06:38
25-Apr-19,15:06:39
25-Apr-19,15:06:43
25-Apr-19,15:06:43
25-Apr-19,15:06:44
25-Apr-19,15:06:48
25-Apr-19,15:06:49
25-Apr-19,15:06:49
25-Apr-19,15:06:53
25-Apr-19,15:06:54
25-Apr-19,15:06:54
25-Apr-19,15:06:58
25-Apr-19,15:06:59
25-Apr-19,15:06:59
25-Apr-19,15:07:03
25-Apr-19,15:07:04
25-Apr-19,15:07:04
25-Apr-19,15:07:08
25-Apr-19,15:07:09
25-Apr-19,15:07:09
25-Apr-19,15:07:13
25-Apr-19,15:07:14
25-Apr-19,15:07:14
25-Apr-19,15:07:19
25-Apr-19,15:07:19
25-Apr-19,15:07:19
25-Apr-19,15:07:24
25-Apr-19,15:07:24
25-Apr-19,15:07:24
25-Apr-19,15:07:29
25-Apr-19,15:07:29
25-Apr-19,15:07:29
25-Apr-19,15:07:34
25-Apr-19,15:07:34
25-Apr-19,15:07:34
25-Apr-19,15:07:39
25-Apr-19,15:07:39
25-Apr-19,15:07:39
25-Apr-19,15:07:44
25-Apr-19,15:07:44
25-Apr-19,15:07:44
25-Apr-19,15:07:49
25-Apr-19,15:07:49
25-Apr-19,15:07:49
25-Apr-19,15:07:54
25-Apr-19,15:07:54
25-Apr-19,15:07:54
25-Apr-19,15:07:59
25-Apr-19,15:07:59
25-Apr-19,15:07:59
25-Apr-19,15:08:09
25-Apr-19,15:08:09
25-Apr-19,15:08:09
25-Apr-19,15:08:19
25-Apr-19,15:08:19
25-Apr-19,15:08:19
25-Apr-19,15:08:24
25-Apr-19,15:08:24
25-Apr-19,15:08:24
25-Apr-19,15:08:29
25-Apr-19,15:08:29
25-Apr-19,15:08:29
25-Apr-19,15:08:34
25-Apr-19,15:08:34
25-Apr-19,15:08:34
25-Apr-19,15:08:39
25-Apr-19,15:08:39
25-Apr-19,15:08:39
25-Apr-19,15:08:44
25-Apr-19,15:08:44
25-Apr-19,15:08:44
25-Apr-19,15:08:49
25-Apr-19,15:08:49
25-Apr-19,15:08:49
25-Apr-19,15:08:54
25-Apr-19,15:08:54
25-Apr-19,15:08:55
25-Apr-19,15:08:59
25-Apr-19,15:08:59
25-Apr-19,15:09:00
25-Apr-19,15:09:04
25-Apr-19,15:09:04
25-Apr-19,15:09:05
25-Apr-19,15:09:09
25-Apr-19,15:09:09
25-Apr-19,15:09:10
25-Apr-19,15:09:15
25-Apr-19,15:09:19
25-Apr-19,15:09:19
25-Apr-19,15:09:20
25-Apr-19,15:09:24
25-Apr-19,15:09:24
25-Apr-19,15:09:25
25-Apr-19,15:09:29
25-Apr-19,15:09:29
25-Apr-19,15:09:30
25-Apr-19,15:09:34
25-Apr-19,15:09:34
25-Apr-19,15:09:35
25-Apr-19,15:09:39
25-Apr-19,15:09:39
25-Apr-19,15:09:40
25-Apr-19,15:09:44
25-Apr-19,15:09:44
25-Apr-19,15:09:45
25-Apr-19,15:09:49
25-Apr-19,15:09:49
25-Apr-19,15:09:50
25-Apr-19,15:09:54
25-Apr-19,15:09:54
25-Apr-19,15:09:55
25-Apr-19,15:10:00
25-Apr-19,15:10:04
25-Apr-19,15:10:04
25-Apr-19,15:10:05
25-Apr-19,15:10:09
25-Apr-19,15:10:09
25-Apr-19,15:10:10
25-Apr-19,15:10:14
25-Apr-19,15:10:14
25-Apr-19,15:10:15
25-Apr-19,15:10:19
25-Apr-19,15:10:19
25-Apr-19,15:10:20
25-Apr-19,15:10:24
25-Apr-19,15:10:24
25-Apr-19,15:10:25
25-Apr-19,15:10:29
25-Apr-19,15:10:29
25-Apr-19,15:10:30
25-Apr-19,15:10:34
25-Apr-19,15:10:34
25-Apr-19,15:10:35
25-Apr-19,15:10:39
25-Apr-19,15:10:39
25-Apr-19,15:10:40
25-Apr-19,15:10:44
25-Apr-19,15:10:45
25-Apr-19,15:10:45
25-Apr-19,15:10:49
25-Apr-19,15:10:50
25-Apr-19,15:10:50
25-Apr-19,15:10:54
25-Apr-19,15:10:55
25-Apr-19,15:10:55
25-Apr-19,15:10:59
25-Apr-19,15:11:00
25-Apr-19,15:11:00
25-Apr-19,15:11:04
25-Apr-19,15:11:05
25-Apr-19,15:11:05
25-Apr-19,15:11:09
25-Apr-19,15:11:10
25-Apr-19,15:11:10
25-Apr-19,15:11:20
25-Apr-19,15:11:20
25-Apr-19,15:11:20
25-Apr-19,15:11:25
25-Apr-19,15:11:25
25-Apr-19,15:11:25
25-Apr-19,15:11:30
25-Apr-19,15:11:30
25-Apr-19,15:11:30
25-Apr-19,15:11:40
25-Apr-19,15:11:40
25-Apr-19,15:11:40
25-Apr-19,15:11:45
25-Apr-19,15:11:45
25-Apr-19,15:11:45
25-Apr-19,15:11:50
25-Apr-19,15:11:50
25-Apr-19,15:11:50
25-Apr-19,15:11:55
25-Apr-19,15:11:55
25-Apr-19,15:11:55
25-Apr-19,15:12:00
25-Apr-19,15:12:00
25-Apr-19,15:12:00
25-Apr-19,15:12:05
25-Apr-19,15:12:05
25-Apr-19,15:12:05
25-Apr-19,15:12:10
25-Apr-19,15:12:10
25-Apr-19,15:12:10
25-Apr-19,15:12:15
25-Apr-19,15:12:15
25-Apr-19,15:12:15
25-Apr-19,15:12:20
25-Apr-19,15:12:20
25-Apr-19,15:12:20
25-Apr-19,15:12:25
25-Apr-19,15:12:25
25-Apr-19,15:12:25
25-Apr-19,15:12:30
25-Apr-19,15:12:30
25-Apr-19,15:12:30
25-Apr-19,15:12:35
25-Apr-19,15:12:35
25-Apr-19,15:12:35
25-Apr-19,15:12:40
25-Apr-19,15:12:40
25-Apr-19,15:12:40
25-Apr-19,15:12:45
25-Apr-19,15:12:45
25-Apr-19,15:12:45
25-Apr-19,15:12:50
25-Apr-19,15:12:50
25-Apr-19,15:12:50
25-Apr-19,15:12:55
25-Apr-19,15:12:55
25-Apr-19,15:12:55
25-Apr-19,15:13:00
25-Apr-19,15:13:00
25-Apr-19,15:13:00
25-Apr-19,15:13:05
25-Apr-19,15:13:05
25-Apr-19,15:13:05
25-Apr-19,15:13:10
25-Apr-19,15:13:10
25-Apr-19,15:13:10
25-Apr-19,15:13:15
25-Apr-19,15:13:15
25-Apr-19,15:13:15
25-Apr-19,15:13:20
25-Apr-19,15:13:20
25-Apr-19,15:13:20
25-Apr-19,15:13:30
25-Apr-19,15:13:30
25-Apr-19,15:13:30
25-Apr-19,15:13:35
25-Apr-19,15:13:35
25-Apr-19,15:13:35
25-Apr-19,15:13:40
25-Apr-19,15:13:40
25-Apr-19,15:13:40
25-Apr-19,15:13:45
25-Apr-19,15:13:45
25-Apr-19,15:13:45
25-Apr-19,15:13:50
25-Apr-19,15:13:50
25-Apr-19,15:13:50
25-Apr-19,15:13:55
25-Apr-19,15:13:55
25-Apr-19,15:13:55
25-Apr-19,15:14:00
25-Apr-19,15:14:00
25-Apr-19,15:14:00
25-Apr-19,15:14:05
25-Apr-19,15:14:05
25-Apr-19,15:14:06
25-Apr-19,15:14:10
25-Apr-19,15:14:10
25-Apr-19,15:14:15
25-Apr-19,15:14:15
25-Apr-19,15:14:16
25-Apr-19,15:14:20
25-Apr-19,15:14:20
25-Apr-19,15:14:21
25-Apr-19,15:14:25
25-Apr-19,15:14:25
25-Apr-19,15:14:26
25-Apr-19,15:14:30
25-Apr-19,15:14:30
25-Apr-19,15:14:31
25-Apr-19,15:14:35
25-Apr-19,15:14:35
25-Apr-19,15:14:36
25-Apr-19,15:14:40
25-Apr-19,15:14:40
25-Apr-19,15:14:41
25-Apr-19,15:14:45
25-Apr-19,15:14:45
25-Apr-19,15:14:46
25-Apr-19,15:14:50
25-Apr-19,15:14:50
25-Apr-19,15:14:51
25-Apr-19,15:14:55
25-Apr-19,15:14:55
25-Apr-19,15:14:56
25-Apr-19,15:15:00
25-Apr-19,15:15:00
25-Apr-19,15:15:01
25-Apr-19,15:15:05
25-Apr-19,15:15:05
25-Apr-19,15:15:06
25-Apr-19,15:15:10
25-Apr-19,15:15:10
25-Apr-19,15:15:11
25-Apr-19,15:15:15
25-Apr-19,15:15:15
25-Apr-19,15:15:16
25-Apr-19,15:15:20
25-Apr-19,15:15:20
25-Apr-19,15:15:21
25-Apr-19,15:15:25
25-Apr-19,15:15:25
25-Apr-19,15:15:26
25-Apr-19,15:15:31
25-Apr-19,15:15:31
25-Apr-19,15:15:31
25-Apr-19,15:15:36
25-Apr-19,15:15:36
25-Apr-19,15:15:36
25-Apr-19,15:15:41
25-Apr-19,15:15:41
25-Apr-19,15:15:41
25-Apr-19,15:15:46
25-Apr-19,15:15:46
25-Apr-19,15:15:46
25-Apr-19,15:15:51
25-Apr-19,15:15:51
25-Apr-19,15:15:51
25-Apr-19,15:15:56
25-Apr-19,15:15:56
25-Apr-19,15:15:56
25-Apr-19,15:16:01
25-Apr-19,15:16:01
25-Apr-19,15:16:01
25-Apr-19,15:16:06
25-Apr-19,15:16:06
25-Apr-19,15:16:06
25-Apr-19,15:16:11
25-Apr-19,15:16:11
25-Apr-19,15:16:11
25-Apr-19,15:16:16
25-Apr-19,15:16:16
25-Apr-19,15:16:16
25-Apr-19,15:16:21
25-Apr-19,15:16:21
25-Apr-19,15:16:21
25-Apr-19,15:16:26
25-Apr-19,15:16:26
25-Apr-19,15:16:26
25-Apr-19,15:16:31
25-Apr-19,15:16:31
25-Apr-19,15:16:31
25-Apr-19,15:16:36
25-Apr-19,15:16:36
25-Apr-19,15:16:36
25-Apr-19,15:16:41
25-Apr-19,15:16:41
25-Apr-19,15:16:41
25-Apr-19,15:16:46
25-Apr-19,15:16:46
25-Apr-19,15:16:46
25-Apr-19,15:16:51
25-Apr-19,15:16:51
25-Apr-19,15:16:51
25-Apr-19,15:16:56
25-Apr-19,15:16:56
25-Apr-19,15:16:56
25-Apr-19,15:17:01
25-Apr-19,15:17:01
25-Apr-19,15:17:01
25-Apr-19,15:17:06
25-Apr-19,15:17:06
25-Apr-19,15:17:06
25-Apr-19,15:17:11
25-Apr-19,15:17:11
25-Apr-19,15:17:11
25-Apr-19,15:17:16
25-Apr-19,15:17:16
25-Apr-19,15:17:16
25-Apr-19,15:17:21
25-Apr-19,15:17:21
25-Apr-19,15:17:21
25-Apr-19,15:17:26
25-Apr-19,15:17:26
25-Apr-19,15:17:26
25-Apr-19,15:17:31
25-Apr-19,15:17:31
25-Apr-19,15:17:31
25-Apr-19,15:17:36
25-Apr-19,15:17:36
25-Apr-19,15:17:36
25-Apr-19,15:17:41
25-Apr-19,15:17:41
25-Apr-19,15:17:41
25-Apr-19,15:17:46
25-Apr-19,15:17:46
25-Apr-19,15:17:46
25-Apr-19,15:17:51
25-Apr-19,15:17:51
25-Apr-19,15:17:51
25-Apr-19,15:17:56
25-Apr-19,15:17:56
25-Apr-19,15:17:56
25-Apr-19,15:18:01
25-Apr-19,15:18:01
25-Apr-19,15:18:01
25-Apr-19,15:18:06
25-Apr-19,15:18:06
25-Apr-19,15:18:06
25-Apr-19,15:18:11
25-Apr-19,15:18:11
25-Apr-19,15:18:11
25-Apr-19,15:18:16
25-Apr-19,15:18:16
25-Apr-19,15:18:16
25-Apr-19,15:18:21
25-Apr-19,15:18:21
25-Apr-19,15:18:21
25-Apr-19,15:18:26
25-Apr-19,15:18:26
25-Apr-19,15:18:26
25-Apr-19,15:18:41
25-Apr-19,15:18:41
25-Apr-19,15:18:41
25-Apr-19,15:18:46
25-Apr-19,15:18:46
25-Apr-19,15:18:46
25-Apr-19,15:18:51
25-Apr-19,15:18:51
25-Apr-19,15:18:51
25-Apr-19,15:18:56
25-Apr-19,15:18:56
25-Apr-19,15:18:56
25-Apr-19,15:19:01
25-Apr-19,15:19:01
25-Apr-19,15:19:01
25-Apr-19,15:19:06
25-Apr-19,15:19:06
25-Apr-19,15:19:06
25-Apr-19,15:19:11
25-Apr-19,15:19:11
25-Apr-19,15:19:11
25-Apr-19,15:19:16
25-Apr-19,15:19:16
25-Apr-19,15:19:16
25-Apr-19,15:19:21
25-Apr-19,15:19:21
25-Apr-19,15:19:21
25-Apr-19,15:19:26
25-Apr-19,15:19:26
25-Apr-19,15:19:26
25-Apr-19,15:19:36
25-Apr-19,15:19:36
25-Apr-19,15:19:37
25-Apr-19,15:19:41
25-Apr-19,15:19:41
25-Apr-19,15:19:42
25-Apr-19,15:19:46
25-Apr-19,15:19:46
25-Apr-19,15:19:47
25-Apr-19,15:19:52
25-Apr-19,15:19:56
25-Apr-19,15:19:56
25-Apr-19,15:19:57
25-Apr-19,15:20:01
25-Apr-19,15:20:01
25-Apr-19,15:20:02
25-Apr-19,15:20:06
25-Apr-19,15:20:06
25-Apr-19,15:20:07
25-Apr-19,15:20:11
25-Apr-19,15:20:11
25-Apr-19,15:20:12
25-Apr-19,15:20:16
25-Apr-19,15:20:16
25-Apr-19,15:20:17
25-Apr-19,15:20:22
25-Apr-19,15:20:22
25-Apr-19,15:20:22
25-Apr-19,15:20:27
25-Apr-19,15:20:27
25-Apr-19,15:20:27
25-Apr-19,15:20:32
25-Apr-19,15:20:32
25-Apr-19,15:20:32
25-Apr-19,15:20:37
25-Apr-19,15:20:37
25-Apr-19,15:20:37
25-Apr-19,15:20:42
25-Apr-19,15:20:42
25-Apr-19,15:20:42
25-Apr-19,15:20:47
25-Apr-19,15:20:47
25-Apr-19,15:20:47
25-Apr-19,15:20:52
25-Apr-19,15:20:52
25-Apr-19,15:20:52
25-Apr-19,15:20:57
25-Apr-19,15:20:57
25-Apr-19,15:20:57
25-Apr-19,15:21:02
25-Apr-19,15:21:02
25-Apr-19,15:21:02
25-Apr-19,15:21:07
25-Apr-19,15:21:07
25-Apr-19,15:21:07
25-Apr-19,15:21:12
25-Apr-19,15:21:12
25-Apr-19,15:21:12
25-Apr-19,15:21:17
25-Apr-19,15:21:17
25-Apr-19,15:21:17
25-Apr-19,15:21:22
25-Apr-19,15:21:22
25-Apr-19,15:21:22
25-Apr-19,15:21:27
25-Apr-19,15:21:27
25-Apr-19,15:21:27
25-Apr-19,15:21:32
25-Apr-19,15:21:32
25-Apr-19,15:21:32
25-Apr-19,15:21:37
25-Apr-19,15:21:37
25-Apr-19,15:21:37
25-Apr-19,15:21:42
25-Apr-19,15:21:42
25-Apr-19,15:21:42
25-Apr-19,15:21:47
25-Apr-19,15:21:47
25-Apr-19,15:21:47
25-Apr-19,15:21:52
25-Apr-19,15:21:52
25-Apr-19,15:21:52
25-Apr-19,15:21:57
25-Apr-19,15:21:57
25-Apr-19,15:21:57
25-Apr-19,15:22:02
25-Apr-19,15:22:02
25-Apr-19,15:22:02
25-Apr-19,15:22:07
25-Apr-19,15:22:07
25-Apr-19,15:22:07
25-Apr-19,15:22:12
25-Apr-19,15:22:12
25-Apr-19,15:22:12
25-Apr-19,15:22:17
25-Apr-19,15:22:17
25-Apr-19,15:22:17
25-Apr-19,15:22:22
25-Apr-19,15:22:22
25-Apr-19,15:22:22
25-Apr-19,15:22:27
25-Apr-19,15:22:27
25-Apr-19,15:22:27
25-Apr-19,15:22:32
25-Apr-19,15:22:32
25-Apr-19,15:22:32
25-Apr-19,15:22:42
25-Apr-19,15:22:42
25-Apr-19,15:22:42
25-Apr-19,15:22:47
25-Apr-19,15:22:47
25-Apr-19,15:22:47
25-Apr-19,15:22:52
25-Apr-19,15:22:52
25-Apr-19,15:22:52
25-Apr-19,15:22:57
25-Apr-19,15:22:57
25-Apr-19,15:22:57
25-Apr-19,15:23:02
25-Apr-19,15:23:02
25-Apr-19,15:23:02
25-Apr-19,15:23:07
25-Apr-19,15:23:07
25-Apr-19,15:23:07
25-Apr-19,15:23:12
25-Apr-19,15:23:12
25-Apr-19,15:23:12
25-Apr-19,15:23:17
25-Apr-19,15:23:17
25-Apr-19,15:23:17
25-Apr-19,15:23:22
25-Apr-19,15:23:22
25-Apr-19,15:23:22
25-Apr-19,15:23:27
25-Apr-19,15:23:27
25-Apr-19,15:23:27
25-Apr-19,15:23:32
25-Apr-19,15:23:32
25-Apr-19,15:23:32
25-Apr-19,15:23:37
25-Apr-19,15:23:37
25-Apr-19,15:23:37
25-Apr-19,15:23:42
25-Apr-19,15:23:42
25-Apr-19,15:23:42
25-Apr-19,15:23:47
25-Apr-19,15:23:47
25-Apr-19,15:23:47
25-Apr-19,15:23:52
25-Apr-19,15:23:52
25-Apr-19,15:23:52
25-Apr-19,15:23:57
25-Apr-19,15:23:57
25-Apr-19,15:23:57
25-Apr-19,15:24:07
25-Apr-19,15:24:07
25-Apr-19,15:24:07
25-Apr-19,15:24:12
25-Apr-19,15:24:12
25-Apr-19,15:24:12
25-Apr-19,15:24:17
25-Apr-19,15:24:17
25-Apr-19,15:24:18
25-Apr-19,15:24:22
25-Apr-19,15:24:22
25-Apr-19,15:24:23
25-Apr-19,15:24:28
25-Apr-19,15:24:32
25-Apr-19,15:24:32
25-Apr-19,15:24:33
25-Apr-19,15:24:37
25-Apr-19,15:24:37
25-Apr-19,15:24:38
25-Apr-19,15:24:42
25-Apr-19,15:24:42
25-Apr-19,15:24:43
25-Apr-19,15:24:47
25-Apr-19,15:24:47
25-Apr-19,15:24:48
25-Apr-19,15:24:52
25-Apr-19,15:24:52
25-Apr-19,15:24:53
25-Apr-19,15:24:57
25-Apr-19,15:24:57
25-Apr-19,15:25:02
25-Apr-19,15:25:02
25-Apr-19,15:25:03
25-Apr-19,15:25:07
25-Apr-19,15:25:07
25-Apr-19,15:25:08
25-Apr-19,15:25:12
25-Apr-19,15:25:12
25-Apr-19,15:25:13
25-Apr-19,15:25:17
25-Apr-19,15:25:17
25-Apr-19,15:25:18
25-Apr-19,15:25:22
25-Apr-19,15:25:22
25-Apr-19,15:25:23
25-Apr-19,15:25:27
25-Apr-19,15:25:27
25-Apr-19,15:25:28
25-Apr-19,15:25:32
25-Apr-19,15:25:32
25-Apr-19,15:25:33
25-Apr-19,15:25:37
25-Apr-19,15:25:38
25-Apr-19,15:25:38
25-Apr-19,15:25:43
25-Apr-19,15:25:43
25-Apr-19,15:25:43
25-Apr-19,15:25:48
25-Apr-19,15:25:48
25-Apr-19,15:25:48
25-Apr-19,15:25:53
25-Apr-19,15:25:53
25-Apr-19,15:25:53
25-Apr-19,15:25:58
25-Apr-19,15:25:58
25-Apr-19,15:25:58
25-Apr-19,15:26:03
25-Apr-19,15:26:03
25-Apr-19,15:26:03
25-Apr-19,15:26:08
25-Apr-19,15:26:08
25-Apr-19,15:26:08
25-Apr-19,15:26:13
25-Apr-19,15:26:13
25-Apr-19,15:26:13
25-Apr-19,15:26:18
25-Apr-19,15:26:18
25-Apr-19,15:26:18
25-Apr-19,15:26:23
25-Apr-19,15:26:23
25-Apr-19,15:26:23
25-Apr-19,15:26:28
25-Apr-19,15:26:28
25-Apr-19,15:26:28
25-Apr-19,15:26:33
25-Apr-19,15:26:33
25-Apr-19,15:26:33
25-Apr-19,15:26:38
25-Apr-19,15:26:38
25-Apr-19,15:26:38
25-Apr-19,15:26:43
25-Apr-19,15:26:43
25-Apr-19,15:26:43
25-Apr-19,15:26:48
25-Apr-19,15:26:48
25-Apr-19,15:26:48
25-Apr-19,15:26:53
25-Apr-19,15:26:53
25-Apr-19,15:26:53
25-Apr-19,15:26:58
25-Apr-19,15:26:58
25-Apr-19,15:26:58
25-Apr-19,15:27:03
25-Apr-19,15:27:03
25-Apr-19,15:27:03
25-Apr-19,15:27:08
25-Apr-19,15:27:08
25-Apr-19,15:27:08
25-Apr-19,15:27:13
25-Apr-19,15:27:13
25-Apr-19,15:27:13
25-Apr-19,15:27:18
25-Apr-19,15:27:18
25-Apr-19,15:27:18
25-Apr-19,15:27:23
25-Apr-19,15:27:23
25-Apr-19,15:27:23
25-Apr-19,15:27:28
25-Apr-19,15:27:28
25-Apr-19,15:27:28
25-Apr-19,15:27:33
25-Apr-19,15:27:33
25-Apr-19,15:27:33
25-Apr-19,15:27:38
25-Apr-19,15:27:38
25-Apr-19,15:27:38
25-Apr-19,15:27:43
25-Apr-19,15:27:43
25-Apr-19,15:27:43
25-Apr-19,15:27:48
25-Apr-19,15:27:48
25-Apr-19,15:27:48
25-Apr-19,15:27:53
25-Apr-19,15:27:53
25-Apr-19,15:27:53
25-Apr-19,15:27:58
25-Apr-19,15:27:58
25-Apr-19,15:27:58
25-Apr-19,15:28:03
25-Apr-19,15:28:03
25-Apr-19,15:28:03
25-Apr-19,15:28:08
25-Apr-19,15:28:08
25-Apr-19,15:28:08
25-Apr-19,15:28:13
25-Apr-19,15:28:13
25-Apr-19,15:28:13
25-Apr-19,15:28:18
25-Apr-19,15:28:18
25-Apr-19,15:28:18
25-Apr-19,15:28:23
25-Apr-19,15:28:23
25-Apr-19,15:28:23
25-Apr-19,15:28:28
25-Apr-19,15:28:28
25-Apr-19,15:28:28
25-Apr-19,15:28:33
25-Apr-19,15:28:33
25-Apr-19,15:28:33
25-Apr-19,15:28:38
25-Apr-19,15:28:38
25-Apr-19,15:28:38
25-Apr-19,15:28:43
25-Apr-19,15:28:43
25-Apr-19,15:28:43
25-Apr-19,15:28:48
25-Apr-19,15:28:48
25-Apr-19,15:28:48
25-Apr-19,15:28:53
25-Apr-19,15:28:53
25-Apr-19,15:28:54
25-Apr-19,15:28:58
25-Apr-19,15:28:58
25-Apr-19,15:28:59
25-Apr-19,15:29:03
25-Apr-19,15:29:03
25-Apr-19,15:29:04
25-Apr-19,15:29:08
25-Apr-19,15:29:08
25-Apr-19,15:29:09
25-Apr-19,15:29:13
25-Apr-19,15:29:13
25-Apr-19,15:29:14
25-Apr-19,15:29:18
25-Apr-19,15:29:18
25-Apr-19,15:29:19
25-Apr-19,15:29:23
25-Apr-19,15:29:23
25-Apr-19,15:29:24
25-Apr-19,15:29:28
25-Apr-19,15:29:28
25-Apr-19,15:29:29
25-Apr-19,15:29:33
25-Apr-19,15:29:33
25-Apr-19,15:29:34
25-Apr-19,15:29:38
25-Apr-19,15:29:38
25-Apr-19,15:29:39
25-Apr-19,15:29:43
25-Apr-19,15:29:43
25-Apr-19,15:29:44
25-Apr-19,15:29:48
25-Apr-19,15:29:48
25-Apr-19,15:29:49
25-Apr-19,15:29:54
25-Apr-19,15:29:58
25-Apr-19,15:29:58
25-Apr-19,15:29:59
25-Apr-19,15:30:03
25-Apr-19,15:30:03
25-Apr-19,15:30:04
25-Apr-19,15:30:08
25-Apr-19,15:30:08
25-Apr-19,15:30:09
25-Apr-19,15:30:13
25-Apr-19,15:30:13
25-Apr-19,15:30:14
25-Apr-19,15:30:18
25-Apr-19,15:30:18
25-Apr-19,15:30:19
25-Apr-19,15:30:23
25-Apr-19,15:30:23
25-Apr-19,15:30:24
25-Apr-19,15:30:28
25-Apr-19,15:30:28
25-Apr-19,15:30:29
25-Apr-19,15:30:33
25-Apr-19,15:30:33
25-Apr-19,15:30:34
25-Apr-19,15:30:38
25-Apr-19,15:30:38
25-Apr-19,15:30:39
25-Apr-19,15:30:43
25-Apr-19,15:30:43
25-Apr-19,15:30:44
25-Apr-19,15:30:48
25-Apr-19,15:30:48
25-Apr-19,15:30:49
25-Apr-19,15:30:53
25-Apr-19,15:30:53
25-Apr-19,15:30:54
25-Apr-19,15:30:58
25-Apr-19,15:30:58
25-Apr-19,15:30:59
25-Apr-19,15:31:03
25-Apr-19,15:31:03
25-Apr-19,15:31:04
25-Apr-19,15:31:08
25-Apr-19,15:31:08
25-Apr-19,15:31:09
25-Apr-19,15:31:13
25-Apr-19,15:31:13
25-Apr-19,15:31:14
25-Apr-19,15:31:19
25-Apr-19,15:31:19
25-Apr-19,15:31:19
25-Apr-19,15:31:24
25-Apr-19,15:31:24
25-Apr-19,15:31:24
25-Apr-19,15:31:29
25-Apr-19,15:31:29
25-Apr-19,15:31:29
25-Apr-19,15:31:34
25-Apr-19,15:31:34
25-Apr-19,15:31:34
25-Apr-19,15:31:39
25-Apr-19,15:31:39
25-Apr-19,15:31:39
25-Apr-19,15:31:44
25-Apr-19,15:31:44
25-Apr-19,15:31:44
25-Apr-19,15:31:49
25-Apr-19,15:31:49
25-Apr-19,15:31:49
25-Apr-19,15:31:54
25-Apr-19,15:31:54
25-Apr-19,15:31:54
25-Apr-19,15:31:59
25-Apr-19,15:31:59
25-Apr-19,15:31:59
25-Apr-19,15:32:04
25-Apr-19,15:32:04
25-Apr-19,15:32:04
25-Apr-19,15:32:09
25-Apr-19,15:32:09
25-Apr-19,15:32:09
25-Apr-19,15:32:14
25-Apr-19,15:32:14
25-Apr-19,15:32:14
25-Apr-19,15:32:19
25-Apr-19,15:32:19
25-Apr-19,15:32:19
25-Apr-19,15:32:24
25-Apr-19,15:32:24
25-Apr-19,15:32:24
25-Apr-19,15:32:39
25-Apr-19,15:32:39
25-Apr-19,15:32:39
25-Apr-19,15:32:44
25-Apr-19,15:32:44
25-Apr-19,15:32:44
25-Apr-19,15:32:49
25-Apr-19,15:32:49
25-Apr-19,15:32:49
25-Apr-19,15:32:54
25-Apr-19,15:32:54
25-Apr-19,15:32:54
25-Apr-19,15:32:59
25-Apr-19,15:32:59
25-Apr-19,15:32:59
25-Apr-19,15:33:04
25-Apr-19,15:33:04
25-Apr-19,15:33:04
25-Apr-19,15:33:09
25-Apr-19,15:33:09
25-Apr-19,15:33:09
25-Apr-19,15:33:14
25-Apr-19,15:33:14
25-Apr-19,15:33:14
25-Apr-19,15:33:19
25-Apr-19,15:33:19
25-Apr-19,15:33:19
25-Apr-19,15:33:24
25-Apr-19,15:33:24
25-Apr-19,15:33:24
25-Apr-19,15:33:29
25-Apr-19,15:33:29
25-Apr-19,15:33:29
25-Apr-19,15:33:34
25-Apr-19,15:33:34
25-Apr-19,15:33:34
25-Apr-19,15:33:44
25-Apr-19,15:33:44
25-Apr-19,15:33:44
25-Apr-19,15:33:49
25-Apr-19,15:33:49
25-Apr-19,15:33:49
25-Apr-19,15:33:54
25-Apr-19,15:33:54
25-Apr-19,15:33:54
25-Apr-19,15:33:59
25-Apr-19,15:33:59
25-Apr-19,15:33:59
25-Apr-19,15:34:04
25-Apr-19,15:34:04
25-Apr-19,15:34:04
25-Apr-19,15:34:09
25-Apr-19,15:34:09
25-Apr-19,15:34:10
25-Apr-19,15:34:15
25-Apr-19,15:34:19
25-Apr-19,15:34:19
25-Apr-19,15:34:24
25-Apr-19,15:34:24
25-Apr-19,15:34:25
25-Apr-19,15:34:29
25-Apr-19,15:34:29
25-Apr-19,15:34:30
25-Apr-19,15:34:35
25-Apr-19,15:34:39
25-Apr-19,15:34:39
25-Apr-19,15:34:40
25-Apr-19,15:34:44
25-Apr-19,15:34:44
25-Apr-19,15:34:45
25-Apr-19,15:34:50
25-Apr-19,15:34:54
25-Apr-19,15:34:54
25-Apr-19,15:34:55
25-Apr-19,15:34:59
25-Apr-19,15:34:59
25-Apr-19,15:35:00
25-Apr-19,15:35:04
25-Apr-19,15:35:04
25-Apr-19,15:35:05
25-Apr-19,15:35:09
25-Apr-19,15:35:10
25-Apr-19,15:35:10
25-Apr-19,15:35:15
25-Apr-19,15:35:15
25-Apr-19,15:35:15
25-Apr-19,15:35:20
25-Apr-19,15:35:20
25-Apr-19,15:35:20
25-Apr-19,15:35:25
25-Apr-19,15:35:25
25-Apr-19,15:35:25
25-Apr-19,15:35:30
25-Apr-19,15:35:30
25-Apr-19,15:35:30
25-Apr-19,15:35:35
25-Apr-19,15:35:35
25-Apr-19,15:35:35
25-Apr-19,15:35:40
25-Apr-19,15:35:40
25-Apr-19,15:35:40
25-Apr-19,15:35:45
25-Apr-19,15:35:45
25-Apr-19,15:35:45
25-Apr-19,15:35:50
25-Apr-19,15:35:50
25-Apr-19,15:35:50
25-Apr-19,15:35:55
25-Apr-19,15:35:55
25-Apr-19,15:35:55
25-Apr-19,15:36:00
25-Apr-19,15:36:00
25-Apr-19,15:36:00
25-Apr-19,15:36:05
25-Apr-19,15:36:05
25-Apr-19,15:36:05
25-Apr-19,15:36:10
25-Apr-19,15:36:10
25-Apr-19,15:36:10
25-Apr-19,15:36:15
25-Apr-19,15:36:15
25-Apr-19,15:36:15
25-Apr-19,15:36:20
25-Apr-19,15:36:20
25-Apr-19,15:36:20
25-Apr-19,15:36:25
25-Apr-19,15:36:25
25-Apr-19,15:36:25
25-Apr-19,15:36:30
25-Apr-19,15:36:30
25-Apr-19,15:36:30
25-Apr-19,15:36:35
25-Apr-19,15:36:35
25-Apr-19,15:36:35
25-Apr-19,15:36:40
25-Apr-19,15:36:40
25-Apr-19,15:36:40
25-Apr-19,15:36:45
25-Apr-19,15:36:45
25-Apr-19,15:36:45
25-Apr-19,15:36:50
25-Apr-19,15:36:50
25-Apr-19,15:36:50
25-Apr-19,15:36:55
25-Apr-19,15:36:55
25-Apr-19,15:36:55
25-Apr-19,15:37:00
25-Apr-19,15:37:00
25-Apr-19,15:37:00
25-Apr-19,15:37:05
25-Apr-19,15:37:05
25-Apr-19,15:37:05
25-Apr-19,15:37:10
25-Apr-19,15:37:10
25-Apr-19,15:37:10
25-Apr-19,15:37:20
25-Apr-19,15:37:20
25-Apr-19,15:37:20
25-Apr-19,15:37:25
25-Apr-19,15:37:25
25-Apr-19,15:37:25
25-Apr-19,15:37:30
25-Apr-19,15:37:30
25-Apr-19,15:37:30
25-Apr-19,15:37:35
25-Apr-19,15:37:35
25-Apr-19,15:37:35
25-Apr-19,15:37:40
25-Apr-19,15:37:40
25-Apr-19,15:37:40
25-Apr-19,15:37:45
25-Apr-19,15:37:45
25-Apr-19,15:37:45
25-Apr-19,15:37:50
25-Apr-19,15:37:50
25-Apr-19,15:37:50
25-Apr-19,15:37:55
25-Apr-19,15:37:55
25-Apr-19,15:37:55
25-Apr-19,15:38:00
25-Apr-19,15:38:00
25-Apr-19,15:38:01
25-Apr-19,15:38:05
25-Apr-19,15:38:05
25-Apr-19,15:38:06
25-Apr-19,15:38:10
25-Apr-19,15:38:10
25-Apr-19,15:38:11
25-Apr-19,15:38:15
25-Apr-19,15:38:15
25-Apr-19,15:38:16
25-Apr-19,15:38:20
25-Apr-19,15:38:20
25-Apr-19,15:38:21
25-Apr-19,15:38:25
25-Apr-19,15:38:25
25-Apr-19,15:38:26
25-Apr-19,15:38:30
25-Apr-19,15:38:30
25-Apr-19,15:38:31
25-Apr-19,15:38:35
25-Apr-19,15:38:35
25-Apr-19,15:38:36
25-Apr-19,15:38:41
25-Apr-19,15:38:41
25-Apr-19,15:38:41
25-Apr-19,15:38:46
25-Apr-19,15:38:46
25-Apr-19,15:38:46
25-Apr-19,15:38:51
25-Apr-19,15:38:51
25-Apr-19,15:38:51
25-Apr-19,15:38:56
25-Apr-19,15:38:56
25-Apr-19,15:38:56
25-Apr-19,15:39:01
25-Apr-19,15:39:01
25-Apr-19,15:39:01
25-Apr-19,15:39:06
25-Apr-19,15:39:06
25-Apr-19,15:39:06
25-Apr-19,15:39:11
25-Apr-19,15:39:11
25-Apr-19,15:39:11
25-Apr-19,15:39:16
25-Apr-19,15:39:16
25-Apr-19,15:39:16
25-Apr-19,15:39:21
25-Apr-19,15:39:21
25-Apr-19,15:39:21
25-Apr-19,15:39:26
25-Apr-19,15:39:26
25-Apr-19,15:39:26
25-Apr-19,15:39:31
25-Apr-19,15:39:31
25-Apr-19,15:39:31
25-Apr-19,15:39:36
25-Apr-19,15:39:36
25-Apr-19,15:39:36
25-Apr-19,15:39:41
25-Apr-19,15:39:41
25-Apr-19,15:39:41
25-Apr-19,15:39:46
25-Apr-19,15:39:46
25-Apr-19,15:39:46
25-Apr-19,15:39:51
25-Apr-19,15:39:51
25-Apr-19,15:39:51
25-Apr-19,15:39:56
25-Apr-19,15:39:56
25-Apr-19,15:39:56
25-Apr-19,15:40:01
25-Apr-19,15:40:01
25-Apr-19,15:40:01
25-Apr-19,15:40:06
25-Apr-19,15:40:06
25-Apr-19,15:40:06
25-Apr-19,15:40:11
25-Apr-19,15:40:11
25-Apr-19,15:40:11
25-Apr-19,15:40:16
25-Apr-19,15:40:16
25-Apr-19,15:40:16
25-Apr-19,15:40:21
25-Apr-19,15:40:21
25-Apr-19,15:40:21
25-Apr-19,15:40:26
25-Apr-19,15:40:26
25-Apr-19,15:40:26
25-Apr-19,15:40:31
25-Apr-19,15:40:31
25-Apr-19,15:40:31
25-Apr-19,15:40:36
25-Apr-19,15:40:36
25-Apr-19,15:40:36
25-Apr-19,15:40:41
25-Apr-19,15:40:41
25-Apr-19,15:40:41
25-Apr-19,15:40:46
25-Apr-19,15:40:46
25-Apr-19,15:40:46
25-Apr-19,15:40:51
25-Apr-19,15:40:51
25-Apr-19,15:40:51
25-Apr-19,15:40:56
25-Apr-19,15:40:56
25-Apr-19,15:40:56
25-Apr-19,15:41:01
25-Apr-19,15:41:01
25-Apr-19,15:41:01
25-Apr-19,15:41:06
25-Apr-19,15:41:06
25-Apr-19,15:41:06
25-Apr-19,15:41:11
25-Apr-19,15:41:11
25-Apr-19,15:41:11
25-Apr-19,15:41:16
25-Apr-19,15:41:16
25-Apr-19,15:41:16
25-Apr-19,15:41:21
25-Apr-19,15:41:21
25-Apr-19,15:41:21
25-Apr-19,15:41:26
25-Apr-19,15:41:26
25-Apr-19,15:41:26
25-Apr-19,15:41:31
25-Apr-19,15:41:31
25-Apr-19,15:41:31
25-Apr-19,15:41:36
25-Apr-19,15:41:36
25-Apr-19,15:41:36
25-Apr-19,15:41:41
25-Apr-19,15:41:41
25-Apr-19,15:41:42
25-Apr-19,15:41:46
25-Apr-19,15:41:46
25-Apr-19,15:41:47
25-Apr-19,15:41:51
25-Apr-19,15:41:51
25-Apr-19,15:41:52
25-Apr-19,15:41:56
25-Apr-19,15:41:56
25-Apr-19,15:41:57
25-Apr-19,15:42:02
25-Apr-19,15:42:06
25-Apr-19,15:42:06
25-Apr-19,15:42:07
25-Apr-19,15:42:11
25-Apr-19,15:42:11
25-Apr-19,15:42:12
25-Apr-19,15:42:16
25-Apr-19,15:42:16
25-Apr-19,15:42:17
25-Apr-19,15:42:21
25-Apr-19,15:42:21
25-Apr-19,15:42:22
25-Apr-19,15:42:26
25-Apr-19,15:42:26
25-Apr-19,15:42:27
25-Apr-19,15:42:31
25-Apr-19,15:42:31
25-Apr-19,15:42:32
25-Apr-19,15:42:36
25-Apr-19,15:42:36
25-Apr-19,15:42:37
25-Apr-19,15:42:41
25-Apr-19,15:42:41
25-Apr-19,15:42:42
25-Apr-19,15:42:46
25-Apr-19,15:42:46
25-Apr-19,15:42:47
25-Apr-19,15:42:51
25-Apr-19,15:42:51
25-Apr-19,15:42:52
25-Apr-19,15:42:56
25-Apr-19,15:42:56
25-Apr-19,15:42:57
25-Apr-19,15:43:01
25-Apr-19,15:43:01
25-Apr-19,15:43:02
25-Apr-19,15:43:06
25-Apr-19,15:43:06
25-Apr-19,15:43:07
25-Apr-19,15:43:11
25-Apr-19,15:43:11
25-Apr-19,15:43:12
25-Apr-19,15:43:16
25-Apr-19,15:43:16
25-Apr-19,15:43:17
25-Apr-19,15:43:21
25-Apr-19,15:43:21
25-Apr-19,15:43:22
25-Apr-19,15:43:26
25-Apr-19,15:43:26
25-Apr-19,15:43:27
25-Apr-19,15:43:31
25-Apr-19,15:43:31
25-Apr-19,15:43:36
25-Apr-19,15:43:36
25-Apr-19,15:43:37
25-Apr-19,15:43:41
25-Apr-19,15:43:41
25-Apr-19,15:43:42
25-Apr-19,15:43:46
25-Apr-19,15:43:46
25-Apr-19,15:43:47
25-Apr-19,15:43:51
25-Apr-19,15:43:56
25-Apr-19,15:43:57
25-Apr-19,15:43:57
25-Apr-19,15:44:01
25-Apr-19,15:44:02
25-Apr-19,15:44:02
25-Apr-19,15:44:07
25-Apr-19,15:44:07
25-Apr-19,15:44:07
25-Apr-19,15:44:12
25-Apr-19,15:44:12
25-Apr-19,15:44:12
25-Apr-19,15:44:17
25-Apr-19,15:44:17
25-Apr-19,15:44:17
25-Apr-19,15:44:22
25-Apr-19,15:44:22
25-Apr-19,15:44:22
25-Apr-19,15:44:27
25-Apr-19,15:44:27
25-Apr-19,15:44:27
25-Apr-19,15:44:32
25-Apr-19,15:44:32
25-Apr-19,15:44:32
25-Apr-19,15:44:37
25-Apr-19,15:44:37
25-Apr-19,15:44:37
25-Apr-19,15:44:42
25-Apr-19,15:44:42
25-Apr-19,15:44:42
25-Apr-19,15:44:47
25-Apr-19,15:44:47
25-Apr-19,15:44:47
25-Apr-19,15:44:52
25-Apr-19,15:44:52
25-Apr-19,15:44:52
25-Apr-19,15:44:57
25-Apr-19,15:44:57
25-Apr-19,15:44:57
25-Apr-19,15:45:02
25-Apr-19,15:45:02
25-Apr-19,15:45:02
25-Apr-19,15:45:07
25-Apr-19,15:45:07
25-Apr-19,15:45:07
25-Apr-19,15:45:12
25-Apr-19,15:45:12
25-Apr-19,15:45:12
25-Apr-19,15:45:17
25-Apr-19,15:45:17
25-Apr-19,15:45:17
25-Apr-19,15:45:22
25-Apr-19,15:45:22
25-Apr-19,15:45:22
25-Apr-19,15:45:27
25-Apr-19,15:45:27
25-Apr-19,15:45:27
25-Apr-19,15:45:32
25-Apr-19,15:45:32
25-Apr-19,15:45:32
25-Apr-19,15:45:37
25-Apr-19,15:45:37
25-Apr-19,15:45:37
25-Apr-19,15:45:42
25-Apr-19,15:45:42
25-Apr-19,15:45:42
25-Apr-19,15:45:47
25-Apr-19,15:45:47
25-Apr-19,15:45:47
25-Apr-19,15:45:52
25-Apr-19,15:45:52
25-Apr-19,15:45:52
25-Apr-19,15:45:57
25-Apr-19,15:45:57
25-Apr-19,15:45:57
25-Apr-19,15:46:02
25-Apr-19,15:46:02
25-Apr-19,15:46:02
25-Apr-19,15:46:07
25-Apr-19,15:46:07
25-Apr-19,15:46:07
25-Apr-19,15:46:12
25-Apr-19,15:46:12
25-Apr-19,15:46:12
25-Apr-19,15:46:17
25-Apr-19,15:46:17
25-Apr-19,15:46:17
25-Apr-19,15:46:22
25-Apr-19,15:46:22
25-Apr-19,15:46:22
25-Apr-19,15:46:27
25-Apr-19,15:46:27
25-Apr-19,15:46:27
25-Apr-19,15:46:32
25-Apr-19,15:46:32
25-Apr-19,15:46:32
25-Apr-19,15:46:37
25-Apr-19,15:46:37
25-Apr-19,15:46:42
25-Apr-19,15:46:42
25-Apr-19,15:46:43
25-Apr-19,15:46:47
25-Apr-19,15:46:47
25-Apr-19,15:46:48
25-Apr-19,15:46:52
25-Apr-19,15:46:52
25-Apr-19,15:46:53
25-Apr-19,15:46:57
25-Apr-19,15:46:57
25-Apr-19,15:46:58
25-Apr-19,15:47:02
25-Apr-19,15:47:02
25-Apr-19,15:47:03
25-Apr-19,15:47:07
25-Apr-19,15:47:07
25-Apr-19,15:47:08
25-Apr-19,15:47:12
25-Apr-19,15:47:12
25-Apr-19,15:47:13
25-Apr-19,15:47:17
25-Apr-19,15:47:17
25-Apr-19,15:47:18
25-Apr-19,15:47:22
25-Apr-19,15:47:22
25-Apr-19,15:47:23
25-Apr-19,15:47:27
25-Apr-19,15:47:27
25-Apr-19,15:47:32
25-Apr-19,15:47:32
25-Apr-19,15:47:33
25-Apr-19,15:47:37
25-Apr-19,15:47:37
25-Apr-19,15:47:38
25-Apr-19,15:47:42
25-Apr-19,15:47:42
25-Apr-19,15:47:43
25-Apr-19,15:47:47
25-Apr-19,15:47:47
25-Apr-19,15:47:48
25-Apr-19,15:47:52
25-Apr-19,15:47:52
25-Apr-19,15:47:53
25-Apr-19,15:47:58
25-Apr-19,15:47:58
25-Apr-19,15:47:58
25-Apr-19,15:48:03
25-Apr-19,15:48:03
25-Apr-19,15:48:03
25-Apr-19,15:48:08
25-Apr-19,15:48:08
25-Apr-19,15:48:08
25-Apr-19,15:48:13
25-Apr-19,15:48:13
25-Apr-19,15:48:13
25-Apr-19,15:48:18
25-Apr-19,15:48:18
25-Apr-19,15:48:18
25-Apr-19,15:48:23
25-Apr-19,15:48:23
25-Apr-19,15:48:23
25-Apr-19,15:48:28
25-Apr-19,15:48:28
25-Apr-19,15:48:28
25-Apr-19,15:48:33
25-Apr-19,15:48:33
25-Apr-19,15:48:33
25-Apr-19,15:48:38
25-Apr-19,15:48:38
25-Apr-19,15:48:38
25-Apr-19,15:48:43
25-Apr-19,15:48:43
25-Apr-19,15:48:43
25-Apr-19,15:48:48
25-Apr-19,15:48:48
25-Apr-19,15:48:48
25-Apr-19,15:48:53
25-Apr-19,15:48:53
25-Apr-19,15:48:53
25-Apr-19,15:48:58
25-Apr-19,15:48:58
25-Apr-19,15:48:58
25-Apr-19,15:49:03
25-Apr-19,15:49:03
25-Apr-19,15:49:03
25-Apr-19,15:49:08
25-Apr-19,15:49:08
25-Apr-19,15:49:08
25-Apr-19,15:49:13
25-Apr-19,15:49:13
25-Apr-19,15:49:13
25-Apr-19,15:49:18
25-Apr-19,15:49:18
25-Apr-19,15:49:18
25-Apr-19,15:49:23
25-Apr-19,15:49:23
25-Apr-19,15:49:23
25-Apr-19,15:49:28
25-Apr-19,15:49:28
25-Apr-19,15:49:28
25-Apr-19,15:49:33
25-Apr-19,15:49:33
25-Apr-19,15:49:33
25-Apr-19,15:49:38
25-Apr-19,15:49:38
25-Apr-19,15:49:38
25-Apr-19,15:49:43
25-Apr-19,15:49:43
25-Apr-19,15:49:43
25-Apr-19,15:49:53
25-Apr-19,15:49:53
25-Apr-19,15:49:53
25-Apr-19,15:49:58
25-Apr-19,15:49:58
25-Apr-19,15:49:58
25-Apr-19,15:50:03
25-Apr-19,15:50:03
25-Apr-19,15:50:03
25-Apr-19,15:50:08
25-Apr-19,15:50:08
25-Apr-19,15:50:08
25-Apr-19,15:50:13
25-Apr-19,15:50:13
25-Apr-19,15:50:13
25-Apr-19,15:50:18
25-Apr-19,15:50:18
25-Apr-19,15:50:18
25-Apr-19,15:50:23
25-Apr-19,15:50:23
25-Apr-19,15:50:23
25-Apr-19,15:50:28
25-Apr-19,15:50:28
25-Apr-19,15:50:28
25-Apr-19,15:50:33
25-Apr-19,15:50:33
25-Apr-19,15:50:33
25-Apr-19,15:50:38
25-Apr-19,15:50:38
25-Apr-19,15:50:38
25-Apr-19,15:50:43
25-Apr-19,15:50:43
25-Apr-19,15:50:44
25-Apr-19,15:50:48
25-Apr-19,15:50:48
25-Apr-19,15:50:49
25-Apr-19,15:50:53
25-Apr-19,15:50:53
25-Apr-19,15:50:54
25-Apr-19,15:50:58
25-Apr-19,15:50:58
25-Apr-19,15:50:59
25-Apr-19,15:51:03
25-Apr-19,15:51:03
25-Apr-19,15:51:04
25-Apr-19,15:51:08
25-Apr-19,15:51:08
25-Apr-19,15:51:09
25-Apr-19,15:51:13
25-Apr-19,15:51:13
25-Apr-19,15:51:14
25-Apr-19,15:51:18
25-Apr-19,15:51:18
25-Apr-19,15:51:19
25-Apr-19,15:51:23
25-Apr-19,15:51:23
25-Apr-19,15:51:24
25-Apr-19,15:51:28
25-Apr-19,15:51:28
25-Apr-19,15:51:29
25-Apr-19,15:51:34
25-Apr-19,15:51:38
25-Apr-19,15:51:38
25-Apr-19,15:51:39
25-Apr-19,15:51:43
25-Apr-19,15:51:43
25-Apr-19,15:51:44
25-Apr-19,15:51:48
25-Apr-19,15:51:48
25-Apr-19,15:51:49
25-Apr-19,15:51:53
25-Apr-19,15:51:53
25-Apr-19,15:51:54
25-Apr-19,15:51:58
25-Apr-19,15:51:58
25-Apr-19,15:51:59
25-Apr-19,15:52:03
25-Apr-19,15:52:03
25-Apr-19,15:52:04
25-Apr-19,15:52:08
25-Apr-19,15:52:08
25-Apr-19,15:52:09
25-Apr-19,15:52:13
25-Apr-19,15:52:13
25-Apr-19,15:52:14
25-Apr-19,15:52:23
25-Apr-19,15:52:23
25-Apr-19,15:52:24
25-Apr-19,15:52:28
25-Apr-19,15:52:28
25-Apr-19,15:52:29
25-Apr-19,15:52:33
25-Apr-19,15:52:33
25-Apr-19,15:52:34
25-Apr-19,15:52:39
25-Apr-19,15:52:39
25-Apr-19,15:52:39
25-Apr-19,15:52:44
25-Apr-19,15:52:44
25-Apr-19,15:52:44
25-Apr-19,15:52:49
25-Apr-19,15:52:49
25-Apr-19,15:52:49
25-Apr-19,15:52:54
25-Apr-19,15:52:54
25-Apr-19,15:52:54
25-Apr-19,15:52:59
25-Apr-19,15:52:59
25-Apr-19,15:52:59
25-Apr-19,15:53:04
25-Apr-19,15:53:04
25-Apr-19,15:53:04
25-Apr-19,15:53:09
25-Apr-19,15:53:09
25-Apr-19,15:53:09
25-Apr-19,15:53:14
25-Apr-19,15:53:14
25-Apr-19,15:53:14
25-Apr-19,15:53:19
25-Apr-19,15:53:19
25-Apr-19,15:53:19
25-Apr-19,15:53:24
25-Apr-19,15:53:24
25-Apr-19,15:53:24
25-Apr-19,15:53:29
25-Apr-19,15:53:29
25-Apr-19,15:53:29
25-Apr-19,15:53:34
25-Apr-19,15:53:34
25-Apr-19,15:53:34
25-Apr-19,15:53:39
25-Apr-19,15:53:39
25-Apr-19,15:53:39
25-Apr-19,15:53:44
25-Apr-19,15:53:44
25-Apr-19,15:53:44
25-Apr-19,15:53:49
25-Apr-19,15:53:49
25-Apr-19,15:53:49
25-Apr-19,15:53:54
25-Apr-19,15:53:54
25-Apr-19,15:53:54
25-Apr-19,15:53:59
25-Apr-19,15:53:59
25-Apr-19,15:53:59
25-Apr-19,15:54:04
25-Apr-19,15:54:04
25-Apr-19,15:54:04
25-Apr-19,15:54:09
25-Apr-19,15:54:09
25-Apr-19,15:54:09
25-Apr-19,15:54:14
25-Apr-19,15:54:14
25-Apr-19,15:54:14
25-Apr-19,15:54:19
25-Apr-19,15:54:19
25-Apr-19,15:54:19
25-Apr-19,15:54:29
25-Apr-19,15:54:29
25-Apr-19,15:54:29
25-Apr-19,15:54:34
25-Apr-19,15:54:34
25-Apr-19,15:54:34
25-Apr-19,15:54:39
25-Apr-19,15:54:39
25-Apr-19,15:54:39
25-Apr-19,15:54:44
25-Apr-19,15:54:44
25-Apr-19,15:54:44
25-Apr-19,15:54:49
25-Apr-19,15:54:49
25-Apr-19,15:54:49
25-Apr-19,15:54:54
25-Apr-19,15:54:54
25-Apr-19,15:54:54
25-Apr-19,15:54:59
25-Apr-19,15:54:59
25-Apr-19,15:54:59
25-Apr-19,15:55:04
25-Apr-19,15:55:04
25-Apr-19,15:55:04
25-Apr-19,15:55:09
25-Apr-19,15:55:09
25-Apr-19,15:55:09
25-Apr-19,15:55:14
25-Apr-19,15:55:14
25-Apr-19,15:55:14
25-Apr-19,15:55:19
25-Apr-19,15:55:19
25-Apr-19,15:55:19
25-Apr-19,15:55:24
25-Apr-19,15:55:24
25-Apr-19,15:55:24
25-Apr-19,15:55:29
25-Apr-19,15:55:29
25-Apr-19,15:55:29
25-Apr-19,15:55:34
25-Apr-19,15:55:34
25-Apr-19,15:55:34
25-Apr-19,15:55:39
25-Apr-19,15:55:39
25-Apr-19,15:55:39
25-Apr-19,15:55:44
25-Apr-19,15:55:44
25-Apr-19,15:55:44
25-Apr-19,15:55:49
25-Apr-19,15:55:49
25-Apr-19,15:55:49
25-Apr-19,15:55:54
25-Apr-19,15:55:54
25-Apr-19,15:55:54
25-Apr-19,15:55:59
25-Apr-19,15:55:59
25-Apr-19,15:55:59
25-Apr-19,15:56:04
25-Apr-19,15:56:04
25-Apr-19,15:56:04
25-Apr-19,15:56:09
25-Apr-19,15:56:09
25-Apr-19,15:56:09
25-Apr-19,15:56:14
25-Apr-19,15:56:14
25-Apr-19,15:56:14
25-Apr-19,15:56:19
25-Apr-19,15:56:19
25-Apr-19,15:56:19
25-Apr-19,15:56:24
25-Apr-19,15:56:24
25-Apr-19,15:56:24
25-Apr-19,15:56:29
25-Apr-19,15:56:29
25-Apr-19,15:56:29
25-Apr-19,15:56:34
25-Apr-19,15:56:34
25-Apr-19,15:56:34
25-Apr-19,15:56:39
25-Apr-19,15:56:39
25-Apr-19,15:56:39
25-Apr-19,15:56:44
25-Apr-19,15:56:44
25-Apr-19,15:56:44
25-Apr-19,15:56:49
25-Apr-19,15:56:49
25-Apr-19,15:56:49
25-Apr-19,15:56:54
25-Apr-19,15:56:54
25-Apr-19,15:56:54
25-Apr-19,15:56:59
25-Apr-19,15:56:59
25-Apr-19,15:56:59
25-Apr-19,15:57:04
25-Apr-19,15:57:04
25-Apr-19,15:57:04
25-Apr-19,15:57:10
25-Apr-19,15:57:10
25-Apr-19,15:57:10
25-Apr-19,15:57:15
25-Apr-19,15:57:15
25-Apr-19,15:57:15
25-Apr-19,15:57:20
25-Apr-19,15:57:20
25-Apr-19,15:57:20
25-Apr-19,15:57:25
25-Apr-19,15:57:25
25-Apr-19,15:57:25
25-Apr-19,15:57:30
25-Apr-19,15:57:30
25-Apr-19,15:57:30
25-Apr-19,15:57:35
25-Apr-19,15:57:35
25-Apr-19,15:57:35
25-Apr-19,15:57:40
25-Apr-19,15:57:40
25-Apr-19,15:57:40
25-Apr-19,15:57:45
25-Apr-19,15:57:45
25-Apr-19,15:57:45
25-Apr-19,15:57:50
25-Apr-19,15:57:50
25-Apr-19,15:57:50
25-Apr-19,15:57:55
25-Apr-19,15:57:55
25-Apr-19,15:57:55
25-Apr-19,15:58:00
25-Apr-19,15:58:00
25-Apr-19,15:58:00
25-Apr-19,15:58:05
25-Apr-19,15:58:05
25-Apr-19,15:58:05
25-Apr-19,15:58:10
25-Apr-19,15:58:10
25-Apr-19,15:58:10
25-Apr-19,15:58:15
25-Apr-19,15:58:15
25-Apr-19,15:58:15
25-Apr-19,15:58:20
25-Apr-19,15:58:20
25-Apr-19,15:58:20
25-Apr-19,15:58:25
25-Apr-19,15:58:25
25-Apr-19,15:58:25
25-Apr-19,15:58:30
25-Apr-19,15:58:30
25-Apr-19,15:58:30
25-Apr-19,15:58:40
25-Apr-19,15:58:40
25-Apr-19,15:58:40
25-Apr-19,15:58:45
25-Apr-19,15:58:45
25-Apr-19,15:58:45
25-Apr-19,15:58:50
25-Apr-19,15:58:50
25-Apr-19,15:58:50
25-Apr-19,15:58:55
25-Apr-19,15:58:55
25-Apr-19,15:58:55
25-Apr-19,15:59:00
25-Apr-19,15:59:00
25-Apr-19,15:59:00
25-Apr-19,15:59:05
25-Apr-19,15:59:05
25-Apr-19,15:59:05
25-Apr-19,15:59:10
25-Apr-19,15:59:10
25-Apr-19,15:59:10
25-Apr-19,15:59:15
25-Apr-19,15:59:15
25-Apr-19,15:59:15
25-Apr-19,15:59:20
25-Apr-19,15:59:20
25-Apr-19,15:59:20
25-Apr-19,15:59:25
25-Apr-19,15:59:25
25-Apr-19,15:59:25
25-Apr-19,15:59:30
25-Apr-19,15:59:30
25-Apr-19,15:59:30
25-Apr-19,15:59:35
25-Apr-19,15:59:35
25-Apr-19,15:59:35
25-Apr-19,15:59:40
25-Apr-19,15:59:40
25-Apr-19,15:59:40
25-Apr-19,15:59:45
25-Apr-19,15:59:45
25-Apr-19,15:59:45
25-Apr-19,15:59:50
25-Apr-19,15:59:50
25-Apr-19,15:59:50
25-Apr-19,15:59:55
25-Apr-19,15:59:55
25-Apr-19,15:59:55
25-Apr-19,16:00:00
25-Apr-19,16:00:00
25-Apr-19,16:00:00
25-Apr-19,16:00:05
25-Apr-19,16:00:05
25-Apr-19,16:00:05
25-Apr-19,16:00:10
25-Apr-19,16:00:10
25-Apr-19,16:00:10
25-Apr-19,16:00:15
25-Apr-19,16:00:15
25-Apr-19,16:00:15
25-Apr-19,16:00:20
25-Apr-19,16:00:20
25-Apr-19,16:00:20
25-Apr-19,16:00:25
25-Apr-19,16:00:25
25-Apr-19,16:00:25
25-Apr-19,16:00:30
25-Apr-19,16:00:30
25-Apr-19,16:00:30
25-Apr-19,16:00:35
25-Apr-19,16:00:35
25-Apr-19,16:00:35
25-Apr-19,16:00:40
25-Apr-19,16:00:40
25-Apr-19,16:00:40
25-Apr-19,16:00:45
25-Apr-19,16:00:45
25-Apr-19,16:00:45
25-Apr-19,16:00:50
25-Apr-19,16:00:50
25-Apr-19,16:00:50
25-Apr-19,16:00:56
25-Apr-19,16:00:56
25-Apr-19,16:00:56
25-Apr-19,16:01:01
25-Apr-19,16:01:01
25-Apr-19,16:01:01
25-Apr-19,16:01:06
25-Apr-19,16:01:06
25-Apr-19,16:01:06
25-Apr-19,16:01:11
25-Apr-19,16:01:11
25-Apr-19,16:01:11
25-Apr-19,16:01:16
25-Apr-19,16:01:16
25-Apr-19,16:01:16
25-Apr-19,16:01:21
25-Apr-19,16:01:21
25-Apr-19,16:01:21
25-Apr-19,16:01:26
25-Apr-19,16:01:26
25-Apr-19,16:01:26
25-Apr-19,16:01:31
25-Apr-19,16:01:31
25-Apr-19,16:01:31
25-Apr-19,16:01:36
25-Apr-19,16:01:36
25-Apr-19,16:01:36
25-Apr-19,16:01:41
25-Apr-19,16:01:41
25-Apr-19,16:01:41
25-Apr-19,16:01:46
25-Apr-19,16:01:46
25-Apr-19,16:01:46
25-Apr-19,16:01:51
25-Apr-19,16:01:51
25-Apr-19,16:01:51
25-Apr-19,16:01:56
25-Apr-19,16:01:56
25-Apr-19,16:01:56
25-Apr-19,16:02:01
25-Apr-19,16:02:01
25-Apr-19,16:02:01
25-Apr-19,16:02:06
25-Apr-19,16:02:06
25-Apr-19,16:02:06
25-Apr-19,16:02:11
25-Apr-19,16:02:11
25-Apr-19,16:02:11
25-Apr-19,16:02:16
25-Apr-19,16:02:16
25-Apr-19,16:02:16
25-Apr-19,16:02:21
25-Apr-19,16:02:21
25-Apr-19,16:02:21
25-Apr-19,16:02:26
25-Apr-19,16:02:26
25-Apr-19,16:02:26
25-Apr-19,16:02:31
25-Apr-19,16:02:31
25-Apr-19,16:02:31
25-Apr-19,16:02:36
25-Apr-19,16:02:36
25-Apr-19,16:02:36
25-Apr-19,16:02:41
25-Apr-19,16:02:41
25-Apr-19,16:02:41
25-Apr-19,16:02:46
25-Apr-19,16:02:46
25-Apr-19,16:02:46
25-Apr-19,16:02:51
25-Apr-19,16:02:51
25-Apr-19,16:02:51
25-Apr-19,16:02:56
25-Apr-19,16:02:56
25-Apr-19,16:02:56
25-Apr-19,16:03:01
25-Apr-19,16:03:01
25-Apr-19,16:03:01
25-Apr-19,16:03:06
25-Apr-19,16:03:06
25-Apr-19,16:03:06
25-Apr-19,16:03:11
25-Apr-19,16:03:11
25-Apr-19,16:03:11
25-Apr-19,16:03:16
25-Apr-19,16:03:16
25-Apr-19,16:03:16
25-Apr-19,16:03:21
25-Apr-19,16:03:21
25-Apr-19,16:03:21
25-Apr-19,16:03:26
25-Apr-19,16:03:26
25-Apr-19,16:03:26
25-Apr-19,16:03:31
25-Apr-19,16:03:31
25-Apr-19,16:03:31
25-Apr-19,16:03:36
25-Apr-19,16:03:36
25-Apr-19,16:03:36
25-Apr-19,16:03:41
25-Apr-19,16:03:41
25-Apr-19,16:03:41
25-Apr-19,16:03:46
25-Apr-19,16:03:46
25-Apr-19,16:03:46
25-Apr-19,16:03:51
25-Apr-19,16:03:51
25-Apr-19,16:03:51
25-Apr-19,16:03:56
25-Apr-19,16:03:56
25-Apr-19,16:03:56
25-Apr-19,16:04:01
25-Apr-19,16:04:01
25-Apr-19,16:04:01
25-Apr-19,16:04:06
25-Apr-19,16:04:06
25-Apr-19,16:04:06
25-Apr-19,16:04:11
25-Apr-19,16:04:11
25-Apr-19,16:04:11
25-Apr-19,16:04:16
25-Apr-19,16:04:16
25-Apr-19,16:04:16
25-Apr-19,16:04:21
25-Apr-19,16:04:21
25-Apr-19,16:04:21
25-Apr-19,16:04:26
25-Apr-19,16:04:26
25-Apr-19,16:04:26
25-Apr-19,16:04:31
25-Apr-19,16:04:31
25-Apr-19,16:04:31
25-Apr-19,16:04:36
25-Apr-19,16:04:36
25-Apr-19,16:04:36
25-Apr-19,16:04:41
25-Apr-19,16:04:41
25-Apr-19,16:04:41
25-Apr-19,16:04:46
25-Apr-19,16:04:46
25-Apr-19,16:04:46
25-Apr-19,16:04:51
25-Apr-19,16:04:51
25-Apr-19,16:04:51
25-Apr-19,16:04:56
25-Apr-19,16:04:56
25-Apr-19,16:04:56
25-Apr-19,16:05:01
25-Apr-19,16:05:01
25-Apr-19,16:05:01
25-Apr-19,16:05:06
25-Apr-19,16:05:06
25-Apr-19,16:05:06
25-Apr-19,16:05:11
25-Apr-19,16:05:11
25-Apr-19,16:05:11
25-Apr-19,16:05:21
25-Apr-19,16:05:21
25-Apr-19,16:05:21
25-Apr-19,16:05:26
25-Apr-19,16:05:26
25-Apr-19,16:05:26
25-Apr-19,16:05:31
25-Apr-19,16:05:31
25-Apr-19,16:05:31
25-Apr-19,16:05:36
25-Apr-19,16:05:37
25-Apr-19,16:05:37
25-Apr-19,16:05:41
25-Apr-19,16:05:42
25-Apr-19,16:05:42
25-Apr-19,16:05:52
25-Apr-19,16:05:52
25-Apr-19,16:05:52
25-Apr-19,16:05:57
25-Apr-19,16:05:57
25-Apr-19,16:05:57
25-Apr-19,16:06:02
25-Apr-19,16:06:02
25-Apr-19,16:06:02
25-Apr-19,16:06:07
25-Apr-19,16:06:07
25-Apr-19,16:06:07
25-Apr-19,16:06:12
25-Apr-19,16:06:12
25-Apr-19,16:06:12
25-Apr-19,16:06:17
25-Apr-19,16:06:17
25-Apr-19,16:06:17
25-Apr-19,16:06:22
25-Apr-19,16:06:22
25-Apr-19,16:06:22
25-Apr-19,16:06:27
25-Apr-19,16:06:27
25-Apr-19,16:06:27
25-Apr-19,16:06:32
25-Apr-19,16:06:32
25-Apr-19,16:06:32
25-Apr-19,16:06:37
25-Apr-19,16:06:37
25-Apr-19,16:06:37
25-Apr-19,16:06:42
25-Apr-19,16:06:42
25-Apr-19,16:06:42
25-Apr-19,16:06:47
25-Apr-19,16:06:47
25-Apr-19,16:06:47
25-Apr-19,16:06:52
25-Apr-19,16:06:52
25-Apr-19,16:06:52
25-Apr-19,16:06:57
25-Apr-19,16:06:57
25-Apr-19,16:06:57
25-Apr-19,16:07:02
25-Apr-19,16:07:02
25-Apr-19,16:07:02
25-Apr-19,16:07:07
25-Apr-19,16:07:07
25-Apr-19,16:07:07
25-Apr-19,16:07:12
25-Apr-19,16:07:12
25-Apr-19,16:07:12
25-Apr-19,16:07:17
25-Apr-19,16:07:17
25-Apr-19,16:07:17
25-Apr-19,16:07:22
25-Apr-19,16:07:22
25-Apr-19,16:07:22
25-Apr-19,16:07:27
25-Apr-19,16:07:27
25-Apr-19,16:07:27
25-Apr-19,16:07:32
25-Apr-19,16:07:32
25-Apr-19,16:07:32
25-Apr-19,16:07:37
25-Apr-19,16:07:37
25-Apr-19,16:07:37
25-Apr-19,16:07:42
25-Apr-19,16:07:42
25-Apr-19,16:07:42
25-Apr-19,16:07:47
25-Apr-19,16:07:47
25-Apr-19,16:07:47
25-Apr-19,16:07:52
25-Apr-19,16:07:52
25-Apr-19,16:07:52
25-Apr-19,16:07:57
25-Apr-19,16:07:57
25-Apr-19,16:07:57
25-Apr-19,16:08:02
25-Apr-19,16:08:02
25-Apr-19,16:08:02
25-Apr-19,16:08:07
25-Apr-19,16:08:07
25-Apr-19,16:08:07
25-Apr-19,16:08:12
25-Apr-19,16:08:12
25-Apr-19,16:08:12
25-Apr-19,16:08:17
25-Apr-19,16:08:17
25-Apr-19,16:08:17
25-Apr-19,16:08:22
25-Apr-19,16:08:22
25-Apr-19,16:08:22
25-Apr-19,16:08:27
25-Apr-19,16:08:27
25-Apr-19,16:08:27
25-Apr-19,16:08:32
25-Apr-19,16:08:32
25-Apr-19,16:08:32
25-Apr-19,16:08:42
25-Apr-19,16:08:42
25-Apr-19,16:08:42
25-Apr-19,16:08:47
25-Apr-19,16:08:47
25-Apr-19,16:08:47
25-Apr-19,16:08:57
25-Apr-19,16:08:57
25-Apr-19,16:08:57
25-Apr-19,16:09:02
25-Apr-19,16:09:02
25-Apr-19,16:09:02
25-Apr-19,16:09:07
25-Apr-19,16:09:07
25-Apr-19,16:09:07
25-Apr-19,16:09:12
25-Apr-19,16:09:12
25-Apr-19,16:09:12
25-Apr-19,16:09:17
25-Apr-19,16:09:17
25-Apr-19,16:09:17
25-Apr-19,16:09:22
25-Apr-19,16:09:22
25-Apr-19,16:09:22
25-Apr-19,16:09:27
25-Apr-19,16:09:27
25-Apr-19,16:09:27
25-Apr-19,16:09:32
25-Apr-19,16:09:32
25-Apr-19,16:09:32
25-Apr-19,16:09:37
25-Apr-19,16:09:37
25-Apr-19,16:09:37
25-Apr-19,16:09:42
25-Apr-19,16:09:42
25-Apr-19,16:09:42
25-Apr-19,16:09:47
25-Apr-19,16:09:47
25-Apr-19,16:09:47
25-Apr-19,16:09:52
25-Apr-19,16:09:52
25-Apr-19,16:09:52
25-Apr-19,16:09:57
25-Apr-19,16:09:57
25-Apr-19,16:09:57
25-Apr-19,16:10:02
25-Apr-19,16:10:02
25-Apr-19,16:10:02
25-Apr-19,16:10:07
25-Apr-19,16:10:07
25-Apr-19,16:10:07
25-Apr-19,16:10:12
25-Apr-19,16:10:12
25-Apr-19,16:10:12
25-Apr-19,16:10:17
25-Apr-19,16:10:18
25-Apr-19,16:10:18
25-Apr-19,16:10:22
25-Apr-19,16:10:23
25-Apr-19,16:10:23
25-Apr-19,16:10:27
25-Apr-19,16:10:28
25-Apr-19,16:10:28
25-Apr-19,16:10:32
25-Apr-19,16:10:33
25-Apr-19,16:10:33
25-Apr-19,16:10:37
25-Apr-19,16:10:38
25-Apr-19,16:10:38
25-Apr-19,16:10:42
25-Apr-19,16:10:43
25-Apr-19,16:10:43
25-Apr-19,16:10:47
25-Apr-19,16:10:48
25-Apr-19,16:10:48
25-Apr-19,16:10:53
25-Apr-19,16:10:53
25-Apr-19,16:10:53
25-Apr-19,16:10:58
25-Apr-19,16:10:58
25-Apr-19,16:10:58
25-Apr-19,16:11:03
25-Apr-19,16:11:03
25-Apr-19,16:11:03
25-Apr-19,16:11:08
25-Apr-19,16:11:08
25-Apr-19,16:11:08
25-Apr-19,16:11:13
25-Apr-19,16:11:13
25-Apr-19,16:11:13
25-Apr-19,16:11:23
25-Apr-19,16:11:23
25-Apr-19,16:11:23
25-Apr-19,16:11:28
25-Apr-19,16:11:28
25-Apr-19,16:11:28
25-Apr-19,16:11:33
25-Apr-19,16:11:33
25-Apr-19,16:11:33
25-Apr-19,16:11:38
25-Apr-19,16:11:38
25-Apr-19,16:11:38
25-Apr-19,16:11:43
25-Apr-19,16:11:43
25-Apr-19,16:11:43
25-Apr-19,16:11:48
25-Apr-19,16:11:48
25-Apr-19,16:11:48
25-Apr-19,16:11:53
25-Apr-19,16:11:53
25-Apr-19,16:11:53
25-Apr-19,16:11:58
25-Apr-19,16:11:58
25-Apr-19,16:11:58
25-Apr-19,16:12:03
25-Apr-19,16:12:03
25-Apr-19,16:12:03
25-Apr-19,16:12:08
25-Apr-19,16:12:08
25-Apr-19,16:12:08
25-Apr-19,16:12:13
25-Apr-19,16:12:13
25-Apr-19,16:12:13
25-Apr-19,16:12:18
25-Apr-19,16:12:18
25-Apr-19,16:12:18
25-Apr-19,16:12:23
25-Apr-19,16:12:23
25-Apr-19,16:12:23
25-Apr-19,16:12:28
25-Apr-19,16:12:28
25-Apr-19,16:12:28
25-Apr-19,16:12:33
25-Apr-19,16:12:33
25-Apr-19,16:12:33
25-Apr-19,16:12:38
25-Apr-19,16:12:38
25-Apr-19,16:12:38
25-Apr-19,16:12:43
25-Apr-19,16:12:43
25-Apr-19,16:12:43
25-Apr-19,16:12:48
25-Apr-19,16:12:48
25-Apr-19,16:12:48
25-Apr-19,16:12:53
25-Apr-19,16:12:53
25-Apr-19,16:12:53
25-Apr-19,16:12:58
25-Apr-19,16:12:58
25-Apr-19,16:12:58
25-Apr-19,16:13:03
25-Apr-19,16:13:03
25-Apr-19,16:13:03
25-Apr-19,16:13:08
25-Apr-19,16:13:08
25-Apr-19,16:13:08
25-Apr-19,16:13:13
25-Apr-19,16:13:13
25-Apr-19,16:13:13
25-Apr-19,16:13:18
25-Apr-19,16:13:18
25-Apr-19,16:13:18
25-Apr-19,16:13:23
25-Apr-19,16:13:23
25-Apr-19,16:13:23
25-Apr-19,16:13:28
25-Apr-19,16:13:28
25-Apr-19,16:13:28
25-Apr-19,16:13:33
25-Apr-19,16:13:33
25-Apr-19,16:13:33
25-Apr-19,16:13:38
25-Apr-19,16:13:38
25-Apr-19,16:13:38
25-Apr-19,16:13:43
25-Apr-19,16:13:43
25-Apr-19,16:13:43
25-Apr-19,16:13:48
25-Apr-19,16:13:48
25-Apr-19,16:13:48
25-Apr-19,16:13:53
25-Apr-19,16:13:53
25-Apr-19,16:13:53
25-Apr-19,16:13:58
25-Apr-19,16:13:58
25-Apr-19,16:13:58
25-Apr-19,16:14:03
25-Apr-19,16:14:03
25-Apr-19,16:14:03
25-Apr-19,16:14:08
25-Apr-19,16:14:08
25-Apr-19,16:14:08
25-Apr-19,16:14:13
25-Apr-19,16:14:14
25-Apr-19,16:14:14
25-Apr-19,16:14:19
25-Apr-19,16:14:19
25-Apr-19,16:14:24
25-Apr-19,16:14:24
25-Apr-19,16:14:28
25-Apr-19,16:14:29
25-Apr-19,16:14:29
25-Apr-19,16:14:33
25-Apr-19,16:14:34
25-Apr-19,16:14:34
25-Apr-19,16:14:38
25-Apr-19,16:14:39
25-Apr-19,16:14:39
25-Apr-19,16:14:43
25-Apr-19,16:14:44
25-Apr-19,16:14:44
25-Apr-19,16:14:48
25-Apr-19,16:14:49
25-Apr-19,16:14:49
25-Apr-19,16:14:53
25-Apr-19,16:14:54
25-Apr-19,16:14:54
25-Apr-19,16:14:58
25-Apr-19,16:14:59
25-Apr-19,16:14:59
25-Apr-19,16:15:03
25-Apr-19,16:15:04
25-Apr-19,16:15:04
25-Apr-19,16:15:09
25-Apr-19,16:15:09
25-Apr-19,16:15:09
25-Apr-19,16:15:14
25-Apr-19,16:15:14
25-Apr-19,16:15:14
25-Apr-19,16:15:19
25-Apr-19,16:15:19
25-Apr-19,16:15:19
25-Apr-19,16:15:24
25-Apr-19,16:15:24
25-Apr-19,16:15:24
25-Apr-19,16:15:29
25-Apr-19,16:15:29
25-Apr-19,16:15:29
25-Apr-19,16:15:34
25-Apr-19,16:15:34
25-Apr-19,16:15:34
25-Apr-19,16:15:39
25-Apr-19,16:15:39
25-Apr-19,16:15:39
25-Apr-19,16:15:44
25-Apr-19,16:15:44
25-Apr-19,16:15:44
25-Apr-19,16:15:49
25-Apr-19,16:15:49
25-Apr-19,16:15:49
25-Apr-19,16:15:54
25-Apr-19,16:15:54
25-Apr-19,16:15:54
25-Apr-19,16:15:59
25-Apr-19,16:15:59
25-Apr-19,16:15:59
25-Apr-19,16:16:04
25-Apr-19,16:16:04
25-Apr-19,16:16:04
25-Apr-19,16:16:09
25-Apr-19,16:16:09
25-Apr-19,16:16:09
25-Apr-19,16:16:14
25-Apr-19,16:16:14
25-Apr-19,16:16:14
25-Apr-19,16:16:19
25-Apr-19,16:16:19
25-Apr-19,16:16:19
25-Apr-19,16:16:24
25-Apr-19,16:16:24
25-Apr-19,16:16:24
25-Apr-19,16:16:29
25-Apr-19,16:16:29
25-Apr-19,16:16:29
25-Apr-19,16:16:34
25-Apr-19,16:16:34
25-Apr-19,16:16:34
25-Apr-19,16:16:39
25-Apr-19,16:16:39
25-Apr-19,16:16:39
25-Apr-19,16:16:44
25-Apr-19,16:16:44
25-Apr-19,16:16:44
25-Apr-19,16:16:49
25-Apr-19,16:16:49
25-Apr-19,16:16:49
25-Apr-19,16:16:54
25-Apr-19,16:16:54
25-Apr-19,16:16:54
25-Apr-19,16:16:59
25-Apr-19,16:16:59
25-Apr-19,16:16:59
25-Apr-19,16:17:04
25-Apr-19,16:17:04
25-Apr-19,16:17:04
25-Apr-19,16:17:09
25-Apr-19,16:17:09
25-Apr-19,16:17:09
25-Apr-19,16:17:14
25-Apr-19,16:17:14
25-Apr-19,16:17:14
25-Apr-19,16:17:19
25-Apr-19,16:17:19
25-Apr-19,16:17:19
25-Apr-19,16:17:24
25-Apr-19,16:17:24
25-Apr-19,16:17:24
25-Apr-19,16:17:29
25-Apr-19,16:17:29
25-Apr-19,16:17:29
25-Apr-19,16:17:34
25-Apr-19,16:17:34
25-Apr-19,16:17:34
25-Apr-19,16:17:44
25-Apr-19,16:17:44
25-Apr-19,16:17:44
25-Apr-19,16:17:54
25-Apr-19,16:17:54
25-Apr-19,16:17:54
25-Apr-19,16:17:59
25-Apr-19,16:17:59
25-Apr-19,16:17:59
25-Apr-19,16:18:04
25-Apr-19,16:18:04
25-Apr-19,16:18:04
25-Apr-19,16:18:09
25-Apr-19,16:18:09
25-Apr-19,16:18:09
25-Apr-19,16:18:14
25-Apr-19,16:18:14
25-Apr-19,16:18:14
25-Apr-19,16:18:24
25-Apr-19,16:18:24
25-Apr-19,16:18:24
25-Apr-19,16:18:29
25-Apr-19,16:18:29
25-Apr-19,16:18:29
25-Apr-19,16:18:34
25-Apr-19,16:18:34
25-Apr-19,16:18:34
25-Apr-19,16:18:39
25-Apr-19,16:18:40
25-Apr-19,16:18:40
25-Apr-19,16:18:44
25-Apr-19,16:18:45
25-Apr-19,16:18:45
25-Apr-19,16:18:50
25-Apr-19,16:18:50
25-Apr-19,16:18:54
25-Apr-19,16:18:59
25-Apr-19,16:19:00
25-Apr-19,16:19:00
25-Apr-19,16:19:04
25-Apr-19,16:19:05
25-Apr-19,16:19:05
25-Apr-19,16:19:09
25-Apr-19,16:19:10
25-Apr-19,16:19:10
25-Apr-19,16:19:14
25-Apr-19,16:19:15
25-Apr-19,16:19:15
25-Apr-19,16:19:20
25-Apr-19,16:19:20
25-Apr-19,16:19:24
25-Apr-19,16:19:29
25-Apr-19,16:19:30
25-Apr-19,16:19:30
25-Apr-19,16:19:34
25-Apr-19,16:19:35
25-Apr-19,16:19:35
25-Apr-19,16:19:39
25-Apr-19,16:19:40
25-Apr-19,16:19:40
25-Apr-19,16:19:45
25-Apr-19,16:19:45
25-Apr-19,16:19:45
25-Apr-19,16:20:00
25-Apr-19,16:20:00
25-Apr-19,16:20:00
25-Apr-19,16:20:05
25-Apr-19,16:20:05
25-Apr-19,16:20:05
25-Apr-19,16:20:10
25-Apr-19,16:20:10
25-Apr-19,16:20:10
25-Apr-19,16:20:15
25-Apr-19,16:20:15
25-Apr-19,16:20:15
25-Apr-19,16:20:20
25-Apr-19,16:20:20
25-Apr-19,16:20:20
25-Apr-19,16:20:30
25-Apr-19,16:20:30
25-Apr-19,16:20:30
25-Apr-19,16:20:35
25-Apr-19,16:20:35
25-Apr-19,16:20:35
25-Apr-19,16:20:40
25-Apr-19,16:20:40
25-Apr-19,16:20:40
25-Apr-19,16:20:45
25-Apr-19,16:20:45
25-Apr-19,16:20:45
25-Apr-19,16:20:50
25-Apr-19,16:20:50
25-Apr-19,16:20:50
25-Apr-19,16:21:00
25-Apr-19,16:21:00
25-Apr-19,16:21:00
25-Apr-19,16:21:05
25-Apr-19,16:21:05
25-Apr-19,16:21:05
25-Apr-19,16:21:10
25-Apr-19,16:21:10
25-Apr-19,16:21:10
25-Apr-19,16:21:15
25-Apr-19,16:21:15
25-Apr-19,16:21:15
25-Apr-19,16:21:20
25-Apr-19,16:21:20
25-Apr-19,16:21:20
25-Apr-19,16:21:30
25-Apr-19,16:21:30
25-Apr-19,16:21:30
25-Apr-19,16:21:35
25-Apr-19,16:21:35
25-Apr-19,16:21:35
25-Apr-19,16:21:40
25-Apr-19,16:21:40
25-Apr-19,16:21:40
25-Apr-19,16:21:45
25-Apr-19,16:21:45
25-Apr-19,16:21:45
25-Apr-19,16:21:50
25-Apr-19,16:21:50
25-Apr-19,16:21:50
25-Apr-19,16:22:00
25-Apr-19,16:22:00
25-Apr-19,16:22:00
25-Apr-19,16:22:05
25-Apr-19,16:22:05
25-Apr-19,16:22:05
25-Apr-19,16:22:10
25-Apr-19,16:22:10
25-Apr-19,16:22:10
25-Apr-19,16:22:15
25-Apr-19,16:22:15
25-Apr-19,16:22:15
25-Apr-19,16:22:20
25-Apr-19,16:22:20
25-Apr-19,16:22:20
25-Apr-19,16:22:30
25-Apr-19,16:22:30
25-Apr-19,16:22:30
25-Apr-19,16:22:35
25-Apr-19,16:22:35
25-Apr-19,16:22:35
25-Apr-19,16:22:40
25-Apr-19,16:22:40
25-Apr-19,16:22:40
25-Apr-19,16:22:45
25-Apr-19,16:22:45
25-Apr-19,16:22:45
25-Apr-19,16:22:50
25-Apr-19,16:22:50
25-Apr-19,16:22:50
25-Apr-19,16:23:00
25-Apr-19,16:23:00
25-Apr-19,16:23:00
25-Apr-19,16:23:05
25-Apr-19,16:23:05
25-Apr-19,16:23:05
25-Apr-19,16:23:10
25-Apr-19,16:23:10
25-Apr-19,16:23:10
25-Apr-19,16:23:15
25-Apr-19,16:23:15
25-Apr-19,16:23:15
25-Apr-19,16:23:20
25-Apr-19,16:23:20
25-Apr-19,16:23:20
25-Apr-19,16:23:30
25-Apr-19,16:23:30
25-Apr-19,16:23:30
25-Apr-19,16:23:35
25-Apr-19,16:23:35
25-Apr-19,16:23:35
25-Apr-19,16:23:40
25-Apr-19,16:23:40
25-Apr-19,16:23:40
25-Apr-19,16:23:45
25-Apr-19,16:23:45
25-Apr-19,16:23:45
25-Apr-19,16:23:50
25-Apr-19,16:23:51
25-Apr-19,16:23:51
25-Apr-19,16:23:56
25-Apr-19,16:23:56
25-Apr-19,16:24:00
25-Apr-19,16:24:05
25-Apr-19,16:24:06
25-Apr-19,16:24:06
25-Apr-19,16:24:10
25-Apr-19,16:24:11
25-Apr-19,16:24:11
25-Apr-19,16:24:15
25-Apr-19,16:24:16
25-Apr-19,16:24:16
25-Apr-19,16:24:20
25-Apr-19,16:24:21
25-Apr-19,16:24:21
25-Apr-19,16:24:26
25-Apr-19,16:24:26
25-Apr-19,16:24:30
25-Apr-19,16:24:35
25-Apr-19,16:24:40
25-Apr-19,16:24:41
25-Apr-19,16:24:41
25-Apr-19,16:24:45
25-Apr-19,16:24:46
25-Apr-19,16:24:46
25-Apr-19,16:24:50
25-Apr-19,16:24:51
25-Apr-19,16:24:51
25-Apr-19,16:24:56
25-Apr-19,16:24:56
25-Apr-19,16:25:00
25-Apr-19,16:25:01
25-Apr-19,16:25:01
25-Apr-19,16:25:05
25-Apr-19,16:25:06
25-Apr-19,16:25:06
25-Apr-19,16:25:10
25-Apr-19,16:25:11
25-Apr-19,16:25:11
25-Apr-19,16:25:15
25-Apr-19,16:25:16
25-Apr-19,16:25:16
25-Apr-19,16:25:20
25-Apr-19,16:25:21
25-Apr-19,16:25:21
25-Apr-19,16:25:30
25-Apr-19,16:25:35
25-Apr-19,16:25:36
25-Apr-19,16:25:36
25-Apr-19,16:25:40
25-Apr-19,16:25:45
25-Apr-19,16:25:46
25-Apr-19,16:25:46
25-Apr-19,16:25:51
25-Apr-19,16:25:51
25-Apr-19,16:25:51
25-Apr-19,16:25:56
25-Apr-19,16:25:56
25-Apr-19,16:25:56
25-Apr-19,16:26:06
25-Apr-19,16:26:06
25-Apr-19,16:26:06
25-Apr-19,16:26:11
25-Apr-19,16:26:11
25-Apr-19,16:26:11
25-Apr-19,16:26:16
25-Apr-19,16:26:16
25-Apr-19,16:26:16
25-Apr-19,16:26:21
25-Apr-19,16:26:21
25-Apr-19,16:26:21
25-Apr-19,16:26:26
25-Apr-19,16:26:26
25-Apr-19,16:26:26
25-Apr-19,16:26:36
25-Apr-19,16:26:36
25-Apr-19,16:26:36
25-Apr-19,16:26:41
25-Apr-19,16:26:41
25-Apr-19,16:26:41
25-Apr-19,16:26:51
25-Apr-19,16:26:51
25-Apr-19,16:26:51
25-Apr-19,16:26:56
25-Apr-19,16:26:56
25-Apr-19,16:26:56
25-Apr-19,16:27:06
25-Apr-19,16:27:06
25-Apr-19,16:27:06
25-Apr-19,16:27:11
25-Apr-19,16:27:11
25-Apr-19,16:27:11
25-Apr-19,16:27:16
25-Apr-19,16:27:16
25-Apr-19,16:27:16
25-Apr-19,16:27:21
25-Apr-19,16:27:21
25-Apr-19,16:27:21
25-Apr-19,16:27:26
25-Apr-19,16:27:26
25-Apr-19,16:27:26
25-Apr-19,16:27:36
25-Apr-19,16:27:36
25-Apr-19,16:27:36
25-Apr-19,16:27:41
25-Apr-19,16:27:41
25-Apr-19,16:27:41
25-Apr-19,16:27:46
25-Apr-19,16:27:46
25-Apr-19,16:27:46
25-Apr-19,16:27:51
25-Apr-19,16:27:51
25-Apr-19,16:27:51
25-Apr-19,16:27:56
25-Apr-19,16:27:56
25-Apr-19,16:27:56
25-Apr-19,16:28:06
25-Apr-19,16:28:06
25-Apr-19,16:28:06
25-Apr-19,16:28:11
25-Apr-19,16:28:11
25-Apr-19,16:28:11
25-Apr-19,16:28:16
25-Apr-19,16:28:16
25-Apr-19,16:28:16
25-Apr-19,16:28:21
25-Apr-19,16:28:21
25-Apr-19,16:28:21
25-Apr-19,16:28:26
25-Apr-19,16:28:26
25-Apr-19,16:28:26
25-Apr-19,16:28:36
25-Apr-19,16:28:36
25-Apr-19,16:28:36
25-Apr-19,16:28:41
25-Apr-19,16:28:42
25-Apr-19,16:28:42
25-Apr-19,16:28:46
25-Apr-19,16:28:47
25-Apr-19,16:28:47
25-Apr-19,16:28:51
25-Apr-19,16:28:52
25-Apr-19,16:28:52
25-Apr-19,16:28:56
25-Apr-19,16:28:57
25-Apr-19,16:28:57
25-Apr-19,16:29:02
25-Apr-19,16:29:02
25-Apr-19,16:29:06
25-Apr-19,16:29:11
25-Apr-19,16:29:12
25-Apr-19,16:29:12
25-Apr-19,16:29:16
25-Apr-19,16:29:17
25-Apr-19,16:29:17
25-Apr-19,16:29:21
25-Apr-19,16:29:22
25-Apr-19,16:29:22
25-Apr-19,16:29:26
25-Apr-19,16:29:27
25-Apr-19,16:29:27
25-Apr-19,16:29:32
25-Apr-19,16:29:32
25-Apr-19,16:29:36
25-Apr-19,16:29:41
25-Apr-19,16:29:42
25-Apr-19,16:29:42
25-Apr-19,16:29:46
25-Apr-19,16:29:47
25-Apr-19,16:29:47
25-Apr-19,16:29:51
25-Apr-19,16:29:52
25-Apr-19,16:29:52
25-Apr-19,16:29:56
25-Apr-19,16:29:57
25-Apr-19,16:29:57
25-Apr-19,16:30:01
25-Apr-19,16:30:02
25-Apr-19,16:30:02
25-Apr-19,16:30:06
25-Apr-19,16:30:11
25-Apr-19,16:30:12
25-Apr-19,16:30:12
25-Apr-19,16:30:16
25-Apr-19,16:30:17
25-Apr-19,16:30:17
25-Apr-19,16:30:21
25-Apr-19,16:30:22
25-Apr-19,16:30:22
25-Apr-19,16:30:26
25-Apr-19,16:30:27
25-Apr-19,16:30:27
25-Apr-19,16:30:32
25-Apr-19,16:30:32
25-Apr-19,16:30:36
25-Apr-19,16:30:41
25-Apr-19,16:30:42
25-Apr-19,16:30:42
25-Apr-19,16:30:46
25-Apr-19,16:30:47
25-Apr-19,16:30:47
25-Apr-19,16:30:51
25-Apr-19,16:30:52
25-Apr-19,16:30:52
25-Apr-19,16:30:56
25-Apr-19,16:30:57
25-Apr-19,16:30:57
25-Apr-19,16:31:02
25-Apr-19,16:31:02
25-Apr-19,16:31:06
25-Apr-19,16:31:11
25-Apr-19,16:31:12
25-Apr-19,16:31:12
25-Apr-19,16:31:17
25-Apr-19,16:31:17
25-Apr-19,16:31:17
25-Apr-19,16:31:22
25-Apr-19,16:31:22
25-Apr-19,16:31:22
25-Apr-19,16:31:27
25-Apr-19,16:31:27
25-Apr-19,16:31:27
25-Apr-19,16:31:32
25-Apr-19,16:31:32
25-Apr-19,16:31:32
25-Apr-19,16:31:42
25-Apr-19,16:31:42
25-Apr-19,16:31:42
25-Apr-19,16:31:47
25-Apr-19,16:31:47
25-Apr-19,16:31:47
25-Apr-19,16:31:52
25-Apr-19,16:31:52
25-Apr-19,16:31:52
25-Apr-19,16:31:57
25-Apr-19,16:31:57
25-Apr-19,16:31:57
25-Apr-19,16:32:02
25-Apr-19,16:32:02
25-Apr-19,16:32:02
25-Apr-19,16:32:12
25-Apr-19,16:32:12
25-Apr-19,16:32:12
25-Apr-19,16:32:17
25-Apr-19,16:32:17
25-Apr-19,16:32:17
25-Apr-19,16:32:22
25-Apr-19,16:32:22
25-Apr-19,16:32:22
25-Apr-19,16:32:27
25-Apr-19,16:32:27
25-Apr-19,16:32:27
25-Apr-19,16:32:32
25-Apr-19,16:32:32
25-Apr-19,16:32:32
25-Apr-19,16:32:42
25-Apr-19,16:32:42
25-Apr-19,16:32:42
25-Apr-19,16:32:47
25-Apr-19,16:32:47
25-Apr-19,16:32:47
25-Apr-19,16:32:52
25-Apr-19,16:32:52
25-Apr-19,16:32:52
25-Apr-19,16:32:57
25-Apr-19,16:32:57
25-Apr-19,16:32:57
25-Apr-19,16:33:02
25-Apr-19,16:33:02
25-Apr-19,16:33:02
25-Apr-19,16:33:12
25-Apr-19,16:33:12
25-Apr-19,16:33:12
25-Apr-19,16:33:17
25-Apr-19,16:33:17
25-Apr-19,16:33:17
25-Apr-19,16:33:22
25-Apr-19,16:33:22
25-Apr-19,16:33:22
25-Apr-19,16:33:27
25-Apr-19,16:33:27
25-Apr-19,16:33:27
25-Apr-19,16:33:32
25-Apr-19,16:33:32
25-Apr-19,16:33:32
25-Apr-19,16:33:42
25-Apr-19,16:33:42
25-Apr-19,16:33:47
25-Apr-19,16:33:52
25-Apr-19,16:33:53
25-Apr-19,16:33:53
25-Apr-19,16:33:58
25-Apr-19,16:33:58
25-Apr-19,16:34:02
25-Apr-19,16:34:03
25-Apr-19,16:34:03
25-Apr-19,16:34:08
25-Apr-19,16:34:08
25-Apr-19,16:34:12
25-Apr-19,16:34:13
25-Apr-19,16:34:13
25-Apr-19,16:34:17
25-Apr-19,16:34:27
25-Apr-19,16:34:28
25-Apr-19,16:34:28
25-Apr-19,16:34:37
25-Apr-19,16:34:38
25-Apr-19,16:34:38
25-Apr-19,16:34:42
25-Apr-19,16:34:47
25-Apr-19,16:34:48
25-Apr-19,16:34:48
25-Apr-19,16:34:52
25-Apr-19,16:34:53
25-Apr-19,16:34:53
25-Apr-19,16:34:57
25-Apr-19,16:34:58
25-Apr-19,16:34:58
25-Apr-19,16:35:02
25-Apr-19,16:35:03
25-Apr-19,16:35:03
25-Apr-19,16:35:08
25-Apr-19,16:35:08
25-Apr-19,16:35:12
25-Apr-19,16:35:17
25-Apr-19,16:35:18
25-Apr-19,16:35:18
25-Apr-19,16:35:22
25-Apr-19,16:35:23
25-Apr-19,16:35:23
25-Apr-19,16:35:27
25-Apr-19,16:35:28
25-Apr-19,16:35:28
25-Apr-19,16:35:32
25-Apr-19,16:35:33
25-Apr-19,16:35:33
25-Apr-19,16:35:38
25-Apr-19,16:35:38
25-Apr-19,16:35:38
25-Apr-19,16:35:48
25-Apr-19,16:35:48
25-Apr-19,16:35:48
25-Apr-19,16:35:53
25-Apr-19,16:35:53
25-Apr-19,16:35:53
25-Apr-19,16:35:58
25-Apr-19,16:35:58
25-Apr-19,16:35:58
25-Apr-19,16:36:03
25-Apr-19,16:36:03
25-Apr-19,16:36:03
25-Apr-19,16:36:08
25-Apr-19,16:36:08
25-Apr-19,16:36:08
25-Apr-19,16:36:18
25-Apr-19,16:36:18
25-Apr-19,16:36:18
25-Apr-19,16:36:23
25-Apr-19,16:36:23
25-Apr-19,16:36:23
25-Apr-19,16:36:28
25-Apr-19,16:36:28
25-Apr-19,16:36:28
25-Apr-19,16:36:33
25-Apr-19,16:36:33
25-Apr-19,16:36:33
25-Apr-19,16:36:38
25-Apr-19,16:36:38
25-Apr-19,16:36:38
25-Apr-19,16:36:43
25-Apr-19,16:36:43
25-Apr-19,16:36:43
25-Apr-19,16:36:48
25-Apr-19,16:36:48
25-Apr-19,16:36:48
25-Apr-19,16:36:53
25-Apr-19,16:36:53
25-Apr-19,16:36:53
25-Apr-19,16:36:58
25-Apr-19,16:36:58
25-Apr-19,16:36:58
25-Apr-19,16:37:03
25-Apr-19,16:37:03
25-Apr-19,16:37:03
25-Apr-19,16:37:08
25-Apr-19,16:37:08
25-Apr-19,16:37:08
25-Apr-19,16:37:18
25-Apr-19,16:37:18
25-Apr-19,16:37:18
25-Apr-19,16:37:23
25-Apr-19,16:37:23
25-Apr-19,16:37:23
25-Apr-19,16:37:28
25-Apr-19,16:37:28
25-Apr-19,16:37:28
25-Apr-19,16:37:33
25-Apr-19,16:37:33
25-Apr-19,16:37:33
25-Apr-19,16:37:38
25-Apr-19,16:37:38
25-Apr-19,16:37:38
25-Apr-19,16:37:48
25-Apr-19,16:37:48
25-Apr-19,16:37:48
25-Apr-19,16:37:53
25-Apr-19,16:37:53
25-Apr-19,16:37:53
25-Apr-19,16:37:58
25-Apr-19,16:37:58
25-Apr-19,16:37:58
25-Apr-19,16:38:03
25-Apr-19,16:38:03
25-Apr-19,16:38:03
25-Apr-19,16:38:18
25-Apr-19,16:38:18
25-Apr-19,16:38:18
25-Apr-19,16:38:23
25-Apr-19,16:38:23
25-Apr-19,16:38:23
25-Apr-19,16:38:28
25-Apr-19,16:38:28
25-Apr-19,16:38:28
25-Apr-19,16:38:33
25-Apr-19,16:38:33
25-Apr-19,16:38:33
25-Apr-19,16:38:38
25-Apr-19,16:38:38
25-Apr-19,16:38:38
25-Apr-19,16:38:48
25-Apr-19,16:38:48
25-Apr-19,16:38:48
25-Apr-19,16:38:53
25-Apr-19,16:38:53
25-Apr-19,16:38:53
25-Apr-19,16:38:58
25-Apr-19,16:38:59
25-Apr-19,16:38:59
25-Apr-19,16:39:03
25-Apr-19,16:39:04
25-Apr-19,16:39:04
25-Apr-19,16:39:08
25-Apr-19,16:39:09
25-Apr-19,16:39:09
25-Apr-19,16:39:14
25-Apr-19,16:39:14
25-Apr-19,16:39:18
25-Apr-19,16:39:23
25-Apr-19,16:39:24
25-Apr-19,16:39:24
25-Apr-19,16:39:28
25-Apr-19,16:39:29
25-Apr-19,16:39:29
25-Apr-19,16:39:33
25-Apr-19,16:39:34
25-Apr-19,16:39:34
25-Apr-19,16:39:38
25-Apr-19,16:39:39
25-Apr-19,16:39:39
25-Apr-19,16:39:44
25-Apr-19,16:39:44
25-Apr-19,16:39:48
25-Apr-19,16:39:53
25-Apr-19,16:39:54
25-Apr-19,16:39:54
25-Apr-19,16:39:58
25-Apr-19,16:39:59
25-Apr-19,16:39:59
25-Apr-19,16:40:03
25-Apr-19,16:40:04
25-Apr-19,16:40:04
25-Apr-19,16:40:08
25-Apr-19,16:40:09
25-Apr-19,16:40:09
25-Apr-19,16:40:14
25-Apr-19,16:40:14
25-Apr-19,16:40:14
25-Apr-19,16:40:24
25-Apr-19,16:40:24
25-Apr-19,16:40:24
25-Apr-19,16:40:29
25-Apr-19,16:40:29
25-Apr-19,16:40:29
25-Apr-19,16:40:34
25-Apr-19,16:40:34
25-Apr-19,16:40:34
25-Apr-19,16:40:39
25-Apr-19,16:40:39
25-Apr-19,16:40:39
25-Apr-19,16:40:44
25-Apr-19,16:40:44
25-Apr-19,16:40:44
25-Apr-19,16:40:54
25-Apr-19,16:40:54
25-Apr-19,16:40:54
25-Apr-19,16:40:59
25-Apr-19,16:40:59
25-Apr-19,16:40:59
25-Apr-19,16:41:04
25-Apr-19,16:41:04
25-Apr-19,16:41:04
25-Apr-19,16:41:09
25-Apr-19,16:41:09
25-Apr-19,16:41:09
25-Apr-19,16:41:14
25-Apr-19,16:41:14
25-Apr-19,16:41:14
25-Apr-19,16:41:24
25-Apr-19,16:41:24
25-Apr-19,16:41:24
25-Apr-19,16:41:29
25-Apr-19,16:41:29
25-Apr-19,16:41:29
25-Apr-19,16:41:34
25-Apr-19,16:41:34
25-Apr-19,16:41:34
25-Apr-19,16:41:39
25-Apr-19,16:41:39
25-Apr-19,16:41:39
25-Apr-19,16:41:44
25-Apr-19,16:41:44
25-Apr-19,16:41:44
25-Apr-19,16:41:54
25-Apr-19,16:41:54
25-Apr-19,16:41:54
25-Apr-19,16:41:59
25-Apr-19,16:41:59
25-Apr-19,16:41:59
25-Apr-19,16:42:04
25-Apr-19,16:42:04
25-Apr-19,16:42:04
25-Apr-19,16:42:09
25-Apr-19,16:42:09
25-Apr-19,16:42:09
25-Apr-19,16:42:14
25-Apr-19,16:42:14
25-Apr-19,16:42:14
25-Apr-19,16:42:24
25-Apr-19,16:42:24
25-Apr-19,16:42:24
25-Apr-19,16:42:29
25-Apr-19,16:42:29
25-Apr-19,16:42:29
25-Apr-19,16:42:39
25-Apr-19,16:42:39
25-Apr-19,16:42:39
25-Apr-19,16:42:44
25-Apr-19,16:42:44
25-Apr-19,16:42:44
25-Apr-19,16:42:54
25-Apr-19,16:42:54
25-Apr-19,16:42:54
25-Apr-19,16:42:59
25-Apr-19,16:42:59
25-Apr-19,16:42:59
25-Apr-19,16:43:04
25-Apr-19,16:43:04
25-Apr-19,16:43:04
25-Apr-19,16:43:09
25-Apr-19,16:43:09
25-Apr-19,16:43:09
25-Apr-19,16:43:14
25-Apr-19,16:43:14
25-Apr-19,16:43:14
25-Apr-19,16:43:24
25-Apr-19,16:43:24
25-Apr-19,16:43:24
25-Apr-19,16:43:29
25-Apr-19,16:43:29
25-Apr-19,16:43:29
25-Apr-19,16:43:34
25-Apr-19,16:43:34
25-Apr-19,16:43:34
25-Apr-19,16:43:39
25-Apr-19,16:43:39
25-Apr-19,16:43:39
25-Apr-19,16:43:44
25-Apr-19,16:43:44
25-Apr-19,16:43:44
25-Apr-19,16:43:54
25-Apr-19,16:43:54
25-Apr-19,16:43:54
25-Apr-19,16:43:59
25-Apr-19,16:43:59
25-Apr-19,16:43:59
25-Apr-19,16:44:04
25-Apr-19,16:44:04
25-Apr-19,16:44:04
25-Apr-19,16:44:09
25-Apr-19,16:44:09
25-Apr-19,16:44:09
25-Apr-19,16:44:14
25-Apr-19,16:44:14
25-Apr-19,16:44:14
25-Apr-19,16:44:20
25-Apr-19,16:44:20
25-Apr-19,16:44:24
25-Apr-19,16:44:29
25-Apr-19,16:44:30
25-Apr-19,16:44:30
25-Apr-19,16:44:34
25-Apr-19,16:44:35
25-Apr-19,16:44:35
25-Apr-19,16:44:39
25-Apr-19,16:44:40
25-Apr-19,16:44:40
25-Apr-19,16:44:44
25-Apr-19,16:44:45
25-Apr-19,16:44:45
25-Apr-19,16:44:50
25-Apr-19,16:44:50
25-Apr-19,16:44:50
25-Apr-19,16:45:00
25-Apr-19,16:45:00
25-Apr-19,16:45:00
25-Apr-19,16:45:05
25-Apr-19,16:45:05
25-Apr-19,16:45:05
25-Apr-19,16:45:10
25-Apr-19,16:45:10
25-Apr-19,16:45:10
25-Apr-19,16:45:15
25-Apr-19,16:45:15
25-Apr-19,16:45:15
25-Apr-19,16:45:20
25-Apr-19,16:45:20
25-Apr-19,16:45:20
25-Apr-19,16:45:30
25-Apr-19,16:45:30
25-Apr-19,16:45:30
25-Apr-19,16:45:35
25-Apr-19,16:45:35
25-Apr-19,16:45:35
25-Apr-19,16:45:40
25-Apr-19,16:45:40
25-Apr-19,16:45:40
25-Apr-19,16:45:45
25-Apr-19,16:45:45
25-Apr-19,16:45:45
25-Apr-19,16:45:50
25-Apr-19,16:45:50
25-Apr-19,16:45:50
25-Apr-19,16:46:00
25-Apr-19,16:46:00
25-Apr-19,16:46:00
25-Apr-19,16:46:05
25-Apr-19,16:46:05
25-Apr-19,16:46:05
25-Apr-19,16:46:10
25-Apr-19,16:46:10
25-Apr-19,16:46:10
25-Apr-19,16:46:15
25-Apr-19,16:46:15
25-Apr-19,16:46:15
25-Apr-19,16:46:20
25-Apr-19,16:46:20
25-Apr-19,16:46:20
25-Apr-19,16:46:30
25-Apr-19,16:46:30
25-Apr-19,16:46:30
25-Apr-19,16:46:35
25-Apr-19,16:46:35
25-Apr-19,16:46:35
25-Apr-19,16:46:40
25-Apr-19,16:46:40
25-Apr-19,16:46:40
25-Apr-19,16:46:45
25-Apr-19,16:46:45
25-Apr-19,16:46:45
25-Apr-19,16:46:50
25-Apr-19,16:46:50
25-Apr-19,16:46:50
25-Apr-19,16:46:55
25-Apr-19,16:46:55
25-Apr-19,16:46:55
25-Apr-19,16:47:00
25-Apr-19,16:47:00
25-Apr-19,16:47:00
25-Apr-19,16:47:05
25-Apr-19,16:47:05
25-Apr-19,16:47:05
25-Apr-19,7:49:13
25-Apr-19,7:49:13
25-Apr-19,7:49:17
25-Apr-19,7:49:17
25-Apr-19,7:49:17
25-Apr-19,7:56:17
25-Apr-19,7:56:17
25-Apr-19,7:56:17
25-Apr-19,7:56:17
25-Apr-19,7:56:18
25-Apr-19,7:56:18
25-Apr-19,8:04:07
25-Apr-19,8:04:07
25-Apr-19,8:16:24
25-Apr-19,8:16:24
25-Apr-19,8:16:33
25-Apr-19,8:16:33
25-Apr-19,8:16:33
25-Apr-19,8:16:33
25-Apr-19,8:16:43
25-Apr-19,8:16:43
25-Apr-19,8:16:43
25-Apr-19,8:16:43
25-Apr-19,8:16:44
25-Apr-19,8:16:44
25-Apr-19,8:16:58
25-Apr-19,8:16:58
25-Apr-19,8:16:58
25-Apr-19,8:16:59
25-Apr-19,8:16:59
25-Apr-19,8:16:59
25-Apr-19,8:17:00
25-Apr-19,8:17:08
25-Apr-19,8:17:08
25-Apr-19,8:17:08
25-Apr-19,8:17:14
25-Apr-19,8:17:14
25-Apr-19,8:17:14
25-Apr-19,8:17:18
25-Apr-19,8:17:18
25-Apr-19,8:17:18
25-Apr-19,8:17:19
25-Apr-19,8:17:19
25-Apr-19,8:17:19
25-Apr-19,8:17:24
25-Apr-19,8:17:24
25-Apr-19,8:17:24
25-Apr-19,8:17:25
25-Apr-19,8:17:28
25-Apr-19,8:17:28
25-Apr-19,8:17:28
25-Apr-19,8:17:29
25-Apr-19,8:17:29
25-Apr-19,8:17:29
25-Apr-19,8:17:30
25-Apr-19,8:17:33
25-Apr-19,8:17:33
25-Apr-19,8:17:33
25-Apr-19,8:17:34
25-Apr-19,8:17:34
25-Apr-19,8:17:34
25-Apr-19,8:17:38
25-Apr-19,8:17:38
25-Apr-19,8:17:38
25-Apr-19,8:17:39
25-Apr-19,8:17:39
25-Apr-19,8:17:39
25-Apr-19,8:17:40
25-Apr-19,8:17:43
25-Apr-19,8:17:43
25-Apr-19,8:17:43
25-Apr-19,8:17:44
25-Apr-19,8:17:44
25-Apr-19,8:17:44
25-Apr-19,8:17:45
25-Apr-19,8:17:49
25-Apr-19,8:17:49
25-Apr-19,8:17:49
25-Apr-19,8:17:50
25-Apr-19,8:17:53
25-Apr-19,8:17:53
25-Apr-19,8:17:53
25-Apr-19,8:17:54
25-Apr-19,8:17:54
25-Apr-19,8:17:54
25-Apr-19,8:17:55
25-Apr-19,8:17:58
25-Apr-19,8:17:58
25-Apr-19,8:17:58
25-Apr-19,8:17:59
25-Apr-19,8:17:59
25-Apr-19,8:17:59
25-Apr-19,8:18:00
25-Apr-19,8:18:03
25-Apr-19,8:18:03
25-Apr-19,8:18:03
25-Apr-19,8:18:04
25-Apr-19,8:18:04
25-Apr-19,8:18:04
25-Apr-19,8:18:05
25-Apr-19,8:18:08
25-Apr-19,8:18:08
25-Apr-19,8:18:08
25-Apr-19,8:18:09
25-Apr-19,8:18:09
25-Apr-19,8:18:09
25-Apr-19,8:18:10
25-Apr-19,8:18:13
25-Apr-19,8:18:13
25-Apr-19,8:18:13
25-Apr-19,8:18:14
25-Apr-19,8:18:14
25-Apr-19,8:18:14
25-Apr-19,8:18:15
25-Apr-19,8:18:18
25-Apr-19,8:18:18
25-Apr-19,8:18:18
25-Apr-19,8:18:19
25-Apr-19,8:18:19
25-Apr-19,8:18:19
25-Apr-19,8:18:20
25-Apr-19,8:18:23
25-Apr-19,8:18:23
25-Apr-19,8:18:23
25-Apr-19,8:18:24
25-Apr-19,8:18:24
25-Apr-19,8:18:24
25-Apr-19,8:18:25
25-Apr-19,8:18:28
25-Apr-19,8:18:28
25-Apr-19,8:18:28
25-Apr-19,8:18:29
25-Apr-19,8:18:29
25-Apr-19,8:18:29
25-Apr-19,8:18:30
25-Apr-19,8:18:33
25-Apr-19,8:18:33
25-Apr-19,8:18:33
25-Apr-19,8:18:34
25-Apr-19,8:18:34
25-Apr-19,8:18:34
25-Apr-19,8:18:35
25-Apr-19,8:18:38
25-Apr-19,8:18:38
25-Apr-19,8:18:38
25-Apr-19,8:18:39
25-Apr-19,8:18:39
25-Apr-19,8:18:39
25-Apr-19,8:18:40
25-Apr-19,8:18:43
25-Apr-19,8:18:43
25-Apr-19,8:18:43
25-Apr-19,8:18:44
25-Apr-19,8:18:44
25-Apr-19,8:18:45
25-Apr-19,8:18:45
25-Apr-19,8:18:48
25-Apr-19,8:18:48
25-Apr-19,8:18:48
25-Apr-19,8:18:49
25-Apr-19,8:18:49
25-Apr-19,8:18:50
25-Apr-19,8:18:50
25-Apr-19,8:18:53
25-Apr-19,8:18:53
25-Apr-19,8:18:53
25-Apr-19,8:18:54
25-Apr-19,8:18:54
25-Apr-19,8:18:55
25-Apr-19,8:18:55
25-Apr-19,8:18:58
25-Apr-19,8:18:58
25-Apr-19,8:18:58
25-Apr-19,8:18:59
25-Apr-19,8:18:59
25-Apr-19,8:19:00
25-Apr-19,8:19:00
25-Apr-19,8:19:03
25-Apr-19,8:19:03
25-Apr-19,8:19:03
25-Apr-19,8:19:04
25-Apr-19,8:19:04
25-Apr-19,8:19:05
25-Apr-19,8:19:05
25-Apr-19,8:19:08
25-Apr-19,8:19:08
25-Apr-19,8:19:08
25-Apr-19,8:19:09
25-Apr-19,8:19:09
25-Apr-19,8:19:10
25-Apr-19,8:19:10
25-Apr-19,8:19:13
25-Apr-19,8:19:13
25-Apr-19,8:19:13
25-Apr-19,8:19:14
25-Apr-19,8:19:14
25-Apr-19,8:19:15
25-Apr-19,8:19:15
25-Apr-19,8:19:18
25-Apr-19,8:19:18
25-Apr-19,8:19:18
25-Apr-19,8:19:19
25-Apr-19,8:19:19
25-Apr-19,8:19:20
25-Apr-19,8:19:20
25-Apr-19,8:19:23
25-Apr-19,8:19:23
25-Apr-19,8:19:23
25-Apr-19,8:19:24
25-Apr-19,8:19:24
25-Apr-19,8:19:25
25-Apr-19,8:19:25
25-Apr-19,8:19:28
25-Apr-19,8:19:28
25-Apr-19,8:19:28
25-Apr-19,8:19:30
25-Apr-19,8:19:30
25-Apr-19,8:19:33
25-Apr-19,8:19:33
25-Apr-19,8:19:33
25-Apr-19,8:19:34
25-Apr-19,8:19:34
25-Apr-19,8:19:35
25-Apr-19,8:19:35
25-Apr-19,8:19:38
25-Apr-19,8:19:38
25-Apr-19,8:19:38
25-Apr-19,8:19:39
25-Apr-19,8:19:39
25-Apr-19,8:19:40
25-Apr-19,8:19:40
25-Apr-19,8:19:43
25-Apr-19,8:19:43
25-Apr-19,8:19:43
25-Apr-19,8:19:44
25-Apr-19,8:19:44
25-Apr-19,8:19:45
25-Apr-19,8:19:45
25-Apr-19,8:19:48
25-Apr-19,8:19:48
25-Apr-19,8:19:48
25-Apr-19,8:19:49
25-Apr-19,8:19:49
25-Apr-19,8:19:53
25-Apr-19,8:19:53
25-Apr-19,8:19:53
25-Apr-19,8:19:54
25-Apr-19,8:19:54
25-Apr-19,8:19:55
25-Apr-19,8:19:55
25-Apr-19,8:19:58
25-Apr-19,8:19:58
25-Apr-19,8:19:58
25-Apr-19,8:19:59
25-Apr-19,8:19:59
25-Apr-19,8:20:00
25-Apr-19,8:20:00
25-Apr-19,8:20:03
25-Apr-19,8:20:03
25-Apr-19,8:20:03
25-Apr-19,8:20:04
25-Apr-19,8:20:04
25-Apr-19,8:20:05
25-Apr-19,8:20:05
25-Apr-19,8:20:08
25-Apr-19,8:20:08
25-Apr-19,8:20:08
25-Apr-19,8:20:09
25-Apr-19,8:20:09
25-Apr-19,8:20:10
25-Apr-19,8:20:10
25-Apr-19,8:20:13
25-Apr-19,8:20:13
25-Apr-19,8:20:13
25-Apr-19,8:20:15
25-Apr-19,8:20:15
25-Apr-19,8:20:18
25-Apr-19,8:20:18
25-Apr-19,8:20:18
25-Apr-19,8:20:20
25-Apr-19,8:20:20
25-Apr-19,8:20:24
25-Apr-19,8:20:24
25-Apr-19,8:20:25
25-Apr-19,8:20:25
25-Apr-19,8:20:29
25-Apr-19,8:20:29
25-Apr-19,8:20:30
25-Apr-19,8:20:30
25-Apr-19,8:20:33
25-Apr-19,8:20:33
25-Apr-19,8:20:33
25-Apr-19,8:20:34
25-Apr-19,8:20:34
25-Apr-19,8:20:35
25-Apr-19,8:20:35
25-Apr-19,8:20:39
25-Apr-19,8:20:39
25-Apr-19,8:20:40
25-Apr-19,8:20:40
25-Apr-19,8:20:43
25-Apr-19,8:20:43
25-Apr-19,8:20:43
25-Apr-19,8:20:44
25-Apr-19,8:20:44
25-Apr-19,8:20:45
25-Apr-19,8:20:45
25-Apr-19,8:20:49
25-Apr-19,8:20:49
25-Apr-19,8:20:50
25-Apr-19,8:20:50
25-Apr-19,8:20:53
25-Apr-19,8:20:53
25-Apr-19,8:20:53
25-Apr-19,8:20:54
25-Apr-19,8:20:54
25-Apr-19,8:20:55
25-Apr-19,8:20:55
25-Apr-19,8:20:59
25-Apr-19,8:20:59
25-Apr-19,8:21:00
25-Apr-19,8:21:00
25-Apr-19,8:21:03
25-Apr-19,8:21:03
25-Apr-19,8:21:03
25-Apr-19,8:21:04
25-Apr-19,8:21:04
25-Apr-19,8:21:05
25-Apr-19,8:21:05
25-Apr-19,8:21:08
25-Apr-19,8:21:08
25-Apr-19,8:21:08
25-Apr-19,8:21:09
25-Apr-19,8:21:09
25-Apr-19,8:21:10
25-Apr-19,8:21:10
25-Apr-19,8:21:14
25-Apr-19,8:21:14
25-Apr-19,8:21:15
25-Apr-19,8:21:15
25-Apr-19,8:21:19
25-Apr-19,8:21:19
25-Apr-19,8:21:19
25-Apr-19,8:21:20
25-Apr-19,8:21:21
25-Apr-19,8:21:23
25-Apr-19,8:21:23
25-Apr-19,8:21:24
25-Apr-19,8:21:24
25-Apr-19,8:21:24
25-Apr-19,8:21:25
25-Apr-19,8:21:26
25-Apr-19,8:21:29
25-Apr-19,8:21:29
25-Apr-19,8:21:29
25-Apr-19,8:21:30
25-Apr-19,8:21:31
25-Apr-19,8:21:33
25-Apr-19,8:21:33
25-Apr-19,8:21:34
25-Apr-19,8:21:34
25-Apr-19,8:21:34
25-Apr-19,8:21:35
25-Apr-19,8:21:36
25-Apr-19,8:21:39
25-Apr-19,8:21:39
25-Apr-19,8:21:39
25-Apr-19,8:21:40
25-Apr-19,8:21:41
25-Apr-19,8:21:43
25-Apr-19,8:21:43
25-Apr-19,8:21:44
25-Apr-19,8:21:44
25-Apr-19,8:21:44
25-Apr-19,8:21:45
25-Apr-19,8:21:46
25-Apr-19,8:21:48
25-Apr-19,8:21:48
25-Apr-19,8:21:49
25-Apr-19,8:21:49
25-Apr-19,8:21:49
25-Apr-19,8:21:50
25-Apr-19,8:21:51
25-Apr-19,8:21:53
25-Apr-19,8:21:53
25-Apr-19,8:21:54
25-Apr-19,8:21:54
25-Apr-19,8:21:54
25-Apr-19,8:21:55
25-Apr-19,8:21:56
25-Apr-19,8:21:58
25-Apr-19,8:21:58
25-Apr-19,8:21:59
25-Apr-19,8:21:59
25-Apr-19,8:21:59
25-Apr-19,8:22:00
25-Apr-19,8:22:01
25-Apr-19,8:22:03
25-Apr-19,8:22:03
25-Apr-19,8:22:04
25-Apr-19,8:22:04
25-Apr-19,8:22:04
25-Apr-19,8:22:05
25-Apr-19,8:22:06
25-Apr-19,8:22:08
25-Apr-19,8:22:08
25-Apr-19,8:22:09
25-Apr-19,8:22:09
25-Apr-19,8:22:09
25-Apr-19,8:22:10
25-Apr-19,8:22:11
25-Apr-19,8:22:13
25-Apr-19,8:22:13
25-Apr-19,8:22:14
25-Apr-19,8:22:14
25-Apr-19,8:22:14
25-Apr-19,8:22:15
25-Apr-19,8:22:16
25-Apr-19,8:22:18
25-Apr-19,8:22:18
25-Apr-19,8:22:20
25-Apr-19,8:22:23
25-Apr-19,8:22:23
25-Apr-19,8:22:24
25-Apr-19,8:22:24
25-Apr-19,8:22:24
25-Apr-19,8:22:25
25-Apr-19,8:22:26
25-Apr-19,8:22:29
25-Apr-19,8:22:29
25-Apr-19,8:22:29
25-Apr-19,8:22:30
25-Apr-19,8:22:31
25-Apr-19,8:22:33
25-Apr-19,8:22:33
25-Apr-19,8:22:40
25-Apr-19,8:22:41
25-Apr-19,8:22:43
25-Apr-19,8:22:43
25-Apr-19,8:22:44
25-Apr-19,8:22:44
25-Apr-19,8:22:44
25-Apr-19,8:22:45
25-Apr-19,8:22:46
25-Apr-19,8:22:48
25-Apr-19,8:22:48
25-Apr-19,8:22:49
25-Apr-19,8:22:49
25-Apr-19,8:22:49
25-Apr-19,8:22:51
25-Apr-19,8:22:53
25-Apr-19,8:22:53
25-Apr-19,8:22:54
25-Apr-19,8:22:54
25-Apr-19,8:22:54
25-Apr-19,8:22:55
25-Apr-19,8:22:56
25-Apr-19,8:22:58
25-Apr-19,8:22:58
25-Apr-19,8:22:59
25-Apr-19,8:22:59
25-Apr-19,8:22:59
25-Apr-19,8:23:00
25-Apr-19,8:23:03
25-Apr-19,8:23:03
25-Apr-19,8:23:04
25-Apr-19,8:23:04
25-Apr-19,8:23:04
25-Apr-19,8:23:05
25-Apr-19,8:23:06
25-Apr-19,8:23:08
25-Apr-19,8:23:08
25-Apr-19,8:23:10
25-Apr-19,8:23:11
25-Apr-19,8:23:13
25-Apr-19,8:23:13
25-Apr-19,8:23:14
25-Apr-19,8:23:14
25-Apr-19,8:23:14
25-Apr-19,8:23:15
25-Apr-19,8:23:16
25-Apr-19,8:23:18
25-Apr-19,8:23:18
25-Apr-19,8:23:19
25-Apr-19,8:23:19
25-Apr-19,8:23:19
25-Apr-19,8:23:20
25-Apr-19,8:23:21
25-Apr-19,8:23:23
25-Apr-19,8:23:23
25-Apr-19,8:23:24
25-Apr-19,8:23:24
25-Apr-19,8:23:24
25-Apr-19,8:23:25
25-Apr-19,8:23:26
25-Apr-19,8:23:28
25-Apr-19,8:23:28
25-Apr-19,8:23:29
25-Apr-19,8:23:29
25-Apr-19,8:23:29
25-Apr-19,8:23:30
25-Apr-19,8:23:31
25-Apr-19,8:23:33
25-Apr-19,8:23:33
25-Apr-19,8:23:34
25-Apr-19,8:23:34
25-Apr-19,8:23:34
25-Apr-19,8:23:35
25-Apr-19,8:23:38
25-Apr-19,8:23:38
25-Apr-19,8:23:40
25-Apr-19,8:23:41
25-Apr-19,8:23:43
25-Apr-19,8:23:43
25-Apr-19,8:23:44
25-Apr-19,8:23:44
25-Apr-19,8:23:44
25-Apr-19,8:23:45
25-Apr-19,8:23:46
25-Apr-19,8:23:48
25-Apr-19,8:23:48
25-Apr-19,8:23:50
25-Apr-19,8:23:51
25-Apr-19,8:23:53
25-Apr-19,8:23:53
25-Apr-19,8:23:54
25-Apr-19,8:23:54
25-Apr-19,8:23:54
25-Apr-19,8:23:55
25-Apr-19,8:23:56
25-Apr-19,8:23:58
25-Apr-19,8:23:58
25-Apr-19,8:24:00
25-Apr-19,8:24:01
25-Apr-19,8:24:03
25-Apr-19,8:24:03
25-Apr-19,8:24:04
25-Apr-19,8:24:04
25-Apr-19,8:24:04
25-Apr-19,8:24:05
25-Apr-19,8:24:06
25-Apr-19,8:24:08
25-Apr-19,8:24:08
25-Apr-19,8:24:10
25-Apr-19,8:24:11
25-Apr-19,8:24:13
25-Apr-19,8:24:13
25-Apr-19,8:24:14
25-Apr-19,8:24:14
25-Apr-19,8:24:14
25-Apr-19,8:24:15
25-Apr-19,8:24:16
25-Apr-19,8:24:18
25-Apr-19,8:24:18
25-Apr-19,8:24:19
25-Apr-19,8:24:19
25-Apr-19,8:24:19
25-Apr-19,8:24:20
25-Apr-19,8:24:21
25-Apr-19,8:24:23
25-Apr-19,8:24:23
25-Apr-19,8:24:24
25-Apr-19,8:24:24
25-Apr-19,8:24:24
25-Apr-19,8:24:26
25-Apr-19,8:24:28
25-Apr-19,8:24:28
25-Apr-19,8:24:30
25-Apr-19,8:24:33
25-Apr-19,8:24:33
25-Apr-19,8:24:34
25-Apr-19,8:24:34
25-Apr-19,8:24:34
25-Apr-19,8:24:35
25-Apr-19,8:24:36
25-Apr-19,8:24:38
25-Apr-19,8:24:38
25-Apr-19,8:24:40
25-Apr-19,8:24:41
25-Apr-19,8:24:43
25-Apr-19,8:24:43
25-Apr-19,8:24:44
25-Apr-19,8:24:44
25-Apr-19,8:24:44
25-Apr-19,8:24:45
25-Apr-19,8:24:46
25-Apr-19,8:24:48
25-Apr-19,8:24:48
25-Apr-19,8:24:50
25-Apr-19,8:24:56
25-Apr-19,8:24:59
25-Apr-19,8:24:59
25-Apr-19,8:24:59
25-Apr-19,8:25:00
25-Apr-19,8:25:01
25-Apr-19,8:25:04
25-Apr-19,8:25:04
25-Apr-19,8:25:04
25-Apr-19,8:25:06
25-Apr-19,8:25:08
25-Apr-19,8:25:08
25-Apr-19,8:25:10
25-Apr-19,8:25:13
25-Apr-19,8:25:13
25-Apr-19,8:25:14
25-Apr-19,8:25:14
25-Apr-19,8:25:14
25-Apr-19,8:25:15
25-Apr-19,8:25:16
25-Apr-19,8:25:18
25-Apr-19,8:25:18
25-Apr-19,8:25:20
25-Apr-19,8:25:21
25-Apr-19,8:25:23
25-Apr-19,8:25:23
25-Apr-19,8:25:24
25-Apr-19,8:25:24
25-Apr-19,8:25:24
25-Apr-19,8:25:25
25-Apr-19,8:25:26
25-Apr-19,8:25:28
25-Apr-19,8:25:28
25-Apr-19,8:25:30
25-Apr-19,8:25:31
25-Apr-19,8:25:33
25-Apr-19,8:25:33
25-Apr-19,8:25:34
25-Apr-19,8:25:34
25-Apr-19,8:25:34
25-Apr-19,8:25:35
25-Apr-19,8:25:38
25-Apr-19,8:25:38
25-Apr-19,8:25:40
25-Apr-19,8:25:41
25-Apr-19,8:25:43
25-Apr-19,8:25:43
25-Apr-19,8:25:44
25-Apr-19,8:25:44
25-Apr-19,8:25:44
25-Apr-19,8:25:45
25-Apr-19,8:25:46
25-Apr-19,8:25:48
25-Apr-19,8:25:48
25-Apr-19,8:25:50
25-Apr-19,8:25:51
25-Apr-19,8:25:53
25-Apr-19,8:25:53
25-Apr-19,8:25:54
25-Apr-19,8:25:54
25-Apr-19,8:25:54
25-Apr-19,8:25:55
25-Apr-19,8:25:56
25-Apr-19,8:25:58
25-Apr-19,8:25:58
25-Apr-19,8:26:00
25-Apr-19,8:26:01
25-Apr-19,8:26:03
25-Apr-19,8:26:03
25-Apr-19,8:26:04
25-Apr-19,8:26:04
25-Apr-19,8:26:04
25-Apr-19,8:26:05
25-Apr-19,8:26:06
25-Apr-19,8:26:08
25-Apr-19,8:26:08
25-Apr-19,8:26:09
25-Apr-19,8:26:09
25-Apr-19,8:26:09
25-Apr-19,8:26:10
25-Apr-19,8:26:11
25-Apr-19,8:26:13
25-Apr-19,8:26:13
25-Apr-19,8:26:14
25-Apr-19,8:26:14
25-Apr-19,8:26:15
25-Apr-19,8:26:15
25-Apr-19,8:26:18
25-Apr-19,8:26:20
25-Apr-19,8:26:20
25-Apr-19,8:26:21
25-Apr-19,8:26:23
25-Apr-19,8:26:24
25-Apr-19,8:26:24
25-Apr-19,8:26:24
25-Apr-19,8:26:26
25-Apr-19,8:26:28
25-Apr-19,8:26:30
25-Apr-19,8:26:30
25-Apr-19,8:26:31
25-Apr-19,8:26:33
25-Apr-19,8:26:34
25-Apr-19,8:26:34
25-Apr-19,8:26:34
25-Apr-19,8:26:35
25-Apr-19,8:26:35
25-Apr-19,8:26:36
25-Apr-19,8:26:38
25-Apr-19,8:26:40
25-Apr-19,8:26:40
25-Apr-19,8:26:41
25-Apr-19,8:26:43
25-Apr-19,8:26:44
25-Apr-19,8:26:44
25-Apr-19,8:26:44
25-Apr-19,8:26:45
25-Apr-19,8:26:45
25-Apr-19,8:26:46
25-Apr-19,8:26:48
25-Apr-19,8:26:50
25-Apr-19,8:26:50
25-Apr-19,8:26:51
25-Apr-19,8:26:53
25-Apr-19,8:26:54
25-Apr-19,8:26:54
25-Apr-19,8:26:54
25-Apr-19,8:26:55
25-Apr-19,8:26:55
25-Apr-19,8:26:56
25-Apr-19,8:26:58
25-Apr-19,8:26:59
25-Apr-19,8:26:59
25-Apr-19,8:26:59
25-Apr-19,8:27:00
25-Apr-19,8:27:00
25-Apr-19,8:27:01
25-Apr-19,8:27:03
25-Apr-19,8:27:04
25-Apr-19,8:27:04
25-Apr-19,8:27:04
25-Apr-19,8:27:05
25-Apr-19,8:27:05
25-Apr-19,8:27:06
25-Apr-19,8:27:08
25-Apr-19,8:27:09
25-Apr-19,8:27:09
25-Apr-19,8:27:09
25-Apr-19,8:27:10
25-Apr-19,8:27:10
25-Apr-19,8:27:11
25-Apr-19,8:27:14
25-Apr-19,8:27:14
25-Apr-19,8:27:14
25-Apr-19,8:27:15
25-Apr-19,8:27:15
25-Apr-19,8:27:16
25-Apr-19,8:27:18
25-Apr-19,8:27:19
25-Apr-19,8:27:19
25-Apr-19,8:27:19
25-Apr-19,8:27:20
25-Apr-19,8:27:20
25-Apr-19,8:27:21
25-Apr-19,8:27:23
25-Apr-19,8:27:24
25-Apr-19,8:27:24
25-Apr-19,8:27:24
25-Apr-19,8:27:25
25-Apr-19,8:27:25
25-Apr-19,8:27:26
25-Apr-19,8:27:28
25-Apr-19,8:27:29
25-Apr-19,8:27:29
25-Apr-19,8:27:29
25-Apr-19,8:27:30
25-Apr-19,8:27:30
25-Apr-19,8:27:31
25-Apr-19,8:27:33
25-Apr-19,8:27:34
25-Apr-19,8:27:34
25-Apr-19,8:27:34
25-Apr-19,8:27:35
25-Apr-19,8:27:35
25-Apr-19,8:27:36
25-Apr-19,8:27:38
25-Apr-19,8:27:39
25-Apr-19,8:27:39
25-Apr-19,8:27:39
25-Apr-19,8:27:40
25-Apr-19,8:27:40
25-Apr-19,8:27:41
25-Apr-19,8:27:43
25-Apr-19,8:27:44
25-Apr-19,8:27:44
25-Apr-19,8:27:44
25-Apr-19,8:27:45
25-Apr-19,8:27:45
25-Apr-19,8:27:46
25-Apr-19,8:27:48
25-Apr-19,8:27:49
25-Apr-19,8:27:49
25-Apr-19,8:27:49
25-Apr-19,8:27:50
25-Apr-19,8:27:50
25-Apr-19,8:27:51
25-Apr-19,8:27:53
25-Apr-19,8:27:54
25-Apr-19,8:27:54
25-Apr-19,8:27:54
25-Apr-19,8:27:55
25-Apr-19,8:27:55
25-Apr-19,8:27:56
25-Apr-19,8:27:59
25-Apr-19,8:27:59
25-Apr-19,8:27:59
25-Apr-19,8:27:59
25-Apr-19,8:28:00
25-Apr-19,8:28:00
25-Apr-19,8:28:01
25-Apr-19,8:28:04
25-Apr-19,8:28:04
25-Apr-19,8:28:04
25-Apr-19,8:28:04
25-Apr-19,8:28:05
25-Apr-19,8:28:05
25-Apr-19,8:28:06
25-Apr-19,8:28:09
25-Apr-19,8:28:09
25-Apr-19,8:28:09
25-Apr-19,8:28:09
25-Apr-19,8:28:10
25-Apr-19,8:28:10
25-Apr-19,8:28:11
25-Apr-19,8:28:14
25-Apr-19,8:28:14
25-Apr-19,8:28:14
25-Apr-19,8:28:14
25-Apr-19,8:28:15
25-Apr-19,8:28:15
25-Apr-19,8:28:16
25-Apr-19,8:28:19
25-Apr-19,8:28:19
25-Apr-19,8:28:19
25-Apr-19,8:28:19
25-Apr-19,8:28:20
25-Apr-19,8:28:20
25-Apr-19,8:28:21
25-Apr-19,8:28:25
25-Apr-19,8:28:25
25-Apr-19,8:28:26
25-Apr-19,8:28:29
25-Apr-19,8:28:29
25-Apr-19,8:28:29
25-Apr-19,8:28:29
25-Apr-19,8:28:30
25-Apr-19,8:28:30
25-Apr-19,8:28:31
25-Apr-19,8:28:34
25-Apr-19,8:28:34
25-Apr-19,8:28:34
25-Apr-19,8:28:34
25-Apr-19,8:28:35
25-Apr-19,8:28:35
25-Apr-19,8:28:36
25-Apr-19,8:28:39
25-Apr-19,8:28:39
25-Apr-19,8:28:39
25-Apr-19,8:28:39
25-Apr-19,8:28:40
25-Apr-19,8:28:40
25-Apr-19,8:28:41
25-Apr-19,8:28:44
25-Apr-19,8:28:44
25-Apr-19,8:28:44
25-Apr-19,8:28:44
25-Apr-19,8:28:45
25-Apr-19,8:28:45
25-Apr-19,8:28:46
25-Apr-19,8:28:49
25-Apr-19,8:28:49
25-Apr-19,8:28:49
25-Apr-19,8:28:49
25-Apr-19,8:28:50
25-Apr-19,8:28:50
25-Apr-19,8:28:51
25-Apr-19,8:28:54
25-Apr-19,8:28:54
25-Apr-19,8:28:54
25-Apr-19,8:28:54
25-Apr-19,8:28:55
25-Apr-19,8:28:55
25-Apr-19,8:28:56
25-Apr-19,8:28:59
25-Apr-19,8:28:59
25-Apr-19,8:28:59
25-Apr-19,8:28:59
25-Apr-19,8:29:00
25-Apr-19,8:29:00
25-Apr-19,8:29:01
25-Apr-19,8:29:04
25-Apr-19,8:29:04
25-Apr-19,8:29:04
25-Apr-19,8:29:04
25-Apr-19,8:29:05
25-Apr-19,8:29:05
25-Apr-19,8:29:06
25-Apr-19,8:29:10
25-Apr-19,8:29:10
25-Apr-19,8:29:11
25-Apr-19,8:29:14
25-Apr-19,8:29:14
25-Apr-19,8:29:14
25-Apr-19,8:29:14
25-Apr-19,8:29:16
25-Apr-19,8:29:19
25-Apr-19,8:29:19
25-Apr-19,8:29:19
25-Apr-19,8:29:19
25-Apr-19,8:29:20
25-Apr-19,8:29:20
25-Apr-19,8:29:21
25-Apr-19,8:29:24
25-Apr-19,8:29:24
25-Apr-19,8:29:24
25-Apr-19,8:29:24
25-Apr-19,8:29:25
25-Apr-19,8:29:25
25-Apr-19,8:29:26
25-Apr-19,8:29:29
25-Apr-19,8:29:29
25-Apr-19,8:29:29
25-Apr-19,8:29:29
25-Apr-19,8:29:30
25-Apr-19,8:29:30
25-Apr-19,8:29:31
25-Apr-19,8:29:34
25-Apr-19,8:29:34
25-Apr-19,8:29:34
25-Apr-19,8:29:34
25-Apr-19,8:29:35
25-Apr-19,8:29:35
25-Apr-19,8:29:39
25-Apr-19,8:29:39
25-Apr-19,8:29:39
25-Apr-19,8:29:39
25-Apr-19,8:29:40
25-Apr-19,8:29:40
25-Apr-19,8:29:41
25-Apr-19,8:29:44
25-Apr-19,8:29:44
25-Apr-19,8:29:44
25-Apr-19,8:29:44
25-Apr-19,8:29:45
25-Apr-19,8:29:45
25-Apr-19,8:29:46
25-Apr-19,8:29:49
25-Apr-19,8:29:49
25-Apr-19,8:29:49
25-Apr-19,8:29:49
25-Apr-19,8:29:50
25-Apr-19,8:29:50
25-Apr-19,8:29:51
25-Apr-19,8:29:54
25-Apr-19,8:29:54
25-Apr-19,8:29:54
25-Apr-19,8:29:54
25-Apr-19,8:29:55
25-Apr-19,8:29:55
25-Apr-19,8:29:56
25-Apr-19,8:29:59
25-Apr-19,8:29:59
25-Apr-19,8:29:59
25-Apr-19,8:29:59
25-Apr-19,8:30:00
25-Apr-19,8:30:00
25-Apr-19,8:30:01
25-Apr-19,8:30:04
25-Apr-19,8:30:04
25-Apr-19,8:30:04
25-Apr-19,8:30:04
25-Apr-19,8:30:05
25-Apr-19,8:30:05
25-Apr-19,8:30:06
25-Apr-19,8:30:09
25-Apr-19,8:30:09
25-Apr-19,8:30:09
25-Apr-19,8:30:09
25-Apr-19,8:30:10
25-Apr-19,8:30:10
25-Apr-19,8:30:11
25-Apr-19,8:30:14
25-Apr-19,8:30:14
25-Apr-19,8:30:14
25-Apr-19,8:30:14
25-Apr-19,8:30:15
25-Apr-19,8:30:15
25-Apr-19,8:30:16
25-Apr-19,8:30:19
25-Apr-19,8:30:19
25-Apr-19,8:30:19
25-Apr-19,8:30:20
25-Apr-19,8:30:20
25-Apr-19,8:30:20
25-Apr-19,8:30:21
25-Apr-19,8:30:24
25-Apr-19,8:30:24
25-Apr-19,8:30:24
25-Apr-19,8:30:25
25-Apr-19,8:30:25
25-Apr-19,8:30:25
25-Apr-19,8:30:26
25-Apr-19,8:30:29
25-Apr-19,8:30:29
25-Apr-19,8:30:29
25-Apr-19,8:30:30
25-Apr-19,8:30:30
25-Apr-19,8:30:30
25-Apr-19,8:30:31
25-Apr-19,8:30:34
25-Apr-19,8:30:34
25-Apr-19,8:30:34
25-Apr-19,8:30:35
25-Apr-19,8:30:35
25-Apr-19,8:30:35
25-Apr-19,8:30:36
25-Apr-19,8:30:39
25-Apr-19,8:30:39
25-Apr-19,8:30:39
25-Apr-19,8:30:40
25-Apr-19,8:30:40
25-Apr-19,8:30:40
25-Apr-19,8:30:41
25-Apr-19,8:30:44
25-Apr-19,8:30:44
25-Apr-19,8:30:44
25-Apr-19,8:30:45
25-Apr-19,8:30:45
25-Apr-19,8:30:45
25-Apr-19,8:30:46
25-Apr-19,8:30:49
25-Apr-19,8:30:49
25-Apr-19,8:30:49
25-Apr-19,8:30:50
25-Apr-19,8:30:50
25-Apr-19,8:30:50
25-Apr-19,8:30:51
25-Apr-19,8:30:54
25-Apr-19,8:30:54
25-Apr-19,8:30:54
25-Apr-19,8:30:55
25-Apr-19,8:30:55
25-Apr-19,8:30:55
25-Apr-19,8:30:56
25-Apr-19,8:30:59
25-Apr-19,8:30:59
25-Apr-19,8:30:59
25-Apr-19,8:31:00
25-Apr-19,8:31:00
25-Apr-19,8:31:00
25-Apr-19,8:31:01
25-Apr-19,8:31:04
25-Apr-19,8:31:04
25-Apr-19,8:31:04
25-Apr-19,8:31:05
25-Apr-19,8:31:05
25-Apr-19,8:31:05
25-Apr-19,8:31:06
25-Apr-19,8:31:09
25-Apr-19,8:31:09
25-Apr-19,8:31:09
25-Apr-19,8:31:10
25-Apr-19,8:31:10
25-Apr-19,8:31:10
25-Apr-19,8:31:11
25-Apr-19,8:31:14
25-Apr-19,8:31:14
25-Apr-19,8:31:14
25-Apr-19,8:31:15
25-Apr-19,8:31:15
25-Apr-19,8:31:15
25-Apr-19,8:31:16
25-Apr-19,8:31:19
25-Apr-19,8:31:19
25-Apr-19,8:31:19
25-Apr-19,8:31:20
25-Apr-19,8:31:20
25-Apr-19,8:31:21
25-Apr-19,8:31:21
25-Apr-19,8:31:24
25-Apr-19,8:31:24
25-Apr-19,8:31:24
25-Apr-19,8:31:25
25-Apr-19,8:31:25
25-Apr-19,8:31:26
25-Apr-19,8:31:26
25-Apr-19,8:31:29
25-Apr-19,8:31:29
25-Apr-19,8:31:29
25-Apr-19,8:31:30
25-Apr-19,8:31:30
25-Apr-19,8:31:31
25-Apr-19,8:31:31
25-Apr-19,8:31:34
25-Apr-19,8:31:34
25-Apr-19,8:31:34
25-Apr-19,8:31:35
25-Apr-19,8:31:35
25-Apr-19,8:31:36
25-Apr-19,8:31:36
25-Apr-19,8:31:39
25-Apr-19,8:31:39
25-Apr-19,8:31:39
25-Apr-19,8:31:40
25-Apr-19,8:31:40
25-Apr-19,8:31:41
25-Apr-19,8:31:41
25-Apr-19,8:31:44
25-Apr-19,8:31:44
25-Apr-19,8:31:44
25-Apr-19,8:31:45
25-Apr-19,8:31:45
25-Apr-19,8:31:46
25-Apr-19,8:31:46
25-Apr-19,8:31:49
25-Apr-19,8:31:49
25-Apr-19,8:31:49
25-Apr-19,8:31:50
25-Apr-19,8:31:50
25-Apr-19,8:31:51
25-Apr-19,8:31:51
25-Apr-19,8:31:54
25-Apr-19,8:31:54
25-Apr-19,8:31:54
25-Apr-19,8:31:55
25-Apr-19,8:31:55
25-Apr-19,8:31:56
25-Apr-19,8:31:56
25-Apr-19,8:31:59
25-Apr-19,8:31:59
25-Apr-19,8:31:59
25-Apr-19,8:32:00
25-Apr-19,8:32:00
25-Apr-19,8:32:01
25-Apr-19,8:32:01
25-Apr-19,8:32:04
25-Apr-19,8:32:04
25-Apr-19,8:32:04
25-Apr-19,8:32:05
25-Apr-19,8:32:05
25-Apr-19,8:32:06
25-Apr-19,8:32:06
25-Apr-19,8:32:09
25-Apr-19,8:32:09
25-Apr-19,8:32:09
25-Apr-19,8:32:10
25-Apr-19,8:32:10
25-Apr-19,8:32:11
25-Apr-19,8:32:11
25-Apr-19,8:32:14
25-Apr-19,8:32:14
25-Apr-19,8:32:14
25-Apr-19,8:32:15
25-Apr-19,8:32:15
25-Apr-19,8:32:16
25-Apr-19,8:32:16
25-Apr-19,8:32:19
25-Apr-19,8:32:19
25-Apr-19,8:32:19
25-Apr-19,8:32:20
25-Apr-19,8:32:20
25-Apr-19,8:32:24
25-Apr-19,8:32:24
25-Apr-19,8:32:24
25-Apr-19,8:32:25
25-Apr-19,8:32:25
25-Apr-19,8:32:26
25-Apr-19,8:32:27
25-Apr-19,8:32:29
25-Apr-19,8:32:29
25-Apr-19,8:32:29
25-Apr-19,8:32:30
25-Apr-19,8:32:30
25-Apr-19,8:32:31
25-Apr-19,8:32:32
25-Apr-19,8:32:34
25-Apr-19,8:32:34
25-Apr-19,8:32:34
25-Apr-19,8:32:35
25-Apr-19,8:32:35
25-Apr-19,8:32:36
25-Apr-19,8:32:37
25-Apr-19,8:32:39
25-Apr-19,8:32:39
25-Apr-19,8:32:39
25-Apr-19,8:32:40
25-Apr-19,8:32:40
25-Apr-19,8:32:41
25-Apr-19,8:32:42
25-Apr-19,8:32:44
25-Apr-19,8:32:44
25-Apr-19,8:32:44
25-Apr-19,8:32:45
25-Apr-19,8:32:45
25-Apr-19,8:32:46
25-Apr-19,8:32:47
25-Apr-19,8:32:49
25-Apr-19,8:32:49
25-Apr-19,8:32:49
25-Apr-19,8:32:50
25-Apr-19,8:32:50
25-Apr-19,8:32:51
25-Apr-19,8:32:52
25-Apr-19,8:32:54
25-Apr-19,8:32:54
25-Apr-19,8:32:54
25-Apr-19,8:32:55
25-Apr-19,8:32:55
25-Apr-19,8:32:56
25-Apr-19,8:32:57
25-Apr-19,8:32:59
25-Apr-19,8:32:59
25-Apr-19,8:32:59
25-Apr-19,8:33:00
25-Apr-19,8:33:00
25-Apr-19,8:33:01
25-Apr-19,8:33:02
25-Apr-19,8:33:04
25-Apr-19,8:33:04
25-Apr-19,8:33:04
25-Apr-19,8:33:05
25-Apr-19,8:33:05
25-Apr-19,8:33:06
25-Apr-19,8:33:09
25-Apr-19,8:33:09
25-Apr-19,8:33:09
25-Apr-19,8:33:10
25-Apr-19,8:33:10
25-Apr-19,8:33:11
25-Apr-19,8:33:12
25-Apr-19,8:33:14
25-Apr-19,8:33:14
25-Apr-19,8:33:14
25-Apr-19,8:33:15
25-Apr-19,8:33:15
25-Apr-19,8:33:16
25-Apr-19,8:33:17
25-Apr-19,8:33:19
25-Apr-19,8:33:19
25-Apr-19,8:33:19
25-Apr-19,8:33:20
25-Apr-19,8:33:20
25-Apr-19,8:33:21
25-Apr-19,8:33:22
25-Apr-19,8:33:24
25-Apr-19,8:33:24
25-Apr-19,8:33:24
25-Apr-19,8:33:25
25-Apr-19,8:33:25
25-Apr-19,8:33:26
25-Apr-19,8:33:27
25-Apr-19,8:33:29
25-Apr-19,8:33:29
25-Apr-19,8:33:29
25-Apr-19,8:33:30
25-Apr-19,8:33:30
25-Apr-19,8:33:31
25-Apr-19,8:33:32
25-Apr-19,8:33:34
25-Apr-19,8:33:34
25-Apr-19,8:33:34
25-Apr-19,8:33:35
25-Apr-19,8:33:35
25-Apr-19,8:33:37
25-Apr-19,8:33:39
25-Apr-19,8:33:39
25-Apr-19,8:33:39
25-Apr-19,8:33:40
25-Apr-19,8:33:40
25-Apr-19,8:33:41
25-Apr-19,8:33:44
25-Apr-19,8:33:44
25-Apr-19,8:33:44
25-Apr-19,8:33:45
25-Apr-19,8:33:45
25-Apr-19,8:33:46
25-Apr-19,8:33:47
25-Apr-19,8:33:49
25-Apr-19,8:33:49
25-Apr-19,8:33:49
25-Apr-19,8:33:51
25-Apr-19,8:33:52
25-Apr-19,8:33:54
25-Apr-19,8:33:54
25-Apr-19,8:33:54
25-Apr-19,8:33:56
25-Apr-19,8:33:57
25-Apr-19,8:33:59
25-Apr-19,8:33:59
25-Apr-19,8:33:59
25-Apr-19,8:34:00
25-Apr-19,8:34:00
25-Apr-19,8:34:01
25-Apr-19,8:34:02
25-Apr-19,8:34:04
25-Apr-19,8:34:04
25-Apr-19,8:34:04
25-Apr-19,8:34:05
25-Apr-19,8:34:05
25-Apr-19,8:34:06
25-Apr-19,8:34:07
25-Apr-19,8:34:09
25-Apr-19,8:34:09
25-Apr-19,8:34:09
25-Apr-19,8:34:10
25-Apr-19,8:34:10
25-Apr-19,8:34:11
25-Apr-19,8:34:12
25-Apr-19,8:34:14
25-Apr-19,8:34:14
25-Apr-19,8:34:14
25-Apr-19,8:34:15
25-Apr-19,8:34:15
25-Apr-19,8:34:16
25-Apr-19,8:34:17
25-Apr-19,8:34:19
25-Apr-19,8:34:19
25-Apr-19,8:34:19
25-Apr-19,8:34:20
25-Apr-19,8:34:20
25-Apr-19,8:34:21
25-Apr-19,8:34:22
25-Apr-19,8:34:24
25-Apr-19,8:34:24
25-Apr-19,8:34:24
25-Apr-19,8:34:25
25-Apr-19,8:34:25
25-Apr-19,8:34:26
25-Apr-19,8:34:27
25-Apr-19,8:34:29
25-Apr-19,8:34:29
25-Apr-19,8:34:29
25-Apr-19,8:34:30
25-Apr-19,8:34:30
25-Apr-19,8:34:31
25-Apr-19,8:34:32
25-Apr-19,8:34:34
25-Apr-19,8:34:34
25-Apr-19,8:34:34
25-Apr-19,8:34:35
25-Apr-19,8:34:35
25-Apr-19,8:34:36
25-Apr-19,8:34:37
25-Apr-19,8:34:39
25-Apr-19,8:34:39
25-Apr-19,8:34:39
25-Apr-19,8:34:40
25-Apr-19,8:34:40
25-Apr-19,8:34:41
25-Apr-19,8:34:42
25-Apr-19,8:34:44
25-Apr-19,8:34:44
25-Apr-19,8:34:44
25-Apr-19,8:34:45
25-Apr-19,8:34:45
25-Apr-19,8:34:46
25-Apr-19,8:34:47
25-Apr-19,8:34:50
25-Apr-19,8:34:50
25-Apr-19,8:34:54
25-Apr-19,8:34:54
25-Apr-19,8:34:54
25-Apr-19,8:34:55
25-Apr-19,8:34:55
25-Apr-19,8:34:56
25-Apr-19,8:34:57
25-Apr-19,8:35:00
25-Apr-19,8:35:00
25-Apr-19,8:35:01
25-Apr-19,8:35:02
25-Apr-19,8:35:04
25-Apr-19,8:35:04
25-Apr-19,8:35:04
25-Apr-19,8:35:05
25-Apr-19,8:35:05
25-Apr-19,8:35:06
25-Apr-19,8:35:07
25-Apr-19,8:35:09
25-Apr-19,8:35:09
25-Apr-19,8:35:09
25-Apr-19,8:35:10
25-Apr-19,8:35:10
25-Apr-19,8:35:11
25-Apr-19,8:35:12
25-Apr-19,8:35:14
25-Apr-19,8:35:14
25-Apr-19,8:35:14
25-Apr-19,8:35:15
25-Apr-19,8:35:15
25-Apr-19,8:35:16
25-Apr-19,8:35:17
25-Apr-19,8:35:20
25-Apr-19,8:35:20
25-Apr-19,8:35:21
25-Apr-19,8:35:22
25-Apr-19,8:35:27
25-Apr-19,8:35:29
25-Apr-19,8:35:29
25-Apr-19,8:35:29
25-Apr-19,8:35:30
25-Apr-19,8:35:30
25-Apr-19,8:35:31
25-Apr-19,8:35:32
25-Apr-19,8:35:34
25-Apr-19,8:35:34
25-Apr-19,8:35:34
25-Apr-19,8:35:36
25-Apr-19,8:35:37
25-Apr-19,8:35:40
25-Apr-19,8:35:40
25-Apr-19,8:35:41
25-Apr-19,8:35:42
25-Apr-19,8:35:44
25-Apr-19,8:35:44
25-Apr-19,8:35:44
25-Apr-19,8:35:45
25-Apr-19,8:35:45
25-Apr-19,8:35:46
25-Apr-19,8:35:47
25-Apr-19,8:35:49
25-Apr-19,8:35:49
25-Apr-19,8:35:49
25-Apr-19,8:35:50
25-Apr-19,8:35:50
25-Apr-19,8:35:51
25-Apr-19,8:35:52
25-Apr-19,8:35:54
25-Apr-19,8:35:54
25-Apr-19,8:35:54
25-Apr-19,8:35:55
25-Apr-19,8:35:55
25-Apr-19,8:35:56
25-Apr-19,8:35:57
25-Apr-19,8:35:59
25-Apr-19,8:35:59
25-Apr-19,8:35:59
25-Apr-19,8:36:00
25-Apr-19,8:36:00
25-Apr-19,8:36:01
25-Apr-19,8:36:02
25-Apr-19,8:36:04
25-Apr-19,8:36:04
25-Apr-19,8:36:04
25-Apr-19,8:36:05
25-Apr-19,8:36:05
25-Apr-19,8:36:06
25-Apr-19,8:36:07
25-Apr-19,8:36:09
25-Apr-19,8:36:09
25-Apr-19,8:36:09
25-Apr-19,8:36:10
25-Apr-19,8:36:10
25-Apr-19,8:36:11
25-Apr-19,8:36:12
25-Apr-19,8:36:14
25-Apr-19,8:36:14
25-Apr-19,8:36:14
25-Apr-19,8:36:15
25-Apr-19,8:36:15
25-Apr-19,8:36:16
25-Apr-19,8:36:17
25-Apr-19,8:36:19
25-Apr-19,8:36:19
25-Apr-19,8:36:19
25-Apr-19,8:36:20
25-Apr-19,8:36:20
25-Apr-19,8:36:21
25-Apr-19,8:36:22
25-Apr-19,8:36:24
25-Apr-19,8:36:24
25-Apr-19,8:36:24
25-Apr-19,8:36:25
25-Apr-19,8:36:25
25-Apr-19,8:36:26
25-Apr-19,8:36:27
25-Apr-19,8:36:29
25-Apr-19,8:36:29
25-Apr-19,8:36:29
25-Apr-19,8:36:30
25-Apr-19,8:36:30
25-Apr-19,8:36:31
25-Apr-19,8:36:32
25-Apr-19,8:36:34
25-Apr-19,8:36:34
25-Apr-19,8:36:35
25-Apr-19,8:36:35
25-Apr-19,8:36:35
25-Apr-19,8:36:36
25-Apr-19,8:36:37
25-Apr-19,8:36:39
25-Apr-19,8:36:39
25-Apr-19,8:36:40
25-Apr-19,8:36:40
25-Apr-19,8:36:40
25-Apr-19,8:36:41
25-Apr-19,8:36:42
25-Apr-19,8:36:44
25-Apr-19,8:36:44
25-Apr-19,8:36:45
25-Apr-19,8:36:45
25-Apr-19,8:36:45
25-Apr-19,8:36:46
25-Apr-19,8:36:47
25-Apr-19,8:36:49
25-Apr-19,8:36:49
25-Apr-19,8:36:50
25-Apr-19,8:36:50
25-Apr-19,8:36:50
25-Apr-19,8:36:51
25-Apr-19,8:36:52
25-Apr-19,8:36:54
25-Apr-19,8:36:55
25-Apr-19,8:36:55
25-Apr-19,8:36:55
25-Apr-19,8:36:55
25-Apr-19,8:36:56
25-Apr-19,8:36:57
25-Apr-19,8:36:59
25-Apr-19,8:37:00
25-Apr-19,8:37:00
25-Apr-19,8:37:00
25-Apr-19,8:37:00
25-Apr-19,8:37:01
25-Apr-19,8:37:02
25-Apr-19,8:37:04
25-Apr-19,8:37:05
25-Apr-19,8:37:05
25-Apr-19,8:37:05
25-Apr-19,8:37:05
25-Apr-19,8:37:06
25-Apr-19,8:37:07
25-Apr-19,8:37:09
25-Apr-19,8:37:10
25-Apr-19,8:37:10
25-Apr-19,8:37:10
25-Apr-19,8:37:10
25-Apr-19,8:37:11
25-Apr-19,8:37:12
25-Apr-19,8:37:14
25-Apr-19,8:37:15
25-Apr-19,8:37:15
25-Apr-19,8:37:15
25-Apr-19,8:37:15
25-Apr-19,8:37:17
25-Apr-19,8:37:19
25-Apr-19,8:37:20
25-Apr-19,8:37:20
25-Apr-19,8:37:20
25-Apr-19,8:37:20
25-Apr-19,8:37:21
25-Apr-19,8:37:22
25-Apr-19,8:37:24
25-Apr-19,8:37:25
25-Apr-19,8:37:25
25-Apr-19,8:37:25
25-Apr-19,8:37:25
25-Apr-19,8:37:26
25-Apr-19,8:37:27
25-Apr-19,8:37:29
25-Apr-19,8:37:30
25-Apr-19,8:37:30
25-Apr-19,8:37:30
25-Apr-19,8:37:30
25-Apr-19,8:37:31
25-Apr-19,8:37:32
25-Apr-19,8:37:34
25-Apr-19,8:37:36
25-Apr-19,8:37:37
25-Apr-19,8:37:40
25-Apr-19,8:37:40
25-Apr-19,8:37:40
25-Apr-19,8:37:40
25-Apr-19,8:37:45
25-Apr-19,8:37:45
25-Apr-19,8:37:45
25-Apr-19,8:37:45
25-Apr-19,8:37:46
25-Apr-19,8:37:47
25-Apr-19,8:37:49
25-Apr-19,8:37:50
25-Apr-19,8:37:50
25-Apr-19,8:37:50
25-Apr-19,8:37:50
25-Apr-19,8:37:51
25-Apr-19,8:37:52
25-Apr-19,8:37:54
25-Apr-19,8:37:55
25-Apr-19,8:37:55
25-Apr-19,8:37:55
25-Apr-19,8:37:55
25-Apr-19,8:37:56
25-Apr-19,8:37:57
25-Apr-19,8:37:59
25-Apr-19,8:38:00
25-Apr-19,8:38:00
25-Apr-19,8:38:00
25-Apr-19,8:38:00
25-Apr-19,8:38:01
25-Apr-19,8:38:02
25-Apr-19,8:38:04
25-Apr-19,8:38:05
25-Apr-19,8:38:05
25-Apr-19,8:38:05
25-Apr-19,8:38:05
25-Apr-19,8:38:06
25-Apr-19,8:38:07
25-Apr-19,8:38:09
25-Apr-19,8:38:10
25-Apr-19,8:38:10
25-Apr-19,8:38:10
25-Apr-19,8:38:10
25-Apr-19,8:38:11
25-Apr-19,8:38:12
25-Apr-19,8:38:14
25-Apr-19,8:38:15
25-Apr-19,8:38:15
25-Apr-19,8:38:15
25-Apr-19,8:38:15
25-Apr-19,8:38:16
25-Apr-19,8:38:17
25-Apr-19,8:38:19
25-Apr-19,8:38:20
25-Apr-19,8:38:20
25-Apr-19,8:38:20
25-Apr-19,8:38:20
25-Apr-19,8:38:21
25-Apr-19,8:38:22
25-Apr-19,8:38:24
25-Apr-19,8:38:25
25-Apr-19,8:38:25
25-Apr-19,8:38:25
25-Apr-19,8:38:25
25-Apr-19,8:38:26
25-Apr-19,8:38:27
25-Apr-19,8:38:29
25-Apr-19,8:38:30
25-Apr-19,8:38:30
25-Apr-19,8:38:30
25-Apr-19,8:38:30
25-Apr-19,8:38:31
25-Apr-19,8:38:32
25-Apr-19,8:38:34
25-Apr-19,8:38:35
25-Apr-19,8:38:35
25-Apr-19,8:38:35
25-Apr-19,8:38:35
25-Apr-19,8:38:36
25-Apr-19,8:38:37
25-Apr-19,8:38:39
25-Apr-19,8:38:40
25-Apr-19,8:38:40
25-Apr-19,8:38:40
25-Apr-19,8:38:40
25-Apr-19,8:38:41
25-Apr-19,8:38:42
25-Apr-19,8:38:44
25-Apr-19,8:38:45
25-Apr-19,8:38:45
25-Apr-19,8:38:45
25-Apr-19,8:38:45
25-Apr-19,8:38:46
25-Apr-19,8:38:47
25-Apr-19,8:38:49
25-Apr-19,8:38:50
25-Apr-19,8:38:50
25-Apr-19,8:38:50
25-Apr-19,8:38:50
25-Apr-19,8:38:51
25-Apr-19,8:38:52
25-Apr-19,8:38:54
25-Apr-19,8:38:55
25-Apr-19,8:38:55
25-Apr-19,8:38:55
25-Apr-19,8:38:55
25-Apr-19,8:38:56
25-Apr-19,8:38:57
25-Apr-19,8:38:59
25-Apr-19,8:39:00
25-Apr-19,8:39:00
25-Apr-19,8:39:00
25-Apr-19,8:39:00
25-Apr-19,8:39:01
25-Apr-19,8:39:02
25-Apr-19,8:39:04
25-Apr-19,8:39:05
25-Apr-19,8:39:05
25-Apr-19,8:39:05
25-Apr-19,8:39:05
25-Apr-19,8:39:06
25-Apr-19,8:39:07
25-Apr-19,8:39:09
25-Apr-19,8:39:10
25-Apr-19,8:39:10
25-Apr-19,8:39:10
25-Apr-19,8:39:10
25-Apr-19,8:39:11
25-Apr-19,8:39:12
25-Apr-19,8:39:14
25-Apr-19,8:39:15
25-Apr-19,8:39:15
25-Apr-19,8:39:15
25-Apr-19,8:39:15
25-Apr-19,8:39:16
25-Apr-19,8:39:17
25-Apr-19,8:39:19
25-Apr-19,8:39:20
25-Apr-19,8:39:20
25-Apr-19,8:39:20
25-Apr-19,8:39:20
25-Apr-19,8:39:21
25-Apr-19,8:39:22
25-Apr-19,8:39:24
25-Apr-19,8:39:25
25-Apr-19,8:39:25
25-Apr-19,8:39:25
25-Apr-19,8:39:26
25-Apr-19,8:39:26
25-Apr-19,8:39:27
25-Apr-19,8:39:29
25-Apr-19,8:39:30
25-Apr-19,8:39:30
25-Apr-19,8:39:30
25-Apr-19,8:39:31
25-Apr-19,8:39:31
25-Apr-19,8:39:32
25-Apr-19,8:39:34
25-Apr-19,8:39:35
25-Apr-19,8:39:35
25-Apr-19,8:39:35
25-Apr-19,8:39:36
25-Apr-19,8:39:36
25-Apr-19,8:39:37
25-Apr-19,8:39:39
25-Apr-19,8:39:40
25-Apr-19,8:39:40
25-Apr-19,8:39:40
25-Apr-19,8:39:41
25-Apr-19,8:39:41
25-Apr-19,8:39:42
25-Apr-19,8:39:44
25-Apr-19,8:39:45
25-Apr-19,8:39:45
25-Apr-19,8:39:45
25-Apr-19,8:39:46
25-Apr-19,8:39:46
25-Apr-19,8:39:47
25-Apr-19,8:39:49
25-Apr-19,8:39:50
25-Apr-19,8:39:50
25-Apr-19,8:39:50
25-Apr-19,8:39:51
25-Apr-19,8:39:51
25-Apr-19,8:39:52
25-Apr-19,8:39:54
25-Apr-19,8:39:55
25-Apr-19,8:39:55
25-Apr-19,8:39:55
25-Apr-19,8:39:56
25-Apr-19,8:39:56
25-Apr-19,8:39:57
25-Apr-19,8:39:59
25-Apr-19,8:40:00
25-Apr-19,8:40:00
25-Apr-19,8:40:00
25-Apr-19,8:40:01
25-Apr-19,8:40:01
25-Apr-19,8:40:02
25-Apr-19,8:40:04
25-Apr-19,8:40:05
25-Apr-19,8:40:05
25-Apr-19,8:40:05
25-Apr-19,8:40:06
25-Apr-19,8:40:06
25-Apr-19,8:40:07
25-Apr-19,8:40:09
25-Apr-19,8:40:10
25-Apr-19,8:40:10
25-Apr-19,8:40:10
25-Apr-19,8:40:11
25-Apr-19,8:40:11
25-Apr-19,8:40:12
25-Apr-19,8:40:14
25-Apr-19,8:40:15
25-Apr-19,8:40:15
25-Apr-19,8:40:15
25-Apr-19,8:40:16
25-Apr-19,8:40:16
25-Apr-19,8:40:17
25-Apr-19,8:40:19
25-Apr-19,8:40:20
25-Apr-19,8:40:20
25-Apr-19,8:40:20
25-Apr-19,8:40:21
25-Apr-19,8:40:21
25-Apr-19,8:40:22
25-Apr-19,8:40:24
25-Apr-19,8:40:25
25-Apr-19,8:40:25
25-Apr-19,8:40:25
25-Apr-19,8:40:26
25-Apr-19,8:40:26
25-Apr-19,8:40:27
25-Apr-19,8:40:29
25-Apr-19,8:40:30
25-Apr-19,8:40:30
25-Apr-19,8:40:30
25-Apr-19,8:40:31
25-Apr-19,8:40:31
25-Apr-19,8:40:32
25-Apr-19,8:40:34
25-Apr-19,8:40:35
25-Apr-19,8:40:35
25-Apr-19,8:40:35
25-Apr-19,8:40:36
25-Apr-19,8:40:36
25-Apr-19,8:40:37
25-Apr-19,8:40:39
25-Apr-19,8:40:40
25-Apr-19,8:40:40
25-Apr-19,8:40:40
25-Apr-19,8:40:41
25-Apr-19,8:40:41
25-Apr-19,8:40:42
25-Apr-19,8:40:44
25-Apr-19,8:40:45
25-Apr-19,8:40:45
25-Apr-19,8:40:45
25-Apr-19,8:40:46
25-Apr-19,8:40:46
25-Apr-19,8:40:47
25-Apr-19,8:40:49
25-Apr-19,8:40:50
25-Apr-19,8:40:50
25-Apr-19,8:40:50
25-Apr-19,8:40:51
25-Apr-19,8:40:51
25-Apr-19,8:40:52
25-Apr-19,8:40:54
25-Apr-19,8:40:55
25-Apr-19,8:40:55
25-Apr-19,8:40:55
25-Apr-19,8:40:56
25-Apr-19,8:40:56
25-Apr-19,8:40:57
25-Apr-19,8:40:59
25-Apr-19,8:41:00
25-Apr-19,8:41:00
25-Apr-19,8:41:00
25-Apr-19,8:41:02
25-Apr-19,8:41:04
25-Apr-19,8:41:05
25-Apr-19,8:41:05
25-Apr-19,8:41:05
25-Apr-19,8:41:06
25-Apr-19,8:41:06
25-Apr-19,8:41:07
25-Apr-19,8:41:09
25-Apr-19,8:41:10
25-Apr-19,8:41:10
25-Apr-19,8:41:10
25-Apr-19,8:41:11
25-Apr-19,8:41:11
25-Apr-19,8:41:12
25-Apr-19,8:41:14
25-Apr-19,8:41:15
25-Apr-19,8:41:15
25-Apr-19,8:41:15
25-Apr-19,8:41:16
25-Apr-19,8:41:16
25-Apr-19,8:41:17
25-Apr-19,8:41:19
25-Apr-19,8:41:20
25-Apr-19,8:41:20
25-Apr-19,8:41:20
25-Apr-19,8:41:21
25-Apr-19,8:41:21
25-Apr-19,8:41:22
25-Apr-19,8:41:24
25-Apr-19,8:41:25
25-Apr-19,8:41:25
25-Apr-19,8:41:25
25-Apr-19,8:41:26
25-Apr-19,8:41:26
25-Apr-19,8:41:27
25-Apr-19,8:41:29
25-Apr-19,8:41:30
25-Apr-19,8:41:30
25-Apr-19,8:41:30
25-Apr-19,8:41:31
25-Apr-19,8:41:31
25-Apr-19,8:41:32
25-Apr-19,8:41:34
25-Apr-19,8:41:35
25-Apr-19,8:41:35
25-Apr-19,8:41:35
25-Apr-19,8:41:36
25-Apr-19,8:41:36
25-Apr-19,8:41:37
25-Apr-19,8:41:39
25-Apr-19,8:41:40
25-Apr-19,8:41:40
25-Apr-19,8:41:40
25-Apr-19,8:41:41
25-Apr-19,8:41:41
25-Apr-19,8:41:42
25-Apr-19,8:41:44
25-Apr-19,8:41:45
25-Apr-19,8:41:45
25-Apr-19,8:41:45
25-Apr-19,8:41:46
25-Apr-19,8:41:46
25-Apr-19,8:41:47
25-Apr-19,8:41:49
25-Apr-19,8:41:50
25-Apr-19,8:41:50
25-Apr-19,8:41:50
25-Apr-19,8:41:51
25-Apr-19,8:41:51
25-Apr-19,8:41:52
25-Apr-19,8:41:55
25-Apr-19,8:41:55
25-Apr-19,8:41:55
25-Apr-19,8:41:56
25-Apr-19,8:41:56
25-Apr-19,8:41:57
25-Apr-19,8:41:59
25-Apr-19,8:42:01
25-Apr-19,8:42:01
25-Apr-19,8:42:02
25-Apr-19,8:42:04
25-Apr-19,8:42:05
25-Apr-19,8:42:05
25-Apr-19,8:42:05
25-Apr-19,8:42:06
25-Apr-19,8:42:06
25-Apr-19,8:42:07
25-Apr-19,8:42:09
25-Apr-19,8:42:10
25-Apr-19,8:42:10
25-Apr-19,8:42:10
25-Apr-19,8:42:11
25-Apr-19,8:42:11
25-Apr-19,8:42:12
25-Apr-19,8:42:14
25-Apr-19,8:42:15
25-Apr-19,8:42:15
25-Apr-19,8:42:15
25-Apr-19,8:42:16
25-Apr-19,8:42:16
25-Apr-19,8:42:17
25-Apr-19,8:42:19
25-Apr-19,8:42:20
25-Apr-19,8:42:20
25-Apr-19,8:42:20
25-Apr-19,8:42:21
25-Apr-19,8:42:21
25-Apr-19,8:42:22
25-Apr-19,8:42:24
25-Apr-19,8:42:25
25-Apr-19,8:42:25
25-Apr-19,8:42:25
25-Apr-19,8:42:26
25-Apr-19,8:42:26
25-Apr-19,8:42:27
25-Apr-19,8:42:31
25-Apr-19,8:42:31
25-Apr-19,8:42:34
25-Apr-19,8:42:35
25-Apr-19,8:42:35
25-Apr-19,8:42:35
25-Apr-19,8:42:36
25-Apr-19,8:42:36
25-Apr-19,8:42:37
25-Apr-19,8:42:39
25-Apr-19,8:42:40
25-Apr-19,8:42:40
25-Apr-19,8:42:40
25-Apr-19,8:42:41
25-Apr-19,8:42:41
25-Apr-19,8:42:42
25-Apr-19,8:42:44
25-Apr-19,8:42:45
25-Apr-19,8:42:45
25-Apr-19,8:42:45
25-Apr-19,8:42:46
25-Apr-19,8:42:46
25-Apr-19,8:42:47
25-Apr-19,8:42:49
25-Apr-19,8:42:50
25-Apr-19,8:42:50
25-Apr-19,8:42:50
25-Apr-19,8:42:51
25-Apr-19,8:42:51
25-Apr-19,8:42:52
25-Apr-19,8:42:54
25-Apr-19,8:42:55
25-Apr-19,8:42:55
25-Apr-19,8:42:55
25-Apr-19,8:42:56
25-Apr-19,8:42:56
25-Apr-19,8:42:57
25-Apr-19,8:42:59
25-Apr-19,8:43:00
25-Apr-19,8:43:00
25-Apr-19,8:43:00
25-Apr-19,8:43:01
25-Apr-19,8:43:01
25-Apr-19,8:43:02
25-Apr-19,8:43:04
25-Apr-19,8:43:05
25-Apr-19,8:43:05
25-Apr-19,8:43:05
25-Apr-19,8:43:06
25-Apr-19,8:43:06
25-Apr-19,8:43:07
25-Apr-19,8:43:09
25-Apr-19,8:43:10
25-Apr-19,8:43:10
25-Apr-19,8:43:10
25-Apr-19,8:43:14
25-Apr-19,8:43:15
25-Apr-19,8:43:15
25-Apr-19,8:43:15
25-Apr-19,8:43:16
25-Apr-19,8:43:16
25-Apr-19,8:43:17
25-Apr-19,8:43:19
25-Apr-19,8:43:20
25-Apr-19,8:43:20
25-Apr-19,8:43:20
25-Apr-19,8:43:21
25-Apr-19,8:43:21
25-Apr-19,8:43:22
25-Apr-19,8:43:24
25-Apr-19,8:43:25
25-Apr-19,8:43:25
25-Apr-19,8:43:25
25-Apr-19,8:43:26
25-Apr-19,8:43:26
25-Apr-19,8:43:27
25-Apr-19,8:43:29
25-Apr-19,8:43:30
25-Apr-19,8:43:30
25-Apr-19,8:43:30
25-Apr-19,8:43:31
25-Apr-19,8:43:31
25-Apr-19,8:43:32
25-Apr-19,8:43:34
25-Apr-19,8:43:35
25-Apr-19,8:43:35
25-Apr-19,8:43:35
25-Apr-19,8:43:36
25-Apr-19,8:43:36
25-Apr-19,8:43:37
25-Apr-19,8:43:40
25-Apr-19,8:43:40
25-Apr-19,8:43:40
25-Apr-19,8:43:40
25-Apr-19,8:43:41
25-Apr-19,8:43:41
25-Apr-19,8:43:42
25-Apr-19,8:43:45
25-Apr-19,8:43:45
25-Apr-19,8:43:45
25-Apr-19,8:43:45
25-Apr-19,8:43:46
25-Apr-19,8:43:46
25-Apr-19,8:43:48
25-Apr-19,8:43:50
25-Apr-19,8:43:50
25-Apr-19,8:43:50
25-Apr-19,8:43:50
25-Apr-19,8:43:51
25-Apr-19,8:43:51
25-Apr-19,8:43:53
25-Apr-19,8:43:55
25-Apr-19,8:43:55
25-Apr-19,8:43:55
25-Apr-19,8:43:55
25-Apr-19,8:43:56
25-Apr-19,8:43:56
25-Apr-19,8:43:58
25-Apr-19,8:44:00
25-Apr-19,8:44:00
25-Apr-19,8:44:00
25-Apr-19,8:44:00
25-Apr-19,8:44:03
25-Apr-19,8:44:05
25-Apr-19,8:44:05
25-Apr-19,8:44:05
25-Apr-19,8:44:05
25-Apr-19,8:44:06
25-Apr-19,8:44:06
25-Apr-19,8:44:08
25-Apr-19,8:44:10
25-Apr-19,8:44:10
25-Apr-19,8:44:10
25-Apr-19,8:44:10
25-Apr-19,8:44:11
25-Apr-19,8:44:11
25-Apr-19,8:44:13
25-Apr-19,8:44:15
25-Apr-19,8:44:15
25-Apr-19,8:44:15
25-Apr-19,8:44:15
25-Apr-19,8:44:16
25-Apr-19,8:44:16
25-Apr-19,8:44:18
25-Apr-19,8:44:20
25-Apr-19,8:44:20
25-Apr-19,8:44:20
25-Apr-19,8:44:20
25-Apr-19,8:44:21
25-Apr-19,8:44:22
25-Apr-19,8:44:23
25-Apr-19,8:44:25
25-Apr-19,8:44:25
25-Apr-19,8:44:25
25-Apr-19,8:44:26
25-Apr-19,8:44:26
25-Apr-19,8:44:27
25-Apr-19,8:44:28
25-Apr-19,8:44:30
25-Apr-19,8:44:30
25-Apr-19,8:44:30
25-Apr-19,8:44:31
25-Apr-19,8:44:31
25-Apr-19,8:44:32
25-Apr-19,8:44:33
25-Apr-19,8:44:35
25-Apr-19,8:44:35
25-Apr-19,8:44:35
25-Apr-19,8:44:36
25-Apr-19,8:44:36
25-Apr-19,8:44:37
25-Apr-19,8:44:38
25-Apr-19,8:44:40
25-Apr-19,8:44:40
25-Apr-19,8:44:40
25-Apr-19,8:44:41
25-Apr-19,8:44:41
25-Apr-19,8:44:42
25-Apr-19,8:44:43
25-Apr-19,8:44:45
25-Apr-19,8:44:45
25-Apr-19,8:44:45
25-Apr-19,8:44:46
25-Apr-19,8:44:46
25-Apr-19,8:44:47
25-Apr-19,8:44:48
25-Apr-19,8:44:50
25-Apr-19,8:44:50
25-Apr-19,8:44:50
25-Apr-19,8:44:51
25-Apr-19,8:44:51
25-Apr-19,8:44:52
25-Apr-19,8:44:53
25-Apr-19,8:44:55
25-Apr-19,8:44:55
25-Apr-19,8:44:55
25-Apr-19,8:44:56
25-Apr-19,8:44:56
25-Apr-19,8:44:57
25-Apr-19,8:44:58
25-Apr-19,8:45:00
25-Apr-19,8:45:00
25-Apr-19,8:45:00
25-Apr-19,8:45:01
25-Apr-19,8:45:01
25-Apr-19,8:45:02
25-Apr-19,8:45:03
25-Apr-19,8:45:05
25-Apr-19,8:45:05
25-Apr-19,8:45:05
25-Apr-19,8:45:06
25-Apr-19,8:45:06
25-Apr-19,8:45:07
25-Apr-19,8:45:08
25-Apr-19,8:45:10
25-Apr-19,8:45:10
25-Apr-19,8:45:10
25-Apr-19,8:45:11
25-Apr-19,8:45:11
25-Apr-19,8:45:12
25-Apr-19,8:45:13
25-Apr-19,8:45:15
25-Apr-19,8:45:15
25-Apr-19,8:45:15
25-Apr-19,8:45:16
25-Apr-19,8:45:16
25-Apr-19,8:45:17
25-Apr-19,8:45:18
25-Apr-19,8:45:20
25-Apr-19,8:45:20
25-Apr-19,8:45:20
25-Apr-19,8:45:21
25-Apr-19,8:45:21
25-Apr-19,8:45:22
25-Apr-19,8:45:23
25-Apr-19,8:45:25
25-Apr-19,8:45:25
25-Apr-19,8:45:25
25-Apr-19,8:45:26
25-Apr-19,8:45:26
25-Apr-19,8:45:27
25-Apr-19,8:45:28
25-Apr-19,8:45:30
25-Apr-19,8:45:30
25-Apr-19,8:45:30
25-Apr-19,8:45:31
25-Apr-19,8:45:31
25-Apr-19,8:45:32
25-Apr-19,8:45:33
25-Apr-19,8:45:35
25-Apr-19,8:45:35
25-Apr-19,8:45:35
25-Apr-19,8:45:36
25-Apr-19,8:45:36
25-Apr-19,8:45:37
25-Apr-19,8:45:38
25-Apr-19,8:45:40
25-Apr-19,8:45:40
25-Apr-19,8:45:40
25-Apr-19,8:45:41
25-Apr-19,8:45:41
25-Apr-19,8:45:42
25-Apr-19,8:45:45
25-Apr-19,8:45:45
25-Apr-19,8:45:45
25-Apr-19,8:45:46
25-Apr-19,8:45:46
25-Apr-19,8:45:47
25-Apr-19,8:45:48
25-Apr-19,8:45:50
25-Apr-19,8:45:50
25-Apr-19,8:45:50
25-Apr-19,8:45:51
25-Apr-19,8:45:51
25-Apr-19,8:45:52
25-Apr-19,8:45:53
25-Apr-19,8:45:55
25-Apr-19,8:45:55
25-Apr-19,8:45:55
25-Apr-19,8:45:56
25-Apr-19,8:45:56
25-Apr-19,8:45:57
25-Apr-19,8:45:58
25-Apr-19,8:46:00
25-Apr-19,8:46:00
25-Apr-19,8:46:00
25-Apr-19,8:46:01
25-Apr-19,8:46:01
25-Apr-19,8:46:02
25-Apr-19,8:46:03
25-Apr-19,8:46:05
25-Apr-19,8:46:05
25-Apr-19,8:46:05
25-Apr-19,8:46:06
25-Apr-19,8:46:06
25-Apr-19,8:46:07
25-Apr-19,8:46:08
25-Apr-19,8:46:10
25-Apr-19,8:46:10
25-Apr-19,8:46:10
25-Apr-19,8:46:11
25-Apr-19,8:46:11
25-Apr-19,8:46:12
25-Apr-19,8:46:13
25-Apr-19,8:46:15
25-Apr-19,8:46:15
25-Apr-19,8:46:15
25-Apr-19,8:46:16
25-Apr-19,8:46:16
25-Apr-19,8:46:17
25-Apr-19,8:46:18
25-Apr-19,8:46:20
25-Apr-19,8:46:20
25-Apr-19,8:46:20
25-Apr-19,8:46:21
25-Apr-19,8:46:21
25-Apr-19,8:46:23
25-Apr-19,8:46:25
25-Apr-19,8:46:25
25-Apr-19,8:46:25
25-Apr-19,8:46:26
25-Apr-19,8:46:26
25-Apr-19,8:46:27
25-Apr-19,8:46:28
25-Apr-19,8:46:30
25-Apr-19,8:46:30
25-Apr-19,8:46:30
25-Apr-19,8:46:31
25-Apr-19,8:46:31
25-Apr-19,8:46:35
25-Apr-19,8:46:35
25-Apr-19,8:46:35
25-Apr-19,8:46:36
25-Apr-19,8:46:36
25-Apr-19,8:46:37
25-Apr-19,8:46:38
25-Apr-19,8:46:40
25-Apr-19,8:46:40
25-Apr-19,8:46:40
25-Apr-19,8:46:41
25-Apr-19,8:46:41
25-Apr-19,8:46:42
25-Apr-19,8:46:43
25-Apr-19,8:46:46
25-Apr-19,8:46:46
25-Apr-19,8:46:47
25-Apr-19,8:46:48
25-Apr-19,8:46:50
25-Apr-19,8:46:50
25-Apr-19,8:46:51
25-Apr-19,8:46:51
25-Apr-19,8:46:51
25-Apr-19,8:46:52
25-Apr-19,8:46:53
25-Apr-19,8:46:55
25-Apr-19,8:46:55
25-Apr-19,8:46:56
25-Apr-19,8:46:56
25-Apr-19,8:46:56
25-Apr-19,8:46:57
25-Apr-19,8:46:58
25-Apr-19,8:47:00
25-Apr-19,8:47:00
25-Apr-19,8:47:01
25-Apr-19,8:47:01
25-Apr-19,8:47:01
25-Apr-19,8:47:02
25-Apr-19,8:47:03
25-Apr-19,8:47:05
25-Apr-19,8:47:06
25-Apr-19,8:47:06
25-Apr-19,8:47:06
25-Apr-19,8:47:06
25-Apr-19,8:47:07
25-Apr-19,8:47:08
25-Apr-19,8:47:10
25-Apr-19,8:47:11
25-Apr-19,8:47:11
25-Apr-19,8:47:11
25-Apr-19,8:47:11
25-Apr-19,8:47:12
25-Apr-19,8:47:13
25-Apr-19,8:47:15
25-Apr-19,8:47:16
25-Apr-19,8:47:16
25-Apr-19,8:47:16
25-Apr-19,8:47:16
25-Apr-19,8:47:17
25-Apr-19,8:47:18
25-Apr-19,8:47:20
25-Apr-19,8:47:21
25-Apr-19,8:47:21
25-Apr-19,8:47:21
25-Apr-19,8:47:21
25-Apr-19,8:47:22
25-Apr-19,8:47:23
25-Apr-19,8:47:25
25-Apr-19,8:47:26
25-Apr-19,8:47:26
25-Apr-19,8:47:26
25-Apr-19,8:47:26
25-Apr-19,8:47:28
25-Apr-19,8:47:30
25-Apr-19,8:47:31
25-Apr-19,8:47:31
25-Apr-19,8:47:31
25-Apr-19,8:47:31
25-Apr-19,8:47:32
25-Apr-19,8:47:33
25-Apr-19,8:47:35
25-Apr-19,8:47:36
25-Apr-19,8:47:36
25-Apr-19,8:47:36
25-Apr-19,8:47:36
25-Apr-19,8:47:37
25-Apr-19,8:47:38
25-Apr-19,8:47:40
25-Apr-19,8:47:41
25-Apr-19,8:47:41
25-Apr-19,8:47:41
25-Apr-19,8:47:41
25-Apr-19,8:47:42
25-Apr-19,8:47:43
25-Apr-19,8:47:45
25-Apr-19,8:47:46
25-Apr-19,8:47:46
25-Apr-19,8:47:46
25-Apr-19,8:47:46
25-Apr-19,8:47:47
25-Apr-19,8:47:48
25-Apr-19,8:47:50
25-Apr-19,8:47:51
25-Apr-19,8:47:51
25-Apr-19,8:47:51
25-Apr-19,8:47:51
25-Apr-19,8:47:52
25-Apr-19,8:47:53
25-Apr-19,8:47:55
25-Apr-19,8:47:56
25-Apr-19,8:47:56
25-Apr-19,8:47:56
25-Apr-19,8:47:56
25-Apr-19,8:47:57
25-Apr-19,8:47:58
25-Apr-19,8:48:00
25-Apr-19,8:48:01
25-Apr-19,8:48:01
25-Apr-19,8:48:01
25-Apr-19,8:48:01
25-Apr-19,8:48:02
25-Apr-19,8:48:03
25-Apr-19,8:48:05
25-Apr-19,8:48:06
25-Apr-19,8:48:06
25-Apr-19,8:48:06
25-Apr-19,8:48:06
25-Apr-19,8:48:07
25-Apr-19,8:48:08
25-Apr-19,8:48:10
25-Apr-19,8:48:11
25-Apr-19,8:48:11
25-Apr-19,8:48:11
25-Apr-19,8:48:11
25-Apr-19,8:48:12
25-Apr-19,8:48:13
25-Apr-19,8:48:15
25-Apr-19,8:48:16
25-Apr-19,8:48:16
25-Apr-19,8:48:16
25-Apr-19,8:48:16
25-Apr-19,8:48:17
25-Apr-19,8:48:18
25-Apr-19,8:48:20
25-Apr-19,8:48:21
25-Apr-19,8:48:21
25-Apr-19,8:48:21
25-Apr-19,8:48:21
25-Apr-19,8:48:22
25-Apr-19,8:48:23
25-Apr-19,8:48:25
25-Apr-19,8:48:26
25-Apr-19,8:48:26
25-Apr-19,8:48:26
25-Apr-19,8:48:26
25-Apr-19,8:48:27
25-Apr-19,8:48:28
25-Apr-19,8:48:30
25-Apr-19,8:48:31
25-Apr-19,8:48:31
25-Apr-19,8:48:31
25-Apr-19,8:48:31
25-Apr-19,8:48:32
25-Apr-19,8:48:33
25-Apr-19,8:48:35
25-Apr-19,8:48:36
25-Apr-19,8:48:36
25-Apr-19,8:48:36
25-Apr-19,8:48:36
25-Apr-19,8:48:37
25-Apr-19,8:48:38
25-Apr-19,8:48:40
25-Apr-19,8:48:41
25-Apr-19,8:48:41
25-Apr-19,8:48:41
25-Apr-19,8:48:41
25-Apr-19,8:48:43
25-Apr-19,8:48:45
25-Apr-19,8:48:46
25-Apr-19,8:48:46
25-Apr-19,8:48:46
25-Apr-19,8:48:46
25-Apr-19,8:48:48
25-Apr-19,8:48:51
25-Apr-19,8:48:51
25-Apr-19,8:48:51
25-Apr-19,8:48:51
25-Apr-19,8:48:52
25-Apr-19,8:48:53
25-Apr-19,8:48:55
25-Apr-19,8:48:56
25-Apr-19,8:48:56
25-Apr-19,8:48:56
25-Apr-19,8:48:56
25-Apr-19,8:48:58
25-Apr-19,8:49:00
25-Apr-19,8:49:02
25-Apr-19,8:49:03
25-Apr-19,8:49:05
25-Apr-19,8:49:06
25-Apr-19,8:49:06
25-Apr-19,8:49:06
25-Apr-19,8:49:06
25-Apr-19,8:49:07
25-Apr-19,8:49:08
25-Apr-19,8:49:10
25-Apr-19,8:49:11
25-Apr-19,8:49:11
25-Apr-19,8:49:11
25-Apr-19,8:49:11
25-Apr-19,8:49:12
25-Apr-19,8:49:13
25-Apr-19,8:49:15
25-Apr-19,8:49:16
25-Apr-19,8:49:16
25-Apr-19,8:49:16
25-Apr-19,8:49:16
25-Apr-19,8:49:17
25-Apr-19,8:49:18
25-Apr-19,8:49:20
25-Apr-19,8:49:21
25-Apr-19,8:49:21
25-Apr-19,8:49:21
25-Apr-19,8:49:21
25-Apr-19,8:49:22
25-Apr-19,8:49:23
25-Apr-19,8:49:25
25-Apr-19,8:49:27
25-Apr-19,8:49:28
25-Apr-19,8:49:30
25-Apr-19,8:49:31
25-Apr-19,8:49:31
25-Apr-19,8:49:31
25-Apr-19,8:49:31
25-Apr-19,8:49:32
25-Apr-19,8:49:33
25-Apr-19,8:49:35
25-Apr-19,8:49:36
25-Apr-19,8:49:36
25-Apr-19,8:49:36
25-Apr-19,8:49:36
25-Apr-19,8:49:37
25-Apr-19,8:49:38
25-Apr-19,8:49:40
25-Apr-19,8:49:41
25-Apr-19,8:49:41
25-Apr-19,8:49:41
25-Apr-19,8:49:41
25-Apr-19,8:49:42
25-Apr-19,8:49:43
25-Apr-19,8:49:45
25-Apr-19,8:49:46
25-Apr-19,8:49:46
25-Apr-19,8:49:46
25-Apr-19,8:49:46
25-Apr-19,8:49:47
25-Apr-19,8:49:51
25-Apr-19,8:49:51
25-Apr-19,8:49:51
25-Apr-19,8:49:51
25-Apr-19,8:49:52
25-Apr-19,8:49:53
25-Apr-19,8:49:55
25-Apr-19,8:49:57
25-Apr-19,8:49:58
25-Apr-19,8:50:00
25-Apr-19,8:50:01
25-Apr-19,8:50:01
25-Apr-19,8:50:01
25-Apr-19,8:50:01
25-Apr-19,8:50:02
25-Apr-19,8:50:03
25-Apr-19,8:50:05
25-Apr-19,8:50:06
25-Apr-19,8:50:06
25-Apr-19,8:50:06
25-Apr-19,8:50:06
25-Apr-19,8:50:07
25-Apr-19,8:50:08
25-Apr-19,8:50:10
25-Apr-19,8:50:11
25-Apr-19,8:50:11
25-Apr-19,8:50:11
25-Apr-19,8:50:12
25-Apr-19,8:50:12
25-Apr-19,8:50:13
25-Apr-19,8:50:15
25-Apr-19,8:50:17
25-Apr-19,8:50:17
25-Apr-19,8:50:18
25-Apr-19,8:50:20
25-Apr-19,8:50:21
25-Apr-19,8:50:21
25-Apr-19,8:50:21
25-Apr-19,8:50:22
25-Apr-19,8:50:22
25-Apr-19,8:50:23
25-Apr-19,8:50:25
25-Apr-19,8:50:26
25-Apr-19,8:50:26
25-Apr-19,8:50:26
25-Apr-19,8:50:27
25-Apr-19,8:50:27
25-Apr-19,8:50:28
25-Apr-19,8:50:30
25-Apr-19,8:50:31
25-Apr-19,8:50:31
25-Apr-19,8:50:31
25-Apr-19,8:50:32
25-Apr-19,8:50:32
25-Apr-19,8:50:33
25-Apr-19,8:50:35
25-Apr-19,8:50:36
25-Apr-19,8:50:36
25-Apr-19,8:50:36
25-Apr-19,8:50:37
25-Apr-19,8:50:37
25-Apr-19,8:50:38
25-Apr-19,8:50:40
25-Apr-19,8:50:41
25-Apr-19,8:50:41
25-Apr-19,8:50:41
25-Apr-19,8:50:42
25-Apr-19,8:50:42
25-Apr-19,8:50:43
25-Apr-19,8:50:45
25-Apr-19,8:50:46
25-Apr-19,8:50:46
25-Apr-19,8:50:46
25-Apr-19,8:50:47
25-Apr-19,8:50:47
25-Apr-19,8:50:48
25-Apr-19,8:50:50
25-Apr-19,8:50:52
25-Apr-19,8:50:52
25-Apr-19,8:50:55
25-Apr-19,8:50:56
25-Apr-19,8:50:56
25-Apr-19,8:50:56
25-Apr-19,8:50:58
25-Apr-19,8:51:00
25-Apr-19,8:51:02
25-Apr-19,8:51:02
25-Apr-19,8:51:03
25-Apr-19,8:51:05
25-Apr-19,8:51:06
25-Apr-19,8:51:06
25-Apr-19,8:51:06
25-Apr-19,8:51:07
25-Apr-19,8:51:07
25-Apr-19,8:51:08
25-Apr-19,8:51:10
25-Apr-19,8:51:12
25-Apr-19,8:51:12
25-Apr-19,8:51:13
25-Apr-19,8:51:15
25-Apr-19,8:51:16
25-Apr-19,8:51:16
25-Apr-19,8:51:16
25-Apr-19,8:51:17
25-Apr-19,8:51:17
25-Apr-19,8:51:18
25-Apr-19,8:51:20
25-Apr-19,8:51:21
25-Apr-19,8:51:21
25-Apr-19,8:51:21
25-Apr-19,8:51:22
25-Apr-19,8:51:22
25-Apr-19,8:51:23
25-Apr-19,8:51:25
25-Apr-19,8:51:26
25-Apr-19,8:51:26
25-Apr-19,8:51:26
25-Apr-19,8:51:27
25-Apr-19,8:51:27
25-Apr-19,8:51:28
25-Apr-19,8:51:30
25-Apr-19,8:51:31
25-Apr-19,8:51:31
25-Apr-19,8:51:31
25-Apr-19,8:51:32
25-Apr-19,8:51:32
25-Apr-19,8:51:33
25-Apr-19,8:51:35
25-Apr-19,8:51:36
25-Apr-19,8:51:36
25-Apr-19,8:51:36
25-Apr-19,8:51:37
25-Apr-19,8:51:37
25-Apr-19,8:51:40
25-Apr-19,8:51:42
25-Apr-19,8:51:42
25-Apr-19,8:51:43
25-Apr-19,8:51:47
25-Apr-19,8:51:47
25-Apr-19,8:51:48
25-Apr-19,8:51:50
25-Apr-19,8:51:51
25-Apr-19,8:51:51
25-Apr-19,8:51:51
25-Apr-19,8:51:52
25-Apr-19,8:51:52
25-Apr-19,8:51:53
25-Apr-19,8:51:55
25-Apr-19,8:51:57
25-Apr-19,8:51:57
25-Apr-19,8:51:58
25-Apr-19,8:52:00
25-Apr-19,8:52:01
25-Apr-19,8:52:01
25-Apr-19,8:52:01
25-Apr-19,8:52:02
25-Apr-19,8:52:02
25-Apr-19,8:52:03
25-Apr-19,8:52:05
25-Apr-19,8:52:06
25-Apr-19,8:52:06
25-Apr-19,8:52:06
25-Apr-19,8:52:07
25-Apr-19,8:52:07
25-Apr-19,8:52:08
25-Apr-19,8:52:10
25-Apr-19,8:52:11
25-Apr-19,8:52:11
25-Apr-19,8:52:11
25-Apr-19,8:52:12
25-Apr-19,8:52:12
25-Apr-19,8:52:13
25-Apr-19,8:52:15
25-Apr-19,8:52:16
25-Apr-19,8:52:16
25-Apr-19,8:52:16
25-Apr-19,8:52:17
25-Apr-19,8:52:17
25-Apr-19,8:52:20
25-Apr-19,8:52:21
25-Apr-19,8:52:21
25-Apr-19,8:52:21
25-Apr-19,8:52:22
25-Apr-19,8:52:22
25-Apr-19,8:52:23
25-Apr-19,8:52:25
25-Apr-19,8:52:26
25-Apr-19,8:52:26
25-Apr-19,8:52:26
25-Apr-19,8:52:27
25-Apr-19,8:52:27
25-Apr-19,8:52:28
25-Apr-19,8:52:30
25-Apr-19,8:52:31
25-Apr-19,8:52:31
25-Apr-19,8:52:31
25-Apr-19,8:52:32
25-Apr-19,8:52:32
25-Apr-19,8:52:33
25-Apr-19,8:52:35
25-Apr-19,8:52:36
25-Apr-19,8:52:36
25-Apr-19,8:52:36
25-Apr-19,8:52:37
25-Apr-19,8:52:37
25-Apr-19,8:52:38
25-Apr-19,8:52:40
25-Apr-19,8:52:41
25-Apr-19,8:52:41
25-Apr-19,8:52:41
25-Apr-19,8:52:42
25-Apr-19,8:52:42
25-Apr-19,8:52:43
25-Apr-19,8:52:45
25-Apr-19,8:52:46
25-Apr-19,8:52:46
25-Apr-19,8:52:46
25-Apr-19,8:52:47
25-Apr-19,8:52:47
25-Apr-19,8:52:48
25-Apr-19,8:52:50
25-Apr-19,8:52:51
25-Apr-19,8:52:51
25-Apr-19,8:52:51
25-Apr-19,8:52:52
25-Apr-19,8:52:52
25-Apr-19,8:52:53
25-Apr-19,8:52:55
25-Apr-19,8:52:56
25-Apr-19,8:52:56
25-Apr-19,8:52:56
25-Apr-19,8:52:57
25-Apr-19,8:52:57
25-Apr-19,8:52:58
25-Apr-19,8:53:00
25-Apr-19,8:53:02
25-Apr-19,8:53:02
25-Apr-19,8:53:03
25-Apr-19,8:53:06
25-Apr-19,8:53:06
25-Apr-19,8:53:06
25-Apr-19,8:53:07
25-Apr-19,8:53:07
25-Apr-19,8:53:08
25-Apr-19,8:53:10
25-Apr-19,8:53:11
25-Apr-19,8:53:11
25-Apr-19,8:53:11
25-Apr-19,8:53:12
25-Apr-19,8:53:12
25-Apr-19,8:53:13
25-Apr-19,8:53:15
25-Apr-19,8:53:16
25-Apr-19,8:53:16
25-Apr-19,8:53:16
25-Apr-19,8:53:17
25-Apr-19,8:53:17
25-Apr-19,8:53:18
25-Apr-19,8:53:20
25-Apr-19,8:53:21
25-Apr-19,8:53:21
25-Apr-19,8:53:21
25-Apr-19,8:53:22
25-Apr-19,8:53:22
25-Apr-19,8:53:23
25-Apr-19,8:53:25
25-Apr-19,8:53:26
25-Apr-19,8:53:26
25-Apr-19,8:53:26
25-Apr-19,8:53:27
25-Apr-19,8:53:27
25-Apr-19,8:53:28
25-Apr-19,8:53:30
25-Apr-19,8:53:31
25-Apr-19,8:53:31
25-Apr-19,8:53:31
25-Apr-19,8:53:32
25-Apr-19,8:53:32
25-Apr-19,8:53:33
25-Apr-19,8:53:37
25-Apr-19,8:53:37
25-Apr-19,8:53:40
25-Apr-19,8:53:41
25-Apr-19,8:53:41
25-Apr-19,8:53:41
25-Apr-19,8:53:42
25-Apr-19,8:53:42
25-Apr-19,8:53:43
25-Apr-19,8:53:45
25-Apr-19,8:53:46
25-Apr-19,8:53:46
25-Apr-19,8:53:46
25-Apr-19,8:53:47
25-Apr-19,8:53:47
25-Apr-19,8:53:48
25-Apr-19,8:53:50
25-Apr-19,8:53:51
25-Apr-19,8:53:51
25-Apr-19,8:53:51
25-Apr-19,8:53:52
25-Apr-19,8:53:52
25-Apr-19,8:53:53
25-Apr-19,8:53:55
25-Apr-19,8:53:56
25-Apr-19,8:53:56
25-Apr-19,8:53:56
25-Apr-19,8:53:57
25-Apr-19,8:53:57
25-Apr-19,8:53:58
25-Apr-19,8:54:00
25-Apr-19,8:54:01
25-Apr-19,8:54:01
25-Apr-19,8:54:01
25-Apr-19,8:54:02
25-Apr-19,8:54:02
25-Apr-19,8:54:03
25-Apr-19,8:54:05
25-Apr-19,8:54:06
25-Apr-19,8:54:06
25-Apr-19,8:54:06
25-Apr-19,8:54:07
25-Apr-19,8:54:07
25-Apr-19,8:54:08
25-Apr-19,8:54:10
25-Apr-19,8:54:11
25-Apr-19,8:54:11
25-Apr-19,8:54:11
25-Apr-19,8:54:12
25-Apr-19,8:54:12
25-Apr-19,8:54:13
25-Apr-19,8:54:15
25-Apr-19,8:54:16
25-Apr-19,8:54:16
25-Apr-19,8:54:16
25-Apr-19,8:54:17
25-Apr-19,8:54:17
25-Apr-19,8:54:20
25-Apr-19,8:54:21
25-Apr-19,8:54:21
25-Apr-19,8:54:21
25-Apr-19,8:54:22
25-Apr-19,8:54:22
25-Apr-19,8:54:23
25-Apr-19,8:54:25
25-Apr-19,8:54:26
25-Apr-19,8:54:26
25-Apr-19,8:54:26
25-Apr-19,8:54:27
25-Apr-19,8:54:27
25-Apr-19,8:54:28
25-Apr-19,8:54:30
25-Apr-19,8:54:31
25-Apr-19,8:54:31
25-Apr-19,8:54:31
25-Apr-19,8:54:32
25-Apr-19,8:54:32
25-Apr-19,8:54:33
25-Apr-19,8:54:35
25-Apr-19,8:54:36
25-Apr-19,8:54:36
25-Apr-19,8:54:36
25-Apr-19,8:54:37
25-Apr-19,8:54:37
25-Apr-19,8:54:38
25-Apr-19,8:54:40
25-Apr-19,8:54:41
25-Apr-19,8:54:41
25-Apr-19,8:54:41
25-Apr-19,8:54:42
25-Apr-19,8:54:42
25-Apr-19,8:54:43
25-Apr-19,8:54:45
25-Apr-19,8:54:46
25-Apr-19,8:54:46
25-Apr-19,8:54:46
25-Apr-19,8:54:47
25-Apr-19,8:54:47
25-Apr-19,8:54:48
25-Apr-19,8:54:50
25-Apr-19,8:54:51
25-Apr-19,8:54:51
25-Apr-19,8:54:51
25-Apr-19,8:54:52
25-Apr-19,8:54:52
25-Apr-19,8:54:53
25-Apr-19,8:54:55
25-Apr-19,8:54:56
25-Apr-19,8:54:56
25-Apr-19,8:54:56
25-Apr-19,8:54:57
25-Apr-19,8:54:57
25-Apr-19,8:54:58
25-Apr-19,8:55:00
25-Apr-19,8:55:01
25-Apr-19,8:55:01
25-Apr-19,8:55:01
25-Apr-19,8:55:02
25-Apr-19,8:55:02
25-Apr-19,8:55:03
25-Apr-19,8:55:05
25-Apr-19,8:55:07
25-Apr-19,8:55:07
25-Apr-19,8:55:08
25-Apr-19,8:55:10
25-Apr-19,8:55:11
25-Apr-19,8:55:11
25-Apr-19,8:55:11
25-Apr-19,8:55:12
25-Apr-19,8:55:12
25-Apr-19,8:55:15
25-Apr-19,8:55:17
25-Apr-19,8:55:17
25-Apr-19,8:55:18
25-Apr-19,8:55:21
25-Apr-19,8:55:21
25-Apr-19,8:55:21
25-Apr-19,8:55:22
25-Apr-19,8:55:22
25-Apr-19,8:55:23
25-Apr-19,8:55:25
25-Apr-19,8:55:27
25-Apr-19,8:55:27
25-Apr-19,8:55:28
25-Apr-19,8:55:30
25-Apr-19,8:55:32
25-Apr-19,8:55:32
25-Apr-19,8:55:33
25-Apr-19,8:55:35
25-Apr-19,8:55:36
25-Apr-19,8:55:36
25-Apr-19,8:55:36
25-Apr-19,8:55:37
25-Apr-19,8:55:37
25-Apr-19,8:55:38
25-Apr-19,8:55:40
25-Apr-19,8:55:41
25-Apr-19,8:55:41
25-Apr-19,8:55:41
25-Apr-19,8:55:42
25-Apr-19,8:55:42
25-Apr-19,8:55:43
25-Apr-19,8:55:46
25-Apr-19,8:55:46
25-Apr-19,8:55:46
25-Apr-19,8:55:47
25-Apr-19,8:55:47
25-Apr-19,8:55:48
25-Apr-19,8:55:50
25-Apr-19,8:55:51
25-Apr-19,8:55:51
25-Apr-19,8:55:51
25-Apr-19,8:55:52
25-Apr-19,8:55:52
25-Apr-19,8:55:53
25-Apr-19,8:55:55
25-Apr-19,8:55:56
25-Apr-19,8:55:56
25-Apr-19,8:55:56
25-Apr-19,8:55:57
25-Apr-19,8:55:57
25-Apr-19,8:55:58
25-Apr-19,8:56:00
25-Apr-19,8:56:01
25-Apr-19,8:56:01
25-Apr-19,8:56:01
25-Apr-19,8:56:02
25-Apr-19,8:56:02
25-Apr-19,8:56:03
25-Apr-19,8:56:05
25-Apr-19,8:56:06
25-Apr-19,8:56:06
25-Apr-19,8:56:06
25-Apr-19,8:56:07
25-Apr-19,8:56:07
25-Apr-19,8:56:08
25-Apr-19,8:56:10
25-Apr-19,8:56:11
25-Apr-19,8:56:11
25-Apr-19,8:56:11
25-Apr-19,8:56:12
25-Apr-19,8:56:12
25-Apr-19,8:56:13
25-Apr-19,8:56:15
25-Apr-19,8:56:16
25-Apr-19,8:56:16
25-Apr-19,8:56:16
25-Apr-19,8:56:17
25-Apr-19,8:56:17
25-Apr-19,8:56:18
25-Apr-19,8:56:20
25-Apr-19,8:56:21
25-Apr-19,8:56:21
25-Apr-19,8:56:21
25-Apr-19,8:56:22
25-Apr-19,8:56:22
25-Apr-19,8:56:23
25-Apr-19,8:56:25
25-Apr-19,8:56:26
25-Apr-19,8:56:26
25-Apr-19,8:56:26
25-Apr-19,8:56:27
25-Apr-19,8:56:27
25-Apr-19,8:56:28
25-Apr-19,8:56:30
25-Apr-19,8:56:31
25-Apr-19,8:56:31
25-Apr-19,8:56:31
25-Apr-19,8:56:32
25-Apr-19,8:56:32
25-Apr-19,8:56:33
25-Apr-19,8:56:35
25-Apr-19,8:56:36
25-Apr-19,8:56:36
25-Apr-19,8:56:36
25-Apr-19,8:56:37
25-Apr-19,8:56:37
25-Apr-19,8:56:38
25-Apr-19,8:56:40
25-Apr-19,8:56:41
25-Apr-19,8:56:41
25-Apr-19,8:56:41
25-Apr-19,8:56:42
25-Apr-19,8:56:42
25-Apr-19,8:56:43
25-Apr-19,8:56:45
25-Apr-19,8:56:46
25-Apr-19,8:56:46
25-Apr-19,8:56:46
25-Apr-19,8:56:47
25-Apr-19,8:56:47
25-Apr-19,8:56:48
25-Apr-19,8:56:50
25-Apr-19,8:56:51
25-Apr-19,8:56:51
25-Apr-19,8:56:51
25-Apr-19,8:56:52
25-Apr-19,8:56:52
25-Apr-19,8:56:53
25-Apr-19,8:56:56
25-Apr-19,8:56:56
25-Apr-19,8:56:56
25-Apr-19,8:56:57
25-Apr-19,8:56:57
25-Apr-19,8:56:58
25-Apr-19,8:57:00
25-Apr-19,8:57:01
25-Apr-19,8:57:01
25-Apr-19,8:57:01
25-Apr-19,8:57:02
25-Apr-19,8:57:02
25-Apr-19,8:57:03
25-Apr-19,8:57:05
25-Apr-19,8:57:06
25-Apr-19,8:57:06
25-Apr-19,8:57:06
25-Apr-19,8:57:07
25-Apr-19,8:57:07
25-Apr-19,8:57:08
25-Apr-19,8:57:10
25-Apr-19,8:57:11
25-Apr-19,8:57:11
25-Apr-19,8:57:11
25-Apr-19,8:57:12
25-Apr-19,8:57:12
25-Apr-19,8:57:13
25-Apr-19,8:57:15
25-Apr-19,8:57:16
25-Apr-19,8:57:16
25-Apr-19,8:57:16
25-Apr-19,8:57:17
25-Apr-19,8:57:17
25-Apr-19,8:57:18
25-Apr-19,8:57:20
25-Apr-19,8:57:21
25-Apr-19,8:57:21
25-Apr-19,8:57:21
25-Apr-19,8:57:22
25-Apr-19,8:57:22
25-Apr-19,8:57:23
25-Apr-19,8:57:25
25-Apr-19,8:57:26
25-Apr-19,8:57:26
25-Apr-19,8:57:26
25-Apr-19,8:57:27
25-Apr-19,8:57:27
25-Apr-19,8:57:28
25-Apr-19,8:57:31
25-Apr-19,8:57:31
25-Apr-19,8:57:31
25-Apr-19,8:57:31
25-Apr-19,8:57:32
25-Apr-19,8:57:32
25-Apr-19,8:57:33
25-Apr-19,8:57:36
25-Apr-19,8:57:36
25-Apr-19,8:57:36
25-Apr-19,8:57:36
25-Apr-19,8:57:37
25-Apr-19,8:57:37
25-Apr-19,8:57:38
25-Apr-19,8:57:41
25-Apr-19,8:57:41
25-Apr-19,8:57:41
25-Apr-19,8:57:41
25-Apr-19,8:57:42
25-Apr-19,8:57:42
25-Apr-19,8:57:43
25-Apr-19,8:57:46
25-Apr-19,8:57:46
25-Apr-19,8:57:46
25-Apr-19,8:57:46
25-Apr-19,8:57:47
25-Apr-19,8:57:47
25-Apr-19,8:57:48
25-Apr-19,8:57:51
25-Apr-19,8:57:51
25-Apr-19,8:57:51
25-Apr-19,8:57:51
25-Apr-19,8:57:52
25-Apr-19,8:57:52
25-Apr-19,8:57:53
25-Apr-19,8:57:56
25-Apr-19,8:57:56
25-Apr-19,8:57:56
25-Apr-19,8:57:56
25-Apr-19,8:57:57
25-Apr-19,8:57:57
25-Apr-19,8:57:58
25-Apr-19,8:58:01
25-Apr-19,8:58:01
25-Apr-19,8:58:01
25-Apr-19,8:58:01
25-Apr-19,8:58:02
25-Apr-19,8:58:03
25-Apr-19,8:58:03
25-Apr-19,8:58:06
25-Apr-19,8:58:06
25-Apr-19,8:58:06
25-Apr-19,8:58:06
25-Apr-19,8:58:07
25-Apr-19,8:58:08
25-Apr-19,8:58:08
25-Apr-19,8:58:11
25-Apr-19,8:58:11
25-Apr-19,8:58:11
25-Apr-19,8:58:11
25-Apr-19,8:58:12
25-Apr-19,8:58:13
25-Apr-19,8:58:13
25-Apr-19,8:58:16
25-Apr-19,8:58:16
25-Apr-19,8:58:16
25-Apr-19,8:58:16
25-Apr-19,8:58:17
25-Apr-19,8:58:18
25-Apr-19,8:58:18
25-Apr-19,8:58:21
25-Apr-19,8:58:21
25-Apr-19,8:58:21
25-Apr-19,8:58:21
25-Apr-19,8:58:22
25-Apr-19,8:58:23
25-Apr-19,8:58:23
25-Apr-19,8:58:26
25-Apr-19,8:58:26
25-Apr-19,8:58:26
25-Apr-19,8:58:26
25-Apr-19,8:58:27
25-Apr-19,8:58:28
25-Apr-19,8:58:28
25-Apr-19,8:58:31
25-Apr-19,8:58:31
25-Apr-19,8:58:31
25-Apr-19,8:58:31
25-Apr-19,8:58:32
25-Apr-19,8:58:33
25-Apr-19,8:58:33
25-Apr-19,8:58:36
25-Apr-19,8:58:36
25-Apr-19,8:58:36
25-Apr-19,8:58:36
25-Apr-19,8:58:37
25-Apr-19,8:58:38
25-Apr-19,8:58:38
25-Apr-19,8:58:41
25-Apr-19,8:58:41
25-Apr-19,8:58:41
25-Apr-19,8:58:41
25-Apr-19,8:58:42
25-Apr-19,8:58:43
25-Apr-19,8:58:43
25-Apr-19,8:58:46
25-Apr-19,8:58:46
25-Apr-19,8:58:46
25-Apr-19,8:58:46
25-Apr-19,8:58:48
25-Apr-19,8:58:48
25-Apr-19,8:58:51
25-Apr-19,8:58:51
25-Apr-19,8:58:51
25-Apr-19,8:58:51
25-Apr-19,8:58:52
25-Apr-19,8:58:53
25-Apr-19,8:58:53
25-Apr-19,8:58:56
25-Apr-19,8:58:56
25-Apr-19,8:58:56
25-Apr-19,8:58:56
25-Apr-19,8:58:57
25-Apr-19,8:58:58
25-Apr-19,8:58:58
25-Apr-19,8:59:01
25-Apr-19,8:59:01
25-Apr-19,8:59:01
25-Apr-19,8:59:01
25-Apr-19,8:59:02
25-Apr-19,8:59:06
25-Apr-19,8:59:06
25-Apr-19,8:59:06
25-Apr-19,8:59:06
25-Apr-19,8:59:07
25-Apr-19,8:59:08
25-Apr-19,8:59:08
25-Apr-19,8:59:11
25-Apr-19,8:59:11
25-Apr-19,8:59:11
25-Apr-19,8:59:11
25-Apr-19,8:59:12
25-Apr-19,8:59:13
25-Apr-19,8:59:13
25-Apr-19,8:59:16
25-Apr-19,8:59:16
25-Apr-19,8:59:16
25-Apr-19,8:59:16
25-Apr-19,8:59:17
25-Apr-19,8:59:18
25-Apr-19,8:59:18
25-Apr-19,8:59:21
25-Apr-19,8:59:21
25-Apr-19,8:59:21
25-Apr-19,8:59:21
25-Apr-19,8:59:22
25-Apr-19,8:59:23
25-Apr-19,8:59:23
25-Apr-19,8:59:26
25-Apr-19,8:59:26
25-Apr-19,8:59:26
25-Apr-19,8:59:26
25-Apr-19,8:59:27
25-Apr-19,8:59:28
25-Apr-19,8:59:28
25-Apr-19,8:59:31
25-Apr-19,8:59:31
25-Apr-19,8:59:31
25-Apr-19,8:59:31
25-Apr-19,8:59:32
25-Apr-19,8:59:33
25-Apr-19,8:59:33
25-Apr-19,8:59:36
25-Apr-19,8:59:36
25-Apr-19,8:59:36
25-Apr-19,8:59:36
25-Apr-19,8:59:37
25-Apr-19,8:59:38
25-Apr-19,8:59:38
25-Apr-19,8:59:41
25-Apr-19,8:59:41
25-Apr-19,8:59:41
25-Apr-19,8:59:41
25-Apr-19,8:59:42
25-Apr-19,8:59:43
25-Apr-19,8:59:43
25-Apr-19,8:59:46
25-Apr-19,8:59:46
25-Apr-19,8:59:46
25-Apr-19,8:59:46
25-Apr-19,8:59:47
25-Apr-19,8:59:48
25-Apr-19,8:59:48
25-Apr-19,8:59:51
25-Apr-19,8:59:51
25-Apr-19,8:59:51
25-Apr-19,8:59:51
25-Apr-19,8:59:52
25-Apr-19,8:59:53
25-Apr-19,8:59:53
25-Apr-19,8:59:56
25-Apr-19,8:59:56
25-Apr-19,8:59:56
25-Apr-19,8:59:56
25-Apr-19,8:59:57
25-Apr-19,8:59:58
25-Apr-19,8:59:59
25-Apr-19,9:00:01
25-Apr-19,9:00:01
25-Apr-19,9:00:01
25-Apr-19,9:00:01
25-Apr-19,9:00:02
25-Apr-19,9:00:03
25-Apr-19,9:00:04
25-Apr-19,9:00:06
25-Apr-19,9:00:06
25-Apr-19,9:00:06
25-Apr-19,9:00:06
25-Apr-19,9:00:07
25-Apr-19,9:00:08
25-Apr-19,9:00:09
25-Apr-19,9:00:11
25-Apr-19,9:00:11
25-Apr-19,9:00:11
25-Apr-19,9:00:12
25-Apr-19,9:00:12
25-Apr-19,9:00:13
25-Apr-19,9:00:14
25-Apr-19,9:00:16
25-Apr-19,9:00:16
25-Apr-19,9:00:16
25-Apr-19,9:00:17
25-Apr-19,9:00:17
25-Apr-19,9:00:18
25-Apr-19,9:00:19
25-Apr-19,9:00:21
25-Apr-19,9:00:21
25-Apr-19,9:00:21
25-Apr-19,9:00:22
25-Apr-19,9:00:22
25-Apr-19,9:00:23
25-Apr-19,9:00:24
25-Apr-19,9:00:26
25-Apr-19,9:00:26
25-Apr-19,9:00:26
25-Apr-19,9:00:28
25-Apr-19,9:00:29
25-Apr-19,9:00:31
25-Apr-19,9:00:31
25-Apr-19,9:00:31
25-Apr-19,9:00:32
25-Apr-19,9:00:32
25-Apr-19,9:00:33
25-Apr-19,9:00:34
25-Apr-19,9:00:36
25-Apr-19,9:00:36
25-Apr-19,9:00:36
25-Apr-19,9:00:37
25-Apr-19,9:00:37
25-Apr-19,9:00:38
25-Apr-19,9:00:39
25-Apr-19,9:00:41
25-Apr-19,9:00:41
25-Apr-19,9:00:42
25-Apr-19,9:00:42
25-Apr-19,9:00:42
25-Apr-19,9:00:43
25-Apr-19,9:00:44
25-Apr-19,9:00:46
25-Apr-19,9:00:47
25-Apr-19,9:00:47
25-Apr-19,9:00:47
25-Apr-19,9:00:47
25-Apr-19,9:00:48
25-Apr-19,9:00:49
25-Apr-19,9:00:51
25-Apr-19,9:00:52
25-Apr-19,9:00:52
25-Apr-19,9:00:52
25-Apr-19,9:00:52
25-Apr-19,9:00:53
25-Apr-19,9:00:56
25-Apr-19,9:00:57
25-Apr-19,9:00:57
25-Apr-19,9:00:57
25-Apr-19,9:00:57
25-Apr-19,9:00:58
25-Apr-19,9:00:59
25-Apr-19,9:01:01
25-Apr-19,9:01:02
25-Apr-19,9:01:02
25-Apr-19,9:01:02
25-Apr-19,9:01:02
25-Apr-19,9:01:03
25-Apr-19,9:01:04
25-Apr-19,9:01:06
25-Apr-19,9:01:07
25-Apr-19,9:01:07
25-Apr-19,9:01:07
25-Apr-19,9:01:07
25-Apr-19,9:01:08
25-Apr-19,9:01:09
25-Apr-19,9:01:11
25-Apr-19,9:01:12
25-Apr-19,9:01:12
25-Apr-19,9:01:12
25-Apr-19,9:01:12
25-Apr-19,9:01:13
25-Apr-19,9:01:14
25-Apr-19,9:01:16
25-Apr-19,9:01:17
25-Apr-19,9:01:17
25-Apr-19,9:01:17
25-Apr-19,9:01:17
25-Apr-19,9:01:18
25-Apr-19,9:01:21
25-Apr-19,9:01:22
25-Apr-19,9:01:22
25-Apr-19,9:01:22
25-Apr-19,9:01:22
25-Apr-19,9:01:23
25-Apr-19,9:01:24
25-Apr-19,9:01:26
25-Apr-19,9:01:27
25-Apr-19,9:01:27
25-Apr-19,9:01:27
25-Apr-19,9:01:27
25-Apr-19,9:01:28
25-Apr-19,9:01:29
25-Apr-19,9:01:31
25-Apr-19,9:01:32
25-Apr-19,9:01:32
25-Apr-19,9:01:32
25-Apr-19,9:01:32
25-Apr-19,9:01:33
25-Apr-19,9:01:34
25-Apr-19,9:01:36
25-Apr-19,9:01:37
25-Apr-19,9:01:37
25-Apr-19,9:01:37
25-Apr-19,9:01:37
25-Apr-19,9:01:38
25-Apr-19,9:01:39
25-Apr-19,9:01:41
25-Apr-19,9:01:42
25-Apr-19,9:01:42
25-Apr-19,9:01:42
25-Apr-19,9:01:42
25-Apr-19,9:01:43
25-Apr-19,9:01:44
25-Apr-19,9:01:46
25-Apr-19,9:01:47
25-Apr-19,9:01:47
25-Apr-19,9:01:47
25-Apr-19,9:01:47
25-Apr-19,9:01:48
25-Apr-19,9:01:49
25-Apr-19,9:01:51
25-Apr-19,9:01:52
25-Apr-19,9:01:52
25-Apr-19,9:01:52
25-Apr-19,9:01:52
25-Apr-19,9:01:53
25-Apr-19,9:01:54
25-Apr-19,9:01:56
25-Apr-19,9:01:58
25-Apr-19,9:01:59
25-Apr-19,9:02:01
25-Apr-19,9:02:02
25-Apr-19,9:02:02
25-Apr-19,9:02:02
25-Apr-19,9:02:02
25-Apr-19,9:02:03
25-Apr-19,9:02:04
25-Apr-19,9:02:06
25-Apr-19,9:02:07
25-Apr-19,9:02:07
25-Apr-19,9:02:07
25-Apr-19,9:02:07
25-Apr-19,9:02:08
25-Apr-19,9:02:09
25-Apr-19,9:02:11
25-Apr-19,9:02:12
25-Apr-19,9:02:12
25-Apr-19,9:02:12
25-Apr-19,9:02:12
25-Apr-19,9:02:13
25-Apr-19,9:02:14
25-Apr-19,9:02:16
25-Apr-19,9:02:17
25-Apr-19,9:02:17
25-Apr-19,9:02:17
25-Apr-19,9:02:17
25-Apr-19,9:02:18
25-Apr-19,9:02:19
25-Apr-19,9:02:21
25-Apr-19,9:02:22
25-Apr-19,9:02:22
25-Apr-19,9:02:22
25-Apr-19,9:02:22
25-Apr-19,9:02:23
25-Apr-19,9:02:24
25-Apr-19,9:02:26
25-Apr-19,9:02:27
25-Apr-19,9:02:27
25-Apr-19,9:02:27
25-Apr-19,9:02:27
25-Apr-19,9:02:28
25-Apr-19,9:02:29
25-Apr-19,9:02:31
25-Apr-19,9:02:32
25-Apr-19,9:02:32
25-Apr-19,9:02:32
25-Apr-19,9:02:32
25-Apr-19,9:02:33
25-Apr-19,9:02:34
25-Apr-19,9:02:36
25-Apr-19,9:02:37
25-Apr-19,9:02:37
25-Apr-19,9:02:37
25-Apr-19,9:02:37
25-Apr-19,9:02:38
25-Apr-19,9:02:39
25-Apr-19,9:02:41
25-Apr-19,9:02:42
25-Apr-19,9:02:42
25-Apr-19,9:02:42
25-Apr-19,9:02:42
25-Apr-19,9:02:43
25-Apr-19,9:02:44
25-Apr-19,9:02:46
25-Apr-19,9:02:47
25-Apr-19,9:02:47
25-Apr-19,9:02:47
25-Apr-19,9:02:47
25-Apr-19,9:02:48
25-Apr-19,9:02:49
25-Apr-19,9:02:51
25-Apr-19,9:02:52
25-Apr-19,9:02:52
25-Apr-19,9:02:52
25-Apr-19,9:02:52
25-Apr-19,9:02:53
25-Apr-19,9:02:54
25-Apr-19,9:02:56
25-Apr-19,9:02:57
25-Apr-19,9:02:57
25-Apr-19,9:02:57
25-Apr-19,9:02:57
25-Apr-19,9:02:58
25-Apr-19,9:02:59
25-Apr-19,9:03:01
25-Apr-19,9:03:02
25-Apr-19,9:03:02
25-Apr-19,9:03:02
25-Apr-19,9:03:02
25-Apr-19,9:03:03
25-Apr-19,9:03:04
25-Apr-19,9:03:06
25-Apr-19,9:03:07
25-Apr-19,9:03:07
25-Apr-19,9:03:07
25-Apr-19,9:03:07
25-Apr-19,9:03:08
25-Apr-19,9:03:09
25-Apr-19,9:03:11
25-Apr-19,9:03:12
25-Apr-19,9:03:12
25-Apr-19,9:03:12
25-Apr-19,9:03:12
25-Apr-19,9:03:13
25-Apr-19,9:03:14
25-Apr-19,9:03:16
25-Apr-19,9:03:17
25-Apr-19,9:03:17
25-Apr-19,9:03:17
25-Apr-19,9:03:17
25-Apr-19,9:03:18
25-Apr-19,9:03:19
25-Apr-19,9:03:21
25-Apr-19,9:03:22
25-Apr-19,9:03:22
25-Apr-19,9:03:22
25-Apr-19,9:03:22
25-Apr-19,9:03:23
25-Apr-19,9:03:24
25-Apr-19,9:03:26
25-Apr-19,9:03:27
25-Apr-19,9:03:27
25-Apr-19,9:03:27
25-Apr-19,9:03:27
25-Apr-19,9:03:28
25-Apr-19,9:03:29
25-Apr-19,9:03:31
25-Apr-19,9:03:32
25-Apr-19,9:03:32
25-Apr-19,9:03:32
25-Apr-19,9:03:33
25-Apr-19,9:03:33
25-Apr-19,9:03:34
25-Apr-19,9:03:36
25-Apr-19,9:03:37
25-Apr-19,9:03:37
25-Apr-19,9:03:37
25-Apr-19,9:03:38
25-Apr-19,9:03:38
25-Apr-19,9:03:39
25-Apr-19,9:03:41
25-Apr-19,9:03:42
25-Apr-19,9:03:42
25-Apr-19,9:03:42
25-Apr-19,9:03:43
25-Apr-19,9:03:43
25-Apr-19,9:03:44
25-Apr-19,9:03:46
25-Apr-19,9:03:47
25-Apr-19,9:03:47
25-Apr-19,9:03:47
25-Apr-19,9:03:48
25-Apr-19,9:03:48
25-Apr-19,9:03:49
25-Apr-19,9:49:55
25-Apr-19,9:49:56
25-Apr-19,9:49:56
25-Apr-19,9:49:56
25-Apr-19,9:49:59
25-Apr-19,9:50:01
25-Apr-19,9:50:01
25-Apr-19,9:50:01
25-Apr-19,9:50:04
25-Apr-19,9:50:05
25-Apr-19,9:50:05
25-Apr-19,9:50:05
25-Apr-19,9:50:09
25-Apr-19,9:50:10
25-Apr-19,9:50:10
25-Apr-19,9:50:10
25-Apr-19,9:50:11
25-Apr-19,9:50:11
25-Apr-19,9:50:11
25-Apr-19,9:50:14
25-Apr-19,9:50:15
25-Apr-19,9:50:15
25-Apr-19,9:50:15
25-Apr-19,9:50:19
25-Apr-19,9:50:20
25-Apr-19,9:50:20
25-Apr-19,9:50:20
25-Apr-19,9:50:24
25-Apr-19,9:50:25
25-Apr-19,9:50:25
25-Apr-19,9:50:25
25-Apr-19,9:50:26
25-Apr-19,9:50:26
25-Apr-19,9:50:26
25-Apr-19,9:50:29
25-Apr-19,9:50:30
25-Apr-19,9:50:30
31-Mar-19,12:43:22
31-Mar-19,12:43:22
31-Mar-19,12:43:22
31-Mar-19,12:43:22
31-Mar-19,12:43:22
31-Mar-19,12:43:22
31-Mar-19,12:43:22
31-Mar-19,12:43:22
31-Mar-19,12:43:22
31-Mar-19,12:43:23
31-Mar-19,12:43:23
31-Mar-19,12:43:23
31-Mar-19,12:43:23
31-Mar-19,12:43:23
31-Mar-19,12:43:23
31-Mar-19,12:43:23
31-Mar-19,12:43:23
31-Mar-19,12:43:23
31-Mar-19,12:43:23
31-Mar-19,12:43:23
31-Mar-19,12:43:23
31-Mar-19,12:43:23
31-Mar-19,12:43:23
31-Mar-19,12:43:23
31-Mar-19,12:43:23
31-Mar-19,12:43:23
31-Mar-19,12:43:23
31-Mar-19,12:43:23
31-Mar-19,12:43:23
31-Mar-19,12:43:23
31-Mar-19,12:43:23
31-Mar-19,12:43:23
31-Mar-19,12:43:23
31-Mar-19,12:43:23
31-Mar-19,12:43:23
31-Mar-19,12:43:23
31-Mar-19,12:43:23
31-Mar-19,12:43:23
31-Mar-19,12:43:23
31-Mar-19,12:43:23
31-Mar-19,12:43:23
31-Mar-19,12:43:23
31-Mar-19,12:43:23
31-Mar-19,12:43:23
31-Mar-19,12:43:23
31-Mar-19,12:43:23
31-Mar-19,12:43:23
31-Mar-19,12:43:23
31-Mar-19,12:43:23
31-Mar-19,12:43:23
31-Mar-19,12:43:23
31-Mar-19,12:43:23
31-Mar-19,12:43:23
31-Mar-19,12:43:23
31-Mar-19,12:43:23
31-Mar-19,12:43:23
31-Mar-19,12:43:23
31-Mar-19,12:43:23
31-Mar-19,12:43:23
31-Mar-19,12:43:23
31-Mar-19,12:43:23
31-Mar-19,12:43:23
31-Mar-19,12:43:23
31-Mar-19,12:43:23
31-Mar-19,12:43:23
31-Mar-19,12:43:23
31-Mar-19,12:43:23
31-Mar-19,12:43:23
31-Mar-19,12:43:23
31-Mar-19,12:43:23
31-Mar-19,12:43:23
31-Mar-19,12:43:23
31-Mar-19,12:43:23
31-Mar-19,12:43:23
31-Mar-19,12:43:23
31-Mar-19,12:43:23
31-Mar-19,12:43:23
31-Mar-19,12:43:23
31-Mar-19,12:43:23
31-Mar-19,12:43:24
31-Mar-19,12:43:24
31-Mar-19,12:43:24
31-Mar-19,12:43:24
31-Mar-19,12:43:25
31-Mar-19,12:43:25
31-Mar-19,12:43:25
31-Mar-19,12:43:25
31-Mar-19,12:43:25
31-Mar-19,12:43:25
31-Mar-19,12:43:25
31-Mar-19,12:43:25
31-Mar-19,12:43:25
31-Mar-19,12:43:25
31-Mar-19,12:43:25
31-Mar-19,12:43:25
31-Mar-19,12:43:25
31-Mar-19,12:43:25
31-Mar-19,12:43:25
31-Mar-19,12:43:25
31-Mar-19,12:43:25
31-Mar-19,12:43:25
31-Mar-19,12:43:25
31-Mar-19,12:43:25
31-Mar-19,12:43:25
31-Mar-19,12:43:25
31-Mar-19,12:43:25
31-Mar-19,12:43:25
31-Mar-19,12:43:25
31-Mar-19,12:43:25
31-Mar-19,12:43:25
31-Mar-19,12:43:25
31-Mar-19,12:43:25
31-Mar-19,12:43:25
31-Mar-19,12:43:25
31-Mar-19,12:43:25
31-Mar-19,12:43:25
31-Mar-19,12:43:25
31-Mar-19,12:43:25
31-Mar-19,12:43:25
31-Mar-19,12:43:25
31-Mar-19,12:43:25
31-Mar-19,12:43:25
31-Mar-19,12:43:25
31-Mar-19,12:43:25
31-Mar-19,12:43:25
31-Mar-19,12:43:25
31-Mar-19,12:43:25
31-Mar-19,12:43:25
31-Mar-19,12:43:25
31-Mar-19,12:43:25
31-Mar-19,12:43:25
31-Mar-19,12:43:25
31-Mar-19,12:43:25
31-Mar-19,12:43:25
31-Mar-19,12:43:25
31-Mar-19,12:43:25
31-Mar-19,12:43:25
31-Mar-19,12:43:25
31-Mar-19,12:43:25
31-Mar-19,12:43:25
31-Mar-19,12:43:25
31-Mar-19,12:43:25
31-Mar-19,12:43:25
31-Mar-19,12:43:25
31-Mar-19,12:43:25
31-Mar-19,12:43:25
31-Mar-19,12:43:25
31-Mar-19,12:43:25
31-Mar-19,12:43:25
31-Mar-19,12:43:25
31-Mar-19,12:43:25
31-Mar-19,12:43:25
31-Mar-19,12:43:25
31-Mar-19,12:43:25
31-Mar-19,12:43:25
31-Mar-19,12:43:25
31-Mar-19,12:43:25
31-Mar-19,12:43:25
31-Mar-19,12:43:25
31-Mar-19,12:43:27
31-Mar-19,12:43:27
31-Mar-19,12:43:27
31-Mar-19,12:43:27
31-Mar-19,12:43:27
31-Mar-19,12:43:27
31-Mar-19,12:43:27
31-Mar-19,12:43:27
31-Mar-19,12:43:27
31-Mar-19,12:43:27
31-Mar-19,12:43:27
31-Mar-19,12:43:27
31-Mar-19,12:43:27
31-Mar-19,12:43:27
31-Mar-19,12:43:27
31-Mar-19,12:43:27
31-Mar-19,12:43:27
31-Mar-19,12:43:27
31-Mar-19,12:43:27
31-Mar-19,12:43:27
31-Mar-19,12:43:27
31-Mar-19,12:43:27
31-Mar-19,12:43:27
31-Mar-19,12:43:27
31-Mar-19,12:43:27
31-Mar-19,12:43:27
31-Mar-19,12:43:27
31-Mar-19,12:43:27
31-Mar-19,12:43:27
31-Mar-19,12:43:27
31-Mar-19,12:43:27
31-Mar-19,12:43:27
31-Mar-19,12:43:27
31-Mar-19,12:43:27
31-Mar-19,12:43:27
31-Mar-19,12:43:27
31-Mar-19,12:43:27
31-Mar-19,12:43:27
31-Mar-19,12:43:27
31-Mar-19,12:43:27
31-Mar-19,12:43:27
31-Mar-19,12:43:27
31-Mar-19,12:43:27
31-Mar-19,12:43:27
31-Mar-19,12:43:27
31-Mar-19,12:43:27
31-Mar-19,12:43:27
31-Mar-19,12:43:27
31-Mar-19,12:43:27
31-Mar-19,12:43:27
31-Mar-19,12:43:27
31-Mar-19,12:43:27
31-Mar-19,12:43:27
31-Mar-19,12:43:27
31-Mar-19,12:43:27
31-Mar-19,12:43:27
31-Mar-19,12:43:27
31-Mar-19,12:43:27
31-Mar-19,12:43:27
31-Mar-19,12:43:27
31-Mar-19,12:43:27
31-Mar-19,12:43:27
31-Mar-19,12:43:27
31-Mar-19,12:43:27
31-Mar-19,12:43:27
31-Mar-19,12:43:27
31-Mar-19,12:43:27
31-Mar-19,12:43:27
31-Mar-19,12:43:27
31-Mar-19,12:43:27
31-Mar-19,12:43:27
31-Mar-19,12:43:27
31-Mar-19,12:43:27
31-Mar-19,12:43:27
31-Mar-19,12:43:27
31-Mar-19,12:43:27
31-Mar-19,12:43:27
31-Mar-19,12:43:27
31-Mar-19,12:43:27
31-Mar-19,12:43:27
31-Mar-19,12:43:28
31-Mar-19,12:43:28
31-Mar-19,12:43:28
31-Mar-19,12:43:28
31-Mar-19,12:43:28
31-Mar-19,12:43:28
31-Mar-19,12:43:29
31-Mar-19,12:43:29
31-Mar-19,12:43:29
31-Mar-19,12:43:29
31-Mar-19,12:43:29
31-Mar-19,12:43:29
31-Mar-19,12:43:29
31-Mar-19,12:43:29
31-Mar-19,12:43:29
31-Mar-19,12:43:29
31-Mar-19,12:43:29
31-Mar-19,12:43:29
31-Mar-19,12:43:29
31-Mar-19,12:43:29
31-Mar-19,12:43:29
31-Mar-19,12:43:29
31-Mar-19,12:43:29
31-Mar-19,12:43:29
31-Mar-19,12:43:29
31-Mar-19,12:43:29
31-Mar-19,12:43:29
31-Mar-19,12:43:29
31-Mar-19,12:43:29
31-Mar-19,12:43:29
31-Mar-19,12:43:29
31-Mar-19,12:43:29
31-Mar-19,12:43:29
31-Mar-19,12:43:29
31-Mar-19,12:43:29
31-Mar-19,12:43:29
31-Mar-19,12:43:29
31-Mar-19,12:43:29
31-Mar-19,12:43:29
31-Mar-19,12:43:29
31-Mar-19,12:43:29
31-Mar-19,12:43:29
31-Mar-19,12:43:29
31-Mar-19,12:43:29
31-Mar-19,12:43:29
31-Mar-19,12:43:29
31-Mar-19,12:43:29
31-Mar-19,12:43:29
31-Mar-19,12:43:29
31-Mar-19,12:43:29
31-Mar-19,12:43:29
31-Mar-19,12:43:29
31-Mar-19,12:43:29
31-Mar-19,12:43:29
31-Mar-19,12:43:29
31-Mar-19,12:43:29
31-Mar-19,12:43:29
31-Mar-19,12:43:29
31-Mar-19,12:43:29
31-Mar-19,12:43:29
31-Mar-19,12:43:29
31-Mar-19,12:43:29
31-Mar-19,12:43:29
31-Mar-19,12:43:29
31-Mar-19,12:43:29
31-Mar-19,12:43:29
31-Mar-19,12:43:29
31-Mar-19,12:43:29
31-Mar-19,12:43:29
31-Mar-19,12:43:29
31-Mar-19,12:43:29
31-Mar-19,12:43:29
31-Mar-19,12:43:29
31-Mar-19,12:43:29
31-Mar-19,12:43:29
31-Mar-19,12:43:29
31-Mar-19,12:43:29
31-Mar-19,12:43:29
31-Mar-19,12:43:29
31-Mar-19,12:43:29
31-Mar-19,12:40:52
31-Mar-19,12:40:52
31-Mar-19,12:40:52
31-Mar-19,12:40:52
31-Mar-19,12:40:52
31-Mar-19,12:40:52
31-Mar-19,12:40:52
31-Mar-19,12:40:52
31-Mar-19,12:40:52
31-Mar-19,12:40:52
31-Mar-19,12:40:52
31-Mar-19,12:40:52
31-Mar-19,12:40:52
31-Mar-19,12:40:52
31-Mar-19,12:40:52
31-Mar-19,12:40:52
31-Mar-19,12:40:52
31-Mar-19,12:40:52
31-Mar-19,12:40:52
31-Mar-19,12:40:52
31-Mar-19,12:40:52
31-Mar-19,12:40:52
31-Mar-19,12:40:52
31-Mar-19,12:40:52
31-Mar-19,12:40:52
31-Mar-19,12:40:52
31-Mar-19,12:40:52
31-Mar-19,12:40:52
31-Mar-19,12:40:52
31-Mar-19,12:40:52
31-Mar-19,12:40:52
31-Mar-19,12:40:52
31-Mar-19,12:40:52
31-Mar-19,12:40:52
31-Mar-19,12:40:52
31-Mar-19,12:40:53
31-Mar-19,12:40:53
31-Mar-19,12:40:53
31-Mar-19,12:40:53
31-Mar-19,12:40:53
31-Mar-19,12:40:53
31-Mar-19,12:40:53
31-Mar-19,12:40:53
31-Mar-19,12:40:53
31-Mar-19,12:40:53
31-Mar-19,12:40:53
31-Mar-19,12:40:53
31-Mar-19,12:40:53
31-Mar-19,12:40:53
31-Mar-19,12:40:53
31-Mar-19,12:40:53
31-Mar-19,12:40:53
31-Mar-19,12:40:53
31-Mar-19,12:40:53
31-Mar-19,12:40:53
31-Mar-19,12:40:53
31-Mar-19,12:40:53
31-Mar-19,12:40:53
31-Mar-19,12:40:53
31-Mar-19,12:40:53
31-Mar-19,12:40:53
31-Mar-19,12:40:53
31-Mar-19,12:40:53
31-Mar-19,12:40:53
31-Mar-19,12:40:53
31-Mar-19,12:40:53
31-Mar-19,12:40:53
31-Mar-19,12:40:53
31-Mar-19,12:40:53
31-Mar-19,12:40:53
31-Mar-19,12:40:53
31-Mar-19,12:40:53
31-Mar-19,12:40:53
31-Mar-19,12:40:53
31-Mar-19,12:40:53
31-Mar-19,12:40:53
31-Mar-19,12:40:53
31-Mar-19,12:40:53
31-Mar-19,12:40:53
31-Mar-19,12:40:53
31-Mar-19,12:43:30
31-Mar-19,12:43:30
31-Mar-19,12:43:30
31-Mar-19,12:43:30
31-Mar-19,12:43:30
31-Mar-19,12:43:31
31-Mar-19,12:43:31
31-Mar-19,12:43:31
31-Mar-19,12:43:31
31-Mar-19,12:43:31
31-Mar-19,12:43:31
31-Mar-19,12:43:31
31-Mar-19,12:43:31
31-Mar-19,12:43:31
31-Mar-19,12:43:31
31-Mar-19,12:43:31
31-Mar-19,12:43:31
31-Mar-19,12:43:31
31-Mar-19,12:43:31
31-Mar-19,12:43:31
31-Mar-19,12:43:31
31-Mar-19,12:43:31
31-Mar-19,12:43:31
31-Mar-19,12:43:31
31-Mar-19,12:43:31
31-Mar-19,12:43:31
31-Mar-19,12:43:31
31-Mar-19,12:43:31
31-Mar-19,12:43:31
31-Mar-19,12:43:31
31-Mar-19,12:43:31
31-Mar-19,12:43:31
31-Mar-19,12:43:31
31-Mar-19,12:43:31
31-Mar-19,12:43:31
31-Mar-19,12:43:31
31-Mar-19,12:43:31
31-Mar-19,12:43:31
31-Mar-19,12:43:31
31-Mar-19,12:43:31
31-Mar-19,12:43:31
31-Mar-19,12:43:31
31-Mar-19,12:43:31
31-Mar-19,12:43:31
31-Mar-19,12:43:31
31-Mar-19,12:43:31
31-Mar-19,12:43:31
31-Mar-19,12:43:31
31-Mar-19,12:43:31
31-Mar-19,12:43:31
31-Mar-19,12:43:31
31-Mar-19,12:43:31
31-Mar-19,12:43:31
31-Mar-19,12:43:31
31-Mar-19,12:43:31
31-Mar-19,12:43:31
31-Mar-19,12:43:31
31-Mar-19,12:43:31
31-Mar-19,12:43:31
31-Mar-19,12:43:31
31-Mar-19,12:43:31
31-Mar-19,12:43:31
31-Mar-19,12:43:31
31-Mar-19,12:43:31
31-Mar-19,12:43:31
31-Mar-19,12:43:31
31-Mar-19,12:43:31
31-Mar-19,12:43:31
31-Mar-19,12:43:31
31-Mar-19,12:43:31
31-Mar-19,12:43:31
31-Mar-19,12:43:31
31-Mar-19,12:43:31
31-Mar-19,12:43:31
31-Mar-19,12:43:31
31-Mar-19,12:43:31
31-Mar-19,12:43:31
31-Mar-19,12:43:31
31-Mar-19,12:43:31
31-Mar-19,12:43:32
31-Mar-19,12:40:55
31-Mar-19,12:40:55
31-Mar-19,12:40:55
31-Mar-19,12:40:55
31-Mar-19,12:40:55
31-Mar-19,12:40:55
31-Mar-19,12:40:55
31-Mar-19,12:40:55
31-Mar-19,12:40:55
31-Mar-19,12:40:55
31-Mar-19,12:40:55
31-Mar-19,12:40:55
31-Mar-19,12:40:55
31-Mar-19,12:40:55
31-Mar-19,12:40:55
31-Mar-19,12:40:55
31-Mar-19,12:40:55
31-Mar-19,12:40:55
31-Mar-19,12:40:55
31-Mar-19,12:40:55
31-Mar-19,12:40:55
31-Mar-19,12:40:55
31-Mar-19,12:40:56
31-Mar-19,12:40:56
31-Mar-19,12:40:56
31-Mar-19,12:40:56
31-Mar-19,12:40:56
31-Mar-19,12:40:56
31-Mar-19,12:40:56
31-Mar-19,12:40:56
31-Mar-19,12:40:56
31-Mar-19,12:40:56
31-Mar-19,12:40:56
31-Mar-19,12:40:56
31-Mar-19,12:40:56
31-Mar-19,12:40:56
31-Mar-19,12:40:56
31-Mar-19,12:40:56
31-Mar-19,12:40:56
31-Mar-19,12:40:56
31-Mar-19,12:40:56
31-Mar-19,12:40:56
31-Mar-19,12:40:56
31-Mar-19,12:40:56
31-Mar-19,12:40:56
31-Mar-19,12:40:56
31-Mar-19,12:40:56
31-Mar-19,12:40:56
31-Mar-19,12:40:56
31-Mar-19,12:40:56
31-Mar-19,12:40:56
31-Mar-19,12:40:56
31-Mar-19,12:40:56
31-Mar-19,12:40:56
31-Mar-19,12:40:56
31-Mar-19,12:40:56
31-Mar-19,12:40:56
31-Mar-19,12:40:56
31-Mar-19,12:40:56
31-Mar-19,12:40:56
31-Mar-19,12:40:56
31-Mar-19,12:40:56
31-Mar-19,12:40:56
31-Mar-19,12:40:56
31-Mar-19,12:40:56
31-Mar-19,12:40:56
31-Mar-19,12:40:56
31-Mar-19,12:40:56
31-Mar-19,12:40:56
31-Mar-19,12:40:56
31-Mar-19,12:40:56
31-Mar-19,12:40:57
31-Mar-19,12:40:57
31-Mar-19,12:40:57
31-Mar-19,12:40:57
31-Mar-19,12:40:57
31-Mar-19,12:40:57
31-Mar-19,12:40:57
31-Mar-19,12:40:57
31-Mar-19,12:40:57
31-Mar-19,12:40:58
31-Mar-19,12:40:58
31-Mar-19,12:40:58
31-Mar-19,12:40:58
31-Mar-19,12:40:58
31-Mar-19,12:40:58
31-Mar-19,12:40:58
31-Mar-19,12:40:58
31-Mar-19,12:40:58
31-Mar-19,12:40:58
31-Mar-19,12:40:58
31-Mar-19,12:40:59
31-Mar-19,12:40:59
31-Mar-19,12:40:59
31-Mar-19,12:40:59
31-Mar-19,12:40:59
31-Mar-19,12:40:59
31-Mar-19,12:40:59
31-Mar-19,12:40:59
31-Mar-19,12:40:59
31-Mar-19,12:40:59
31-Mar-19,12:40:59
31-Mar-19,12:40:59
31-Mar-19,12:40:59
31-Mar-19,12:40:59
31-Mar-19,12:40:59
31-Mar-19,12:40:59
31-Mar-19,12:40:59
31-Mar-19,12:40:59
31-Mar-19,12:40:59
31-Mar-19,12:40:59
31-Mar-19,12:40:59
31-Mar-19,12:40:59
31-Mar-19,12:40:59
31-Mar-19,12:40:59
31-Mar-19,12:40:59
31-Mar-19,12:40:59
31-Mar-19,12:40:59
31-Mar-19,12:40:59
31-Mar-19,12:40:59
31-Mar-19,12:40:59
31-Mar-19,12:40:59
31-Mar-19,12:40:59
31-Mar-19,12:40:59
31-Mar-19,12:40:59
31-Mar-19,12:40:59
31-Mar-19,12:40:59
31-Mar-19,12:40:59
31-Mar-19,12:40:59
31-Mar-19,12:40:59
31-Mar-19,12:40:59
31-Mar-19,12:40:59
31-Mar-19,12:40:59
31-Mar-19,12:40:59
31-Mar-19,12:40:59
31-Mar-19,12:40:59
31-Mar-19,12:40:59
31-Mar-19,12:40:59
31-Mar-19,12:40:59
31-Mar-19,12:40:59
31-Mar-19,12:40:59
31-Mar-19,12:41:00
31-Mar-19,12:41:00
31-Mar-19,12:41:00
31-Mar-19,12:41:00
31-Mar-19,12:41:00
31-Mar-19,12:41:00
31-Mar-19,12:41:00
31-Mar-19,12:41:00
31-Mar-19,12:41:00
31-Mar-19,12:41:00
31-Mar-19,12:41:00
31-Mar-19,12:41:00
31-Mar-19,12:41:00
31-Mar-19,12:41:00
31-Mar-19,12:41:00
31-Mar-19,12:41:00
31-Mar-19,12:41:00
31-Mar-19,12:41:00
31-Mar-19,12:41:00
31-Mar-19,12:43:32
31-Mar-19,12:43:32
31-Mar-19,12:43:32
31-Mar-19,12:43:32
31-Mar-19,12:43:32
31-Mar-19,12:43:32
31-Mar-19,12:43:33
31-Mar-19,12:43:33
31-Mar-19,12:43:33
31-Mar-19,12:43:33
31-Mar-19,12:43:33
31-Mar-19,12:43:33
31-Mar-19,12:43:33
31-Mar-19,12:43:33
31-Mar-19,12:43:33
31-Mar-19,12:43:33
31-Mar-19,12:43:33
31-Mar-19,12:43:33
31-Mar-19,12:43:33
31-Mar-19,12:43:33
31-Mar-19,12:43:33
31-Mar-19,12:43:33
31-Mar-19,12:43:33
31-Mar-19,12:43:33
31-Mar-19,12:43:33
31-Mar-19,12:43:33
31-Mar-19,12:43:33
31-Mar-19,12:43:33
31-Mar-19,12:43:33
31-Mar-19,12:43:33
31-Mar-19,12:43:33
31-Mar-19,12:43:33
31-Mar-19,12:43:33
31-Mar-19,12:43:33
31-Mar-19,12:43:33
31-Mar-19,12:43:33
31-Mar-19,12:43:33
31-Mar-19,12:43:33
31-Mar-19,12:43:33
31-Mar-19,12:43:33
31-Mar-19,12:43:33
31-Mar-19,12:43:33
31-Mar-19,12:43:33
31-Mar-19,12:43:33
31-Mar-19,12:43:33
31-Mar-19,12:43:33
31-Mar-19,12:43:33
31-Mar-19,12:43:33
31-Mar-19,12:43:33
31-Mar-19,12:43:33
31-Mar-19,12:43:33
31-Mar-19,12:43:33
31-Mar-19,12:43:33
31-Mar-19,12:43:33
31-Mar-19,12:43:33
31-Mar-19,12:43:33
31-Mar-19,12:43:33
31-Mar-19,12:43:33
31-Mar-19,12:43:33
31-Mar-19,12:43:33
31-Mar-19,12:43:33
31-Mar-19,12:43:33
31-Mar-19,12:43:33
31-Mar-19,12:43:33
31-Mar-19,12:43:33
31-Mar-19,12:43:33
31-Mar-19,12:43:33
31-Mar-19,12:43:33
31-Mar-19,12:43:33
31-Mar-19,12:43:33
31-Mar-19,12:43:33
31-Mar-19,12:43:33
31-Mar-19,12:43:33
31-Mar-19,12:43:33
31-Mar-19,12:43:33
31-Mar-19,12:43:33
31-Mar-19,12:43:33
31-Mar-19,12:43:33
31-Mar-19,12:43:33
31-Mar-19,12:41:01
31-Mar-19,12:41:02
31-Mar-19,12:41:02
31-Mar-19,12:41:02
31-Mar-19,12:41:02
31-Mar-19,12:41:02
31-Mar-19,12:41:02
31-Mar-19,12:41:02
31-Mar-19,12:41:02
31-Mar-19,12:41:02
31-Mar-19,12:41:02
31-Mar-19,12:41:02
31-Mar-19,12:41:02
31-Mar-19,12:41:02
31-Mar-19,12:41:02
31-Mar-19,12:41:02
31-Mar-19,12:41:02
31-Mar-19,12:41:02
31-Mar-19,12:41:02
31-Mar-19,12:41:02
31-Mar-19,12:41:02
31-Mar-19,12:41:02
31-Mar-19,12:41:02
31-Mar-19,12:41:02
31-Mar-19,12:41:02
31-Mar-19,12:41:02
31-Mar-19,12:41:02
31-Mar-19,12:41:02
31-Mar-19,12:41:02
31-Mar-19,12:41:02
31-Mar-19,12:41:02
31-Mar-19,12:41:02
31-Mar-19,12:41:02
31-Mar-19,12:41:02
31-Mar-19,12:41:02
31-Mar-19,12:41:02
31-Mar-19,12:41:02
31-Mar-19,12:41:02
31-Mar-19,12:41:02
31-Mar-19,12:41:02
31-Mar-19,12:41:02
31-Mar-19,12:41:02
31-Mar-19,12:41:02
31-Mar-19,12:41:02
31-Mar-19,12:41:02
31-Mar-19,12:41:02
31-Mar-19,12:41:02
31-Mar-19,12:41:02
31-Mar-19,12:41:02
31-Mar-19,12:41:02
31-Mar-19,12:41:02
31-Mar-19,12:41:02
31-Mar-19,12:41:03
31-Mar-19,12:41:03
31-Mar-19,12:41:03
31-Mar-19,12:41:03
31-Mar-19,12:41:03
31-Mar-19,12:41:03
31-Mar-19,12:41:03
31-Mar-19,12:41:03
31-Mar-19,12:41:03
31-Mar-19,12:41:03
31-Mar-19,12:41:03
31-Mar-19,12:41:03
31-Mar-19,12:41:03
31-Mar-19,12:41:03
31-Mar-19,12:41:03
31-Mar-19,12:41:03
31-Mar-19,12:41:03
31-Mar-19,12:41:03
31-Mar-19,12:41:03
31-Mar-19,12:41:03
31-Mar-19,12:41:03
31-Mar-19,12:41:03
31-Mar-19,12:41:03
31-Mar-19,12:41:03
31-Mar-19,12:41:03
31-Mar-19,12:41:03
31-Mar-19,12:41:03
31-Mar-19,12:43:41
31-Mar-19,12:43:41
31-Mar-19,12:43:41
31-Mar-19,12:43:41
31-Mar-19,12:43:41
31-Mar-19,12:43:41
31-Mar-19,12:43:41
31-Mar-19,12:43:41
31-Mar-19,12:43:41
31-Mar-19,12:43:41
31-Mar-19,12:43:41
31-Mar-19,12:43:41
31-Mar-19,12:43:41
31-Mar-19,12:43:41
31-Mar-19,12:43:41
31-Mar-19,12:43:41
31-Mar-19,12:43:42
31-Mar-19,12:43:42
31-Mar-19,12:43:42
31-Mar-19,12:43:42
31-Mar-19,12:43:42
31-Mar-19,12:43:42
31-Mar-19,12:43:42
31-Mar-19,12:43:42
31-Mar-19,12:43:42
31-Mar-19,12:43:42
31-Mar-19,12:43:42
31-Mar-19,12:43:42
31-Mar-19,12:43:42
31-Mar-19,12:43:42
31-Mar-19,12:43:42
31-Mar-19,12:43:42
31-Mar-19,12:43:42
31-Mar-19,12:43:42
31-Mar-19,12:43:42
31-Mar-19,12:43:42
31-Mar-19,12:43:42
31-Mar-19,12:43:42
31-Mar-19,12:43:42
31-Mar-19,12:43:42
31-Mar-19,12:43:42
31-Mar-19,12:43:42
31-Mar-19,12:43:42
31-Mar-19,12:43:42
31-Mar-19,12:43:42
31-Mar-19,12:43:42
31-Mar-19,12:43:42
31-Mar-19,12:43:42
31-Mar-19,12:43:42
31-Mar-19,12:43:42
31-Mar-19,12:43:42
31-Mar-19,12:43:42
31-Mar-19,12:43:42
31-Mar-19,12:43:42
31-Mar-19,12:43:42
31-Mar-19,12:43:42
31-Mar-19,12:43:42
31-Mar-19,12:43:42
31-Mar-19,12:43:42
31-Mar-19,12:43:42
31-Mar-19,12:43:42
31-Mar-19,12:43:42
31-Mar-19,12:43:42
31-Mar-19,12:43:42
31-Mar-19,12:43:42
31-Mar-19,12:43:42
31-Mar-19,12:43:42
31-Mar-19,12:43:42
31-Mar-19,12:43:42
31-Mar-19,12:43:42
31-Mar-19,12:43:42
31-Mar-19,12:43:42
31-Mar-19,12:43:42
31-Mar-19,12:43:42
31-Mar-19,12:43:42
31-Mar-19,12:43:42
31-Mar-19,12:43:42
31-Mar-19,12:43:42
31-Mar-19,12:43:42
31-Mar-19,12:43:42
31-Mar-19,12:40:22
31-Mar-19,12:40:22
31-Mar-19,12:40:22
31-Mar-19,12:40:22
31-Mar-19,12:40:22
31-Mar-19,12:40:22
31-Mar-19,12:40:22
31-Mar-19,12:40:22
31-Mar-19,12:40:22
31-Mar-19,12:40:22
31-Mar-19,12:40:22
31-Mar-19,12:40:22
31-Mar-19,12:40:22
31-Mar-19,12:40:22
31-Mar-19,12:40:22
31-Mar-19,12:40:22
31-Mar-19,12:40:22
31-Mar-19,12:40:22
31-Mar-19,12:40:22
31-Mar-19,12:40:22
31-Mar-19,12:40:22
31-Mar-19,12:40:22
31-Mar-19,12:40:22
31-Mar-19,12:40:22
31-Mar-19,12:40:22
31-Mar-19,12:40:22
31-Mar-19,12:40:22
31-Mar-19,12:40:22
31-Mar-19,12:40:22
31-Mar-19,12:40:22
31-Mar-19,12:40:22
31-Mar-19,12:40:22
31-Mar-19,12:40:22
31-Mar-19,12:40:22
31-Mar-19,12:40:22
31-Mar-19,12:40:22
31-Mar-19,12:40:22
31-Mar-19,12:40:23
31-Mar-19,12:40:23
31-Mar-19,12:40:23
31-Mar-19,12:40:23
31-Mar-19,12:40:23
31-Mar-19,12:40:23
31-Mar-19,12:40:23
31-Mar-19,12:40:23
31-Mar-19,12:40:23
31-Mar-19,12:40:23
31-Mar-19,12:40:23
31-Mar-19,12:40:23
31-Mar-19,12:40:23
31-Mar-19,12:40:23
31-Mar-19,12:40:23
31-Mar-19,12:40:23
31-Mar-19,12:40:23
31-Mar-19,12:40:23
31-Mar-19,12:40:23
31-Mar-19,12:40:23
31-Mar-19,12:40:23
31-Mar-19,12:40:23
31-Mar-19,12:40:23
31-Mar-19,12:40:23
31-Mar-19,12:40:23
31-Mar-19,12:40:23
31-Mar-19,12:40:23
31-Mar-19,12:40:23
31-Mar-19,12:40:23
31-Mar-19,12:40:23
31-Mar-19,12:40:23
31-Mar-19,12:40:23
31-Mar-19,12:40:23
31-Mar-19,12:40:23
31-Mar-19,12:40:23
31-Mar-19,12:40:23
31-Mar-19,12:40:23
31-Mar-19,12:40:23
31-Mar-19,12:40:23
31-Mar-19,12:40:23
31-Mar-19,12:40:23
31-Mar-19,12:40:23
31-Mar-19,12:40:23
31-Mar-19,12:41:05
31-Mar-19,12:41:05
31-Mar-19,12:41:05
31-Mar-19,12:41:05
31-Mar-19,12:41:05
31-Mar-19,12:41:05
31-Mar-19,12:41:05
31-Mar-19,12:41:05
31-Mar-19,12:41:05
31-Mar-19,12:41:05
31-Mar-19,12:41:05
31-Mar-19,12:41:05
31-Mar-19,12:41:05
31-Mar-19,12:41:05
31-Mar-19,12:41:05
31-Mar-19,12:41:05
31-Mar-19,12:41:05
31-Mar-19,12:41:05
31-Mar-19,12:41:05
31-Mar-19,12:41:05
31-Mar-19,12:41:05
31-Mar-19,12:41:05
31-Mar-19,12:41:05
31-Mar-19,12:41:05
31-Mar-19,12:41:05
31-Mar-19,12:41:05
31-Mar-19,12:41:05
31-Mar-19,12:41:05
31-Mar-19,12:41:05
31-Mar-19,12:41:05
31-Mar-19,12:41:05
31-Mar-19,12:41:05
31-Mar-19,12:41:05
31-Mar-19,12:41:05
31-Mar-19,12:41:05
31-Mar-19,12:41:05
31-Mar-19,12:41:05
31-Mar-19,12:41:05
31-Mar-19,12:41:05
31-Mar-19,12:41:05
31-Mar-19,12:41:05
31-Mar-19,12:41:05
31-Mar-19,12:41:05
31-Mar-19,12:41:05
31-Mar-19,12:41:05
31-Mar-19,12:41:05
31-Mar-19,12:41:06
31-Mar-19,12:41:06
31-Mar-19,12:41:06
31-Mar-19,12:41:06
31-Mar-19,12:41:06
31-Mar-19,12:41:06
31-Mar-19,12:41:06
31-Mar-19,12:41:06
31-Mar-19,12:41:06
31-Mar-19,12:41:06
31-Mar-19,12:41:06
31-Mar-19,12:41:06
31-Mar-19,12:41:06
31-Mar-19,12:41:06
31-Mar-19,12:41:06
31-Mar-19,12:41:06
31-Mar-19,12:41:06
31-Mar-19,12:41:06
31-Mar-19,12:41:06
31-Mar-19,12:41:06
31-Mar-19,12:41:06
31-Mar-19,12:41:06
31-Mar-19,12:41:06
31-Mar-19,12:41:06
31-Mar-19,12:41:06
31-Mar-19,12:41:06
31-Mar-19,12:41:06
31-Mar-19,12:41:06
31-Mar-19,12:41:06
31-Mar-19,12:41:06
31-Mar-19,12:41:06
31-Mar-19,12:41:06
31-Mar-19,12:41:06
31-Mar-19,12:41:06
31-Mar-19,12:43:34
31-Mar-19,12:43:34
31-Mar-19,12:43:34
31-Mar-19,12:43:35
31-Mar-19,12:43:35
31-Mar-19,12:43:35
31-Mar-19,12:43:35
31-Mar-19,12:43:35
31-Mar-19,12:43:35
31-Mar-19,12:43:35
31-Mar-19,12:43:35
31-Mar-19,12:43:35
31-Mar-19,12:43:35
31-Mar-19,12:43:35
31-Mar-19,12:43:35
31-Mar-19,12:43:35
31-Mar-19,12:43:35
31-Mar-19,12:43:35
31-Mar-19,12:43:35
31-Mar-19,12:43:35
31-Mar-19,12:43:35
31-Mar-19,12:43:35
31-Mar-19,12:43:35
31-Mar-19,12:43:35
31-Mar-19,12:43:35
31-Mar-19,12:43:35
31-Mar-19,12:43:35
31-Mar-19,12:43:35
31-Mar-19,12:43:35
31-Mar-19,12:43:35
31-Mar-19,12:43:35
31-Mar-19,12:43:35
31-Mar-19,12:43:35
31-Mar-19,12:43:35
31-Mar-19,12:43:35
31-Mar-19,12:43:35
31-Mar-19,12:43:35
31-Mar-19,12:43:35
31-Mar-19,12:43:35
31-Mar-19,12:43:35
31-Mar-19,12:43:35
31-Mar-19,12:43:35
31-Mar-19,12:43:35
31-Mar-19,12:43:35
31-Mar-19,12:43:35
31-Mar-19,12:43:35
31-Mar-19,12:43:35
31-Mar-19,12:43:35
31-Mar-19,12:43:35
31-Mar-19,12:43:35
31-Mar-19,12:43:35
31-Mar-19,12:43:35
31-Mar-19,12:43:35
31-Mar-19,12:43:35
31-Mar-19,12:43:35
31-Mar-19,12:43:35
31-Mar-19,12:43:35
31-Mar-19,12:43:35
31-Mar-19,12:43:35
31-Mar-19,12:43:35
31-Mar-19,12:43:35
31-Mar-19,12:43:35
31-Mar-19,12:43:35
31-Mar-19,12:43:35
31-Mar-19,12:43:35
31-Mar-19,12:43:35
31-Mar-19,12:43:35
31-Mar-19,12:43:35
31-Mar-19,12:43:35
31-Mar-19,12:43:35
31-Mar-19,12:43:35
31-Mar-19,12:43:35
31-Mar-19,12:43:35
31-Mar-19,12:43:35
31-Mar-19,12:43:35
31-Mar-19,12:43:35
31-Mar-19,12:43:35
31-Mar-19,12:43:35
31-Mar-19,12:43:35
31-Mar-19,12:43:35
31-Mar-19,12:40:25
31-Mar-19,12:40:25
31-Mar-19,12:40:25
31-Mar-19,12:40:25
31-Mar-19,12:40:25
31-Mar-19,12:40:25
31-Mar-19,12:40:25
31-Mar-19,12:40:25
31-Mar-19,12:40:25
31-Mar-19,12:40:25
31-Mar-19,12:40:25
31-Mar-19,12:40:26
31-Mar-19,12:40:26
31-Mar-19,12:40:26
31-Mar-19,12:40:26
31-Mar-19,12:40:26
31-Mar-19,12:40:26
31-Mar-19,12:40:26
31-Mar-19,12:40:26
31-Mar-19,12:40:26
31-Mar-19,12:40:26
31-Mar-19,12:40:26
31-Mar-19,12:40:26
31-Mar-19,12:40:26
31-Mar-19,12:40:26
31-Mar-19,12:40:26
31-Mar-19,12:40:26
31-Mar-19,12:40:26
31-Mar-19,12:40:26
31-Mar-19,12:40:26
31-Mar-19,12:40:26
31-Mar-19,12:40:26
31-Mar-19,12:40:26
31-Mar-19,12:40:26
31-Mar-19,12:40:26
31-Mar-19,12:40:26
31-Mar-19,12:40:26
31-Mar-19,12:40:26
31-Mar-19,12:40:26
31-Mar-19,12:40:26
31-Mar-19,12:40:26
31-Mar-19,12:40:26
31-Mar-19,12:40:26
31-Mar-19,12:40:26
31-Mar-19,12:40:26
31-Mar-19,12:40:26
31-Mar-19,12:40:26
31-Mar-19,12:40:26
31-Mar-19,12:40:26
31-Mar-19,12:40:26
31-Mar-19,12:40:26
31-Mar-19,12:40:26
31-Mar-19,12:40:26
31-Mar-19,12:40:26
31-Mar-19,12:40:27
31-Mar-19,12:40:27
31-Mar-19,12:40:27
31-Mar-19,12:40:27
31-Mar-19,12:40:27
31-Mar-19,12:40:27
31-Mar-19,12:40:27
31-Mar-19,12:40:27
31-Mar-19,12:40:27
31-Mar-19,12:40:27
31-Mar-19,12:40:27
31-Mar-19,12:40:27
31-Mar-19,12:40:27
31-Mar-19,12:40:27
31-Mar-19,12:40:27
31-Mar-19,12:40:27
31-Mar-19,12:40:27
31-Mar-19,12:40:27
31-Mar-19,12:40:27
31-Mar-19,12:40:27
31-Mar-19,12:40:27
31-Mar-19,12:40:27
31-Mar-19,12:40:27
31-Mar-19,12:40:27
31-Mar-19,12:40:27
31-Mar-19,12:40:27
31-Mar-19,12:40:31
31-Mar-19,12:40:31
31-Mar-19,12:40:31
31-Mar-19,12:40:31
31-Mar-19,12:40:31
31-Mar-19,12:40:31
31-Mar-19,12:40:31
31-Mar-19,12:40:31
31-Mar-19,12:40:31
31-Mar-19,12:40:31
31-Mar-19,12:40:31
31-Mar-19,12:40:31
31-Mar-19,12:40:31
31-Mar-19,12:40:31
31-Mar-19,12:40:31
31-Mar-19,12:40:32
31-Mar-19,12:40:32
31-Mar-19,12:40:32
31-Mar-19,12:40:32
31-Mar-19,12:40:32
31-Mar-19,12:40:32
31-Mar-19,12:40:32
31-Mar-19,12:40:32
31-Mar-19,12:40:32
31-Mar-19,12:40:32
31-Mar-19,12:40:32
31-Mar-19,12:40:32
31-Mar-19,12:40:32
31-Mar-19,12:40:32
31-Mar-19,12:40:32
31-Mar-19,12:40:32
31-Mar-19,12:40:32
31-Mar-19,12:40:32
31-Mar-19,12:40:32
31-Mar-19,12:40:32
31-Mar-19,12:40:32
31-Mar-19,12:40:32
31-Mar-19,12:40:32
31-Mar-19,12:40:32
31-Mar-19,12:40:32
31-Mar-19,12:40:32
31-Mar-19,12:40:32
31-Mar-19,12:40:32
31-Mar-19,12:40:32
31-Mar-19,12:40:32
31-Mar-19,12:40:32
31-Mar-19,12:40:32
31-Mar-19,12:40:32
31-Mar-19,12:40:32
31-Mar-19,12:40:32
31-Mar-19,12:40:32
31-Mar-19,12:40:32
31-Mar-19,12:40:32
31-Mar-19,12:40:32
31-Mar-19,12:40:32
31-Mar-19,12:40:32
31-Mar-19,12:40:32
31-Mar-19,12:40:32
31-Mar-19,12:40:32
31-Mar-19,12:40:32
31-Mar-19,12:40:33
31-Mar-19,12:40:33
31-Mar-19,12:40:33
31-Mar-19,12:40:33
31-Mar-19,12:40:33
31-Mar-19,12:40:33
31-Mar-19,12:40:33
31-Mar-19,12:40:33
31-Mar-19,12:40:33
31-Mar-19,12:40:33
31-Mar-19,12:40:33
31-Mar-19,12:40:33
31-Mar-19,12:40:33
31-Mar-19,12:40:33
31-Mar-19,12:40:33
31-Mar-19,12:40:33
31-Mar-19,12:40:33
31-Mar-19,12:40:33
31-Mar-19,12:40:33
31-Mar-19,12:40:33
31-Mar-19,12:41:08
31-Mar-19,12:41:08
31-Mar-19,12:41:08
31-Mar-19,12:41:08
31-Mar-19,12:41:08
31-Mar-19,12:41:08
31-Mar-19,12:41:08
31-Mar-19,12:41:08
31-Mar-19,12:41:08
31-Mar-19,12:41:08
31-Mar-19,12:41:08
31-Mar-19,12:41:08
31-Mar-19,12:41:08
31-Mar-19,12:41:08
31-Mar-19,12:41:08
31-Mar-19,12:41:08
31-Mar-19,12:41:08
31-Mar-19,12:41:08
31-Mar-19,12:41:08
31-Mar-19,12:41:08
31-Mar-19,12:41:08
31-Mar-19,12:41:08
31-Mar-19,12:41:08
31-Mar-19,12:41:08
31-Mar-19,12:41:08
31-Mar-19,12:41:08
31-Mar-19,12:41:08
31-Mar-19,12:41:08
31-Mar-19,12:41:08
31-Mar-19,12:41:08
31-Mar-19,12:41:08
31-Mar-19,12:41:08
31-Mar-19,12:41:08
31-Mar-19,12:41:08
31-Mar-19,12:41:08
31-Mar-19,12:41:08
31-Mar-19,12:41:08
31-Mar-19,12:41:08
31-Mar-19,12:41:08
31-Mar-19,12:41:08
31-Mar-19,12:41:08
31-Mar-19,12:41:09
31-Mar-19,12:41:09
31-Mar-19,12:41:09
31-Mar-19,12:41:09
31-Mar-19,12:41:09
31-Mar-19,12:41:09
31-Mar-19,12:41:09
31-Mar-19,12:41:09
31-Mar-19,12:41:09
31-Mar-19,12:41:09
31-Mar-19,12:41:09
31-Mar-19,12:41:09
31-Mar-19,12:41:09
31-Mar-19,12:41:09
31-Mar-19,12:41:09
31-Mar-19,12:41:09
31-Mar-19,12:41:09
31-Mar-19,12:41:09
31-Mar-19,12:41:09
31-Mar-19,12:41:09
31-Mar-19,12:41:09
31-Mar-19,12:41:09
31-Mar-19,12:41:09
31-Mar-19,12:41:09
31-Mar-19,12:41:09
31-Mar-19,12:41:09
31-Mar-19,12:41:09
31-Mar-19,12:41:09
31-Mar-19,12:41:09
31-Mar-19,12:41:09
31-Mar-19,12:41:09
31-Mar-19,12:41:09
31-Mar-19,12:41:09
31-Mar-19,12:41:09
31-Mar-19,12:41:09
31-Mar-19,12:41:09
31-Mar-19,12:41:09
31-Mar-19,12:41:09
31-Mar-19,12:41:09
31-Mar-19,12:40:35
31-Mar-19,12:40:35
31-Mar-19,12:40:35
31-Mar-19,12:40:35
31-Mar-19,12:40:35
31-Mar-19,12:40:35
31-Mar-19,12:40:35
31-Mar-19,12:40:35
31-Mar-19,12:40:35
31-Mar-19,12:40:35
31-Mar-19,12:40:35
31-Mar-19,12:40:35
31-Mar-19,12:40:35
31-Mar-19,12:40:35
31-Mar-19,12:40:35
31-Mar-19,12:40:35
31-Mar-19,12:40:35
31-Mar-19,12:40:35
31-Mar-19,12:40:35
31-Mar-19,12:40:35
31-Mar-19,12:40:35
31-Mar-19,12:40:35
31-Mar-19,12:40:35
31-Mar-19,12:40:35
31-Mar-19,12:40:35
31-Mar-19,12:40:35
31-Mar-19,12:40:35
31-Mar-19,12:40:35
31-Mar-19,12:40:35
31-Mar-19,12:40:35
31-Mar-19,12:40:35
31-Mar-19,12:40:35
31-Mar-19,12:40:35
31-Mar-19,12:40:35
31-Mar-19,12:40:35
31-Mar-19,12:40:36
31-Mar-19,12:40:36
31-Mar-19,12:40:36
31-Mar-19,12:40:36
31-Mar-19,12:40:36
31-Mar-19,12:40:36
31-Mar-19,12:40:36
31-Mar-19,12:40:36
31-Mar-19,12:40:36
31-Mar-19,12:40:36
31-Mar-19,12:40:36
31-Mar-19,12:40:36
31-Mar-19,12:40:36
31-Mar-19,12:40:36
31-Mar-19,12:40:36
31-Mar-19,12:40:36
31-Mar-19,12:40:36
31-Mar-19,12:40:36
31-Mar-19,12:40:36
31-Mar-19,12:40:36
31-Mar-19,12:40:36
31-Mar-19,12:40:36
31-Mar-19,12:40:36
31-Mar-19,12:40:36
31-Mar-19,12:40:36
31-Mar-19,12:40:36
31-Mar-19,12:40:36
31-Mar-19,12:40:36
31-Mar-19,12:40:36
31-Mar-19,12:40:36
31-Mar-19,12:40:36
31-Mar-19,12:40:36
31-Mar-19,12:40:36
31-Mar-19,12:40:36
31-Mar-19,12:40:36
31-Mar-19,12:40:36
31-Mar-19,12:40:36
31-Mar-19,12:40:36
31-Mar-19,12:40:36
31-Mar-19,12:40:36
31-Mar-19,12:40:36
31-Mar-19,12:40:36
31-Mar-19,12:40:36
31-Mar-19,12:40:36
31-Mar-19,12:40:36
31-Mar-19,12:43:42
31-Mar-19,12:43:42
31-Mar-19,12:43:42
31-Mar-19,12:43:42
31-Mar-19,12:43:42
31-Mar-19,12:43:42
31-Mar-19,12:43:42
31-Mar-19,12:43:42
31-Mar-19,12:43:42
31-Mar-19,12:43:42
31-Mar-19,12:43:42
31-Mar-19,12:43:42
31-Mar-19,12:43:42
31-Mar-19,12:43:42
31-Mar-19,12:43:42
31-Mar-19,12:43:42
31-Mar-19,12:43:42
31-Mar-19,12:43:42
31-Mar-19,12:43:42
31-Mar-19,12:43:42
31-Mar-19,12:43:42
31-Mar-19,12:43:42
31-Mar-19,12:43:42
31-Mar-19,12:43:42
31-Mar-19,12:43:43
31-Mar-19,12:43:43
31-Mar-19,12:43:43
31-Mar-19,12:43:43
31-Mar-19,12:43:43
31-Mar-19,12:43:43
31-Mar-19,12:43:43
31-Mar-19,12:43:43
31-Mar-19,12:43:43
31-Mar-19,12:43:43
31-Mar-19,12:43:43
31-Mar-19,12:43:43
31-Mar-19,12:43:43
31-Mar-19,12:43:43
31-Mar-19,12:43:43
31-Mar-19,12:43:43
31-Mar-19,12:43:43
31-Mar-19,12:43:43
31-Mar-19,12:43:43
31-Mar-19,12:43:43
31-Mar-19,12:43:43
31-Mar-19,12:43:43
31-Mar-19,12:43:43
31-Mar-19,12:43:43
31-Mar-19,12:43:43
31-Mar-19,12:43:43
31-Mar-19,12:43:43
31-Mar-19,12:43:43
31-Mar-19,12:43:43
31-Mar-19,12:43:43
31-Mar-19,12:43:43
31-Mar-19,12:43:43
31-Mar-19,12:43:43
31-Mar-19,12:43:43
31-Mar-19,12:43:43
31-Mar-19,12:43:43
31-Mar-19,12:43:43
31-Mar-19,12:43:43
31-Mar-19,12:43:43
31-Mar-19,12:43:43
31-Mar-19,12:43:43
31-Mar-19,12:43:43
31-Mar-19,12:43:43
31-Mar-19,12:43:43
31-Mar-19,12:43:43
31-Mar-19,12:43:43
31-Mar-19,12:43:43
31-Mar-19,12:43:43
31-Mar-19,12:43:43
31-Mar-19,12:43:43
31-Mar-19,12:43:43
31-Mar-19,12:43:43
31-Mar-19,12:43:43
31-Mar-19,12:43:43
31-Mar-19,12:43:43
31-Mar-19,12:40:38
31-Mar-19,12:40:38
31-Mar-19,12:40:38
31-Mar-19,12:40:38
31-Mar-19,12:40:38
31-Mar-19,12:40:38
31-Mar-19,12:40:38
31-Mar-19,12:40:38
31-Mar-19,12:40:38
31-Mar-19,12:40:38
31-Mar-19,12:40:38
31-Mar-19,12:40:38
31-Mar-19,12:40:38
31-Mar-19,12:40:39
31-Mar-19,12:40:39
31-Mar-19,12:40:39
31-Mar-19,12:40:39
31-Mar-19,12:40:39
31-Mar-19,12:40:39
31-Mar-19,12:40:39
31-Mar-19,12:40:39
31-Mar-19,12:40:39
31-Mar-19,12:40:39
31-Mar-19,12:40:39
31-Mar-19,12:40:39
31-Mar-19,12:40:39
31-Mar-19,12:40:39
31-Mar-19,12:40:39
31-Mar-19,12:40:39
31-Mar-19,12:40:39
31-Mar-19,12:40:39
31-Mar-19,12:40:39
31-Mar-19,12:40:39
31-Mar-19,12:40:39
31-Mar-19,12:40:39
31-Mar-19,12:40:39
31-Mar-19,12:40:39
31-Mar-19,12:40:39
31-Mar-19,12:40:39
31-Mar-19,12:40:39
31-Mar-19,12:40:39
31-Mar-19,12:40:39
31-Mar-19,12:40:39
31-Mar-19,12:40:39
31-Mar-19,12:40:39
31-Mar-19,12:40:39
31-Mar-19,12:40:39
31-Mar-19,12:40:39
31-Mar-19,12:40:39
31-Mar-19,12:40:39
31-Mar-19,12:40:39
31-Mar-19,12:40:39
31-Mar-19,12:40:39
31-Mar-19,12:40:39
31-Mar-19,12:40:39
31-Mar-19,12:40:39
31-Mar-19,12:40:39
31-Mar-19,12:40:39
31-Mar-19,12:40:39
31-Mar-19,12:40:40
31-Mar-19,12:40:40
31-Mar-19,12:40:40
31-Mar-19,12:40:40
31-Mar-19,12:40:40
31-Mar-19,12:40:40
31-Mar-19,12:40:40
31-Mar-19,12:40:40
31-Mar-19,12:40:40
31-Mar-19,12:40:40
31-Mar-19,12:40:40
31-Mar-19,12:40:40
31-Mar-19,12:40:40
31-Mar-19,12:40:40
31-Mar-19,12:40:40
31-Mar-19,12:40:40
31-Mar-19,12:40:40
31-Mar-19,12:40:40
31-Mar-19,12:40:40
31-Mar-19,12:40:40
31-Mar-19,12:40:40
31-Mar-19,12:41:11
31-Mar-19,12:41:11
31-Mar-19,12:41:11
31-Mar-19,12:41:11
31-Mar-19,12:41:11
31-Mar-19,12:41:11
31-Mar-19,12:41:11
31-Mar-19,12:41:11
31-Mar-19,12:41:11
31-Mar-19,12:41:11
31-Mar-19,12:41:11
31-Mar-19,12:41:11
31-Mar-19,12:41:11
31-Mar-19,12:41:11
31-Mar-19,12:41:11
31-Mar-19,12:41:11
31-Mar-19,12:41:11
31-Mar-19,12:41:11
31-Mar-19,12:41:11
31-Mar-19,12:41:11
31-Mar-19,12:41:11
31-Mar-19,12:41:11
31-Mar-19,12:41:11
31-Mar-19,12:41:11
31-Mar-19,12:41:11
31-Mar-19,12:41:11
31-Mar-19,12:41:11
31-Mar-19,12:41:11
31-Mar-19,12:41:11
31-Mar-19,12:41:11
31-Mar-19,12:41:11
31-Mar-19,12:41:11
31-Mar-19,12:41:11
31-Mar-19,12:41:11
31-Mar-19,12:41:11
31-Mar-19,12:41:11
31-Mar-19,12:41:11
31-Mar-19,12:41:12
31-Mar-19,12:41:12
31-Mar-19,12:41:12
31-Mar-19,12:41:12
31-Mar-19,12:41:12
31-Mar-19,12:41:12
31-Mar-19,12:41:12
31-Mar-19,12:41:12
31-Mar-19,12:41:12
31-Mar-19,12:41:12
31-Mar-19,12:41:12
31-Mar-19,12:41:12
31-Mar-19,12:41:12
31-Mar-19,12:41:12
31-Mar-19,12:41:12
31-Mar-19,12:41:12
31-Mar-19,12:41:12
31-Mar-19,12:41:12
31-Mar-19,12:41:12
31-Mar-19,12:41:12
31-Mar-19,12:41:12
31-Mar-19,12:41:12
31-Mar-19,12:41:12
31-Mar-19,12:41:12
31-Mar-19,12:41:12
31-Mar-19,12:41:12
31-Mar-19,12:41:12
31-Mar-19,12:41:12
31-Mar-19,12:41:12
31-Mar-19,12:41:12
31-Mar-19,12:41:12
31-Mar-19,12:41:12
31-Mar-19,12:41:12
31-Mar-19,12:41:12
31-Mar-19,12:41:12
31-Mar-19,12:41:12
31-Mar-19,12:41:12
31-Mar-19,12:41:12
31-Mar-19,12:41:12
31-Mar-19,12:41:12
31-Mar-19,12:41:12
31-Mar-19,12:41:12
31-Mar-19,12:41:12
31-Mar-19,12:40:42
31-Mar-19,12:40:42
31-Mar-19,12:40:42
31-Mar-19,12:40:42
31-Mar-19,12:40:42
31-Mar-19,12:40:42
31-Mar-19,12:40:42
31-Mar-19,12:40:42
31-Mar-19,12:40:42
31-Mar-19,12:40:42
31-Mar-19,12:40:42
31-Mar-19,12:40:42
31-Mar-19,12:40:42
31-Mar-19,12:40:42
31-Mar-19,12:40:42
31-Mar-19,12:40:42
31-Mar-19,12:40:42
31-Mar-19,12:40:42
31-Mar-19,12:40:42
31-Mar-19,12:40:42
31-Mar-19,12:40:42
31-Mar-19,12:40:42
31-Mar-19,12:40:42
31-Mar-19,12:40:42
31-Mar-19,12:40:42
31-Mar-19,12:40:42
31-Mar-19,12:40:42
31-Mar-19,12:40:42
31-Mar-19,12:40:42
31-Mar-19,12:40:42
31-Mar-19,12:40:42
31-Mar-19,12:40:42
31-Mar-19,12:40:42
31-Mar-19,12:40:42
31-Mar-19,12:40:42
31-Mar-19,12:40:42
31-Mar-19,12:40:42
31-Mar-19,12:40:42
31-Mar-19,12:40:43
31-Mar-19,12:40:43
31-Mar-19,12:40:43
31-Mar-19,12:40:43
31-Mar-19,12:40:43
31-Mar-19,12:40:43
31-Mar-19,12:40:43
31-Mar-19,12:40:43
31-Mar-19,12:40:43
31-Mar-19,12:40:43
31-Mar-19,12:40:43
31-Mar-19,12:40:43
31-Mar-19,12:40:43
31-Mar-19,12:40:43
31-Mar-19,12:40:43
31-Mar-19,12:40:43
31-Mar-19,12:40:43
31-Mar-19,12:40:43
31-Mar-19,12:40:43
31-Mar-19,12:40:43
31-Mar-19,12:40:43
31-Mar-19,12:40:43
31-Mar-19,12:40:43
31-Mar-19,12:40:43
31-Mar-19,12:40:43
31-Mar-19,12:40:43
31-Mar-19,12:40:43
31-Mar-19,12:40:43
31-Mar-19,12:40:43
31-Mar-19,12:40:43
31-Mar-19,12:40:43
31-Mar-19,12:40:43
31-Mar-19,12:40:43
31-Mar-19,12:40:43
31-Mar-19,12:40:43
31-Mar-19,12:40:43
31-Mar-19,12:40:43
31-Mar-19,12:40:43
31-Mar-19,12:40:43
31-Mar-19,12:40:43
31-Mar-19,12:40:43
31-Mar-19,12:40:43
31-Mar-19,12:43:36
31-Mar-19,12:43:36
31-Mar-19,12:43:36
31-Mar-19,12:43:36
31-Mar-19,12:43:36
31-Mar-19,12:43:37
31-Mar-19,12:43:37
31-Mar-19,12:43:37
31-Mar-19,12:43:37
31-Mar-19,12:43:37
31-Mar-19,12:43:37
31-Mar-19,12:43:37
31-Mar-19,12:43:37
31-Mar-19,12:43:37
31-Mar-19,12:43:37
31-Mar-19,12:43:37
31-Mar-19,12:43:37
31-Mar-19,12:43:37
31-Mar-19,12:43:37
31-Mar-19,12:43:37
31-Mar-19,12:43:37
31-Mar-19,12:43:37
31-Mar-19,12:43:37
31-Mar-19,12:43:37
31-Mar-19,12:43:37
31-Mar-19,12:43:37
31-Mar-19,12:43:37
31-Mar-19,12:43:37
31-Mar-19,12:43:37
31-Mar-19,12:43:37
31-Mar-19,12:43:37
31-Mar-19,12:43:37
31-Mar-19,12:43:37
31-Mar-19,12:43:37
31-Mar-19,12:43:37
31-Mar-19,12:43:37
31-Mar-19,12:43:37
31-Mar-19,12:43:37
31-Mar-19,12:43:37
31-Mar-19,12:43:37
31-Mar-19,12:43:37
31-Mar-19,12:43:37
31-Mar-19,12:43:37
31-Mar-19,12:43:37
31-Mar-19,12:43:37
31-Mar-19,12:43:37
31-Mar-19,12:43:37
31-Mar-19,12:43:37
31-Mar-19,12:43:37
31-Mar-19,12:43:37
31-Mar-19,12:43:37
31-Mar-19,12:43:37
31-Mar-19,12:43:37
31-Mar-19,12:43:37
31-Mar-19,12:43:37
31-Mar-19,12:43:37
31-Mar-19,12:43:37
31-Mar-19,12:43:37
31-Mar-19,12:43:37
31-Mar-19,12:43:37
31-Mar-19,12:43:37
31-Mar-19,12:43:37
31-Mar-19,12:43:37
31-Mar-19,12:43:37
31-Mar-19,12:43:37
31-Mar-19,12:43:37
31-Mar-19,12:43:37
31-Mar-19,12:43:37
31-Mar-19,12:43:37
31-Mar-19,12:43:37
31-Mar-19,12:43:37
31-Mar-19,12:43:37
31-Mar-19,12:43:37
31-Mar-19,12:43:37
31-Mar-19,12:43:37
31-Mar-19,12:43:37
31-Mar-19,12:43:37
31-Mar-19,12:43:37
31-Mar-19,12:43:37
31-Mar-19,12:43:37
31-Mar-19,12:40:45
31-Mar-19,12:40:45
31-Mar-19,12:40:45
31-Mar-19,12:40:45
31-Mar-19,12:40:45
31-Mar-19,12:40:45
31-Mar-19,12:40:45
31-Mar-19,12:40:45
31-Mar-19,12:40:45
31-Mar-19,12:40:45
31-Mar-19,12:40:45
31-Mar-19,12:40:45
31-Mar-19,12:40:45
31-Mar-19,12:40:45
31-Mar-19,12:40:45
31-Mar-19,12:40:45
31-Mar-19,12:40:45
31-Mar-19,12:40:45
31-Mar-19,12:40:45
31-Mar-19,12:40:46
31-Mar-19,12:40:46
31-Mar-19,12:40:46
31-Mar-19,12:40:46
31-Mar-19,12:40:46
31-Mar-19,12:40:46
31-Mar-19,12:40:46
31-Mar-19,12:40:46
31-Mar-19,12:40:46
31-Mar-19,12:40:46
31-Mar-19,12:40:46
31-Mar-19,12:40:46
31-Mar-19,12:40:46
31-Mar-19,12:40:46
31-Mar-19,12:40:46
31-Mar-19,12:40:46
31-Mar-19,12:40:46
31-Mar-19,12:40:46
31-Mar-19,12:40:46
31-Mar-19,12:40:46
31-Mar-19,12:40:46
31-Mar-19,12:40:46
31-Mar-19,12:40:46
31-Mar-19,12:40:46
31-Mar-19,12:40:46
31-Mar-19,12:40:46
31-Mar-19,12:40:46
31-Mar-19,12:40:46
31-Mar-19,12:40:46
31-Mar-19,12:40:46
31-Mar-19,12:40:46
31-Mar-19,12:40:46
31-Mar-19,12:40:46
31-Mar-19,12:40:46
31-Mar-19,12:40:46
31-Mar-19,12:40:46
31-Mar-19,12:40:46
31-Mar-19,12:40:46
31-Mar-19,12:40:46
31-Mar-19,12:40:46
31-Mar-19,12:40:46
31-Mar-19,12:40:46
31-Mar-19,12:40:46
31-Mar-19,12:40:46
31-Mar-19,12:40:46
31-Mar-19,12:40:46
31-Mar-19,12:40:46
31-Mar-19,12:40:47
31-Mar-19,12:40:47
31-Mar-19,12:40:47
31-Mar-19,12:40:47
31-Mar-19,12:40:47
31-Mar-19,12:40:47
31-Mar-19,12:40:47
31-Mar-19,12:40:47
31-Mar-19,12:40:47
31-Mar-19,12:40:47
31-Mar-19,12:40:47
31-Mar-19,12:40:47
31-Mar-19,12:40:47
31-Mar-19,12:40:47
31-Mar-19,12:41:14
31-Mar-19,12:41:14
31-Mar-19,12:41:14
31-Mar-19,12:41:14
31-Mar-19,12:41:14
31-Mar-19,12:41:14
31-Mar-19,12:41:14
31-Mar-19,12:41:14
31-Mar-19,12:43:20
31-Mar-19,12:43:20
31-Mar-19,12:43:20
31-Mar-19,12:43:21
31-Mar-19,12:43:21
31-Mar-19,12:43:21
31-Mar-19,12:43:21
31-Mar-19,12:43:21
31-Mar-19,12:43:21
31-Mar-19,12:43:21
31-Mar-19,12:43:21
31-Mar-19,12:43:21
31-Mar-19,12:43:21
31-Mar-19,12:43:21
31-Mar-19,12:43:21
31-Mar-19,12:43:21
31-Mar-19,12:43:21
31-Mar-19,12:43:21
31-Mar-19,12:43:21
31-Mar-19,12:43:21
31-Mar-19,12:43:21
31-Mar-19,12:43:21
31-Mar-19,12:43:21
31-Mar-19,12:43:21
31-Mar-19,12:43:21
31-Mar-19,12:43:21
31-Mar-19,12:43:21
31-Mar-19,12:43:21
31-Mar-19,12:43:21
31-Mar-19,12:43:21
31-Mar-19,12:43:21
31-Mar-19,12:43:21
31-Mar-19,12:43:21
31-Mar-19,12:43:21
31-Mar-19,12:43:21
31-Mar-19,12:43:21
31-Mar-19,12:43:21
31-Mar-19,12:43:21
31-Mar-19,12:43:21
31-Mar-19,12:43:21
31-Mar-19,12:43:21
31-Mar-19,12:43:21
31-Mar-19,12:43:21
31-Mar-19,12:43:21
31-Mar-19,12:43:21
31-Mar-19,12:43:21
31-Mar-19,12:43:21
31-Mar-19,12:43:21
31-Mar-19,12:43:21
31-Mar-19,12:43:21
31-Mar-19,12:43:21
31-Mar-19,12:43:21
31-Mar-19,12:43:21
31-Mar-19,12:43:21
31-Mar-19,12:43:21
31-Mar-19,12:43:21
31-Mar-19,12:43:21
31-Mar-19,12:43:21
31-Mar-19,12:43:21
31-Mar-19,12:43:21
31-Mar-19,12:43:21
31-Mar-19,12:43:21
31-Mar-19,12:43:21
31-Mar-19,12:43:21
31-Mar-19,12:43:21
31-Mar-19,12:43:21
31-Mar-19,12:43:21
31-Mar-19,12:43:21
31-Mar-19,12:43:21
31-Mar-19,12:43:21
31-Mar-19,12:43:21
31-Mar-19,12:43:21
31-Mar-19,12:40:48
31-Mar-19,12:40:48
31-Mar-19,12:40:49
31-Mar-19,12:40:49
31-Mar-19,12:40:49
31-Mar-19,12:40:49
31-Mar-19,12:40:49
31-Mar-19,12:40:49
31-Mar-19,12:40:49
31-Mar-19,12:40:49
31-Mar-19,12:40:49
31-Mar-19,12:40:49
31-Mar-19,12:40:49
31-Mar-19,12:40:49
31-Mar-19,12:40:49
31-Mar-19,12:40:49
31-Mar-19,12:40:49
31-Mar-19,12:40:49
31-Mar-19,12:40:49
31-Mar-19,12:40:49
31-Mar-19,12:40:49
31-Mar-19,12:40:49
31-Mar-19,12:40:49
31-Mar-19,12:40:49
31-Mar-19,12:40:49
31-Mar-19,12:40:49
31-Mar-19,12:40:49
31-Mar-19,12:40:49
31-Mar-19,12:40:49
31-Mar-19,12:40:49
31-Mar-19,12:40:49
31-Mar-19,12:40:49
31-Mar-19,12:40:49
31-Mar-19,12:40:49
31-Mar-19,12:40:49
31-Mar-19,12:40:49
31-Mar-19,12:40:49
31-Mar-19,12:40:49
31-Mar-19,12:40:49
31-Mar-19,12:40:49
31-Mar-19,12:40:49
31-Mar-19,12:40:49
31-Mar-19,12:40:49
31-Mar-19,12:40:49
31-Mar-19,12:40:49
31-Mar-19,12:40:49
31-Mar-19,12:40:49
31-Mar-19,12:40:49
31-Mar-19,12:40:49
31-Mar-19,12:40:49
31-Mar-19,12:40:50
31-Mar-19,12:40:50
31-Mar-19,12:40:50
31-Mar-19,12:40:50
31-Mar-19,12:40:50
31-Mar-19,12:40:50
31-Mar-19,12:40:50
31-Mar-19,12:40:50
31-Mar-19,12:40:50
31-Mar-19,12:40:50
31-Mar-19,12:40:50
31-Mar-19,12:40:50
31-Mar-19,12:40:50
31-Mar-19,12:40:50
31-Mar-19,12:40:50
31-Mar-19,12:40:50
31-Mar-19,12:40:50
31-Mar-19,12:40:50
31-Mar-19,12:40:50
31-Mar-19,12:40:50
31-Mar-19,12:40:50
31-Mar-19,12:40:50
31-Mar-19,12:40:50
31-Mar-19,12:40:50
31-Mar-19,12:40:50
31-Mar-19,12:40:50
31-Mar-19,12:40:50
31-Mar-19,12:40:50
31-Mar-19,12:40:50
31-Mar-19,12:40:50
31-Mar-19,12:40:27
31-Mar-19,12:40:27
31-Mar-19,12:40:27
31-Mar-19,12:40:27
31-Mar-19,12:40:27
31-Mar-19,12:40:27
31-Mar-19,12:40:27
31-Mar-19,12:40:27
31-Mar-19,12:40:27
31-Mar-19,12:40:27
31-Mar-19,12:40:27
31-Mar-19,12:40:27
31-Mar-19,12:40:27
31-Mar-19,12:40:27
31-Mar-19,12:40:27
31-Mar-19,12:40:27
31-Mar-19,12:40:27
31-Mar-19,12:40:27
31-Mar-19,12:40:28
31-Mar-19,12:40:28
31-Mar-19,12:40:28
31-Mar-19,12:40:28
31-Mar-19,12:40:28
31-Mar-19,12:40:28
31-Mar-19,12:40:28
31-Mar-19,12:40:28
31-Mar-19,12:40:28
31-Mar-19,12:40:28
31-Mar-19,12:40:28
31-Mar-19,12:40:28
31-Mar-19,12:40:28
31-Mar-19,12:40:28
31-Mar-19,12:40:28
31-Mar-19,12:40:28
31-Mar-19,12:40:28
31-Mar-19,12:40:28
31-Mar-19,12:40:28
31-Mar-19,12:40:28
31-Mar-19,12:40:28
31-Mar-19,12:40:28
31-Mar-19,12:40:28
31-Mar-19,12:40:28
31-Mar-19,12:40:28
31-Mar-19,12:40:28
31-Mar-19,12:40:28
31-Mar-19,12:40:28
31-Mar-19,12:40:28
31-Mar-19,12:40:28
31-Mar-19,12:40:28
31-Mar-19,12:40:28
31-Mar-19,12:40:28
31-Mar-19,12:40:28
31-Mar-19,12:40:28
31-Mar-19,12:40:28
31-Mar-19,12:40:28
31-Mar-19,12:40:28
26-Apr-19, 16:24:03 
26-Apr-19, 16:24:07 
26-Apr-19, 16:24:08 
26-Apr-19, 16:24:22 
26-Apr-19, 16:24:23 
26-Apr-19, 16:24:27 
26-Apr-19, 16:24:28 
26-Apr-19, 16:24:32 
26-Apr-19, 16:24:33 
26-Apr-19, 16:24:37 
26-Apr-19, 16:24:38 
26-Apr-19, 16:24:42 
26-Apr-19, 16:24:43 
26-Apr-19, 16:24:47 
26-Apr-19, 16:24:48 
26-Apr-19, 16:24:52 
26-Apr-19, 16:24:53 
26-Apr-19, 16:24:57 
26-Apr-19, 16:24:58 
26-Apr-19, 16:25:02 
26-Apr-19, 16:25:03 
26-Apr-19, 16:25:07 
31-Mar-19,12:40:28
26-Apr-19, 16:25:08 
26-Apr-19, 16:25:18 
26-Apr-19, 16:25:22 
26-Apr-19, 16:25:23 
26-Apr-19, 16:25:27 
26-Apr-19, 16:25:28 
26-Apr-19, 16:25:32 
26-Apr-19, 16:25:33 
26-Apr-19, 16:25:37 
26-Apr-19, 16:25:38 
26-Apr-19, 16:25:42 
26-Apr-19, 16:25:43 
26-Apr-19, 16:25:47 
26-Apr-19, 16:25:48 
26-Apr-19, 16:25:52 
26-Apr-19, 16:25:53 
26-Apr-19, 16:25:57 
26-Apr-19, 16:25:58 
26-Apr-19, 16:26:02 
26-Apr-19, 16:26:03 
26-Apr-19, 16:26:07 
26-Apr-19, 16:26:08 
26-Apr-19, 16:26:23 
26-Apr-19, 16:26:27 
26-Apr-19, 16:26:28 
26-Apr-19, 16:26:32 
26-Apr-19, 16:26:33 
26-Apr-19, 16:26:37 
26-Apr-19, 16:26:38 
26-Apr-19, 16:26:42 
26-Apr-19, 16:26:43 
26-Apr-19, 16:26:47 
26-Apr-19, 16:26:48 
26-Apr-19, 16:26:52 
26-Apr-19, 16:26:53 
26-Apr-19, 16:26:57 
26-Apr-19, 16:26:58 
26-Apr-19, 16:27:02 
26-Apr-19, 16:27:03 
26-Apr-19, 16:27:07 
26-Apr-19, 16:27:08 
26-Apr-19, 16:27:18 
26-Apr-19, 16:27:27 
26-Apr-19, 16:27:28 
26-Apr-19, 16:27:32 
26-Apr-19, 16:27:33 
26-Apr-19, 16:27:37 
26-Apr-19, 16:27:38 
26-Apr-19, 16:27:42 
26-Apr-19, 16:27:43 
26-Apr-19, 16:27:47 
26-Apr-19, 16:27:48 
26-Apr-19, 16:27:52 
26-Apr-19, 16:27:53 
26-Apr-19, 16:27:58 
26-Apr-19, 16:28:02 
26-Apr-19, 16:28:03 
26-Apr-19, 16:28:07 
26-Apr-19, 16:28:08 
26-Apr-19, 16:28:17 
26-Apr-19, 16:28:22 
26-Apr-19, 16:28:23 
26-Apr-19, 16:28:27 
26-Apr-19, 16:28:32 
26-Apr-19, 16:28:33 
26-Apr-19, 16:28:37 
26-Apr-19, 16:28:38 
26-Apr-19, 16:28:42 
26-Apr-19, 16:28:43 
26-Apr-19, 16:28:47 
26-Apr-19, 16:28:48 
26-Apr-19, 16:28:52 
26-Apr-19, 16:28:53 
26-Apr-19, 16:28:57 
26-Apr-19, 16:28:58 
26-Apr-19, 16:29:02 
26-Apr-19, 16:29:03 
26-Apr-19, 16:29:07 
26-Apr-19, 16:29:17 
26-Apr-19, 16:29:18 
26-Apr-19, 16:29:22 
26-Apr-19, 16:29:23 
26-Apr-19, 16:29:27 
26-Apr-19, 16:29:28 
26-Apr-19, 16:29:32 
26-Apr-19, 16:29:33 
26-Apr-19, 16:29:37 
26-Apr-19, 16:29:38 
26-Apr-19, 16:29:42 
26-Apr-19, 16:29:43 
26-Apr-19, 16:29:47 
26-Apr-19, 16:29:48 
26-Apr-19, 16:29:52 
26-Apr-19, 16:29:53 
26-Apr-19, 16:29:58 
26-Apr-19, 16:30:02 
26-Apr-19, 16:30:03 
26-Apr-19, 16:30:07 
26-Apr-19, 16:30:08 
26-Apr-19, 16:30:13 
26-Apr-19, 16:30:18 
26-Apr-19, 16:30:22 
26-Apr-19, 16:30:23 
26-Apr-19, 16:30:27 
26-Apr-19, 16:30:28 
26-Apr-19, 16:30:32 
26-Apr-19, 16:30:33 
26-Apr-19, 16:30:37 
26-Apr-19, 16:30:38 
26-Apr-19, 16:30:42 
26-Apr-19, 16:30:43 
26-Apr-19, 16:30:47 
26-Apr-19, 16:30:48 
26-Apr-19, 16:30:52 
26-Apr-19, 16:30:53 
26-Apr-19, 16:30:57 
26-Apr-19, 16:30:58 
26-Apr-19, 16:30:58 
26-Apr-19, 16:30:59 
26-Apr-19, 16:31:02 
26-Apr-19, 16:31:03 
26-Apr-19, 16:31:03 
26-Apr-19, 16:31:04 
26-Apr-19, 16:31:07 
26-Apr-19, 16:31:08 
26-Apr-19, 16:31:08 
26-Apr-19, 16:31:09 
26-Apr-19, 16:31:18 
26-Apr-19, 16:31:18 
26-Apr-19, 16:31:19 
26-Apr-19, 16:31:22 
26-Apr-19, 16:31:23 
26-Apr-19, 16:31:23 
26-Apr-19, 16:31:24 
26-Apr-19, 16:31:27 
26-Apr-19, 16:31:28 
26-Apr-19, 16:31:28 
26-Apr-19, 16:31:29 
26-Apr-19, 16:31:32 
26-Apr-19, 16:31:33 
26-Apr-19, 16:31:33 
26-Apr-19, 16:31:34 
26-Apr-19, 16:31:37 
26-Apr-19, 16:31:38 
26-Apr-19, 16:31:38 
26-Apr-19, 16:31:39 
26-Apr-19, 16:31:42 
26-Apr-19, 16:31:43 
26-Apr-19, 16:31:43 
26-Apr-19, 16:31:44 
26-Apr-19, 16:31:47 
26-Apr-19, 16:31:52 
26-Apr-19, 16:31:54 
26-Apr-19, 16:31:57 
26-Apr-19, 16:31:59 
26-Apr-19, 16:32:02 
26-Apr-19, 16:32:03 
26-Apr-19, 16:32:03 
26-Apr-19, 16:32:04 
26-Apr-19, 16:32:07 
26-Apr-19, 16:32:09 
26-Apr-19, 16:32:19 
26-Apr-19, 16:32:23 
26-Apr-19, 16:32:23 
26-Apr-19, 16:32:24 
26-Apr-19, 16:32:27 
26-Apr-19, 16:32:29 
26-Apr-19, 16:32:32 
26-Apr-19, 16:32:33 
26-Apr-19, 16:32:33 
26-Apr-19, 16:32:37 
26-Apr-19, 16:32:39 
26-Apr-19, 16:32:43 
26-Apr-19, 16:32:43 
26-Apr-19, 16:32:44 
26-Apr-19, 16:32:47 
26-Apr-19, 16:32:49 
26-Apr-19, 16:32:52 
26-Apr-19, 16:32:53 
26-Apr-19, 16:32:53 
26-Apr-19, 16:32:54 
26-Apr-19, 16:32:57 
26-Apr-19, 16:32:59 
26-Apr-19, 16:33:03 
26-Apr-19, 16:33:03 
26-Apr-19, 16:33:04 
26-Apr-19, 16:33:09 
26-Apr-19, 16:33:14 
26-Apr-19, 16:33:17 
26-Apr-19, 16:33:19 
26-Apr-19, 16:33:23 
26-Apr-19, 16:33:23 
26-Apr-19, 16:33:24 
26-Apr-19, 16:33:27 
26-Apr-19, 16:33:29 
26-Apr-19, 16:33:32 
26-Apr-19, 16:33:33 
26-Apr-19, 16:33:33 
26-Apr-19, 16:33:34 
26-Apr-19, 16:33:37 
26-Apr-19, 16:33:39 
26-Apr-19, 16:33:43 
26-Apr-19, 16:33:43 
26-Apr-19, 16:33:44 
26-Apr-19, 16:33:49 
26-Apr-19, 16:33:51 
26-Apr-19, 16:33:52 
26-Apr-19, 16:33:54 
26-Apr-19, 16:33:56 
26-Apr-19, 16:33:57 
26-Apr-19, 16:33:59 
26-Apr-19, 16:34:01 
26-Apr-19, 16:34:06 
26-Apr-19, 16:34:07 
26-Apr-19, 16:34:09 
26-Apr-19, 16:34:11 
26-Apr-19, 16:34:16 
26-Apr-19, 16:34:19 
26-Apr-19, 16:34:21 
26-Apr-19, 16:34:23 
26-Apr-19, 16:34:23 
26-Apr-19, 16:34:24 
26-Apr-19, 16:34:26 
26-Apr-19, 16:34:27 
26-Apr-19, 16:34:29 
26-Apr-19, 16:34:31 
26-Apr-19, 16:34:32 
26-Apr-19, 16:34:33 
26-Apr-19, 16:34:33 
26-Apr-19, 16:34:34 
26-Apr-19, 16:34:36 
26-Apr-19, 16:34:37 
26-Apr-19, 16:34:39 
26-Apr-19, 16:34:41 
26-Apr-19, 16:34:43 
26-Apr-19, 16:34:43 
26-Apr-19, 16:34:44 
26-Apr-19, 16:34:46 
26-Apr-19, 16:34:47 
26-Apr-19, 16:34:47 
26-Apr-19, 16:34:49 
26-Apr-19, 16:34:51 
26-Apr-19, 16:34:52 
26-Apr-19, 16:34:52 
26-Apr-19, 16:34:53 
26-Apr-19, 16:34:53 
26-Apr-19, 16:34:56 
26-Apr-19, 16:34:57 
26-Apr-19, 16:34:57 
26-Apr-19, 16:34:59 
26-Apr-19, 16:35:01 
26-Apr-19, 16:35:03 
26-Apr-19, 16:35:03 
26-Apr-19, 16:35:04 
26-Apr-19, 16:35:06 
26-Apr-19, 16:35:07 
26-Apr-19, 16:35:07 
26-Apr-19, 16:35:09 
26-Apr-19, 16:35:11 
26-Apr-19, 16:35:13 
26-Apr-19, 16:35:13 
26-Apr-19, 16:35:13 
26-Apr-19, 16:35:19 
26-Apr-19, 16:35:21 
26-Apr-19, 16:35:24 
26-Apr-19, 16:35:26 
26-Apr-19, 16:35:27 
26-Apr-19, 16:35:29 
26-Apr-19, 16:35:29 
26-Apr-19, 16:35:31 
26-Apr-19, 16:35:32 
26-Apr-19, 16:35:33 
26-Apr-19, 16:35:33 
26-Apr-19, 16:35:34 
26-Apr-19, 16:35:34 
26-Apr-19, 16:35:36 
26-Apr-19, 16:35:37 
26-Apr-19, 16:35:39 
26-Apr-19, 16:35:39 
26-Apr-19, 16:35:41 
26-Apr-19, 16:35:43 
26-Apr-19, 16:35:43 
26-Apr-19, 16:35:44 
26-Apr-19, 16:35:44 
26-Apr-19, 16:35:46 
26-Apr-19, 16:35:47 
26-Apr-19, 16:35:49 
26-Apr-19, 16:35:49 
26-Apr-19, 16:35:51 
26-Apr-19, 16:35:52 
26-Apr-19, 16:35:53 
26-Apr-19, 16:35:53 
26-Apr-19, 16:35:54 
26-Apr-19, 16:35:54 
26-Apr-19, 16:35:56 
26-Apr-19, 16:35:57 
26-Apr-19, 16:35:59 
26-Apr-19, 16:35:59 
26-Apr-19, 16:36:01 
26-Apr-19, 16:36:03 
26-Apr-19, 16:36:03 
26-Apr-19, 16:36:04 
26-Apr-19, 16:36:04 
26-Apr-19, 16:36:06 
26-Apr-19, 16:36:07 
26-Apr-19, 16:36:09 
26-Apr-19, 16:36:09 
26-Apr-19, 16:36:11 
26-Apr-19, 16:36:13 
26-Apr-19, 16:36:13 
26-Apr-19, 16:36:19 
26-Apr-19, 16:36:19 
26-Apr-19, 16:36:21 
26-Apr-19, 16:36:23 
26-Apr-19, 16:36:23 
26-Apr-19, 16:36:24 
26-Apr-19, 16:36:24 
26-Apr-19, 16:36:26 
26-Apr-19, 16:36:27 
26-Apr-19, 16:36:29 
26-Apr-19, 16:36:29 
26-Apr-19, 16:36:31 
26-Apr-19, 16:36:32 
26-Apr-19, 16:36:33 
26-Apr-19, 16:36:33 
26-Apr-19, 16:36:34 
26-Apr-19, 16:36:34 
26-Apr-19, 16:36:36 
26-Apr-19, 16:36:37 
26-Apr-19, 16:36:39 
26-Apr-19, 16:36:39 
26-Apr-19, 16:36:41 
26-Apr-19, 16:36:43 
26-Apr-19, 16:36:43 
26-Apr-19, 16:36:44 
26-Apr-19, 16:36:44 
26-Apr-19, 16:36:46 
26-Apr-19, 16:36:47 
26-Apr-19, 16:36:49 
26-Apr-19, 16:36:49 
26-Apr-19, 16:36:51 
26-Apr-19, 16:36:52 
26-Apr-19, 16:36:53 
26-Apr-19, 16:36:53 
26-Apr-19, 16:36:54 
26-Apr-19, 16:36:54 
26-Apr-19, 16:36:56 
26-Apr-19, 16:36:57 
26-Apr-19, 16:36:59 
26-Apr-19, 16:36:59 
26-Apr-19, 16:37:01 
26-Apr-19, 16:37:06 
26-Apr-19, 16:37:07 
26-Apr-19, 16:37:09 
26-Apr-19, 16:37:09 
26-Apr-19, 16:37:11 
26-Apr-19, 16:37:14 
26-Apr-19, 16:37:14 
26-Apr-19, 16:37:16 
26-Apr-19, 16:37:19 
26-Apr-19, 16:37:19 
26-Apr-19, 16:37:21 
26-Apr-19, 16:37:24 
26-Apr-19, 16:37:24 
26-Apr-19, 16:37:26 
26-Apr-19, 16:37:27 
26-Apr-19, 16:37:29 
26-Apr-19, 16:37:29 
26-Apr-19, 16:37:31 
26-Apr-19, 16:37:32 
26-Apr-19, 16:37:33 
26-Apr-19, 16:37:33 
26-Apr-19, 16:37:34 
26-Apr-19, 16:37:34 
26-Apr-19, 16:37:36 
26-Apr-19, 16:37:37 
26-Apr-19, 16:37:39 
26-Apr-19, 16:37:40 
26-Apr-19, 16:37:41 
26-Apr-19, 16:37:44 
26-Apr-19, 16:37:45 
26-Apr-19, 16:37:46 
26-Apr-19, 16:37:47 
26-Apr-19, 16:37:49 
26-Apr-19, 16:37:50 
26-Apr-19, 16:37:51 
26-Apr-19, 16:37:52 
26-Apr-19, 16:37:53 
26-Apr-19, 16:37:53 
26-Apr-19, 16:37:54 
26-Apr-19, 16:37:55 
26-Apr-19, 16:37:56 
26-Apr-19, 16:37:57 
26-Apr-19, 16:37:59 
26-Apr-19, 16:38:00 
26-Apr-19, 16:38:01 
26-Apr-19, 16:38:03 
26-Apr-19, 16:38:03 
26-Apr-19, 16:38:04 
26-Apr-19, 16:38:05 
26-Apr-19, 16:38:06 
26-Apr-19, 16:38:07 
26-Apr-19, 16:38:09 
26-Apr-19, 16:38:10 
26-Apr-19, 16:38:11 
26-Apr-19, 16:38:16 
26-Apr-19, 16:38:18 
26-Apr-19, 16:38:18 
26-Apr-19, 16:38:20 
26-Apr-19, 16:38:21 
26-Apr-19, 16:38:23 
26-Apr-19, 16:38:23 
26-Apr-19, 16:38:24 
26-Apr-19, 16:38:25 
26-Apr-19, 16:38:26 
26-Apr-19, 16:38:27 
26-Apr-19, 16:38:29 
26-Apr-19, 16:38:30 
26-Apr-19, 16:38:31 
26-Apr-19, 16:38:32 
26-Apr-19, 16:38:33 
26-Apr-19, 16:38:33 
26-Apr-19, 16:38:34 
26-Apr-19, 16:38:35 
26-Apr-19, 16:38:36 
26-Apr-19, 16:38:37 
26-Apr-19, 16:38:39 
26-Apr-19, 16:38:40 
26-Apr-19, 16:38:41 
26-Apr-19, 16:38:43 
26-Apr-19, 16:38:43 
26-Apr-19, 16:38:44 
26-Apr-19, 16:38:45 
26-Apr-19, 16:38:46 
26-Apr-19, 16:38:47 
26-Apr-19, 16:38:49 
26-Apr-19, 16:38:50 
26-Apr-19, 16:38:51 
26-Apr-19, 16:38:52 
26-Apr-19, 16:38:53 
26-Apr-19, 16:38:53 
26-Apr-19, 16:38:54 
26-Apr-19, 16:38:55 
26-Apr-19, 16:38:56 
26-Apr-19, 16:38:57 
26-Apr-19, 16:38:59 
26-Apr-19, 16:39:00 
26-Apr-19, 16:39:01 
26-Apr-19, 16:39:03 
26-Apr-19, 16:39:03 
26-Apr-19, 16:39:04 
26-Apr-19, 16:39:05 
26-Apr-19, 16:39:06 
26-Apr-19, 16:39:07 
26-Apr-19, 16:39:09 
26-Apr-19, 16:39:10 
26-Apr-19, 16:39:11 
26-Apr-19, 16:39:17 
26-Apr-19, 16:39:19 
26-Apr-19, 16:39:20 
26-Apr-19, 16:39:21 
26-Apr-19, 16:39:23 
26-Apr-19, 16:39:23 
26-Apr-19, 16:39:24 
26-Apr-19, 16:39:25 
26-Apr-19, 16:39:26 
26-Apr-19, 16:39:27 
26-Apr-19, 16:39:29 
26-Apr-19, 16:39:30 
26-Apr-19, 16:39:31 
26-Apr-19, 16:39:32 
26-Apr-19, 16:39:33 
26-Apr-19, 16:39:33 
26-Apr-19, 16:39:34 
26-Apr-19, 16:39:35 
26-Apr-19, 16:39:36 
26-Apr-19, 16:39:37 
26-Apr-19, 16:39:39 
26-Apr-19, 16:39:40 
26-Apr-19, 16:39:41 
26-Apr-19, 16:39:43 
26-Apr-19, 16:39:43 
26-Apr-19, 16:39:44 
26-Apr-19, 16:39:45 
26-Apr-19, 16:39:46 
26-Apr-19, 16:39:47 
26-Apr-19, 16:39:49 
26-Apr-19, 16:39:50 
26-Apr-19, 16:39:51 
26-Apr-19, 16:39:52 
26-Apr-19, 16:39:53 
26-Apr-19, 16:39:53 
26-Apr-19, 16:39:55 
26-Apr-19, 16:39:56 
26-Apr-19, 16:39:57 
26-Apr-19, 16:39:59 
26-Apr-19, 16:40:00 
26-Apr-19, 16:40:01 
26-Apr-19, 16:40:02 
26-Apr-19, 16:40:03 
26-Apr-19, 16:40:03 
26-Apr-19, 16:40:04 
26-Apr-19, 16:40:06 
26-Apr-19, 16:40:07 
26-Apr-19, 16:40:09 
26-Apr-19, 16:40:10 
26-Apr-19, 16:40:11 
26-Apr-19, 16:40:16 
26-Apr-19, 16:40:17 
26-Apr-19, 16:40:19 
26-Apr-19, 16:40:20 
26-Apr-19, 16:40:21 
26-Apr-19, 16:40:23 
26-Apr-19, 16:40:23 
26-Apr-19, 16:40:24 
26-Apr-19, 16:40:26 
26-Apr-19, 16:40:27 
26-Apr-19, 16:40:29 
26-Apr-19, 16:40:29 
26-Apr-19, 16:40:30 
26-Apr-19, 16:40:31 
26-Apr-19, 16:40:32 
26-Apr-19, 16:40:33 
26-Apr-19, 16:40:34 
26-Apr-19, 16:40:34 
26-Apr-19, 16:40:35 
26-Apr-19, 16:40:36 
26-Apr-19, 16:40:39 
26-Apr-19, 16:40:39 
26-Apr-19, 16:40:40 
26-Apr-19, 16:40:41 
26-Apr-19, 16:40:43 
26-Apr-19, 16:40:44 
26-Apr-19, 16:40:44 
26-Apr-19, 16:40:45 
26-Apr-19, 16:40:46 
26-Apr-19, 16:40:47 
26-Apr-19, 16:40:49 
26-Apr-19, 16:40:49 
26-Apr-19, 16:40:50 
26-Apr-19, 16:40:51 
26-Apr-19, 16:40:52 
26-Apr-19, 16:40:54 
26-Apr-19, 16:40:54 
26-Apr-19, 16:40:55 
26-Apr-19, 16:40:56 
26-Apr-19, 16:40:57 
26-Apr-19, 16:40:59 
26-Apr-19, 16:40:59 
26-Apr-19, 16:41:00 
26-Apr-19, 16:41:01 
26-Apr-19, 16:41:03 
26-Apr-19, 16:41:04 
26-Apr-19, 16:41:04 
26-Apr-19, 16:41:05 
26-Apr-19, 16:41:07 
26-Apr-19, 16:41:09 
26-Apr-19, 16:41:09 
26-Apr-19, 16:41:10 
26-Apr-19, 16:41:11 
26-Apr-19, 16:41:13 
26-Apr-19, 16:41:17 
26-Apr-19, 16:41:19 
26-Apr-19, 16:41:19 
26-Apr-19, 16:41:20 
26-Apr-19, 16:41:21 
26-Apr-19, 16:41:24 
26-Apr-19, 16:41:24 
26-Apr-19, 16:41:25 
26-Apr-19, 16:41:26 
26-Apr-19, 16:41:27 
26-Apr-19, 16:41:29 
26-Apr-19, 16:41:29 
26-Apr-19, 16:41:30 
26-Apr-19, 16:41:31 
26-Apr-19, 16:41:32 
26-Apr-19, 16:41:33 
26-Apr-19, 16:41:34 
26-Apr-19, 16:41:34 
26-Apr-19, 16:41:35 
26-Apr-19, 16:41:36 
26-Apr-19, 16:41:37 
26-Apr-19, 16:41:39 
26-Apr-19, 16:41:39 
26-Apr-19, 16:41:40 
26-Apr-19, 16:41:41 
26-Apr-19, 16:41:43 
26-Apr-19, 16:41:44 
26-Apr-19, 16:41:44 
26-Apr-19, 16:41:45 
26-Apr-19, 16:41:46 
26-Apr-19, 16:41:47 
26-Apr-19, 16:41:49 
26-Apr-19, 16:41:49 
26-Apr-19, 16:41:50 
26-Apr-19, 16:41:51 
26-Apr-19, 16:41:53 
26-Apr-19, 16:41:53 
26-Apr-19, 16:41:54 
26-Apr-19, 16:41:54 
26-Apr-19, 16:41:55 
26-Apr-19, 16:41:56 
26-Apr-19, 16:41:59 
26-Apr-19, 16:41:59 
26-Apr-19, 16:42:00 
26-Apr-19, 16:42:01 
26-Apr-19, 16:42:03 
26-Apr-19, 16:42:03 
26-Apr-19, 16:42:04 
26-Apr-19, 16:42:04 
26-Apr-19, 16:42:05 
26-Apr-19, 16:42:06 
26-Apr-19, 16:42:09 
26-Apr-19, 16:42:09 
26-Apr-19, 16:42:10 
26-Apr-19, 16:42:11 
26-Apr-19, 16:42:13 
26-Apr-19, 16:42:13 
26-Apr-19, 16:42:19 
26-Apr-19, 16:42:19 
26-Apr-19, 16:42:20 
26-Apr-19, 16:42:21 
26-Apr-19, 16:42:24 
26-Apr-19, 16:42:24 
26-Apr-19, 16:42:25 
26-Apr-19, 16:42:26 
26-Apr-19, 16:42:29 
26-Apr-19, 16:42:29 
26-Apr-19, 16:42:30 
26-Apr-19, 16:42:31 
26-Apr-19, 16:42:33 
26-Apr-19, 16:42:33 
26-Apr-19, 16:42:34 
26-Apr-19, 16:42:34 
26-Apr-19, 16:42:35 
26-Apr-19, 16:42:36 
26-Apr-19, 16:42:39 
26-Apr-19, 16:42:39 
26-Apr-19, 16:42:40 
26-Apr-19, 16:42:41 
26-Apr-19, 16:42:43 
26-Apr-19, 16:42:43 
26-Apr-19, 16:42:44 
26-Apr-19, 16:42:44 
26-Apr-19, 16:42:45 
26-Apr-19, 16:42:46 
26-Apr-19, 16:42:49 
26-Apr-19, 16:42:49 
26-Apr-19, 16:42:50 
26-Apr-19, 16:42:51 
26-Apr-19, 16:42:53 
26-Apr-19, 16:42:53 
26-Apr-19, 16:42:54 
26-Apr-19, 16:42:54 
26-Apr-19, 16:42:55 
26-Apr-19, 16:42:56 
26-Apr-19, 16:42:59 
26-Apr-19, 16:42:59 
26-Apr-19, 16:43:00 
26-Apr-19, 16:43:01 
26-Apr-19, 16:43:03 
26-Apr-19, 16:43:03 
26-Apr-19, 16:43:04 
26-Apr-19, 16:43:04 
26-Apr-19, 16:43:05 
26-Apr-19, 16:43:06 
26-Apr-19, 16:43:09 
26-Apr-19, 16:43:09 
26-Apr-19, 16:43:10 
26-Apr-19, 16:43:11 
26-Apr-19, 16:43:14 
26-Apr-19, 16:43:14 
26-Apr-19, 16:43:16 
26-Apr-19, 16:43:19 
26-Apr-19, 16:43:19 
26-Apr-19, 16:43:20 
26-Apr-19, 16:43:21 
26-Apr-19, 16:43:23 
26-Apr-19, 16:43:23 
26-Apr-19, 16:43:24 
26-Apr-19, 16:43:24 
26-Apr-19, 16:43:25 
26-Apr-19, 16:43:26 
26-Apr-19, 16:43:29 
26-Apr-19, 16:43:29 
26-Apr-19, 16:43:30 
26-Apr-19, 16:43:31 
26-Apr-19, 16:43:33 
26-Apr-19, 16:43:33 
26-Apr-19, 16:43:34 
26-Apr-19, 16:43:34 
26-Apr-19, 16:43:35 
26-Apr-19, 16:43:36 
26-Apr-19, 16:43:39 
26-Apr-19, 16:43:39 
26-Apr-19, 16:43:40 
26-Apr-19, 16:43:41 
26-Apr-19, 16:43:43 
26-Apr-19, 16:43:43 
26-Apr-19, 16:43:44 
26-Apr-19, 16:43:44 
26-Apr-19, 16:43:45 
26-Apr-19, 16:43:46 
26-Apr-19, 16:43:49 
26-Apr-19, 16:43:49 
26-Apr-19, 16:43:50 
26-Apr-19, 16:43:51 
26-Apr-19, 16:43:53 
26-Apr-19, 16:43:53 
26-Apr-19, 16:43:54 
26-Apr-19, 16:43:54 
26-Apr-19, 16:43:55 
26-Apr-19, 16:43:56 
26-Apr-19, 16:43:59 
26-Apr-19, 16:43:59 
26-Apr-19, 16:44:00 
26-Apr-19, 16:44:01 
26-Apr-19, 16:44:03 
26-Apr-19, 16:44:03 
26-Apr-19, 16:44:06 
26-Apr-19, 16:44:09 
26-Apr-19, 16:44:09 
26-Apr-19, 16:44:10 
26-Apr-19, 16:44:11 
26-Apr-19, 16:44:15 
26-Apr-19, 16:44:16 
26-Apr-19, 16:44:19 
26-Apr-19, 16:44:19 
26-Apr-19, 16:44:20 
26-Apr-19, 16:44:21 
26-Apr-19, 16:44:23 
26-Apr-19, 16:44:23 
26-Apr-19, 16:44:24 
26-Apr-19, 16:44:24 
26-Apr-19, 16:44:25 
26-Apr-19, 16:44:26 
26-Apr-19, 16:44:29 
26-Apr-19, 16:44:29 
26-Apr-19, 16:44:30 
26-Apr-19, 16:44:31 
26-Apr-19, 16:44:33 
26-Apr-19, 16:44:33 
26-Apr-19, 16:44:34 
26-Apr-19, 16:44:34 
26-Apr-19, 16:44:35 
26-Apr-19, 16:44:36 
26-Apr-19, 16:44:39 
26-Apr-19, 16:44:39 
26-Apr-19, 16:44:40 
26-Apr-19, 16:44:41 
26-Apr-19, 16:44:43 
26-Apr-19, 16:44:43 
26-Apr-19, 16:44:44 
26-Apr-19, 16:44:44 
26-Apr-19, 16:44:45 
26-Apr-19, 16:44:46 
26-Apr-19, 16:44:49 
26-Apr-19, 16:44:49 
26-Apr-19, 16:44:50 
26-Apr-19, 16:44:51 
26-Apr-19, 16:44:53 
26-Apr-19, 16:44:53 
26-Apr-19, 16:44:54 
26-Apr-19, 16:44:54 
26-Apr-19, 16:44:55 
26-Apr-19, 16:44:56 
26-Apr-19, 16:44:59 
26-Apr-19, 16:44:59 
26-Apr-19, 16:45:00 
26-Apr-19, 16:45:01 
26-Apr-19, 16:45:03 
26-Apr-19, 16:45:03 
26-Apr-19, 16:45:04 
26-Apr-19, 16:45:04 
26-Apr-19, 16:45:05 
26-Apr-19, 16:45:06 
26-Apr-19, 16:45:09 
26-Apr-19, 16:45:09 
26-Apr-19, 16:45:10 
26-Apr-19, 16:45:11 
26-Apr-19, 16:45:13 
26-Apr-19, 16:45:13 
26-Apr-19, 16:45:20 
26-Apr-19, 16:45:21 
26-Apr-19, 16:45:23 
26-Apr-19, 16:45:23 
26-Apr-19, 16:45:24 
26-Apr-19, 16:45:24 
26-Apr-19, 16:45:25 
26-Apr-19, 16:45:26 
26-Apr-19, 16:45:29 
26-Apr-19, 16:45:29 
26-Apr-19, 16:45:30 
26-Apr-19, 16:45:31 
26-Apr-19, 16:45:33 
26-Apr-19, 16:45:33 
26-Apr-19, 16:45:34 
26-Apr-19, 16:45:34 
26-Apr-19, 16:45:35 
26-Apr-19, 16:45:36 
26-Apr-19, 16:45:39 
26-Apr-19, 16:45:39 
26-Apr-19, 16:45:40 
26-Apr-19, 16:45:41 
26-Apr-19, 16:45:43 
26-Apr-19, 16:45:43 
26-Apr-19, 16:45:44 
26-Apr-19, 16:45:44 
26-Apr-19, 16:45:45 
26-Apr-19, 16:45:46 
26-Apr-19, 16:45:49 
26-Apr-19, 16:45:49 
26-Apr-19, 16:45:50 
26-Apr-19, 16:45:51 
26-Apr-19, 16:45:53 
26-Apr-19, 16:45:53 
26-Apr-19, 16:45:54 
26-Apr-19, 16:45:54 
26-Apr-19, 16:45:55 
26-Apr-19, 16:45:56 
26-Apr-19, 16:45:59 
26-Apr-19, 16:45:59 
26-Apr-19, 16:46:00 
26-Apr-19, 16:46:01 
26-Apr-19, 16:46:03 
26-Apr-19, 16:46:03 
26-Apr-19, 16:46:04 
26-Apr-19, 16:46:04 
26-Apr-19, 16:46:05 
26-Apr-19, 16:46:06 
26-Apr-19, 16:46:09 
26-Apr-19, 16:46:09 
26-Apr-19, 16:46:10 
26-Apr-19, 16:46:11 
26-Apr-19, 16:46:13 
26-Apr-19, 16:46:13 
26-Apr-19, 16:46:19 
26-Apr-19, 16:46:19 
26-Apr-19, 16:46:20 
26-Apr-19, 16:46:21 
26-Apr-19, 16:46:24 
26-Apr-19, 16:46:24 
26-Apr-19, 16:46:25 
26-Apr-19, 16:46:26 
26-Apr-19, 16:46:29 
26-Apr-19, 16:46:29 
26-Apr-19, 16:46:30 
26-Apr-19, 16:46:31 
26-Apr-19, 16:46:33 
26-Apr-19, 16:46:33 
26-Apr-19, 16:46:34 
26-Apr-19, 16:46:34 
26-Apr-19, 16:46:35 
26-Apr-19, 16:46:36 
26-Apr-19, 16:46:39 
26-Apr-19, 16:46:39 
26-Apr-19, 16:46:40 
26-Apr-19, 16:46:41 
26-Apr-19, 16:46:43 
26-Apr-19, 16:46:43 
26-Apr-19, 16:46:44 
26-Apr-19, 16:46:44 
26-Apr-19, 16:46:45 
26-Apr-19, 16:46:46 
26-Apr-19, 16:46:49 
26-Apr-19, 16:46:49 
26-Apr-19, 16:46:50 
26-Apr-19, 16:46:51 
26-Apr-19, 16:46:53 
26-Apr-19, 16:46:53 
26-Apr-19, 16:46:54 
26-Apr-19, 16:46:54 
26-Apr-19, 16:46:55 
26-Apr-19, 16:46:56 
26-Apr-19, 16:46:59 
26-Apr-19, 16:46:59 
26-Apr-19, 16:47:00 
26-Apr-19, 16:47:01 
26-Apr-19, 16:47:03 
26-Apr-19, 16:47:03 
26-Apr-19, 16:47:04 
26-Apr-19, 16:47:04 
26-Apr-19, 16:47:05 
26-Apr-19, 16:47:06 
26-Apr-19, 16:47:09 
26-Apr-19, 16:47:09 
26-Apr-19, 16:47:10 
26-Apr-19, 16:47:11 
26-Apr-19, 16:47:16 
26-Apr-19, 16:47:19 
26-Apr-19, 16:47:19 
26-Apr-19, 16:47:20 
26-Apr-19, 16:47:21 
26-Apr-19, 16:47:23 
26-Apr-19, 16:47:23 
26-Apr-19, 16:47:24 
26-Apr-19, 16:47:24 
26-Apr-19, 16:47:25 
26-Apr-19, 16:47:26 
26-Apr-19, 16:47:30 
26-Apr-19, 16:47:31 
26-Apr-19, 16:47:33 
26-Apr-19, 16:47:33 
26-Apr-19, 16:47:34 
26-Apr-19, 16:47:34 
26-Apr-19, 16:47:35 
26-Apr-19, 16:47:36 
26-Apr-19, 16:47:39 
26-Apr-19, 16:47:39 
26-Apr-19, 16:47:40 
26-Apr-19, 16:47:41 
26-Apr-19, 16:47:43 
26-Apr-19, 16:47:43 
26-Apr-19, 16:47:44 
26-Apr-19, 16:47:44 
26-Apr-19, 16:47:45 
26-Apr-19, 16:47:46 
26-Apr-19, 16:47:49 
26-Apr-19, 16:47:49 
26-Apr-19, 16:47:50 
26-Apr-19, 16:47:51 
26-Apr-19, 16:47:53 
26-Apr-19, 16:47:53 
26-Apr-19, 16:47:54 
26-Apr-19, 16:47:54 
26-Apr-19, 16:47:55 
26-Apr-19, 16:47:56 
26-Apr-19, 16:47:59 
26-Apr-19, 16:47:59 
26-Apr-19, 16:48:00 
26-Apr-19, 16:48:01 
26-Apr-19, 16:48:03 
26-Apr-19, 16:48:03 
26-Apr-19, 16:48:04 
26-Apr-19, 16:48:04 
26-Apr-19, 16:48:05 
26-Apr-19, 16:48:06 
26-Apr-19, 16:48:09 
26-Apr-19, 16:48:09 
26-Apr-19, 16:48:10 
26-Apr-19, 16:48:11 
26-Apr-19, 16:48:19 
26-Apr-19, 16:48:19 
26-Apr-19, 16:48:20 
26-Apr-19, 16:48:21 
26-Apr-19, 16:48:23 
26-Apr-19, 16:48:23 
26-Apr-19, 16:48:24 
26-Apr-19, 16:48:24 
26-Apr-19, 16:48:25 
26-Apr-19, 16:48:26 
26-Apr-19, 16:48:29 
26-Apr-19, 16:48:29 
26-Apr-19, 16:48:30 
26-Apr-19, 16:48:31 
26-Apr-19, 16:48:33 
26-Apr-19, 16:48:33 
26-Apr-19, 16:48:34 
26-Apr-19, 16:48:34 
26-Apr-19, 16:48:35 
26-Apr-19, 16:48:36 
26-Apr-19, 16:48:39 
26-Apr-19, 16:48:39 
26-Apr-19, 16:48:40 
26-Apr-19, 16:48:41 
26-Apr-19, 16:48:43 
26-Apr-19, 16:48:43 
26-Apr-19, 16:48:44 
26-Apr-19, 16:48:44 
26-Apr-19, 16:48:45 
26-Apr-19, 16:48:46 
26-Apr-19, 16:48:49 
26-Apr-19, 16:48:49 
26-Apr-19, 16:48:50 
26-Apr-19, 16:48:51 
26-Apr-19, 16:48:53 
26-Apr-19, 16:48:53 
26-Apr-19, 16:48:54 
26-Apr-19, 16:48:54 
26-Apr-19, 16:48:55 
26-Apr-19, 16:48:56 
26-Apr-19, 16:48:59 
26-Apr-19, 16:48:59 
26-Apr-19, 16:49:01 
26-Apr-19, 16:49:03 
26-Apr-19, 16:49:03 
26-Apr-19, 16:49:04 
26-Apr-19, 16:49:04 
26-Apr-19, 16:49:05 
26-Apr-19, 16:49:06 
26-Apr-19, 16:49:10 
26-Apr-19, 16:49:11 
26-Apr-19, 16:49:15 
26-Apr-19, 16:49:19 
26-Apr-19, 16:49:19 
26-Apr-19, 16:49:20 
26-Apr-19, 16:49:21 
26-Apr-19, 16:49:23 
26-Apr-19, 16:49:23 
26-Apr-19, 16:49:24 
26-Apr-19, 16:49:24 
26-Apr-19, 16:49:25 
26-Apr-19, 16:49:26 
26-Apr-19, 16:49:29 
26-Apr-19, 16:49:29 
26-Apr-19, 16:49:30 
26-Apr-19, 16:49:33 
26-Apr-19, 16:49:33 
26-Apr-19, 16:49:34 
26-Apr-19, 16:49:34 
26-Apr-19, 16:49:35 
26-Apr-19, 16:49:36 
26-Apr-19, 16:49:39 
26-Apr-19, 16:49:39 
26-Apr-19, 16:49:40 
26-Apr-19, 16:49:43 
26-Apr-19, 16:49:43 
26-Apr-19, 16:49:44 
26-Apr-19, 16:49:44 
26-Apr-19, 16:49:45 
26-Apr-19, 16:49:49 
26-Apr-19, 16:49:49 
26-Apr-19, 16:49:50 
26-Apr-19, 16:49:51 
26-Apr-19, 16:49:53 
26-Apr-19, 16:49:53 
26-Apr-19, 16:49:54 
26-Apr-19, 16:49:54 
26-Apr-19, 16:49:55 
26-Apr-19, 16:49:56 
26-Apr-19, 16:49:58 
26-Apr-19, 16:49:58 
26-Apr-19, 16:49:59 
26-Apr-19, 16:49:59 
26-Apr-19, 16:50:00 
26-Apr-19, 16:50:01 
26-Apr-19, 16:50:03 
26-Apr-19, 16:50:03 
26-Apr-19, 16:50:04 
26-Apr-19, 16:50:04 
26-Apr-19, 16:50:05 
26-Apr-19, 16:50:06 
26-Apr-19, 16:50:09 
26-Apr-19, 16:50:09 
26-Apr-19, 16:50:10 
26-Apr-19, 16:50:11 
26-Apr-19, 16:50:13 
26-Apr-19, 16:50:13 
26-Apr-19, 16:50:19 
26-Apr-19, 16:50:19 
26-Apr-19, 16:50:20 
26-Apr-19, 16:50:21 
26-Apr-19, 16:50:23 
26-Apr-19, 16:50:23 
26-Apr-19, 16:50:24 
26-Apr-19, 16:50:24 
26-Apr-19, 16:50:25 
26-Apr-19, 16:50:26 
26-Apr-19, 16:50:29 
26-Apr-19, 16:50:29 
26-Apr-19, 16:50:30 
26-Apr-19, 16:50:31 
26-Apr-19, 16:50:33 
26-Apr-19, 16:50:33 
26-Apr-19, 16:50:34 
26-Apr-19, 16:50:34 
26-Apr-19, 16:50:35 
26-Apr-19, 16:50:36 
26-Apr-19, 16:50:38 
26-Apr-19, 16:50:38 
26-Apr-19, 16:50:40 
26-Apr-19, 16:50:41 
26-Apr-19, 16:50:43 
26-Apr-19, 16:50:43 
26-Apr-19, 16:50:44 
26-Apr-19, 16:50:44 
26-Apr-19, 16:50:45 
26-Apr-19, 16:50:46 
26-Apr-19, 16:50:49 
26-Apr-19, 16:50:49 
26-Apr-19, 16:50:50 
26-Apr-19, 16:50:51 
26-Apr-19, 16:50:53 
26-Apr-19, 16:50:53 
26-Apr-19, 16:50:54 
26-Apr-19, 16:50:54 
26-Apr-19, 16:50:55 
26-Apr-19, 16:50:56 
26-Apr-19, 16:50:59 
26-Apr-19, 16:50:59 
26-Apr-19, 16:51:00 
26-Apr-19, 16:51:01 
26-Apr-19, 16:51:03 
26-Apr-19, 16:51:03 
26-Apr-19, 16:51:04 
26-Apr-19, 16:51:04 
26-Apr-19, 16:51:05 
26-Apr-19, 16:51:06 
26-Apr-19, 16:51:09 
26-Apr-19, 16:51:09 
26-Apr-19, 16:51:10 
26-Apr-19, 16:51:11 
26-Apr-19, 16:51:13 
26-Apr-19, 16:51:13 
26-Apr-19, 16:51:19 
26-Apr-19, 16:51:19 
26-Apr-19, 16:51:20 
26-Apr-19, 16:51:21 
26-Apr-19, 16:51:24 
26-Apr-19, 16:51:24 
26-Apr-19, 16:51:25 
26-Apr-19, 16:51:26 
26-Apr-19, 16:51:29 
26-Apr-19, 16:51:29 
26-Apr-19, 16:51:30 
26-Apr-19, 16:51:31 
26-Apr-19, 16:51:33 
26-Apr-19, 16:51:33 
26-Apr-19, 16:51:34 
26-Apr-19, 16:51:34 
26-Apr-19, 16:51:35 
26-Apr-19, 16:51:36 
26-Apr-19, 16:51:39 
26-Apr-19, 16:51:39 
26-Apr-19, 16:51:40 
26-Apr-19, 16:51:41 
26-Apr-19, 16:51:43 
26-Apr-19, 16:51:43 
26-Apr-19, 16:51:44 
26-Apr-19, 16:51:44 
26-Apr-19, 16:51:45 
26-Apr-19, 16:51:46 
26-Apr-19, 16:51:49 
26-Apr-19, 16:51:49 
26-Apr-19, 16:51:50 
26-Apr-19, 16:51:51 
26-Apr-19, 16:51:53 
26-Apr-19, 16:51:53 
26-Apr-19, 16:51:54 
26-Apr-19, 16:51:54 
26-Apr-19, 16:51:55 
26-Apr-19, 16:51:56 
26-Apr-19, 16:51:59 
26-Apr-19, 16:51:59 
26-Apr-19, 16:52:00 
26-Apr-19, 16:52:01 
26-Apr-19, 16:52:04 
26-Apr-19, 16:52:04 
26-Apr-19, 16:52:05 
26-Apr-19, 16:52:06 
26-Apr-19, 16:52:09 
26-Apr-19, 16:52:09 
26-Apr-19, 16:52:10 
26-Apr-19, 16:52:11 
26-Apr-19, 16:52:14 
26-Apr-19, 16:52:14 
26-Apr-19, 16:52:16 
26-Apr-19, 16:52:19 
26-Apr-19, 16:52:19 
26-Apr-19, 16:52:20 
26-Apr-19, 16:52:21 
26-Apr-19, 16:52:23 
26-Apr-19, 16:52:23 
26-Apr-19, 16:52:24 
26-Apr-19, 16:52:24 
26-Apr-19, 16:52:25 
26-Apr-19, 16:52:26 
26-Apr-19, 16:52:29 
26-Apr-19, 16:52:29 
26-Apr-19, 16:52:30 
26-Apr-19, 16:52:31 
26-Apr-19, 16:52:33 
26-Apr-19, 16:52:33 
26-Apr-19, 16:52:34 
26-Apr-19, 16:52:34 
26-Apr-19, 16:52:35 
26-Apr-19, 16:52:36 
26-Apr-19, 16:52:39 
26-Apr-19, 16:52:39 
26-Apr-19, 16:52:40 
26-Apr-19, 16:52:41 
26-Apr-19, 16:52:44 
26-Apr-19, 16:52:44 
26-Apr-19, 16:52:46 
26-Apr-19, 16:52:49 
26-Apr-19, 16:52:49 
26-Apr-19, 16:52:50 
26-Apr-19, 16:52:51 
26-Apr-19, 16:52:54 
26-Apr-19, 16:52:54 
26-Apr-19, 16:52:55 
26-Apr-19, 16:52:56 
26-Apr-19, 16:52:59 
26-Apr-19, 16:52:59 
26-Apr-19, 16:53:00 
26-Apr-19, 16:53:01 
26-Apr-19, 16:53:04 
26-Apr-19, 16:53:04 
26-Apr-19, 16:53:05 
26-Apr-19, 16:53:06 
26-Apr-19, 16:53:09 
26-Apr-19, 16:53:09 
26-Apr-19, 16:53:10 
26-Apr-19, 16:53:11 
26-Apr-19, 16:53:16 
26-Apr-19, 16:53:20 
26-Apr-19, 16:53:21 
26-Apr-19, 16:53:24 
26-Apr-19, 16:53:24 
26-Apr-19, 16:53:25 
26-Apr-19, 16:53:26 
26-Apr-19, 16:53:29 
26-Apr-19, 16:53:29 
26-Apr-19, 16:53:30 
26-Apr-19, 16:53:31 
26-Apr-19, 16:53:33 
26-Apr-19, 16:53:33 
26-Apr-19, 16:53:34 
26-Apr-19, 16:53:34 
26-Apr-19, 16:53:35 
26-Apr-19, 16:53:36 
26-Apr-19, 16:53:39 
26-Apr-19, 16:53:39 
26-Apr-19, 16:53:40 
26-Apr-19, 16:53:41 
26-Apr-19, 16:53:43 
26-Apr-19, 16:53:43 
26-Apr-19, 16:53:44 
26-Apr-19, 16:53:44 
26-Apr-19, 16:53:45 
26-Apr-19, 16:53:46 
26-Apr-19, 16:53:49 
26-Apr-19, 16:53:49 
26-Apr-19, 16:53:50 
26-Apr-19, 16:53:51 
26-Apr-19, 16:53:53 
26-Apr-19, 16:53:53 
26-Apr-19, 16:53:54 
26-Apr-19, 16:53:54 
26-Apr-19, 16:53:55 
26-Apr-19, 16:53:57 
26-Apr-19, 16:53:59 
26-Apr-19, 16:53:59 
26-Apr-19, 16:54:00 
26-Apr-19, 16:54:02 
26-Apr-19, 16:54:04 
26-Apr-19, 16:54:04 
26-Apr-19, 16:54:05 
26-Apr-19, 16:54:07 
26-Apr-19, 16:54:09 
26-Apr-19, 16:54:09 
26-Apr-19, 16:54:10 
26-Apr-19, 16:54:13 
26-Apr-19, 16:54:13 
26-Apr-19, 16:54:14 
26-Apr-19, 16:54:14 
26-Apr-19, 16:54:19 
26-Apr-19, 16:54:19 
26-Apr-19, 16:54:20 
26-Apr-19, 16:54:22 
26-Apr-19, 16:54:23 
26-Apr-19, 16:54:23 
26-Apr-19, 16:54:24 
26-Apr-19, 16:54:24 
26-Apr-19, 16:54:25 
26-Apr-19, 16:54:27 
26-Apr-19, 16:54:29 
26-Apr-19, 16:54:29 
26-Apr-19, 16:54:30 
26-Apr-19, 16:54:32 
26-Apr-19, 16:54:33 
26-Apr-19, 16:54:33 
26-Apr-19, 16:54:34 
26-Apr-19, 16:54:34 
26-Apr-19, 16:54:35 
26-Apr-19, 16:54:39 
26-Apr-19, 16:54:39 
26-Apr-19, 16:54:40 
26-Apr-19, 16:54:42 
26-Apr-19, 16:54:44 
26-Apr-19, 16:54:44 
26-Apr-19, 16:54:47 
26-Apr-19, 16:54:49 
26-Apr-19, 16:54:49 
26-Apr-19, 16:54:50 
26-Apr-19, 16:54:52 
26-Apr-19, 16:54:53 
26-Apr-19, 16:54:53 
26-Apr-19, 16:54:55 
26-Apr-19, 16:54:57 
26-Apr-19, 16:54:59 
26-Apr-19, 16:54:59 
26-Apr-19, 16:55:00 
26-Apr-19, 16:55:02 
26-Apr-19, 16:55:04 
26-Apr-19, 16:55:04 
26-Apr-19, 16:55:05 
26-Apr-19, 16:55:07 
26-Apr-19, 16:55:09 
26-Apr-19, 16:55:09 
26-Apr-19, 16:55:10 
26-Apr-19, 16:55:17 
26-Apr-19, 16:55:19 
26-Apr-19, 16:55:19 
26-Apr-19, 16:55:20 
26-Apr-19, 16:55:22 
26-Apr-19, 16:55:24 
26-Apr-19, 16:55:24 
26-Apr-19, 16:55:25 
26-Apr-19, 16:55:27 
26-Apr-19, 16:55:29 
26-Apr-19, 16:55:29 
26-Apr-19, 16:55:30 
26-Apr-19, 16:55:32 
26-Apr-19, 16:55:33 
26-Apr-19, 16:55:33 
26-Apr-19, 16:55:34 
26-Apr-19, 16:55:34 
26-Apr-19, 16:55:35 
26-Apr-19, 16:55:37 
26-Apr-19, 16:55:39 
26-Apr-19, 16:55:39 
26-Apr-19, 16:55:40 
26-Apr-19, 16:55:42 
26-Apr-19, 16:55:44 
26-Apr-19, 16:55:44 
26-Apr-19, 16:55:45 
26-Apr-19, 16:55:47 
26-Apr-19, 16:55:49 
26-Apr-19, 16:55:49 
26-Apr-19, 16:55:50 
26-Apr-19, 16:55:52 
26-Apr-19, 16:55:53 
26-Apr-19, 16:55:53 
26-Apr-19, 16:55:54 
26-Apr-19, 16:55:54 
26-Apr-19, 16:55:55 
26-Apr-19, 16:55:57 
26-Apr-19, 16:55:59 
26-Apr-19, 16:56:00 
26-Apr-19, 16:56:00 
26-Apr-19, 16:56:02 
26-Apr-19, 16:56:04 
26-Apr-19, 16:56:05 
26-Apr-19, 16:56:05 
26-Apr-19, 16:56:07 
26-Apr-19, 16:56:09 
26-Apr-19, 16:56:10 
26-Apr-19, 16:56:10 
26-Apr-19, 16:56:20 
26-Apr-19, 16:56:20 
26-Apr-19, 16:56:22 
26-Apr-19, 16:56:24 
26-Apr-19, 16:56:25 
26-Apr-19, 16:56:25 
26-Apr-19, 16:56:27 
26-Apr-19, 16:56:28 
26-Apr-19, 16:56:30 
26-Apr-19, 16:56:30 
26-Apr-19, 16:56:32 
26-Apr-19, 16:56:33 
26-Apr-19, 16:56:34 
26-Apr-19, 16:56:34 
26-Apr-19, 16:56:35 
26-Apr-19, 16:56:35 
26-Apr-19, 16:56:37 
26-Apr-19, 16:56:39 
26-Apr-19, 16:56:39 
26-Apr-19, 16:56:40 
26-Apr-19, 16:56:40 
26-Apr-19, 16:56:42 
26-Apr-19, 16:56:43 
26-Apr-19, 16:56:44 
26-Apr-19, 16:56:44 
26-Apr-19, 16:56:45 
26-Apr-19, 16:56:45 
26-Apr-19, 16:56:47 
26-Apr-19, 16:56:49 
26-Apr-19, 16:56:49 
26-Apr-19, 16:56:50 
26-Apr-19, 16:56:50 
26-Apr-19, 16:56:52 
26-Apr-19, 16:56:53 
26-Apr-19, 16:56:54 
26-Apr-19, 16:56:54 
26-Apr-19, 16:56:55 
26-Apr-19, 16:56:55 
26-Apr-19, 16:56:57 
26-Apr-19, 16:56:59 
26-Apr-19, 16:56:59 
26-Apr-19, 16:57:00 
26-Apr-19, 16:57:00 
26-Apr-19, 16:57:02 
26-Apr-19, 16:57:04 
26-Apr-19, 16:57:04 
26-Apr-19, 16:57:05 
26-Apr-19, 16:57:05 
26-Apr-19, 16:57:07 
26-Apr-19, 16:57:09 
26-Apr-19, 16:57:09 
26-Apr-19, 16:57:10 
26-Apr-19, 16:57:10 
26-Apr-19, 16:57:13 
26-Apr-19, 16:57:19 
26-Apr-19, 16:57:19 
26-Apr-19, 16:57:20 
26-Apr-19, 16:57:20 
26-Apr-19, 16:57:22 
26-Apr-19, 16:57:24 
26-Apr-19, 16:57:24 
26-Apr-19, 16:57:25 
26-Apr-19, 16:57:25 
26-Apr-19, 16:57:27 
26-Apr-19, 16:57:29 
26-Apr-19, 16:57:29 
26-Apr-19, 16:57:30 
26-Apr-19, 16:57:30 
26-Apr-19, 16:57:32 
26-Apr-19, 16:57:33 
26-Apr-19, 16:57:34 
26-Apr-19, 16:57:34 
26-Apr-19, 16:57:35 
26-Apr-19, 16:57:35 
26-Apr-19, 16:57:37 
26-Apr-19, 16:57:39 
26-Apr-19, 16:57:39 
26-Apr-19, 16:57:40 
26-Apr-19, 16:57:40 
26-Apr-19, 16:57:42 
26-Apr-19, 16:57:44 
26-Apr-19, 16:57:44 
26-Apr-19, 16:57:45 
26-Apr-19, 16:57:45 
26-Apr-19, 16:57:47 
26-Apr-19, 16:57:50 
26-Apr-19, 16:57:50 
26-Apr-19, 16:57:52 
26-Apr-19, 16:57:53 
26-Apr-19, 16:57:54 
26-Apr-19, 16:57:54 
26-Apr-19, 16:57:55 
26-Apr-19, 16:57:55 
26-Apr-19, 16:57:57 
26-Apr-19, 16:57:58 
26-Apr-19, 16:58:00 
26-Apr-19, 16:58:00 
26-Apr-19, 16:58:02 
26-Apr-19, 16:58:04 
26-Apr-19, 16:58:04 
26-Apr-19, 16:58:05 
26-Apr-19, 16:58:05 
26-Apr-19, 16:58:07 
26-Apr-19, 16:58:09 
26-Apr-19, 16:58:09 
26-Apr-19, 16:58:10 
26-Apr-19, 16:58:10 
26-Apr-19, 16:58:17 
26-Apr-19, 16:58:19 
26-Apr-19, 16:58:19 
26-Apr-19, 16:58:20 
26-Apr-19, 16:58:20 
26-Apr-19, 16:58:22 
26-Apr-19, 16:58:23 
26-Apr-19, 16:58:25 
26-Apr-19, 16:58:25 
26-Apr-19, 16:58:27 
26-Apr-19, 16:58:28 
26-Apr-19, 16:58:30 
26-Apr-19, 16:58:30 
26-Apr-19, 16:58:32 
26-Apr-19, 16:58:33 
26-Apr-19, 16:58:34 
26-Apr-19, 16:58:34 
26-Apr-19, 16:58:35 
26-Apr-19, 16:58:35 
26-Apr-19, 16:58:37 
26-Apr-19, 16:58:39 
26-Apr-19, 16:58:39 
26-Apr-19, 16:58:40 
26-Apr-19, 16:58:40 
26-Apr-19, 16:58:42 
26-Apr-19, 16:58:44 
26-Apr-19, 16:58:44 
26-Apr-19, 16:58:45 
26-Apr-19, 16:58:45 
26-Apr-19, 16:58:47 
26-Apr-19, 16:58:49 
26-Apr-19, 16:58:49 
26-Apr-19, 16:58:50 
26-Apr-19, 16:58:50 
26-Apr-19, 16:58:52 
26-Apr-19, 16:58:53 
26-Apr-19, 20:20:06 
26-Apr-19, 20:20:08 
26-Apr-19, 20:20:08 
26-Apr-19, 20:20:09 
26-Apr-19, 20:20:09 
26-Apr-19, 20:20:11 
26-Apr-19, 20:20:18 
26-Apr-19, 20:20:18 
26-Apr-19, 20:20:20 
26-Apr-19, 20:20:21 
26-Apr-19, 20:20:24 
26-Apr-19, 20:20:24 
26-Apr-19, 20:20:26 
26-Apr-19, 20:20:29 
26-Apr-19, 20:20:29 
26-Apr-19, 20:20:30 
26-Apr-19, 20:20:33 
26-Apr-19, 20:20:33 
26-Apr-19, 20:20:35 
26-Apr-19, 20:20:36 
26-Apr-19, 20:20:38 
26-Apr-19, 20:20:38 
26-Apr-19, 20:20:39 
26-Apr-19, 20:20:39 
26-Apr-19, 20:20:41 
26-Apr-19, 20:20:44 
26-Apr-19, 20:20:44 
26-Apr-19, 20:20:45 
26-Apr-19, 20:20:48 
26-Apr-19, 20:20:48 
26-Apr-19, 20:20:50 
26-Apr-19, 20:20:51 
26-Apr-19, 20:20:54 
26-Apr-19, 20:20:54 
26-Apr-19, 20:20:56 
26-Apr-19, 20:20:59 
26-Apr-19, 20:20:59 
26-Apr-19, 20:21:00 
26-Apr-19, 20:21:03 
26-Apr-19, 20:21:03 
26-Apr-19, 20:21:05 
26-Apr-19, 20:21:06 
26-Apr-19, 20:21:08 
26-Apr-19, 20:21:08 
26-Apr-19, 20:21:09 
26-Apr-19, 20:21:09 
26-Apr-19, 20:21:11 
26-Apr-19, 20:21:18 
26-Apr-19, 20:21:18 
26-Apr-19, 20:21:20 
26-Apr-19, 20:21:21 
26-Apr-19, 20:21:23 
26-Apr-19, 20:21:23 
26-Apr-19, 20:21:26 
26-Apr-19, 20:21:29 
26-Apr-19, 20:21:29 
26-Apr-19, 20:21:30 
26-Apr-19, 20:21:33 
26-Apr-19, 20:21:33 
26-Apr-19, 20:21:35 
26-Apr-19, 20:21:36 
26-Apr-19, 20:21:38 
26-Apr-19, 20:21:38 
26-Apr-19, 20:21:39 
26-Apr-19, 20:21:39 
26-Apr-19, 20:21:41 
26-Apr-19, 20:21:44 
26-Apr-19, 20:21:44 
26-Apr-19, 20:21:45 
26-Apr-19, 20:21:48 
26-Apr-19, 20:21:48 
26-Apr-19, 20:21:50 
26-Apr-19, 20:21:51 
26-Apr-19, 20:21:53 
26-Apr-19, 20:21:53 
26-Apr-19, 20:21:54 
26-Apr-19, 20:21:54 
26-Apr-19, 20:21:56 
26-Apr-19, 20:21:59 
26-Apr-19, 20:21:59 
26-Apr-19, 20:22:00 
26-Apr-19, 20:22:03 
26-Apr-19, 20:22:03 
26-Apr-19, 20:22:05 
26-Apr-19, 20:22:06 
26-Apr-19, 20:22:08 
26-Apr-19, 20:22:08 
26-Apr-19, 20:22:09 
26-Apr-19, 20:22:09 
26-Apr-19, 20:22:11 
26-Apr-19, 20:22:18 
26-Apr-19, 20:22:18 
26-Apr-19, 20:22:20 
26-Apr-19, 20:22:21 
26-Apr-19, 20:22:23 
26-Apr-19, 20:22:23 
26-Apr-19, 20:22:24 
26-Apr-19, 20:22:24 
26-Apr-19, 20:22:29 
26-Apr-19, 20:22:29 
26-Apr-19, 20:22:30 
26-Apr-19, 20:22:33 
26-Apr-19, 20:22:33 
26-Apr-19, 20:22:35 
26-Apr-19, 20:22:36 
26-Apr-19, 20:22:38 
26-Apr-19, 20:22:38 
26-Apr-19, 20:22:39 
26-Apr-19, 20:22:39 
26-Apr-19, 20:22:41 
26-Apr-19, 20:22:44 
26-Apr-19, 20:22:44 
26-Apr-19, 20:22:45 
26-Apr-19, 20:22:48 
26-Apr-19, 20:22:48 
26-Apr-19, 20:22:50 
26-Apr-19, 20:22:51 
26-Apr-19, 20:22:53 
26-Apr-19, 20:22:53 
26-Apr-19, 20:22:54 
26-Apr-19, 20:22:54 
26-Apr-19, 20:22:56 
26-Apr-19, 20:23:00 
26-Apr-19, 20:23:03 
26-Apr-19, 20:23:03 
26-Apr-19, 20:23:05 
26-Apr-19, 20:23:06 
26-Apr-19, 20:23:08 
26-Apr-19, 20:23:08 
26-Apr-19, 20:23:09 
26-Apr-19, 20:23:09 
26-Apr-19, 20:23:11 
26-Apr-19, 20:23:18 
26-Apr-19, 20:23:18 
26-Apr-19, 20:23:20 
26-Apr-19, 20:23:21 
26-Apr-19, 20:23:23 
26-Apr-19, 20:23:23 
26-Apr-19, 20:23:24 
26-Apr-19, 20:23:24 
26-Apr-19, 20:23:25 
26-Apr-19, 20:23:26 
26-Apr-19, 20:23:29 
26-Apr-19, 20:23:29 
26-Apr-19, 20:23:30 
26-Apr-19, 20:23:33 
26-Apr-19, 20:23:33 
26-Apr-19, 20:23:35 
26-Apr-19, 20:23:36 
26-Apr-19, 20:23:38 
26-Apr-19, 20:23:38 
26-Apr-19, 20:23:39 
26-Apr-19, 20:23:39 
26-Apr-19, 20:23:41 
26-Apr-19, 20:23:44 
26-Apr-19, 20:23:44 
26-Apr-19, 20:23:48 
26-Apr-19, 20:23:48 
26-Apr-19, 20:23:50 
26-Apr-19, 20:23:51 
26-Apr-19, 20:23:53 
26-Apr-19, 20:23:53 
26-Apr-19, 20:23:54 
26-Apr-19, 20:23:54 
26-Apr-19, 20:23:56 
26-Apr-19, 20:24:00 
26-Apr-19, 20:24:03 
26-Apr-19, 20:24:03 
26-Apr-19, 20:24:05 
26-Apr-19, 20:24:06 
26-Apr-19, 20:24:08 
26-Apr-19, 20:24:08 
26-Apr-19, 20:24:09 
26-Apr-19, 20:24:09 
26-Apr-19, 20:24:11 
26-Apr-19, 20:24:18 
26-Apr-19, 20:24:18 
26-Apr-19, 20:24:20 
26-Apr-19, 20:24:21 
26-Apr-19, 20:24:23 
26-Apr-19, 20:24:23 
26-Apr-19, 20:24:24 
26-Apr-19, 20:24:24 
26-Apr-19, 20:24:26 
26-Apr-19, 20:24:29 
26-Apr-19, 20:24:29 
26-Apr-19, 20:24:33 
26-Apr-19, 20:24:33 
26-Apr-19, 20:24:35 
26-Apr-19, 20:24:36 
26-Apr-19, 20:24:38 
26-Apr-19, 20:24:38 
26-Apr-19, 20:24:39 
26-Apr-19, 20:24:39 
26-Apr-19, 20:24:41 
26-Apr-19, 20:24:43 
26-Apr-19, 20:24:43 
26-Apr-19, 20:24:44 
26-Apr-19, 20:24:44 
26-Apr-19, 20:24:45 
26-Apr-19, 20:24:48 
26-Apr-19, 20:24:48 
26-Apr-19, 20:24:50 
26-Apr-19, 20:24:51 
26-Apr-19, 20:24:53 
26-Apr-19, 20:24:53 
26-Apr-19, 20:24:56 
26-Apr-19, 20:24:59 
26-Apr-19, 20:24:59 
26-Apr-19, 20:25:00 
26-Apr-19, 20:25:03 
26-Apr-19, 20:25:03 
26-Apr-19, 20:25:05 
26-Apr-19, 20:25:06 
26-Apr-19, 20:25:08 
26-Apr-19, 20:25:08 
26-Apr-19, 20:25:09 
26-Apr-19, 20:25:09 
26-Apr-19, 20:25:11 
26-Apr-19, 20:25:23 
26-Apr-19, 20:25:23 
26-Apr-19, 20:25:24 
26-Apr-19, 20:25:24 
26-Apr-19, 20:25:26 
26-Apr-19, 20:25:29 
26-Apr-19, 20:25:29 
26-Apr-19, 20:25:30 
26-Apr-19, 20:25:33 
26-Apr-19, 20:25:33 
26-Apr-19, 20:25:35 
26-Apr-19, 20:25:36 
26-Apr-19, 20:25:38 
26-Apr-19, 20:25:38 
26-Apr-19, 20:25:39 
26-Apr-19, 20:25:39 
26-Apr-19, 20:25:41 
26-Apr-19, 20:25:44 
26-Apr-19, 20:25:44 
26-Apr-19, 20:25:48 
26-Apr-19, 20:25:48 
26-Apr-19, 20:25:50 
26-Apr-19, 20:25:51 
26-Apr-19, 20:25:53 
26-Apr-19, 20:25:53 
26-Apr-19, 20:25:54 
26-Apr-19, 20:25:54 
26-Apr-19, 20:25:56 
26-Apr-19, 20:25:59 
26-Apr-19, 20:25:59 
26-Apr-19, 20:26:00 
26-Apr-19, 20:26:05 
26-Apr-19, 20:26:06 
26-Apr-19, 20:26:08 
26-Apr-19, 20:26:08 
26-Apr-19, 20:26:09 
26-Apr-19, 20:26:09 
26-Apr-19, 20:26:11 
26-Apr-19, 20:26:20 
26-Apr-19, 20:26:21 
26-Apr-19, 20:26:23 
26-Apr-19, 20:26:23 
26-Apr-19, 20:26:24 
26-Apr-19, 20:26:24 
26-Apr-19, 20:26:26 
26-Apr-19, 20:26:29 
26-Apr-19, 20:26:29 
26-Apr-19, 20:26:30 
26-Apr-19, 20:26:33 
26-Apr-19, 20:26:33 
26-Apr-19, 20:26:35 
26-Apr-19, 20:26:36 
26-Apr-19, 20:26:38 
26-Apr-19, 20:26:38 
26-Apr-19, 20:26:39 
26-Apr-19, 20:26:39 
26-Apr-19, 20:26:41 
26-Apr-19, 20:26:44 
26-Apr-19, 20:26:44 
26-Apr-19, 20:26:45 
26-Apr-19, 20:26:48 
26-Apr-19, 20:26:48 
26-Apr-19, 20:26:50 
26-Apr-19, 20:26:51 
26-Apr-19, 20:26:53 
26-Apr-19, 20:26:53 
26-Apr-19, 20:26:54 
26-Apr-19, 20:26:54 
26-Apr-19, 20:26:56 
26-Apr-19, 20:26:59 
26-Apr-19, 20:26:59 
26-Apr-19, 20:27:00 
26-Apr-19, 20:27:03 
26-Apr-19, 20:27:03 
26-Apr-19, 20:27:06 
26-Apr-19, 20:27:08 
26-Apr-19, 20:27:08 
26-Apr-19, 20:27:09 
26-Apr-19, 20:27:09 
26-Apr-19, 20:27:11 
26-Apr-19, 20:27:14 
26-Apr-19, 20:27:14 
26-Apr-19, 20:27:20 
26-Apr-19, 20:27:21 
26-Apr-19, 20:27:23 
26-Apr-19, 20:27:23 
26-Apr-19, 20:27:24 
26-Apr-19, 20:27:24 
26-Apr-19, 20:27:26 
26-Apr-19, 20:27:29 
26-Apr-19, 20:27:29 
26-Apr-19, 20:27:30 
26-Apr-19, 20:27:33 
26-Apr-19, 20:27:33 
26-Apr-19, 20:27:35 
26-Apr-19, 20:27:38 
26-Apr-19, 20:27:38 
26-Apr-19, 20:27:39 
26-Apr-19, 20:27:39 
26-Apr-19, 20:27:41 
26-Apr-19, 20:27:44 
26-Apr-19, 20:27:44 
26-Apr-19, 20:27:45 
26-Apr-19, 20:27:48 
26-Apr-19, 20:27:48 
26-Apr-19, 20:27:50 
26-Apr-19, 20:27:51 
26-Apr-19, 20:27:53 
26-Apr-19, 20:27:53 
26-Apr-19, 20:27:54 
26-Apr-19, 20:27:54 
26-Apr-19, 20:27:56 
26-Apr-19, 20:27:59 
26-Apr-19, 20:27:59 
26-Apr-19, 20:28:00 
26-Apr-19, 20:28:03 
26-Apr-19, 20:28:03 
26-Apr-19, 20:28:05 
26-Apr-19, 20:28:06 
26-Apr-19, 20:28:08 
26-Apr-19, 20:28:08 
26-Apr-19, 20:28:09 
26-Apr-19, 20:28:09 
26-Apr-19, 20:28:11 
26-Apr-19, 20:28:20 
26-Apr-19, 20:28:21 
26-Apr-19, 20:28:23 
26-Apr-19, 20:28:23 
26-Apr-19, 20:28:24 
26-Apr-19, 20:28:24 
26-Apr-19, 20:28:26 
26-Apr-19, 20:28:29 
26-Apr-19, 20:28:29 
26-Apr-19, 20:28:30 
26-Apr-19, 20:28:33 
26-Apr-19, 20:28:35 
26-Apr-19, 20:28:36 
26-Apr-19, 20:28:39 
26-Apr-19, 20:28:39 
26-Apr-19, 20:28:39 
26-Apr-19, 20:28:48 
26-Apr-19, 20:28:50 
26-Apr-19, 20:28:51 
26-Apr-19, 20:28:53 
26-Apr-19, 20:28:54 
26-Apr-19, 20:28:54 
26-Apr-19, 20:28:54 
26-Apr-19, 20:28:56 
26-Apr-19, 20:28:59 
26-Apr-19, 20:28:59 
26-Apr-19, 20:28:59 
26-Apr-19, 20:29:00 
26-Apr-19, 20:29:03 
26-Apr-19, 20:29:06 
26-Apr-19, 20:29:11 
26-Apr-19, 20:29:18 
26-Apr-19, 20:29:20 
26-Apr-19, 20:29:21 
26-Apr-19, 20:29:23 
26-Apr-19, 20:29:24 
26-Apr-19, 20:29:24 
26-Apr-19, 20:29:24 
26-Apr-19, 20:29:26 
26-Apr-19, 20:29:29 
26-Apr-19, 20:29:29 
26-Apr-19, 20:29:29 
26-Apr-19, 20:29:30 
26-Apr-19, 20:29:33 
26-Apr-19, 20:29:35 
26-Apr-19, 20:29:36 
26-Apr-19, 20:29:38 
26-Apr-19, 20:29:39 
26-Apr-19, 20:29:39 
26-Apr-19, 20:29:39 
26-Apr-19, 20:29:41 
26-Apr-19, 20:29:44 
26-Apr-19, 20:29:44 
26-Apr-19, 20:29:44 
26-Apr-19, 20:29:45 
26-Apr-19, 20:29:48 
26-Apr-19, 20:29:50 
26-Apr-19, 20:29:51 
26-Apr-19, 20:29:53 
26-Apr-19, 20:29:54 
26-Apr-19, 20:29:54 
26-Apr-19, 20:29:54 
26-Apr-19, 20:29:56 
26-Apr-19, 20:29:59 
26-Apr-19, 20:29:59 
26-Apr-19, 20:29:59 
26-Apr-19, 20:30:00 
26-Apr-19, 20:30:03 
26-Apr-19, 20:30:05 
26-Apr-19, 20:30:06 
26-Apr-19, 20:30:08 
26-Apr-19, 20:30:09 
26-Apr-19, 20:30:09 
26-Apr-19, 20:30:09 
26-Apr-19, 20:30:20 
26-Apr-19, 20:30:21 
26-Apr-19, 20:30:23 
26-Apr-19, 20:30:24 
26-Apr-19, 20:30:24 
26-Apr-19, 20:30:24 
26-Apr-19, 20:30:26 
26-Apr-19, 20:30:29 
26-Apr-19, 20:30:29 
26-Apr-19, 20:30:29 
26-Apr-19, 20:30:30 
26-Apr-19, 20:30:33 
26-Apr-19, 20:30:35 
26-Apr-19, 20:30:36 
26-Apr-19, 20:30:38 
26-Apr-19, 20:30:39 
26-Apr-19, 20:30:39 
26-Apr-19, 20:30:39 
26-Apr-19, 20:30:41 
26-Apr-19, 20:30:44 
26-Apr-19, 20:30:44 
26-Apr-19, 20:30:44 
26-Apr-19, 20:30:45 
26-Apr-19, 20:30:48 
26-Apr-19, 20:30:50 
26-Apr-19, 20:30:51 
26-Apr-19, 20:30:53 
26-Apr-19, 20:30:54 
26-Apr-19, 20:30:54 
26-Apr-19, 20:30:54 
26-Apr-19, 20:30:56 
26-Apr-19, 20:30:59 
26-Apr-19, 20:30:59 
26-Apr-19, 20:30:59 
26-Apr-19, 20:31:00 
26-Apr-19, 20:31:05 
26-Apr-19, 20:31:06 
26-Apr-19, 20:31:08 
26-Apr-19, 20:31:09 
26-Apr-19, 20:31:09 
26-Apr-19, 20:31:09 
26-Apr-19, 20:31:11 
26-Apr-19, 20:31:18 
26-Apr-19, 20:31:20 
26-Apr-19, 20:31:21 
26-Apr-19, 20:31:23 
26-Apr-19, 20:31:24 
26-Apr-19, 20:31:24 
26-Apr-19, 20:31:24 
26-Apr-19, 20:31:25 
26-Apr-19, 20:31:26 
26-Apr-19, 20:31:29 
26-Apr-19, 20:31:29 
26-Apr-19, 20:31:29 
26-Apr-19, 20:31:30 
26-Apr-19, 20:31:33 
26-Apr-19, 20:31:35 
26-Apr-19, 20:31:36 
26-Apr-19, 20:31:38 
26-Apr-19, 20:31:39 
26-Apr-19, 20:31:39 
26-Apr-19, 20:31:39 
26-Apr-19, 20:31:41 
26-Apr-19, 20:31:45 
26-Apr-19, 20:31:48 
26-Apr-19, 20:31:50 
26-Apr-19, 20:31:51 
26-Apr-19, 20:31:54 
26-Apr-19, 20:31:54 
26-Apr-19, 20:31:54 
26-Apr-19, 20:31:56 
26-Apr-19, 20:31:59 
26-Apr-19, 20:31:59 
26-Apr-19, 20:31:59 
26-Apr-19, 20:32:00 
26-Apr-19, 20:32:03 
26-Apr-19, 20:32:05 
26-Apr-19, 20:32:06 
26-Apr-19, 20:32:08 
26-Apr-19, 20:32:09 
26-Apr-19, 20:32:09 
26-Apr-19, 20:32:09 
26-Apr-19, 20:32:11 
26-Apr-19, 20:32:18 
26-Apr-19, 20:32:20 
26-Apr-19, 20:32:23 
26-Apr-19, 20:32:24 
26-Apr-19, 20:32:24 
26-Apr-19, 20:32:24 
26-Apr-19, 20:32:27 
26-Apr-19, 20:32:29 
26-Apr-19, 20:32:29 
26-Apr-19, 20:32:29 
26-Apr-19, 20:32:30 
26-Apr-19, 20:32:32 
26-Apr-19, 20:32:33 
26-Apr-19, 20:32:35 
26-Apr-19, 20:32:38 
26-Apr-19, 20:32:39 
26-Apr-19, 20:32:39 
26-Apr-19, 20:32:39 
26-Apr-19, 20:32:42 
26-Apr-19, 20:32:44 
26-Apr-19, 20:32:44 
26-Apr-19, 20:32:44 
26-Apr-19, 20:32:44 
26-Apr-19, 20:32:45 
26-Apr-19, 20:32:47 
26-Apr-19, 20:32:50 
26-Apr-19, 20:32:54 
26-Apr-19, 20:32:54 
26-Apr-19, 20:32:54 
26-Apr-19, 20:32:54 
26-Apr-19, 20:32:57 
26-Apr-19, 20:32:59 
26-Apr-19, 20:32:59 
26-Apr-19, 20:32:59 
26-Apr-19, 20:32:59 
26-Apr-19, 20:33:00 
26-Apr-19, 20:33:02 
26-Apr-19, 20:33:04 
26-Apr-19, 20:33:04 
26-Apr-19, 20:33:05 
26-Apr-19, 20:33:05 
26-Apr-19, 20:33:05 
26-Apr-19, 20:33:09 
26-Apr-19, 20:33:09 
26-Apr-19, 20:33:20 
26-Apr-19, 20:33:20 
26-Apr-19, 20:33:20 
26-Apr-19, 20:33:24 
26-Apr-19, 20:33:24 
26-Apr-19, 20:33:27 
26-Apr-19, 20:33:29 
26-Apr-19, 20:33:29 
26-Apr-19, 20:33:30 
26-Apr-19, 20:33:30 
26-Apr-19, 20:33:30 
26-Apr-19, 20:33:32 
26-Apr-19, 20:33:35 
26-Apr-19, 20:33:35 
26-Apr-19, 20:33:35 
26-Apr-19, 20:33:39 
26-Apr-19, 20:33:39 
26-Apr-19, 20:33:42 
26-Apr-19, 20:33:44 
26-Apr-19, 20:33:44 
26-Apr-19, 20:33:45 
26-Apr-19, 20:33:45 
26-Apr-19, 20:33:45 
26-Apr-19, 20:33:47 
26-Apr-19, 20:33:50 
26-Apr-19, 20:33:50 
26-Apr-19, 20:33:50 
26-Apr-19, 20:33:54 
26-Apr-19, 20:33:54 
26-Apr-19, 20:33:55 
26-Apr-19, 20:33:55 
26-Apr-19, 20:33:55 
26-Apr-19, 20:33:57 
26-Apr-19, 20:33:59 
26-Apr-19, 20:33:59 
26-Apr-19, 20:34:00 
26-Apr-19, 20:34:00 
26-Apr-19, 20:34:00 
26-Apr-19, 20:34:02 
26-Apr-19, 20:34:05 
26-Apr-19, 20:34:05 
26-Apr-19, 20:34:05 
26-Apr-19, 20:34:09 
26-Apr-19, 20:34:09 
26-Apr-19, 20:34:17 
26-Apr-19, 20:34:20 
26-Apr-19, 20:34:20 
26-Apr-19, 20:34:20 
26-Apr-19, 20:34:22 
26-Apr-19, 20:34:24 
26-Apr-19, 20:34:24 
26-Apr-19, 20:34:27 
26-Apr-19, 20:34:29 
26-Apr-19, 20:34:29 
26-Apr-19, 20:34:30 
26-Apr-19, 20:34:30 
26-Apr-19, 20:34:30 
26-Apr-19, 20:34:32 
26-Apr-19, 20:34:35 
26-Apr-19, 20:34:35 
26-Apr-19, 20:34:35 
26-Apr-19, 20:34:39 
26-Apr-19, 20:34:39 
26-Apr-19, 20:34:42 
26-Apr-19, 13:39:49 
26-Apr-19, 13:39:54 
26-Apr-19, 13:39:59 
26-Apr-19, 13:40:04 
26-Apr-19, 13:40:09 
26-Apr-19, 13:40:19 
26-Apr-19, 13:40:24 
26-Apr-19, 13:40:28 
26-Apr-19, 13:40:29 
26-Apr-19, 13:40:33 
26-Apr-19, 13:40:34 
26-Apr-19, 13:40:38 
26-Apr-19, 13:40:39 
26-Apr-19, 13:40:43 
26-Apr-19, 13:40:44 
26-Apr-19, 13:40:48 
26-Apr-19, 13:40:49 
26-Apr-19, 13:40:53 
26-Apr-19, 13:40:54 
26-Apr-19, 13:40:58 
26-Apr-19, 13:40:59 
26-Apr-19, 13:41:03 
26-Apr-19, 13:41:04 
26-Apr-19, 13:41:08 
26-Apr-19, 13:41:09 
26-Apr-19, 13:41:13 
26-Apr-19, 13:41:19 
26-Apr-19, 13:41:23 
26-Apr-19, 13:41:28 
26-Apr-19, 13:41:29 
26-Apr-19, 13:41:33 
26-Apr-19, 13:41:34 
26-Apr-19, 13:41:38 
26-Apr-19, 13:41:39 
26-Apr-19, 13:41:43 
26-Apr-19, 13:41:44 
26-Apr-19, 13:41:48 
26-Apr-19, 13:41:49 
26-Apr-19, 13:41:53 
26-Apr-19, 13:41:54 
26-Apr-19, 13:41:58 
26-Apr-19, 13:41:59 
26-Apr-19, 13:42:03 
26-Apr-19, 13:42:04 
26-Apr-19, 13:42:09 
26-Apr-19, 13:42:19 
26-Apr-19, 13:42:24 
26-Apr-19, 13:42:28 
26-Apr-19, 13:42:29 
26-Apr-19, 13:42:33 
26-Apr-19, 13:42:38 
26-Apr-19, 13:42:39 
26-Apr-19, 13:42:43 
26-Apr-19, 13:42:44 
26-Apr-19, 13:42:48 
26-Apr-19, 13:42:53 
26-Apr-19, 13:42:54 
26-Apr-19, 13:42:58 
26-Apr-19, 13:42:59 
26-Apr-19, 13:43:03 
26-Apr-19, 13:43:04 
26-Apr-19, 13:43:08 
26-Apr-19, 13:43:09 
26-Apr-19, 13:43:18 
26-Apr-19, 13:43:19 
26-Apr-19, 13:43:23 
26-Apr-19, 13:43:24 
26-Apr-19, 13:43:29 
26-Apr-19, 13:43:33 
26-Apr-19, 13:43:34 
26-Apr-19, 13:43:38 
26-Apr-19, 13:43:39 
26-Apr-19, 13:43:43 
26-Apr-19, 13:43:44 
26-Apr-19, 13:43:48 
26-Apr-19, 13:43:49 
26-Apr-19, 13:43:53 
26-Apr-19, 13:43:54 
26-Apr-19, 13:43:58 
26-Apr-19, 13:43:59 
26-Apr-19, 13:44:03 
26-Apr-19, 13:44:04 
26-Apr-19, 13:44:08 
26-Apr-19, 13:44:09 
26-Apr-19, 13:44:19 
26-Apr-19, 13:44:23 
26-Apr-19, 13:44:24 
26-Apr-19, 13:44:28 
26-Apr-19, 13:44:29 
26-Apr-19, 13:44:33 
26-Apr-19, 13:44:34 
26-Apr-19, 13:44:38 
26-Apr-19, 13:44:39 
26-Apr-19, 13:44:43 
26-Apr-19, 13:44:44 
26-Apr-19, 13:44:48 
26-Apr-19, 13:44:49 
26-Apr-19, 13:44:53 
26-Apr-19, 13:44:54 
26-Apr-19, 13:44:58 
26-Apr-19, 13:44:59 
26-Apr-19, 13:45:03 
26-Apr-19, 13:45:04 
26-Apr-19, 13:45:08 
26-Apr-19, 13:45:09 
26-Apr-19, 13:45:13 
26-Apr-19, 13:45:19 
26-Apr-19, 13:45:23 
26-Apr-19, 13:45:24 
26-Apr-19, 13:45:28 
26-Apr-19, 13:45:29 
26-Apr-19, 13:45:33 
26-Apr-19, 13:45:34 
26-Apr-19, 13:45:38 
26-Apr-19, 13:45:39 
26-Apr-19, 13:45:43 
26-Apr-19, 13:45:48 
26-Apr-19, 13:45:49 
26-Apr-19, 13:45:53 
26-Apr-19, 13:45:54 
26-Apr-19, 13:45:58 
26-Apr-19, 13:45:59 
26-Apr-19, 13:46:03 
26-Apr-19, 13:46:04 
26-Apr-19, 13:46:08 
26-Apr-19, 13:46:09 
26-Apr-19, 13:46:13 
26-Apr-19, 13:46:19 
26-Apr-19, 13:46:23 
26-Apr-19, 13:46:24 
26-Apr-19, 13:46:28 
26-Apr-19, 13:46:29 
26-Apr-19, 13:46:33 
26-Apr-19, 13:46:34 
26-Apr-19, 13:46:38 
26-Apr-19, 13:46:39 
26-Apr-19, 13:46:43 
26-Apr-19, 13:46:44 
26-Apr-19, 13:46:48 
26-Apr-19, 13:46:49 
26-Apr-19, 13:46:53 
26-Apr-19, 13:46:54 
26-Apr-19, 13:46:58 
26-Apr-19, 13:46:59 
26-Apr-19, 13:47:03 
26-Apr-19, 13:47:04 
26-Apr-19, 13:47:08 
26-Apr-19, 13:47:09 
26-Apr-19, 13:47:23 
26-Apr-19, 13:47:24 
26-Apr-19, 13:47:28 
26-Apr-19, 13:47:29 
26-Apr-19, 13:47:33 
26-Apr-19, 13:47:34 
26-Apr-19, 13:47:38 
26-Apr-19, 13:47:39 
26-Apr-19, 13:47:43 
26-Apr-19, 13:47:44 
26-Apr-19, 13:47:48 
26-Apr-19, 13:47:49 
26-Apr-19, 13:47:53 
26-Apr-19, 13:47:54 
26-Apr-19, 13:47:58 
26-Apr-19, 13:47:59 
26-Apr-19, 13:48:03 
26-Apr-19, 13:48:04 
26-Apr-19, 13:48:08 
26-Apr-19, 13:48:09 
26-Apr-19, 13:48:13 
26-Apr-19, 13:48:19 
26-Apr-19, 13:48:23 
26-Apr-19, 13:48:24 
26-Apr-19, 13:48:28 
26-Apr-19, 13:48:29 
26-Apr-19, 13:48:33 
26-Apr-19, 13:48:34 
26-Apr-19, 13:48:38 
26-Apr-19, 13:48:39 
26-Apr-19, 13:48:43 
26-Apr-19, 13:48:44 
26-Apr-19, 13:48:48 
26-Apr-19, 13:48:49 
26-Apr-19, 13:48:53 
26-Apr-19, 13:48:54 
26-Apr-19, 13:48:58 
26-Apr-19, 13:48:59 
26-Apr-19, 13:49:03 
26-Apr-19, 13:49:08 
26-Apr-19, 13:49:09 
26-Apr-19, 13:49:13 
26-Apr-19, 13:49:18 
26-Apr-19, 13:49:19 
26-Apr-19, 13:49:23 
26-Apr-19, 13:49:24 
26-Apr-19, 13:49:28 
26-Apr-19, 13:49:29 
26-Apr-19, 13:49:33 
26-Apr-19, 13:49:34 
26-Apr-19, 13:49:38 
26-Apr-19, 13:49:39 
26-Apr-19, 13:49:43 
26-Apr-19, 13:49:44 
26-Apr-19, 13:49:48 
26-Apr-19, 13:49:49 
26-Apr-19, 13:49:53 
26-Apr-19, 13:49:54 
26-Apr-19, 13:49:58 
26-Apr-19, 13:49:59 
26-Apr-19, 13:50:03 
26-Apr-19, 13:50:04 
26-Apr-19, 13:50:08 
26-Apr-19, 13:50:09 
26-Apr-19, 13:50:13 
26-Apr-19, 13:50:19 
26-Apr-19, 13:50:23 
26-Apr-19, 13:50:24 
26-Apr-19, 13:50:28 
26-Apr-19, 13:50:29 
26-Apr-19, 13:50:33 
26-Apr-19, 13:50:34 
26-Apr-19, 13:50:38 
26-Apr-19, 13:50:39 
26-Apr-19, 13:50:43 
26-Apr-19, 13:50:44 
26-Apr-19, 13:50:48 
26-Apr-19, 13:50:49 
26-Apr-19, 13:50:53 
26-Apr-19, 13:50:54 
26-Apr-19, 13:50:58 
26-Apr-19, 13:50:59 
26-Apr-19, 13:51:03 
26-Apr-19, 13:51:04 
26-Apr-19, 13:51:08 
26-Apr-19, 13:51:09 
26-Apr-19, 13:51:19 
26-Apr-19, 13:51:23 
26-Apr-19, 13:51:24 
26-Apr-19, 13:51:28 
26-Apr-19, 13:51:29 
26-Apr-19, 13:51:33 
26-Apr-19, 13:51:34 
26-Apr-19, 13:51:38 
26-Apr-19, 13:51:39 
26-Apr-19, 13:51:44 
26-Apr-19, 13:51:48 
26-Apr-19, 13:51:50 
26-Apr-19, 13:51:53 
26-Apr-19, 13:51:55 
26-Apr-19, 13:51:58 
26-Apr-19, 13:52:00 
26-Apr-19, 13:52:03 
26-Apr-19, 13:52:05 
26-Apr-19, 13:52:08 
26-Apr-19, 13:52:10 
26-Apr-19, 13:52:13 
26-Apr-19, 13:52:15 
26-Apr-19, 13:52:18 
26-Apr-19, 13:52:20 
26-Apr-19, 13:52:23 
26-Apr-19, 13:52:25 
26-Apr-19, 13:52:28 
26-Apr-19, 13:52:30 
26-Apr-19, 13:52:33 
26-Apr-19, 13:52:35 
26-Apr-19, 13:52:38 
26-Apr-19, 13:52:40 
26-Apr-19, 13:52:43 
26-Apr-19, 13:52:45 
26-Apr-19, 13:52:48 
26-Apr-19, 13:52:50 
26-Apr-19, 13:52:53 
26-Apr-19, 13:52:55 
26-Apr-19, 13:52:58 
26-Apr-19, 13:53:00 
26-Apr-19, 13:53:03 
26-Apr-19, 13:53:05 
26-Apr-19, 13:53:08 
26-Apr-19, 13:53:10 
26-Apr-19, 13:53:18 
26-Apr-19, 13:53:20 
26-Apr-19, 13:53:23 
26-Apr-19, 13:53:28 
26-Apr-19, 13:53:30 
26-Apr-19, 13:53:33 
26-Apr-19, 13:53:35 
26-Apr-19, 13:53:38 
26-Apr-19, 13:53:40 
26-Apr-19, 13:53:43 
26-Apr-19, 13:53:45 
26-Apr-19, 13:53:48 
26-Apr-19, 13:53:50 
26-Apr-19, 13:53:53 
26-Apr-19, 13:53:55 
26-Apr-19, 13:53:58 
26-Apr-19, 13:54:00 
26-Apr-19, 13:54:03 
26-Apr-19, 13:54:05 
26-Apr-19, 13:54:08 
26-Apr-19, 13:54:10 
26-Apr-19, 13:54:20 
26-Apr-19, 13:54:23 
26-Apr-19, 13:54:25 
26-Apr-19, 13:54:28 
26-Apr-19, 13:54:30 
26-Apr-19, 13:54:33 
26-Apr-19, 13:54:35 
26-Apr-19, 13:54:38 
26-Apr-19, 13:54:40 
26-Apr-19, 13:54:43 
26-Apr-19, 13:54:45 
26-Apr-19, 13:54:48 
26-Apr-19, 13:54:50 
26-Apr-19, 13:54:53 
26-Apr-19, 13:54:58 
26-Apr-19, 13:55:00 
26-Apr-19, 13:55:03 
26-Apr-19, 13:55:05 
26-Apr-19, 13:55:08 
26-Apr-19, 13:55:10 
26-Apr-19, 13:55:18 
26-Apr-19, 13:55:20 
26-Apr-19, 13:55:23 
26-Apr-19, 13:55:25 
26-Apr-19, 13:55:28 
26-Apr-19, 13:55:30 
26-Apr-19, 13:55:33 
26-Apr-19, 13:55:35 
26-Apr-19, 13:55:38 
26-Apr-19, 13:55:40 
26-Apr-19, 13:55:43 
26-Apr-19, 13:55:45 
26-Apr-19, 13:55:48 
26-Apr-19, 13:55:50 
26-Apr-19, 13:55:53 
26-Apr-19, 13:55:55 
26-Apr-19, 13:55:58 
26-Apr-19, 13:56:00 
26-Apr-19, 13:56:03 
26-Apr-19, 13:56:05 
26-Apr-19, 13:56:10 
26-Apr-19, 13:56:13 
26-Apr-19, 13:56:20 
26-Apr-19, 13:56:23 
26-Apr-19, 13:56:25 
26-Apr-19, 13:56:30 
26-Apr-19, 13:56:33 
26-Apr-19, 13:56:35 
26-Apr-19, 13:56:38 
26-Apr-19, 13:56:40 
26-Apr-19, 13:56:43 
26-Apr-19, 13:56:45 
26-Apr-19, 13:56:48 
26-Apr-19, 13:56:50 
26-Apr-19, 13:56:53 
26-Apr-19, 13:56:55 
26-Apr-19, 13:56:58 
26-Apr-19, 13:57:00 
26-Apr-19, 13:57:03 
26-Apr-19, 13:57:05 
26-Apr-19, 13:57:08 
26-Apr-19, 13:57:10 
26-Apr-19, 13:57:18 
26-Apr-19, 13:57:20 
26-Apr-19, 13:57:23 
26-Apr-19, 13:57:25 
26-Apr-19, 13:57:28 
26-Apr-19, 13:57:30 
26-Apr-19, 13:57:33 
26-Apr-19, 13:57:35 
26-Apr-19, 13:57:38 
26-Apr-19, 13:57:40 
26-Apr-19, 13:57:43 
26-Apr-19, 13:57:45 
26-Apr-19, 13:57:48 
26-Apr-19, 13:57:50 
26-Apr-19, 13:57:53 
26-Apr-19, 13:57:55 
26-Apr-19, 13:57:58 
26-Apr-19, 13:58:00 
26-Apr-19, 13:58:03 
26-Apr-19, 13:58:05 
26-Apr-19, 13:58:10 
26-Apr-19, 13:58:13 
26-Apr-19, 13:58:20 
26-Apr-19, 13:58:23 
26-Apr-19, 13:58:25 
26-Apr-19, 13:58:30 
26-Apr-19, 13:58:33 
26-Apr-19, 13:58:35 
26-Apr-19, 13:58:38 
26-Apr-19, 13:58:40 
26-Apr-19, 13:58:43 
26-Apr-19, 13:58:45 
26-Apr-19, 13:58:48 
26-Apr-19, 13:58:50 
26-Apr-19, 13:58:53 
26-Apr-19, 13:58:55 
26-Apr-19, 13:58:58 
26-Apr-19, 13:59:00 
26-Apr-19, 13:59:03 
26-Apr-19, 13:59:05 
26-Apr-19, 13:59:08 
26-Apr-19, 13:59:10 
26-Apr-19, 13:59:20 
26-Apr-19, 13:59:23 
26-Apr-19, 13:59:25 
26-Apr-19, 13:59:28 
26-Apr-19, 13:59:30 
26-Apr-19, 13:59:33 
26-Apr-19, 13:59:35 
26-Apr-19, 13:59:38 
26-Apr-19, 13:59:40 
26-Apr-19, 13:59:43 
26-Apr-19, 13:59:45 
26-Apr-19, 13:59:48 
26-Apr-19, 13:59:50 
26-Apr-19, 13:59:53 
26-Apr-19, 13:59:55 
26-Apr-19, 13:59:58 
26-Apr-19, 14:00:00 
26-Apr-19, 14:00:03 
26-Apr-19, 14:00:05 
26-Apr-19, 14:00:08 
26-Apr-19, 14:00:10 
26-Apr-19, 14:00:13 
26-Apr-19, 14:00:18 
26-Apr-19, 14:00:20 
26-Apr-19, 14:00:23 
26-Apr-19, 14:00:25 
26-Apr-19, 14:00:28 
26-Apr-19, 14:00:30 
26-Apr-19, 14:00:33 
26-Apr-19, 14:00:38 
26-Apr-19, 14:00:40 
26-Apr-19, 14:00:43 
26-Apr-19, 14:00:45 
26-Apr-19, 14:00:48 
26-Apr-19, 14:00:50 
26-Apr-19, 14:00:53 
26-Apr-19, 14:00:55 
26-Apr-19, 14:00:58 
26-Apr-19, 14:01:00 
26-Apr-19, 14:01:03 
26-Apr-19, 14:01:05 
26-Apr-19, 14:01:08 
26-Apr-19, 14:01:10 
26-Apr-19, 14:01:13 
26-Apr-19, 14:01:18 
26-Apr-19, 14:01:20 
26-Apr-19, 14:01:23 
26-Apr-19, 14:01:25 
26-Apr-19, 14:01:28 
26-Apr-19, 14:01:30 
26-Apr-19, 14:01:33 
26-Apr-19, 14:01:38 
26-Apr-19, 14:01:40 
26-Apr-19, 14:01:43 
26-Apr-19, 14:01:45 
26-Apr-19, 14:01:48 
26-Apr-19, 14:01:50 
26-Apr-19, 14:01:53 
26-Apr-19, 14:01:55 
26-Apr-19, 14:01:58 
26-Apr-19, 14:02:00 
26-Apr-19, 14:02:03 
26-Apr-19, 14:02:05 
26-Apr-19, 14:02:08 
26-Apr-19, 14:02:10 
26-Apr-19, 14:02:18 
26-Apr-19, 14:02:20 
26-Apr-19, 14:02:23 
26-Apr-19, 14:02:25 
26-Apr-19, 14:02:28 
26-Apr-19, 14:02:30 
26-Apr-19, 14:02:33 
26-Apr-19, 14:02:38 
26-Apr-19, 14:02:40 
26-Apr-19, 14:02:43 
26-Apr-19, 14:02:45 
26-Apr-19, 14:02:48 
26-Apr-19, 14:02:50 
26-Apr-19, 14:02:53 
26-Apr-19, 14:02:55 
26-Apr-19, 14:02:58 
26-Apr-19, 14:03:00 
26-Apr-19, 14:03:03 
26-Apr-19, 14:03:05 
26-Apr-19, 14:03:08 
26-Apr-19, 14:03:10 
26-Apr-19, 14:03:13 
26-Apr-19, 14:03:18 
26-Apr-19, 14:03:20 
26-Apr-19, 14:03:25 
26-Apr-19, 14:03:28 
26-Apr-19, 14:03:30 
26-Apr-19, 14:03:33 
26-Apr-19, 14:03:35 
26-Apr-19, 14:03:38 
26-Apr-19, 14:03:40 
26-Apr-19, 14:03:43 
26-Apr-19, 14:03:45 
26-Apr-19, 14:03:48 
26-Apr-19, 14:03:50 
26-Apr-19, 14:03:53 
26-Apr-19, 14:03:55 
26-Apr-19, 14:03:58 
26-Apr-19, 14:04:00 
26-Apr-19, 14:04:03 
26-Apr-19, 14:04:05 
26-Apr-19, 14:04:08 
26-Apr-19, 14:04:10 
26-Apr-19, 14:04:13 
26-Apr-19, 14:04:20 
26-Apr-19, 14:04:23 
26-Apr-19, 14:04:25 
26-Apr-19, 14:04:28 
26-Apr-19, 14:04:30 
26-Apr-19, 14:04:33 
26-Apr-19, 14:04:35 
26-Apr-19, 14:04:38 
26-Apr-19, 14:04:40 
26-Apr-19, 14:04:43 
26-Apr-19, 14:04:45 
26-Apr-19, 14:04:48 
26-Apr-19, 14:04:50 
26-Apr-19, 14:04:53 
26-Apr-19, 14:04:55 
26-Apr-19, 14:04:58 
26-Apr-19, 14:05:00 
26-Apr-19, 14:05:03 
26-Apr-19, 14:05:05 
26-Apr-19, 14:05:08 
26-Apr-19, 14:05:10 
26-Apr-19, 14:05:13 
26-Apr-19, 14:05:20 
26-Apr-19, 14:05:25 
26-Apr-19, 14:05:28 
26-Apr-19, 14:05:30 
26-Apr-19, 14:05:33 
26-Apr-19, 14:05:35 
26-Apr-19, 14:05:38 
26-Apr-19, 14:05:40 
26-Apr-19, 14:05:43 
26-Apr-19, 14:05:45 
26-Apr-19, 14:05:48 
26-Apr-19, 14:05:50 
26-Apr-19, 14:05:53 
26-Apr-19, 14:05:55 
26-Apr-19, 14:05:58 
26-Apr-19, 14:06:00 
26-Apr-19, 14:06:03 
26-Apr-19, 14:06:05 
26-Apr-19, 14:06:08 
26-Apr-19, 14:06:10 
26-Apr-19, 14:06:19 
26-Apr-19, 14:06:20 
26-Apr-19, 14:06:24 
26-Apr-19, 14:06:25 
26-Apr-19, 14:06:29 
26-Apr-19, 14:06:30 
26-Apr-19, 14:06:34 
26-Apr-19, 14:06:35 
26-Apr-19, 14:06:39 
26-Apr-19, 14:06:40 
26-Apr-19, 14:06:44 
26-Apr-19, 14:06:45 
26-Apr-19, 14:06:49 
26-Apr-19, 14:06:50 
26-Apr-19, 14:06:54 
26-Apr-19, 14:06:55 
26-Apr-19, 14:06:59 
26-Apr-19, 14:07:00 
26-Apr-19, 14:07:04 
26-Apr-19, 14:07:05 
26-Apr-19, 14:07:09 
26-Apr-19, 14:07:10 
26-Apr-19, 14:07:15 
26-Apr-19, 14:07:19 
26-Apr-19, 14:07:20 
26-Apr-19, 14:07:24 
26-Apr-19, 14:07:25 
26-Apr-19, 14:07:29 
26-Apr-19, 14:07:30 
26-Apr-19, 14:07:34 
26-Apr-19, 14:07:35 
26-Apr-19, 14:07:39 
26-Apr-19, 14:07:40 
26-Apr-19, 14:07:44 
26-Apr-19, 14:07:45 
26-Apr-19, 14:07:49 
26-Apr-19, 14:07:50 
26-Apr-19, 14:07:54 
26-Apr-19, 14:07:55 
26-Apr-19, 14:07:59 
26-Apr-19, 14:08:04 
26-Apr-19, 14:08:05 
26-Apr-19, 14:08:09 
26-Apr-19, 14:08:10 
26-Apr-19, 14:08:19 
26-Apr-19, 14:08:20 
26-Apr-19, 14:08:24 
26-Apr-19, 14:08:25 
26-Apr-19, 14:08:29 
26-Apr-19, 14:08:30 
26-Apr-19, 14:08:34 
26-Apr-19, 14:08:35 
26-Apr-19, 14:08:39 
26-Apr-19, 14:08:40 
26-Apr-19, 14:08:44 
26-Apr-19, 14:08:45 
26-Apr-19, 14:08:49 
26-Apr-19, 14:08:50 
26-Apr-19, 14:08:54 
26-Apr-19, 14:08:55 
26-Apr-19, 14:08:59 
26-Apr-19, 14:09:00 
26-Apr-19, 14:09:04 
26-Apr-19, 14:09:05 
26-Apr-19, 14:09:09 
26-Apr-19, 14:09:10 
26-Apr-19, 14:09:19 
26-Apr-19, 14:09:20 
26-Apr-19, 14:09:24 
26-Apr-19, 14:09:25 
26-Apr-19, 14:09:29 
26-Apr-19, 14:09:30 
26-Apr-19, 14:09:34 
26-Apr-19, 14:09:35 
26-Apr-19, 14:09:39 
26-Apr-19, 14:09:40 
26-Apr-19, 14:09:44 
26-Apr-19, 14:09:45 
26-Apr-19, 14:09:49 
26-Apr-19, 14:09:50 
26-Apr-19, 14:09:59 
26-Apr-19, 14:10:00 
26-Apr-19, 14:10:04 
26-Apr-19, 14:10:05 
26-Apr-19, 14:10:09 
26-Apr-19, 14:10:10 
26-Apr-19, 14:10:19 
26-Apr-19, 14:10:20 
26-Apr-19, 14:10:24 
26-Apr-19, 14:10:25 
26-Apr-19, 14:10:29 
26-Apr-19, 14:10:30 
26-Apr-19, 14:10:34 
26-Apr-19, 14:10:35 
26-Apr-19, 14:10:39 
26-Apr-19, 14:10:40 
26-Apr-19, 14:10:44 
26-Apr-19, 14:10:45 
26-Apr-19, 14:10:49 
26-Apr-19, 14:10:50 
26-Apr-19, 14:10:54 
26-Apr-19, 14:10:55 
26-Apr-19, 14:10:59 
26-Apr-19, 14:11:00 
26-Apr-19, 14:11:04 
26-Apr-19, 14:11:05 
26-Apr-19, 14:11:09 
26-Apr-19, 14:11:10 
26-Apr-19, 14:11:19 
26-Apr-19, 14:11:20 
26-Apr-19, 14:11:24 
26-Apr-19, 14:11:25 
26-Apr-19, 14:11:29 
26-Apr-19, 14:11:30 
26-Apr-19, 14:11:35 
26-Apr-19, 14:11:39 
26-Apr-19, 14:11:40 
26-Apr-19, 14:11:44 
26-Apr-19, 14:11:45 
26-Apr-19, 14:11:49 
26-Apr-19, 14:11:50 
26-Apr-19, 14:11:54 
26-Apr-19, 14:11:55 
26-Apr-19, 14:12:00 
26-Apr-19, 14:12:04 
26-Apr-19, 14:12:06 
26-Apr-19, 14:12:09 
26-Apr-19, 14:12:11 
26-Apr-19, 14:12:19 
26-Apr-19, 14:12:21 
26-Apr-19, 14:12:24 
26-Apr-19, 14:12:26 
26-Apr-19, 14:12:29 
26-Apr-19, 14:12:31 
26-Apr-19, 14:12:34 
26-Apr-19, 14:12:36 
26-Apr-19, 14:12:39 
26-Apr-19, 14:12:41 
26-Apr-19, 14:12:44 
26-Apr-19, 14:12:46 
26-Apr-19, 14:12:49 
26-Apr-19, 14:12:51 
26-Apr-19, 14:12:54 
26-Apr-19, 14:12:56 
26-Apr-19, 14:12:59 
26-Apr-19, 14:13:01 
26-Apr-19, 14:13:04 
26-Apr-19, 14:13:06 
26-Apr-19, 14:13:09 
26-Apr-19, 14:13:11 
26-Apr-19, 14:13:19 
26-Apr-19, 14:13:21 
26-Apr-19, 14:13:24 
26-Apr-19, 14:13:26 
26-Apr-19, 14:13:29 
26-Apr-19, 14:13:31 
26-Apr-19, 14:13:34 
26-Apr-19, 14:13:36 
26-Apr-19, 14:13:41 
26-Apr-19, 14:13:44 
26-Apr-19, 14:13:46 
26-Apr-19, 14:13:49 
26-Apr-19, 14:13:51 
26-Apr-19, 14:13:54 
26-Apr-19, 14:13:56 
26-Apr-19, 14:13:59 
26-Apr-19, 14:14:01 
26-Apr-19, 14:14:04 
26-Apr-19, 14:14:06 
26-Apr-19, 14:14:09 
26-Apr-19, 14:14:11 
26-Apr-19, 14:14:16 
26-Apr-19, 14:14:19 
26-Apr-19, 14:14:21 
26-Apr-19, 14:14:24 
26-Apr-19, 14:14:26 
26-Apr-19, 14:14:29 
26-Apr-19, 14:14:31 
26-Apr-19, 14:14:34 
26-Apr-19, 14:14:36 
26-Apr-19, 14:14:39 
26-Apr-19, 14:14:41 
26-Apr-19, 14:14:44 
26-Apr-19, 14:14:46 
26-Apr-19, 14:14:49 
26-Apr-19, 14:14:51 
26-Apr-19, 14:14:54 
26-Apr-19, 14:14:56 
26-Apr-19, 14:14:59 
26-Apr-19, 14:15:01 
26-Apr-19, 14:15:04 
26-Apr-19, 14:15:06 
26-Apr-19, 14:15:11 
26-Apr-19, 14:15:16 
26-Apr-19, 14:15:19 
26-Apr-19, 14:15:21 
26-Apr-19, 14:15:24 
26-Apr-19, 14:15:26 
26-Apr-19, 14:15:29 
26-Apr-19, 14:15:31 
26-Apr-19, 14:15:34 
26-Apr-19, 14:15:36 
26-Apr-19, 14:15:39 
26-Apr-19, 14:15:41 
26-Apr-19, 14:15:44 
26-Apr-19, 14:15:46 
26-Apr-19, 14:15:51 
26-Apr-19, 14:15:54 
26-Apr-19, 14:15:56 
26-Apr-19, 14:16:01 
26-Apr-19, 14:16:04 
26-Apr-19, 14:16:06 
26-Apr-19, 14:16:09 
26-Apr-19, 14:16:11 
26-Apr-19, 14:16:19 
26-Apr-19, 14:16:21 
26-Apr-19, 14:16:24 
26-Apr-19, 14:16:26 
26-Apr-19, 14:16:29 
26-Apr-19, 14:16:31 
26-Apr-19, 14:16:34 
26-Apr-19, 14:16:36 
26-Apr-19, 14:16:39 
26-Apr-19, 14:16:41 
26-Apr-19, 14:16:44 
26-Apr-19, 14:16:46 
26-Apr-19, 14:16:49 
26-Apr-19, 14:16:51 
26-Apr-19, 14:16:54 
26-Apr-19, 14:16:56 
26-Apr-19, 14:16:59 
26-Apr-19, 14:17:01 
26-Apr-19, 14:17:04 
26-Apr-19, 14:17:06 
26-Apr-19, 14:17:09 
26-Apr-19, 14:17:11 
26-Apr-19, 14:17:16 
26-Apr-19, 14:17:20 
26-Apr-19, 14:17:21 
26-Apr-19, 14:17:25 
26-Apr-19, 14:17:26 
26-Apr-19, 14:17:30 
26-Apr-19, 14:17:31 
26-Apr-19, 14:17:35 
26-Apr-19, 14:17:36 
26-Apr-19, 14:17:40 
26-Apr-19, 14:17:41 
26-Apr-19, 14:17:45 
26-Apr-19, 14:17:47 
26-Apr-19, 14:17:50 
26-Apr-19, 14:17:52 
26-Apr-19, 14:17:57 
26-Apr-19, 14:18:00 
26-Apr-19, 14:18:07 
26-Apr-19, 14:18:10 
26-Apr-19, 14:18:20 
26-Apr-19, 14:18:22 
26-Apr-19, 14:18:25 
26-Apr-19, 14:18:27 
26-Apr-19, 14:18:30 
26-Apr-19, 14:18:32 
26-Apr-19, 14:18:35 
26-Apr-19, 14:18:37 
26-Apr-19, 14:18:40 
26-Apr-19, 14:18:42 
26-Apr-19, 14:18:45 
26-Apr-19, 14:18:47 
26-Apr-19, 14:18:50 
26-Apr-19, 14:18:52 
26-Apr-19, 14:18:55 
26-Apr-19, 14:18:57 
26-Apr-19, 14:19:00 
26-Apr-19, 14:19:02 
26-Apr-19, 14:19:05 
26-Apr-19, 14:19:07 
26-Apr-19, 14:19:10 
26-Apr-19, 14:19:20 
26-Apr-19, 14:19:22 
26-Apr-19, 14:19:25 
26-Apr-19, 14:19:27 
26-Apr-19, 14:19:30 
26-Apr-19, 14:19:32 
26-Apr-19, 14:19:35 
26-Apr-19, 14:19:37 
26-Apr-19, 14:19:40 
26-Apr-19, 14:19:42 
26-Apr-19, 14:19:47 
26-Apr-19, 14:19:50 
26-Apr-19, 14:19:52 
26-Apr-19, 14:19:55 
26-Apr-19, 14:19:57 
26-Apr-19, 14:20:00 
26-Apr-19, 14:20:02 
26-Apr-19, 14:20:05 
26-Apr-19, 14:20:07 
26-Apr-19, 14:20:10 
26-Apr-19, 14:20:20 
26-Apr-19, 14:20:22 
26-Apr-19, 14:20:25 
26-Apr-19, 14:20:27 
26-Apr-19, 14:20:30 
26-Apr-19, 14:20:32 
26-Apr-19, 14:20:35 
26-Apr-19, 14:20:37 
26-Apr-19, 14:20:40 
26-Apr-19, 14:20:42 
26-Apr-19, 14:20:45 
26-Apr-19, 14:20:47 
26-Apr-19, 14:20:50 
26-Apr-19, 14:20:52 
26-Apr-19, 14:20:55 
26-Apr-19, 14:20:57 
26-Apr-19, 14:21:00 
26-Apr-19, 14:21:02 
26-Apr-19, 14:21:05 
26-Apr-19, 14:21:07 
26-Apr-19, 14:21:11 
26-Apr-19, 14:21:21 
26-Apr-19, 14:21:22 
26-Apr-19, 14:21:26 
26-Apr-19, 14:21:27 
26-Apr-19, 14:21:31 
26-Apr-19, 14:21:32 
26-Apr-19, 14:21:36 
26-Apr-19, 14:21:37 
26-Apr-19, 14:21:41 
26-Apr-19, 14:21:42 
26-Apr-19, 14:21:46 
26-Apr-19, 14:21:47 
26-Apr-19, 14:21:51 
26-Apr-19, 14:21:56 
26-Apr-19, 14:21:57 
26-Apr-19, 14:22:01 
26-Apr-19, 14:22:02 
26-Apr-19, 14:22:06 
26-Apr-19, 14:22:07 
26-Apr-19, 14:22:11 
26-Apr-19, 14:22:21 
26-Apr-19, 14:22:23 
26-Apr-19, 14:22:26 
26-Apr-19, 14:22:28 
26-Apr-19, 14:22:31 
26-Apr-19, 14:22:33 
26-Apr-19, 14:22:36 
26-Apr-19, 14:22:38 
26-Apr-19, 14:22:41 
26-Apr-19, 14:22:43 
26-Apr-19, 14:22:46 
26-Apr-19, 14:22:48 
26-Apr-19, 14:22:51 
26-Apr-19, 14:22:53 
26-Apr-19, 14:22:56 
26-Apr-19, 14:22:58 
26-Apr-19, 14:23:01 
26-Apr-19, 14:23:03 
26-Apr-19, 14:23:06 
26-Apr-19, 14:23:08 
26-Apr-19, 14:23:11 
26-Apr-19, 14:23:13 
26-Apr-19, 14:23:21 
26-Apr-19, 14:23:23 
26-Apr-19, 14:23:26 
26-Apr-19, 14:23:28 
26-Apr-19, 14:23:31 
26-Apr-19, 14:23:33 
26-Apr-19, 14:23:36 
26-Apr-19, 14:23:38 
26-Apr-19, 14:23:41 
26-Apr-19, 14:23:43 
26-Apr-19, 14:23:46 
26-Apr-19, 14:23:48 
26-Apr-19, 14:23:51 
26-Apr-19, 14:23:53 
26-Apr-19, 14:23:56 
26-Apr-19, 14:23:58 
26-Apr-19, 14:24:01 
26-Apr-19, 14:24:03 
26-Apr-19, 14:24:06 
26-Apr-19, 14:24:08 
26-Apr-19, 14:24:11 
26-Apr-19, 14:24:16 
26-Apr-19, 14:24:18 
26-Apr-19, 14:24:21 
26-Apr-19, 14:24:23 
26-Apr-19, 14:24:26 
26-Apr-19, 14:24:28 
26-Apr-19, 14:24:31 
26-Apr-19, 14:24:33 
26-Apr-19, 14:24:36 
26-Apr-19, 14:24:38 
26-Apr-19, 14:24:41 
26-Apr-19, 14:24:43 
26-Apr-19, 14:24:46 
26-Apr-19, 14:24:48 
26-Apr-19, 14:24:51 
26-Apr-19, 14:24:53 
26-Apr-19, 14:24:56 
26-Apr-19, 14:24:58 
26-Apr-19, 14:25:01 
26-Apr-19, 14:25:03 
26-Apr-19, 14:25:08 
26-Apr-19, 14:25:11 
26-Apr-19, 14:25:13 
26-Apr-19, 14:25:18 
26-Apr-19, 14:25:21 
26-Apr-19, 14:25:23 
26-Apr-19, 14:25:26 
26-Apr-19, 14:25:28 
26-Apr-19, 14:25:32 
26-Apr-19, 14:25:33 
26-Apr-19, 14:25:37 
26-Apr-19, 14:25:38 
26-Apr-19, 14:25:42 
26-Apr-19, 14:25:43 
26-Apr-19, 14:25:47 
26-Apr-19, 14:25:49 
26-Apr-19, 14:25:52 
26-Apr-19, 14:25:54 
26-Apr-19, 14:25:57 
26-Apr-19, 14:25:59 
26-Apr-19, 14:26:02 
26-Apr-19, 14:26:04 
26-Apr-19, 14:26:07 
26-Apr-19, 14:26:09 
26-Apr-19, 14:26:22 
26-Apr-19, 14:26:24 
26-Apr-19, 14:26:27 
26-Apr-19, 14:26:29 
26-Apr-19, 14:26:32 
26-Apr-19, 14:26:34 
26-Apr-19, 14:26:37 
26-Apr-19, 14:26:39 
26-Apr-19, 14:26:42 
26-Apr-19, 14:26:44 
26-Apr-19, 14:26:47 
26-Apr-19, 14:26:49 
26-Apr-19, 14:26:52 
26-Apr-19, 14:26:54 
26-Apr-19, 14:26:57 
26-Apr-19, 14:26:59 
26-Apr-19, 14:27:02 
26-Apr-19, 14:27:04 
26-Apr-19, 14:27:07 
26-Apr-19, 14:27:09 
26-Apr-19, 14:27:19 
26-Apr-19, 14:27:22 
26-Apr-19, 14:27:24 
26-Apr-19, 14:27:27 
26-Apr-19, 14:27:32 
26-Apr-19, 14:27:34 
26-Apr-19, 14:27:37 
26-Apr-19, 14:27:39 
26-Apr-19, 14:27:42 
26-Apr-19, 14:27:44 
26-Apr-19, 14:27:47 
26-Apr-19, 14:27:49 
26-Apr-19, 14:27:52 
26-Apr-19, 14:27:54 
26-Apr-19, 14:27:57 
26-Apr-19, 14:27:59 
26-Apr-19, 14:28:02 
26-Apr-19, 14:28:04 
26-Apr-19, 14:28:07 
26-Apr-19, 14:28:09 
26-Apr-19, 14:28:19 
26-Apr-19, 14:28:22 
26-Apr-19, 14:28:24 
26-Apr-19, 14:28:27 
26-Apr-19, 14:28:32 
26-Apr-19, 14:28:34 
26-Apr-19, 14:28:37 
26-Apr-19, 14:28:39 
26-Apr-19, 14:28:42 
26-Apr-19, 14:28:44 
26-Apr-19, 14:28:47 
26-Apr-19, 14:28:49 
26-Apr-19, 14:28:52 
26-Apr-19, 14:28:54 
26-Apr-19, 14:28:57 
26-Apr-19, 14:28:59 
26-Apr-19, 14:29:02 
26-Apr-19, 14:29:04 
26-Apr-19, 14:29:07 
26-Apr-19, 14:29:09 
26-Apr-19, 14:29:19 
26-Apr-19, 14:29:22 
26-Apr-19, 14:29:24 
26-Apr-19, 14:29:27 
26-Apr-19, 14:29:29 
26-Apr-19, 14:29:32 
26-Apr-19, 14:29:34 
26-Apr-19, 14:29:37 
26-Apr-19, 14:29:39 
26-Apr-19, 14:29:42 
26-Apr-19, 14:29:44 
26-Apr-19, 14:29:47 
26-Apr-19, 14:29:49 
26-Apr-19, 14:29:52 
26-Apr-19, 14:29:54 
26-Apr-19, 14:29:57 
26-Apr-19, 14:29:59 
26-Apr-19, 14:30:02 
26-Apr-19, 14:30:04 
26-Apr-19, 14:30:07 
26-Apr-19, 14:30:09 
26-Apr-19, 14:30:19 
26-Apr-19, 14:30:22 
26-Apr-19, 14:30:24 
26-Apr-19, 14:30:27 
26-Apr-19, 14:30:29 
26-Apr-19, 14:30:32 
26-Apr-19, 14:30:34 
26-Apr-19, 14:30:37 
26-Apr-19, 14:30:39 
26-Apr-19, 14:30:42 
26-Apr-19, 14:30:44 
26-Apr-19, 14:30:47 
26-Apr-19, 14:30:49 
26-Apr-19, 14:30:52 
26-Apr-19, 14:30:54 
26-Apr-19, 14:30:57 
26-Apr-19, 14:30:59 
26-Apr-19, 14:31:02 
26-Apr-19, 14:31:04 
26-Apr-19, 14:31:07 
26-Apr-19, 14:31:09 
26-Apr-19, 14:31:17 
26-Apr-19, 14:31:19 
26-Apr-19, 14:31:22 
26-Apr-19, 14:31:24 
26-Apr-19, 14:31:27 
26-Apr-19, 14:31:29 
26-Apr-19, 14:31:32 
26-Apr-19, 14:31:34 
26-Apr-19, 14:31:37 
26-Apr-19, 14:31:39 
26-Apr-19, 14:31:42 
26-Apr-19, 14:31:44 
26-Apr-19, 14:31:47 
26-Apr-19, 14:31:49 
26-Apr-19, 14:31:52 
26-Apr-19, 14:31:54 
26-Apr-19, 14:31:57 
26-Apr-19, 14:31:59 
26-Apr-19, 14:32:02 
26-Apr-19, 14:32:04 
26-Apr-19, 14:32:07 
26-Apr-19, 14:32:09 
26-Apr-19, 14:32:19 
26-Apr-19, 14:32:22 
26-Apr-19, 14:32:24 
26-Apr-19, 14:32:27 
26-Apr-19, 14:32:29 
26-Apr-19, 14:32:32 
26-Apr-19, 14:32:34 
26-Apr-19, 14:32:37 
26-Apr-19, 14:32:39 
26-Apr-19, 14:32:42 
26-Apr-19, 14:32:44 
26-Apr-19, 14:32:47 
26-Apr-19, 14:32:49 
26-Apr-19, 14:32:52 
26-Apr-19, 14:32:54 
26-Apr-19, 14:32:57 
26-Apr-19, 14:32:59 
26-Apr-19, 14:33:02 
26-Apr-19, 14:33:04 
26-Apr-19, 14:33:07 
26-Apr-19, 14:33:09 
26-Apr-19, 14:33:19 
26-Apr-19, 14:33:22 
26-Apr-19, 14:33:24 
26-Apr-19, 14:33:27 
26-Apr-19, 14:33:29 
26-Apr-19, 14:33:33 
26-Apr-19, 14:33:34 
26-Apr-19, 14:33:38 
26-Apr-19, 14:33:39 
26-Apr-19, 14:33:43 
26-Apr-19, 14:33:44 
26-Apr-19, 14:33:48 
26-Apr-19, 14:33:49 
26-Apr-19, 14:33:53 
26-Apr-19, 14:33:54 
26-Apr-19, 14:33:58 
26-Apr-19, 14:33:59 
26-Apr-19, 14:34:03 
26-Apr-19, 14:34:08 
26-Apr-19, 14:34:09 
26-Apr-19, 14:34:13 
26-Apr-19, 14:34:19 
26-Apr-19, 14:34:23 
26-Apr-19, 14:34:24 
26-Apr-19, 14:34:28 
26-Apr-19, 14:34:29 
26-Apr-19, 14:34:33 
26-Apr-19, 14:34:34 
26-Apr-19, 14:34:38 
26-Apr-19, 14:34:39 
26-Apr-19, 14:34:43 
26-Apr-19, 14:34:44 
26-Apr-19, 14:34:48 
26-Apr-19, 14:34:49 
26-Apr-19, 14:34:53 
26-Apr-19, 14:34:54 
26-Apr-19, 14:34:58 
26-Apr-19, 14:34:59 
26-Apr-19, 14:35:03 
26-Apr-19, 14:35:04 
26-Apr-19, 14:35:08 
26-Apr-19, 14:35:09 
26-Apr-19, 14:35:18 
26-Apr-19, 14:35:19 
26-Apr-19, 14:35:24 
26-Apr-19, 14:35:28 
26-Apr-19, 14:35:29 
26-Apr-19, 14:35:33 
26-Apr-19, 14:35:34 
26-Apr-19, 14:35:38 
26-Apr-19, 14:35:39 
26-Apr-19, 14:35:43 
26-Apr-19, 14:35:44 
26-Apr-19, 14:35:48 
26-Apr-19, 14:35:53 
26-Apr-19, 14:35:54 
26-Apr-19, 14:35:58 
26-Apr-19, 14:35:59 
26-Apr-19, 14:36:03 
26-Apr-19, 14:36:04 
26-Apr-19, 14:36:08 
26-Apr-19, 14:36:09 
26-Apr-19, 14:36:19 
26-Apr-19, 14:36:23 
26-Apr-19, 14:36:24 
26-Apr-19, 14:36:28 
26-Apr-19, 14:36:29 
26-Apr-19, 14:36:33 
26-Apr-19, 14:36:34 
26-Apr-19, 14:36:38 
26-Apr-19, 14:36:39 
26-Apr-19, 14:36:43 
26-Apr-19, 14:36:44 
26-Apr-19, 14:36:48 
26-Apr-19, 14:36:49 
26-Apr-19, 14:36:54 
26-Apr-19, 14:36:58 
26-Apr-19, 14:36:59 
26-Apr-19, 14:37:03 
26-Apr-19, 14:37:04 
26-Apr-19, 14:37:08 
26-Apr-19, 14:37:09 
26-Apr-19, 14:37:13 
26-Apr-19, 14:37:18 
26-Apr-19, 14:37:19 
26-Apr-19, 14:37:23 
26-Apr-19, 14:37:24 
26-Apr-19, 14:37:28 
26-Apr-19, 14:37:29 
26-Apr-19, 14:37:33 
26-Apr-19, 14:37:34 
26-Apr-19, 14:37:38 
26-Apr-19, 14:37:39 
26-Apr-19, 14:37:43 
26-Apr-19, 14:37:44 
26-Apr-19, 14:37:48 
26-Apr-19, 14:37:49 
26-Apr-19, 14:37:53 
26-Apr-19, 14:37:54 
26-Apr-19, 14:37:58 
26-Apr-19, 14:37:59 
26-Apr-19, 14:38:04 
26-Apr-19, 14:38:09 
26-Apr-19, 14:38:18 
26-Apr-19, 14:38:19 
26-Apr-19, 14:38:23 
26-Apr-19, 14:38:24 
26-Apr-19, 14:38:28 
26-Apr-19, 14:38:29 
26-Apr-19, 14:38:33 
26-Apr-19, 14:38:34 
26-Apr-19, 14:38:38 
26-Apr-19, 14:38:39 
26-Apr-19, 14:38:43 
26-Apr-19, 14:38:44 
26-Apr-19, 14:38:48 
26-Apr-19, 14:38:49 
26-Apr-19, 14:38:53 
26-Apr-19, 14:38:54 
26-Apr-19, 14:38:58 
26-Apr-19, 14:38:59 
26-Apr-19, 14:39:04 
26-Apr-19, 14:39:08 
26-Apr-19, 14:39:09 
26-Apr-19, 14:39:13 
26-Apr-19, 14:39:19 
26-Apr-19, 14:39:23 
26-Apr-19, 14:39:24 
26-Apr-19, 14:39:28 
26-Apr-19, 14:39:29 
26-Apr-19, 14:39:33 
26-Apr-19, 14:39:34 
26-Apr-19, 14:39:38 
26-Apr-19, 14:39:39 
26-Apr-19, 14:39:43 
26-Apr-19, 14:39:44 
26-Apr-19, 14:39:48 
26-Apr-19, 14:39:49 
26-Apr-19, 14:39:53 
26-Apr-19, 14:39:54 
26-Apr-19, 14:39:58 
26-Apr-19, 14:39:59 
26-Apr-19, 14:40:03 
26-Apr-19, 14:40:04 
26-Apr-19, 14:40:09 
26-Apr-19, 14:40:18 
26-Apr-19, 14:40:19 
26-Apr-19, 14:40:23 
26-Apr-19, 14:40:24 
26-Apr-19, 14:40:28 
26-Apr-19, 14:40:29 
26-Apr-19, 14:40:33 
26-Apr-19, 14:40:34 
26-Apr-19, 14:40:38 
26-Apr-19, 14:40:39 
26-Apr-19, 14:40:43 
26-Apr-19, 14:40:44 
26-Apr-19, 14:40:48 
26-Apr-19, 14:40:49 
26-Apr-19, 14:40:53 
26-Apr-19, 14:40:54 
26-Apr-19, 14:40:58 
26-Apr-19, 14:40:59 
26-Apr-19, 14:41:03 
26-Apr-19, 14:41:04 
26-Apr-19, 14:41:08 
26-Apr-19, 14:41:09 
26-Apr-19, 14:41:19 
26-Apr-19, 14:41:23 
26-Apr-19, 14:41:24 
26-Apr-19, 14:41:28 
26-Apr-19, 14:41:29 
26-Apr-19, 14:41:33 
26-Apr-19, 14:41:34 
26-Apr-19, 14:41:38 
26-Apr-19, 14:41:39 
26-Apr-19, 14:41:43 
26-Apr-19, 14:41:44 
26-Apr-19, 14:41:48 
26-Apr-19, 14:41:49 
26-Apr-19, 14:41:58 
26-Apr-19, 14:41:59 
26-Apr-19, 14:42:03 
26-Apr-19, 14:42:04 
26-Apr-19, 14:42:08 
26-Apr-19, 14:42:09 
26-Apr-19, 14:42:18 
26-Apr-19, 14:42:20 
26-Apr-19, 14:42:28 
26-Apr-19, 14:42:30 
26-Apr-19, 14:42:33 
26-Apr-19, 14:42:35 
26-Apr-19, 14:42:38 
26-Apr-19, 14:42:40 
26-Apr-19, 14:42:43 
26-Apr-19, 14:42:45 
26-Apr-19, 14:42:48 
26-Apr-19, 14:42:50 
26-Apr-19, 14:42:53 
26-Apr-19, 14:42:55 
26-Apr-19, 14:42:58 
26-Apr-19, 14:43:00 
26-Apr-19, 14:43:03 
26-Apr-19, 14:43:05 
26-Apr-19, 14:43:08 
26-Apr-19, 14:43:10 
26-Apr-19, 14:43:18 
26-Apr-19, 14:43:20 
26-Apr-19, 14:43:23 
26-Apr-19, 14:43:25 
26-Apr-19, 14:43:28 
26-Apr-19, 14:43:30 
26-Apr-19, 14:43:33 
26-Apr-19, 14:43:35 
26-Apr-19, 14:43:38 
26-Apr-19, 14:43:40 
26-Apr-19, 14:43:43 
26-Apr-19, 14:43:45 
26-Apr-19, 14:43:48 
26-Apr-19, 14:43:50 
26-Apr-19, 14:43:53 
26-Apr-19, 14:43:55 
26-Apr-19, 14:43:58 
26-Apr-19, 14:44:00 
26-Apr-19, 14:44:03 
26-Apr-19, 14:44:05 
26-Apr-19, 14:44:08 
26-Apr-19, 14:44:10 
26-Apr-19, 14:44:13 
26-Apr-19, 14:44:18 
26-Apr-19, 14:44:20 
26-Apr-19, 14:44:23 
26-Apr-19, 14:44:25 
26-Apr-19, 14:44:28 
26-Apr-19, 14:44:30 
26-Apr-19, 14:44:33 
26-Apr-19, 14:44:35 
26-Apr-19, 14:44:38 
26-Apr-19, 14:44:40 
26-Apr-19, 14:44:43 
26-Apr-19, 14:44:45 
26-Apr-19, 14:44:48 
26-Apr-19, 14:44:50 
26-Apr-19, 14:44:53 
26-Apr-19, 14:44:55 
26-Apr-19, 14:44:58 
26-Apr-19, 14:45:00 
26-Apr-19, 14:45:03 
26-Apr-19, 14:45:05 
26-Apr-19, 14:45:08 
26-Apr-19, 14:45:10 
26-Apr-19, 14:45:18 
26-Apr-19, 14:45:20 
26-Apr-19, 14:45:23 
26-Apr-19, 14:45:25 
26-Apr-19, 14:45:28 
26-Apr-19, 14:45:30 
26-Apr-19, 14:45:33 
26-Apr-19, 14:45:35 
26-Apr-19, 14:45:38 
26-Apr-19, 14:45:40 
26-Apr-19, 14:45:43 
26-Apr-19, 14:45:45 
26-Apr-19, 14:45:48 
26-Apr-19, 14:45:50 
26-Apr-19, 14:45:53 
26-Apr-19, 14:45:55 
26-Apr-19, 14:45:58 
26-Apr-19, 14:46:00 
26-Apr-19, 14:46:03 
26-Apr-19, 14:46:05 
26-Apr-19, 14:46:08 
26-Apr-19, 14:46:10 
26-Apr-19, 14:46:18 
26-Apr-19, 14:46:20 
26-Apr-19, 14:46:23 
26-Apr-19, 14:46:25 
26-Apr-19, 14:46:28 
26-Apr-19, 14:46:30 
26-Apr-19, 14:46:33 
26-Apr-19, 14:46:35 
26-Apr-19, 14:46:38 
26-Apr-19, 14:46:40 
26-Apr-19, 14:46:43 
26-Apr-19, 14:46:45 
26-Apr-19, 14:46:48 
26-Apr-19, 14:46:50 
26-Apr-19, 14:46:53 
26-Apr-19, 14:46:55 
26-Apr-19, 14:46:58 
26-Apr-19, 14:47:00 
26-Apr-19, 14:47:03 
26-Apr-19, 14:47:05 
26-Apr-19, 14:47:08 
26-Apr-19, 14:47:10 
26-Apr-19, 14:47:20 
26-Apr-19, 14:47:23 
26-Apr-19, 14:47:25 
26-Apr-19, 14:47:28 
26-Apr-19, 14:47:30 
26-Apr-19, 14:47:33 
26-Apr-19, 14:47:35 
26-Apr-19, 14:47:38 
26-Apr-19, 14:47:40 
26-Apr-19, 14:47:43 
26-Apr-19, 14:47:45 
26-Apr-19, 14:47:48 
26-Apr-19, 14:47:50 
26-Apr-19, 14:47:53 
26-Apr-19, 14:47:55 
26-Apr-19, 14:47:58 
26-Apr-19, 14:48:00 
26-Apr-19, 14:48:03 
26-Apr-19, 14:48:05 
26-Apr-19, 14:48:08 
26-Apr-19, 14:48:10 
26-Apr-19, 14:48:13 
26-Apr-19, 14:48:20 
26-Apr-19, 14:48:23 
26-Apr-19, 14:48:25 
26-Apr-19, 14:48:28 
26-Apr-19, 14:48:30 
26-Apr-19, 14:48:33 
26-Apr-19, 14:48:35 
26-Apr-19, 14:48:38 
26-Apr-19, 14:48:40 
26-Apr-19, 14:48:43 
26-Apr-19, 14:48:45 
26-Apr-19, 14:48:48 
26-Apr-19, 14:48:50 
26-Apr-19, 14:48:53 
26-Apr-19, 14:48:55 
26-Apr-19, 14:48:58 
26-Apr-19, 14:49:00 
26-Apr-19, 14:49:05 
26-Apr-19, 14:49:08 
26-Apr-19, 14:49:10 
26-Apr-19, 14:49:18 
26-Apr-19, 14:49:20 
26-Apr-19, 14:49:23 
26-Apr-19, 14:49:25 
26-Apr-19, 14:49:28 
26-Apr-19, 14:49:30 
26-Apr-19, 14:49:33 
26-Apr-19, 14:49:35 
26-Apr-19, 14:49:38 
26-Apr-19, 14:49:40 
26-Apr-19, 14:49:43 
26-Apr-19, 14:49:45 
26-Apr-19, 14:49:48 
26-Apr-19, 14:49:50 
26-Apr-19, 14:49:53 
26-Apr-19, 14:49:55 
26-Apr-19, 14:49:58 
26-Apr-19, 14:50:00 
26-Apr-19, 14:50:03 
26-Apr-19, 14:50:05 
26-Apr-19, 14:50:08 
26-Apr-19, 14:50:10 
26-Apr-19, 14:50:13 
26-Apr-19, 14:50:20 
26-Apr-19, 14:50:23 
26-Apr-19, 14:50:28 
26-Apr-19, 14:50:30 
26-Apr-19, 14:50:33 
26-Apr-19, 14:50:35 
26-Apr-19, 14:50:38 
26-Apr-19, 14:50:40 
26-Apr-19, 14:50:43 
26-Apr-19, 14:50:45 
26-Apr-19, 14:50:48 
26-Apr-19, 14:50:50 
26-Apr-19, 14:50:53 
26-Apr-19, 14:50:55 
26-Apr-19, 14:50:58 
26-Apr-19, 14:51:00 
26-Apr-19, 14:51:03 
26-Apr-19, 14:51:05 
26-Apr-19, 14:51:08 
26-Apr-19, 14:51:10 
26-Apr-19, 14:51:20 
26-Apr-19, 14:51:23 
26-Apr-19, 14:51:25 
26-Apr-19, 14:51:28 
26-Apr-19, 14:51:30 
26-Apr-19, 14:51:33 
26-Apr-19, 14:51:35 
26-Apr-19, 14:51:38 
26-Apr-19, 14:51:40 
26-Apr-19, 14:51:43 
26-Apr-19, 14:51:45 
26-Apr-19, 14:51:48 
26-Apr-19, 14:51:50 
26-Apr-19, 14:51:53 
26-Apr-19, 14:51:55 
26-Apr-19, 14:51:58 
26-Apr-19, 14:52:00 
26-Apr-19, 14:52:03 
26-Apr-19, 14:52:05 
26-Apr-19, 14:52:08 
26-Apr-19, 14:52:10 
26-Apr-19, 14:52:20 
26-Apr-19, 14:52:23 
26-Apr-19, 14:52:25 
26-Apr-19, 14:52:28 
26-Apr-19, 14:52:30 
26-Apr-19, 14:52:33 
26-Apr-19, 14:52:35 
26-Apr-19, 14:52:38 
26-Apr-19, 14:52:40 
26-Apr-19, 14:52:43 
26-Apr-19, 14:52:45 
26-Apr-19, 14:52:48 
26-Apr-19, 14:52:50 
26-Apr-19, 14:52:53 
26-Apr-19, 14:52:55 
26-Apr-19, 14:52:58 
26-Apr-19, 14:53:00 
26-Apr-19, 14:53:03 
26-Apr-19, 14:53:05 
26-Apr-19, 14:53:08 
26-Apr-19, 14:53:10 
26-Apr-19, 14:53:13 
26-Apr-19, 14:53:18 
26-Apr-19, 14:53:20 
26-Apr-19, 14:53:23 
26-Apr-19, 14:53:25 
26-Apr-19, 14:53:28 
26-Apr-19, 14:53:30 
26-Apr-19, 14:53:33 
26-Apr-19, 14:53:35 
26-Apr-19, 14:53:38 
26-Apr-19, 14:53:40 
26-Apr-19, 14:53:43 
26-Apr-19, 14:53:45 
26-Apr-19, 14:53:48 
26-Apr-19, 14:53:50 
26-Apr-19, 14:53:53 
26-Apr-19, 14:53:55 
26-Apr-19, 14:53:58 
26-Apr-19, 14:54:00 
26-Apr-19, 14:54:03 
26-Apr-19, 14:54:05 
26-Apr-19, 14:54:08 
26-Apr-19, 14:54:10 
26-Apr-19, 14:54:18 
26-Apr-19, 14:54:20 
26-Apr-19, 14:54:23 
26-Apr-19, 14:54:25 
26-Apr-19, 14:54:28 
26-Apr-19, 14:54:30 
26-Apr-19, 14:54:33 
26-Apr-19, 14:54:35 
26-Apr-19, 14:54:38 
26-Apr-19, 14:54:40 
26-Apr-19, 14:54:43 
26-Apr-19, 14:54:45 
26-Apr-19, 14:54:48 
26-Apr-19, 14:54:50 
26-Apr-19, 14:54:53 
26-Apr-19, 14:54:58 
26-Apr-19, 14:55:00 
26-Apr-19, 14:55:03 
26-Apr-19, 14:55:05 
26-Apr-19, 14:55:08 
26-Apr-19, 14:55:10 
26-Apr-19, 14:55:13 
26-Apr-19, 14:55:18 
26-Apr-19, 14:55:20 
26-Apr-19, 14:55:23 
26-Apr-19, 14:55:25 
26-Apr-19, 14:55:28 
26-Apr-19, 14:55:30 
26-Apr-19, 14:55:33 
26-Apr-19, 14:55:35 
26-Apr-19, 14:55:38 
26-Apr-19, 14:55:40 
26-Apr-19, 14:55:43 
26-Apr-19, 14:55:45 
26-Apr-19, 14:55:48 
26-Apr-19, 14:55:50 
26-Apr-19, 14:55:53 
26-Apr-19, 14:55:55 
26-Apr-19, 14:55:58 
26-Apr-19, 14:56:00 
26-Apr-19, 14:56:03 
26-Apr-19, 14:56:05 
26-Apr-19, 14:56:08 
26-Apr-19, 14:56:10 
26-Apr-19, 14:56:15 
26-Apr-19, 14:56:20 
26-Apr-19, 14:56:23 
26-Apr-19, 14:56:25 
26-Apr-19, 14:56:28 
26-Apr-19, 14:56:33 
26-Apr-19, 14:56:35 
26-Apr-19, 14:56:38 
26-Apr-19, 14:56:40 
26-Apr-19, 14:56:43 
26-Apr-19, 14:56:45 
26-Apr-19, 14:56:48 
26-Apr-19, 14:56:50 
26-Apr-19, 14:56:53 
26-Apr-19, 14:56:55 
26-Apr-19, 14:56:58 
26-Apr-19, 14:57:00 
26-Apr-19, 14:57:03 
26-Apr-19, 14:57:05 
26-Apr-19, 14:57:08 
26-Apr-19, 14:57:10 
26-Apr-19, 14:57:18 
26-Apr-19, 14:57:20 
26-Apr-19, 14:57:23 
26-Apr-19, 14:57:25 
26-Apr-19, 14:57:28 
26-Apr-19, 14:57:30 
26-Apr-19, 14:57:35 
26-Apr-19, 14:57:38 
26-Apr-19, 14:57:40 
26-Apr-19, 14:57:43 
26-Apr-19, 14:57:45 
26-Apr-19, 14:57:48 
26-Apr-19, 14:57:50 
26-Apr-19, 14:57:53 
26-Apr-19, 14:57:55 
26-Apr-19, 14:57:58 
26-Apr-19, 14:58:00 
26-Apr-19, 14:58:03 
26-Apr-19, 14:58:05 
26-Apr-19, 14:58:10 
26-Apr-19, 14:58:18 
26-Apr-19, 14:58:20 
26-Apr-19, 14:58:23 
26-Apr-19, 14:58:25 
26-Apr-19, 14:58:28 
26-Apr-19, 14:58:30 
26-Apr-19, 14:58:33 
26-Apr-19, 14:58:35 
26-Apr-19, 14:58:38 
26-Apr-19, 14:58:40 
26-Apr-19, 14:58:43 
26-Apr-19, 14:58:45 
26-Apr-19, 14:58:48 
26-Apr-19, 14:58:50 
26-Apr-19, 14:58:53 
26-Apr-19, 14:58:55 
26-Apr-19, 14:58:58 
26-Apr-19, 14:59:00 
26-Apr-19, 14:59:03 
26-Apr-19, 14:59:05 
26-Apr-19, 14:59:08 
26-Apr-19, 14:59:10 
26-Apr-19, 14:59:19 
26-Apr-19, 14:59:20 
26-Apr-19, 14:59:30 
26-Apr-19, 14:59:34 
26-Apr-19, 14:59:35 
26-Apr-19, 14:59:39 
26-Apr-19, 14:59:40 
26-Apr-19, 14:59:44 
26-Apr-19, 14:59:45 
26-Apr-19, 14:59:49 
26-Apr-19, 14:59:50 
26-Apr-19, 14:59:54 
26-Apr-19, 14:59:55 
26-Apr-19, 14:59:59 
26-Apr-19, 15:00:00 
26-Apr-19, 15:00:04 
26-Apr-19, 15:00:05 
26-Apr-19, 15:00:09 
26-Apr-19, 15:00:10 
26-Apr-19, 15:00:19 
26-Apr-19, 15:00:20 
26-Apr-19, 15:00:24 
26-Apr-19, 15:00:25 
26-Apr-19, 15:00:29 
26-Apr-19, 15:00:30 
26-Apr-19, 15:00:34 
26-Apr-19, 15:00:35 
26-Apr-19, 15:00:39 
26-Apr-19, 15:00:40 
26-Apr-19, 15:00:45 
26-Apr-19, 15:00:49 
26-Apr-19, 15:00:50 
26-Apr-19, 15:00:54 
26-Apr-19, 15:00:55 
26-Apr-19, 15:00:59 
26-Apr-19, 15:01:00 
26-Apr-19, 15:01:04 
26-Apr-19, 15:01:05 
26-Apr-19, 15:01:09 
26-Apr-19, 15:01:10 
26-Apr-19, 15:01:14 
26-Apr-19, 15:01:15 
26-Apr-19, 15:01:19 
26-Apr-19, 15:01:20 
26-Apr-19, 15:01:24 
26-Apr-19, 15:01:25 
26-Apr-19, 15:01:29 
26-Apr-19, 15:01:30 
26-Apr-19, 15:01:34 
26-Apr-19, 15:01:35 
26-Apr-19, 15:01:39 
26-Apr-19, 15:01:44 
26-Apr-19, 15:01:45 
26-Apr-19, 15:01:49 
26-Apr-19, 15:01:50 
26-Apr-19, 15:01:54 
26-Apr-19, 15:01:55 
26-Apr-19, 15:01:59 
26-Apr-19, 15:02:00 
26-Apr-19, 15:02:04 
26-Apr-19, 15:02:05 
26-Apr-19, 15:02:09 
26-Apr-19, 15:02:10 
26-Apr-19, 15:02:19 
26-Apr-19, 15:02:20 
26-Apr-19, 15:02:24 
26-Apr-19, 15:02:25 
26-Apr-19, 15:02:29 
26-Apr-19, 15:02:30 
26-Apr-19, 15:02:34 
26-Apr-19, 15:02:35 
26-Apr-19, 15:02:39 
26-Apr-19, 15:02:40 
26-Apr-19, 15:02:44 
26-Apr-19, 15:02:45 
26-Apr-19, 15:02:49 
26-Apr-19, 15:02:50 
26-Apr-19, 15:02:54 
26-Apr-19, 15:02:55 
26-Apr-19, 15:02:59 
26-Apr-19, 15:03:00 
26-Apr-19, 15:03:04 
26-Apr-19, 15:03:05 
26-Apr-19, 15:03:09 
26-Apr-19, 15:03:10 
26-Apr-19, 15:03:19 
26-Apr-19, 15:03:20 
26-Apr-19, 15:03:24 
26-Apr-19, 15:03:25 
26-Apr-19, 15:03:29 
26-Apr-19, 15:03:30 
26-Apr-19, 15:03:34 
26-Apr-19, 15:03:35 
26-Apr-19, 15:03:39 
26-Apr-19, 15:03:40 
26-Apr-19, 15:03:44 
26-Apr-19, 15:03:45 
26-Apr-19, 15:03:49 
26-Apr-19, 15:03:50 
26-Apr-19, 15:03:54 
26-Apr-19, 15:03:55 
26-Apr-19, 15:03:59 
26-Apr-19, 15:04:00 
26-Apr-19, 15:04:04 
26-Apr-19, 15:04:05 
26-Apr-19, 15:04:09 
26-Apr-19, 15:04:10 
26-Apr-19, 15:04:19 
26-Apr-19, 15:04:20 
26-Apr-19, 15:04:24 
26-Apr-19, 15:04:25 
26-Apr-19, 15:04:29 
26-Apr-19, 15:04:30 
26-Apr-19, 15:04:34 
26-Apr-19, 15:04:35 
26-Apr-19, 15:04:39 
26-Apr-19, 15:04:40 
26-Apr-19, 15:04:44 
26-Apr-19, 15:04:45 
26-Apr-19, 15:04:49 
26-Apr-19, 15:04:50 
26-Apr-19, 15:04:54 
26-Apr-19, 15:04:55 
26-Apr-19, 15:04:59 
26-Apr-19, 15:05:00 
26-Apr-19, 15:05:04 
26-Apr-19, 15:05:05 
26-Apr-19, 15:05:09 
26-Apr-19, 15:05:10 
26-Apr-19, 15:05:19 
26-Apr-19, 15:05:20 
26-Apr-19, 15:05:24 
26-Apr-19, 15:05:25 
26-Apr-19, 15:05:29 
26-Apr-19, 15:05:30 
26-Apr-19, 15:05:34 
26-Apr-19, 15:05:35 
26-Apr-19, 15:05:39 
26-Apr-19, 15:05:40 
26-Apr-19, 15:05:44 
26-Apr-19, 15:05:45 
26-Apr-19, 15:05:49 
26-Apr-19, 15:05:50 
26-Apr-19, 15:05:54 
26-Apr-19, 15:05:55 
26-Apr-19, 15:05:59 
26-Apr-19, 15:06:00 
26-Apr-19, 15:06:04 
26-Apr-19, 15:06:05 
26-Apr-19, 15:06:09 
26-Apr-19, 15:06:10 
26-Apr-19, 15:06:19 
26-Apr-19, 15:06:20 
26-Apr-19, 15:06:24 
26-Apr-19, 15:06:25 
26-Apr-19, 15:06:29 
26-Apr-19, 15:06:30 
26-Apr-19, 15:06:34 
26-Apr-19, 15:06:35 
26-Apr-19, 15:06:39 
26-Apr-19, 15:06:40 
26-Apr-19, 15:06:45 
26-Apr-19, 15:06:49 
26-Apr-19, 15:06:50 
26-Apr-19, 15:06:54 
26-Apr-19, 15:06:59 
26-Apr-19, 15:07:00 
26-Apr-19, 15:07:04 
26-Apr-19, 15:07:05 
26-Apr-19, 15:07:09 
26-Apr-19, 15:07:19 
26-Apr-19, 15:07:20 
26-Apr-19, 15:07:24 
26-Apr-19, 15:07:25 
26-Apr-19, 15:07:29 
26-Apr-19, 15:07:30 
26-Apr-19, 15:07:34 
26-Apr-19, 15:07:35 
26-Apr-19, 15:07:40 
26-Apr-19, 15:07:44 
26-Apr-19, 15:07:45 
26-Apr-19, 15:07:49 
26-Apr-19, 15:07:50 
26-Apr-19, 15:07:54 
26-Apr-19, 15:07:55 
26-Apr-19, 15:07:59 
26-Apr-19, 15:08:00 
26-Apr-19, 15:08:04 
26-Apr-19, 15:08:05 
26-Apr-19, 15:08:09 
26-Apr-19, 15:08:10 
26-Apr-19, 15:08:19 
26-Apr-19, 15:08:20 
26-Apr-19, 15:08:24 
26-Apr-19, 15:08:25 
26-Apr-19, 15:08:29 
26-Apr-19, 15:08:30 
26-Apr-19, 15:08:34 
26-Apr-19, 15:08:35 
26-Apr-19, 15:08:39 
26-Apr-19, 15:08:40 
26-Apr-19, 15:08:44 
26-Apr-19, 15:08:45 
26-Apr-19, 15:08:49 
26-Apr-19, 15:08:50 
26-Apr-19, 15:08:54 
26-Apr-19, 15:08:55 
26-Apr-19, 15:08:59 
26-Apr-19, 15:09:00 
26-Apr-19, 15:09:04 
26-Apr-19, 15:09:05 
26-Apr-19, 15:09:09 
26-Apr-19, 15:09:10 
26-Apr-19, 15:09:14 
26-Apr-19, 15:09:20 
26-Apr-19, 15:09:24 
26-Apr-19, 15:09:25 
26-Apr-19, 15:09:29 
26-Apr-19, 15:09:30 
26-Apr-19, 15:09:34 
26-Apr-19, 15:09:35 
26-Apr-19, 15:09:39 
26-Apr-19, 15:09:40 
26-Apr-19, 15:09:44 
26-Apr-19, 15:09:45 
26-Apr-19, 15:09:49 
26-Apr-19, 15:09:50 
26-Apr-19, 15:09:54 
26-Apr-19, 15:09:59 
26-Apr-19, 15:10:00 
26-Apr-19, 15:10:04 
26-Apr-19, 15:10:05 
26-Apr-19, 15:10:09 
26-Apr-19, 15:10:10 
26-Apr-19, 15:10:19 
26-Apr-19, 15:10:20 
26-Apr-19, 15:10:24 
26-Apr-19, 15:10:25 
26-Apr-19, 15:10:29 
26-Apr-19, 15:10:30 
26-Apr-19, 15:10:34 
26-Apr-19, 15:10:35 
26-Apr-19, 15:10:39 
26-Apr-19, 15:10:40 
26-Apr-19, 15:10:44 
26-Apr-19, 15:10:45 
26-Apr-19, 15:10:49 
26-Apr-19, 15:10:50 
26-Apr-19, 15:10:54 
26-Apr-19, 15:10:55 
26-Apr-19, 15:10:59 
26-Apr-19, 15:11:00 
26-Apr-19, 15:11:04 
26-Apr-19, 15:11:05 
26-Apr-19, 15:11:09 
26-Apr-19, 15:11:10 
26-Apr-19, 15:11:14 
26-Apr-19, 15:11:20 
26-Apr-19, 15:11:24 
26-Apr-19, 15:11:25 
26-Apr-19, 15:11:29 
26-Apr-19, 15:11:30 
26-Apr-19, 15:11:34 
26-Apr-19, 15:11:35 
26-Apr-19, 15:11:39 
26-Apr-19, 15:11:40 
26-Apr-19, 15:11:44 
26-Apr-19, 15:11:45 
26-Apr-19, 15:11:49 
26-Apr-19, 15:11:50 
26-Apr-19, 15:11:54 
26-Apr-19, 15:11:55 
26-Apr-19, 15:11:59 
26-Apr-19, 15:12:00 
26-Apr-19, 15:12:05 
26-Apr-19, 15:12:09 
26-Apr-19, 15:12:10 
26-Apr-19, 15:12:19 
26-Apr-19, 15:12:20 
26-Apr-19, 15:12:24 
26-Apr-19, 15:12:25 
26-Apr-19, 15:12:29 
26-Apr-19, 15:12:30 
26-Apr-19, 15:12:34 
26-Apr-19, 15:12:35 
26-Apr-19, 15:12:39 
26-Apr-19, 15:12:40 
26-Apr-19, 15:12:44 
26-Apr-19, 15:12:45 
26-Apr-19, 15:12:49 
26-Apr-19, 15:12:50 
26-Apr-19, 15:12:54 
26-Apr-19, 15:12:55 
26-Apr-19, 15:12:59 
26-Apr-19, 15:13:00 
26-Apr-19, 15:13:04 
26-Apr-19, 15:13:05 
26-Apr-19, 15:13:09 
26-Apr-19, 15:13:10 
26-Apr-19, 15:13:20 
26-Apr-19, 15:13:24 
26-Apr-19, 15:13:25 
26-Apr-19, 15:13:29 
26-Apr-19, 15:13:30 
26-Apr-19, 15:13:34 
26-Apr-19, 15:13:35 
26-Apr-19, 15:13:39 
26-Apr-19, 15:13:40 
26-Apr-19, 15:13:44 
26-Apr-19, 15:13:45 
26-Apr-19, 15:13:49 
26-Apr-19, 15:13:50 
26-Apr-19, 15:13:54 
26-Apr-19, 15:13:55 
26-Apr-19, 15:13:59 
26-Apr-19, 15:14:00 
26-Apr-19, 15:14:04 
26-Apr-19, 15:14:05 
26-Apr-19, 15:14:09 
26-Apr-19, 15:14:10 
26-Apr-19, 15:14:19 
26-Apr-19, 15:14:20 
26-Apr-19, 15:14:24 
26-Apr-19, 15:14:25 
26-Apr-19, 15:14:30 
26-Apr-19, 15:14:34 
26-Apr-19, 15:14:35 
26-Apr-19, 15:14:39 
26-Apr-19, 15:14:40 
26-Apr-19, 15:14:44 
26-Apr-19, 15:14:45 
26-Apr-19, 15:14:49 
26-Apr-19, 15:14:50 
26-Apr-19, 15:14:54 
26-Apr-19, 15:14:55 
26-Apr-19, 15:14:59 
26-Apr-19, 15:15:00 
26-Apr-19, 15:15:04 
26-Apr-19, 15:15:05 
26-Apr-19, 15:15:09 
26-Apr-19, 15:15:10 
26-Apr-19, 15:15:19 
26-Apr-19, 15:15:20 
26-Apr-19, 15:15:24 
26-Apr-19, 15:15:25 
26-Apr-19, 15:15:29 
26-Apr-19, 15:15:30 
26-Apr-19, 15:15:34 
26-Apr-19, 15:15:35 
26-Apr-19, 15:15:39 
26-Apr-19, 15:15:40 
26-Apr-19, 15:15:44 
26-Apr-19, 15:15:45 
26-Apr-19, 15:15:49 
26-Apr-19, 15:15:50 
26-Apr-19, 15:15:54 
26-Apr-19, 15:15:55 
26-Apr-19, 15:15:59 
26-Apr-19, 15:16:00 
26-Apr-19, 15:16:04 
26-Apr-19, 15:16:05 
26-Apr-19, 15:16:09 
26-Apr-19, 15:16:10 
26-Apr-19, 15:16:14 
26-Apr-19, 15:16:20 
26-Apr-19, 15:16:24 
26-Apr-19, 15:16:29 
26-Apr-19, 15:16:30 
26-Apr-19, 15:16:34 
26-Apr-19, 15:16:35 
26-Apr-19, 15:16:39 
26-Apr-19, 15:16:40 
26-Apr-19, 15:16:44 
26-Apr-19, 15:16:45 
26-Apr-19, 15:16:49 
26-Apr-19, 15:16:50 
26-Apr-19, 15:16:54 
26-Apr-19, 15:16:55 
26-Apr-19, 15:16:59 
26-Apr-19, 15:17:00 
26-Apr-19, 15:17:04 
26-Apr-19, 15:17:05 
26-Apr-19, 15:17:09 
26-Apr-19, 15:17:10 
26-Apr-19, 15:17:19 
26-Apr-19, 15:17:20 
26-Apr-19, 15:17:24 
26-Apr-19, 15:17:25 
26-Apr-19, 15:17:30 
26-Apr-19, 15:17:34 
26-Apr-19, 15:17:35 
26-Apr-19, 15:17:39 
26-Apr-19, 15:17:40 
26-Apr-19, 15:17:44 
26-Apr-19, 15:17:45 
26-Apr-19, 15:17:49 
26-Apr-19, 15:17:50 
26-Apr-19, 15:17:54 
26-Apr-19, 15:17:55 
26-Apr-19, 15:17:59 
26-Apr-19, 15:18:00 
26-Apr-19, 15:18:04 
26-Apr-19, 15:18:11 
26-Apr-19, 15:18:19 
26-Apr-19, 15:18:21 
26-Apr-19, 15:18:24 
26-Apr-19, 15:18:26 
26-Apr-19, 15:18:29 
26-Apr-19, 15:18:31 
26-Apr-19, 15:18:34 
26-Apr-19, 15:18:36 
26-Apr-19, 15:18:39 
26-Apr-19, 15:18:41 
26-Apr-19, 15:18:44 
26-Apr-19, 15:18:46 
26-Apr-19, 15:18:49 
26-Apr-19, 15:18:54 
26-Apr-19, 15:18:56 
26-Apr-19, 15:18:59 
26-Apr-19, 15:19:01 
26-Apr-19, 15:19:04 
26-Apr-19, 15:19:06 
26-Apr-19, 15:19:09 
26-Apr-19, 15:19:11 
26-Apr-19, 15:19:14 
26-Apr-19, 15:19:19 
26-Apr-19, 15:19:21 
26-Apr-19, 15:19:24 
26-Apr-19, 15:19:26 
26-Apr-19, 15:19:29 
26-Apr-19, 15:19:31 
26-Apr-19, 15:19:34 
26-Apr-19, 15:19:36 
26-Apr-19, 15:19:39 
26-Apr-19, 15:19:41 
26-Apr-19, 15:19:44 
26-Apr-19, 15:19:46 
26-Apr-19, 15:19:49 
26-Apr-19, 15:19:51 
26-Apr-19, 15:19:54 
26-Apr-19, 15:19:56 
26-Apr-19, 15:19:59 
26-Apr-19, 15:20:01 
26-Apr-19, 15:20:04 
26-Apr-19, 15:20:06 
26-Apr-19, 15:20:09 
26-Apr-19, 15:20:11 
26-Apr-19, 15:20:19 
26-Apr-19, 15:20:21 
26-Apr-19, 15:20:24 
26-Apr-19, 15:20:26 
26-Apr-19, 15:20:29 
26-Apr-19, 15:20:31 
26-Apr-19, 15:20:34 
26-Apr-19, 15:20:36 
26-Apr-19, 15:20:39 
26-Apr-19, 15:20:41 
26-Apr-19, 15:20:44 
26-Apr-19, 15:20:46 
26-Apr-19, 15:20:49 
26-Apr-19, 15:20:51 
26-Apr-19, 15:20:54 
26-Apr-19, 15:20:56 
26-Apr-19, 15:20:59 
26-Apr-19, 15:21:01 
26-Apr-19, 15:21:04 
26-Apr-19, 15:21:06 
26-Apr-19, 15:21:09 
26-Apr-19, 15:21:11 
26-Apr-19, 15:21:14 
26-Apr-19, 15:21:21 
26-Apr-19, 15:21:24 
26-Apr-19, 15:21:26 
26-Apr-19, 15:21:29 
26-Apr-19, 15:21:31 
26-Apr-19, 15:21:34 
26-Apr-19, 15:21:36 
26-Apr-19, 15:21:39 
26-Apr-19, 15:21:41 
26-Apr-19, 15:21:44 
26-Apr-19, 15:21:46 
26-Apr-19, 15:21:49 
26-Apr-19, 15:21:51 
26-Apr-19, 15:21:54 
26-Apr-19, 15:21:56 
26-Apr-19, 15:21:59 
26-Apr-19, 15:22:01 
26-Apr-19, 15:22:04 
26-Apr-19, 15:22:06 
26-Apr-19, 15:22:09 
26-Apr-19, 15:22:11 
26-Apr-19, 15:22:19 
26-Apr-19, 15:22:21 
26-Apr-19, 15:22:24 
26-Apr-19, 15:22:26 
26-Apr-19, 15:22:29 
26-Apr-19, 15:22:31 
26-Apr-19, 15:22:34 
26-Apr-19, 15:22:36 
26-Apr-19, 15:22:39 
26-Apr-19, 15:22:41 
26-Apr-19, 15:22:44 
26-Apr-19, 15:22:46 
26-Apr-19, 15:22:49 
26-Apr-19, 15:22:51 
26-Apr-19, 15:22:54 
26-Apr-19, 15:22:56 
26-Apr-19, 15:22:59 
26-Apr-19, 15:23:01 
26-Apr-19, 15:23:04 
26-Apr-19, 15:23:06 
26-Apr-19, 15:23:09 
26-Apr-19, 15:23:11 
26-Apr-19, 15:23:19 
26-Apr-19, 15:23:21 
26-Apr-19, 15:23:24 
26-Apr-19, 15:23:26 
26-Apr-19, 15:23:29 
26-Apr-19, 15:23:31 
26-Apr-19, 15:23:34 
26-Apr-19, 15:23:36 
26-Apr-19, 15:23:39 
26-Apr-19, 15:23:41 
26-Apr-19, 15:23:45 
26-Apr-19, 15:23:46 
26-Apr-19, 15:23:50 
26-Apr-19, 15:23:51 
26-Apr-19, 15:23:55 
26-Apr-19, 15:24:01 
26-Apr-19, 15:24:05 
26-Apr-19, 15:24:06 
26-Apr-19, 15:24:11 
26-Apr-19, 15:24:21 
26-Apr-19, 15:24:25 
26-Apr-19, 15:24:26 
26-Apr-19, 15:24:30 
26-Apr-19, 15:24:31 
26-Apr-19, 15:24:35 
26-Apr-19, 15:24:36 
26-Apr-19, 15:24:40 
26-Apr-19, 15:24:41 
26-Apr-19, 15:24:45 
26-Apr-19, 15:24:46 
26-Apr-19, 15:24:50 
26-Apr-19, 15:24:51 
26-Apr-19, 15:24:56 
26-Apr-19, 15:25:00 
26-Apr-19, 15:25:05 
26-Apr-19, 15:25:06 
26-Apr-19, 15:25:10 
26-Apr-19, 15:25:11 
26-Apr-19, 15:25:20 
26-Apr-19, 15:25:21 
26-Apr-19, 15:25:25 
26-Apr-19, 15:25:26 
26-Apr-19, 15:25:30 
26-Apr-19, 15:25:31 
26-Apr-19, 15:25:35 
26-Apr-19, 15:25:40 
26-Apr-19, 15:25:45 
26-Apr-19, 15:25:46 
26-Apr-19, 15:25:50 
26-Apr-19, 15:25:51 
26-Apr-19, 15:25:55 
26-Apr-19, 15:25:56 
26-Apr-19, 15:26:00 
26-Apr-19, 15:26:01 
26-Apr-19, 15:26:05 
26-Apr-19, 15:26:06 
26-Apr-19, 15:26:10 
26-Apr-19, 15:26:11 
26-Apr-19, 15:26:16 
26-Apr-19, 15:26:20 
26-Apr-19, 15:26:21 
26-Apr-19, 15:26:25 
26-Apr-19, 15:26:26 
26-Apr-19, 15:26:30 
26-Apr-19, 15:26:31 
26-Apr-19, 15:26:35 
26-Apr-19, 15:26:36 
26-Apr-19, 15:26:40 
26-Apr-19, 15:26:41 
26-Apr-19, 15:26:45 
26-Apr-19, 15:26:46 
26-Apr-19, 15:26:50 
26-Apr-19, 15:26:51 
26-Apr-19, 15:26:55 
26-Apr-19, 15:26:56 
26-Apr-19, 15:27:00 
26-Apr-19, 15:27:01 
26-Apr-19, 15:27:05 
26-Apr-19, 15:27:06 
26-Apr-19, 15:27:10 
26-Apr-19, 15:27:11 
26-Apr-19, 15:27:15 
26-Apr-19, 15:27:16 
26-Apr-19, 15:27:20 
26-Apr-19, 15:27:21 
26-Apr-19, 15:27:25 
26-Apr-19, 15:27:26 
26-Apr-19, 15:27:30 
26-Apr-19, 15:27:31 
26-Apr-19, 15:27:36 
26-Apr-19, 15:27:40 
26-Apr-19, 15:27:41 
26-Apr-19, 15:27:45 
26-Apr-19, 15:27:46 
26-Apr-19, 15:27:50 
26-Apr-19, 15:27:51 
26-Apr-19, 15:27:55 
26-Apr-19, 15:27:56 
26-Apr-19, 15:28:00 
26-Apr-19, 15:28:01 
26-Apr-19, 15:28:05 
26-Apr-19, 15:28:06 
26-Apr-19, 15:28:10 
26-Apr-19, 15:28:11 
26-Apr-19, 15:28:16 
26-Apr-19, 15:28:20 
26-Apr-19, 15:28:21 
26-Apr-19, 15:28:25 
26-Apr-19, 15:28:26 
26-Apr-19, 15:28:30 
26-Apr-19, 15:28:35 
26-Apr-19, 15:28:36 
26-Apr-19, 15:28:40 
26-Apr-19, 15:28:41 
26-Apr-19, 15:28:45 
26-Apr-19, 15:28:46 
26-Apr-19, 15:28:50 
26-Apr-19, 15:28:51 
26-Apr-19, 15:28:55 
26-Apr-19, 15:28:56 
26-Apr-19, 15:29:00 
26-Apr-19, 15:29:01 
26-Apr-19, 15:29:05 
26-Apr-19, 15:29:06 
26-Apr-19, 15:29:10 
26-Apr-19, 15:29:11 
26-Apr-19, 15:29:20 
26-Apr-19, 15:29:21 
26-Apr-19, 15:29:25 
26-Apr-19, 15:29:26 
26-Apr-19, 15:29:30 
26-Apr-19, 15:29:31 
26-Apr-19, 15:29:35 
26-Apr-19, 15:29:36 
26-Apr-19, 15:29:40 
26-Apr-19, 15:29:41 
26-Apr-19, 15:29:45 
26-Apr-19, 15:29:46 
26-Apr-19, 15:29:50 
26-Apr-19, 15:29:51 
26-Apr-19, 15:29:55 
26-Apr-19, 15:29:56 
26-Apr-19, 15:30:00 
26-Apr-19, 15:30:01 
26-Apr-19, 15:30:05 
26-Apr-19, 15:30:10 
26-Apr-19, 15:30:11 
26-Apr-19, 15:30:20 
26-Apr-19, 15:30:21 
26-Apr-19, 15:30:25 
26-Apr-19, 15:30:30 
26-Apr-19, 15:30:31 
26-Apr-19, 15:30:35 
26-Apr-19, 15:30:36 
26-Apr-19, 15:30:40 
26-Apr-19, 15:30:41 
26-Apr-19, 15:30:45 
26-Apr-19, 15:30:46 
26-Apr-19, 15:30:50 
26-Apr-19, 15:30:51 
26-Apr-19, 15:30:55 
26-Apr-19, 15:30:56 
26-Apr-19, 15:31:00 
26-Apr-19, 15:31:01 
26-Apr-19, 15:31:05 
26-Apr-19, 15:31:06 
26-Apr-19, 15:31:10 
26-Apr-19, 15:31:11 
26-Apr-19, 15:31:16 
26-Apr-19, 15:31:20 
26-Apr-19, 15:31:21 
26-Apr-19, 15:31:26 
26-Apr-19, 15:31:30 
26-Apr-19, 15:31:31 
26-Apr-19, 15:31:35 
26-Apr-19, 15:31:36 
26-Apr-19, 15:31:40 
26-Apr-19, 15:31:41 
26-Apr-19, 15:31:46 
26-Apr-19, 15:31:50 
26-Apr-19, 15:31:51 
26-Apr-19, 15:31:55 
26-Apr-19, 15:31:56 
26-Apr-19, 15:32:00 
26-Apr-19, 15:32:01 
26-Apr-19, 15:32:05 
26-Apr-19, 15:32:06 
26-Apr-19, 15:32:10 
26-Apr-19, 15:32:11 
26-Apr-19, 15:32:16 
26-Apr-19, 15:32:20 
26-Apr-19, 15:32:21 
26-Apr-19, 15:32:25 
26-Apr-19, 15:32:26 
26-Apr-19, 15:32:30 
26-Apr-19, 15:32:31 
26-Apr-19, 15:32:35 
26-Apr-19, 15:32:36 
26-Apr-19, 15:32:40 
26-Apr-19, 15:32:41 
26-Apr-19, 15:32:45 
26-Apr-19, 15:32:46 
26-Apr-19, 15:32:50 
26-Apr-19, 15:32:51 
26-Apr-19, 15:32:55 
26-Apr-19, 15:32:56 
26-Apr-19, 15:33:00 
26-Apr-19, 15:33:01 
26-Apr-19, 15:33:05 
26-Apr-19, 15:33:06 
26-Apr-19, 15:33:10 
26-Apr-19, 15:33:16 
26-Apr-19, 15:33:20 
26-Apr-19, 15:33:21 
26-Apr-19, 15:33:25 
26-Apr-19, 15:33:26 
26-Apr-19, 15:33:30 
26-Apr-19, 15:33:31 
26-Apr-19, 15:33:35 
26-Apr-19, 15:33:36 
26-Apr-19, 15:33:40 
26-Apr-19, 15:33:41 
26-Apr-19, 15:33:45 
26-Apr-19, 15:33:46 
26-Apr-19, 15:33:50 
26-Apr-19, 15:33:51 
26-Apr-19, 15:33:55 
26-Apr-19, 15:33:56 
26-Apr-19, 15:34:00 
26-Apr-19, 15:34:01 
26-Apr-19, 15:34:05 
26-Apr-19, 15:34:06 
26-Apr-19, 15:34:10 
26-Apr-19, 15:34:11 
26-Apr-19, 15:34:20 
26-Apr-19, 15:34:21 
26-Apr-19, 15:34:25 
26-Apr-19, 15:34:26 
26-Apr-19, 15:34:30 
26-Apr-19, 15:34:31 
26-Apr-19, 15:34:35 
26-Apr-19, 15:34:36 
26-Apr-19, 15:34:40 
26-Apr-19, 15:34:41 
26-Apr-19, 15:34:45 
26-Apr-19, 15:34:46 
26-Apr-19, 15:34:50 
26-Apr-19, 15:34:51 
26-Apr-19, 15:34:55 
26-Apr-19, 15:34:56 
26-Apr-19, 15:35:00 
26-Apr-19, 15:35:01 
26-Apr-19, 15:35:05 
26-Apr-19, 15:35:06 
26-Apr-19, 15:35:10 
26-Apr-19, 15:35:11 
26-Apr-19, 15:35:20 
26-Apr-19, 15:35:21 
26-Apr-19, 15:35:25 
26-Apr-19, 15:35:26 
26-Apr-19, 15:35:30 
26-Apr-19, 15:35:31 
26-Apr-19, 15:35:35 
26-Apr-19, 15:35:36 
26-Apr-19, 15:35:40 
26-Apr-19, 15:35:41 
26-Apr-19, 15:35:45 
26-Apr-19, 15:35:46 
26-Apr-19, 15:35:50 
26-Apr-19, 15:35:51 
26-Apr-19, 15:35:55 
26-Apr-19, 15:35:56 
26-Apr-19, 15:36:00 
26-Apr-19, 15:36:01 
26-Apr-19, 15:36:05 
26-Apr-19, 15:36:06 
26-Apr-19, 15:36:10 
26-Apr-19, 15:36:11 
26-Apr-19, 15:36:20 
26-Apr-19, 15:36:21 
26-Apr-19, 15:36:26 
26-Apr-19, 15:36:31 
26-Apr-19, 15:36:35 
26-Apr-19, 15:36:36 
26-Apr-19, 15:36:40 
26-Apr-19, 15:36:41 
26-Apr-19, 15:36:45 
26-Apr-19, 15:36:46 
26-Apr-19, 15:36:50 
26-Apr-19, 15:36:51 
26-Apr-19, 15:36:55 
26-Apr-19, 15:36:56 
26-Apr-19, 15:37:00 
26-Apr-19, 15:37:01 
26-Apr-19, 15:37:05 
26-Apr-19, 15:37:06 
26-Apr-19, 15:37:10 
26-Apr-19, 15:37:11 
26-Apr-19, 15:37:20 
26-Apr-19, 15:37:21 
26-Apr-19, 15:37:25 
26-Apr-19, 15:37:26 
26-Apr-19, 15:37:30 
26-Apr-19, 15:37:31 
26-Apr-19, 15:37:35 
26-Apr-19, 15:37:36 
26-Apr-19, 15:37:40 
26-Apr-19, 15:37:41 
26-Apr-19, 15:37:45 
26-Apr-19, 15:37:46 
26-Apr-19, 15:37:50 
26-Apr-19, 15:37:51 
26-Apr-19, 15:37:55 
26-Apr-19, 15:37:56 
26-Apr-19, 15:38:00 
26-Apr-19, 15:38:01 
26-Apr-19, 15:38:05 
26-Apr-19, 15:38:10 
26-Apr-19, 15:38:11 
26-Apr-19, 15:38:16 
26-Apr-19, 15:38:20 
26-Apr-19, 15:38:21 
26-Apr-19, 15:38:25 
26-Apr-19, 15:38:26 
26-Apr-19, 15:38:30 
26-Apr-19, 15:38:31 
26-Apr-19, 15:38:35 
26-Apr-19, 15:38:36 
26-Apr-19, 15:38:40 
26-Apr-19, 15:38:41 
26-Apr-19, 15:38:45 
26-Apr-19, 15:38:46 
26-Apr-19, 15:38:50 
26-Apr-19, 15:38:51 
26-Apr-19, 15:38:55 
26-Apr-19, 15:38:56 
26-Apr-19, 15:39:00 
26-Apr-19, 15:39:01 
26-Apr-19, 15:39:05 
26-Apr-19, 15:39:06 
26-Apr-19, 15:39:10 
26-Apr-19, 15:39:11 
26-Apr-19, 15:39:20 
26-Apr-19, 15:39:21 
26-Apr-19, 15:39:25 
26-Apr-19, 15:39:26 
26-Apr-19, 15:39:30 
26-Apr-19, 15:39:31 
26-Apr-19, 15:39:35 
26-Apr-19, 15:39:36 
26-Apr-19, 15:39:40 
26-Apr-19, 15:39:41 
26-Apr-19, 15:39:45 
26-Apr-19, 15:39:46 
26-Apr-19, 15:39:50 
26-Apr-19, 15:39:51 
26-Apr-19, 15:39:55 
26-Apr-19, 15:39:56 
26-Apr-19, 15:40:00 
26-Apr-19, 15:40:01 
26-Apr-19, 15:40:06 
26-Apr-19, 15:40:10 
26-Apr-19, 15:40:11 
26-Apr-19, 15:40:16 
26-Apr-19, 15:40:20 
26-Apr-19, 15:40:21 
26-Apr-19, 15:40:26 
26-Apr-19, 15:40:30 
26-Apr-19, 15:40:31 
26-Apr-19, 15:40:35 
26-Apr-19, 15:40:36 
26-Apr-19, 15:40:40 
26-Apr-19, 15:40:41 
26-Apr-19, 15:40:45 
26-Apr-19, 15:40:46 
26-Apr-19, 15:40:50 
26-Apr-19, 15:40:51 
26-Apr-19, 15:40:55 
26-Apr-19, 15:40:56 
26-Apr-19, 15:41:00 
26-Apr-19, 15:41:01 
26-Apr-19, 15:41:05 
26-Apr-19, 15:41:06 
26-Apr-19, 15:41:10 
26-Apr-19, 15:41:11 
26-Apr-19, 15:41:16 
26-Apr-19, 15:41:20 
26-Apr-19, 15:41:21 
26-Apr-19, 15:41:25 
26-Apr-19, 15:41:26 
26-Apr-19, 15:41:30 
26-Apr-19, 15:41:31 
26-Apr-19, 15:41:35 
26-Apr-19, 15:41:36 
26-Apr-19, 15:41:40 
26-Apr-19, 15:41:41 
26-Apr-19, 15:41:45 
26-Apr-19, 15:41:46 
26-Apr-19, 15:41:50 
26-Apr-19, 15:41:51 
26-Apr-19, 15:41:55 
26-Apr-19, 15:41:56 
26-Apr-19, 15:42:00 
26-Apr-19, 15:42:01 
26-Apr-19, 15:42:05 
26-Apr-19, 15:42:06 
26-Apr-19, 15:42:10 
26-Apr-19, 15:42:11 
26-Apr-19, 15:42:20 
26-Apr-19, 15:42:21 
26-Apr-19, 15:42:25 
26-Apr-19, 15:42:26 
26-Apr-19, 15:42:30 
26-Apr-19, 15:42:31 
26-Apr-19, 15:42:35 
26-Apr-19, 15:42:36 
26-Apr-19, 15:42:40 
26-Apr-19, 15:42:41 
26-Apr-19, 15:42:45 
26-Apr-19, 15:42:46 
26-Apr-19, 15:42:50 
26-Apr-19, 15:42:51 
26-Apr-19, 15:42:55 
26-Apr-19, 15:42:56 
26-Apr-19, 15:43:00 
26-Apr-19, 15:43:01 
26-Apr-19, 15:43:05 
26-Apr-19, 15:43:06 
26-Apr-19, 15:43:10 
26-Apr-19, 15:43:11 
26-Apr-19, 15:43:15 
26-Apr-19, 15:43:20 
26-Apr-19, 15:43:21 
26-Apr-19, 15:43:25 
26-Apr-19, 15:43:26 
26-Apr-19, 15:43:31 
26-Apr-19, 15:43:35 
26-Apr-19, 15:43:36 
26-Apr-19, 15:43:40 
26-Apr-19, 15:43:41 
26-Apr-19, 15:43:45 
26-Apr-19, 15:43:46 
26-Apr-19, 15:43:50 
26-Apr-19, 15:43:51 
26-Apr-19, 15:43:55 
26-Apr-19, 15:43:56 
26-Apr-19, 15:44:00 
26-Apr-19, 15:44:01 
26-Apr-19, 15:44:05 
26-Apr-19, 15:44:06 
26-Apr-19, 15:44:10 
26-Apr-19, 15:44:11 
26-Apr-19, 15:44:16 
26-Apr-19, 15:44:20 
26-Apr-19, 15:44:21 
26-Apr-19, 15:44:25 
26-Apr-19, 15:44:26 
26-Apr-19, 15:44:30 
26-Apr-19, 15:44:31 
26-Apr-19, 15:44:35 
26-Apr-19, 15:44:36 
26-Apr-19, 15:44:40 
26-Apr-19, 15:44:41 
26-Apr-19, 15:44:45 
26-Apr-19, 15:44:46 
26-Apr-19, 15:44:50 
26-Apr-19, 15:44:51 
26-Apr-19, 15:44:55 
26-Apr-19, 15:44:56 
26-Apr-19, 15:45:00 
26-Apr-19, 15:45:05 
26-Apr-19, 15:45:06 
26-Apr-19, 15:45:10 
26-Apr-19, 15:45:11 
26-Apr-19, 15:45:20 
26-Apr-19, 15:45:21 
26-Apr-19, 15:45:25 
26-Apr-19, 15:45:26 
26-Apr-19, 15:45:30 
26-Apr-19, 15:45:31 
26-Apr-19, 15:45:36 
26-Apr-19, 15:45:40 
26-Apr-19, 15:45:41 
26-Apr-19, 15:45:45 
26-Apr-19, 15:45:46 
26-Apr-19, 15:45:50 
26-Apr-19, 15:45:51 
26-Apr-19, 15:45:55 
26-Apr-19, 15:45:56 
26-Apr-19, 15:46:00 
26-Apr-19, 15:46:01 
26-Apr-19, 15:46:05 
26-Apr-19, 15:46:06 
26-Apr-19, 15:46:10 
26-Apr-19, 15:46:11 
26-Apr-19, 15:46:21 
26-Apr-19, 15:46:25 
26-Apr-19, 15:46:26 
26-Apr-19, 15:46:30 
26-Apr-19, 15:46:31 
26-Apr-19, 15:46:35 
26-Apr-19, 15:46:36 
26-Apr-19, 15:46:40 
26-Apr-19, 15:46:41 
26-Apr-19, 15:46:45 
26-Apr-19, 15:46:46 
26-Apr-19, 15:46:50 
26-Apr-19, 15:46:51 
26-Apr-19, 15:46:55 
26-Apr-19, 15:46:56 
26-Apr-19, 15:47:00 
26-Apr-19, 15:47:01 
26-Apr-19, 15:47:05 
26-Apr-19, 15:47:06 
26-Apr-19, 15:47:10 
26-Apr-19, 15:47:11 
26-Apr-19, 15:47:20 
26-Apr-19, 15:47:25 
26-Apr-19, 15:47:26 
26-Apr-19, 15:47:30 
26-Apr-19, 15:47:31 
26-Apr-19, 15:47:35 
26-Apr-19, 15:47:36 
26-Apr-19, 15:47:40 
26-Apr-19, 15:47:41 
26-Apr-19, 15:47:45 
26-Apr-19, 15:47:46 
26-Apr-19, 15:47:50 
26-Apr-19, 15:47:51 
26-Apr-19, 15:47:55 
26-Apr-19, 15:47:56 
26-Apr-19, 15:48:00 
26-Apr-19, 15:48:01 
26-Apr-19, 15:48:05 
26-Apr-19, 15:48:06 
26-Apr-19, 15:48:10 
26-Apr-19, 15:48:11 
26-Apr-19, 15:48:20 
26-Apr-19, 15:48:21 
26-Apr-19, 15:48:25 
26-Apr-19, 15:48:26 
26-Apr-19, 15:48:30 
26-Apr-19, 15:48:31 
26-Apr-19, 15:48:35 
26-Apr-19, 15:48:36 
26-Apr-19, 15:48:40 
26-Apr-19, 15:48:41 
26-Apr-19, 15:48:45 
26-Apr-19, 15:48:46 
26-Apr-19, 15:48:50 
26-Apr-19, 15:48:51 
26-Apr-19, 15:48:55 
26-Apr-19, 15:48:56 
26-Apr-19, 15:49:00 
26-Apr-19, 15:49:01 
26-Apr-19, 15:49:06 
26-Apr-19, 15:49:10 
26-Apr-19, 15:49:11 
26-Apr-19, 15:49:20 
26-Apr-19, 15:49:21 
26-Apr-19, 15:49:25 
26-Apr-19, 15:49:31 
26-Apr-19, 15:49:35 
26-Apr-19, 15:49:36 
26-Apr-19, 15:49:40 
26-Apr-19, 15:49:46 
26-Apr-19, 15:49:50 
26-Apr-19, 15:49:51 
26-Apr-19, 15:49:55 
26-Apr-19, 15:49:56 
26-Apr-19, 15:50:00 
26-Apr-19, 15:50:01 
26-Apr-19, 15:50:05 
26-Apr-19, 15:50:06 
26-Apr-19, 15:50:10 
26-Apr-19, 15:50:11 
26-Apr-19, 15:50:16 
26-Apr-19, 15:50:20 
26-Apr-19, 15:50:21 
26-Apr-19, 15:50:25 
26-Apr-19, 15:50:26 
26-Apr-19, 15:50:30 
26-Apr-19, 15:50:31 
26-Apr-19, 15:50:35 
26-Apr-19, 15:50:36 
26-Apr-19, 15:50:40 
26-Apr-19, 15:50:41 
26-Apr-19, 15:50:45 
26-Apr-19, 15:50:46 
26-Apr-19, 15:50:50 
26-Apr-19, 15:50:51 
26-Apr-19, 15:50:55 
26-Apr-19, 15:50:56 
26-Apr-19, 15:51:00 
26-Apr-19, 15:51:01 
26-Apr-19, 15:51:05 
26-Apr-19, 15:51:06 
26-Apr-19, 15:51:10 
26-Apr-19, 15:51:11 
26-Apr-19, 15:51:16 
26-Apr-19, 15:51:21 
26-Apr-19, 15:51:25 
26-Apr-19, 15:51:26 
26-Apr-19, 15:51:30 
26-Apr-19, 15:51:31 
26-Apr-19, 15:51:35 
26-Apr-19, 15:51:36 
26-Apr-19, 15:51:40 
26-Apr-19, 15:51:41 
26-Apr-19, 15:51:45 
26-Apr-19, 15:51:46 
26-Apr-19, 15:51:50 
26-Apr-19, 15:51:51 
26-Apr-19, 15:51:55 
26-Apr-19, 15:51:56 
26-Apr-19, 15:52:00 
26-Apr-19, 15:52:01 
26-Apr-19, 15:52:05 
26-Apr-19, 15:52:06 
26-Apr-19, 15:52:10 
26-Apr-19, 15:52:11 
26-Apr-19, 15:52:17 
26-Apr-19, 15:52:20 
26-Apr-19, 15:52:22 
26-Apr-19, 15:52:25 
26-Apr-19, 15:52:27 
26-Apr-19, 15:52:30 
26-Apr-19, 15:52:32 
26-Apr-19, 15:52:35 
26-Apr-19, 15:52:37 
26-Apr-19, 15:52:40 
26-Apr-19, 15:52:42 
26-Apr-19, 15:52:45 
26-Apr-19, 15:52:47 
26-Apr-19, 15:52:50 
26-Apr-19, 15:52:52 
26-Apr-19, 15:52:55 
26-Apr-19, 15:52:57 
26-Apr-19, 15:53:00 
26-Apr-19, 15:53:02 
26-Apr-19, 15:53:05 
26-Apr-19, 15:53:07 
26-Apr-19, 15:53:10 
26-Apr-19, 15:53:20 
26-Apr-19, 15:53:22 
26-Apr-19, 15:53:25 
26-Apr-19, 15:53:27 
26-Apr-19, 15:53:30 
26-Apr-19, 15:53:32 
26-Apr-19, 15:53:35 
26-Apr-19, 15:53:37 
26-Apr-19, 15:53:40 
26-Apr-19, 15:53:42 
26-Apr-19, 15:53:45 
26-Apr-19, 15:53:47 
26-Apr-19, 15:53:50 
26-Apr-19, 15:53:52 
26-Apr-19, 15:53:55 
26-Apr-19, 15:53:57 
26-Apr-19, 15:54:00 
26-Apr-19, 15:54:02 
26-Apr-19, 15:54:05 
26-Apr-19, 15:54:07 
26-Apr-19, 15:54:10 
26-Apr-19, 15:54:20 
26-Apr-19, 15:54:22 
26-Apr-19, 15:54:25 
26-Apr-19, 15:54:27 
26-Apr-19, 15:54:30 
26-Apr-19, 15:54:32 
26-Apr-19, 15:54:35 
26-Apr-19, 15:54:37 
26-Apr-19, 15:54:40 
26-Apr-19, 15:54:42 
26-Apr-19, 15:54:45 
26-Apr-19, 15:54:47 
26-Apr-19, 15:54:50 
26-Apr-19, 15:54:52 
26-Apr-19, 15:54:55 
26-Apr-19, 15:54:57 
26-Apr-19, 15:55:00 
26-Apr-19, 15:55:02 
26-Apr-19, 15:55:05 
26-Apr-19, 15:55:07 
26-Apr-19, 15:55:10 
26-Apr-19, 15:55:17 
26-Apr-19, 15:55:20 
26-Apr-19, 15:55:22 
26-Apr-19, 15:55:25 
26-Apr-19, 15:55:27 
31-Mar-19,12:40:28
31-Mar-19,12:40:28
31-Mar-19,12:40:28
31-Mar-19,12:40:28
31-Mar-19,12:40:28
31-Mar-19,12:40:29
31-Mar-19,12:40:29
31-Mar-19,12:40:29
31-Mar-19,12:40:29
31-Mar-19,12:40:29
31-Mar-19,12:40:29
31-Mar-19,12:40:29
31-Mar-19,12:40:29
31-Mar-19,12:40:29
31-Mar-19,12:40:29
31-Mar-19,12:40:29
31-Mar-19,12:40:29
31-Mar-19,12:40:29
31-Mar-19,12:40:29
31-Mar-19,12:40:29
31-Mar-19,12:40:29
31-Mar-19,12:40:29
31-Mar-19,12:40:29
31-Mar-19,12:40:29
31-Mar-19,12:40:29
31-Mar-19,12:40:29
31-Mar-19,12:40:29
31-Mar-19,12:40:29
31-Mar-19,12:40:29
31-Mar-19,12:40:29
31-Mar-19,12:40:29
31-Mar-19,12:40:29
31-Mar-19,12:40:29
31-Mar-19,12:40:29
31-Mar-19,12:40:29
31-Mar-19,12:40:29
31-Mar-19,12:40:29
31-Mar-19,12:40:29
31-Mar-19,12:40:29
31-Mar-19,12:40:29
31-Mar-19,12:40:29
31-Mar-19,12:40:29
31-Mar-19,12:43:44
31-Mar-19,12:43:44
31-Mar-19,12:43:44
31-Mar-19,12:43:44
31-Mar-19,12:43:44
31-Mar-19,12:43:44
31-Mar-19,12:43:44
31-Mar-19,12:43:44
31-Mar-19,12:43:44
31-Mar-19,12:43:44
31-Mar-19,12:43:44
31-Mar-19,12:43:44
31-Mar-19,12:43:44
31-Mar-19,12:43:44
31-Mar-19,12:43:44
31-Mar-19,12:43:44
31-Mar-19,12:43:44
31-Mar-19,12:43:44
31-Mar-19,12:43:44
31-Mar-19,12:43:44
31-Mar-19,12:43:44
31-Mar-19,12:43:44
31-Mar-19,12:43:44
31-Mar-19,12:43:44
31-Mar-19,12:43:44
31-Mar-19,12:43:44
31-Mar-19,12:43:45
31-Mar-19,12:43:45
31-Mar-19,12:43:45
31-Mar-19,12:43:45
31-Mar-19,12:43:45
31-Mar-19,12:43:45
31-Mar-19,12:43:45
31-Mar-19,12:43:45
31-Mar-19,12:43:45
31-Mar-19,12:43:45
31-Mar-19,12:43:45
31-Mar-19,12:43:45
31-Mar-19,12:43:45
31-Mar-19,12:43:45
31-Mar-19,12:43:45
31-Mar-19,12:43:45
31-Mar-19,12:43:45
31-Mar-19,12:43:45
31-Mar-19,12:43:45
31-Mar-19,12:43:45
31-Mar-19,12:43:45
31-Mar-19,12:43:45
31-Mar-19,12:43:45
31-Mar-19,12:43:45
31-Mar-19,12:43:45
31-Mar-19,12:43:45
31-Mar-19,12:43:45
31-Mar-19,12:43:45
31-Mar-19,12:43:45
31-Mar-19,12:43:45
31-Mar-19,12:43:45
31-Mar-19,12:43:45
31-Mar-19,12:43:45
31-Mar-19,12:43:45
31-Mar-19,12:43:45
31-Mar-19,12:43:45
31-Mar-19,12:43:45
31-Mar-19,12:43:45
31-Mar-19,12:43:45
31-Mar-19,12:43:45
31-Mar-19,12:43:45
31-Mar-19,12:43:45
31-Mar-19,12:43:45
31-Mar-19,12:43:45
31-Mar-19,12:43:45
31-Mar-19,12:43:45
31-Mar-19,12:43:45
31-Mar-19,12:43:45
31-Mar-19,12:43:45
31-Mar-19,12:43:45
31-Mar-19,12:43:45
31-Mar-19,12:43:45
31-Mar-19,12:43:45
31-Mar-19,12:43:45
31-Mar-19,12:43:45
31-Mar-19,12:43:45
31-Mar-19,12:43:45
31-Mar-19,12:43:45
31-Mar-19,12:43:45
31-Mar-19,12:43:45
31-Mar-19,12:43:45
31-Mar-19,12:43:45
31-Mar-19,12:43:45
31-Mar-19,12:43:45
31-Mar-19,12:43:45
31-Mar-19,12:43:45
31-Mar-19,12:43:45
31-Mar-19,12:43:45
31-Mar-19,12:43:45
31-Mar-19,12:43:45
31-Mar-19,12:43:45
31-Mar-19,12:43:45
31-Mar-19,12:43:45
31-Mar-19,12:43:45
31-Mar-19,12:43:45
31-Mar-19,12:43:45
31-Mar-19,12:43:45
31-Mar-19,12:43:45
31-Mar-19,12:43:45
31-Mar-19,12:43:45
31-Mar-19,12:43:45
31-Mar-19,12:43:45
31-Mar-19,12:43:45
31-Mar-19,12:43:45
31-Mar-19,12:43:45
31-Mar-19,12:43:45
31-Mar-19,12:43:45
31-Mar-19,12:43:45
31-Mar-19,12:43:45
31-Mar-19,12:43:46
31-Mar-19,12:43:46
31-Mar-19,12:43:46
31-Mar-19,12:43:46
31-Mar-19,12:43:46
31-Mar-19,12:43:46
31-Mar-19,12:43:46
31-Mar-19,12:43:46
31-Mar-19,12:43:46
31-Mar-19,12:43:46
31-Mar-19,12:43:46
31-Mar-19,12:43:46
31-Mar-19,12:43:46
31-Mar-19,12:43:46
31-Mar-19,12:43:46
31-Mar-19,12:43:46
31-Mar-19,12:43:46
31-Mar-19,12:43:46
31-Mar-19,12:43:46
31-Mar-19,12:43:46
31-Mar-19,12:43:46
31-Mar-19,12:43:46
31-Mar-19,12:43:46
31-Mar-19,12:43:46
31-Mar-19,12:43:46
31-Mar-19,12:43:46
31-Mar-19,12:43:46
31-Mar-19,12:43:46
31-Mar-19,12:43:46
31-Mar-19,12:43:46
31-Mar-19,12:43:46
31-Mar-19,12:43:46
31-Mar-19,12:43:46
31-Mar-19,12:43:46
31-Mar-19,12:43:46
31-Mar-19,12:43:46
31-Mar-19,12:43:46
31-Mar-19,12:43:46
31-Mar-19,12:43:46
31-Mar-19,12:43:46
31-Mar-19,12:43:46
31-Mar-19,12:43:46
31-Mar-19,12:43:46
31-Mar-19,12:43:46
31-Mar-19,12:43:46
31-Mar-19,12:43:46
31-Mar-19,12:43:46
31-Mar-19,12:43:46
31-Mar-19,12:43:46
31-Mar-19,12:43:46
31-Mar-19,12:43:46
31-Mar-19,12:43:46
31-Mar-19,12:43:46
31-Mar-19,12:43:46
31-Mar-19,12:43:46
31-Mar-19,12:43:46
31-Mar-19,12:43:46
31-Mar-19,12:43:46
31-Mar-19,12:43:46
31-Mar-19,12:43:46
31-Mar-19,12:43:46
31-Mar-19,12:43:46
31-Mar-19,12:43:46
31-Mar-19,12:43:46
31-Mar-19,12:43:46
31-Mar-19,12:43:46
31-Mar-19,12:43:46
31-Mar-19,12:43:46
31-Mar-19,12:43:46
31-Mar-19,12:43:46
31-Mar-19,12:43:46
31-Mar-19,12:43:46
31-Mar-19,12:43:46
31-Mar-19,12:43:46
31-Mar-19,12:43:46
31-Mar-19,12:43:46
31-Mar-19,12:43:47
31-Mar-19,12:43:47
31-Mar-19,12:43:47
31-Mar-19,12:43:47
31-Mar-19,12:43:47
31-Mar-19,12:43:47
31-Mar-19,12:43:47
31-Mar-19,12:43:47
31-Mar-19,12:43:47
31-Mar-19,12:43:47
31-Mar-19,12:43:47
31-Mar-19,12:43:47
31-Mar-19,12:43:47
31-Mar-19,12:43:47
31-Mar-19,12:43:47
31-Mar-19,12:43:47
31-Mar-19,12:43:47
31-Mar-19,12:43:47
31-Mar-19,12:43:47
31-Mar-19,12:43:47
31-Mar-19,12:43:47
31-Mar-19,12:43:47
31-Mar-19,12:43:47
31-Mar-19,12:43:47
31-Mar-19,12:43:47
31-Mar-19,12:43:47
31-Mar-19,12:43:47
31-Mar-19,12:43:47
31-Mar-19,12:43:47
31-Mar-19,12:43:47
31-Mar-19,12:43:47
31-Mar-19,12:43:47
31-Mar-19,12:43:47
31-Mar-19,12:43:47
31-Mar-19,12:43:47
31-Mar-19,12:43:47
31-Mar-19,12:43:47
31-Mar-19,12:43:47
31-Mar-19,12:43:47
31-Mar-19,12:43:47
31-Mar-19,12:43:47
31-Mar-19,12:43:47
31-Mar-19,12:43:47
31-Mar-19,12:43:47
31-Mar-19,12:43:47
31-Mar-19,12:43:47
31-Mar-19,12:43:47
31-Mar-19,12:43:47
31-Mar-19,12:43:47
31-Mar-19,12:43:47
31-Mar-19,12:43:47
31-Mar-19,12:43:47
31-Mar-19,12:43:47
31-Mar-19,12:43:47
31-Mar-19,12:43:47
31-Mar-19,12:43:47
31-Mar-19,12:43:47
31-Mar-19,12:43:47
31-Mar-19,12:43:47
31-Mar-19,12:43:47
31-Mar-19,12:43:47
31-Mar-19,12:43:47
31-Mar-19,12:43:47
31-Mar-19,12:43:47
31-Mar-19,12:43:47
31-Mar-19,12:43:47
31-Mar-19,12:43:47
31-Mar-19,12:43:47
31-Mar-19,12:43:47
31-Mar-19,12:43:47
31-Mar-19,12:43:47
31-Mar-19,12:43:47
31-Mar-19,12:43:47
31-Mar-19,12:43:47
31-Mar-19,12:43:47
31-Mar-19,12:43:47
31-Mar-19,12:43:47
31-Mar-19,12:43:47
31-Mar-19,12:43:47
31-Mar-19,12:43:47
31-Mar-19,12:43:47
31-Mar-19,12:43:47
31-Mar-19,12:43:47
31-Mar-19,12:43:47
31-Mar-19,12:43:47
31-Mar-19,12:43:47
31-Mar-19,12:43:47
31-Mar-19,12:43:47
31-Mar-19,12:43:47
31-Mar-19,12:43:47
31-Mar-19,12:43:48
31-Mar-19,12:43:48
31-Mar-19,12:43:48
31-Mar-19,12:43:48
31-Mar-19,12:43:48
31-Mar-19,12:43:48
31-Mar-19,12:43:48
31-Mar-19,12:43:48
31-Mar-19,12:43:48
31-Mar-19,12:43:48
31-Mar-19,12:43:48
31-Mar-19,12:43:48
31-Mar-19,12:43:48
31-Mar-19,12:43:48
31-Mar-19,12:43:48
31-Mar-19,12:43:48
31-Mar-19,12:43:48
31-Mar-19,12:43:48
31-Mar-19,12:43:48
31-Mar-19,12:43:48
31-Mar-19,12:43:48
31-Mar-19,12:43:48
31-Mar-19,12:43:48
31-Mar-19,12:43:48
31-Mar-19,12:43:48
31-Mar-19,12:43:48
31-Mar-19,12:43:48
31-Mar-19,12:43:48
31-Mar-19,12:43:48
31-Mar-19,12:43:48
31-Mar-19,12:43:48
31-Mar-19,12:43:48
31-Mar-19,12:43:48
31-Mar-19,12:43:48
31-Mar-19,12:43:48
31-Mar-19,12:43:48
31-Mar-19,12:43:48
31-Mar-19,12:43:48
31-Mar-19,12:43:48
31-Mar-19,12:43:48
31-Mar-19,12:43:48
31-Mar-19,12:43:48
31-Mar-19,12:43:48
31-Mar-19,12:43:48
31-Mar-19,12:43:48
31-Mar-19,12:43:48
31-Mar-19,12:43:48
31-Mar-19,12:43:48
31-Mar-19,12:43:48
31-Mar-19,12:43:48
31-Mar-19,12:43:48
31-Mar-19,12:43:48
31-Mar-19,12:43:48
31-Mar-19,12:43:48
31-Mar-19,12:43:48
31-Mar-19,12:43:48
31-Mar-19,12:43:48
31-Mar-19,12:43:48
31-Mar-19,12:43:48
31-Mar-19,12:43:48
31-Mar-19,12:43:48
31-Mar-19,12:43:48
31-Mar-19,12:43:48
31-Mar-19,12:43:48
31-Mar-19,12:43:48
31-Mar-19,12:43:48
31-Mar-19,12:43:48
31-Mar-19,12:43:48
31-Mar-19,12:43:48
31-Mar-19,12:43:48
31-Mar-19,12:43:48
31-Mar-19,12:43:48
31-Mar-19,12:43:48
31-Mar-19,12:43:48
31-Mar-19,12:43:48
31-Mar-19,12:43:48
31-Mar-19,12:43:48
31-Mar-19,12:43:48
31-Mar-19,12:43:48
31-Mar-19,12:43:48
31-Mar-19,12:43:48
31-Mar-19,12:43:48
31-Mar-19,12:43:49
31-Mar-19,12:43:49
31-Mar-19,12:43:49
31-Mar-19,12:43:49
31-Mar-19,12:43:49
31-Mar-19,12:43:49
31-Mar-19,12:43:49
31-Mar-19,12:43:49
31-Mar-19,12:43:49
31-Mar-19,12:43:49
31-Mar-19,12:43:49
31-Mar-19,12:43:49
31-Mar-19,12:43:49
31-Mar-19,12:43:49
31-Mar-19,12:43:49
31-Mar-19,12:43:49
31-Mar-19,12:43:49
31-Mar-19,12:43:49
31-Mar-19,12:43:49
31-Mar-19,12:43:49
31-Mar-19,12:43:49
31-Mar-19,12:43:49
31-Mar-19,12:43:49
31-Mar-19,12:43:49
31-Mar-19,12:43:49
31-Mar-19,12:43:49
31-Mar-19,12:43:49
31-Mar-19,12:43:49
31-Mar-19,12:43:49
31-Mar-19,12:43:49
31-Mar-19,12:43:49
31-Mar-19,12:43:49
31-Mar-19,12:43:49
31-Mar-19,12:43:49
31-Mar-19,12:43:49
31-Mar-19,12:43:49
31-Mar-19,12:43:49
31-Mar-19,12:43:49
31-Mar-19,12:43:49
31-Mar-19,12:43:49
31-Mar-19,12:43:49
31-Mar-19,12:43:49
31-Mar-19,12:43:49
31-Mar-19,12:43:49
31-Mar-19,12:43:49
31-Mar-19,12:43:49
31-Mar-19,12:43:49
31-Mar-19,12:43:49
31-Mar-19,12:43:49
31-Mar-19,12:43:49
31-Mar-19,12:43:49
31-Mar-19,12:43:49
31-Mar-19,12:43:49
31-Mar-19,12:43:49
31-Mar-19,12:43:49
31-Mar-19,12:43:49
31-Mar-19,12:43:49
31-Mar-19,12:43:49
31-Mar-19,12:43:49
31-Mar-19,12:43:49
31-Mar-19,12:43:49
31-Mar-19,12:43:49
31-Mar-19,12:43:49
31-Mar-19,12:43:49
31-Mar-19,12:43:49
31-Mar-19,12:43:49
31-Mar-19,12:43:49
31-Mar-19,12:43:49
31-Mar-19,12:43:49
31-Mar-19,12:43:49
31-Mar-19,12:43:49
31-Mar-19,12:43:49
31-Mar-19,12:43:49
31-Mar-19,12:43:49
31-Mar-19,12:43:49
31-Mar-19,12:43:49
31-Mar-19,12:43:49
31-Mar-19,12:43:49
31-Mar-19,12:43:49
31-Mar-19,12:43:49
31-Mar-19,12:43:50
31-Mar-19,12:43:50
31-Mar-19,12:43:50
31-Mar-19,12:43:50
31-Mar-19,12:43:50
31-Mar-19,12:43:50
31-Mar-19,12:43:50
31-Mar-19,12:43:50
31-Mar-19,12:43:50
31-Mar-19,12:43:50
31-Mar-19,12:43:50
31-Mar-19,12:43:50
31-Mar-19,12:43:50
31-Mar-19,12:43:50
31-Mar-19,12:43:50
31-Mar-19,12:43:50
31-Mar-19,12:43:50
31-Mar-19,12:43:50
31-Mar-19,12:43:50
31-Mar-19,12:43:50
31-Mar-19,12:43:50
31-Mar-19,12:43:50
31-Mar-19,12:43:50
31-Mar-19,12:43:50
31-Mar-19,12:43:50
31-Mar-19,12:43:50
31-Mar-19,12:43:50
31-Mar-19,12:43:50
31-Mar-19,12:43:50
31-Mar-19,12:43:50
31-Mar-19,12:43:50
31-Mar-19,12:43:50
31-Mar-19,12:43:50
31-Mar-19,12:43:50
31-Mar-19,12:43:50
31-Mar-19,12:43:50
31-Mar-19,12:43:50
31-Mar-19,12:43:50
31-Mar-19,12:43:50
31-Mar-19,12:43:50
31-Mar-19,12:43:50
31-Mar-19,12:43:50
31-Mar-19,12:43:50
31-Mar-19,12:43:50
31-Mar-19,12:43:50
31-Mar-19,12:43:50
31-Mar-19,12:43:50
31-Mar-19,12:43:50
31-Mar-19,12:43:50
31-Mar-19,12:43:50
31-Mar-19,12:43:50
31-Mar-19,12:43:50
31-Mar-19,12:43:50
31-Mar-19,12:43:50
31-Mar-19,12:43:50
31-Mar-19,12:43:50
31-Mar-19,12:43:50
31-Mar-19,12:43:50
31-Mar-19,12:43:50
31-Mar-19,12:43:50
31-Mar-19,12:43:50
31-Mar-19,12:43:50
31-Mar-19,12:43:50
31-Mar-19,12:43:50
31-Mar-19,12:43:50
31-Mar-19,12:43:50
31-Mar-19,12:43:50
31-Mar-19,12:43:50
31-Mar-19,12:43:50
31-Mar-19,12:43:50
31-Mar-19,12:43:50
31-Mar-19,12:43:50
31-Mar-19,12:43:50
31-Mar-19,12:43:50
31-Mar-19,12:43:50
31-Mar-19,12:43:50
31-Mar-19,12:43:50
31-Mar-19,12:43:50
31-Mar-19,12:43:50
31-Mar-19,12:43:50
31-Mar-19,12:43:50
31-Mar-19,12:43:50
31-Mar-19,12:43:50
31-Mar-19,12:43:50
31-Mar-19,12:43:50
31-Mar-19,12:43:50
31-Mar-19,12:43:50
31-Mar-19,12:43:50
31-Mar-19,12:43:50
31-Mar-19,12:43:50
31-Mar-19,12:43:51
31-Mar-19,12:43:51
31-Mar-19,12:43:51
31-Mar-19,12:43:51
31-Mar-19,12:43:51
31-Mar-19,12:43:51
31-Mar-19,12:43:51
31-Mar-19,12:43:51
31-Mar-19,12:43:51
31-Mar-19,12:43:51
31-Mar-19,12:43:51
31-Mar-19,12:43:51
31-Mar-19,12:43:51
31-Mar-19,12:43:51
31-Mar-19,12:43:51
31-Mar-19,12:43:51
31-Mar-19,12:43:51
31-Mar-19,12:43:51
31-Mar-19,12:43:51
31-Mar-19,12:43:51
31-Mar-19,12:43:51
31-Mar-19,12:43:51
31-Mar-19,12:43:51
31-Mar-19,12:43:51
31-Mar-19,12:43:51
31-Mar-19,12:43:51
31-Mar-19,12:43:51
31-Mar-19,12:43:51
31-Mar-19,12:43:51
31-Mar-19,12:43:51
31-Mar-19,12:43:51
31-Mar-19,12:43:51
31-Mar-19,12:43:51
31-Mar-19,12:43:51
31-Mar-19,12:43:51
31-Mar-19,12:43:51
31-Mar-19,12:43:51
31-Mar-19,12:43:51
31-Mar-19,12:43:51
31-Mar-19,12:43:51
31-Mar-19,12:43:51
31-Mar-19,12:43:51
31-Mar-19,12:43:51
31-Mar-19,12:43:51
31-Mar-19,12:43:51
31-Mar-19,12:43:51
31-Mar-19,12:43:51
31-Mar-19,12:43:51
31-Mar-19,12:43:51
31-Mar-19,12:43:51
31-Mar-19,12:43:51
31-Mar-19,12:43:51
31-Mar-19,12:43:51
31-Mar-19,12:43:51
31-Mar-19,12:43:51
31-Mar-19,12:43:51
31-Mar-19,12:43:51
31-Mar-19,12:43:51
31-Mar-19,12:43:51
31-Mar-19,12:43:51
31-Mar-19,12:43:51
31-Mar-19,12:43:51
31-Mar-19,12:43:51
31-Mar-19,12:43:51
31-Mar-19,12:43:51
31-Mar-19,12:43:51
31-Mar-19,12:43:51
31-Mar-19,12:43:51
31-Mar-19,12:43:51
31-Mar-19,12:43:51
31-Mar-19,12:43:51
31-Mar-19,12:43:51
31-Mar-19,12:43:51
31-Mar-19,12:43:51
31-Mar-19,12:43:51
31-Mar-19,12:43:51
31-Mar-19,12:43:51
31-Mar-19,12:43:52
31-Mar-19,12:43:52
31-Mar-19,12:43:52
31-Mar-19,12:43:52
31-Mar-19,12:43:52
31-Mar-19,12:43:52
31-Mar-19,12:43:52
31-Mar-19,12:43:52
31-Mar-19,12:43:52
31-Mar-19,12:43:52
31-Mar-19,12:43:52
31-Mar-19,12:43:52
31-Mar-19,12:43:52
31-Mar-19,12:43:52
31-Mar-19,12:43:52
31-Mar-19,12:43:52
31-Mar-19,12:43:52
31-Mar-19,12:43:52
31-Mar-19,12:43:52
31-Mar-19,12:43:52
31-Mar-19,12:43:52
31-Mar-19,12:43:52
31-Mar-19,12:43:52
31-Mar-19,12:43:52
31-Mar-19,12:43:52
31-Mar-19,12:43:52
31-Mar-19,12:43:52
31-Mar-19,12:43:52
31-Mar-19,12:43:52
31-Mar-19,12:43:52
31-Mar-19,12:43:52
31-Mar-19,12:43:52
31-Mar-19,12:43:52
31-Mar-19,12:43:52
31-Mar-19,12:43:52
31-Mar-19,12:43:52
31-Mar-19,12:43:52
31-Mar-19,12:43:52
31-Mar-19,12:43:52
31-Mar-19,12:43:52
31-Mar-19,12:43:52
31-Mar-19,12:43:52
31-Mar-19,12:43:52
31-Mar-19,12:43:52
31-Mar-19,12:43:52
31-Mar-19,12:43:52
31-Mar-19,12:43:52
31-Mar-19,12:43:52
31-Mar-19,12:43:52
31-Mar-19,12:43:52
31-Mar-19,12:43:52
31-Mar-19,12:43:52
31-Mar-19,12:43:52
31-Mar-19,12:43:52
31-Mar-19,12:43:52
31-Mar-19,12:43:52
31-Mar-19,12:43:52
31-Mar-19,12:43:52
31-Mar-19,12:43:52
31-Mar-19,12:43:52
31-Mar-19,12:43:52
31-Mar-19,12:43:52
31-Mar-19,12:43:52
31-Mar-19,12:43:52
31-Mar-19,12:43:52
31-Mar-19,12:43:52
31-Mar-19,12:43:52
31-Mar-19,12:43:52
31-Mar-19,12:43:52
31-Mar-19,12:43:52
31-Mar-19,12:43:52
31-Mar-19,12:43:52
31-Mar-19,12:43:52
31-Mar-19,12:43:52
31-Mar-19,12:43:52
31-Mar-19,12:43:52
31-Mar-19,12:43:52
31-Mar-19,12:43:52
31-Mar-19,12:43:52
31-Mar-19,12:43:52
31-Mar-19,12:43:52
31-Mar-19,12:43:52
31-Mar-19,12:43:52
31-Mar-19,12:43:52
31-Mar-19,12:43:52
31-Mar-19,12:43:52
31-Mar-19,12:43:52
31-Mar-19,12:43:52
31-Mar-19,12:43:52
31-Mar-19,12:43:52
31-Mar-19,12:43:52
31-Mar-19,12:43:53
31-Mar-19,12:43:53
31-Mar-19,12:43:53
31-Mar-19,12:43:53
31-Mar-19,12:43:53
31-Mar-19,12:43:53
31-Mar-19,12:43:53
31-Mar-19,12:43:53
31-Mar-19,12:43:53
31-Mar-19,12:43:53
31-Mar-19,12:43:53
31-Mar-19,12:43:53
31-Mar-19,12:43:53
31-Mar-19,12:43:53
31-Mar-19,12:43:53
31-Mar-19,12:43:53
31-Mar-19,12:43:53
31-Mar-19,12:43:53
31-Mar-19,12:43:53
31-Mar-19,12:43:53
31-Mar-19,12:43:53
31-Mar-19,12:43:53
31-Mar-19,12:43:53
31-Mar-19,12:43:53
31-Mar-19,12:43:53
31-Mar-19,12:43:53
31-Mar-19,12:43:53
31-Mar-19,12:43:53
31-Mar-19,12:43:53
31-Mar-19,12:43:53
31-Mar-19,12:43:53
31-Mar-19,12:43:53
31-Mar-19,12:43:53
31-Mar-19,12:43:53
31-Mar-19,12:43:53
31-Mar-19,12:43:53
31-Mar-19,12:43:53
31-Mar-19,12:43:53
31-Mar-19,12:43:53
31-Mar-19,12:43:53
31-Mar-19,12:43:53
31-Mar-19,12:43:53
31-Mar-19,12:43:53
31-Mar-19,12:43:53
31-Mar-19,12:43:53
31-Mar-19,12:43:53
31-Mar-19,12:43:53
31-Mar-19,12:43:53
31-Mar-19,12:43:53
31-Mar-19,12:43:53
31-Mar-19,12:43:53
31-Mar-19,12:43:53
31-Mar-19,12:43:53
31-Mar-19,12:43:53
31-Mar-19,12:43:53
31-Mar-19,12:43:53
31-Mar-19,12:43:53
31-Mar-19,12:43:53
31-Mar-19,12:43:53
31-Mar-19,12:43:53
31-Mar-19,12:43:53
31-Mar-19,12:43:53
31-Mar-19,12:43:53
31-Mar-19,12:43:53
31-Mar-19,12:43:53
31-Mar-19,12:43:53
31-Mar-19,12:43:53
31-Mar-19,12:43:53
31-Mar-19,12:43:53
31-Mar-19,12:43:53
31-Mar-19,12:43:53
31-Mar-19,12:43:53
31-Mar-19,12:43:53
31-Mar-19,12:43:53
31-Mar-19,12:43:53
31-Mar-19,12:43:53
31-Mar-19,12:43:53
31-Mar-19,12:43:53
31-Mar-19,12:43:53
31-Mar-19,12:43:53
31-Mar-19,12:43:53
31-Mar-19,12:43:53
31-Mar-19,12:43:53
31-Mar-19,12:43:54
31-Mar-19,12:43:54
31-Mar-19,12:43:54
31-Mar-19,12:43:54
31-Mar-19,12:43:54
31-Mar-19,12:43:54
31-Mar-19,12:43:54
31-Mar-19,12:43:54
31-Mar-19,12:43:54
31-Mar-19,12:43:54
31-Mar-19,12:43:54
31-Mar-19,12:43:54
31-Mar-19,12:43:54
31-Mar-19,12:43:54
31-Mar-19,12:43:54
31-Mar-19,12:43:54
31-Mar-19,12:43:54
31-Mar-19,12:43:54
31-Mar-19,12:43:54
31-Mar-19,12:43:54
31-Mar-19,12:43:54
31-Mar-19,12:43:54
31-Mar-19,12:43:54
31-Mar-19,12:43:54
31-Mar-19,12:43:54
31-Mar-19,12:43:54
31-Mar-19,12:43:54
31-Mar-19,12:43:54
31-Mar-19,12:43:54
31-Mar-19,12:43:54
31-Mar-19,12:43:54
31-Mar-19,12:43:54
31-Mar-19,12:43:54
31-Mar-19,12:43:54
31-Mar-19,12:43:54
31-Mar-19,12:43:54
31-Mar-19,12:43:54
31-Mar-19,12:43:54
31-Mar-19,12:43:54
31-Mar-19,12:43:54
31-Mar-19,12:43:54
31-Mar-19,12:43:54
31-Mar-19,12:43:54
31-Mar-19,12:43:54
31-Mar-19,12:43:54
31-Mar-19,12:43:54
31-Mar-19,12:43:54
31-Mar-19,12:43:54
31-Mar-19,12:43:54
31-Mar-19,12:43:54
31-Mar-19,12:43:54
31-Mar-19,12:43:54
31-Mar-19,12:43:54
31-Mar-19,12:43:54
31-Mar-19,12:43:54
31-Mar-19,12:43:54
31-Mar-19,12:43:54
31-Mar-19,12:43:54
31-Mar-19,12:43:54
31-Mar-19,12:43:54
31-Mar-19,12:43:54
31-Mar-19,12:43:54
31-Mar-19,12:43:54
31-Mar-19,12:43:54
31-Mar-19,12:43:54
31-Mar-19,12:43:54
31-Mar-19,12:43:54
31-Mar-19,12:43:54
31-Mar-19,12:43:54
31-Mar-19,12:43:54
31-Mar-19,12:43:54
31-Mar-19,12:43:54
31-Mar-19,12:43:54
31-Mar-19,12:43:54
31-Mar-19,12:43:54
31-Mar-19,12:43:54
31-Mar-19,12:43:54
31-Mar-19,12:43:54
31-Mar-19,12:43:54
31-Mar-19,12:43:54
31-Mar-19,12:43:54
31-Mar-19,12:43:55
31-Mar-19,12:43:55
31-Mar-19,12:43:55
31-Mar-19,12:43:55
31-Mar-19,12:43:55
31-Mar-19,12:43:55
31-Mar-19,12:43:55
31-Mar-19,12:43:55
31-Mar-19,12:43:55
31-Mar-19,12:43:55
31-Mar-19,12:43:55
31-Mar-19,12:43:55
31-Mar-19,12:43:55
31-Mar-19,12:43:55
31-Mar-19,12:43:55
31-Mar-19,12:43:55
31-Mar-19,12:43:55
31-Mar-19,12:43:55
31-Mar-19,12:43:55
31-Mar-19,12:43:55
31-Mar-19,12:43:55
31-Mar-19,12:43:55
31-Mar-19,12:43:55
31-Mar-19,12:43:55
31-Mar-19,12:43:55
31-Mar-19,12:43:55
31-Mar-19,12:43:55
31-Mar-19,12:43:55
31-Mar-19,12:43:55
31-Mar-19,12:43:55
31-Mar-19,12:43:55
31-Mar-19,12:43:55
31-Mar-19,12:43:55
31-Mar-19,12:43:55
31-Mar-19,12:43:55
31-Mar-19,12:43:55
31-Mar-19,12:43:55
31-Mar-19,12:43:55
31-Mar-19,12:43:55
31-Mar-19,12:43:55
31-Mar-19,12:43:55
31-Mar-19,12:43:55
31-Mar-19,12:43:55
31-Mar-19,12:43:55
31-Mar-19,12:43:55
31-Mar-19,12:43:55
31-Mar-19,12:43:55
31-Mar-19,12:43:55
31-Mar-19,12:43:55
31-Mar-19,12:43:55
31-Mar-19,12:43:55
31-Mar-19,12:43:55
31-Mar-19,12:43:55
31-Mar-19,12:43:55
31-Mar-19,12:43:55
31-Mar-19,12:43:55
31-Mar-19,12:43:55
31-Mar-19,12:43:55
31-Mar-19,12:43:55
31-Mar-19,12:43:55
31-Mar-19,12:43:55
31-Mar-19,12:43:55
31-Mar-19,12:43:55
31-Mar-19,12:43:55
31-Mar-19,12:43:55
31-Mar-19,12:43:55
31-Mar-19,12:43:55
31-Mar-19,12:43:55
31-Mar-19,12:43:55
31-Mar-19,12:43:55
31-Mar-19,12:43:55
31-Mar-19,12:43:55
31-Mar-19,12:43:55
31-Mar-19,12:43:55
31-Mar-19,12:43:55
31-Mar-19,12:43:55
31-Mar-19,12:43:55
31-Mar-19,12:43:55
31-Mar-19,12:43:55
31-Mar-19,12:43:55
31-Mar-19,12:43:55
31-Mar-19,12:43:55
31-Mar-19,12:43:55
31-Mar-19,12:43:55
31-Mar-19,12:43:55
31-Mar-19,12:43:55
31-Mar-19,12:43:55
31-Mar-19,12:43:55
31-Mar-19,12:43:55
31-Mar-19,12:43:55
31-Mar-19,12:43:55
31-Mar-19,12:43:56
31-Mar-19,12:43:56
31-Mar-19,12:43:56
31-Mar-19,12:43:56
31-Mar-19,12:43:56
31-Mar-19,12:43:56
31-Mar-19,12:43:56
31-Mar-19,12:43:56
31-Mar-19,12:43:56
31-Mar-19,12:43:56
31-Mar-19,12:43:56
31-Mar-19,12:43:56
31-Mar-19,12:43:56
31-Mar-19,12:43:56
31-Mar-19,12:43:56
31-Mar-19,12:43:56
31-Mar-19,12:43:56
31-Mar-19,12:43:56
31-Mar-19,12:43:56
31-Mar-19,12:43:56
31-Mar-19,12:43:56
31-Mar-19,12:43:56
31-Mar-19,12:43:56
31-Mar-19,12:43:56
31-Mar-19,12:43:56
31-Mar-19,12:43:56
31-Mar-19,12:43:56
31-Mar-19,12:43:56
31-Mar-19,12:43:56
31-Mar-19,12:43:56
31-Mar-19,12:43:56
31-Mar-19,12:43:56
31-Mar-19,12:43:56
31-Mar-19,12:43:56
31-Mar-19,12:43:56
31-Mar-19,12:43:56
31-Mar-19,12:43:56
31-Mar-19,12:43:56
31-Mar-19,12:43:56
31-Mar-19,12:43:56
31-Mar-19,12:43:56
31-Mar-19,12:43:56
31-Mar-19,12:43:56
31-Mar-19,12:43:56
31-Mar-19,12:43:56
31-Mar-19,12:43:56
31-Mar-19,12:43:56
31-Mar-19,12:43:56
31-Mar-19,12:43:56
31-Mar-19,12:43:56
31-Mar-19,12:43:56
31-Mar-19,12:43:56
31-Mar-19,12:43:56
31-Mar-19,12:43:56
31-Mar-19,12:43:56
31-Mar-19,12:43:56
31-Mar-19,12:43:56
31-Mar-19,12:43:56
31-Mar-19,12:43:56
31-Mar-19,12:43:56
31-Mar-19,12:43:56
31-Mar-19,12:43:56
31-Mar-19,12:43:56
31-Mar-19,12:43:56
31-Mar-19,12:43:56
31-Mar-19,12:43:56
31-Mar-19,12:43:56
31-Mar-19,12:43:56
31-Mar-19,12:43:56
31-Mar-19,12:43:56
31-Mar-19,12:43:56
31-Mar-19,12:43:56
31-Mar-19,12:43:56
31-Mar-19,12:43:56
31-Mar-19,12:43:56
31-Mar-19,12:43:56
31-Mar-19,12:43:56
31-Mar-19,12:43:56
31-Mar-19,12:43:57
31-Mar-19,12:43:57
31-Mar-19,12:43:57
31-Mar-19,12:43:57
31-Mar-19,12:43:57
31-Mar-19,12:43:57
31-Mar-19,12:43:57
31-Mar-19,12:43:57
31-Mar-19,12:43:57
31-Mar-19,12:43:57
31-Mar-19,12:43:57
31-Mar-19,12:43:57
31-Mar-19,12:43:57
31-Mar-19,12:43:57
31-Mar-19,12:43:57
31-Mar-19,12:43:57
31-Mar-19,12:43:57
31-Mar-19,12:43:57
31-Mar-19,12:43:57
31-Mar-19,12:43:57
31-Mar-19,12:43:57
31-Mar-19,12:43:57
31-Mar-19,12:43:57
31-Mar-19,12:43:57
31-Mar-19,12:43:57
31-Mar-19,12:43:57
31-Mar-19,12:43:57
31-Mar-19,12:43:57
31-Mar-19,12:43:57
31-Mar-19,12:43:57
31-Mar-19,12:43:57
31-Mar-19,12:43:57
31-Mar-19,12:43:57
31-Mar-19,12:43:57
31-Mar-19,12:43:57
31-Mar-19,12:43:57
31-Mar-19,12:43:57
31-Mar-19,12:43:57
31-Mar-19,12:43:57
31-Mar-19,12:43:57
31-Mar-19,12:43:57
31-Mar-19,12:43:57
31-Mar-19,12:43:57
31-Mar-19,12:43:57
31-Mar-19,12:43:57
31-Mar-19,12:43:57
31-Mar-19,12:43:57
31-Mar-19,12:43:57
31-Mar-19,12:43:57
31-Mar-19,12:43:57
31-Mar-19,12:43:57
31-Mar-19,12:43:57
31-Mar-19,12:43:57
31-Mar-19,12:43:57
31-Mar-19,12:43:57
31-Mar-19,12:43:57
31-Mar-19,12:43:57
31-Mar-19,12:43:57
31-Mar-19,12:43:57
31-Mar-19,12:43:57
31-Mar-19,12:43:57
31-Mar-19,12:43:57
31-Mar-19,12:43:57
31-Mar-19,12:43:57
31-Mar-19,12:43:57
31-Mar-19,12:43:57
31-Mar-19,12:43:57
31-Mar-19,12:43:57
31-Mar-19,12:43:57
31-Mar-19,12:43:57
31-Mar-19,12:43:57
31-Mar-19,12:43:57
31-Mar-19,12:43:57
31-Mar-19,12:43:57
31-Mar-19,12:43:57
31-Mar-19,12:43:57
31-Mar-19,12:43:57
31-Mar-19,12:43:57
31-Mar-19,12:43:57
31-Mar-19,12:43:57
31-Mar-19,12:43:57
31-Mar-19,12:43:57
31-Mar-19,12:43:57
31-Mar-19,12:43:57
31-Mar-19,12:43:57
31-Mar-19,12:43:57
31-Mar-19,12:43:57
31-Mar-19,12:43:57
31-Mar-19,12:43:57
31-Mar-19,12:43:57
31-Mar-19,12:43:58
31-Mar-19,12:43:58
31-Mar-19,12:43:58
31-Mar-19,12:43:58
31-Mar-19,12:43:58
31-Mar-19,12:43:58
31-Mar-19,12:43:58
31-Mar-19,12:43:58
31-Mar-19,12:43:58
31-Mar-19,12:43:58
31-Mar-19,12:43:58
31-Mar-19,12:43:58
31-Mar-19,12:43:58
31-Mar-19,12:43:58
31-Mar-19,12:43:58
31-Mar-19,12:43:58
31-Mar-19,12:43:58
31-Mar-19,12:43:58
31-Mar-19,12:43:58
31-Mar-19,12:43:58
31-Mar-19,12:43:58
31-Mar-19,12:43:58
31-Mar-19,12:43:58
31-Mar-19,12:43:58
31-Mar-19,12:43:58
31-Mar-19,12:43:58
31-Mar-19,12:43:58
31-Mar-19,12:43:58
31-Mar-19,12:43:58
31-Mar-19,12:43:58
31-Mar-19,12:43:58
31-Mar-19,12:43:58
31-Mar-19,12:43:58
31-Mar-19,12:43:58
31-Mar-19,12:43:58
31-Mar-19,12:43:58
31-Mar-19,12:43:58
31-Mar-19,12:43:58
31-Mar-19,12:43:58
31-Mar-19,12:43:58
31-Mar-19,12:43:58
31-Mar-19,12:43:58
31-Mar-19,12:43:58
31-Mar-19,12:43:58
31-Mar-19,12:43:58
31-Mar-19,12:43:58
31-Mar-19,12:43:58
31-Mar-19,12:43:58
31-Mar-19,12:43:58
31-Mar-19,12:43:58
31-Mar-19,12:43:58
31-Mar-19,12:43:58
31-Mar-19,12:43:58
31-Mar-19,12:43:58
31-Mar-19,12:43:58
31-Mar-19,12:43:58
31-Mar-19,12:43:58
31-Mar-19,12:43:58
31-Mar-19,12:43:58
31-Mar-19,12:43:58
31-Mar-19,12:43:58
31-Mar-19,12:43:58
31-Mar-19,12:43:58
31-Mar-19,12:43:58
31-Mar-19,12:43:58
31-Mar-19,12:43:58
31-Mar-19,12:43:58
31-Mar-19,12:43:58
31-Mar-19,12:43:58
31-Mar-19,12:43:58
31-Mar-19,12:43:58
31-Mar-19,12:43:58
31-Mar-19,12:43:58
31-Mar-19,12:43:58
31-Mar-19,12:43:58
31-Mar-19,12:43:58
31-Mar-19,12:43:58
31-Mar-19,12:43:58
31-Mar-19,12:43:58
31-Mar-19,12:43:58
31-Mar-19,12:43:58
31-Mar-19,12:43:58
31-Mar-19,12:43:58
31-Mar-19,12:43:58
31-Mar-19,12:43:58
31-Mar-19,12:43:58
31-Mar-19,12:43:59
31-Mar-19,12:43:59
31-Mar-19,12:43:59
31-Mar-19,12:43:59
31-Mar-19,12:43:59
31-Mar-19,12:43:59
31-Mar-19,12:43:59
31-Mar-19,12:43:59
31-Mar-19,12:43:59
31-Mar-19,12:43:59
31-Mar-19,12:43:59
31-Mar-19,12:43:59
31-Mar-19,12:43:59
31-Mar-19,12:43:59
31-Mar-19,12:43:59
31-Mar-19,12:43:59
31-Mar-19,12:43:59
31-Mar-19,12:43:59
31-Mar-19,12:43:59
31-Mar-19,12:43:59
31-Mar-19,12:43:59
31-Mar-19,12:43:59
31-Mar-19,12:43:59
31-Mar-19,12:43:59
31-Mar-19,12:43:59
31-Mar-19,12:43:59
31-Mar-19,12:43:59
31-Mar-19,12:43:59
31-Mar-19,12:43:59
31-Mar-19,12:43:59
31-Mar-19,12:43:59
31-Mar-19,12:43:59
31-Mar-19,12:43:59
31-Mar-19,12:43:59
31-Mar-19,12:43:59
31-Mar-19,12:43:59
31-Mar-19,12:43:59
31-Mar-19,12:43:59
31-Mar-19,12:43:59
31-Mar-19,12:43:59
31-Mar-19,12:43:59
31-Mar-19,12:43:59
31-Mar-19,12:43:59
31-Mar-19,12:43:59
31-Mar-19,12:43:59
31-Mar-19,12:43:59
31-Mar-19,12:43:59
31-Mar-19,12:43:59
31-Mar-19,12:43:59
31-Mar-19,12:43:59
31-Mar-19,12:43:59
31-Mar-19,12:43:59
31-Mar-19,12:43:59
31-Mar-19,12:43:59
31-Mar-19,12:43:59
31-Mar-19,12:43:59
31-Mar-19,12:43:59
31-Mar-19,12:43:59
31-Mar-19,12:43:59
31-Mar-19,12:43:59
31-Mar-19,12:43:59
31-Mar-19,12:43:59
31-Mar-19,12:43:59
31-Mar-19,12:43:59
31-Mar-19,12:43:59
31-Mar-19,12:43:59
31-Mar-19,12:43:59
31-Mar-19,12:43:59
31-Mar-19,12:43:59
31-Mar-19,12:43:59
31-Mar-19,12:43:59
31-Mar-19,12:43:59
31-Mar-19,12:41:14
31-Mar-19,12:41:14
31-Mar-19,12:41:14
31-Mar-19,12:41:14
31-Mar-19,12:41:14
31-Mar-19,12:41:14
31-Mar-19,12:41:14
31-Mar-19,12:41:14
31-Mar-19,12:41:14
31-Mar-19,12:41:14
31-Mar-19,12:41:14
31-Mar-19,12:41:14
31-Mar-19,12:41:14
31-Mar-19,12:41:14
31-Mar-19,12:41:14
31-Mar-19,12:41:14
31-Mar-19,12:41:14
31-Mar-19,12:41:14
31-Mar-19,12:41:14
31-Mar-19,12:41:14
31-Mar-19,12:41:14
31-Mar-19,12:41:14
31-Mar-19,12:41:14
31-Mar-19,12:41:14
31-Mar-19,12:41:14
31-Mar-19,12:41:14
31-Mar-19,12:41:14
31-Mar-19,12:41:14
31-Mar-19,12:41:15
31-Mar-19,12:41:15
31-Mar-19,12:41:15
31-Mar-19,12:41:15
31-Mar-19,12:41:15
31-Mar-19,12:41:15
31-Mar-19,12:41:15
31-Mar-19,12:41:15
31-Mar-19,12:41:15
31-Mar-19,12:41:15
31-Mar-19,12:41:15
31-Mar-19,12:41:15
31-Mar-19,12:41:15
31-Mar-19,12:41:15
31-Mar-19,12:41:15
31-Mar-19,12:41:15
31-Mar-19,12:41:15
31-Mar-19,12:41:15
31-Mar-19,12:41:15
31-Mar-19,12:41:15
31-Mar-19,12:41:15
31-Mar-19,12:41:15
31-Mar-19,12:41:15
31-Mar-19,12:41:15
31-Mar-19,12:41:15
31-Mar-19,12:41:15
31-Mar-19,12:41:15
31-Mar-19,12:41:15
31-Mar-19,12:41:15
31-Mar-19,12:41:15
31-Mar-19,12:41:15
31-Mar-19,12:41:15
31-Mar-19,12:41:15
31-Mar-19,12:41:15
31-Mar-19,12:41:15
31-Mar-19,12:41:15
31-Mar-19,12:41:15
31-Mar-19,12:41:15
31-Mar-19,12:41:15
31-Mar-19,12:41:15
31-Mar-19,12:41:15
31-Mar-19,12:41:15
31-Mar-19,12:41:15
31-Mar-19,12:41:15
31-Mar-19,12:41:15
31-Mar-19,12:41:15
31-Mar-19,12:41:15
31-Mar-19,12:41:15
31-Mar-19,12:41:15
31-Mar-19,12:41:15
31-Mar-19,12:41:15
31-Mar-19,12:41:15
31-Mar-19,12:41:15
31-Mar-19,12:41:16
31-Mar-19,12:41:16
31-Mar-19,12:41:16
31-Mar-19,12:41:16
31-Mar-19,12:41:16
31-Mar-19,12:41:16
31-Mar-19,12:41:16
31-Mar-19,12:41:16
31-Mar-19,12:41:16
31-Mar-19,12:41:16
31-Mar-19,12:41:16
31-Mar-19,12:41:16
31-Mar-19,12:41:16
31-Mar-19,12:41:16
31-Mar-19,12:41:16
31-Mar-19,12:41:16
31-Mar-19,12:41:16
31-Mar-19,12:41:16
31-Mar-19,12:41:16
31-Mar-19,12:41:16
31-Mar-19,12:41:16
31-Mar-19,12:41:16
31-Mar-19,12:41:16
31-Mar-19,12:41:16
31-Mar-19,12:41:16
31-Mar-19,12:41:16
31-Mar-19,12:41:16
31-Mar-19,12:41:16
31-Mar-19,12:41:16
31-Mar-19,12:41:16
31-Mar-19,12:41:16
31-Mar-19,12:41:16
31-Mar-19,12:41:16
31-Mar-19,12:41:16
31-Mar-19,12:41:16
31-Mar-19,12:41:16
31-Mar-19,12:41:16
31-Mar-19,12:41:16
31-Mar-19,12:41:16
31-Mar-19,12:41:16
31-Mar-19,12:41:16
31-Mar-19,12:41:16
31-Mar-19,12:41:16
31-Mar-19,12:41:16
31-Mar-19,12:41:16
31-Mar-19,12:41:16
31-Mar-19,12:41:16
31-Mar-19,12:41:16
31-Mar-19,12:41:16
31-Mar-19,12:41:16
31-Mar-19,12:41:16
31-Mar-19,12:41:16
31-Mar-19,12:41:16
31-Mar-19,12:41:17
31-Mar-19,12:41:17
31-Mar-19,12:41:17
31-Mar-19,12:41:17
31-Mar-19,12:41:17
31-Mar-19,12:41:17
31-Mar-19,12:41:17
31-Mar-19,12:41:17
31-Mar-19,12:41:17
31-Mar-19,12:41:17
31-Mar-19,12:41:17
31-Mar-19,12:41:17
31-Mar-19,12:41:17
31-Mar-19,12:41:17
31-Mar-19,12:41:17
31-Mar-19,12:41:17
31-Mar-19,12:41:17
31-Mar-19,12:41:17
31-Mar-19,12:41:17
31-Mar-19,12:41:17
31-Mar-19,12:41:17
31-Mar-19,12:41:17
31-Mar-19,12:41:17
31-Mar-19,12:41:17
31-Mar-19,12:41:17
31-Mar-19,12:41:17
31-Mar-19,12:41:17
31-Mar-19,12:41:17
31-Mar-19,12:41:17
31-Mar-19,12:41:17
31-Mar-19,12:41:17
31-Mar-19,12:41:17
31-Mar-19,12:41:17
31-Mar-19,12:41:17
31-Mar-19,12:41:17
31-Mar-19,12:41:17
31-Mar-19,12:41:17
31-Mar-19,12:41:17
31-Mar-19,12:41:17
31-Mar-19,12:41:17
31-Mar-19,12:41:17
31-Mar-19,12:41:17
31-Mar-19,12:41:17
31-Mar-19,12:41:17
31-Mar-19,12:41:17
31-Mar-19,12:41:17
31-Mar-19,12:41:17
31-Mar-19,12:41:17
31-Mar-19,12:41:17
31-Mar-19,12:41:17
31-Mar-19,12:41:17
31-Mar-19,12:41:17
31-Mar-19,12:41:17
31-Mar-19,12:41:17
31-Mar-19,12:41:18
31-Mar-19,12:41:18
31-Mar-19,12:41:18
31-Mar-19,12:41:18
31-Mar-19,12:41:18
31-Mar-19,12:41:18
31-Mar-19,12:41:18
31-Mar-19,12:41:18
31-Mar-19,12:41:18
31-Mar-19,12:41:18
31-Mar-19,12:41:18
31-Mar-19,12:41:18
31-Mar-19,12:41:18
31-Mar-19,12:41:18
31-Mar-19,12:41:18
31-Mar-19,12:41:18
31-Mar-19,12:41:18
31-Mar-19,12:41:18
31-Mar-19,12:41:18
31-Mar-19,12:41:18
31-Mar-19,12:41:18
31-Mar-19,12:41:18
31-Mar-19,12:41:18
31-Mar-19,12:41:18
31-Mar-19,12:41:18
31-Mar-19,12:41:18
31-Mar-19,12:41:18
31-Mar-19,12:41:18
31-Mar-19,12:41:18
31-Mar-19,12:41:18
31-Mar-19,12:41:18
31-Mar-19,12:41:18
31-Mar-19,12:41:18
31-Mar-19,12:41:18
31-Mar-19,12:41:18
31-Mar-19,12:41:18
31-Mar-19,12:41:18
31-Mar-19,12:41:18
31-Mar-19,12:41:18
31-Mar-19,12:41:18
31-Mar-19,12:41:18
31-Mar-19,12:41:18
31-Mar-19,12:41:18
31-Mar-19,12:41:18
31-Mar-19,12:41:18
31-Mar-19,12:41:18
31-Mar-19,12:41:18
31-Mar-19,12:41:18
31-Mar-19,12:41:18
31-Mar-19,12:41:18
31-Mar-19,12:41:18
31-Mar-19,12:41:18
31-Mar-19,12:41:18
31-Mar-19,12:41:18
31-Mar-19,12:41:19
31-Mar-19,12:41:19
31-Mar-19,12:41:19
31-Mar-19,12:41:19
31-Mar-19,12:41:19
31-Mar-19,12:41:19
31-Mar-19,12:41:19
31-Mar-19,12:41:19
31-Mar-19,12:41:19
31-Mar-19,12:41:19
31-Mar-19,12:41:19
31-Mar-19,12:41:19
31-Mar-19,12:41:19
31-Mar-19,12:41:19
31-Mar-19,12:41:19
31-Mar-19,12:41:19
31-Mar-19,12:41:19
31-Mar-19,12:41:19
31-Mar-19,12:41:19
31-Mar-19,12:41:19
31-Mar-19,12:41:19
31-Mar-19,12:41:19
31-Mar-19,12:41:19
31-Mar-19,12:41:19
31-Mar-19,12:41:19
31-Mar-19,12:41:19
31-Mar-19,12:41:19
31-Mar-19,12:41:19
31-Mar-19,12:41:19
31-Mar-19,12:41:19
31-Mar-19,12:41:19
31-Mar-19,12:41:19
31-Mar-19,12:41:19
31-Mar-19,12:41:19
31-Mar-19,12:41:19
31-Mar-19,12:41:19
31-Mar-19,12:41:19
31-Mar-19,12:41:19
31-Mar-19,12:41:19
31-Mar-19,12:41:19
31-Mar-19,12:41:19
31-Mar-19,12:41:19
31-Mar-19,12:41:19
31-Mar-19,12:41:19
31-Mar-19,12:41:19
31-Mar-19,12:41:19
31-Mar-19,12:41:19
31-Mar-19,12:41:19
31-Mar-19,12:41:19
31-Mar-19,12:41:19
31-Mar-19,12:41:19
31-Mar-19,12:41:19
31-Mar-19,12:41:19
31-Mar-19,12:41:19
31-Mar-19,12:41:20
31-Mar-19,12:41:20
31-Mar-19,12:41:20
31-Mar-19,12:41:20
31-Mar-19,12:41:20
31-Mar-19,12:41:20
31-Mar-19,12:41:20
31-Mar-19,12:41:20
31-Mar-19,12:41:20
31-Mar-19,12:41:20
31-Mar-19,12:41:20
31-Mar-19,12:41:20
31-Mar-19,12:41:20
31-Mar-19,12:41:20
31-Mar-19,12:41:20
31-Mar-19,12:41:20
31-Mar-19,12:41:20
31-Mar-19,12:41:20
31-Mar-19,12:41:20
31-Mar-19,12:41:20
31-Mar-19,12:41:20
31-Mar-19,12:41:20
31-Mar-19,12:41:20
31-Mar-19,12:41:20
31-Mar-19,12:41:20
31-Mar-19,12:41:20
31-Mar-19,12:41:20
31-Mar-19,12:41:20
31-Mar-19,12:41:20
31-Mar-19,12:41:20
31-Mar-19,12:41:20
31-Mar-19,12:41:20
31-Mar-19,12:41:20
31-Mar-19,12:41:20
31-Mar-19,12:41:20
31-Mar-19,12:41:20
31-Mar-19,12:41:20
31-Mar-19,12:41:20
31-Mar-19,12:41:20
31-Mar-19,12:41:20
31-Mar-19,12:41:20
31-Mar-19,12:41:20
31-Mar-19,12:41:20
31-Mar-19,12:41:20
31-Mar-19,12:41:20
31-Mar-19,12:41:20
31-Mar-19,12:41:20
31-Mar-19,12:41:20
31-Mar-19,12:41:20
31-Mar-19,12:41:20
31-Mar-19,12:41:20
31-Mar-19,12:41:20
31-Mar-19,12:41:20
31-Mar-19,12:41:20
31-Mar-19,12:41:21
31-Mar-19,12:41:21
31-Mar-19,12:41:21
31-Mar-19,12:41:21
31-Mar-19,12:41:21
31-Mar-19,12:41:21
31-Mar-19,12:41:21
31-Mar-19,12:41:21
31-Mar-19,12:41:21
31-Mar-19,12:41:21
31-Mar-19,12:41:21
31-Mar-19,12:41:21
31-Mar-19,12:41:21
31-Mar-19,12:41:21
31-Mar-19,12:41:21
31-Mar-19,12:41:21
31-Mar-19,12:41:21
31-Mar-19,12:41:21
31-Mar-19,12:41:21
31-Mar-19,12:41:21
31-Mar-19,12:41:21
31-Mar-19,12:41:21
31-Mar-19,12:41:21
31-Mar-19,12:41:21
31-Mar-19,12:41:21
31-Mar-19,12:41:21
31-Mar-19,12:41:21
31-Mar-19,12:41:21
31-Mar-19,12:41:21
31-Mar-19,12:41:21
31-Mar-19,12:41:21
31-Mar-19,12:41:21
31-Mar-19,12:41:21
31-Mar-19,12:41:21
31-Mar-19,12:41:21
31-Mar-19,12:41:21
31-Mar-19,12:41:21
31-Mar-19,12:41:21
31-Mar-19,12:41:21
31-Mar-19,12:41:21
31-Mar-19,12:41:21
31-Mar-19,12:41:21
31-Mar-19,12:41:21
31-Mar-19,12:41:21
31-Mar-19,12:41:21
31-Mar-19,12:41:21
31-Mar-19,12:41:21
31-Mar-19,12:41:21
31-Mar-19,12:41:21
31-Mar-19,12:41:21
31-Mar-19,12:41:21
31-Mar-19,12:41:21
31-Mar-19,12:41:21
31-Mar-19,12:41:21
31-Mar-19,12:41:22
31-Mar-19,12:41:22
31-Mar-19,12:41:22
31-Mar-19,12:41:22
31-Mar-19,12:41:22
31-Mar-19,12:41:22
31-Mar-19,12:41:22
31-Mar-19,12:41:22
31-Mar-19,12:41:22
31-Mar-19,12:41:22
31-Mar-19,12:41:22
31-Mar-19,12:41:22
31-Mar-19,12:41:22
31-Mar-19,12:41:22
31-Mar-19,12:41:22
31-Mar-19,12:41:22
31-Mar-19,12:41:22
31-Mar-19,12:41:22
31-Mar-19,12:41:22
31-Mar-19,12:41:22
31-Mar-19,12:41:22
31-Mar-19,12:41:22
31-Mar-19,12:41:22
31-Mar-19,12:41:22
31-Mar-19,12:41:22
31-Mar-19,12:41:22
31-Mar-19,12:41:22
31-Mar-19,12:41:22
31-Mar-19,12:41:22
31-Mar-19,12:41:22
31-Mar-19,12:41:22
31-Mar-19,12:41:22
31-Mar-19,12:41:22
31-Mar-19,12:41:22
31-Mar-19,12:41:22
31-Mar-19,12:41:22
31-Mar-19,12:41:22
31-Mar-19,12:41:22
31-Mar-19,12:41:22
31-Mar-19,12:41:22
31-Mar-19,12:41:22
31-Mar-19,12:41:22
31-Mar-19,12:41:22
31-Mar-19,12:41:22
31-Mar-19,12:41:22
31-Mar-19,12:41:22
31-Mar-19,12:41:22
31-Mar-19,12:41:22
31-Mar-19,12:41:22
31-Mar-19,12:41:22
31-Mar-19,12:41:22
31-Mar-19,12:41:22
31-Mar-19,12:41:22
31-Mar-19,12:41:22
31-Mar-19,12:41:22
31-Mar-19,12:41:23
31-Mar-19,12:41:23
31-Mar-19,12:41:23
31-Mar-19,12:41:23
31-Mar-19,12:41:23
31-Mar-19,12:41:23
31-Mar-19,12:41:23
31-Mar-19,12:41:23
31-Mar-19,12:41:23
31-Mar-19,12:41:23
31-Mar-19,12:41:23
31-Mar-19,12:41:23
31-Mar-19,12:41:23
31-Mar-19,12:41:23
31-Mar-19,12:41:23
31-Mar-19,12:41:23
31-Mar-19,12:41:23
31-Mar-19,12:41:23
31-Mar-19,12:41:23
31-Mar-19,12:41:23
31-Mar-19,12:41:23
31-Mar-19,12:41:23
31-Mar-19,12:41:23
31-Mar-19,12:41:23
31-Mar-19,12:41:23
31-Mar-19,12:41:23
31-Mar-19,12:41:23
31-Mar-19,12:41:23
31-Mar-19,12:41:23
31-Mar-19,12:41:23
31-Mar-19,12:41:23
31-Mar-19,12:41:23
31-Mar-19,12:41:23
31-Mar-19,12:41:23
31-Mar-19,12:41:23
31-Mar-19,12:41:23
31-Mar-19,12:41:23
31-Mar-19,12:41:23
31-Mar-19,12:41:23
31-Mar-19,12:41:23
31-Mar-19,12:41:23
31-Mar-19,12:41:23
31-Mar-19,12:41:23
31-Mar-19,12:41:23
31-Mar-19,12:41:23
31-Mar-19,12:41:23
31-Mar-19,12:41:23
31-Mar-19,12:41:23
31-Mar-19,12:41:23
31-Mar-19,12:41:23
31-Mar-19,12:41:23
31-Mar-19,12:41:23
31-Mar-19,12:41:23
31-Mar-19,12:41:23
31-Mar-19,12:41:23
31-Mar-19,12:41:24
31-Mar-19,12:41:24
31-Mar-19,12:41:24
31-Mar-19,12:41:24
31-Mar-19,12:41:24
31-Mar-19,12:41:24
31-Mar-19,12:41:24
31-Mar-19,12:41:24
31-Mar-19,12:41:24
31-Mar-19,12:41:24
31-Mar-19,12:41:24
31-Mar-19,12:41:24
31-Mar-19,12:41:24
31-Mar-19,12:41:24
31-Mar-19,12:41:24
31-Mar-19,12:41:24
31-Mar-19,12:41:24
31-Mar-19,12:41:24
31-Mar-19,12:41:24
31-Mar-19,12:41:24
31-Mar-19,12:41:24
31-Mar-19,12:41:24
31-Mar-19,12:41:24
31-Mar-19,12:41:24
31-Mar-19,12:41:24
31-Mar-19,12:41:24
31-Mar-19,12:41:24
31-Mar-19,12:41:24
31-Mar-19,12:41:24
31-Mar-19,12:41:24
31-Mar-19,12:41:24
31-Mar-19,12:41:24
31-Mar-19,12:41:24
31-Mar-19,12:41:24
31-Mar-19,12:41:24
31-Mar-19,12:41:24
31-Mar-19,12:41:24
31-Mar-19,12:41:24
31-Mar-19,12:41:24
31-Mar-19,12:41:24
31-Mar-19,12:41:24
31-Mar-19,12:41:24
31-Mar-19,12:41:24
31-Mar-19,12:41:24
31-Mar-19,12:41:24
31-Mar-19,12:41:24
31-Mar-19,12:41:24
31-Mar-19,12:41:24
31-Mar-19,12:41:24
31-Mar-19,12:41:24
31-Mar-19,12:41:24
31-Mar-19,12:41:24
31-Mar-19,12:41:24
31-Mar-19,12:41:24
31-Mar-19,12:41:24
31-Mar-19,12:41:25
31-Mar-19,12:41:25
31-Mar-19,12:41:25
31-Mar-19,12:41:25
31-Mar-19,12:41:25
31-Mar-19,12:41:25
31-Mar-19,12:41:25
31-Mar-19,12:41:25
31-Mar-19,12:41:25
31-Mar-19,12:41:25
31-Mar-19,12:41:25
31-Mar-19,12:41:25
31-Mar-19,12:41:25
31-Mar-19,12:41:25
31-Mar-19,12:41:25
31-Mar-19,12:41:25
31-Mar-19,12:41:25
31-Mar-19,12:41:25
31-Mar-19,12:41:25
31-Mar-19,12:41:25
31-Mar-19,12:41:25
31-Mar-19,12:41:25
31-Mar-19,12:41:25
31-Mar-19,12:41:25
31-Mar-19,12:41:25
31-Mar-19,12:41:25
31-Mar-19,12:41:25
31-Mar-19,12:41:25
31-Mar-19,12:41:25
31-Mar-19,12:41:25
31-Mar-19,12:41:25
31-Mar-19,12:41:25
31-Mar-19,12:41:25
31-Mar-19,12:41:25
31-Mar-19,12:41:25
31-Mar-19,12:41:25
31-Mar-19,12:41:25
31-Mar-19,12:41:25
31-Mar-19,12:41:25
31-Mar-19,12:41:25
31-Mar-19,12:41:25
31-Mar-19,12:41:25
31-Mar-19,12:41:25
31-Mar-19,12:41:25
31-Mar-19,12:41:25
31-Mar-19,12:41:25
31-Mar-19,12:41:25
31-Mar-19,12:41:25
31-Mar-19,12:41:25
31-Mar-19,12:41:25
31-Mar-19,12:41:25
31-Mar-19,12:41:25
31-Mar-19,12:41:25
31-Mar-19,12:41:25
31-Mar-19,12:41:25
31-Mar-19,12:41:26
31-Mar-19,12:41:26
31-Mar-19,12:41:26
31-Mar-19,12:41:26
31-Mar-19,12:41:26
31-Mar-19,12:41:26
31-Mar-19,12:41:26
31-Mar-19,12:41:26
31-Mar-19,12:41:26
31-Mar-19,12:41:26
31-Mar-19,12:41:26
31-Mar-19,12:41:26
31-Mar-19,12:41:26
31-Mar-19,12:41:26
31-Mar-19,12:41:26
31-Mar-19,12:41:26
31-Mar-19,12:41:26
31-Mar-19,12:41:26
31-Mar-19,12:41:26
31-Mar-19,12:41:26
31-Mar-19,12:41:26
31-Mar-19,12:41:26
31-Mar-19,12:41:26
31-Mar-19,12:41:26
31-Mar-19,12:41:26
31-Mar-19,12:41:26
31-Mar-19,12:41:26
31-Mar-19,12:41:26
31-Mar-19,12:41:26
31-Mar-19,12:41:26
31-Mar-19,12:41:26
31-Mar-19,12:41:26
31-Mar-19,12:41:26
31-Mar-19,12:41:26
31-Mar-19,12:41:26
31-Mar-19,12:41:26
31-Mar-19,12:41:26
31-Mar-19,12:41:26
31-Mar-19,12:41:26
31-Mar-19,12:41:26
31-Mar-19,12:41:26
31-Mar-19,12:41:26
31-Mar-19,12:41:26
31-Mar-19,12:41:26
31-Mar-19,12:41:26
31-Mar-19,12:41:26
31-Mar-19,12:41:26
31-Mar-19,12:41:26
31-Mar-19,12:41:26
31-Mar-19,12:41:26
31-Mar-19,12:41:26
31-Mar-19,12:41:26
31-Mar-19,12:41:26
31-Mar-19,12:41:26
31-Mar-19,12:41:26
31-Mar-19,12:41:27
31-Mar-19,12:41:27
31-Mar-19,12:41:27
31-Mar-19,12:41:27
31-Mar-19,12:41:27
31-Mar-19,12:41:27
31-Mar-19,12:41:27
31-Mar-19,12:41:27
31-Mar-19,12:41:27
31-Mar-19,12:41:27
31-Mar-19,12:41:27
31-Mar-19,12:41:27
31-Mar-19,12:41:27
31-Mar-19,12:41:27
31-Mar-19,12:41:27
31-Mar-19,12:41:27
31-Mar-19,12:41:27
31-Mar-19,12:41:27
31-Mar-19,12:41:27
31-Mar-19,12:41:27
31-Mar-19,12:41:27
31-Mar-19,12:41:27
31-Mar-19,12:41:27
31-Mar-19,12:41:27
31-Mar-19,12:41:27
31-Mar-19,12:41:27
31-Mar-19,12:41:27
31-Mar-19,12:41:27
31-Mar-19,12:41:27
31-Mar-19,12:41:27
31-Mar-19,12:41:27
31-Mar-19,12:41:27
31-Mar-19,12:41:27
31-Mar-19,12:41:27
31-Mar-19,12:41:27
31-Mar-19,12:41:27
31-Mar-19,12:41:27
31-Mar-19,12:41:27
31-Mar-19,12:41:27
31-Mar-19,12:41:27
31-Mar-19,12:41:27
31-Mar-19,12:41:27
31-Mar-19,12:41:27
31-Mar-19,12:41:27
31-Mar-19,12:41:27
31-Mar-19,12:41:27
31-Mar-19,12:41:27
31-Mar-19,12:41:27
31-Mar-19,12:41:27
31-Mar-19,12:41:27
31-Mar-19,12:41:27
31-Mar-19,12:41:27
31-Mar-19,12:41:27
31-Mar-19,12:41:27
31-Mar-19,12:41:27
31-Mar-19,12:41:27
31-Mar-19,12:41:28
31-Mar-19,12:41:28
31-Mar-19,12:41:28
31-Mar-19,12:41:28
31-Mar-19,12:41:28
31-Mar-19,12:41:28
31-Mar-19,12:41:28
31-Mar-19,12:41:28
31-Mar-19,12:41:28
31-Mar-19,12:41:28
31-Mar-19,12:41:28
31-Mar-19,12:41:28
31-Mar-19,12:41:28
31-Mar-19,12:41:28
31-Mar-19,12:41:28
31-Mar-19,12:41:28
31-Mar-19,12:41:28
31-Mar-19,12:41:28
31-Mar-19,12:41:28
31-Mar-19,12:41:28
31-Mar-19,12:41:28
31-Mar-19,12:41:28
31-Mar-19,12:41:28
31-Mar-19,12:41:28
31-Mar-19,12:41:28
31-Mar-19,12:41:28
31-Mar-19,12:41:28
31-Mar-19,12:41:28
31-Mar-19,12:41:28
31-Mar-19,12:41:28
31-Mar-19,12:41:28
31-Mar-19,12:41:28
31-Mar-19,12:41:28
31-Mar-19,12:41:28
31-Mar-19,12:41:28
31-Mar-19,12:41:28
31-Mar-19,12:41:28
31-Mar-19,12:41:28
31-Mar-19,12:41:28
31-Mar-19,12:41:28
31-Mar-19,12:41:28
31-Mar-19,12:41:28
31-Mar-19,12:41:28
31-Mar-19,12:41:28
31-Mar-19,12:41:28
31-Mar-19,12:41:28
31-Mar-19,12:41:28
31-Mar-19,12:41:28
31-Mar-19,12:41:28
31-Mar-19,12:41:28
31-Mar-19,12:41:28
31-Mar-19,12:41:28
31-Mar-19,12:41:28
31-Mar-19,12:41:28
31-Mar-19,12:41:28
31-Mar-19,12:41:28
31-Mar-19,12:41:29
31-Mar-19,12:41:29
31-Mar-19,12:41:29
31-Mar-19,12:41:29
31-Mar-19,12:41:29
31-Mar-19,12:41:29
31-Mar-19,12:41:29
31-Mar-19,12:41:29
31-Mar-19,12:41:29
31-Mar-19,12:41:29
31-Mar-19,12:41:29
31-Mar-19,12:41:29
31-Mar-19,12:41:29
31-Mar-19,12:41:29
31-Mar-19,12:41:29
31-Mar-19,12:41:29
31-Mar-19,12:41:29
31-Mar-19,12:41:29
31-Mar-19,12:41:29
31-Mar-19,12:41:29
31-Mar-19,12:41:29
31-Mar-19,12:41:29
31-Mar-19,12:41:29
31-Mar-19,12:41:29
31-Mar-19,12:41:29
31-Mar-19,12:41:29
31-Mar-19,12:41:29
31-Mar-19,12:41:29
31-Mar-19,12:41:29
31-Mar-19,12:41:29
31-Mar-19,12:41:29
31-Mar-19,12:41:29
31-Mar-19,12:41:29
31-Mar-19,12:41:29
31-Mar-19,12:41:29
31-Mar-19,12:41:29
31-Mar-19,12:41:29
31-Mar-19,12:41:29
31-Mar-19,12:41:29
31-Mar-19,12:41:29
31-Mar-19,12:41:29
31-Mar-19,12:41:29
31-Mar-19,12:41:29
31-Mar-19,12:41:29
31-Mar-19,12:41:29
31-Mar-19,12:41:29
31-Mar-19,12:41:29
31-Mar-19,12:41:29
31-Mar-19,12:41:29
31-Mar-19,12:41:29
31-Mar-19,12:41:29
31-Mar-19,12:41:29
31-Mar-19,12:41:29
31-Mar-19,12:41:29
31-Mar-19,12:41:29
31-Mar-19,12:41:29
31-Mar-19,12:41:30
31-Mar-19,12:41:30
31-Mar-19,12:41:30
31-Mar-19,12:41:30
31-Mar-19,12:41:30
31-Mar-19,12:41:30
31-Mar-19,12:41:30
31-Mar-19,12:41:30
31-Mar-19,12:41:30
31-Mar-19,12:41:30
31-Mar-19,12:41:30
31-Mar-19,12:41:30
31-Mar-19,12:41:30
31-Mar-19,12:41:30
31-Mar-19,12:41:30
31-Mar-19,12:41:30
31-Mar-19,12:41:30
31-Mar-19,12:41:30
31-Mar-19,12:41:30
31-Mar-19,12:41:30
31-Mar-19,12:41:30
31-Mar-19,12:41:30
31-Mar-19,12:41:30
31-Mar-19,12:41:30
31-Mar-19,12:41:30
31-Mar-19,12:41:30
31-Mar-19,12:41:30
31-Mar-19,12:41:30
31-Mar-19,12:41:30
31-Mar-19,12:41:30
31-Mar-19,12:41:30
31-Mar-19,12:41:30
31-Mar-19,12:41:30
31-Mar-19,12:41:30
31-Mar-19,12:41:30
31-Mar-19,12:41:30
31-Mar-19,12:41:30
31-Mar-19,12:41:30
31-Mar-19,12:41:30
31-Mar-19,12:41:30
31-Mar-19,12:41:30
31-Mar-19,12:41:30
31-Mar-19,12:41:30
31-Mar-19,12:41:30
31-Mar-19,12:41:30
31-Mar-19,12:41:30
31-Mar-19,12:41:30
31-Mar-19,12:41:30
31-Mar-19,12:41:30
31-Mar-19,12:41:30
31-Mar-19,12:41:30
31-Mar-19,12:41:30
31-Mar-19,12:41:30
31-Mar-19,12:41:30
31-Mar-19,12:41:30
31-Mar-19,12:41:30
31-Mar-19,12:41:31
31-Mar-19,12:41:31
31-Mar-19,12:41:31
31-Mar-19,12:41:31
31-Mar-19,12:41:31
31-Mar-19,12:41:31
31-Mar-19,12:41:31
31-Mar-19,12:41:31
31-Mar-19,12:41:31
31-Mar-19,12:41:31
31-Mar-19,12:41:31
31-Mar-19,12:41:31
31-Mar-19,12:41:31
31-Mar-19,12:41:31
31-Mar-19,12:41:31
31-Mar-19,12:41:31
31-Mar-19,12:41:31
31-Mar-19,12:41:31
31-Mar-19,12:41:31
31-Mar-19,12:41:31
31-Mar-19,12:41:31
31-Mar-19,12:41:31
31-Mar-19,12:41:31
31-Mar-19,12:41:31
31-Mar-19,12:41:31
31-Mar-19,12:41:31
31-Mar-19,12:41:31
31-Mar-19,12:41:31
31-Mar-19,12:41:31
31-Mar-19,12:41:31
31-Mar-19,12:41:31
31-Mar-19,12:41:31
31-Mar-19,12:41:31
31-Mar-19,12:41:31
31-Mar-19,12:41:31
31-Mar-19,12:41:31
31-Mar-19,12:41:31
31-Mar-19,12:41:31
31-Mar-19,12:41:31
31-Mar-19,12:41:31
31-Mar-19,12:41:31
31-Mar-19,12:41:31
31-Mar-19,12:41:31
31-Mar-19,12:41:31
31-Mar-19,12:41:31
31-Mar-19,12:41:31
31-Mar-19,12:41:31
31-Mar-19,12:41:31
31-Mar-19,12:41:31
31-Mar-19,12:41:31
31-Mar-19,12:41:31
31-Mar-19,12:41:31
31-Mar-19,12:41:31
31-Mar-19,12:41:31
31-Mar-19,12:41:31
31-Mar-19,12:41:31
31-Mar-19,12:41:32
31-Mar-19,12:41:32
31-Mar-19,12:41:32
31-Mar-19,12:41:32
31-Mar-19,12:41:32
31-Mar-19,12:41:32
31-Mar-19,12:41:32
31-Mar-19,12:41:32
31-Mar-19,12:41:32
31-Mar-19,12:41:32
31-Mar-19,12:41:32
31-Mar-19,12:41:32
31-Mar-19,12:41:32
31-Mar-19,12:41:32
31-Mar-19,12:41:32
31-Mar-19,12:41:32
31-Mar-19,12:41:32
31-Mar-19,12:41:32
31-Mar-19,12:41:32
31-Mar-19,12:41:32
31-Mar-19,12:41:32
31-Mar-19,12:41:32
31-Mar-19,12:41:32
31-Mar-19,12:41:32
31-Mar-19,12:41:32
31-Mar-19,12:41:32
31-Mar-19,12:41:32
31-Mar-19,12:41:32
31-Mar-19,12:41:32
31-Mar-19,12:41:32
31-Mar-19,12:41:32
31-Mar-19,12:41:32
31-Mar-19,12:41:32
31-Mar-19,12:41:32
31-Mar-19,12:41:32
31-Mar-19,12:41:32
31-Mar-19,12:41:32
31-Mar-19,12:41:32
31-Mar-19,12:41:32
31-Mar-19,12:41:32
31-Mar-19,12:41:32
31-Mar-19,12:41:32
31-Mar-19,12:41:32
31-Mar-19,12:41:32
31-Mar-19,12:41:32
31-Mar-19,12:41:32
31-Mar-19,12:41:32
31-Mar-19,12:41:32
31-Mar-19,12:41:32
31-Mar-19,12:41:32
31-Mar-19,12:41:32
31-Mar-19,12:41:32
31-Mar-19,12:41:32
31-Mar-19,12:41:32
31-Mar-19,12:41:32
31-Mar-19,12:41:32
31-Mar-19,12:41:32
31-Mar-19,12:41:33
31-Mar-19,12:41:33
31-Mar-19,12:41:33
31-Mar-19,12:41:33
31-Mar-19,12:41:33
31-Mar-19,12:41:33
31-Mar-19,12:41:33
31-Mar-19,12:41:33
31-Mar-19,12:41:33
31-Mar-19,12:41:33
31-Mar-19,12:41:33
31-Mar-19,12:41:33
31-Mar-19,12:41:33
31-Mar-19,12:41:33
31-Mar-19,12:41:33
31-Mar-19,12:41:33
31-Mar-19,12:41:33
31-Mar-19,12:41:33
31-Mar-19,12:41:33
31-Mar-19,12:41:33
31-Mar-19,12:41:33
31-Mar-19,12:41:33
31-Mar-19,12:41:33
31-Mar-19,12:41:33
31-Mar-19,12:41:33
31-Mar-19,12:41:33
31-Mar-19,12:41:33
31-Mar-19,12:41:33
31-Mar-19,12:41:33
31-Mar-19,12:41:33
31-Mar-19,12:41:33
31-Mar-19,12:41:33
31-Mar-19,12:41:33
31-Mar-19,12:41:33
31-Mar-19,12:41:33
31-Mar-19,12:41:33
31-Mar-19,12:41:33
31-Mar-19,12:41:33
31-Mar-19,12:41:33
31-Mar-19,12:41:33
31-Mar-19,12:41:33
31-Mar-19,12:41:33
31-Mar-19,12:41:33
31-Mar-19,12:41:33
31-Mar-19,12:41:33
31-Mar-19,12:41:33
31-Mar-19,12:41:33
31-Mar-19,12:41:33
31-Mar-19,12:41:33
31-Mar-19,12:41:33
31-Mar-19,12:41:33
31-Mar-19,12:41:33
31-Mar-19,12:41:33
31-Mar-19,12:41:33
31-Mar-19,12:41:33
31-Mar-19,12:41:33
31-Mar-19,12:41:33
31-Mar-19,12:41:34
31-Mar-19,12:41:34
31-Mar-19,12:41:34
31-Mar-19,12:41:34
31-Mar-19,12:41:34
31-Mar-19,12:41:34
31-Mar-19,12:41:34
31-Mar-19,12:41:34
31-Mar-19,12:41:34
31-Mar-19,12:41:34
31-Mar-19,12:41:34
31-Mar-19,12:41:34
31-Mar-19,12:41:34
31-Mar-19,12:41:34
31-Mar-19,12:41:34
31-Mar-19,12:41:34
31-Mar-19,12:41:34
31-Mar-19,12:41:34
31-Mar-19,12:41:34
31-Mar-19,12:41:34
31-Mar-19,12:41:34
31-Mar-19,12:41:34
31-Mar-19,12:41:34
31-Mar-19,12:41:34
31-Mar-19,12:41:34
31-Mar-19,12:41:34
31-Mar-19,12:41:34
31-Mar-19,12:41:34
31-Mar-19,12:41:34
31-Mar-19,12:41:34
31-Mar-19,12:41:34
31-Mar-19,12:41:34
31-Mar-19,12:41:34
31-Mar-19,12:41:34
31-Mar-19,12:41:34
31-Mar-19,12:41:34
31-Mar-19,12:41:34
31-Mar-19,12:41:34
31-Mar-19,12:41:34
31-Mar-19,12:41:34
31-Mar-19,12:41:34
31-Mar-19,12:41:34
31-Mar-19,12:41:34
31-Mar-19,12:41:34
31-Mar-19,12:41:34
31-Mar-19,12:41:34
31-Mar-19,12:41:34
31-Mar-19,12:41:34
31-Mar-19,12:41:34
31-Mar-19,12:41:34
31-Mar-19,12:41:34
31-Mar-19,12:41:34
31-Mar-19,12:41:34
31-Mar-19,12:41:34
31-Mar-19,12:41:34
31-Mar-19,12:41:34
31-Mar-19,12:41:34
31-Mar-19,12:41:35
31-Mar-19,12:41:35
31-Mar-19,12:41:35
31-Mar-19,12:41:35
31-Mar-19,12:41:35
31-Mar-19,12:41:35
31-Mar-19,12:41:35
31-Mar-19,12:41:35
31-Mar-19,12:41:35
31-Mar-19,12:41:35
31-Mar-19,12:41:35
31-Mar-19,12:41:35
31-Mar-19,12:41:35
31-Mar-19,12:41:35
31-Mar-19,12:41:35
31-Mar-19,12:41:35
31-Mar-19,12:41:35
31-Mar-19,12:41:35
31-Mar-19,12:41:35
31-Mar-19,12:41:35
31-Mar-19,12:41:35
31-Mar-19,12:41:35
31-Mar-19,12:41:35
31-Mar-19,12:41:35
31-Mar-19,12:41:35
31-Mar-19,12:41:35
31-Mar-19,12:41:35
31-Mar-19,12:41:35
31-Mar-19,12:41:35
31-Mar-19,12:41:35
31-Mar-19,12:41:35
31-Mar-19,12:41:35
31-Mar-19,12:41:35
31-Mar-19,12:41:35
31-Mar-19,12:41:35
31-Mar-19,12:41:35
31-Mar-19,12:41:35
31-Mar-19,12:41:35
31-Mar-19,12:41:35
31-Mar-19,12:41:35
31-Mar-19,12:41:35
31-Mar-19,12:41:35
31-Mar-19,12:41:35
31-Mar-19,12:41:35
31-Mar-19,12:41:35
31-Mar-19,12:41:35
31-Mar-19,12:41:35
31-Mar-19,12:41:35
31-Mar-19,12:41:35
31-Mar-19,12:41:35
31-Mar-19,12:41:35
31-Mar-19,12:41:35
31-Mar-19,12:41:35
31-Mar-19,12:41:35
31-Mar-19,12:41:35
31-Mar-19,12:41:35
31-Mar-19,12:41:35
31-Mar-19,12:41:36
31-Mar-19,12:41:36
31-Mar-19,12:41:36
31-Mar-19,12:41:36
31-Mar-19,12:41:36
31-Mar-19,12:41:36
31-Mar-19,12:41:36
31-Mar-19,12:41:36
31-Mar-19,12:41:36
31-Mar-19,12:41:36
31-Mar-19,12:41:36
31-Mar-19,12:41:36
31-Mar-19,12:41:36
31-Mar-19,12:41:36
31-Mar-19,12:41:36
31-Mar-19,12:41:36
31-Mar-19,12:41:36
31-Mar-19,12:41:36
31-Mar-19,12:41:36
31-Mar-19,12:41:36
31-Mar-19,12:41:36
31-Mar-19,12:41:36
31-Mar-19,12:41:36
31-Mar-19,12:41:36
31-Mar-19,12:41:36
31-Mar-19,12:41:36
31-Mar-19,12:41:36
31-Mar-19,12:41:36
31-Mar-19,12:41:36
31-Mar-19,12:41:36
31-Mar-19,12:41:36
31-Mar-19,12:41:36
31-Mar-19,12:41:36
31-Mar-19,12:41:36
31-Mar-19,12:41:36
31-Mar-19,12:41:36
31-Mar-19,12:41:36
31-Mar-19,12:41:36
31-Mar-19,12:41:36
31-Mar-19,12:41:36
31-Mar-19,12:41:36
31-Mar-19,12:41:36
31-Mar-19,12:41:36
31-Mar-19,12:41:36
31-Mar-19,12:41:36
31-Mar-19,12:41:36
31-Mar-19,12:41:36
31-Mar-19,12:41:36
31-Mar-19,12:41:36
31-Mar-19,12:41:36
31-Mar-19,12:41:36
31-Mar-19,12:41:36
31-Mar-19,12:41:36
31-Mar-19,12:41:36
31-Mar-19,12:41:36
31-Mar-19,12:41:36
31-Mar-19,12:41:36
31-Mar-19,12:41:37
31-Mar-19,12:41:37
31-Mar-19,12:41:37
31-Mar-19,12:41:37
31-Mar-19,12:41:37
31-Mar-19,12:41:37
31-Mar-19,12:41:37
31-Mar-19,12:41:37
31-Mar-19,12:41:37
31-Mar-19,12:41:37
31-Mar-19,12:41:37
31-Mar-19,12:41:37
31-Mar-19,12:41:37
31-Mar-19,12:41:37
31-Mar-19,12:41:37
31-Mar-19,12:41:37
31-Mar-19,12:41:37
31-Mar-19,12:41:37
31-Mar-19,12:41:37
31-Mar-19,12:41:37
31-Mar-19,12:41:37
31-Mar-19,12:41:37
31-Mar-19,12:41:37
31-Mar-19,12:41:37
31-Mar-19,12:41:37
31-Mar-19,12:41:37
31-Mar-19,12:41:37
31-Mar-19,12:41:37
31-Mar-19,12:41:37
31-Mar-19,12:41:37
31-Mar-19,12:41:37
31-Mar-19,12:41:37
31-Mar-19,12:41:37
31-Mar-19,12:41:37
31-Mar-19,12:41:37
31-Mar-19,12:41:37
31-Mar-19,12:41:37
31-Mar-19,12:41:37
31-Mar-19,12:41:37
31-Mar-19,12:41:37
31-Mar-19,12:41:37
31-Mar-19,12:41:37
31-Mar-19,12:41:37
31-Mar-19,12:41:37
31-Mar-19,12:41:37
31-Mar-19,12:41:37
31-Mar-19,12:41:37
31-Mar-19,12:41:37
31-Mar-19,12:41:37
31-Mar-19,12:41:37
31-Mar-19,12:41:37
31-Mar-19,12:41:37
31-Mar-19,12:41:37
31-Mar-19,12:41:37
31-Mar-19,12:41:37
31-Mar-19,12:41:37
31-Mar-19,12:41:37
31-Mar-19,12:41:37
31-Mar-19,12:41:38
31-Mar-19,12:41:38
31-Mar-19,12:41:38
31-Mar-19,12:41:38
31-Mar-19,12:41:38
31-Mar-19,12:41:38
31-Mar-19,12:41:38
31-Mar-19,12:41:38
31-Mar-19,12:41:38
31-Mar-19,12:41:38
31-Mar-19,12:41:38
31-Mar-19,12:41:38
31-Mar-19,12:41:38
31-Mar-19,12:41:38
31-Mar-19,12:41:38
31-Mar-19,12:41:38
31-Mar-19,12:41:38
31-Mar-19,12:41:38
31-Mar-19,12:41:38
31-Mar-19,12:41:38
31-Mar-19,12:41:38
31-Mar-19,12:41:38
31-Mar-19,12:41:38
31-Mar-19,12:41:38
31-Mar-19,12:41:38
31-Mar-19,12:41:38
31-Mar-19,12:41:38
31-Mar-19,12:41:38
31-Mar-19,12:41:38
31-Mar-19,12:41:38
31-Mar-19,12:41:38
31-Mar-19,12:41:38
31-Mar-19,12:41:38
31-Mar-19,12:41:38
31-Mar-19,12:41:38
31-Mar-19,12:41:38
31-Mar-19,12:41:38
31-Mar-19,12:41:38
31-Mar-19,12:41:38
31-Mar-19,12:41:38
31-Mar-19,12:41:38
31-Mar-19,12:41:38
31-Mar-19,12:41:38
31-Mar-19,12:41:38
31-Mar-19,12:41:38
31-Mar-19,12:41:38
31-Mar-19,12:41:38
31-Mar-19,12:41:38
31-Mar-19,12:41:38
31-Mar-19,12:41:38
31-Mar-19,12:41:38
31-Mar-19,12:41:38
31-Mar-19,12:41:38
31-Mar-19,12:41:38
31-Mar-19,12:41:38
31-Mar-19,12:41:38
31-Mar-19,12:41:38
31-Mar-19,12:41:38
31-Mar-19,12:41:39
31-Mar-19,12:41:39
31-Mar-19,12:41:39
31-Mar-19,12:41:39
31-Mar-19,12:41:39
31-Mar-19,12:41:39
31-Mar-19,12:41:39
31-Mar-19,12:41:39
31-Mar-19,12:41:39
31-Mar-19,12:41:39
31-Mar-19,12:41:39
31-Mar-19,12:41:39
31-Mar-19,12:41:39
31-Mar-19,12:41:39
31-Mar-19,12:41:39
31-Mar-19,12:41:39
31-Mar-19,12:41:39
31-Mar-19,12:41:39
31-Mar-19,12:41:39
31-Mar-19,12:41:39
31-Mar-19,12:41:39
31-Mar-19,12:41:39
31-Mar-19,12:41:39
31-Mar-19,12:41:39
31-Mar-19,12:41:39
31-Mar-19,12:41:39
31-Mar-19,12:41:39
31-Mar-19,12:41:39
31-Mar-19,12:41:39
31-Mar-19,12:41:39
31-Mar-19,12:41:39
31-Mar-19,12:41:39
31-Mar-19,12:41:39
31-Mar-19,12:41:39
31-Mar-19,12:41:39
31-Mar-19,12:41:39
31-Mar-19,12:41:39
31-Mar-19,12:41:39
31-Mar-19,12:41:39
31-Mar-19,12:41:39
31-Mar-19,12:41:39
31-Mar-19,12:41:39
31-Mar-19,12:41:39
31-Mar-19,12:41:39
31-Mar-19,12:41:39
31-Mar-19,12:41:39
31-Mar-19,12:41:39
31-Mar-19,12:41:39
31-Mar-19,12:41:39
31-Mar-19,12:41:39
31-Mar-19,12:41:39
31-Mar-19,12:41:39
31-Mar-19,12:41:39
31-Mar-19,12:41:39
31-Mar-19,12:41:39
31-Mar-19,12:41:39
31-Mar-19,12:41:39
31-Mar-19,12:41:39
31-Mar-19,12:41:40
31-Mar-19,12:41:40
31-Mar-19,12:41:40
31-Mar-19,12:41:40
31-Mar-19,12:41:40
31-Mar-19,12:41:40
31-Mar-19,12:41:40
31-Mar-19,12:41:40
31-Mar-19,12:41:40
31-Mar-19,12:41:40
31-Mar-19,12:41:40
31-Mar-19,12:41:40
31-Mar-19,12:41:40
31-Mar-19,12:41:40
31-Mar-19,12:41:40
31-Mar-19,12:41:40
31-Mar-19,12:41:40
31-Mar-19,12:41:40
31-Mar-19,12:41:40
31-Mar-19,12:41:40
31-Mar-19,12:41:40
31-Mar-19,12:41:40
31-Mar-19,12:41:40
31-Mar-19,12:41:40
31-Mar-19,12:41:40
31-Mar-19,12:41:40
31-Mar-19,12:41:40
31-Mar-19,12:41:40
31-Mar-19,12:41:40
31-Mar-19,12:41:40
31-Mar-19,12:41:40
31-Mar-19,12:41:40
31-Mar-19,12:41:40
31-Mar-19,12:41:40
31-Mar-19,12:41:40
31-Mar-19,12:41:40
31-Mar-19,12:41:40
31-Mar-19,12:41:40
31-Mar-19,12:41:40
31-Mar-19,12:41:40
31-Mar-19,12:41:40
31-Mar-19,12:41:40
31-Mar-19,12:41:40
31-Mar-19,12:41:40
31-Mar-19,12:41:40
31-Mar-19,12:41:40
31-Mar-19,12:41:40
31-Mar-19,12:41:40
31-Mar-19,12:41:40
31-Mar-19,12:41:40
31-Mar-19,12:41:40
31-Mar-19,12:41:40
31-Mar-19,12:41:40
31-Mar-19,12:41:40
31-Mar-19,12:41:40
31-Mar-19,12:41:40
31-Mar-19,12:41:40
31-Mar-19,12:41:40
31-Mar-19,12:41:41
31-Mar-19,12:41:41
31-Mar-19,12:41:41
31-Mar-19,12:41:41
31-Mar-19,12:41:41
31-Mar-19,12:41:41
31-Mar-19,12:41:41
31-Mar-19,12:41:41
31-Mar-19,12:41:41
31-Mar-19,12:41:41
31-Mar-19,12:41:41
31-Mar-19,12:41:41
31-Mar-19,12:41:41
31-Mar-19,12:41:41
31-Mar-19,12:41:41
31-Mar-19,12:41:41
31-Mar-19,12:41:41
31-Mar-19,12:41:41
31-Mar-19,12:41:41
31-Mar-19,12:41:41
31-Mar-19,12:41:41
31-Mar-19,12:41:41
31-Mar-19,12:41:41
31-Mar-19,12:41:41
31-Mar-19,12:41:41
31-Mar-19,12:41:41
31-Mar-19,12:41:41
31-Mar-19,12:41:41
31-Mar-19,12:41:41
31-Mar-19,12:41:41
31-Mar-19,12:41:41
31-Mar-19,12:41:41
31-Mar-19,12:41:41
31-Mar-19,12:41:41
31-Mar-19,12:41:41
31-Mar-19,12:41:41
31-Mar-19,12:41:41
31-Mar-19,12:41:41
31-Mar-19,12:41:41
31-Mar-19,12:41:41
31-Mar-19,12:41:41
31-Mar-19,12:41:41
31-Mar-19,12:41:41
31-Mar-19,12:41:41
31-Mar-19,12:41:41
31-Mar-19,12:41:41
31-Mar-19,12:41:41
31-Mar-19,12:41:41
31-Mar-19,12:41:41
31-Mar-19,12:41:41
31-Mar-19,12:41:41
31-Mar-19,12:41:41
31-Mar-19,12:41:41
31-Mar-19,12:41:41
31-Mar-19,12:41:41
31-Mar-19,12:41:41
31-Mar-19,12:41:41
31-Mar-19,12:41:41
31-Mar-19,12:41:42
31-Mar-19,12:41:42
31-Mar-19,12:41:42
31-Mar-19,12:41:42
31-Mar-19,12:41:42
31-Mar-19,12:41:42
31-Mar-19,12:41:42
31-Mar-19,12:41:42
31-Mar-19,12:41:42
31-Mar-19,12:41:42
31-Mar-19,12:41:42
31-Mar-19,12:41:42
31-Mar-19,12:41:42
31-Mar-19,12:41:42
31-Mar-19,12:41:42
31-Mar-19,12:41:42
31-Mar-19,12:41:42
31-Mar-19,12:41:42
31-Mar-19,12:41:42
31-Mar-19,12:41:42
31-Mar-19,12:41:42
31-Mar-19,12:41:42
31-Mar-19,12:41:42
31-Mar-19,12:41:42
31-Mar-19,12:41:42
31-Mar-19,12:41:42
31-Mar-19,12:41:42
31-Mar-19,12:41:42
31-Mar-19,12:41:42
31-Mar-19,12:41:42
31-Mar-19,12:41:42
31-Mar-19,12:41:42
31-Mar-19,12:41:42
31-Mar-19,12:41:42
31-Mar-19,12:41:42
31-Mar-19,12:41:42
31-Mar-19,12:41:42
31-Mar-19,12:41:42
31-Mar-19,12:41:42
31-Mar-19,12:41:42
31-Mar-19,12:41:42
31-Mar-19,12:41:42
31-Mar-19,12:41:42
31-Mar-19,12:41:42
31-Mar-19,12:41:42
31-Mar-19,12:41:42
31-Mar-19,12:41:42
31-Mar-19,12:41:42
31-Mar-19,12:41:42
31-Mar-19,12:41:42
31-Mar-19,12:41:42
31-Mar-19,12:41:42
31-Mar-19,12:41:42
31-Mar-19,12:41:42
31-Mar-19,12:41:42
31-Mar-19,12:41:42
31-Mar-19,12:41:42
31-Mar-19,12:41:42
31-Mar-19,12:41:42
31-Mar-19,12:41:43
31-Mar-19,12:41:43
31-Mar-19,12:41:43
31-Mar-19,12:41:43
31-Mar-19,12:41:43
31-Mar-19,12:41:43
31-Mar-19,12:41:43
31-Mar-19,12:41:43
31-Mar-19,12:41:43
31-Mar-19,12:41:43
31-Mar-19,12:41:43
31-Mar-19,12:41:43
31-Mar-19,12:41:43
31-Mar-19,12:41:43
31-Mar-19,12:41:43
31-Mar-19,12:41:43
31-Mar-19,12:41:43
31-Mar-19,12:41:43
31-Mar-19,12:41:43
31-Mar-19,12:41:43
31-Mar-19,12:41:43
31-Mar-19,12:41:43
31-Mar-19,12:41:43
31-Mar-19,12:41:43
31-Mar-19,12:41:43
31-Mar-19,12:41:43
31-Mar-19,12:41:43
31-Mar-19,12:41:43
31-Mar-19,12:41:43
31-Mar-19,12:41:43
31-Mar-19,12:41:43
31-Mar-19,12:41:43
31-Mar-19,12:41:43
31-Mar-19,12:41:43
31-Mar-19,12:41:43
31-Mar-19,12:41:43
31-Mar-19,12:41:43
31-Mar-19,12:41:43
31-Mar-19,12:41:43
31-Mar-19,12:41:43
31-Mar-19,12:41:43
31-Mar-19,12:41:43
31-Mar-19,12:41:43
31-Mar-19,12:41:43
31-Mar-19,12:41:43
31-Mar-19,12:41:43
31-Mar-19,12:41:43
31-Mar-19,12:41:43
31-Mar-19,12:41:43
31-Mar-19,12:41:43
31-Mar-19,12:41:43
31-Mar-19,12:41:43
31-Mar-19,12:41:43
31-Mar-19,12:41:43
31-Mar-19,12:41:43
31-Mar-19,12:41:43
31-Mar-19,12:41:43
31-Mar-19,12:41:43
31-Mar-19,12:41:43
31-Mar-19,12:41:44
31-Mar-19,12:41:44
31-Mar-19,12:41:44
31-Mar-19,12:41:44
31-Mar-19,12:41:44
31-Mar-19,12:41:44
31-Mar-19,12:41:44
31-Mar-19,12:41:44
31-Mar-19,12:41:44
31-Mar-19,12:41:44
31-Mar-19,12:41:44
31-Mar-19,12:41:44
31-Mar-19,12:41:44
31-Mar-19,12:41:44
31-Mar-19,12:41:44
31-Mar-19,12:41:44
31-Mar-19,12:41:44
31-Mar-19,12:41:44
31-Mar-19,12:41:44
31-Mar-19,12:41:44
31-Mar-19,12:41:44
31-Mar-19,12:41:44
31-Mar-19,12:41:44
31-Mar-19,12:41:44
31-Mar-19,12:41:44
31-Mar-19,12:41:44
31-Mar-19,12:41:44
31-Mar-19,12:41:44
31-Mar-19,12:41:44
31-Mar-19,12:41:44
31-Mar-19,12:41:44
31-Mar-19,12:41:44
31-Mar-19,12:41:44
31-Mar-19,12:41:44
31-Mar-19,12:41:44
31-Mar-19,12:41:44
31-Mar-19,12:41:44
31-Mar-19,12:41:44
31-Mar-19,12:41:44
31-Mar-19,12:41:44
31-Mar-19,12:41:44
31-Mar-19,12:41:44
31-Mar-19,12:41:44
31-Mar-19,12:41:44
31-Mar-19,12:41:44
31-Mar-19,12:41:44
31-Mar-19,12:41:44
31-Mar-19,12:41:44
31-Mar-19,12:41:44
31-Mar-19,12:41:44
31-Mar-19,12:41:44
31-Mar-19,12:41:44
31-Mar-19,12:41:44
31-Mar-19,12:41:44
31-Mar-19,12:41:44
31-Mar-19,12:41:44
31-Mar-19,12:41:44
31-Mar-19,12:41:44
31-Mar-19,12:41:44
31-Mar-19,12:41:45
31-Mar-19,12:41:45
31-Mar-19,12:41:45
31-Mar-19,12:41:45
31-Mar-19,12:41:45
31-Mar-19,12:41:45
31-Mar-19,12:41:45
31-Mar-19,12:41:45
31-Mar-19,12:41:45
31-Mar-19,12:41:45
31-Mar-19,12:41:45
31-Mar-19,12:41:45
31-Mar-19,12:41:45
31-Mar-19,12:41:45
31-Mar-19,12:41:45
31-Mar-19,12:41:45
31-Mar-19,12:41:45
31-Mar-19,12:41:45
31-Mar-19,12:41:45
31-Mar-19,12:41:45
31-Mar-19,12:41:45
31-Mar-19,12:41:45
31-Mar-19,12:41:45
31-Mar-19,12:41:45
31-Mar-19,12:41:45
31-Mar-19,12:41:45
31-Mar-19,12:41:45
31-Mar-19,12:41:45
31-Mar-19,12:41:45
31-Mar-19,12:41:45
31-Mar-19,12:41:45
31-Mar-19,12:41:45
31-Mar-19,12:41:45
31-Mar-19,12:41:45
31-Mar-19,12:41:45
31-Mar-19,12:41:45
31-Mar-19,12:41:45
31-Mar-19,12:41:45
31-Mar-19,12:41:45
31-Mar-19,12:41:45
31-Mar-19,12:41:45
31-Mar-19,12:41:45
31-Mar-19,12:41:45
31-Mar-19,12:41:45
31-Mar-19,12:41:45
31-Mar-19,12:41:45
31-Mar-19,12:41:45
31-Mar-19,12:41:45
31-Mar-19,12:41:45
31-Mar-19,12:41:45
31-Mar-19,12:41:45
31-Mar-19,12:41:45
31-Mar-19,12:41:45
31-Mar-19,12:41:45
31-Mar-19,12:41:45
31-Mar-19,12:41:45
31-Mar-19,12:41:45
31-Mar-19,12:41:45
31-Mar-19,12:41:45
31-Mar-19,12:41:46
31-Mar-19,12:41:46
31-Mar-19,12:41:46
31-Mar-19,12:41:46
31-Mar-19,12:41:46
31-Mar-19,12:41:46
31-Mar-19,12:41:46
31-Mar-19,12:41:46
31-Mar-19,12:41:46
31-Mar-19,12:41:46
31-Mar-19,12:41:46
31-Mar-19,12:41:46
31-Mar-19,12:41:46
31-Mar-19,12:41:46
31-Mar-19,12:41:46
31-Mar-19,12:41:46
31-Mar-19,12:41:46
31-Mar-19,12:41:46
31-Mar-19,12:41:46
31-Mar-19,12:41:46
31-Mar-19,12:41:46
31-Mar-19,12:41:46
31-Mar-19,12:41:46
31-Mar-19,12:41:46
31-Mar-19,12:41:46
31-Mar-19,12:41:46
31-Mar-19,12:41:46
31-Mar-19,12:41:46
31-Mar-19,12:41:46
31-Mar-19,12:41:46
31-Mar-19,12:41:46
31-Mar-19,12:41:46
31-Mar-19,12:41:46
31-Mar-19,12:41:46
31-Mar-19,12:41:46
31-Mar-19,12:41:46
31-Mar-19,12:41:46
31-Mar-19,12:41:46
31-Mar-19,12:41:46
31-Mar-19,12:41:46
31-Mar-19,12:41:46
31-Mar-19,12:41:46
31-Mar-19,12:41:46
31-Mar-19,12:41:46
31-Mar-19,12:41:46
31-Mar-19,12:41:46
31-Mar-19,12:41:46
31-Mar-19,12:41:46
31-Mar-19,12:41:46
31-Mar-19,12:41:46
31-Mar-19,12:41:46
31-Mar-19,12:41:46
31-Mar-19,12:41:46
31-Mar-19,12:41:46
31-Mar-19,12:41:46
31-Mar-19,12:41:46
31-Mar-19,12:41:46
31-Mar-19,12:41:46
31-Mar-19,12:41:46
31-Mar-19,12:41:47
31-Mar-19,12:41:47
31-Mar-19,12:41:47
31-Mar-19,12:41:47
31-Mar-19,12:41:47
31-Mar-19,12:41:47
31-Mar-19,12:41:47
31-Mar-19,12:41:47
31-Mar-19,12:41:47
31-Mar-19,12:41:47
31-Mar-19,12:41:47
31-Mar-19,12:41:47
31-Mar-19,12:41:47
31-Mar-19,12:41:47
31-Mar-19,12:41:47
31-Mar-19,12:41:47
31-Mar-19,12:41:47
31-Mar-19,12:41:47
31-Mar-19,12:41:47
31-Mar-19,12:41:47
31-Mar-19,12:41:47
31-Mar-19,12:41:47
31-Mar-19,12:41:47
31-Mar-19,12:41:47
31-Mar-19,12:41:47
31-Mar-19,12:41:47
31-Mar-19,12:41:47
31-Mar-19,12:41:47
31-Mar-19,12:41:47
31-Mar-19,12:41:47
31-Mar-19,12:41:47
31-Mar-19,12:41:47
31-Mar-19,12:41:47
31-Mar-19,12:41:47
31-Mar-19,12:41:47
31-Mar-19,12:41:47
31-Mar-19,12:41:47
31-Mar-19,12:41:47
31-Mar-19,12:41:47
31-Mar-19,12:41:47
31-Mar-19,12:41:47
31-Mar-19,12:41:47
31-Mar-19,12:41:47
31-Mar-19,12:41:47
31-Mar-19,12:41:47
31-Mar-19,12:41:47
31-Mar-19,12:41:47
31-Mar-19,12:41:47
31-Mar-19,12:41:47
31-Mar-19,12:41:47
31-Mar-19,12:41:47
31-Mar-19,12:41:47
31-Mar-19,12:41:47
31-Mar-19,12:41:47
31-Mar-19,12:41:47
31-Mar-19,12:41:47
31-Mar-19,12:41:47
31-Mar-19,12:41:47
31-Mar-19,12:41:47
31-Mar-19,12:41:47
31-Mar-19,12:41:48
31-Mar-19,12:41:48
31-Mar-19,12:41:48
31-Mar-19,12:41:48
31-Mar-19,12:41:48
31-Mar-19,12:41:48
31-Mar-19,12:41:48
31-Mar-19,12:41:48
31-Mar-19,12:41:48
31-Mar-19,12:41:48
31-Mar-19,12:41:48
31-Mar-19,12:41:48
31-Mar-19,12:41:48
31-Mar-19,12:41:48
31-Mar-19,12:41:48
31-Mar-19,12:41:48
31-Mar-19,12:41:48
31-Mar-19,12:41:48
31-Mar-19,12:41:48
31-Mar-19,12:41:48
31-Mar-19,12:41:48
31-Mar-19,12:41:48
31-Mar-19,12:41:48
31-Mar-19,12:41:48
31-Mar-19,12:41:48
31-Mar-19,12:41:48
31-Mar-19,12:41:48
31-Mar-19,12:41:48
31-Mar-19,12:41:48
31-Mar-19,12:41:48
31-Mar-19,12:41:48
31-Mar-19,12:41:48
31-Mar-19,12:41:48
31-Mar-19,12:41:48
31-Mar-19,12:41:48
31-Mar-19,12:41:48
31-Mar-19,12:41:48
31-Mar-19,12:41:48
31-Mar-19,12:41:48
31-Mar-19,12:41:48
31-Mar-19,12:41:48
31-Mar-19,12:41:48
31-Mar-19,12:41:48
31-Mar-19,12:41:48
31-Mar-19,12:41:48
31-Mar-19,12:41:48
31-Mar-19,12:41:48
31-Mar-19,12:41:48
31-Mar-19,12:41:48
31-Mar-19,12:41:48
31-Mar-19,12:41:48
31-Mar-19,12:41:48
31-Mar-19,12:41:48
31-Mar-19,12:41:48
31-Mar-19,12:41:48
31-Mar-19,12:41:48
31-Mar-19,12:41:48
31-Mar-19,12:41:48
31-Mar-19,12:41:48
31-Mar-19,12:41:48
31-Mar-19,12:41:49
31-Mar-19,12:41:49
31-Mar-19,12:41:49
31-Mar-19,12:41:49
31-Mar-19,12:41:49
31-Mar-19,12:41:49
31-Mar-19,12:41:49
31-Mar-19,12:41:49
31-Mar-19,12:41:49
31-Mar-19,12:41:49
31-Mar-19,12:41:49
31-Mar-19,12:41:49
31-Mar-19,12:41:49
31-Mar-19,12:41:49
31-Mar-19,12:41:49
31-Mar-19,12:41:49
31-Mar-19,12:41:49
31-Mar-19,12:41:49
31-Mar-19,12:41:49
31-Mar-19,12:41:49
31-Mar-19,12:41:49
31-Mar-19,12:41:49
31-Mar-19,12:41:49
31-Mar-19,12:41:49
31-Mar-19,12:41:49
31-Mar-19,12:41:49
31-Mar-19,12:41:49
31-Mar-19,12:41:49
31-Mar-19,12:41:49
31-Mar-19,12:41:49
31-Mar-19,12:41:49
31-Mar-19,12:41:49
31-Mar-19,12:41:49
31-Mar-19,12:41:49
31-Mar-19,12:41:49
31-Mar-19,12:41:49
31-Mar-19,12:41:49
31-Mar-19,12:41:49
31-Mar-19,12:41:49
31-Mar-19,12:41:49
31-Mar-19,12:41:49
31-Mar-19,12:41:49
31-Mar-19,12:41:49
31-Mar-19,12:41:49
31-Mar-19,12:41:49
31-Mar-19,12:41:49
31-Mar-19,12:41:49
31-Mar-19,12:41:49
31-Mar-19,12:41:49
31-Mar-19,12:41:49
31-Mar-19,12:41:49
31-Mar-19,12:41:49
31-Mar-19,12:41:49
31-Mar-19,12:41:49
31-Mar-19,12:41:49
31-Mar-19,12:41:49
31-Mar-19,12:41:49
31-Mar-19,12:41:49
31-Mar-19,12:41:49
31-Mar-19,12:41:49
31-Mar-19,12:41:50
31-Mar-19,12:41:50
31-Mar-19,12:41:50
31-Mar-19,12:41:50
31-Mar-19,12:41:50
31-Mar-19,12:41:50
31-Mar-19,12:41:50
31-Mar-19,12:41:50
31-Mar-19,12:41:50
31-Mar-19,12:41:50
31-Mar-19,12:41:50
31-Mar-19,12:41:50
31-Mar-19,12:41:50
31-Mar-19,12:41:50
31-Mar-19,12:41:50
31-Mar-19,12:41:50
31-Mar-19,12:41:50
31-Mar-19,12:41:50
31-Mar-19,12:41:50
31-Mar-19,12:41:50
31-Mar-19,12:41:50
31-Mar-19,12:41:50
31-Mar-19,12:41:50
31-Mar-19,12:41:50
31-Mar-19,12:41:50
31-Mar-19,12:41:50
31-Mar-19,12:41:50
31-Mar-19,12:41:50
31-Mar-19,12:41:50
31-Mar-19,12:41:50
31-Mar-19,12:41:50
31-Mar-19,12:41:50
31-Mar-19,12:41:50
31-Mar-19,12:41:50
31-Mar-19,12:41:50
31-Mar-19,12:41:50
31-Mar-19,12:41:50
31-Mar-19,12:41:50
31-Mar-19,12:41:50
31-Mar-19,12:41:50
31-Mar-19,12:41:50
31-Mar-19,12:41:50
31-Mar-19,12:41:50
31-Mar-19,12:41:50
31-Mar-19,12:41:50
31-Mar-19,12:41:50
31-Mar-19,12:41:50
31-Mar-19,12:41:50
31-Mar-19,12:41:50
31-Mar-19,12:41:50
31-Mar-19,12:41:50
31-Mar-19,12:41:50
31-Mar-19,12:41:50
31-Mar-19,12:41:50
31-Mar-19,12:41:50
31-Mar-19,12:41:50
31-Mar-19,12:41:50
31-Mar-19,12:41:50
31-Mar-19,12:41:50
31-Mar-19,12:41:50
31-Mar-19,12:41:51
31-Mar-19,12:41:51
31-Mar-19,12:41:51
31-Mar-19,12:41:51
31-Mar-19,12:41:51
31-Mar-19,12:41:51
31-Mar-19,12:41:51
31-Mar-19,12:41:51
31-Mar-19,12:41:51
31-Mar-19,12:41:51
31-Mar-19,12:41:51
31-Mar-19,12:41:51
31-Mar-19,12:41:51
31-Mar-19,12:41:51
31-Mar-19,12:41:51
31-Mar-19,12:41:51
31-Mar-19,12:41:51
31-Mar-19,12:41:51
31-Mar-19,12:41:51
31-Mar-19,12:41:51
31-Mar-19,12:41:51
31-Mar-19,12:41:51
31-Mar-19,12:41:51
31-Mar-19,12:41:51
31-Mar-19,12:41:51
31-Mar-19,12:41:51
31-Mar-19,12:41:51
31-Mar-19,12:41:51
31-Mar-19,12:41:51
31-Mar-19,12:41:51
31-Mar-19,12:41:51
31-Mar-19,12:41:51
31-Mar-19,12:41:51
31-Mar-19,12:41:51
31-Mar-19,12:41:51
31-Mar-19,12:41:51
31-Mar-19,12:41:51
31-Mar-19,12:41:51
31-Mar-19,12:41:51
31-Mar-19,12:41:51
31-Mar-19,12:41:51
31-Mar-19,12:41:51
31-Mar-19,12:41:51
31-Mar-19,12:41:51
31-Mar-19,12:41:51
31-Mar-19,12:41:51
31-Mar-19,12:41:51
31-Mar-19,12:41:51
31-Mar-19,12:41:51
31-Mar-19,12:41:51
31-Mar-19,12:41:51
31-Mar-19,12:41:51
31-Mar-19,12:41:51
31-Mar-19,12:41:51
31-Mar-19,12:41:51
31-Mar-19,12:41:51
31-Mar-19,12:41:51
31-Mar-19,12:41:51
31-Mar-19,12:41:51
31-Mar-19,12:41:51
31-Mar-19,12:41:52
31-Mar-19,12:41:52
31-Mar-19,12:41:52
31-Mar-19,12:41:52
31-Mar-19,12:41:52
31-Mar-19,12:41:52
31-Mar-19,12:41:52
31-Mar-19,12:41:52
31-Mar-19,12:41:52
31-Mar-19,12:41:52
31-Mar-19,12:41:52
31-Mar-19,12:41:52
31-Mar-19,12:41:52
31-Mar-19,12:41:52
31-Mar-19,12:41:52
31-Mar-19,12:41:52
31-Mar-19,12:41:52
31-Mar-19,12:41:52
31-Mar-19,12:41:52
31-Mar-19,12:41:52
31-Mar-19,12:41:52
31-Mar-19,12:41:52
31-Mar-19,12:41:52
31-Mar-19,12:41:52
31-Mar-19,12:41:52
31-Mar-19,12:41:52
31-Mar-19,12:41:52
31-Mar-19,12:41:52
31-Mar-19,12:41:52
31-Mar-19,12:41:52
31-Mar-19,12:41:52
31-Mar-19,12:41:52
31-Mar-19,12:41:52
31-Mar-19,12:41:52
31-Mar-19,12:41:52
31-Mar-19,12:41:52
31-Mar-19,12:41:52
31-Mar-19,12:41:52
31-Mar-19,12:41:52
31-Mar-19,12:41:52
31-Mar-19,12:41:52
31-Mar-19,12:41:52
31-Mar-19,12:41:52
31-Mar-19,12:41:52
31-Mar-19,12:41:52
31-Mar-19,12:41:52
31-Mar-19,12:41:52
31-Mar-19,12:41:52
31-Mar-19,12:41:52
31-Mar-19,12:41:52
31-Mar-19,12:41:52
31-Mar-19,12:41:52
31-Mar-19,12:41:52
31-Mar-19,12:41:52
31-Mar-19,12:41:52
31-Mar-19,12:41:52
31-Mar-19,12:41:52
31-Mar-19,12:41:52
31-Mar-19,12:41:52
31-Mar-19,12:41:52
31-Mar-19,12:41:52
31-Mar-19,12:41:53
31-Mar-19,12:41:53
31-Mar-19,12:41:53
31-Mar-19,12:41:53
31-Mar-19,12:41:53
31-Mar-19,12:41:53
31-Mar-19,12:41:53
31-Mar-19,12:41:53
31-Mar-19,12:41:53
31-Mar-19,12:41:53
31-Mar-19,12:41:53
31-Mar-19,12:41:53
31-Mar-19,12:41:53
31-Mar-19,12:41:53
31-Mar-19,12:41:53
31-Mar-19,12:41:53
31-Mar-19,12:41:53
31-Mar-19,12:41:53
31-Mar-19,12:41:53
31-Mar-19,12:41:53
31-Mar-19,12:41:53
31-Mar-19,12:41:53
31-Mar-19,12:41:53
31-Mar-19,12:41:53
31-Mar-19,12:41:53
31-Mar-19,12:41:53
31-Mar-19,12:41:53
31-Mar-19,12:41:53
31-Mar-19,12:41:53
31-Mar-19,12:41:53
31-Mar-19,12:41:53
31-Mar-19,12:41:53
31-Mar-19,12:41:53
31-Mar-19,12:41:53
31-Mar-19,12:41:53
31-Mar-19,12:41:53
31-Mar-19,12:41:53
31-Mar-19,12:41:53
31-Mar-19,12:41:53
31-Mar-19,12:41:53
31-Mar-19,12:41:53
31-Mar-19,12:41:53
31-Mar-19,12:41:53
31-Mar-19,12:41:53
31-Mar-19,12:41:53
31-Mar-19,12:41:53
31-Mar-19,12:41:53
31-Mar-19,12:41:53
31-Mar-19,12:41:53
31-Mar-19,12:41:53
31-Mar-19,12:41:53
31-Mar-19,12:41:53
31-Mar-19,12:41:53
31-Mar-19,12:41:53
31-Mar-19,12:41:53
31-Mar-19,12:41:53
31-Mar-19,12:41:53
31-Mar-19,12:41:53
31-Mar-19,12:41:53
31-Mar-19,12:41:53
31-Mar-19,12:41:53
31-Mar-19,12:41:54
31-Mar-19,12:41:54
31-Mar-19,12:41:54
31-Mar-19,12:41:54
31-Mar-19,12:41:54
31-Mar-19,12:41:54
31-Mar-19,12:41:54
31-Mar-19,12:41:54
31-Mar-19,12:41:54
31-Mar-19,12:41:54
31-Mar-19,12:41:54
31-Mar-19,12:41:54
31-Mar-19,12:41:54
31-Mar-19,12:41:54
31-Mar-19,12:41:54
31-Mar-19,12:41:54
31-Mar-19,12:41:54
31-Mar-19,12:41:54
31-Mar-19,12:41:54
31-Mar-19,12:41:54
31-Mar-19,12:41:54
31-Mar-19,12:41:54
31-Mar-19,12:41:54
31-Mar-19,12:41:54
31-Mar-19,12:41:54
31-Mar-19,12:41:54
31-Mar-19,12:41:54
31-Mar-19,12:41:54
31-Mar-19,12:41:54
31-Mar-19,12:41:54
31-Mar-19,12:41:54
31-Mar-19,12:41:54
31-Mar-19,12:41:54
31-Mar-19,12:41:54
31-Mar-19,12:41:54
31-Mar-19,12:41:54
31-Mar-19,12:41:54
31-Mar-19,12:41:54
31-Mar-19,12:41:54
31-Mar-19,12:41:54
31-Mar-19,12:41:54
31-Mar-19,12:41:54
31-Mar-19,12:41:54
31-Mar-19,12:41:54
31-Mar-19,12:41:54
31-Mar-19,12:41:54
31-Mar-19,12:41:54
31-Mar-19,12:41:54
31-Mar-19,12:41:54
31-Mar-19,12:41:54
31-Mar-19,12:41:54
31-Mar-19,12:41:54
31-Mar-19,12:41:54
31-Mar-19,12:41:54
31-Mar-19,12:41:54
31-Mar-19,12:41:54
31-Mar-19,12:41:54
31-Mar-19,12:41:54
31-Mar-19,12:41:54
31-Mar-19,12:41:54
31-Mar-19,12:41:54
31-Mar-19,12:41:55
31-Mar-19,12:41:55
31-Mar-19,12:41:55
31-Mar-19,12:41:55
31-Mar-19,12:41:55
31-Mar-19,12:41:55
31-Mar-19,12:41:55
31-Mar-19,12:41:55
31-Mar-19,12:41:55
31-Mar-19,12:41:55
31-Mar-19,12:41:55
31-Mar-19,12:41:55
31-Mar-19,12:41:55
31-Mar-19,12:41:55
31-Mar-19,12:41:55
31-Mar-19,12:41:55
31-Mar-19,12:41:55
31-Mar-19,12:41:55
31-Mar-19,12:41:55
31-Mar-19,12:41:55
31-Mar-19,12:41:55
31-Mar-19,12:41:55
31-Mar-19,12:41:55
31-Mar-19,12:41:55
31-Mar-19,12:41:55
31-Mar-19,12:41:55
31-Mar-19,12:41:55
31-Mar-19,12:41:55
31-Mar-19,12:41:55
31-Mar-19,12:41:55
31-Mar-19,12:41:55
31-Mar-19,12:41:55
31-Mar-19,12:41:55
31-Mar-19,12:41:55
31-Mar-19,12:41:55
31-Mar-19,12:41:55
31-Mar-19,12:41:55
31-Mar-19,12:41:55
31-Mar-19,12:41:55
31-Mar-19,12:41:55
31-Mar-19,12:41:55
31-Mar-19,12:41:55
31-Mar-19,12:41:55
31-Mar-19,12:41:55
31-Mar-19,12:41:55
31-Mar-19,12:41:55
31-Mar-19,12:41:55
31-Mar-19,12:41:55
31-Mar-19,12:41:55
31-Mar-19,12:41:55
31-Mar-19,12:41:55
31-Mar-19,12:41:55
31-Mar-19,12:41:55
31-Mar-19,12:41:55
31-Mar-19,12:41:55
31-Mar-19,12:41:55
31-Mar-19,12:41:55
31-Mar-19,12:41:55
31-Mar-19,12:41:55
31-Mar-19,12:41:55
31-Mar-19,12:41:55
31-Mar-19,12:41:56
31-Mar-19,12:41:56
31-Mar-19,12:41:56
31-Mar-19,12:41:56
31-Mar-19,12:41:56
31-Mar-19,12:41:56
31-Mar-19,12:41:56
31-Mar-19,12:41:56
31-Mar-19,12:41:56
31-Mar-19,12:41:56
31-Mar-19,12:41:56
31-Mar-19,12:41:56
31-Mar-19,12:41:56
31-Mar-19,12:41:56
31-Mar-19,12:41:56
31-Mar-19,12:41:56
31-Mar-19,12:41:56
31-Mar-19,12:41:56
31-Mar-19,12:41:56
31-Mar-19,12:41:56
31-Mar-19,12:41:56
31-Mar-19,12:41:56
31-Mar-19,12:41:56
31-Mar-19,12:41:56
31-Mar-19,12:41:56
31-Mar-19,12:41:56
31-Mar-19,12:41:56
31-Mar-19,12:41:56
31-Mar-19,12:41:56
31-Mar-19,12:41:56
31-Mar-19,12:41:56
31-Mar-19,12:41:56
31-Mar-19,12:41:56
31-Mar-19,12:41:56
31-Mar-19,12:41:56
31-Mar-19,12:41:56
31-Mar-19,12:41:56
31-Mar-19,12:41:56
31-Mar-19,12:41:56
31-Mar-19,12:41:56
31-Mar-19,12:41:56
31-Mar-19,12:41:56
31-Mar-19,12:41:56
31-Mar-19,12:41:56
31-Mar-19,12:41:56
31-Mar-19,12:41:56
31-Mar-19,12:41:56
31-Mar-19,12:41:56
31-Mar-19,12:41:56
31-Mar-19,12:41:56
31-Mar-19,12:41:56
31-Mar-19,12:41:56
31-Mar-19,12:41:56
31-Mar-19,12:41:56
31-Mar-19,12:41:56
31-Mar-19,12:41:56
31-Mar-19,12:41:56
31-Mar-19,12:41:56
31-Mar-19,12:41:56
31-Mar-19,12:41:56
31-Mar-19,12:41:56
31-Mar-19,12:41:57
31-Mar-19,12:41:57
31-Mar-19,12:41:57
31-Mar-19,12:41:57
31-Mar-19,12:41:57
31-Mar-19,12:41:57
31-Mar-19,12:41:57
31-Mar-19,12:41:57
31-Mar-19,12:41:57
31-Mar-19,12:41:57
31-Mar-19,12:41:57
31-Mar-19,12:41:57
31-Mar-19,12:41:57
31-Mar-19,12:41:57
31-Mar-19,12:41:57
31-Mar-19,12:41:57
31-Mar-19,12:41:57
31-Mar-19,12:41:57
31-Mar-19,12:41:57
31-Mar-19,12:41:57
31-Mar-19,12:41:57
31-Mar-19,12:41:57
31-Mar-19,12:41:57
31-Mar-19,12:41:57
31-Mar-19,12:41:57
31-Mar-19,12:41:57
31-Mar-19,12:41:57
31-Mar-19,12:41:57
31-Mar-19,12:41:57
31-Mar-19,12:41:57
31-Mar-19,12:41:57
31-Mar-19,12:41:57
31-Mar-19,12:41:57
31-Mar-19,12:41:57
31-Mar-19,12:41:57
31-Mar-19,12:41:57
31-Mar-19,12:41:57
31-Mar-19,12:41:57
31-Mar-19,12:41:57
31-Mar-19,12:41:57
31-Mar-19,12:41:57
31-Mar-19,12:41:57
31-Mar-19,12:41:57
31-Mar-19,12:41:57
31-Mar-19,12:41:57
31-Mar-19,12:41:57
31-Mar-19,12:41:57
31-Mar-19,12:41:57
31-Mar-19,12:41:57
31-Mar-19,12:41:57
31-Mar-19,12:41:57
31-Mar-19,12:41:57
31-Mar-19,12:41:57
31-Mar-19,12:41:57
31-Mar-19,12:41:57
31-Mar-19,12:41:57
31-Mar-19,12:41:57
31-Mar-19,12:41:57
31-Mar-19,12:41:57
31-Mar-19,12:41:57
31-Mar-19,12:41:57
31-Mar-19,12:41:57
31-Mar-19,12:41:58
31-Mar-19,12:41:58
31-Mar-19,12:41:58
31-Mar-19,12:41:58
31-Mar-19,12:41:58
31-Mar-19,12:41:58
31-Mar-19,12:41:58
31-Mar-19,12:41:58
31-Mar-19,12:41:58
31-Mar-19,12:41:58
31-Mar-19,12:41:58
31-Mar-19,12:41:58
31-Mar-19,12:41:58
31-Mar-19,12:41:58
31-Mar-19,12:41:58
31-Mar-19,12:41:58
31-Mar-19,12:41:58
31-Mar-19,12:41:58
31-Mar-19,12:41:58
31-Mar-19,12:41:58
31-Mar-19,12:41:58
31-Mar-19,12:41:58
31-Mar-19,12:41:58
31-Mar-19,12:41:58
31-Mar-19,12:41:58
31-Mar-19,12:41:58
31-Mar-19,12:41:58
31-Mar-19,12:41:58
31-Mar-19,12:41:58
31-Mar-19,12:41:58
31-Mar-19,12:41:58
31-Mar-19,12:41:58
31-Mar-19,12:41:58
31-Mar-19,12:41:58
31-Mar-19,12:41:58
31-Mar-19,12:41:58
31-Mar-19,12:41:58
31-Mar-19,12:41:58
31-Mar-19,12:41:58
31-Mar-19,12:41:58
31-Mar-19,12:41:58
31-Mar-19,12:41:58
31-Mar-19,12:41:58
31-Mar-19,12:41:58
31-Mar-19,12:41:58
31-Mar-19,12:41:58
31-Mar-19,12:41:58
31-Mar-19,12:41:58
31-Mar-19,12:41:58
31-Mar-19,12:41:58
31-Mar-19,12:41:58
31-Mar-19,12:41:58
31-Mar-19,12:41:58
31-Mar-19,12:41:58
31-Mar-19,12:41:58
31-Mar-19,12:41:58
31-Mar-19,12:41:58
31-Mar-19,12:41:58
31-Mar-19,12:41:58
31-Mar-19,12:41:58
31-Mar-19,12:41:58
31-Mar-19,12:41:58
31-Mar-19,12:41:59
31-Mar-19,12:41:59
31-Mar-19,12:41:59
31-Mar-19,12:41:59
31-Mar-19,12:41:59
31-Mar-19,12:41:59
31-Mar-19,12:41:59
31-Mar-19,12:41:59
31-Mar-19,12:41:59
31-Mar-19,12:41:59
31-Mar-19,12:41:59
31-Mar-19,12:41:59
31-Mar-19,12:41:59
31-Mar-19,12:41:59
31-Mar-19,12:41:59
31-Mar-19,12:41:59
31-Mar-19,12:41:59
31-Mar-19,12:41:59
31-Mar-19,12:41:59
31-Mar-19,12:41:59
31-Mar-19,12:41:59
31-Mar-19,12:41:59
31-Mar-19,12:41:59
31-Mar-19,12:41:59
31-Mar-19,12:41:59
31-Mar-19,12:41:59
31-Mar-19,12:41:59
31-Mar-19,12:41:59
31-Mar-19,12:41:59
31-Mar-19,12:41:59
31-Mar-19,12:41:59
31-Mar-19,12:41:59
31-Mar-19,12:41:59
31-Mar-19,12:41:59
31-Mar-19,12:41:59
31-Mar-19,12:41:59
31-Mar-19,12:41:59
31-Mar-19,12:41:59
31-Mar-19,12:41:59
31-Mar-19,12:41:59
31-Mar-19,12:41:59
31-Mar-19,12:41:59
31-Mar-19,12:41:59
31-Mar-19,12:41:59
31-Mar-19,12:41:59
31-Mar-19,12:41:59
31-Mar-19,12:41:59
31-Mar-19,12:41:59
31-Mar-19,12:41:59
31-Mar-19,12:41:59
31-Mar-19,12:41:59
31-Mar-19,12:41:59
31-Mar-19,12:41:59
31-Mar-19,12:41:59
31-Mar-19,12:41:59
31-Mar-19,12:41:59
31-Mar-19,12:41:59
31-Mar-19,12:41:59
31-Mar-19,12:41:59
31-Mar-19,12:41:59
31-Mar-19,12:41:59
31-Mar-19,12:41:59
31-Mar-19,12:42:00
31-Mar-19,12:42:00
31-Mar-19,12:42:00
31-Mar-19,12:42:00
31-Mar-19,12:42:00
31-Mar-19,12:42:00
31-Mar-19,12:42:00
31-Mar-19,12:42:00
31-Mar-19,12:42:00
31-Mar-19,12:42:00
31-Mar-19,12:42:00
31-Mar-19,12:42:00
31-Mar-19,12:42:00
31-Mar-19,12:42:00
31-Mar-19,12:42:00
31-Mar-19,12:42:00
31-Mar-19,12:42:00
31-Mar-19,12:42:00
31-Mar-19,12:42:00
31-Mar-19,12:42:00
31-Mar-19,12:42:00
31-Mar-19,12:42:00
31-Mar-19,12:42:00
31-Mar-19,12:42:00
31-Mar-19,12:42:00
31-Mar-19,12:42:00
31-Mar-19,12:42:00
31-Mar-19,12:42:00
31-Mar-19,12:42:00
31-Mar-19,12:42:00
31-Mar-19,12:42:00
31-Mar-19,12:42:00
31-Mar-19,12:42:00
31-Mar-19,12:42:00
31-Mar-19,12:42:00
31-Mar-19,12:42:00
31-Mar-19,12:42:00
31-Mar-19,12:42:00
31-Mar-19,12:42:00
31-Mar-19,12:42:00
31-Mar-19,12:42:00
31-Mar-19,12:42:00
31-Mar-19,12:42:00
31-Mar-19,12:42:00
31-Mar-19,12:42:00
31-Mar-19,12:42:00
31-Mar-19,12:42:00
31-Mar-19,12:42:00
31-Mar-19,12:42:00
31-Mar-19,12:42:00
31-Mar-19,12:42:00
31-Mar-19,12:42:00
31-Mar-19,12:42:00
31-Mar-19,12:42:00
31-Mar-19,12:42:00
31-Mar-19,12:42:00
31-Mar-19,12:42:00
31-Mar-19,12:42:00
31-Mar-19,12:42:00
31-Mar-19,12:42:00
31-Mar-19,12:42:00
31-Mar-19,12:42:00
31-Mar-19,12:42:01
31-Mar-19,12:42:01
31-Mar-19,12:42:01
31-Mar-19,12:42:01
31-Mar-19,12:42:01
31-Mar-19,12:42:01
31-Mar-19,12:42:01
31-Mar-19,12:42:01
31-Mar-19,12:42:01
31-Mar-19,12:42:01
31-Mar-19,12:42:01
31-Mar-19,12:42:01
31-Mar-19,12:42:01
31-Mar-19,12:42:01
31-Mar-19,12:42:01
31-Mar-19,12:42:01
31-Mar-19,12:42:01
31-Mar-19,12:42:01
31-Mar-19,12:42:01
31-Mar-19,12:42:01
31-Mar-19,12:42:01
31-Mar-19,12:42:01
31-Mar-19,12:42:01
31-Mar-19,12:42:01
31-Mar-19,12:42:01
31-Mar-19,12:42:01
31-Mar-19,12:42:01
31-Mar-19,12:42:01
31-Mar-19,12:42:01
31-Mar-19,12:42:01
31-Mar-19,12:42:01
31-Mar-19,12:42:01
31-Mar-19,12:42:01
31-Mar-19,12:42:01
31-Mar-19,12:42:01
31-Mar-19,12:42:01
31-Mar-19,12:42:01
31-Mar-19,12:42:01
31-Mar-19,12:42:01
31-Mar-19,12:42:01
31-Mar-19,12:42:01
31-Mar-19,12:42:01
31-Mar-19,12:42:01
31-Mar-19,12:42:01
31-Mar-19,12:42:01
31-Mar-19,12:42:01
31-Mar-19,12:42:01
31-Mar-19,12:42:01
31-Mar-19,12:42:01
31-Mar-19,12:42:01
31-Mar-19,12:42:01
31-Mar-19,12:42:01
31-Mar-19,12:42:01
31-Mar-19,12:42:01
31-Mar-19,12:42:01
31-Mar-19,12:42:01
31-Mar-19,12:42:01
31-Mar-19,12:42:01
31-Mar-19,12:42:01
31-Mar-19,12:42:01
31-Mar-19,12:42:01
31-Mar-19,12:42:01
31-Mar-19,12:42:02
31-Mar-19,12:42:02
31-Mar-19,12:42:02
31-Mar-19,12:42:02
31-Mar-19,12:42:02
31-Mar-19,12:42:02
31-Mar-19,12:42:02
31-Mar-19,12:42:02
31-Mar-19,12:42:02
31-Mar-19,12:42:02
31-Mar-19,12:42:02
31-Mar-19,12:42:02
31-Mar-19,12:42:02
31-Mar-19,12:42:02
31-Mar-19,12:42:02
31-Mar-19,12:42:02
31-Mar-19,12:42:02
31-Mar-19,12:42:02
31-Mar-19,12:42:02
31-Mar-19,12:42:02
31-Mar-19,12:42:02
31-Mar-19,12:42:02
31-Mar-19,12:42:02
31-Mar-19,12:42:02
31-Mar-19,12:42:02
31-Mar-19,12:42:02
31-Mar-19,12:42:02
31-Mar-19,12:42:02
31-Mar-19,12:42:02
31-Mar-19,12:42:02
31-Mar-19,12:42:02
31-Mar-19,12:42:02
31-Mar-19,12:42:02
31-Mar-19,12:42:02
31-Mar-19,12:42:02
31-Mar-19,12:42:02
31-Mar-19,12:42:02
31-Mar-19,12:42:02
31-Mar-19,12:42:02
31-Mar-19,12:42:02
31-Mar-19,12:42:02
31-Mar-19,12:42:02
31-Mar-19,12:42:02
31-Mar-19,12:42:02
31-Mar-19,12:42:02
31-Mar-19,12:42:02
31-Mar-19,12:42:02
31-Mar-19,12:42:02
31-Mar-19,12:42:02
31-Mar-19,12:42:02
31-Mar-19,12:42:02
31-Mar-19,12:42:02
31-Mar-19,12:42:02
31-Mar-19,12:42:02
31-Mar-19,12:42:02
31-Mar-19,12:42:02
31-Mar-19,12:42:02
31-Mar-19,12:42:02
31-Mar-19,12:42:02
31-Mar-19,12:42:02
31-Mar-19,12:42:02
31-Mar-19,12:42:02
31-Mar-19,12:42:02
31-Mar-19,12:42:03
31-Mar-19,12:42:03
31-Mar-19,12:42:03
31-Mar-19,12:42:03
31-Mar-19,12:42:03
31-Mar-19,12:42:03
31-Mar-19,12:42:03
31-Mar-19,12:42:03
31-Mar-19,12:42:03
31-Mar-19,12:42:03
31-Mar-19,12:42:03
31-Mar-19,12:42:03
31-Mar-19,12:42:03
31-Mar-19,12:42:03
31-Mar-19,12:42:03
31-Mar-19,12:42:03
31-Mar-19,12:42:03
31-Mar-19,12:42:03
31-Mar-19,12:42:03
31-Mar-19,12:42:03
31-Mar-19,12:42:03
31-Mar-19,12:42:03
31-Mar-19,12:42:03
31-Mar-19,12:42:03
31-Mar-19,12:42:03
31-Mar-19,12:42:03
31-Mar-19,12:42:03
31-Mar-19,12:42:03
31-Mar-19,12:42:03
31-Mar-19,12:42:03
31-Mar-19,12:42:03
31-Mar-19,12:42:03
31-Mar-19,12:42:03
31-Mar-19,12:42:03
31-Mar-19,12:42:03
31-Mar-19,12:42:03
31-Mar-19,12:42:03
31-Mar-19,12:42:03
31-Mar-19,12:42:03
31-Mar-19,12:42:03
31-Mar-19,12:42:03
31-Mar-19,12:42:03
31-Mar-19,12:42:03
31-Mar-19,12:42:03
31-Mar-19,12:42:03
31-Mar-19,12:42:03
31-Mar-19,12:42:03
31-Mar-19,12:42:03
31-Mar-19,12:42:03
31-Mar-19,12:42:03
31-Mar-19,12:42:03
31-Mar-19,12:42:03
31-Mar-19,12:42:03
31-Mar-19,12:42:03
31-Mar-19,12:42:03
31-Mar-19,12:42:03
31-Mar-19,12:42:03
31-Mar-19,12:42:03
31-Mar-19,12:42:03
31-Mar-19,12:42:03
31-Mar-19,12:42:03
31-Mar-19,12:42:03
31-Mar-19,12:42:03
31-Mar-19,12:42:04
31-Mar-19,12:42:04
31-Mar-19,12:42:04
31-Mar-19,12:42:04
31-Mar-19,12:42:04
31-Mar-19,12:42:04
31-Mar-19,12:42:04
31-Mar-19,12:42:04
31-Mar-19,12:42:04
31-Mar-19,12:42:04
31-Mar-19,12:42:04
31-Mar-19,12:42:04
31-Mar-19,12:42:04
31-Mar-19,12:42:04
31-Mar-19,12:42:04
31-Mar-19,12:42:04
31-Mar-19,12:42:04
31-Mar-19,12:42:04
31-Mar-19,12:42:04
31-Mar-19,12:42:04
31-Mar-19,12:42:04
31-Mar-19,12:42:04
31-Mar-19,12:42:04
31-Mar-19,12:42:04
31-Mar-19,12:42:04
31-Mar-19,12:42:04
31-Mar-19,12:42:04
31-Mar-19,12:42:04
31-Mar-19,12:42:04
31-Mar-19,12:42:04
31-Mar-19,12:42:04
31-Mar-19,12:42:04
31-Mar-19,12:42:04
31-Mar-19,12:42:04
31-Mar-19,12:42:04
31-Mar-19,12:42:04
31-Mar-19,12:42:04
31-Mar-19,12:42:04
31-Mar-19,12:42:04
31-Mar-19,12:42:04
31-Mar-19,12:42:04
31-Mar-19,12:42:04
31-Mar-19,12:42:04
31-Mar-19,12:42:04
31-Mar-19,12:42:04
31-Mar-19,12:42:04
31-Mar-19,12:42:04
31-Mar-19,12:42:04
31-Mar-19,12:42:04
31-Mar-19,12:42:04
31-Mar-19,12:42:04
31-Mar-19,12:42:04
31-Mar-19,12:42:04
31-Mar-19,12:42:04
31-Mar-19,12:42:04
31-Mar-19,12:42:04
31-Mar-19,12:42:04
31-Mar-19,12:42:04
31-Mar-19,12:42:04
31-Mar-19,12:42:04
31-Mar-19,12:42:04
31-Mar-19,12:42:04
31-Mar-19,12:42:04
31-Mar-19,12:42:05
31-Mar-19,12:42:05
31-Mar-19,12:42:05
31-Mar-19,12:42:05
31-Mar-19,12:42:05
31-Mar-19,12:42:05
31-Mar-19,12:42:05
31-Mar-19,12:42:05
31-Mar-19,12:42:05
31-Mar-19,12:42:05
31-Mar-19,12:42:05
31-Mar-19,12:42:05
31-Mar-19,12:42:05
31-Mar-19,12:42:05
31-Mar-19,12:42:05
31-Mar-19,12:42:05
31-Mar-19,12:42:05
31-Mar-19,12:42:05
31-Mar-19,12:42:05
31-Mar-19,12:42:05
31-Mar-19,12:42:05
31-Mar-19,12:42:05
31-Mar-19,12:42:05
31-Mar-19,12:42:05
31-Mar-19,12:42:05
31-Mar-19,12:42:05
31-Mar-19,12:42:05
31-Mar-19,12:42:05
31-Mar-19,12:42:05
31-Mar-19,12:42:05
31-Mar-19,12:42:05
31-Mar-19,12:42:05
31-Mar-19,12:42:05
31-Mar-19,12:42:05
31-Mar-19,12:42:05
31-Mar-19,12:42:05
31-Mar-19,12:42:05
31-Mar-19,12:42:05
31-Mar-19,12:42:05
31-Mar-19,12:42:05
31-Mar-19,12:42:05
31-Mar-19,12:42:05
31-Mar-19,12:42:05
31-Mar-19,12:42:05
31-Mar-19,12:42:05
31-Mar-19,12:42:05
31-Mar-19,12:42:05
31-Mar-19,12:42:05
31-Mar-19,12:42:05
31-Mar-19,12:42:05
31-Mar-19,12:42:05
31-Mar-19,12:42:05
31-Mar-19,12:42:05
31-Mar-19,12:42:05
31-Mar-19,12:42:05
31-Mar-19,12:42:05
31-Mar-19,12:42:05
31-Mar-19,12:42:05
31-Mar-19,12:42:05
31-Mar-19,12:42:05
31-Mar-19,12:42:05
31-Mar-19,12:42:05
31-Mar-19,12:42:05
31-Mar-19,12:42:06
31-Mar-19,12:42:06
31-Mar-19,12:42:06
31-Mar-19,12:42:06
31-Mar-19,12:42:06
31-Mar-19,12:42:06
31-Mar-19,12:42:06
31-Mar-19,12:42:06
31-Mar-19,12:42:06
31-Mar-19,12:42:06
31-Mar-19,12:42:06
31-Mar-19,12:42:06
31-Mar-19,12:42:06
31-Mar-19,12:42:06
31-Mar-19,12:42:06
31-Mar-19,12:42:06
31-Mar-19,12:42:06
31-Mar-19,12:42:06
31-Mar-19,12:42:06
31-Mar-19,12:42:06
31-Mar-19,12:42:06
31-Mar-19,12:42:06
31-Mar-19,12:42:06
31-Mar-19,12:42:06
31-Mar-19,12:42:06
31-Mar-19,12:42:06
31-Mar-19,12:42:06
31-Mar-19,12:42:06
31-Mar-19,12:42:06
31-Mar-19,12:42:06
31-Mar-19,12:42:06
31-Mar-19,12:42:06
31-Mar-19,12:42:06
31-Mar-19,12:42:06
31-Mar-19,12:42:06
31-Mar-19,12:42:06
31-Mar-19,12:42:06
31-Mar-19,12:42:06
31-Mar-19,12:42:06
31-Mar-19,12:42:06
31-Mar-19,12:42:06
31-Mar-19,12:42:06
31-Mar-19,12:42:06
31-Mar-19,12:42:06
31-Mar-19,12:42:06
31-Mar-19,12:42:06
31-Mar-19,12:42:06
31-Mar-19,12:42:06
31-Mar-19,12:42:06
31-Mar-19,12:42:06
31-Mar-19,12:42:06
31-Mar-19,12:42:06
31-Mar-19,12:42:06
31-Mar-19,12:42:06
31-Mar-19,12:42:06
31-Mar-19,12:42:06
31-Mar-19,12:42:06
31-Mar-19,12:42:06
31-Mar-19,12:42:06
31-Mar-19,12:42:06
31-Mar-19,12:42:06
31-Mar-19,12:42:06
31-Mar-19,12:42:06
31-Mar-19,12:42:07
31-Mar-19,12:42:07
31-Mar-19,12:42:07
31-Mar-19,12:42:07
31-Mar-19,12:42:07
31-Mar-19,12:42:07
31-Mar-19,12:42:07
31-Mar-19,12:42:07
31-Mar-19,12:42:07
31-Mar-19,12:42:07
31-Mar-19,12:42:07
31-Mar-19,12:42:07
31-Mar-19,12:42:07
31-Mar-19,12:42:07
31-Mar-19,12:42:07
31-Mar-19,12:42:07
31-Mar-19,12:42:07
31-Mar-19,12:42:07
31-Mar-19,12:42:07
31-Mar-19,12:42:07
31-Mar-19,12:42:07
31-Mar-19,12:42:07
31-Mar-19,12:42:07
31-Mar-19,12:42:07
31-Mar-19,12:42:07
31-Mar-19,12:42:07
31-Mar-19,12:42:07
31-Mar-19,12:42:07
31-Mar-19,12:42:07
31-Mar-19,12:42:07
31-Mar-19,12:42:07
31-Mar-19,12:42:07
31-Mar-19,12:42:07
31-Mar-19,12:42:07
31-Mar-19,12:42:07
31-Mar-19,12:42:07
31-Mar-19,12:42:07
31-Mar-19,12:42:07
31-Mar-19,12:42:07
31-Mar-19,12:42:07
31-Mar-19,12:42:07
31-Mar-19,12:42:07
31-Mar-19,12:42:07
31-Mar-19,12:42:07
31-Mar-19,12:42:07
31-Mar-19,12:42:07
31-Mar-19,12:42:07
31-Mar-19,12:42:07
31-Mar-19,12:42:07
31-Mar-19,12:42:07
31-Mar-19,12:42:07
31-Mar-19,12:42:07
31-Mar-19,12:42:07
31-Mar-19,12:42:07
31-Mar-19,12:42:07
31-Mar-19,12:42:07
31-Mar-19,12:42:07
31-Mar-19,12:42:07
31-Mar-19,12:42:07
31-Mar-19,12:42:07
31-Mar-19,12:42:07
31-Mar-19,12:42:07
31-Mar-19,12:42:07
31-Mar-19,12:42:07
31-Mar-19,12:42:08
31-Mar-19,12:42:08
31-Mar-19,12:42:08
31-Mar-19,12:42:08
31-Mar-19,12:42:08
31-Mar-19,12:42:08
31-Mar-19,12:42:08
31-Mar-19,12:42:08
31-Mar-19,12:42:08
31-Mar-19,12:42:08
31-Mar-19,12:42:08
31-Mar-19,12:42:08
31-Mar-19,12:42:08
31-Mar-19,12:42:08
31-Mar-19,12:42:08
31-Mar-19,12:42:08
31-Mar-19,12:42:08
31-Mar-19,12:42:08
31-Mar-19,12:42:08
31-Mar-19,12:42:08
31-Mar-19,12:42:08
31-Mar-19,12:42:08
31-Mar-19,12:42:08
31-Mar-19,12:42:08
31-Mar-19,12:42:08
31-Mar-19,12:42:08
31-Mar-19,12:42:08
31-Mar-19,12:42:08
31-Mar-19,12:42:08
31-Mar-19,12:42:08
31-Mar-19,12:42:08
31-Mar-19,12:42:08
31-Mar-19,12:42:08
31-Mar-19,12:42:08
31-Mar-19,12:42:08
31-Mar-19,12:42:08
31-Mar-19,12:42:08
31-Mar-19,12:42:08
31-Mar-19,12:42:08
31-Mar-19,12:42:08
31-Mar-19,12:42:08
31-Mar-19,12:42:08
31-Mar-19,12:42:08
31-Mar-19,12:42:08
31-Mar-19,12:42:08
31-Mar-19,12:42:08
31-Mar-19,12:42:08
31-Mar-19,12:42:08
31-Mar-19,12:42:08
31-Mar-19,12:42:08
31-Mar-19,12:42:08
31-Mar-19,12:42:08
31-Mar-19,12:42:08
31-Mar-19,12:42:08
31-Mar-19,12:42:08
31-Mar-19,12:42:08
31-Mar-19,12:42:08
31-Mar-19,12:42:08
31-Mar-19,12:42:08
31-Mar-19,12:42:08
31-Mar-19,12:42:08
31-Mar-19,12:42:08
31-Mar-19,12:42:08
31-Mar-19,12:42:08
31-Mar-19,12:42:09
31-Mar-19,12:42:09
31-Mar-19,12:42:09
31-Mar-19,12:42:09
31-Mar-19,12:42:09
31-Mar-19,12:42:09
31-Mar-19,12:42:09
31-Mar-19,12:42:09
31-Mar-19,12:42:09
31-Mar-19,12:42:09
31-Mar-19,12:42:09
31-Mar-19,12:42:09
31-Mar-19,12:42:09
31-Mar-19,12:42:09
31-Mar-19,12:42:09
31-Mar-19,12:42:09
31-Mar-19,12:42:09
31-Mar-19,12:42:09
31-Mar-19,12:42:09
31-Mar-19,12:42:09
31-Mar-19,12:42:09
31-Mar-19,12:42:09
31-Mar-19,12:42:09
31-Mar-19,12:42:09
31-Mar-19,12:42:09
31-Mar-19,12:42:09
31-Mar-19,12:42:09
31-Mar-19,12:42:09
31-Mar-19,12:42:09
31-Mar-19,12:42:09
31-Mar-19,12:42:09
31-Mar-19,12:42:09
31-Mar-19,12:42:09
31-Mar-19,12:42:09
31-Mar-19,12:42:09
31-Mar-19,12:42:09
31-Mar-19,12:42:09
31-Mar-19,12:42:09
31-Mar-19,12:42:09
31-Mar-19,12:42:09
31-Mar-19,12:42:09
31-Mar-19,12:42:09
31-Mar-19,12:42:09
31-Mar-19,12:42:09
31-Mar-19,12:42:09
31-Mar-19,12:42:09
31-Mar-19,12:42:09
31-Mar-19,12:42:09
31-Mar-19,12:42:09
31-Mar-19,12:42:09
31-Mar-19,12:42:09
31-Mar-19,12:42:09
31-Mar-19,12:42:09
31-Mar-19,12:42:09
31-Mar-19,12:42:09
31-Mar-19,12:42:09
31-Mar-19,12:42:09
31-Mar-19,12:42:09
31-Mar-19,12:42:09
31-Mar-19,12:42:09
31-Mar-19,12:42:09
31-Mar-19,12:42:09
31-Mar-19,12:42:09
31-Mar-19,12:42:09
31-Mar-19,12:42:10
31-Mar-19,12:42:10
31-Mar-19,12:42:10
31-Mar-19,12:42:10
31-Mar-19,12:42:10
31-Mar-19,12:42:10
31-Mar-19,12:42:10
31-Mar-19,12:42:10
31-Mar-19,12:42:10
31-Mar-19,12:42:10
31-Mar-19,12:42:10
31-Mar-19,12:42:10
31-Mar-19,12:42:10
31-Mar-19,12:42:10
31-Mar-19,12:42:10
31-Mar-19,12:42:10
31-Mar-19,12:42:10
31-Mar-19,12:42:10
31-Mar-19,12:42:10
31-Mar-19,12:42:10
31-Mar-19,12:42:10
31-Mar-19,12:42:10
31-Mar-19,12:42:10
31-Mar-19,12:42:10
31-Mar-19,12:42:10
31-Mar-19,12:42:10
31-Mar-19,12:42:10
31-Mar-19,12:42:10
31-Mar-19,12:42:10
31-Mar-19,12:42:10
31-Mar-19,12:42:10
31-Mar-19,12:42:10
31-Mar-19,12:42:10
31-Mar-19,12:42:10
31-Mar-19,12:42:10
31-Mar-19,12:42:10
31-Mar-19,12:42:10
31-Mar-19,12:42:10
31-Mar-19,12:42:10
31-Mar-19,12:42:10
31-Mar-19,12:42:10
31-Mar-19,12:42:10
31-Mar-19,12:42:10
31-Mar-19,12:42:10
31-Mar-19,12:42:10
31-Mar-19,12:42:10
31-Mar-19,12:42:10
31-Mar-19,12:42:10
31-Mar-19,12:42:10
31-Mar-19,12:42:10
31-Mar-19,12:42:10
31-Mar-19,12:42:10
31-Mar-19,12:42:10
31-Mar-19,12:42:10
31-Mar-19,12:42:10
31-Mar-19,12:42:10
31-Mar-19,12:42:10
31-Mar-19,12:42:10
31-Mar-19,12:42:10
31-Mar-19,12:42:10
31-Mar-19,12:42:10
31-Mar-19,12:42:10
31-Mar-19,12:42:10
31-Mar-19,12:42:10
31-Mar-19,12:42:11
31-Mar-19,12:42:11
31-Mar-19,12:42:11
31-Mar-19,12:42:11
31-Mar-19,12:42:11
31-Mar-19,12:42:11
31-Mar-19,12:42:11
31-Mar-19,12:42:11
31-Mar-19,12:42:11
31-Mar-19,12:42:11
31-Mar-19,12:42:11
31-Mar-19,12:42:11
31-Mar-19,12:42:11
31-Mar-19,12:42:11
31-Mar-19,12:42:11
31-Mar-19,12:42:11
31-Mar-19,12:42:11
31-Mar-19,12:42:11
31-Mar-19,12:42:11
31-Mar-19,12:42:11
31-Mar-19,12:42:11
31-Mar-19,12:42:11
31-Mar-19,12:42:11
31-Mar-19,12:42:11
31-Mar-19,12:42:11
31-Mar-19,12:42:11
31-Mar-19,12:42:11
31-Mar-19,12:42:11
31-Mar-19,12:42:11
31-Mar-19,12:42:11
31-Mar-19,12:42:11
31-Mar-19,12:42:11
31-Mar-19,12:42:11
31-Mar-19,12:42:11
31-Mar-19,12:42:11
31-Mar-19,12:42:11
31-Mar-19,12:42:11
31-Mar-19,12:42:11
31-Mar-19,12:42:11
31-Mar-19,12:42:11
31-Mar-19,12:42:11
31-Mar-19,12:42:11
31-Mar-19,12:42:11
31-Mar-19,12:42:11
31-Mar-19,12:42:11
31-Mar-19,12:42:11
31-Mar-19,12:42:11
31-Mar-19,12:42:11
31-Mar-19,12:42:11
31-Mar-19,12:42:11
31-Mar-19,12:42:11
31-Mar-19,12:42:11
31-Mar-19,12:42:11
31-Mar-19,12:42:11
31-Mar-19,12:42:11
31-Mar-19,12:42:11
31-Mar-19,12:42:11
31-Mar-19,12:42:11
31-Mar-19,12:42:11
31-Mar-19,12:42:11
31-Mar-19,12:42:11
31-Mar-19,12:42:11
31-Mar-19,12:42:11
31-Mar-19,12:42:11
31-Mar-19,12:42:12
31-Mar-19,12:42:12
31-Mar-19,12:42:12
31-Mar-19,12:42:12
31-Mar-19,12:42:12
31-Mar-19,12:42:12
31-Mar-19,12:42:12
31-Mar-19,12:42:12
31-Mar-19,12:42:12
31-Mar-19,12:42:12
31-Mar-19,12:42:12
31-Mar-19,12:42:12
31-Mar-19,12:42:12
31-Mar-19,12:42:12
31-Mar-19,12:42:12
31-Mar-19,12:42:12
31-Mar-19,12:42:12
31-Mar-19,12:42:12
31-Mar-19,12:42:12
31-Mar-19,12:42:12
31-Mar-19,12:42:12
31-Mar-19,12:42:12
31-Mar-19,12:42:12
31-Mar-19,12:42:12
31-Mar-19,12:42:12
31-Mar-19,12:42:12
31-Mar-19,12:42:12
31-Mar-19,12:42:12
31-Mar-19,12:42:12
31-Mar-19,12:42:12
31-Mar-19,12:42:12
31-Mar-19,12:42:12
31-Mar-19,12:42:12
31-Mar-19,12:42:12
31-Mar-19,12:42:12
31-Mar-19,12:42:12
31-Mar-19,12:42:12
31-Mar-19,12:42:12
31-Mar-19,12:42:12
31-Mar-19,12:42:12
31-Mar-19,12:42:12
31-Mar-19,12:42:12
31-Mar-19,12:42:12
31-Mar-19,12:42:12
31-Mar-19,12:42:12
31-Mar-19,12:42:12
31-Mar-19,12:42:12
31-Mar-19,12:42:12
31-Mar-19,12:42:12
31-Mar-19,12:42:12
31-Mar-19,12:42:12
31-Mar-19,12:42:12
31-Mar-19,12:42:12
31-Mar-19,12:42:12
31-Mar-19,12:42:12
31-Mar-19,12:42:12
31-Mar-19,12:42:12
31-Mar-19,12:42:12
31-Mar-19,12:42:12
31-Mar-19,12:42:12
31-Mar-19,12:42:12
31-Mar-19,12:42:12
31-Mar-19,12:42:12
31-Mar-19,12:42:12
31-Mar-19,12:42:12
31-Mar-19,12:42:13
31-Mar-19,12:42:13
31-Mar-19,12:42:13
31-Mar-19,12:42:13
31-Mar-19,12:42:13
31-Mar-19,12:42:13
31-Mar-19,12:42:13
31-Mar-19,12:42:13
31-Mar-19,12:42:13
31-Mar-19,12:42:13
31-Mar-19,12:42:13
31-Mar-19,12:42:13
31-Mar-19,12:42:13
31-Mar-19,12:42:13
31-Mar-19,12:42:13
31-Mar-19,12:42:13
31-Mar-19,12:42:13
31-Mar-19,12:42:13
31-Mar-19,12:42:13
31-Mar-19,12:42:13
31-Mar-19,12:42:13
31-Mar-19,12:42:13
31-Mar-19,12:42:13
31-Mar-19,12:42:13
31-Mar-19,12:42:13
31-Mar-19,12:42:13
31-Mar-19,12:42:13
31-Mar-19,12:42:13
31-Mar-19,12:42:13
31-Mar-19,12:42:13
31-Mar-19,12:42:13
31-Mar-19,12:42:13
31-Mar-19,12:42:13
31-Mar-19,12:42:13
31-Mar-19,12:42:13
31-Mar-19,12:42:13
31-Mar-19,12:42:13
31-Mar-19,12:42:13
31-Mar-19,12:42:13
31-Mar-19,12:42:13
31-Mar-19,12:42:13
31-Mar-19,12:42:13
31-Mar-19,12:42:13
31-Mar-19,12:42:13
31-Mar-19,12:42:13
31-Mar-19,12:42:13
31-Mar-19,12:42:13
31-Mar-19,12:42:13
31-Mar-19,12:42:13
31-Mar-19,12:42:13
31-Mar-19,12:42:13
31-Mar-19,12:42:13
31-Mar-19,12:42:13
31-Mar-19,12:42:13
31-Mar-19,12:42:13
31-Mar-19,12:42:13
31-Mar-19,12:42:13
31-Mar-19,12:42:13
31-Mar-19,12:42:13
31-Mar-19,12:42:13
31-Mar-19,12:42:13
31-Mar-19,12:42:13
31-Mar-19,12:42:13
31-Mar-19,12:42:13
31-Mar-19,12:42:13
31-Mar-19,12:42:14
31-Mar-19,12:42:14
31-Mar-19,12:42:14
31-Mar-19,12:42:14
31-Mar-19,12:42:14
31-Mar-19,12:42:14
31-Mar-19,12:42:14
31-Mar-19,12:42:14
31-Mar-19,12:42:14
31-Mar-19,12:42:14
31-Mar-19,12:42:14
31-Mar-19,12:42:14
31-Mar-19,12:42:14
31-Mar-19,12:42:14
31-Mar-19,12:42:14
31-Mar-19,12:42:14
31-Mar-19,12:42:14
31-Mar-19,12:42:14
31-Mar-19,12:42:14
31-Mar-19,12:42:14
31-Mar-19,12:42:14
31-Mar-19,12:42:14
31-Mar-19,12:42:14
31-Mar-19,12:42:14
31-Mar-19,12:42:14
31-Mar-19,12:42:14
31-Mar-19,12:42:14
31-Mar-19,12:42:14
31-Mar-19,12:42:14
31-Mar-19,12:42:14
31-Mar-19,12:42:14
31-Mar-19,12:42:14
31-Mar-19,12:42:14
31-Mar-19,12:42:14
31-Mar-19,12:42:14
31-Mar-19,12:42:14
31-Mar-19,12:42:14
31-Mar-19,12:42:14
31-Mar-19,12:42:14
31-Mar-19,12:42:14
31-Mar-19,12:42:14
31-Mar-19,12:42:14
31-Mar-19,12:42:14
31-Mar-19,12:42:14
31-Mar-19,12:42:14
31-Mar-19,12:42:14
31-Mar-19,12:42:14
31-Mar-19,12:42:14
31-Mar-19,12:42:14
31-Mar-19,12:42:14
31-Mar-19,12:42:14
31-Mar-19,12:42:14
31-Mar-19,12:42:14
31-Mar-19,12:42:14
31-Mar-19,12:42:14
31-Mar-19,12:42:14
31-Mar-19,12:42:14
31-Mar-19,12:42:14
31-Mar-19,12:42:14
31-Mar-19,12:42:14
31-Mar-19,12:42:14
31-Mar-19,12:42:14
31-Mar-19,12:42:14
31-Mar-19,12:42:14
31-Mar-19,12:42:14
31-Mar-19,12:42:15
31-Mar-19,12:42:15
31-Mar-19,12:42:15
31-Mar-19,12:42:15
31-Mar-19,12:42:15
31-Mar-19,12:42:15
31-Mar-19,12:42:15
31-Mar-19,12:42:15
31-Mar-19,12:42:15
31-Mar-19,12:42:15
31-Mar-19,12:42:15
31-Mar-19,12:42:15
31-Mar-19,12:42:15
31-Mar-19,12:42:15
31-Mar-19,12:42:15
31-Mar-19,12:42:15
31-Mar-19,12:42:15
31-Mar-19,12:42:15
31-Mar-19,12:42:15
31-Mar-19,12:42:15
31-Mar-19,12:42:15
31-Mar-19,12:42:15
31-Mar-19,12:42:15
31-Mar-19,12:42:15
31-Mar-19,12:42:15
31-Mar-19,12:42:15
31-Mar-19,12:42:15
31-Mar-19,12:42:15
31-Mar-19,12:42:15
31-Mar-19,12:42:15
31-Mar-19,12:42:15
31-Mar-19,12:42:15
31-Mar-19,12:42:15
31-Mar-19,12:42:15
31-Mar-19,12:42:15
31-Mar-19,12:42:15
31-Mar-19,12:42:15
31-Mar-19,12:42:15
31-Mar-19,12:42:15
31-Mar-19,12:42:15
31-Mar-19,12:42:15
31-Mar-19,12:42:15
31-Mar-19,12:42:15
31-Mar-19,12:42:15
31-Mar-19,12:42:15
31-Mar-19,12:42:15
31-Mar-19,12:42:15
31-Mar-19,12:42:15
31-Mar-19,12:42:15
31-Mar-19,12:42:15
31-Mar-19,12:42:15
31-Mar-19,12:42:15
31-Mar-19,12:42:15
31-Mar-19,12:42:15
31-Mar-19,12:42:15
31-Mar-19,12:42:15
31-Mar-19,12:42:15
31-Mar-19,12:42:15
31-Mar-19,12:42:15
31-Mar-19,12:42:15
31-Mar-19,12:42:15
31-Mar-19,12:42:15
31-Mar-19,12:42:15
31-Mar-19,12:42:15
31-Mar-19,12:42:15
31-Mar-19,12:42:16
31-Mar-19,12:42:16
31-Mar-19,12:42:16
31-Mar-19,12:42:16
31-Mar-19,12:42:16
31-Mar-19,12:42:16
31-Mar-19,12:42:16
31-Mar-19,12:42:16
31-Mar-19,12:42:16
31-Mar-19,12:42:16
31-Mar-19,12:42:16
31-Mar-19,12:42:16
31-Mar-19,12:42:16
31-Mar-19,12:42:16
31-Mar-19,12:42:16
31-Mar-19,12:42:16
31-Mar-19,12:42:16
31-Mar-19,12:42:16
31-Mar-19,12:42:16
31-Mar-19,12:42:16
31-Mar-19,12:42:16
31-Mar-19,12:42:16
31-Mar-19,12:42:16
31-Mar-19,12:42:16
31-Mar-19,12:42:16
31-Mar-19,12:42:16
31-Mar-19,12:42:16
31-Mar-19,12:42:16
31-Mar-19,12:42:16
31-Mar-19,12:42:16
31-Mar-19,12:42:16
31-Mar-19,12:42:16
31-Mar-19,12:42:16
31-Mar-19,12:42:16
31-Mar-19,12:42:16
31-Mar-19,12:42:16
31-Mar-19,12:42:16
31-Mar-19,12:42:16
31-Mar-19,12:42:16
31-Mar-19,12:42:16
31-Mar-19,12:42:16
31-Mar-19,12:42:16
31-Mar-19,12:42:16
31-Mar-19,12:42:16
31-Mar-19,12:42:16
31-Mar-19,12:42:16
31-Mar-19,12:42:16
31-Mar-19,12:42:16
31-Mar-19,12:42:16
31-Mar-19,12:42:16
31-Mar-19,12:42:16
31-Mar-19,12:42:16
31-Mar-19,12:42:16
31-Mar-19,12:42:16
31-Mar-19,12:42:16
31-Mar-19,12:42:16
31-Mar-19,12:42:16
31-Mar-19,12:42:16
31-Mar-19,12:42:16
31-Mar-19,12:42:16
31-Mar-19,12:42:16
31-Mar-19,12:42:16
31-Mar-19,12:42:16
31-Mar-19,12:42:16
31-Mar-19,12:42:16
31-Mar-19,12:42:17
31-Mar-19,12:42:17
31-Mar-19,12:42:17
31-Mar-19,12:42:17
31-Mar-19,12:42:17
31-Mar-19,12:42:17
31-Mar-19,12:42:17
31-Mar-19,12:42:17
31-Mar-19,12:42:17
31-Mar-19,12:42:17
31-Mar-19,12:42:17
31-Mar-19,12:42:17
31-Mar-19,12:42:17
31-Mar-19,12:42:17
31-Mar-19,12:42:17
31-Mar-19,12:42:17
31-Mar-19,12:42:17
31-Mar-19,12:42:17
31-Mar-19,12:42:17
31-Mar-19,12:42:17
31-Mar-19,12:42:17
31-Mar-19,12:42:17
31-Mar-19,12:42:17
31-Mar-19,12:42:17
31-Mar-19,12:42:17
31-Mar-19,12:42:17
31-Mar-19,12:42:17
31-Mar-19,12:42:17
31-Mar-19,12:42:17
31-Mar-19,12:42:17
31-Mar-19,12:42:17
31-Mar-19,12:42:17
31-Mar-19,12:42:17
31-Mar-19,12:42:17
31-Mar-19,12:42:17
31-Mar-19,12:42:17
31-Mar-19,12:42:17
31-Mar-19,12:42:17
31-Mar-19,12:42:17
31-Mar-19,12:42:17
31-Mar-19,12:42:17
31-Mar-19,12:42:17
31-Mar-19,12:42:17
31-Mar-19,12:42:17
31-Mar-19,12:42:17
31-Mar-19,12:42:17
31-Mar-19,12:42:17
31-Mar-19,12:42:17
31-Mar-19,12:42:17
31-Mar-19,12:42:17
31-Mar-19,12:42:17
31-Mar-19,12:42:17
31-Mar-19,12:42:17
31-Mar-19,12:42:17
31-Mar-19,12:42:17
31-Mar-19,12:42:17
31-Mar-19,12:42:17
31-Mar-19,12:42:17
31-Mar-19,12:42:17
31-Mar-19,12:42:17
31-Mar-19,12:42:17
31-Mar-19,12:42:17
31-Mar-19,12:42:17
31-Mar-19,12:42:17
31-Mar-19,12:42:17
31-Mar-19,12:42:17
31-Mar-19,12:42:18
31-Mar-19,12:42:18
31-Mar-19,12:42:18
31-Mar-19,12:42:18
31-Mar-19,12:42:18
31-Mar-19,12:42:18
31-Mar-19,12:42:18
31-Mar-19,12:42:18
31-Mar-19,12:42:18
31-Mar-19,12:42:18
31-Mar-19,12:42:18
31-Mar-19,12:42:18
31-Mar-19,12:42:18
31-Mar-19,12:42:18
31-Mar-19,12:42:18
31-Mar-19,12:42:18
31-Mar-19,12:42:18
31-Mar-19,12:42:18
31-Mar-19,12:42:18
31-Mar-19,12:42:18
31-Mar-19,12:42:18
31-Mar-19,12:42:18
31-Mar-19,12:42:18
31-Mar-19,12:42:18
31-Mar-19,12:42:18
31-Mar-19,12:42:18
31-Mar-19,12:42:18
31-Mar-19,12:42:18
31-Mar-19,12:42:18
31-Mar-19,12:42:18
31-Mar-19,12:42:18
31-Mar-19,12:42:18
31-Mar-19,12:42:18
31-Mar-19,12:42:18
31-Mar-19,12:42:18
31-Mar-19,12:42:18
31-Mar-19,12:42:18
31-Mar-19,12:42:18
31-Mar-19,12:42:18
31-Mar-19,12:42:18
31-Mar-19,12:42:18
31-Mar-19,12:42:18
31-Mar-19,12:42:18
31-Mar-19,12:42:18
31-Mar-19,12:42:18
31-Mar-19,12:42:18
31-Mar-19,12:42:18
31-Mar-19,12:42:18
31-Mar-19,12:42:18
31-Mar-19,12:42:18
31-Mar-19,12:42:18
31-Mar-19,12:42:18
31-Mar-19,12:42:18
31-Mar-19,12:42:18
31-Mar-19,12:42:18
31-Mar-19,12:42:18
31-Mar-19,12:42:18
31-Mar-19,12:42:18
31-Mar-19,12:42:18
31-Mar-19,12:42:18
31-Mar-19,12:42:18
31-Mar-19,12:42:18
31-Mar-19,12:42:18
31-Mar-19,12:42:18
31-Mar-19,12:42:18
31-Mar-19,12:42:18
31-Mar-19,12:42:19
31-Mar-19,12:42:19
31-Mar-19,12:42:19
31-Mar-19,12:42:19
31-Mar-19,12:42:19
31-Mar-19,12:42:19
31-Mar-19,12:42:19
31-Mar-19,12:42:19
31-Mar-19,12:42:19
31-Mar-19,12:42:19
31-Mar-19,12:42:19
31-Mar-19,12:42:19
31-Mar-19,12:42:19
31-Mar-19,12:42:19
31-Mar-19,12:42:19
31-Mar-19,12:42:19
31-Mar-19,12:42:19
31-Mar-19,12:42:19
31-Mar-19,12:42:19
31-Mar-19,12:42:19
31-Mar-19,12:42:19
31-Mar-19,12:42:19
31-Mar-19,12:42:19
31-Mar-19,12:42:19
31-Mar-19,12:42:19
31-Mar-19,12:42:19
31-Mar-19,12:42:19
31-Mar-19,12:42:19
31-Mar-19,12:42:19
31-Mar-19,12:42:19
31-Mar-19,12:42:19
31-Mar-19,12:42:19
31-Mar-19,12:42:19
31-Mar-19,12:42:19
31-Mar-19,12:42:19
31-Mar-19,12:42:19
31-Mar-19,12:42:19
31-Mar-19,12:42:19
31-Mar-19,12:42:19
31-Mar-19,12:42:19
31-Mar-19,12:42:19
31-Mar-19,12:42:19
31-Mar-19,12:42:19
31-Mar-19,12:42:19
31-Mar-19,12:42:19
31-Mar-19,12:42:19
31-Mar-19,12:42:19
31-Mar-19,12:42:19
31-Mar-19,12:42:19
31-Mar-19,12:42:19
31-Mar-19,12:42:19
31-Mar-19,12:42:19
31-Mar-19,12:42:19
31-Mar-19,12:42:19
31-Mar-19,12:42:19
31-Mar-19,12:42:19
31-Mar-19,12:42:19
31-Mar-19,12:42:19
31-Mar-19,12:42:19
31-Mar-19,12:42:19
31-Mar-19,12:42:19
31-Mar-19,12:42:19
31-Mar-19,12:42:19
31-Mar-19,12:42:19
31-Mar-19,12:42:19
31-Mar-19,12:42:19
31-Mar-19,12:42:20
31-Mar-19,12:42:20
31-Mar-19,12:42:20
31-Mar-19,12:42:20
31-Mar-19,12:42:20
31-Mar-19,12:42:20
31-Mar-19,12:42:20
31-Mar-19,12:42:20
31-Mar-19,12:42:20
31-Mar-19,12:42:20
31-Mar-19,12:42:20
31-Mar-19,12:42:20
31-Mar-19,12:42:20
31-Mar-19,12:42:20
31-Mar-19,12:42:20
31-Mar-19,12:42:20
31-Mar-19,12:42:20
31-Mar-19,12:42:20
31-Mar-19,12:42:20
31-Mar-19,12:42:20
31-Mar-19,12:42:20
31-Mar-19,12:42:20
31-Mar-19,12:42:20
31-Mar-19,12:42:20
31-Mar-19,12:42:20
31-Mar-19,12:42:20
31-Mar-19,12:42:20
31-Mar-19,12:42:20
31-Mar-19,12:42:20
31-Mar-19,12:42:20
31-Mar-19,12:42:20
31-Mar-19,12:42:20
31-Mar-19,12:42:20
31-Mar-19,12:42:20
31-Mar-19,12:42:20
31-Mar-19,12:42:20
31-Mar-19,12:42:20
31-Mar-19,12:42:20
31-Mar-19,12:42:20
31-Mar-19,12:42:20
31-Mar-19,12:42:20
31-Mar-19,12:42:20
31-Mar-19,12:42:20
31-Mar-19,12:42:20
31-Mar-19,12:42:20
31-Mar-19,12:42:20
31-Mar-19,12:42:20
31-Mar-19,12:42:20
31-Mar-19,12:42:20
31-Mar-19,12:42:20
31-Mar-19,12:42:20
31-Mar-19,12:42:20
31-Mar-19,12:42:20
31-Mar-19,12:42:20
31-Mar-19,12:42:20
31-Mar-19,12:42:20
31-Mar-19,12:42:20
31-Mar-19,12:42:20
31-Mar-19,12:42:20
31-Mar-19,12:42:20
31-Mar-19,12:42:20
31-Mar-19,12:42:20
31-Mar-19,12:42:20
31-Mar-19,12:42:20
31-Mar-19,12:42:20
31-Mar-19,12:42:20
31-Mar-19,12:42:21
31-Mar-19,12:42:21
31-Mar-19,12:42:21
31-Mar-19,12:42:21
31-Mar-19,12:42:21
31-Mar-19,12:42:21
31-Mar-19,12:42:21
31-Mar-19,12:42:21
31-Mar-19,12:42:21
31-Mar-19,12:42:21
31-Mar-19,12:42:21
31-Mar-19,12:42:21
31-Mar-19,12:42:21
31-Mar-19,12:42:21
31-Mar-19,12:42:21
31-Mar-19,12:42:21
31-Mar-19,12:42:21
31-Mar-19,12:42:21
31-Mar-19,12:42:21
31-Mar-19,12:42:21
31-Mar-19,12:42:21
31-Mar-19,12:42:21
31-Mar-19,12:42:21
31-Mar-19,12:42:21
31-Mar-19,12:42:21
31-Mar-19,12:42:21
31-Mar-19,12:42:21
31-Mar-19,12:42:21
31-Mar-19,12:42:21
31-Mar-19,12:42:21
31-Mar-19,12:42:21
31-Mar-19,12:42:21
31-Mar-19,12:42:21
31-Mar-19,12:42:21
31-Mar-19,12:42:21
31-Mar-19,12:42:21
31-Mar-19,12:42:21
31-Mar-19,12:42:21
31-Mar-19,12:42:21
31-Mar-19,12:42:21
31-Mar-19,12:42:21
31-Mar-19,12:42:21
31-Mar-19,12:42:21
31-Mar-19,12:42:21
31-Mar-19,12:42:21
31-Mar-19,12:42:21
31-Mar-19,12:42:21
31-Mar-19,12:42:21
31-Mar-19,12:42:21
31-Mar-19,12:42:21
31-Mar-19,12:42:21
31-Mar-19,12:42:21
31-Mar-19,12:42:21
31-Mar-19,12:42:21
31-Mar-19,12:42:21
31-Mar-19,12:42:21
31-Mar-19,12:42:21
31-Mar-19,12:42:21
31-Mar-19,12:42:21
31-Mar-19,12:42:21
31-Mar-19,12:42:21
31-Mar-19,12:42:21
31-Mar-19,12:42:21
31-Mar-19,12:42:21
31-Mar-19,12:42:21
31-Mar-19,12:42:21
31-Mar-19,12:42:22
31-Mar-19,12:42:22
31-Mar-19,12:42:22
31-Mar-19,12:42:22
31-Mar-19,12:42:22
31-Mar-19,12:42:22
31-Mar-19,12:42:22
31-Mar-19,12:42:22
31-Mar-19,12:42:22
31-Mar-19,12:42:22
31-Mar-19,12:42:22
31-Mar-19,12:42:22
31-Mar-19,12:42:22
31-Mar-19,12:42:22
31-Mar-19,12:42:22
31-Mar-19,12:42:22
31-Mar-19,12:42:22
31-Mar-19,12:42:22
31-Mar-19,12:42:22
31-Mar-19,12:42:22
31-Mar-19,12:42:22
31-Mar-19,12:42:22
31-Mar-19,12:42:22
31-Mar-19,12:42:22
31-Mar-19,12:42:22
31-Mar-19,12:42:22
31-Mar-19,12:42:22
31-Mar-19,12:42:22
31-Mar-19,12:42:22
31-Mar-19,12:42:22
31-Mar-19,12:42:22
31-Mar-19,12:42:22
31-Mar-19,12:42:22
31-Mar-19,12:42:22
31-Mar-19,12:42:22
31-Mar-19,12:42:22
31-Mar-19,12:42:22
31-Mar-19,12:42:22
31-Mar-19,12:42:22
31-Mar-19,12:42:22
31-Mar-19,12:42:22
31-Mar-19,12:42:22
31-Mar-19,12:42:22
31-Mar-19,12:42:22
31-Mar-19,12:42:22
31-Mar-19,12:42:22
31-Mar-19,12:42:22
31-Mar-19,12:42:22
31-Mar-19,12:42:22
31-Mar-19,12:42:22
31-Mar-19,12:42:22
31-Mar-19,12:42:22
31-Mar-19,12:42:22
31-Mar-19,12:42:22
31-Mar-19,12:42:22
31-Mar-19,12:42:22
31-Mar-19,12:42:22
31-Mar-19,12:42:22
31-Mar-19,12:42:22
31-Mar-19,12:42:22
31-Mar-19,12:42:22
31-Mar-19,12:42:22
31-Mar-19,12:42:22
31-Mar-19,12:42:22
31-Mar-19,12:42:22
31-Mar-19,12:42:22
31-Mar-19,12:42:22
31-Mar-19,12:42:23
31-Mar-19,12:42:23
31-Mar-19,12:42:23
31-Mar-19,12:42:23
31-Mar-19,12:42:23
31-Mar-19,12:42:23
31-Mar-19,12:42:23
31-Mar-19,12:42:23
31-Mar-19,12:42:23
31-Mar-19,12:42:23
31-Mar-19,12:42:23
31-Mar-19,12:42:23
31-Mar-19,12:42:23
31-Mar-19,12:42:23
31-Mar-19,12:42:23
31-Mar-19,12:42:23
31-Mar-19,12:42:23
31-Mar-19,12:42:23
31-Mar-19,12:42:23
31-Mar-19,12:42:23
31-Mar-19,12:42:23
31-Mar-19,12:42:23
31-Mar-19,12:42:23
31-Mar-19,12:42:23
31-Mar-19,12:42:23
31-Mar-19,12:42:23
31-Mar-19,12:42:23
31-Mar-19,12:42:23
31-Mar-19,12:42:23
31-Mar-19,12:42:23
31-Mar-19,12:42:23
31-Mar-19,12:42:23
31-Mar-19,12:42:23
31-Mar-19,12:42:23
31-Mar-19,12:42:23
31-Mar-19,12:42:23
31-Mar-19,12:42:23
31-Mar-19,12:42:23
31-Mar-19,12:42:23
31-Mar-19,12:42:23
31-Mar-19,12:42:23
31-Mar-19,12:42:23
31-Mar-19,12:42:23
31-Mar-19,12:42:23
31-Mar-19,12:42:23
31-Mar-19,12:42:23
31-Mar-19,12:42:23
31-Mar-19,12:42:23
31-Mar-19,12:42:23
31-Mar-19,12:42:23
31-Mar-19,12:42:23
31-Mar-19,12:42:23
31-Mar-19,12:42:23
31-Mar-19,12:42:23
31-Mar-19,12:42:23
31-Mar-19,12:42:23
31-Mar-19,12:42:23
31-Mar-19,12:42:23
31-Mar-19,12:42:23
31-Mar-19,12:42:23
31-Mar-19,12:42:23
31-Mar-19,12:42:23
31-Mar-19,12:42:23
31-Mar-19,12:42:23
31-Mar-19,12:42:23
31-Mar-19,12:42:23
31-Mar-19,12:42:23
31-Mar-19,12:42:24
31-Mar-19,12:42:24
31-Mar-19,12:42:24
31-Mar-19,12:42:24
31-Mar-19,12:42:24
31-Mar-19,12:42:24
31-Mar-19,12:42:24
31-Mar-19,12:42:24
31-Mar-19,12:42:24
31-Mar-19,12:42:24
31-Mar-19,12:42:24
31-Mar-19,12:42:24
31-Mar-19,12:42:24
31-Mar-19,12:42:24
31-Mar-19,12:42:24
31-Mar-19,12:42:24
31-Mar-19,12:42:24
31-Mar-19,12:42:24
31-Mar-19,12:42:24
31-Mar-19,12:42:24
31-Mar-19,12:42:24
31-Mar-19,12:42:24
31-Mar-19,12:42:24
31-Mar-19,12:42:24
31-Mar-19,12:42:24
31-Mar-19,12:42:24
31-Mar-19,12:42:24
31-Mar-19,12:42:24
31-Mar-19,12:42:24
31-Mar-19,12:42:24
31-Mar-19,12:42:24
31-Mar-19,12:42:24
31-Mar-19,12:42:24
31-Mar-19,12:42:24
31-Mar-19,12:42:24
31-Mar-19,12:42:24
31-Mar-19,12:42:24
31-Mar-19,12:42:24
31-Mar-19,12:42:24
31-Mar-19,12:42:24
31-Mar-19,12:42:24
31-Mar-19,12:42:24
31-Mar-19,12:42:24
31-Mar-19,12:42:24
31-Mar-19,12:42:24
31-Mar-19,12:42:24
31-Mar-19,12:42:24
31-Mar-19,12:42:24
31-Mar-19,12:42:24
31-Mar-19,12:42:24
31-Mar-19,12:42:24
31-Mar-19,12:42:24
31-Mar-19,12:42:24
31-Mar-19,12:42:24
31-Mar-19,12:42:24
31-Mar-19,12:42:24
31-Mar-19,12:42:24
31-Mar-19,12:42:24
31-Mar-19,12:42:24
31-Mar-19,12:42:24
31-Mar-19,12:42:24
31-Mar-19,12:42:24
31-Mar-19,12:42:24
31-Mar-19,12:42:24
31-Mar-19,12:42:24
31-Mar-19,12:42:24
31-Mar-19,12:42:24
31-Mar-19,12:42:25
31-Mar-19,12:42:25
31-Mar-19,12:42:25
31-Mar-19,12:42:25
31-Mar-19,12:42:25
31-Mar-19,12:42:25
31-Mar-19,12:42:25
31-Mar-19,12:42:25
31-Mar-19,12:42:25
31-Mar-19,12:42:25
31-Mar-19,12:42:25
31-Mar-19,12:42:25
31-Mar-19,12:42:25
31-Mar-19,12:42:25
31-Mar-19,12:42:25
31-Mar-19,12:42:25
31-Mar-19,12:42:25
31-Mar-19,12:42:25
31-Mar-19,12:42:25
31-Mar-19,12:42:25
31-Mar-19,12:42:25
31-Mar-19,12:42:25
31-Mar-19,12:42:25
31-Mar-19,12:42:25
31-Mar-19,12:42:25
31-Mar-19,12:42:25
31-Mar-19,12:42:25
31-Mar-19,12:42:25
31-Mar-19,12:42:25
31-Mar-19,12:42:25
31-Mar-19,12:42:25
31-Mar-19,12:42:25
31-Mar-19,12:42:25
31-Mar-19,12:42:25
31-Mar-19,12:42:25
31-Mar-19,12:42:25
31-Mar-19,12:42:25
31-Mar-19,12:42:25
31-Mar-19,12:42:25
31-Mar-19,12:42:25
31-Mar-19,12:42:25
31-Mar-19,12:42:25
31-Mar-19,12:42:25
31-Mar-19,12:42:25
31-Mar-19,12:42:25
31-Mar-19,12:42:25
31-Mar-19,12:42:25
31-Mar-19,12:42:25
31-Mar-19,12:42:25
31-Mar-19,12:42:25
31-Mar-19,12:42:25
31-Mar-19,12:42:25
31-Mar-19,12:42:25
31-Mar-19,12:42:25
31-Mar-19,12:42:25
31-Mar-19,12:42:25
31-Mar-19,12:42:25
31-Mar-19,12:42:25
31-Mar-19,12:42:25
31-Mar-19,12:42:25
31-Mar-19,12:42:25
31-Mar-19,12:42:25
31-Mar-19,12:42:25
31-Mar-19,12:42:25
31-Mar-19,12:42:25
31-Mar-19,12:42:25
31-Mar-19,12:42:25
31-Mar-19,12:42:26
31-Mar-19,12:42:26
31-Mar-19,12:42:26
31-Mar-19,12:42:26
31-Mar-19,12:42:26
31-Mar-19,12:42:26
31-Mar-19,12:42:26
31-Mar-19,12:42:26
31-Mar-19,12:42:26
31-Mar-19,12:42:26
31-Mar-19,12:42:26
31-Mar-19,12:42:26
31-Mar-19,12:42:26
31-Mar-19,12:42:26
31-Mar-19,12:42:26
31-Mar-19,12:42:26
31-Mar-19,12:42:26
31-Mar-19,12:42:26
31-Mar-19,12:42:26
31-Mar-19,12:42:26
31-Mar-19,12:42:26
31-Mar-19,12:42:26
31-Mar-19,12:42:26
31-Mar-19,12:42:26
31-Mar-19,12:42:26
31-Mar-19,12:42:26
31-Mar-19,12:42:26
31-Mar-19,12:42:26
31-Mar-19,12:42:26
31-Mar-19,12:42:26
31-Mar-19,12:42:26
31-Mar-19,12:42:26
31-Mar-19,12:42:26
31-Mar-19,12:42:26
31-Mar-19,12:42:26
31-Mar-19,12:42:26
31-Mar-19,12:42:26
31-Mar-19,12:42:26
31-Mar-19,12:42:26
31-Mar-19,12:42:26
31-Mar-19,12:42:26
31-Mar-19,12:42:26
31-Mar-19,12:42:26
31-Mar-19,12:42:26
31-Mar-19,12:42:26
31-Mar-19,12:42:26
31-Mar-19,12:42:26
31-Mar-19,12:42:26
31-Mar-19,12:42:26
31-Mar-19,12:42:26
31-Mar-19,12:42:26
31-Mar-19,12:42:26
31-Mar-19,12:42:26
31-Mar-19,12:42:26
31-Mar-19,12:42:26
31-Mar-19,12:42:26
31-Mar-19,12:42:26
31-Mar-19,12:42:26
31-Mar-19,12:42:26
31-Mar-19,12:42:26
31-Mar-19,12:42:26
31-Mar-19,12:42:26
31-Mar-19,12:42:26
31-Mar-19,12:42:26
31-Mar-19,12:42:26
31-Mar-19,12:42:26
31-Mar-19,12:42:26
31-Mar-19,12:42:27
31-Mar-19,12:42:27
31-Mar-19,12:42:27
31-Mar-19,12:42:27
31-Mar-19,12:42:27
31-Mar-19,12:42:27
31-Mar-19,12:42:27
31-Mar-19,12:42:27
31-Mar-19,12:42:27
31-Mar-19,12:42:27
31-Mar-19,12:42:27
31-Mar-19,12:42:27
31-Mar-19,12:42:27
31-Mar-19,12:42:27
31-Mar-19,12:42:27
31-Mar-19,12:42:27
31-Mar-19,12:42:27
31-Mar-19,12:42:27
31-Mar-19,12:42:27
31-Mar-19,12:42:27
31-Mar-19,12:42:27
31-Mar-19,12:42:27
31-Mar-19,12:42:27
31-Mar-19,12:42:27
31-Mar-19,12:42:27
31-Mar-19,12:42:27
31-Mar-19,12:42:27
31-Mar-19,12:42:27
31-Mar-19,12:42:27
31-Mar-19,12:42:27
31-Mar-19,12:42:27
31-Mar-19,12:42:27
31-Mar-19,12:42:27
31-Mar-19,12:42:27
31-Mar-19,12:42:27
31-Mar-19,12:42:27
31-Mar-19,12:42:27
31-Mar-19,12:42:27
31-Mar-19,12:42:27
31-Mar-19,12:42:27
31-Mar-19,12:42:27
31-Mar-19,12:42:27
31-Mar-19,12:42:27
31-Mar-19,12:42:27
31-Mar-19,12:42:27
31-Mar-19,12:42:27
31-Mar-19,12:42:27
31-Mar-19,12:42:27
31-Mar-19,12:42:27
31-Mar-19,12:42:27
31-Mar-19,12:42:27
31-Mar-19,12:42:27
31-Mar-19,12:42:27
31-Mar-19,12:42:27
31-Mar-19,12:42:27
31-Mar-19,12:42:27
31-Mar-19,12:42:27
31-Mar-19,12:42:27
31-Mar-19,12:42:27
31-Mar-19,12:42:27
31-Mar-19,12:42:27
31-Mar-19,12:42:27
31-Mar-19,12:42:27
31-Mar-19,12:42:27
31-Mar-19,12:42:27
31-Mar-19,12:42:27
31-Mar-19,12:42:27
31-Mar-19,12:42:27
31-Mar-19,12:42:28
31-Mar-19,12:42:28
31-Mar-19,12:42:28
31-Mar-19,12:42:28
31-Mar-19,12:42:28
31-Mar-19,12:42:28
31-Mar-19,12:42:28
31-Mar-19,12:42:28
31-Mar-19,12:42:28
31-Mar-19,12:42:28
31-Mar-19,12:42:28
31-Mar-19,12:42:28
31-Mar-19,12:42:28
31-Mar-19,12:42:28
31-Mar-19,12:42:28
31-Mar-19,12:42:28
31-Mar-19,12:42:28
31-Mar-19,12:42:28
31-Mar-19,12:42:28
31-Mar-19,12:42:28
31-Mar-19,12:42:28
31-Mar-19,12:42:28
31-Mar-19,12:42:28
31-Mar-19,12:42:28
31-Mar-19,12:42:28
31-Mar-19,12:42:28
31-Mar-19,12:42:28
31-Mar-19,12:42:28
31-Mar-19,12:42:28
31-Mar-19,12:42:28
31-Mar-19,12:42:28
31-Mar-19,12:42:28
31-Mar-19,12:42:28
31-Mar-19,12:42:28
31-Mar-19,12:42:28
31-Mar-19,12:42:28
31-Mar-19,12:42:28
31-Mar-19,12:42:28
31-Mar-19,12:42:28
31-Mar-19,12:42:28
31-Mar-19,12:42:28
31-Mar-19,12:42:28
31-Mar-19,12:42:28
31-Mar-19,12:42:28
31-Mar-19,12:42:28
31-Mar-19,12:42:28
31-Mar-19,12:42:28
31-Mar-19,12:42:28
31-Mar-19,12:42:28
31-Mar-19,12:42:28
31-Mar-19,12:42:28
31-Mar-19,12:42:28
31-Mar-19,12:42:28
31-Mar-19,12:42:28
31-Mar-19,12:42:28
31-Mar-19,12:42:28
31-Mar-19,12:42:28
31-Mar-19,12:42:28
31-Mar-19,12:42:28
31-Mar-19,12:42:28
31-Mar-19,12:42:28
31-Mar-19,12:42:28
31-Mar-19,12:42:28
31-Mar-19,12:42:28
31-Mar-19,12:42:28
31-Mar-19,12:42:28
31-Mar-19,12:42:28
31-Mar-19,12:42:28
31-Mar-19,12:42:29
31-Mar-19,12:42:29
31-Mar-19,12:42:29
31-Mar-19,12:42:29
31-Mar-19,12:42:29
31-Mar-19,12:42:29
31-Mar-19,12:42:29
31-Mar-19,12:42:29
31-Mar-19,12:42:29
31-Mar-19,12:42:29
31-Mar-19,12:42:29
31-Mar-19,12:42:29
31-Mar-19,12:42:29
31-Mar-19,12:42:29
31-Mar-19,12:42:29
31-Mar-19,12:42:29
31-Mar-19,12:42:29
31-Mar-19,12:42:29
31-Mar-19,12:42:29
31-Mar-19,12:42:29
31-Mar-19,12:42:29
31-Mar-19,12:42:29
31-Mar-19,12:42:29
31-Mar-19,12:42:29
31-Mar-19,12:42:29
31-Mar-19,12:42:29
31-Mar-19,12:42:29
31-Mar-19,12:42:29
31-Mar-19,12:42:29
31-Mar-19,12:42:29
31-Mar-19,12:42:29
31-Mar-19,12:42:29
31-Mar-19,12:42:29
31-Mar-19,12:42:29
31-Mar-19,12:42:29
31-Mar-19,12:42:29
31-Mar-19,12:42:29
31-Mar-19,12:42:29
31-Mar-19,12:42:29
31-Mar-19,12:42:29
31-Mar-19,12:42:29
31-Mar-19,12:42:29
31-Mar-19,12:42:29
31-Mar-19,12:42:29
31-Mar-19,12:42:29
31-Mar-19,12:42:29
31-Mar-19,12:42:29
31-Mar-19,12:42:29
31-Mar-19,12:42:29
31-Mar-19,12:42:29
31-Mar-19,12:42:29
31-Mar-19,12:42:29
31-Mar-19,12:42:29
31-Mar-19,12:42:29
31-Mar-19,12:42:29
31-Mar-19,12:42:29
31-Mar-19,12:42:29
31-Mar-19,12:42:29
31-Mar-19,12:42:29
31-Mar-19,12:42:29
31-Mar-19,12:42:29
31-Mar-19,12:42:29
31-Mar-19,12:42:29
31-Mar-19,12:42:29
31-Mar-19,12:42:29
31-Mar-19,12:42:29
31-Mar-19,12:42:29
31-Mar-19,12:42:29
31-Mar-19,12:42:30
31-Mar-19,12:42:30
31-Mar-19,12:42:30
31-Mar-19,12:42:30
31-Mar-19,12:42:30
31-Mar-19,12:42:30
31-Mar-19,12:42:30
31-Mar-19,12:42:30
31-Mar-19,12:42:30
31-Mar-19,12:42:30
31-Mar-19,12:42:30
31-Mar-19,12:42:30
31-Mar-19,12:42:30
31-Mar-19,12:42:30
31-Mar-19,12:42:30
31-Mar-19,12:42:30
31-Mar-19,12:42:30
31-Mar-19,12:42:30
31-Mar-19,12:42:30
31-Mar-19,12:42:30
31-Mar-19,12:42:30
31-Mar-19,12:42:30
31-Mar-19,12:42:30
31-Mar-19,12:42:30
31-Mar-19,12:42:30
31-Mar-19,12:42:30
31-Mar-19,12:42:30
31-Mar-19,12:42:30
31-Mar-19,12:42:30
31-Mar-19,12:42:30
31-Mar-19,12:42:30
31-Mar-19,12:42:30
31-Mar-19,12:42:30
31-Mar-19,12:42:30
31-Mar-19,12:42:30
31-Mar-19,12:42:30
31-Mar-19,12:42:30
31-Mar-19,12:42:30
31-Mar-19,12:42:30
31-Mar-19,12:42:30
31-Mar-19,12:42:30
31-Mar-19,12:42:30
31-Mar-19,12:42:30
31-Mar-19,12:42:30
31-Mar-19,12:42:30
31-Mar-19,12:42:30
31-Mar-19,12:42:30
31-Mar-19,12:42:30
31-Mar-19,12:42:30
31-Mar-19,12:42:30
31-Mar-19,12:42:30
31-Mar-19,12:42:30
31-Mar-19,12:42:30
31-Mar-19,12:42:30
31-Mar-19,12:42:30
31-Mar-19,12:42:30
31-Mar-19,12:42:30
31-Mar-19,12:42:30
31-Mar-19,12:42:30
31-Mar-19,12:42:30
31-Mar-19,12:42:30
31-Mar-19,12:42:30
31-Mar-19,12:42:30
31-Mar-19,12:42:30
31-Mar-19,12:42:30
31-Mar-19,12:42:30
31-Mar-19,12:42:30
31-Mar-19,12:42:30
31-Mar-19,12:42:31
31-Mar-19,12:42:31
31-Mar-19,12:42:31
31-Mar-19,12:42:31
31-Mar-19,12:42:31
31-Mar-19,12:42:31
31-Mar-19,12:42:31
31-Mar-19,12:42:31
31-Mar-19,12:42:31
31-Mar-19,12:42:31
31-Mar-19,12:42:31
31-Mar-19,12:42:31
31-Mar-19,12:42:31
31-Mar-19,12:42:31
31-Mar-19,12:42:31
31-Mar-19,12:42:31
31-Mar-19,12:42:31
31-Mar-19,12:42:31
31-Mar-19,12:42:31
31-Mar-19,12:42:31
31-Mar-19,12:42:31
31-Mar-19,12:42:31
31-Mar-19,12:42:31
31-Mar-19,12:42:31
31-Mar-19,12:42:31
31-Mar-19,12:42:31
31-Mar-19,12:42:31
31-Mar-19,12:42:31
31-Mar-19,12:42:31
31-Mar-19,12:42:31
31-Mar-19,12:42:31
31-Mar-19,12:42:31
31-Mar-19,12:42:31
31-Mar-19,12:42:31
31-Mar-19,12:42:31
31-Mar-19,12:42:31
31-Mar-19,12:42:31
31-Mar-19,12:42:31
31-Mar-19,12:42:31
31-Mar-19,12:42:31
31-Mar-19,12:42:31
31-Mar-19,12:42:31
31-Mar-19,12:42:31
31-Mar-19,12:42:31
31-Mar-19,12:42:31
31-Mar-19,12:42:31
31-Mar-19,12:42:31
31-Mar-19,12:42:31
31-Mar-19,12:42:31
31-Mar-19,12:42:31
31-Mar-19,12:42:31
31-Mar-19,12:42:31
31-Mar-19,12:42:31
31-Mar-19,12:42:31
31-Mar-19,12:42:31
31-Mar-19,12:42:31
31-Mar-19,12:42:31
31-Mar-19,12:42:31
31-Mar-19,12:42:31
31-Mar-19,12:42:31
31-Mar-19,12:42:31
31-Mar-19,12:42:31
31-Mar-19,12:42:31
31-Mar-19,12:42:31
31-Mar-19,12:42:31
31-Mar-19,12:42:31
31-Mar-19,12:42:31
31-Mar-19,12:42:31
31-Mar-19,12:42:32
31-Mar-19,12:42:32
31-Mar-19,12:42:32
31-Mar-19,12:42:32
31-Mar-19,12:42:32
31-Mar-19,12:42:32
31-Mar-19,12:42:32
31-Mar-19,12:42:32
31-Mar-19,12:42:32
31-Mar-19,12:42:32
31-Mar-19,12:42:32
31-Mar-19,12:42:32
31-Mar-19,12:42:32
31-Mar-19,12:42:32
31-Mar-19,12:42:32
31-Mar-19,12:42:32
31-Mar-19,12:42:32
31-Mar-19,12:42:32
31-Mar-19,12:42:32
31-Mar-19,12:42:32
31-Mar-19,12:42:32
31-Mar-19,12:42:32
31-Mar-19,12:42:32
31-Mar-19,12:42:32
31-Mar-19,12:42:32
31-Mar-19,12:42:32
31-Mar-19,12:42:32
31-Mar-19,12:42:32
31-Mar-19,12:42:32
31-Mar-19,12:42:32
31-Mar-19,12:42:32
31-Mar-19,12:42:32
31-Mar-19,12:42:32
31-Mar-19,12:42:32
31-Mar-19,12:42:32
31-Mar-19,12:42:32
31-Mar-19,12:42:32
31-Mar-19,12:42:32
31-Mar-19,12:42:32
31-Mar-19,12:42:32
31-Mar-19,12:42:32
31-Mar-19,12:42:32
31-Mar-19,12:42:32
31-Mar-19,12:42:32
31-Mar-19,12:42:32
31-Mar-19,12:42:32
31-Mar-19,12:42:32
31-Mar-19,12:42:32
31-Mar-19,12:42:32
31-Mar-19,12:42:32
31-Mar-19,12:42:32
31-Mar-19,12:42:32
31-Mar-19,12:42:32
31-Mar-19,12:42:32
31-Mar-19,12:42:32
31-Mar-19,12:42:32
31-Mar-19,12:42:32
31-Mar-19,12:42:32
31-Mar-19,12:42:32
31-Mar-19,12:42:32
31-Mar-19,12:42:32
31-Mar-19,12:42:32
31-Mar-19,12:42:32
31-Mar-19,12:42:32
31-Mar-19,12:42:32
31-Mar-19,12:42:32
31-Mar-19,12:42:32
31-Mar-19,12:42:32
31-Mar-19,12:42:32
31-Mar-19,12:42:33
31-Mar-19,12:42:33
31-Mar-19,12:42:33
31-Mar-19,12:42:33
31-Mar-19,12:42:33
31-Mar-19,12:42:33
31-Mar-19,12:42:33
31-Mar-19,12:42:33
31-Mar-19,12:42:33
31-Mar-19,12:42:33
31-Mar-19,12:42:33
31-Mar-19,12:42:33
31-Mar-19,12:42:33
31-Mar-19,12:42:33
31-Mar-19,12:42:33
31-Mar-19,12:42:33
31-Mar-19,12:42:33
31-Mar-19,12:42:33
31-Mar-19,12:42:33
31-Mar-19,12:42:33
31-Mar-19,12:42:33
31-Mar-19,12:42:33
31-Mar-19,12:42:33
31-Mar-19,12:42:33
31-Mar-19,12:42:33
31-Mar-19,12:42:33
31-Mar-19,12:42:33
31-Mar-19,12:42:33
31-Mar-19,12:42:33
31-Mar-19,12:42:33
31-Mar-19,12:42:33
31-Mar-19,12:42:33
31-Mar-19,12:42:33
31-Mar-19,12:42:33
31-Mar-19,12:42:33
31-Mar-19,12:42:33
31-Mar-19,12:42:33
31-Mar-19,12:42:33
31-Mar-19,12:42:33
31-Mar-19,12:42:33
31-Mar-19,12:42:33
31-Mar-19,12:42:33
31-Mar-19,12:42:33
31-Mar-19,12:42:33
31-Mar-19,12:42:33
31-Mar-19,12:42:33
31-Mar-19,12:42:33
31-Mar-19,12:42:33
31-Mar-19,12:42:33
31-Mar-19,12:42:33
31-Mar-19,12:42:33
31-Mar-19,12:42:33
31-Mar-19,12:42:33
31-Mar-19,12:42:33
31-Mar-19,12:42:33
31-Mar-19,12:42:33
31-Mar-19,12:42:33
31-Mar-19,12:42:33
31-Mar-19,12:42:33
31-Mar-19,12:42:33
31-Mar-19,12:42:33
31-Mar-19,12:42:33
31-Mar-19,12:42:33
31-Mar-19,12:42:33
31-Mar-19,12:42:33
31-Mar-19,12:42:33
31-Mar-19,12:42:33
31-Mar-19,12:42:33
31-Mar-19,12:42:33
31-Mar-19,12:42:34
31-Mar-19,12:42:34
31-Mar-19,12:42:34
31-Mar-19,12:42:34
31-Mar-19,12:42:34
31-Mar-19,12:42:34
31-Mar-19,12:42:34
31-Mar-19,12:42:34
31-Mar-19,12:42:34
31-Mar-19,12:42:34
31-Mar-19,12:42:34
31-Mar-19,12:42:34
31-Mar-19,12:42:34
31-Mar-19,12:42:34
31-Mar-19,12:42:34
31-Mar-19,12:42:34
31-Mar-19,12:42:34
31-Mar-19,12:42:34
31-Mar-19,12:42:34
31-Mar-19,12:42:34
31-Mar-19,12:42:34
31-Mar-19,12:42:34
31-Mar-19,12:42:34
31-Mar-19,12:42:34
31-Mar-19,12:42:34
31-Mar-19,12:42:34
31-Mar-19,12:42:34
31-Mar-19,12:42:34
31-Mar-19,12:42:34
31-Mar-19,12:42:34
31-Mar-19,12:42:34
31-Mar-19,12:42:34
31-Mar-19,12:42:34
31-Mar-19,12:42:34
31-Mar-19,12:42:34
31-Mar-19,12:42:34
31-Mar-19,12:42:34
31-Mar-19,12:42:34
31-Mar-19,12:42:34
31-Mar-19,12:42:34
31-Mar-19,12:42:34
31-Mar-19,12:42:34
31-Mar-19,12:42:34
31-Mar-19,12:42:34
31-Mar-19,12:42:34
31-Mar-19,12:42:34
31-Mar-19,12:42:34
31-Mar-19,12:42:34
31-Mar-19,12:42:34
31-Mar-19,12:42:34
31-Mar-19,12:42:34
31-Mar-19,12:42:34
31-Mar-19,12:42:34
31-Mar-19,12:42:34
31-Mar-19,12:42:34
31-Mar-19,12:42:34
31-Mar-19,12:42:34
31-Mar-19,12:42:34
31-Mar-19,12:42:34
31-Mar-19,12:42:34
31-Mar-19,12:42:34
31-Mar-19,12:42:34
31-Mar-19,12:42:34
31-Mar-19,12:42:34
31-Mar-19,12:42:34
31-Mar-19,12:42:34
31-Mar-19,12:42:34
31-Mar-19,12:42:34
31-Mar-19,12:42:34
31-Mar-19,12:42:35
31-Mar-19,12:42:35
31-Mar-19,12:42:35
31-Mar-19,12:42:35
31-Mar-19,12:42:35
31-Mar-19,12:42:35
31-Mar-19,12:42:35
31-Mar-19,12:42:35
31-Mar-19,12:42:35
31-Mar-19,12:42:35
31-Mar-19,12:42:35
31-Mar-19,12:42:35
31-Mar-19,12:42:35
31-Mar-19,12:42:35
31-Mar-19,12:42:35
31-Mar-19,12:42:35
31-Mar-19,12:42:35
31-Mar-19,12:42:35
31-Mar-19,12:42:35
31-Mar-19,12:42:35
31-Mar-19,12:42:35
31-Mar-19,12:42:35
31-Mar-19,12:42:35
31-Mar-19,12:42:35
31-Mar-19,12:42:35
31-Mar-19,12:42:35
31-Mar-19,12:42:35
31-Mar-19,12:42:35
31-Mar-19,12:42:35
31-Mar-19,12:42:35
31-Mar-19,12:42:35
31-Mar-19,12:42:35
31-Mar-19,12:42:35
31-Mar-19,12:42:35
31-Mar-19,12:42:35
31-Mar-19,12:42:35
31-Mar-19,12:42:35
31-Mar-19,12:42:35
31-Mar-19,12:42:35
31-Mar-19,12:42:35
31-Mar-19,12:42:35
31-Mar-19,12:42:35
31-Mar-19,12:42:35
31-Mar-19,12:42:35
31-Mar-19,12:42:35
31-Mar-19,12:42:35
31-Mar-19,12:42:35
31-Mar-19,12:42:35
31-Mar-19,12:42:35
31-Mar-19,12:42:35
31-Mar-19,12:42:35
31-Mar-19,12:42:35
31-Mar-19,12:42:35
31-Mar-19,12:42:35
31-Mar-19,12:42:35
31-Mar-19,12:42:35
31-Mar-19,12:42:35
31-Mar-19,12:42:35
31-Mar-19,12:42:35
31-Mar-19,12:42:35
31-Mar-19,12:42:35
31-Mar-19,12:42:35
31-Mar-19,12:42:35
31-Mar-19,12:42:35
31-Mar-19,12:42:35
31-Mar-19,12:42:35
31-Mar-19,12:42:35
31-Mar-19,12:42:35
31-Mar-19,12:42:35
31-Mar-19,12:42:36
31-Mar-19,12:42:36
31-Mar-19,12:42:36
31-Mar-19,12:42:36
31-Mar-19,12:42:36
31-Mar-19,12:42:36
31-Mar-19,12:42:36
31-Mar-19,12:42:36
31-Mar-19,12:42:36
31-Mar-19,12:42:36
31-Mar-19,12:42:36
31-Mar-19,12:42:36
31-Mar-19,12:42:36
31-Mar-19,12:42:36
31-Mar-19,12:42:36
31-Mar-19,12:42:36
31-Mar-19,12:42:36
31-Mar-19,12:42:36
31-Mar-19,12:42:36
31-Mar-19,12:42:36
31-Mar-19,12:42:36
31-Mar-19,12:42:36
31-Mar-19,12:42:36
31-Mar-19,12:42:36
31-Mar-19,12:42:36
31-Mar-19,12:42:36
31-Mar-19,12:42:36
31-Mar-19,12:42:36
31-Mar-19,12:42:36
31-Mar-19,12:42:36
31-Mar-19,12:42:36
31-Mar-19,12:42:36
31-Mar-19,12:42:36
31-Mar-19,12:42:36
31-Mar-19,12:42:36
31-Mar-19,12:42:36
31-Mar-19,12:42:36
31-Mar-19,12:42:36
31-Mar-19,12:42:36
31-Mar-19,12:42:36
31-Mar-19,12:42:36
31-Mar-19,12:42:36
31-Mar-19,12:42:36
31-Mar-19,12:42:36
31-Mar-19,12:42:36
31-Mar-19,12:42:36
31-Mar-19,12:42:36
31-Mar-19,12:42:36
31-Mar-19,12:42:36
31-Mar-19,12:42:36
31-Mar-19,12:42:36
31-Mar-19,12:42:36
31-Mar-19,12:42:36
31-Mar-19,12:42:36
31-Mar-19,12:42:36
31-Mar-19,12:42:36
31-Mar-19,12:42:36
31-Mar-19,12:42:36
31-Mar-19,12:42:36
31-Mar-19,12:42:36
31-Mar-19,12:42:36
31-Mar-19,12:42:36
31-Mar-19,12:42:36
31-Mar-19,12:42:36
31-Mar-19,12:42:36
31-Mar-19,12:42:36
31-Mar-19,12:42:36
31-Mar-19,12:42:36
31-Mar-19,12:42:36
31-Mar-19,12:42:37
31-Mar-19,12:42:37
31-Mar-19,12:42:37
31-Mar-19,12:42:37
31-Mar-19,12:42:37
31-Mar-19,12:42:37
31-Mar-19,12:42:37
31-Mar-19,12:42:37
31-Mar-19,12:42:37
31-Mar-19,12:42:37
31-Mar-19,12:42:37
31-Mar-19,12:42:37
31-Mar-19,12:42:37
31-Mar-19,12:42:37
31-Mar-19,12:42:37
31-Mar-19,12:42:37
31-Mar-19,12:42:37
31-Mar-19,12:42:37
31-Mar-19,12:42:37
31-Mar-19,12:42:37
31-Mar-19,12:42:37
31-Mar-19,12:42:37
31-Mar-19,12:42:37
31-Mar-19,12:42:37
31-Mar-19,12:42:37
31-Mar-19,12:42:37
31-Mar-19,12:42:37
31-Mar-19,12:42:37
31-Mar-19,12:42:37
31-Mar-19,12:42:37
31-Mar-19,12:42:37
31-Mar-19,12:42:37
31-Mar-19,12:42:37
31-Mar-19,12:42:37
31-Mar-19,12:42:37
31-Mar-19,12:42:37
31-Mar-19,12:42:37
31-Mar-19,12:42:37
31-Mar-19,12:42:37
31-Mar-19,12:42:37
31-Mar-19,12:42:37
31-Mar-19,12:42:37
31-Mar-19,12:42:37
31-Mar-19,12:42:37
31-Mar-19,12:42:37
31-Mar-19,12:42:37
31-Mar-19,12:42:37
31-Mar-19,12:42:37
31-Mar-19,12:42:37
31-Mar-19,12:42:37
31-Mar-19,12:42:37
31-Mar-19,12:42:37
31-Mar-19,12:42:37
31-Mar-19,12:42:37
31-Mar-19,12:42:37
31-Mar-19,12:42:37
31-Mar-19,12:42:37
31-Mar-19,12:42:37
31-Mar-19,12:42:37
31-Mar-19,12:42:37
31-Mar-19,12:42:37
31-Mar-19,12:42:37
31-Mar-19,12:42:37
31-Mar-19,12:42:37
31-Mar-19,12:42:37
31-Mar-19,12:42:37
31-Mar-19,12:42:37
31-Mar-19,12:42:37
31-Mar-19,12:42:37
31-Mar-19,12:42:37
31-Mar-19,12:42:38
31-Mar-19,12:42:38
31-Mar-19,12:42:38
31-Mar-19,12:42:38
31-Mar-19,12:42:38
31-Mar-19,12:42:38
31-Mar-19,12:42:38
31-Mar-19,12:42:38
31-Mar-19,12:42:38
31-Mar-19,12:42:38
31-Mar-19,12:42:38
31-Mar-19,12:42:38
31-Mar-19,12:42:38
31-Mar-19,12:42:38
31-Mar-19,12:42:38
31-Mar-19,12:42:38
31-Mar-19,12:42:38
31-Mar-19,12:42:38
31-Mar-19,12:42:38
31-Mar-19,12:42:38
31-Mar-19,12:42:38
31-Mar-19,12:42:38
31-Mar-19,12:42:38
31-Mar-19,12:42:38
31-Mar-19,12:42:38
31-Mar-19,12:42:38
31-Mar-19,12:42:38
31-Mar-19,12:42:38
31-Mar-19,12:42:38
31-Mar-19,12:42:38
31-Mar-19,12:42:38
31-Mar-19,12:42:38
31-Mar-19,12:42:38
31-Mar-19,12:42:38
31-Mar-19,12:42:38
31-Mar-19,12:42:38
31-Mar-19,12:42:38
31-Mar-19,12:42:38
31-Mar-19,12:42:38
31-Mar-19,12:42:38
31-Mar-19,12:42:38
31-Mar-19,12:42:38
31-Mar-19,12:42:38
31-Mar-19,12:42:38
31-Mar-19,12:42:38
31-Mar-19,12:42:38
31-Mar-19,12:42:38
31-Mar-19,12:42:38
31-Mar-19,12:42:38
31-Mar-19,12:42:38
31-Mar-19,12:42:38
31-Mar-19,12:42:38
31-Mar-19,12:42:38
31-Mar-19,12:42:38
31-Mar-19,12:42:38
31-Mar-19,12:42:38
31-Mar-19,12:42:38
31-Mar-19,12:42:38
31-Mar-19,12:42:38
31-Mar-19,12:42:38
31-Mar-19,12:42:38
31-Mar-19,12:42:38
31-Mar-19,12:42:38
31-Mar-19,12:42:38
31-Mar-19,12:42:38
31-Mar-19,12:42:38
31-Mar-19,12:42:38
31-Mar-19,12:42:38
31-Mar-19,12:42:38
31-Mar-19,12:42:38
31-Mar-19,12:42:39
31-Mar-19,12:42:39
31-Mar-19,12:42:39
31-Mar-19,12:42:39
31-Mar-19,12:42:39
31-Mar-19,12:42:39
31-Mar-19,12:42:39
31-Mar-19,12:42:39
31-Mar-19,12:42:39
31-Mar-19,12:42:39
31-Mar-19,12:42:39
31-Mar-19,12:42:39
31-Mar-19,12:42:39
31-Mar-19,12:42:39
31-Mar-19,12:42:39
31-Mar-19,12:42:39
31-Mar-19,12:42:39
31-Mar-19,12:42:39
31-Mar-19,12:42:39
31-Mar-19,12:42:39
31-Mar-19,12:42:39
31-Mar-19,12:42:39
31-Mar-19,12:42:39
31-Mar-19,12:42:39
31-Mar-19,12:42:39
31-Mar-19,12:42:39
31-Mar-19,12:42:39
31-Mar-19,12:42:39
31-Mar-19,12:42:39
31-Mar-19,12:42:39
31-Mar-19,12:42:39
31-Mar-19,12:42:39
31-Mar-19,12:42:39
31-Mar-19,12:42:39
31-Mar-19,12:42:39
31-Mar-19,12:42:39
31-Mar-19,12:42:39
31-Mar-19,12:42:39
31-Mar-19,12:42:39
31-Mar-19,12:42:39
31-Mar-19,12:42:39
31-Mar-19,12:42:39
31-Mar-19,12:42:39
31-Mar-19,12:42:39
31-Mar-19,12:42:39
31-Mar-19,12:42:39
31-Mar-19,12:42:39
31-Mar-19,12:42:39
31-Mar-19,12:42:39
31-Mar-19,12:42:39
31-Mar-19,12:42:39
31-Mar-19,12:42:39
31-Mar-19,12:42:39
31-Mar-19,12:42:39
31-Mar-19,12:42:39
31-Mar-19,12:42:39
31-Mar-19,12:42:39
31-Mar-19,12:42:39
31-Mar-19,12:42:39
31-Mar-19,12:42:39
31-Mar-19,12:42:39
31-Mar-19,12:42:39
31-Mar-19,12:42:39
31-Mar-19,12:42:39
31-Mar-19,12:42:39
31-Mar-19,12:42:39
31-Mar-19,12:42:39
31-Mar-19,12:42:39
31-Mar-19,12:42:39
31-Mar-19,12:42:39
31-Mar-19,12:42:40
31-Mar-19,12:42:40
31-Mar-19,12:42:40
31-Mar-19,12:42:40
31-Mar-19,12:42:40
31-Mar-19,12:42:40
31-Mar-19,12:42:40
31-Mar-19,12:42:40
31-Mar-19,12:42:40
31-Mar-19,12:42:40
31-Mar-19,12:42:40
31-Mar-19,12:42:40
31-Mar-19,12:42:40
31-Mar-19,12:42:40
31-Mar-19,12:42:40
31-Mar-19,12:42:40
31-Mar-19,12:42:40
31-Mar-19,12:42:40
31-Mar-19,12:42:40
31-Mar-19,12:42:40
31-Mar-19,12:42:40
31-Mar-19,12:42:40
31-Mar-19,12:42:40
31-Mar-19,12:42:40
31-Mar-19,12:42:40
31-Mar-19,12:42:40
31-Mar-19,12:42:40
31-Mar-19,12:42:40
31-Mar-19,12:42:40
31-Mar-19,12:42:40
31-Mar-19,12:42:40
31-Mar-19,12:42:40
31-Mar-19,12:42:40
31-Mar-19,12:42:40
31-Mar-19,12:42:40
31-Mar-19,12:42:40
31-Mar-19,12:42:40
31-Mar-19,12:42:40
31-Mar-19,12:42:40
31-Mar-19,12:42:40
31-Mar-19,12:42:40
31-Mar-19,12:42:40
31-Mar-19,12:42:40
31-Mar-19,12:42:40
31-Mar-19,12:42:40
31-Mar-19,12:42:40
31-Mar-19,12:42:40
31-Mar-19,12:42:40
31-Mar-19,12:42:40
31-Mar-19,12:42:40
31-Mar-19,12:42:40
31-Mar-19,12:42:40
31-Mar-19,12:42:40
31-Mar-19,12:42:40
31-Mar-19,12:42:40
31-Mar-19,12:42:40
31-Mar-19,12:42:40
31-Mar-19,12:42:40
31-Mar-19,12:42:40
31-Mar-19,12:42:40
31-Mar-19,12:42:40
31-Mar-19,12:42:40
31-Mar-19,12:42:40
31-Mar-19,12:42:40
31-Mar-19,12:42:40
31-Mar-19,12:42:40
31-Mar-19,12:42:40
31-Mar-19,12:42:40
31-Mar-19,12:42:40
31-Mar-19,12:42:40
31-Mar-19,12:42:41
31-Mar-19,12:42:41
31-Mar-19,12:42:41
31-Mar-19,12:42:41
31-Mar-19,12:42:41
31-Mar-19,12:42:41
31-Mar-19,12:42:41
31-Mar-19,12:42:41
31-Mar-19,12:42:41
31-Mar-19,12:42:41
31-Mar-19,12:42:41
31-Mar-19,12:42:41
31-Mar-19,12:42:41
31-Mar-19,12:42:41
31-Mar-19,12:42:41
31-Mar-19,12:42:41
31-Mar-19,12:42:41
31-Mar-19,12:42:41
31-Mar-19,12:42:41
31-Mar-19,12:42:41
31-Mar-19,12:42:41
31-Mar-19,12:42:41
31-Mar-19,12:42:41
31-Mar-19,12:42:41
31-Mar-19,12:42:41
31-Mar-19,12:42:41
31-Mar-19,12:42:41
31-Mar-19,12:42:41
31-Mar-19,12:42:41
31-Mar-19,12:42:41
31-Mar-19,12:42:41
31-Mar-19,12:42:41
31-Mar-19,12:42:41
31-Mar-19,12:42:41
31-Mar-19,12:42:41
31-Mar-19,12:42:41
31-Mar-19,12:42:41
31-Mar-19,12:42:41
31-Mar-19,12:42:41
31-Mar-19,12:42:41
31-Mar-19,12:42:41
31-Mar-19,12:42:41
31-Mar-19,12:42:41
31-Mar-19,12:42:41
31-Mar-19,12:42:41
31-Mar-19,12:42:41
31-Mar-19,12:42:41
31-Mar-19,12:42:41
31-Mar-19,12:42:41
31-Mar-19,12:42:41
31-Mar-19,12:42:41
31-Mar-19,12:42:41
31-Mar-19,12:42:41
31-Mar-19,12:42:41
31-Mar-19,12:42:41
31-Mar-19,12:42:41
31-Mar-19,12:42:41
31-Mar-19,12:42:41
31-Mar-19,12:42:41
31-Mar-19,12:42:41
31-Mar-19,12:42:41
31-Mar-19,12:42:41
31-Mar-19,12:42:41
31-Mar-19,12:42:41
31-Mar-19,12:42:41
31-Mar-19,12:42:41
31-Mar-19,12:42:41
31-Mar-19,12:42:41
31-Mar-19,12:42:41
31-Mar-19,12:42:41
31-Mar-19,12:42:42
31-Mar-19,12:42:42
31-Mar-19,12:42:42
31-Mar-19,12:42:42
31-Mar-19,12:42:42
31-Mar-19,12:42:42
31-Mar-19,12:42:42
31-Mar-19,12:42:42
31-Mar-19,12:42:42
31-Mar-19,12:42:42
31-Mar-19,12:42:42
31-Mar-19,12:42:42
31-Mar-19,12:42:42
31-Mar-19,12:42:42
31-Mar-19,12:42:42
31-Mar-19,12:42:42
31-Mar-19,12:42:42
31-Mar-19,12:42:42
31-Mar-19,12:42:42
31-Mar-19,12:42:42
31-Mar-19,12:42:42
31-Mar-19,12:42:42
31-Mar-19,12:42:42
31-Mar-19,12:42:42
31-Mar-19,12:42:42
31-Mar-19,12:42:42
31-Mar-19,12:42:42
31-Mar-19,12:42:42
31-Mar-19,12:42:42
31-Mar-19,12:42:42
31-Mar-19,12:42:42
31-Mar-19,12:42:42
31-Mar-19,12:42:42
31-Mar-19,12:42:42
31-Mar-19,12:42:42
31-Mar-19,12:42:42
31-Mar-19,12:42:42
31-Mar-19,12:42:42
31-Mar-19,12:42:42
31-Mar-19,12:42:42
31-Mar-19,12:42:42
31-Mar-19,12:42:42
31-Mar-19,12:42:42
31-Mar-19,12:42:42
31-Mar-19,12:42:42
31-Mar-19,12:42:42
31-Mar-19,12:42:42
31-Mar-19,12:42:42
31-Mar-19,12:42:42
31-Mar-19,12:42:42
31-Mar-19,12:42:42
31-Mar-19,12:42:42
31-Mar-19,12:42:42
31-Mar-19,12:42:42
31-Mar-19,12:42:42
31-Mar-19,12:42:42
31-Mar-19,12:42:42
31-Mar-19,12:42:42
31-Mar-19,12:42:42
31-Mar-19,12:42:42
31-Mar-19,12:42:42
31-Mar-19,12:42:42
31-Mar-19,12:42:42
31-Mar-19,12:42:42
31-Mar-19,12:42:42
31-Mar-19,12:42:42
31-Mar-19,12:42:42
31-Mar-19,12:42:42
31-Mar-19,12:42:42
31-Mar-19,12:42:42
31-Mar-19,12:42:42
31-Mar-19,12:42:43
31-Mar-19,12:42:43
31-Mar-19,12:42:43
31-Mar-19,12:42:43
31-Mar-19,12:42:43
31-Mar-19,12:42:43
31-Mar-19,12:42:43
31-Mar-19,12:42:43
31-Mar-19,12:42:43
31-Mar-19,12:42:43
31-Mar-19,12:42:43
31-Mar-19,12:42:43
31-Mar-19,12:42:43
31-Mar-19,12:42:43
31-Mar-19,12:42:43
31-Mar-19,12:42:43
31-Mar-19,12:42:43
31-Mar-19,12:42:43
31-Mar-19,12:42:43
31-Mar-19,12:42:43
31-Mar-19,12:42:43
31-Mar-19,12:42:43
31-Mar-19,12:42:43
31-Mar-19,12:42:43
31-Mar-19,12:42:43
31-Mar-19,12:42:43
31-Mar-19,12:42:43
31-Mar-19,12:42:43
31-Mar-19,12:42:43
31-Mar-19,12:42:43
31-Mar-19,12:42:43
31-Mar-19,12:42:43
31-Mar-19,12:42:43
31-Mar-19,12:42:43
31-Mar-19,12:42:43
31-Mar-19,12:42:43
31-Mar-19,12:42:43
31-Mar-19,12:42:43
31-Mar-19,12:42:43
31-Mar-19,12:42:43
31-Mar-19,12:42:43
31-Mar-19,12:42:43
31-Mar-19,12:42:43
31-Mar-19,12:42:43
31-Mar-19,12:42:43
31-Mar-19,12:42:43
31-Mar-19,12:42:43
31-Mar-19,12:42:43
31-Mar-19,12:42:43
31-Mar-19,12:42:43
31-Mar-19,12:42:43
31-Mar-19,12:42:43
31-Mar-19,12:42:43
31-Mar-19,12:42:43
31-Mar-19,12:42:43
31-Mar-19,12:42:43
31-Mar-19,12:42:43
31-Mar-19,12:42:43
31-Mar-19,12:42:43
31-Mar-19,12:42:43
31-Mar-19,12:42:43
31-Mar-19,12:42:43
31-Mar-19,12:42:43
31-Mar-19,12:42:43
31-Mar-19,12:42:43
31-Mar-19,12:42:43
31-Mar-19,12:42:43
31-Mar-19,12:42:43
31-Mar-19,12:42:43
31-Mar-19,12:42:43
31-Mar-19,12:42:43
31-Mar-19,12:42:44
31-Mar-19,12:42:44
31-Mar-19,12:42:44
31-Mar-19,12:42:44
31-Mar-19,12:42:44
31-Mar-19,12:42:44
31-Mar-19,12:42:44
31-Mar-19,12:42:44
31-Mar-19,12:42:44
31-Mar-19,12:42:44
31-Mar-19,12:42:44
31-Mar-19,12:42:44
31-Mar-19,12:42:44
31-Mar-19,12:42:44
31-Mar-19,12:42:44
31-Mar-19,12:42:44
31-Mar-19,12:42:44
31-Mar-19,12:42:44
31-Mar-19,12:42:44
31-Mar-19,12:42:44
31-Mar-19,12:42:44
31-Mar-19,12:42:44
31-Mar-19,12:42:44
31-Mar-19,12:42:44
31-Mar-19,12:42:44
31-Mar-19,12:42:44
31-Mar-19,12:42:44
31-Mar-19,12:42:44
31-Mar-19,12:42:44
31-Mar-19,12:42:44
31-Mar-19,12:42:44
31-Mar-19,12:42:44
31-Mar-19,12:42:44
31-Mar-19,12:42:44
31-Mar-19,12:42:44
31-Mar-19,12:42:44
31-Mar-19,12:42:44
31-Mar-19,12:42:44
31-Mar-19,12:42:44
31-Mar-19,12:42:44
31-Mar-19,12:42:44
31-Mar-19,12:42:44
31-Mar-19,12:42:44
31-Mar-19,12:42:44
31-Mar-19,12:42:44
31-Mar-19,12:42:44
31-Mar-19,12:42:44
31-Mar-19,12:42:44
31-Mar-19,12:42:44
31-Mar-19,12:42:44
31-Mar-19,12:42:44
31-Mar-19,12:42:44
31-Mar-19,12:42:44
31-Mar-19,12:42:44
31-Mar-19,12:42:44
31-Mar-19,12:42:44
31-Mar-19,12:42:44
31-Mar-19,12:42:44
31-Mar-19,12:42:44
31-Mar-19,12:42:44
31-Mar-19,12:42:44
31-Mar-19,12:42:44
31-Mar-19,12:42:44
31-Mar-19,12:42:44
31-Mar-19,12:42:44
31-Mar-19,12:42:44
31-Mar-19,12:42:44
31-Mar-19,12:42:44
31-Mar-19,12:42:44
31-Mar-19,12:42:44
31-Mar-19,12:42:44
31-Mar-19,12:42:45
31-Mar-19,12:42:45
31-Mar-19,12:42:45
31-Mar-19,12:42:45
31-Mar-19,12:42:45
31-Mar-19,12:42:45
31-Mar-19,12:42:45
31-Mar-19,12:42:45
31-Mar-19,12:42:45
31-Mar-19,12:42:45
31-Mar-19,12:42:45
31-Mar-19,12:42:45
31-Mar-19,12:42:45
31-Mar-19,12:42:45
31-Mar-19,12:42:45
31-Mar-19,12:42:45
31-Mar-19,12:42:45
31-Mar-19,12:42:45
31-Mar-19,12:42:45
31-Mar-19,12:42:45
31-Mar-19,12:42:45
31-Mar-19,12:42:45
31-Mar-19,12:42:45
31-Mar-19,12:42:45
31-Mar-19,12:42:45
31-Mar-19,12:42:45
31-Mar-19,12:42:45
31-Mar-19,12:42:45
31-Mar-19,12:42:45
31-Mar-19,12:42:45
31-Mar-19,12:42:45
31-Mar-19,12:42:45
31-Mar-19,12:42:45
31-Mar-19,12:42:45
31-Mar-19,12:42:45
31-Mar-19,12:42:45
31-Mar-19,12:42:45
31-Mar-19,12:42:45
31-Mar-19,12:42:45
31-Mar-19,12:42:45
31-Mar-19,12:42:45
31-Mar-19,12:42:45
31-Mar-19,12:42:45
31-Mar-19,12:42:45
31-Mar-19,12:42:45
31-Mar-19,12:42:45
31-Mar-19,12:42:45
31-Mar-19,12:42:45
31-Mar-19,12:42:45
31-Mar-19,12:42:45
31-Mar-19,12:42:45
31-Mar-19,12:42:45
31-Mar-19,12:42:45
31-Mar-19,12:42:45
31-Mar-19,12:42:45
31-Mar-19,12:42:45
31-Mar-19,12:42:45
31-Mar-19,12:42:45
31-Mar-19,12:42:45
31-Mar-19,12:42:45
31-Mar-19,12:42:45
31-Mar-19,12:42:45
31-Mar-19,12:42:45
31-Mar-19,12:42:45
31-Mar-19,12:42:45
31-Mar-19,12:42:45
31-Mar-19,12:42:45
31-Mar-19,12:42:45
31-Mar-19,12:42:45
31-Mar-19,12:42:45
31-Mar-19,12:42:45
31-Mar-19,12:42:46
31-Mar-19,12:42:46
31-Mar-19,12:42:46
31-Mar-19,12:42:46
31-Mar-19,12:42:46
31-Mar-19,12:42:46
31-Mar-19,12:42:46
31-Mar-19,12:42:46
31-Mar-19,12:42:46
31-Mar-19,12:42:46
31-Mar-19,12:42:46
31-Mar-19,12:42:46
31-Mar-19,12:42:46
31-Mar-19,12:42:46
31-Mar-19,12:42:46
31-Mar-19,12:42:46
31-Mar-19,12:42:46
31-Mar-19,12:42:46
31-Mar-19,12:42:46
31-Mar-19,12:42:46
31-Mar-19,12:42:46
31-Mar-19,12:42:46
31-Mar-19,12:42:46
31-Mar-19,12:42:46
31-Mar-19,12:42:46
31-Mar-19,12:42:46
31-Mar-19,12:42:46
31-Mar-19,12:42:46
31-Mar-19,12:42:46
31-Mar-19,12:42:46
31-Mar-19,12:42:46
31-Mar-19,12:42:46
31-Mar-19,12:42:46
31-Mar-19,12:42:46
31-Mar-19,12:42:46
31-Mar-19,12:42:46
31-Mar-19,12:42:46
31-Mar-19,12:42:46
31-Mar-19,12:42:46
31-Mar-19,12:42:46
31-Mar-19,12:42:46
31-Mar-19,12:42:46
31-Mar-19,12:42:46
31-Mar-19,12:42:46
31-Mar-19,12:42:46
31-Mar-19,12:42:46
31-Mar-19,12:42:46
31-Mar-19,12:42:46
31-Mar-19,12:42:46
31-Mar-19,12:42:46
31-Mar-19,12:42:46
31-Mar-19,12:42:46
31-Mar-19,12:42:46
31-Mar-19,12:42:46
31-Mar-19,12:42:46
31-Mar-19,12:42:46
31-Mar-19,12:42:46
31-Mar-19,12:42:46
31-Mar-19,12:42:46
31-Mar-19,12:42:46
31-Mar-19,12:42:46
31-Mar-19,12:42:46
31-Mar-19,12:42:46
31-Mar-19,12:42:46
31-Mar-19,12:42:46
31-Mar-19,12:42:46
31-Mar-19,12:42:46
31-Mar-19,12:42:46
31-Mar-19,12:42:46
31-Mar-19,12:42:46
31-Mar-19,12:42:46
31-Mar-19,12:42:47
31-Mar-19,12:42:47
31-Mar-19,12:42:47
31-Mar-19,12:42:47
31-Mar-19,12:42:47
31-Mar-19,12:42:47
31-Mar-19,12:42:47
31-Mar-19,12:42:47
31-Mar-19,12:42:47
31-Mar-19,12:42:47
31-Mar-19,12:42:47
31-Mar-19,12:42:47
31-Mar-19,12:42:47
31-Mar-19,12:42:47
31-Mar-19,12:42:47
31-Mar-19,12:42:47
31-Mar-19,12:42:47
31-Mar-19,12:42:47
31-Mar-19,12:42:47
31-Mar-19,12:42:47
31-Mar-19,12:42:47
31-Mar-19,12:42:47
31-Mar-19,12:42:47
31-Mar-19,12:42:47
31-Mar-19,12:42:47
31-Mar-19,12:42:47
31-Mar-19,12:42:47
31-Mar-19,12:42:47
31-Mar-19,12:42:47
31-Mar-19,12:42:47
31-Mar-19,12:42:47
31-Mar-19,12:42:47
31-Mar-19,12:42:47
31-Mar-19,12:42:47
31-Mar-19,12:42:47
31-Mar-19,12:42:47
31-Mar-19,12:42:47
31-Mar-19,12:42:47
31-Mar-19,12:42:47
31-Mar-19,12:42:47
31-Mar-19,12:42:47
31-Mar-19,12:42:47
31-Mar-19,12:42:47
31-Mar-19,12:42:47
31-Mar-19,12:42:47
31-Mar-19,12:42:47
31-Mar-19,12:42:47
31-Mar-19,12:42:47
31-Mar-19,12:42:47
31-Mar-19,12:42:47
31-Mar-19,12:42:47
31-Mar-19,12:42:47
31-Mar-19,12:42:47
31-Mar-19,12:42:47
31-Mar-19,12:42:47
31-Mar-19,12:42:47
31-Mar-19,12:42:47
31-Mar-19,12:42:47
31-Mar-19,12:42:47
31-Mar-19,12:42:47
31-Mar-19,12:42:47
31-Mar-19,12:42:47
31-Mar-19,12:42:47
31-Mar-19,12:42:47
31-Mar-19,12:42:47
31-Mar-19,12:42:47
31-Mar-19,12:42:47
31-Mar-19,12:42:47
31-Mar-19,12:42:47
31-Mar-19,12:42:47
31-Mar-19,12:42:47
31-Mar-19,12:42:47
31-Mar-19,12:42:48
31-Mar-19,12:42:48
31-Mar-19,12:42:48
31-Mar-19,12:42:48
31-Mar-19,12:42:48
31-Mar-19,12:42:48
31-Mar-19,12:42:48
31-Mar-19,12:42:48
31-Mar-19,12:42:48
31-Mar-19,12:42:48
31-Mar-19,12:42:48
31-Mar-19,12:42:48
31-Mar-19,12:42:48
31-Mar-19,12:42:48
31-Mar-19,12:42:48
31-Mar-19,12:42:48
31-Mar-19,12:42:48
31-Mar-19,12:42:48
31-Mar-19,12:42:48
31-Mar-19,12:42:48
31-Mar-19,12:42:48
31-Mar-19,12:42:48
31-Mar-19,12:42:48
31-Mar-19,12:42:48
31-Mar-19,12:42:48
31-Mar-19,12:42:48
31-Mar-19,12:42:48
31-Mar-19,12:42:48
31-Mar-19,12:42:48
31-Mar-19,12:42:48
31-Mar-19,12:42:48
31-Mar-19,12:42:48
31-Mar-19,12:42:48
31-Mar-19,12:42:48
31-Mar-19,12:42:48
31-Mar-19,12:42:48
31-Mar-19,12:42:48
31-Mar-19,12:42:48
31-Mar-19,12:42:48
31-Mar-19,12:42:48
31-Mar-19,12:42:48
31-Mar-19,12:42:48
31-Mar-19,12:42:48
31-Mar-19,12:42:48
31-Mar-19,12:42:48
31-Mar-19,12:42:48
31-Mar-19,12:42:48
31-Mar-19,12:42:48
31-Mar-19,12:42:48
31-Mar-19,12:42:48
31-Mar-19,12:42:48
31-Mar-19,12:42:48
31-Mar-19,12:42:48
31-Mar-19,12:42:48
31-Mar-19,12:42:48
31-Mar-19,12:42:48
31-Mar-19,12:42:48
31-Mar-19,12:42:48
31-Mar-19,12:42:48
31-Mar-19,12:42:48
31-Mar-19,12:42:48
31-Mar-19,12:42:48
31-Mar-19,12:42:48
31-Mar-19,12:42:48
31-Mar-19,12:42:48
31-Mar-19,12:42:48
31-Mar-19,12:42:48
31-Mar-19,12:42:48
31-Mar-19,12:42:48
31-Mar-19,12:42:48
31-Mar-19,12:42:48
31-Mar-19,12:42:48
31-Mar-19,12:42:49
31-Mar-19,12:42:49
31-Mar-19,12:42:49
31-Mar-19,12:42:49
31-Mar-19,12:42:49
31-Mar-19,12:42:49
31-Mar-19,12:42:49
31-Mar-19,12:42:49
31-Mar-19,12:42:49
31-Mar-19,12:42:49
31-Mar-19,12:42:49
31-Mar-19,12:42:49
31-Mar-19,12:42:49
31-Mar-19,12:42:49
31-Mar-19,12:42:49
31-Mar-19,12:42:49
31-Mar-19,12:42:49
31-Mar-19,12:42:49
31-Mar-19,12:42:49
31-Mar-19,12:42:49
31-Mar-19,12:42:49
31-Mar-19,12:42:49
31-Mar-19,12:42:49
31-Mar-19,12:42:49
31-Mar-19,12:42:49
31-Mar-19,12:42:49
31-Mar-19,12:42:49
31-Mar-19,12:42:49
31-Mar-19,12:42:49
31-Mar-19,12:42:49
31-Mar-19,12:42:49
31-Mar-19,12:42:49
31-Mar-19,12:42:49
31-Mar-19,12:42:49
31-Mar-19,12:42:49
31-Mar-19,12:42:49
31-Mar-19,12:42:49
31-Mar-19,12:42:49
31-Mar-19,12:42:49
31-Mar-19,12:42:49
31-Mar-19,12:42:49
31-Mar-19,12:42:49
31-Mar-19,12:42:49
31-Mar-19,12:42:49
31-Mar-19,12:42:49
31-Mar-19,12:42:49
31-Mar-19,12:42:49
31-Mar-19,12:42:49
31-Mar-19,12:42:49
31-Mar-19,12:42:49
31-Mar-19,12:42:49
31-Mar-19,12:42:49
31-Mar-19,12:42:49
31-Mar-19,12:42:49
31-Mar-19,12:42:49
31-Mar-19,12:42:49
31-Mar-19,12:42:49
31-Mar-19,12:42:49
31-Mar-19,12:42:49
31-Mar-19,12:42:49
31-Mar-19,12:42:49
31-Mar-19,12:42:49
31-Mar-19,12:42:49
31-Mar-19,12:42:49
31-Mar-19,12:42:49
31-Mar-19,12:42:49
31-Mar-19,12:42:49
31-Mar-19,12:42:49
31-Mar-19,12:42:49
31-Mar-19,12:42:49
31-Mar-19,12:42:49
31-Mar-19,12:42:49
31-Mar-19,12:42:50
31-Mar-19,12:42:50
31-Mar-19,12:42:50
31-Mar-19,12:42:50
31-Mar-19,12:42:50
31-Mar-19,12:42:50
31-Mar-19,12:42:50
31-Mar-19,12:42:50
31-Mar-19,12:42:50
31-Mar-19,12:42:50
31-Mar-19,12:42:50
31-Mar-19,12:42:50
31-Mar-19,12:42:50
31-Mar-19,12:42:50
31-Mar-19,12:42:50
31-Mar-19,12:42:50
31-Mar-19,12:42:50
31-Mar-19,12:42:50
31-Mar-19,12:42:50
31-Mar-19,12:42:50
31-Mar-19,12:42:50
31-Mar-19,12:42:50
31-Mar-19,12:42:50
31-Mar-19,12:42:50
31-Mar-19,12:42:50
31-Mar-19,12:42:50
31-Mar-19,12:42:50
31-Mar-19,12:42:50
31-Mar-19,12:42:50
31-Mar-19,12:42:50
31-Mar-19,12:42:50
31-Mar-19,12:42:50
31-Mar-19,12:42:50
31-Mar-19,12:42:50
31-Mar-19,12:42:50
31-Mar-19,12:42:50
31-Mar-19,12:42:50
31-Mar-19,12:42:50
31-Mar-19,12:42:50
31-Mar-19,12:42:50
31-Mar-19,12:42:50
31-Mar-19,12:42:50
31-Mar-19,12:42:50
31-Mar-19,12:42:50
31-Mar-19,12:42:50
31-Mar-19,12:42:50
31-Mar-19,12:42:50
31-Mar-19,12:42:50
31-Mar-19,12:42:50
31-Mar-19,12:42:50
31-Mar-19,12:42:50
31-Mar-19,12:42:50
31-Mar-19,12:42:50
31-Mar-19,12:42:50
31-Mar-19,12:42:50
31-Mar-19,12:42:50
31-Mar-19,12:42:50
31-Mar-19,12:42:50
31-Mar-19,12:42:50
31-Mar-19,12:42:50
31-Mar-19,12:42:50
31-Mar-19,12:42:50
31-Mar-19,12:42:50
31-Mar-19,12:42:50
31-Mar-19,12:42:50
31-Mar-19,12:42:50
31-Mar-19,12:42:50
31-Mar-19,12:42:50
31-Mar-19,12:42:50
31-Mar-19,12:42:50
31-Mar-19,12:42:50
31-Mar-19,12:42:50
31-Mar-19,12:42:51
31-Mar-19,12:42:51
31-Mar-19,12:42:51
31-Mar-19,12:42:51
31-Mar-19,12:42:51
31-Mar-19,12:42:51
31-Mar-19,12:42:51
31-Mar-19,12:42:51
31-Mar-19,12:42:51
31-Mar-19,12:42:51
31-Mar-19,12:42:51
31-Mar-19,12:42:51
31-Mar-19,12:42:51
31-Mar-19,12:42:51
31-Mar-19,12:42:51
31-Mar-19,12:42:51
31-Mar-19,12:42:51
31-Mar-19,12:42:51
31-Mar-19,12:42:51
31-Mar-19,12:42:51
31-Mar-19,12:42:51
31-Mar-19,12:42:51
31-Mar-19,12:42:51
31-Mar-19,12:42:51
31-Mar-19,12:42:51
31-Mar-19,12:42:51
31-Mar-19,12:42:51
31-Mar-19,12:42:51
31-Mar-19,12:42:51
31-Mar-19,12:42:51
31-Mar-19,12:42:51
31-Mar-19,12:42:51
31-Mar-19,12:42:51
31-Mar-19,12:42:51
31-Mar-19,12:42:51
31-Mar-19,12:42:51
31-Mar-19,12:42:51
31-Mar-19,12:42:51
31-Mar-19,12:42:51
31-Mar-19,12:42:51
31-Mar-19,12:42:51
31-Mar-19,12:42:51
31-Mar-19,12:42:51
31-Mar-19,12:42:51
31-Mar-19,12:42:51
31-Mar-19,12:42:51
31-Mar-19,12:42:51
31-Mar-19,12:42:51
31-Mar-19,12:42:51
31-Mar-19,12:42:51
31-Mar-19,12:42:51
31-Mar-19,12:42:51
31-Mar-19,12:42:51
31-Mar-19,12:42:51
31-Mar-19,12:42:51
31-Mar-19,12:42:51
31-Mar-19,12:42:51
31-Mar-19,12:42:51
31-Mar-19,12:42:51
31-Mar-19,12:42:51
31-Mar-19,12:42:51
31-Mar-19,12:42:51
31-Mar-19,12:42:51
31-Mar-19,12:42:51
31-Mar-19,12:42:51
31-Mar-19,12:42:51
31-Mar-19,12:42:51
31-Mar-19,12:42:51
31-Mar-19,12:42:51
31-Mar-19,12:42:51
31-Mar-19,12:42:51
31-Mar-19,12:42:51
31-Mar-19,12:42:52
31-Mar-19,12:42:52
31-Mar-19,12:42:52
31-Mar-19,12:42:52
31-Mar-19,12:42:52
31-Mar-19,12:42:52
31-Mar-19,12:42:52
31-Mar-19,12:42:52
31-Mar-19,12:42:52
31-Mar-19,12:42:52
31-Mar-19,12:42:52
31-Mar-19,12:42:52
31-Mar-19,12:42:52
31-Mar-19,12:42:52
31-Mar-19,12:42:52
31-Mar-19,12:42:52
31-Mar-19,12:42:52
31-Mar-19,12:42:52
31-Mar-19,12:42:52
31-Mar-19,12:42:52
31-Mar-19,12:42:52
31-Mar-19,12:42:52
31-Mar-19,12:42:52
31-Mar-19,12:42:52
31-Mar-19,12:42:52
31-Mar-19,12:42:52
31-Mar-19,12:42:52
31-Mar-19,12:42:52
31-Mar-19,12:42:52
31-Mar-19,12:42:52
31-Mar-19,12:42:52
31-Mar-19,12:42:52
31-Mar-19,12:42:52
31-Mar-19,12:42:52
31-Mar-19,12:42:52
31-Mar-19,12:42:52
31-Mar-19,12:42:52
31-Mar-19,12:42:52
31-Mar-19,12:42:52
31-Mar-19,12:42:52
31-Mar-19,12:42:52
31-Mar-19,12:42:52
31-Mar-19,12:42:52
31-Mar-19,12:42:52
31-Mar-19,12:42:52
31-Mar-19,12:42:52
31-Mar-19,12:42:52
31-Mar-19,12:42:52
31-Mar-19,12:42:52
31-Mar-19,12:42:52
31-Mar-19,12:42:52
31-Mar-19,12:42:52
31-Mar-19,12:42:52
31-Mar-19,12:42:52
31-Mar-19,12:42:52
31-Mar-19,12:42:52
31-Mar-19,12:42:52
31-Mar-19,12:42:52
31-Mar-19,12:42:52
31-Mar-19,12:42:52
31-Mar-19,12:42:52
31-Mar-19,12:42:52
31-Mar-19,12:42:52
31-Mar-19,12:42:52
31-Mar-19,12:42:52
31-Mar-19,12:42:52
31-Mar-19,12:42:52
31-Mar-19,12:42:52
31-Mar-19,12:42:52
31-Mar-19,12:42:52
31-Mar-19,12:42:52
31-Mar-19,12:42:52
31-Mar-19,12:42:52
31-Mar-19,12:42:53
31-Mar-19,12:42:53
31-Mar-19,12:42:53
31-Mar-19,12:42:53
31-Mar-19,12:42:53
31-Mar-19,12:42:53
31-Mar-19,12:42:53
31-Mar-19,12:42:53
31-Mar-19,12:42:53
31-Mar-19,12:42:53
31-Mar-19,12:42:53
31-Mar-19,12:42:53
31-Mar-19,12:42:53
31-Mar-19,12:42:53
31-Mar-19,12:42:53
31-Mar-19,12:42:53
31-Mar-19,12:42:53
31-Mar-19,12:42:53
31-Mar-19,12:42:53
31-Mar-19,12:42:53
31-Mar-19,12:42:53
31-Mar-19,12:42:53
31-Mar-19,12:42:53
31-Mar-19,12:42:53
31-Mar-19,12:42:53
31-Mar-19,12:42:53
31-Mar-19,12:42:53
31-Mar-19,12:42:53
31-Mar-19,12:42:53
31-Mar-19,12:42:53
31-Mar-19,12:42:53
31-Mar-19,12:42:53
31-Mar-19,12:42:53
31-Mar-19,12:42:53
31-Mar-19,12:42:53
31-Mar-19,12:42:53
31-Mar-19,12:42:53
31-Mar-19,12:42:53
31-Mar-19,12:42:53
31-Mar-19,12:42:53
31-Mar-19,12:42:53
31-Mar-19,12:42:53
31-Mar-19,12:42:53
31-Mar-19,12:42:53
31-Mar-19,12:42:53
31-Mar-19,12:42:53
31-Mar-19,12:42:53
31-Mar-19,12:42:53
31-Mar-19,12:42:53
31-Mar-19,12:42:53
31-Mar-19,12:42:53
31-Mar-19,12:42:53
31-Mar-19,12:42:53
31-Mar-19,12:42:53
31-Mar-19,12:42:53
31-Mar-19,12:42:53
31-Mar-19,12:42:53
31-Mar-19,12:42:53
31-Mar-19,12:42:53
31-Mar-19,12:42:53
31-Mar-19,12:42:53
31-Mar-19,12:42:53
31-Mar-19,12:42:53
31-Mar-19,12:42:53
31-Mar-19,12:42:53
31-Mar-19,12:42:53
31-Mar-19,12:42:53
31-Mar-19,12:42:53
31-Mar-19,12:42:53
31-Mar-19,12:42:53
31-Mar-19,12:42:53
31-Mar-19,12:42:53
31-Mar-19,12:42:53
31-Mar-19,12:42:54
31-Mar-19,12:42:54
31-Mar-19,12:42:54
31-Mar-19,12:42:54
31-Mar-19,12:42:54
31-Mar-19,12:42:54
31-Mar-19,12:42:54
31-Mar-19,12:42:54
31-Mar-19,12:42:54
31-Mar-19,12:42:54
31-Mar-19,12:42:54
31-Mar-19,12:42:54
31-Mar-19,12:42:54
31-Mar-19,12:42:54
31-Mar-19,12:42:54
31-Mar-19,12:42:54
31-Mar-19,12:42:54
31-Mar-19,12:42:54
31-Mar-19,12:42:54
31-Mar-19,12:42:54
31-Mar-19,12:42:54
31-Mar-19,12:42:54
31-Mar-19,12:42:54
31-Mar-19,12:42:54
31-Mar-19,12:42:54
31-Mar-19,12:42:54
31-Mar-19,12:42:54
31-Mar-19,12:42:54
31-Mar-19,12:42:54
31-Mar-19,12:42:54
31-Mar-19,12:42:54
31-Mar-19,12:42:54
31-Mar-19,12:42:54
31-Mar-19,12:42:54
31-Mar-19,12:42:54
31-Mar-19,12:42:54
31-Mar-19,12:42:54
31-Mar-19,12:42:54
31-Mar-19,12:42:54
31-Mar-19,12:42:54
31-Mar-19,12:42:54
31-Mar-19,12:42:54
31-Mar-19,12:42:54
31-Mar-19,12:42:54
31-Mar-19,12:42:54
31-Mar-19,12:42:54
31-Mar-19,12:42:54
31-Mar-19,12:42:54
31-Mar-19,12:42:54
31-Mar-19,12:42:54
31-Mar-19,12:42:54
31-Mar-19,12:42:54
31-Mar-19,12:42:54
31-Mar-19,12:42:54
31-Mar-19,12:42:54
31-Mar-19,12:42:54
31-Mar-19,12:42:54
31-Mar-19,12:42:54
31-Mar-19,12:42:54
31-Mar-19,12:42:54
31-Mar-19,12:42:54
31-Mar-19,12:42:54
31-Mar-19,12:42:54
31-Mar-19,12:42:54
31-Mar-19,12:42:54
31-Mar-19,12:42:54
31-Mar-19,12:42:54
31-Mar-19,12:42:54
31-Mar-19,12:42:54
31-Mar-19,12:42:54
31-Mar-19,12:42:54
31-Mar-19,12:42:54
31-Mar-19,12:42:54
31-Mar-19,12:42:55
31-Mar-19,12:42:55
31-Mar-19,12:42:55
31-Mar-19,12:42:55
31-Mar-19,12:42:55
31-Mar-19,12:42:55
31-Mar-19,12:42:55
31-Mar-19,12:42:55
31-Mar-19,12:42:55
31-Mar-19,12:42:55
31-Mar-19,12:42:55
31-Mar-19,12:42:55
31-Mar-19,12:42:55
31-Mar-19,12:42:55
31-Mar-19,12:42:55
31-Mar-19,12:42:55
31-Mar-19,12:42:55
31-Mar-19,12:42:55
31-Mar-19,12:42:55
31-Mar-19,12:42:55
31-Mar-19,12:42:55
31-Mar-19,12:42:55
31-Mar-19,12:42:55
31-Mar-19,12:42:55
31-Mar-19,12:42:55
31-Mar-19,12:42:55
31-Mar-19,12:42:55
31-Mar-19,12:42:55
31-Mar-19,12:42:55
31-Mar-19,12:42:55
31-Mar-19,12:42:55
31-Mar-19,12:42:55
31-Mar-19,12:42:55
31-Mar-19,12:42:55
31-Mar-19,12:42:55
31-Mar-19,12:42:55
31-Mar-19,12:42:55
31-Mar-19,12:42:55
31-Mar-19,12:42:55
31-Mar-19,12:42:55
31-Mar-19,12:42:55
31-Mar-19,12:42:55
31-Mar-19,12:42:55
31-Mar-19,12:42:55
31-Mar-19,12:42:55
31-Mar-19,12:42:55
31-Mar-19,12:42:55
31-Mar-19,12:42:55
31-Mar-19,12:42:55
31-Mar-19,12:42:55
31-Mar-19,12:42:55
31-Mar-19,12:42:55
31-Mar-19,12:42:55
31-Mar-19,12:42:55
31-Mar-19,12:42:55
31-Mar-19,12:42:55
31-Mar-19,12:42:55
31-Mar-19,12:42:55
31-Mar-19,12:42:55
31-Mar-19,12:42:55
31-Mar-19,12:42:55
31-Mar-19,12:42:55
31-Mar-19,12:42:55
31-Mar-19,12:42:55
31-Mar-19,12:42:55
31-Mar-19,12:42:55
31-Mar-19,12:42:55
31-Mar-19,12:42:55
31-Mar-19,12:42:55
31-Mar-19,12:42:55
31-Mar-19,12:42:55
31-Mar-19,12:42:55
31-Mar-19,12:42:55
31-Mar-19,12:42:56
31-Mar-19,12:42:56
31-Mar-19,12:42:56
31-Mar-19,12:42:56
31-Mar-19,12:42:56
31-Mar-19,12:42:56
31-Mar-19,12:42:56
31-Mar-19,12:42:56
31-Mar-19,12:42:56
31-Mar-19,12:42:56
31-Mar-19,12:42:56
31-Mar-19,12:42:56
31-Mar-19,12:42:56
31-Mar-19,12:42:56
31-Mar-19,12:42:56
31-Mar-19,12:42:56
31-Mar-19,12:42:56
31-Mar-19,12:42:56
31-Mar-19,12:42:56
31-Mar-19,12:42:56
31-Mar-19,12:42:56
31-Mar-19,12:42:56
31-Mar-19,12:42:56
31-Mar-19,12:42:56
31-Mar-19,12:42:56
31-Mar-19,12:42:56
31-Mar-19,12:42:56
31-Mar-19,12:42:56
31-Mar-19,12:42:56
31-Mar-19,12:42:56
31-Mar-19,12:42:56
31-Mar-19,12:42:56
31-Mar-19,12:42:56
31-Mar-19,12:42:56
31-Mar-19,12:42:56
31-Mar-19,12:42:56
31-Mar-19,12:42:56
31-Mar-19,12:42:56
31-Mar-19,12:42:56
31-Mar-19,12:42:56
31-Mar-19,12:42:56
31-Mar-19,12:42:56
31-Mar-19,12:42:56
31-Mar-19,12:42:56
31-Mar-19,12:42:56
31-Mar-19,12:42:56
31-Mar-19,12:42:56
31-Mar-19,12:42:56
31-Mar-19,12:42:56
31-Mar-19,12:42:56
31-Mar-19,12:42:56
31-Mar-19,12:42:56
31-Mar-19,12:42:56
31-Mar-19,12:42:56
31-Mar-19,12:42:56
31-Mar-19,12:42:56
31-Mar-19,12:42:56
31-Mar-19,12:42:56
31-Mar-19,12:42:56
31-Mar-19,12:42:56
31-Mar-19,12:42:56
31-Mar-19,12:42:56
31-Mar-19,12:42:56
31-Mar-19,12:42:56
31-Mar-19,12:42:56
31-Mar-19,12:42:56
31-Mar-19,12:42:56
31-Mar-19,12:42:56
31-Mar-19,12:42:56
31-Mar-19,12:42:56
31-Mar-19,12:42:56
31-Mar-19,12:42:56
31-Mar-19,12:42:57
31-Mar-19,12:42:57
31-Mar-19,12:42:57
31-Mar-19,12:42:57
31-Mar-19,12:42:57
31-Mar-19,12:42:57
31-Mar-19,12:42:57
31-Mar-19,12:42:57
31-Mar-19,12:42:57
31-Mar-19,12:42:57
31-Mar-19,12:42:57
31-Mar-19,12:42:57
31-Mar-19,12:42:57
31-Mar-19,12:42:57
31-Mar-19,12:42:57
31-Mar-19,12:42:57
31-Mar-19,12:42:57
31-Mar-19,12:42:57
31-Mar-19,12:42:57
31-Mar-19,12:42:57
31-Mar-19,12:42:57
31-Mar-19,12:42:57
31-Mar-19,12:42:57
31-Mar-19,12:42:57
31-Mar-19,12:42:57
31-Mar-19,12:42:57
31-Mar-19,12:42:57
31-Mar-19,12:42:57
31-Mar-19,12:42:57
31-Mar-19,12:42:57
31-Mar-19,12:42:57
31-Mar-19,12:42:57
31-Mar-19,12:42:57
31-Mar-19,12:42:57
31-Mar-19,12:42:57
31-Mar-19,12:42:57
31-Mar-19,12:42:57
31-Mar-19,12:42:57
31-Mar-19,12:42:57
31-Mar-19,12:42:57
31-Mar-19,12:42:57
31-Mar-19,12:42:57
31-Mar-19,12:42:57
31-Mar-19,12:42:57
31-Mar-19,12:42:57
31-Mar-19,12:42:57
31-Mar-19,12:42:57
31-Mar-19,12:42:57
31-Mar-19,12:42:57
31-Mar-19,12:42:57
31-Mar-19,12:42:57
31-Mar-19,12:42:57
31-Mar-19,12:42:57
31-Mar-19,12:42:57
31-Mar-19,12:42:57
31-Mar-19,12:42:57
31-Mar-19,12:42:57
31-Mar-19,12:42:57
31-Mar-19,12:42:57
31-Mar-19,12:42:57
31-Mar-19,12:42:57
31-Mar-19,12:42:57
31-Mar-19,12:42:57
31-Mar-19,12:42:57
31-Mar-19,12:42:57
31-Mar-19,12:42:57
31-Mar-19,12:42:57
31-Mar-19,12:42:57
31-Mar-19,12:42:57
31-Mar-19,12:42:57
31-Mar-19,12:42:57
31-Mar-19,12:42:57
31-Mar-19,12:42:57
31-Mar-19,12:42:57
31-Mar-19,12:42:58
31-Mar-19,12:42:58
31-Mar-19,12:42:58
31-Mar-19,12:42:58
31-Mar-19,12:42:58
31-Mar-19,12:42:58
31-Mar-19,12:42:58
31-Mar-19,12:42:58
31-Mar-19,12:42:58
31-Mar-19,12:42:58
31-Mar-19,12:42:58
31-Mar-19,12:42:58
31-Mar-19,12:42:58
31-Mar-19,12:42:58
31-Mar-19,12:42:58
31-Mar-19,12:42:58
31-Mar-19,12:42:58
31-Mar-19,12:42:58
31-Mar-19,12:42:58
31-Mar-19,12:42:58
31-Mar-19,12:42:58
31-Mar-19,12:42:58
31-Mar-19,12:42:58
31-Mar-19,12:42:58
31-Mar-19,12:42:58
31-Mar-19,12:42:58
31-Mar-19,12:42:58
31-Mar-19,12:42:58
31-Mar-19,12:42:58
31-Mar-19,12:42:58
31-Mar-19,12:42:58
31-Mar-19,12:42:58
31-Mar-19,12:42:58
31-Mar-19,12:42:58
31-Mar-19,12:42:58
31-Mar-19,12:42:58
31-Mar-19,12:42:58
31-Mar-19,12:42:58
31-Mar-19,12:42:58
31-Mar-19,12:42:58
31-Mar-19,12:42:58
31-Mar-19,12:42:58
31-Mar-19,12:42:58
31-Mar-19,12:42:58
31-Mar-19,12:42:58
31-Mar-19,12:42:58
31-Mar-19,12:42:58
31-Mar-19,12:42:58
31-Mar-19,12:42:58
31-Mar-19,12:42:58
31-Mar-19,12:42:58
31-Mar-19,12:42:58
31-Mar-19,12:42:58
31-Mar-19,12:42:58
31-Mar-19,12:42:58
31-Mar-19,12:42:58
31-Mar-19,12:42:58
31-Mar-19,12:42:58
31-Mar-19,12:42:58
31-Mar-19,12:42:58
31-Mar-19,12:42:58
31-Mar-19,12:42:58
31-Mar-19,12:42:58
31-Mar-19,12:42:58
31-Mar-19,12:42:58
31-Mar-19,12:42:58
31-Mar-19,12:42:58
31-Mar-19,12:42:58
31-Mar-19,12:42:58
31-Mar-19,12:42:58
31-Mar-19,12:42:58
31-Mar-19,12:42:58
31-Mar-19,12:42:58
31-Mar-19,12:42:58
31-Mar-19,12:42:59
31-Mar-19,12:42:59
31-Mar-19,12:42:59
31-Mar-19,12:42:59
31-Mar-19,12:42:59
31-Mar-19,12:42:59
31-Mar-19,12:42:59
31-Mar-19,12:42:59
31-Mar-19,12:42:59
31-Mar-19,12:42:59
31-Mar-19,12:42:59
31-Mar-19,12:42:59
31-Mar-19,12:42:59
31-Mar-19,12:42:59
31-Mar-19,12:42:59
31-Mar-19,12:42:59
31-Mar-19,12:42:59
31-Mar-19,12:42:59
31-Mar-19,12:42:59
31-Mar-19,12:42:59
31-Mar-19,12:42:59
31-Mar-19,12:42:59
31-Mar-19,12:42:59
31-Mar-19,12:42:59
31-Mar-19,12:42:59
31-Mar-19,12:42:59
31-Mar-19,12:42:59
31-Mar-19,12:42:59
31-Mar-19,12:42:59
31-Mar-19,12:42:59
31-Mar-19,12:42:59
31-Mar-19,12:42:59
31-Mar-19,12:42:59
31-Mar-19,12:42:59
31-Mar-19,12:42:59
31-Mar-19,12:42:59
31-Mar-19,12:42:59
31-Mar-19,12:42:59
31-Mar-19,12:42:59
31-Mar-19,12:42:59
31-Mar-19,12:42:59
31-Mar-19,12:42:59
31-Mar-19,12:42:59
31-Mar-19,12:42:59
31-Mar-19,12:42:59
31-Mar-19,12:42:59
31-Mar-19,12:42:59
31-Mar-19,12:42:59
31-Mar-19,12:42:59
31-Mar-19,12:42:59
31-Mar-19,12:42:59
31-Mar-19,12:42:59
31-Mar-19,12:42:59
31-Mar-19,12:42:59
31-Mar-19,12:42:59
31-Mar-19,12:42:59
31-Mar-19,12:42:59
31-Mar-19,12:42:59
31-Mar-19,12:42:59
31-Mar-19,12:42:59
31-Mar-19,12:42:59
31-Mar-19,12:42:59
31-Mar-19,12:42:59
31-Mar-19,12:42:59
31-Mar-19,12:42:59
31-Mar-19,12:42:59
31-Mar-19,12:42:59
31-Mar-19,12:42:59
31-Mar-19,12:42:59
31-Mar-19,12:42:59
31-Mar-19,12:42:59
31-Mar-19,12:42:59
31-Mar-19,12:42:59
31-Mar-19,12:42:59
31-Mar-19,12:43:00
31-Mar-19,12:43:00
31-Mar-19,12:43:00
31-Mar-19,12:43:00
31-Mar-19,12:43:00
31-Mar-19,12:43:00
31-Mar-19,12:43:00
31-Mar-19,12:43:00
31-Mar-19,12:43:00
31-Mar-19,12:43:00
31-Mar-19,12:43:00
31-Mar-19,12:43:00
31-Mar-19,12:43:00
31-Mar-19,12:43:00
31-Mar-19,12:43:00
31-Mar-19,12:43:00
31-Mar-19,12:43:00
31-Mar-19,12:43:00
31-Mar-19,12:43:00
31-Mar-19,12:43:00
31-Mar-19,12:43:00
31-Mar-19,12:43:00
31-Mar-19,12:43:00
31-Mar-19,12:43:00
31-Mar-19,12:43:00
31-Mar-19,12:43:00
31-Mar-19,12:43:00
31-Mar-19,12:43:00
31-Mar-19,12:43:00
31-Mar-19,12:43:00
31-Mar-19,12:43:00
31-Mar-19,12:43:00
31-Mar-19,12:43:00
31-Mar-19,12:43:00
31-Mar-19,12:43:00
31-Mar-19,12:43:00
31-Mar-19,12:43:00
31-Mar-19,12:43:00
31-Mar-19,12:43:00
31-Mar-19,12:43:00
31-Mar-19,12:43:00
31-Mar-19,12:43:00
31-Mar-19,12:43:00
31-Mar-19,12:43:00
31-Mar-19,12:43:00
31-Mar-19,12:43:00
31-Mar-19,12:43:00
31-Mar-19,12:43:00
31-Mar-19,12:43:00
31-Mar-19,12:43:00
31-Mar-19,12:43:00
31-Mar-19,12:43:00
31-Mar-19,12:43:00
31-Mar-19,12:43:00
31-Mar-19,12:43:00
31-Mar-19,12:43:00
31-Mar-19,12:43:00
31-Mar-19,12:43:00
31-Mar-19,12:43:00
31-Mar-19,12:43:00
31-Mar-19,12:43:00
31-Mar-19,12:43:00
31-Mar-19,12:43:00
31-Mar-19,12:43:00
31-Mar-19,12:43:00
31-Mar-19,12:43:00
31-Mar-19,12:43:00
31-Mar-19,12:43:00
31-Mar-19,12:43:00
31-Mar-19,12:43:00
31-Mar-19,12:43:00
31-Mar-19,12:43:00
31-Mar-19,12:43:00
31-Mar-19,12:43:01
31-Mar-19,12:43:01
31-Mar-19,12:43:01
31-Mar-19,12:43:01
31-Mar-19,12:43:01
31-Mar-19,12:43:01
31-Mar-19,12:43:01
31-Mar-19,12:43:01
31-Mar-19,12:43:01
31-Mar-19,12:43:01
31-Mar-19,12:43:01
31-Mar-19,12:43:01
31-Mar-19,12:43:01
31-Mar-19,12:43:01
31-Mar-19,12:43:01
31-Mar-19,12:43:01
31-Mar-19,12:43:01
31-Mar-19,12:43:01
31-Mar-19,12:43:01
31-Mar-19,12:43:01
31-Mar-19,12:43:01
31-Mar-19,12:43:01
31-Mar-19,12:43:01
31-Mar-19,12:43:01
31-Mar-19,12:43:01
31-Mar-19,12:43:01
31-Mar-19,12:43:01
31-Mar-19,12:43:01
31-Mar-19,12:43:01
31-Mar-19,12:43:01
31-Mar-19,12:43:01
31-Mar-19,12:43:01
31-Mar-19,12:43:01
31-Mar-19,12:43:01
31-Mar-19,12:43:01
31-Mar-19,12:43:01
31-Mar-19,12:43:01
31-Mar-19,12:43:01
31-Mar-19,12:43:01
31-Mar-19,12:43:01
31-Mar-19,12:43:01
31-Mar-19,12:43:01
31-Mar-19,12:43:01
31-Mar-19,12:43:01
31-Mar-19,12:43:01
31-Mar-19,12:43:01
31-Mar-19,12:43:01
31-Mar-19,12:43:01
31-Mar-19,12:43:01
31-Mar-19,12:43:01
31-Mar-19,12:43:01
31-Mar-19,12:43:01
31-Mar-19,12:43:01
31-Mar-19,12:43:01
31-Mar-19,12:43:01
31-Mar-19,12:43:01
31-Mar-19,12:43:01
31-Mar-19,12:43:01
31-Mar-19,12:43:01
31-Mar-19,12:43:01
31-Mar-19,12:43:01
31-Mar-19,12:43:01
31-Mar-19,12:43:01
31-Mar-19,12:43:01
31-Mar-19,12:43:01
31-Mar-19,12:43:01
31-Mar-19,12:43:01
31-Mar-19,12:43:01
31-Mar-19,12:43:01
31-Mar-19,12:43:01
31-Mar-19,12:43:01
31-Mar-19,12:43:01
31-Mar-19,12:43:01
31-Mar-19,12:43:01
31-Mar-19,12:43:02
31-Mar-19,12:43:02
31-Mar-19,12:43:02
31-Mar-19,12:43:02
31-Mar-19,12:43:02
31-Mar-19,12:43:02
31-Mar-19,12:43:02
31-Mar-19,12:43:02
31-Mar-19,12:43:02
31-Mar-19,12:43:02
31-Mar-19,12:43:02
31-Mar-19,12:43:02
31-Mar-19,12:43:02
31-Mar-19,12:43:02
31-Mar-19,12:43:02
31-Mar-19,12:43:02
31-Mar-19,12:43:02
31-Mar-19,12:43:02
31-Mar-19,12:43:02
31-Mar-19,12:43:02
31-Mar-19,12:43:02
31-Mar-19,12:43:02
31-Mar-19,12:43:02
31-Mar-19,12:43:02
31-Mar-19,12:43:02
31-Mar-19,12:43:02
31-Mar-19,12:43:02
31-Mar-19,12:43:02
31-Mar-19,12:43:02
31-Mar-19,12:43:02
31-Mar-19,12:43:02
31-Mar-19,12:43:02
31-Mar-19,12:43:02
31-Mar-19,12:43:02
31-Mar-19,12:43:02
31-Mar-19,12:43:02
31-Mar-19,12:43:02
31-Mar-19,12:43:02
31-Mar-19,12:43:02
31-Mar-19,12:43:02
31-Mar-19,12:43:02
31-Mar-19,12:43:02
31-Mar-19,12:43:02
31-Mar-19,12:43:02
31-Mar-19,12:43:02
31-Mar-19,12:43:02
31-Mar-19,12:43:02
31-Mar-19,12:43:02
31-Mar-19,12:43:02
31-Mar-19,12:43:02
31-Mar-19,12:43:02
31-Mar-19,12:43:02
31-Mar-19,12:43:02
31-Mar-19,12:43:02
31-Mar-19,12:43:02
31-Mar-19,12:43:02
31-Mar-19,12:43:02
31-Mar-19,12:43:02
31-Mar-19,12:43:02
31-Mar-19,12:43:02
31-Mar-19,12:43:02
31-Mar-19,12:43:02
31-Mar-19,12:43:02
31-Mar-19,12:43:02
31-Mar-19,12:43:02
31-Mar-19,12:43:02
31-Mar-19,12:43:02
31-Mar-19,12:43:02
31-Mar-19,12:43:02
31-Mar-19,12:43:02
31-Mar-19,12:43:02
31-Mar-19,12:43:02
31-Mar-19,12:43:02
31-Mar-19,12:43:02
31-Mar-19,12:43:02
31-Mar-19,12:43:03
31-Mar-19,12:43:03
31-Mar-19,12:43:03
31-Mar-19,12:43:03
31-Mar-19,12:43:03
31-Mar-19,12:43:03
31-Mar-19,12:43:03
31-Mar-19,12:43:03
31-Mar-19,12:43:03
31-Mar-19,12:43:03
31-Mar-19,12:43:03
31-Mar-19,12:43:03
31-Mar-19,12:43:03
31-Mar-19,12:43:03
31-Mar-19,12:43:03
31-Mar-19,12:43:03
31-Mar-19,12:43:03
31-Mar-19,12:43:03
31-Mar-19,12:43:03
31-Mar-19,12:43:03
31-Mar-19,12:43:03
31-Mar-19,12:43:03
31-Mar-19,12:43:03
31-Mar-19,12:43:03
31-Mar-19,12:43:03
31-Mar-19,12:43:03
31-Mar-19,12:43:03
31-Mar-19,12:43:03
31-Mar-19,12:43:03
31-Mar-19,12:43:03
31-Mar-19,12:43:03
31-Mar-19,12:43:03
31-Mar-19,12:43:03
31-Mar-19,12:43:03
31-Mar-19,12:43:03
31-Mar-19,12:43:03
31-Mar-19,12:43:03
31-Mar-19,12:43:03
31-Mar-19,12:43:03
31-Mar-19,12:43:03
31-Mar-19,12:43:03
31-Mar-19,12:43:03
31-Mar-19,12:43:03
31-Mar-19,12:43:03
31-Mar-19,12:43:03
31-Mar-19,12:43:03
31-Mar-19,12:43:03
31-Mar-19,12:43:03
31-Mar-19,12:43:03
31-Mar-19,12:43:03
31-Mar-19,12:43:03
31-Mar-19,12:43:03
31-Mar-19,12:43:03
31-Mar-19,12:43:03
31-Mar-19,12:43:03
31-Mar-19,12:43:03
31-Mar-19,12:43:03
31-Mar-19,12:43:03
31-Mar-19,12:43:03
31-Mar-19,12:43:03
31-Mar-19,12:43:03
31-Mar-19,12:43:03
31-Mar-19,12:43:03
31-Mar-19,12:43:03
31-Mar-19,12:43:03
31-Mar-19,12:43:03
31-Mar-19,12:43:03
31-Mar-19,12:43:03
31-Mar-19,12:43:03
31-Mar-19,12:43:03
31-Mar-19,12:43:03
31-Mar-19,12:43:03
31-Mar-19,12:43:03
31-Mar-19,12:43:03
31-Mar-19,12:43:03
31-Mar-19,12:43:04
31-Mar-19,12:43:04
31-Mar-19,12:43:04
31-Mar-19,12:43:04
31-Mar-19,12:43:04
31-Mar-19,12:43:04
31-Mar-19,12:43:04
31-Mar-19,12:43:04
31-Mar-19,12:43:04
31-Mar-19,12:43:04
31-Mar-19,12:43:04
31-Mar-19,12:43:04
31-Mar-19,12:43:04
31-Mar-19,12:43:04
31-Mar-19,12:43:04
31-Mar-19,12:43:04
31-Mar-19,12:43:04
31-Mar-19,12:43:04
31-Mar-19,12:43:04
31-Mar-19,12:43:59
31-Mar-19,12:43:59
31-Mar-19,12:43:59
31-Mar-19,12:43:59
31-Mar-19,12:43:59
31-Mar-19,12:43:59
31-Mar-19,12:43:59
31-Mar-19,12:43:59
31-Mar-19,12:43:59
31-Mar-19,12:43:59
31-Mar-19,12:44:00
31-Mar-19,12:44:00
31-Mar-19,12:44:00
31-Mar-19,12:44:00
31-Mar-19,12:44:00
31-Mar-19,12:44:00
31-Mar-19,12:44:00
31-Mar-19,12:44:00
31-Mar-19,12:44:00
31-Mar-19,12:44:00
31-Mar-19,12:44:00
31-Mar-19,12:44:00
31-Mar-19,12:44:00
31-Mar-19,12:44:00
31-Mar-19,12:44:00
31-Mar-19,12:44:00
31-Mar-19,12:44:00
31-Mar-19,12:44:00
31-Mar-19,12:44:00
31-Mar-19,12:44:00
31-Mar-19,12:44:00
31-Mar-19,12:44:00
31-Mar-19,12:44:00
31-Mar-19,12:44:00
31-Mar-19,12:44:00
31-Mar-19,12:44:00
31-Mar-19,12:44:00
31-Mar-19,12:44:00
31-Mar-19,12:44:00
31-Mar-19,12:44:00
31-Mar-19,12:44:00
31-Mar-19,12:44:00
31-Mar-19,12:44:00
31-Mar-19,12:44:00
31-Mar-19,12:44:00
31-Mar-19,12:44:00
31-Mar-19,12:44:00
31-Mar-19,12:44:00
31-Mar-19,12:44:00
31-Mar-19,12:44:00
31-Mar-19,12:44:00
31-Mar-19,12:44:00
31-Mar-19,12:44:00
31-Mar-19,12:44:00
31-Mar-19,12:44:00
31-Mar-19,12:44:00
31-Mar-19,12:44:00
31-Mar-19,12:44:00
31-Mar-19,12:44:00
31-Mar-19,12:44:00
31-Mar-19,12:44:00
31-Mar-19,12:44:00
31-Mar-19,12:44:00
31-Mar-19,12:44:00
31-Mar-19,12:44:00
31-Mar-19,12:44:00
31-Mar-19,12:44:00
31-Mar-19,12:44:00
31-Mar-19,12:44:00
31-Mar-19,12:44:00
31-Mar-19,12:44:00
31-Mar-19,12:44:00
31-Mar-19,12:44:00
31-Mar-19,12:44:00
31-Mar-19,12:44:00
31-Mar-19,12:44:00
31-Mar-19,12:44:00
31-Mar-19,12:44:00
31-Mar-19,12:44:00
31-Mar-19,12:44:00
31-Mar-19,12:44:00
31-Mar-19,12:44:00
31-Mar-19,12:44:00
31-Mar-19,12:44:00
31-Mar-19,12:44:00
31-Mar-19,12:44:00
31-Mar-19,12:44:00
31-Mar-19,12:44:00
31-Mar-19,12:44:00
31-Mar-19,12:44:00
31-Mar-19,12:44:00
31-Mar-19,12:44:00
31-Mar-19,12:44:00
31-Mar-19,12:44:00
31-Mar-19,12:44:00
31-Mar-19,12:44:00
31-Mar-19,12:44:00
31-Mar-19,12:44:00
31-Mar-19,12:44:00
31-Mar-19,12:44:00
31-Mar-19,12:44:00
31-Mar-19,12:44:00
31-Mar-19,12:44:01
31-Mar-19,12:44:01
31-Mar-19,12:44:01
31-Mar-19,12:44:01
31-Mar-19,12:44:01
31-Mar-19,12:44:01
31-Mar-19,12:44:01
31-Mar-19,12:44:01
31-Mar-19,12:44:01
31-Mar-19,12:44:01
31-Mar-19,12:44:01
31-Mar-19,12:44:01
31-Mar-19,12:44:01
31-Mar-19,12:44:01
31-Mar-19,12:44:01
31-Mar-19,12:44:01
31-Mar-19,12:44:01
31-Mar-19,12:44:01
31-Mar-19,12:44:01
31-Mar-19,12:44:01
31-Mar-19,12:44:01
31-Mar-19,12:44:01
31-Mar-19,12:44:01
31-Mar-19,12:44:01
31-Mar-19,12:44:01
31-Mar-19,12:44:01
31-Mar-19,12:44:01
31-Mar-19,12:44:01
31-Mar-19,12:44:01
31-Mar-19,12:44:01
31-Mar-19,12:44:01
31-Mar-19,12:44:01
31-Mar-19,12:44:01
31-Mar-19,12:44:01
31-Mar-19,12:44:01
31-Mar-19,12:44:01
31-Mar-19,12:44:01
31-Mar-19,12:44:01
31-Mar-19,12:44:01
31-Mar-19,12:44:01
31-Mar-19,12:44:01
31-Mar-19,12:44:01
31-Mar-19,12:44:01
31-Mar-19,12:44:01
31-Mar-19,12:44:01
31-Mar-19,12:44:01
31-Mar-19,12:44:01
31-Mar-19,12:44:01
31-Mar-19,12:44:01
31-Mar-19,12:44:01
31-Mar-19,12:44:01
31-Mar-19,12:44:01
31-Mar-19,12:44:01
31-Mar-19,12:44:01
31-Mar-19,12:44:01
31-Mar-19,12:44:01
31-Mar-19,12:44:01
31-Mar-19,12:44:01
31-Mar-19,12:44:01
31-Mar-19,12:44:01
31-Mar-19,12:44:01
31-Mar-19,12:44:01
31-Mar-19,12:44:01
31-Mar-19,12:44:01
31-Mar-19,12:44:01
31-Mar-19,12:44:01
31-Mar-19,12:44:01
31-Mar-19,12:44:01
31-Mar-19,12:44:01
31-Mar-19,12:44:01
31-Mar-19,12:44:01
31-Mar-19,12:44:01
31-Mar-19,12:44:01
31-Mar-19,12:44:01
31-Mar-19,12:44:01
31-Mar-19,12:44:01
31-Mar-19,12:44:01
31-Mar-19,12:44:01
31-Mar-19,12:44:02
31-Mar-19,12:44:02
31-Mar-19,12:44:02
31-Mar-19,12:44:02
31-Mar-19,12:44:02
31-Mar-19,12:44:02
31-Mar-19,12:44:02
31-Mar-19,12:44:02
31-Mar-19,12:44:02
31-Mar-19,12:44:02
31-Mar-19,12:44:02
31-Mar-19,12:44:02
31-Mar-19,12:44:02
31-Mar-19,12:44:02
31-Mar-19,12:44:02
31-Mar-19,12:44:02
31-Mar-19,12:44:02
31-Mar-19,12:44:02
31-Mar-19,12:44:02
31-Mar-19,12:44:02
31-Mar-19,12:44:02
31-Mar-19,12:44:02
31-Mar-19,12:44:02
31-Mar-19,12:44:02
31-Mar-19,12:44:02
31-Mar-19,12:44:02
31-Mar-19,12:44:02
31-Mar-19,12:44:02
31-Mar-19,12:44:02
31-Mar-19,12:44:02
31-Mar-19,12:44:02
31-Mar-19,12:44:02
31-Mar-19,12:44:02
31-Mar-19,12:44:02
31-Mar-19,12:44:02
31-Mar-19,12:44:02
31-Mar-19,12:44:02
31-Mar-19,12:44:02
31-Mar-19,12:44:02
31-Mar-19,12:44:02
31-Mar-19,12:44:02
31-Mar-19,12:44:02
31-Mar-19,12:44:02
31-Mar-19,12:44:02
31-Mar-19,12:44:02
31-Mar-19,12:44:02
31-Mar-19,12:44:02
31-Mar-19,12:44:02
31-Mar-19,12:44:02
31-Mar-19,12:44:02
31-Mar-19,12:44:02
31-Mar-19,12:44:02
31-Mar-19,12:44:02
31-Mar-19,12:44:02
31-Mar-19,12:44:02
31-Mar-19,12:44:02
31-Mar-19,12:44:02
31-Mar-19,12:44:02
31-Mar-19,12:44:02
31-Mar-19,12:44:02
31-Mar-19,12:44:02
31-Mar-19,12:44:02
31-Mar-19,12:44:02
31-Mar-19,12:44:02
31-Mar-19,12:44:02
31-Mar-19,12:44:02
31-Mar-19,12:44:02
31-Mar-19,12:44:02
31-Mar-19,12:44:02
31-Mar-19,12:44:02
31-Mar-19,12:44:02
31-Mar-19,12:44:02
31-Mar-19,12:44:02
31-Mar-19,12:44:02
31-Mar-19,12:44:02
31-Mar-19,12:44:02
31-Mar-19,12:44:02
31-Mar-19,12:44:02
31-Mar-19,12:44:02
31-Mar-19,12:44:02
31-Mar-19,12:44:02
31-Mar-19,12:44:02
31-Mar-19,12:44:02
31-Mar-19,12:44:02
31-Mar-19,12:44:02
31-Mar-19,12:44:02
31-Mar-19,12:44:02
31-Mar-19,12:44:02
31-Mar-19,12:44:02
31-Mar-19,12:44:03
31-Mar-19,12:44:03
31-Mar-19,12:44:03
31-Mar-19,12:44:03
31-Mar-19,12:44:03
31-Mar-19,12:44:03
31-Mar-19,12:44:03
31-Mar-19,12:44:03
31-Mar-19,12:44:03
31-Mar-19,12:44:03
31-Mar-19,12:44:03
31-Mar-19,12:44:03
31-Mar-19,12:44:03
31-Mar-19,12:44:03
31-Mar-19,12:44:03
31-Mar-19,12:44:03
31-Mar-19,12:44:03
31-Mar-19,12:44:03
31-Mar-19,12:44:03
31-Mar-19,12:44:03
31-Mar-19,12:44:03
31-Mar-19,12:44:03
31-Mar-19,12:44:03
31-Mar-19,12:44:03
31-Mar-19,12:44:03
31-Mar-19,12:44:03
31-Mar-19,12:44:03
31-Mar-19,12:44:03
31-Mar-19,12:44:03
31-Mar-19,12:44:03
31-Mar-19,12:44:03
31-Mar-19,12:44:03
31-Mar-19,12:44:03
31-Mar-19,12:44:03
31-Mar-19,12:44:03
31-Mar-19,12:44:03
31-Mar-19,12:44:03
31-Mar-19,12:44:03
31-Mar-19,12:44:03
31-Mar-19,12:44:03
31-Mar-19,12:44:03
31-Mar-19,12:44:03
31-Mar-19,12:44:03
31-Mar-19,12:44:03
31-Mar-19,12:44:03
31-Mar-19,12:44:03
31-Mar-19,12:44:03
31-Mar-19,12:44:03
31-Mar-19,12:44:03
31-Mar-19,12:44:03
31-Mar-19,12:44:03
31-Mar-19,12:44:03
31-Mar-19,12:44:03
31-Mar-19,12:44:03
31-Mar-19,12:44:03
31-Mar-19,12:44:03
31-Mar-19,12:44:03
31-Mar-19,12:44:03
31-Mar-19,12:44:03
31-Mar-19,12:44:03
31-Mar-19,12:44:03
31-Mar-19,12:44:03
31-Mar-19,12:44:03
31-Mar-19,12:44:03
31-Mar-19,12:44:03
31-Mar-19,12:44:03
31-Mar-19,12:44:03
31-Mar-19,12:44:03
31-Mar-19,12:44:03
31-Mar-19,12:44:03
31-Mar-19,12:44:03
31-Mar-19,12:44:03
31-Mar-19,12:44:03
31-Mar-19,12:44:03
31-Mar-19,12:44:03
31-Mar-19,12:44:03
31-Mar-19,12:44:03
31-Mar-19,12:44:03
31-Mar-19,12:44:03
31-Mar-19,12:44:03
31-Mar-19,12:44:03
31-Mar-19,12:44:03
31-Mar-19,12:44:03
31-Mar-19,12:44:03
31-Mar-19,12:44:03
31-Mar-19,12:44:03
31-Mar-19,12:44:03
31-Mar-19,12:44:03
31-Mar-19,12:44:03
31-Mar-19,12:44:03
31-Mar-19,12:44:04
31-Mar-19,12:44:04
31-Mar-19,12:44:04
31-Mar-19,12:44:04
31-Mar-19,12:44:04
31-Mar-19,12:44:04
31-Mar-19,12:44:04
31-Mar-19,12:44:04
31-Mar-19,12:44:04
31-Mar-19,12:44:04
31-Mar-19,12:44:04
31-Mar-19,12:44:04
31-Mar-19,12:44:04
31-Mar-19,12:44:04
31-Mar-19,12:44:04
31-Mar-19,12:44:04
31-Mar-19,12:44:04
31-Mar-19,12:44:04
31-Mar-19,12:44:04
31-Mar-19,12:44:04
31-Mar-19,12:44:04
31-Mar-19,12:44:04
31-Mar-19,12:44:04
31-Mar-19,12:44:04
31-Mar-19,12:44:04
31-Mar-19,12:44:04
31-Mar-19,12:44:04
31-Mar-19,12:44:04
31-Mar-19,12:44:04
31-Mar-19,12:44:04
31-Mar-19,12:44:04
31-Mar-19,12:44:04
31-Mar-19,12:44:04
31-Mar-19,12:44:04
31-Mar-19,12:44:04
31-Mar-19,12:44:04
31-Mar-19,12:44:04
31-Mar-19,12:44:04
31-Mar-19,12:44:04
31-Mar-19,12:44:04
31-Mar-19,12:44:04
31-Mar-19,12:44:04
31-Mar-19,12:44:04
31-Mar-19,12:44:04
31-Mar-19,12:44:04
31-Mar-19,12:44:04
31-Mar-19,12:44:04
31-Mar-19,12:44:04
31-Mar-19,12:44:04
31-Mar-19,12:44:04
31-Mar-19,12:44:04
31-Mar-19,12:44:04
31-Mar-19,12:44:04
31-Mar-19,12:44:04
31-Mar-19,12:44:04
31-Mar-19,12:44:04
31-Mar-19,12:44:04
31-Mar-19,12:44:04
31-Mar-19,12:44:04
31-Mar-19,12:44:04
31-Mar-19,12:44:04
31-Mar-19,12:44:04
31-Mar-19,12:44:04
31-Mar-19,12:44:04
31-Mar-19,12:44:04
31-Mar-19,12:44:04
31-Mar-19,12:44:04
31-Mar-19,12:44:04
31-Mar-19,12:44:04
31-Mar-19,12:44:04
31-Mar-19,12:44:04
31-Mar-19,12:44:04
31-Mar-19,12:44:04
31-Mar-19,12:44:04
31-Mar-19,12:44:04
31-Mar-19,12:44:04
31-Mar-19,12:44:04
31-Mar-19,12:44:04
31-Mar-19,12:44:04
31-Mar-19,12:44:04
31-Mar-19,12:44:04
31-Mar-19,12:44:04
31-Mar-19,12:44:05
31-Mar-19,12:44:05
31-Mar-19,12:44:05
31-Mar-19,12:44:05
31-Mar-19,12:44:05
31-Mar-19,12:44:05
31-Mar-19,12:44:05
31-Mar-19,12:44:05
31-Mar-19,12:44:05
31-Mar-19,12:44:05
31-Mar-19,12:44:05
31-Mar-19,12:44:05
31-Mar-19,12:44:05
31-Mar-19,12:44:05
31-Mar-19,12:44:05
31-Mar-19,12:44:05
31-Mar-19,12:44:05
31-Mar-19,12:44:05
31-Mar-19,12:44:05
31-Mar-19,12:44:05
31-Mar-19,12:44:05
31-Mar-19,12:44:05
31-Mar-19,12:44:05
31-Mar-19,12:44:05
31-Mar-19,12:44:05
31-Mar-19,12:44:05
31-Mar-19,12:44:05
31-Mar-19,12:44:05
31-Mar-19,12:44:05
31-Mar-19,12:44:05
31-Mar-19,12:44:05
31-Mar-19,12:44:05
31-Mar-19,12:44:05
31-Mar-19,12:44:05
31-Mar-19,12:44:05
31-Mar-19,12:44:05
31-Mar-19,12:44:05
31-Mar-19,12:44:05
31-Mar-19,12:44:05
31-Mar-19,12:44:05
31-Mar-19,12:44:05
31-Mar-19,12:44:05
31-Mar-19,12:44:05
31-Mar-19,12:44:05
31-Mar-19,12:44:05
31-Mar-19,12:44:05
31-Mar-19,12:44:05
31-Mar-19,12:44:05
31-Mar-19,12:44:05
31-Mar-19,12:44:05
31-Mar-19,12:44:05
31-Mar-19,12:44:05
31-Mar-19,12:44:05
31-Mar-19,12:44:05
31-Mar-19,12:44:05
31-Mar-19,12:44:05
31-Mar-19,12:44:05
31-Mar-19,12:44:05
31-Mar-19,12:44:05
31-Mar-19,12:44:05
31-Mar-19,12:44:05
31-Mar-19,12:44:05
31-Mar-19,12:44:05
31-Mar-19,12:44:05
31-Mar-19,12:44:05
31-Mar-19,12:44:05
31-Mar-19,12:44:05
31-Mar-19,12:44:05
31-Mar-19,12:44:05
31-Mar-19,12:44:05
31-Mar-19,12:44:05
31-Mar-19,12:44:05
31-Mar-19,12:44:05
31-Mar-19,12:44:05
31-Mar-19,12:44:05
31-Mar-19,12:44:05
31-Mar-19,12:44:05
31-Mar-19,12:44:05
31-Mar-19,12:44:05
31-Mar-19,12:44:05
31-Mar-19,12:44:05
31-Mar-19,12:44:05
31-Mar-19,12:44:05
31-Mar-19,12:44:05
31-Mar-19,12:44:05
31-Mar-19,12:44:05
31-Mar-19,12:44:05
31-Mar-19,12:44:05
31-Mar-19,12:44:05
31-Mar-19,12:44:05
31-Mar-19,12:44:05
31-Mar-19,12:44:05
31-Mar-19,12:44:05
31-Mar-19,12:44:05
31-Mar-19,12:44:06
31-Mar-19,12:44:06
31-Mar-19,12:44:06
31-Mar-19,12:44:06
31-Mar-19,12:44:06
31-Mar-19,12:44:06
31-Mar-19,12:44:06
31-Mar-19,12:44:06
31-Mar-19,12:44:06
31-Mar-19,12:44:06
31-Mar-19,12:44:06
31-Mar-19,12:44:06
31-Mar-19,12:44:06
31-Mar-19,12:44:06
31-Mar-19,12:44:06
31-Mar-19,12:44:06
31-Mar-19,12:44:06
31-Mar-19,12:44:06
31-Mar-19,12:44:06
31-Mar-19,12:44:06
31-Mar-19,12:44:06
31-Mar-19,12:44:06
31-Mar-19,12:44:06
31-Mar-19,12:44:06
31-Mar-19,12:44:06
31-Mar-19,12:44:06
31-Mar-19,12:44:06
31-Mar-19,12:44:06
31-Mar-19,12:44:06
31-Mar-19,12:44:06
31-Mar-19,12:44:06
31-Mar-19,12:44:06
31-Mar-19,12:44:06
31-Mar-19,12:44:06
31-Mar-19,12:44:06
31-Mar-19,12:44:06
31-Mar-19,12:44:06
31-Mar-19,12:44:06
31-Mar-19,12:44:06
31-Mar-19,12:44:06
31-Mar-19,12:44:06
31-Mar-19,12:44:06
31-Mar-19,12:44:06
31-Mar-19,12:44:06
31-Mar-19,12:44:06
31-Mar-19,12:44:06
31-Mar-19,12:44:06
31-Mar-19,12:44:06
31-Mar-19,12:44:06
31-Mar-19,12:44:06
31-Mar-19,12:44:06
31-Mar-19,12:44:06
31-Mar-19,12:44:06
31-Mar-19,12:44:06
31-Mar-19,12:44:06
31-Mar-19,12:44:06
31-Mar-19,12:44:06
31-Mar-19,12:44:06
31-Mar-19,12:44:06
31-Mar-19,12:44:06
31-Mar-19,12:44:06
31-Mar-19,12:44:06
31-Mar-19,12:44:06
31-Mar-19,12:44:06
31-Mar-19,12:44:06
31-Mar-19,12:44:06
31-Mar-19,12:44:06
31-Mar-19,12:44:06
31-Mar-19,12:44:06
31-Mar-19,12:44:06
31-Mar-19,12:44:06
31-Mar-19,12:44:06
31-Mar-19,12:44:06
31-Mar-19,12:44:06
31-Mar-19,12:44:06
31-Mar-19,12:44:06
31-Mar-19,12:44:06
31-Mar-19,12:44:07
31-Mar-19,12:44:07
31-Mar-19,12:44:07
31-Mar-19,12:44:07
31-Mar-19,12:44:07
31-Mar-19,12:44:07
31-Mar-19,12:44:07
31-Mar-19,12:44:07
31-Mar-19,12:44:07
31-Mar-19,12:44:07
31-Mar-19,12:44:07
31-Mar-19,12:44:07
31-Mar-19,12:44:07
31-Mar-19,12:44:07
31-Mar-19,12:44:07
31-Mar-19,12:44:07
31-Mar-19,12:44:07
31-Mar-19,12:44:07
31-Mar-19,12:44:07
31-Mar-19,12:44:07
31-Mar-19,12:44:07
31-Mar-19,12:44:07
31-Mar-19,12:44:07
31-Mar-19,12:44:07
31-Mar-19,12:44:07
31-Mar-19,12:44:07
31-Mar-19,12:44:07
31-Mar-19,12:44:07
31-Mar-19,12:44:07
31-Mar-19,12:44:07
31-Mar-19,12:44:07
31-Mar-19,12:44:07
31-Mar-19,12:44:07
31-Mar-19,12:44:07
31-Mar-19,12:44:07
31-Mar-19,12:44:07
31-Mar-19,12:44:07
31-Mar-19,12:44:07
31-Mar-19,12:44:07
31-Mar-19,12:44:07
31-Mar-19,12:44:07
31-Mar-19,12:44:07
31-Mar-19,12:44:07
31-Mar-19,12:44:07
31-Mar-19,12:44:07
31-Mar-19,12:44:07
31-Mar-19,12:44:07
31-Mar-19,12:44:07
31-Mar-19,12:44:07
31-Mar-19,12:44:07
31-Mar-19,12:44:07
31-Mar-19,12:44:07
31-Mar-19,12:44:07
31-Mar-19,12:44:07
31-Mar-19,12:44:07
31-Mar-19,12:44:07
31-Mar-19,12:44:07
31-Mar-19,12:44:07
31-Mar-19,12:44:07
31-Mar-19,12:44:07
31-Mar-19,12:44:07
31-Mar-19,12:44:07
31-Mar-19,12:44:07
31-Mar-19,12:44:07
31-Mar-19,12:44:07
31-Mar-19,12:44:07
31-Mar-19,12:44:07
31-Mar-19,12:44:07
31-Mar-19,12:44:07
31-Mar-19,12:44:07
31-Mar-19,12:44:07
31-Mar-19,12:44:07
31-Mar-19,12:44:07
31-Mar-19,12:44:07
31-Mar-19,12:44:07
31-Mar-19,12:44:07
31-Mar-19,12:44:07
31-Mar-19,12:44:07
31-Mar-19,12:44:07
31-Mar-19,12:44:07
31-Mar-19,12:44:07
31-Mar-19,12:44:07
31-Mar-19,12:44:07
31-Mar-19,12:44:07
31-Mar-19,12:44:07
31-Mar-19,12:44:07
31-Mar-19,12:44:07
31-Mar-19,12:44:07
31-Mar-19,12:44:07
31-Mar-19,12:44:07
31-Mar-19,12:44:07
31-Mar-19,12:44:08
31-Mar-19,12:44:08
31-Mar-19,12:44:08
31-Mar-19,12:44:08
31-Mar-19,12:44:08
31-Mar-19,12:44:08
31-Mar-19,12:44:08
31-Mar-19,12:44:08
31-Mar-19,12:44:08
31-Mar-19,12:44:08
31-Mar-19,12:44:08
31-Mar-19,12:44:08
31-Mar-19,12:44:08
31-Mar-19,12:44:08
31-Mar-19,12:44:08
31-Mar-19,12:44:08
31-Mar-19,12:44:08
31-Mar-19,12:44:08
31-Mar-19,12:44:08
31-Mar-19,12:44:08
31-Mar-19,12:44:08
31-Mar-19,12:44:08
31-Mar-19,12:44:08
31-Mar-19,12:44:08
31-Mar-19,12:44:08
31-Mar-19,12:44:08
31-Mar-19,12:44:08
31-Mar-19,12:44:08
31-Mar-19,12:44:08
31-Mar-19,12:44:08
31-Mar-19,12:44:08
31-Mar-19,12:44:08
31-Mar-19,12:44:08
31-Mar-19,12:44:08
31-Mar-19,12:44:08
31-Mar-19,12:44:08
31-Mar-19,12:44:08
31-Mar-19,12:44:08
31-Mar-19,12:44:08
31-Mar-19,12:44:08
31-Mar-19,12:44:08
31-Mar-19,12:44:08
31-Mar-19,12:44:08
31-Mar-19,12:44:08
31-Mar-19,12:44:08
31-Mar-19,12:44:08
31-Mar-19,12:44:08
31-Mar-19,12:44:08
31-Mar-19,12:44:08
31-Mar-19,12:44:08
31-Mar-19,12:44:08
31-Mar-19,12:44:08
31-Mar-19,12:44:08
31-Mar-19,12:44:08
31-Mar-19,12:44:08
31-Mar-19,12:44:08
31-Mar-19,12:44:08
31-Mar-19,12:44:08
31-Mar-19,12:44:08
31-Mar-19,12:44:08
31-Mar-19,12:44:08
31-Mar-19,12:44:08
31-Mar-19,12:44:08
31-Mar-19,12:44:08
31-Mar-19,12:44:08
31-Mar-19,12:44:08
31-Mar-19,12:44:08
31-Mar-19,12:44:08
31-Mar-19,12:44:08
31-Mar-19,12:44:08
31-Mar-19,12:44:08
31-Mar-19,12:44:08
31-Mar-19,12:44:08
31-Mar-19,12:44:08
31-Mar-19,12:44:08
31-Mar-19,12:44:08
31-Mar-19,12:44:08
31-Mar-19,12:44:08
31-Mar-19,12:44:08
31-Mar-19,12:44:08
31-Mar-19,12:44:08
31-Mar-19,12:44:08
31-Mar-19,12:44:08
31-Mar-19,12:44:08
31-Mar-19,12:44:08
31-Mar-19,12:44:08
31-Mar-19,12:44:08
31-Mar-19,12:44:08
31-Mar-19,12:44:08
31-Mar-19,12:44:08
31-Mar-19,12:44:08
31-Mar-19,12:44:08
31-Mar-19,12:44:09
31-Mar-19,12:44:09
31-Mar-19,12:44:09
31-Mar-19,12:44:09
31-Mar-19,12:44:09
31-Mar-19,12:44:09
31-Mar-19,12:44:09
31-Mar-19,12:44:09
31-Mar-19,12:44:09
31-Mar-19,12:44:09
31-Mar-19,12:44:09
31-Mar-19,12:44:09
31-Mar-19,12:44:09
31-Mar-19,12:44:09
31-Mar-19,12:44:09
31-Mar-19,12:44:09
31-Mar-19,12:44:09
31-Mar-19,12:44:09
31-Mar-19,12:44:09
31-Mar-19,12:44:09
31-Mar-19,12:44:09
31-Mar-19,12:44:09
31-Mar-19,12:44:09
31-Mar-19,12:44:09
31-Mar-19,12:44:09
31-Mar-19,12:44:09
31-Mar-19,12:44:09
31-Mar-19,12:44:09
31-Mar-19,12:44:09
31-Mar-19,12:44:09
31-Mar-19,12:44:09
31-Mar-19,12:44:09
31-Mar-19,12:44:09
31-Mar-19,12:44:09
31-Mar-19,12:44:09
31-Mar-19,12:44:09
31-Mar-19,12:44:09
31-Mar-19,12:44:09
31-Mar-19,12:44:09
31-Mar-19,12:44:09
31-Mar-19,12:44:09
31-Mar-19,12:44:09
31-Mar-19,12:44:09
31-Mar-19,12:44:09
31-Mar-19,12:44:09
31-Mar-19,12:44:09
31-Mar-19,12:44:09
31-Mar-19,12:44:09
31-Mar-19,12:44:09
31-Mar-19,12:44:09
31-Mar-19,12:44:09
31-Mar-19,12:44:09
31-Mar-19,12:44:09
31-Mar-19,12:44:09
31-Mar-19,12:44:09
31-Mar-19,12:44:09
31-Mar-19,12:44:09
31-Mar-19,12:44:09
31-Mar-19,12:44:09
31-Mar-19,12:44:09
31-Mar-19,12:44:09
31-Mar-19,12:44:09
31-Mar-19,12:44:09
31-Mar-19,12:44:09
31-Mar-19,12:44:09
31-Mar-19,12:44:09
31-Mar-19,12:44:09
31-Mar-19,12:44:09
31-Mar-19,12:44:09
31-Mar-19,12:44:09
31-Mar-19,12:44:09
31-Mar-19,12:44:09
31-Mar-19,12:44:09
31-Mar-19,12:44:09
31-Mar-19,12:44:09
31-Mar-19,12:44:09
31-Mar-19,12:44:09
31-Mar-19,12:44:09
31-Mar-19,12:44:09
31-Mar-19,12:44:09
31-Mar-19,12:44:09
31-Mar-19,12:44:09
31-Mar-19,12:44:09
31-Mar-19,12:44:10
31-Mar-19,12:44:10
31-Mar-19,12:44:10
31-Mar-19,12:44:10
31-Mar-19,12:44:10
31-Mar-19,12:44:10
31-Mar-19,12:44:10
31-Mar-19,12:44:10
31-Mar-19,12:44:10
31-Mar-19,12:44:10
31-Mar-19,12:44:10
31-Mar-19,12:44:10
31-Mar-19,12:44:10
31-Mar-19,12:44:10
31-Mar-19,12:44:10
31-Mar-19,12:44:10
31-Mar-19,12:44:10
31-Mar-19,12:44:10
31-Mar-19,12:44:10
31-Mar-19,12:44:10
31-Mar-19,12:44:10
31-Mar-19,12:44:10
31-Mar-19,12:44:10
31-Mar-19,12:44:10
31-Mar-19,12:44:10
31-Mar-19,12:44:10
31-Mar-19,12:44:10
31-Mar-19,12:44:10
31-Mar-19,12:44:10
31-Mar-19,12:44:10
31-Mar-19,12:44:10
31-Mar-19,12:44:10
31-Mar-19,12:44:10
31-Mar-19,12:44:10
31-Mar-19,12:44:10
31-Mar-19,12:44:10
31-Mar-19,12:44:10
31-Mar-19,12:44:10
31-Mar-19,12:44:10
31-Mar-19,12:44:10
31-Mar-19,12:44:10
31-Mar-19,12:44:10
31-Mar-19,12:44:10
31-Mar-19,12:44:10
31-Mar-19,12:44:10
31-Mar-19,12:44:10
31-Mar-19,12:44:10
31-Mar-19,12:44:10
31-Mar-19,12:44:10
31-Mar-19,12:44:10
31-Mar-19,12:44:10
31-Mar-19,12:44:10
31-Mar-19,12:44:10
31-Mar-19,12:44:10
31-Mar-19,12:44:10
31-Mar-19,12:44:10
31-Mar-19,12:44:10
31-Mar-19,12:44:10
31-Mar-19,12:44:10
31-Mar-19,12:44:10
31-Mar-19,12:44:10
31-Mar-19,12:44:10
31-Mar-19,12:44:10
31-Mar-19,12:44:10
31-Mar-19,12:44:10
31-Mar-19,12:44:10
31-Mar-19,12:44:10
31-Mar-19,12:44:10
31-Mar-19,12:44:10
31-Mar-19,12:44:10
31-Mar-19,12:44:10
31-Mar-19,12:44:10
31-Mar-19,12:44:10
31-Mar-19,12:44:10
31-Mar-19,12:44:10
31-Mar-19,12:44:10
31-Mar-19,12:44:10
31-Mar-19,12:44:10
31-Mar-19,12:44:10
31-Mar-19,12:44:10
31-Mar-19,12:44:10
31-Mar-19,12:44:10
31-Mar-19,12:44:10
31-Mar-19,12:44:10
31-Mar-19,12:44:10
31-Mar-19,12:44:10
31-Mar-19,12:44:10
31-Mar-19,12:44:10
31-Mar-19,12:44:10
31-Mar-19,12:44:10
31-Mar-19,12:44:10
31-Mar-19,12:44:10
31-Mar-19,12:44:10
31-Mar-19,12:44:10
31-Mar-19,12:44:10
31-Mar-19,12:44:11
31-Mar-19,12:44:11
31-Mar-19,12:44:11
31-Mar-19,12:44:11
31-Mar-19,12:44:11
31-Mar-19,12:44:11
31-Mar-19,12:44:11
31-Mar-19,12:44:11
31-Mar-19,12:44:11
31-Mar-19,12:44:11
31-Mar-19,12:44:11
31-Mar-19,12:44:11
31-Mar-19,12:44:11
31-Mar-19,12:44:11
31-Mar-19,12:44:11
31-Mar-19,12:44:11
31-Mar-19,12:44:11
31-Mar-19,12:44:11
31-Mar-19,12:44:11
31-Mar-19,12:44:11
31-Mar-19,12:44:11
31-Mar-19,12:44:11
31-Mar-19,12:44:11
31-Mar-19,12:44:11
31-Mar-19,12:44:11
31-Mar-19,12:44:11
31-Mar-19,12:44:11
31-Mar-19,12:44:11
31-Mar-19,12:44:11
31-Mar-19,12:44:11
31-Mar-19,12:44:11
31-Mar-19,12:44:11
31-Mar-19,12:44:11
31-Mar-19,12:44:11
31-Mar-19,12:44:11
31-Mar-19,12:44:11
31-Mar-19,12:44:11
31-Mar-19,12:44:11
31-Mar-19,12:44:11
31-Mar-19,12:44:11
31-Mar-19,12:44:11
31-Mar-19,12:44:11
31-Mar-19,12:44:11
31-Mar-19,12:44:11
31-Mar-19,12:44:11
31-Mar-19,12:44:11
31-Mar-19,12:44:11
31-Mar-19,12:44:11
31-Mar-19,12:44:11
31-Mar-19,12:44:11
31-Mar-19,12:44:11
31-Mar-19,12:44:11
31-Mar-19,12:44:11
31-Mar-19,12:44:11
31-Mar-19,12:44:11
31-Mar-19,12:44:11
31-Mar-19,12:44:11
31-Mar-19,12:44:11
31-Mar-19,12:44:11
31-Mar-19,12:44:11
31-Mar-19,12:44:11
31-Mar-19,12:44:11
31-Mar-19,12:44:11
31-Mar-19,12:44:11
31-Mar-19,12:44:11
31-Mar-19,12:44:11
31-Mar-19,12:44:11
31-Mar-19,12:44:11
31-Mar-19,12:44:11
31-Mar-19,12:44:11
31-Mar-19,12:44:11
31-Mar-19,12:44:11
31-Mar-19,12:44:11
31-Mar-19,12:44:11
31-Mar-19,12:44:11
31-Mar-19,12:44:11
31-Mar-19,12:44:11
31-Mar-19,12:44:11
31-Mar-19,12:44:12
31-Mar-19,12:44:12
31-Mar-19,12:44:12
31-Mar-19,12:44:12
31-Mar-19,12:44:12
31-Mar-19,12:44:12
31-Mar-19,12:44:12
31-Mar-19,12:44:12
31-Mar-19,12:44:12
31-Mar-19,12:44:12
31-Mar-19,12:44:12
31-Mar-19,12:44:12
31-Mar-19,12:44:12
31-Mar-19,12:44:12
31-Mar-19,12:44:12
31-Mar-19,12:44:12
31-Mar-19,12:44:12
31-Mar-19,12:44:12
31-Mar-19,12:44:12
31-Mar-19,12:44:12
31-Mar-19,12:44:12
31-Mar-19,12:44:12
31-Mar-19,12:44:12
31-Mar-19,12:44:12
31-Mar-19,12:44:12
31-Mar-19,12:44:12
31-Mar-19,12:44:12
31-Mar-19,12:44:12
31-Mar-19,12:44:12
31-Mar-19,12:44:12
31-Mar-19,12:44:12
31-Mar-19,12:44:12
31-Mar-19,12:44:12
31-Mar-19,12:44:12
31-Mar-19,12:44:12
31-Mar-19,12:44:12
31-Mar-19,12:44:12
31-Mar-19,12:44:12
31-Mar-19,12:44:12
31-Mar-19,12:44:12
31-Mar-19,12:44:12
31-Mar-19,12:44:12
31-Mar-19,12:44:12
31-Mar-19,12:44:12
31-Mar-19,12:44:12
31-Mar-19,12:44:12
31-Mar-19,12:44:12
31-Mar-19,12:44:12
31-Mar-19,12:44:12
31-Mar-19,12:44:12
31-Mar-19,12:44:12
31-Mar-19,12:44:12
31-Mar-19,12:44:12
31-Mar-19,12:44:12
31-Mar-19,12:44:12
31-Mar-19,12:44:12
31-Mar-19,12:44:12
31-Mar-19,12:44:12
31-Mar-19,12:44:12
31-Mar-19,12:44:12
31-Mar-19,12:44:12
31-Mar-19,12:44:12
31-Mar-19,12:44:12
31-Mar-19,12:44:12
31-Mar-19,12:44:12
31-Mar-19,12:44:12
31-Mar-19,12:44:12
31-Mar-19,12:44:12
31-Mar-19,12:44:12
31-Mar-19,12:44:12
31-Mar-19,12:44:12
31-Mar-19,12:44:12
31-Mar-19,12:44:12
31-Mar-19,12:44:12
31-Mar-19,12:44:12
31-Mar-19,12:44:12
31-Mar-19,12:44:12
31-Mar-19,12:44:12
31-Mar-19,12:44:12
31-Mar-19,12:44:12
31-Mar-19,12:44:12
31-Mar-19,12:44:12
31-Mar-19,12:44:12
31-Mar-19,12:44:12
31-Mar-19,12:44:12
31-Mar-19,12:44:12
31-Mar-19,12:44:12
31-Mar-19,12:44:12
31-Mar-19,12:44:12
31-Mar-19,12:44:12
31-Mar-19,12:44:12
31-Mar-19,12:44:12
31-Mar-19,12:44:13
31-Mar-19,12:44:13
31-Mar-19,12:44:13
31-Mar-19,12:44:13
31-Mar-19,12:44:13
31-Mar-19,12:44:13
31-Mar-19,12:44:13
31-Mar-19,12:44:13
31-Mar-19,12:44:13
31-Mar-19,12:44:13
31-Mar-19,12:44:13
31-Mar-19,12:44:13
31-Mar-19,12:44:13
31-Mar-19,12:44:13
31-Mar-19,12:44:13
31-Mar-19,12:44:13
31-Mar-19,12:44:13
31-Mar-19,12:44:13
31-Mar-19,12:44:13
31-Mar-19,12:44:13
31-Mar-19,12:44:13
31-Mar-19,12:44:13
31-Mar-19,12:44:13
31-Mar-19,12:44:13
31-Mar-19,12:44:13
31-Mar-19,12:44:13
31-Mar-19,12:44:13
31-Mar-19,12:44:13
31-Mar-19,12:44:13
31-Mar-19,12:44:13
31-Mar-19,12:44:13
31-Mar-19,12:44:13
31-Mar-19,12:44:13
31-Mar-19,12:44:13
31-Mar-19,12:44:13
31-Mar-19,12:44:13
31-Mar-19,12:44:13
31-Mar-19,12:44:13
31-Mar-19,12:44:13
31-Mar-19,12:44:13
31-Mar-19,12:44:13
31-Mar-19,12:44:13
31-Mar-19,12:44:13
31-Mar-19,12:44:13
31-Mar-19,12:44:13
31-Mar-19,12:44:13
31-Mar-19,12:44:13
31-Mar-19,12:44:13
31-Mar-19,12:44:13
31-Mar-19,12:44:13
31-Mar-19,12:44:13
31-Mar-19,12:44:13
31-Mar-19,12:44:13
31-Mar-19,12:44:13
31-Mar-19,12:44:13
31-Mar-19,12:44:13
31-Mar-19,12:44:13
31-Mar-19,12:44:13
31-Mar-19,12:44:13
31-Mar-19,12:44:13
31-Mar-19,12:44:13
31-Mar-19,12:44:13
31-Mar-19,12:44:13
31-Mar-19,12:44:13
31-Mar-19,12:44:13
31-Mar-19,12:44:13
31-Mar-19,12:44:13
31-Mar-19,12:44:13
31-Mar-19,12:44:13
31-Mar-19,12:44:13
31-Mar-19,12:44:13
31-Mar-19,12:44:13
31-Mar-19,12:44:13
31-Mar-19,12:44:13
31-Mar-19,12:44:13
31-Mar-19,12:44:13
31-Mar-19,12:44:13
31-Mar-19,12:44:13
31-Mar-19,12:44:13
31-Mar-19,12:44:13
31-Mar-19,12:44:13
31-Mar-19,12:44:13
31-Mar-19,12:44:13
31-Mar-19,12:44:13
31-Mar-19,12:44:13
31-Mar-19,12:44:13
31-Mar-19,12:44:13
31-Mar-19,12:44:13
31-Mar-19,12:44:13
31-Mar-19,12:44:13
31-Mar-19,12:44:13
31-Mar-19,12:44:13
31-Mar-19,12:44:13
31-Mar-19,12:44:14
31-Mar-19,12:44:14
31-Mar-19,12:44:14
31-Mar-19,12:44:14
31-Mar-19,12:44:14
31-Mar-19,12:44:14
31-Mar-19,12:44:14
31-Mar-19,12:44:14
31-Mar-19,12:44:14
31-Mar-19,12:44:14
31-Mar-19,12:44:14
31-Mar-19,12:44:14
31-Mar-19,12:44:14
31-Mar-19,12:44:14
31-Mar-19,12:44:14
31-Mar-19,12:44:14
31-Mar-19,12:44:14
31-Mar-19,12:44:14
31-Mar-19,12:44:14
31-Mar-19,12:44:14
31-Mar-19,12:44:14
31-Mar-19,12:44:14
31-Mar-19,12:44:14
31-Mar-19,12:44:14
31-Mar-19,12:44:14
31-Mar-19,12:44:14
31-Mar-19,12:44:14
31-Mar-19,12:44:14
31-Mar-19,12:44:14
31-Mar-19,12:44:14
31-Mar-19,12:44:14
31-Mar-19,12:44:14
31-Mar-19,12:44:14
31-Mar-19,12:44:14
31-Mar-19,12:44:14
31-Mar-19,12:44:14
31-Mar-19,12:44:14
31-Mar-19,12:44:14
31-Mar-19,12:44:14
31-Mar-19,12:44:14
31-Mar-19,12:44:14
31-Mar-19,12:44:14
31-Mar-19,12:44:14
31-Mar-19,12:44:14
31-Mar-19,12:44:14
31-Mar-19,12:44:14
31-Mar-19,12:44:14
31-Mar-19,12:44:14
31-Mar-19,12:44:14
31-Mar-19,12:44:14
31-Mar-19,12:44:14
31-Mar-19,12:44:14
31-Mar-19,12:44:14
31-Mar-19,12:44:14
31-Mar-19,12:44:14
31-Mar-19,12:44:14
31-Mar-19,12:44:14
31-Mar-19,12:44:14
31-Mar-19,12:44:14
31-Mar-19,12:44:14
31-Mar-19,12:44:14
31-Mar-19,12:44:14
31-Mar-19,12:44:14
31-Mar-19,12:44:14
31-Mar-19,12:44:14
31-Mar-19,12:44:14
31-Mar-19,12:44:14
31-Mar-19,12:44:14
31-Mar-19,12:44:14
31-Mar-19,12:44:14
31-Mar-19,12:44:14
31-Mar-19,12:44:14
31-Mar-19,12:44:14
31-Mar-19,12:44:14
31-Mar-19,12:44:14
31-Mar-19,12:44:14
31-Mar-19,12:44:14
31-Mar-19,12:44:14
31-Mar-19,12:44:14
31-Mar-19,12:44:14
31-Mar-19,12:44:14
31-Mar-19,12:44:14
31-Mar-19,12:44:14
31-Mar-19,12:44:14
31-Mar-19,12:44:15
31-Mar-19,12:44:15
31-Mar-19,12:44:15
31-Mar-19,12:44:15
31-Mar-19,12:44:15
31-Mar-19,12:44:15
31-Mar-19,12:44:15
31-Mar-19,12:44:15
31-Mar-19,12:44:15
31-Mar-19,12:44:15
31-Mar-19,12:44:15
31-Mar-19,12:44:15
31-Mar-19,12:44:15
31-Mar-19,12:44:15
31-Mar-19,12:44:15
31-Mar-19,12:44:15
31-Mar-19,12:44:15
31-Mar-19,12:44:15
31-Mar-19,12:44:15
31-Mar-19,12:44:15
31-Mar-19,12:44:15
31-Mar-19,12:44:15
31-Mar-19,12:44:15
31-Mar-19,12:44:15
31-Mar-19,12:44:15
31-Mar-19,12:44:15
31-Mar-19,12:44:15
31-Mar-19,12:44:15
31-Mar-19,12:44:15
31-Mar-19,12:44:15
31-Mar-19,12:44:15
31-Mar-19,12:44:15
31-Mar-19,12:44:15
31-Mar-19,12:44:15
31-Mar-19,12:44:15
31-Mar-19,12:44:15
31-Mar-19,12:44:15
31-Mar-19,12:44:15
31-Mar-19,12:44:15
31-Mar-19,12:44:15
31-Mar-19,12:44:15
31-Mar-19,12:44:15
31-Mar-19,12:44:15
31-Mar-19,12:44:15
31-Mar-19,12:44:15
31-Mar-19,12:44:15
31-Mar-19,12:44:15
31-Mar-19,12:44:15
31-Mar-19,12:44:15
31-Mar-19,12:44:15
31-Mar-19,12:44:15
31-Mar-19,12:44:15
31-Mar-19,12:44:15
31-Mar-19,12:44:15
31-Mar-19,12:44:15
31-Mar-19,12:44:15
31-Mar-19,12:44:15
31-Mar-19,12:44:15
31-Mar-19,12:44:15
31-Mar-19,12:44:15
31-Mar-19,12:44:15
31-Mar-19,12:44:15
31-Mar-19,12:44:15
31-Mar-19,12:44:15
31-Mar-19,12:44:15
31-Mar-19,12:44:15
31-Mar-19,12:44:15
31-Mar-19,12:44:15
31-Mar-19,12:44:15
31-Mar-19,12:44:15
31-Mar-19,12:44:15
31-Mar-19,12:44:15
31-Mar-19,12:44:15
31-Mar-19,12:44:15
31-Mar-19,12:44:15
31-Mar-19,12:44:15
31-Mar-19,12:44:15
31-Mar-19,12:44:15
31-Mar-19,12:44:15
31-Mar-19,12:44:15
31-Mar-19,12:44:15
31-Mar-19,12:44:15
31-Mar-19,12:44:15
31-Mar-19,12:44:15
31-Mar-19,12:44:15
31-Mar-19,12:44:15
31-Mar-19,12:44:15
31-Mar-19,12:44:15
31-Mar-19,12:44:15
31-Mar-19,12:44:15
31-Mar-19,12:44:15
31-Mar-19,12:44:15
31-Mar-19,12:44:15
31-Mar-19,12:44:15
31-Mar-19,12:44:15
31-Mar-19,12:44:15
31-Mar-19,12:44:16
31-Mar-19,12:44:16
31-Mar-19,12:44:16
31-Mar-19,12:44:16
31-Mar-19,12:44:16
31-Mar-19,12:44:16
31-Mar-19,12:44:16
31-Mar-19,12:44:16
31-Mar-19,12:44:16
31-Mar-19,12:44:16
31-Mar-19,12:44:16
31-Mar-19,12:44:16
31-Mar-19,12:44:16
31-Mar-19,12:44:16
31-Mar-19,12:44:16
31-Mar-19,12:44:16
31-Mar-19,12:44:16
31-Mar-19,12:44:16
31-Mar-19,12:44:16
31-Mar-19,12:44:16
31-Mar-19,12:44:16
31-Mar-19,12:44:16
31-Mar-19,12:44:16
31-Mar-19,12:44:16
31-Mar-19,12:44:16
31-Mar-19,12:44:16
31-Mar-19,12:44:16
31-Mar-19,12:44:16
31-Mar-19,12:44:16
31-Mar-19,12:44:16
31-Mar-19,12:44:16
31-Mar-19,12:44:16
31-Mar-19,12:44:16
31-Mar-19,12:44:16
31-Mar-19,12:44:16
31-Mar-19,12:44:16
31-Mar-19,12:44:16
31-Mar-19,12:44:16
31-Mar-19,12:44:16
31-Mar-19,12:44:16
31-Mar-19,12:44:16
31-Mar-19,12:44:16
31-Mar-19,12:44:16
31-Mar-19,12:44:16
31-Mar-19,12:44:16
31-Mar-19,12:44:16
31-Mar-19,12:44:16
31-Mar-19,12:44:16
31-Mar-19,12:44:16
31-Mar-19,12:44:16
31-Mar-19,12:44:16
31-Mar-19,12:44:16
31-Mar-19,12:44:16
31-Mar-19,12:44:16
31-Mar-19,12:44:16
31-Mar-19,12:44:16
31-Mar-19,12:44:16
31-Mar-19,12:44:16
31-Mar-19,12:44:16
31-Mar-19,12:44:16
31-Mar-19,12:44:16
31-Mar-19,12:44:16
31-Mar-19,12:44:16
31-Mar-19,12:44:16
31-Mar-19,12:44:16
31-Mar-19,12:44:16
31-Mar-19,12:44:16
31-Mar-19,12:44:16
31-Mar-19,12:44:16
31-Mar-19,12:44:16
31-Mar-19,12:44:16
31-Mar-19,12:44:16
31-Mar-19,12:44:16
31-Mar-19,12:44:16
31-Mar-19,12:44:16
31-Mar-19,12:44:16
31-Mar-19,12:44:16
31-Mar-19,12:44:16
31-Mar-19,12:44:17
31-Mar-19,12:44:17
31-Mar-19,12:44:17
31-Mar-19,12:44:17
31-Mar-19,12:44:17
31-Mar-19,12:44:17
31-Mar-19,12:44:17
31-Mar-19,12:44:17
31-Mar-19,12:44:17
31-Mar-19,12:44:17
31-Mar-19,12:44:17
31-Mar-19,12:44:17
31-Mar-19,12:44:17
31-Mar-19,12:44:17
31-Mar-19,12:44:17
31-Mar-19,12:44:17
31-Mar-19,12:44:17
31-Mar-19,12:44:17
31-Mar-19,12:44:17
31-Mar-19,12:44:17
31-Mar-19,12:44:17
31-Mar-19,12:44:17
31-Mar-19,12:44:17
31-Mar-19,12:44:17
31-Mar-19,12:44:17
31-Mar-19,12:44:17
31-Mar-19,12:44:17
31-Mar-19,12:44:17
31-Mar-19,12:44:17
31-Mar-19,12:44:17
31-Mar-19,12:44:17
31-Mar-19,12:44:17
31-Mar-19,12:44:17
31-Mar-19,12:44:17
31-Mar-19,12:44:17
31-Mar-19,12:44:17
31-Mar-19,12:44:17
31-Mar-19,12:44:17
31-Mar-19,12:44:17
31-Mar-19,12:44:17
31-Mar-19,12:44:17
31-Mar-19,12:44:17
31-Mar-19,12:44:17
31-Mar-19,12:44:17
31-Mar-19,12:44:17
31-Mar-19,12:44:17
31-Mar-19,12:44:17
31-Mar-19,12:44:17
31-Mar-19,12:44:17
31-Mar-19,12:44:17
31-Mar-19,12:44:17
31-Mar-19,12:44:17
31-Mar-19,12:44:17
31-Mar-19,12:44:17
31-Mar-19,12:44:17
31-Mar-19,12:44:17
31-Mar-19,12:44:17
31-Mar-19,12:44:17
31-Mar-19,12:44:17
31-Mar-19,12:44:17
31-Mar-19,12:44:17
31-Mar-19,12:44:17
31-Mar-19,12:44:17
31-Mar-19,12:44:17
31-Mar-19,12:44:17
31-Mar-19,12:44:17
31-Mar-19,12:44:17
31-Mar-19,12:44:17
31-Mar-19,12:44:17
31-Mar-19,12:44:17
31-Mar-19,12:44:17
31-Mar-19,12:44:17
31-Mar-19,12:44:17
31-Mar-19,12:44:17
31-Mar-19,12:44:17
31-Mar-19,12:44:17
31-Mar-19,12:44:17
31-Mar-19,12:44:17
31-Mar-19,12:44:17
31-Mar-19,12:44:17
31-Mar-19,12:44:17
31-Mar-19,12:44:17
31-Mar-19,12:44:17
31-Mar-19,12:44:17
31-Mar-19,12:44:17
31-Mar-19,12:44:17
31-Mar-19,12:44:17
31-Mar-19,12:44:17
31-Mar-19,12:44:17
31-Mar-19,12:44:17
31-Mar-19,12:44:17
31-Mar-19,12:44:17
31-Mar-19,12:44:17
31-Mar-19,12:44:17
31-Mar-19,12:44:18
31-Mar-19,12:44:18
31-Mar-19,12:44:18
31-Mar-19,12:44:18
31-Mar-19,12:44:18
31-Mar-19,12:44:18
31-Mar-19,12:44:18
31-Mar-19,12:44:18
31-Mar-19,12:44:18
31-Mar-19,12:44:18
31-Mar-19,12:44:18
31-Mar-19,12:44:18
31-Mar-19,12:44:18
31-Mar-19,12:44:18
31-Mar-19,12:44:18
31-Mar-19,12:44:18
31-Mar-19,12:44:18
31-Mar-19,12:44:18
31-Mar-19,12:44:18
31-Mar-19,12:44:18
31-Mar-19,12:44:18
31-Mar-19,12:44:18
31-Mar-19,12:44:18
31-Mar-19,12:44:18
31-Mar-19,12:44:18
31-Mar-19,12:44:18
31-Mar-19,12:44:18
31-Mar-19,12:44:18
31-Mar-19,12:44:18
31-Mar-19,12:44:18
31-Mar-19,12:44:18
31-Mar-19,12:44:18
31-Mar-19,12:44:18
31-Mar-19,12:44:18
31-Mar-19,12:44:18
31-Mar-19,12:44:18
31-Mar-19,12:44:18
31-Mar-19,12:44:18
31-Mar-19,12:44:18
31-Mar-19,12:44:18
31-Mar-19,12:44:18
31-Mar-19,12:44:18
31-Mar-19,12:44:18
31-Mar-19,12:44:18
31-Mar-19,12:44:18
31-Mar-19,12:44:18
31-Mar-19,12:44:18
31-Mar-19,12:44:18
31-Mar-19,12:44:18
31-Mar-19,12:44:18
31-Mar-19,12:44:18
31-Mar-19,12:44:18
31-Mar-19,12:44:18
31-Mar-19,12:44:18
31-Mar-19,12:44:18
31-Mar-19,12:44:18
31-Mar-19,12:44:18
31-Mar-19,12:44:18
31-Mar-19,12:44:18
31-Mar-19,12:44:18
31-Mar-19,12:44:18
31-Mar-19,12:44:18
31-Mar-19,12:44:18
31-Mar-19,12:44:18
31-Mar-19,12:44:18
31-Mar-19,12:44:18
31-Mar-19,12:44:18
31-Mar-19,12:44:18
31-Mar-19,12:44:18
31-Mar-19,12:44:18
31-Mar-19,12:44:18
31-Mar-19,12:44:18
31-Mar-19,12:44:18
31-Mar-19,12:44:18
31-Mar-19,12:44:18
31-Mar-19,12:44:18
31-Mar-19,12:44:18
31-Mar-19,12:44:18
31-Mar-19,12:44:18
31-Mar-19,12:44:18
31-Mar-19,12:44:18
31-Mar-19,12:44:18
31-Mar-19,12:44:18
31-Mar-19,12:44:18
31-Mar-19,12:44:18
31-Mar-19,12:44:18
31-Mar-19,12:44:18
31-Mar-19,12:44:18
31-Mar-19,12:44:18
31-Mar-19,12:44:18
31-Mar-19,12:44:18
31-Mar-19,12:44:18
31-Mar-19,12:44:18
31-Mar-19,12:44:18
31-Mar-19,12:44:19
31-Mar-19,12:44:19
31-Mar-19,12:44:19
31-Mar-19,12:44:19
31-Mar-19,12:44:19
31-Mar-19,12:44:19
31-Mar-19,12:44:19
31-Mar-19,12:44:19
31-Mar-19,12:44:19
31-Mar-19,12:44:19
31-Mar-19,12:44:19
31-Mar-19,12:44:19
31-Mar-19,12:44:19
31-Mar-19,12:44:19
31-Mar-19,12:44:19
31-Mar-19,12:44:19
31-Mar-19,12:44:19
31-Mar-19,12:44:19
31-Mar-19,12:44:19
31-Mar-19,12:44:19
31-Mar-19,12:44:19
31-Mar-19,12:44:19
31-Mar-19,12:44:19
31-Mar-19,12:44:19
31-Mar-19,12:44:19
31-Mar-19,12:44:19
31-Mar-19,12:44:19
31-Mar-19,12:44:19
31-Mar-19,12:44:19
31-Mar-19,12:44:19
31-Mar-19,12:44:19
31-Mar-19,12:44:19
31-Mar-19,12:44:19
31-Mar-19,12:44:19
31-Mar-19,12:44:19
31-Mar-19,12:44:19
31-Mar-19,12:44:19
31-Mar-19,12:44:19
31-Mar-19,12:44:19
31-Mar-19,12:44:19
31-Mar-19,12:44:19
31-Mar-19,12:44:19
31-Mar-19,12:44:19
31-Mar-19,12:44:19
31-Mar-19,12:44:19
31-Mar-19,12:44:19
31-Mar-19,12:44:19
31-Mar-19,12:44:19
31-Mar-19,12:44:19
31-Mar-19,12:44:19
31-Mar-19,12:44:19
31-Mar-19,12:44:19
31-Mar-19,12:44:19
31-Mar-19,12:44:19
31-Mar-19,12:44:19
31-Mar-19,12:44:19
31-Mar-19,12:44:19
31-Mar-19,12:44:19
31-Mar-19,12:44:19
31-Mar-19,12:44:19
31-Mar-19,12:44:19
31-Mar-19,12:44:19
31-Mar-19,12:44:19
31-Mar-19,12:44:19
31-Mar-19,12:44:19
31-Mar-19,12:44:19
31-Mar-19,12:44:19
31-Mar-19,12:44:19
31-Mar-19,12:44:19
31-Mar-19,12:44:19
31-Mar-19,12:44:19
31-Mar-19,12:44:19
31-Mar-19,12:44:19
31-Mar-19,12:44:19
31-Mar-19,12:44:19
31-Mar-19,12:44:19
31-Mar-19,12:44:19
31-Mar-19,12:44:19
31-Mar-19,12:44:19
31-Mar-19,12:44:19
31-Mar-19,12:44:19
31-Mar-19,12:44:19
31-Mar-19,12:44:19
31-Mar-19,12:44:19
31-Mar-19,12:44:19
31-Mar-19,12:44:20
31-Mar-19,12:44:20
31-Mar-19,12:44:20
31-Mar-19,12:44:20
31-Mar-19,12:44:20
31-Mar-19,12:44:20
31-Mar-19,12:44:20
31-Mar-19,12:44:20
31-Mar-19,12:44:20
31-Mar-19,12:44:20
31-Mar-19,12:44:20
31-Mar-19,12:44:20
31-Mar-19,12:44:20
31-Mar-19,12:44:20
31-Mar-19,12:44:20
31-Mar-19,12:44:20
31-Mar-19,12:44:20
31-Mar-19,12:44:20
31-Mar-19,12:44:20
31-Mar-19,12:44:20
31-Mar-19,12:44:20
31-Mar-19,12:44:20
31-Mar-19,12:44:20
31-Mar-19,12:44:20
31-Mar-19,12:44:20
31-Mar-19,12:44:20
31-Mar-19,12:44:20
31-Mar-19,12:44:20
31-Mar-19,12:44:20
31-Mar-19,12:44:20
31-Mar-19,12:44:20
31-Mar-19,12:44:20
31-Mar-19,12:44:20
31-Mar-19,12:44:20
31-Mar-19,12:44:20
31-Mar-19,12:44:20
31-Mar-19,12:44:20
31-Mar-19,12:44:20
31-Mar-19,12:44:20
31-Mar-19,12:44:20
31-Mar-19,12:44:20
31-Mar-19,12:44:20
31-Mar-19,12:44:20
31-Mar-19,12:44:20
31-Mar-19,12:44:20
31-Mar-19,12:44:20
31-Mar-19,12:44:20
31-Mar-19,12:44:20
31-Mar-19,12:44:20
31-Mar-19,12:44:20
31-Mar-19,12:44:20
31-Mar-19,12:44:20
31-Mar-19,12:44:20
31-Mar-19,12:44:20
31-Mar-19,12:44:20
31-Mar-19,12:44:20
31-Mar-19,12:44:20
31-Mar-19,12:44:20
31-Mar-19,12:44:20
31-Mar-19,12:44:20
31-Mar-19,12:44:20
31-Mar-19,12:44:20
31-Mar-19,12:44:20
31-Mar-19,12:44:20
31-Mar-19,12:44:20
31-Mar-19,12:44:20
31-Mar-19,12:44:20
31-Mar-19,12:44:20
31-Mar-19,12:44:20
31-Mar-19,12:44:20
31-Mar-19,12:44:20
31-Mar-19,12:44:20
31-Mar-19,12:44:20
31-Mar-19,12:44:20
31-Mar-19,12:44:20
31-Mar-19,12:44:20
31-Mar-19,12:44:20
31-Mar-19,12:44:20
31-Mar-19,12:44:20
31-Mar-19,12:44:20
31-Mar-19,12:44:20
31-Mar-19,12:44:20
31-Mar-19,12:44:20
31-Mar-19,12:44:20
31-Mar-19,12:44:20
31-Mar-19,12:44:20
31-Mar-19,12:44:20
31-Mar-19,12:44:20
31-Mar-19,12:44:20
31-Mar-19,12:44:20
31-Mar-19,12:44:20
31-Mar-19,12:44:20
31-Mar-19,12:44:20
31-Mar-19,12:44:20
31-Mar-19,12:44:20
31-Mar-19,12:44:20
31-Mar-19,12:44:20
31-Mar-19,12:44:21
31-Mar-19,12:44:21
31-Mar-19,12:44:21
31-Mar-19,12:44:21
31-Mar-19,12:44:21
31-Mar-19,12:44:21
31-Mar-19,12:44:21
31-Mar-19,12:44:21
31-Mar-19,12:44:21
31-Mar-19,12:44:21
31-Mar-19,12:44:21
31-Mar-19,12:44:21
31-Mar-19,12:44:21
31-Mar-19,12:44:21
31-Mar-19,12:44:21
31-Mar-19,12:44:21
31-Mar-19,12:44:21
31-Mar-19,12:44:21
31-Mar-19,12:44:21
31-Mar-19,12:44:21
31-Mar-19,12:44:21
31-Mar-19,12:44:21
31-Mar-19,12:44:21
31-Mar-19,12:44:21
31-Mar-19,12:44:21
31-Mar-19,12:44:21
31-Mar-19,12:44:21
31-Mar-19,12:44:21
31-Mar-19,12:44:21
31-Mar-19,12:44:21
31-Mar-19,12:44:21
31-Mar-19,12:44:21
31-Mar-19,12:44:21
31-Mar-19,12:44:21
31-Mar-19,12:44:21
31-Mar-19,12:44:21
31-Mar-19,12:44:21
31-Mar-19,12:44:21
31-Mar-19,12:44:21
31-Mar-19,12:44:21
31-Mar-19,12:44:21
31-Mar-19,12:44:21
31-Mar-19,12:44:21
31-Mar-19,12:44:21
31-Mar-19,12:44:21
31-Mar-19,12:44:21
31-Mar-19,12:44:21
31-Mar-19,12:44:21
31-Mar-19,12:44:21
31-Mar-19,12:44:21
31-Mar-19,12:44:21
31-Mar-19,12:44:21
31-Mar-19,12:44:21
31-Mar-19,12:44:21
31-Mar-19,12:44:21
31-Mar-19,12:44:21
31-Mar-19,12:44:21
31-Mar-19,12:44:21
31-Mar-19,12:44:21
31-Mar-19,12:44:21
31-Mar-19,12:44:21
31-Mar-19,12:44:21
31-Mar-19,12:44:21
31-Mar-19,12:44:21
31-Mar-19,12:44:21
31-Mar-19,12:44:21
31-Mar-19,12:44:21
31-Mar-19,12:44:21
31-Mar-19,12:44:21
31-Mar-19,12:44:21
31-Mar-19,12:44:21
31-Mar-19,12:44:21
31-Mar-19,12:44:21
31-Mar-19,12:44:21
31-Mar-19,12:44:21
31-Mar-19,12:44:21
31-Mar-19,12:44:21
31-Mar-19,12:44:21
31-Mar-19,12:44:21
31-Mar-19,12:44:22
31-Mar-19,12:44:22
31-Mar-19,12:44:22
31-Mar-19,12:44:22
31-Mar-19,12:44:22
31-Mar-19,12:44:22
31-Mar-19,12:44:22
31-Mar-19,12:44:22
31-Mar-19,12:44:22
31-Mar-19,12:44:22
31-Mar-19,12:44:22
31-Mar-19,12:44:22
31-Mar-19,12:44:22
31-Mar-19,12:44:22
31-Mar-19,12:44:22
31-Mar-19,12:44:22
31-Mar-19,12:44:22
31-Mar-19,12:44:22
31-Mar-19,12:44:22
31-Mar-19,12:44:22
31-Mar-19,12:44:22
31-Mar-19,12:44:22
31-Mar-19,12:44:22
31-Mar-19,12:44:22
31-Mar-19,12:44:22
31-Mar-19,12:44:22
31-Mar-19,12:44:22
31-Mar-19,12:44:22
31-Mar-19,12:44:22
31-Mar-19,12:44:22
31-Mar-19,12:44:22
31-Mar-19,12:44:22
31-Mar-19,12:44:22
31-Mar-19,12:44:22
31-Mar-19,12:44:22
31-Mar-19,12:44:22
31-Mar-19,12:44:22
31-Mar-19,12:44:22
31-Mar-19,12:44:22
31-Mar-19,12:44:22
31-Mar-19,12:44:22
31-Mar-19,12:44:22
31-Mar-19,12:44:22
31-Mar-19,12:44:22
31-Mar-19,12:44:22
31-Mar-19,12:44:22
31-Mar-19,12:44:22
31-Mar-19,12:44:22
31-Mar-19,12:44:22
31-Mar-19,12:44:22
31-Mar-19,12:44:22
31-Mar-19,12:44:22
31-Mar-19,12:44:22
31-Mar-19,12:44:22
31-Mar-19,12:44:22
31-Mar-19,12:44:22
31-Mar-19,12:44:22
31-Mar-19,12:44:22
31-Mar-19,12:44:22
31-Mar-19,12:44:22
31-Mar-19,12:44:22
31-Mar-19,12:44:22
31-Mar-19,12:44:22
31-Mar-19,12:44:22
31-Mar-19,12:44:22
31-Mar-19,12:44:22
31-Mar-19,12:44:22
31-Mar-19,12:44:22
31-Mar-19,12:44:22
31-Mar-19,12:44:22
31-Mar-19,12:44:22
31-Mar-19,12:44:22
31-Mar-19,12:44:22
31-Mar-19,12:44:22
31-Mar-19,12:44:22
31-Mar-19,12:44:22
31-Mar-19,12:44:22
31-Mar-19,12:44:22
31-Mar-19,12:44:22
31-Mar-19,12:44:22
31-Mar-19,12:44:22
31-Mar-19,12:44:22
31-Mar-19,12:44:22
31-Mar-19,12:44:22
31-Mar-19,12:44:22
31-Mar-19,12:44:22
31-Mar-19,12:44:22
31-Mar-19,12:44:22
31-Mar-19,12:44:22
31-Mar-19,12:44:22
31-Mar-19,12:44:22
31-Mar-19,12:44:22
31-Mar-19,12:44:23
31-Mar-19,12:44:23
31-Mar-19,12:44:23
31-Mar-19,12:44:23
31-Mar-19,12:44:23
31-Mar-19,12:44:23
31-Mar-19,12:44:23
31-Mar-19,12:44:23
31-Mar-19,12:44:23
31-Mar-19,12:44:23
31-Mar-19,12:44:23
31-Mar-19,12:44:23
31-Mar-19,12:44:23
31-Mar-19,12:44:23
31-Mar-19,12:44:23
31-Mar-19,12:44:23
31-Mar-19,12:44:23
31-Mar-19,12:44:23
31-Mar-19,12:44:23
31-Mar-19,12:44:23
31-Mar-19,12:44:23
31-Mar-19,12:44:23
31-Mar-19,12:44:23
31-Mar-19,12:44:23
31-Mar-19,12:44:23
31-Mar-19,12:44:23
31-Mar-19,12:44:23
31-Mar-19,12:44:23
31-Mar-19,12:44:23
31-Mar-19,12:44:23
31-Mar-19,12:44:23
31-Mar-19,12:44:23
31-Mar-19,12:44:23
31-Mar-19,12:44:23
31-Mar-19,12:44:23
31-Mar-19,12:44:23
31-Mar-19,12:44:23
31-Mar-19,12:44:23
31-Mar-19,12:44:23
31-Mar-19,12:44:23
31-Mar-19,12:44:23
31-Mar-19,12:44:23
31-Mar-19,12:44:23
31-Mar-19,12:44:23
31-Mar-19,12:44:23
31-Mar-19,12:44:23
31-Mar-19,12:44:23
31-Mar-19,12:44:23
31-Mar-19,12:44:23
31-Mar-19,12:44:23
31-Mar-19,12:44:23
31-Mar-19,12:44:23
31-Mar-19,12:44:23
31-Mar-19,12:44:23
31-Mar-19,12:44:23
31-Mar-19,12:44:23
31-Mar-19,12:44:23
31-Mar-19,12:44:23
31-Mar-19,12:44:23
31-Mar-19,12:44:23
31-Mar-19,12:44:23
31-Mar-19,12:44:23
31-Mar-19,12:44:23
31-Mar-19,12:44:23
31-Mar-19,12:44:23
31-Mar-19,12:44:23
31-Mar-19,12:44:23
31-Mar-19,12:44:23
31-Mar-19,12:44:23
31-Mar-19,12:44:23
31-Mar-19,12:44:23
31-Mar-19,12:44:23
31-Mar-19,12:44:23
31-Mar-19,12:44:23
31-Mar-19,12:44:23
31-Mar-19,12:44:23
31-Mar-19,12:44:23
31-Mar-19,12:44:23
31-Mar-19,12:44:23
31-Mar-19,12:44:23
31-Mar-19,12:44:23
31-Mar-19,12:44:23
31-Mar-19,12:44:23
31-Mar-19,12:44:23
31-Mar-19,12:44:23
31-Mar-19,12:44:23
31-Mar-19,12:44:23
31-Mar-19,12:44:23
31-Mar-19,12:44:23
31-Mar-19,12:44:23
31-Mar-19,12:44:23
31-Mar-19,12:44:23
31-Mar-19,12:44:23
31-Mar-19,12:44:23
31-Mar-19,12:44:23
31-Mar-19,12:44:23
31-Mar-19,12:44:23
31-Mar-19,12:44:23
31-Mar-19,12:44:24
31-Mar-19,12:44:24
31-Mar-19,12:44:24
31-Mar-19,12:44:24
31-Mar-19,12:44:24
31-Mar-19,12:44:24
31-Mar-19,12:44:24
31-Mar-19,12:44:24
31-Mar-19,12:44:24
31-Mar-19,12:44:24
31-Mar-19,12:44:24
31-Mar-19,12:44:24
31-Mar-19,12:44:24
31-Mar-19,12:44:24
31-Mar-19,12:44:24
31-Mar-19,12:44:24
31-Mar-19,12:44:24
31-Mar-19,12:44:24
31-Mar-19,12:44:24
31-Mar-19,12:44:24
31-Mar-19,12:44:24
31-Mar-19,12:44:24
31-Mar-19,12:44:24
31-Mar-19,12:44:24
31-Mar-19,12:44:24
31-Mar-19,12:44:24
31-Mar-19,12:44:24
31-Mar-19,12:44:24
31-Mar-19,12:44:24
31-Mar-19,12:44:24
31-Mar-19,12:44:24
31-Mar-19,12:44:24
31-Mar-19,12:44:24
31-Mar-19,12:44:24
31-Mar-19,12:44:24
31-Mar-19,12:44:24
31-Mar-19,12:44:24
31-Mar-19,12:44:24
31-Mar-19,12:44:24
31-Mar-19,12:44:24
31-Mar-19,12:44:24
31-Mar-19,12:44:24
31-Mar-19,12:44:24
31-Mar-19,12:44:24
31-Mar-19,12:44:24
31-Mar-19,12:44:24
31-Mar-19,12:44:24
31-Mar-19,12:44:24
31-Mar-19,12:44:24
31-Mar-19,12:44:24
31-Mar-19,12:44:24
31-Mar-19,12:44:24
31-Mar-19,12:44:24
31-Mar-19,12:44:24
31-Mar-19,12:44:24
31-Mar-19,12:44:24
31-Mar-19,12:44:24
31-Mar-19,12:44:24
31-Mar-19,12:44:24
31-Mar-19,12:44:24
31-Mar-19,12:44:24
31-Mar-19,12:44:24
31-Mar-19,12:44:24
31-Mar-19,12:44:24
31-Mar-19,12:44:24
31-Mar-19,12:44:24
31-Mar-19,12:44:24
31-Mar-19,12:44:24
31-Mar-19,12:44:24
31-Mar-19,12:44:24
31-Mar-19,12:44:24
31-Mar-19,12:44:24
31-Mar-19,12:44:24
31-Mar-19,12:44:24
31-Mar-19,12:44:24
31-Mar-19,12:44:24
31-Mar-19,12:44:24
31-Mar-19,12:44:24
31-Mar-19,12:44:24
31-Mar-19,12:44:24
31-Mar-19,12:44:24
31-Mar-19,12:44:24
31-Mar-19,12:44:24
31-Mar-19,12:44:24
31-Mar-19,12:44:25
31-Mar-19,12:44:25
31-Mar-19,12:44:25
31-Mar-19,12:44:25
31-Mar-19,12:44:25
31-Mar-19,12:44:25
31-Mar-19,12:44:25
31-Mar-19,12:44:25
31-Mar-19,12:44:25
31-Mar-19,12:44:25
31-Mar-19,12:44:25
31-Mar-19,12:44:25
31-Mar-19,12:44:25
31-Mar-19,12:44:25
31-Mar-19,12:44:25
31-Mar-19,12:44:25
31-Mar-19,12:44:25
31-Mar-19,12:44:25
31-Mar-19,12:44:25
31-Mar-19,12:44:25
31-Mar-19,12:44:25
31-Mar-19,12:44:25
31-Mar-19,12:44:25
31-Mar-19,12:44:25
31-Mar-19,12:44:25
31-Mar-19,12:44:25
31-Mar-19,12:44:25
31-Mar-19,12:44:25
31-Mar-19,12:44:25
31-Mar-19,12:44:25
31-Mar-19,12:44:25
31-Mar-19,12:44:25
31-Mar-19,12:44:25
31-Mar-19,12:44:25
31-Mar-19,12:44:25
31-Mar-19,12:44:25
31-Mar-19,12:44:25
31-Mar-19,12:44:25
31-Mar-19,12:44:25
31-Mar-19,12:44:25
31-Mar-19,12:44:25
31-Mar-19,12:44:25
31-Mar-19,12:44:25
31-Mar-19,12:44:25
31-Mar-19,12:44:25
31-Mar-19,12:44:25
31-Mar-19,12:44:25
31-Mar-19,12:44:25
31-Mar-19,12:44:25
31-Mar-19,12:44:25
31-Mar-19,12:44:25
31-Mar-19,12:44:25
31-Mar-19,12:44:25
31-Mar-19,12:44:25
31-Mar-19,12:44:25
31-Mar-19,12:44:25
31-Mar-19,12:44:25
31-Mar-19,12:44:25
31-Mar-19,12:44:25
31-Mar-19,12:44:25
31-Mar-19,12:44:25
31-Mar-19,12:44:25
31-Mar-19,12:44:25
31-Mar-19,12:44:25
31-Mar-19,12:44:25
31-Mar-19,12:44:25
31-Mar-19,12:44:25
31-Mar-19,12:44:25
31-Mar-19,12:44:25
31-Mar-19,12:44:25
31-Mar-19,12:44:25
31-Mar-19,12:44:25
31-Mar-19,12:44:25
31-Mar-19,12:44:25
31-Mar-19,12:44:25
31-Mar-19,12:44:25
31-Mar-19,12:44:25
28-Apr-19,4:48:11
28-Apr-19,4:48:11
28-Apr-19,4:48:11
28-Apr-19,4:48:14
28-Apr-19,4:48:16
28-Apr-19,4:48:16
28-Apr-19,4:48:16
28-Apr-19,4:48:19
28-Apr-19,4:48:21
28-Apr-19,4:48:21
28-Apr-19,4:48:21
28-Apr-19,4:48:24
28-Apr-19,4:48:26
28-Apr-19,4:48:26
28-Apr-19,4:48:26
28-Apr-19,4:48:29
28-Apr-19,4:48:31
28-Apr-19,4:48:31
28-Apr-19,4:48:31
28-Apr-19,4:48:34
28-Apr-19,4:48:36
28-Apr-19,4:48:36
28-Apr-19,4:48:36
28-Apr-19,4:48:39
28-Apr-19,4:48:41
28-Apr-19,4:48:41
28-Apr-19,4:48:41
28-Apr-19,4:48:44
28-Apr-19,4:48:46
28-Apr-19,4:48:46
28-Apr-19,4:48:46
28-Apr-19,4:48:49
28-Apr-19,4:48:51
28-Apr-19,4:48:51
28-Apr-19,4:48:51
28-Apr-19,4:48:54
28-Apr-19,4:49:04
28-Apr-19,4:49:06
28-Apr-19,4:49:06
28-Apr-19,4:49:06
28-Apr-19,4:49:09
28-Apr-19,4:49:11
28-Apr-19,4:49:11
28-Apr-19,4:49:11
28-Apr-19,4:49:14
28-Apr-19,4:49:16
28-Apr-19,4:49:16
28-Apr-19,4:49:16
28-Apr-19,4:49:19
28-Apr-19,4:49:21
28-Apr-19,4:49:21
28-Apr-19,4:49:21
28-Apr-19,4:49:24
28-Apr-19,4:49:26
28-Apr-19,4:49:26
28-Apr-19,4:49:26
28-Apr-19,4:49:29
28-Apr-19,4:49:31
28-Apr-19,4:49:31
28-Apr-19,4:49:31
28-Apr-19,4:49:34
28-Apr-19,4:49:36
28-Apr-19,4:49:36
28-Apr-19,4:49:36
28-Apr-19,4:49:39
28-Apr-19,4:49:41
28-Apr-19,4:49:41
28-Apr-19,4:49:41
28-Apr-19,4:49:44
28-Apr-19,4:49:46
28-Apr-19,4:49:46
28-Apr-19,4:49:46
28-Apr-19,4:49:49
28-Apr-19,4:49:51
28-Apr-19,4:49:51
28-Apr-19,4:49:51
28-Apr-19,4:49:54
28-Apr-19,4:50:04
28-Apr-19,4:50:06
28-Apr-19,4:50:06
28-Apr-19,4:50:06
28-Apr-19,4:50:09
28-Apr-19,4:50:11
28-Apr-19,4:50:11
28-Apr-19,4:50:11
28-Apr-19,4:50:14
28-Apr-19,4:50:16
28-Apr-19,4:50:16
28-Apr-19,4:50:16
28-Apr-19,4:50:19
28-Apr-19,4:50:21
28-Apr-19,4:50:21
28-Apr-19,4:50:21
28-Apr-19,4:50:24
28-Apr-19,4:50:26
28-Apr-19,4:50:26
28-Apr-19,4:50:26
28-Apr-19,4:50:29
28-Apr-19,4:50:34
28-Apr-19,4:50:36
28-Apr-19,4:50:36
28-Apr-19,4:50:36
28-Apr-19,4:50:39
28-Apr-19,4:50:41
28-Apr-19,4:50:41
28-Apr-19,4:50:41
28-Apr-19,4:50:44
28-Apr-19,4:50:49
28-Apr-19,4:50:51
28-Apr-19,4:50:51
28-Apr-19,4:50:51
28-Apr-19,4:50:54
28-Apr-19,4:51:01
28-Apr-19,4:51:01
28-Apr-19,4:51:01
28-Apr-19,4:51:04
28-Apr-19,4:51:06
28-Apr-19,4:51:06
28-Apr-19,4:51:06
28-Apr-19,4:51:09
28-Apr-19,4:51:11
28-Apr-19,4:51:11
28-Apr-19,4:51:11
28-Apr-19,4:51:14
28-Apr-19,4:51:16
28-Apr-19,4:51:16
28-Apr-19,4:51:16
28-Apr-19,4:51:19
28-Apr-19,4:51:21
28-Apr-19,4:51:21
28-Apr-19,4:51:21
28-Apr-19,4:51:24
28-Apr-19,4:51:26
28-Apr-19,4:51:26
28-Apr-19,4:51:26
28-Apr-19,4:51:29
28-Apr-19,4:51:31
28-Apr-19,4:51:31
28-Apr-19,4:51:31
28-Apr-19,4:51:34
28-Apr-19,4:51:36
28-Apr-19,4:51:36
28-Apr-19,4:51:36
28-Apr-19,4:51:39
28-Apr-19,4:51:41
28-Apr-19,4:51:41
28-Apr-19,4:51:41
28-Apr-19,4:51:44
28-Apr-19,4:51:46
28-Apr-19,4:51:46
28-Apr-19,4:51:46
28-Apr-19,4:51:49
28-Apr-19,4:51:51
28-Apr-19,4:51:51
28-Apr-19,4:51:51
28-Apr-19,4:52:04
28-Apr-19,4:52:06
28-Apr-19,4:52:06
28-Apr-19,4:52:06
28-Apr-19,4:52:11
28-Apr-19,4:52:11
28-Apr-19,4:52:11
28-Apr-19,4:52:14
28-Apr-19,4:52:19
28-Apr-19,4:52:21
28-Apr-19,4:52:21
28-Apr-19,4:52:21
28-Apr-19,4:52:24
28-Apr-19,4:52:26
28-Apr-19,4:52:26
28-Apr-19,4:52:26
28-Apr-19,4:52:29
28-Apr-19,4:52:31
28-Apr-19,4:52:31
28-Apr-19,4:52:31
28-Apr-19,4:52:34
28-Apr-19,4:52:36
28-Apr-19,4:52:36
28-Apr-19,4:52:36
28-Apr-19,4:52:39
28-Apr-19,4:52:41
28-Apr-19,4:52:41
28-Apr-19,4:52:41
28-Apr-19,4:52:44
28-Apr-19,4:52:46
28-Apr-19,4:52:46
28-Apr-19,4:52:46
28-Apr-19,4:52:49
28-Apr-19,4:52:51
28-Apr-19,4:52:51
28-Apr-19,4:52:51
28-Apr-19,4:52:54
28-Apr-19,4:53:06
28-Apr-19,4:53:06
28-Apr-19,4:53:06
28-Apr-19,4:53:09
28-Apr-19,4:53:11
28-Apr-19,4:53:11
28-Apr-19,4:53:11
28-Apr-19,4:53:14
28-Apr-19,4:53:16
28-Apr-19,4:53:16
28-Apr-19,4:53:16
28-Apr-19,4:53:19
28-Apr-19,4:53:21
28-Apr-19,4:53:21
28-Apr-19,4:53:21
28-Apr-19,4:53:24
28-Apr-19,4:53:26
28-Apr-19,4:53:26
28-Apr-19,4:53:26
28-Apr-19,4:53:29
28-Apr-19,4:53:31
28-Apr-19,4:53:31
28-Apr-19,4:53:31
28-Apr-19,4:53:36
28-Apr-19,4:53:36
28-Apr-19,4:53:36
28-Apr-19,4:53:39
28-Apr-19,4:53:41
28-Apr-19,4:53:41
28-Apr-19,4:53:41
28-Apr-19,4:53:44
28-Apr-19,4:53:46
28-Apr-19,4:53:46
28-Apr-19,4:53:46
28-Apr-19,4:53:49
28-Apr-19,4:53:51
28-Apr-19,4:53:51
28-Apr-19,4:53:51
28-Apr-19,4:53:54
28-Apr-19,4:53:59
28-Apr-19,4:54:06
28-Apr-19,4:54:06
28-Apr-19,4:54:06
28-Apr-19,4:54:09
28-Apr-19,4:54:11
28-Apr-19,4:54:11
28-Apr-19,4:54:11
28-Apr-19,4:54:14
28-Apr-19,4:54:19
28-Apr-19,4:54:21
28-Apr-19,4:54:21
28-Apr-19,4:54:21
28-Apr-19,4:54:24
28-Apr-19,4:54:26
28-Apr-19,4:54:26
28-Apr-19,4:54:26
28-Apr-19,4:54:29
28-Apr-19,4:54:31
28-Apr-19,4:54:31
28-Apr-19,4:54:31
28-Apr-19,4:54:34
28-Apr-19,4:54:36
28-Apr-19,4:54:36
28-Apr-19,4:54:36
28-Apr-19,4:54:39
28-Apr-19,4:54:41
28-Apr-19,4:54:41
28-Apr-19,4:54:41
28-Apr-19,4:54:44
28-Apr-19,4:54:46
28-Apr-19,4:54:46
28-Apr-19,4:54:46
28-Apr-19,4:54:49
28-Apr-19,4:54:51
28-Apr-19,4:54:51
28-Apr-19,4:54:51
28-Apr-19,4:54:54
28-Apr-19,4:55:04
28-Apr-19,4:55:06
28-Apr-19,4:55:06
28-Apr-19,4:55:06
28-Apr-19,4:55:09
28-Apr-19,4:55:11
28-Apr-19,4:55:11
28-Apr-19,4:55:11
28-Apr-19,4:55:14
28-Apr-19,4:55:16
28-Apr-19,4:55:16
28-Apr-19,4:55:16
28-Apr-19,4:55:19
28-Apr-19,4:55:21
28-Apr-19,4:55:21
28-Apr-19,4:55:21
28-Apr-19,4:55:24
28-Apr-19,4:55:26
28-Apr-19,4:55:26
28-Apr-19,4:55:26
28-Apr-19,4:55:29
28-Apr-19,4:55:31
28-Apr-19,4:55:31
28-Apr-19,4:55:31
28-Apr-19,4:55:36
28-Apr-19,4:55:36
28-Apr-19,4:55:36
28-Apr-19,4:55:39
28-Apr-19,4:55:41
28-Apr-19,4:55:41
28-Apr-19,4:55:41
28-Apr-19,4:55:44
28-Apr-19,4:55:46
28-Apr-19,4:55:46
28-Apr-19,4:55:46
28-Apr-19,4:55:49
28-Apr-19,4:55:51
28-Apr-19,4:55:51
28-Apr-19,4:55:51
28-Apr-19,4:55:54
28-Apr-19,4:55:59
28-Apr-19,4:56:04
28-Apr-19,4:56:06
28-Apr-19,4:56:06
28-Apr-19,4:56:06
28-Apr-19,4:56:09
28-Apr-19,4:56:11
28-Apr-19,4:56:11
28-Apr-19,4:56:11
28-Apr-19,4:56:14
28-Apr-19,4:56:19
28-Apr-19,4:56:21
28-Apr-19,4:56:21
28-Apr-19,4:56:21
28-Apr-19,4:56:24
28-Apr-19,4:56:26
28-Apr-19,4:56:26
28-Apr-19,4:56:26
28-Apr-19,4:56:29
28-Apr-19,4:56:31
28-Apr-19,4:56:31
28-Apr-19,4:56:31
28-Apr-19,4:56:34
28-Apr-19,4:56:36
28-Apr-19,4:56:36
28-Apr-19,4:56:36
28-Apr-19,4:56:39
28-Apr-19,4:56:41
28-Apr-19,4:56:41
28-Apr-19,4:56:41
28-Apr-19,4:56:44
28-Apr-19,4:56:46
28-Apr-19,4:56:46
28-Apr-19,4:56:46
28-Apr-19,4:56:49
28-Apr-19,4:56:51
28-Apr-19,4:56:51
28-Apr-19,4:56:51
28-Apr-19,4:56:54
28-Apr-19,4:57:04
28-Apr-19,4:57:06
28-Apr-19,4:57:06
28-Apr-19,4:57:06
28-Apr-19,4:57:11
28-Apr-19,4:57:11
28-Apr-19,4:57:11
28-Apr-19,4:57:14
28-Apr-19,4:57:16
28-Apr-19,4:57:16
28-Apr-19,4:57:16
28-Apr-19,4:57:21
28-Apr-19,4:57:21
28-Apr-19,4:57:21
28-Apr-19,4:57:24
28-Apr-19,4:57:26
28-Apr-19,4:57:26
28-Apr-19,4:57:26
28-Apr-19,4:57:29
28-Apr-19,4:57:31
28-Apr-19,4:57:31
28-Apr-19,4:57:31
28-Apr-19,4:57:34
28-Apr-19,4:57:36
28-Apr-19,4:57:36
28-Apr-19,4:57:36
28-Apr-19,4:57:39
28-Apr-19,4:57:41
28-Apr-19,4:57:41
28-Apr-19,4:57:41
28-Apr-19,4:57:44
28-Apr-19,4:57:46
28-Apr-19,4:57:46
28-Apr-19,4:57:46
28-Apr-19,4:57:49
28-Apr-19,4:57:51
28-Apr-19,4:57:51
28-Apr-19,4:57:51
28-Apr-19,4:57:54
28-Apr-19,4:58:04
28-Apr-19,4:58:06
28-Apr-19,4:58:06
28-Apr-19,3:54:25
28-Apr-19,3:54:30
28-Apr-19,3:54:35
28-Apr-19,3:54:40
28-Apr-19,3:54:45
28-Apr-19,3:54:55
28-Apr-19,3:55:10
28-Apr-19,3:55:15
28-Apr-19,3:55:20
28-Apr-19,3:55:25
28-Apr-19,3:55:30
28-Apr-19,3:55:35
28-Apr-19,3:55:40
28-Apr-19,3:55:50
28-Apr-19,3:55:55
28-Apr-19,3:56:00
28-Apr-19,3:56:05
28-Apr-19,3:56:10
28-Apr-19,3:56:15
28-Apr-19,3:56:20
28-Apr-19,3:56:25
28-Apr-19,3:56:30
28-Apr-19,3:56:35
28-Apr-19,3:56:40
28-Apr-19,3:56:45
28-Apr-19,3:56:50
28-Apr-19,3:56:55
28-Apr-19,3:57:05
28-Apr-19,3:57:10
28-Apr-19,3:57:15
28-Apr-19,3:57:20
28-Apr-19,3:57:25
28-Apr-19,3:57:35
28-Apr-19,3:57:40
28-Apr-19,3:57:45
28-Apr-19,3:57:50
28-Apr-19,3:57:55
28-Apr-19,3:58:05
28-Apr-19,3:58:10
28-Apr-19,3:58:15
28-Apr-19,3:58:20
28-Apr-19,3:58:25
28-Apr-19,3:58:30
28-Apr-19,3:58:35
28-Apr-19,3:58:40
28-Apr-19,3:58:45
28-Apr-19,3:58:50
28-Apr-19,3:58:55
28-Apr-19,3:59:05
28-Apr-19,3:59:10
28-Apr-19,3:59:20
28-Apr-19,3:59:30
28-Apr-19,3:59:35
28-Apr-19,3:59:40
28-Apr-19,3:59:45
28-Apr-19,3:59:50
28-Apr-19,3:59:55
28-Apr-19,4:00:05
28-Apr-19,4:00:10
28-Apr-19,4:00:15
28-Apr-19,4:00:20
28-Apr-19,4:00:25
28-Apr-19,4:00:30
28-Apr-19,4:00:35
28-Apr-19,4:00:45
28-Apr-19,4:58:06
28-Apr-19,4:58:09
28-Apr-19,4:58:14
28-Apr-19,4:58:16
28-Apr-19,4:58:16
28-Apr-19,4:58:16
28-Apr-19,4:58:19
28-Apr-19,4:58:21
28-Apr-19,4:58:21
28-Apr-19,4:58:21
28-Apr-19,4:58:24
28-Apr-19,4:58:26
28-Apr-19,4:58:26
28-Apr-19,4:58:26
28-Apr-19,4:58:29
28-Apr-19,4:58:31
28-Apr-19,4:58:31
28-Apr-19,4:58:31
28-Apr-19,4:58:34
28-Apr-19,4:58:36
28-Apr-19,4:58:36
28-Apr-19,4:58:36
28-Apr-19,4:58:39
28-Apr-19,4:58:41
28-Apr-19,4:58:41
28-Apr-19,4:58:41
28-Apr-19,4:58:44
28-Apr-19,4:58:46
28-Apr-19,4:58:46
28-Apr-19,4:58:46
28-Apr-19,4:58:49
28-Apr-19,4:59:06
28-Apr-19,4:59:06
28-Apr-19,4:59:06
28-Apr-19,4:59:09
28-Apr-19,4:59:11
28-Apr-19,4:59:11
28-Apr-19,4:59:11
28-Apr-19,4:59:14
28-Apr-19,4:59:16
28-Apr-19,4:59:16
28-Apr-19,4:59:16
28-Apr-19,4:59:19
28-Apr-19,4:59:21
28-Apr-19,4:59:21
28-Apr-19,4:59:21
28-Apr-19,4:59:24
28-Apr-19,4:59:26
28-Apr-19,4:59:26
28-Apr-19,4:59:26
28-Apr-19,4:59:29
28-Apr-19,4:59:31
28-Apr-19,4:59:31
28-Apr-19,4:59:31
28-Apr-19,4:59:34
28-Apr-19,4:59:36
28-Apr-19,4:59:36
28-Apr-19,4:59:36
28-Apr-19,4:59:39
28-Apr-19,4:59:41
28-Apr-19,4:59:41
28-Apr-19,4:59:41
28-Apr-19,4:59:44
28-Apr-19,4:59:46
28-Apr-19,4:59:46
28-Apr-19,4:59:46
28-Apr-19,4:59:49
28-Apr-19,4:59:51
28-Apr-19,4:59:51
28-Apr-19,4:59:51
28-Apr-19,4:59:54
28-Apr-19,5:00:04
28-Apr-19,5:00:06
28-Apr-19,5:00:06
28-Apr-19,5:00:06
28-Apr-19,5:00:09
28-Apr-19,5:00:11
28-Apr-19,5:00:11
28-Apr-19,5:00:11
28-Apr-19,5:00:14
28-Apr-19,5:00:16
28-Apr-19,5:00:16
28-Apr-19,5:00:16
28-Apr-19,5:00:19
28-Apr-19,5:00:21
28-Apr-19,5:00:21
28-Apr-19,5:00:21
28-Apr-19,5:00:24
28-Apr-19,5:00:26
28-Apr-19,5:00:26
28-Apr-19,5:00:26
28-Apr-19,5:00:29
28-Apr-19,5:00:34
28-Apr-19,5:00:39
28-Apr-19,5:00:41
28-Apr-19,5:00:41
28-Apr-19,5:00:41
28-Apr-19,5:00:44
28-Apr-19,5:00:46
28-Apr-19,5:00:46
28-Apr-19,5:00:46
28-Apr-19,5:00:51
28-Apr-19,5:00:51
28-Apr-19,5:00:51
28-Apr-19,5:00:54
28-Apr-19,5:01:04
28-Apr-19,5:01:06
28-Apr-19,5:01:06
28-Apr-19,5:01:06
28-Apr-19,5:01:09
28-Apr-19,5:01:11
28-Apr-19,5:01:11
28-Apr-19,5:01:11
28-Apr-19,5:01:14
28-Apr-19,5:01:16
28-Apr-19,5:01:16
28-Apr-19,5:01:16
28-Apr-19,5:01:19
28-Apr-19,5:01:21
28-Apr-19,5:01:21
28-Apr-19,5:01:21
28-Apr-19,5:01:24
28-Apr-19,5:01:29
28-Apr-19,5:01:31
28-Apr-19,5:01:31
28-Apr-19,5:01:31
28-Apr-19,5:01:34
28-Apr-19,5:01:36
28-Apr-19,5:01:36
28-Apr-19,5:01:36
28-Apr-19,5:01:39
28-Apr-19,5:01:41
28-Apr-19,5:01:41
28-Apr-19,5:01:41
28-Apr-19,5:01:44
28-Apr-19,5:01:46
28-Apr-19,5:01:46
28-Apr-19,5:01:46
28-Apr-19,5:01:49
28-Apr-19,5:01:51
28-Apr-19,5:01:51
28-Apr-19,5:01:51
28-Apr-19,5:01:54
28-Apr-19,5:02:06
28-Apr-19,5:02:06
28-Apr-19,5:02:06
28-Apr-19,5:02:09
28-Apr-19,5:02:11
28-Apr-19,5:02:11
28-Apr-19,5:02:11
28-Apr-19,5:02:14
28-Apr-19,5:02:16
28-Apr-19,5:02:16
28-Apr-19,5:02:16
28-Apr-19,5:02:19
28-Apr-19,5:02:24
28-Apr-19,5:02:26
28-Apr-19,5:02:26
28-Apr-19,5:02:26
28-Apr-19,5:02:29
28-Apr-19,5:02:31
28-Apr-19,5:02:31
28-Apr-19,5:02:31
28-Apr-19,5:02:34
28-Apr-19,5:02:36
28-Apr-19,5:02:36
28-Apr-19,5:02:36
28-Apr-19,5:02:39
28-Apr-19,5:02:41
28-Apr-19,5:02:41
28-Apr-19,5:02:41
28-Apr-19,5:02:44
28-Apr-19,5:02:46
28-Apr-19,5:02:46
28-Apr-19,5:02:46
28-Apr-19,5:02:49
28-Apr-19,5:02:51
28-Apr-19,5:02:51
28-Apr-19,5:02:51
28-Apr-19,5:02:54
28-Apr-19,5:02:59
28-Apr-19,5:03:04
28-Apr-19,5:03:06
28-Apr-19,5:03:06
28-Apr-19,5:03:06
28-Apr-19,5:03:09
28-Apr-19,5:03:11
28-Apr-19,5:03:11
28-Apr-19,5:03:11
28-Apr-19,5:03:14
28-Apr-19,5:03:16
28-Apr-19,5:03:16
28-Apr-19,5:03:16
28-Apr-19,5:03:19
28-Apr-19,5:03:21
28-Apr-19,5:03:21
28-Apr-19,5:03:21
28-Apr-19,5:03:24
28-Apr-19,5:03:26
28-Apr-19,5:03:26
28-Apr-19,5:03:26
28-Apr-19,5:03:29
28-Apr-19,5:03:31
28-Apr-19,5:03:31
28-Apr-19,5:03:31
28-Apr-19,5:03:34
28-Apr-19,5:03:36
28-Apr-19,5:03:36
28-Apr-19,5:03:36
28-Apr-19,5:03:39
28-Apr-19,5:03:41
28-Apr-19,5:03:41
28-Apr-19,5:03:41
28-Apr-19,5:03:44
28-Apr-19,5:03:46
28-Apr-19,5:03:46
28-Apr-19,5:03:46
28-Apr-19,5:03:49
28-Apr-19,5:04:04
28-Apr-19,5:04:09
28-Apr-19,5:04:11
28-Apr-19,5:04:11
28-Apr-19,5:04:11
28-Apr-19,5:04:14
28-Apr-19,5:04:16
28-Apr-19,5:04:16
28-Apr-19,5:04:16
28-Apr-19,5:04:19
28-Apr-19,5:04:24
28-Apr-19,5:04:26
28-Apr-19,5:04:26
28-Apr-19,5:04:26
28-Apr-19,5:04:29
28-Apr-19,5:04:31
28-Apr-19,5:04:31
28-Apr-19,5:04:31
28-Apr-19,5:04:34
28-Apr-19,5:04:36
28-Apr-19,5:04:36
28-Apr-19,5:04:36
28-Apr-19,5:04:39
28-Apr-19,5:04:41
28-Apr-19,5:04:41
28-Apr-19,5:04:41
28-Apr-19,5:04:44
28-Apr-19,5:04:46
28-Apr-19,5:04:46
28-Apr-19,5:04:46
28-Apr-19,5:04:49
28-Apr-19,5:04:51
28-Apr-19,5:04:51
28-Apr-19,5:04:51
28-Apr-19,5:04:54
28-Apr-19,5:05:01
28-Apr-19,5:05:01
28-Apr-19,5:05:01
28-Apr-19,5:05:04
28-Apr-19,5:05:06
28-Apr-19,5:05:06
28-Apr-19,5:05:06
28-Apr-19,5:05:09
28-Apr-19,5:05:11
28-Apr-19,5:05:11
28-Apr-19,5:05:11
28-Apr-19,5:05:14
28-Apr-19,5:05:16
28-Apr-19,5:05:16
28-Apr-19,5:05:16
28-Apr-19,5:05:19
28-Apr-19,5:05:21
28-Apr-19,5:05:21
28-Apr-19,5:05:21
28-Apr-19,5:05:24
28-Apr-19,5:05:26
28-Apr-19,5:05:26
28-Apr-19,5:05:26
28-Apr-19,5:05:29
28-Apr-19,5:05:31
28-Apr-19,5:05:31
28-Apr-19,5:05:31
28-Apr-19,5:05:34
28-Apr-19,5:05:36
28-Apr-19,5:05:36
28-Apr-19,5:05:36
28-Apr-19,5:05:41
28-Apr-19,5:05:41
28-Apr-19,5:05:41
28-Apr-19,5:05:44
28-Apr-19,5:05:46
28-Apr-19,5:05:46
28-Apr-19,5:05:46
28-Apr-19,5:05:49
28-Apr-19,5:05:51
28-Apr-19,5:05:51
28-Apr-19,5:05:51
28-Apr-19,5:05:54
28-Apr-19,5:05:59
28-Apr-19,5:06:04
28-Apr-19,5:06:06
28-Apr-19,5:06:06
28-Apr-19,5:06:06
28-Apr-19,5:06:09
28-Apr-19,5:06:11
28-Apr-19,5:06:11
28-Apr-19,5:06:11
28-Apr-19,5:06:14
28-Apr-19,5:06:16
28-Apr-19,5:06:16
28-Apr-19,5:06:16
28-Apr-19,5:06:19
28-Apr-19,5:06:21
28-Apr-19,5:06:21
28-Apr-19,5:06:21
28-Apr-19,5:06:24
28-Apr-19,5:06:26
28-Apr-19,5:06:26
28-Apr-19,5:06:26
28-Apr-19,5:06:29
28-Apr-19,5:06:31
28-Apr-19,5:06:31
28-Apr-19,5:06:31
28-Apr-19,5:06:34
28-Apr-19,5:06:36
28-Apr-19,5:06:36
28-Apr-19,5:06:36
28-Apr-19,5:06:39
28-Apr-19,5:06:41
28-Apr-19,5:06:41
28-Apr-19,5:06:41
28-Apr-19,5:06:44
28-Apr-19,5:06:46
28-Apr-19,5:06:46
28-Apr-19,5:06:46
28-Apr-19,5:06:49
28-Apr-19,5:06:51
28-Apr-19,5:06:51
28-Apr-19,5:06:51
28-Apr-19,5:06:54
28-Apr-19,5:07:01
28-Apr-19,5:07:01
28-Apr-19,5:07:01
28-Apr-19,5:07:04
28-Apr-19,5:07:06
28-Apr-19,5:07:06
28-Apr-19,5:07:06
28-Apr-19,5:07:09
28-Apr-19,5:07:14
28-Apr-19,5:07:16
28-Apr-19,5:07:16
28-Apr-19,5:07:16
28-Apr-19,5:07:19
28-Apr-19,5:07:21
28-Apr-19,5:07:21
28-Apr-19,5:07:21
28-Apr-19,5:07:26
28-Apr-19,5:07:26
28-Apr-19,5:07:26
28-Apr-19,5:07:29
28-Apr-19,5:07:31
28-Apr-19,5:07:31
28-Apr-19,5:07:31
28-Apr-19,5:07:34
28-Apr-19,5:07:36
28-Apr-19,5:07:36
28-Apr-19,5:07:36
28-Apr-19,5:07:39
28-Apr-19,5:07:41
28-Apr-19,5:07:41
28-Apr-19,5:07:41
28-Apr-19,5:07:44
28-Apr-19,5:07:46
28-Apr-19,5:07:46
28-Apr-19,5:07:46
28-Apr-19,5:07:49
28-Apr-19,5:07:51
28-Apr-19,5:07:51
28-Apr-19,5:07:51
28-Apr-19,5:07:54
28-Apr-19,5:08:04
28-Apr-19,5:08:06
28-Apr-19,5:08:06
28-Apr-19,5:08:06
28-Apr-19,5:08:09
28-Apr-19,5:08:11
28-Apr-19,5:08:11
28-Apr-19,5:08:11
28-Apr-19,5:08:14
28-Apr-19,5:08:16
28-Apr-19,5:08:16
28-Apr-19,5:08:16
28-Apr-19,5:08:19
28-Apr-19,5:08:21
28-Apr-19,5:08:21
28-Apr-19,5:08:21
28-Apr-19,5:08:24
28-Apr-19,5:08:26
28-Apr-19,5:08:26
28-Apr-19,5:08:26
28-Apr-19,5:08:29
28-Apr-19,5:08:31
28-Apr-19,5:08:31
28-Apr-19,5:08:31
28-Apr-19,5:08:34
28-Apr-19,5:08:36
28-Apr-19,5:08:36
28-Apr-19,5:08:36
28-Apr-19,5:08:39
28-Apr-19,5:08:41
28-Apr-19,5:08:41
28-Apr-19,5:08:41
28-Apr-19,5:08:44
28-Apr-19,5:08:46
28-Apr-19,5:08:46
28-Apr-19,5:08:46
28-Apr-19,5:08:49
28-Apr-19,5:08:51
28-Apr-19,5:08:51
28-Apr-19,5:08:51
28-Apr-19,5:08:54
28-Apr-19,5:09:01
28-Apr-19,5:09:01
28-Apr-19,5:09:01
28-Apr-19,5:09:04
28-Apr-19,5:09:06
28-Apr-19,5:09:06
28-Apr-19,5:09:06
28-Apr-19,5:09:11
28-Apr-19,5:09:11
28-Apr-19,5:09:11
28-Apr-19,5:09:14
28-Apr-19,5:09:16
28-Apr-19,5:09:16
28-Apr-19,5:09:16
28-Apr-19,5:09:19
28-Apr-19,5:09:21
28-Apr-19,5:09:21
28-Apr-19,5:09:21
28-Apr-19,5:09:24
28-Apr-19,5:09:26
28-Apr-19,5:09:26
28-Apr-19,5:09:26
28-Apr-19,5:09:29
28-Apr-19,5:09:31
28-Apr-19,5:09:31
28-Apr-19,5:09:31
28-Apr-19,5:09:34
28-Apr-19,5:09:36
28-Apr-19,5:09:36
28-Apr-19,5:09:36
28-Apr-19,5:09:39
28-Apr-19,5:09:41
28-Apr-19,5:09:41
28-Apr-19,5:09:41
28-Apr-19,5:09:44
28-Apr-19,5:09:46
28-Apr-19,5:09:46
28-Apr-19,5:09:46
28-Apr-19,5:09:49
28-Apr-19,5:09:51
28-Apr-19,5:09:51
28-Apr-19,5:09:51
28-Apr-19,5:09:54
28-Apr-19,5:10:04
28-Apr-19,5:10:06
28-Apr-19,5:10:06
28-Apr-19,5:10:06
28-Apr-19,5:10:09
28-Apr-19,5:10:11
28-Apr-19,5:10:11
28-Apr-19,5:10:11
28-Apr-19,5:10:14
28-Apr-19,5:10:16
28-Apr-19,5:10:16
28-Apr-19,5:10:16
28-Apr-19,5:10:19
28-Apr-19,5:10:21
28-Apr-19,5:10:21
28-Apr-19,5:10:21
28-Apr-19,5:10:24
28-Apr-19,5:10:26
28-Apr-19,5:10:26
28-Apr-19,5:10:26
28-Apr-19,5:10:29
28-Apr-19,5:10:31
28-Apr-19,5:10:31
28-Apr-19,5:10:31
28-Apr-19,5:10:34
28-Apr-19,5:10:36
28-Apr-19,5:10:36
28-Apr-19,5:10:36
28-Apr-19,5:10:39
28-Apr-19,5:10:44
28-Apr-19,5:10:46
28-Apr-19,5:10:46
28-Apr-19,5:10:46
28-Apr-19,5:10:49
28-Apr-19,5:10:51
28-Apr-19,5:10:51
28-Apr-19,5:10:51
28-Apr-19,5:10:54
28-Apr-19,5:11:04
28-Apr-19,5:11:06
28-Apr-19,5:11:06
28-Apr-19,5:11:06
28-Apr-19,5:11:09
28-Apr-19,5:11:11
28-Apr-19,5:11:11
28-Apr-19,5:11:11
28-Apr-19,5:11:14
28-Apr-19,5:11:19
28-Apr-19,5:11:21
28-Apr-19,5:11:21
28-Apr-19,5:11:21
28-Apr-19,5:11:24
28-Apr-19,5:11:26
28-Apr-19,5:11:26
28-Apr-19,5:11:26
28-Apr-19,5:11:29
28-Apr-19,5:11:31
28-Apr-19,5:11:31
28-Apr-19,5:11:31
28-Apr-19,5:11:34
28-Apr-19,5:11:36
28-Apr-19,5:11:36
28-Apr-19,5:11:36
28-Apr-19,5:11:44
28-Apr-19,5:11:46
28-Apr-19,5:11:46
28-Apr-19,5:11:46
28-Apr-19,5:11:49
28-Apr-19,5:11:51
28-Apr-19,5:11:51
28-Apr-19,5:11:51
28-Apr-19,5:11:54
28-Apr-19,5:12:04
28-Apr-19,5:12:06
28-Apr-19,5:12:06
28-Apr-19,5:12:06
28-Apr-19,5:12:09
28-Apr-19,5:12:11
28-Apr-19,5:12:11
28-Apr-19,5:12:11
28-Apr-19,5:12:14
28-Apr-19,5:12:16
28-Apr-19,5:12:16
28-Apr-19,5:12:16
28-Apr-19,5:12:19
28-Apr-19,5:12:21
28-Apr-19,5:12:21
28-Apr-19,5:12:21
28-Apr-19,5:12:24
28-Apr-19,5:12:29
28-Apr-19,5:12:31
28-Apr-19,5:12:31
28-Apr-19,5:12:31
28-Apr-19,5:12:34
28-Apr-19,5:12:36
28-Apr-19,5:12:36
28-Apr-19,5:12:36
28-Apr-19,5:12:39
28-Apr-19,5:12:41
28-Apr-19,5:12:41
28-Apr-19,5:12:41
28-Apr-19,5:12:44
28-Apr-19,5:12:46
28-Apr-19,5:12:46
28-Apr-19,5:12:46
28-Apr-19,5:12:49
28-Apr-19,5:12:51
28-Apr-19,5:12:51
28-Apr-19,5:12:51
28-Apr-19,5:12:54
28-Apr-19,5:13:04
28-Apr-19,5:13:06
28-Apr-19,5:13:06
28-Apr-19,5:13:06
28-Apr-19,5:13:09
28-Apr-19,5:13:11
28-Apr-19,5:13:11
28-Apr-19,5:13:11
28-Apr-19,5:13:16
28-Apr-19,5:13:16
28-Apr-19,5:13:16
28-Apr-19,5:13:19
28-Apr-19,5:13:21
28-Apr-19,5:13:21
28-Apr-19,5:13:21
28-Apr-19,5:13:24
28-Apr-19,5:13:26
28-Apr-19,5:13:26
28-Apr-19,5:13:26
28-Apr-19,5:13:29
28-Apr-19,5:13:31
28-Apr-19,5:13:31
28-Apr-19,5:13:31
28-Apr-19,5:13:34
28-Apr-19,5:13:36
28-Apr-19,5:13:36
28-Apr-19,5:13:36
28-Apr-19,5:13:41
28-Apr-19,5:13:41
28-Apr-19,5:13:41
28-Apr-19,5:13:46
28-Apr-19,5:13:46
28-Apr-19,5:13:46
28-Apr-19,5:13:49
28-Apr-19,5:13:51
28-Apr-19,5:13:51
28-Apr-19,5:13:51
28-Apr-19,5:13:54
28-Apr-19,5:14:04
28-Apr-19,5:14:06
28-Apr-19,5:14:06
28-Apr-19,5:14:06
28-Apr-19,5:14:09
28-Apr-19,5:14:11
28-Apr-19,5:14:11
28-Apr-19,5:14:11
28-Apr-19,5:14:14
28-Apr-19,5:14:16
28-Apr-19,5:14:16
28-Apr-19,5:14:16
28-Apr-19,5:14:19
28-Apr-19,5:14:21
28-Apr-19,5:14:21
28-Apr-19,5:14:21
28-Apr-19,5:14:24
28-Apr-19,5:14:26
28-Apr-19,5:14:26
28-Apr-19,5:14:26
28-Apr-19,5:14:29
28-Apr-19,5:14:31
28-Apr-19,5:14:31
28-Apr-19,5:14:31
28-Apr-19,5:14:34
28-Apr-19,5:14:36
28-Apr-19,5:14:36
28-Apr-19,5:14:36
28-Apr-19,5:14:39
28-Apr-19,5:14:41
28-Apr-19,5:14:41
28-Apr-19,5:14:41
28-Apr-19,5:14:44
28-Apr-19,5:14:46
28-Apr-19,5:14:46
28-Apr-19,5:14:46
28-Apr-19,5:14:49
28-Apr-19,5:14:51
28-Apr-19,5:14:51
28-Apr-19,5:14:51
28-Apr-19,5:14:54
28-Apr-19,5:15:04
28-Apr-19,5:15:06
28-Apr-19,5:15:06
28-Apr-19,5:15:06
28-Apr-19,5:15:09
28-Apr-19,5:15:11
28-Apr-19,5:15:11
28-Apr-19,5:15:11
28-Apr-19,5:15:14
28-Apr-19,5:15:16
28-Apr-19,5:15:16
28-Apr-19,5:15:16
28-Apr-19,5:15:19
28-Apr-19,5:15:21
28-Apr-19,5:15:21
28-Apr-19,5:15:21
28-Apr-19,5:15:24
28-Apr-19,5:15:26
28-Apr-19,5:15:26
28-Apr-19,5:15:26
28-Apr-19,5:15:29
28-Apr-19,5:15:31
28-Apr-19,5:15:31
28-Apr-19,5:15:31
28-Apr-19,5:15:34
28-Apr-19,5:15:36
28-Apr-19,5:15:36
28-Apr-19,5:15:36
28-Apr-19,5:15:39
28-Apr-19,5:15:41
28-Apr-19,5:15:41
28-Apr-19,5:15:41
28-Apr-19,5:15:46
28-Apr-19,5:15:46
28-Apr-19,5:15:46
28-Apr-19,5:15:49
28-Apr-19,5:15:54
28-Apr-19,5:16:04
28-Apr-19,5:16:06
28-Apr-19,5:16:06
28-Apr-19,5:16:06
28-Apr-19,5:16:09
28-Apr-19,5:16:11
28-Apr-19,5:16:11
28-Apr-19,5:16:11
28-Apr-19,5:16:14
28-Apr-19,5:16:16
28-Apr-19,5:16:16
28-Apr-19,5:16:16
28-Apr-19,5:16:19
28-Apr-19,5:16:21
28-Apr-19,5:16:21
28-Apr-19,5:16:21
28-Apr-19,5:16:24
28-Apr-19,5:16:26
28-Apr-19,5:16:26
28-Apr-19,5:16:26
28-Apr-19,5:16:29
28-Apr-19,5:16:31
28-Apr-19,5:16:31
28-Apr-19,5:16:31
28-Apr-19,5:16:34
28-Apr-19,5:16:36
28-Apr-19,5:16:36
28-Apr-19,5:16:36
28-Apr-19,5:16:39
28-Apr-19,5:16:41
28-Apr-19,5:16:41
28-Apr-19,5:16:41
28-Apr-19,5:16:44
28-Apr-19,5:16:46
28-Apr-19,5:16:46
28-Apr-19,5:16:46
28-Apr-19,5:16:49
28-Apr-19,5:16:51
28-Apr-19,5:16:51
28-Apr-19,5:16:51
28-Apr-19,5:16:54
28-Apr-19,5:17:04
28-Apr-19,5:17:06
28-Apr-19,5:17:06
28-Apr-19,5:17:06
28-Apr-19,5:17:09
28-Apr-19,5:17:11
28-Apr-19,5:17:11
28-Apr-19,5:17:11
28-Apr-19,5:17:14
28-Apr-19,5:17:19
28-Apr-19,5:17:21
28-Apr-19,5:17:21
28-Apr-19,5:17:21
28-Apr-19,5:17:24
28-Apr-19,5:17:26
28-Apr-19,5:17:26
28-Apr-19,5:17:26
28-Apr-19,5:17:31
28-Apr-19,5:17:31
28-Apr-19,5:17:31
28-Apr-19,5:17:34
28-Apr-19,5:17:36
28-Apr-19,5:17:36
28-Apr-19,5:17:36
28-Apr-19,5:17:39
28-Apr-19,5:17:41
28-Apr-19,5:17:41
28-Apr-19,5:17:41
28-Apr-19,5:17:44
28-Apr-19,5:17:46
28-Apr-19,5:17:46
28-Apr-19,5:17:46
28-Apr-19,5:17:49
28-Apr-19,5:17:51
28-Apr-19,5:17:51
28-Apr-19,5:17:51
28-Apr-19,5:17:54
28-Apr-19,5:18:04
28-Apr-19,5:18:06
28-Apr-19,5:18:06
28-Apr-19,5:18:06
28-Apr-19,5:18:09
28-Apr-19,5:18:11
28-Apr-19,5:18:11
28-Apr-19,5:18:11
28-Apr-19,5:18:14
28-Apr-19,5:18:16
28-Apr-19,5:18:16
28-Apr-19,5:18:16
28-Apr-19,5:18:19
28-Apr-19,5:18:21
28-Apr-19,5:18:21
28-Apr-19,5:18:21
28-Apr-19,5:18:24
28-Apr-19,5:18:26
28-Apr-19,5:18:26
28-Apr-19,5:18:26
28-Apr-19,5:18:29
28-Apr-19,5:18:31
28-Apr-19,5:18:31
28-Apr-19,5:18:31
28-Apr-19,5:18:34
28-Apr-19,5:18:36
28-Apr-19,5:18:36
28-Apr-19,5:18:36
28-Apr-19,5:18:39
28-Apr-19,5:18:41
28-Apr-19,5:18:41
28-Apr-19,5:18:41
28-Apr-19,5:18:44
28-Apr-19,5:18:46
28-Apr-19,5:18:46
28-Apr-19,5:18:46
28-Apr-19,5:18:49
28-Apr-19,5:18:51
28-Apr-19,5:18:51
28-Apr-19,5:18:51
28-Apr-19,5:18:54
28-Apr-19,5:19:06
28-Apr-19,5:19:06
28-Apr-19,5:19:06
28-Apr-19,5:19:09
28-Apr-19,5:19:11
28-Apr-19,5:19:11
28-Apr-19,5:19:11
28-Apr-19,5:19:16
28-Apr-19,5:19:16
28-Apr-19,5:19:16
28-Apr-19,5:19:19
28-Apr-19,5:19:21
28-Apr-19,5:19:21
28-Apr-19,5:19:21
28-Apr-19,5:19:24
28-Apr-19,5:19:26
28-Apr-19,5:19:26
28-Apr-19,5:19:26
28-Apr-19,5:19:29
28-Apr-19,5:19:31
28-Apr-19,5:19:31
28-Apr-19,5:19:31
28-Apr-19,5:19:34
28-Apr-19,5:19:36
28-Apr-19,5:19:36
28-Apr-19,5:19:36
28-Apr-19,5:19:39
28-Apr-19,5:19:41
28-Apr-19,5:19:41
28-Apr-19,5:19:41
28-Apr-19,5:19:44
28-Apr-19,5:19:46
28-Apr-19,5:19:46
28-Apr-19,5:19:46
28-Apr-19,5:19:49
28-Apr-19,5:19:51
28-Apr-19,5:19:51
28-Apr-19,5:19:52
28-Apr-19,4:00:50
28-Apr-19,4:00:55
28-Apr-19,4:01:05
28-Apr-19,4:01:10
28-Apr-19,4:01:15
28-Apr-19,4:01:25
28-Apr-19,4:01:30
28-Apr-19,4:01:35
28-Apr-19,4:01:40
28-Apr-19,4:01:45
28-Apr-19,4:01:50
28-Apr-19,4:01:55
28-Apr-19,4:02:05
28-Apr-19,4:02:10
28-Apr-19,4:02:15
28-Apr-19,4:02:20
28-Apr-19,4:02:25
28-Apr-19,4:02:30
28-Apr-19,4:02:35
28-Apr-19,4:02:40
28-Apr-19,4:02:45
28-Apr-19,4:02:50
28-Apr-19,4:02:55
28-Apr-19,4:03:05
28-Apr-19,4:03:10
28-Apr-19,4:03:15
28-Apr-19,4:03:20
28-Apr-19,4:03:25
28-Apr-19,4:03:30
28-Apr-19,4:03:35
28-Apr-19,4:03:40
28-Apr-19,4:03:45
28-Apr-19,4:03:50
28-Apr-19,4:03:55
28-Apr-19,4:04:00
28-Apr-19,4:04:10
28-Apr-19,4:04:15
28-Apr-19,4:04:20
28-Apr-19,4:04:25
28-Apr-19,4:04:30
28-Apr-19,4:04:35
28-Apr-19,4:04:40
28-Apr-19,4:04:45
28-Apr-19,4:04:50
28-Apr-19,4:04:55
28-Apr-19,4:05:05
28-Apr-19,4:05:10
28-Apr-19,4:05:15
28-Apr-19,4:05:20
28-Apr-19,4:05:25
28-Apr-19,4:05:30
28-Apr-19,4:05:35
28-Apr-19,4:05:40
28-Apr-19,4:05:45
28-Apr-19,4:05:55
28-Apr-19,4:06:05
28-Apr-19,4:06:10
28-Apr-19,4:06:15
28-Apr-19,4:06:20
28-Apr-19,4:06:25
28-Apr-19,4:06:30
28-Apr-19,4:06:30
28-Apr-19,4:06:35
28-Apr-19,4:06:35
28-Apr-19,4:06:40
28-Apr-19,4:06:40
28-Apr-19,4:06:45
28-Apr-19,4:06:45
28-Apr-19,4:06:50
28-Apr-19,4:06:50
28-Apr-19,4:06:55
28-Apr-19,4:06:55
28-Apr-19,4:07:05
28-Apr-19,4:07:05
28-Apr-19,4:07:10
28-Apr-19,4:07:10
28-Apr-19,4:07:15
28-Apr-19,4:07:15
28-Apr-19,4:07:20
28-Apr-19,4:07:20
28-Apr-19,4:07:25
28-Apr-19,4:07:25
28-Apr-19,4:07:30
28-Apr-19,4:07:30
28-Apr-19,4:07:40
28-Apr-19,4:07:40
28-Apr-19,4:07:45
28-Apr-19,4:07:45
28-Apr-19,4:07:50
28-Apr-19,4:07:50
28-Apr-19,4:07:55
28-Apr-19,4:07:55
28-Apr-19,4:08:05
28-Apr-19,4:08:05
28-Apr-19,4:08:10
28-Apr-19,4:08:10
28-Apr-19,4:08:15
28-Apr-19,4:08:15
28-Apr-19,4:08:20
28-Apr-19,4:08:20
28-Apr-19,4:08:25
28-Apr-19,4:08:25
28-Apr-19,4:08:30
28-Apr-19,4:08:30
28-Apr-19,4:08:35
28-Apr-19,4:08:35
28-Apr-19,4:08:40
28-Apr-19,4:08:40
28-Apr-19,4:08:45
28-Apr-19,4:08:45
28-Apr-19,4:08:50
28-Apr-19,4:08:50
28-Apr-19,4:08:55
28-Apr-19,4:08:55
28-Apr-19,4:09:00
28-Apr-19,4:09:00
28-Apr-19,4:09:05
28-Apr-19,4:09:05
28-Apr-19,4:09:10
28-Apr-19,4:09:10
28-Apr-19,4:09:15
28-Apr-19,4:09:15
28-Apr-19,4:09:25
28-Apr-19,4:09:25
28-Apr-19,4:09:30
28-Apr-19,4:09:30
28-Apr-19,4:09:35
28-Apr-19,4:09:35
28-Apr-19,4:09:40
28-Apr-19,4:09:40
28-Apr-19,4:09:45
28-Apr-19,4:09:45
28-Apr-19,4:09:50
28-Apr-19,4:09:50
28-Apr-19,4:09:55
28-Apr-19,4:09:55
28-Apr-19,4:10:05
28-Apr-19,4:10:05
28-Apr-19,4:10:10
28-Apr-19,4:10:10
28-Apr-19,4:10:15
28-Apr-19,4:10:15
28-Apr-19,4:10:20
28-Apr-19,4:10:20
28-Apr-19,4:10:25
28-Apr-19,4:10:25
28-Apr-19,4:10:30
28-Apr-19,4:10:30
28-Apr-19,4:10:35
28-Apr-19,4:10:35
28-Apr-19,4:10:40
28-Apr-19,4:10:40
28-Apr-19,4:10:45
28-Apr-19,4:10:45
28-Apr-19,4:10:50
28-Apr-19,4:10:50
28-Apr-19,4:10:55
28-Apr-19,4:10:55
28-Apr-19,4:11:05
28-Apr-19,4:11:05
28-Apr-19,4:11:10
28-Apr-19,4:11:10
28-Apr-19,4:11:15
28-Apr-19,4:11:15
28-Apr-19,4:11:20
28-Apr-19,4:11:20
28-Apr-19,4:11:25
28-Apr-19,4:11:25
28-Apr-19,4:11:30
28-Apr-19,4:11:30
28-Apr-19,4:11:35
28-Apr-19,4:11:35
28-Apr-19,4:11:40
28-Apr-19,4:11:40
28-Apr-19,4:11:45
28-Apr-19,4:11:45
28-Apr-19,4:11:50
28-Apr-19,4:11:50
28-Apr-19,4:11:55
28-Apr-19,4:11:55
28-Apr-19,4:12:00
28-Apr-19,4:12:00
28-Apr-19,4:12:05
28-Apr-19,4:12:05
28-Apr-19,4:12:10
28-Apr-19,4:12:10
28-Apr-19,4:12:15
28-Apr-19,4:12:15
28-Apr-19,4:12:20
28-Apr-19,4:12:20
28-Apr-19,4:12:25
28-Apr-19,4:12:25
28-Apr-19,4:12:30
28-Apr-19,4:12:30
28-Apr-19,4:12:35
28-Apr-19,5:19:54
28-Apr-19,5:20:02
28-Apr-19,5:20:04
28-Apr-19,5:20:06
28-Apr-19,5:20:07
28-Apr-19,5:20:07
28-Apr-19,5:20:09
28-Apr-19,5:20:11
28-Apr-19,5:20:12
28-Apr-19,5:20:12
28-Apr-19,5:20:14
28-Apr-19,5:20:17
28-Apr-19,5:20:17
28-Apr-19,5:20:19
28-Apr-19,5:20:21
28-Apr-19,5:20:22
28-Apr-19,5:20:22
28-Apr-19,5:20:24
28-Apr-19,5:20:26
28-Apr-19,5:20:27
28-Apr-19,5:20:27
28-Apr-19,5:20:29
28-Apr-19,5:20:31
28-Apr-19,5:20:34
28-Apr-19,5:20:36
28-Apr-19,5:20:37
28-Apr-19,5:20:37
28-Apr-19,5:20:39
28-Apr-19,5:20:41
28-Apr-19,5:20:42
28-Apr-19,5:20:42
28-Apr-19,5:20:44
28-Apr-19,5:20:47
28-Apr-19,5:20:47
28-Apr-19,5:20:49
28-Apr-19,5:20:51
28-Apr-19,5:20:52
28-Apr-19,5:20:52
28-Apr-19,5:20:54
28-Apr-19,5:21:04
28-Apr-19,5:21:06
28-Apr-19,5:21:07
28-Apr-19,5:21:07
28-Apr-19,5:21:09
28-Apr-19,5:21:11
28-Apr-19,5:21:12
28-Apr-19,5:21:12
28-Apr-19,5:21:14
28-Apr-19,5:21:16
28-Apr-19,5:21:17
28-Apr-19,5:21:17
28-Apr-19,5:21:19
28-Apr-19,5:21:21
28-Apr-19,5:21:22
28-Apr-19,5:21:22
28-Apr-19,5:21:26
28-Apr-19,5:21:27
28-Apr-19,5:21:27
28-Apr-19,5:21:29
28-Apr-19,5:21:34
28-Apr-19,5:21:36
28-Apr-19,5:21:37
28-Apr-19,5:21:37
28-Apr-19,5:21:39
28-Apr-19,5:21:41
28-Apr-19,4:12:35
28-Apr-19,4:12:40
28-Apr-19,4:12:40
28-Apr-19,4:12:45
28-Apr-19,4:12:45
28-Apr-19,4:12:50
28-Apr-19,4:12:50
28-Apr-19,4:12:55
28-Apr-19,4:12:55
28-Apr-19,4:13:05
28-Apr-19,4:13:05
28-Apr-19,4:13:10
28-Apr-19,4:13:10
28-Apr-19,4:13:15
28-Apr-19,4:13:15
28-Apr-19,4:13:20
28-Apr-19,4:13:20
28-Apr-19,4:13:25
28-Apr-19,4:13:25
28-Apr-19,4:13:30
28-Apr-19,4:13:30
28-Apr-19,4:13:35
28-Apr-19,4:13:35
28-Apr-19,4:13:45
28-Apr-19,4:13:45
28-Apr-19,4:13:50
28-Apr-19,4:13:50
28-Apr-19,4:13:55
28-Apr-19,4:13:55
28-Apr-19,4:14:05
28-Apr-19,4:14:05
28-Apr-19,4:14:15
28-Apr-19,4:14:15
28-Apr-19,4:14:20
28-Apr-19,4:14:20
28-Apr-19,4:14:25
28-Apr-19,4:14:25
28-Apr-19,4:14:30
28-Apr-19,4:14:30
28-Apr-19,4:14:35
28-Apr-19,4:14:35
28-Apr-19,4:14:40
28-Apr-19,4:14:40
28-Apr-19,4:14:45
28-Apr-19,4:14:45
28-Apr-19,4:14:55
28-Apr-19,4:14:55
28-Apr-19,4:15:05
28-Apr-19,4:15:05
28-Apr-19,4:15:10
28-Apr-19,4:15:10
28-Apr-19,4:15:15
28-Apr-19,4:15:15
28-Apr-19,4:15:20
28-Apr-19,4:15:20
28-Apr-19,4:15:25
28-Apr-19,4:15:25
28-Apr-19,4:15:30
28-Apr-19,4:15:30
28-Apr-19,4:15:35
28-Apr-19,4:15:35
28-Apr-19,4:15:40
28-Apr-19,4:15:40
28-Apr-19,4:15:45
28-Apr-19,4:15:45
28-Apr-19,4:15:50
28-Apr-19,4:15:50
28-Apr-19,4:16:05
28-Apr-19,4:16:05
28-Apr-19,4:16:10
28-Apr-19,4:16:10
28-Apr-19,4:16:15
28-Apr-19,4:16:15
28-Apr-19,4:16:20
28-Apr-19,4:16:20
28-Apr-19,4:16:25
28-Apr-19,4:16:25
28-Apr-19,4:16:30
28-Apr-19,4:16:30
28-Apr-19,4:16:35
28-Apr-19,4:16:35
28-Apr-19,4:16:40
28-Apr-19,4:16:40
28-Apr-19,4:16:45
28-Apr-19,4:16:46
28-Apr-19,4:16:50
28-Apr-19,4:16:51
28-Apr-19,4:16:55
28-Apr-19,4:17:05
28-Apr-19,4:17:06
28-Apr-19,4:17:10
28-Apr-19,4:17:11
28-Apr-19,4:17:15
28-Apr-19,4:17:16
28-Apr-19,4:17:20
28-Apr-19,4:17:21
28-Apr-19,4:17:25
28-Apr-19,4:17:30
28-Apr-19,4:17:31
28-Apr-19,4:17:35
28-Apr-19,4:17:36
28-Apr-19,4:17:41
28-Apr-19,4:17:45
28-Apr-19,4:17:46
28-Apr-19,4:17:50
28-Apr-19,4:17:51
28-Apr-19,4:17:55
28-Apr-19,4:18:05
28-Apr-19,4:18:06
28-Apr-19,4:18:10
28-Apr-19,4:18:11
28-Apr-19,4:18:15
28-Apr-19,4:18:16
28-Apr-19,4:18:20
28-Apr-19,4:18:21
28-Apr-19,4:18:25
28-Apr-19,4:18:26
28-Apr-19,4:18:30
28-Apr-19,4:18:31
28-Apr-19,4:18:35
28-Apr-19,4:18:36
28-Apr-19,4:18:40
28-Apr-19,4:18:41
28-Apr-19,4:18:45
28-Apr-19,4:18:46
28-Apr-19,4:18:50
28-Apr-19,4:18:51
28-Apr-19,4:18:55
28-Apr-19,4:19:05
28-Apr-19,4:19:06
28-Apr-19,4:19:10
28-Apr-19,4:19:15
28-Apr-19,4:19:16
28-Apr-19,4:19:20
28-Apr-19,4:19:21
28-Apr-19,4:19:25
28-Apr-19,4:19:30
28-Apr-19,4:19:31
28-Apr-19,4:19:35
28-Apr-19,4:19:36
28-Apr-19,4:19:40
28-Apr-19,4:19:41
28-Apr-19,4:19:45
28-Apr-19,4:19:46
28-Apr-19,4:19:50
28-Apr-19,4:19:51
28-Apr-19,4:20:05
28-Apr-19,4:20:06
28-Apr-19,4:20:10
28-Apr-19,4:20:11
28-Apr-19,4:20:15
28-Apr-19,4:20:16
28-Apr-19,4:20:20
28-Apr-19,4:20:21
28-Apr-19,4:20:25
28-Apr-19,4:20:26
28-Apr-19,4:20:31
28-Apr-19,4:20:35
28-Apr-19,4:20:36
28-Apr-19,4:20:40
28-Apr-19,4:20:41
28-Apr-19,4:20:45
28-Apr-19,4:20:46
28-Apr-19,4:20:50
28-Apr-19,4:20:51
28-Apr-19,4:20:55
28-Apr-19,4:21:00
28-Apr-19,4:21:05
28-Apr-19,4:21:06
28-Apr-19,4:21:10
28-Apr-19,4:21:11
28-Apr-19,4:21:15
28-Apr-19,4:21:16
28-Apr-19,4:21:20
28-Apr-19,4:21:21
28-Apr-19,4:21:26
28-Apr-19,4:21:30
28-Apr-19,4:21:31
28-Apr-19,4:21:35
28-Apr-19,4:21:36
28-Apr-19,4:21:40
28-Apr-19,4:21:41
28-Apr-19,4:21:45
28-Apr-19,4:21:46
28-Apr-19,4:21:50
28-Apr-19,4:21:51
28-Apr-19,4:21:55
28-Apr-19,4:22:01
28-Apr-19,4:22:05
28-Apr-19,4:22:06
28-Apr-19,4:22:10
28-Apr-19,4:22:11
28-Apr-19,4:22:20
28-Apr-19,4:22:21
28-Apr-19,5:21:42
28-Apr-19,5:21:42
28-Apr-19,5:21:44
28-Apr-19,5:21:46
28-Apr-19,5:21:47
28-Apr-19,5:21:47
28-Apr-19,5:21:49
28-Apr-19,5:21:51
28-Apr-19,5:21:52
28-Apr-19,5:21:52
28-Apr-19,5:21:54
28-Apr-19,5:21:57
28-Apr-19,5:21:57
28-Apr-19,5:22:06
28-Apr-19,5:22:07
28-Apr-19,5:22:07
28-Apr-19,5:22:09
28-Apr-19,5:22:11
28-Apr-19,5:22:12
28-Apr-19,5:22:12
28-Apr-19,5:22:16
28-Apr-19,5:22:19
28-Apr-19,5:22:21
28-Apr-19,5:22:22
28-Apr-19,5:22:22
28-Apr-19,5:22:24
28-Apr-19,5:22:26
28-Apr-19,5:22:27
28-Apr-19,5:22:27
28-Apr-19,5:22:29
28-Apr-19,5:22:32
28-Apr-19,5:22:32
28-Apr-19,5:22:34
28-Apr-19,5:22:36
28-Apr-19,5:22:37
28-Apr-19,5:22:37
28-Apr-19,5:22:39
28-Apr-19,5:22:41
28-Apr-19,5:22:42
28-Apr-19,5:22:42
28-Apr-19,5:22:44
28-Apr-19,5:22:46
28-Apr-19,5:22:47
28-Apr-19,5:22:47
28-Apr-19,5:22:49
28-Apr-19,5:22:51
28-Apr-19,5:22:52
28-Apr-19,5:22:52
28-Apr-19,5:22:54
28-Apr-19,5:23:04
28-Apr-19,5:23:06
28-Apr-19,5:23:07
28-Apr-19,5:23:07
28-Apr-19,5:23:09
28-Apr-19,5:23:11
28-Apr-19,5:23:12
28-Apr-19,5:23:12
28-Apr-19,5:23:14
28-Apr-19,5:23:16
28-Apr-19,5:23:17
28-Apr-19,5:23:17
28-Apr-19,5:23:19
28-Apr-19,5:23:21
28-Apr-19,5:23:22
28-Apr-19,5:23:22
28-Apr-19,4:22:25
28-Apr-19,4:22:26
28-Apr-19,4:22:30
28-Apr-19,4:22:31
28-Apr-19,4:22:36
28-Apr-19,4:22:40
28-Apr-19,4:22:41
28-Apr-19,4:22:45
28-Apr-19,4:22:46
28-Apr-19,4:22:50
28-Apr-19,4:22:51
28-Apr-19,4:22:55
28-Apr-19,4:23:00
28-Apr-19,4:23:05
28-Apr-19,4:23:06
28-Apr-19,4:23:10
28-Apr-19,4:23:11
28-Apr-19,4:23:15
28-Apr-19,4:23:16
28-Apr-19,4:23:20
28-Apr-19,4:23:21
28-Apr-19,4:23:25
28-Apr-19,4:23:26
28-Apr-19,4:23:30
28-Apr-19,4:23:31
28-Apr-19,4:23:35
28-Apr-19,4:23:36
28-Apr-19,4:23:40
28-Apr-19,4:23:41
28-Apr-19,4:23:46
28-Apr-19,4:23:50
28-Apr-19,4:23:51
28-Apr-19,4:23:53
28-Apr-19,4:23:55
28-Apr-19,4:24:03
28-Apr-19,4:24:05
28-Apr-19,4:24:06
28-Apr-19,4:24:08
28-Apr-19,4:24:10
28-Apr-19,4:24:11
28-Apr-19,4:24:13
28-Apr-19,4:24:15
28-Apr-19,4:24:16
28-Apr-19,4:24:18
28-Apr-19,4:24:20
28-Apr-19,4:24:21
28-Apr-19,4:24:23
28-Apr-19,4:24:25
28-Apr-19,4:24:26
28-Apr-19,4:24:28
28-Apr-19,4:24:30
28-Apr-19,4:24:31
28-Apr-19,4:24:33
28-Apr-19,4:24:35
28-Apr-19,4:24:36
28-Apr-19,4:24:38
28-Apr-19,4:24:40
28-Apr-19,4:24:41
28-Apr-19,4:24:48
28-Apr-19,4:24:50
28-Apr-19,4:24:51
28-Apr-19,4:24:53
28-Apr-19,4:24:55
28-Apr-19,4:25:01
28-Apr-19,4:25:03
28-Apr-19,4:25:05
28-Apr-19,4:25:08
28-Apr-19,4:25:10
28-Apr-19,4:25:13
28-Apr-19,4:25:15
28-Apr-19,4:25:16
28-Apr-19,4:25:18
28-Apr-19,4:25:20
28-Apr-19,4:25:21
28-Apr-19,4:25:23
28-Apr-19,4:25:25
28-Apr-19,4:25:26
28-Apr-19,4:25:30
28-Apr-19,4:25:31
28-Apr-19,4:25:33
28-Apr-19,4:25:35
28-Apr-19,4:25:36
28-Apr-19,4:25:38
28-Apr-19,4:25:40
28-Apr-19,4:25:41
28-Apr-19,4:25:43
28-Apr-19,4:25:48
28-Apr-19,4:25:50
28-Apr-19,4:25:51
28-Apr-19,4:25:53
28-Apr-19,4:25:55
28-Apr-19,4:26:05
28-Apr-19,4:26:06
28-Apr-19,4:26:08
28-Apr-19,4:26:10
28-Apr-19,4:26:11
28-Apr-19,4:26:15
28-Apr-19,4:26:16
28-Apr-19,4:26:18
28-Apr-19,4:26:20
28-Apr-19,4:26:21
28-Apr-19,4:26:23
28-Apr-19,4:26:25
28-Apr-19,4:26:26
28-Apr-19,4:26:28
28-Apr-19,4:26:30
28-Apr-19,4:26:31
28-Apr-19,4:26:33
28-Apr-19,4:26:35
28-Apr-19,4:26:36
28-Apr-19,4:26:38
28-Apr-19,4:26:40
28-Apr-19,4:26:41
28-Apr-19,4:26:43
28-Apr-19,4:26:45
28-Apr-19,4:26:46
28-Apr-19,4:26:48
28-Apr-19,4:26:50
28-Apr-19,4:26:51
28-Apr-19,4:26:53
28-Apr-19,4:26:55
28-Apr-19,4:27:01
28-Apr-19,4:27:03
28-Apr-19,4:27:05
28-Apr-19,4:27:06
28-Apr-19,4:27:08
28-Apr-19,4:27:10
28-Apr-19,4:27:11
28-Apr-19,4:27:13
28-Apr-19,4:27:15
28-Apr-19,4:27:16
28-Apr-19,5:23:24
28-Apr-19,5:23:26
28-Apr-19,5:23:27
28-Apr-19,5:23:27
28-Apr-19,5:23:29
28-Apr-19,5:23:31
28-Apr-19,5:23:34
28-Apr-19,5:23:36
28-Apr-19,5:23:37
28-Apr-19,5:23:37
28-Apr-19,5:23:39
28-Apr-19,5:23:41
28-Apr-19,5:23:42
28-Apr-19,5:23:42
28-Apr-19,5:23:44
28-Apr-19,5:23:46
28-Apr-19,5:23:47
28-Apr-19,5:23:47
28-Apr-19,5:23:51
28-Apr-19,5:23:52
28-Apr-19,5:23:52
28-Apr-19,5:23:54
28-Apr-19,5:24:06
28-Apr-19,5:24:07
28-Apr-19,5:24:07
28-Apr-19,5:24:09
28-Apr-19,5:24:11
28-Apr-19,5:24:12
28-Apr-19,5:24:12
28-Apr-19,5:24:14
28-Apr-19,5:24:16
28-Apr-19,5:24:17
28-Apr-19,5:24:17
28-Apr-19,5:24:19
28-Apr-19,5:24:21
28-Apr-19,5:24:22
28-Apr-19,5:24:22
28-Apr-19,5:24:24
28-Apr-19,5:24:26
28-Apr-19,5:24:27
28-Apr-19,5:24:27
28-Apr-19,5:24:29
28-Apr-19,5:24:31
28-Apr-19,5:24:32
28-Apr-19,5:24:32
28-Apr-19,5:24:36
28-Apr-19,5:24:37
28-Apr-19,5:24:37
28-Apr-19,5:24:39
28-Apr-19,5:24:41
28-Apr-19,5:24:42
28-Apr-19,5:24:42
28-Apr-19,5:24:44
28-Apr-19,5:24:46
28-Apr-19,5:24:47
28-Apr-19,5:24:47
28-Apr-19,5:24:49
28-Apr-19,5:24:51
28-Apr-19,5:24:52
28-Apr-19,5:24:52
28-Apr-19,5:24:54
28-Apr-19,5:25:02
28-Apr-19,5:25:02
28-Apr-19,5:25:04
28-Apr-19,5:25:06
28-Apr-19,4:27:20
28-Apr-19,4:27:21
28-Apr-19,4:27:25
28-Apr-19,4:27:26
28-Apr-19,4:27:28
28-Apr-19,4:27:30
28-Apr-19,4:27:33
28-Apr-19,4:27:35
28-Apr-19,4:27:36
28-Apr-19,4:27:38
28-Apr-19,4:27:40
28-Apr-19,4:27:41
28-Apr-19,4:27:43
28-Apr-19,4:27:45
28-Apr-19,4:27:46
28-Apr-19,4:27:48
28-Apr-19,4:27:50
28-Apr-19,4:27:51
28-Apr-19,4:27:53
28-Apr-19,4:27:55
28-Apr-19,4:28:01
28-Apr-19,4:28:03
28-Apr-19,4:28:05
28-Apr-19,4:28:06
28-Apr-19,4:28:08
28-Apr-19,4:28:10
28-Apr-19,4:28:11
28-Apr-19,4:28:15
28-Apr-19,4:28:16
28-Apr-19,4:28:18
28-Apr-19,4:28:20
28-Apr-19,4:28:21
28-Apr-19,4:28:23
28-Apr-19,4:28:25
28-Apr-19,4:28:26
28-Apr-19,4:28:28
28-Apr-19,4:28:30
28-Apr-19,4:28:31
28-Apr-19,4:28:33
28-Apr-19,4:28:35
28-Apr-19,4:28:36
28-Apr-19,4:28:38
28-Apr-19,4:28:40
28-Apr-19,4:28:41
28-Apr-19,4:28:43
28-Apr-19,4:28:45
28-Apr-19,4:28:46
28-Apr-19,4:28:48
28-Apr-19,4:28:50
28-Apr-19,4:28:51
28-Apr-19,4:28:55
28-Apr-19,4:29:05
28-Apr-19,4:29:06
28-Apr-19,4:29:08
28-Apr-19,4:29:10
28-Apr-19,4:29:11
28-Apr-19,4:29:13
28-Apr-19,4:29:15
28-Apr-19,4:29:16
28-Apr-19,4:29:18
28-Apr-19,4:29:20
28-Apr-19,4:29:21
28-Apr-19,4:29:23
28-Apr-19,4:29:25
28-Apr-19,4:29:26
28-Apr-19,5:25:07
28-Apr-19,5:25:07
28-Apr-19,5:25:09
28-Apr-19,5:25:11
28-Apr-19,5:25:12
28-Apr-19,5:25:12
28-Apr-19,5:25:14
28-Apr-19,5:25:16
28-Apr-19,5:25:17
28-Apr-19,5:25:17
28-Apr-19,5:25:19
28-Apr-19,5:25:22
28-Apr-19,5:25:22
28-Apr-19,5:25:24
28-Apr-19,5:25:26
28-Apr-19,5:25:27
28-Apr-19,5:25:27
28-Apr-19,5:25:29
28-Apr-19,5:25:31
28-Apr-19,5:25:36
28-Apr-19,5:25:37
28-Apr-19,5:25:37
28-Apr-19,5:25:39
28-Apr-19,5:25:41
28-Apr-19,5:25:42
28-Apr-19,5:25:42
28-Apr-19,5:25:44
28-Apr-19,5:25:46
28-Apr-19,5:25:47
28-Apr-19,5:25:47
28-Apr-19,5:25:49
28-Apr-19,5:25:51
28-Apr-19,5:25:54
28-Apr-19,5:26:04
28-Apr-19,5:26:06
28-Apr-19,5:26:07
28-Apr-19,5:26:07
28-Apr-19,5:26:09
28-Apr-19,5:26:11
28-Apr-19,5:26:12
28-Apr-19,5:26:12
28-Apr-19,5:26:14
28-Apr-19,5:26:16
28-Apr-19,5:26:17
28-Apr-19,5:26:17
28-Apr-19,5:26:19
28-Apr-19,5:26:21
28-Apr-19,5:26:22
28-Apr-19,5:26:22
28-Apr-19,5:26:24
28-Apr-19,5:26:26
28-Apr-19,5:26:27
28-Apr-19,5:26:27
28-Apr-19,5:26:29
28-Apr-19,5:26:31
28-Apr-19,5:26:32
28-Apr-19,5:26:32
28-Apr-19,5:26:34
28-Apr-19,5:26:36
28-Apr-19,5:26:37
28-Apr-19,5:26:37
28-Apr-19,5:26:39
28-Apr-19,5:26:41
28-Apr-19,5:26:42
28-Apr-19,5:26:42
28-Apr-19,4:29:28
28-Apr-19,4:29:30
28-Apr-19,4:29:31
28-Apr-19,4:29:33
28-Apr-19,4:29:35
28-Apr-19,4:29:36
28-Apr-19,4:29:38
28-Apr-19,4:29:40
28-Apr-19,4:29:41
28-Apr-19,4:29:45
28-Apr-19,4:29:46
28-Apr-19,4:29:48
28-Apr-19,4:29:50
28-Apr-19,4:29:51
28-Apr-19,4:29:53
28-Apr-19,4:29:55
28-Apr-19,4:30:00
28-Apr-19,4:30:01
28-Apr-19,4:30:05
28-Apr-19,4:30:06
28-Apr-19,4:30:08
28-Apr-19,4:30:10
28-Apr-19,4:30:11
28-Apr-19,4:30:13
28-Apr-19,4:30:15
28-Apr-19,4:30:16
28-Apr-19,4:30:18
28-Apr-19,4:30:20
28-Apr-19,4:30:21
28-Apr-19,4:30:23
28-Apr-19,4:30:25
28-Apr-19,4:30:26
28-Apr-19,4:30:28
28-Apr-19,4:30:30
28-Apr-19,4:30:31
28-Apr-19,4:30:33
28-Apr-19,4:30:36
28-Apr-19,4:30:38
28-Apr-19,4:30:40
28-Apr-19,4:30:41
28-Apr-19,4:30:43
28-Apr-19,4:30:45
28-Apr-19,4:30:46
28-Apr-19,4:30:50
28-Apr-19,4:30:51
28-Apr-19,4:30:53
28-Apr-19,4:30:55
28-Apr-19,4:30:58
28-Apr-19,4:31:03
28-Apr-19,4:31:05
28-Apr-19,4:31:06
28-Apr-19,4:31:08
28-Apr-19,4:31:10
28-Apr-19,4:31:11
28-Apr-19,4:31:13
28-Apr-19,4:31:15
28-Apr-19,4:31:16
28-Apr-19,4:31:18
28-Apr-19,4:31:20
28-Apr-19,4:31:21
28-Apr-19,4:31:23
28-Apr-19,4:31:25
28-Apr-19,4:31:26
28-Apr-19,4:31:28
28-Apr-19,4:31:30
28-Apr-19,4:31:31
28-Apr-19,4:31:33
28-Apr-19,4:31:35
28-Apr-19,4:31:36
28-Apr-19,4:31:38
28-Apr-19,4:31:40
28-Apr-19,4:31:41
28-Apr-19,4:31:43
28-Apr-19,4:31:45
28-Apr-19,4:31:46
28-Apr-19,4:31:48
28-Apr-19,4:31:50
28-Apr-19,4:31:51
28-Apr-19,4:31:53
28-Apr-19,4:31:55
28-Apr-19,4:32:01
28-Apr-19,4:32:03
28-Apr-19,4:32:05
28-Apr-19,4:32:06
28-Apr-19,4:32:08
28-Apr-19,4:32:10
28-Apr-19,4:32:11
28-Apr-19,4:32:13
28-Apr-19,4:32:15
28-Apr-19,4:32:16
28-Apr-19,4:32:18
28-Apr-19,4:32:23
28-Apr-19,4:32:25
28-Apr-19,4:32:26
28-Apr-19,4:32:28
28-Apr-19,4:32:30
28-Apr-19,4:32:31
28-Apr-19,4:32:35
28-Apr-19,4:32:36
28-Apr-19,4:32:38
28-Apr-19,4:32:40
28-Apr-19,4:32:41
28-Apr-19,4:32:43
28-Apr-19,4:32:45
28-Apr-19,4:32:46
28-Apr-19,4:32:48
28-Apr-19,4:32:50
28-Apr-19,4:32:51
28-Apr-19,4:32:53
28-Apr-19,4:32:55
28-Apr-19,4:33:00
28-Apr-19,4:33:03
28-Apr-19,4:33:05
28-Apr-19,4:33:06
28-Apr-19,4:33:08
28-Apr-19,4:33:10
28-Apr-19,4:33:11
28-Apr-19,4:33:13
28-Apr-19,4:33:15
28-Apr-19,4:33:16
28-Apr-19,4:33:18
28-Apr-19,4:33:21
28-Apr-19,4:33:23
28-Apr-19,4:33:25
28-Apr-19,4:33:26
28-Apr-19,4:33:28
28-Apr-19,4:33:30
28-Apr-19,4:33:31
28-Apr-19,4:33:33
28-Apr-19,4:33:35
28-Apr-19,4:33:36
28-Apr-19,4:33:38
28-Apr-19,4:33:40
28-Apr-19,4:33:41
28-Apr-19,4:33:43
28-Apr-19,4:33:45
28-Apr-19,4:33:46
28-Apr-19,4:33:48
28-Apr-19,4:33:50
28-Apr-19,4:33:50
28-Apr-19,4:33:51
28-Apr-19,4:33:53
28-Apr-19,4:33:55
28-Apr-19,4:33:55
28-Apr-19,4:34:01
28-Apr-19,4:34:03
28-Apr-19,4:34:08
28-Apr-19,4:34:10
28-Apr-19,4:34:10
28-Apr-19,4:34:11
28-Apr-19,4:34:13
28-Apr-19,4:34:15
28-Apr-19,4:34:15
28-Apr-19,4:34:16
28-Apr-19,4:34:18
28-Apr-19,4:34:21
28-Apr-19,4:34:23
28-Apr-19,4:34:25
28-Apr-19,4:34:25
28-Apr-19,4:34:26
28-Apr-19,4:34:28
28-Apr-19,4:34:30
28-Apr-19,4:34:30
28-Apr-19,4:34:31
28-Apr-19,4:34:33
28-Apr-19,4:34:35
28-Apr-19,4:34:35
28-Apr-19,4:34:38
28-Apr-19,4:34:40
28-Apr-19,4:34:40
28-Apr-19,4:34:41
28-Apr-19,4:34:43
28-Apr-19,4:34:45
28-Apr-19,4:34:45
28-Apr-19,4:34:46
28-Apr-19,4:34:48
28-Apr-19,4:34:50
28-Apr-19,4:34:50
28-Apr-19,4:34:51
28-Apr-19,4:34:53
28-Apr-19,4:34:55
28-Apr-19,4:34:55
28-Apr-19,4:35:03
28-Apr-19,4:35:05
28-Apr-19,4:35:05
28-Apr-19,4:35:06
28-Apr-19,4:35:08
28-Apr-19,4:35:10
28-Apr-19,4:35:11
28-Apr-19,4:35:11
28-Apr-19,4:35:13
28-Apr-19,4:35:15
28-Apr-19,4:35:18
28-Apr-19,4:35:20
28-Apr-19,4:35:21
28-Apr-19,4:35:21
28-Apr-19,4:35:23
28-Apr-19,4:35:25
28-Apr-19,4:35:26
28-Apr-19,4:35:26
28-Apr-19,4:35:28
28-Apr-19,4:35:30
28-Apr-19,4:35:31
28-Apr-19,4:35:31
28-Apr-19,4:35:33
28-Apr-19,4:35:35
28-Apr-19,4:35:40
28-Apr-19,4:35:41
28-Apr-19,4:35:41
28-Apr-19,4:35:43
28-Apr-19,4:35:45
28-Apr-19,4:35:46
28-Apr-19,4:35:46
28-Apr-19,4:35:48
28-Apr-19,4:35:53
28-Apr-19,4:35:55
28-Apr-19,4:36:00
28-Apr-19,4:36:01
28-Apr-19,4:36:01
28-Apr-19,4:36:03
28-Apr-19,4:36:05
28-Apr-19,4:36:06
28-Apr-19,4:36:06
28-Apr-19,4:36:08
28-Apr-19,4:36:10
28-Apr-19,4:36:11
28-Apr-19,4:36:11
28-Apr-19,4:36:13
28-Apr-19,4:36:15
28-Apr-19,4:36:16
28-Apr-19,4:36:16
28-Apr-19,4:36:18
28-Apr-19,4:36:20
28-Apr-19,4:36:21
28-Apr-19,4:36:21
28-Apr-19,4:36:23
28-Apr-19,4:36:25
28-Apr-19,4:36:26
28-Apr-19,4:36:26
28-Apr-19,4:36:28
28-Apr-19,4:36:30
28-Apr-19,4:36:31
28-Apr-19,4:36:31
28-Apr-19,4:36:33
28-Apr-19,4:36:35
28-Apr-19,4:36:36
28-Apr-19,4:36:36
28-Apr-19,4:36:38
28-Apr-19,4:36:40
28-Apr-19,4:36:41
28-Apr-19,4:36:41
28-Apr-19,4:36:45
28-Apr-19,4:36:46
28-Apr-19,4:36:46
28-Apr-19,4:36:48
28-Apr-19,4:36:50
28-Apr-19,4:36:51
28-Apr-19,4:36:51
28-Apr-19,4:36:53
28-Apr-19,4:36:55
28-Apr-19,5:26:44
28-Apr-19,5:26:46
28-Apr-19,5:26:47
28-Apr-19,5:26:47
28-Apr-19,5:26:49
28-Apr-19,5:26:51
28-Apr-19,5:26:52
28-Apr-19,5:26:52
28-Apr-19,5:26:54
28-Apr-19,5:27:04
28-Apr-19,5:27:09
28-Apr-19,5:27:11
28-Apr-19,5:27:12
28-Apr-19,5:27:12
28-Apr-19,5:27:14
28-Apr-19,5:27:16
28-Apr-19,5:27:17
28-Apr-19,5:27:17
28-Apr-19,5:27:21
28-Apr-19,5:27:22
28-Apr-19,5:27:22
28-Apr-19,5:27:24
28-Apr-19,4:36:58
28-Apr-19,4:37:03
28-Apr-19,4:37:05
28-Apr-19,4:37:06
28-Apr-19,4:37:06
28-Apr-19,4:37:08
28-Apr-19,4:37:10
28-Apr-19,4:37:11
28-Apr-19,4:37:11
28-Apr-19,4:37:13
28-Apr-19,4:37:15
28-Apr-19,4:37:16
28-Apr-19,4:37:16
28-Apr-19,4:37:18
28-Apr-19,4:37:20
28-Apr-19,4:37:21
28-Apr-19,4:37:21
28-Apr-19,4:37:25
28-Apr-19,4:37:28
28-Apr-19,4:37:30
28-Apr-19,4:37:31
28-Apr-19,4:37:31
28-Apr-19,4:37:33
28-Apr-19,4:37:35
28-Apr-19,4:37:38
28-Apr-19,4:37:40
28-Apr-19,4:37:41
28-Apr-19,4:37:41
28-Apr-19,4:37:43
28-Apr-19,4:37:45
28-Apr-19,4:37:46
28-Apr-19,4:37:46
28-Apr-19,4:37:48
28-Apr-19,4:37:50
28-Apr-19,4:37:51
28-Apr-19,4:37:51
28-Apr-19,4:37:55
28-Apr-19,4:38:03
28-Apr-19,4:38:05
28-Apr-19,4:38:06
28-Apr-19,4:38:06
28-Apr-19,4:38:08
28-Apr-19,4:38:10
28-Apr-19,4:38:11
28-Apr-19,4:38:11
28-Apr-19,4:38:13
28-Apr-19,4:38:15
28-Apr-19,4:38:16
28-Apr-19,4:38:16
28-Apr-19,4:38:18
28-Apr-19,4:38:20
28-Apr-19,4:38:21
28-Apr-19,4:38:21
28-Apr-19,4:38:25
28-Apr-19,4:38:26
28-Apr-19,4:38:26
28-Apr-19,4:38:28
28-Apr-19,4:38:30
28-Apr-19,4:38:31
28-Apr-19,4:38:31
28-Apr-19,4:38:33
28-Apr-19,4:38:35
28-Apr-19,4:38:36
28-Apr-19,4:38:36
28-Apr-19,4:38:39
28-Apr-19,4:38:40
28-Apr-19,4:38:41
28-Apr-19,4:38:41
28-Apr-19,4:38:44
28-Apr-19,4:38:46
28-Apr-19,4:38:46
28-Apr-19,4:38:49
28-Apr-19,4:38:50
28-Apr-19,4:38:51
28-Apr-19,4:38:51
28-Apr-19,4:39:00
28-Apr-19,4:39:01
28-Apr-19,4:39:01
28-Apr-19,4:39:04
28-Apr-19,4:39:05
28-Apr-19,4:39:06
28-Apr-19,4:39:06
28-Apr-19,4:39:09
28-Apr-19,4:39:10
28-Apr-19,4:39:11
28-Apr-19,4:39:11
28-Apr-19,4:39:14
28-Apr-19,4:39:15
28-Apr-19,4:39:19
28-Apr-19,4:39:20
28-Apr-19,4:39:21
28-Apr-19,4:39:21
28-Apr-19,4:39:24
28-Apr-19,4:39:25
28-Apr-19,4:39:26
28-Apr-19,4:39:26
28-Apr-19,4:39:29
28-Apr-19,4:39:30
28-Apr-19,4:39:31
28-Apr-19,4:39:31
28-Apr-19,4:39:34
28-Apr-19,4:39:35
28-Apr-19,4:39:36
28-Apr-19,4:39:36
28-Apr-19,4:39:41
28-Apr-19,4:39:41
28-Apr-19,4:39:44
28-Apr-19,4:39:45
28-Apr-19,4:39:46
28-Apr-19,4:39:46
28-Apr-19,4:39:49
28-Apr-19,4:39:50
28-Apr-19,4:39:51
28-Apr-19,4:39:51
28-Apr-19,4:39:54
28-Apr-19,4:39:55
28-Apr-19,4:40:01
28-Apr-19,4:40:01
28-Apr-19,4:40:04
28-Apr-19,4:40:05
28-Apr-19,4:40:06
28-Apr-19,4:40:06
28-Apr-19,4:40:09
28-Apr-19,4:40:10
28-Apr-19,4:40:14
28-Apr-19,4:40:15
28-Apr-19,4:40:16
28-Apr-19,4:40:16
28-Apr-19,4:40:19
28-Apr-19,4:40:20
28-Apr-19,4:40:21
28-Apr-19,4:40:21
28-Apr-19,4:40:24
28-Apr-19,4:40:25
28-Apr-19,4:40:29
28-Apr-19,4:40:30
28-Apr-19,4:40:31
28-Apr-19,4:40:31
28-Apr-19,4:40:34
28-Apr-19,4:40:35
28-Apr-19,4:40:36
28-Apr-19,4:40:36
28-Apr-19,4:40:39
28-Apr-19,4:40:44
28-Apr-19,4:40:45
28-Apr-19,4:40:46
28-Apr-19,4:40:46
28-Apr-19,4:40:49
28-Apr-19,4:40:50
28-Apr-19,4:40:51
28-Apr-19,4:40:51
28-Apr-19,4:40:55
28-Apr-19,4:41:04
28-Apr-19,4:41:05
28-Apr-19,4:41:06
28-Apr-19,4:41:06
28-Apr-19,4:41:09
28-Apr-19,4:41:10
28-Apr-19,4:41:11
28-Apr-19,4:41:11
28-Apr-19,4:41:14
28-Apr-19,4:41:15
28-Apr-19,4:41:16
28-Apr-19,4:41:16
28-Apr-19,4:41:19
28-Apr-19,4:41:20
28-Apr-19,4:41:21
28-Apr-19,4:41:21
28-Apr-19,4:41:24
28-Apr-19,4:41:25
28-Apr-19,4:41:29
28-Apr-19,4:41:30
28-Apr-19,4:41:31
28-Apr-19,4:41:31
28-Apr-19,4:41:34
28-Apr-19,4:41:35
28-Apr-19,4:41:36
28-Apr-19,4:41:36
28-Apr-19,4:41:39
28-Apr-19,4:41:40
28-Apr-19,4:41:41
28-Apr-19,4:41:41
28-Apr-19,4:41:44
28-Apr-19,4:41:45
28-Apr-19,4:41:46
28-Apr-19,4:41:46
28-Apr-19,4:41:49
28-Apr-19,4:41:50
28-Apr-19,4:41:54
28-Apr-19,4:41:55
28-Apr-19,4:42:00
28-Apr-19,4:42:01
28-Apr-19,4:42:01
28-Apr-19,4:42:04
28-Apr-19,4:42:05
28-Apr-19,4:42:06
28-Apr-19,4:42:06
28-Apr-19,4:42:09
28-Apr-19,4:42:11
28-Apr-19,4:42:11
28-Apr-19,4:42:14
28-Apr-19,4:42:15
28-Apr-19,4:42:16
28-Apr-19,4:42:16
28-Apr-19,4:42:19
28-Apr-19,4:42:20
28-Apr-19,4:42:21
28-Apr-19,4:42:21
28-Apr-19,4:42:24
28-Apr-19,4:42:29
28-Apr-19,4:42:30
28-Apr-19,4:42:31
28-Apr-19,4:42:31
28-Apr-19,4:42:34
28-Apr-19,4:42:35
28-Apr-19,4:42:36
28-Apr-19,4:42:36
28-Apr-19,4:42:40
28-Apr-19,4:42:41
28-Apr-19,4:42:41
28-Apr-19,4:42:44
28-Apr-19,4:42:45
28-Apr-19,4:42:46
28-Apr-19,4:42:46
28-Apr-19,4:42:49
28-Apr-19,4:42:50
28-Apr-19,4:42:51
28-Apr-19,4:42:51
28-Apr-19,4:42:55
28-Apr-19,4:43:04
28-Apr-19,4:43:05
28-Apr-19,4:43:06
28-Apr-19,4:43:06
28-Apr-19,4:43:09
28-Apr-19,4:43:10
28-Apr-19,4:43:11
28-Apr-19,4:43:11
28-Apr-19,4:43:14
28-Apr-19,4:43:15
28-Apr-19,4:43:16
28-Apr-19,4:43:16
28-Apr-19,4:43:19
28-Apr-19,4:43:20
28-Apr-19,4:43:21
28-Apr-19,4:43:21
28-Apr-19,4:43:24
28-Apr-19,4:43:25
28-Apr-19,4:43:26
28-Apr-19,4:43:26
28-Apr-19,4:43:29
28-Apr-19,4:43:30
28-Apr-19,4:43:31
28-Apr-19,4:43:31
28-Apr-19,4:43:35
28-Apr-19,4:43:36
28-Apr-19,4:43:36
28-Apr-19,4:43:40
28-Apr-19,4:43:41
28-Apr-19,4:43:41
28-Apr-19,4:43:44
28-Apr-19,4:43:45
28-Apr-19,4:43:46
28-Apr-19,4:43:46
28-Apr-19,4:43:49
28-Apr-19,4:43:50
28-Apr-19,4:43:51
28-Apr-19,4:43:51
28-Apr-19,4:43:54
28-Apr-19,4:43:55
28-Apr-19,4:44:01
28-Apr-19,4:44:01
28-Apr-19,4:44:04
28-Apr-19,4:44:05
28-Apr-19,4:44:06
28-Apr-19,4:44:06
28-Apr-19,4:44:09
28-Apr-19,4:44:14
28-Apr-19,4:44:16
28-Apr-19,4:44:16
28-Apr-19,4:44:19
28-Apr-19,4:44:20
28-Apr-19,4:44:21
28-Apr-19,4:44:21
28-Apr-19,4:44:24
28-Apr-19,4:44:25
28-Apr-19,4:44:26
28-Apr-19,4:44:26
28-Apr-19,4:44:29
28-Apr-19,4:44:30
28-Apr-19,4:44:31
28-Apr-19,4:44:31
28-Apr-19,4:44:34
28-Apr-19,4:44:35
28-Apr-19,4:44:36
28-Apr-19,4:44:36
28-Apr-19,4:44:39
28-Apr-19,4:44:40
28-Apr-19,4:44:41
28-Apr-19,4:44:41
28-Apr-19,4:44:44
28-Apr-19,4:44:45
28-Apr-19,4:44:46
28-Apr-19,4:44:46
28-Apr-19,4:44:49
28-Apr-19,4:44:50
28-Apr-19,4:44:51
28-Apr-19,4:44:51
28-Apr-19,4:44:54
28-Apr-19,4:44:55
28-Apr-19,4:45:00
28-Apr-19,4:45:01
28-Apr-19,4:45:01
28-Apr-19,4:45:04
28-Apr-19,4:45:05
28-Apr-19,4:45:06
28-Apr-19,4:45:06
28-Apr-19,4:45:09
28-Apr-19,4:45:10
28-Apr-19,4:45:11
28-Apr-19,4:45:11
28-Apr-19,4:45:14
28-Apr-19,4:45:15
28-Apr-19,4:45:16
28-Apr-19,4:45:16
28-Apr-19,4:45:19
28-Apr-19,4:45:21
28-Apr-19,4:45:21
28-Apr-19,4:45:24
28-Apr-19,4:45:25
28-Apr-19,4:45:26
28-Apr-19,4:45:26
28-Apr-19,4:45:29
28-Apr-19,4:45:30
28-Apr-19,4:45:31
28-Apr-19,4:45:31
28-Apr-19,4:45:34
28-Apr-19,4:45:35
28-Apr-19,4:45:36
28-Apr-19,4:45:36
28-Apr-19,4:45:39
28-Apr-19,4:45:40
28-Apr-19,4:45:41
28-Apr-19,4:45:41
28-Apr-19,4:45:45
28-Apr-19,4:45:46
28-Apr-19,4:45:46
28-Apr-19,4:45:49
28-Apr-19,4:45:50
28-Apr-19,4:45:51
28-Apr-19,4:45:51
28-Apr-19,4:45:54
28-Apr-19,4:45:55
28-Apr-19,4:46:04
28-Apr-19,4:46:05
28-Apr-19,4:46:06
28-Apr-19,4:46:06
28-Apr-19,4:46:09
28-Apr-19,4:46:10
28-Apr-19,4:46:11
28-Apr-19,4:46:11
28-Apr-19,4:46:14
28-Apr-19,4:46:15
28-Apr-19,4:46:16
28-Apr-19,4:46:16
28-Apr-19,4:46:19
28-Apr-19,4:46:20
28-Apr-19,4:46:21
28-Apr-19,4:46:21
28-Apr-19,4:46:24
28-Apr-19,4:46:25
28-Apr-19,4:46:26
28-Apr-19,4:46:26
28-Apr-19,4:46:29
28-Apr-19,4:46:30
28-Apr-19,4:46:31
28-Apr-19,4:46:31
28-Apr-19,4:46:34
28-Apr-19,4:46:35
28-Apr-19,4:46:36
28-Apr-19,4:46:36
28-Apr-19,4:46:39
28-Apr-19,4:46:40
28-Apr-19,4:46:41
28-Apr-19,4:46:41
28-Apr-19,4:46:44
28-Apr-19,4:46:45
28-Apr-19,4:46:46
28-Apr-19,4:46:46
28-Apr-19,4:46:49
28-Apr-19,4:46:50
28-Apr-19,4:46:51
28-Apr-19,4:46:51
28-Apr-19,4:46:54
28-Apr-19,4:47:01
28-Apr-19,4:47:01
28-Apr-19,4:47:01
28-Apr-19,4:47:04
28-Apr-19,4:47:06
28-Apr-19,4:47:06
28-Apr-19,4:47:06
28-Apr-19,4:47:09
28-Apr-19,4:47:11
28-Apr-19,4:47:11
28-Apr-19,4:47:11
28-Apr-19,4:47:16
28-Apr-19,4:47:16
28-Apr-19,4:47:16
28-Apr-19,4:47:19
28-Apr-19,4:47:21
28-Apr-19,4:47:21
28-Apr-19,4:47:21
28-Apr-19,4:47:24
28-Apr-19,4:47:26
28-Apr-19,4:47:26
28-Apr-19,4:47:26
28-Apr-19,4:47:29
28-Apr-19,4:47:31
28-Apr-19,4:47:31
28-Apr-19,4:47:31
28-Apr-19,4:47:34
28-Apr-19,4:47:36
28-Apr-19,4:47:36
28-Apr-19,4:47:36
28-Apr-19,4:47:39
28-Apr-19,4:47:41
28-Apr-19,4:47:41
28-Apr-19,4:47:41
28-Apr-19,4:47:44
28-Apr-19,4:47:49
28-Apr-19,4:47:51
28-Apr-19,4:47:51
28-Apr-19,4:47:51
28-Apr-19,4:47:54
28-Apr-19,4:48:04
28-Apr-19,4:48:06
28-Apr-19,4:48:06
28-Apr-19,4:48:06
28-Apr-19,4:48:09
23-Apr-19, 20:20:32 
23-Apr-19, 20:20:42 
23-Apr-19, 20:20:47 
23-Apr-19, 20:20:52 
23-Apr-19, 20:20:57 
23-Apr-19, 20:21:12 
23-Apr-19, 20:21:17 
23-Apr-19, 20:21:27 
23-Apr-19, 20:22:07 
23-Apr-19, 20:26:07 
23-Apr-19, 20:26:47 
23-Apr-19, 20:26:57 
23-Apr-19, 20:27:37 
23-Apr-19, 20:28:37 
23-Apr-19, 20:28:47 
23-Apr-19, 20:29:37 
23-Apr-19, 20:29:47 
23-Apr-19, 20:29:57 
23-Apr-19, 20:30:17 
23-Apr-19, 20:31:57 
23-Apr-19, 20:32:27 
23-Apr-19, 20:32:32 
23-Apr-19, 20:32:37 
23-Apr-19, 20:35:22 
23-Apr-19, 20:35:27 
23-Apr-19, 20:35:37 
23-Apr-19, 20:38:07 
23-Apr-19, 20:38:17 
23-Apr-19, 20:38:32 
23-Apr-19, 20:38:42 
23-Apr-19, 20:38:47 
23-Apr-19, 20:38:52 
23-Apr-19, 20:38:57 
23-Apr-19, 20:39:12 
23-Apr-19, 20:39:22 
23-Apr-19, 20:39:27 
23-Apr-19, 20:39:37 
23-Apr-19, 20:40:17 
23-Apr-19, 20:40:22 
23-Apr-19, 20:40:52 
23-Apr-19, 20:41:12 
23-Apr-19, 20:41:27 
23-Apr-19, 20:41:32 
23-Apr-19, 20:42:17 
23-Apr-19, 20:42:22 
23-Apr-19, 20:42:27 
23-Apr-19, 20:42:32 
23-Apr-19, 20:42:42 
23-Apr-19, 20:44:22 
23-Apr-19, 20:44:42 
23-Apr-19, 20:44:47 
23-Apr-19, 20:44:57 
23-Apr-19, 20:45:12 
23-Apr-19, 20:45:27 
23-Apr-19, 20:45:37 
23-Apr-19, 20:45:42 
23-Apr-19, 20:45:52 
23-Apr-19, 20:45:57 
23-Apr-19, 20:46:12 
23-Apr-19, 20:46:22 
23-Apr-19, 20:46:32 
23-Apr-19, 20:46:52 
23-Apr-19, 20:51:27 
23-Apr-19, 20:51:32 
23-Apr-19, 20:51:37 
23-Apr-19, 20:51:47 
23-Apr-19, 20:51:57 
23-Apr-19, 20:52:17 
23-Apr-19, 20:52:27 
23-Apr-19, 20:52:42 
23-Apr-19, 20:53:17 
23-Apr-19, 20:53:22 
23-Apr-19, 20:53:27 
23-Apr-19, 20:53:37 
23-Apr-19, 20:53:47 
23-Apr-19, 20:53:52 
23-Apr-19, 20:54:12 
23-Apr-19, 20:54:17 
23-Apr-19, 20:54:22 
23-Apr-19, 20:54:32 
23-Apr-19, 20:54:42 
23-Apr-19, 20:55:07 
23-Apr-19, 20:55:32 
23-Apr-19, 20:55:47 
23-Apr-19, 20:55:52 
23-Apr-19, 20:55:57 
23-Apr-19, 20:56:37 
23-Apr-19, 20:56:42 
23-Apr-19, 20:56:52 
23-Apr-19, 20:56:57 
23-Apr-19, 20:57:17 
23-Apr-19, 20:57:22 
23-Apr-19, 20:57:32 
23-Apr-19, 21:00:17 
23-Apr-19, 21:00:22 
23-Apr-19, 21:00:47 
23-Apr-19, 21:01:17 
23-Apr-19, 21:01:22 
23-Apr-19, 21:01:32 
23-Apr-19, 21:01:47 
23-Apr-19, 21:02:07 
23-Apr-19, 21:02:52 
23-Apr-19, 21:02:57 
23-Apr-19, 21:03:12 
23-Apr-19, 21:03:22 
23-Apr-19, 21:03:32 
23-Apr-19, 21:03:47 
23-Apr-19, 21:03:57 
23-Apr-19, 21:04:27 
23-Apr-19, 21:04:32 
23-Apr-19, 21:04:47 
23-Apr-19, 21:05:27 
23-Apr-19, 21:05:37 
23-Apr-19, 21:07:37 
23-Apr-19, 21:08:57 
23-Apr-19, 21:11:57 
23-Apr-19, 21:12:12 
23-Apr-19, 21:12:27 
23-Apr-19, 21:12:37 
23-Apr-19, 21:12:42 
23-Apr-19, 21:12:57 
23-Apr-19, 21:13:12 
23-Apr-19, 21:13:32 
23-Apr-19, 21:13:47 
23-Apr-19, 21:13:52 
23-Apr-19, 21:13:57 
23-Apr-19, 21:14:17 
23-Apr-19, 21:14:27 
23-Apr-19, 21:14:32 
23-Apr-19, 21:14:42 
23-Apr-19, 21:14:47 
23-Apr-19, 21:15:12 
23-Apr-19, 21:15:17 
23-Apr-19, 21:15:27 
23-Apr-19, 21:15:32 
23-Apr-19, 21:15:42 
23-Apr-19, 21:15:47 
23-Apr-19, 21:15:57 
23-Apr-19, 21:16:27 
23-Apr-19, 21:17:38 
23-Apr-19, 21:17:48 
23-Apr-19, 21:18:23 
23-Apr-19, 21:18:28 
23-Apr-19, 21:18:33 
23-Apr-19, 21:18:38 
23-Apr-19, 21:18:53 
23-Apr-19, 21:24:38 
23-Apr-19, 21:24:48 
23-Apr-19, 21:24:53 
23-Apr-19, 21:25:08 
23-Apr-19, 21:25:18 
23-Apr-19, 21:25:23 
23-Apr-19, 21:25:38 
23-Apr-19, 21:25:48 
23-Apr-19, 21:26:18 
23-Apr-19, 21:26:33 
23-Apr-19, 21:26:38 
23-Apr-19, 21:26:48 
23-Apr-19, 21:27:23 
23-Apr-19, 21:27:33 
23-Apr-19, 21:27:38 
23-Apr-19, 21:27:53 
23-Apr-19, 21:28:18 
23-Apr-19, 21:28:23 
23-Apr-19, 21:28:48 
23-Apr-19, 21:28:53 
23-Apr-19, 21:29:18 
23-Apr-19, 21:29:23 
23-Apr-19, 21:29:33 
23-Apr-19, 21:29:48 
23-Apr-19, 21:30:18 
23-Apr-19, 21:30:38 
23-Apr-19, 21:30:43 
23-Apr-19, 21:30:53 
23-Apr-19, 21:31:23 
23-Apr-19, 21:31:33 
23-Apr-19, 21:31:38 
23-Apr-19, 21:31:48 
23-Apr-19, 21:37:38 
23-Apr-19, 21:37:48 
23-Apr-19, 21:37:53 
23-Apr-19, 21:38:18 
23-Apr-19, 21:38:33 
23-Apr-19, 21:38:48 
23-Apr-19, 21:39:08 
23-Apr-19, 21:39:38 
23-Apr-19, 21:39:53 
23-Apr-19, 21:46:38 
23-Apr-19, 21:46:48 
23-Apr-19, 21:46:53 
23-Apr-19, 21:47:08 
23-Apr-19, 21:49:48 
23-Apr-19, 21:49:53 
23-Apr-19, 21:50:08 
23-Apr-19, 21:50:18 
23-Apr-19, 21:50:23 
23-Apr-19, 21:50:33 
23-Apr-19, 21:50:53 
23-Apr-19, 21:51:18 
23-Apr-19, 21:51:33 
23-Apr-19, 21:52:23 
23-Apr-19, 21:52:38 
23-Apr-19, 21:52:53 
23-Apr-19, 21:53:08 
23-Apr-19, 21:53:18 
23-Apr-19, 21:53:23 
23-Apr-19, 21:53:33 
23-Apr-19, 21:53:38 
23-Apr-19, 21:54:23 
23-Apr-19, 21:54:33 
23-Apr-19, 21:55:38 
23-Apr-19, 21:55:48 
23-Apr-19, 21:55:53 
23-Apr-19, 21:57:18 
23-Apr-19, 21:57:33 
23-Apr-19, 21:57:48 
23-Apr-19, 21:57:53 
23-Apr-19, 21:58:23 
23-Apr-19, 21:58:38 
23-Apr-19, 21:58:53 
23-Apr-19, 21:59:18 
23-Apr-19, 21:59:23 
23-Apr-19, 21:59:33 
23-Apr-19, 21:59:38 
23-Apr-19, 21:59:48 
23-Apr-19, 21:59:53 
23-Apr-19, 22:00:18 
23-Apr-19, 22:00:33 
23-Apr-19, 22:00:38 
23-Apr-19, 22:00:43 
23-Apr-19, 22:00:48 
23-Apr-19, 22:01:08 
23-Apr-19, 22:01:23 
23-Apr-19, 22:01:33 
23-Apr-19, 22:02:08 
23-Apr-19, 22:02:18 
23-Apr-19, 22:02:23 
23-Apr-19, 22:02:28 
23-Apr-19, 22:02:33 
23-Apr-19, 22:02:38 
23-Apr-19, 22:02:48 
23-Apr-19, 22:03:18 
23-Apr-19, 22:03:23 
23-Apr-19, 22:03:33 
23-Apr-19, 22:04:28 
23-Apr-19, 22:04:38 
23-Apr-19, 22:04:53 
23-Apr-19, 22:05:23 
23-Apr-19, 22:05:33 
23-Apr-19, 22:05:38 
23-Apr-19, 22:05:48 
23-Apr-19, 22:05:53 
23-Apr-19, 22:06:33 
23-Apr-19, 22:06:48 
23-Apr-19, 22:06:53 
23-Apr-19, 22:07:23 
23-Apr-19, 22:07:38 
23-Apr-19, 22:07:48 
23-Apr-19, 22:07:53 
23-Apr-19, 22:08:18 
23-Apr-19, 22:08:23 
23-Apr-19, 22:08:33 
23-Apr-19, 22:08:38 
23-Apr-19, 22:08:48 
23-Apr-19, 22:08:53 
23-Apr-19, 22:09:18 
23-Apr-19, 22:09:33 
23-Apr-19, 22:09:38 
23-Apr-19, 22:09:43 
23-Apr-19, 22:09:48 
23-Apr-19, 22:10:23 
23-Apr-19, 22:10:38 
23-Apr-19, 22:10:53 
23-Apr-19, 22:11:18 
23-Apr-19, 22:11:23 
23-Apr-19, 22:11:38 
23-Apr-19, 22:12:33 
23-Apr-19, 22:12:48 
23-Apr-19, 22:12:58 
23-Apr-19, 22:13:18 
23-Apr-19, 22:13:53 
23-Apr-19, 22:14:33 
23-Apr-19, 22:14:38 
23-Apr-19, 22:14:53 
23-Apr-19, 22:14:58 
23-Apr-19, 22:15:33 
23-Apr-19, 22:15:48 
23-Apr-19, 22:16:53 
23-Apr-19, 22:17:33 
23-Apr-19, 22:17:38 
23-Apr-19, 22:17:43 
23-Apr-19, 22:17:48 
23-Apr-19, 22:17:53 
23-Apr-19, 22:18:08 
23-Apr-19, 22:18:18 
23-Apr-19, 22:18:53 
23-Apr-19, 22:19:08 
23-Apr-19, 22:19:13 
23-Apr-19, 22:19:23 
23-Apr-19, 22:19:33 
23-Apr-19, 22:19:38 
23-Apr-19, 22:19:48 
23-Apr-19, 22:19:58 
23-Apr-19, 22:20:08 
23-Apr-19, 22:20:43 
23-Apr-19, 22:22:38 
23-Apr-19, 22:22:58 
23-Apr-19, 22:23:23 
23-Apr-19, 22:23:28 
23-Apr-19, 22:23:38 
23-Apr-19, 22:23:53 
23-Apr-19, 22:24:08 
23-Apr-19, 22:24:23 
23-Apr-19, 22:24:33 
23-Apr-19, 22:24:38 
23-Apr-19, 22:24:48 
23-Apr-19, 22:24:58 
23-Apr-19, 22:27:38 
23-Apr-19, 22:27:53 
23-Apr-19, 22:28:08 
23-Apr-19, 22:28:18 
23-Apr-19, 22:28:28 
23-Apr-19, 22:28:33 
23-Apr-19, 22:28:43 
23-Apr-19, 22:28:53 
23-Apr-19, 22:28:58 
23-Apr-19, 22:30:19 
23-Apr-19, 22:30:34 
23-Apr-19, 22:30:49 
23-Apr-19, 22:30:54 
23-Apr-19, 22:31:19 
23-Apr-19, 22:31:29 
23-Apr-19, 22:31:34 
23-Apr-19, 22:31:39 
23-Apr-19, 22:32:09 
23-Apr-19, 22:32:24 
23-Apr-19, 22:32:29 
23-Apr-19, 22:32:34 
23-Apr-19, 22:32:44 
23-Apr-19, 22:32:54 
23-Apr-19, 22:32:59 
23-Apr-19, 22:33:09 
23-Apr-19, 22:33:19 
23-Apr-19, 22:33:29 
23-Apr-19, 22:33:39 
23-Apr-19, 22:33:49 
23-Apr-19, 22:33:54 
23-Apr-19, 22:34:09 
23-Apr-19, 22:34:19 
23-Apr-19, 22:34:24 
23-Apr-19, 22:34:34 
23-Apr-19, 22:34:44 
23-Apr-19, 22:34:49 
23-Apr-19, 22:34:59 
23-Apr-19, 22:35:09 
23-Apr-19, 22:35:19 
23-Apr-19, 22:35:29 
23-Apr-19, 22:37:24 
23-Apr-19, 22:37:34 
23-Apr-19, 22:37:39 
23-Apr-19, 22:37:44 
23-Apr-19, 22:37:54 
23-Apr-19, 22:38:04 
23-Apr-19, 22:38:19 
23-Apr-19, 22:38:39 
23-Apr-19, 22:38:44 
23-Apr-19, 22:38:49 
23-Apr-19, 22:43:59 
23-Apr-19, 22:44:19 
23-Apr-19, 22:44:29 
23-Apr-19, 22:44:34 
23-Apr-19, 22:44:44 
23-Apr-19, 22:44:49 
23-Apr-19, 22:44:54 
23-Apr-19, 22:44:59 
23-Apr-19, 22:45:24 
23-Apr-19, 22:45:29 
23-Apr-19, 22:45:39 
23-Apr-19, 22:45:44 
23-Apr-19, 22:45:49 
23-Apr-19, 22:45:59 
23-Apr-19, 22:46:14 
23-Apr-19, 22:46:24 
23-Apr-19, 22:46:34 
23-Apr-19, 22:46:39 
23-Apr-19, 22:46:54 
23-Apr-19, 22:52:59 
23-Apr-19, 22:53:44 
23-Apr-19, 22:53:49 
23-Apr-19, 22:53:54 
23-Apr-19, 22:53:59 
23-Apr-19, 22:54:19 
23-Apr-19, 22:54:24 
23-Apr-19, 22:55:59 
23-Apr-19, 22:56:04 
23-Apr-19, 22:56:14 
23-Apr-19, 22:56:19 
23-Apr-19, 22:56:24 
23-Apr-19, 22:56:29 
23-Apr-19, 22:56:34 
23-Apr-19, 22:56:44 
23-Apr-19, 22:57:19 
23-Apr-19, 22:57:24 
23-Apr-19, 22:57:34 
23-Apr-19, 22:57:39 
23-Apr-19, 22:57:44 
23-Apr-19, 22:57:49 
23-Apr-19, 22:57:54 
23-Apr-19, 22:58:19 
23-Apr-19, 22:58:29 
23-Apr-19, 22:58:34 
23-Apr-19, 22:58:39 
23-Apr-19, 22:58:44 
23-Apr-19, 22:58:49 
23-Apr-19, 22:58:59 
23-Apr-19, 22:59:24 
23-Apr-19, 22:59:29 
23-Apr-19, 22:59:34 
23-Apr-19, 22:59:39 
23-Apr-19, 22:59:44 
23-Apr-19, 22:59:54 
23-Apr-19, 23:00:09 
23-Apr-19, 23:00:29 
23-Apr-19, 23:00:34 
23-Apr-19, 23:01:14 
23-Apr-19, 23:01:19 
23-Apr-19, 23:01:24 
23-Apr-19, 23:01:44 
23-Apr-19, 23:01:49 
23-Apr-19, 23:01:59 
23-Apr-19, 23:02:09 
23-Apr-19, 23:02:14 
23-Apr-19, 23:04:34 
23-Apr-19, 23:04:44 
23-Apr-19, 23:04:49 
23-Apr-19, 23:04:54 
23-Apr-19, 23:04:59 
23-Apr-19, 23:05:09 
23-Apr-19, 23:05:19 
23-Apr-19, 23:05:59 
23-Apr-19, 23:07:49 
23-Apr-19, 23:07:54 
23-Apr-19, 23:07:59 
23-Apr-19, 23:08:44 
23-Apr-19, 23:09:19 
23-Apr-19, 23:09:39 
23-Apr-19, 23:09:49 
23-Apr-19, 23:10:39 
23-Apr-19, 23:10:44 
23-Apr-19, 23:11:29 
23-Apr-19, 23:11:39 
23-Apr-19, 23:11:44 
23-Apr-19, 23:11:49 
23-Apr-19, 23:12:24 
23-Apr-19, 23:12:44 
23-Apr-19, 23:12:54 
23-Apr-19, 23:20:14 
23-Apr-19, 23:20:19 
23-Apr-19, 23:20:34 
23-Apr-19, 23:20:59 
23-Apr-19, 23:21:04 
23-Apr-19, 23:21:09 
23-Apr-19, 23:21:14 
23-Apr-19, 23:21:19 
23-Apr-19, 23:21:24 
23-Apr-19, 23:21:29 
23-Apr-19, 23:21:44 
23-Apr-19, 23:21:49 
23-Apr-19, 23:21:54 
23-Apr-19, 23:21:59 
23-Apr-19, 23:22:09 
23-Apr-19, 23:22:19 
23-Apr-19, 23:22:24 
23-Apr-19, 23:22:29 
23-Apr-19, 23:22:34 
23-Apr-19, 23:22:44 
23-Apr-19, 23:22:59 
23-Apr-19, 23:23:14 
23-Apr-19, 23:23:24 
23-Apr-19, 23:23:34 
23-Apr-19, 23:23:54 
23-Apr-19, 23:23:59 
23-Apr-19, 23:24:04 
23-Apr-19, 23:24:24 
23-Apr-19, 23:24:29 
23-Apr-19, 23:24:39 
23-Apr-19, 23:24:49 
23-Apr-19, 23:24:54 
23-Apr-19, 23:25:04 
23-Apr-19, 23:25:19 
23-Apr-19, 23:25:24 
23-Apr-19, 23:25:29 
23-Apr-19, 23:25:39 
23-Apr-19, 23:25:49 
23-Apr-19, 23:25:54 
23-Apr-19, 23:26:04 
23-Apr-19, 23:26:09 
23-Apr-19, 23:26:24 
23-Apr-19, 23:26:29 
23-Apr-19, 23:26:34 
23-Apr-19, 23:26:39 
23-Apr-19, 23:26:44 
23-Apr-19, 23:49:29 
23-Apr-19, 23:49:34 
23-Apr-19, 23:49:55 
23-Apr-19, 23:50:00 
23-Apr-19, 23:50:30 
23-Apr-19, 23:50:45 
23-Apr-19, 23:50:55 
23-Apr-19, 23:51:00 
23-Apr-19, 23:51:05 
23-Apr-19, 23:51:10 
23-Apr-19, 23:51:15 
23-Apr-19, 23:51:20 
23-Apr-19, 23:51:30 
23-Apr-19, 23:51:35 
23-Apr-19, 23:51:40 
23-Apr-19, 23:51:45 
23-Apr-19, 23:51:50 
23-Apr-19, 23:51:55 
23-Apr-19, 23:52:15 
23-Apr-19, 23:52:30 
23-Apr-19, 23:52:35 
23-Apr-19, 23:52:40 
23-Apr-19, 23:52:50 
23-Apr-19, 23:53:00 
23-Apr-19, 23:53:05 
23-Apr-19, 23:53:20 
23-Apr-19, 23:53:30 
27-Apr-19, 04:57:36 
27-Apr-19, 04:57:46 
27-Apr-19, 04:57:51 
27-Apr-19, 04:58:01 
27-Apr-19, 04:58:06 
27-Apr-19, 04:58:18 
27-Apr-19, 04:58:21 
27-Apr-19, 04:58:22 
27-Apr-19, 04:58:26 
27-Apr-19, 04:58:27 
27-Apr-19, 04:58:28 
27-Apr-19, 04:58:31 
27-Apr-19, 04:58:33 
27-Apr-19, 04:58:36 
27-Apr-19, 04:58:37 
27-Apr-19, 04:58:42 
27-Apr-19, 04:58:43 
27-Apr-19, 04:58:46 
27-Apr-19, 04:58:51 
27-Apr-19, 04:58:52 
27-Apr-19, 04:58:56 
27-Apr-19, 04:58:58 
27-Apr-19, 04:59:01 
27-Apr-19, 04:59:02 
27-Apr-19, 04:59:06 
27-Apr-19, 04:59:13 
27-Apr-19, 04:59:18 
27-Apr-19, 04:59:21 
27-Apr-19, 04:59:22 
27-Apr-19, 04:59:27 
27-Apr-19, 04:59:28 
27-Apr-19, 04:59:31 
27-Apr-19, 04:59:33 
27-Apr-19, 04:59:36 
27-Apr-19, 04:59:37 
27-Apr-19, 04:59:42 
27-Apr-19, 04:59:43 
27-Apr-19, 04:59:46 
27-Apr-19, 04:59:48 
27-Apr-19, 04:59:51 
27-Apr-19, 04:59:52 
27-Apr-19, 04:59:57 
27-Apr-19, 04:59:58 
27-Apr-19, 05:00:01 
27-Apr-19, 05:00:03 
27-Apr-19, 05:00:16 
27-Apr-19, 05:00:18 
27-Apr-19, 05:00:22 
27-Apr-19, 05:00:28 
27-Apr-19, 05:00:31 
27-Apr-19, 05:00:33 
27-Apr-19, 05:00:36 
27-Apr-19, 05:00:37 
27-Apr-19, 05:00:42 
27-Apr-19, 05:00:43 
27-Apr-19, 05:00:46 
27-Apr-19, 05:00:48 
27-Apr-19, 05:00:51 
27-Apr-19, 05:00:52 
27-Apr-19, 05:00:57 
27-Apr-19, 05:00:58 
27-Apr-19, 05:01:01 
27-Apr-19, 05:01:03 
27-Apr-19, 05:01:06 
27-Apr-19, 05:01:07 
27-Apr-19, 05:01:08 
27-Apr-19, 05:01:16 
27-Apr-19, 05:01:18 
27-Apr-19, 05:01:21 
27-Apr-19, 05:01:22 
27-Apr-19, 05:01:27 
27-Apr-19, 05:01:28 
27-Apr-19, 05:01:31 
27-Apr-19, 05:01:33 
27-Apr-19, 05:01:36 
27-Apr-19, 05:01:37 
27-Apr-19, 05:01:44 
27-Apr-19, 05:01:46 
27-Apr-19, 05:01:49 
27-Apr-19, 05:01:51 
27-Apr-19, 05:01:52 
27-Apr-19, 05:01:58 
27-Apr-19, 05:02:03 
27-Apr-19, 05:02:04 
27-Apr-19, 05:02:07 
27-Apr-19, 05:02:09 
27-Apr-19, 05:02:19 
27-Apr-19, 05:02:22 
27-Apr-19, 05:02:24 
27-Apr-19, 05:02:27 
27-Apr-19, 05:02:28 
27-Apr-19, 05:02:33 
27-Apr-19, 05:02:34 
27-Apr-19, 05:02:37 
27-Apr-19, 05:02:39 
27-Apr-19, 05:02:42 
27-Apr-19, 05:02:43 
27-Apr-19, 05:02:48 
27-Apr-19, 05:02:49 
27-Apr-19, 05:02:52 
27-Apr-19, 05:02:54 
27-Apr-19, 05:02:57 
27-Apr-19, 05:02:58 
27-Apr-19, 05:03:03 
27-Apr-19, 05:03:04 
27-Apr-19, 05:03:07 
27-Apr-19, 05:03:09 
27-Apr-19, 05:03:18 
27-Apr-19, 05:03:19 
27-Apr-19, 05:03:22 
27-Apr-19, 05:03:24 
27-Apr-19, 05:03:28 
27-Apr-19, 05:03:33 
27-Apr-19, 05:03:34 
27-Apr-19, 05:03:37 
27-Apr-19, 05:03:39 
27-Apr-19, 05:03:42 
27-Apr-19, 05:03:43 
27-Apr-19, 05:03:48 
27-Apr-19, 05:03:49 
27-Apr-19, 05:03:52 
27-Apr-19, 05:03:54 
27-Apr-19, 05:03:57 
27-Apr-19, 05:03:58 
27-Apr-19, 05:04:03 
27-Apr-19, 05:04:04 
27-Apr-19, 05:04:07 
27-Apr-19, 05:04:09 
27-Apr-19, 05:04:19 
27-Apr-19, 05:04:22 
27-Apr-19, 05:04:24 
27-Apr-19, 05:04:27 
27-Apr-19, 05:04:28 
27-Apr-19, 05:04:29 
27-Apr-19, 05:04:33 
27-Apr-19, 05:04:34 
27-Apr-19, 05:04:37 
27-Apr-19, 05:04:39 
27-Apr-19, 05:04:42 
27-Apr-19, 05:04:43 
27-Apr-19, 05:04:48 
27-Apr-19, 05:04:49 
27-Apr-19, 05:04:52 
27-Apr-19, 05:04:54 
27-Apr-19, 05:04:57 
27-Apr-19, 05:04:58 
27-Apr-19, 05:05:03 
27-Apr-19, 05:05:04 
27-Apr-19, 05:05:07 
27-Apr-19, 05:05:09 
27-Apr-19, 05:05:18 
27-Apr-19, 05:05:19 
27-Apr-19, 05:05:22 
27-Apr-19, 05:05:24 
27-Apr-19, 05:05:27 
27-Apr-19, 05:05:28 
27-Apr-19, 05:05:34 
27-Apr-19, 05:05:37 
27-Apr-19, 05:05:39 
27-Apr-19, 05:05:42 
27-Apr-19, 05:05:43 
27-Apr-19, 05:05:48 
27-Apr-19, 05:05:49 
27-Apr-19, 05:05:52 
27-Apr-19, 05:05:54 
27-Apr-19, 05:05:58 
27-Apr-19, 05:05:58 
27-Apr-19, 05:06:00 
27-Apr-19, 05:06:03 
27-Apr-19, 05:06:03 
27-Apr-19, 05:06:10 
27-Apr-19, 05:06:18 
27-Apr-19, 05:06:18 
27-Apr-19, 05:06:25 
27-Apr-19, 05:06:28 
27-Apr-19, 05:06:28 
27-Apr-19, 05:06:30 
27-Apr-19, 05:06:40 
27-Apr-19, 05:06:43 
27-Apr-19, 05:06:43 
27-Apr-19, 05:06:45 
27-Apr-19, 05:06:48 
27-Apr-19, 05:06:48 
27-Apr-19, 05:06:54 
27-Apr-19, 05:06:55 
27-Apr-19, 05:06:58 
27-Apr-19, 05:07:00 
27-Apr-19, 05:07:03 
27-Apr-19, 05:07:04 
27-Apr-19, 05:07:09 
27-Apr-19, 05:07:10 
27-Apr-19, 05:07:18 
27-Apr-19, 05:07:19 
27-Apr-19, 05:07:24 
27-Apr-19, 05:07:25 
27-Apr-19, 05:07:28 
27-Apr-19, 05:07:30 
27-Apr-19, 05:07:33 
27-Apr-19, 05:07:34 
27-Apr-19, 05:07:39 
27-Apr-19, 05:07:40 
27-Apr-19, 05:07:43 
27-Apr-19, 05:07:45 
27-Apr-19, 05:07:48 
27-Apr-19, 05:07:49 
27-Apr-19, 05:07:54 
27-Apr-19, 05:07:55 
27-Apr-19, 05:07:58 
27-Apr-19, 05:08:00 
27-Apr-19, 05:08:03 
27-Apr-19, 05:08:24 
27-Apr-19, 05:08:24 
27-Apr-19, 05:08:24 
27-Apr-19, 05:08:34 
27-Apr-19, 05:08:34 
27-Apr-19, 05:08:34 
27-Apr-19, 05:08:39 
27-Apr-19, 05:08:39 
27-Apr-19, 05:08:39 
27-Apr-19, 05:08:49 
27-Apr-19, 05:08:49 
27-Apr-19, 05:09:00 
27-Apr-19, 05:09:00 
27-Apr-19, 05:09:00 
27-Apr-19, 05:09:10 
27-Apr-19, 05:09:10 
27-Apr-19, 05:09:10 
27-Apr-19, 05:09:20 
27-Apr-19, 05:09:20 
27-Apr-19, 05:09:20 
27-Apr-19, 05:09:25 
27-Apr-19, 05:09:25 
27-Apr-19, 05:09:25 
27-Apr-19, 05:09:30 
27-Apr-19, 05:09:30 
27-Apr-19, 05:09:30 
27-Apr-19, 05:09:35 
27-Apr-19, 05:09:35 
27-Apr-19, 05:09:35 
27-Apr-19, 05:09:40 
27-Apr-19, 05:09:40 
27-Apr-19, 05:09:40 
27-Apr-19, 05:09:45 
27-Apr-19, 05:09:45 
27-Apr-19, 05:09:45 
27-Apr-19, 05:10:00 
27-Apr-19, 05:10:00 
27-Apr-19, 05:10:00 
27-Apr-19, 05:10:10 
27-Apr-19, 05:10:10 
27-Apr-19, 05:10:10 
27-Apr-19, 05:10:25 
27-Apr-19, 05:10:25 
27-Apr-19, 05:10:25 
27-Apr-19, 05:10:30 
27-Apr-19, 05:10:30 
27-Apr-19, 05:10:30 
27-Apr-19, 05:10:45 
27-Apr-19, 05:10:45 
27-Apr-19, 05:10:45 
27-Apr-19, 05:11:00 
27-Apr-19, 05:11:00 
27-Apr-19, 05:11:00 
27-Apr-19, 05:11:05 
27-Apr-19, 05:11:05 
27-Apr-19, 05:11:05 
27-Apr-19, 05:11:25 
27-Apr-19, 05:11:25 
27-Apr-19, 05:11:25 
27-Apr-19, 05:11:30 
27-Apr-19, 05:11:30 
27-Apr-19, 05:11:30 
27-Apr-19, 05:11:40 
27-Apr-19, 05:11:40 
27-Apr-19, 05:11:40 
27-Apr-19, 05:11:45 
27-Apr-19, 05:11:45 
27-Apr-19, 05:11:45 
27-Apr-19, 05:11:55 
27-Apr-19, 05:11:55 
27-Apr-19, 05:11:55 
27-Apr-19, 05:12:10 
27-Apr-19, 05:12:10 
27-Apr-19, 05:12:10 
27-Apr-19, 05:12:25 
27-Apr-19, 05:12:25 
27-Apr-19, 05:12:25 
27-Apr-19, 05:12:30 
27-Apr-19, 05:12:30 
27-Apr-19, 05:12:30 
27-Apr-19, 05:12:40 
27-Apr-19, 05:12:40 
27-Apr-19, 05:12:40 
27-Apr-19, 05:12:45 
27-Apr-19, 05:12:45 
27-Apr-19, 05:12:45 
27-Apr-19, 05:12:55 
27-Apr-19, 05:12:55 
27-Apr-19, 05:12:55 
27-Apr-19, 05:13:00 
27-Apr-19, 05:13:00 
27-Apr-19, 05:13:00 
27-Apr-19, 05:13:10 
27-Apr-19, 05:13:10 
27-Apr-19, 05:13:16 
27-Apr-19, 05:13:21 
27-Apr-19, 05:13:25 
27-Apr-19, 05:13:25 
27-Apr-19, 05:13:30 
27-Apr-19, 05:13:30 
27-Apr-19, 05:13:31 
27-Apr-19, 05:13:36 
27-Apr-19, 05:13:40 
27-Apr-19, 05:13:40 
27-Apr-19, 05:13:45 
27-Apr-19, 05:13:45 
27-Apr-19, 05:13:46 
27-Apr-19, 05:13:51 
27-Apr-19, 05:13:55 
27-Apr-19, 05:13:55 
27-Apr-19, 05:14:06 
27-Apr-19, 05:14:10 
27-Apr-19, 05:14:10 
27-Apr-19, 05:14:20 
27-Apr-19, 05:14:21 
27-Apr-19, 05:14:21 
27-Apr-19, 05:14:25 
27-Apr-19, 05:14:26 
27-Apr-19, 05:14:26 
27-Apr-19, 05:14:30 
27-Apr-19, 05:14:31 
27-Apr-19, 05:14:31 
27-Apr-19, 05:14:40 
27-Apr-19, 05:14:45 
27-Apr-19, 05:14:46 
27-Apr-19, 05:14:46 
27-Apr-19, 05:14:55 
27-Apr-19, 05:15:01 
27-Apr-19, 05:15:01 
27-Apr-19, 05:15:01 
27-Apr-19, 05:15:06 
27-Apr-19, 05:15:06 
27-Apr-19, 05:15:06 
27-Apr-19, 05:15:21 
27-Apr-19, 05:15:21 
27-Apr-19, 05:15:21 
27-Apr-19, 05:15:31 
27-Apr-19, 05:15:31 
27-Apr-19, 05:15:31 
27-Apr-19, 05:15:36 
27-Apr-19, 05:15:36 
27-Apr-19, 05:15:36 
27-Apr-19, 05:15:46 
27-Apr-19, 05:15:46 
27-Apr-19, 05:15:46 
27-Apr-19, 05:15:51 
27-Apr-19, 05:15:51 
27-Apr-19, 05:15:51 
27-Apr-19, 05:16:01 
27-Apr-19, 05:16:01 
27-Apr-19, 05:16:01 
27-Apr-19, 05:16:06 
27-Apr-19, 05:16:06 
27-Apr-19, 05:16:06 
27-Apr-19, 05:16:21 
27-Apr-19, 05:16:21 
27-Apr-19, 05:16:21 
27-Apr-19, 05:16:31 
27-Apr-19, 05:16:31 
27-Apr-19, 05:16:31 
27-Apr-19, 05:16:36 
27-Apr-19, 05:16:36 
27-Apr-19, 05:16:36 
27-Apr-19, 05:16:46 
27-Apr-19, 05:16:46 
27-Apr-19, 05:16:46 
27-Apr-19, 05:16:51 
27-Apr-19, 05:16:51 
27-Apr-19, 05:16:51 
27-Apr-19, 05:16:56 
27-Apr-19, 05:16:56 
27-Apr-19, 05:16:56 
27-Apr-19, 05:17:01 
27-Apr-19, 05:17:01 
27-Apr-19, 05:17:01 
27-Apr-19, 05:17:06 
27-Apr-19, 05:17:06 
27-Apr-19, 05:17:06 
27-Apr-19, 05:17:31 
27-Apr-19, 05:17:31 
27-Apr-19, 05:17:31 
27-Apr-19, 05:17:36 
27-Apr-19, 05:17:36 
27-Apr-19, 05:17:36 
27-Apr-19, 05:17:46 
27-Apr-19, 05:17:46 
27-Apr-19, 05:17:46 
27-Apr-19, 05:17:51 
27-Apr-19, 05:17:51 
27-Apr-19, 05:17:51 
27-Apr-19, 05:18:06 
27-Apr-19, 05:18:06 
27-Apr-19, 05:18:06 
27-Apr-19, 05:18:21 
27-Apr-19, 05:18:21 
27-Apr-19, 05:18:21 
27-Apr-19, 05:18:31 
27-Apr-19, 05:18:31 
27-Apr-19, 05:18:31 
27-Apr-19, 05:18:36 
27-Apr-19, 05:18:36 
27-Apr-19, 05:18:36 
27-Apr-19, 05:18:46 
27-Apr-19, 05:18:46 
27-Apr-19, 05:18:46 
27-Apr-19, 05:18:51 
27-Apr-19, 05:18:51 
27-Apr-19, 05:18:51 
27-Apr-19, 05:19:01 
27-Apr-19, 05:19:01 
27-Apr-19, 05:19:01 
27-Apr-19, 05:19:21 
27-Apr-19, 05:19:21 
27-Apr-19, 05:19:21 
27-Apr-19, 05:19:31 
27-Apr-19, 05:19:31 
27-Apr-19, 05:19:31 
27-Apr-19, 05:19:36 
27-Apr-19, 05:19:36 
27-Apr-19, 05:19:36 
27-Apr-19, 05:19:46 
27-Apr-19, 05:19:46 
27-Apr-19, 05:19:46 
27-Apr-19, 05:19:51 
27-Apr-19, 05:19:51 
27-Apr-19, 05:19:51 
27-Apr-19, 05:20:01 
27-Apr-19, 05:20:01 
27-Apr-19, 05:20:01 
27-Apr-19, 05:20:06 
27-Apr-19, 05:20:06 
27-Apr-19, 05:20:06 
27-Apr-19, 05:20:16 
27-Apr-19, 05:20:16 
27-Apr-19, 05:20:16 
27-Apr-19, 05:20:21 
27-Apr-19, 05:20:21 
27-Apr-19, 05:20:21 
27-Apr-19, 05:20:31 
27-Apr-19, 05:20:31 
27-Apr-19, 05:20:31 
27-Apr-19, 05:20:36 
27-Apr-19, 05:20:36 
27-Apr-19, 05:20:36 
27-Apr-19, 05:20:46 
27-Apr-19, 05:20:46 
27-Apr-19, 05:20:46 
27-Apr-19, 05:20:51 
27-Apr-19, 05:20:51 
27-Apr-19, 05:20:51 
27-Apr-19, 05:21:01 
27-Apr-19, 05:21:01 
27-Apr-19, 05:21:01 
27-Apr-19, 05:21:06 
27-Apr-19, 05:21:06 
27-Apr-19, 05:21:06 
27-Apr-19, 05:21:16 
27-Apr-19, 05:21:16 
27-Apr-19, 05:21:16 
27-Apr-19, 05:21:21 
27-Apr-19, 05:21:21 
27-Apr-19, 05:21:21 
27-Apr-19, 05:21:31 
27-Apr-19, 05:21:31 
27-Apr-19, 05:21:31 
27-Apr-19, 05:21:36 
27-Apr-19, 05:21:36 
27-Apr-19, 05:21:36 
27-Apr-19, 05:21:46 
27-Apr-19, 05:21:46 
27-Apr-19, 05:21:46 
27-Apr-19, 05:21:51 
27-Apr-19, 05:21:51 
27-Apr-19, 05:21:51 
27-Apr-19, 05:22:06 
27-Apr-19, 05:22:06 
27-Apr-19, 05:22:06 
27-Apr-19, 05:22:21 
27-Apr-19, 05:22:21 
27-Apr-19, 05:22:21 
27-Apr-19, 05:22:31 
27-Apr-19, 05:22:31 
27-Apr-19, 05:22:31 
27-Apr-19, 05:22:36 
27-Apr-19, 05:22:36 
27-Apr-19, 05:22:36 
27-Apr-19, 05:22:46 
27-Apr-19, 05:22:46 
27-Apr-19, 05:22:46 
27-Apr-19, 05:22:51 
27-Apr-19, 05:22:51 
27-Apr-19, 05:22:51 
27-Apr-19, 05:22:56 
27-Apr-19, 05:22:56 
27-Apr-19, 05:22:56 
27-Apr-19, 05:23:01 
27-Apr-19, 05:23:01 
27-Apr-19, 05:23:01 
27-Apr-19, 05:23:06 
27-Apr-19, 05:23:06 
27-Apr-19, 05:23:06 
27-Apr-19, 05:23:21 
27-Apr-19, 05:23:21 
27-Apr-19, 05:23:21 
27-Apr-19, 05:23:31 
27-Apr-19, 05:23:31 
27-Apr-19, 05:23:31 
27-Apr-19, 05:23:36 
27-Apr-19, 05:23:36 
27-Apr-19, 05:23:36 
27-Apr-19, 05:23:41 
27-Apr-19, 05:23:41 
27-Apr-19, 05:23:41 
27-Apr-19, 05:23:46 
27-Apr-19, 05:23:46 
27-Apr-19, 05:23:46 
27-Apr-19, 05:23:51 
27-Apr-19, 05:23:51 
27-Apr-19, 05:23:52 
27-Apr-19, 05:23:57 
27-Apr-19, 05:24:01 
27-Apr-19, 05:24:01 
27-Apr-19, 05:24:06 
27-Apr-19, 05:24:06 
27-Apr-19, 05:24:21 
27-Apr-19, 05:24:21 
27-Apr-19, 05:24:22 
27-Apr-19, 05:24:31 
27-Apr-19, 05:24:31 
27-Apr-19, 05:24:36 
27-Apr-19, 05:24:36 
27-Apr-19, 05:24:37 
27-Apr-19, 05:24:42 
27-Apr-19, 05:24:46 
27-Apr-19, 05:24:46 
27-Apr-19, 05:24:51 
27-Apr-19, 05:24:51 
27-Apr-19, 05:24:57 
27-Apr-19, 05:25:01 
27-Apr-19, 05:25:01 
27-Apr-19, 05:25:06 
27-Apr-19, 05:25:06 
27-Apr-19, 05:25:07 
27-Apr-19, 05:25:21 
27-Apr-19, 05:25:21 
27-Apr-19, 05:25:22 
27-Apr-19, 05:25:27 
27-Apr-19, 05:25:31 
27-Apr-19, 05:25:31 
27-Apr-19, 05:25:36 
27-Apr-19, 05:25:36 
27-Apr-19, 05:25:37 
27-Apr-19, 05:25:42 
27-Apr-19, 05:25:46 
27-Apr-19, 05:25:46 
27-Apr-19, 05:25:51 
27-Apr-19, 05:25:51 
27-Apr-19, 05:25:52 
27-Apr-19, 05:25:57 
27-Apr-19, 05:26:01 
27-Apr-19, 05:26:01 
27-Apr-19, 05:26:06 
27-Apr-19, 05:26:06 
27-Apr-19, 05:26:07 
27-Apr-19, 05:26:21 
27-Apr-19, 05:26:21 
27-Apr-19, 05:26:22 
27-Apr-19, 05:26:27 
27-Apr-19, 05:26:31 
27-Apr-19, 05:26:31 
27-Apr-19, 05:26:36 
27-Apr-19, 05:26:36 
27-Apr-19, 05:26:37 
27-Apr-19, 05:26:42 
27-Apr-19, 05:26:46 
27-Apr-19, 05:26:46 
27-Apr-19, 05:26:51 
27-Apr-19, 05:26:51 
27-Apr-19, 05:26:52 
27-Apr-19, 05:26:57 
27-Apr-19, 05:27:01 
27-Apr-19, 05:27:01 
27-Apr-19, 05:27:06 
27-Apr-19, 05:27:06 
27-Apr-19, 05:27:27 
27-Apr-19, 05:27:31 
27-Apr-19, 05:27:31 
27-Apr-19, 05:27:36 
27-Apr-19, 05:27:36 
27-Apr-19, 05:27:37 
27-Apr-19, 05:27:42 
27-Apr-19, 05:27:46 
27-Apr-19, 05:27:46 
27-Apr-19, 05:27:51 
27-Apr-19, 05:27:51 
27-Apr-19, 05:27:52 
27-Apr-19, 05:27:57 
27-Apr-19, 05:28:01 
27-Apr-19, 05:28:01 
27-Apr-19, 05:28:06 
27-Apr-19, 05:28:06 
27-Apr-19, 05:28:07 
27-Apr-19, 05:28:21 
27-Apr-19, 05:28:21 
27-Apr-19, 05:28:22 
27-Apr-19, 05:28:27 
27-Apr-19, 05:28:31 
27-Apr-19, 05:28:31 
27-Apr-19, 05:28:36 
27-Apr-19, 05:28:36 
27-Apr-19, 05:28:37 
27-Apr-19, 05:28:41 
27-Apr-19, 05:28:41 
27-Apr-19, 05:28:42 
27-Apr-19, 05:28:46 
27-Apr-19, 05:28:46 
27-Apr-19, 05:28:51 
27-Apr-19, 05:28:51 
27-Apr-19, 05:28:52 
27-Apr-19, 05:28:57 
27-Apr-19, 05:29:06 
27-Apr-19, 05:29:06 
27-Apr-19, 05:29:07 
27-Apr-19, 05:29:16 
27-Apr-19, 05:29:16 
27-Apr-19, 05:29:21 
27-Apr-19, 05:29:21 
27-Apr-19, 05:29:31 
27-Apr-19, 05:29:31 
27-Apr-19, 05:29:36 
27-Apr-19, 05:29:36 
27-Apr-19, 05:29:37 
27-Apr-19, 05:29:42 
27-Apr-19, 05:29:46 
27-Apr-19, 05:29:46 
27-Apr-19, 05:29:51 
27-Apr-19, 05:29:51 
27-Apr-19, 05:29:52 
27-Apr-19, 05:29:57 
27-Apr-19, 05:30:01 
27-Apr-19, 05:30:01 
27-Apr-19, 05:30:06 
27-Apr-19, 05:30:06 
27-Apr-19, 05:30:07 
27-Apr-19, 05:30:21 
27-Apr-19, 05:30:21 
27-Apr-19, 05:30:22 
27-Apr-19, 05:30:27 
27-Apr-19, 05:30:31 
27-Apr-19, 05:30:31 
27-Apr-19, 05:30:37 
27-Apr-19, 05:30:42 
27-Apr-19, 05:30:46 
27-Apr-19, 05:30:46 
27-Apr-19, 05:30:51 
27-Apr-19, 05:30:51 
27-Apr-19, 05:30:52 
27-Apr-19, 05:30:57 
27-Apr-19, 05:31:01 
27-Apr-19, 05:31:01 
27-Apr-19, 05:31:06 
27-Apr-19, 05:31:06 
27-Apr-19, 05:31:21 
27-Apr-19, 05:31:21 
27-Apr-19, 05:31:22 
27-Apr-19, 05:31:27 
27-Apr-19, 05:31:31 
27-Apr-19, 05:31:31 
27-Apr-19, 05:31:36 
27-Apr-19, 05:31:36 
27-Apr-19, 05:31:37 
27-Apr-19, 05:31:42 
27-Apr-19, 05:31:46 
27-Apr-19, 05:31:46 
27-Apr-19, 05:31:51 
27-Apr-19, 05:31:51 
27-Apr-19, 05:31:52 
27-Apr-19, 05:31:57 
27-Apr-19, 05:32:01 
27-Apr-19, 05:32:01 
27-Apr-19, 05:32:02 
27-Apr-19, 05:32:06 
27-Apr-19, 05:32:06 
27-Apr-19, 05:32:07 
27-Apr-19, 05:32:21 
27-Apr-19, 05:32:21 
27-Apr-19, 05:32:22 
27-Apr-19, 05:32:27 
27-Apr-19, 05:32:31 
27-Apr-19, 05:32:31 
27-Apr-19, 05:32:32 
27-Apr-19, 05:32:36 
27-Apr-19, 05:32:36 
27-Apr-19, 05:32:37 
27-Apr-19, 05:32:42 
27-Apr-19, 05:32:47 
27-Apr-19, 05:32:51 
27-Apr-19, 05:32:51 
27-Apr-19, 05:32:52 
27-Apr-19, 05:32:56 
27-Apr-19, 05:32:56 
27-Apr-19, 05:33:02 
27-Apr-19, 05:33:07 
27-Apr-19, 05:33:22 
27-Apr-19, 05:33:27 
27-Apr-19, 05:33:31 
27-Apr-19, 05:33:31 
27-Apr-19, 05:33:36 
27-Apr-19, 05:33:36 
27-Apr-19, 05:33:37 
27-Apr-19, 05:33:42 
27-Apr-19, 05:33:46 
27-Apr-19, 05:33:46 
27-Apr-19, 05:33:51 
27-Apr-19, 05:33:51 
27-Apr-19, 05:33:52 
27-Apr-19, 05:33:57 
27-Apr-19, 05:33:57 
27-Apr-19, 05:34:01 
27-Apr-19, 05:34:16 
27-Apr-19, 05:34:21 
27-Apr-19, 05:34:22 
27-Apr-19, 05:34:22 
27-Apr-19, 05:34:27 
27-Apr-19, 05:34:27 
27-Apr-19, 05:34:31 
27-Apr-19, 05:34:36 
27-Apr-19, 05:34:37 
27-Apr-19, 05:34:37 
27-Apr-19, 05:34:42 
27-Apr-19, 05:34:42 
27-Apr-19, 05:34:46 
27-Apr-19, 05:34:51 
27-Apr-19, 05:34:52 
27-Apr-19, 05:34:52 
27-Apr-19, 05:34:57 
27-Apr-19, 05:34:57 
27-Apr-19, 05:35:01 
27-Apr-19, 05:35:06 
27-Apr-19, 05:35:07 
27-Apr-19, 05:35:07 
27-Apr-19, 05:35:21 
27-Apr-19, 05:35:22 
27-Apr-19, 05:35:22 
27-Apr-19, 05:35:27 
27-Apr-19, 05:35:27 
27-Apr-19, 05:35:31 
27-Apr-19, 05:35:36 
27-Apr-19, 05:35:37 
27-Apr-19, 05:35:37 
27-Apr-19, 05:35:42 
27-Apr-19, 05:35:42 
27-Apr-19, 05:35:46 
27-Apr-19, 05:35:51 
27-Apr-19, 05:35:52 
27-Apr-19, 05:35:52 
27-Apr-19, 05:35:57 
27-Apr-19, 05:35:57 
27-Apr-19, 05:36:01 
27-Apr-19, 05:36:06 
27-Apr-19, 05:36:07 
27-Apr-19, 05:36:07 
27-Apr-19, 05:36:16 
27-Apr-19, 05:36:21 
27-Apr-19, 05:36:22 
27-Apr-19, 05:36:22 
27-Apr-19, 05:36:27 
27-Apr-19, 05:36:27 
27-Apr-19, 05:36:31 
27-Apr-19, 05:36:42 
27-Apr-19, 05:36:42 
27-Apr-19, 05:36:42 
27-Apr-19, 05:36:52 
27-Apr-19, 05:36:52 
27-Apr-19, 05:36:52 
27-Apr-19, 05:36:57 
27-Apr-19, 05:36:57 
27-Apr-19, 05:36:57 
27-Apr-19, 05:37:07 
27-Apr-19, 05:37:07 
27-Apr-19, 05:37:07 
27-Apr-19, 05:37:22 
27-Apr-19, 05:37:22 
27-Apr-19, 05:37:22 
27-Apr-19, 05:37:37 
27-Apr-19, 05:37:37 
27-Apr-19, 05:37:37 
27-Apr-19, 05:37:42 
27-Apr-19, 05:37:42 
27-Apr-19, 05:37:42 
27-Apr-19, 05:37:52 
27-Apr-19, 05:37:52 
27-Apr-19, 05:37:52 
27-Apr-19, 05:38:07 
27-Apr-19, 05:38:07 
27-Apr-19, 05:38:07 
27-Apr-19, 05:38:12 
27-Apr-19, 05:38:12 
27-Apr-19, 05:38:12 
27-Apr-19, 05:38:22 
27-Apr-19, 05:38:22 
27-Apr-19, 05:38:22 
27-Apr-19, 05:38:27 
27-Apr-19, 05:38:27 
27-Apr-19, 05:38:27 
27-Apr-19, 05:38:37 
27-Apr-19, 05:38:37 
27-Apr-19, 05:38:37 
27-Apr-19, 05:38:42 
27-Apr-19, 05:38:42 
27-Apr-19, 05:38:42 
27-Apr-19, 05:38:47 
27-Apr-19, 05:38:47 
27-Apr-19, 05:38:47 
27-Apr-19, 05:38:52 
27-Apr-19, 05:38:52 
27-Apr-19, 05:38:52 
27-Apr-19, 05:38:57 
27-Apr-19, 05:38:57 
27-Apr-19, 05:38:57 
27-Apr-19, 05:39:22 
27-Apr-19, 05:39:22 
27-Apr-19, 05:39:22 
27-Apr-19, 05:39:27 
27-Apr-19, 05:39:27 
27-Apr-19, 05:39:27 
27-Apr-19, 05:39:37 
27-Apr-19, 05:39:37 
27-Apr-19, 05:39:37 
27-Apr-19, 05:39:42 
27-Apr-19, 05:39:42 
27-Apr-19, 05:39:42 
27-Apr-19, 05:39:52 
27-Apr-19, 05:39:52 
27-Apr-19, 05:39:52 
27-Apr-19, 05:39:57 
27-Apr-19, 05:39:57 
27-Apr-19, 05:39:57 
27-Apr-19, 05:40:07 
27-Apr-19, 05:40:07 
27-Apr-19, 05:40:07 
27-Apr-19, 05:40:22 
27-Apr-19, 05:40:22 
27-Apr-19, 05:40:22 
27-Apr-19, 05:40:27 
27-Apr-19, 05:40:27 
27-Apr-19, 05:40:27 
27-Apr-19, 05:40:37 
27-Apr-19, 05:40:37 
27-Apr-19, 05:40:37 
27-Apr-19, 05:40:42 
27-Apr-19, 05:40:42 
27-Apr-19, 05:40:42 
27-Apr-19, 05:40:52 
27-Apr-19, 05:40:52 
27-Apr-19, 05:40:52 
