date,time
25-Apr-19, 09:14:00 
25-Apr-19, 09:14:01 
25-Apr-19, 09:14:02 
25-Apr-19, 09:14:04 
25-Apr-19, 09:14:06 
25-Apr-19, 09:14:07 
25-Apr-19, 09:14:09 
25-Apr-19, 09:14:10 
25-Apr-19, 09:14:11 
25-Apr-19, 09:14:12 
25-Apr-19, 09:14:14 
25-Apr-19, 09:14:15 
25-Apr-19, 09:14:15 
25-Apr-19, 09:14:16 
25-Apr-19, 09:14:17 
25-Apr-19, 09:14:19 
25-Apr-19, 09:14:20 
25-Apr-19, 09:14:21 
25-Apr-19, 09:14:22 
25-Apr-19, 09:14:24 
25-Apr-19, 09:14:25 
25-Apr-19, 09:14:26 
25-Apr-19, 09:14:27 
25-Apr-19, 09:14:29 
25-Apr-19, 09:14:30 
25-Apr-19, 09:14:31 
25-Apr-19, 09:14:32 
25-Apr-19, 09:14:34 
25-Apr-19, 09:14:35 
25-Apr-19, 09:14:35 
25-Apr-19, 09:14:36 
25-Apr-19, 09:14:37 
25-Apr-19, 09:14:39 
25-Apr-19, 09:14:40 
25-Apr-19, 09:14:41 
25-Apr-19, 09:14:42 
25-Apr-19, 09:14:44 
25-Apr-19, 09:14:45 
25-Apr-19, 09:14:46 
25-Apr-19, 09:14:47 
25-Apr-19, 09:14:49 
25-Apr-19, 09:14:50 
25-Apr-19, 09:14:51 
25-Apr-19, 09:14:52 
25-Apr-19, 09:14:54 
25-Apr-19, 09:14:55 
25-Apr-19, 09:14:55 
25-Apr-19, 09:14:56 
25-Apr-19, 09:14:57 
25-Apr-19, 09:14:59 
25-Apr-19, 09:15:00 
25-Apr-19, 09:15:01 
25-Apr-19, 09:15:02 
25-Apr-19, 09:15:04 
25-Apr-19, 09:15:05 
25-Apr-19, 09:15:06 
25-Apr-19, 09:15:07 
25-Apr-19, 09:15:09 
25-Apr-19, 09:15:10 
25-Apr-19, 09:15:11 
25-Apr-19, 09:15:12 
25-Apr-19, 09:15:14 
25-Apr-19, 09:15:15 
25-Apr-19, 09:15:15 
25-Apr-19, 09:15:16 
25-Apr-19, 09:15:17 
25-Apr-19, 09:15:19 
25-Apr-19, 09:15:20 
25-Apr-19, 09:15:21 
25-Apr-19, 09:15:22 
25-Apr-19, 09:15:24 
25-Apr-19, 09:15:25 
25-Apr-19, 09:15:26 
25-Apr-19, 09:15:27 
25-Apr-19, 09:15:29 
25-Apr-19, 09:15:30 
25-Apr-19, 09:15:31 
25-Apr-19, 09:16:36 
25-Apr-19, 09:16:37 
25-Apr-19, 09:16:39 
25-Apr-19, 09:16:40 
25-Apr-19, 09:16:41 
25-Apr-19, 09:16:42 
25-Apr-19, 09:16:44 
25-Apr-19, 09:16:45 
25-Apr-19, 09:16:46 
25-Apr-19, 09:16:47 
25-Apr-19, 09:16:49 
25-Apr-19, 09:16:50 
25-Apr-19, 09:16:51 
25-Apr-19, 09:16:52 
25-Apr-19, 09:16:54 
25-Apr-19, 09:16:55 
25-Apr-19, 09:16:55 
25-Apr-19, 09:16:56 
25-Apr-19, 09:16:57 
25-Apr-19, 09:17:00 
25-Apr-19, 09:17:02 
25-Apr-19, 09:17:05 
25-Apr-19, 09:17:06 
25-Apr-19, 09:17:07 
25-Apr-19, 09:17:09 
25-Apr-19, 09:17:10 
25-Apr-19, 09:17:11 
25-Apr-19, 09:17:12 
25-Apr-19, 09:17:14 
25-Apr-19, 09:17:15 
25-Apr-19, 09:17:15 
25-Apr-19, 09:17:16 
25-Apr-19, 09:17:17 
25-Apr-19, 09:17:19 
25-Apr-19, 09:17:20 
25-Apr-19, 09:17:21 
25-Apr-19, 09:17:22 
25-Apr-19, 09:17:24 
25-Apr-19, 09:17:25 
25-Apr-19, 09:17:26 
25-Apr-19, 09:17:27 
25-Apr-19, 09:17:30 
25-Apr-19, 09:17:31 
25-Apr-19, 09:17:32 
25-Apr-19, 09:17:34 
25-Apr-19, 09:17:35 
25-Apr-19, 09:17:35 
25-Apr-19, 09:17:36 
25-Apr-19, 09:17:37 
25-Apr-19, 09:17:39 
25-Apr-19, 09:17:40 
25-Apr-19, 09:17:41 
25-Apr-19, 09:17:42 
25-Apr-19, 09:17:44 
25-Apr-19, 09:17:45 
25-Apr-19, 09:17:46 
25-Apr-19, 09:17:47 
25-Apr-19, 09:17:50 
25-Apr-19, 09:17:51 
25-Apr-19, 09:17:52 
25-Apr-19, 09:17:54 
25-Apr-19, 09:17:55 
25-Apr-19, 09:17:56 
25-Apr-19, 09:17:57 
25-Apr-19, 09:17:59 
25-Apr-19, 09:18:00 
25-Apr-19, 09:18:01 
25-Apr-19, 09:18:02 
25-Apr-19, 09:18:04 
25-Apr-19, 09:18:05 
25-Apr-19, 09:18:06 
25-Apr-19, 09:18:07 
25-Apr-19, 09:18:09 
25-Apr-19, 09:18:10 
25-Apr-19, 09:18:11 
25-Apr-19, 09:18:11 
25-Apr-19, 09:18:12 
25-Apr-19, 09:18:14 
25-Apr-19, 09:18:15 
25-Apr-19, 09:18:16 
25-Apr-19, 09:18:17 
25-Apr-19, 09:18:19 
25-Apr-19, 09:18:20 
25-Apr-19, 09:18:21 
25-Apr-19, 09:18:22 
25-Apr-19, 09:18:24 
25-Apr-19, 09:18:25 
25-Apr-19, 09:18:26 
25-Apr-19, 09:18:27 
25-Apr-19, 09:18:29 
25-Apr-19, 09:18:30 
25-Apr-19, 09:18:31 
25-Apr-19, 09:18:31 
25-Apr-19, 09:18:32 
25-Apr-19, 09:18:34 
25-Apr-19, 09:18:35 
25-Apr-19, 09:18:36 
25-Apr-19, 09:18:37 
25-Apr-19, 09:18:39 
25-Apr-19, 09:18:40 
25-Apr-19, 09:18:41 
25-Apr-19, 09:18:42 
25-Apr-19, 09:18:44 
25-Apr-19, 09:18:45 
25-Apr-19, 09:18:46 
25-Apr-19, 09:18:47 
25-Apr-19, 09:18:49 
25-Apr-19, 09:18:50 
25-Apr-19, 09:18:51 
25-Apr-19, 09:18:51 
25-Apr-19, 09:18:52 
25-Apr-19, 09:18:54 
25-Apr-19, 09:18:55 
25-Apr-19, 09:18:56 
25-Apr-19, 09:18:57 
25-Apr-19, 09:18:59 
25-Apr-19, 09:19:00 
25-Apr-19, 09:19:01 
25-Apr-19, 09:19:02 
25-Apr-19, 09:19:04 
25-Apr-19, 09:19:05 
25-Apr-19, 09:19:06 
25-Apr-19, 09:19:07 
25-Apr-19, 09:19:09 
25-Apr-19, 09:19:10 
25-Apr-19, 09:19:12 
25-Apr-19, 09:19:14 
25-Apr-19, 09:19:15 
25-Apr-19, 09:19:16 
25-Apr-19, 09:19:17 
25-Apr-19, 09:19:19 
25-Apr-19, 09:19:20 
25-Apr-19, 09:19:21 
25-Apr-19, 09:19:22 
25-Apr-19, 09:19:24 
25-Apr-19, 09:19:25 
25-Apr-19, 09:19:26 
25-Apr-19, 09:19:27 
25-Apr-19, 09:19:29 
25-Apr-19, 09:19:30 
25-Apr-19, 09:19:31 
25-Apr-19, 09:19:31 
25-Apr-19, 09:19:32 
25-Apr-19, 09:19:34 
25-Apr-19, 09:19:35 
25-Apr-19, 09:19:37 
25-Apr-19, 09:19:39 
25-Apr-19, 09:19:40 
25-Apr-19, 09:19:41 
25-Apr-19, 09:19:42 
25-Apr-19, 09:19:44 
25-Apr-19, 09:19:45 
25-Apr-19, 09:19:46 
25-Apr-19, 09:19:47 
25-Apr-19, 09:19:51 
25-Apr-19, 09:19:51 
25-Apr-19, 09:19:52 
25-Apr-19, 09:19:54 
25-Apr-19, 09:19:55 
25-Apr-19, 09:19:56 
25-Apr-19, 09:19:57 
25-Apr-19, 09:19:59 
25-Apr-19, 09:20:00 
25-Apr-19, 09:20:01 
25-Apr-19, 09:20:02 
25-Apr-19, 09:20:04 
25-Apr-19, 09:20:05 
25-Apr-19, 09:20:06 
25-Apr-19, 09:20:07 
25-Apr-19, 09:20:09 
25-Apr-19, 09:20:10 
25-Apr-19, 09:20:11 
25-Apr-19, 09:20:11 
25-Apr-19, 09:20:12 
25-Apr-19, 09:20:14 
25-Apr-19, 09:20:15 
25-Apr-19, 09:20:17 
25-Apr-19, 09:20:19 
25-Apr-19, 09:20:20 
25-Apr-19, 09:20:21 
25-Apr-19, 09:20:22 
25-Apr-19, 09:20:24 
25-Apr-19, 09:20:25 
25-Apr-19, 09:20:26 
25-Apr-19, 09:20:27 
25-Apr-19, 09:20:29 
25-Apr-19, 09:20:30 
25-Apr-19, 09:20:31 
25-Apr-19, 09:20:31 
25-Apr-19, 09:20:32 
25-Apr-19, 09:20:34 
25-Apr-19, 09:20:35 
25-Apr-19, 09:20:36 
25-Apr-19, 09:20:37 
25-Apr-19, 09:20:39 
25-Apr-19, 09:20:40 
25-Apr-19, 09:20:41 
25-Apr-19, 09:20:42 
25-Apr-19, 09:20:44 
25-Apr-19, 09:20:45 
25-Apr-19, 09:20:46 
25-Apr-19, 09:20:47 
25-Apr-19, 09:20:49 
25-Apr-19, 09:20:50 
25-Apr-19, 09:20:51 
25-Apr-19, 09:20:51 
25-Apr-19, 09:20:52 
25-Apr-19, 09:20:54 
25-Apr-19, 09:20:56 
25-Apr-19, 09:20:56 
25-Apr-19, 09:20:57 
25-Apr-19, 09:20:59 
25-Apr-19, 09:21:01 
25-Apr-19, 09:21:02 
25-Apr-19, 09:21:04 
25-Apr-19, 09:21:06 
25-Apr-19, 09:21:07 
25-Apr-19, 09:21:09 
25-Apr-19, 09:21:11 
25-Apr-19, 09:21:11 
25-Apr-19, 09:21:12 
25-Apr-19, 09:21:14 
25-Apr-19, 09:21:16 
25-Apr-19, 09:21:16 
25-Apr-19, 09:21:17 
25-Apr-19, 09:21:19 
25-Apr-19, 09:21:21 
25-Apr-19, 09:21:22 
25-Apr-19, 09:21:24 
25-Apr-19, 09:21:26 
25-Apr-19, 09:21:27 
25-Apr-19, 09:21:29 
25-Apr-19, 09:21:31 
25-Apr-19, 09:21:31 
25-Apr-19, 09:21:32 
25-Apr-19, 09:21:34 
25-Apr-19, 09:21:36 
25-Apr-19, 09:21:36 
25-Apr-19, 09:21:37 
25-Apr-19, 09:21:39 
25-Apr-19, 09:21:42 
25-Apr-19, 09:21:44 
25-Apr-19, 09:21:46 
25-Apr-19, 09:21:47 
25-Apr-19, 09:21:49 
25-Apr-19, 09:21:51 
25-Apr-19, 09:21:51 
25-Apr-19, 09:21:52 
25-Apr-19, 09:21:54 
25-Apr-19, 09:21:56 
25-Apr-19, 09:21:56 
25-Apr-19, 09:21:57 
25-Apr-19, 09:22:01 
25-Apr-19, 09:22:02 
25-Apr-19, 09:22:04 
25-Apr-19, 09:22:06 
25-Apr-19, 09:22:07 
25-Apr-19, 09:22:09 
25-Apr-19, 09:22:11 
25-Apr-19, 09:22:11 
25-Apr-19, 09:22:12 
25-Apr-19, 09:22:14 
25-Apr-19, 09:22:16 
25-Apr-19, 09:22:16 
25-Apr-19, 09:22:17 
25-Apr-19, 09:22:19 
25-Apr-19, 09:22:21 
25-Apr-19, 09:22:22 
25-Apr-19, 09:22:24 
25-Apr-19, 09:22:26 
25-Apr-19, 09:22:27 
25-Apr-19, 09:22:29 
25-Apr-19, 09:22:31 
25-Apr-19, 09:22:31 
25-Apr-19, 09:22:32 
25-Apr-19, 09:22:34 
25-Apr-19, 09:22:36 
25-Apr-19, 09:22:36 
25-Apr-19, 09:22:37 
25-Apr-19, 09:22:41 
25-Apr-19, 09:22:42 
25-Apr-19, 09:22:44 
25-Apr-19, 09:22:46 
25-Apr-19, 09:22:47 
25-Apr-19, 09:22:51 
25-Apr-19, 09:22:51 
25-Apr-19, 09:22:52 
25-Apr-19, 09:22:54 
25-Apr-19, 09:22:56 
25-Apr-19, 09:22:56 
25-Apr-19, 09:22:59 
25-Apr-19, 09:23:01 
25-Apr-19, 09:23:02 
25-Apr-19, 09:23:04 
25-Apr-19, 09:23:06 
25-Apr-19, 09:23:07 
25-Apr-19, 09:23:09 
25-Apr-19, 09:23:11 
25-Apr-19, 09:23:11 
25-Apr-19, 09:23:12 
25-Apr-19, 09:23:14 
25-Apr-19, 09:23:16 
25-Apr-19, 09:23:16 
25-Apr-19, 09:23:17 
25-Apr-19, 09:23:19 
25-Apr-19, 09:23:21 
25-Apr-19, 09:23:22 
25-Apr-19, 09:23:24 
25-Apr-19, 09:23:26 
25-Apr-19, 09:23:27 
25-Apr-19, 09:23:27 
25-Apr-19, 09:23:31 
25-Apr-19, 09:23:32 
25-Apr-19, 09:23:34 
25-Apr-19, 09:23:36 
25-Apr-19, 09:23:36 
25-Apr-19, 09:23:37 
25-Apr-19, 09:23:39 
25-Apr-19, 09:23:41 
25-Apr-19, 09:23:42 
25-Apr-19, 09:23:44 
25-Apr-19, 09:23:46 
25-Apr-19, 09:23:47 
25-Apr-19, 09:23:47 
25-Apr-19, 09:23:49 
25-Apr-19, 09:23:51 
25-Apr-19, 09:23:52 
25-Apr-19, 09:23:56 
25-Apr-19, 09:23:56 
25-Apr-19, 09:23:57 
25-Apr-19, 09:23:59 
25-Apr-19, 09:24:01 
25-Apr-19, 09:24:02 
25-Apr-19, 09:24:04 
25-Apr-19, 09:24:06 
25-Apr-19, 09:24:07 
25-Apr-19, 09:24:07 
25-Apr-19, 09:24:09 
25-Apr-19, 09:24:11 
25-Apr-19, 09:24:12 
25-Apr-19, 09:24:14 
25-Apr-19, 09:24:17 
25-Apr-19, 09:24:19 
25-Apr-19, 09:24:21 
25-Apr-19, 09:24:22 
25-Apr-19, 09:24:24 
25-Apr-19, 09:24:26 
25-Apr-19, 09:24:27 
25-Apr-19, 09:24:27 
25-Apr-19, 09:24:29 
25-Apr-19, 09:24:31 
25-Apr-19, 09:24:32 
25-Apr-19, 09:24:34 
25-Apr-19, 09:24:36 
25-Apr-19, 09:24:36 
25-Apr-19, 09:24:37 
25-Apr-19, 09:24:39 
25-Apr-19, 09:24:41 
25-Apr-19, 09:24:42 
25-Apr-19, 09:24:44 
25-Apr-19, 09:24:46 
25-Apr-19, 09:24:47 
25-Apr-19, 09:24:47 
25-Apr-19, 09:24:51 
25-Apr-19, 09:24:52 
25-Apr-19, 09:24:54 
25-Apr-19, 09:24:56 
25-Apr-19, 09:24:56 
25-Apr-19, 09:24:57 
25-Apr-19, 09:24:59 
25-Apr-19, 09:25:01 
25-Apr-19, 09:25:02 
25-Apr-19, 09:25:04 
25-Apr-19, 09:25:06 
25-Apr-19, 09:25:07 
25-Apr-19, 09:25:07 
25-Apr-19, 09:25:09 
25-Apr-19, 09:25:14 
25-Apr-19, 09:25:16 
25-Apr-19, 09:25:16 
25-Apr-19, 09:25:17 
25-Apr-19, 09:25:19 
25-Apr-19, 09:25:21 
25-Apr-19, 09:25:22 
25-Apr-19, 09:25:24 
25-Apr-19, 09:25:26 
25-Apr-19, 09:25:27 
25-Apr-19, 09:25:27 
25-Apr-19, 09:25:29 
25-Apr-19, 09:25:31 
25-Apr-19, 09:25:32 
25-Apr-19, 09:25:35 
25-Apr-19, 09:25:36 
25-Apr-19, 09:25:36 
25-Apr-19, 09:25:37 
25-Apr-19, 09:25:40 
25-Apr-19, 09:25:41 
25-Apr-19, 09:25:42 
25-Apr-19, 09:25:45 
25-Apr-19, 09:25:46 
25-Apr-19, 09:25:47 
25-Apr-19, 09:25:47 
25-Apr-19, 09:25:50 
25-Apr-19, 09:25:51 
25-Apr-19, 09:25:52 
25-Apr-19, 09:25:55 
25-Apr-19, 09:25:56 
25-Apr-19, 09:25:56 
25-Apr-19, 09:25:57 
25-Apr-19, 09:26:00 
25-Apr-19, 09:26:01 
25-Apr-19, 09:26:02 
25-Apr-19, 09:26:05 
25-Apr-19, 09:26:06 
25-Apr-19, 09:26:07 
25-Apr-19, 09:26:07 
25-Apr-19, 09:26:10 
25-Apr-19, 09:26:11 
25-Apr-19, 09:26:12 
25-Apr-19, 09:26:15 
25-Apr-19, 09:26:16 
25-Apr-19, 09:26:16 
25-Apr-19, 09:26:17 
25-Apr-19, 09:26:20 
25-Apr-19, 09:26:21 
25-Apr-19, 09:26:22 
25-Apr-19, 09:26:25 
25-Apr-19, 09:26:26 
25-Apr-19, 09:26:27 
25-Apr-19, 09:26:27 
25-Apr-19, 09:26:30 
25-Apr-19, 09:26:31 
25-Apr-19, 09:26:32 
25-Apr-19, 09:26:35 
25-Apr-19, 09:26:36 
25-Apr-19, 09:26:36 
25-Apr-19, 09:26:37 
25-Apr-19, 09:26:40 
25-Apr-19, 09:26:41 
25-Apr-19, 09:26:42 
25-Apr-19, 09:26:45 
25-Apr-19, 09:26:46 
25-Apr-19, 09:26:47 
25-Apr-19, 09:26:47 
25-Apr-19, 09:26:50 
25-Apr-19, 09:26:51 
25-Apr-19, 09:26:52 
25-Apr-19, 09:26:55 
25-Apr-19, 09:26:56 
25-Apr-19, 09:26:56 
25-Apr-19, 09:26:57 
25-Apr-19, 09:27:00 
25-Apr-19, 09:27:01 
25-Apr-19, 09:27:02 
25-Apr-19, 09:27:05 
25-Apr-19, 09:27:06 
25-Apr-19, 09:27:07 
25-Apr-19, 09:27:07 
25-Apr-19, 09:27:10 
25-Apr-19, 09:27:11 
25-Apr-19, 09:27:12 
25-Apr-19, 09:27:15 
25-Apr-19, 09:27:16 
25-Apr-19, 09:27:16 
25-Apr-19, 09:27:20 
25-Apr-19, 09:27:21 
25-Apr-19, 09:27:22 
25-Apr-19, 09:27:25 
25-Apr-19, 09:27:26 
25-Apr-19, 09:27:27 
25-Apr-19, 09:27:27 
25-Apr-19, 09:27:30 
25-Apr-19, 09:27:31 
25-Apr-19, 09:27:32 
25-Apr-19, 09:27:35 
25-Apr-19, 09:27:36 
25-Apr-19, 09:27:36 
25-Apr-19, 09:27:37 
25-Apr-19, 09:27:40 
25-Apr-19, 09:27:41 
25-Apr-19, 09:27:42 
25-Apr-19, 09:27:45 
28-Apr-19, 10:24:16 
28-Apr-19, 10:24:17 
28-Apr-19, 10:24:19 
28-Apr-19, 10:24:21 
28-Apr-19, 10:24:22 
28-Apr-19, 10:24:24 
28-Apr-19, 10:24:26 
28-Apr-19, 10:24:27 
28-Apr-19, 10:24:29 
28-Apr-19, 10:24:31 
28-Apr-19, 10:24:32 
28-Apr-19, 10:24:34 
28-Apr-19, 10:24:36 
28-Apr-19, 10:24:37 
28-Apr-19, 10:24:39 
28-Apr-19, 10:24:41 
28-Apr-19, 10:24:42 
28-Apr-19, 10:24:44 
28-Apr-19, 10:24:46 
28-Apr-19, 10:24:47 
28-Apr-19, 10:24:49 
28-Apr-19, 10:24:51 
28-Apr-19, 10:24:52 
28-Apr-19, 10:24:54 
28-Apr-19, 10:24:59 
28-Apr-19, 10:25:01 
28-Apr-19, 10:25:04 
28-Apr-19, 10:25:06 
28-Apr-19, 10:25:07 
28-Apr-19, 10:25:09 
28-Apr-19, 10:25:14 
28-Apr-19, 10:25:16 
28-Apr-19, 10:25:17 
28-Apr-19, 10:25:19 
28-Apr-19, 10:25:21 
28-Apr-19, 10:25:22 
28-Apr-19, 10:25:24 
28-Apr-19, 10:25:27 
28-Apr-19, 10:25:29 
28-Apr-19, 10:25:31 
28-Apr-19, 10:25:32 
28-Apr-19, 10:25:34 
28-Apr-19, 10:25:36 
28-Apr-19, 10:25:37 
28-Apr-19, 10:25:39 
28-Apr-19, 10:25:41 
28-Apr-19, 10:25:42 
28-Apr-19, 10:25:44 
28-Apr-19, 10:25:46 
28-Apr-19, 10:25:47 
28-Apr-19, 10:25:49 
28-Apr-19, 10:25:51 
28-Apr-19, 10:25:52 
28-Apr-19, 10:25:54 
28-Apr-19, 10:26:02 
28-Apr-19, 10:26:04 
28-Apr-19, 10:26:06 
28-Apr-19, 10:26:07 
28-Apr-19, 10:26:09 
28-Apr-19, 10:26:14 
28-Apr-19, 10:26:16 
28-Apr-19, 10:26:17 
28-Apr-19, 10:26:19 
28-Apr-19, 10:26:21 
28-Apr-19, 10:26:22 
28-Apr-19, 10:26:24 
28-Apr-19, 10:26:26 
28-Apr-19, 10:26:27 
28-Apr-19, 10:26:29 
28-Apr-19, 10:26:31 
28-Apr-19, 10:26:32 
28-Apr-19, 10:26:34 
28-Apr-19, 10:26:36 
28-Apr-19, 10:26:39 
28-Apr-19, 10:26:41 
28-Apr-19, 10:26:42 
28-Apr-19, 10:26:44 
28-Apr-19, 10:26:46 
28-Apr-19, 10:26:47 
28-Apr-19, 10:26:49 
28-Apr-19, 10:26:51 
28-Apr-19, 10:26:52 
28-Apr-19, 10:26:54 
28-Apr-19, 10:27:04 
28-Apr-19, 10:27:06 
28-Apr-19, 10:27:07 
28-Apr-19, 10:27:09 
28-Apr-19, 10:27:11 
28-Apr-19, 10:27:12 
28-Apr-19, 10:27:14 
28-Apr-19, 10:27:16 
28-Apr-19, 10:27:17 
28-Apr-19, 10:27:19 
28-Apr-19, 10:27:21 
28-Apr-19, 10:27:22 
28-Apr-19, 10:27:24 
28-Apr-19, 10:27:26 
28-Apr-19, 10:27:27 
28-Apr-19, 10:27:29 
28-Apr-19, 10:27:31 
28-Apr-19, 10:27:34 
28-Apr-19, 10:27:36 
28-Apr-19, 10:27:37 
28-Apr-19, 10:27:39 
28-Apr-19, 10:27:41 
28-Apr-19, 10:27:42 
28-Apr-19, 10:27:44 
28-Apr-19, 10:27:46 
28-Apr-19, 10:27:47 
28-Apr-19, 10:27:49 
28-Apr-19, 10:27:51 
28-Apr-19, 10:27:52 
28-Apr-19, 10:27:54 
28-Apr-19, 10:28:02 
28-Apr-19, 10:28:04 
28-Apr-19, 10:28:06 
28-Apr-19, 10:28:07 
28-Apr-19, 10:28:09 
28-Apr-19, 10:28:11 
28-Apr-19, 10:28:12 
28-Apr-19, 10:28:14 
28-Apr-19, 10:28:16 
28-Apr-19, 10:28:17 
28-Apr-19, 10:28:19 
28-Apr-19, 10:28:21 
28-Apr-19, 10:28:22 
28-Apr-19, 10:28:24 
28-Apr-19, 10:28:26 
28-Apr-19, 10:28:27 
28-Apr-19, 10:28:31 
28-Apr-19, 10:28:32 
28-Apr-19, 10:28:34 
28-Apr-19, 10:28:36 
28-Apr-19, 10:28:37 
28-Apr-19, 10:28:39 
28-Apr-19, 10:28:44 
28-Apr-19, 10:28:46 
28-Apr-19, 10:28:47 
28-Apr-19, 10:28:49 
28-Apr-19, 10:28:51 
28-Apr-19, 10:28:52 
28-Apr-19, 10:28:54 
28-Apr-19, 10:29:01 
28-Apr-19, 10:29:02 
28-Apr-19, 10:29:04 
28-Apr-19, 10:29:06 
28-Apr-19, 10:29:07 
28-Apr-19, 10:29:09 
28-Apr-19, 10:29:11 
28-Apr-19, 10:29:12 
28-Apr-19, 10:29:14 
28-Apr-19, 10:29:16 
28-Apr-19, 10:29:17 
28-Apr-19, 10:29:19 
28-Apr-19, 10:29:21 
28-Apr-19, 10:29:22 
28-Apr-19, 10:29:24 
28-Apr-19, 10:29:26 
28-Apr-19, 10:29:27 
28-Apr-19, 10:29:29 
28-Apr-19, 10:29:31 
28-Apr-19, 10:29:32 
28-Apr-19, 10:29:34 
28-Apr-19, 10:29:36 
28-Apr-19, 10:29:37 
28-Apr-19, 10:29:39 
28-Apr-19, 10:29:41 
28-Apr-19, 10:29:42 
28-Apr-19, 10:29:44 
28-Apr-19, 10:29:46 
28-Apr-19, 10:29:47 
28-Apr-19, 10:29:49 
28-Apr-19, 10:29:51 
28-Apr-19, 10:29:52 
28-Apr-19, 10:29:54 
28-Apr-19, 10:30:02 
28-Apr-19, 10:30:04 
28-Apr-19, 10:30:06 
28-Apr-19, 10:30:07 
28-Apr-19, 10:30:09 
28-Apr-19, 10:30:11 
28-Apr-19, 10:30:12 
28-Apr-19, 10:30:16 
28-Apr-19, 10:30:17 
28-Apr-19, 10:30:19 
28-Apr-19, 10:30:21 
28-Apr-19, 10:30:22 
28-Apr-19, 10:30:24 
28-Apr-19, 10:30:26 
28-Apr-19, 10:30:29 
28-Apr-19, 10:30:31 
28-Apr-19, 10:30:32 
28-Apr-19, 10:30:34 
28-Apr-19, 10:30:36 
28-Apr-19, 10:30:37 
28-Apr-19, 10:30:39 
28-Apr-19, 10:30:41 
28-Apr-19, 10:30:46 
28-Apr-19, 10:30:47 
28-Apr-19, 10:30:49 
28-Apr-19, 10:30:51 
28-Apr-19, 10:30:52 
28-Apr-19, 10:30:54 
28-Apr-19, 10:31:02 
28-Apr-19, 10:31:04 
28-Apr-19, 10:31:06 
28-Apr-19, 10:31:07 
28-Apr-19, 10:31:09 
28-Apr-19, 10:31:11 
28-Apr-19, 10:31:16 
28-Apr-19, 10:31:17 
28-Apr-19, 10:31:19 
28-Apr-19, 10:31:21 
28-Apr-19, 10:31:22 
28-Apr-19, 10:31:24 
28-Apr-19, 10:31:26 
28-Apr-19, 10:31:27 
28-Apr-19, 10:31:32 
28-Apr-19, 10:31:34 
28-Apr-19, 10:31:36 
28-Apr-19, 10:31:37 
28-Apr-19, 10:31:39 
28-Apr-19, 10:31:41 
28-Apr-19, 10:31:42 
28-Apr-19, 10:31:47 
28-Apr-19, 10:31:49 
28-Apr-19, 10:31:51 
28-Apr-19, 10:31:52 
28-Apr-19, 10:31:54 
28-Apr-19, 10:32:04 
28-Apr-19, 10:32:06 
28-Apr-19, 10:32:08 
28-Apr-19, 10:32:09 
28-Apr-19, 10:32:11 
28-Apr-19, 10:32:13 
28-Apr-19, 10:32:14 
28-Apr-19, 10:32:16 
28-Apr-19, 10:32:18 
28-Apr-19, 10:32:19 
28-Apr-19, 10:32:21 
28-Apr-19, 10:32:23 
28-Apr-19, 10:32:24 
28-Apr-19, 10:32:26 
28-Apr-19, 10:32:28 
28-Apr-19, 10:32:29 
28-Apr-19, 10:32:31 
28-Apr-19, 10:32:33 
28-Apr-19, 10:32:34 
28-Apr-19, 10:32:36 
28-Apr-19, 10:32:38 
28-Apr-19, 10:32:39 
28-Apr-19, 10:32:41 
28-Apr-19, 10:32:43 
28-Apr-19, 10:32:44 
28-Apr-19, 10:32:46 
28-Apr-19, 10:32:48 
28-Apr-19, 10:32:49 
28-Apr-19, 10:32:51 
28-Apr-19, 10:32:53 
28-Apr-19, 10:32:54 
28-Apr-19, 10:33:06 
28-Apr-19, 10:33:08 
28-Apr-19, 10:33:09 
28-Apr-19, 10:33:11 
28-Apr-19, 10:33:13 
28-Apr-19, 10:33:14 
28-Apr-19, 10:33:18 
28-Apr-19, 10:33:19 
28-Apr-19, 10:33:21 
28-Apr-19, 10:33:23 
28-Apr-19, 10:33:24 
28-Apr-19, 10:33:26 
28-Apr-19, 10:33:28 
28-Apr-19, 10:33:29 
28-Apr-19, 10:33:31 
28-Apr-19, 10:33:33 
28-Apr-19, 10:33:34 
28-Apr-19, 10:33:36 
28-Apr-19, 10:33:38 
28-Apr-19, 10:33:39 
28-Apr-19, 10:33:43 
28-Apr-19, 10:33:44 
28-Apr-19, 10:33:46 
28-Apr-19, 10:33:48 
28-Apr-19, 10:33:49 
28-Apr-19, 10:33:51 
28-Apr-19, 10:33:53 
28-Apr-19, 10:33:54 
28-Apr-19, 10:34:01 
28-Apr-19, 10:34:03 
28-Apr-19, 10:34:04 
28-Apr-19, 10:34:06 
28-Apr-19, 10:34:08 
28-Apr-19, 10:34:09 
28-Apr-19, 10:34:11 
28-Apr-19, 10:34:13 
28-Apr-19, 10:34:14 
28-Apr-19, 10:34:16 
28-Apr-19, 10:34:18 
28-Apr-19, 10:34:19 
28-Apr-19, 10:34:21 
28-Apr-19, 10:34:23 
28-Apr-19, 10:34:24 
28-Apr-19, 10:34:26 
28-Apr-19, 10:34:28 
28-Apr-19, 10:34:29 
28-Apr-19, 10:34:31 
28-Apr-19, 10:34:33 
28-Apr-19, 10:34:34 
28-Apr-19, 10:34:36 
28-Apr-19, 10:34:38 
28-Apr-19, 10:34:39 
28-Apr-19, 10:34:41 
28-Apr-19, 10:34:43 
28-Apr-19, 10:34:44 
28-Apr-19, 10:34:46 
28-Apr-19, 10:34:51 
28-Apr-19, 10:34:53 
28-Apr-19, 10:34:54 
28-Apr-19, 10:35:01 
28-Apr-19, 10:35:03 
28-Apr-19, 10:35:04 
28-Apr-19, 10:35:06 
28-Apr-19, 10:35:08 
28-Apr-19, 10:35:09 
28-Apr-19, 10:35:13 
28-Apr-19, 10:35:14 
28-Apr-19, 10:35:16 
28-Apr-19, 10:35:18 
28-Apr-19, 10:35:19 
28-Apr-19, 10:35:21 
28-Apr-19, 10:35:23 
28-Apr-19, 10:35:24 
28-Apr-19, 10:35:26 
28-Apr-19, 10:35:28 
28-Apr-19, 10:35:29 
28-Apr-19, 10:35:31 
28-Apr-19, 10:35:33 
28-Apr-19, 10:35:34 
28-Apr-19, 10:35:36 
28-Apr-19, 10:35:38 
28-Apr-19, 10:35:39 
28-Apr-19, 10:35:41 
28-Apr-19, 10:35:43 
28-Apr-19, 10:35:44 
28-Apr-19, 10:35:46 
28-Apr-19, 10:35:48 
28-Apr-19, 10:35:49 
28-Apr-19, 10:35:51 
28-Apr-19, 10:35:53 
28-Apr-19, 10:35:54 
28-Apr-19, 10:36:03 
28-Apr-19, 10:36:04 
28-Apr-19, 10:36:06 
28-Apr-19, 10:36:08 
28-Apr-19, 10:36:09 
28-Apr-19, 10:36:11 
28-Apr-19, 10:36:13 
28-Apr-19, 10:36:14 
28-Apr-19, 10:36:16 
28-Apr-19, 10:36:18 
28-Apr-19, 10:36:19 
28-Apr-19, 10:36:23 
28-Apr-19, 10:36:24 
28-Apr-19, 10:36:26 
28-Apr-19, 10:36:28 
28-Apr-19, 10:36:29 
28-Apr-19, 10:36:31 
28-Apr-19, 10:36:36 
28-Apr-19, 10:36:38 
28-Apr-19, 10:36:39 
28-Apr-19, 10:36:41 
28-Apr-19, 10:36:43 
28-Apr-19, 10:36:44 
28-Apr-19, 10:36:46 
28-Apr-19, 10:36:48 
28-Apr-19, 10:36:49 
28-Apr-19, 10:36:51 
28-Apr-19, 10:36:53 
28-Apr-19, 10:36:54 
28-Apr-19, 10:37:03 
28-Apr-19, 10:37:04 
28-Apr-19, 10:37:06 
28-Apr-19, 10:37:08 
28-Apr-19, 10:37:09 
28-Apr-19, 10:37:11 
28-Apr-19, 10:37:13 
28-Apr-19, 10:37:14 
28-Apr-19, 10:37:16 
28-Apr-19, 10:37:18 
28-Apr-19, 10:37:19 
28-Apr-19, 10:37:21 
28-Apr-19, 10:37:23 
28-Apr-19, 10:37:24 
28-Apr-19, 10:37:26 
28-Apr-19, 10:37:28 
28-Apr-19, 10:37:29 
28-Apr-19, 10:37:31 
28-Apr-19, 10:37:33 
28-Apr-19, 10:37:34 
28-Apr-19, 10:37:36 
28-Apr-19, 10:37:38 
28-Apr-19, 10:37:39 
28-Apr-19, 10:37:41 
28-Apr-19, 10:37:43 
28-Apr-19, 10:37:44 
28-Apr-19, 10:37:46 
28-Apr-19, 10:37:48 
28-Apr-19, 10:37:49 
28-Apr-19, 10:37:51 
28-Apr-19, 10:37:53 
28-Apr-19, 10:37:54 
28-Apr-19, 10:38:01 
28-Apr-19, 10:38:03 
28-Apr-19, 10:38:04 
28-Apr-19, 10:38:08 
28-Apr-19, 10:38:09 
28-Apr-19, 10:38:11 
28-Apr-19, 10:38:13 
28-Apr-19, 10:38:14 
28-Apr-19, 10:38:16 
28-Apr-19, 10:38:18 
28-Apr-19, 10:38:21 
28-Apr-19, 10:38:23 
28-Apr-19, 10:38:24 
28-Apr-19, 10:38:26 
28-Apr-19, 10:38:28 
28-Apr-19, 10:38:29 
28-Apr-19, 10:38:31 
28-Apr-19, 10:38:33 
28-Apr-19, 10:38:34 
28-Apr-19, 10:38:36 
28-Apr-19, 10:38:38 
28-Apr-19, 10:38:39 
28-Apr-19, 10:38:41 
28-Apr-19, 10:38:43 
28-Apr-19, 10:38:44 
28-Apr-19, 10:38:46 
28-Apr-19, 10:38:48 
28-Apr-19, 10:38:49 
28-Apr-19, 10:38:51 
28-Apr-19, 10:38:53 
28-Apr-19, 10:38:54 
28-Apr-19, 10:39:03 
28-Apr-19, 10:39:04 
28-Apr-19, 10:39:06 
28-Apr-19, 10:39:08 
28-Apr-19, 10:39:09 
28-Apr-19, 10:39:11 
28-Apr-19, 10:39:13 
28-Apr-19, 10:39:14 
28-Apr-19, 10:39:16 
28-Apr-19, 10:39:18 
28-Apr-19, 10:39:19 
28-Apr-19, 10:39:21 
28-Apr-19, 10:39:23 
28-Apr-19, 10:39:24 
28-Apr-19, 10:39:26 
28-Apr-19, 10:39:28 
28-Apr-19, 10:39:29 
28-Apr-19, 10:39:31 
28-Apr-19, 10:39:33 
28-Apr-19, 10:39:34 
28-Apr-19, 10:39:36 
28-Apr-19, 10:39:38 
28-Apr-19, 10:39:39 
28-Apr-19, 10:39:41 
28-Apr-19, 10:39:43 
28-Apr-19, 10:39:44 
28-Apr-19, 10:39:46 
28-Apr-19, 10:39:48 
28-Apr-19, 10:39:49 
28-Apr-19, 10:39:53 
28-Apr-19, 10:39:54 
28-Apr-19, 10:40:03 
28-Apr-19, 10:40:04 
28-Apr-19, 10:40:06 
28-Apr-19, 10:40:08 
28-Apr-19, 10:40:09 
28-Apr-19, 10:40:11 
28-Apr-19, 10:40:13 
28-Apr-19, 10:40:14 
28-Apr-19, 10:40:16 
28-Apr-19, 10:40:18 
28-Apr-19, 10:40:19 
28-Apr-19, 10:40:24 
28-Apr-19, 10:40:26 
28-Apr-19, 10:40:28 
28-Apr-19, 10:40:29 
28-Apr-19, 10:40:31 
28-Apr-19, 10:40:33 
28-Apr-19, 10:40:34 
28-Apr-19, 10:40:39 
28-Apr-19, 10:40:41 
28-Apr-19, 10:40:43 
28-Apr-19, 10:40:44 
28-Apr-19, 10:40:46 
28-Apr-19, 10:40:48 
28-Apr-19, 10:40:49 
28-Apr-19, 10:40:54 
28-Apr-19, 10:41:03 
28-Apr-19, 10:41:04 
28-Apr-19, 10:41:09 
28-Apr-19, 10:41:14 
28-Apr-19, 10:41:16 
28-Apr-19, 10:41:18 
28-Apr-19, 10:41:19 
28-Apr-19, 10:41:26 
28-Apr-19, 10:41:28 
28-Apr-19, 10:41:29 
28-Apr-19, 10:41:31 
28-Apr-19, 10:41:33 
28-Apr-19, 10:41:34 
28-Apr-19, 10:41:41 
28-Apr-19, 10:41:43 
28-Apr-19, 10:41:44 
28-Apr-19, 10:41:46 
28-Apr-19, 10:41:48 
28-Apr-19, 10:41:49 
28-Apr-19, 10:42:01 
28-Apr-19, 10:42:04 
28-Apr-19, 10:42:11 
28-Apr-19, 10:42:13 
28-Apr-19, 10:42:14 
28-Apr-19, 10:42:16 
28-Apr-19, 10:42:18 
28-Apr-19, 10:42:19 
28-Apr-19, 10:42:21 
28-Apr-19, 10:42:23 
28-Apr-19, 10:42:24 
28-Apr-19, 10:42:26 
28-Apr-19, 10:42:28 
28-Apr-19, 10:42:29 
28-Apr-19, 10:42:31 
28-Apr-19, 10:42:33 
28-Apr-19, 10:42:34 
28-Apr-19, 10:42:36 
28-Apr-19, 10:42:38 
28-Apr-19, 10:42:41 
28-Apr-19, 10:42:43 
28-Apr-19, 10:42:44 
28-Apr-19, 10:42:46 
28-Apr-19, 10:42:48 
28-Apr-19, 10:42:49 
28-Apr-19, 10:42:51 
28-Apr-19, 10:42:54 
28-Apr-19, 10:43:03 
28-Apr-19, 10:43:04 
28-Apr-19, 10:43:06 
28-Apr-19, 10:43:08 
28-Apr-19, 10:43:09 
28-Apr-19, 10:43:11 
28-Apr-19, 10:43:13 
28-Apr-19, 10:43:14 
28-Apr-19, 10:43:16 
28-Apr-19, 10:43:18 
28-Apr-19, 10:43:19 
28-Apr-19, 10:43:21 
28-Apr-19, 10:43:23 
28-Apr-19, 10:43:24 
28-Apr-19, 10:43:26 
28-Apr-19, 10:43:28 
28-Apr-19, 10:43:29 
28-Apr-19, 10:43:31 
28-Apr-19, 10:43:33 
28-Apr-19, 10:43:34 
28-Apr-19, 10:43:36 
28-Apr-19, 10:43:38 
28-Apr-19, 10:43:41 
28-Apr-19, 10:43:43 
28-Apr-19, 10:43:44 
28-Apr-19, 10:43:46 
28-Apr-19, 10:43:48 
28-Apr-19, 10:43:49 
28-Apr-19, 10:43:51 
28-Apr-19, 10:43:53 
28-Apr-19, 10:43:54 
28-Apr-19, 10:43:59 
28-Apr-19, 10:44:03 
28-Apr-19, 10:44:04 
28-Apr-19, 10:44:06 
28-Apr-19, 10:44:08 
28-Apr-19, 10:44:09 
28-Apr-19, 10:44:11 
28-Apr-19, 10:44:13 
28-Apr-19, 10:44:14 
28-Apr-19, 10:44:18 
28-Apr-19, 10:44:19 
28-Apr-19, 10:44:21 
28-Apr-19, 10:44:23 
28-Apr-19, 10:44:26 
28-Apr-19, 10:44:28 
28-Apr-19, 10:44:29 
28-Apr-19, 10:44:31 
28-Apr-19, 10:44:33 
28-Apr-19, 10:44:34 
28-Apr-19, 10:44:36 
28-Apr-19, 10:44:39 
28-Apr-19, 10:44:41 
28-Apr-19, 10:44:43 
28-Apr-19, 10:44:44 
28-Apr-19, 10:44:46 
28-Apr-19, 10:44:48 
28-Apr-19, 10:44:49 
28-Apr-19, 10:44:51 
28-Apr-19, 10:44:53 
28-Apr-19, 10:44:54 
28-Apr-19, 10:45:03 
28-Apr-19, 10:45:04 
28-Apr-19, 10:45:06 
28-Apr-19, 10:45:08 
28-Apr-19, 10:45:10 
28-Apr-19, 10:45:11 
28-Apr-19, 10:45:13 
28-Apr-19, 10:45:15 
28-Apr-19, 10:45:16 
28-Apr-19, 10:45:18 
28-Apr-19, 10:45:20 
28-Apr-19, 10:45:21 
28-Apr-19, 10:45:23 
28-Apr-19, 10:45:25 
28-Apr-19, 10:45:26 
28-Apr-19, 10:45:28 
28-Apr-19, 10:45:33 
28-Apr-19, 10:45:35 
28-Apr-19, 10:45:36 
28-Apr-19, 10:45:38 
28-Apr-19, 10:45:40 
28-Apr-19, 10:45:41 
28-Apr-19, 10:45:43 
28-Apr-19, 10:45:45 
28-Apr-19, 10:45:46 
28-Apr-19, 10:45:48 
28-Apr-19, 10:45:50 
28-Apr-19, 10:45:51 
28-Apr-19, 10:45:53 
28-Apr-19, 10:46:03 
28-Apr-19, 10:46:05 
28-Apr-19, 10:46:06 
28-Apr-19, 10:46:08 
28-Apr-19, 10:46:10 
28-Apr-19, 10:46:11 
28-Apr-19, 10:46:13 
28-Apr-19, 10:46:15 
28-Apr-19, 10:46:17 
28-Apr-19, 10:46:18 
28-Apr-19, 10:46:20 
28-Apr-19, 10:46:22 
28-Apr-19, 10:46:23 
28-Apr-19, 10:46:25 
28-Apr-19, 10:46:27 
28-Apr-19, 10:46:28 
28-Apr-19, 10:46:30 
28-Apr-19, 10:46:32 
28-Apr-19, 10:46:33 
28-Apr-19, 10:46:35 
28-Apr-19, 10:46:37 
28-Apr-19, 10:46:38 
28-Apr-19, 10:46:40 
28-Apr-19, 10:46:42 
28-Apr-19, 10:46:43 
28-Apr-19, 10:46:45 
28-Apr-19, 10:46:47 
28-Apr-19, 10:46:48 
28-Apr-19, 10:46:50 
28-Apr-19, 10:46:52 
28-Apr-19, 10:46:53 
28-Apr-19, 10:46:55 
28-Apr-19, 10:47:00 
28-Apr-19, 10:47:03 
28-Apr-19, 10:47:05 
28-Apr-19, 10:47:07 
28-Apr-19, 10:47:08 
28-Apr-19, 10:47:10 
28-Apr-19, 10:47:12 
28-Apr-19, 10:47:13 
28-Apr-19, 10:47:15 
28-Apr-19, 10:47:17 
28-Apr-19, 10:47:18 
28-Apr-19, 10:47:20 
28-Apr-19, 10:47:22 
28-Apr-19, 10:47:23 
28-Apr-19, 10:47:25 
28-Apr-19, 10:47:30 
28-Apr-19, 10:47:32 
28-Apr-19, 10:47:33 
28-Apr-19, 10:47:35 
28-Apr-19, 10:47:37 
28-Apr-19, 10:47:38 
28-Apr-19, 10:47:43 
28-Apr-19, 10:47:45 
28-Apr-19, 10:47:47 
28-Apr-19, 10:47:48 
28-Apr-19, 10:47:50 
28-Apr-19, 10:47:52 
28-Apr-19, 10:47:53 
28-Apr-19, 10:47:58 
28-Apr-19, 10:48:03 
28-Apr-19, 10:48:05 
28-Apr-19, 10:48:07 
28-Apr-19, 10:48:08 
28-Apr-19, 10:48:10 
28-Apr-19, 10:48:12 
28-Apr-19, 10:48:13 
28-Apr-19, 10:48:15 
28-Apr-19, 10:48:17 
28-Apr-19, 10:48:18 
28-Apr-19, 10:48:20 
28-Apr-19, 10:48:22 
28-Apr-19, 10:48:25 
28-Apr-19, 10:48:27 
28-Apr-19, 10:48:28 
28-Apr-19, 10:48:30 
28-Apr-19, 10:48:32 
28-Apr-19, 10:48:33 
28-Apr-19, 10:48:35 
28-Apr-19, 10:48:37 
28-Apr-19, 10:48:38 
28-Apr-19, 10:48:40 
28-Apr-19, 10:48:42 
28-Apr-19, 10:48:43 
28-Apr-19, 10:48:45 
28-Apr-19, 10:48:47 
28-Apr-19, 10:48:48 
28-Apr-19, 10:48:50 
28-Apr-19, 10:48:52 
28-Apr-19, 10:48:53 
28-Apr-19, 10:48:55 
28-Apr-19, 10:49:00 
28-Apr-19, 10:49:02 
28-Apr-19, 10:49:03 
28-Apr-19, 10:49:05 
28-Apr-19, 10:49:07 
28-Apr-19, 10:49:08 
28-Apr-19, 10:49:10 
28-Apr-19, 10:49:12 
28-Apr-19, 10:49:15 
28-Apr-19, 10:49:17 
28-Apr-19, 10:49:18 
28-Apr-19, 10:49:20 
28-Apr-19, 10:49:22 
28-Apr-19, 10:49:23 
28-Apr-19, 10:49:25 
28-Apr-19, 10:49:28 
28-Apr-19, 10:49:30 
28-Apr-19, 10:49:32 
28-Apr-19, 10:49:33 
28-Apr-19, 10:49:35 
28-Apr-19, 10:49:37 
28-Apr-19, 10:49:38 
28-Apr-19, 10:49:40 
28-Apr-19, 10:49:42 
28-Apr-19, 10:49:43 
28-Apr-19, 10:49:45 
28-Apr-19, 10:49:47 
28-Apr-19, 10:49:48 
28-Apr-19, 10:49:50 
28-Apr-19, 10:49:52 
28-Apr-19, 10:49:53 
28-Apr-19, 10:49:55 
28-Apr-19, 10:50:03 
28-Apr-19, 10:50:05 
28-Apr-19, 10:50:08 
28-Apr-19, 10:50:10 
28-Apr-19, 10:50:12 
28-Apr-19, 10:50:13 
28-Apr-19, 10:50:15 
28-Apr-19, 10:50:17 
28-Apr-19, 10:50:18 
28-Apr-19, 10:50:22 
28-Apr-19, 10:50:23 
28-Apr-19, 10:50:25 
28-Apr-19, 10:50:27 
28-Apr-19, 10:50:28 
28-Apr-19, 10:50:30 
28-Apr-19, 10:50:35 
28-Apr-19, 10:50:37 
28-Apr-19, 10:50:40 
28-Apr-19, 10:50:42 
28-Apr-19, 10:50:43 
28-Apr-19, 10:50:47 
28-Apr-19, 10:50:48 
28-Apr-19, 10:50:50 
28-Apr-19, 10:50:52 
28-Apr-19, 10:50:53 
28-Apr-19, 10:50:55 
28-Apr-19, 10:51:03 
28-Apr-19, 10:51:05 
28-Apr-19, 10:51:07 
28-Apr-19, 10:51:08 
28-Apr-19, 10:51:10 
28-Apr-19, 10:51:15 
28-Apr-19, 10:51:17 
28-Apr-19, 10:51:18 
28-Apr-19, 10:51:20 
28-Apr-19, 10:51:22 
28-Apr-19, 10:51:23 
28-Apr-19, 10:51:25 
28-Apr-19, 10:51:28 
28-Apr-19, 10:51:30 
28-Apr-19, 10:51:32 
28-Apr-19, 10:51:33 
28-Apr-19, 10:51:35 
28-Apr-19, 10:51:37 
28-Apr-19, 10:51:38 
28-Apr-19, 10:51:42 
28-Apr-19, 10:51:43 
28-Apr-19, 10:51:45 
28-Apr-19, 10:51:47 
28-Apr-19, 10:51:50 
28-Apr-19, 10:51:55 
28-Apr-19, 10:52:03 
28-Apr-19, 10:52:05 
28-Apr-19, 10:52:07 
28-Apr-19, 10:52:08 
28-Apr-19, 10:52:13 
28-Apr-19, 10:52:15 
28-Apr-19, 10:52:17 
28-Apr-19, 10:52:18 
28-Apr-19, 10:52:22 
28-Apr-19, 10:52:23 
28-Apr-19, 10:52:25 
28-Apr-19, 10:52:27 
28-Apr-19, 10:52:28 
28-Apr-19, 10:52:30 
28-Apr-19, 10:52:32 
28-Apr-19, 10:52:35 
28-Apr-19, 10:52:37 
28-Apr-19, 10:52:38 
28-Apr-19, 10:52:40 
28-Apr-19, 10:52:42 
28-Apr-19, 10:52:43 
28-Apr-19, 10:52:45 
28-Apr-19, 10:52:47 
28-Apr-19, 10:52:48 
28-Apr-19, 10:52:50 
28-Apr-19, 10:52:52 
28-Apr-19, 10:52:53 
28-Apr-19, 10:52:55 
28-Apr-19, 10:53:03 
28-Apr-19, 10:53:05 
28-Apr-19, 10:53:07 
28-Apr-19, 10:53:08 
28-Apr-19, 10:53:10 
28-Apr-19, 10:53:12 
28-Apr-19, 10:53:13 
28-Apr-19, 10:53:15 
28-Apr-19, 10:53:17 
28-Apr-19, 10:53:18 
28-Apr-19, 10:53:20 
28-Apr-19, 10:53:22 
28-Apr-19, 10:53:23 
28-Apr-19, 10:53:25 
28-Apr-19, 10:53:27 
28-Apr-19, 10:53:28 
28-Apr-19, 10:53:30 
28-Apr-19, 10:53:32 
28-Apr-19, 10:53:33 
28-Apr-19, 10:53:35 
28-Apr-19, 10:53:37 
28-Apr-19, 10:53:38 
28-Apr-19, 10:53:40 
28-Apr-19, 10:53:42 
28-Apr-19, 10:53:45 
28-Apr-19, 10:53:47 
28-Apr-19, 10:53:48 
28-Apr-19, 10:53:50 
28-Apr-19, 10:53:52 
28-Apr-19, 10:53:53 
28-Apr-19, 10:53:55 
28-Apr-19, 10:54:00 
28-Apr-19, 10:54:02 
28-Apr-19, 10:54:03 
28-Apr-19, 10:54:05 
28-Apr-19, 10:54:07 
28-Apr-19, 10:54:08 
28-Apr-19, 10:54:10 
28-Apr-19, 10:54:12 
28-Apr-19, 10:54:13 
28-Apr-19, 10:54:15 
28-Apr-19, 10:54:17 
28-Apr-19, 10:54:18 
28-Apr-19, 10:54:20 
28-Apr-19, 10:54:22 
28-Apr-19, 10:54:25 
28-Apr-19, 10:54:27 
28-Apr-19, 10:54:28 
28-Apr-19, 10:54:30 
28-Apr-19, 10:54:32 
28-Apr-19, 10:54:33 
28-Apr-19, 10:54:35 
28-Apr-19, 10:54:37 
28-Apr-19, 10:54:38 
28-Apr-19, 10:54:40 
28-Apr-19, 10:54:42 
28-Apr-19, 10:54:43 
28-Apr-19, 10:54:45 
28-Apr-19, 10:54:47 
28-Apr-19, 10:54:48 
28-Apr-19, 10:54:50 
28-Apr-19, 10:54:52 
28-Apr-19, 10:54:53 
28-Apr-19, 10:54:55 
28-Apr-19, 10:55:00 
28-Apr-19, 10:55:03 
28-Apr-19, 10:55:05 
28-Apr-19, 10:55:07 
28-Apr-19, 10:55:08 
28-Apr-19, 10:55:10 
28-Apr-19, 10:55:12 
28-Apr-19, 10:55:13 
28-Apr-19, 10:55:17 
28-Apr-19, 10:55:18 
28-Apr-19, 10:55:20 
28-Apr-19, 10:55:23 
28-Apr-19, 10:55:25 
28-Apr-19, 10:55:27 
28-Apr-19, 10:55:30 
28-Apr-19, 10:55:32 
28-Apr-19, 10:55:33 
28-Apr-19, 10:55:35 
28-Apr-19, 10:55:37 
28-Apr-19, 10:55:38 
28-Apr-19, 10:55:40 
28-Apr-19, 10:55:43 
28-Apr-19, 10:55:45 
28-Apr-19, 10:55:47 
28-Apr-19, 10:55:48 
28-Apr-19, 10:55:50 
28-Apr-19, 10:55:52 
28-Apr-19, 10:55:53 
28-Apr-19, 10:55:55 
28-Apr-19, 10:56:02 
28-Apr-19, 10:56:03 
28-Apr-19, 10:56:05 
28-Apr-19, 10:56:07 
28-Apr-19, 10:56:08 
28-Apr-19, 10:56:10 
28-Apr-19, 10:56:15 
28-Apr-19, 10:56:17 
28-Apr-19, 10:56:18 
28-Apr-19, 10:56:20 
28-Apr-19, 10:56:22 
28-Apr-19, 10:56:25 
28-Apr-19, 10:56:27 
28-Apr-19, 10:56:28 
28-Apr-19, 10:56:30 
28-Apr-19, 10:56:32 
28-Apr-19, 10:56:33 
28-Apr-19, 10:56:35 
28-Apr-19, 10:56:37 
28-Apr-19, 10:56:38 
28-Apr-19, 10:56:40 
28-Apr-19, 10:56:42 
28-Apr-19, 10:56:43 
28-Apr-19, 10:56:45 
28-Apr-19, 10:56:47 
28-Apr-19, 10:56:48 
28-Apr-19, 10:56:50 
28-Apr-19, 10:56:52 
28-Apr-19, 10:56:53 
28-Apr-19, 10:56:55 
28-Apr-19, 10:57:02 
28-Apr-19, 10:57:03 
28-Apr-19, 10:57:05 
28-Apr-19, 10:57:07 
28-Apr-19, 10:57:08 
28-Apr-19, 10:57:10 
28-Apr-19, 10:57:12 
28-Apr-19, 10:57:13 
28-Apr-19, 10:57:15 
28-Apr-19, 10:57:17 
28-Apr-19, 10:57:18 
28-Apr-19, 10:57:20 
28-Apr-19, 10:57:22 
28-Apr-19, 10:57:23 
28-Apr-19, 10:57:25 
28-Apr-19, 10:57:27 
28-Apr-19, 10:57:28 
28-Apr-19, 10:57:30 
28-Apr-19, 10:57:32 
28-Apr-19, 10:57:33 
28-Apr-19, 10:57:35 
28-Apr-19, 10:57:37 
28-Apr-19, 10:57:38 
28-Apr-19, 10:57:40 
28-Apr-19, 10:57:42 
28-Apr-19, 10:57:43 
28-Apr-19, 10:57:45 
28-Apr-19, 10:57:47 
28-Apr-19, 10:57:48 
28-Apr-19, 10:57:50 
28-Apr-19, 10:57:52 
28-Apr-19, 10:57:53 
28-Apr-19, 10:57:55 
28-Apr-19, 10:58:00 
28-Apr-19, 10:58:02 
28-Apr-19, 10:58:03 
28-Apr-19, 10:58:05 
28-Apr-19, 10:58:07 
28-Apr-19, 10:58:08 
28-Apr-19, 10:58:10 
28-Apr-19, 10:58:12 
28-Apr-19, 10:58:13 
28-Apr-19, 10:58:15 
28-Apr-19, 10:58:17 
28-Apr-19, 10:58:18 
28-Apr-19, 10:58:20 
28-Apr-19, 10:58:22 
28-Apr-19, 10:58:23 
28-Apr-19, 10:58:25 
28-Apr-19, 10:58:27 
28-Apr-19, 10:58:28 
28-Apr-19, 10:58:30 
28-Apr-19, 10:58:35 
28-Apr-19, 10:58:37 
28-Apr-19, 10:58:38 
28-Apr-19, 10:58:40 
28-Apr-19, 10:58:42 
28-Apr-19, 10:58:43 
28-Apr-19, 10:58:47 
28-Apr-19, 10:58:48 
28-Apr-19, 10:58:50 
28-Apr-19, 10:58:52 
28-Apr-19, 10:58:53 
28-Apr-19, 10:58:55 
28-Apr-19, 10:59:02 
28-Apr-19, 10:59:03 
28-Apr-19, 10:59:05 
28-Apr-19, 10:59:07 
28-Apr-19, 10:59:08 
28-Apr-19, 10:59:12 
28-Apr-19, 10:59:13 
28-Apr-19, 10:59:20 
28-Apr-19, 10:59:22 
28-Apr-19, 10:59:23 
28-Apr-19, 10:59:25 
28-Apr-19, 10:59:27 
28-Apr-19, 10:59:28 
28-Apr-19, 10:59:35 
28-Apr-19, 10:59:37 
28-Apr-19, 10:59:38 
28-Apr-19, 10:59:40 
28-Apr-19, 10:59:42 
28-Apr-19, 10:59:43 
28-Apr-19, 10:59:50 
28-Apr-19, 10:59:52 
28-Apr-19, 10:59:53 
28-Apr-19, 10:59:55 
28-Apr-19, 11:00:05 
28-Apr-19, 11:00:07 
28-Apr-19, 11:00:08 
28-Apr-19, 11:00:10 
28-Apr-19, 11:00:12 
28-Apr-19, 11:00:13 
28-Apr-19, 11:00:15 
28-Apr-19, 11:00:20 
28-Apr-19, 11:00:22 
28-Apr-19, 11:00:23 
28-Apr-19, 11:00:25 
28-Apr-19, 11:00:27 
28-Apr-19, 11:00:28 
28-Apr-19, 11:00:30 
28-Apr-19, 11:00:35 
28-Apr-19, 11:00:37 
28-Apr-19, 11:00:38 
28-Apr-19, 11:00:40 
28-Apr-19, 11:00:42 
28-Apr-19, 11:00:43 
28-Apr-19, 11:00:45 
28-Apr-19, 11:00:50 
28-Apr-19, 11:00:52 
28-Apr-19, 11:00:53 
28-Apr-19, 11:00:55 
28-Apr-19, 11:01:05 
28-Apr-19, 11:01:07 
28-Apr-19, 11:01:08 
28-Apr-19, 11:01:10 
28-Apr-19, 11:01:12 
28-Apr-19, 11:01:13 
28-Apr-19, 11:01:15 
28-Apr-19, 11:01:17 
28-Apr-19, 11:01:18 
28-Apr-19, 11:01:20 
28-Apr-19, 11:01:22 
28-Apr-19, 11:01:23 
28-Apr-19, 11:01:25 
28-Apr-19, 11:01:27 
28-Apr-19, 11:01:28 
28-Apr-19, 11:01:30 
28-Apr-19, 11:01:32 
28-Apr-19, 11:01:33 
28-Apr-19, 11:01:35 
28-Apr-19, 11:01:37 
28-Apr-19, 11:01:38 
28-Apr-19, 11:01:40 
28-Apr-19, 11:01:42 
28-Apr-19, 11:01:43 
28-Apr-19, 11:01:45 
28-Apr-19, 11:01:47 
28-Apr-19, 11:01:48 
28-Apr-19, 11:01:50 
28-Apr-19, 11:01:52 
28-Apr-19, 11:01:53 
28-Apr-19, 11:01:55 
28-Apr-19, 11:01:58 
28-Apr-19, 11:02:03 
28-Apr-19, 11:02:05 
28-Apr-19, 11:02:08 
28-Apr-19, 11:02:10 
28-Apr-19, 11:02:12 
28-Apr-19, 11:02:13 
28-Apr-19, 11:02:15 
28-Apr-19, 11:02:17 
28-Apr-19, 11:02:22 
28-Apr-19, 11:02:23 
28-Apr-19, 11:02:25 
28-Apr-19, 11:02:27 
28-Apr-19, 11:02:28 
28-Apr-19, 11:02:30 
28-Apr-19, 11:02:32 
28-Apr-19, 11:02:33 
28-Apr-19, 11:02:37 
28-Apr-19, 11:02:38 
28-Apr-19, 11:02:40 
28-Apr-19, 11:02:42 
28-Apr-19, 11:02:43 
28-Apr-19, 11:02:45 
28-Apr-19, 11:02:47 
28-Apr-19, 11:02:48 
28-Apr-19, 11:02:50 
28-Apr-19, 11:02:52 
28-Apr-19, 11:02:53 
28-Apr-19, 11:02:55 
28-Apr-19, 11:03:00 
28-Apr-19, 11:03:03 
28-Apr-19, 11:03:05 
28-Apr-19, 11:03:07 
28-Apr-19, 11:03:08 
28-Apr-19, 11:03:10 
28-Apr-19, 11:03:12 
28-Apr-19, 11:03:13 
28-Apr-19, 11:03:15 
28-Apr-19, 11:03:17 
28-Apr-19, 11:03:18 
28-Apr-19, 11:03:20 
28-Apr-19, 11:03:22 
28-Apr-19, 11:03:23 
28-Apr-19, 11:03:25 
28-Apr-19, 11:03:27 
28-Apr-19, 11:03:28 
28-Apr-19, 11:03:35 
28-Apr-19, 11:03:40 
28-Apr-19, 11:03:42 
28-Apr-19, 11:03:43 
28-Apr-19, 11:03:45 
28-Apr-19, 11:03:47 
28-Apr-19, 11:03:48 
28-Apr-19, 11:03:52 
28-Apr-19, 11:03:55 
28-Apr-19, 11:04:00 
28-Apr-19, 11:04:02 
28-Apr-19, 11:04:03 
28-Apr-19, 11:04:05 
28-Apr-19, 11:04:08 
28-Apr-19, 11:04:10 
28-Apr-19, 11:04:12 
28-Apr-19, 11:04:13 
28-Apr-19, 11:04:15 
28-Apr-19, 11:04:17 
28-Apr-19, 11:04:18 
28-Apr-19, 11:04:22 
28-Apr-19, 11:04:23 
28-Apr-19, 11:04:25 
28-Apr-19, 11:04:27 
28-Apr-19, 11:04:28 
28-Apr-19, 11:04:30 
28-Apr-19, 11:04:33 
28-Apr-19, 11:04:35 
28-Apr-19, 11:04:37 
28-Apr-19, 11:04:38 
28-Apr-19, 11:04:40 
28-Apr-19, 11:04:42 
28-Apr-19, 11:04:43 
28-Apr-19, 11:04:45 
28-Apr-19, 11:04:47 
28-Apr-19, 11:04:48 
28-Apr-19, 11:04:50 
28-Apr-19, 11:04:52 
28-Apr-19, 11:04:53 
28-Apr-19, 11:04:55 
28-Apr-19, 11:05:02 
28-Apr-19, 11:05:03 
28-Apr-19, 11:05:05 
28-Apr-19, 11:05:07 
28-Apr-19, 11:05:08 
28-Apr-19, 11:05:10 
28-Apr-19, 11:05:12 
28-Apr-19, 11:05:13 
28-Apr-19, 11:05:15 
28-Apr-19, 11:05:17 
28-Apr-19, 11:05:18 
28-Apr-19, 11:05:20 
28-Apr-19, 11:05:22 
28-Apr-19, 11:05:23 
28-Apr-19, 11:05:25 
28-Apr-19, 11:05:27 
28-Apr-19, 11:05:28 
28-Apr-19, 11:05:30 
28-Apr-19, 11:05:32 
28-Apr-19, 11:05:33 
28-Apr-19, 11:05:35 
28-Apr-19, 11:05:37 
28-Apr-19, 11:05:40 
28-Apr-19, 11:05:42 
28-Apr-19, 11:05:43 
28-Apr-19, 11:05:45 
28-Apr-19, 11:05:47 
28-Apr-19, 11:05:48 
28-Apr-19, 11:05:50 
28-Apr-19, 11:05:53 
28-Apr-19, 11:05:55 
28-Apr-19, 11:06:03 
28-Apr-19, 11:06:05 
28-Apr-19, 11:06:07 
28-Apr-19, 11:06:08 
28-Apr-19, 11:06:10 
28-Apr-19, 11:06:12 
28-Apr-19, 11:06:13 
28-Apr-19, 11:06:15 
28-Apr-19, 11:06:17 
28-Apr-19, 11:06:18 
28-Apr-19, 11:06:20 
28-Apr-19, 11:06:22 
28-Apr-19, 11:06:23 
28-Apr-19, 11:06:25 
28-Apr-19, 11:06:27 
28-Apr-19, 11:06:28 
28-Apr-19, 11:06:30 
28-Apr-19, 11:06:32 
28-Apr-19, 11:06:33 
28-Apr-19, 11:06:35 
28-Apr-19, 11:06:37 
28-Apr-19, 11:06:38 
28-Apr-19, 11:06:40 
28-Apr-19, 11:06:42 
28-Apr-19, 11:06:43 
28-Apr-19, 11:06:45 
28-Apr-19, 11:06:47 
28-Apr-19, 11:06:48 
28-Apr-19, 11:06:50 
28-Apr-19, 11:06:52 
28-Apr-19, 11:06:53 
28-Apr-19, 11:06:55 
28-Apr-19, 11:07:02 
28-Apr-19, 11:07:03 
28-Apr-19, 11:07:05 
28-Apr-19, 11:07:07 
28-Apr-19, 11:07:08 
28-Apr-19, 11:07:12 
28-Apr-19, 11:07:13 
28-Apr-19, 11:07:15 
28-Apr-19, 11:07:17 
28-Apr-19, 11:07:18 
28-Apr-19, 11:07:20 
28-Apr-19, 11:07:22 
28-Apr-19, 11:07:25 
28-Apr-19, 11:07:27 
28-Apr-19, 11:07:28 
28-Apr-19, 11:07:30 
28-Apr-19, 11:07:32 
28-Apr-19, 11:07:33 
28-Apr-19, 11:07:35 
28-Apr-19, 11:07:38 
28-Apr-19, 11:07:40 
28-Apr-19, 11:07:42 
28-Apr-19, 11:07:43 
28-Apr-19, 11:07:45 
28-Apr-19, 11:07:47 
28-Apr-19, 11:07:48 
28-Apr-19, 11:07:50 
28-Apr-19, 11:07:52 
28-Apr-19, 11:07:53 
28-Apr-19, 11:07:55 
28-Apr-19, 11:08:02 
28-Apr-19, 11:08:03 
28-Apr-19, 11:08:05 
28-Apr-19, 11:08:07 
28-Apr-19, 11:08:08 
28-Apr-19, 11:08:10 
28-Apr-19, 11:08:12 
28-Apr-19, 11:08:13 
28-Apr-19, 11:08:15 
28-Apr-19, 11:08:17 
28-Apr-19, 11:08:18 
28-Apr-19, 11:08:20 
28-Apr-19, 11:08:22 
28-Apr-19, 11:08:23 
28-Apr-19, 11:08:25 
28-Apr-19, 11:08:27 
28-Apr-19, 11:08:28 
28-Apr-19, 11:08:30 
28-Apr-19, 11:08:32 
28-Apr-19, 11:08:33 
28-Apr-19, 11:08:35 
28-Apr-19, 11:08:37 
28-Apr-19, 11:08:38 
28-Apr-19, 11:08:40 
28-Apr-19, 11:08:42 
28-Apr-19, 11:08:43 
28-Apr-19, 11:08:45 
28-Apr-19, 11:08:47 
28-Apr-19, 11:08:48 
28-Apr-19, 11:08:50 
28-Apr-19, 11:08:52 
28-Apr-19, 11:08:53 
28-Apr-19, 11:09:00 
28-Apr-19, 11:09:02 
28-Apr-19, 11:09:03 
28-Apr-19, 11:09:05 
28-Apr-19, 11:09:07 
28-Apr-19, 11:09:10 
28-Apr-19, 11:09:12 
28-Apr-19, 11:09:13 
28-Apr-19, 11:09:15 
28-Apr-19, 11:09:17 
28-Apr-19, 11:09:18 
28-Apr-19, 11:09:20 
28-Apr-19, 11:09:23 
28-Apr-19, 11:09:25 
28-Apr-19, 11:09:27 
28-Apr-19, 11:09:28 
28-Apr-19, 11:09:30 
28-Apr-19, 11:09:32 
28-Apr-19, 11:09:33 
28-Apr-19, 11:09:37 
28-Apr-19, 11:09:38 
28-Apr-19, 11:09:40 
28-Apr-19, 11:09:42 
28-Apr-19, 11:09:43 
28-Apr-19, 11:09:45 
28-Apr-19, 11:09:47 
28-Apr-19, 11:09:50 
28-Apr-19, 11:09:52 
28-Apr-19, 11:09:53 
28-Apr-19, 11:10:03 
28-Apr-19, 11:10:05 
28-Apr-19, 11:10:07 
28-Apr-19, 11:10:08 
28-Apr-19, 11:10:10 
28-Apr-19, 11:10:12 
28-Apr-19, 11:10:13 
28-Apr-19, 11:10:17 
28-Apr-19, 11:10:18 
28-Apr-19, 11:10:20 
28-Apr-19, 11:10:22 
28-Apr-19, 11:10:23 
28-Apr-19, 11:10:25 
28-Apr-19, 11:10:27 
28-Apr-19, 11:10:30 
28-Apr-19, 11:10:32 
28-Apr-19, 11:10:33 
28-Apr-19, 11:10:35 
28-Apr-19, 11:10:37 
28-Apr-19, 11:10:38 
28-Apr-19, 11:10:40 
28-Apr-19, 11:10:43 
28-Apr-19, 11:10:45 
28-Apr-19, 11:10:47 
28-Apr-19, 11:10:48 
28-Apr-19, 11:10:50 
28-Apr-19, 11:10:52 
28-Apr-19, 11:10:53 
28-Apr-19, 11:11:02 
28-Apr-19, 11:11:03 
28-Apr-19, 11:11:05 
28-Apr-19, 11:11:07 
28-Apr-19, 11:11:08 
28-Apr-19, 11:11:10 
28-Apr-19, 11:11:12 
28-Apr-19, 11:11:15 
28-Apr-19, 11:11:17 
28-Apr-19, 11:11:18 
28-Apr-19, 11:11:20 
28-Apr-19, 11:11:22 
28-Apr-19, 11:11:23 
28-Apr-19, 11:11:25 
28-Apr-19, 11:11:27 
28-Apr-19, 11:11:28 
28-Apr-19, 11:11:30 
28-Apr-19, 11:11:32 
28-Apr-19, 11:11:33 
28-Apr-19, 11:11:35 
28-Apr-19, 11:11:37 
28-Apr-19, 11:11:38 
28-Apr-19, 11:11:40 
28-Apr-19, 11:11:42 
28-Apr-19, 11:11:43 
28-Apr-19, 11:11:45 
28-Apr-19, 11:11:48 
28-Apr-19, 11:11:50 
28-Apr-19, 11:11:52 
28-Apr-19, 11:11:53 
28-Apr-19, 11:11:55 
28-Apr-19, 11:12:02 
28-Apr-19, 11:12:03 
28-Apr-19, 11:12:05 
28-Apr-19, 11:12:07 
28-Apr-19, 11:12:08 
28-Apr-19, 11:12:12 
28-Apr-19, 11:12:13 
28-Apr-19, 11:12:15 
28-Apr-19, 11:12:17 
28-Apr-19, 11:12:18 
28-Apr-19, 11:12:20 
28-Apr-19, 11:12:22 
28-Apr-19, 11:12:23 
28-Apr-19, 11:12:25 
28-Apr-19, 11:12:27 
28-Apr-19, 11:12:28 
28-Apr-19, 11:12:30 
28-Apr-19, 11:12:32 
28-Apr-19, 11:12:33 
28-Apr-19, 11:12:35 
28-Apr-19, 11:12:37 
28-Apr-19, 11:12:40 
28-Apr-19, 11:12:42 
28-Apr-19, 11:12:43 
28-Apr-19, 11:12:45 
28-Apr-19, 11:12:47 
28-Apr-19, 11:12:48 
28-Apr-19, 11:12:50 
28-Apr-19, 11:12:52 
28-Apr-19, 11:12:53 
28-Apr-19, 11:12:55 
28-Apr-19, 11:13:02 
28-Apr-19, 11:13:03 
28-Apr-19, 11:13:05 
28-Apr-19, 11:13:07 
28-Apr-19, 11:13:08 
28-Apr-19, 11:13:10 
28-Apr-19, 11:13:12 
28-Apr-19, 11:13:13 
28-Apr-19, 11:13:15 
28-Apr-19, 11:13:17 
28-Apr-19, 11:13:18 
28-Apr-19, 11:13:20 
28-Apr-19, 11:13:22 
28-Apr-19, 11:13:23 
28-Apr-19, 11:13:25 
28-Apr-19, 11:13:27 
28-Apr-19, 11:13:28 
28-Apr-19, 11:13:30 
28-Apr-19, 11:13:35 
28-Apr-19, 11:13:37 
28-Apr-19, 11:13:38 
28-Apr-19, 11:13:40 
28-Apr-19, 11:13:42 
28-Apr-19, 11:13:43 
28-Apr-19, 11:13:45 
28-Apr-19, 11:13:48 
28-Apr-19, 11:13:50 
28-Apr-19, 11:13:52 
28-Apr-19, 11:13:53 
28-Apr-19, 11:13:55 
28-Apr-19, 11:14:03 
28-Apr-19, 11:14:05 
28-Apr-19, 11:14:07 
28-Apr-19, 11:14:08 
28-Apr-19, 11:14:10 
28-Apr-19, 11:14:12 
28-Apr-19, 11:14:13 
28-Apr-19, 11:14:15 
28-Apr-19, 11:14:17 
28-Apr-19, 11:14:18 
28-Apr-19, 11:14:20 
28-Apr-19, 11:14:22 
28-Apr-19, 11:14:23 
28-Apr-19, 11:14:25 
28-Apr-19, 11:14:27 
28-Apr-19, 11:14:28 
28-Apr-19, 11:14:30 
28-Apr-19, 11:14:32 
28-Apr-19, 11:14:33 
28-Apr-19, 11:14:35 
28-Apr-19, 11:14:37 
28-Apr-19, 11:14:38 
28-Apr-19, 11:14:40 
28-Apr-19, 11:14:42 
28-Apr-19, 11:14:43 
28-Apr-19, 11:14:45 
28-Apr-19, 11:14:47 
28-Apr-19, 11:14:48 
28-Apr-19, 11:14:50 
28-Apr-19, 11:14:52 
28-Apr-19, 11:14:53 
28-Apr-19, 11:14:55 
28-Apr-19, 11:15:00 
28-Apr-19, 11:15:03 
28-Apr-19, 11:15:07 
28-Apr-19, 11:15:08 
28-Apr-19, 11:15:10 
28-Apr-19, 11:15:12 
28-Apr-19, 11:15:13 
28-Apr-19, 11:15:15 
28-Apr-19, 11:15:20 
28-Apr-19, 11:15:22 
28-Apr-19, 11:15:23 
28-Apr-19, 11:15:25 
28-Apr-19, 11:15:27 
28-Apr-19, 11:15:28 
28-Apr-19, 11:15:30 
28-Apr-19, 11:15:32 
28-Apr-19, 11:15:33 
28-Apr-19, 11:15:35 
28-Apr-19, 11:15:37 
28-Apr-19, 11:15:38 
28-Apr-19, 11:15:40 
28-Apr-19, 11:15:42 
28-Apr-19, 11:15:43 
28-Apr-19, 11:15:45 
28-Apr-19, 11:15:47 
28-Apr-19, 11:15:48 
28-Apr-19, 11:15:50 
28-Apr-19, 11:15:52 
28-Apr-19, 11:15:53 
28-Apr-19, 11:15:55 
28-Apr-19, 11:16:03 
28-Apr-19, 11:16:05 
28-Apr-19, 11:16:07 
28-Apr-19, 11:16:08 
28-Apr-19, 11:16:10 
28-Apr-19, 11:16:12 
28-Apr-19, 11:16:13 
28-Apr-19, 11:16:15 
28-Apr-19, 11:16:17 
28-Apr-19, 11:16:18 
28-Apr-19, 11:16:20 
28-Apr-19, 11:16:22 
28-Apr-19, 11:16:23 
28-Apr-19, 11:16:25 
28-Apr-19, 11:16:27 
28-Apr-19, 11:16:28 
28-Apr-19, 11:16:30 
28-Apr-19, 11:16:32 
28-Apr-19, 11:16:33 
28-Apr-19, 11:16:35 
28-Apr-19, 11:16:37 
28-Apr-19, 11:16:38 
28-Apr-19, 11:16:40 
28-Apr-19, 11:16:42 
28-Apr-19, 11:16:43 
28-Apr-19, 11:16:45 
28-Apr-19, 11:16:47 
28-Apr-19, 11:16:48 
28-Apr-19, 11:16:52 
28-Apr-19, 11:16:53 
28-Apr-19, 11:16:55 
28-Apr-19, 11:17:05 
28-Apr-19, 11:17:07 
28-Apr-19, 11:17:08 
28-Apr-19, 11:17:10 
28-Apr-19, 11:17:12 
28-Apr-19, 11:17:13 
28-Apr-19, 11:17:15 
28-Apr-19, 11:17:17 
28-Apr-19, 11:17:18 
28-Apr-19, 11:17:20 
28-Apr-19, 11:17:22 
28-Apr-19, 11:17:23 
28-Apr-19, 11:17:25 
28-Apr-19, 11:17:27 
28-Apr-19, 11:17:28 
28-Apr-19, 11:17:30 
28-Apr-19, 11:17:32 
28-Apr-19, 11:17:33 
28-Apr-19, 11:17:35 
28-Apr-19, 11:17:37 
28-Apr-19, 11:17:38 
28-Apr-19, 11:17:40 
28-Apr-19, 11:17:42 
28-Apr-19, 11:17:43 
28-Apr-19, 11:17:45 
28-Apr-19, 11:17:47 
28-Apr-19, 11:17:48 
28-Apr-19, 11:17:50 
28-Apr-19, 11:17:52 
28-Apr-19, 11:17:53 
28-Apr-19, 11:17:55 
28-Apr-19, 11:18:02 
28-Apr-19, 11:18:03 
28-Apr-19, 11:18:05 
28-Apr-19, 11:18:07 
28-Apr-19, 11:18:08 
28-Apr-19, 11:18:10 
28-Apr-19, 11:18:12 
28-Apr-19, 11:18:13 
28-Apr-19, 11:18:15 
28-Apr-19, 11:18:17 
28-Apr-19, 11:18:18 
28-Apr-19, 11:18:20 
28-Apr-19, 11:18:22 
28-Apr-19, 11:18:23 
28-Apr-19, 11:18:25 
28-Apr-19, 11:18:27 
28-Apr-19, 11:18:28 
28-Apr-19, 11:18:30 
28-Apr-19, 11:18:32 
28-Apr-19, 11:18:37 
28-Apr-19, 11:18:38 
28-Apr-19, 11:18:40 
28-Apr-19, 11:18:42 
28-Apr-19, 11:18:43 
28-Apr-19, 11:18:45 
28-Apr-19, 11:18:52 
28-Apr-19, 11:18:53 
28-Apr-19, 11:18:55 
28-Apr-19, 11:19:07 
28-Apr-19, 11:19:08 
28-Apr-19, 11:19:10 
28-Apr-19, 11:19:12 
28-Apr-19, 11:19:13 
28-Apr-19, 11:19:15 
28-Apr-19, 11:19:17 
28-Apr-19, 11:19:18 
28-Apr-19, 11:19:25 
28-Apr-19, 11:19:27 
28-Apr-19, 11:19:28 
28-Apr-19, 11:19:30 
28-Apr-19, 11:19:32 
28-Apr-19, 11:19:33 
28-Apr-19, 11:19:38 
28-Apr-19, 11:19:40 
28-Apr-19, 11:19:42 
28-Apr-19, 11:19:43 
28-Apr-19, 11:19:45 
28-Apr-19, 11:19:47 
28-Apr-19, 11:19:48 
28-Apr-19, 11:19:53 
28-Apr-19, 11:19:55 
28-Apr-19, 11:20:02 
28-Apr-19, 11:20:03 
28-Apr-19, 11:20:08 
28-Apr-19, 11:20:10 
28-Apr-19, 11:20:12 
28-Apr-19, 11:20:13 
28-Apr-19, 11:20:15 
28-Apr-19, 11:20:17 
28-Apr-19, 11:20:18 
28-Apr-19, 11:20:25 
28-Apr-19, 11:20:27 
28-Apr-19, 11:20:28 
28-Apr-19, 11:20:30 
28-Apr-19, 11:20:32 
28-Apr-19, 11:20:33 
28-Apr-19, 11:20:35 
28-Apr-19, 11:20:37 
28-Apr-19, 11:20:38 
28-Apr-19, 11:20:40 
28-Apr-19, 11:20:42 
28-Apr-19, 11:20:43 
28-Apr-19, 11:20:45 
28-Apr-19, 11:20:47 
28-Apr-19, 11:20:48 
28-Apr-19, 11:20:50 
28-Apr-19, 11:20:52 
28-Apr-19, 11:20:53 
28-Apr-19, 11:20:55 
28-Apr-19, 11:21:00 
28-Apr-19, 11:21:03 
28-Apr-19, 11:21:05 
28-Apr-19, 11:21:07 
28-Apr-19, 11:21:08 
28-Apr-19, 11:21:10 
28-Apr-19, 11:21:12 
28-Apr-19, 11:21:13 
28-Apr-19, 11:21:15 
28-Apr-19, 11:21:17 
28-Apr-19, 11:21:18 
28-Apr-19, 11:21:20 
28-Apr-19, 11:21:22 
28-Apr-19, 11:21:23 
28-Apr-19, 11:21:25 
28-Apr-19, 11:21:27 
28-Apr-19, 11:21:28 
28-Apr-19, 11:21:30 
28-Apr-19, 11:21:32 
28-Apr-19, 11:21:33 
28-Apr-19, 11:21:35 
28-Apr-19, 11:21:40 
28-Apr-19, 11:21:42 
28-Apr-19, 11:21:43 
28-Apr-19, 11:21:45 
28-Apr-19, 11:21:47 
28-Apr-19, 11:21:48 
28-Apr-19, 11:21:52 
28-Apr-19, 11:21:53 
28-Apr-19, 11:21:55 
28-Apr-19, 11:22:00 
28-Apr-19, 11:22:03 
28-Apr-19, 11:22:05 
28-Apr-19, 11:22:07 
28-Apr-19, 11:22:08 
28-Apr-19, 11:22:10 
28-Apr-19, 11:22:12 
28-Apr-19, 11:22:13 
28-Apr-19, 11:22:15 
28-Apr-19, 11:22:17 
28-Apr-19, 11:22:18 
28-Apr-19, 11:22:20 
28-Apr-19, 11:22:22 
28-Apr-19, 11:22:23 
28-Apr-19, 11:22:25 
28-Apr-19, 11:22:27 
28-Apr-19, 11:22:28 
28-Apr-19, 11:22:30 
28-Apr-19, 11:22:32 
28-Apr-19, 11:22:33 
28-Apr-19, 11:22:35 
28-Apr-19, 11:22:37 
28-Apr-19, 11:22:38 
28-Apr-19, 11:22:40 
28-Apr-19, 11:22:42 
28-Apr-19, 11:22:43 
28-Apr-19, 11:22:45 
28-Apr-19, 11:22:47 
28-Apr-19, 11:22:48 
28-Apr-19, 11:22:50 
28-Apr-19, 11:22:52 
28-Apr-19, 11:22:53 
28-Apr-19, 11:22:55 
28-Apr-19, 11:23:03 
28-Apr-19, 11:23:05 
28-Apr-19, 11:23:07 
28-Apr-19, 11:23:08 
28-Apr-19, 11:23:10 
28-Apr-19, 11:23:12 
28-Apr-19, 11:23:13 
28-Apr-19, 11:23:15 
28-Apr-19, 11:23:17 
28-Apr-19, 11:23:18 
28-Apr-19, 11:23:20 
28-Apr-19, 11:23:25 
28-Apr-19, 11:23:27 
28-Apr-19, 11:23:28 
28-Apr-19, 11:23:30 
28-Apr-19, 11:23:32 
28-Apr-19, 11:23:33 
28-Apr-19, 11:23:35 
28-Apr-19, 11:23:38 
28-Apr-19, 11:23:40 
28-Apr-19, 11:23:42 
28-Apr-19, 11:23:43 
28-Apr-19, 11:23:45 
28-Apr-19, 11:23:47 
28-Apr-19, 11:23:48 
28-Apr-19, 11:23:50 
28-Apr-19, 11:23:52 
28-Apr-19, 11:23:53 
28-Apr-19, 11:23:55 
28-Apr-19, 11:24:03 
28-Apr-19, 11:24:05 
28-Apr-19, 11:24:07 
28-Apr-19, 11:24:08 
28-Apr-19, 11:24:10 
28-Apr-19, 11:24:12 
28-Apr-19, 11:24:13 
28-Apr-19, 11:24:15 
28-Apr-19, 11:24:17 
28-Apr-19, 11:24:18 
28-Apr-19, 11:24:20 
28-Apr-19, 11:24:22 
28-Apr-19, 11:24:23 
28-Apr-19, 11:24:25 
28-Apr-19, 11:24:27 
28-Apr-19, 11:24:28 
28-Apr-19, 11:24:30 
28-Apr-19, 11:24:32 
28-Apr-19, 11:24:33 
28-Apr-19, 11:24:35 
28-Apr-19, 11:24:37 
28-Apr-19, 11:24:38 
28-Apr-19, 11:24:40 
28-Apr-19, 11:24:42 
28-Apr-19, 11:24:43 
28-Apr-19, 11:24:45 
28-Apr-19, 11:24:47 
28-Apr-19, 11:24:48 
28-Apr-19, 11:24:50 
28-Apr-19, 11:24:52 
28-Apr-19, 11:24:53 
28-Apr-19, 11:25:02 
28-Apr-19, 11:25:03 
28-Apr-19, 11:25:05 
28-Apr-19, 11:25:07 
28-Apr-19, 11:25:10 
28-Apr-19, 11:25:12 
28-Apr-19, 11:25:13 
28-Apr-19, 11:25:15 
28-Apr-19, 11:25:17 
28-Apr-19, 11:25:18 
28-Apr-19, 11:25:20 
28-Apr-19, 11:25:23 
28-Apr-19, 11:25:25 
28-Apr-19, 11:25:27 
28-Apr-19, 11:25:28 
28-Apr-19, 11:25:30 
28-Apr-19, 11:25:32 
28-Apr-19, 11:25:33 
28-Apr-19, 11:25:35 
28-Apr-19, 11:25:37 
28-Apr-19, 11:25:38 
28-Apr-19, 11:25:40 
28-Apr-19, 11:25:42 
28-Apr-19, 11:25:43 
28-Apr-19, 11:25:45 
28-Apr-19, 11:25:47 
28-Apr-19, 11:25:48 
28-Apr-19, 11:25:50 
28-Apr-19, 11:25:52 
28-Apr-19, 11:25:53 
28-Apr-19, 11:25:55 
28-Apr-19, 11:26:02 
28-Apr-19, 11:26:03 
28-Apr-19, 11:26:05 
28-Apr-19, 11:26:07 
28-Apr-19, 11:26:08 
28-Apr-19, 11:26:10 
28-Apr-19, 11:26:12 
28-Apr-19, 11:26:15 
28-Apr-19, 11:26:17 
28-Apr-19, 11:26:18 
28-Apr-19, 11:26:20 
28-Apr-19, 11:26:22 
28-Apr-19, 11:26:23 
28-Apr-19, 11:26:25 
28-Apr-19, 11:26:27 
28-Apr-19, 11:26:28 
28-Apr-19, 11:26:30 
28-Apr-19, 11:26:32 
28-Apr-19, 11:26:33 
28-Apr-19, 11:26:35 
28-Apr-19, 11:26:37 
28-Apr-19, 11:26:38 
28-Apr-19, 11:26:42 
28-Apr-19, 11:26:43 
28-Apr-19, 11:26:45 
28-Apr-19, 11:26:47 
28-Apr-19, 11:26:48 
28-Apr-19, 11:26:50 
28-Apr-19, 11:26:52 
28-Apr-19, 11:26:55 
28-Apr-19, 11:26:58 
28-Apr-19, 11:27:03 
28-Apr-19, 11:27:05 
28-Apr-19, 11:27:07 
28-Apr-19, 11:27:08 
28-Apr-19, 11:27:10 
28-Apr-19, 11:27:12 
28-Apr-19, 11:27:13 
28-Apr-19, 11:27:15 
28-Apr-19, 11:27:17 
28-Apr-19, 11:27:18 
28-Apr-19, 11:27:20 
28-Apr-19, 11:27:22 
28-Apr-19, 11:27:23 
28-Apr-19, 11:27:25 
28-Apr-19, 11:27:27 
28-Apr-19, 11:27:28 
28-Apr-19, 11:27:30 
28-Apr-19, 11:27:32 
28-Apr-19, 11:27:33 
28-Apr-19, 11:27:35 
28-Apr-19, 11:27:37 
28-Apr-19, 11:27:38 
28-Apr-19, 11:27:40 
28-Apr-19, 11:27:42 
28-Apr-19, 11:27:43 
28-Apr-19, 11:27:47 
28-Apr-19, 11:27:48 
28-Apr-19, 11:27:50 
28-Apr-19, 11:27:52 
28-Apr-19, 11:27:53 
28-Apr-19, 11:27:55 
28-Apr-19, 11:28:03 
28-Apr-19, 11:28:05 
28-Apr-19, 11:28:07 
28-Apr-19, 11:28:08 
28-Apr-19, 11:28:13 
28-Apr-19, 11:28:15 
28-Apr-19, 11:28:17 
28-Apr-19, 11:28:18 
28-Apr-19, 11:28:20 
28-Apr-19, 11:28:22 
28-Apr-19, 11:28:23 
28-Apr-19, 11:28:28 
28-Apr-19, 11:28:30 
28-Apr-19, 11:28:32 
28-Apr-19, 11:28:33 
28-Apr-19, 11:28:35 
28-Apr-19, 11:28:37 
28-Apr-19, 11:28:38 
28-Apr-19, 11:28:45 
28-Apr-19, 11:28:47 
28-Apr-19, 11:28:48 
28-Apr-19, 11:28:50 
28-Apr-19, 11:28:52 
28-Apr-19, 11:28:53 
28-Apr-19, 11:29:02 
28-Apr-19, 11:29:03 
28-Apr-19, 11:29:05 
28-Apr-19, 11:29:07 
28-Apr-19, 11:29:08 
28-Apr-19, 11:29:10 
28-Apr-19, 11:29:17 
28-Apr-19, 11:29:18 
28-Apr-19, 11:29:20 
28-Apr-19, 11:29:22 
28-Apr-19, 11:29:23 
28-Apr-19, 11:29:25 
28-Apr-19, 11:29:27 
28-Apr-19, 11:29:32 
28-Apr-19, 11:29:33 
28-Apr-19, 11:29:35 
28-Apr-19, 11:29:37 
28-Apr-19, 11:29:38 
28-Apr-19, 11:29:40 
28-Apr-19, 11:29:42 
28-Apr-19, 11:29:47 
28-Apr-19, 11:29:48 
28-Apr-19, 11:29:50 
28-Apr-19, 11:29:52 
28-Apr-19, 11:29:53 
28-Apr-19, 11:29:55 
28-Apr-19, 11:30:02 
28-Apr-19, 11:30:03 
28-Apr-19, 11:30:05 
28-Apr-19, 11:30:07 
28-Apr-19, 11:30:10 
28-Apr-19, 11:30:12 
28-Apr-19, 11:30:13 
28-Apr-19, 11:30:17 
28-Apr-19, 11:30:18 
28-Apr-19, 11:30:20 
28-Apr-19, 11:30:22 
28-Apr-19, 11:30:23 
28-Apr-19, 11:30:25 
28-Apr-19, 11:30:27 
28-Apr-19, 11:30:28 
28-Apr-19, 11:30:30 
28-Apr-19, 11:30:32 
28-Apr-19, 11:30:33 
28-Apr-19, 11:30:35 
28-Apr-19, 11:30:37 
28-Apr-19, 11:30:38 
28-Apr-19, 11:30:40 
28-Apr-19, 11:30:42 
28-Apr-19, 11:30:43 
28-Apr-19, 11:30:45 
28-Apr-19, 11:30:47 
28-Apr-19, 11:30:48 
28-Apr-19, 11:30:50 
28-Apr-19, 11:30:52 
28-Apr-19, 11:30:53 
28-Apr-19, 11:30:55 
28-Apr-19, 11:31:02 
28-Apr-19, 11:31:03 
28-Apr-19, 11:31:05 
28-Apr-19, 11:31:07 
28-Apr-19, 11:31:08 
28-Apr-19, 11:31:10 
28-Apr-19, 11:31:12 
28-Apr-19, 11:31:13 
28-Apr-19, 11:31:15 
28-Apr-19, 11:31:17 
28-Apr-19, 11:31:20 
28-Apr-19, 11:31:22 
28-Apr-19, 11:31:23 
28-Apr-19, 11:31:25 
28-Apr-19, 11:31:30 
28-Apr-19, 11:31:32 
28-Apr-19, 11:31:35 
28-Apr-19, 11:31:37 
28-Apr-19, 11:31:38 
28-Apr-19, 11:31:40 
28-Apr-19, 11:31:42 
28-Apr-19, 11:31:43 
28-Apr-19, 11:31:45 
28-Apr-19, 11:31:48 
28-Apr-19, 11:31:50 
28-Apr-19, 11:31:52 
28-Apr-19, 11:31:53 
28-Apr-19, 11:31:55 
28-Apr-19, 11:32:00 
28-Apr-19, 11:32:03 
28-Apr-19, 11:32:05 
28-Apr-19, 11:32:07 
28-Apr-19, 11:32:08 
28-Apr-19, 11:32:10 
28-Apr-19, 11:32:12 
28-Apr-19, 11:32:13 
28-Apr-19, 11:32:15 
28-Apr-19, 11:32:17 
28-Apr-19, 11:32:18 
28-Apr-19, 11:32:20 
28-Apr-19, 11:32:22 
28-Apr-19, 11:32:23 
28-Apr-19, 11:32:25 
28-Apr-19, 11:32:27 
28-Apr-19, 11:32:28 
28-Apr-19, 11:32:30 
28-Apr-19, 11:32:32 
28-Apr-19, 11:32:33 
28-Apr-19, 11:32:35 
28-Apr-19, 11:32:37 
28-Apr-19, 11:32:38 
28-Apr-19, 11:32:40 
28-Apr-19, 11:32:42 
28-Apr-19, 11:32:43 
28-Apr-19, 11:32:45 
28-Apr-19, 11:32:47 
28-Apr-19, 11:32:48 
28-Apr-19, 11:32:50 
28-Apr-19, 11:32:52 
28-Apr-19, 11:32:53 
28-Apr-19, 11:32:55 
28-Apr-19, 11:33:05 
28-Apr-19, 11:33:07 
28-Apr-19, 11:33:08 
28-Apr-19, 11:33:10 
28-Apr-19, 11:33:12 
28-Apr-19, 11:33:13 
28-Apr-19, 11:33:15 
28-Apr-19, 11:33:17 
28-Apr-19, 11:33:18 
28-Apr-19, 11:33:22 
28-Apr-19, 11:33:23 
28-Apr-19, 11:33:25 
28-Apr-19, 11:33:27 
28-Apr-19, 11:33:28 
28-Apr-19, 11:33:30 
28-Apr-19, 11:33:35 
28-Apr-19, 11:33:37 
28-Apr-19, 11:33:38 
28-Apr-19, 11:33:40 
28-Apr-19, 11:33:42 
28-Apr-19, 11:33:43 
28-Apr-19, 11:33:45 
28-Apr-19, 11:33:47 
28-Apr-19, 11:33:48 
28-Apr-19, 11:33:50 
28-Apr-19, 11:33:52 
28-Apr-19, 11:33:53 
28-Apr-19, 11:33:55 
28-Apr-19, 11:34:02 
28-Apr-19, 11:34:03 
28-Apr-19, 11:34:05 
28-Apr-19, 11:34:07 
28-Apr-19, 11:34:08 
28-Apr-19, 11:34:10 
28-Apr-19, 11:34:12 
28-Apr-19, 11:34:13 
28-Apr-19, 11:34:15 
28-Apr-19, 11:34:17 
28-Apr-19, 11:34:19 
28-Apr-19, 11:34:20 
28-Apr-19, 11:34:22 
28-Apr-19, 11:34:24 
28-Apr-19, 11:34:25 
28-Apr-19, 11:34:27 
28-Apr-19, 11:34:29 
28-Apr-19, 11:34:30 
28-Apr-19, 11:34:32 
28-Apr-19, 11:34:34 
28-Apr-19, 11:34:35 
28-Apr-19, 11:34:37 
28-Apr-19, 11:34:40 
28-Apr-19, 11:34:42 
28-Apr-19, 11:34:44 
28-Apr-19, 11:34:45 
28-Apr-19, 11:34:47 
28-Apr-19, 11:34:49 
28-Apr-19, 11:34:50 
28-Apr-19, 11:34:52 
28-Apr-19, 11:34:54 
28-Apr-19, 11:34:55 
28-Apr-19, 11:35:00 
28-Apr-19, 11:35:02 
28-Apr-19, 11:35:07 
28-Apr-19, 11:35:09 
28-Apr-19, 11:35:10 
28-Apr-19, 11:35:12 
28-Apr-19, 11:35:14 
28-Apr-19, 11:35:15 
28-Apr-19, 11:35:17 
28-Apr-19, 11:35:19 
28-Apr-19, 11:35:20 
28-Apr-19, 11:35:22 
28-Apr-19, 11:35:24 
28-Apr-19, 11:35:25 
28-Apr-19, 11:35:27 
28-Apr-19, 11:35:29 
28-Apr-19, 11:35:30 
28-Apr-19, 11:35:32 
28-Apr-19, 11:35:34 
28-Apr-19, 11:35:35 
28-Apr-19, 11:35:37 
28-Apr-19, 11:35:39 
28-Apr-19, 11:35:40 
28-Apr-19, 11:35:42 
28-Apr-19, 11:35:44 
28-Apr-19, 11:35:45 
28-Apr-19, 11:35:47 
28-Apr-19, 11:35:49 
28-Apr-19, 11:35:50 
28-Apr-19, 11:35:52 
28-Apr-19, 11:35:54 
28-Apr-19, 11:35:55 
28-Apr-19, 11:36:00 
28-Apr-19, 11:36:04 
28-Apr-19, 11:36:05 
28-Apr-19, 11:36:07 
28-Apr-19, 11:36:09 
28-Apr-19, 11:36:10 
28-Apr-19, 11:36:12 
28-Apr-19, 11:36:14 
28-Apr-19, 11:36:15 
28-Apr-19, 11:36:17 
28-Apr-19, 11:36:19 
28-Apr-19, 11:36:20 
28-Apr-19, 11:36:22 
28-Apr-19, 11:36:24 
28-Apr-19, 11:36:25 
28-Apr-19, 11:36:27 
28-Apr-19, 11:36:29 
28-Apr-19, 11:36:30 
28-Apr-19, 11:36:32 
28-Apr-19, 11:36:34 
28-Apr-19, 11:36:35 
28-Apr-19, 11:36:39 
28-Apr-19, 11:36:40 
28-Apr-19, 11:36:42 
28-Apr-19, 11:36:44 
28-Apr-19, 11:36:45 
28-Apr-19, 11:36:47 
28-Apr-19, 11:36:52 
28-Apr-19, 11:36:54 
28-Apr-19, 11:36:55 
28-Apr-19, 11:36:59 
28-Apr-19, 11:37:02 
28-Apr-19, 11:37:04 
28-Apr-19, 11:37:05 
28-Apr-19, 11:37:07 
28-Apr-19, 11:37:09 
28-Apr-19, 11:37:10 
28-Apr-19, 11:37:12 
28-Apr-19, 11:37:14 
28-Apr-19, 11:37:15 
28-Apr-19, 11:37:17 
28-Apr-19, 11:37:19 
28-Apr-19, 11:37:20 
28-Apr-19, 11:37:22 
28-Apr-19, 11:37:24 
28-Apr-19, 11:37:25 
28-Apr-19, 11:37:27 
28-Apr-19, 11:37:29 
28-Apr-19, 11:37:30 
28-Apr-19, 11:37:32 
28-Apr-19, 11:37:34 
28-Apr-19, 11:37:35 
28-Apr-19, 11:37:39 
28-Apr-19, 11:37:40 
28-Apr-19, 11:37:44 
28-Apr-19, 11:37:45 
28-Apr-19, 11:37:47 
28-Apr-19, 11:37:49 
28-Apr-19, 11:37:50 
28-Apr-19, 11:37:52 
28-Apr-19, 11:37:54 
28-Apr-19, 11:38:02 
28-Apr-19, 11:38:04 
28-Apr-19, 11:38:05 
28-Apr-19, 11:38:07 
28-Apr-19, 11:38:09 
28-Apr-19, 11:38:12 
28-Apr-19, 11:38:14 
28-Apr-19, 11:38:15 
28-Apr-19, 11:38:17 
28-Apr-19, 11:38:19 
28-Apr-19, 11:38:20 
28-Apr-19, 11:38:22 
28-Apr-19, 11:38:27 
28-Apr-19, 11:38:29 
28-Apr-19, 11:38:30 
28-Apr-19, 11:38:32 
28-Apr-19, 11:38:34 
28-Apr-19, 11:38:35 
28-Apr-19, 11:38:39 
28-Apr-19, 11:38:40 
28-Apr-19, 11:38:42 
28-Apr-19, 11:38:44 
28-Apr-19, 11:38:45 
28-Apr-19, 11:38:47 
28-Apr-19, 11:38:52 
28-Apr-19, 11:38:54 
28-Apr-19, 11:38:55 
28-Apr-19, 11:38:59 
28-Apr-19, 11:39:00 
28-Apr-19, 11:39:02 
28-Apr-19, 11:39:05 
28-Apr-19, 11:39:07 
28-Apr-19, 11:39:09 
28-Apr-19, 11:39:10 
28-Apr-19, 11:39:12 
28-Apr-19, 11:39:14 
28-Apr-19, 11:39:15 
28-Apr-19, 11:39:19 
28-Apr-19, 11:39:20 
28-Apr-19, 11:39:22 
28-Apr-19, 11:39:24 
28-Apr-19, 11:39:25 
28-Apr-19, 11:39:27 
28-Apr-19, 11:39:34 
28-Apr-19, 11:39:35 
28-Apr-19, 11:39:37 
28-Apr-19, 11:39:39 
28-Apr-19, 11:39:40 
28-Apr-19, 11:39:42 
28-Apr-19, 11:39:45 
28-Apr-19, 11:39:47 
28-Apr-19, 11:39:49 
28-Apr-19, 11:39:50 
28-Apr-19, 11:39:52 
28-Apr-19, 11:39:54 
28-Apr-19, 11:39:55 
28-Apr-19, 11:40:04 
28-Apr-19, 11:40:05 
28-Apr-19, 11:40:12 
28-Apr-19, 11:40:14 
28-Apr-19, 11:40:15 
28-Apr-19, 11:40:17 
28-Apr-19, 11:40:19 
28-Apr-19, 11:40:20 
28-Apr-19, 11:40:22 
28-Apr-19, 11:40:29 
28-Apr-19, 11:40:30 
28-Apr-19, 11:40:32 
28-Apr-19, 11:40:34 
28-Apr-19, 11:40:35 
28-Apr-19, 11:40:37 
28-Apr-19, 11:40:39 
28-Apr-19, 11:40:42 
28-Apr-19, 11:40:44 
28-Apr-19, 11:40:45 
28-Apr-19, 11:40:47 
28-Apr-19, 11:40:49 
28-Apr-19, 11:40:50 
28-Apr-19, 11:40:52 
28-Apr-19, 11:41:00 
28-Apr-19, 11:41:04 
28-Apr-19, 11:41:05 
28-Apr-19, 11:41:07 
28-Apr-19, 11:41:09 
28-Apr-19, 11:41:10 
28-Apr-19, 11:41:12 
28-Apr-19, 11:41:14 
28-Apr-19, 11:41:15 
28-Apr-19, 11:41:17 
28-Apr-19, 11:41:19 
28-Apr-19, 11:41:20 
28-Apr-19, 11:41:22 
28-Apr-19, 11:41:24 
28-Apr-19, 11:41:25 
28-Apr-19, 11:41:27 
28-Apr-19, 11:41:29 
28-Apr-19, 11:41:30 
28-Apr-19, 11:41:32 
28-Apr-19, 11:41:34 
28-Apr-19, 11:41:35 
28-Apr-19, 11:41:37 
28-Apr-19, 11:41:39 
28-Apr-19, 11:41:40 
28-Apr-19, 11:41:42 
28-Apr-19, 11:41:44 
28-Apr-19, 11:41:45 
28-Apr-19, 11:41:47 
28-Apr-19, 11:41:49 
28-Apr-19, 11:41:50 
28-Apr-19, 11:41:52 
28-Apr-19, 11:41:54 
28-Apr-19, 11:41:55 
28-Apr-19, 11:41:59 
28-Apr-19, 11:42:00 
28-Apr-19, 11:42:02 
28-Apr-19, 11:42:05 
28-Apr-19, 11:42:07 
28-Apr-19, 11:42:09 
28-Apr-19, 11:42:10 
28-Apr-19, 11:42:14 
28-Apr-19, 11:42:15 
28-Apr-19, 11:42:17 
28-Apr-19, 11:42:19 
28-Apr-19, 11:42:20 
28-Apr-19, 11:42:22 
28-Apr-19, 11:42:24 
28-Apr-19, 11:42:25 
28-Apr-19, 11:42:29 
28-Apr-19, 11:42:30 
28-Apr-19, 11:42:32 
28-Apr-19, 11:42:34 
28-Apr-19, 11:42:35 
28-Apr-19, 11:42:37 
28-Apr-19, 11:42:39 
28-Apr-19, 11:42:42 
28-Apr-19, 11:42:44 
28-Apr-19, 11:42:45 
28-Apr-19, 11:42:47 
28-Apr-19, 11:42:49 
28-Apr-19, 11:42:50 
28-Apr-19, 11:42:52 
28-Apr-19, 11:42:54 
28-Apr-19, 11:42:55 
28-Apr-19, 11:43:00 
28-Apr-19, 11:43:09 
28-Apr-19, 11:43:11 
28-Apr-19, 11:43:14 
28-Apr-19, 11:43:16 
28-Apr-19, 11:43:17 
28-Apr-19, 11:43:19 
28-Apr-19, 11:43:21 
28-Apr-19, 11:43:22 
28-Apr-19, 11:43:24 
28-Apr-19, 11:43:26 
28-Apr-19, 11:43:27 
28-Apr-19, 11:43:29 
28-Apr-19, 11:43:31 
28-Apr-19, 11:43:32 
28-Apr-19, 11:43:34 
28-Apr-19, 11:43:36 
28-Apr-19, 11:43:37 
28-Apr-19, 11:43:41 
28-Apr-19, 11:43:42 
28-Apr-19, 11:43:46 
28-Apr-19, 11:43:47 
28-Apr-19, 11:43:49 
28-Apr-19, 11:43:51 
28-Apr-19, 11:43:52 
28-Apr-19, 11:43:54 
28-Apr-19, 11:44:04 
28-Apr-19, 11:44:06 
28-Apr-19, 11:44:07 
28-Apr-19, 11:44:09 
28-Apr-19, 11:44:12 
28-Apr-19, 11:44:14 
28-Apr-19, 11:44:16 
28-Apr-19, 11:44:17 
28-Apr-19, 11:44:19 
28-Apr-19, 11:44:21 
28-Apr-19, 11:44:22 
28-Apr-19, 11:44:24 
28-Apr-19, 11:44:26 
28-Apr-19, 11:44:27 
28-Apr-19, 11:44:29 
28-Apr-19, 11:44:31 
28-Apr-19, 11:44:32 
28-Apr-19, 11:44:34 
28-Apr-19, 11:44:36 
28-Apr-19, 11:44:37 
28-Apr-19, 11:44:39 
28-Apr-19, 11:44:41 
28-Apr-19, 11:44:42 
28-Apr-19, 11:44:44 
28-Apr-19, 11:44:46 
28-Apr-19, 11:44:47 
28-Apr-19, 11:44:49 
28-Apr-19, 11:44:51 
28-Apr-19, 11:44:52 
28-Apr-19, 11:44:54 
28-Apr-19, 11:45:04 
28-Apr-19, 11:45:06 
28-Apr-19, 11:45:07 
28-Apr-19, 11:45:09 
28-Apr-19, 11:45:11 
28-Apr-19, 11:45:12 
28-Apr-19, 11:45:14 
28-Apr-19, 11:45:16 
28-Apr-19, 11:45:17 
28-Apr-19, 11:45:19 
28-Apr-19, 11:45:21 
28-Apr-19, 11:45:22 
28-Apr-19, 11:45:24 
28-Apr-19, 11:45:26 
28-Apr-19, 11:45:27 
28-Apr-19, 11:45:36 
28-Apr-19, 11:45:37 
28-Apr-19, 11:45:39 
28-Apr-19, 11:45:41 
28-Apr-19, 11:45:44 
28-Apr-19, 11:45:46 
28-Apr-19, 11:45:47 
28-Apr-19, 11:45:49 
28-Apr-19, 11:45:51 
28-Apr-19, 11:45:52 
28-Apr-19, 11:45:54 
28-Apr-19, 11:46:04 
28-Apr-19, 11:46:06 
28-Apr-19, 11:46:07 
28-Apr-19, 11:46:09 
28-Apr-19, 11:46:11 
28-Apr-19, 11:46:12 
28-Apr-19, 11:46:14 
28-Apr-19, 11:46:16 
28-Apr-19, 11:46:17 
28-Apr-19, 11:46:19 
28-Apr-19, 11:46:21 
28-Apr-19, 11:46:22 
28-Apr-19, 11:46:24 
28-Apr-19, 11:46:26 
28-Apr-19, 11:46:27 
28-Apr-19, 11:46:29 
28-Apr-19, 11:46:31 
28-Apr-19, 11:46:32 
28-Apr-19, 11:46:34 
28-Apr-19, 11:46:36 
28-Apr-19, 11:46:37 
28-Apr-19, 11:46:39 
28-Apr-19, 11:46:41 
28-Apr-19, 11:46:42 
28-Apr-19, 11:46:44 
28-Apr-19, 11:46:46 
28-Apr-19, 11:46:47 
28-Apr-19, 11:46:49 
28-Apr-19, 11:46:51 
28-Apr-19, 11:46:52 
28-Apr-19, 11:46:54 
28-Apr-19, 11:47:04 
28-Apr-19, 11:47:06 
28-Apr-19, 11:47:07 
28-Apr-19, 11:47:09 
28-Apr-19, 11:47:11 
28-Apr-19, 11:47:12 
28-Apr-19, 11:47:16 
28-Apr-19, 11:47:17 
28-Apr-19, 11:47:19 
28-Apr-19, 11:47:21 
28-Apr-19, 11:47:22 
28-Apr-19, 11:47:24 
28-Apr-19, 11:47:26 
28-Apr-19, 11:47:27 
28-Apr-19, 11:47:31 
28-Apr-19, 11:47:32 
28-Apr-19, 11:47:34 
28-Apr-19, 11:47:36 
28-Apr-19, 11:47:37 
28-Apr-19, 11:47:39 
28-Apr-19, 11:47:41 
28-Apr-19, 11:47:42 
28-Apr-19, 11:47:44 
28-Apr-19, 11:47:46 
28-Apr-19, 11:47:47 
28-Apr-19, 11:47:49 
28-Apr-19, 11:47:51 
28-Apr-19, 11:47:52 
28-Apr-19, 11:47:54 
28-Apr-19, 11:48:02 
28-Apr-19, 11:48:04 
28-Apr-19, 11:48:06 
28-Apr-19, 11:48:07 
28-Apr-19, 11:48:09 
28-Apr-19, 11:48:11 
28-Apr-19, 11:48:12 
28-Apr-19, 11:48:17 
28-Apr-19, 11:48:19 
28-Apr-19, 11:48:21 
28-Apr-19, 11:48:22 
28-Apr-19, 11:48:24 
28-Apr-19, 11:48:26 
28-Apr-19, 11:48:27 
28-Apr-19, 11:48:34 
28-Apr-19, 11:48:36 
28-Apr-19, 11:48:37 
28-Apr-19, 11:48:39 
28-Apr-19, 11:48:41 
28-Apr-19, 11:48:42 
28-Apr-19, 11:48:49 
28-Apr-19, 11:48:51 
28-Apr-19, 11:48:52 
28-Apr-19, 11:48:54 
28-Apr-19, 11:49:04 
28-Apr-19, 11:49:06 
28-Apr-19, 11:49:07 
28-Apr-19, 11:49:11 
28-Apr-19, 11:49:12 
28-Apr-19, 11:49:19 
28-Apr-19, 11:49:21 
28-Apr-19, 11:49:22 
28-Apr-19, 11:49:24 
28-Apr-19, 11:49:26 
28-Apr-19, 11:49:27 
28-Apr-19, 11:49:34 
28-Apr-19, 11:49:36 
28-Apr-19, 11:49:37 
28-Apr-19, 11:49:39 
28-Apr-19, 11:49:41 
28-Apr-19, 11:49:42 
28-Apr-19, 11:49:49 
28-Apr-19, 11:49:51 
28-Apr-19, 11:49:52 
28-Apr-19, 11:49:54 
28-Apr-19, 11:50:04 
28-Apr-19, 11:50:06 
28-Apr-19, 11:50:07 
28-Apr-19, 11:50:09 
28-Apr-19, 11:50:11 
28-Apr-19, 11:50:12 
28-Apr-19, 11:50:14 
28-Apr-19, 11:50:19 
28-Apr-19, 11:50:21 
28-Apr-19, 11:50:22 
28-Apr-19, 11:50:24 
28-Apr-19, 11:50:26 
28-Apr-19, 11:50:27 
28-Apr-19, 11:50:29 
28-Apr-19, 11:50:31 
28-Apr-19, 11:50:32 
28-Apr-19, 11:50:34 
28-Apr-19, 11:50:36 
28-Apr-19, 11:50:37 
28-Apr-19, 11:50:39 
28-Apr-19, 11:50:41 
28-Apr-19, 11:50:42 
28-Apr-19, 11:50:44 
28-Apr-19, 11:50:46 
28-Apr-19, 11:50:47 
28-Apr-19, 11:50:49 
28-Apr-19, 11:50:51 
28-Apr-19, 11:50:52 
28-Apr-19, 11:50:54 
28-Apr-19, 11:50:59 
28-Apr-19, 11:51:02 
28-Apr-19, 11:51:04 
28-Apr-19, 11:51:06 
28-Apr-19, 11:51:07 
28-Apr-19, 11:51:09 
28-Apr-19, 11:51:11 
28-Apr-19, 11:51:12 
28-Apr-19, 11:51:14 
28-Apr-19, 11:51:16 
28-Apr-19, 11:51:17 
28-Apr-19, 11:51:19 
28-Apr-19, 11:51:21 
28-Apr-19, 11:51:22 
28-Apr-19, 11:51:24 
28-Apr-19, 11:51:26 
28-Apr-19, 11:51:27 
28-Apr-19, 11:51:29 
28-Apr-19, 11:51:31 
28-Apr-19, 11:51:32 
28-Apr-19, 11:51:36 
28-Apr-19, 11:51:37 
28-Apr-19, 11:51:39 
28-Apr-19, 11:51:41 
28-Apr-19, 11:51:42 
28-Apr-19, 11:51:44 
28-Apr-19, 11:51:46 
28-Apr-19, 11:51:49 
28-Apr-19, 11:51:51 
28-Apr-19, 11:51:52 
28-Apr-19, 11:51:54 
28-Apr-19, 11:52:02 
28-Apr-19, 11:52:04 
28-Apr-19, 11:52:06 
28-Apr-19, 11:52:07 
28-Apr-19, 11:52:09 
28-Apr-19, 11:52:11 
28-Apr-19, 11:52:12 
28-Apr-19, 11:52:14 
28-Apr-19, 11:52:19 
28-Apr-19, 11:52:22 
28-Apr-19, 11:52:24 
28-Apr-19, 11:52:26 
28-Apr-19, 11:52:27 
28-Apr-19, 11:52:29 
28-Apr-19, 11:52:31 
28-Apr-19, 11:52:32 
28-Apr-19, 11:52:34 
28-Apr-19, 11:52:36 
28-Apr-19, 11:52:37 
28-Apr-19, 11:52:41 
28-Apr-19, 11:52:42 
28-Apr-19, 11:52:44 
28-Apr-19, 11:52:47 
28-Apr-19, 11:52:49 
28-Apr-19, 11:52:51 
28-Apr-19, 11:52:52 
28-Apr-19, 11:52:54 
28-Apr-19, 11:53:01 
28-Apr-19, 11:53:02 
28-Apr-19, 11:53:04 
28-Apr-19, 11:53:06 
28-Apr-19, 11:53:07 
28-Apr-19, 11:53:09 
28-Apr-19, 11:53:11 
28-Apr-19, 11:53:12 
28-Apr-19, 11:53:14 
28-Apr-19, 11:53:16 
28-Apr-19, 11:53:17 
28-Apr-19, 11:53:21 
28-Apr-19, 11:53:22 
28-Apr-19, 11:53:24 
28-Apr-19, 11:53:27 
28-Apr-19, 11:53:29 
28-Apr-19, 11:53:31 
28-Apr-19, 11:53:34 
28-Apr-19, 11:53:36 
28-Apr-19, 11:53:37 
28-Apr-19, 11:53:39 
28-Apr-19, 11:53:41 
28-Apr-19, 11:53:42 
28-Apr-19, 11:53:44 
28-Apr-19, 11:53:46 
28-Apr-19, 11:53:47 
28-Apr-19, 11:53:49 
28-Apr-19, 11:53:51 
28-Apr-19, 11:53:52 
28-Apr-19, 11:53:54 
28-Apr-19, 11:54:02 
28-Apr-19, 11:54:04 
28-Apr-19, 11:54:06 
28-Apr-19, 11:54:07 
28-Apr-19, 11:54:09 
28-Apr-19, 11:54:11 
28-Apr-19, 11:54:12 
28-Apr-19, 11:54:14 
28-Apr-19, 11:54:16 
28-Apr-19, 11:54:17 
28-Apr-19, 11:54:19 
28-Apr-19, 11:54:21 
28-Apr-19, 11:54:22 
28-Apr-19, 11:54:24 
28-Apr-19, 11:54:26 
28-Apr-19, 11:54:27 
28-Apr-19, 11:54:29 
28-Apr-19, 11:54:31 
28-Apr-19, 11:54:32 
28-Apr-19, 11:54:34 
28-Apr-19, 11:54:36 
28-Apr-19, 11:54:37 
28-Apr-19, 11:54:39 
28-Apr-19, 11:54:41 
28-Apr-19, 11:54:42 
28-Apr-19, 11:54:44 
28-Apr-19, 11:54:46 
28-Apr-19, 11:54:47 
28-Apr-19, 11:54:49 
28-Apr-19, 11:54:52 
28-Apr-19, 11:54:54 
28-Apr-19, 11:55:02 
28-Apr-19, 11:55:06 
28-Apr-19, 11:55:07 
28-Apr-19, 11:55:09 
28-Apr-19, 11:55:11 
28-Apr-19, 11:55:12 
28-Apr-19, 11:55:14 
28-Apr-19, 11:55:16 
28-Apr-19, 11:55:19 
28-Apr-19, 11:55:21 
28-Apr-19, 11:55:22 
28-Apr-19, 11:55:24 
28-Apr-19, 11:55:26 
28-Apr-19, 11:55:27 
28-Apr-19, 11:55:29 
28-Apr-19, 11:55:31 
28-Apr-19, 11:55:32 
28-Apr-19, 11:55:34 
28-Apr-19, 11:55:36 
28-Apr-19, 11:55:37 
28-Apr-19, 11:55:39 
28-Apr-19, 11:55:41 
28-Apr-19, 11:55:42 
28-Apr-19, 11:55:44 
28-Apr-19, 11:55:46 
28-Apr-19, 11:55:47 
28-Apr-19, 11:55:49 
28-Apr-19, 11:55:51 
28-Apr-19, 11:55:52 
28-Apr-19, 11:55:54 
28-Apr-19, 11:56:02 
28-Apr-19, 11:56:04 
28-Apr-19, 11:56:06 
28-Apr-19, 11:56:07 
28-Apr-19, 11:56:09 
28-Apr-19, 11:56:11 
28-Apr-19, 11:56:14 
28-Apr-19, 11:56:16 
28-Apr-19, 11:56:17 
28-Apr-19, 11:56:19 
28-Apr-19, 11:56:21 
28-Apr-19, 11:56:22 
28-Apr-19, 11:56:24 
28-Apr-19, 11:56:26 
28-Apr-19, 11:56:27 
28-Apr-19, 11:56:29 
28-Apr-19, 11:56:31 
28-Apr-19, 11:56:32 
28-Apr-19, 11:56:34 
28-Apr-19, 11:56:39 
28-Apr-19, 11:56:41 
28-Apr-19, 11:56:42 
28-Apr-19, 11:56:44 
28-Apr-19, 11:56:46 
28-Apr-19, 11:56:47 
28-Apr-19, 11:56:51 
28-Apr-19, 11:56:52 
28-Apr-19, 11:56:54 
28-Apr-19, 11:57:04 
28-Apr-19, 11:57:06 
28-Apr-19, 11:57:07 
28-Apr-19, 11:57:09 
28-Apr-19, 11:57:11 
28-Apr-19, 11:57:12 
28-Apr-19, 11:57:14 
28-Apr-19, 11:57:16 
28-Apr-19, 11:57:17 
28-Apr-19, 11:57:19 
28-Apr-19, 11:57:21 
28-Apr-19, 11:57:22 
28-Apr-19, 11:57:24 
28-Apr-19, 11:57:26 
28-Apr-19, 11:57:27 
28-Apr-19, 11:57:29 
28-Apr-19, 11:57:31 
28-Apr-19, 11:57:32 
28-Apr-19, 11:57:34 
28-Apr-19, 11:57:36 
28-Apr-19, 11:57:37 
28-Apr-19, 11:57:39 
28-Apr-19, 11:57:41 
28-Apr-19, 11:57:42 
28-Apr-19, 11:57:44 
28-Apr-19, 11:57:46 
28-Apr-19, 11:57:47 
28-Apr-19, 11:57:49 
28-Apr-19, 11:57:51 
28-Apr-19, 11:57:52 
28-Apr-19, 11:57:54 
28-Apr-19, 11:58:02 
28-Apr-19, 11:58:04 
28-Apr-19, 11:58:06 
28-Apr-19, 11:58:07 
28-Apr-19, 11:58:09 
28-Apr-19, 11:58:11 
28-Apr-19, 11:58:12 
28-Apr-19, 11:58:14 
28-Apr-19, 11:58:16 
28-Apr-19, 11:58:17 
28-Apr-19, 11:58:19 
28-Apr-19, 11:58:24 
28-Apr-19, 11:58:26 
28-Apr-19, 11:58:27 
28-Apr-19, 11:58:29 
28-Apr-19, 11:58:31 
28-Apr-19, 11:58:32 
28-Apr-19, 12:01:11 
28-Apr-19, 12:01:12 
28-Apr-19, 12:01:14 
28-Apr-19, 12:01:16 
28-Apr-19, 12:01:17 
28-Apr-19, 12:01:19 
28-Apr-19, 12:01:21 
28-Apr-19, 12:01:24 
28-Apr-19, 12:01:26 
28-Apr-19, 12:01:27 
28-Apr-19, 12:01:29 
28-Apr-19, 12:01:31 
28-Apr-19, 12:01:32 
28-Apr-19, 12:01:34 
28-Apr-19, 12:01:37 
28-Apr-19, 12:01:39 
28-Apr-19, 12:01:41 
28-Apr-19, 12:01:42 
28-Apr-19, 12:01:44 
28-Apr-19, 12:01:46 
28-Apr-19, 12:01:47 
28-Apr-19, 12:01:51 
28-Apr-19, 12:01:52 
28-Apr-19, 12:01:54 
28-Apr-19, 12:02:04 
28-Apr-19, 12:02:06 
28-Apr-19, 12:02:07 
28-Apr-19, 12:02:09 
28-Apr-19, 12:02:11 
28-Apr-19, 12:02:12 
28-Apr-19, 12:02:14 
28-Apr-19, 12:02:18 
28-Apr-19, 12:02:19 
28-Apr-19, 12:02:21 
28-Apr-19, 12:02:23 
28-Apr-19, 12:02:24 
28-Apr-19, 12:02:26 
28-Apr-19, 12:02:31 
28-Apr-19, 12:02:33 
28-Apr-19, 12:02:34 
28-Apr-19, 12:02:36 
28-Apr-19, 12:02:38 
28-Apr-19, 12:02:39 
28-Apr-19, 12:02:43 
28-Apr-19, 12:02:44 
28-Apr-19, 12:02:46 
28-Apr-19, 12:02:48 
28-Apr-19, 12:02:49 
28-Apr-19, 12:02:51 
28-Apr-19, 12:02:53 
28-Apr-19, 12:03:03 
28-Apr-19, 12:03:04 
28-Apr-19, 12:03:06 
28-Apr-19, 12:03:09 
28-Apr-19, 12:03:11 
28-Apr-19, 12:03:13 
28-Apr-19, 12:03:14 
28-Apr-19, 12:03:16 
28-Apr-19, 12:03:18 
28-Apr-19, 12:03:19 
28-Apr-19, 12:03:23 
28-Apr-19, 12:03:24 
28-Apr-19, 12:03:26 
28-Apr-19, 12:03:28 
28-Apr-19, 12:03:31 
28-Apr-19, 12:03:36 
28-Apr-19, 12:03:38 
28-Apr-19, 12:03:39 
28-Apr-19, 12:03:41 
28-Apr-19, 12:03:43 
28-Apr-19, 12:03:44 
28-Apr-19, 12:03:49 
28-Apr-19, 12:03:51 
28-Apr-19, 12:03:53 
28-Apr-19, 12:03:54 
28-Apr-19, 12:04:03 
28-Apr-19, 12:04:04 
28-Apr-19, 12:04:06 
28-Apr-19, 12:04:08 
28-Apr-19, 12:04:09 
28-Apr-19, 12:04:11 
28-Apr-19, 12:04:16 
28-Apr-19, 12:04:18 
28-Apr-19, 12:04:19 
28-Apr-19, 12:04:21 
28-Apr-19, 12:04:23 
28-Apr-19, 12:04:24 
28-Apr-19, 12:04:28 
28-Apr-19, 12:04:29 
28-Apr-19, 12:04:31 
28-Apr-19, 12:04:33 
28-Apr-19, 12:04:34 
28-Apr-19, 12:04:36 
28-Apr-19, 12:04:38 
28-Apr-19, 12:04:41 
28-Apr-19, 12:04:43 
28-Apr-19, 12:04:44 
28-Apr-19, 12:04:46 
28-Apr-19, 12:04:48 
28-Apr-19, 12:04:49 
28-Apr-19, 12:04:51 
28-Apr-19, 12:04:54 
28-Apr-19, 12:05:01 
28-Apr-19, 12:05:03 
28-Apr-19, 12:05:04 
28-Apr-19, 12:05:08 
28-Apr-19, 12:05:09 
28-Apr-19, 12:05:11 
28-Apr-19, 12:05:13 
28-Apr-19, 12:05:14 
28-Apr-19, 12:05:16 
28-Apr-19, 12:05:21 
28-Apr-19, 12:05:23 
28-Apr-19, 12:05:24 
28-Apr-19, 12:05:26 
28-Apr-19, 12:05:28 
28-Apr-19, 12:05:29 
28-Apr-19, 12:05:33 
28-Apr-19, 12:05:36 
28-Apr-19, 12:05:38 
28-Apr-19, 12:05:39 
28-Apr-19, 12:05:41 
28-Apr-19, 12:05:43 
28-Apr-19, 12:05:48 
28-Apr-19, 12:05:49 
28-Apr-19, 12:05:51 
28-Apr-19, 12:05:53 
28-Apr-19, 12:05:54 
28-Apr-19, 12:06:03 
28-Apr-19, 12:06:04 
28-Apr-19, 12:06:06 
28-Apr-19, 12:06:09 
28-Apr-19, 12:06:13 
28-Apr-19, 12:06:14 
28-Apr-19, 12:06:16 
28-Apr-19, 12:06:18 
28-Apr-19, 12:06:19 
28-Apr-19, 12:06:21 
28-Apr-19, 12:06:23 
28-Apr-19, 12:06:26 
28-Apr-19, 12:06:28 
28-Apr-19, 12:06:29 
28-Apr-19, 12:06:31 
28-Apr-19, 12:06:33 
28-Apr-19, 12:06:34 
28-Apr-19, 12:06:36 
28-Apr-19, 12:06:39 
28-Apr-19, 12:06:41 
28-Apr-19, 12:06:43 
28-Apr-19, 12:06:44 
28-Apr-19, 12:06:46 
28-Apr-19, 12:06:48 
28-Apr-19, 12:06:49 
28-Apr-19, 12:06:53 
28-Apr-19, 12:06:54 
28-Apr-19, 12:07:01 
28-Apr-19, 12:07:06 
28-Apr-19, 12:07:08 
28-Apr-19, 12:07:09 
28-Apr-19, 12:07:11 
28-Apr-19, 12:07:13 
28-Apr-19, 12:07:14 
28-Apr-19, 12:07:18 
28-Apr-19, 12:07:19 
28-Apr-19, 12:07:21 
28-Apr-19, 12:07:23 
28-Apr-19, 12:07:24 
28-Apr-19, 12:07:26 
28-Apr-19, 12:07:31 
28-Apr-19, 12:07:33 
28-Apr-19, 12:07:34 
28-Apr-19, 12:07:36 
28-Apr-19, 12:07:38 
28-Apr-19, 12:07:39 
28-Apr-19, 12:07:41 
28-Apr-19, 12:07:44 
28-Apr-19, 12:07:46 
28-Apr-19, 12:07:48 
28-Apr-19, 12:07:49 
28-Apr-19, 12:07:51 
28-Apr-19, 12:07:53 
28-Apr-19, 12:07:54 
28-Apr-19, 12:08:03 
28-Apr-19, 12:08:04 
28-Apr-19, 12:08:06 
28-Apr-19, 12:08:08 
28-Apr-19, 12:08:11 
28-Apr-19, 12:08:14 
28-Apr-19, 12:08:16 
28-Apr-19, 12:08:18 
28-Apr-19, 12:08:19 
28-Apr-19, 12:08:21 
28-Apr-19, 12:08:24 
28-Apr-19, 12:08:26 
28-Apr-19, 12:08:28 
28-Apr-19, 12:08:29 
28-Apr-19, 12:08:31 
28-Apr-19, 12:08:33 
28-Apr-19, 12:08:34 
28-Apr-19, 12:08:53 
28-Apr-19, 12:08:54 
28-Apr-19, 12:09:03 
28-Apr-19, 12:09:06 
28-Apr-19, 12:09:08 
28-Apr-19, 12:09:09 
28-Apr-19, 12:09:11 
28-Apr-19, 12:09:13 
28-Apr-19, 12:09:14 
28-Apr-19, 12:09:16 
28-Apr-19, 12:09:19 
28-Apr-19, 12:09:21 
28-Apr-19, 12:09:23 
28-Apr-19, 12:09:24 
28-Apr-19, 12:09:26 
28-Apr-19, 12:09:28 
28-Apr-19, 12:09:29 
28-Apr-19, 12:09:33 
28-Apr-19, 12:09:34 
28-Apr-19, 12:09:36 
28-Apr-19, 12:09:38 
28-Apr-19, 12:09:39 
28-Apr-19, 12:09:41 
28-Apr-19, 12:09:43 
28-Apr-19, 12:09:46 
28-Apr-19, 12:09:48 
28-Apr-19, 12:09:49 
28-Apr-19, 12:09:51 
28-Apr-19, 12:09:53 
28-Apr-19, 12:09:54 
28-Apr-19, 12:10:03 
28-Apr-19, 12:10:04 
28-Apr-19, 12:10:06 
28-Apr-19, 12:10:08 
28-Apr-19, 12:10:09 
28-Apr-19, 12:10:13 
28-Apr-19, 12:10:14 
28-Apr-19, 12:10:16 
28-Apr-19, 12:10:18 
28-Apr-19, 12:10:19 
28-Apr-19, 12:10:21 
28-Apr-19, 12:10:23 
28-Apr-19, 12:10:26 
28-Apr-19, 12:10:28 
28-Apr-19, 12:10:29 
28-Apr-19, 12:10:31 
28-Apr-19, 12:10:33 
28-Apr-19, 12:10:34 
28-Apr-19, 12:10:36 
28-Apr-19, 12:10:39 
28-Apr-19, 12:10:41 
28-Apr-19, 12:10:43 
28-Apr-19, 12:10:44 
28-Apr-19, 12:10:46 
28-Apr-19, 12:10:48 
28-Apr-19, 12:10:49 
28-Apr-19, 12:10:53 
28-Apr-19, 12:10:54 
28-Apr-19, 12:11:03 
28-Apr-19, 12:11:06 
28-Apr-19, 12:11:08 
28-Apr-19, 12:11:09 
28-Apr-19, 12:11:11 
28-Apr-19, 12:11:14 
28-Apr-19, 12:11:16 
28-Apr-19, 12:11:19 
28-Apr-19, 12:11:21 
28-Apr-19, 12:11:23 
28-Apr-19, 12:11:24 
28-Apr-19, 12:11:26 
28-Apr-19, 12:11:28 
28-Apr-19, 12:11:29 
28-Apr-19, 12:11:33 
28-Apr-19, 12:11:34 
28-Apr-19, 12:11:36 
28-Apr-19, 12:11:38 
28-Apr-19, 12:11:39 
28-Apr-19, 12:11:41 
28-Apr-19, 12:11:46 
28-Apr-19, 12:11:48 
28-Apr-19, 12:11:49 
28-Apr-19, 12:11:51 
28-Apr-19, 12:11:53 
28-Apr-19, 12:11:54 
28-Apr-19, 12:12:01 
28-Apr-19, 12:12:03 
28-Apr-19, 12:12:04 
28-Apr-19, 12:12:06 
28-Apr-19, 12:12:08 
28-Apr-19, 12:12:09 
28-Apr-19, 12:12:13 
28-Apr-19, 12:12:14 
28-Apr-19, 12:12:16 
28-Apr-19, 12:12:18 
28-Apr-19, 12:12:19 
28-Apr-19, 12:12:21 
28-Apr-19, 12:12:26 
28-Apr-19, 12:12:28 
28-Apr-19, 12:12:29 
28-Apr-19, 12:12:31 
28-Apr-19, 12:12:33 
28-Apr-19, 12:12:34 
28-Apr-19, 12:12:38 
28-Apr-19, 12:12:39 
28-Apr-19, 12:12:41 
28-Apr-19, 12:12:43 
28-Apr-19, 12:12:44 
28-Apr-19, 12:12:46 
28-Apr-19, 12:12:48 
28-Apr-19, 12:12:51 
28-Apr-19, 12:12:53 
28-Apr-19, 12:12:54 
28-Apr-19, 12:13:04 
28-Apr-19, 12:13:06 
28-Apr-19, 12:13:08 
28-Apr-19, 12:13:09 
28-Apr-19, 12:13:11 
28-Apr-19, 12:13:13 
28-Apr-19, 12:13:14 
28-Apr-19, 12:13:18 
28-Apr-19, 12:13:19 
28-Apr-19, 12:13:21 
28-Apr-19, 12:13:23 
28-Apr-19, 12:13:24 
28-Apr-19, 12:13:26 
28-Apr-19, 12:13:31 
28-Apr-19, 12:13:33 
28-Apr-19, 12:13:34 
28-Apr-19, 12:13:36 
28-Apr-19, 12:13:38 
28-Apr-19, 12:13:44 
28-Apr-19, 12:13:46 
28-Apr-19, 12:13:48 
28-Apr-19, 12:13:49 
28-Apr-19, 12:13:51 
28-Apr-19, 12:13:53 
28-Apr-19, 12:13:54 
28-Apr-19, 12:14:03 
28-Apr-19, 12:14:04 
28-Apr-19, 12:14:06 
28-Apr-19, 12:14:11 
28-Apr-19, 12:14:13 
28-Apr-19, 12:14:14 
28-Apr-19, 12:14:16 
28-Apr-19, 12:14:18 
28-Apr-19, 12:14:19 
28-Apr-19, 12:14:23 
28-Apr-19, 12:14:24 
28-Apr-19, 12:14:26 
28-Apr-19, 12:14:28 
28-Apr-19, 12:14:29 
28-Apr-19, 12:14:31 
28-Apr-19, 12:14:33 
28-Apr-19, 12:14:36 
28-Apr-19, 12:14:38 
28-Apr-19, 12:14:39 
28-Apr-19, 12:14:41 
28-Apr-19, 12:14:43 
28-Apr-19, 12:14:44 
28-Apr-19, 12:14:46 
28-Apr-19, 12:14:49 
28-Apr-19, 12:14:51 
28-Apr-19, 12:14:53 
28-Apr-19, 12:14:54 
28-Apr-19, 12:15:03 
28-Apr-19, 12:15:04 
28-Apr-19, 12:15:06 
28-Apr-19, 12:15:08 
28-Apr-19, 12:15:09 
28-Apr-19, 12:15:11 
28-Apr-19, 12:15:16 
28-Apr-19, 12:15:18 
28-Apr-19, 12:15:19 
28-Apr-19, 12:15:21 
28-Apr-19, 12:15:23 
28-Apr-19, 12:15:24 
28-Apr-19, 12:15:28 
28-Apr-19, 12:15:29 
28-Apr-19, 12:15:31 
28-Apr-19, 12:15:33 
28-Apr-19, 12:15:34 
28-Apr-19, 12:15:36 
28-Apr-19, 12:15:38 
28-Apr-19, 12:15:41 
28-Apr-19, 12:15:43 
28-Apr-19, 12:15:44 
28-Apr-19, 12:15:46 
28-Apr-19, 12:15:48 
28-Apr-19, 12:15:49 
28-Apr-19, 12:15:51 
28-Apr-19, 12:15:54 
28-Apr-19, 12:16:04 
28-Apr-19, 12:16:08 
28-Apr-19, 12:16:09 
28-Apr-19, 12:16:11 
28-Apr-19, 12:16:13 
28-Apr-19, 12:16:14 
28-Apr-19, 12:16:16 
28-Apr-19, 12:16:18 
28-Apr-19, 12:16:21 
28-Apr-19, 12:16:23 
28-Apr-19, 12:16:24 
28-Apr-19, 12:16:26 
28-Apr-19, 12:16:28 
28-Apr-19, 12:16:29 
28-Apr-19, 12:16:31 
28-Apr-19, 12:16:34 
28-Apr-19, 12:16:36 
28-Apr-19, 12:16:38 
28-Apr-19, 12:16:39 
28-Apr-19, 12:16:41 
28-Apr-19, 12:16:43 
28-Apr-19, 12:16:44 
28-Apr-19, 12:16:48 
28-Apr-19, 12:16:49 
28-Apr-19, 12:16:51 
28-Apr-19, 12:16:53 
28-Apr-19, 12:16:54 
28-Apr-19, 12:17:03 
28-Apr-19, 12:17:04 
28-Apr-19, 12:17:06 
28-Apr-19, 12:17:08 
28-Apr-19, 12:17:09 
28-Apr-19, 12:17:13 
28-Apr-19, 12:17:14 
28-Apr-19, 12:17:16 
28-Apr-19, 12:17:18 
28-Apr-19, 12:17:19 
28-Apr-19, 12:17:21 
28-Apr-19, 12:17:23 
28-Apr-19, 12:17:26 
28-Apr-19, 12:17:28 
28-Apr-19, 12:17:29 
28-Apr-19, 12:17:31 
28-Apr-19, 12:17:33 
28-Apr-19, 12:17:34 
28-Apr-19, 12:17:36 
28-Apr-19, 12:17:41 
28-Apr-19, 12:17:43 
28-Apr-19, 12:17:44 
28-Apr-19, 12:17:46 
28-Apr-19, 12:17:48 
28-Apr-19, 12:17:49 
28-Apr-19, 12:17:54 
28-Apr-19, 12:18:03 
28-Apr-19, 12:18:06 
28-Apr-19, 12:18:08 
28-Apr-19, 12:18:09 
28-Apr-19, 12:18:11 
28-Apr-19, 12:18:13 
28-Apr-19, 12:18:14 
28-Apr-19, 12:18:16 
28-Apr-19, 12:18:19 
28-Apr-19, 12:18:21 
28-Apr-19, 12:18:23 
28-Apr-19, 12:18:24 
28-Apr-19, 12:18:26 
28-Apr-19, 12:18:28 
28-Apr-19, 12:18:29 
28-Apr-19, 12:18:33 
28-Apr-19, 12:18:34 
28-Apr-19, 12:18:36 
28-Apr-19, 12:18:38 
28-Apr-19, 12:18:39 
28-Apr-19, 12:18:41 
28-Apr-19, 12:18:46 
28-Apr-19, 12:18:48 
28-Apr-19, 12:18:49 
28-Apr-19, 12:18:51 
28-Apr-19, 12:18:53 
28-Apr-19, 12:18:54 
28-Apr-19, 12:19:01 
28-Apr-19, 12:19:03 
28-Apr-19, 12:19:04 
28-Apr-19, 12:19:06 
28-Apr-19, 12:19:08 
28-Apr-19, 12:19:09 
28-Apr-19, 12:19:16 
28-Apr-19, 12:19:18 
28-Apr-19, 12:19:19 
28-Apr-19, 12:19:21 
28-Apr-19, 12:21:39 
28-Apr-19, 12:22:11 
28-Apr-19, 12:22:13 
28-Apr-19, 12:22:14 
28-Apr-19, 12:22:16 
28-Apr-19, 12:22:18 
28-Apr-19, 12:22:19 
28-Apr-19, 12:22:21 
28-Apr-19, 12:22:26 
28-Apr-19, 12:22:28 
28-Apr-19, 12:22:29 
28-Apr-19, 12:22:31 
28-Apr-19, 12:22:33 
28-Apr-19, 12:22:34 
28-Apr-19, 12:22:38 
28-Apr-19, 12:22:39 
28-Apr-19, 12:22:41 
28-Apr-19, 12:22:43 
28-Apr-19, 12:22:44 
28-Apr-19, 12:22:46 
28-Apr-19, 12:22:48 
28-Apr-19, 12:22:51 
28-Apr-19, 12:22:53 
28-Apr-19, 12:22:54 
28-Apr-19, 12:23:04 
28-Apr-19, 12:23:06 
28-Apr-19, 12:23:08 
28-Apr-19, 12:23:09 
28-Apr-19, 12:23:11 
28-Apr-19, 12:23:13 
28-Apr-19, 12:23:14 
28-Apr-19, 12:23:18 
28-Apr-19, 12:23:19 
28-Apr-19, 12:23:21 
28-Apr-19, 12:23:23 
28-Apr-19, 12:23:24 
28-Apr-19, 12:23:26 
28-Apr-19, 12:23:31 
28-Apr-19, 12:23:33 
28-Apr-19, 12:23:36 
28-Apr-19, 12:23:38 
28-Apr-19, 12:23:44 
28-Apr-19, 12:23:46 
28-Apr-19, 12:23:48 
28-Apr-19, 12:23:49 
28-Apr-19, 12:23:51 
28-Apr-19, 12:23:53 
28-Apr-19, 12:23:54 
28-Apr-19, 12:23:58 
28-Apr-19, 12:23:59 
28-Apr-19, 12:24:03 
28-Apr-19, 12:24:04 
28-Apr-19, 12:24:06 
28-Apr-19, 12:24:11 
28-Apr-19, 12:24:13 
28-Apr-19, 12:24:14 
28-Apr-19, 12:24:16 
28-Apr-19, 12:24:18 
28-Apr-19, 12:24:19 
28-Apr-19, 12:24:23 
28-Apr-19, 12:24:24 
28-Apr-19, 12:24:26 
28-Apr-19, 12:24:28 
28-Apr-19, 12:24:29 
28-Apr-19, 12:24:31 
28-Apr-19, 12:24:33 
28-Apr-19, 12:24:36 
28-Apr-19, 12:24:38 
28-Apr-19, 12:24:39 
28-Apr-19, 12:24:41 
28-Apr-19, 12:24:43 
28-Apr-19, 12:24:44 
28-Apr-19, 12:24:46 
28-Apr-19, 12:24:49 
28-Apr-19, 12:24:51 
28-Apr-19, 12:24:53 
28-Apr-19, 12:24:54 
28-Apr-19, 12:24:58 
28-Apr-19, 12:25:03 
28-Apr-19, 12:25:04 
28-Apr-19, 12:25:06 
28-Apr-19, 12:25:08 
28-Apr-19, 12:25:09 
28-Apr-19, 12:25:11 
28-Apr-19, 12:25:16 
28-Apr-19, 12:25:18 
28-Apr-19, 12:25:19 
28-Apr-19, 12:25:21 
28-Apr-19, 12:25:23 
28-Apr-19, 12:25:24 
28-Apr-19, 12:25:26 
28-Apr-19, 12:25:29 
28-Apr-19, 12:25:31 
28-Apr-19, 12:25:33 
28-Apr-19, 12:25:34 
28-Apr-19, 12:25:36 
28-Apr-19, 12:25:38 
28-Apr-19, 12:25:39 
28-Apr-19, 12:25:43 
28-Apr-19, 12:25:44 
28-Apr-19, 12:25:46 
28-Apr-19, 12:25:48 
28-Apr-19, 12:25:49 
28-Apr-19, 12:25:51 
28-Apr-19, 12:26:03 
28-Apr-19, 12:26:04 
28-Apr-19, 12:26:08 
28-Apr-19, 12:26:09 
28-Apr-19, 12:26:11 
28-Apr-19, 12:26:14 
28-Apr-19, 12:26:16 
28-Apr-19, 12:26:18 
28-Apr-19, 12:26:21 
28-Apr-19, 12:26:23 
28-Apr-19, 12:26:26 
28-Apr-19, 12:26:28 
28-Apr-19, 12:26:29 
28-Apr-19, 12:26:31 
28-Apr-19, 12:26:34 
28-Apr-19, 12:26:36 
28-Apr-19, 12:26:38 
28-Apr-19, 12:26:39 
28-Apr-19, 12:26:41 
28-Apr-19, 12:26:43 
28-Apr-19, 12:26:44 
28-Apr-19, 12:26:48 
28-Apr-19, 12:26:49 
28-Apr-19, 12:26:51 
28-Apr-19, 12:26:53 
28-Apr-19, 12:26:54 
28-Apr-19, 12:27:03 
28-Apr-19, 12:27:04 
28-Apr-19, 12:27:06 
28-Apr-19, 12:27:08 
28-Apr-19, 12:27:09 
28-Apr-19, 12:27:11 
28-Apr-19, 12:27:16 
28-Apr-19, 12:27:18 
28-Apr-19, 12:27:19 
28-Apr-19, 12:27:21 
28-Apr-19, 12:27:23 
28-Apr-19, 12:27:24 
28-Apr-19, 12:27:29 
28-Apr-19, 12:27:33 
28-Apr-19, 12:27:41 
28-Apr-19, 12:27:43 
28-Apr-19, 12:27:44 
28-Apr-19, 12:27:46 
28-Apr-19, 12:27:48 
28-Apr-19, 12:27:49 
28-Apr-19, 12:27:53 
28-Apr-19, 12:27:54 
28-Apr-19, 12:27:58 
28-Apr-19, 12:28:03 
28-Apr-19, 12:28:06 
28-Apr-19, 12:28:08 
28-Apr-19, 12:28:09 
28-Apr-19, 12:28:11 
28-Apr-19, 12:28:13 
28-Apr-19, 12:28:14 
28-Apr-19, 12:28:16 
28-Apr-19, 12:28:19 
28-Apr-19, 12:28:21 
28-Apr-19, 12:28:24 
28-Apr-19, 12:28:28 
28-Apr-19, 12:28:29 
28-Apr-19, 12:28:33 
28-Apr-19, 12:28:34 
28-Apr-19, 12:28:36 
28-Apr-19, 12:28:38 
28-Apr-19, 12:28:39 
28-Apr-19, 12:28:41 
28-Apr-19, 12:28:46 
28-Apr-19, 12:28:48 
28-Apr-19, 12:28:49 
28-Apr-19, 12:28:51 
28-Apr-19, 12:28:53 
28-Apr-19, 12:28:54 
28-Apr-19, 12:28:59 
28-Apr-19, 12:29:03 
28-Apr-19, 12:29:04 
28-Apr-19, 12:29:06 
28-Apr-19, 12:29:08 
28-Apr-19, 12:29:09 
28-Apr-19, 12:29:13 
28-Apr-19, 12:29:14 
28-Apr-19, 12:29:16 
28-Apr-19, 12:29:18 
28-Apr-19, 12:29:19 
28-Apr-19, 12:29:21 
28-Apr-19, 12:29:26 
28-Apr-19, 12:29:28 
28-Apr-19, 12:29:29 
28-Apr-19, 12:29:31 
28-Apr-19, 12:29:33 
28-Apr-19, 12:29:34 
28-Apr-19, 12:32:30 
28-Apr-19, 12:32:31 
28-Apr-19, 12:32:33 
28-Apr-19, 12:32:35 
28-Apr-19, 12:32:36 
28-Apr-19, 12:32:38 
28-Apr-19, 12:32:40 
28-Apr-19, 12:32:43 
28-Apr-19, 12:32:45 
28-Apr-19, 12:32:46 
28-Apr-19, 12:32:48 
28-Apr-19, 12:32:50 
28-Apr-19, 12:32:51 
28-Apr-19, 12:32:53 
28-Apr-19, 12:33:00 
28-Apr-19, 12:33:01 
28-Apr-19, 12:33:03 
28-Apr-19, 12:33:05 
28-Apr-19, 12:33:06 
28-Apr-19, 12:33:10 
28-Apr-19, 12:33:11 
28-Apr-19, 12:33:13 
28-Apr-19, 12:33:15 
28-Apr-19, 12:33:16 
28-Apr-19, 12:33:18 
28-Apr-19, 12:33:23 
28-Apr-19, 12:33:25 
28-Apr-19, 12:33:26 
28-Apr-19, 12:33:28 
28-Apr-19, 12:33:35 
28-Apr-19, 12:33:36 
28-Apr-19, 12:33:38 
28-Apr-19, 12:33:40 
28-Apr-19, 12:33:41 
28-Apr-19, 12:33:43 
28-Apr-19, 12:33:45 
28-Apr-19, 12:33:48 
28-Apr-19, 12:33:50 
28-Apr-19, 12:33:51 
28-Apr-19, 12:33:53 
28-Apr-19, 12:33:55 
28-Apr-19, 12:33:58 
28-Apr-19, 12:34:03 
28-Apr-19, 12:34:05 
28-Apr-19, 12:34:06 
28-Apr-19, 12:34:08 
28-Apr-19, 12:34:10 
28-Apr-19, 12:34:11 
28-Apr-19, 12:34:15 
28-Apr-19, 12:34:16 
28-Apr-19, 12:34:18 
28-Apr-19, 12:34:20 
28-Apr-19, 12:34:21 
28-Apr-19, 12:34:23 
28-Apr-19, 12:34:25 
28-Apr-19, 12:34:28 
28-Apr-19, 12:34:30 
28-Apr-19, 12:34:31 
28-Apr-19, 12:34:33 
28-Apr-19, 12:34:35 
28-Apr-19, 12:34:36 
28-Apr-19, 12:34:38 
28-Apr-19, 12:34:41 
28-Apr-19, 12:34:43 
28-Apr-19, 12:34:45 
28-Apr-19, 12:34:46 
28-Apr-19, 12:34:48 
28-Apr-19, 12:34:50 
28-Apr-19, 12:34:51 
28-Apr-19, 12:34:55 
28-Apr-19, 12:35:01 
28-Apr-19, 12:35:03 
28-Apr-19, 12:35:08 
28-Apr-19, 12:35:10 
28-Apr-19, 12:35:11 
28-Apr-19, 12:35:13 
28-Apr-19, 12:35:15 
28-Apr-19, 12:35:16 
28-Apr-19, 12:35:20 
28-Apr-19, 12:35:21 
28-Apr-19, 12:35:23 
28-Apr-19, 12:35:25 
28-Apr-19, 12:35:26 
28-Apr-19, 12:35:28 
28-Apr-19, 12:35:30 
28-Apr-19, 12:35:33 
28-Apr-19, 12:35:35 
28-Apr-19, 12:35:36 
28-Apr-19, 12:35:38 
28-Apr-19, 12:35:40 
28-Apr-19, 12:35:41 
28-Apr-19, 12:35:43 
28-Apr-19, 12:35:48 
28-Apr-19, 12:35:50 
28-Apr-19, 12:35:51 
28-Apr-19, 12:35:53 
28-Apr-19, 12:35:55 
28-Apr-19, 12:36:03 
28-Apr-19, 12:36:05 
28-Apr-19, 12:36:06 
28-Apr-19, 12:36:08 
28-Apr-19, 12:36:10 
28-Apr-19, 12:36:13 
28-Apr-19, 12:36:15 
28-Apr-19, 12:36:16 
28-Apr-19, 12:36:18 
28-Apr-19, 12:36:20 
28-Apr-19, 12:36:21 
28-Apr-19, 12:36:23 
28-Apr-19, 12:36:26 
28-Apr-19, 12:36:28 
28-Apr-19, 12:36:30 
28-Apr-19, 12:36:31 
28-Apr-19, 12:36:33 
28-Apr-19, 12:36:35 
28-Apr-19, 12:36:36 
28-Apr-19, 12:36:40 
28-Apr-19, 12:36:41 
28-Apr-19, 12:36:43 
28-Apr-19, 12:36:45 
28-Apr-19, 12:36:46 
28-Apr-19, 12:36:48 
28-Apr-19, 12:36:53 
28-Apr-19, 12:36:55 
28-Apr-19, 12:37:05 
28-Apr-19, 12:37:06 
28-Apr-19, 12:37:08 
28-Apr-19, 12:37:10 
28-Apr-19, 12:37:11 
28-Apr-19, 12:37:13 
28-Apr-19, 12:37:15 
28-Apr-19, 12:37:18 
28-Apr-19, 12:37:20 
28-Apr-19, 12:37:21 
28-Apr-19, 12:37:23 
28-Apr-19, 12:37:25 
28-Apr-19, 12:37:26 
28-Apr-19, 12:37:28 
28-Apr-19, 12:37:33 
28-Apr-19, 12:37:35 
28-Apr-19, 12:37:36 
28-Apr-19, 12:37:38 
28-Apr-19, 12:37:40 
28-Apr-19, 12:37:41 
28-Apr-19, 12:37:45 
28-Apr-19, 12:37:46 
28-Apr-19, 12:37:48 
28-Apr-19, 12:37:50 
28-Apr-19, 12:37:51 
28-Apr-19, 12:37:53 
28-Apr-19, 12:37:55 
28-Apr-19, 12:38:01 
28-Apr-19, 12:38:03 
28-Apr-19, 12:38:05 
28-Apr-19, 12:38:06 
28-Apr-19, 12:38:08 
28-Apr-19, 12:38:11 
28-Apr-19, 12:38:13 
28-Apr-19, 12:38:15 
28-Apr-19, 12:38:16 
28-Apr-19, 12:38:18 
28-Apr-19, 12:38:20 
28-Apr-19, 12:38:21 
28-Apr-19, 12:38:25 
28-Apr-19, 12:38:26 
28-Apr-19, 12:38:28 
28-Apr-19, 12:38:30 
28-Apr-19, 12:38:31 
28-Apr-19, 12:38:33 
28-Apr-19, 12:38:38 
28-Apr-19, 12:38:40 
28-Apr-19, 12:38:41 
28-Apr-19, 12:38:43 
28-Apr-19, 12:38:45 
28-Apr-19, 12:38:46 
28-Apr-19, 12:38:50 
28-Apr-19, 12:38:51 
28-Apr-19, 12:38:53 
28-Apr-19, 12:38:55 
28-Apr-19, 12:39:00 
28-Apr-19, 12:39:01 
28-Apr-19, 12:39:05 
28-Apr-19, 12:39:06 
28-Apr-19, 12:39:08 
28-Apr-19, 12:39:10 
28-Apr-19, 12:39:11 
28-Apr-19, 12:39:13 
28-Apr-19, 12:39:18 
28-Apr-19, 12:39:21 
28-Apr-19, 12:39:23 
28-Apr-19, 12:39:25 
28-Apr-19, 12:39:30 
28-Apr-19, 12:39:31 
28-Apr-19, 12:39:33 
28-Apr-19, 12:39:35 
28-Apr-19, 12:39:36 
28-Apr-19, 12:39:38 
28-Apr-19, 12:39:40 
28-Apr-19, 12:39:41 
28-Apr-19, 12:39:45 
28-Apr-19, 12:39:46 
28-Apr-19, 12:39:48 
28-Apr-19, 12:39:50 
28-Apr-19, 12:39:51 
28-Apr-19, 12:39:53 
28-Apr-19, 12:40:01 
28-Apr-19, 12:40:03 
28-Apr-19, 12:40:05 
28-Apr-19, 12:40:06 
28-Apr-19, 12:40:10 
28-Apr-19, 12:40:11 
28-Apr-19, 12:40:13 
28-Apr-19, 12:40:15 
28-Apr-19, 12:40:16 
28-Apr-19, 12:40:18 
28-Apr-19, 09:36:40 
28-Apr-19, 09:36:42 
28-Apr-19, 09:36:43 
28-Apr-19, 09:36:45 
28-Apr-19, 09:36:47 
28-Apr-19, 09:36:48 
28-Apr-19, 09:36:50 
28-Apr-19, 09:36:52 
28-Apr-19, 09:36:53 
28-Apr-19, 09:36:55 
28-Apr-19, 09:37:02 
28-Apr-19, 09:37:03 
28-Apr-19, 09:37:05 
28-Apr-19, 09:37:08 
28-Apr-19, 09:37:10 
28-Apr-19, 09:37:12 
28-Apr-19, 09:37:13 
28-Apr-19, 09:37:15 
28-Apr-19, 09:37:18 
28-Apr-19, 09:37:20 
28-Apr-19, 09:37:22 
28-Apr-19, 09:37:23 
28-Apr-19, 09:37:25 
28-Apr-19, 09:37:27 
28-Apr-19, 09:37:28 
28-Apr-19, 09:37:30 
28-Apr-19, 09:37:32 
28-Apr-19, 09:37:33 
28-Apr-19, 09:37:35 
28-Apr-19, 09:37:37 
28-Apr-19, 09:37:38 
28-Apr-19, 09:37:40 
28-Apr-19, 09:37:42 
28-Apr-19, 09:37:43 
28-Apr-19, 09:37:47 
28-Apr-19, 09:37:48 
28-Apr-19, 09:37:50 
28-Apr-19, 09:37:52 
28-Apr-19, 09:37:53 
28-Apr-19, 09:37:55 
28-Apr-19, 09:38:02 
28-Apr-19, 09:38:03 
28-Apr-19, 09:38:05 
28-Apr-19, 09:38:07 
28-Apr-19, 09:38:08 
28-Apr-19, 09:38:12 
28-Apr-19, 09:38:13 
28-Apr-19, 09:38:15 
28-Apr-19, 09:38:17 
28-Apr-19, 09:38:18 
28-Apr-19, 09:38:20 
28-Apr-19, 09:38:22 
28-Apr-19, 09:38:25 
28-Apr-19, 09:38:27 
28-Apr-19, 09:38:28 
28-Apr-19, 09:38:30 
28-Apr-19, 09:38:32 
28-Apr-19, 09:38:33 
28-Apr-19, 09:38:35 
28-Apr-19, 09:38:37 
28-Apr-19, 09:38:38 
28-Apr-19, 09:38:40 
28-Apr-19, 09:38:42 
28-Apr-19, 09:38:43 
28-Apr-19, 09:38:45 
28-Apr-19, 09:38:47 
28-Apr-19, 09:38:48 
28-Apr-19, 09:38:50 
28-Apr-19, 09:38:52 
28-Apr-19, 09:38:53 
28-Apr-19, 09:38:55 
28-Apr-19, 09:38:58 
28-Apr-19, 09:39:03 
28-Apr-19, 09:39:05 
28-Apr-19, 09:39:07 
28-Apr-19, 09:39:08 
28-Apr-19, 09:39:10 
28-Apr-19, 09:39:12 
28-Apr-19, 09:39:13 
28-Apr-19, 09:39:15 
28-Apr-19, 09:39:17 
28-Apr-19, 09:39:18 
28-Apr-19, 09:39:22 
28-Apr-19, 09:39:23 
28-Apr-19, 09:39:26 
28-Apr-19, 09:39:27 
28-Apr-19, 09:39:28 
28-Apr-19, 09:39:31 
28-Apr-19, 09:39:32 
28-Apr-19, 09:39:33 
28-Apr-19, 09:39:36 
28-Apr-19, 09:39:37 
28-Apr-19, 09:39:38 
28-Apr-19, 09:39:43 
28-Apr-19, 09:39:46 
28-Apr-19, 09:39:47 
28-Apr-19, 09:39:48 
28-Apr-19, 09:39:51 
28-Apr-19, 09:39:52 
28-Apr-19, 09:39:53 
28-Apr-19, 09:40:01 
28-Apr-19, 09:40:03 
28-Apr-19, 09:40:06 
28-Apr-19, 09:40:07 
28-Apr-19, 09:40:08 
28-Apr-19, 09:40:11 
28-Apr-19, 09:40:12 
28-Apr-19, 09:40:13 
28-Apr-19, 09:40:16 
28-Apr-19, 09:40:17 
28-Apr-19, 09:40:18 
28-Apr-19, 09:40:21 
28-Apr-19, 09:40:22 
28-Apr-19, 09:40:23 
28-Apr-19, 09:40:26 
28-Apr-19, 09:40:27 
28-Apr-19, 09:40:28 
28-Apr-19, 09:40:31 
28-Apr-19, 09:40:32 
28-Apr-19, 09:40:33 
28-Apr-19, 09:40:36 
28-Apr-19, 09:40:37 
28-Apr-19, 09:40:38 
28-Apr-19, 09:40:41 
28-Apr-19, 09:40:42 
28-Apr-19, 09:40:43 
28-Apr-19, 09:40:46 
28-Apr-19, 09:40:47 
28-Apr-19, 09:40:48 
28-Apr-19, 09:40:51 
28-Apr-19, 09:40:52 
28-Apr-19, 09:40:53 
28-Apr-19, 09:41:06 
28-Apr-19, 09:41:07 
28-Apr-19, 09:41:08 
28-Apr-19, 09:41:11 
28-Apr-19, 09:41:12 
28-Apr-19, 09:41:16 
28-Apr-19, 09:41:17 
28-Apr-19, 09:41:18 
28-Apr-19, 09:41:21 
28-Apr-19, 09:41:22 
28-Apr-19, 09:41:23 
28-Apr-19, 09:41:26 
28-Apr-19, 09:41:31 
28-Apr-19, 09:41:32 
28-Apr-19, 09:41:33 
28-Apr-19, 09:41:36 
28-Apr-19, 09:41:37 
28-Apr-19, 09:41:38 
28-Apr-19, 09:41:42 
28-Apr-19, 09:41:43 
28-Apr-19, 09:41:47 
28-Apr-19, 09:41:48 
28-Apr-19, 09:41:51 
28-Apr-19, 09:41:52 
28-Apr-19, 09:41:54 
28-Apr-19, 09:42:02 
28-Apr-19, 09:42:04 
28-Apr-19, 09:42:06 
28-Apr-19, 09:42:07 
28-Apr-19, 09:42:09 
28-Apr-19, 09:42:11 
28-Apr-19, 09:42:12 
28-Apr-19, 09:42:14 
28-Apr-19, 09:42:16 
28-Apr-19, 09:42:17 
28-Apr-19, 09:42:19 
28-Apr-19, 09:42:21 
28-Apr-19, 09:42:22 
28-Apr-19, 09:42:24 
28-Apr-19, 09:42:26 
28-Apr-19, 09:42:27 
28-Apr-19, 09:42:29 
28-Apr-19, 09:42:31 
28-Apr-19, 09:42:32 
28-Apr-19, 09:42:34 
28-Apr-19, 09:42:36 
28-Apr-19, 09:42:37 
28-Apr-19, 09:42:39 
28-Apr-19, 09:42:41 
28-Apr-19, 09:42:42 
28-Apr-19, 09:42:44 
28-Apr-19, 09:42:46 
28-Apr-19, 09:42:47 
28-Apr-19, 09:42:49 
28-Apr-19, 09:42:51 
28-Apr-19, 09:42:54 
28-Apr-19, 09:43:01 
28-Apr-19, 09:43:04 
28-Apr-19, 09:43:06 
28-Apr-19, 09:43:07 
28-Apr-19, 09:43:09 
28-Apr-19, 09:43:11 
28-Apr-19, 09:43:14 
28-Apr-19, 09:43:16 
28-Apr-19, 09:43:17 
28-Apr-19, 09:43:19 
28-Apr-19, 09:43:21 
28-Apr-19, 09:43:22 
28-Apr-19, 09:43:24 
28-Apr-19, 09:43:27 
28-Apr-19, 09:43:29 
28-Apr-19, 09:43:31 
28-Apr-19, 09:43:32 
28-Apr-19, 09:43:34 
28-Apr-19, 09:43:36 
28-Apr-19, 09:43:37 
28-Apr-19, 09:43:41 
28-Apr-19, 09:43:42 
28-Apr-19, 09:43:44 
28-Apr-19, 09:43:46 
28-Apr-19, 09:43:47 
28-Apr-19, 09:43:49 
28-Apr-19, 09:43:51 
28-Apr-19, 09:43:52 
28-Apr-19, 09:43:54 
28-Apr-19, 09:44:01 
28-Apr-19, 09:44:04 
28-Apr-19, 09:44:06 
28-Apr-19, 09:44:07 
28-Apr-19, 09:44:09 
28-Apr-19, 09:44:11 
28-Apr-19, 09:44:12 
28-Apr-19, 09:44:14 
28-Apr-19, 09:44:16 
28-Apr-19, 09:44:17 
28-Apr-19, 09:44:19 
28-Apr-19, 09:44:22 
28-Apr-19, 09:44:24 
28-Apr-19, 09:44:26 
28-Apr-19, 09:44:27 
28-Apr-19, 09:44:29 
28-Apr-19, 09:44:31 
28-Apr-19, 09:44:32 
28-Apr-19, 09:44:34 
28-Apr-19, 09:44:36 
28-Apr-19, 09:44:37 
28-Apr-19, 09:44:39 
28-Apr-19, 09:44:41 
28-Apr-19, 09:44:47 
28-Apr-19, 09:44:49 
28-Apr-19, 09:44:51 
28-Apr-19, 09:44:52 
28-Apr-19, 09:44:54 
28-Apr-19, 09:44:59 
28-Apr-19, 09:45:06 
28-Apr-19, 09:45:07 
28-Apr-19, 09:45:09 
28-Apr-19, 09:45:11 
28-Apr-19, 09:45:12 
28-Apr-19, 09:45:14 
28-Apr-19, 09:45:16 
28-Apr-19, 09:45:17 
28-Apr-19, 09:45:19 
28-Apr-19, 09:45:21 
28-Apr-19, 09:45:22 
28-Apr-19, 09:45:24 
28-Apr-19, 09:45:26 
28-Apr-19, 09:45:27 
28-Apr-19, 09:45:29 
28-Apr-19, 09:45:31 
28-Apr-19, 09:45:32 
28-Apr-19, 09:45:34 
28-Apr-19, 09:45:36 
28-Apr-19, 09:45:37 
28-Apr-19, 09:45:39 
28-Apr-19, 09:45:41 
28-Apr-19, 09:45:42 
28-Apr-19, 09:45:44 
28-Apr-19, 09:45:46 
28-Apr-19, 09:45:47 
28-Apr-19, 09:45:49 
28-Apr-19, 09:45:51 
28-Apr-19, 09:45:52 
28-Apr-19, 09:45:54 
28-Apr-19, 09:46:02 
28-Apr-19, 09:46:04 
28-Apr-19, 09:46:06 
28-Apr-19, 09:46:07 
28-Apr-19, 09:46:09 
28-Apr-19, 09:46:11 
28-Apr-19, 09:46:12 
28-Apr-19, 09:46:14 
28-Apr-19, 09:46:19 
28-Apr-19, 09:46:21 
28-Apr-19, 09:46:22 
28-Apr-19, 09:46:24 
28-Apr-19, 09:46:26 
28-Apr-19, 09:46:27 
28-Apr-19, 09:46:29 
28-Apr-19, 09:46:31 
28-Apr-19, 09:46:32 
28-Apr-19, 09:46:34 
28-Apr-19, 09:46:36 
28-Apr-19, 09:46:37 
28-Apr-19, 09:46:39 
28-Apr-19, 09:46:41 
28-Apr-19, 09:46:42 
28-Apr-19, 09:46:44 
28-Apr-19, 09:46:46 
28-Apr-19, 09:46:47 
28-Apr-19, 09:46:49 
28-Apr-19, 09:46:51 
28-Apr-19, 09:46:52 
28-Apr-19, 09:46:54 
28-Apr-19, 09:47:01 
28-Apr-19, 09:47:02 
28-Apr-19, 09:47:04 
28-Apr-19, 09:47:06 
28-Apr-19, 09:47:07 
28-Apr-19, 09:47:09 
28-Apr-19, 09:47:11 
28-Apr-19, 09:47:12 
28-Apr-19, 09:47:14 
28-Apr-19, 09:47:16 
28-Apr-19, 09:47:17 
28-Apr-19, 09:47:19 
28-Apr-19, 09:47:21 
28-Apr-19, 09:47:22 
28-Apr-19, 09:47:24 
28-Apr-19, 09:47:26 
28-Apr-19, 09:47:27 
28-Apr-19, 09:47:29 
28-Apr-19, 09:47:31 
28-Apr-19, 09:47:32 
28-Apr-19, 09:47:34 
28-Apr-19, 09:47:36 
28-Apr-19, 09:47:37 
28-Apr-19, 09:47:39 
28-Apr-19, 09:47:41 
28-Apr-19, 09:47:42 
28-Apr-19, 09:47:44 
28-Apr-19, 09:47:46 
28-Apr-19, 09:47:47 
28-Apr-19, 09:47:49 
28-Apr-19, 09:47:51 
28-Apr-19, 09:47:52 
28-Apr-19, 09:47:54 
28-Apr-19, 09:48:04 
28-Apr-19, 09:48:06 
28-Apr-19, 09:48:07 
28-Apr-19, 09:48:09 
28-Apr-19, 09:48:11 
28-Apr-19, 09:48:12 
28-Apr-19, 09:48:14 
28-Apr-19, 09:48:16 
28-Apr-19, 09:48:17 
28-Apr-19, 09:48:19 
28-Apr-19, 09:48:21 
28-Apr-19, 09:48:22 
28-Apr-19, 09:48:24 
28-Apr-19, 09:48:26 
28-Apr-19, 09:48:27 
28-Apr-19, 09:48:29 
28-Apr-19, 09:48:31 
28-Apr-19, 09:48:32 
28-Apr-19, 09:48:34 
28-Apr-19, 09:48:36 
28-Apr-19, 09:48:37 
28-Apr-19, 09:48:39 
28-Apr-19, 09:48:41 
28-Apr-19, 09:48:42 
28-Apr-19, 09:48:44 
28-Apr-19, 09:48:46 
28-Apr-19, 09:48:47 
28-Apr-19, 09:48:49 
28-Apr-19, 09:48:51 
28-Apr-19, 09:48:52 
28-Apr-19, 09:48:54 
28-Apr-19, 09:49:09 
28-Apr-19, 09:49:11 
28-Apr-19, 09:49:12 
28-Apr-19, 09:49:14 
28-Apr-19, 09:49:16 
28-Apr-19, 09:49:17 
28-Apr-19, 09:49:19 
28-Apr-19, 09:49:21 
28-Apr-19, 09:49:22 
28-Apr-19, 09:49:24 
28-Apr-19, 09:49:26 
28-Apr-19, 09:49:27 
28-Apr-19, 09:49:29 
28-Apr-19, 09:49:31 
28-Apr-19, 09:49:32 
28-Apr-19, 09:49:36 
28-Apr-19, 09:49:37 
28-Apr-19, 09:49:39 
28-Apr-19, 09:49:41 
28-Apr-19, 09:49:42 
28-Apr-19, 09:49:44 
28-Apr-19, 09:49:49 
28-Apr-19, 09:49:51 
28-Apr-19, 09:49:54 
28-Apr-19, 09:50:02 
28-Apr-19, 09:50:04 
28-Apr-19, 09:50:06 
28-Apr-19, 09:50:07 
28-Apr-19, 09:50:09 
28-Apr-19, 09:50:11 
28-Apr-19, 09:50:12 
28-Apr-19, 09:50:14 
28-Apr-19, 09:50:16 
28-Apr-19, 09:50:17 
28-Apr-19, 09:50:19 
28-Apr-19, 09:50:21 
28-Apr-19, 09:50:22 
28-Apr-19, 09:50:24 
28-Apr-19, 09:50:26 
28-Apr-19, 09:50:27 
28-Apr-19, 09:50:29 
28-Apr-19, 09:50:31 
28-Apr-19, 09:50:32 
28-Apr-19, 09:50:34 
28-Apr-19, 09:50:36 
28-Apr-19, 09:50:37 
28-Apr-19, 09:50:39 
28-Apr-19, 09:50:41 
28-Apr-19, 09:50:42 
28-Apr-19, 09:50:44 
28-Apr-19, 09:50:46 
28-Apr-19, 09:50:47 
28-Apr-19, 09:50:49 
28-Apr-19, 09:50:51 
28-Apr-19, 09:50:52 
28-Apr-19, 09:50:54 
28-Apr-19, 09:51:02 
28-Apr-19, 09:51:04 
28-Apr-19, 09:51:06 
28-Apr-19, 09:51:07 
28-Apr-19, 09:51:09 
28-Apr-19, 09:51:12 
28-Apr-19, 09:51:16 
28-Apr-19, 09:51:17 
28-Apr-19, 09:51:21 
28-Apr-19, 09:51:22 
28-Apr-19, 09:51:24 
28-Apr-19, 09:51:26 
28-Apr-19, 09:51:27 
28-Apr-19, 09:51:31 
28-Apr-19, 09:51:34 
28-Apr-19, 09:51:36 
28-Apr-19, 09:51:37 
28-Apr-19, 09:51:39 
28-Apr-19, 09:51:41 
28-Apr-19, 09:51:42 
28-Apr-19, 09:51:44 
28-Apr-19, 09:51:46 
28-Apr-19, 09:51:49 
28-Apr-19, 09:51:51 
28-Apr-19, 09:51:52 
28-Apr-19, 09:51:54 
28-Apr-19, 09:52:01 
28-Apr-19, 09:52:02 
28-Apr-19, 09:52:04 
28-Apr-19, 09:52:06 
28-Apr-19, 09:52:07 
28-Apr-19, 09:52:11 
28-Apr-19, 09:52:12 
28-Apr-19, 09:52:14 
28-Apr-19, 09:52:16 
28-Apr-19, 09:52:17 
28-Apr-19, 09:52:19 
28-Apr-19, 09:52:21 
28-Apr-19, 09:52:22 
28-Apr-19, 09:52:24 
28-Apr-19, 09:52:26 
28-Apr-19, 09:52:27 
28-Apr-19, 09:52:29 
28-Apr-19, 09:52:31 
28-Apr-19, 09:52:32 
28-Apr-19, 09:52:34 
28-Apr-19, 09:52:36 
28-Apr-19, 09:52:37 
28-Apr-19, 09:52:39 
28-Apr-19, 09:52:41 
28-Apr-19, 09:52:42 
28-Apr-19, 09:52:44 
28-Apr-19, 09:52:46 
28-Apr-19, 09:52:47 
28-Apr-19, 09:52:49 
28-Apr-19, 09:52:54 
28-Apr-19, 09:52:59 
28-Apr-19, 09:53:06 
28-Apr-19, 09:53:07 
28-Apr-19, 09:53:09 
28-Apr-19, 09:53:11 
28-Apr-19, 09:53:12 
28-Apr-19, 09:53:14 
28-Apr-19, 09:53:16 
28-Apr-19, 09:53:17 
28-Apr-19, 09:53:19 
28-Apr-19, 09:53:21 
28-Apr-19, 09:53:22 
28-Apr-19, 09:53:26 
28-Apr-19, 09:53:27 
28-Apr-19, 09:53:29 
28-Apr-19, 09:53:31 
28-Apr-19, 09:53:32 
28-Apr-19, 09:53:34 
28-Apr-19, 09:53:36 
28-Apr-19, 09:53:37 
28-Apr-19, 09:53:39 
28-Apr-19, 09:53:41 
28-Apr-19, 09:53:42 
28-Apr-19, 09:53:44 
28-Apr-19, 09:53:46 
28-Apr-19, 09:53:47 
28-Apr-19, 09:53:51 
28-Apr-19, 09:53:52 
28-Apr-19, 09:53:54 
28-Apr-19, 09:54:02 
28-Apr-19, 09:54:04 
28-Apr-19, 09:54:06 
28-Apr-19, 09:54:07 
28-Apr-19, 09:54:09 
28-Apr-19, 09:54:11 
28-Apr-19, 09:54:12 
28-Apr-19, 09:54:14 
28-Apr-19, 09:54:16 
28-Apr-19, 09:54:17 
28-Apr-19, 09:54:19 
28-Apr-19, 09:54:21 
28-Apr-19, 09:54:22 
28-Apr-19, 09:54:24 
28-Apr-19, 09:54:26 
28-Apr-19, 09:54:27 
28-Apr-19, 09:54:29 
28-Apr-19, 09:54:31 
28-Apr-19, 09:54:32 
28-Apr-19, 09:54:34 
28-Apr-19, 09:54:36 
28-Apr-19, 09:54:37 
28-Apr-19, 09:54:39 
28-Apr-19, 09:54:41 
28-Apr-19, 09:54:42 
28-Apr-19, 09:54:44 
28-Apr-19, 09:54:46 
28-Apr-19, 09:54:47 
28-Apr-19, 09:54:49 
28-Apr-19, 09:54:51 
28-Apr-19, 09:54:52 
28-Apr-19, 09:54:54 
28-Apr-19, 09:55:02 
28-Apr-19, 09:55:04 
28-Apr-19, 09:55:06 
28-Apr-19, 09:55:07 
28-Apr-19, 09:55:09 
28-Apr-19, 09:55:11 
28-Apr-19, 09:55:12 
28-Apr-19, 09:55:14 
28-Apr-19, 09:55:16 
28-Apr-19, 09:55:17 
28-Apr-19, 09:55:19 
28-Apr-19, 09:55:21 
28-Apr-19, 09:55:22 
28-Apr-19, 09:55:24 
28-Apr-19, 09:55:26 
28-Apr-19, 09:55:27 
28-Apr-19, 09:55:29 
28-Apr-19, 09:55:31 
28-Apr-19, 09:55:32 
28-Apr-19, 09:55:34 
28-Apr-19, 09:55:39 
28-Apr-19, 09:55:41 
28-Apr-19, 09:55:42 
28-Apr-19, 09:55:44 
28-Apr-19, 09:55:46 
28-Apr-19, 09:55:47 
28-Apr-19, 09:55:49 
28-Apr-19, 09:55:52 
28-Apr-19, 09:55:54 
28-Apr-19, 09:55:59 
28-Apr-19, 09:56:04 
28-Apr-19, 09:56:06 
28-Apr-19, 09:56:07 
28-Apr-19, 09:56:09 
28-Apr-19, 09:56:11 
28-Apr-19, 09:56:12 
28-Apr-19, 09:56:14 
28-Apr-19, 09:56:16 
28-Apr-19, 09:56:17 
28-Apr-19, 09:56:19 
28-Apr-19, 09:56:21 
28-Apr-19, 09:56:22 
28-Apr-19, 09:56:24 
28-Apr-19, 09:56:26 
28-Apr-19, 09:56:27 
28-Apr-19, 09:56:29 
28-Apr-19, 09:56:31 
28-Apr-19, 09:56:32 
28-Apr-19, 09:56:34 
28-Apr-19, 09:56:36 
28-Apr-19, 09:56:37 
28-Apr-19, 09:56:39 
28-Apr-19, 09:56:41 
28-Apr-19, 09:56:42 
28-Apr-19, 09:56:44 
28-Apr-19, 09:56:46 
28-Apr-19, 09:56:47 
28-Apr-19, 09:56:49 
28-Apr-19, 09:56:51 
28-Apr-19, 09:56:52 
28-Apr-19, 09:56:54 
28-Apr-19, 09:57:04 
28-Apr-19, 09:57:06 
28-Apr-19, 09:57:07 
28-Apr-19, 09:57:11 
28-Apr-19, 09:57:12 
28-Apr-19, 09:57:14 
28-Apr-19, 09:57:16 
28-Apr-19, 09:57:17 
28-Apr-19, 09:57:19 
28-Apr-19, 09:57:24 
28-Apr-19, 09:57:26 
28-Apr-19, 09:57:27 
28-Apr-19, 09:57:29 
28-Apr-19, 09:57:31 
28-Apr-19, 09:57:32 
28-Apr-19, 09:57:34 
28-Apr-19, 09:57:37 
28-Apr-19, 09:57:39 
28-Apr-19, 09:57:41 
28-Apr-19, 09:57:42 
28-Apr-19, 09:57:44 
28-Apr-19, 09:57:46 
28-Apr-19, 09:57:47 
28-Apr-19, 09:57:49 
28-Apr-19, 09:57:51 
28-Apr-19, 09:57:52 
28-Apr-19, 09:57:54 
28-Apr-19, 09:58:01 
28-Apr-19, 09:58:02 
28-Apr-19, 09:58:04 
28-Apr-19, 09:58:06 
28-Apr-19, 09:58:07 
28-Apr-19, 09:58:09 
28-Apr-19, 09:58:11 
28-Apr-19, 09:58:12 
28-Apr-19, 09:58:14 
28-Apr-19, 09:58:16 
28-Apr-19, 09:58:17 
28-Apr-19, 09:58:19 
28-Apr-19, 09:58:21 
28-Apr-19, 09:58:22 
28-Apr-19, 09:58:24 
28-Apr-19, 09:58:26 
28-Apr-19, 09:58:27 
28-Apr-19, 09:58:29 
28-Apr-19, 09:58:31 
28-Apr-19, 09:58:32 
28-Apr-19, 09:58:34 
28-Apr-19, 09:58:36 
28-Apr-19, 09:58:37 
28-Apr-19, 09:58:39 
28-Apr-19, 09:58:41 
28-Apr-19, 09:58:42 
28-Apr-19, 09:58:44 
28-Apr-19, 09:58:46 
28-Apr-19, 09:58:49 
28-Apr-19, 09:58:51 
28-Apr-19, 09:58:52 
28-Apr-19, 09:59:01 
28-Apr-19, 09:59:02 
28-Apr-19, 09:59:04 
28-Apr-19, 09:59:06 
28-Apr-19, 09:59:09 
28-Apr-19, 09:59:11 
28-Apr-19, 09:59:12 
28-Apr-19, 09:59:14 
28-Apr-19, 09:59:16 
28-Apr-19, 09:59:17 
28-Apr-19, 09:59:19 
28-Apr-19, 09:59:21 
28-Apr-19, 09:59:22 
28-Apr-19, 09:59:24 
28-Apr-19, 09:59:26 
28-Apr-19, 09:59:27 
28-Apr-19, 09:59:29 
28-Apr-19, 09:59:31 
28-Apr-19, 09:59:32 
28-Apr-19, 09:59:34 
28-Apr-19, 09:59:36 
28-Apr-19, 09:59:37 
28-Apr-19, 09:59:39 
28-Apr-19, 09:59:41 
28-Apr-19, 09:59:42 
28-Apr-19, 09:59:44 
28-Apr-19, 09:59:46 
28-Apr-19, 09:59:47 
28-Apr-19, 09:59:49 
28-Apr-19, 09:59:51 
28-Apr-19, 09:59:52 
28-Apr-19, 09:59:54 
28-Apr-19, 10:00:02 
28-Apr-19, 10:00:04 
28-Apr-19, 10:00:06 
28-Apr-19, 10:00:07 
28-Apr-19, 10:00:09 
28-Apr-19, 10:00:11 
28-Apr-19, 10:00:12 
28-Apr-19, 06:59:38 
28-Apr-19, 06:59:43 
28-Apr-19, 06:59:48 
28-Apr-19, 06:59:53 
28-Apr-19, 06:59:58 
28-Apr-19, 07:00:03 
28-Apr-19, 07:00:08 
28-Apr-19, 07:00:18 
28-Apr-19, 07:00:23 
28-Apr-19, 07:00:28 
28-Apr-19, 07:00:33 
28-Apr-19, 07:00:38 
28-Apr-19, 07:00:43 
28-Apr-19, 07:00:48 
28-Apr-19, 07:00:53 
28-Apr-19, 07:01:03 
28-Apr-19, 07:01:08 
28-Apr-19, 07:01:13 
28-Apr-19, 07:01:18 
28-Apr-19, 07:01:23 
28-Apr-19, 07:01:28 
28-Apr-19, 07:01:33 
28-Apr-19, 07:01:38 
28-Apr-19, 07:01:43 
28-Apr-19, 07:01:48 
28-Apr-19, 07:01:53 
28-Apr-19, 07:02:03 
28-Apr-19, 07:02:08 
28-Apr-19, 07:02:13 
28-Apr-19, 07:02:18 
28-Apr-19, 07:02:23 
28-Apr-19, 07:02:28 
28-Apr-19, 07:02:33 
28-Apr-19, 07:02:38 
28-Apr-19, 07:02:43 
28-Apr-19, 07:02:48 
28-Apr-19, 07:02:53 
28-Apr-19, 07:02:58 
28-Apr-19, 07:03:03 
28-Apr-19, 07:03:08 
28-Apr-19, 07:03:13 
28-Apr-19, 07:03:18 
28-Apr-19, 07:03:23 
28-Apr-19, 07:03:28 
28-Apr-19, 07:03:33 
28-Apr-19, 07:03:38 
28-Apr-19, 07:03:48 
28-Apr-19, 07:03:53 
28-Apr-19, 07:04:03 
28-Apr-19, 07:04:08 
28-Apr-19, 07:04:13 
28-Apr-19, 07:04:18 
28-Apr-19, 07:04:23 
28-Apr-19, 07:04:28 
28-Apr-19, 07:04:33 
28-Apr-19, 07:04:38 
28-Apr-19, 07:04:43 
28-Apr-19, 07:04:48 
28-Apr-19, 07:04:53 
28-Apr-19, 07:05:03 
28-Apr-19, 07:05:08 
28-Apr-19, 07:05:18 
28-Apr-19, 07:05:23 
28-Apr-19, 07:05:28 
28-Apr-19, 07:05:33 
28-Apr-19, 07:05:38 
28-Apr-19, 07:05:43 
28-Apr-19, 07:05:48 
28-Apr-19, 07:05:53 
28-Apr-19, 07:06:03 
28-Apr-19, 07:06:08 
28-Apr-19, 07:06:13 
28-Apr-19, 07:06:18 
28-Apr-19, 07:06:23 
28-Apr-19, 07:06:28 
28-Apr-19, 07:06:38 
28-Apr-19, 07:06:43 
28-Apr-19, 07:06:48 
28-Apr-19, 07:06:53 
28-Apr-19, 07:07:03 
28-Apr-19, 07:07:08 
28-Apr-19, 07:07:13 
28-Apr-19, 07:07:18 
28-Apr-19, 07:07:23 
28-Apr-19, 07:07:28 
28-Apr-19, 07:07:33 
28-Apr-19, 07:07:38 
28-Apr-19, 07:07:43 
28-Apr-19, 07:07:48 
28-Apr-19, 07:07:53 
28-Apr-19, 07:08:03 
28-Apr-19, 07:08:08 
28-Apr-19, 07:08:13 
28-Apr-19, 07:08:28 
28-Apr-19, 07:08:33 
28-Apr-19, 07:08:38 
28-Apr-19, 07:08:43 
28-Apr-19, 07:08:48 
28-Apr-19, 07:08:53 
28-Apr-19, 07:09:03 
28-Apr-19, 07:09:08 
28-Apr-19, 07:09:13 
28-Apr-19, 07:09:18 
28-Apr-19, 07:09:23 
28-Apr-19, 07:09:28 
28-Apr-19, 07:09:33 
28-Apr-19, 07:09:38 
28-Apr-19, 07:09:43 
28-Apr-19, 07:09:48 
28-Apr-19, 07:09:53 
28-Apr-19, 07:10:08 
28-Apr-19, 07:10:13 
28-Apr-19, 07:10:18 
28-Apr-19, 07:10:23 
28-Apr-19, 07:10:28 
28-Apr-19, 07:10:33 
28-Apr-19, 07:10:38 
28-Apr-19, 07:10:43 
28-Apr-19, 07:10:48 
28-Apr-19, 07:10:53 
28-Apr-19, 07:11:03 
28-Apr-19, 07:11:08 
28-Apr-19, 07:11:18 
28-Apr-19, 07:11:23 
28-Apr-19, 07:11:28 
28-Apr-19, 07:11:33 
28-Apr-19, 07:11:38 
28-Apr-19, 07:11:43 
28-Apr-19, 07:11:53 
28-Apr-19, 07:12:08 
28-Apr-19, 07:12:13 
28-Apr-19, 07:12:18 
28-Apr-19, 07:12:23 
28-Apr-19, 07:12:28 
28-Apr-19, 07:12:33 
28-Apr-19, 07:12:38 
28-Apr-19, 07:12:43 
28-Apr-19, 07:12:48 
28-Apr-19, 07:12:53 
28-Apr-19, 07:13:03 
28-Apr-19, 07:13:08 
28-Apr-19, 07:13:18 
28-Apr-19, 07:13:23 
28-Apr-19, 07:13:28 
28-Apr-19, 07:13:33 
28-Apr-19, 07:13:38 
28-Apr-19, 07:13:43 
28-Apr-19, 07:13:48 
28-Apr-19, 07:13:53 
28-Apr-19, 07:14:03 
28-Apr-19, 07:14:08 
28-Apr-19, 07:14:13 
28-Apr-19, 07:14:18 
28-Apr-19, 07:14:23 
28-Apr-19, 07:14:33 
28-Apr-19, 07:14:38 
28-Apr-19, 07:14:43 
28-Apr-19, 07:14:48 
28-Apr-19, 07:15:03 
28-Apr-19, 07:15:08 
28-Apr-19, 07:15:13 
28-Apr-19, 07:15:23 
28-Apr-19, 07:15:28 
28-Apr-19, 07:15:33 
28-Apr-19, 07:15:38 
28-Apr-19, 07:15:43 
28-Apr-19, 07:15:48 
28-Apr-19, 07:15:53 
28-Apr-19, 07:15:58 
28-Apr-19, 07:16:03 
28-Apr-19, 07:16:08 
28-Apr-19, 07:16:13 
28-Apr-19, 07:16:18 
28-Apr-19, 07:16:23 
28-Apr-19, 07:16:28 
28-Apr-19, 07:16:33 
28-Apr-19, 07:16:43 
28-Apr-19, 07:16:48 
28-Apr-19, 07:17:03 
28-Apr-19, 07:17:08 
28-Apr-19, 07:17:13 
28-Apr-19, 07:17:18 
28-Apr-19, 07:17:23 
28-Apr-19, 07:17:28 
28-Apr-19, 07:17:33 
28-Apr-19, 07:17:38 
28-Apr-19, 07:17:43 
28-Apr-19, 07:17:48 
28-Apr-19, 07:17:53 
28-Apr-19, 07:18:03 
28-Apr-19, 07:18:08 
28-Apr-19, 07:18:18 
28-Apr-19, 07:18:28 
28-Apr-19, 07:18:33 
28-Apr-19, 07:18:38 
28-Apr-19, 07:18:43 
28-Apr-19, 07:18:48 
28-Apr-19, 07:18:53 
28-Apr-19, 07:19:08 
28-Apr-19, 07:19:13 
28-Apr-19, 07:19:18 
28-Apr-19, 07:19:23 
28-Apr-19, 07:19:28 
28-Apr-19, 07:19:33 
28-Apr-19, 07:19:38 
28-Apr-19, 07:19:43 
28-Apr-19, 07:19:48 
28-Apr-19, 07:19:53 
28-Apr-19, 07:20:03 
28-Apr-19, 07:20:13 
28-Apr-19, 07:20:18 
28-Apr-19, 07:20:23 
28-Apr-19, 07:20:28 
28-Apr-19, 07:20:33 
28-Apr-19, 07:20:38 
28-Apr-19, 07:20:43 
28-Apr-19, 07:20:48 
28-Apr-19, 07:20:53 
28-Apr-19, 07:21:03 
28-Apr-19, 07:21:13 
28-Apr-19, 07:21:18 
28-Apr-19, 07:21:23 
28-Apr-19, 07:21:28 
28-Apr-19, 07:21:33 
28-Apr-19, 07:21:38 
28-Apr-19, 07:21:43 
28-Apr-19, 07:21:48 
28-Apr-19, 07:21:53 
28-Apr-19, 07:22:03 
28-Apr-19, 07:22:08 
28-Apr-19, 07:22:13 
28-Apr-19, 07:22:18 
28-Apr-19, 07:22:23 
28-Apr-19, 07:22:28 
28-Apr-19, 07:22:33 
28-Apr-19, 07:22:38 
28-Apr-19, 07:22:43 
28-Apr-19, 07:22:48 
28-Apr-19, 07:22:53 
28-Apr-19, 07:23:03 
28-Apr-19, 07:23:08 
28-Apr-19, 07:23:13 
28-Apr-19, 07:23:18 
28-Apr-19, 07:23:23 
28-Apr-19, 07:23:28 
28-Apr-19, 07:23:33 
28-Apr-19, 07:23:38 
28-Apr-19, 07:23:43 
28-Apr-19, 07:23:48 
28-Apr-19, 07:23:53 
28-Apr-19, 07:23:58 
28-Apr-19, 07:24:03 
28-Apr-19, 07:24:08 
28-Apr-19, 07:24:13 
28-Apr-19, 07:24:23 
28-Apr-19, 07:24:28 
28-Apr-19, 07:24:33 
28-Apr-19, 07:24:38 
28-Apr-19, 07:24:48 
28-Apr-19, 07:24:53 
28-Apr-19, 07:25:03 
28-Apr-19, 07:25:08 
28-Apr-19, 07:25:13 
28-Apr-19, 07:25:18 
28-Apr-19, 07:25:23 
28-Apr-19, 07:25:28 
28-Apr-19, 07:25:33 
28-Apr-19, 07:25:38 
28-Apr-19, 07:25:43 
28-Apr-19, 07:25:48 
28-Apr-19, 07:25:53 
28-Apr-19, 07:26:03 
28-Apr-19, 07:26:08 
28-Apr-19, 07:26:18 
28-Apr-19, 07:26:23 
28-Apr-19, 07:26:28 
28-Apr-19, 07:26:33 
28-Apr-19, 07:26:48 
28-Apr-19, 07:26:53 
28-Apr-19, 07:27:03 
28-Apr-19, 07:27:08 
28-Apr-19, 07:27:13 
28-Apr-19, 07:27:18 
28-Apr-19, 07:27:23 
28-Apr-19, 07:27:28 
28-Apr-19, 07:27:38 
28-Apr-19, 07:27:43 
28-Apr-19, 07:27:48 
28-Apr-19, 07:27:53 
28-Apr-19, 07:28:03 
28-Apr-19, 07:28:08 
28-Apr-19, 07:28:13 
28-Apr-19, 07:28:18 
28-Apr-19, 07:28:23 
28-Apr-19, 07:28:33 
28-Apr-19, 07:28:38 
28-Apr-19, 07:28:43 
28-Apr-19, 07:28:48 
28-Apr-19, 07:28:53 
28-Apr-19, 07:28:58 
28-Apr-19, 07:29:03 
28-Apr-19, 07:29:08 
28-Apr-19, 07:29:13 
28-Apr-19, 07:29:18 
28-Apr-19, 07:29:23 
28-Apr-19, 07:29:28 
28-Apr-19, 07:29:33 
28-Apr-19, 07:29:38 
28-Apr-19, 07:29:43 
28-Apr-19, 07:29:48 
28-Apr-19, 07:29:53 
28-Apr-19, 07:30:03 
28-Apr-19, 07:30:08 
28-Apr-19, 07:30:18 
28-Apr-19, 07:30:23 
28-Apr-19, 07:30:28 
28-Apr-19, 07:30:38 
28-Apr-19, 07:30:43 
28-Apr-19, 07:30:48 
28-Apr-19, 07:30:53 
28-Apr-19, 07:30:58 
28-Apr-19, 07:31:03 
28-Apr-19, 07:31:08 
28-Apr-19, 07:31:13 
28-Apr-19, 07:31:18 
28-Apr-19, 07:31:23 
28-Apr-19, 07:31:28 
28-Apr-19, 07:31:33 
28-Apr-19, 07:31:38 
28-Apr-19, 07:31:43 
28-Apr-19, 07:31:48 
28-Apr-19, 07:31:53 
28-Apr-19, 07:32:03 
28-Apr-19, 07:32:08 
28-Apr-19, 07:32:13 
28-Apr-19, 07:32:18 
28-Apr-19, 07:32:23 
28-Apr-19, 07:32:38 
28-Apr-19, 07:32:43 
28-Apr-19, 07:32:48 
28-Apr-19, 07:32:53 
28-Apr-19, 07:33:08 
28-Apr-19, 07:33:13 
28-Apr-19, 07:33:18 
28-Apr-19, 07:33:23 
28-Apr-19, 07:33:28 
28-Apr-19, 07:33:33 
28-Apr-19, 07:33:38 
28-Apr-19, 07:33:43 
28-Apr-19, 07:33:48 
28-Apr-19, 07:33:53 
28-Apr-19, 07:34:03 
28-Apr-19, 07:34:08 
28-Apr-19, 07:34:18 
28-Apr-19, 07:34:23 
28-Apr-19, 07:34:28 
28-Apr-19, 07:34:33 
28-Apr-19, 07:34:38 
28-Apr-19, 07:34:43 
28-Apr-19, 07:34:53 
28-Apr-19, 07:35:03 
28-Apr-19, 07:35:08 
28-Apr-19, 07:35:13 
28-Apr-19, 07:35:18 
28-Apr-19, 07:35:23 
28-Apr-19, 07:35:28 
28-Apr-19, 07:35:33 
28-Apr-19, 07:35:38 
28-Apr-19, 07:35:53 
28-Apr-19, 07:36:03 
28-Apr-19, 07:36:08 
28-Apr-19, 07:36:13 
28-Apr-19, 07:36:18 
28-Apr-19, 07:36:23 
28-Apr-19, 07:36:28 
28-Apr-19, 07:36:38 
28-Apr-19, 07:36:43 
28-Apr-19, 07:36:48 
28-Apr-19, 07:36:53 
28-Apr-19, 07:37:08 
28-Apr-19, 07:37:13 
28-Apr-19, 07:37:18 
28-Apr-19, 07:37:23 
28-Apr-19, 07:37:28 
28-Apr-19, 07:37:33 
28-Apr-19, 07:37:38 
28-Apr-19, 07:37:43 
28-Apr-19, 07:37:48 
28-Apr-19, 07:37:53 
28-Apr-19, 07:37:58 
28-Apr-19, 07:38:08 
28-Apr-19, 07:38:13 
28-Apr-19, 07:38:23 
28-Apr-19, 07:38:28 
28-Apr-19, 07:38:33 
28-Apr-19, 07:38:43 
28-Apr-19, 07:38:48 
28-Apr-19, 07:38:53 
28-Apr-19, 07:39:03 
28-Apr-19, 07:39:08 
28-Apr-19, 07:39:13 
28-Apr-19, 07:39:18 
28-Apr-19, 07:39:23 
28-Apr-19, 07:39:28 
28-Apr-19, 07:39:33 
28-Apr-19, 07:39:38 
28-Apr-19, 07:39:43 
28-Apr-19, 07:39:48 
28-Apr-19, 07:39:53 
28-Apr-19, 07:40:03 
28-Apr-19, 07:40:08 
28-Apr-19, 07:40:13 
28-Apr-19, 07:40:18 
28-Apr-19, 07:40:23 
28-Apr-19, 07:40:28 
28-Apr-19, 07:40:33 
28-Apr-19, 07:40:38 
28-Apr-19, 07:40:43 
28-Apr-19, 07:40:48 
28-Apr-19, 07:40:53 
28-Apr-19, 07:41:03 
28-Apr-19, 07:41:18 
28-Apr-19, 07:41:28 
28-Apr-19, 07:41:38 
28-Apr-19, 07:41:43 
28-Apr-19, 07:41:48 
28-Apr-19, 07:41:53 
28-Apr-19, 07:42:03 
28-Apr-19, 07:42:08 
28-Apr-19, 07:42:13 
28-Apr-19, 07:42:19 
28-Apr-19, 07:42:24 
28-Apr-19, 07:42:29 
28-Apr-19, 07:42:34 
28-Apr-19, 07:42:39 
28-Apr-19, 07:42:44 
28-Apr-19, 07:42:49 
28-Apr-19, 07:43:04 
28-Apr-19, 07:43:09 
28-Apr-19, 07:43:14 
28-Apr-19, 07:43:19 
28-Apr-19, 07:43:24 
28-Apr-19, 07:43:29 
28-Apr-19, 07:43:34 
28-Apr-19, 07:43:44 
28-Apr-19, 07:43:49 
28-Apr-19, 07:43:54 
28-Apr-19, 07:44:04 
28-Apr-19, 07:44:09 
28-Apr-19, 07:44:14 
28-Apr-19, 07:44:19 
28-Apr-19, 07:44:24 
28-Apr-19, 07:44:29 
28-Apr-19, 07:44:34 
28-Apr-19, 07:44:44 
28-Apr-19, 07:44:49 
28-Apr-19, 07:44:54 
28-Apr-19, 07:45:04 
28-Apr-19, 07:45:09 
28-Apr-19, 07:45:14 
28-Apr-19, 07:45:19 
28-Apr-19, 07:45:24 
28-Apr-19, 07:45:29 
28-Apr-19, 07:45:39 
28-Apr-19, 07:45:44 
28-Apr-19, 07:45:49 
28-Apr-19, 07:45:54 
28-Apr-19, 07:46:04 
28-Apr-19, 07:46:09 
28-Apr-19, 07:46:14 
28-Apr-19, 07:46:19 
28-Apr-19, 07:46:29 
28-Apr-19, 07:46:34 
28-Apr-19, 07:46:39 
28-Apr-19, 07:46:44 
28-Apr-19, 07:46:49 
28-Apr-19, 07:47:04 
28-Apr-19, 07:47:09 
28-Apr-19, 07:47:14 
28-Apr-19, 07:47:19 
28-Apr-19, 07:47:24 
28-Apr-19, 07:47:29 
28-Apr-19, 07:47:34 
28-Apr-19, 07:47:39 
28-Apr-19, 07:47:44 
28-Apr-19, 07:47:49 
28-Apr-19, 07:47:54 
28-Apr-19, 07:48:04 
28-Apr-19, 07:48:14 
28-Apr-19, 07:48:19 
28-Apr-19, 07:48:24 
28-Apr-19, 07:48:29 
28-Apr-19, 07:48:34 
28-Apr-19, 07:48:39 
28-Apr-19, 07:48:44 
28-Apr-19, 07:48:49 
28-Apr-19, 07:48:54 
28-Apr-19, 07:49:04 
28-Apr-19, 07:49:09 
28-Apr-19, 07:49:14 
28-Apr-19, 07:49:19 
28-Apr-19, 07:49:29 
28-Apr-19, 07:49:34 
28-Apr-19, 07:49:39 
28-Apr-19, 07:49:44 
28-Apr-19, 07:49:49 
28-Apr-19, 07:49:54 
28-Apr-19, 07:49:59 
28-Apr-19, 07:50:04 
28-Apr-19, 07:50:09 
28-Apr-19, 07:50:14 
28-Apr-19, 07:50:19 
28-Apr-19, 07:50:24 
28-Apr-19, 07:50:29 
28-Apr-19, 07:50:34 
28-Apr-19, 07:50:39 
28-Apr-19, 07:50:44 
28-Apr-19, 07:50:49 
28-Apr-19, 07:50:54 
28-Apr-19, 07:51:04 
28-Apr-19, 07:51:09 
28-Apr-19, 07:51:19 
28-Apr-19, 07:51:24 
28-Apr-19, 07:51:29 
28-Apr-19, 07:51:34 
28-Apr-19, 07:51:39 
28-Apr-19, 07:51:49 
28-Apr-19, 07:51:55 
28-Apr-19, 07:52:00 
28-Apr-19, 07:52:04 
28-Apr-19, 07:52:05 
28-Apr-19, 07:52:09 
28-Apr-19, 07:52:10 
28-Apr-19, 07:52:14 
28-Apr-19, 07:52:15 
28-Apr-19, 07:52:19 
28-Apr-19, 07:52:20 
28-Apr-19, 07:52:24 
28-Apr-19, 07:52:25 
28-Apr-19, 07:52:29 
28-Apr-19, 07:52:30 
28-Apr-19, 07:52:34 
28-Apr-19, 07:52:35 
28-Apr-19, 07:52:39 
28-Apr-19, 07:52:40 
28-Apr-19, 07:52:44 
28-Apr-19, 07:52:49 
28-Apr-19, 07:52:50 
28-Apr-19, 07:52:54 
28-Apr-19, 07:52:55 
28-Apr-19, 07:53:04 
28-Apr-19, 07:53:05 
28-Apr-19, 07:53:09 
28-Apr-19, 07:53:10 
28-Apr-19, 07:53:14 
28-Apr-19, 07:53:15 
28-Apr-19, 07:53:19 
28-Apr-19, 07:53:20 
28-Apr-19, 07:53:24 
28-Apr-19, 07:53:25 
28-Apr-19, 07:53:29 
28-Apr-19, 07:53:30 
28-Apr-19, 07:53:34 
28-Apr-19, 07:53:35 
28-Apr-19, 07:53:39 
28-Apr-19, 07:53:40 
28-Apr-19, 07:53:44 
28-Apr-19, 07:53:45 
28-Apr-19, 07:53:49 
28-Apr-19, 07:53:50 
28-Apr-19, 07:53:54 
28-Apr-19, 07:53:55 
28-Apr-19, 07:54:04 
28-Apr-19, 07:54:05 
28-Apr-19, 07:54:09 
28-Apr-19, 07:54:10 
28-Apr-19, 07:54:14 
28-Apr-19, 07:54:15 
28-Apr-19, 07:54:19 
28-Apr-19, 07:54:20 
28-Apr-19, 07:54:22 
28-Apr-19, 07:54:24 
28-Apr-19, 07:54:25 
28-Apr-19, 07:54:27 
28-Apr-19, 07:54:29 
28-Apr-19, 07:54:30 
28-Apr-19, 07:54:32 
28-Apr-19, 07:54:34 
28-Apr-19, 07:54:35 
28-Apr-19, 07:54:37 
28-Apr-19, 07:54:39 
28-Apr-19, 07:54:40 
28-Apr-19, 07:54:42 
28-Apr-19, 07:54:47 
28-Apr-19, 07:54:49 
28-Apr-19, 07:54:50 
28-Apr-19, 07:54:52 
28-Apr-19, 07:54:54 
28-Apr-19, 07:54:55 
28-Apr-19, 07:55:02 
28-Apr-19, 07:55:04 
28-Apr-19, 07:55:05 
28-Apr-19, 07:55:07 
28-Apr-19, 07:55:09 
28-Apr-19, 07:55:10 
28-Apr-19, 07:55:12 
28-Apr-19, 07:55:14 
28-Apr-19, 07:55:15 
28-Apr-19, 07:55:17 
28-Apr-19, 07:55:19 
28-Apr-19, 07:55:20 
28-Apr-19, 07:55:24 
28-Apr-19, 07:55:25 
28-Apr-19, 07:55:27 
28-Apr-19, 07:55:29 
28-Apr-19, 07:55:30 
28-Apr-19, 07:55:32 
28-Apr-19, 07:55:34 
28-Apr-19, 07:55:35 
28-Apr-19, 07:55:37 
28-Apr-19, 07:55:39 
28-Apr-19, 07:55:40 
28-Apr-19, 07:55:42 
28-Apr-19, 07:55:44 
28-Apr-19, 07:55:45 
28-Apr-19, 07:55:47 
28-Apr-19, 07:55:49 
28-Apr-19, 07:55:50 
28-Apr-19, 07:55:52 
28-Apr-19, 07:55:54 
28-Apr-19, 07:55:55 
28-Apr-19, 07:56:04 
28-Apr-19, 07:56:07 
28-Apr-19, 07:56:09 
28-Apr-19, 07:56:10 
28-Apr-19, 07:56:12 
28-Apr-19, 07:56:14 
28-Apr-19, 07:56:17 
28-Apr-19, 07:56:19 
28-Apr-19, 07:56:20 
28-Apr-19, 07:56:22 
28-Apr-19, 07:56:24 
28-Apr-19, 07:56:25 
28-Apr-19, 07:56:29 
28-Apr-19, 07:56:32 
25-Apr-19, 09:15:32 
25-Apr-19, 09:15:34 
25-Apr-19, 09:15:35 
25-Apr-19, 09:15:35 
25-Apr-19, 09:15:36 
25-Apr-19, 09:15:37 
25-Apr-19, 09:15:39 
25-Apr-19, 09:15:40 
25-Apr-19, 09:15:41 
25-Apr-19, 09:15:42 
25-Apr-19, 09:15:44 
25-Apr-19, 09:15:45 
25-Apr-19, 09:15:46 
25-Apr-19, 09:15:47 
25-Apr-19, 09:15:49 
25-Apr-19, 09:15:50 
25-Apr-19, 09:15:51 
25-Apr-19, 09:15:52 
25-Apr-19, 09:15:54 
25-Apr-19, 09:15:55 
25-Apr-19, 09:15:55 
25-Apr-19, 09:15:56 
25-Apr-19, 09:15:57 
25-Apr-19, 09:15:59 
25-Apr-19, 09:16:00 
25-Apr-19, 09:16:01 
25-Apr-19, 09:16:02 
25-Apr-19, 09:16:04 
25-Apr-19, 09:16:05 
25-Apr-19, 09:16:06 
25-Apr-19, 09:16:07 
25-Apr-19, 09:16:09 
25-Apr-19, 09:16:10 
25-Apr-19, 09:16:11 
25-Apr-19, 09:16:12 
25-Apr-19, 09:16:14 
25-Apr-19, 09:16:15 
25-Apr-19, 09:16:15 
25-Apr-19, 09:16:16 
25-Apr-19, 09:16:17 
25-Apr-19, 09:16:19 
25-Apr-19, 09:16:20 
25-Apr-19, 09:16:21 
25-Apr-19, 09:16:22 
25-Apr-19, 09:16:24 
25-Apr-19, 09:16:26 
25-Apr-19, 09:16:27 
25-Apr-19, 09:16:29 
25-Apr-19, 09:16:30 
25-Apr-19, 09:16:31 
25-Apr-19, 09:16:32 
25-Apr-19, 09:16:34 
25-Apr-19, 09:16:35 
25-Apr-19, 09:16:35 
25-Apr-19, 09:27:46 
25-Apr-19, 09:27:47 
25-Apr-19, 09:27:47 
25-Apr-19, 09:27:50 
25-Apr-19, 09:27:51 
25-Apr-19, 09:27:52 
25-Apr-19, 09:27:55 
25-Apr-19, 09:27:56 
25-Apr-19, 09:27:56 
25-Apr-19, 09:27:57 
25-Apr-19, 09:28:00 
25-Apr-19, 09:28:01 
25-Apr-19, 09:28:05 
25-Apr-19, 09:28:06 
25-Apr-19, 09:28:07 
25-Apr-19, 09:28:07 
25-Apr-19, 09:28:10 
25-Apr-19, 09:28:11 
25-Apr-19, 09:28:12 
25-Apr-19, 09:28:15 
25-Apr-19, 09:28:16 
25-Apr-19, 09:28:16 
25-Apr-19, 09:28:17 
25-Apr-19, 09:28:20 
25-Apr-19, 09:28:21 
25-Apr-19, 09:28:22 
25-Apr-19, 09:28:25 
25-Apr-19, 09:28:26 
25-Apr-19, 09:28:27 
25-Apr-19, 09:28:27 
25-Apr-19, 09:28:30 
25-Apr-19, 09:28:31 
25-Apr-19, 09:28:32 
25-Apr-19, 09:28:35 
25-Apr-19, 09:28:36 
25-Apr-19, 09:28:36 
25-Apr-19, 09:28:37 
25-Apr-19, 09:28:40 
25-Apr-19, 09:28:41 
25-Apr-19, 09:28:42 
25-Apr-19, 09:28:45 
25-Apr-19, 09:28:46 
25-Apr-19, 09:28:47 
25-Apr-19, 09:28:47 
25-Apr-19, 09:28:50 
25-Apr-19, 09:28:51 
25-Apr-19, 09:28:52 
25-Apr-19, 09:28:55 
25-Apr-19, 09:28:56 
25-Apr-19, 09:28:56 
25-Apr-19, 09:28:57 
25-Apr-19, 09:29:00 
25-Apr-19, 09:29:01 
25-Apr-19, 09:29:02 
25-Apr-19, 09:29:05 
25-Apr-19, 09:29:06 
25-Apr-19, 09:29:07 
25-Apr-19, 09:29:07 
25-Apr-19, 09:29:10 
25-Apr-19, 09:29:11 
25-Apr-19, 09:29:12 
25-Apr-19, 09:29:15 
25-Apr-19, 09:29:16 
25-Apr-19, 09:29:16 
25-Apr-19, 09:29:17 
31-Mar-19,12:41:02
31-Mar-19,12:41:02
31-Mar-19,12:41:03
31-Mar-19,12:41:03
31-Mar-19,12:41:03
31-Mar-19,12:41:03
31-Mar-19,12:41:03
31-Mar-19,12:41:03
31-Mar-19,12:41:03
31-Mar-19,12:41:03
31-Mar-19,12:41:03
31-Mar-19,12:41:03
31-Mar-19,12:41:03
31-Mar-19,12:41:03
31-Mar-19,12:41:03
31-Mar-19,12:41:04
31-Mar-19,12:41:04
31-Mar-19,12:41:04
31-Mar-19,12:41:04
31-Mar-19,12:41:04
31-Mar-19,12:41:04
31-Mar-19,12:41:04
31-Mar-19,12:41:04
31-Mar-19,12:41:04
31-Mar-19,12:41:04
31-Mar-19,12:41:04
31-Mar-19,12:41:04
31-Mar-19,12:41:04
31-Mar-19,12:41:04
31-Mar-19,12:41:05
31-Mar-19,12:41:05
31-Mar-19,12:41:05
31-Mar-19,12:41:05
31-Mar-19,12:41:05
31-Mar-19,12:41:05
31-Mar-19,12:41:05
31-Mar-19,12:41:05
31-Mar-19,12:41:05
31-Mar-19,12:41:05
31-Mar-19,12:41:05
31-Mar-19,12:41:05
31-Mar-19,12:41:05
31-Mar-19,12:41:05
31-Mar-19,12:41:06
31-Mar-19,12:41:06
31-Mar-19,12:41:06
31-Mar-19,12:41:06
31-Mar-19,12:41:06
31-Mar-19,12:41:06
31-Mar-19,12:41:06
31-Mar-19,12:41:06
31-Mar-19,12:41:06
31-Mar-19,12:41:06
31-Mar-19,12:41:06
31-Mar-19,12:41:06
31-Mar-19,12:41:06
31-Mar-19,12:41:07
31-Mar-19,12:41:07
31-Mar-19,12:41:07
31-Mar-19,12:41:07
31-Mar-19,12:41:07
31-Mar-19,12:41:07
31-Mar-19,12:41:07
31-Mar-19,12:41:07
31-Mar-19,12:41:07
31-Mar-19,12:41:07
31-Mar-19,12:41:07
31-Mar-19,12:41:07
31-Mar-19,12:41:07
31-Mar-19,12:41:08
31-Mar-19,12:41:08
31-Mar-19,12:41:08
31-Mar-19,12:41:08
31-Mar-19,12:41:08
31-Mar-19,12:41:08
31-Mar-19,12:41:08
31-Mar-19,12:41:08
31-Mar-19,12:41:08
31-Mar-19,12:41:08
31-Mar-19,12:41:08
31-Mar-19,12:41:08
31-Mar-19,12:41:08
31-Mar-19,12:41:09
31-Mar-19,12:41:09
31-Mar-19,12:41:09
31-Mar-19,12:41:09
31-Mar-19,12:41:09
31-Mar-19,12:41:09
31-Mar-19,12:41:09
31-Mar-19,12:41:09
31-Mar-19,12:41:09
31-Mar-19,12:41:09
31-Mar-19,12:41:09
31-Mar-19,12:41:09
31-Mar-19,12:41:09
31-Mar-19,12:41:10
31-Mar-19,12:41:10
31-Mar-19,12:41:10
31-Mar-19,12:41:10
31-Mar-19,12:41:10
31-Mar-19,12:41:10
31-Mar-19,12:41:10
31-Mar-19,12:41:10
31-Mar-19,12:41:10
31-Mar-19,12:41:10
31-Mar-19,12:41:10
31-Mar-19,12:41:10
31-Mar-19,12:41:10
31-Mar-19,12:41:11
31-Mar-19,12:41:11
31-Mar-19,12:41:11
31-Mar-19,12:41:11
31-Mar-19,12:41:11
31-Mar-19,12:41:11
31-Mar-19,12:41:11
31-Mar-19,12:41:11
31-Mar-19,12:41:11
31-Mar-19,12:41:11
31-Mar-19,12:41:11
31-Mar-19,12:41:11
31-Mar-19,12:41:11
31-Mar-19,12:41:12
31-Mar-19,12:41:12
31-Mar-19,12:41:12
31-Mar-19,12:41:12
31-Mar-19,12:41:12
31-Mar-19,12:41:12
31-Mar-19,12:41:12
31-Mar-19,12:41:12
31-Mar-19,12:41:12
31-Mar-19,12:41:12
31-Mar-19,12:41:12
31-Mar-19,12:41:12
31-Mar-19,12:41:12
31-Mar-19,12:41:12
31-Mar-19,12:41:13
31-Mar-19,12:41:13
31-Mar-19,12:41:13
31-Mar-19,12:41:13
31-Mar-19,12:41:13
31-Mar-19,12:41:13
31-Mar-19,12:41:13
31-Mar-19,12:41:13
31-Mar-19,12:41:13
31-Mar-19,12:41:13
31-Mar-19,12:41:13
31-Mar-19,12:41:13
31-Mar-19,12:41:13
31-Mar-19,12:41:13
31-Mar-19,12:41:14
31-Mar-19,12:41:14
31-Mar-19,12:41:14
31-Mar-19,12:41:14
31-Mar-19,12:41:14
31-Mar-19,12:41:14
31-Mar-19,12:41:14
31-Mar-19,12:41:14
31-Mar-19,12:41:14
31-Mar-19,12:41:14
31-Mar-19,12:41:14
31-Mar-19,12:41:14
31-Mar-19,12:41:14
31-Mar-19,12:41:14
31-Mar-19,12:41:15
31-Mar-19,12:41:15
31-Mar-19,12:41:15
31-Mar-19,12:41:15
31-Mar-19,12:41:15
31-Mar-19,12:41:15
31-Mar-19,12:41:15
31-Mar-19,12:41:15
31-Mar-19,12:41:15
31-Mar-19,12:41:15
31-Mar-19,12:41:15
31-Mar-19,12:41:15
31-Mar-19,12:41:15
31-Mar-19,12:41:15
31-Mar-19,12:41:16
31-Mar-19,12:41:16
31-Mar-19,12:41:16
31-Mar-19,12:41:16
31-Mar-19,12:41:16
31-Mar-19,12:41:16
31-Mar-19,12:41:16
31-Mar-19,12:41:16
31-Mar-19,12:41:16
31-Mar-19,12:41:16
31-Mar-19,12:41:16
31-Mar-19,12:41:16
31-Mar-19,12:41:16
31-Mar-19,12:41:16
31-Mar-19,12:41:17
31-Mar-19,12:41:17
31-Mar-19,12:41:17
31-Mar-19,12:41:17
31-Mar-19,12:41:17
31-Mar-19,12:41:17
31-Mar-19,12:41:17
31-Mar-19,12:41:17
31-Mar-19,12:41:17
31-Mar-19,12:41:17
31-Mar-19,12:41:17
31-Mar-19,12:41:17
31-Mar-19,12:41:17
31-Mar-19,12:41:17
31-Mar-19,12:41:18
31-Mar-19,12:41:18
31-Mar-19,12:41:18
31-Mar-19,12:41:18
31-Mar-19,12:41:18
31-Mar-19,12:41:18
31-Mar-19,12:41:18
31-Mar-19,12:41:18
31-Mar-19,12:41:18
31-Mar-19,12:41:18
31-Mar-19,12:41:18
31-Mar-19,12:41:18
31-Mar-19,12:41:18
31-Mar-19,12:41:18
31-Mar-19,12:41:18
31-Mar-19,12:41:19
31-Mar-19,12:41:19
31-Mar-19,12:41:19
31-Mar-19,12:41:19
31-Mar-19,12:41:19
31-Mar-19,12:41:19
31-Mar-19,12:41:19
31-Mar-19,12:41:19
31-Mar-19,12:41:19
31-Mar-19,12:41:19
31-Mar-19,12:41:19
31-Mar-19,12:41:19
31-Mar-19,12:41:19
31-Mar-19,12:41:19
31-Mar-19,12:41:20
31-Mar-19,12:41:20
31-Mar-19,12:41:20
31-Mar-19,12:41:20
31-Mar-19,12:41:20
31-Mar-19,12:41:20
31-Mar-19,12:41:20
31-Mar-19,12:41:20
31-Mar-19,12:41:20
31-Mar-19,12:41:20
31-Mar-19,12:41:20
31-Mar-19,12:41:20
31-Mar-19,12:41:20
31-Mar-19,12:41:20
31-Mar-19,12:41:20
31-Mar-19,12:41:21
31-Mar-19,12:41:21
31-Mar-19,12:41:21
31-Mar-19,12:41:21
31-Mar-19,12:41:21
31-Mar-19,12:41:21
31-Mar-19,12:41:21
31-Mar-19,12:41:21
31-Mar-19,12:41:21
31-Mar-19,12:41:21
31-Mar-19,12:41:21
31-Mar-19,12:41:21
31-Mar-19,12:41:21
31-Mar-19,12:41:21
31-Mar-19,12:41:22
31-Mar-19,12:41:22
31-Mar-19,12:41:22
31-Mar-19,12:41:22
31-Mar-19,12:41:22
31-Mar-19,12:41:22
31-Mar-19,12:41:22
31-Mar-19,12:41:22
31-Mar-19,12:41:22
31-Mar-19,12:41:22
31-Mar-19,12:41:22
31-Mar-19,12:41:22
31-Mar-19,12:41:22
31-Mar-19,12:41:22
31-Mar-19,12:41:22
31-Mar-19,12:41:23
31-Mar-19,12:41:23
31-Mar-19,12:41:23
31-Mar-19,12:41:23
31-Mar-19,12:41:23
31-Mar-19,12:41:23
31-Mar-19,12:41:23
31-Mar-19,12:41:23
31-Mar-19,12:41:23
31-Mar-19,12:41:23
31-Mar-19,12:41:23
31-Mar-19,12:41:23
31-Mar-19,12:41:23
31-Mar-19,12:41:23
31-Mar-19,12:41:23
31-Mar-19,12:41:24
31-Mar-19,12:41:24
31-Mar-19,12:41:24
31-Mar-19,12:41:24
31-Mar-19,12:41:24
31-Mar-19,12:41:24
31-Mar-19,12:41:24
31-Mar-19,12:41:24
31-Mar-19,12:41:24
31-Mar-19,12:41:24
31-Mar-19,12:41:24
31-Mar-19,12:41:24
31-Mar-19,12:41:24
31-Mar-19,12:41:24
31-Mar-19,12:41:25
31-Mar-19,12:41:25
31-Mar-19,12:41:25
31-Mar-19,12:41:25
31-Mar-19,12:41:25
31-Mar-19,12:41:25
31-Mar-19,12:41:25
31-Mar-19,12:41:25
31-Mar-19,12:41:25
31-Mar-19,12:41:25
31-Mar-19,12:41:25
31-Mar-19,12:41:25
31-Mar-19,12:41:25
31-Mar-19,12:41:25
31-Mar-19,12:41:26
31-Mar-19,12:41:26
31-Mar-19,12:41:26
31-Mar-19,12:41:26
31-Mar-19,12:41:26
31-Mar-19,12:41:26
31-Mar-19,12:41:26
31-Mar-19,12:41:26
31-Mar-19,12:41:26
31-Mar-19,12:41:26
31-Mar-19,12:41:26
31-Mar-19,12:41:26
31-Mar-19,12:41:26
31-Mar-19,12:41:26
31-Mar-19,12:41:26
31-Mar-19,12:41:27
31-Mar-19,12:41:27
31-Mar-19,12:41:27
31-Mar-19,12:41:27
31-Mar-19,12:41:27
31-Mar-19,12:41:27
31-Mar-19,12:41:27
31-Mar-19,12:41:27
31-Mar-19,12:41:27
31-Mar-19,12:41:27
31-Mar-19,12:41:27
31-Mar-19,12:41:27
31-Mar-19,12:41:27
31-Mar-19,12:41:27
31-Mar-19,12:41:27
31-Mar-19,12:41:28
31-Mar-19,12:41:28
31-Mar-19,12:41:28
31-Mar-19,12:41:28
31-Mar-19,12:41:28
31-Mar-19,12:41:28
31-Mar-19,12:41:28
31-Mar-19,12:41:28
31-Mar-19,12:41:28
31-Mar-19,12:41:28
31-Mar-19,12:41:28
31-Mar-19,12:41:28
31-Mar-19,12:41:28
31-Mar-19,12:41:28
31-Mar-19,12:41:28
31-Mar-19,12:41:29
31-Mar-19,12:41:29
31-Mar-19,12:41:29
31-Mar-19,12:41:29
31-Mar-19,12:41:29
31-Mar-19,12:41:29
31-Mar-19,12:41:29
31-Mar-19,12:41:29
31-Mar-19,12:41:29
31-Mar-19,12:41:29
31-Mar-19,12:41:29
31-Mar-19,12:41:29
31-Mar-19,12:41:29
31-Mar-19,12:41:29
31-Mar-19,12:41:29
31-Mar-19,12:41:30
31-Mar-19,12:41:30
31-Mar-19,12:41:30
31-Mar-19,12:41:30
31-Mar-19,12:41:30
31-Mar-19,12:41:30
31-Mar-19,12:41:30
31-Mar-19,12:41:30
31-Mar-19,12:41:30
31-Mar-19,12:41:30
31-Mar-19,12:41:30
31-Mar-19,12:41:30
31-Mar-19,12:41:30
31-Mar-19,12:41:30
31-Mar-19,12:41:30
31-Mar-19,12:41:31
31-Mar-19,12:41:31
31-Mar-19,12:41:31
31-Mar-19,12:41:31
31-Mar-19,12:41:31
31-Mar-19,12:41:31
31-Mar-19,12:41:31
31-Mar-19,12:41:31
31-Mar-19,12:41:31
31-Mar-19,12:41:31
31-Mar-19,12:41:31
31-Mar-19,12:41:31
31-Mar-19,12:41:31
31-Mar-19,12:41:31
31-Mar-19,12:41:31
31-Mar-19,12:41:32
31-Mar-19,12:41:32
31-Mar-19,12:41:32
31-Mar-19,12:41:32
31-Mar-19,12:41:32
31-Mar-19,12:41:32
31-Mar-19,12:41:32
31-Mar-19,12:41:32
31-Mar-19,12:41:32
31-Mar-19,12:41:32
31-Mar-19,12:41:32
31-Mar-19,12:41:32
31-Mar-19,12:41:32
31-Mar-19,12:41:32
31-Mar-19,12:41:32
31-Mar-19,12:41:33
31-Mar-19,12:41:33
31-Mar-19,12:41:33
31-Mar-19,12:41:33
31-Mar-19,12:41:33
31-Mar-19,12:41:33
31-Mar-19,12:41:33
31-Mar-19,12:41:33
31-Mar-19,12:41:33
31-Mar-19,12:41:33
31-Mar-19,12:41:33
31-Mar-19,12:41:33
31-Mar-19,12:41:33
31-Mar-19,12:41:33
31-Mar-19,12:41:33
31-Mar-19,12:41:34
31-Mar-19,12:41:34
31-Mar-19,12:41:34
31-Mar-19,12:41:34
31-Mar-19,12:41:34
31-Mar-19,12:41:34
31-Mar-19,12:41:34
31-Mar-19,12:41:34
31-Mar-19,12:41:34
31-Mar-19,12:41:34
31-Mar-19,12:41:34
31-Mar-19,12:41:34
31-Mar-19,12:41:34
31-Mar-19,12:41:34
31-Mar-19,12:41:34
31-Mar-19,12:41:35
31-Mar-19,12:41:35
31-Mar-19,12:41:35
31-Mar-19,12:41:35
31-Mar-19,12:41:35
31-Mar-19,12:41:35
31-Mar-19,12:41:35
31-Mar-19,12:41:35
31-Mar-19,12:41:35
31-Mar-19,12:41:35
31-Mar-19,12:41:35
31-Mar-19,12:41:35
31-Mar-19,12:41:35
31-Mar-19,12:41:35
31-Mar-19,12:41:35
31-Mar-19,12:41:36
31-Mar-19,12:41:36
31-Mar-19,12:41:36
31-Mar-19,12:41:36
31-Mar-19,12:41:36
31-Mar-19,12:41:36
31-Mar-19,12:41:36
31-Mar-19,12:41:36
31-Mar-19,12:41:36
31-Mar-19,12:41:36
31-Mar-19,12:41:36
31-Mar-19,12:41:36
31-Mar-19,12:41:36
31-Mar-19,12:41:36
31-Mar-19,12:41:36
31-Mar-19,12:41:37
31-Mar-19,12:41:37
31-Mar-19,12:41:37
31-Mar-19,12:41:37
31-Mar-19,12:41:37
31-Mar-19,12:41:37
31-Mar-19,12:41:37
31-Mar-19,12:41:37
31-Mar-19,12:41:37
31-Mar-19,12:41:37
31-Mar-19,12:41:37
31-Mar-19,12:41:37
31-Mar-19,12:41:37
31-Mar-19,12:41:37
31-Mar-19,12:41:37
31-Mar-19,12:41:37
31-Mar-19,12:41:38
31-Mar-19,12:41:38
31-Mar-19,12:41:38
31-Mar-19,12:41:38
31-Mar-19,12:41:38
31-Mar-19,12:41:38
31-Mar-19,12:41:38
31-Mar-19,12:41:38
31-Mar-19,12:41:38
31-Mar-19,12:41:38
31-Mar-19,12:41:38
31-Mar-19,12:41:38
31-Mar-19,12:41:38
31-Mar-19,12:41:38
31-Mar-19,12:41:38
31-Mar-19,12:41:39
31-Mar-19,12:41:39
31-Mar-19,12:41:39
31-Mar-19,12:41:39
31-Mar-19,12:41:39
31-Mar-19,12:41:39
31-Mar-19,12:41:39
31-Mar-19,12:41:39
31-Mar-19,12:41:39
31-Mar-19,12:41:39
31-Mar-19,12:41:39
31-Mar-19,12:41:39
31-Mar-19,12:41:39
31-Mar-19,12:41:39
31-Mar-19,12:41:39
31-Mar-19,12:41:39
31-Mar-19,12:41:40
31-Mar-19,12:41:40
31-Mar-19,12:41:40
31-Mar-19,12:41:40
31-Mar-19,12:41:40
31-Mar-19,12:41:40
31-Mar-19,12:41:40
31-Mar-19,12:41:40
31-Mar-19,12:41:40
31-Mar-19,12:41:40
31-Mar-19,12:41:40
31-Mar-19,12:41:40
31-Mar-19,12:41:40
31-Mar-19,12:41:40
31-Mar-19,12:41:40
31-Mar-19,12:41:41
31-Mar-19,12:41:41
31-Mar-19,12:41:41
31-Mar-19,12:41:41
31-Mar-19,12:41:41
31-Mar-19,12:41:41
31-Mar-19,12:41:41
31-Mar-19,12:41:41
31-Mar-19,12:41:41
31-Mar-19,12:41:41
31-Mar-19,12:41:41
31-Mar-19,12:41:41
31-Mar-19,12:41:41
31-Mar-19,12:41:41
31-Mar-19,12:41:41
31-Mar-19,12:41:41
31-Mar-19,12:41:42
31-Mar-19,12:41:42
31-Mar-19,12:41:42
31-Mar-19,12:41:42
31-Mar-19,12:41:42
31-Mar-19,12:41:42
31-Mar-19,12:41:42
31-Mar-19,12:41:42
31-Mar-19,12:41:42
31-Mar-19,12:41:42
31-Mar-19,12:41:42
31-Mar-19,12:41:42
31-Mar-19,12:41:42
31-Mar-19,12:41:42
31-Mar-19,12:41:42
31-Mar-19,12:41:43
31-Mar-19,12:41:43
31-Mar-19,12:41:43
31-Mar-19,12:41:43
31-Mar-19,12:41:43
31-Mar-19,12:41:43
31-Mar-19,12:41:43
31-Mar-19,12:41:43
31-Mar-19,12:41:43
31-Mar-19,12:41:43
31-Mar-19,12:41:43
31-Mar-19,12:41:43
31-Mar-19,12:41:43
31-Mar-19,12:41:43
31-Mar-19,12:41:43
31-Mar-19,12:41:44
31-Mar-19,12:41:44
31-Mar-19,12:41:44
31-Mar-19,12:41:44
31-Mar-19,12:41:44
31-Mar-19,12:41:44
31-Mar-19,12:41:44
31-Mar-19,12:41:44
31-Mar-19,12:41:44
31-Mar-19,12:41:44
31-Mar-19,12:41:44
31-Mar-19,12:41:44
31-Mar-19,12:41:44
31-Mar-19,12:41:44
31-Mar-19,12:41:44
31-Mar-19,12:41:44
31-Mar-19,12:41:45
31-Mar-19,12:41:45
31-Mar-19,12:41:45
31-Mar-19,12:41:45
31-Mar-19,12:41:45
31-Mar-19,12:41:45
31-Mar-19,12:41:45
31-Mar-19,12:41:45
31-Mar-19,12:41:45
31-Mar-19,12:41:45
31-Mar-19,12:41:45
31-Mar-19,12:41:45
31-Mar-19,12:41:45
31-Mar-19,12:41:45
31-Mar-19,12:41:45
31-Mar-19,12:41:45
31-Mar-19,12:41:46
31-Mar-19,12:41:46
31-Mar-19,12:41:46
31-Mar-19,12:41:46
31-Mar-19,12:41:46
31-Mar-19,12:41:46
31-Mar-19,12:41:46
31-Mar-19,12:41:46
31-Mar-19,12:41:46
31-Mar-19,12:41:46
31-Mar-19,12:41:46
31-Mar-19,12:41:46
31-Mar-19,12:41:46
31-Mar-19,12:41:46
31-Mar-19,12:41:46
31-Mar-19,12:41:47
31-Mar-19,12:41:47
31-Mar-19,12:41:47
31-Mar-19,12:41:47
31-Mar-19,12:41:47
31-Mar-19,12:41:47
31-Mar-19,12:41:47
31-Mar-19,12:41:47
31-Mar-19,12:41:47
31-Mar-19,12:41:47
31-Mar-19,12:41:47
31-Mar-19,12:41:47
31-Mar-19,12:41:47
31-Mar-19,12:41:47
31-Mar-19,12:41:47
31-Mar-19,12:41:48
31-Mar-19,12:41:48
31-Mar-19,12:41:48
31-Mar-19,12:41:48
31-Mar-19,12:41:48
31-Mar-19,12:41:48
31-Mar-19,12:41:48
31-Mar-19,12:41:48
31-Mar-19,12:41:48
31-Mar-19,12:41:48
31-Mar-19,12:41:48
31-Mar-19,12:41:48
31-Mar-19,12:41:48
31-Mar-19,12:41:48
31-Mar-19,12:41:48
31-Mar-19,12:41:49
31-Mar-19,12:41:49
31-Mar-19,12:41:49
31-Mar-19,12:41:49
31-Mar-19,12:41:49
31-Mar-19,12:41:49
31-Mar-19,12:41:49
31-Mar-19,12:41:49
31-Mar-19,12:41:49
31-Mar-19,12:41:49
31-Mar-19,12:41:49
31-Mar-19,12:41:49
31-Mar-19,12:41:49
31-Mar-19,12:41:49
31-Mar-19,12:41:49
31-Mar-19,12:41:50
31-Mar-19,12:41:50
31-Mar-19,12:41:50
31-Mar-19,12:41:50
31-Mar-19,12:41:50
31-Mar-19,12:41:50
31-Mar-19,12:41:50
31-Mar-19,12:41:50
31-Mar-19,12:41:50
31-Mar-19,12:41:50
31-Mar-19,12:41:50
31-Mar-19,12:41:50
31-Mar-19,12:41:50
31-Mar-19,12:41:50
31-Mar-19,12:41:50
31-Mar-19,12:41:51
31-Mar-19,12:41:51
31-Mar-19,12:41:51
31-Mar-19,12:41:51
31-Mar-19,12:41:51
31-Mar-19,12:41:51
31-Mar-19,12:41:51
31-Mar-19,12:41:51
31-Mar-19,12:41:51
31-Mar-19,12:41:51
31-Mar-19,12:41:51
31-Mar-19,12:41:51
31-Mar-19,12:41:51
31-Mar-19,12:41:51
31-Mar-19,12:41:51
31-Mar-19,12:41:52
31-Mar-19,12:41:52
31-Mar-19,12:41:52
31-Mar-19,12:41:52
31-Mar-19,12:41:52
31-Mar-19,12:41:52
31-Mar-19,12:41:52
31-Mar-19,12:41:52
31-Mar-19,12:41:52
31-Mar-19,12:41:52
31-Mar-19,12:41:52
31-Mar-19,12:41:52
31-Mar-19,12:41:52
31-Mar-19,12:41:52
31-Mar-19,12:41:52
31-Mar-19,12:41:52
31-Mar-19,12:41:53
31-Mar-19,12:41:53
31-Mar-19,12:41:53
31-Mar-19,12:41:53
31-Mar-19,12:41:53
31-Mar-19,12:41:53
31-Mar-19,12:41:53
31-Mar-19,12:41:53
31-Mar-19,12:41:53
31-Mar-19,12:41:53
31-Mar-19,12:41:53
31-Mar-19,12:41:53
31-Mar-19,12:41:53
31-Mar-19,12:41:53
31-Mar-19,12:41:53
31-Mar-19,12:41:53
31-Mar-19,12:41:54
31-Mar-19,12:41:54
31-Mar-19,12:41:54
31-Mar-19,12:41:54
31-Mar-19,12:41:54
31-Mar-19,12:41:54
31-Mar-19,12:41:54
31-Mar-19,12:41:54
31-Mar-19,12:41:54
31-Mar-19,12:41:54
31-Mar-19,12:41:54
31-Mar-19,12:41:54
31-Mar-19,12:41:54
31-Mar-19,12:41:54
31-Mar-19,12:41:54
31-Mar-19,12:41:54
31-Mar-19,12:41:55
31-Mar-19,12:41:55
31-Mar-19,12:41:55
31-Mar-19,12:41:55
31-Mar-19,12:41:55
31-Mar-19,12:41:55
31-Mar-19,12:41:55
31-Mar-19,12:41:55
31-Mar-19,12:41:55
31-Mar-19,12:41:55
31-Mar-19,12:41:55
31-Mar-19,12:41:55
31-Mar-19,12:41:55
31-Mar-19,12:41:55
31-Mar-19,12:41:55
31-Mar-19,12:41:55
31-Mar-19,12:41:56
31-Mar-19,12:41:56
31-Mar-19,12:41:56
31-Mar-19,12:41:56
31-Mar-19,12:41:56
31-Mar-19,12:41:56
31-Mar-19,12:41:56
31-Mar-19,12:41:56
31-Mar-19,12:41:56
31-Mar-19,12:41:56
31-Mar-19,12:41:56
31-Mar-19,12:41:56
31-Mar-19,12:41:56
31-Mar-19,12:41:56
31-Mar-19,12:41:56
31-Mar-19,12:41:56
31-Mar-19,12:41:57
31-Mar-19,12:41:57
31-Mar-19,12:41:57
31-Mar-19,12:41:57
31-Mar-19,12:41:57
31-Mar-19,12:41:57
31-Mar-19,12:41:57
31-Mar-19,12:41:57
31-Mar-19,12:41:57
31-Mar-19,12:41:57
31-Mar-19,12:41:57
31-Mar-19,12:41:57
31-Mar-19,12:41:57
31-Mar-19,12:41:57
31-Mar-19,12:41:57
31-Mar-19,12:41:57
31-Mar-19,12:41:58
31-Mar-19,12:41:58
31-Mar-19,12:41:58
31-Mar-19,12:41:58
31-Mar-19,12:41:58
31-Mar-19,12:41:58
31-Mar-19,12:41:58
31-Mar-19,12:41:58
31-Mar-19,12:41:58
31-Mar-19,12:41:58
31-Mar-19,12:41:58
31-Mar-19,12:41:58
31-Mar-19,12:41:58
31-Mar-19,12:41:58
31-Mar-19,12:41:58
31-Mar-19,12:41:58
31-Mar-19,12:41:58
31-Mar-19,12:41:59
31-Mar-19,12:41:59
31-Mar-19,12:41:59
31-Mar-19,12:41:59
31-Mar-19,12:41:59
31-Mar-19,12:41:59
31-Mar-19,12:41:59
31-Mar-19,12:41:59
31-Mar-19,12:41:59
31-Mar-19,12:41:59
31-Mar-19,12:41:59
31-Mar-19,12:41:59
31-Mar-19,12:41:59
31-Mar-19,12:41:59
31-Mar-19,12:41:59
31-Mar-19,12:41:59
31-Mar-19,12:42:00
31-Mar-19,12:42:00
31-Mar-19,12:42:00
31-Mar-19,12:42:00
31-Mar-19,12:42:00
31-Mar-19,12:42:00
31-Mar-19,12:42:00
31-Mar-19,12:42:00
31-Mar-19,12:42:00
31-Mar-19,12:42:00
31-Mar-19,12:42:00
31-Mar-19,12:42:00
31-Mar-19,12:42:00
31-Mar-19,12:42:00
31-Mar-19,12:42:00
31-Mar-19,12:42:00
31-Mar-19,12:42:00
31-Mar-19,12:42:01
31-Mar-19,12:42:01
31-Mar-19,12:42:01
31-Mar-19,12:42:01
31-Mar-19,12:42:01
31-Mar-19,12:42:01
31-Mar-19,12:42:01
31-Mar-19,12:42:01
31-Mar-19,12:42:01
31-Mar-19,12:42:01
31-Mar-19,12:42:01
31-Mar-19,12:42:01
31-Mar-19,12:42:01
31-Mar-19,12:42:01
31-Mar-19,12:42:01
31-Mar-19,12:42:01
31-Mar-19,12:42:02
31-Mar-19,12:42:02
31-Mar-19,12:42:02
31-Mar-19,12:42:02
31-Mar-19,12:42:02
31-Mar-19,12:42:02
31-Mar-19,12:42:02
31-Mar-19,12:42:02
31-Mar-19,12:42:02
31-Mar-19,12:42:02
31-Mar-19,12:42:02
31-Mar-19,12:42:02
31-Mar-19,12:42:02
31-Mar-19,12:42:02
31-Mar-19,12:42:02
31-Mar-19,12:42:02
31-Mar-19,12:42:02
31-Mar-19,12:42:03
31-Mar-19,12:42:03
31-Mar-19,12:42:03
31-Mar-19,12:42:03
31-Mar-19,12:42:03
31-Mar-19,12:42:03
31-Mar-19,12:42:03
31-Mar-19,12:42:03
31-Mar-19,12:42:03
31-Mar-19,12:42:03
31-Mar-19,12:42:03
31-Mar-19,12:42:03
31-Mar-19,12:42:03
31-Mar-19,12:42:03
31-Mar-19,12:42:03
31-Mar-19,12:42:03
31-Mar-19,12:42:03
31-Mar-19,12:42:04
31-Mar-19,12:42:04
31-Mar-19,12:42:04
31-Mar-19,12:42:04
31-Mar-19,12:42:04
31-Mar-19,12:42:04
31-Mar-19,12:42:04
31-Mar-19,12:42:04
31-Mar-19,12:42:04
31-Mar-19,12:42:04
31-Mar-19,12:42:04
31-Mar-19,12:42:04
31-Mar-19,12:42:04
31-Mar-19,12:42:04
31-Mar-19,12:42:04
31-Mar-19,12:42:04
31-Mar-19,12:42:05
31-Mar-19,12:42:05
31-Mar-19,12:42:05
31-Mar-19,12:42:05
31-Mar-19,12:42:05
31-Mar-19,12:42:05
31-Mar-19,12:42:05
31-Mar-19,12:42:05
31-Mar-19,12:42:05
31-Mar-19,12:42:05
31-Mar-19,12:42:05
31-Mar-19,12:42:05
31-Mar-19,12:42:05
31-Mar-19,12:42:05
31-Mar-19,12:42:05
31-Mar-19,12:42:05
31-Mar-19,12:42:06
31-Mar-19,12:42:06
31-Mar-19,12:42:06
31-Mar-19,12:42:06
31-Mar-19,12:42:06
31-Mar-19,12:42:06
31-Mar-19,12:42:06
31-Mar-19,12:42:06
31-Mar-19,12:42:06
31-Mar-19,12:42:06
31-Mar-19,12:42:06
31-Mar-19,12:42:06
31-Mar-19,12:42:06
31-Mar-19,12:42:06
31-Mar-19,12:42:06
31-Mar-19,12:42:06
31-Mar-19,12:42:06
31-Mar-19,12:42:07
31-Mar-19,12:42:07
31-Mar-19,12:42:07
31-Mar-19,12:42:07
31-Mar-19,12:42:07
31-Mar-19,12:42:07
31-Mar-19,12:42:07
31-Mar-19,12:42:07
31-Mar-19,12:42:07
31-Mar-19,12:42:07
31-Mar-19,12:42:07
31-Mar-19,12:42:07
31-Mar-19,12:42:07
31-Mar-19,12:42:07
31-Mar-19,12:42:07
31-Mar-19,12:42:07
31-Mar-19,12:42:07
31-Mar-19,12:42:08
31-Mar-19,12:42:08
31-Mar-19,12:42:08
31-Mar-19,12:42:08
31-Mar-19,12:42:08
31-Mar-19,12:42:08
31-Mar-19,12:42:08
31-Mar-19,12:42:08
31-Mar-19,12:42:08
31-Mar-19,12:42:08
31-Mar-19,12:42:08
31-Mar-19,12:42:08
31-Mar-19,12:42:08
31-Mar-19,12:42:08
31-Mar-19,12:42:08
31-Mar-19,12:42:08
31-Mar-19,12:42:08
31-Mar-19,12:42:09
31-Mar-19,12:42:09
31-Mar-19,12:42:09
31-Mar-19,12:42:09
31-Mar-19,12:42:09
31-Mar-19,12:42:09
31-Mar-19,12:42:09
31-Mar-19,12:42:09
31-Mar-19,12:42:09
31-Mar-19,12:42:09
31-Mar-19,12:42:09
31-Mar-19,12:42:09
31-Mar-19,12:42:09
31-Mar-19,12:42:09
31-Mar-19,12:42:09
31-Mar-19,12:42:09
31-Mar-19,12:42:09
31-Mar-19,12:42:10
31-Mar-19,12:42:10
31-Mar-19,12:42:10
31-Mar-19,12:42:10
31-Mar-19,12:42:10
31-Mar-19,12:42:10
31-Mar-19,12:42:10
31-Mar-19,12:42:10
31-Mar-19,12:42:10
31-Mar-19,12:42:10
31-Mar-19,12:42:10
31-Mar-19,12:42:10
31-Mar-19,12:42:10
31-Mar-19,12:42:10
31-Mar-19,12:42:10
31-Mar-19,12:42:10
31-Mar-19,12:42:10
31-Mar-19,12:42:11
31-Mar-19,12:42:11
31-Mar-19,12:42:11
31-Mar-19,12:42:11
31-Mar-19,12:42:11
31-Mar-19,12:42:11
31-Mar-19,12:42:11
31-Mar-19,12:42:11
31-Mar-19,12:42:11
31-Mar-19,12:42:11
31-Mar-19,12:42:11
31-Mar-19,12:42:11
31-Mar-19,12:42:11
31-Mar-19,12:42:11
31-Mar-19,12:42:11
31-Mar-19,12:42:11
31-Mar-19,12:42:11
31-Mar-19,12:42:12
31-Mar-19,12:42:12
31-Mar-19,12:42:12
31-Mar-19,12:42:12
31-Mar-19,12:42:12
31-Mar-19,12:42:12
31-Mar-19,12:42:12
31-Mar-19,12:42:12
31-Mar-19,12:42:12
31-Mar-19,12:42:12
31-Mar-19,12:42:12
31-Mar-19,12:42:12
31-Mar-19,12:42:12
31-Mar-19,12:42:12
31-Mar-19,12:42:12
31-Mar-19,12:42:12
31-Mar-19,12:42:12
31-Mar-19,12:42:13
31-Mar-19,12:42:13
31-Mar-19,12:42:13
31-Mar-19,12:42:13
31-Mar-19,12:42:13
31-Mar-19,12:42:13
31-Mar-19,12:42:13
31-Mar-19,12:42:13
31-Mar-19,12:42:13
31-Mar-19,12:42:13
31-Mar-19,12:42:13
31-Mar-19,12:42:13
31-Mar-19,12:42:13
31-Mar-19,12:42:13
31-Mar-19,12:42:13
31-Mar-19,12:42:13
31-Mar-19,12:42:13
31-Mar-19,12:42:14
31-Mar-19,12:42:14
31-Mar-19,12:42:14
31-Mar-19,12:42:14
31-Mar-19,12:42:14
31-Mar-19,12:42:14
31-Mar-19,12:42:14
31-Mar-19,12:42:14
31-Mar-19,12:42:14
31-Mar-19,12:42:14
31-Mar-19,12:42:14
31-Mar-19,12:42:14
31-Mar-19,12:42:14
31-Mar-19,12:42:14
31-Mar-19,12:42:14
31-Mar-19,12:42:14
31-Mar-19,12:42:14
31-Mar-19,12:42:15
31-Mar-19,12:42:15
31-Mar-19,12:42:15
31-Mar-19,12:42:15
31-Mar-19,12:42:15
31-Mar-19,12:42:15
31-Mar-19,12:42:15
31-Mar-19,12:42:15
31-Mar-19,12:42:15
31-Mar-19,12:42:15
31-Mar-19,12:42:15
31-Mar-19,12:42:15
31-Mar-19,12:42:15
31-Mar-19,12:42:15
31-Mar-19,12:42:15
31-Mar-19,12:42:15
31-Mar-19,12:42:15
31-Mar-19,12:42:16
31-Mar-19,12:42:16
31-Mar-19,12:42:16
31-Mar-19,12:42:16
31-Mar-19,12:42:16
31-Mar-19,12:42:16
31-Mar-19,12:42:16
31-Mar-19,12:42:16
31-Mar-19,12:42:16
31-Mar-19,12:42:16
31-Mar-19,12:42:16
31-Mar-19,12:42:16
31-Mar-19,12:42:16
31-Mar-19,12:42:16
31-Mar-19,12:42:16
31-Mar-19,12:42:16
31-Mar-19,12:42:16
31-Mar-19,12:42:17
31-Mar-19,12:42:17
31-Mar-19,12:42:17
31-Mar-19,12:42:17
31-Mar-19,12:42:17
31-Mar-19,12:42:17
31-Mar-19,12:42:17
31-Mar-19,12:42:17
31-Mar-19,12:42:17
31-Mar-19,12:42:17
31-Mar-19,12:42:17
31-Mar-19,12:42:17
31-Mar-19,12:42:17
31-Mar-19,12:42:17
31-Mar-19,12:42:17
31-Mar-19,12:42:17
31-Mar-19,12:42:17
31-Mar-19,12:42:17
31-Mar-19,12:42:18
31-Mar-19,12:42:18
31-Mar-19,12:42:18
31-Mar-19,12:42:18
31-Mar-19,12:42:18
31-Mar-19,12:42:18
31-Mar-19,12:42:18
31-Mar-19,12:42:18
31-Mar-19,12:42:18
31-Mar-19,12:42:18
31-Mar-19,12:42:18
31-Mar-19,12:42:18
31-Mar-19,12:42:18
31-Mar-19,12:42:18
31-Mar-19,12:42:18
31-Mar-19,12:42:18
31-Mar-19,12:42:18
31-Mar-19,12:42:19
31-Mar-19,12:42:19
31-Mar-19,12:42:19
31-Mar-19,12:42:19
31-Mar-19,12:42:19
31-Mar-19,12:42:19
31-Mar-19,12:42:19
31-Mar-19,12:42:19
31-Mar-19,12:42:19
31-Mar-19,12:42:19
31-Mar-19,12:42:19
31-Mar-19,12:42:19
31-Mar-19,12:42:19
31-Mar-19,12:42:19
31-Mar-19,12:42:19
31-Mar-19,12:42:19
31-Mar-19,12:42:19
31-Mar-19,12:42:19
31-Mar-19,12:42:20
31-Mar-19,12:42:20
31-Mar-19,12:42:20
31-Mar-19,12:42:20
31-Mar-19,12:42:20
31-Mar-19,12:42:20
31-Mar-19,12:42:20
31-Mar-19,12:42:20
31-Mar-19,12:42:20
31-Mar-19,12:42:20
31-Mar-19,12:42:20
31-Mar-19,12:42:20
31-Mar-19,12:42:20
31-Mar-19,12:42:20
31-Mar-19,12:42:20
31-Mar-19,12:42:20
31-Mar-19,12:42:20
31-Mar-19,12:42:21
31-Mar-19,12:42:21
31-Mar-19,12:42:21
31-Mar-19,12:42:21
31-Mar-19,12:42:21
31-Mar-19,12:42:21
31-Mar-19,12:42:21
31-Mar-19,12:42:21
31-Mar-19,12:42:21
31-Mar-19,12:42:21
31-Mar-19,12:42:21
31-Mar-19,12:42:21
31-Mar-19,12:42:21
31-Mar-19,12:42:21
31-Mar-19,12:42:21
31-Mar-19,12:42:21
31-Mar-19,12:42:21
31-Mar-19,12:42:21
31-Mar-19,12:42:22
31-Mar-19,12:42:22
31-Mar-19,12:42:22
31-Mar-19,12:42:22
31-Mar-19,12:42:22
31-Mar-19,12:42:22
31-Mar-19,12:42:22
31-Mar-19,12:42:22
31-Mar-19,12:42:22
31-Mar-19,12:42:22
31-Mar-19,12:42:22
31-Mar-19,12:42:22
31-Mar-19,12:42:22
31-Mar-19,12:42:22
31-Mar-19,12:42:22
31-Mar-19,12:42:22
31-Mar-19,12:42:22
31-Mar-19,12:42:23
31-Mar-19,12:42:23
31-Mar-19,12:42:23
31-Mar-19,12:42:23
31-Mar-19,12:42:23
31-Mar-19,12:42:23
31-Mar-19,12:42:23
31-Mar-19,12:42:23
31-Mar-19,12:42:23
31-Mar-19,12:42:23
31-Mar-19,12:42:23
31-Mar-19,12:42:23
31-Mar-19,12:42:23
31-Mar-19,12:42:23
31-Mar-19,12:42:23
31-Mar-19,12:42:23
31-Mar-19,12:42:23
31-Mar-19,12:42:24
31-Mar-19,12:42:24
31-Mar-19,12:42:24
31-Mar-19,12:42:24
31-Mar-19,12:42:24
31-Mar-19,12:42:24
31-Mar-19,12:42:24
31-Mar-19,12:42:24
31-Mar-19,12:42:24
31-Mar-19,12:42:24
31-Mar-19,12:42:24
31-Mar-19,12:42:24
31-Mar-19,12:42:24
31-Mar-19,12:42:24
31-Mar-19,12:42:24
31-Mar-19,12:42:24
31-Mar-19,12:42:24
31-Mar-19,12:42:24
31-Mar-19,12:42:25
31-Mar-19,12:42:25
31-Mar-19,12:42:25
31-Mar-19,12:42:25
31-Mar-19,12:42:25
31-Mar-19,12:42:25
31-Mar-19,12:42:25
31-Mar-19,12:42:25
31-Mar-19,12:42:25
31-Mar-19,12:42:25
31-Mar-19,12:42:25
31-Mar-19,12:42:25
31-Mar-19,12:42:25
31-Mar-19,12:42:25
31-Mar-19,12:42:25
31-Mar-19,12:42:25
31-Mar-19,12:42:25
31-Mar-19,12:42:25
31-Mar-19,12:42:26
31-Mar-19,12:42:26
31-Mar-19,12:42:26
31-Mar-19,12:42:26
31-Mar-19,12:42:26
31-Mar-19,12:42:26
31-Mar-19,12:42:26
31-Mar-19,12:42:26
31-Mar-19,12:42:26
31-Mar-19,12:42:26
31-Mar-19,12:42:26
31-Mar-19,12:42:26
31-Mar-19,12:42:26
31-Mar-19,12:42:26
31-Mar-19,12:42:26
31-Mar-19,12:42:26
31-Mar-19,12:42:26
31-Mar-19,12:42:27
31-Mar-19,12:42:27
31-Mar-19,12:42:27
31-Mar-19,12:42:27
31-Mar-19,12:42:27
31-Mar-19,12:42:27
31-Mar-19,12:42:27
31-Mar-19,12:42:27
31-Mar-19,12:42:27
31-Mar-19,12:42:27
31-Mar-19,12:42:27
31-Mar-19,12:42:27
31-Mar-19,12:42:27
31-Mar-19,12:42:27
31-Mar-19,12:42:27
31-Mar-19,12:42:27
31-Mar-19,12:42:27
31-Mar-19,12:42:28
31-Mar-19,12:42:28
31-Mar-19,12:42:28
31-Mar-19,12:42:28
31-Mar-19,12:42:28
31-Mar-19,12:42:28
31-Mar-19,12:42:28
31-Mar-19,12:42:28
31-Mar-19,12:42:28
31-Mar-19,12:42:28
31-Mar-19,12:42:28
31-Mar-19,12:42:28
31-Mar-19,12:42:28
31-Mar-19,12:42:28
31-Mar-19,12:42:28
31-Mar-19,12:42:28
31-Mar-19,12:42:28
31-Mar-19,12:42:29
31-Mar-19,12:42:29
31-Mar-19,12:42:29
31-Mar-19,12:42:29
31-Mar-19,12:42:29
31-Mar-19,12:42:29
31-Mar-19,12:42:29
31-Mar-19,12:42:29
31-Mar-19,12:42:29
31-Mar-19,12:42:29
31-Mar-19,12:42:29
31-Mar-19,12:42:29
31-Mar-19,12:42:29
31-Mar-19,12:42:29
31-Mar-19,12:42:29
31-Mar-19,12:42:29
31-Mar-19,12:42:29
31-Mar-19,12:42:30
31-Mar-19,12:42:30
31-Mar-19,12:42:30
31-Mar-19,12:42:30
31-Mar-19,12:42:30
31-Mar-19,12:42:30
31-Mar-19,12:42:30
31-Mar-19,12:42:30
31-Mar-19,12:42:30
31-Mar-19,12:42:30
31-Mar-19,12:42:30
31-Mar-19,12:42:30
31-Mar-19,12:42:30
31-Mar-19,12:42:30
31-Mar-19,12:42:30
31-Mar-19,12:42:30
31-Mar-19,12:42:30
31-Mar-19,12:42:31
31-Mar-19,12:42:31
31-Mar-19,12:42:31
31-Mar-19,12:42:31
31-Mar-19,12:42:31
31-Mar-19,12:42:31
31-Mar-19,12:42:31
31-Mar-19,12:42:31
31-Mar-19,12:42:31
31-Mar-19,12:42:31
31-Mar-19,12:42:31
31-Mar-19,12:42:31
31-Mar-19,12:42:31
31-Mar-19,12:42:31
31-Mar-19,12:42:31
31-Mar-19,12:42:31
31-Mar-19,12:42:31
31-Mar-19,12:42:32
31-Mar-19,12:42:32
31-Mar-19,12:42:32
31-Mar-19,12:42:32
31-Mar-19,12:42:32
31-Mar-19,12:42:32
31-Mar-19,12:42:32
31-Mar-19,12:42:32
31-Mar-19,12:42:32
31-Mar-19,12:42:32
31-Mar-19,12:42:32
31-Mar-19,12:42:32
31-Mar-19,12:42:32
31-Mar-19,12:42:32
31-Mar-19,12:42:32
31-Mar-19,12:42:32
31-Mar-19,12:42:32
31-Mar-19,12:42:32
31-Mar-19,12:42:33
31-Mar-19,12:42:33
31-Mar-19,12:42:33
31-Mar-19,12:42:33
31-Mar-19,12:42:33
31-Mar-19,12:42:33
31-Mar-19,12:42:33
31-Mar-19,12:42:33
31-Mar-19,12:42:33
31-Mar-19,12:42:33
31-Mar-19,12:42:33
31-Mar-19,12:42:33
31-Mar-19,12:42:33
31-Mar-19,12:42:33
31-Mar-19,12:42:33
31-Mar-19,12:42:33
31-Mar-19,12:42:33
31-Mar-19,12:42:33
31-Mar-19,12:42:34
31-Mar-19,12:42:34
31-Mar-19,12:42:34
31-Mar-19,12:42:34
31-Mar-19,12:42:34
31-Mar-19,12:42:34
31-Mar-19,12:42:34
31-Mar-19,12:42:34
31-Mar-19,12:42:34
31-Mar-19,12:42:34
31-Mar-19,12:42:34
31-Mar-19,12:42:34
31-Mar-19,12:42:34
31-Mar-19,12:42:34
31-Mar-19,12:42:34
31-Mar-19,12:42:34
31-Mar-19,12:42:34
31-Mar-19,12:42:34
31-Mar-19,12:42:35
31-Mar-19,12:42:35
31-Mar-19,12:42:35
31-Mar-19,12:42:35
31-Mar-19,12:42:35
31-Mar-19,12:42:35
31-Mar-19,12:42:35
31-Mar-19,12:42:35
31-Mar-19,12:42:35
31-Mar-19,12:42:35
31-Mar-19,12:42:35
31-Mar-19,12:42:35
31-Mar-19,12:42:35
31-Mar-19,12:42:35
31-Mar-19,12:42:35
31-Mar-19,12:42:35
31-Mar-19,12:42:35
31-Mar-19,12:42:35
31-Mar-19,12:42:36
31-Mar-19,12:42:36
31-Mar-19,12:42:36
31-Mar-19,12:42:36
31-Mar-19,12:42:36
31-Mar-19,12:42:36
31-Mar-19,12:42:36
31-Mar-19,12:42:36
31-Mar-19,12:42:36
31-Mar-19,12:42:36
31-Mar-19,12:42:36
31-Mar-19,12:42:36
31-Mar-19,12:42:36
31-Mar-19,12:42:36
31-Mar-19,12:42:36
31-Mar-19,12:42:36
31-Mar-19,12:42:36
31-Mar-19,12:42:36
31-Mar-19,12:42:37
31-Mar-19,12:42:37
31-Mar-19,12:42:37
31-Mar-19,12:42:37
31-Mar-19,12:42:37
31-Mar-19,12:42:37
31-Mar-19,12:42:37
31-Mar-19,12:42:37
31-Mar-19,12:42:37
31-Mar-19,12:42:37
31-Mar-19,12:42:37
31-Mar-19,12:42:37
31-Mar-19,12:42:37
31-Mar-19,12:42:37
31-Mar-19,12:42:37
31-Mar-19,12:42:37
31-Mar-19,12:42:37
31-Mar-19,12:42:37
31-Mar-19,12:42:38
31-Mar-19,12:42:38
31-Mar-19,12:42:38
31-Mar-19,12:42:38
31-Mar-19,12:42:38
31-Mar-19,12:42:38
31-Mar-19,12:42:38
31-Mar-19,12:42:38
31-Mar-19,12:42:38
31-Mar-19,12:42:38
31-Mar-19,12:42:38
31-Mar-19,12:42:38
31-Mar-19,12:42:38
31-Mar-19,12:42:38
31-Mar-19,12:42:38
31-Mar-19,12:42:38
31-Mar-19,12:42:38
31-Mar-19,12:42:38
31-Mar-19,12:42:38
31-Mar-19,12:42:39
31-Mar-19,12:42:39
31-Mar-19,12:42:39
31-Mar-19,12:42:39
31-Mar-19,12:42:39
31-Mar-19,12:42:39
31-Mar-19,12:42:39
31-Mar-19,12:42:39
31-Mar-19,12:42:39
31-Mar-19,12:42:39
31-Mar-19,12:42:39
31-Mar-19,12:42:39
31-Mar-19,12:42:39
31-Mar-19,12:42:39
31-Mar-19,12:42:39
31-Mar-19,12:42:39
31-Mar-19,12:42:39
31-Mar-19,12:42:39
31-Mar-19,12:42:40
31-Mar-19,12:42:40
31-Mar-19,12:42:40
31-Mar-19,12:42:40
31-Mar-19,12:42:40
31-Mar-19,12:42:40
31-Mar-19,12:42:40
31-Mar-19,12:42:40
31-Mar-19,12:42:40
31-Mar-19,12:42:40
31-Mar-19,12:42:40
31-Mar-19,12:42:40
31-Mar-19,12:42:40
31-Mar-19,12:42:40
31-Mar-19,12:42:40
31-Mar-19,12:42:40
31-Mar-19,12:42:40
31-Mar-19,12:42:40
31-Mar-19,12:42:40
31-Mar-19,12:42:41
31-Mar-19,12:42:41
31-Mar-19,12:42:41
31-Mar-19,12:42:41
31-Mar-19,12:42:41
31-Mar-19,12:42:41
31-Mar-19,12:42:41
31-Mar-19,12:42:41
31-Mar-19,12:42:41
31-Mar-19,12:42:41
31-Mar-19,12:42:41
31-Mar-19,12:42:41
31-Mar-19,12:42:41
31-Mar-19,12:42:41
31-Mar-19,12:42:41
31-Mar-19,12:42:41
31-Mar-19,12:42:41
31-Mar-19,12:42:41
31-Mar-19,12:42:42
31-Mar-19,12:42:42
31-Mar-19,12:42:42
31-Mar-19,12:42:42
31-Mar-19,12:42:42
31-Mar-19,12:42:42
31-Mar-19,12:42:42
31-Mar-19,12:42:42
31-Mar-19,12:42:42
31-Mar-19,12:42:42
31-Mar-19,12:42:42
31-Mar-19,12:42:42
31-Mar-19,12:42:42
31-Mar-19,12:42:42
31-Mar-19,12:42:42
31-Mar-19,12:44:02
31-Mar-19,12:44:02
31-Mar-19,12:44:02
31-Mar-19,12:44:02
31-Mar-19,12:44:02
31-Mar-19,12:44:02
31-Mar-19,12:44:02
31-Mar-19,12:44:02
31-Mar-19,12:44:02
31-Mar-19,12:44:02
31-Mar-19,12:44:02
31-Mar-19,12:44:02
31-Mar-19,12:44:03
31-Mar-19,12:44:03
31-Mar-19,12:44:03
31-Mar-19,12:44:03
31-Mar-19,12:44:03
31-Mar-19,12:44:03
31-Mar-19,12:44:03
31-Mar-19,12:44:03
31-Mar-19,12:44:03
31-Mar-19,12:44:03
31-Mar-19,12:44:03
31-Mar-19,12:44:03
31-Mar-19,12:44:03
31-Mar-19,12:44:03
31-Mar-19,12:44:03
31-Mar-19,12:44:03
31-Mar-19,12:44:03
31-Mar-19,12:44:03
31-Mar-19,12:44:03
31-Mar-19,12:44:03
31-Mar-19,12:44:03
31-Mar-19,12:44:03
31-Mar-19,12:44:03
31-Mar-19,12:44:03
31-Mar-19,12:44:04
31-Mar-19,12:44:04
31-Mar-19,12:44:04
31-Mar-19,12:44:04
31-Mar-19,12:44:04
31-Mar-19,12:44:04
31-Mar-19,12:44:04
31-Mar-19,12:44:04
31-Mar-19,12:44:04
31-Mar-19,12:44:04
31-Mar-19,12:44:04
31-Mar-19,12:44:04
31-Mar-19,12:44:04
31-Mar-19,12:44:04
31-Mar-19,12:44:04
31-Mar-19,12:44:04
31-Mar-19,12:44:04
31-Mar-19,12:44:04
31-Mar-19,12:44:04
31-Mar-19,12:44:04
31-Mar-19,12:44:04
31-Mar-19,12:44:05
31-Mar-19,12:44:05
31-Mar-19,12:44:05
31-Mar-19,12:44:05
31-Mar-19,12:44:05
31-Mar-19,12:44:05
31-Mar-19,12:44:05
31-Mar-19,12:44:05
31-Mar-19,12:44:05
31-Mar-19,12:44:05
31-Mar-19,12:44:05
31-Mar-19,12:44:05
31-Mar-19,12:44:05
31-Mar-19,12:44:05
31-Mar-19,12:44:05
31-Mar-19,12:44:05
31-Mar-19,12:44:05
31-Mar-19,12:44:05
31-Mar-19,12:44:05
31-Mar-19,12:44:05
31-Mar-19,12:44:05
31-Mar-19,12:44:05
31-Mar-19,12:44:05
31-Mar-19,12:44:05
31-Mar-19,12:44:06
31-Mar-19,12:44:06
31-Mar-19,12:44:06
31-Mar-19,12:44:06
31-Mar-19,12:44:06
31-Mar-19,12:44:06
31-Mar-19,12:44:06
31-Mar-19,12:44:06
31-Mar-19,12:44:06
31-Mar-19,12:44:06
31-Mar-19,12:44:06
31-Mar-19,12:44:06
31-Mar-19,12:44:06
31-Mar-19,12:44:06
31-Mar-19,12:44:06
31-Mar-19,12:44:06
31-Mar-19,12:44:06
31-Mar-19,12:44:06
31-Mar-19,12:44:06
31-Mar-19,12:44:06
31-Mar-19,12:44:07
31-Mar-19,12:44:07
31-Mar-19,12:44:07
31-Mar-19,12:44:07
31-Mar-19,12:44:07
31-Mar-19,12:44:07
31-Mar-19,12:44:07
31-Mar-19,12:44:07
31-Mar-19,12:44:07
31-Mar-19,12:44:07
31-Mar-19,12:44:07
31-Mar-19,12:44:07
31-Mar-19,12:44:07
31-Mar-19,12:44:07
31-Mar-19,12:44:07
31-Mar-19,12:44:07
31-Mar-19,12:44:07
31-Mar-19,12:44:07
31-Mar-19,12:44:07
31-Mar-19,12:44:07
31-Mar-19,12:44:07
31-Mar-19,12:44:07
31-Mar-19,12:44:07
31-Mar-19,12:44:07
31-Mar-19,12:44:08
31-Mar-19,12:44:08
31-Mar-19,12:44:08
31-Mar-19,12:44:08
31-Mar-19,12:44:08
31-Mar-19,12:44:08
31-Mar-19,12:44:08
31-Mar-19,12:44:08
31-Mar-19,12:44:08
31-Mar-19,12:44:08
31-Mar-19,12:44:08
31-Mar-19,12:44:08
31-Mar-19,12:44:08
31-Mar-19,12:44:08
31-Mar-19,12:44:08
31-Mar-19,12:44:08
31-Mar-19,12:44:08
31-Mar-19,12:44:08
31-Mar-19,12:44:08
31-Mar-19,12:44:08
31-Mar-19,12:44:08
31-Mar-19,12:44:08
31-Mar-19,12:44:08
31-Mar-19,12:44:08
31-Mar-19,12:44:09
31-Mar-19,12:44:09
31-Mar-19,12:44:09
31-Mar-19,12:44:09
31-Mar-19,12:44:09
31-Mar-19,12:44:09
31-Mar-19,12:44:09
31-Mar-19,12:44:09
31-Mar-19,12:44:09
31-Mar-19,12:44:09
31-Mar-19,12:44:09
31-Mar-19,12:44:09
31-Mar-19,12:44:09
31-Mar-19,12:44:09
31-Mar-19,12:44:09
31-Mar-19,12:44:09
31-Mar-19,12:44:09
31-Mar-19,12:44:09
31-Mar-19,12:44:09
31-Mar-19,12:44:09
31-Mar-19,12:44:09
31-Mar-19,12:44:10
31-Mar-19,12:44:10
31-Mar-19,12:44:10
31-Mar-19,12:44:10
31-Mar-19,12:44:10
31-Mar-19,12:44:10
31-Mar-19,12:44:10
31-Mar-19,12:44:10
31-Mar-19,12:44:10
31-Mar-19,12:44:10
31-Mar-19,12:44:10
31-Mar-19,12:44:10
31-Mar-19,12:44:10
31-Mar-19,12:44:10
31-Mar-19,12:44:10
31-Mar-19,12:44:10
31-Mar-19,12:44:10
31-Mar-19,12:44:10
31-Mar-19,12:44:10
31-Mar-19,12:44:10
31-Mar-19,12:44:10
31-Mar-19,12:44:10
31-Mar-19,12:44:10
31-Mar-19,12:44:10
31-Mar-19,12:44:10
31-Mar-19,12:44:11
31-Mar-19,12:44:11
31-Mar-19,12:44:11
31-Mar-19,12:44:11
31-Mar-19,12:44:11
31-Mar-19,12:44:11
31-Mar-19,12:44:11
31-Mar-19,12:44:11
31-Mar-19,12:44:11
31-Mar-19,12:44:11
31-Mar-19,12:44:11
31-Mar-19,12:44:11
31-Mar-19,12:44:11
31-Mar-19,12:44:11
31-Mar-19,12:44:11
31-Mar-19,12:44:11
31-Mar-19,12:44:11
31-Mar-19,12:44:11
31-Mar-19,12:44:11
31-Mar-19,12:44:11
31-Mar-19,12:44:11
31-Mar-19,12:44:12
31-Mar-19,12:44:12
31-Mar-19,12:44:12
31-Mar-19,12:44:12
31-Mar-19,12:44:12
31-Mar-19,12:44:12
31-Mar-19,12:44:12
31-Mar-19,12:44:12
31-Mar-19,12:44:12
31-Mar-19,12:44:12
31-Mar-19,12:44:12
31-Mar-19,12:44:12
31-Mar-19,12:44:12
31-Mar-19,12:44:12
31-Mar-19,12:44:12
31-Mar-19,12:44:12
31-Mar-19,12:44:12
31-Mar-19,12:44:12
31-Mar-19,12:44:12
31-Mar-19,12:44:12
31-Mar-19,12:44:12
31-Mar-19,12:44:12
31-Mar-19,12:44:12
31-Mar-19,12:44:13
31-Mar-19,12:44:13
31-Mar-19,12:44:13
31-Mar-19,12:44:13
31-Mar-19,12:44:13
31-Mar-19,12:44:13
31-Mar-19,12:44:13
31-Mar-19,12:44:13
31-Mar-19,12:44:13
31-Mar-19,12:44:13
31-Mar-19,12:44:13
31-Mar-19,12:44:13
31-Mar-19,12:44:13
31-Mar-19,12:44:13
31-Mar-19,12:44:13
31-Mar-19,12:44:13
31-Mar-19,12:44:13
31-Mar-19,12:44:13
31-Mar-19,12:44:13
31-Mar-19,12:44:13
31-Mar-19,12:44:13
31-Mar-19,12:44:13
31-Mar-19,12:44:13
31-Mar-19,12:44:13
31-Mar-19,12:44:14
31-Mar-19,12:44:14
31-Mar-19,12:44:14
31-Mar-19,12:44:14
31-Mar-19,12:44:14
31-Mar-19,12:44:14
31-Mar-19,12:44:14
31-Mar-19,12:44:14
31-Mar-19,12:44:14
31-Mar-19,12:44:14
31-Mar-19,12:44:14
31-Mar-19,12:44:14
31-Mar-19,12:44:14
31-Mar-19,12:44:14
31-Mar-19,12:44:14
31-Mar-19,12:44:14
31-Mar-19,12:44:14
31-Mar-19,12:44:14
31-Mar-19,12:44:14
31-Mar-19,12:44:14
31-Mar-19,12:44:14
31-Mar-19,12:44:14
31-Mar-19,12:44:15
31-Mar-19,12:44:15
31-Mar-19,12:44:15
31-Mar-19,12:44:15
31-Mar-19,12:44:15
31-Mar-19,12:44:15
31-Mar-19,12:44:15
31-Mar-19,12:44:15
31-Mar-19,12:44:15
31-Mar-19,12:44:15
31-Mar-19,12:44:15
31-Mar-19,12:44:15
31-Mar-19,12:44:15
31-Mar-19,12:44:15
31-Mar-19,12:44:15
31-Mar-19,12:44:15
31-Mar-19,12:44:15
31-Mar-19,12:44:15
31-Mar-19,12:44:15
31-Mar-19,12:44:15
31-Mar-19,12:44:15
31-Mar-19,12:44:15
31-Mar-19,12:44:15
31-Mar-19,12:44:15
31-Mar-19,12:44:16
31-Mar-19,12:44:16
31-Mar-19,12:44:16
31-Mar-19,12:44:16
31-Mar-19,12:44:16
31-Mar-19,12:44:16
31-Mar-19,12:44:16
31-Mar-19,12:44:16
31-Mar-19,12:44:16
31-Mar-19,12:44:16
31-Mar-19,12:44:16
31-Mar-19,12:44:16
31-Mar-19,12:44:16
31-Mar-19,12:44:16
31-Mar-19,12:44:16
31-Mar-19,12:44:16
31-Mar-19,12:44:16
31-Mar-19,12:44:16
31-Mar-19,12:44:16
31-Mar-19,12:44:16
31-Mar-19,12:44:16
31-Mar-19,12:44:17
31-Mar-19,12:44:17
31-Mar-19,12:44:17
31-Mar-19,12:44:17
31-Mar-19,12:44:17
31-Mar-19,12:44:17
31-Mar-19,12:44:17
31-Mar-19,12:44:17
31-Mar-19,12:44:17
31-Mar-19,12:44:17
31-Mar-19,12:44:17
31-Mar-19,12:44:17
31-Mar-19,12:44:17
31-Mar-19,12:44:17
31-Mar-19,12:44:17
31-Mar-19,12:44:17
31-Mar-19,12:44:17
31-Mar-19,12:44:17
31-Mar-19,12:44:17
31-Mar-19,12:44:17
31-Mar-19,12:44:17
31-Mar-19,12:44:17
31-Mar-19,12:44:17
31-Mar-19,12:44:17
31-Mar-19,12:44:18
31-Mar-19,12:44:18
31-Mar-19,12:44:18
31-Mar-19,12:44:18
31-Mar-19,12:44:18
31-Mar-19,12:44:18
31-Mar-19,12:44:18
31-Mar-19,12:44:18
31-Mar-19,12:44:18
31-Mar-19,12:44:18
31-Mar-19,12:44:18
31-Mar-19,12:44:18
31-Mar-19,12:44:18
31-Mar-19,12:44:18
31-Mar-19,12:44:18
31-Mar-19,12:44:18
31-Mar-19,12:44:18
31-Mar-19,12:44:18
31-Mar-19,12:44:18
31-Mar-19,12:44:18
31-Mar-19,12:44:18
31-Mar-19,12:44:18
31-Mar-19,12:44:18
31-Mar-19,12:44:18
31-Mar-19,12:44:19
31-Mar-19,12:44:19
31-Mar-19,12:44:19
31-Mar-19,12:44:19
31-Mar-19,12:44:19
31-Mar-19,12:44:19
31-Mar-19,12:44:19
31-Mar-19,12:44:19
31-Mar-19,12:44:19
31-Mar-19,12:44:19
31-Mar-19,12:44:19
31-Mar-19,12:44:19
31-Mar-19,12:44:19
31-Mar-19,12:44:19
31-Mar-19,12:44:19
31-Mar-19,12:44:19
31-Mar-19,12:44:19
31-Mar-19,12:44:19
31-Mar-19,12:44:19
31-Mar-19,12:44:19
31-Mar-19,12:44:19
31-Mar-19,12:44:20
31-Mar-19,12:44:20
31-Mar-19,12:44:20
31-Mar-19,12:44:20
31-Mar-19,12:44:20
31-Mar-19,12:44:20
31-Mar-19,12:44:20
31-Mar-19,12:44:20
31-Mar-19,12:44:20
31-Mar-19,12:44:20
31-Mar-19,12:44:20
31-Mar-19,12:44:20
31-Mar-19,12:44:20
31-Mar-19,12:44:20
31-Mar-19,12:44:20
31-Mar-19,12:44:20
31-Mar-19,12:44:20
31-Mar-19,12:44:20
31-Mar-19,12:44:20
31-Mar-19,12:44:20
31-Mar-19,12:44:20
31-Mar-19,12:44:20
31-Mar-19,12:44:20
31-Mar-19,12:44:20
31-Mar-19,12:44:21
31-Mar-19,12:44:21
31-Mar-19,12:44:21
31-Mar-19,12:44:21
31-Mar-19,12:44:21
31-Mar-19,12:44:21
31-Mar-19,12:44:21
31-Mar-19,12:44:21
31-Mar-19,12:44:21
31-Mar-19,12:44:21
31-Mar-19,12:44:21
31-Mar-19,12:44:21
31-Mar-19,12:44:21
31-Mar-19,12:44:21
31-Mar-19,12:44:21
31-Mar-19,12:44:21
31-Mar-19,12:44:21
31-Mar-19,12:44:21
31-Mar-19,12:44:21
31-Mar-19,12:44:21
31-Mar-19,12:44:21
31-Mar-19,12:44:22
31-Mar-19,12:44:22
31-Mar-19,12:44:22
31-Mar-19,12:44:22
31-Mar-19,12:44:22
31-Mar-19,12:44:22
31-Mar-19,12:44:22
31-Mar-19,12:44:22
31-Mar-19,12:44:22
31-Mar-19,12:44:22
31-Mar-19,12:44:22
31-Mar-19,12:44:22
31-Mar-19,12:44:22
31-Mar-19,12:44:22
31-Mar-19,12:44:22
31-Mar-19,12:44:22
31-Mar-19,12:44:22
31-Mar-19,12:44:22
31-Mar-19,12:44:22
31-Mar-19,12:44:22
31-Mar-19,12:44:22
31-Mar-19,12:44:22
31-Mar-19,12:44:22
31-Mar-19,12:44:22
31-Mar-19,12:44:23
31-Mar-19,12:44:23
31-Mar-19,12:44:23
31-Mar-19,12:44:23
31-Mar-19,12:44:23
31-Mar-19,12:44:23
31-Mar-19,12:44:23
31-Mar-19,12:44:23
31-Mar-19,12:44:23
31-Mar-19,12:44:23
31-Mar-19,12:44:23
31-Mar-19,12:44:23
31-Mar-19,12:44:23
31-Mar-19,12:44:23
31-Mar-19,12:44:23
31-Mar-19,12:44:23
31-Mar-19,12:44:23
31-Mar-19,12:44:23
31-Mar-19,12:44:23
31-Mar-19,12:44:23
31-Mar-19,12:44:23
31-Mar-19,12:44:23
31-Mar-19,12:44:23
31-Mar-19,12:44:23
31-Mar-19,12:44:23
31-Mar-19,12:44:24
31-Mar-19,12:44:24
31-Mar-19,12:44:24
31-Mar-19,12:44:24
31-Mar-19,12:44:24
31-Mar-19,12:44:24
31-Mar-19,12:44:24
31-Mar-19,12:44:24
31-Mar-19,12:44:24
31-Mar-19,12:44:24
31-Mar-19,12:44:24
31-Mar-19,12:44:24
31-Mar-19,12:44:24
31-Mar-19,12:44:24
31-Mar-19,12:44:24
31-Mar-19,12:44:24
31-Mar-19,12:44:24
31-Mar-19,12:44:24
31-Mar-19,12:44:24
31-Mar-19,12:44:24
31-Mar-19,12:44:24
31-Mar-19,12:44:24
31-Mar-19,12:44:25
31-Mar-19,12:44:25
31-Mar-19,12:44:25
31-Mar-19,12:44:25
31-Mar-19,12:44:25
31-Mar-19,12:44:25
31-Mar-19,12:44:25
31-Mar-19,12:44:25
31-Mar-19,12:44:25
31-Mar-19,12:44:25
31-Mar-19,12:44:25
31-Mar-19,12:44:25
31-Mar-19,12:44:25
31-Mar-19,12:44:25
31-Mar-19,12:44:25
31-Mar-19,12:44:25
31-Mar-19,12:44:25
31-Mar-19,12:44:25
31-Mar-19,12:44:25
31-Mar-19,12:44:25
31-Mar-19,12:44:25
31-Mar-19,12:44:25
31-Mar-19,12:44:25
31-Mar-19,12:44:25
31-Mar-19,12:44:25
31-Mar-19,12:44:26
31-Mar-19,12:44:26
31-Mar-19,12:44:26
31-Mar-19,12:44:26
31-Mar-19,12:44:26
31-Mar-19,12:44:26
31-Mar-19,12:44:26
31-Mar-19,12:44:26
31-Mar-19,12:44:26
31-Mar-19,12:44:26
31-Mar-19,12:44:26
31-Mar-19,12:44:26
31-Mar-19,12:44:26
31-Mar-19,12:44:26
31-Mar-19,12:44:26
31-Mar-19,12:44:26
31-Mar-19,12:44:26
31-Mar-19,12:44:26
31-Mar-19,12:44:26
31-Mar-19,12:44:26
31-Mar-19,12:44:26
31-Mar-19,12:44:27
31-Mar-19,12:44:27
31-Mar-19,12:44:27
31-Mar-19,12:44:27
31-Mar-19,12:44:27
31-Mar-19,12:44:27
31-Mar-19,12:44:27
31-Mar-19,12:44:27
31-Mar-19,12:44:27
31-Mar-19,12:44:27
31-Mar-19,12:44:27
31-Mar-19,12:44:27
31-Mar-19,12:44:27
31-Mar-19,12:44:27
31-Mar-19,12:44:27
31-Mar-19,12:44:27
31-Mar-19,12:44:27
31-Mar-19,12:44:27
31-Mar-19,12:44:27
31-Mar-19,12:44:27
31-Mar-19,12:44:27
31-Mar-19,12:44:27
31-Mar-19,12:44:27
31-Mar-19,12:44:27
31-Mar-19,12:44:28
31-Mar-19,12:44:28
31-Mar-19,12:44:28
31-Mar-19,12:44:28
31-Mar-19,12:44:28
31-Mar-19,12:44:28
31-Mar-19,12:44:28
31-Mar-19,12:44:28
31-Mar-19,12:44:28
31-Mar-19,12:44:28
31-Mar-19,12:44:28
31-Mar-19,12:44:28
31-Mar-19,12:44:28
31-Mar-19,12:44:28
31-Mar-19,12:44:28
31-Mar-19,12:44:28
31-Mar-19,12:44:28
31-Mar-19,12:44:28
31-Mar-19,12:44:28
31-Mar-19,12:44:28
31-Mar-19,12:44:28
31-Mar-19,12:44:28
31-Mar-19,12:44:28
31-Mar-19,12:44:28
31-Mar-19,12:44:28
31-Mar-19,12:44:28
31-Mar-19,12:44:29
31-Mar-19,12:44:29
31-Mar-19,12:44:29
31-Mar-19,12:44:29
31-Mar-19,12:44:29
31-Mar-19,12:44:29
31-Mar-19,12:44:29
31-Mar-19,12:44:29
31-Mar-19,12:44:29
31-Mar-19,12:44:29
31-Mar-19,12:44:29
31-Mar-19,12:44:29
31-Mar-19,12:44:29
31-Mar-19,12:44:29
31-Mar-19,12:44:29
31-Mar-19,12:44:29
31-Mar-19,12:44:29
31-Mar-19,12:44:29
31-Mar-19,12:44:29
31-Mar-19,12:44:29
31-Mar-19,12:44:29
31-Mar-19,12:44:29
31-Mar-19,12:44:29
31-Mar-19,12:44:30
31-Mar-19,12:44:30
25-Apr-19, 09:29:20 
25-Apr-19, 09:29:21 
25-Apr-19, 09:29:22 
25-Apr-19, 09:29:25 
25-Apr-19, 09:29:26 
25-Apr-19, 09:29:27 
25-Apr-19, 09:29:27 
25-Apr-19, 09:29:30 
25-Apr-19, 09:29:31 
25-Apr-19, 09:29:32 
25-Apr-19, 09:29:35 
25-Apr-19, 09:29:36 
25-Apr-19, 09:29:36 
25-Apr-19, 09:29:37 
25-Apr-19, 09:29:40 
25-Apr-19, 09:29:42 
25-Apr-19, 09:29:43 
25-Apr-19, 09:29:45 
25-Apr-19, 09:29:46 
25-Apr-19, 09:29:47 
25-Apr-19, 09:29:48 
25-Apr-19, 09:29:50 
25-Apr-19, 09:29:52 
25-Apr-19, 09:29:55 
25-Apr-19, 09:29:56 
25-Apr-19, 09:29:56 
25-Apr-19, 09:29:57 
25-Apr-19, 09:29:58 
25-Apr-19, 09:30:00 
25-Apr-19, 09:30:01 
25-Apr-19, 09:30:02 
25-Apr-19, 09:30:03 
25-Apr-19, 09:30:05 
25-Apr-19, 09:30:06 
25-Apr-19, 09:30:07 
25-Apr-19, 09:30:08 
25-Apr-19, 09:30:10 
25-Apr-19, 09:30:12 
25-Apr-19, 09:30:13 
25-Apr-19, 09:30:15 
25-Apr-19, 09:30:16 
25-Apr-19, 09:30:16 
25-Apr-19, 09:30:17 
25-Apr-19, 09:30:18 
25-Apr-19, 09:30:20 
25-Apr-19, 09:30:21 
25-Apr-19, 09:30:22 
25-Apr-19, 09:30:23 
25-Apr-19, 09:30:25 
25-Apr-19, 09:30:26 
25-Apr-19, 09:30:27 
25-Apr-19, 09:30:28 
25-Apr-19, 09:30:30 
25-Apr-19, 09:30:31 
25-Apr-19, 09:30:32 
25-Apr-19, 09:30:33 
25-Apr-19, 09:30:35 
25-Apr-19, 09:30:36 
25-Apr-19, 09:30:36 
25-Apr-19, 09:30:37 
25-Apr-19, 09:30:38 
25-Apr-19, 09:30:40 
25-Apr-19, 09:30:41 
25-Apr-19, 09:30:42 
25-Apr-19, 09:30:43 
25-Apr-19, 09:30:45 
25-Apr-19, 09:30:46 
25-Apr-19, 09:30:47 
25-Apr-19, 09:30:48 
25-Apr-19, 09:30:50 
25-Apr-19, 09:30:51 
25-Apr-19, 09:30:52 
25-Apr-19, 09:30:53 
25-Apr-19, 09:30:55 
25-Apr-19, 09:30:56 
25-Apr-19, 09:30:56 
25-Apr-19, 09:30:57 
25-Apr-19, 09:30:58 
25-Apr-19, 09:31:00 
25-Apr-19, 09:31:01 
25-Apr-19, 09:31:02 
25-Apr-19, 09:31:03 
25-Apr-19, 09:31:05 
25-Apr-19, 09:31:06 
25-Apr-19, 09:31:07 
25-Apr-19, 09:31:08 
25-Apr-19, 09:31:11 
25-Apr-19, 09:31:12 
25-Apr-19, 09:31:13 
25-Apr-19, 09:31:15 
25-Apr-19, 09:31:16 
25-Apr-19, 09:31:16 
25-Apr-19, 09:31:17 
25-Apr-19, 09:31:18 
25-Apr-19, 09:31:20 
25-Apr-19, 09:31:21 
25-Apr-19, 09:31:22 
25-Apr-19, 09:31:23 
25-Apr-19, 09:31:25 
25-Apr-19, 09:31:26 
25-Apr-19, 09:31:27 
25-Apr-19, 09:31:28 
25-Apr-19, 09:31:30 
25-Apr-19, 09:31:31 
25-Apr-19, 09:31:32 
25-Apr-19, 09:31:33 
25-Apr-19, 09:31:35 
25-Apr-19, 09:31:36 
25-Apr-19, 09:31:36 
25-Apr-19, 09:31:37 
25-Apr-19, 09:31:38 
25-Apr-19, 09:31:40 
25-Apr-19, 09:31:41 
25-Apr-19, 09:31:42 
25-Apr-19, 09:31:43 
25-Apr-19, 09:31:45 
25-Apr-19, 09:31:46 
25-Apr-19, 09:31:47 
25-Apr-19, 09:31:48 
25-Apr-19, 09:31:50 
25-Apr-19, 09:31:51 
25-Apr-19, 09:31:52 
25-Apr-19, 09:31:53 
25-Apr-19, 09:31:55 
25-Apr-19, 09:31:56 
25-Apr-19, 09:31:56 
25-Apr-19, 09:31:57 
25-Apr-19, 09:31:58 
25-Apr-19, 09:32:00 
25-Apr-19, 09:32:01 
25-Apr-19, 09:32:02 
25-Apr-19, 09:32:03 
25-Apr-19, 09:32:05 
25-Apr-19, 09:32:06 
25-Apr-19, 09:32:07 
25-Apr-19, 09:32:08 
25-Apr-19, 09:32:10 
25-Apr-19, 09:32:11 
25-Apr-19, 09:32:12 
25-Apr-19, 09:32:13 
25-Apr-19, 09:32:15 
25-Apr-19, 09:32:16 
25-Apr-19, 09:32:16 
25-Apr-19, 09:32:17 
25-Apr-19, 09:32:18 
25-Apr-19, 09:32:20 
25-Apr-19, 09:32:21 
25-Apr-19, 09:32:22 
25-Apr-19, 09:32:23 
25-Apr-19, 09:32:25 
25-Apr-19, 09:32:26 
25-Apr-19, 09:32:27 
25-Apr-19, 09:32:28 
25-Apr-19, 09:32:30 
25-Apr-19, 09:32:31 
25-Apr-19, 09:32:32 
25-Apr-19, 09:32:33 
25-Apr-19, 09:32:35 
25-Apr-19, 09:32:36 
25-Apr-19, 09:32:36 
25-Apr-19, 09:32:37 
25-Apr-19, 09:32:38 
25-Apr-19, 09:32:40 
25-Apr-19, 09:32:41 
25-Apr-19, 09:32:42 
25-Apr-19, 09:32:43 
25-Apr-19, 09:32:45 
25-Apr-19, 09:32:46 
25-Apr-19, 09:32:47 
25-Apr-19, 09:32:48 
25-Apr-19, 09:32:50 
25-Apr-19, 09:32:51 
25-Apr-19, 09:32:52 
25-Apr-19, 09:32:53 
25-Apr-19, 09:32:55 
25-Apr-19, 09:32:56 
25-Apr-19, 09:32:56 
25-Apr-19, 09:32:57 
25-Apr-19, 09:32:58 
25-Apr-19, 09:33:00 
25-Apr-19, 09:33:01 
25-Apr-19, 09:33:02 
25-Apr-19, 09:33:03 
25-Apr-19, 09:33:05 
25-Apr-19, 09:33:06 
25-Apr-19, 09:33:07 
25-Apr-19, 09:33:08 
25-Apr-19, 09:33:10 
25-Apr-19, 09:33:11 
25-Apr-19, 09:33:12 
25-Apr-19, 09:33:12 
25-Apr-19, 09:33:13 
25-Apr-19, 09:33:15 
25-Apr-19, 09:33:16 
25-Apr-19, 09:33:17 
25-Apr-19, 09:33:18 
25-Apr-19, 09:33:20 
25-Apr-19, 09:33:21 
25-Apr-19, 09:33:22 
25-Apr-19, 09:33:23 
25-Apr-19, 09:33:25 
25-Apr-19, 09:33:26 
25-Apr-19, 09:33:27 
25-Apr-19, 09:33:28 
25-Apr-19, 09:33:30 
25-Apr-19, 09:33:31 
25-Apr-19, 09:33:32 
25-Apr-19, 09:33:32 
25-Apr-19, 09:33:35 
25-Apr-19, 09:33:36 
25-Apr-19, 09:33:37 
25-Apr-19, 09:33:38 
25-Apr-19, 09:33:41 
25-Apr-19, 09:33:42 
25-Apr-19, 09:33:43 
25-Apr-19, 09:33:45 
25-Apr-19, 09:33:46 
25-Apr-19, 09:33:47 
25-Apr-19, 09:33:48 
25-Apr-19, 09:33:50 
25-Apr-19, 09:33:51 
25-Apr-19, 09:33:52 
25-Apr-19, 09:33:52 
25-Apr-19, 09:33:53 
25-Apr-19, 09:33:55 
25-Apr-19, 09:33:56 
25-Apr-19, 09:33:57 
25-Apr-19, 09:33:58 
25-Apr-19, 09:34:00 
25-Apr-19, 09:34:01 
25-Apr-19, 09:34:02 
25-Apr-19, 09:34:03 
25-Apr-19, 09:34:05 
25-Apr-19, 09:34:06 
25-Apr-19, 09:34:07 
25-Apr-19, 09:34:08 
25-Apr-19, 09:34:10 
25-Apr-19, 09:34:11 
25-Apr-19, 09:34:12 
25-Apr-19, 09:34:12 
25-Apr-19, 09:34:13 
25-Apr-19, 09:34:15 
25-Apr-19, 09:34:16 
25-Apr-19, 09:34:17 
25-Apr-19, 09:34:18 
25-Apr-19, 09:34:21 
25-Apr-19, 09:34:22 
25-Apr-19, 09:34:23 
25-Apr-19, 09:34:25 
25-Apr-19, 09:34:26 
25-Apr-19, 09:34:27 
25-Apr-19, 09:34:31 
25-Apr-19, 09:34:32 
25-Apr-19, 09:34:32 
25-Apr-19, 09:34:35 
25-Apr-19, 09:34:36 
25-Apr-19, 09:34:37 
25-Apr-19, 09:34:38 
25-Apr-19, 09:34:40 
25-Apr-19, 09:34:42 
25-Apr-19, 09:34:43 
25-Apr-19, 09:34:45 
25-Apr-19, 09:34:46 
25-Apr-19, 09:34:47 
25-Apr-19, 09:34:51 
25-Apr-19, 09:34:52 
25-Apr-19, 09:34:52 
25-Apr-19, 09:34:53 
25-Apr-19, 09:34:55 
25-Apr-19, 09:34:56 
25-Apr-19, 09:34:57 
25-Apr-19, 09:34:58 
25-Apr-19, 09:35:00 
25-Apr-19, 09:35:01 
25-Apr-19, 09:35:02 
25-Apr-19, 09:35:03 
25-Apr-19, 09:35:05 
25-Apr-19, 09:35:07 
25-Apr-19, 09:35:08 
25-Apr-19, 09:35:10 
25-Apr-19, 09:35:12 
25-Apr-19, 09:35:12 
25-Apr-19, 09:35:13 
25-Apr-19, 09:35:15 
25-Apr-19, 09:35:17 
25-Apr-19, 09:35:17 
25-Apr-19, 09:35:18 
25-Apr-19, 09:35:20 
25-Apr-19, 09:35:22 
25-Apr-19, 09:35:23 
25-Apr-19, 09:35:25 
25-Apr-19, 09:35:28 
25-Apr-19, 09:35:28 
25-Apr-19, 09:35:30 
25-Apr-19, 09:35:32 
25-Apr-19, 09:35:33 
25-Apr-19, 09:35:35 
25-Apr-19, 09:35:37 
25-Apr-19, 09:35:37 
25-Apr-19, 09:35:38 
25-Apr-19, 09:35:40 
25-Apr-19, 09:35:42 
25-Apr-19, 09:35:43 
25-Apr-19, 09:35:45 
25-Apr-19, 09:35:47 
25-Apr-19, 09:35:48 
25-Apr-19, 09:35:48 
25-Apr-19, 09:35:50 
25-Apr-19, 09:35:52 
25-Apr-19, 09:35:53 
25-Apr-19, 09:35:55 
25-Apr-19, 09:35:57 
25-Apr-19, 09:35:57 
25-Apr-19, 09:35:58 
25-Apr-19, 09:36:00 
25-Apr-19, 09:36:02 
25-Apr-19, 09:36:03 
25-Apr-19, 09:36:05 
25-Apr-19, 09:36:07 
25-Apr-19, 09:36:08 
25-Apr-19, 09:36:08 
25-Apr-19, 09:36:10 
25-Apr-19, 09:36:12 
25-Apr-19, 09:36:13 
25-Apr-19, 09:36:15 
25-Apr-19, 09:36:17 
25-Apr-19, 09:36:17 
25-Apr-19, 09:36:18 
25-Apr-19, 09:36:20 
25-Apr-19, 09:36:22 
25-Apr-19, 09:36:23 
25-Apr-19, 09:36:25 
25-Apr-19, 09:36:27 
25-Apr-19, 09:36:28 
25-Apr-19, 09:36:28 
25-Apr-19, 09:36:30 
25-Apr-19, 09:36:32 
25-Apr-19, 09:36:33 
25-Apr-19, 09:36:35 
25-Apr-19, 09:36:37 
25-Apr-19, 09:36:37 
25-Apr-19, 09:36:38 
25-Apr-19, 09:36:42 
25-Apr-19, 09:36:43 
25-Apr-19, 09:36:45 
25-Apr-19, 09:36:47 
25-Apr-19, 09:36:48 
25-Apr-19, 09:36:48 
25-Apr-19, 09:36:50 
25-Apr-19, 09:36:52 
25-Apr-19, 09:36:53 
25-Apr-19, 09:36:55 
25-Apr-19, 09:36:57 
25-Apr-19, 09:36:57 
25-Apr-19, 09:36:58 
25-Apr-19, 09:37:00 
25-Apr-19, 09:37:02 
25-Apr-19, 09:37:03 
25-Apr-19, 09:37:05 
25-Apr-19, 09:37:07 
25-Apr-19, 09:37:08 
25-Apr-19, 09:37:08 
25-Apr-19, 09:37:10 
25-Apr-19, 09:37:12 
25-Apr-19, 09:37:13 
25-Apr-19, 09:37:15 
25-Apr-19, 09:37:17 
25-Apr-19, 09:37:17 
25-Apr-19, 09:37:18 
25-Apr-19, 09:37:20 
25-Apr-19, 09:37:22 
25-Apr-19, 09:37:23 
25-Apr-19, 09:37:25 
25-Apr-19, 09:37:27 
25-Apr-19, 09:37:28 
25-Apr-19, 09:37:28 
25-Apr-19, 09:37:30 
25-Apr-19, 09:37:32 
25-Apr-19, 09:37:33 
25-Apr-19, 09:37:35 
25-Apr-19, 09:37:37 
25-Apr-19, 09:37:37 
25-Apr-19, 09:37:38 
25-Apr-19, 09:37:40 
25-Apr-19, 09:37:42 
25-Apr-19, 09:37:43 
25-Apr-19, 09:37:45 
25-Apr-19, 09:37:47 
25-Apr-19, 09:37:48 
25-Apr-19, 09:37:48 
25-Apr-19, 09:37:50 
25-Apr-19, 09:37:52 
25-Apr-19, 09:37:53 
25-Apr-19, 09:37:55 
25-Apr-19, 09:37:57 
25-Apr-19, 09:37:57 
25-Apr-19, 09:37:58 
25-Apr-19, 09:38:00 
25-Apr-19, 09:38:02 
25-Apr-19, 09:38:03 
25-Apr-19, 09:38:05 
25-Apr-19, 09:38:07 
25-Apr-19, 09:38:08 
25-Apr-19, 09:38:08 
25-Apr-19, 09:38:10 
25-Apr-19, 09:38:12 
25-Apr-19, 09:38:13 
25-Apr-19, 09:38:15 
25-Apr-19, 09:38:17 
25-Apr-19, 09:38:17 
25-Apr-19, 09:38:18 
25-Apr-19, 09:38:20 
25-Apr-19, 09:38:22 
25-Apr-19, 09:38:23 
25-Apr-19, 09:38:25 
25-Apr-19, 09:38:27 
25-Apr-19, 09:38:28 
25-Apr-19, 09:38:28 
25-Apr-19, 09:38:30 
25-Apr-19, 09:38:32 
25-Apr-19, 09:38:33 
25-Apr-19, 09:38:35 
25-Apr-19, 09:38:38 
25-Apr-19, 09:38:40 
25-Apr-19, 09:38:42 
25-Apr-19, 09:38:43 
25-Apr-19, 09:38:45 
25-Apr-19, 09:38:47 
25-Apr-19, 09:38:48 
25-Apr-19, 09:38:48 
25-Apr-19, 09:38:52 
25-Apr-19, 09:38:53 
25-Apr-19, 09:38:55 
25-Apr-19, 09:38:57 
25-Apr-19, 09:38:57 
25-Apr-19, 09:38:58 
25-Apr-19, 09:39:00 
25-Apr-19, 09:39:02 
25-Apr-19, 09:39:03 
25-Apr-19, 09:39:05 
25-Apr-19, 09:39:07 
25-Apr-19, 09:39:08 
25-Apr-19, 09:39:08 
25-Apr-19, 09:39:10 
25-Apr-19, 09:39:12 
25-Apr-19, 09:39:13 
25-Apr-19, 09:39:15 
25-Apr-19, 09:39:17 
25-Apr-19, 09:39:17 
25-Apr-19, 09:39:18 
25-Apr-19, 09:39:20 
25-Apr-19, 09:39:22 
25-Apr-19, 09:39:23 
25-Apr-19, 09:39:25 
25-Apr-19, 09:39:27 
25-Apr-19, 09:39:28 
25-Apr-19, 09:39:28 
25-Apr-19, 09:39:30 
25-Apr-19, 09:39:32 
25-Apr-19, 09:39:33 
25-Apr-19, 09:39:35 
25-Apr-19, 09:39:37 
25-Apr-19, 09:39:37 
25-Apr-19, 09:39:38 
25-Apr-19, 09:39:40 
25-Apr-19, 09:39:42 
25-Apr-19, 09:39:45 
25-Apr-19, 09:39:47 
25-Apr-19, 09:39:48 
25-Apr-19, 09:39:48 
25-Apr-19, 09:39:50 
25-Apr-19, 09:39:52 
25-Apr-19, 09:39:53 
25-Apr-19, 09:39:55 
25-Apr-19, 09:39:57 
25-Apr-19, 09:39:57 
25-Apr-19, 09:39:58 
25-Apr-19, 09:40:00 
25-Apr-19, 09:40:02 
25-Apr-19, 09:40:03 
25-Apr-19, 09:40:05 
25-Apr-19, 09:40:07 
25-Apr-19, 09:40:08 
25-Apr-19, 09:40:08 
25-Apr-19, 09:40:10 
25-Apr-19, 09:40:12 
25-Apr-19, 09:40:13 
25-Apr-19, 09:40:15 
25-Apr-19, 09:40:17 
25-Apr-19, 09:40:17 
25-Apr-19, 09:40:18 
25-Apr-19, 09:40:20 
25-Apr-19, 09:40:22 
25-Apr-19, 09:40:23 
25-Apr-19, 09:40:25 
25-Apr-19, 09:40:28 
25-Apr-19, 09:40:28 
25-Apr-19, 09:40:30 
25-Apr-19, 09:40:32 
25-Apr-19, 09:40:33 
25-Apr-19, 09:40:35 
25-Apr-19, 09:40:37 
25-Apr-19, 09:40:37 
25-Apr-19, 09:40:38 
25-Apr-19, 09:40:40 
25-Apr-19, 09:40:42 
25-Apr-19, 09:40:43 
25-Apr-19, 09:40:45 
25-Apr-19, 09:40:47 
25-Apr-19, 09:40:48 
25-Apr-19, 09:40:48 
25-Apr-19, 09:40:50 
25-Apr-19, 09:40:52 
25-Apr-19, 09:40:53 
25-Apr-19, 09:40:55 
25-Apr-19, 09:40:57 
25-Apr-19, 09:40:57 
25-Apr-19, 09:40:58 
25-Apr-19, 09:41:00 
25-Apr-19, 09:41:02 
25-Apr-19, 09:41:03 
25-Apr-19, 09:41:06 
25-Apr-19, 09:41:07 
25-Apr-19, 09:41:08 
25-Apr-19, 09:41:08 
25-Apr-19, 09:41:11 
25-Apr-19, 09:41:12 
25-Apr-19, 09:41:13 
25-Apr-19, 09:41:16 
25-Apr-19, 09:41:17 
25-Apr-19, 09:41:17 
25-Apr-19, 09:41:18 
25-Apr-19, 09:41:21 
25-Apr-19, 09:41:22 
25-Apr-19, 09:41:23 
25-Apr-19, 09:41:26 
25-Apr-19, 09:41:27 
25-Apr-19, 09:41:28 
25-Apr-19, 09:41:28 
25-Apr-19, 09:41:31 
25-Apr-19, 09:41:32 
25-Apr-19, 09:41:33 
25-Apr-19, 09:41:36 
25-Apr-19, 09:41:37 
25-Apr-19, 09:41:37 
25-Apr-19, 09:41:38 
25-Apr-19, 09:41:41 
25-Apr-19, 09:41:42 
25-Apr-19, 09:41:43 
25-Apr-19, 09:41:47 
25-Apr-19, 09:41:48 
25-Apr-19, 09:41:48 
25-Apr-19, 09:41:51 
25-Apr-19, 09:41:52 
25-Apr-19, 09:41:53 
25-Apr-19, 09:41:56 
25-Apr-19, 09:41:57 
25-Apr-19, 09:41:57 
25-Apr-19, 09:41:58 
25-Apr-19, 09:42:01 
25-Apr-19, 09:42:02 
25-Apr-19, 09:42:03 
25-Apr-19, 09:42:06 
25-Apr-19, 09:42:07 
25-Apr-19, 09:42:08 
25-Apr-19, 09:42:08 
25-Apr-19, 09:42:11 
25-Apr-19, 09:42:12 
25-Apr-19, 09:42:13 
25-Apr-19, 09:42:16 
25-Apr-19, 09:42:17 
25-Apr-19, 09:42:17 
25-Apr-19, 09:42:18 
25-Apr-19, 09:42:21 
25-Apr-19, 09:42:22 
25-Apr-19, 09:42:23 
25-Apr-19, 09:42:26 
25-Apr-19, 09:42:27 
25-Apr-19, 09:42:28 
25-Apr-19, 09:42:28 
25-Apr-19, 09:42:31 
25-Apr-19, 09:42:32 
25-Apr-19, 09:42:33 
25-Apr-19, 09:42:36 
25-Apr-19, 09:42:37 
25-Apr-19, 09:42:37 
25-Apr-19, 09:42:38 
25-Apr-19, 09:42:41 
25-Apr-19, 09:42:42 
25-Apr-19, 09:42:43 
25-Apr-19, 09:42:46 
25-Apr-19, 09:42:47 
25-Apr-19, 09:42:48 
25-Apr-19, 09:42:48 
25-Apr-19, 09:42:51 
25-Apr-19, 09:42:52 
25-Apr-19, 09:42:53 
25-Apr-19, 09:42:56 
25-Apr-19, 09:42:57 
25-Apr-19, 09:42:57 
25-Apr-19, 09:42:58 
25-Apr-19, 09:43:01 
25-Apr-19, 09:43:02 
25-Apr-19, 09:43:03 
25-Apr-19, 09:43:06 
25-Apr-19, 09:43:07 
25-Apr-19, 09:43:11 
25-Apr-19, 09:43:12 
25-Apr-19, 09:43:13 
25-Apr-19, 09:43:16 
25-Apr-19, 09:43:17 
25-Apr-19, 09:43:17 
25-Apr-19, 09:43:18 
25-Apr-19, 09:43:21 
25-Apr-19, 09:43:22 
25-Apr-19, 09:43:23 
25-Apr-19, 09:43:26 
25-Apr-19, 09:43:27 
25-Apr-19, 09:43:28 
25-Apr-19, 09:43:28 
25-Apr-19, 09:43:31 
25-Apr-19, 09:43:32 
25-Apr-19, 09:43:33 
25-Apr-19, 09:43:36 
25-Apr-19, 09:43:37 
25-Apr-19, 09:43:37 
25-Apr-19, 09:43:38 
25-Apr-19, 09:43:41 
25-Apr-19, 09:43:42 
25-Apr-19, 09:43:43 
25-Apr-19, 09:43:46 
25-Apr-19, 09:43:47 
25-Apr-19, 09:43:48 
25-Apr-19, 09:43:48 
25-Apr-19, 09:43:51 
25-Apr-19, 09:43:52 
25-Apr-19, 09:43:53 
25-Apr-19, 09:43:56 
25-Apr-19, 09:43:57 
25-Apr-19, 09:43:57 
25-Apr-19, 09:43:58 
25-Apr-19, 09:44:01 
25-Apr-19, 09:44:02 
25-Apr-19, 09:44:03 
25-Apr-19, 09:44:06 
25-Apr-19, 09:44:07 
25-Apr-19, 09:44:08 
25-Apr-19, 09:44:08 
25-Apr-19, 09:44:11 
25-Apr-19, 09:44:12 
25-Apr-19, 09:44:13 
25-Apr-19, 09:44:13 
25-Apr-19, 09:44:16 
25-Apr-19, 09:44:17 
25-Apr-19, 09:44:18 
25-Apr-19, 09:44:21 
25-Apr-19, 09:44:22 
25-Apr-19, 09:44:23 
25-Apr-19, 09:44:26 
25-Apr-19, 09:44:27 
25-Apr-19, 09:44:31 
25-Apr-19, 09:44:32 
25-Apr-19, 09:44:33 
25-Apr-19, 09:44:33 
25-Apr-19, 09:44:36 
25-Apr-19, 09:44:37 
25-Apr-19, 09:44:41 
25-Apr-19, 09:44:42 
25-Apr-19, 09:44:43 
25-Apr-19, 09:44:46 
25-Apr-19, 09:44:47 
25-Apr-19, 09:44:48 
25-Apr-19, 09:44:48 
25-Apr-19, 09:44:51 
25-Apr-19, 09:44:52 
25-Apr-19, 09:44:53 
25-Apr-19, 09:44:53 
25-Apr-19, 09:44:56 
25-Apr-19, 09:44:57 
25-Apr-19, 09:44:58 
25-Apr-19, 09:45:01 
25-Apr-19, 09:45:02 
25-Apr-19, 09:45:03 
25-Apr-19, 09:45:06 
25-Apr-19, 09:45:07 
25-Apr-19, 09:45:08 
25-Apr-19, 09:45:08 
25-Apr-19, 09:45:11 
25-Apr-19, 09:45:12 
25-Apr-19, 09:45:13 
25-Apr-19, 09:45:13 
25-Apr-19, 09:45:16 
25-Apr-19, 09:45:17 
25-Apr-19, 09:45:18 
25-Apr-19, 09:45:21 
25-Apr-19, 09:45:22 
25-Apr-19, 09:45:23 
25-Apr-19, 09:45:26 
25-Apr-19, 09:45:28 
25-Apr-19, 09:45:29 
25-Apr-19, 09:45:31 
25-Apr-19, 09:45:33 
25-Apr-19, 09:45:33 
25-Apr-19, 09:45:34 
25-Apr-19, 09:45:36 
25-Apr-19, 09:45:38 
25-Apr-19, 09:45:38 
25-Apr-19, 09:45:39 
25-Apr-19, 09:45:41 
25-Apr-19, 09:45:43 
25-Apr-19, 09:45:44 
25-Apr-19, 09:45:46 
25-Apr-19, 09:45:48 
25-Apr-19, 09:45:49 
25-Apr-19, 09:45:49 
25-Apr-19, 09:45:51 
25-Apr-19, 09:45:53 
25-Apr-19, 09:45:54 
25-Apr-19, 09:45:56 
25-Apr-19, 09:45:58 
25-Apr-19, 09:45:58 
25-Apr-19, 09:45:59 
25-Apr-19, 09:46:01 
25-Apr-19, 09:46:03 
25-Apr-19, 09:46:04 
25-Apr-19, 09:46:06 
25-Apr-19, 09:46:08 
25-Apr-19, 09:46:09 
25-Apr-19, 09:46:09 
25-Apr-19, 09:46:11 
25-Apr-19, 09:46:13 
25-Apr-19, 09:46:14 
25-Apr-19, 09:46:16 
25-Apr-19, 09:46:18 
25-Apr-19, 09:46:18 
25-Apr-19, 09:46:19 
25-Apr-19, 09:46:21 
25-Apr-19, 09:46:23 
25-Apr-19, 09:46:24 
25-Apr-19, 09:46:26 
25-Apr-19, 09:46:28 
25-Apr-19, 09:46:29 
25-Apr-19, 09:46:29 
25-Apr-19, 09:46:31 
25-Apr-19, 09:46:33 
25-Apr-19, 09:46:34 
25-Apr-19, 09:46:36 
25-Apr-19, 09:46:38 
25-Apr-19, 09:46:38 
25-Apr-19, 09:46:39 
25-Apr-19, 09:46:41 
25-Apr-19, 09:46:43 
25-Apr-19, 09:46:44 
25-Apr-19, 09:46:46 
25-Apr-19, 09:46:48 
25-Apr-19, 09:46:49 
25-Apr-19, 09:46:49 
25-Apr-19, 09:46:51 
25-Apr-19, 09:46:53 
25-Apr-19, 09:46:54 
25-Apr-19, 09:46:56 
25-Apr-19, 09:46:58 
25-Apr-19, 09:46:58 
25-Apr-19, 09:46:59 
25-Apr-19, 09:47:01 
25-Apr-19, 09:47:03 
25-Apr-19, 09:47:04 
25-Apr-19, 09:47:06 
25-Apr-19, 09:47:08 
25-Apr-19, 09:47:09 
25-Apr-19, 09:47:09 
25-Apr-19, 09:47:11 
25-Apr-19, 09:47:13 
25-Apr-19, 09:47:14 
25-Apr-19, 09:47:16 
25-Apr-19, 09:47:18 
25-Apr-19, 09:47:18 
25-Apr-19, 09:47:19 
25-Apr-19, 09:47:21 
25-Apr-19, 09:47:23 
25-Apr-19, 09:47:24 
25-Apr-19, 09:47:26 
25-Apr-19, 09:47:28 
25-Apr-19, 09:47:29 
25-Apr-19, 09:47:29 
25-Apr-19, 09:47:31 
25-Apr-19, 09:47:33 
25-Apr-19, 09:47:34 
25-Apr-19, 09:47:36 
25-Apr-19, 09:47:39 
25-Apr-19, 09:47:41 
25-Apr-19, 09:47:43 
25-Apr-19, 09:47:44 
25-Apr-19, 09:47:46 
25-Apr-19, 09:47:48 
25-Apr-19, 09:47:49 
25-Apr-19, 09:47:49 
25-Apr-19, 09:47:51 
25-Apr-19, 09:47:53 
25-Apr-19, 09:47:54 
25-Apr-19, 09:47:56 
25-Apr-19, 09:47:58 
25-Apr-19, 09:47:58 
25-Apr-19, 09:47:59 
25-Apr-19, 09:48:01 
25-Apr-19, 09:48:03 
25-Apr-19, 09:48:04 
25-Apr-19, 09:48:06 
25-Apr-19, 09:48:08 
25-Apr-19, 09:48:09 
25-Apr-19, 09:48:09 
25-Apr-19, 09:48:11 
25-Apr-19, 09:48:13 
25-Apr-19, 09:48:14 
25-Apr-19, 09:48:16 
25-Apr-19, 09:48:18 
25-Apr-19, 09:48:18 
25-Apr-19, 09:48:19 
25-Apr-19, 09:48:21 
25-Apr-19, 09:48:23 
25-Apr-19, 09:48:24 
25-Apr-19, 09:48:26 
25-Apr-19, 09:48:28 
25-Apr-19, 09:48:29 
25-Apr-19, 09:48:29 
25-Apr-19, 09:48:31 
25-Apr-19, 09:48:33 
25-Apr-19, 09:48:34 
25-Apr-19, 09:48:36 
25-Apr-19, 09:48:38 
25-Apr-19, 09:48:38 
25-Apr-19, 09:48:39 
25-Apr-19, 09:48:41 
25-Apr-19, 09:48:43 
25-Apr-19, 09:48:44 
25-Apr-19, 09:48:46 
25-Apr-19, 09:48:48 
25-Apr-19, 09:48:49 
25-Apr-19, 09:48:49 
25-Apr-19, 09:48:51 
25-Apr-19, 09:48:56 
25-Apr-19, 09:48:58 
25-Apr-19, 09:48:58 
25-Apr-19, 09:49:01 
25-Apr-19, 09:49:03 
25-Apr-19, 09:49:04 
25-Apr-19, 09:49:06 
25-Apr-19, 09:49:08 
25-Apr-19, 09:49:09 
25-Apr-19, 09:49:09 
25-Apr-19, 09:49:11 
25-Apr-19, 09:49:13 
25-Apr-19, 09:49:14 
25-Apr-19, 09:49:16 
25-Apr-19, 09:49:18 
25-Apr-19, 09:49:18 
25-Apr-19, 09:49:19 
25-Apr-19, 09:49:21 
25-Apr-19, 09:49:23 
25-Apr-19, 09:49:24 
25-Apr-19, 09:49:26 
25-Apr-19, 09:49:28 
25-Apr-19, 09:49:29 
25-Apr-19, 09:49:29 
25-Apr-19, 09:49:31 
25-Apr-19, 09:49:33 
25-Apr-19, 09:49:34 
25-Apr-19, 09:49:36 
25-Apr-19, 09:49:38 
25-Apr-19, 09:49:38 
25-Apr-19, 09:49:39 
25-Apr-19, 09:49:41 
25-Apr-19, 09:49:43 
25-Apr-19, 09:49:46 
25-Apr-19, 09:49:48 
25-Apr-19, 09:49:51 
25-Apr-19, 09:49:53 
25-Apr-19, 09:49:54 
25-Apr-19, 09:49:56 
25-Apr-19, 09:49:58 
25-Apr-19, 09:49:58 
25-Apr-19, 09:49:59 
25-Apr-19, 09:50:01 
25-Apr-19, 09:50:03 
25-Apr-19, 09:50:04 
25-Apr-19, 09:50:08 
25-Apr-19, 09:50:09 
25-Apr-19, 09:50:09 
25-Apr-19, 09:50:11 
25-Apr-19, 09:50:13 
25-Apr-19, 09:50:14 
25-Apr-19, 09:50:19 
25-Apr-19, 09:50:23 
25-Apr-19, 09:50:24 
25-Apr-19, 09:50:26 
25-Apr-19, 09:50:29 
25-Apr-19, 09:50:29 
25-Apr-19, 09:50:31 
25-Apr-19, 09:50:33 
25-Apr-19, 09:50:34 
25-Apr-19, 09:50:36 
25-Apr-19, 09:50:38 
25-Apr-19, 09:50:38 
25-Apr-19, 09:50:39 
25-Apr-19, 09:50:41 
25-Apr-19, 09:50:43 
25-Apr-19, 09:50:44 
25-Apr-19, 09:50:46 
25-Apr-19, 09:50:48 
25-Apr-19, 09:50:49 
25-Apr-19, 09:50:49 
25-Apr-19, 09:50:51 
25-Apr-19, 09:50:53 
25-Apr-19, 09:50:54 
25-Apr-19, 09:50:56 
25-Apr-19, 09:50:58 
25-Apr-19, 09:50:58 
25-Apr-19, 09:50:59 
25-Apr-19, 09:51:01 
25-Apr-19, 09:51:03 
25-Apr-19, 09:51:04 
25-Apr-19, 09:51:06 
25-Apr-19, 09:51:08 
25-Apr-19, 09:51:09 
25-Apr-19, 09:51:09 
25-Apr-19, 09:51:11 
25-Apr-19, 09:51:13 
25-Apr-19, 09:51:14 
25-Apr-19, 09:51:16 
25-Apr-19, 09:51:18 
25-Apr-19, 09:51:18 
25-Apr-19, 09:51:19 
25-Apr-19, 09:51:21 
25-Apr-19, 09:51:23 
25-Apr-19, 09:51:24 
25-Apr-19, 09:51:26 
25-Apr-19, 09:51:28 
25-Apr-19, 09:51:29 
25-Apr-19, 09:51:29 
25-Apr-19, 09:51:31 
25-Apr-19, 09:51:33 
25-Apr-19, 09:51:34 
25-Apr-19, 09:51:36 
25-Apr-19, 09:51:38 
25-Apr-19, 09:51:38 
25-Apr-19, 09:51:39 
25-Apr-19, 09:51:41 
25-Apr-19, 09:51:43 
25-Apr-19, 09:51:44 
25-Apr-19, 09:51:46 
25-Apr-19, 09:51:48 
25-Apr-19, 09:51:49 
25-Apr-19, 09:51:49 
25-Apr-19, 09:51:51 
25-Apr-19, 09:51:53 
25-Apr-19, 09:51:54 
25-Apr-19, 09:51:56 
25-Apr-19, 09:51:58 
25-Apr-19, 09:51:58 
25-Apr-19, 09:51:59 
25-Apr-19, 09:52:01 
25-Apr-19, 09:52:03 
25-Apr-19, 09:52:04 
25-Apr-19, 09:52:06 
25-Apr-19, 09:52:08 
25-Apr-19, 09:52:09 
25-Apr-19, 09:52:09 
25-Apr-19, 09:52:11 
25-Apr-19, 09:52:13 
25-Apr-19, 09:52:14 
25-Apr-19, 09:52:16 
25-Apr-19, 09:52:23 
25-Apr-19, 09:52:24 
25-Apr-19, 09:52:26 
25-Apr-19, 09:52:28 
25-Apr-19, 09:52:29 
25-Apr-19, 09:52:29 
25-Apr-19, 09:52:31 
25-Apr-19, 09:52:33 
25-Apr-19, 09:52:36 
25-Apr-19, 09:52:38 
25-Apr-19, 09:52:38 
25-Apr-19, 09:52:39 
25-Apr-19, 09:52:41 
25-Apr-19, 09:52:43 
25-Apr-19, 09:52:44 
25-Apr-19, 09:52:46 
25-Apr-19, 09:52:48 
25-Apr-19, 09:52:49 
25-Apr-19, 09:52:49 
25-Apr-19, 09:52:51 
25-Apr-19, 09:52:53 
25-Apr-19, 09:52:54 
25-Apr-19, 09:52:56 
25-Apr-19, 09:52:58 
25-Apr-19, 09:52:58 
25-Apr-19, 09:52:59 
25-Apr-19, 09:53:01 
25-Apr-19, 09:53:03 
25-Apr-19, 09:53:04 
25-Apr-19, 09:53:07 
25-Apr-19, 09:53:08 
25-Apr-19, 09:53:09 
25-Apr-19, 09:53:09 
25-Apr-19, 09:53:12 
25-Apr-19, 09:53:13 
25-Apr-19, 09:53:14 
25-Apr-19, 09:53:17 
25-Apr-19, 09:53:18 
25-Apr-19, 09:53:18 
25-Apr-19, 09:53:19 
25-Apr-19, 09:53:22 
25-Apr-19, 09:53:23 
25-Apr-19, 09:53:24 
25-Apr-19, 09:53:27 
25-Apr-19, 09:53:32 
25-Apr-19, 09:53:33 
25-Apr-19, 09:53:34 
25-Apr-19, 09:53:34 
25-Apr-19, 09:53:37 
25-Apr-19, 09:53:38 
25-Apr-19, 09:53:39 
25-Apr-19, 09:53:42 
25-Apr-19, 09:53:43 
25-Apr-19, 09:53:44 
25-Apr-19, 09:53:47 
25-Apr-19, 09:53:48 
25-Apr-19, 09:53:50 
25-Apr-19, 09:53:52 
25-Apr-19, 09:53:53 
25-Apr-19, 09:53:54 
25-Apr-19, 09:53:54 
25-Apr-19, 09:53:55 
25-Apr-19, 09:53:57 
25-Apr-19, 09:53:58 
25-Apr-19, 09:53:59 
25-Apr-19, 09:54:00 
25-Apr-19, 09:54:02 
25-Apr-19, 09:54:03 
25-Apr-19, 09:54:04 
25-Apr-19, 09:54:05 
25-Apr-19, 09:54:08 
25-Apr-19, 09:54:09 
25-Apr-19, 09:54:10 
25-Apr-19, 09:54:12 
25-Apr-19, 09:54:13 
25-Apr-19, 09:54:14 
25-Apr-19, 09:54:15 
25-Apr-19, 09:54:17 
25-Apr-19, 09:54:18 
25-Apr-19, 09:54:19 
25-Apr-19, 09:54:20 
25-Apr-19, 09:54:22 
25-Apr-19, 09:54:23 
25-Apr-19, 09:54:24 
25-Apr-19, 09:54:25 
25-Apr-19, 09:54:27 
25-Apr-19, 09:54:28 
25-Apr-19, 09:54:29 
25-Apr-19, 09:54:30 
25-Apr-19, 09:54:30 
25-Apr-19, 09:54:32 
25-Apr-19, 09:54:33 
25-Apr-19, 09:54:34 
25-Apr-19, 09:54:35 
25-Apr-19, 09:54:37 
25-Apr-19, 09:54:38 
25-Apr-19, 09:54:39 
25-Apr-19, 09:54:40 
25-Apr-19, 09:54:42 
25-Apr-19, 09:54:43 
25-Apr-19, 09:54:44 
25-Apr-19, 09:54:45 
25-Apr-19, 09:54:47 
25-Apr-19, 09:54:48 
25-Apr-19, 09:54:49 
25-Apr-19, 09:54:50 
25-Apr-19, 09:54:50 
25-Apr-19, 09:54:52 
25-Apr-19, 09:54:53 
25-Apr-19, 09:54:54 
25-Apr-19, 09:54:55 
25-Apr-19, 09:54:57 
25-Apr-19, 09:54:58 
25-Apr-19, 09:54:59 
25-Apr-19, 09:55:00 
25-Apr-19, 09:55:02 
25-Apr-19, 09:55:03 
25-Apr-19, 09:55:04 
25-Apr-19, 09:55:05 
25-Apr-19, 09:55:07 
25-Apr-19, 09:55:08 
25-Apr-19, 09:55:09 
25-Apr-19, 09:55:10 
25-Apr-19, 09:55:10 
25-Apr-19, 09:55:12 
25-Apr-19, 09:55:13 
25-Apr-19, 09:55:14 
25-Apr-19, 09:55:15 
25-Apr-19, 09:55:17 
25-Apr-19, 09:55:18 
25-Apr-19, 09:55:19 
25-Apr-19, 09:55:20 
25-Apr-19, 09:55:22 
25-Apr-19, 09:55:23 
25-Apr-19, 09:55:24 
25-Apr-19, 09:55:25 
25-Apr-19, 09:55:27 
25-Apr-19, 09:55:28 
25-Apr-19, 09:55:29 
25-Apr-19, 09:55:30 
25-Apr-19, 09:55:30 
25-Apr-19, 09:55:32 
25-Apr-19, 09:55:33 
25-Apr-19, 09:55:34 
25-Apr-19, 09:55:35 
25-Apr-19, 09:55:37 
25-Apr-19, 09:55:38 
25-Apr-19, 09:55:39 
25-Apr-19, 09:55:40 
25-Apr-19, 09:55:42 
25-Apr-19, 09:55:43 
25-Apr-19, 09:55:44 
25-Apr-19, 09:55:45 
25-Apr-19, 09:55:47 
25-Apr-19, 09:55:48 
25-Apr-19, 09:55:49 
25-Apr-19, 09:55:50 
25-Apr-19, 09:55:50 
25-Apr-19, 09:55:52 
25-Apr-19, 09:55:53 
25-Apr-19, 09:55:54 
25-Apr-19, 09:55:55 
25-Apr-19, 09:55:57 
25-Apr-19, 09:55:58 
25-Apr-19, 09:55:59 
25-Apr-19, 09:56:00 
25-Apr-19, 09:56:02 
25-Apr-19, 09:56:03 
25-Apr-19, 09:56:04 
25-Apr-19, 09:56:05 
25-Apr-19, 09:56:07 
25-Apr-19, 09:56:08 
25-Apr-19, 09:56:09 
25-Apr-19, 09:56:10 
25-Apr-19, 09:56:10 
25-Apr-19, 09:56:12 
25-Apr-19, 09:56:13 
25-Apr-19, 09:56:14 
25-Apr-19, 09:56:15 
25-Apr-19, 09:56:17 
25-Apr-19, 09:56:18 
25-Apr-19, 09:56:19 
25-Apr-19, 09:56:20 
25-Apr-19, 09:56:22 
25-Apr-19, 09:56:23 
25-Apr-19, 09:56:24 
25-Apr-19, 09:56:25 
25-Apr-19, 09:56:27 
25-Apr-19, 09:56:28 
25-Apr-19, 09:56:29 
25-Apr-19, 09:56:30 
25-Apr-19, 09:56:30 
25-Apr-19, 09:56:34 
25-Apr-19, 09:56:35 
25-Apr-19, 09:56:37 
25-Apr-19, 09:56:39 
25-Apr-19, 09:56:39 
25-Apr-19, 09:56:40 
25-Apr-19, 09:56:42 
25-Apr-19, 09:56:44 
25-Apr-19, 09:56:45 
25-Apr-19, 09:56:47 
25-Apr-19, 09:56:50 
25-Apr-19, 09:56:50 
25-Apr-19, 09:56:52 
25-Apr-19, 09:56:54 
25-Apr-19, 09:56:57 
25-Apr-19, 09:56:59 
25-Apr-19, 09:56:59 
25-Apr-19, 09:57:00 
25-Apr-19, 09:57:02 
25-Apr-19, 09:57:04 
25-Apr-19, 09:57:05 
25-Apr-19, 09:57:07 
25-Apr-19, 09:57:09 
25-Apr-19, 09:57:10 
25-Apr-19, 09:57:10 
25-Apr-19, 09:57:12 
25-Apr-19, 09:57:15 
25-Apr-19, 09:57:17 
25-Apr-19, 09:57:19 
25-Apr-19, 09:57:19 
25-Apr-19, 09:57:20 
25-Apr-19, 09:57:22 
25-Apr-19, 09:57:24 
25-Apr-19, 09:57:25 
25-Apr-19, 09:57:27 
25-Apr-19, 09:57:29 
25-Apr-19, 09:57:30 
25-Apr-19, 09:57:30 
25-Apr-19, 09:57:32 
25-Apr-19, 09:57:37 
25-Apr-19, 09:57:39 
25-Apr-19, 09:57:39 
25-Apr-19, 09:57:40 
25-Apr-19, 09:57:42 
25-Apr-19, 09:57:44 
25-Apr-19, 09:57:45 
25-Apr-19, 09:57:47 
25-Apr-19, 09:57:49 
25-Apr-19, 09:57:50 
25-Apr-19, 09:57:50 
25-Apr-19, 09:57:52 
25-Apr-19, 09:57:54 
25-Apr-19, 09:57:55 
25-Apr-19, 09:57:57 
25-Apr-19, 09:57:59 
25-Apr-19, 09:57:59 
25-Apr-19, 09:58:00 
25-Apr-19, 09:58:02 
25-Apr-19, 09:58:04 
25-Apr-19, 09:58:05 
25-Apr-19, 09:58:07 
25-Apr-19, 09:58:09 
25-Apr-19, 09:58:10 
25-Apr-19, 09:58:10 
25-Apr-19, 09:58:14 
25-Apr-19, 09:58:15 
25-Apr-19, 09:58:17 
25-Apr-19, 09:58:19 
25-Apr-19, 09:58:19 
25-Apr-19, 09:58:20 
25-Apr-19, 09:58:22 
25-Apr-19, 09:58:24 
25-Apr-19, 09:58:25 
25-Apr-19, 09:58:27 
25-Apr-19, 09:58:29 
25-Apr-19, 09:58:30 
25-Apr-19, 09:58:30 
25-Apr-19, 09:58:32 
25-Apr-19, 09:58:34 
25-Apr-19, 09:58:35 
25-Apr-19, 09:58:37 
25-Apr-19, 09:58:39 
25-Apr-19, 09:58:39 
25-Apr-19, 09:58:40 
25-Apr-19, 09:58:42 
25-Apr-19, 09:58:44 
25-Apr-19, 09:58:45 
25-Apr-19, 09:58:47 
25-Apr-19, 09:58:49 
25-Apr-19, 09:58:50 
25-Apr-19, 09:58:50 
25-Apr-19, 09:58:52 
25-Apr-19, 09:58:54 
25-Apr-19, 09:58:55 
25-Apr-19, 09:58:57 
25-Apr-19, 09:58:59 
25-Apr-19, 09:58:59 
25-Apr-19, 09:59:00 
25-Apr-19, 09:59:02 
25-Apr-19, 09:59:04 
25-Apr-19, 09:59:05 
25-Apr-19, 09:59:07 
25-Apr-19, 09:59:09 
25-Apr-19, 09:59:10 
25-Apr-19, 09:59:10 
25-Apr-19, 09:59:12 
25-Apr-19, 09:59:13 
25-Apr-19, 09:59:14 
25-Apr-19, 09:59:15 
25-Apr-19, 09:59:15 
25-Apr-19, 09:59:18 
25-Apr-19, 09:59:19 
25-Apr-19, 09:59:19 
25-Apr-19, 09:59:20 
25-Apr-19, 09:59:22 
25-Apr-19, 09:59:23 
25-Apr-19, 09:59:24 
25-Apr-19, 09:59:25 
25-Apr-19, 09:59:27 
25-Apr-19, 09:59:28 
25-Apr-19, 09:59:29 
25-Apr-19, 09:59:30 
25-Apr-19, 09:59:30 
25-Apr-19, 09:59:32 
25-Apr-19, 09:59:33 
25-Apr-19, 09:59:34 
25-Apr-19, 09:59:35 
25-Apr-19, 09:59:35 
25-Apr-19, 09:59:37 
25-Apr-19, 09:59:38 
25-Apr-19, 09:59:39 
25-Apr-19, 09:59:39 
25-Apr-19, 09:59:40 
25-Apr-19, 09:59:42 
25-Apr-19, 09:59:43 
25-Apr-19, 09:59:44 
25-Apr-19, 09:59:45 
25-Apr-19, 09:59:47 
25-Apr-19, 09:59:48 
25-Apr-19, 09:59:49 
25-Apr-19, 09:59:50 
25-Apr-19, 09:59:50 
25-Apr-19, 09:59:52 
25-Apr-19, 09:59:53 
25-Apr-19, 09:59:54 
25-Apr-19, 09:59:55 
25-Apr-19, 09:59:55 
25-Apr-19, 09:59:57 
25-Apr-19, 09:59:59 
25-Apr-19, 09:59:59 
25-Apr-19, 10:00:00 
25-Apr-19, 10:00:02 
25-Apr-19, 10:00:04 
25-Apr-19, 10:00:05 
25-Apr-19, 10:00:07 
25-Apr-19, 10:00:09 
25-Apr-19, 10:00:10 
25-Apr-19, 10:00:10 
25-Apr-19, 10:00:12 
25-Apr-19, 10:00:14 
25-Apr-19, 10:00:14 
25-Apr-19, 10:00:15 
25-Apr-19, 10:00:15 
25-Apr-19, 10:00:17 
25-Apr-19, 10:00:19 
25-Apr-19, 10:00:19 
25-Apr-19, 10:00:20 
25-Apr-19, 10:00:22 
25-Apr-19, 10:00:24 
25-Apr-19, 10:00:25 
25-Apr-19, 10:00:27 
25-Apr-19, 10:00:29 
25-Apr-19, 10:00:30 
25-Apr-19, 10:00:30 
25-Apr-19, 10:00:32 
25-Apr-19, 10:00:34 
25-Apr-19, 10:00:34 
25-Apr-19, 10:00:35 
25-Apr-19, 10:00:35 
25-Apr-19, 10:00:37 
25-Apr-19, 10:00:39 
25-Apr-19, 10:00:39 
25-Apr-19, 10:00:40 
25-Apr-19, 10:00:42 
25-Apr-19, 10:00:44 
25-Apr-19, 10:00:45 
25-Apr-19, 10:00:47 
25-Apr-19, 10:00:49 
25-Apr-19, 10:00:50 
25-Apr-19, 10:00:50 
25-Apr-19, 10:00:52 
25-Apr-19, 10:00:54 
25-Apr-19, 10:00:54 
25-Apr-19, 10:00:55 
25-Apr-19, 10:00:55 
25-Apr-19, 10:00:57 
25-Apr-19, 10:00:59 
25-Apr-19, 10:00:59 
25-Apr-19, 10:01:00 
25-Apr-19, 10:01:02 
25-Apr-19, 10:01:05 
25-Apr-19, 10:01:07 
25-Apr-19, 10:01:09 
25-Apr-19, 10:01:10 
25-Apr-19, 10:01:10 
25-Apr-19, 10:01:12 
25-Apr-19, 10:01:14 
25-Apr-19, 10:01:14 
25-Apr-19, 10:01:15 
25-Apr-19, 10:01:15 
25-Apr-19, 10:01:17 
25-Apr-19, 10:01:19 
25-Apr-19, 10:01:19 
25-Apr-19, 10:01:20 
25-Apr-19, 10:01:22 
25-Apr-19, 10:01:24 
25-Apr-19, 10:01:25 
25-Apr-19, 10:01:27 
25-Apr-19, 10:01:29 
25-Apr-19, 10:01:30 
25-Apr-19, 10:01:30 
25-Apr-19, 10:01:32 
25-Apr-19, 10:01:34 
25-Apr-19, 10:01:34 
25-Apr-19, 10:01:35 
25-Apr-19, 10:01:35 
25-Apr-19, 10:01:37 
25-Apr-19, 10:01:39 
25-Apr-19, 10:01:39 
25-Apr-19, 10:01:40 
25-Apr-19, 10:01:42 
25-Apr-19, 10:01:44 
25-Apr-19, 10:01:45 
25-Apr-19, 10:01:47 
25-Apr-19, 10:01:49 
25-Apr-19, 10:01:50 
25-Apr-19, 10:01:50 
25-Apr-19, 10:01:52 
25-Apr-19, 10:01:54 
25-Apr-19, 10:01:54 
25-Apr-19, 10:01:55 
25-Apr-19, 10:01:55 
25-Apr-19, 10:01:57 
25-Apr-19, 10:01:59 
25-Apr-19, 10:01:59 
25-Apr-19, 10:02:00 
25-Apr-19, 10:02:02 
25-Apr-19, 10:02:04 
25-Apr-19, 10:02:05 
25-Apr-19, 10:02:07 
25-Apr-19, 10:02:09 
25-Apr-19, 10:02:10 
25-Apr-19, 10:02:10 
25-Apr-19, 10:02:12 
25-Apr-19, 10:02:14 
25-Apr-19, 10:02:14 
25-Apr-19, 10:02:15 
25-Apr-19, 10:02:15 
25-Apr-19, 10:02:17 
25-Apr-19, 10:02:19 
25-Apr-19, 10:02:19 
25-Apr-19, 10:02:20 
25-Apr-19, 10:02:22 
25-Apr-19, 10:02:24 
25-Apr-19, 10:02:27 
25-Apr-19, 10:02:29 
25-Apr-19, 10:02:30 
25-Apr-19, 10:02:30 
25-Apr-19, 10:02:32 
25-Apr-19, 10:02:35 
25-Apr-19, 10:02:35 
25-Apr-19, 10:02:37 
25-Apr-19, 10:02:39 
25-Apr-19, 10:02:39 
25-Apr-19, 10:02:40 
25-Apr-19, 10:02:42 
25-Apr-19, 10:02:44 
25-Apr-19, 10:02:45 
25-Apr-19, 10:02:46 
25-Apr-19, 10:02:47 
25-Apr-19, 10:02:49 
25-Apr-19, 10:02:50 
25-Apr-19, 10:02:50 
25-Apr-19, 10:02:51 
25-Apr-19, 10:02:52 
25-Apr-19, 10:02:54 
25-Apr-19, 10:02:54 
25-Apr-19, 10:02:55 
25-Apr-19, 10:02:56 
25-Apr-19, 10:02:57 
25-Apr-19, 10:02:59 
25-Apr-19, 10:02:59 
25-Apr-19, 10:03:00 
25-Apr-19, 10:03:01 
25-Apr-19, 10:03:02 
25-Apr-19, 10:03:04 
25-Apr-19, 10:03:05 
25-Apr-19, 10:03:06 
25-Apr-19, 10:03:07 
25-Apr-19, 10:03:09 
25-Apr-19, 10:03:10 
25-Apr-19, 10:03:10 
25-Apr-19, 10:03:11 
25-Apr-19, 10:03:12 
25-Apr-19, 10:03:14 
25-Apr-19, 10:03:14 
25-Apr-19, 10:03:15 
25-Apr-19, 10:03:16 
25-Apr-19, 10:03:17 
25-Apr-19, 10:03:19 
25-Apr-19, 10:03:19 
25-Apr-19, 10:03:21 
25-Apr-19, 10:03:22 
25-Apr-19, 10:03:24 
25-Apr-19, 10:03:25 
25-Apr-19, 10:03:26 
25-Apr-19, 10:03:27 
25-Apr-19, 10:03:29 
25-Apr-19, 10:03:30 
25-Apr-19, 10:03:30 
25-Apr-19, 10:03:31 
25-Apr-19, 10:03:32 
25-Apr-19, 10:03:34 
25-Apr-19, 10:03:34 
25-Apr-19, 10:03:35 
25-Apr-19, 10:03:36 
25-Apr-19, 10:03:37 
25-Apr-19, 10:03:39 
25-Apr-19, 10:03:39 
25-Apr-19, 10:03:40 
25-Apr-19, 10:03:41 
25-Apr-19, 10:03:42 
25-Apr-19, 10:03:44 
25-Apr-19, 10:03:45 
25-Apr-19, 10:03:46 
25-Apr-19, 10:03:49 
25-Apr-19, 10:03:50 
25-Apr-19, 10:03:50 
25-Apr-19, 10:03:51 
25-Apr-19, 10:03:52 
25-Apr-19, 10:03:54 
25-Apr-19, 10:03:54 
25-Apr-19, 10:03:55 
25-Apr-19, 10:03:56 
25-Apr-19, 10:03:57 
25-Apr-19, 10:03:59 
25-Apr-19, 10:03:59 
25-Apr-19, 10:04:00 
25-Apr-19, 10:04:01 
25-Apr-19, 10:04:02 
25-Apr-19, 10:04:04 
25-Apr-19, 10:04:05 
25-Apr-19, 10:04:06 
25-Apr-19, 10:04:07 
25-Apr-19, 10:04:09 
25-Apr-19, 10:04:10 
25-Apr-19, 10:04:10 
25-Apr-19, 10:04:11 
25-Apr-19, 10:04:12 
25-Apr-19, 10:04:14 
25-Apr-19, 10:04:14 
25-Apr-19, 10:04:15 
25-Apr-19, 10:04:16 
25-Apr-19, 10:04:17 
25-Apr-19, 10:04:19 
25-Apr-19, 10:04:19 
25-Apr-19, 10:04:20 
25-Apr-19, 10:04:21 
25-Apr-19, 10:04:22 
25-Apr-19, 10:04:24 
25-Apr-19, 10:04:25 
25-Apr-19, 10:04:26 
25-Apr-19, 10:04:27 
25-Apr-19, 10:04:29 
25-Apr-19, 10:04:30 
25-Apr-19, 10:04:30 
25-Apr-19, 10:04:31 
25-Apr-19, 10:04:32 
25-Apr-19, 10:04:34 
25-Apr-19, 10:04:34 
25-Apr-19, 10:04:35 
25-Apr-19, 10:04:36 
25-Apr-19, 10:04:37 
25-Apr-19, 10:04:39 
25-Apr-19, 10:04:39 
25-Apr-19, 10:04:40 
25-Apr-19, 10:04:41 
25-Apr-19, 10:04:42 
25-Apr-19, 10:04:44 
25-Apr-19, 10:04:45 
25-Apr-19, 10:04:46 
25-Apr-19, 10:04:47 
25-Apr-19, 10:04:49 
25-Apr-19, 10:04:52 
25-Apr-19, 10:04:54 
25-Apr-19, 10:04:54 
25-Apr-19, 10:04:55 
25-Apr-19, 10:04:56 
25-Apr-19, 10:04:57 
25-Apr-19, 10:04:59 
25-Apr-19, 10:04:59 
25-Apr-19, 10:05:00 
25-Apr-19, 10:05:01 
25-Apr-19, 10:05:02 
25-Apr-19, 10:05:04 
25-Apr-19, 10:05:05 
25-Apr-19, 10:05:06 
25-Apr-19, 10:05:07 
25-Apr-19, 10:05:09 
25-Apr-19, 10:05:10 
25-Apr-19, 10:05:10 
25-Apr-19, 10:05:11 
25-Apr-19, 10:05:12 
25-Apr-19, 10:05:14 
25-Apr-19, 10:05:14 
25-Apr-19, 10:05:15 
25-Apr-19, 10:05:17 
25-Apr-19, 10:05:20 
25-Apr-19, 10:05:21 
25-Apr-19, 10:05:22 
25-Apr-19, 10:05:24 
25-Apr-19, 10:05:25 
25-Apr-19, 10:05:26 
25-Apr-19, 10:05:27 
25-Apr-19, 10:05:29 
25-Apr-19, 10:05:30 
25-Apr-19, 10:05:30 
25-Apr-19, 10:05:31 
25-Apr-19, 10:05:32 
25-Apr-19, 10:05:34 
25-Apr-19, 10:05:34 
25-Apr-19, 10:05:35 
25-Apr-19, 10:05:36 
25-Apr-19, 10:05:37 
25-Apr-19, 10:05:39 
25-Apr-19, 10:05:39 
25-Apr-19, 10:05:40 
25-Apr-19, 10:05:41 
25-Apr-19, 10:05:42 
25-Apr-19, 10:05:44 
25-Apr-19, 10:05:45 
25-Apr-19, 10:05:46 
25-Apr-19, 10:05:47 
25-Apr-19, 10:05:49 
25-Apr-19, 10:05:50 
25-Apr-19, 10:05:50 
25-Apr-19, 10:05:51 
25-Apr-19, 10:05:52 
25-Apr-19, 10:05:54 
25-Apr-19, 10:05:54 
25-Apr-19, 10:05:55 
25-Apr-19, 10:05:57 
25-Apr-19, 10:05:59 
25-Apr-19, 10:05:59 
25-Apr-19, 10:06:00 
25-Apr-19, 10:06:01 
25-Apr-19, 10:06:02 
25-Apr-19, 10:06:04 
25-Apr-19, 10:06:05 
25-Apr-19, 10:06:06 
25-Apr-19, 10:06:07 
25-Apr-19, 10:06:09 
25-Apr-19, 10:06:10 
25-Apr-19, 10:06:10 
25-Apr-19, 10:06:11 
25-Apr-19, 10:06:12 
25-Apr-19, 10:06:14 
25-Apr-19, 10:06:14 
25-Apr-19, 10:06:15 
25-Apr-19, 10:06:16 
25-Apr-19, 10:06:17 
25-Apr-19, 10:06:19 
25-Apr-19, 10:06:19 
25-Apr-19, 10:06:20 
25-Apr-19, 10:06:21 
25-Apr-19, 10:06:22 
25-Apr-19, 10:06:24 
25-Apr-19, 10:06:25 
25-Apr-19, 10:06:26 
25-Apr-19, 10:06:27 
25-Apr-19, 10:06:29 
25-Apr-19, 10:06:30 
25-Apr-19, 10:06:30 
25-Apr-19, 10:06:31 
25-Apr-19, 10:06:32 
25-Apr-19, 10:06:34 
25-Apr-19, 10:06:34 
25-Apr-19, 10:06:35 
25-Apr-19, 10:06:36 
25-Apr-19, 10:06:39 
25-Apr-19, 10:06:39 
25-Apr-19, 10:06:40 
25-Apr-19, 10:06:41 
25-Apr-19, 10:06:42 
25-Apr-19, 10:06:44 
25-Apr-19, 10:06:45 
25-Apr-19, 10:06:46 
25-Apr-19, 10:06:47 
25-Apr-19, 10:06:49 
25-Apr-19, 10:06:50 
25-Apr-19, 10:06:50 
25-Apr-19, 10:06:51 
25-Apr-19, 10:06:52 
25-Apr-19, 10:06:55 
25-Apr-19, 10:06:56 
25-Apr-19, 10:06:57 
25-Apr-19, 10:06:59 
25-Apr-19, 10:06:59 
25-Apr-19, 10:07:00 
25-Apr-19, 10:07:01 
25-Apr-19, 10:07:02 
25-Apr-19, 10:07:04 
25-Apr-19, 10:07:05 
25-Apr-19, 10:07:07 
25-Apr-19, 10:07:09 
25-Apr-19, 10:07:10 
25-Apr-19, 10:07:10 
25-Apr-19, 10:07:11 
25-Apr-19, 10:07:12 
25-Apr-19, 10:07:14 
25-Apr-19, 10:07:14 
25-Apr-19, 10:07:15 
25-Apr-19, 10:07:16 
25-Apr-19, 10:07:19 
25-Apr-19, 10:07:19 
25-Apr-19, 10:07:20 
25-Apr-19, 10:07:21 
25-Apr-19, 10:07:22 
25-Apr-19, 10:07:24 
25-Apr-19, 10:07:25 
25-Apr-19, 10:07:26 
25-Apr-19, 10:07:27 
25-Apr-19, 10:07:29 
25-Apr-19, 10:07:30 
25-Apr-19, 10:07:30 
25-Apr-19, 10:07:31 
25-Apr-19, 10:07:32 
25-Apr-19, 10:07:34 
25-Apr-19, 10:07:34 
25-Apr-19, 10:07:35 
25-Apr-19, 10:07:36 
25-Apr-19, 10:07:37 
25-Apr-19, 10:07:39 
25-Apr-19, 10:07:39 
25-Apr-19, 10:07:40 
25-Apr-19, 10:07:41 
25-Apr-19, 10:07:42 
25-Apr-19, 10:07:44 
25-Apr-19, 10:07:45 
25-Apr-19, 10:07:46 
25-Apr-19, 10:07:47 
25-Apr-19, 10:07:49 
25-Apr-19, 10:07:50 
25-Apr-19, 10:07:50 
25-Apr-19, 10:07:51 
25-Apr-19, 10:07:52 
25-Apr-19, 10:07:54 
25-Apr-19, 10:07:54 
25-Apr-19, 10:07:55 
25-Apr-19, 10:07:56 
25-Apr-19, 10:07:57 
25-Apr-19, 10:07:59 
25-Apr-19, 10:07:59 
25-Apr-19, 10:08:00 
25-Apr-19, 10:08:01 
25-Apr-19, 10:08:02 
25-Apr-19, 10:08:04 
25-Apr-19, 10:08:05 
25-Apr-19, 10:08:06 
25-Apr-19, 10:08:07 
25-Apr-19, 10:08:09 
25-Apr-19, 10:08:10 
25-Apr-19, 10:08:10 
25-Apr-19, 10:08:11 
25-Apr-19, 10:08:12 
25-Apr-19, 10:08:14 
25-Apr-19, 10:08:14 
25-Apr-19, 10:08:15 
25-Apr-19, 10:08:16 
25-Apr-19, 10:08:17 
25-Apr-19, 10:08:19 
25-Apr-19, 10:08:19 
25-Apr-19, 10:08:20 
25-Apr-19, 10:08:21 
25-Apr-19, 10:08:22 
25-Apr-19, 10:08:24 
25-Apr-19, 10:08:25 
25-Apr-19, 10:08:25 
25-Apr-19, 10:08:26 
25-Apr-19, 10:08:27 
25-Apr-19, 10:08:29 
25-Apr-19, 10:08:30 
25-Apr-19, 10:08:30 
25-Apr-19, 10:08:31 
25-Apr-19, 10:08:32 
25-Apr-19, 10:08:34 
25-Apr-19, 10:08:34 
25-Apr-19, 10:08:35 
25-Apr-19, 10:08:36 
25-Apr-19, 10:08:36 
25-Apr-19, 10:08:37 
25-Apr-19, 10:08:39 
25-Apr-19, 10:08:40 
25-Apr-19, 10:08:41 
25-Apr-19, 10:08:42 
25-Apr-19, 10:08:44 
25-Apr-19, 10:08:45 
25-Apr-19, 10:08:45 
25-Apr-19, 10:08:46 
25-Apr-19, 10:08:47 
25-Apr-19, 10:08:49 
25-Apr-19, 10:08:50 
25-Apr-19, 10:08:51 
25-Apr-19, 10:08:52 
25-Apr-19, 10:08:54 
25-Apr-19, 10:08:54 
25-Apr-19, 10:08:55 
25-Apr-19, 10:08:56 
25-Apr-19, 10:08:56 
25-Apr-19, 10:08:57 
25-Apr-19, 10:08:59 
25-Apr-19, 10:09:00 
25-Apr-19, 10:09:01 
25-Apr-19, 10:09:02 
25-Apr-19, 10:09:04 
25-Apr-19, 10:09:05 
25-Apr-19, 10:09:05 
25-Apr-19, 10:09:06 
25-Apr-19, 10:09:07 
25-Apr-19, 10:09:09 
25-Apr-19, 10:09:10 
25-Apr-19, 10:09:11 
25-Apr-19, 10:09:12 
25-Apr-19, 10:09:14 
25-Apr-19, 10:09:14 
25-Apr-19, 10:09:15 
25-Apr-19, 10:09:16 
25-Apr-19, 10:09:16 
25-Apr-19, 10:09:17 
25-Apr-19, 10:09:19 
25-Apr-19, 10:09:20 
25-Apr-19, 10:09:21 
25-Apr-19, 10:09:22 
25-Apr-19, 10:09:24 
25-Apr-19, 10:09:27 
25-Apr-19, 10:09:29 
25-Apr-19, 10:09:30 
25-Apr-19, 10:09:31 
25-Apr-19, 10:09:32 
25-Apr-19, 10:09:34 
25-Apr-19, 10:09:34 
25-Apr-19, 10:09:37 
25-Apr-19, 10:09:39 
25-Apr-19, 10:09:40 
25-Apr-19, 10:09:41 
25-Apr-19, 10:09:42 
25-Apr-19, 10:09:44 
25-Apr-19, 10:09:45 
25-Apr-19, 10:09:45 
25-Apr-19, 10:09:46 
25-Apr-19, 10:09:47 
25-Apr-19, 10:09:49 
25-Apr-19, 10:09:50 
25-Apr-19, 10:09:51 
25-Apr-19, 10:09:52 
25-Apr-19, 10:09:54 
25-Apr-19, 10:09:54 
25-Apr-19, 10:09:55 
25-Apr-19, 10:09:56 
25-Apr-19, 10:09:56 
25-Apr-19, 10:09:57 
25-Apr-19, 10:09:59 
25-Apr-19, 10:10:00 
25-Apr-19, 10:10:01 
25-Apr-19, 10:10:02 
25-Apr-19, 10:10:04 
25-Apr-19, 10:10:05 
25-Apr-19, 10:10:05 
25-Apr-19, 10:10:06 
25-Apr-19, 10:10:07 
25-Apr-19, 10:10:09 
25-Apr-19, 10:10:10 
25-Apr-19, 10:10:11 
25-Apr-19, 10:10:12 
25-Apr-19, 10:10:14 
25-Apr-19, 10:10:14 
25-Apr-19, 10:10:15 
25-Apr-19, 10:10:16 
25-Apr-19, 10:10:16 
25-Apr-19, 10:10:17 
25-Apr-19, 10:10:19 
25-Apr-19, 10:10:20 
25-Apr-19, 10:10:21 
25-Apr-19, 10:10:22 
25-Apr-19, 10:10:24 
25-Apr-19, 10:10:25 
25-Apr-19, 10:10:25 
25-Apr-19, 10:10:26 
25-Apr-19, 10:10:27 
25-Apr-19, 10:10:29 
25-Apr-19, 10:10:30 
25-Apr-19, 10:10:31 
25-Apr-19, 10:10:32 
25-Apr-19, 10:10:34 
25-Apr-19, 10:10:34 
25-Apr-19, 10:10:35 
25-Apr-19, 10:10:36 
25-Apr-19, 10:10:36 
25-Apr-19, 10:10:37 
25-Apr-19, 10:10:39 
25-Apr-19, 10:10:40 
25-Apr-19, 10:10:41 
25-Apr-19, 10:10:44 
25-Apr-19, 10:10:45 
25-Apr-19, 10:10:45 
25-Apr-19, 10:10:46 
25-Apr-19, 10:10:47 
25-Apr-19, 10:10:49 
25-Apr-19, 10:10:50 
25-Apr-19, 10:10:51 
25-Apr-19, 10:10:52 
25-Apr-19, 10:10:54 
25-Apr-19, 10:10:54 
25-Apr-19, 10:10:55 
25-Apr-19, 10:10:56 
25-Apr-19, 10:10:56 
25-Apr-19, 10:10:57 
25-Apr-19, 10:10:59 
25-Apr-19, 10:11:00 
25-Apr-19, 10:11:01 
25-Apr-19, 10:11:02 
25-Apr-19, 10:11:04 
25-Apr-19, 10:11:05 
25-Apr-19, 10:11:05 
25-Apr-19, 10:11:06 
25-Apr-19, 10:11:09 
25-Apr-19, 10:11:10 
25-Apr-19, 10:11:11 
25-Apr-19, 10:11:14 
25-Apr-19, 10:11:14 
25-Apr-19, 10:11:15 
25-Apr-19, 10:11:16 
25-Apr-19, 10:11:16 
25-Apr-19, 10:11:17 
25-Apr-19, 10:11:19 
25-Apr-19, 10:11:20 
25-Apr-19, 10:11:21 
25-Apr-19, 10:11:22 
25-Apr-19, 10:11:24 
25-Apr-19, 10:11:25 
25-Apr-19, 10:11:25 
25-Apr-19, 10:11:26 
25-Apr-19, 10:11:27 
25-Apr-19, 10:11:29 
25-Apr-19, 10:11:30 
25-Apr-19, 10:11:31 
25-Apr-19, 10:11:32 
25-Apr-19, 10:11:34 
25-Apr-19, 10:11:34 
25-Apr-19, 10:11:35 
25-Apr-19, 10:11:36 
25-Apr-19, 10:11:36 
25-Apr-19, 10:11:37 
25-Apr-19, 10:11:39 
25-Apr-19, 10:11:40 
25-Apr-19, 10:11:41 
25-Apr-19, 10:11:43 
25-Apr-19, 10:11:44 
25-Apr-19, 10:11:45 
25-Apr-19, 10:11:46 
25-Apr-19, 10:11:48 
25-Apr-19, 10:11:49 
25-Apr-19, 10:11:50 
25-Apr-19, 10:11:51 
25-Apr-19, 10:11:51 
25-Apr-19, 10:11:53 
25-Apr-19, 10:11:54 
25-Apr-19, 10:11:54 
25-Apr-19, 10:11:55 
25-Apr-19, 10:11:56 
25-Apr-19, 10:11:56 
25-Apr-19, 10:11:58 
25-Apr-19, 10:11:59 
25-Apr-19, 10:12:00 
25-Apr-19, 10:12:01 
25-Apr-19, 10:12:03 
25-Apr-19, 10:12:04 
25-Apr-19, 10:12:05 
25-Apr-19, 10:12:06 
25-Apr-19, 10:12:08 
25-Apr-19, 10:12:09 
25-Apr-19, 10:12:10 
25-Apr-19, 10:12:11 
25-Apr-19, 10:12:11 
25-Apr-19, 10:12:13 
25-Apr-19, 10:12:14 
25-Apr-19, 10:12:14 
25-Apr-19, 10:12:15 
25-Apr-19, 10:12:16 
25-Apr-19, 10:12:16 
25-Apr-19, 10:12:18 
25-Apr-19, 10:12:19 
25-Apr-19, 10:12:20 
25-Apr-19, 10:12:21 
25-Apr-19, 10:12:23 
25-Apr-19, 10:12:24 
25-Apr-19, 10:12:25 
25-Apr-19, 10:12:26 
25-Apr-19, 10:12:28 
25-Apr-19, 10:12:29 
25-Apr-19, 10:12:30 
25-Apr-19, 10:12:31 
25-Apr-19, 10:12:31 
25-Apr-19, 10:12:33 
25-Apr-19, 10:12:34 
25-Apr-19, 10:12:34 
25-Apr-19, 10:12:35 
25-Apr-19, 10:12:36 
25-Apr-19, 10:12:36 
25-Apr-19, 10:12:38 
25-Apr-19, 10:12:39 
25-Apr-19, 10:12:40 
25-Apr-19, 10:12:41 
25-Apr-19, 10:12:43 
25-Apr-19, 10:12:44 
25-Apr-19, 10:12:45 
25-Apr-19, 10:12:46 
25-Apr-19, 10:12:48 
25-Apr-19, 10:12:49 
25-Apr-19, 10:12:50 
25-Apr-19, 10:12:51 
25-Apr-19, 10:12:51 
25-Apr-19, 10:12:53 
25-Apr-19, 10:12:54 
25-Apr-19, 10:12:54 
25-Apr-19, 10:12:55 
25-Apr-19, 10:12:56 
25-Apr-19, 10:12:56 
25-Apr-19, 10:12:58 
25-Apr-19, 10:12:59 
25-Apr-19, 10:13:00 
25-Apr-19, 10:13:01 
25-Apr-19, 10:13:03 
25-Apr-19, 10:13:05 
25-Apr-19, 10:13:06 
25-Apr-19, 10:13:08 
25-Apr-19, 10:13:10 
25-Apr-19, 10:13:11 
25-Apr-19, 10:13:11 
25-Apr-19, 10:13:13 
25-Apr-19, 10:13:14 
25-Apr-19, 10:13:14 
25-Apr-19, 10:13:15 
25-Apr-19, 10:13:16 
25-Apr-19, 10:13:16 
25-Apr-19, 10:13:18 
25-Apr-19, 10:13:19 
25-Apr-19, 10:13:20 
25-Apr-19, 10:13:23 
25-Apr-19, 10:13:24 
25-Apr-19, 10:13:25 
25-Apr-19, 10:13:26 
25-Apr-19, 10:13:28 
25-Apr-19, 10:13:29 
25-Apr-19, 10:13:30 
25-Apr-19, 10:13:31 
25-Apr-19, 10:13:31 
25-Apr-19, 10:13:33 
25-Apr-19, 10:13:34 
25-Apr-19, 10:13:34 
25-Apr-19, 10:13:35 
25-Apr-19, 10:13:36 
25-Apr-19, 10:13:36 
25-Apr-19, 10:13:38 
25-Apr-19, 10:13:39 
25-Apr-19, 10:13:40 
25-Apr-19, 10:13:41 
25-Apr-19, 10:13:43 
25-Apr-19, 10:13:44 
25-Apr-19, 10:13:46 
25-Apr-19, 10:13:49 
25-Apr-19, 10:13:50 
25-Apr-19, 10:13:53 
25-Apr-19, 10:13:54 
25-Apr-19, 10:13:54 
25-Apr-19, 10:13:55 
25-Apr-19, 10:13:56 
25-Apr-19, 10:13:56 
25-Apr-19, 10:13:58 
25-Apr-19, 10:13:59 
25-Apr-19, 10:14:00 
25-Apr-19, 10:14:01 
25-Apr-19, 10:14:03 
25-Apr-19, 10:14:04 
25-Apr-19, 10:14:06 
25-Apr-19, 10:14:08 
25-Apr-19, 10:14:09 
25-Apr-19, 10:14:10 
25-Apr-19, 10:14:11 
25-Apr-19, 10:14:11 
25-Apr-19, 10:14:13 
25-Apr-19, 10:14:14 
25-Apr-19, 10:14:14 
25-Apr-19, 10:14:15 
25-Apr-19, 10:14:16 
25-Apr-19, 10:14:16 
25-Apr-19, 10:14:18 
25-Apr-19, 10:14:19 
25-Apr-19, 10:14:20 
25-Apr-19, 10:14:21 
25-Apr-19, 10:14:23 
25-Apr-19, 10:14:24 
25-Apr-19, 10:14:25 
25-Apr-19, 10:14:26 
25-Apr-19, 10:14:28 
25-Apr-19, 10:14:29 
25-Apr-19, 10:14:30 
25-Apr-19, 10:14:31 
25-Apr-19, 10:14:31 
25-Apr-19, 10:14:33 
25-Apr-19, 10:14:34 
25-Apr-19, 10:14:34 
25-Apr-19, 10:14:35 
25-Apr-19, 10:14:36 
25-Apr-19, 10:14:36 
25-Apr-19, 10:14:38 
25-Apr-19, 10:14:39 
25-Apr-19, 10:14:40 
25-Apr-19, 10:14:41 
25-Apr-19, 10:14:43 
25-Apr-19, 10:14:44 
25-Apr-19, 10:14:45 
25-Apr-19, 10:14:46 
25-Apr-19, 10:14:48 
25-Apr-19, 10:14:49 
25-Apr-19, 10:14:50 
25-Apr-19, 10:14:51 
25-Apr-19, 10:14:51 
25-Apr-19, 10:14:53 
25-Apr-19, 10:14:54 
25-Apr-19, 10:14:54 
25-Apr-19, 10:14:55 
25-Apr-19, 10:14:56 
25-Apr-19, 10:14:56 
25-Apr-19, 10:14:58 
25-Apr-19, 10:14:59 
25-Apr-19, 10:15:00 
25-Apr-19, 10:15:01 
25-Apr-19, 10:15:03 
25-Apr-19, 10:15:04 
25-Apr-19, 10:15:05 
25-Apr-19, 10:15:06 
25-Apr-19, 10:15:08 
25-Apr-19, 10:15:09 
25-Apr-19, 10:15:11 
25-Apr-19, 10:15:11 
25-Apr-19, 07:49:13 
25-Apr-19, 07:56:17 
25-Apr-19, 08:04:07 
25-Apr-19, 08:16:31 
25-Apr-19, 08:16:31 
25-Apr-19, 08:16:32 
25-Apr-19, 08:16:33 
25-Apr-19, 08:16:36 
25-Apr-19, 08:16:43 
25-Apr-19, 08:16:47 
25-Apr-19, 08:16:56 
25-Apr-19, 08:16:58 
25-Apr-19, 08:17:00 
25-Apr-19, 08:17:08 
25-Apr-19, 08:17:11 
25-Apr-19, 08:17:11 
25-Apr-19, 08:17:12 
25-Apr-19, 08:17:16 
25-Apr-19, 08:17:18 
25-Apr-19, 08:17:21 
25-Apr-19, 08:17:22 
25-Apr-19, 08:17:25 
25-Apr-19, 08:17:26 
25-Apr-19, 08:17:27 
25-Apr-19, 08:17:28 
25-Apr-19, 08:17:30 
25-Apr-19, 08:17:31 
25-Apr-19, 08:17:31 
25-Apr-19, 08:17:32 
25-Apr-19, 08:17:33 
25-Apr-19, 08:17:36 
25-Apr-19, 08:17:37 
25-Apr-19, 08:17:38 
25-Apr-19, 08:17:40 
25-Apr-19, 08:17:41 
25-Apr-19, 08:17:42 
25-Apr-19, 08:17:43 
25-Apr-19, 08:17:45 
25-Apr-19, 08:17:46 
25-Apr-19, 08:17:47 
25-Apr-19, 08:17:50 
25-Apr-19, 08:17:51 
25-Apr-19, 08:17:51 
25-Apr-19, 08:17:52 
25-Apr-19, 08:17:53 
25-Apr-19, 08:17:55 
25-Apr-19, 08:17:56 
25-Apr-19, 08:17:57 
25-Apr-19, 08:17:58 
25-Apr-19, 08:18:00 
25-Apr-19, 08:18:01 
25-Apr-19, 08:18:02 
25-Apr-19, 08:18:03 
25-Apr-19, 08:18:05 
25-Apr-19, 08:18:06 
25-Apr-19, 08:18:07 
25-Apr-19, 08:18:08 
25-Apr-19, 08:18:10 
25-Apr-19, 08:18:11 
25-Apr-19, 08:18:11 
25-Apr-19, 08:18:12 
25-Apr-19, 08:18:13 
25-Apr-19, 08:18:15 
25-Apr-19, 08:18:16 
25-Apr-19, 08:18:17 
25-Apr-19, 08:18:18 
25-Apr-19, 08:18:20 
25-Apr-19, 08:18:21 
25-Apr-19, 08:18:22 
25-Apr-19, 08:18:23 
25-Apr-19, 08:18:25 
25-Apr-19, 08:18:26 
25-Apr-19, 08:18:27 
25-Apr-19, 08:18:27 
25-Apr-19, 08:18:28 
25-Apr-19, 08:18:30 
25-Apr-19, 08:18:31 
25-Apr-19, 08:18:32 
25-Apr-19, 08:18:33 
25-Apr-19, 08:18:35 
25-Apr-19, 08:18:36 
25-Apr-19, 08:18:37 
25-Apr-19, 08:18:38 
25-Apr-19, 08:18:40 
25-Apr-19, 08:18:41 
25-Apr-19, 08:18:42 
25-Apr-19, 08:18:43 
25-Apr-19, 08:18:45 
25-Apr-19, 08:18:46 
25-Apr-19, 08:18:47 
25-Apr-19, 08:18:47 
25-Apr-19, 08:18:48 
25-Apr-19, 08:18:50 
25-Apr-19, 08:18:51 
25-Apr-19, 08:18:52 
25-Apr-19, 08:18:53 
25-Apr-19, 08:18:55 
25-Apr-19, 08:18:56 
25-Apr-19, 08:18:57 
25-Apr-19, 08:18:58 
25-Apr-19, 08:19:00 
25-Apr-19, 08:19:01 
25-Apr-19, 08:19:02 
25-Apr-19, 08:19:03 
25-Apr-19, 08:19:05 
25-Apr-19, 08:19:06 
25-Apr-19, 08:19:07 
25-Apr-19, 08:19:07 
25-Apr-19, 08:19:08 
25-Apr-19, 08:19:10 
25-Apr-19, 08:19:11 
25-Apr-19, 08:19:12 
25-Apr-19, 08:19:13 
25-Apr-19, 08:19:15 
25-Apr-19, 08:19:17 
25-Apr-19, 08:19:18 
25-Apr-19, 08:19:20 
25-Apr-19, 08:19:21 
25-Apr-19, 08:19:22 
25-Apr-19, 08:19:23 
25-Apr-19, 08:19:25 
25-Apr-19, 08:19:26 
25-Apr-19, 08:19:27 
25-Apr-19, 08:19:27 
25-Apr-19, 08:19:28 
25-Apr-19, 08:19:30 
25-Apr-19, 08:19:31 
25-Apr-19, 08:19:32 
25-Apr-19, 08:19:33 
25-Apr-19, 08:19:35 
25-Apr-19, 08:19:36 
25-Apr-19, 08:19:37 
25-Apr-19, 08:19:38 
25-Apr-19, 08:19:40 
25-Apr-19, 08:19:41 
25-Apr-19, 08:19:42 
25-Apr-19, 08:19:43 
25-Apr-19, 08:19:45 
25-Apr-19, 08:19:46 
25-Apr-19, 08:19:47 
25-Apr-19, 08:19:47 
25-Apr-19, 08:19:48 
25-Apr-19, 08:19:53 
25-Apr-19, 08:19:55 
25-Apr-19, 08:19:56 
25-Apr-19, 08:19:57 
25-Apr-19, 08:19:58 
25-Apr-19, 08:20:00 
25-Apr-19, 08:20:01 
25-Apr-19, 08:20:02 
25-Apr-19, 08:20:03 
25-Apr-19, 08:20:05 
25-Apr-19, 08:20:06 
25-Apr-19, 08:20:07 
25-Apr-19, 08:20:07 
25-Apr-19, 08:20:08 
25-Apr-19, 08:20:10 
25-Apr-19, 08:20:11 
25-Apr-19, 08:20:12 
25-Apr-19, 08:20:13 
25-Apr-19, 08:20:15 
25-Apr-19, 08:20:16 
25-Apr-19, 08:20:17 
25-Apr-19, 08:20:18 
25-Apr-19, 08:20:20 
25-Apr-19, 08:20:21 
25-Apr-19, 08:20:22 
25-Apr-19, 08:20:25 
25-Apr-19, 08:20:26 
25-Apr-19, 08:20:27 
25-Apr-19, 08:20:27 
25-Apr-19, 08:20:30 
25-Apr-19, 08:20:31 
25-Apr-19, 08:20:32 
25-Apr-19, 08:20:33 
25-Apr-19, 08:20:35 
25-Apr-19, 08:20:36 
25-Apr-19, 08:20:37 
25-Apr-19, 08:20:40 
25-Apr-19, 08:20:41 
25-Apr-19, 08:20:42 
25-Apr-19, 08:20:43 
25-Apr-19, 08:20:45 
25-Apr-19, 08:20:46 
25-Apr-19, 08:20:47 
25-Apr-19, 08:20:47 
25-Apr-19, 08:20:50 
25-Apr-19, 08:20:51 
25-Apr-19, 08:20:52 
25-Apr-19, 08:20:53 
25-Apr-19, 08:20:55 
25-Apr-19, 08:20:56 
25-Apr-19, 08:20:57 
25-Apr-19, 08:21:00 
25-Apr-19, 08:21:01 
25-Apr-19, 08:21:02 
25-Apr-19, 08:21:03 
25-Apr-19, 08:21:05 
25-Apr-19, 08:21:06 
25-Apr-19, 08:21:08 
25-Apr-19, 08:21:10 
25-Apr-19, 08:21:12 
25-Apr-19, 08:21:15 
25-Apr-19, 08:21:16 
25-Apr-19, 08:21:17 
25-Apr-19, 08:21:20 
25-Apr-19, 08:21:21 
25-Apr-19, 08:21:22 
25-Apr-19, 08:21:23 
25-Apr-19, 08:21:25 
25-Apr-19, 08:21:26 
25-Apr-19, 08:21:27 
25-Apr-19, 08:21:27 
25-Apr-19, 08:21:30 
25-Apr-19, 08:21:31 
25-Apr-19, 08:21:32 
25-Apr-19, 08:21:33 
25-Apr-19, 08:21:35 
25-Apr-19, 08:21:36 
25-Apr-19, 08:21:37 
25-Apr-19, 08:21:40 
25-Apr-19, 08:21:41 
25-Apr-19, 08:21:42 
25-Apr-19, 08:21:43 
25-Apr-19, 08:21:45 
25-Apr-19, 08:21:47 
25-Apr-19, 08:21:47 
25-Apr-19, 08:21:48 
25-Apr-19, 08:21:50 
25-Apr-19, 08:21:52 
25-Apr-19, 08:21:52 
25-Apr-19, 08:21:53 
25-Apr-19, 08:21:55 
25-Apr-19, 08:21:57 
25-Apr-19, 08:21:58 
25-Apr-19, 08:22:00 
25-Apr-19, 08:22:02 
25-Apr-19, 08:22:03 
25-Apr-19, 08:22:05 
25-Apr-19, 08:22:07 
25-Apr-19, 08:22:07 
25-Apr-19, 08:22:08 
25-Apr-19, 08:22:10 
25-Apr-19, 08:22:12 
25-Apr-19, 08:22:12 
25-Apr-19, 08:22:13 
25-Apr-19, 08:22:15 
25-Apr-19, 08:22:17 
25-Apr-19, 08:22:18 
25-Apr-19, 08:22:20 
25-Apr-19, 08:22:22 
25-Apr-19, 08:22:23 
25-Apr-19, 08:22:25 
25-Apr-19, 08:22:27 
25-Apr-19, 08:22:27 
25-Apr-19, 08:22:30 
25-Apr-19, 08:22:32 
25-Apr-19, 08:22:32 
25-Apr-19, 08:22:33 
25-Apr-19, 08:22:40 
25-Apr-19, 08:22:42 
25-Apr-19, 08:22:43 
25-Apr-19, 08:22:45 
25-Apr-19, 08:22:47 
25-Apr-19, 08:22:47 
25-Apr-19, 08:22:48 
25-Apr-19, 08:22:52 
25-Apr-19, 08:22:52 
25-Apr-19, 08:22:53 
25-Apr-19, 08:22:55 
25-Apr-19, 08:22:57 
25-Apr-19, 08:22:58 
25-Apr-19, 08:23:00 
25-Apr-19, 08:23:02 
25-Apr-19, 08:23:03 
25-Apr-19, 08:23:03 
25-Apr-19, 08:23:05 
25-Apr-19, 08:23:07 
25-Apr-19, 08:23:08 
25-Apr-19, 08:23:10 
25-Apr-19, 08:23:12 
25-Apr-19, 08:23:12 
25-Apr-19, 08:23:13 
25-Apr-19, 08:23:15 
25-Apr-19, 08:23:17 
25-Apr-19, 08:23:18 
25-Apr-19, 08:23:20 
25-Apr-19, 08:23:22 
25-Apr-19, 08:23:23 
25-Apr-19, 08:23:23 
25-Apr-19, 08:23:25 
25-Apr-19, 08:23:27 
25-Apr-19, 08:23:28 
25-Apr-19, 08:23:30 
25-Apr-19, 08:23:32 
25-Apr-19, 08:23:32 
25-Apr-19, 08:23:33 
25-Apr-19, 08:23:35 
25-Apr-19, 08:23:37 
25-Apr-19, 08:23:38 
25-Apr-19, 08:23:40 
25-Apr-19, 08:23:42 
25-Apr-19, 08:23:43 
25-Apr-19, 08:23:43 
25-Apr-19, 08:23:45 
25-Apr-19, 08:23:47 
25-Apr-19, 08:23:48 
25-Apr-19, 08:23:50 
25-Apr-19, 08:23:52 
25-Apr-19, 08:23:52 
25-Apr-19, 08:23:53 
25-Apr-19, 08:23:55 
25-Apr-19, 08:23:57 
25-Apr-19, 08:23:58 
25-Apr-19, 08:24:00 
25-Apr-19, 08:24:02 
25-Apr-19, 08:24:03 
25-Apr-19, 08:24:03 
25-Apr-19, 08:24:05 
25-Apr-19, 08:24:07 
25-Apr-19, 08:24:08 
25-Apr-19, 08:24:10 
25-Apr-19, 08:24:12 
25-Apr-19, 08:24:12 
25-Apr-19, 08:24:13 
25-Apr-19, 08:24:15 
25-Apr-19, 08:24:17 
25-Apr-19, 08:24:18 
25-Apr-19, 08:24:20 
25-Apr-19, 08:24:22 
25-Apr-19, 08:24:23 
25-Apr-19, 08:24:23 
25-Apr-19, 08:24:27 
25-Apr-19, 08:24:28 
25-Apr-19, 08:24:30 
25-Apr-19, 08:24:33 
25-Apr-19, 08:24:35 
25-Apr-19, 08:24:37 
25-Apr-19, 08:24:38 
25-Apr-19, 08:24:40 
25-Apr-19, 08:24:43 
25-Apr-19, 08:24:43 
25-Apr-19, 08:24:45 
25-Apr-19, 08:24:47 
25-Apr-19, 08:24:48 
25-Apr-19, 08:24:50 
25-Apr-19, 08:24:52 
25-Apr-19, 08:24:52 
25-Apr-19, 08:24:57 
25-Apr-19, 08:25:00 
25-Apr-19, 08:25:07 
25-Apr-19, 08:25:08 
25-Apr-19, 08:25:10 
25-Apr-19, 08:25:13 
25-Apr-19, 08:25:15 
25-Apr-19, 08:25:17 
25-Apr-19, 08:25:18 
25-Apr-19, 08:25:20 
25-Apr-19, 08:25:22 
25-Apr-19, 08:25:23 
25-Apr-19, 08:25:23 
25-Apr-19, 08:25:25 
25-Apr-19, 08:25:28 
25-Apr-19, 08:25:30 
25-Apr-19, 08:25:32 
25-Apr-19, 08:25:32 
25-Apr-19, 08:25:33 
25-Apr-19, 08:25:35 
25-Apr-19, 08:25:37 
25-Apr-19, 08:25:38 
25-Apr-19, 08:25:40 
25-Apr-19, 08:25:42 
25-Apr-19, 08:25:43 
25-Apr-19, 08:25:43 
25-Apr-19, 08:25:45 
25-Apr-19, 08:25:47 
25-Apr-19, 08:25:48 
25-Apr-19, 08:25:50 
25-Apr-19, 08:25:52 
25-Apr-19, 08:25:52 
25-Apr-19, 08:25:53 
25-Apr-19, 08:25:55 
25-Apr-19, 08:25:57 
25-Apr-19, 08:25:58 
25-Apr-19, 08:26:00 
25-Apr-19, 08:26:02 
25-Apr-19, 08:26:03 
25-Apr-19, 08:26:03 
25-Apr-19, 08:26:05 
25-Apr-19, 08:26:08 
25-Apr-19, 08:26:10 
25-Apr-19, 08:26:12 
25-Apr-19, 08:26:12 
25-Apr-19, 08:26:13 
25-Apr-19, 08:26:15 
25-Apr-19, 08:26:18 
25-Apr-19, 08:26:20 
25-Apr-19, 08:26:22 
25-Apr-19, 08:26:23 
25-Apr-19, 08:26:23 
25-Apr-19, 08:26:27 
25-Apr-19, 08:26:28 
25-Apr-19, 08:26:30 
25-Apr-19, 08:26:32 
25-Apr-19, 08:26:32 
25-Apr-19, 08:26:33 
25-Apr-19, 08:26:35 
25-Apr-19, 08:26:37 
25-Apr-19, 08:26:38 
25-Apr-19, 08:26:40 
25-Apr-19, 08:26:42 
25-Apr-19, 08:26:43 
25-Apr-19, 08:26:43 
25-Apr-19, 08:26:45 
25-Apr-19, 08:26:47 
25-Apr-19, 08:26:48 
25-Apr-19, 08:26:50 
25-Apr-19, 08:26:52 
25-Apr-19, 08:26:52 
25-Apr-19, 08:26:53 
25-Apr-19, 08:26:55 
25-Apr-19, 08:26:58 
25-Apr-19, 08:27:00 
25-Apr-19, 08:27:02 
25-Apr-19, 08:27:03 
25-Apr-19, 08:27:03 
25-Apr-19, 08:27:05 
25-Apr-19, 08:27:07 
25-Apr-19, 08:27:08 
25-Apr-19, 08:27:10 
25-Apr-19, 08:27:12 
25-Apr-19, 08:27:12 
25-Apr-19, 08:27:16 
25-Apr-19, 08:27:17 
25-Apr-19, 08:27:18 
25-Apr-19, 08:27:21 
25-Apr-19, 08:27:22 
25-Apr-19, 08:27:23 
25-Apr-19, 08:27:23 
25-Apr-19, 08:27:26 
25-Apr-19, 08:27:27 
25-Apr-19, 08:27:28 
25-Apr-19, 08:27:31 
25-Apr-19, 08:27:32 
25-Apr-19, 08:27:32 
25-Apr-19, 08:27:33 
25-Apr-19, 08:27:36 
25-Apr-19, 08:27:37 
25-Apr-19, 08:27:38 
25-Apr-19, 08:27:41 
25-Apr-19, 08:27:42 
25-Apr-19, 08:27:43 
25-Apr-19, 08:27:43 
25-Apr-19, 08:27:46 
25-Apr-19, 08:27:47 
25-Apr-19, 08:27:48 
25-Apr-19, 08:27:51 
25-Apr-19, 08:27:52 
25-Apr-19, 08:27:52 
25-Apr-19, 08:27:53 
25-Apr-19, 08:27:56 
25-Apr-19, 08:27:57 
25-Apr-19, 08:27:58 
25-Apr-19, 08:27:59 
25-Apr-19, 08:28:01 
25-Apr-19, 08:28:02 
25-Apr-19, 08:28:03 
25-Apr-19, 08:28:04 
25-Apr-19, 08:28:06 
25-Apr-19, 08:28:07 
25-Apr-19, 08:28:08 
25-Apr-19, 08:28:09 
25-Apr-19, 08:28:11 
25-Apr-19, 08:28:13 
25-Apr-19, 08:28:14 
25-Apr-19, 08:28:16 
25-Apr-19, 08:28:17 
25-Apr-19, 08:28:18 
25-Apr-19, 08:28:19 
25-Apr-19, 08:28:21 
25-Apr-19, 08:28:22 
25-Apr-19, 08:28:23 
25-Apr-19, 08:28:26 
25-Apr-19, 08:28:27 
25-Apr-19, 08:28:28 
25-Apr-19, 08:28:29 
25-Apr-19, 08:28:31 
25-Apr-19, 08:28:32 
25-Apr-19, 08:28:32 
25-Apr-19, 08:28:33 
25-Apr-19, 08:28:34 
25-Apr-19, 08:28:36 
25-Apr-19, 08:28:37 
25-Apr-19, 08:28:38 
25-Apr-19, 08:28:39 
25-Apr-19, 08:28:41 
25-Apr-19, 08:28:42 
25-Apr-19, 08:28:43 
25-Apr-19, 08:28:44 
25-Apr-19, 08:28:46 
25-Apr-19, 08:28:47 
25-Apr-19, 08:28:48 
25-Apr-19, 08:28:49 
25-Apr-19, 08:28:51 
25-Apr-19, 08:28:52 
25-Apr-19, 08:28:52 
25-Apr-19, 08:28:53 
25-Apr-19, 08:28:54 
25-Apr-19, 08:28:56 
25-Apr-19, 08:28:57 
25-Apr-19, 08:28:58 
25-Apr-19, 08:28:59 
25-Apr-19, 08:29:01 
25-Apr-19, 08:29:02 
25-Apr-19, 08:29:03 
25-Apr-19, 08:29:04 
25-Apr-19, 08:29:06 
25-Apr-19, 08:29:07 
25-Apr-19, 08:29:08 
25-Apr-19, 08:29:11 
25-Apr-19, 08:29:12 
25-Apr-19, 08:29:12 
25-Apr-19, 08:29:13 
25-Apr-19, 08:29:14 
25-Apr-19, 08:29:16 
25-Apr-19, 08:29:17 
25-Apr-19, 08:29:18 
25-Apr-19, 08:29:19 
25-Apr-19, 08:29:21 
25-Apr-19, 08:29:22 
25-Apr-19, 08:29:23 
25-Apr-19, 08:29:24 
25-Apr-19, 08:29:26 
25-Apr-19, 08:29:27 
25-Apr-19, 08:29:28 
25-Apr-19, 08:29:29 
25-Apr-19, 08:29:31 
25-Apr-19, 08:29:32 
25-Apr-19, 08:29:32 
25-Apr-19, 08:29:33 
25-Apr-19, 08:29:34 
25-Apr-19, 08:29:37 
25-Apr-19, 08:29:38 
25-Apr-19, 08:29:39 
25-Apr-19, 08:29:41 
25-Apr-19, 08:29:42 
25-Apr-19, 08:29:43 
25-Apr-19, 08:29:44 
25-Apr-19, 08:29:46 
25-Apr-19, 08:29:47 
25-Apr-19, 08:29:48 
25-Apr-19, 08:29:49 
25-Apr-19, 08:29:51 
25-Apr-19, 08:29:52 
25-Apr-19, 08:29:52 
25-Apr-19, 08:29:53 
25-Apr-19, 08:29:54 
25-Apr-19, 08:29:56 
25-Apr-19, 08:29:57 
25-Apr-19, 08:29:58 
25-Apr-19, 08:29:59 
25-Apr-19, 08:30:01 
25-Apr-19, 08:30:02 
25-Apr-19, 08:30:03 
25-Apr-19, 08:30:04 
25-Apr-19, 08:30:06 
25-Apr-19, 08:30:07 
25-Apr-19, 08:30:08 
25-Apr-19, 08:30:09 
25-Apr-19, 08:30:11 
25-Apr-19, 08:30:12 
25-Apr-19, 08:30:12 
25-Apr-19, 08:30:13 
25-Apr-19, 08:30:14 
25-Apr-19, 08:30:16 
25-Apr-19, 08:30:17 
25-Apr-19, 08:30:18 
25-Apr-19, 08:30:19 
25-Apr-19, 08:30:21 
25-Apr-19, 08:30:22 
25-Apr-19, 08:30:23 
25-Apr-19, 08:30:24 
25-Apr-19, 08:30:26 
25-Apr-19, 08:30:27 
25-Apr-19, 08:30:28 
25-Apr-19, 08:30:29 
25-Apr-19, 08:30:31 
25-Apr-19, 08:30:32 
25-Apr-19, 08:30:32 
25-Apr-19, 08:30:33 
25-Apr-19, 08:30:34 
25-Apr-19, 08:30:36 
25-Apr-19, 08:30:37 
25-Apr-19, 08:30:38 
25-Apr-19, 08:30:39 
25-Apr-19, 08:30:41 
25-Apr-19, 08:30:42 
25-Apr-19, 08:30:43 
25-Apr-19, 08:30:44 
25-Apr-19, 08:30:46 
25-Apr-19, 08:30:47 
25-Apr-19, 08:30:48 
25-Apr-19, 08:30:49 
25-Apr-19, 08:30:51 
25-Apr-19, 08:30:52 
25-Apr-19, 08:30:53 
25-Apr-19, 08:30:54 
25-Apr-19, 08:30:56 
25-Apr-19, 08:30:57 
25-Apr-19, 08:30:58 
25-Apr-19, 08:30:59 
25-Apr-19, 08:31:01 
25-Apr-19, 08:31:02 
25-Apr-19, 08:31:03 
25-Apr-19, 08:31:04 
25-Apr-19, 08:31:06 
25-Apr-19, 08:31:07 
25-Apr-19, 08:31:09 
25-Apr-19, 08:31:11 
25-Apr-19, 08:31:12 
25-Apr-19, 08:31:14 
25-Apr-19, 08:31:16 
25-Apr-19, 08:31:17 
25-Apr-19, 08:31:19 
25-Apr-19, 08:31:21 
25-Apr-19, 08:31:22 
25-Apr-19, 08:31:23 
25-Apr-19, 08:31:24 
25-Apr-19, 08:31:26 
25-Apr-19, 08:31:27 
25-Apr-19, 08:31:28 
25-Apr-19, 08:31:28 
25-Apr-19, 08:31:29 
25-Apr-19, 08:31:31 
25-Apr-19, 08:31:32 
25-Apr-19, 08:31:33 
25-Apr-19, 08:31:34 
25-Apr-19, 08:31:36 
25-Apr-19, 08:31:37 
25-Apr-19, 08:31:38 
25-Apr-19, 08:31:39 
25-Apr-19, 08:31:41 
25-Apr-19, 08:31:42 
25-Apr-19, 08:31:43 
25-Apr-19, 08:31:44 
25-Apr-19, 08:31:46 
25-Apr-19, 08:31:47 
25-Apr-19, 08:31:48 
25-Apr-19, 08:31:48 
25-Apr-19, 08:31:49 
25-Apr-19, 08:31:51 
25-Apr-19, 08:31:52 
25-Apr-19, 08:31:54 
25-Apr-19, 08:31:56 
25-Apr-19, 08:31:57 
25-Apr-19, 08:31:58 
25-Apr-19, 08:31:59 
25-Apr-19, 08:32:01 
25-Apr-19, 08:32:02 
25-Apr-19, 08:32:03 
25-Apr-19, 08:32:04 
25-Apr-19, 08:32:06 
25-Apr-19, 08:32:07 
25-Apr-19, 08:32:08 
25-Apr-19, 08:32:08 
25-Apr-19, 08:32:09 
25-Apr-19, 08:32:11 
25-Apr-19, 08:32:12 
25-Apr-19, 08:32:13 
25-Apr-19, 08:32:14 
25-Apr-19, 08:32:16 
25-Apr-19, 08:32:17 
25-Apr-19, 08:32:18 
25-Apr-19, 08:32:19 
25-Apr-19, 08:32:23 
25-Apr-19, 08:32:24 
25-Apr-19, 08:32:26 
25-Apr-19, 08:32:28 
25-Apr-19, 08:32:28 
25-Apr-19, 08:32:29 
25-Apr-19, 08:32:31 
25-Apr-19, 08:32:33 
25-Apr-19, 08:32:33 
25-Apr-19, 08:32:34 
25-Apr-19, 08:32:36 
25-Apr-19, 08:32:38 
25-Apr-19, 08:32:39 
25-Apr-19, 08:32:41 
25-Apr-19, 08:32:43 
25-Apr-19, 08:32:44 
25-Apr-19, 08:32:46 
25-Apr-19, 08:32:48 
25-Apr-19, 08:32:48 
25-Apr-19, 08:32:49 
25-Apr-19, 08:32:51 
25-Apr-19, 08:32:53 
25-Apr-19, 08:32:53 
25-Apr-19, 08:32:54 
25-Apr-19, 08:32:56 
25-Apr-19, 08:32:58 
25-Apr-19, 08:32:59 
25-Apr-19, 08:33:01 
25-Apr-19, 08:33:03 
25-Apr-19, 08:33:04 
25-Apr-19, 08:33:06 
25-Apr-19, 08:33:08 
25-Apr-19, 08:33:08 
25-Apr-19, 08:33:09 
25-Apr-19, 08:33:11 
25-Apr-19, 08:33:13 
25-Apr-19, 08:33:13 
25-Apr-19, 08:33:14 
25-Apr-19, 08:33:16 
25-Apr-19, 08:33:18 
25-Apr-19, 08:33:19 
25-Apr-19, 08:33:21 
25-Apr-19, 08:33:23 
25-Apr-19, 08:33:24 
25-Apr-19, 08:33:26 
25-Apr-19, 08:33:28 
25-Apr-19, 08:33:28 
25-Apr-19, 08:33:29 
25-Apr-19, 08:33:31 
25-Apr-19, 08:33:33 
25-Apr-19, 08:33:33 
25-Apr-19, 08:33:34 
25-Apr-19, 08:33:38 
25-Apr-19, 08:33:39 
25-Apr-19, 08:33:41 
25-Apr-19, 08:33:43 
25-Apr-19, 08:33:44 
25-Apr-19, 08:33:46 
25-Apr-19, 08:33:49 
25-Apr-19, 08:33:51 
25-Apr-19, 08:33:53 
25-Apr-19, 08:33:53 
25-Apr-19, 08:33:54 
25-Apr-19, 08:33:56 
25-Apr-19, 08:33:58 
25-Apr-19, 08:33:59 
25-Apr-19, 08:34:01 
25-Apr-19, 08:34:04 
25-Apr-19, 08:34:06 
25-Apr-19, 08:34:08 
25-Apr-19, 08:34:08 
25-Apr-19, 08:34:09 
25-Apr-19, 08:34:11 
25-Apr-19, 08:34:13 
25-Apr-19, 08:34:13 
25-Apr-19, 08:34:14 
25-Apr-19, 08:34:16 
25-Apr-19, 08:34:18 
25-Apr-19, 08:34:19 
25-Apr-19, 08:34:21 
25-Apr-19, 08:34:23 
25-Apr-19, 08:34:24 
25-Apr-19, 08:34:26 
25-Apr-19, 08:34:28 
25-Apr-19, 08:34:28 
25-Apr-19, 08:34:29 
25-Apr-19, 08:34:31 
25-Apr-19, 08:34:33 
25-Apr-19, 08:34:33 
25-Apr-19, 08:34:34 
25-Apr-19, 08:34:36 
25-Apr-19, 08:34:38 
25-Apr-19, 08:34:39 
25-Apr-19, 08:34:41 
25-Apr-19, 08:34:43 
25-Apr-19, 08:34:44 
25-Apr-19, 08:34:46 
25-Apr-19, 08:34:48 
25-Apr-19, 08:34:48 
25-Apr-19, 08:34:54 
25-Apr-19, 08:34:56 
25-Apr-19, 08:34:58 
25-Apr-19, 08:35:01 
25-Apr-19, 08:35:03 
25-Apr-19, 08:35:04 
25-Apr-19, 08:35:06 
25-Apr-19, 08:35:08 
25-Apr-19, 08:35:08 
25-Apr-19, 08:35:09 
25-Apr-19, 08:35:11 
25-Apr-19, 08:35:13 
25-Apr-19, 08:35:13 
25-Apr-19, 08:35:14 
25-Apr-19, 08:35:16 
25-Apr-19, 08:35:18 
25-Apr-19, 08:35:21 
25-Apr-19, 08:35:28 
25-Apr-19, 08:35:28 
25-Apr-19, 08:35:29 
25-Apr-19, 08:35:31 
25-Apr-19, 08:35:33 
25-Apr-19, 08:35:33 
25-Apr-19, 08:35:34 
25-Apr-19, 08:35:36 
25-Apr-19, 08:35:38 
25-Apr-19, 08:35:41 
25-Apr-19, 08:35:43 
25-Apr-19, 08:35:44 
25-Apr-19, 08:35:46 
25-Apr-19, 08:35:48 
25-Apr-19, 08:35:48 
25-Apr-19, 08:35:49 
25-Apr-19, 08:35:51 
25-Apr-19, 08:35:53 
25-Apr-19, 08:35:53 
25-Apr-19, 08:35:54 
25-Apr-19, 08:35:56 
25-Apr-19, 08:35:58 
25-Apr-19, 08:35:59 
25-Apr-19, 08:36:01 
25-Apr-19, 08:36:03 
25-Apr-19, 08:36:04 
25-Apr-19, 08:36:06 
25-Apr-19, 08:36:08 
25-Apr-19, 08:36:08 
25-Apr-19, 08:36:09 
25-Apr-19, 08:36:11 
25-Apr-19, 08:36:13 
25-Apr-19, 08:36:13 
25-Apr-19, 08:36:14 
25-Apr-19, 08:36:16 
25-Apr-19, 08:36:18 
25-Apr-19, 08:36:19 
25-Apr-19, 08:36:21 
25-Apr-19, 08:36:23 
25-Apr-19, 08:36:24 
25-Apr-19, 08:36:26 
25-Apr-19, 08:36:29 
25-Apr-19, 08:36:31 
25-Apr-19, 08:36:33 
25-Apr-19, 08:36:33 
25-Apr-19, 08:36:34 
25-Apr-19, 08:36:36 
25-Apr-19, 08:36:38 
25-Apr-19, 08:36:39 
25-Apr-19, 08:36:41 
25-Apr-19, 08:36:43 
25-Apr-19, 08:36:44 
25-Apr-19, 08:36:46 
25-Apr-19, 08:36:48 
25-Apr-19, 08:36:48 
25-Apr-19, 08:36:49 
25-Apr-19, 08:36:51 
25-Apr-19, 08:36:53 
25-Apr-19, 08:36:53 
25-Apr-19, 08:36:54 
25-Apr-19, 08:36:56 
25-Apr-19, 08:36:58 
25-Apr-19, 08:36:59 
25-Apr-19, 08:37:01 
25-Apr-19, 08:37:03 
25-Apr-19, 08:37:04 
25-Apr-19, 08:37:06 
25-Apr-19, 08:37:08 
25-Apr-19, 08:37:09 
31-Mar-19,12:40:58
31-Mar-19,12:40:58
31-Mar-19,12:40:58
31-Mar-19,12:40:58
31-Mar-19,12:40:58
31-Mar-19,12:40:58
31-Mar-19,12:40:58
31-Mar-19,12:40:59
31-Mar-19,12:40:59
31-Mar-19,12:40:59
31-Mar-19,12:40:59
31-Mar-19,12:40:59
31-Mar-19,12:43:04
31-Mar-19,12:43:04
31-Mar-19,12:43:04
31-Mar-19,12:43:04
31-Mar-19,12:43:04
31-Mar-19,12:43:04
31-Mar-19,12:43:04
31-Mar-19,12:43:04
31-Mar-19,12:43:04
31-Mar-19,12:43:04
31-Mar-19,12:43:04
31-Mar-19,12:43:04
31-Mar-19,12:43:04
31-Mar-19,12:43:04
31-Mar-19,12:43:04
31-Mar-19,12:43:04
31-Mar-19,12:43:04
31-Mar-19,12:43:04
31-Mar-19,12:43:05
31-Mar-19,12:43:05
31-Mar-19,12:43:05
31-Mar-19,12:43:05
31-Mar-19,12:43:05
31-Mar-19,12:43:05
31-Mar-19,12:43:05
31-Mar-19,12:43:05
31-Mar-19,12:43:05
31-Mar-19,12:43:05
31-Mar-19,12:43:05
31-Mar-19,12:43:05
31-Mar-19,12:43:05
31-Mar-19,12:43:05
31-Mar-19,12:43:05
31-Mar-19,12:43:05
31-Mar-19,12:43:05
31-Mar-19,12:43:05
31-Mar-19,12:43:05
31-Mar-19,12:43:06
31-Mar-19,12:43:06
31-Mar-19,12:43:06
31-Mar-19,12:43:06
31-Mar-19,12:43:06
31-Mar-19,12:43:06
31-Mar-19,12:43:06
31-Mar-19,12:43:06
31-Mar-19,12:43:06
31-Mar-19,12:43:06
31-Mar-19,12:43:06
31-Mar-19,12:43:06
31-Mar-19,12:43:06
31-Mar-19,12:43:06
31-Mar-19,12:43:06
31-Mar-19,12:43:06
31-Mar-19,12:43:06
31-Mar-19,12:43:06
31-Mar-19,12:43:06
31-Mar-19,12:43:07
31-Mar-19,12:43:07
31-Mar-19,12:43:07
31-Mar-19,12:43:07
31-Mar-19,12:43:07
31-Mar-19,12:43:07
31-Mar-19,12:43:07
31-Mar-19,12:43:07
31-Mar-19,12:43:07
31-Mar-19,12:43:07
31-Mar-19,12:43:07
31-Mar-19,12:43:07
31-Mar-19,12:43:07
31-Mar-19,12:43:07
31-Mar-19,12:43:07
31-Mar-19,12:43:07
31-Mar-19,12:43:07
31-Mar-19,12:43:07
31-Mar-19,12:43:07
31-Mar-19,12:43:08
31-Mar-19,12:43:08
31-Mar-19,12:43:08
31-Mar-19,12:43:08
31-Mar-19,12:43:08
31-Mar-19,12:43:08
31-Mar-19,12:43:08
31-Mar-19,12:43:08
31-Mar-19,12:43:08
31-Mar-19,12:43:08
31-Mar-19,12:43:08
31-Mar-19,12:43:08
31-Mar-19,12:43:08
31-Mar-19,12:43:08
31-Mar-19,12:43:08
31-Mar-19,12:43:08
31-Mar-19,12:43:08
31-Mar-19,12:43:08
31-Mar-19,12:43:08
31-Mar-19,12:43:08
31-Mar-19,12:43:09
31-Mar-19,12:43:09
31-Mar-19,12:43:09
31-Mar-19,12:43:09
31-Mar-19,12:43:09
31-Mar-19,12:43:09
31-Mar-19,12:43:09
31-Mar-19,12:43:09
31-Mar-19,12:43:09
31-Mar-19,12:43:09
31-Mar-19,12:43:09
31-Mar-19,12:43:09
31-Mar-19,12:43:09
31-Mar-19,12:43:09
31-Mar-19,12:43:09
31-Mar-19,12:43:09
31-Mar-19,12:43:09
31-Mar-19,12:43:09
31-Mar-19,12:43:09
31-Mar-19,12:43:09
31-Mar-19,12:43:10
31-Mar-19,12:43:10
31-Mar-19,12:43:10
31-Mar-19,12:43:10
31-Mar-19,12:43:10
31-Mar-19,12:43:10
31-Mar-19,12:43:10
31-Mar-19,12:43:10
31-Mar-19,12:43:10
31-Mar-19,12:43:10
31-Mar-19,12:43:10
31-Mar-19,12:43:10
31-Mar-19,12:43:10
31-Mar-19,12:43:10
31-Mar-19,12:43:10
31-Mar-19,12:43:10
31-Mar-19,12:43:10
31-Mar-19,12:43:10
31-Mar-19,12:43:10
31-Mar-19,12:43:10
31-Mar-19,12:43:11
31-Mar-19,12:43:11
31-Mar-19,12:43:11
31-Mar-19,12:43:11
31-Mar-19,12:43:11
31-Mar-19,12:43:11
31-Mar-19,12:43:11
31-Mar-19,12:43:11
31-Mar-19,12:43:11
31-Mar-19,12:43:11
31-Mar-19,12:43:11
31-Mar-19,12:43:11
31-Mar-19,12:43:11
31-Mar-19,12:43:11
31-Mar-19,12:43:11
31-Mar-19,12:43:11
31-Mar-19,12:43:11
31-Mar-19,12:43:11
31-Mar-19,12:43:11
31-Mar-19,12:43:12
31-Mar-19,12:43:12
31-Mar-19,12:43:12
31-Mar-19,12:43:12
31-Mar-19,12:43:12
31-Mar-19,12:43:12
31-Mar-19,12:43:12
31-Mar-19,12:43:12
31-Mar-19,12:43:12
31-Mar-19,12:43:12
31-Mar-19,12:43:12
31-Mar-19,12:43:12
31-Mar-19,12:43:12
31-Mar-19,12:43:12
31-Mar-19,12:43:12
31-Mar-19,12:43:12
31-Mar-19,12:43:12
31-Mar-19,12:43:12
31-Mar-19,12:43:12
31-Mar-19,12:43:12
31-Mar-19,12:43:13
31-Mar-19,12:43:13
31-Mar-19,12:43:13
31-Mar-19,12:43:13
31-Mar-19,12:43:13
31-Mar-19,12:43:13
31-Mar-19,12:43:13
31-Mar-19,12:43:13
31-Mar-19,12:43:13
31-Mar-19,12:43:13
31-Mar-19,12:43:13
31-Mar-19,12:43:13
31-Mar-19,12:43:13
31-Mar-19,12:43:13
31-Mar-19,12:43:13
31-Mar-19,12:43:13
31-Mar-19,12:43:13
31-Mar-19,12:43:13
31-Mar-19,12:43:13
31-Mar-19,12:43:13
31-Mar-19,12:43:14
31-Mar-19,12:43:14
31-Mar-19,12:43:14
31-Mar-19,12:43:14
31-Mar-19,12:43:14
31-Mar-19,12:43:14
31-Mar-19,12:43:14
31-Mar-19,12:43:14
31-Mar-19,12:43:14
31-Mar-19,12:43:14
31-Mar-19,12:43:14
31-Mar-19,12:43:14
31-Mar-19,12:43:14
31-Mar-19,12:43:14
31-Mar-19,12:43:14
31-Mar-19,12:43:14
31-Mar-19,12:43:14
31-Mar-19,12:43:14
31-Mar-19,12:43:14
31-Mar-19,12:43:15
31-Mar-19,12:43:15
31-Mar-19,12:43:15
31-Mar-19,12:43:15
31-Mar-19,12:43:15
31-Mar-19,12:43:15
31-Mar-19,12:43:15
31-Mar-19,12:43:15
31-Mar-19,12:43:15
31-Mar-19,12:43:15
31-Mar-19,12:43:15
31-Mar-19,12:43:15
31-Mar-19,12:43:15
31-Mar-19,12:43:15
31-Mar-19,12:43:15
31-Mar-19,12:43:15
31-Mar-19,12:43:15
31-Mar-19,12:43:15
31-Mar-19,12:43:15
31-Mar-19,12:43:15
31-Mar-19,12:43:15
31-Mar-19,12:43:16
31-Mar-19,12:43:16
31-Mar-19,12:43:16
31-Mar-19,12:43:16
31-Mar-19,12:43:16
31-Mar-19,12:43:16
31-Mar-19,12:43:16
31-Mar-19,12:43:16
31-Mar-19,12:43:16
31-Mar-19,12:43:16
31-Mar-19,12:43:16
31-Mar-19,12:43:16
31-Mar-19,12:43:16
31-Mar-19,12:43:16
31-Mar-19,12:43:16
31-Mar-19,12:43:16
31-Mar-19,12:43:16
31-Mar-19,12:43:16
31-Mar-19,12:43:16
31-Mar-19,12:43:17
31-Mar-19,12:43:17
31-Mar-19,12:43:17
31-Mar-19,12:43:17
31-Mar-19,12:43:17
31-Mar-19,12:43:17
31-Mar-19,12:43:17
31-Mar-19,12:43:17
31-Mar-19,12:43:17
31-Mar-19,12:43:17
31-Mar-19,12:43:17
31-Mar-19,12:43:17
31-Mar-19,12:43:17
31-Mar-19,12:43:17
31-Mar-19,12:43:17
31-Mar-19,12:43:17
31-Mar-19,12:43:17
31-Mar-19,12:43:17
31-Mar-19,12:43:17
31-Mar-19,12:43:17
31-Mar-19,12:43:17
31-Mar-19,12:43:18
31-Mar-19,12:43:18
31-Mar-19,12:43:18
31-Mar-19,12:43:18
31-Mar-19,12:43:18
31-Mar-19,12:43:18
31-Mar-19,12:43:18
31-Mar-19,12:43:18
31-Mar-19,12:43:18
31-Mar-19,12:43:18
31-Mar-19,12:43:18
31-Mar-19,12:43:18
31-Mar-19,12:43:18
31-Mar-19,12:43:18
31-Mar-19,12:43:18
31-Mar-19,12:43:18
31-Mar-19,12:43:18
31-Mar-19,12:43:18
31-Mar-19,12:43:18
31-Mar-19,12:43:18
31-Mar-19,12:43:19
31-Mar-19,12:43:19
31-Mar-19,12:43:19
31-Mar-19,12:43:19
31-Mar-19,12:43:19
31-Mar-19,12:43:19
31-Mar-19,12:43:19
31-Mar-19,12:43:19
31-Mar-19,12:43:19
31-Mar-19,12:43:19
31-Mar-19,12:43:19
31-Mar-19,12:43:19
31-Mar-19,12:43:19
31-Mar-19,12:43:19
31-Mar-19,12:43:19
31-Mar-19,12:43:19
31-Mar-19,12:43:19
31-Mar-19,12:43:19
31-Mar-19,12:43:19
31-Mar-19,12:43:20
31-Mar-19,12:43:20
31-Mar-19,12:43:20
31-Mar-19,12:43:20
31-Mar-19,12:43:20
31-Mar-19,12:43:20
31-Mar-19,12:43:20
31-Mar-19,12:43:20
31-Mar-19,12:43:20
31-Mar-19,12:43:20
31-Mar-19,12:43:20
31-Mar-19,12:43:20
31-Mar-19,12:43:20
31-Mar-19,12:43:20
31-Mar-19,12:43:20
31-Mar-19,12:43:20
31-Mar-19,12:43:20
31-Mar-19,12:43:20
31-Mar-19,12:43:20
31-Mar-19,12:43:20
31-Mar-19,12:43:21
31-Mar-19,12:43:21
31-Mar-19,12:43:21
31-Mar-19,12:43:21
31-Mar-19,12:43:21
31-Mar-19,12:43:21
31-Mar-19,12:43:21
31-Mar-19,12:43:21
31-Mar-19,12:43:21
31-Mar-19,12:43:21
31-Mar-19,12:43:21
31-Mar-19,12:43:21
31-Mar-19,12:43:21
31-Mar-19,12:43:21
31-Mar-19,12:43:21
31-Mar-19,12:43:21
31-Mar-19,12:43:21
31-Mar-19,12:43:21
31-Mar-19,12:43:21
31-Mar-19,12:43:22
31-Mar-19,12:43:22
31-Mar-19,12:43:22
31-Mar-19,12:43:22
31-Mar-19,12:43:22
31-Mar-19,12:43:22
31-Mar-19,12:43:22
31-Mar-19,12:43:22
31-Mar-19,12:43:22
31-Mar-19,12:43:22
31-Mar-19,12:43:22
31-Mar-19,12:43:22
31-Mar-19,12:43:22
31-Mar-19,12:43:22
31-Mar-19,12:43:22
31-Mar-19,12:43:22
31-Mar-19,12:43:22
31-Mar-19,12:43:22
31-Mar-19,12:43:22
31-Mar-19,12:43:22
31-Mar-19,12:43:22
31-Mar-19,12:43:22
31-Mar-19,12:43:23
31-Mar-19,12:43:23
31-Mar-19,12:43:23
31-Mar-19,12:43:23
31-Mar-19,12:43:23
31-Mar-19,12:43:23
31-Mar-19,12:43:23
31-Mar-19,12:43:23
31-Mar-19,12:43:23
31-Mar-19,12:43:23
31-Mar-19,12:43:23
31-Mar-19,12:43:23
31-Mar-19,12:43:23
31-Mar-19,12:43:23
31-Mar-19,12:43:23
31-Mar-19,12:43:23
31-Mar-19,12:43:23
31-Mar-19,12:43:23
31-Mar-19,12:43:23
31-Mar-19,12:43:23
31-Mar-19,12:43:23
31-Mar-19,12:43:24
31-Mar-19,12:43:24
31-Mar-19,12:43:24
31-Mar-19,12:43:24
31-Mar-19,12:43:24
31-Mar-19,12:43:24
31-Mar-19,12:43:24
31-Mar-19,12:43:24
31-Mar-19,12:43:24
31-Mar-19,12:43:24
31-Mar-19,12:43:24
31-Mar-19,12:43:24
31-Mar-19,12:43:24
31-Mar-19,12:43:24
31-Mar-19,12:43:24
31-Mar-19,12:43:24
31-Mar-19,12:43:24
31-Mar-19,12:43:24
31-Mar-19,12:43:24
31-Mar-19,12:43:25
31-Mar-19,12:43:25
31-Mar-19,12:43:25
31-Mar-19,12:43:25
31-Mar-19,12:43:25
31-Mar-19,12:43:25
31-Mar-19,12:43:25
31-Mar-19,12:43:25
31-Mar-19,12:43:25
31-Mar-19,12:43:25
31-Mar-19,12:43:25
31-Mar-19,12:43:25
31-Mar-19,12:43:25
31-Mar-19,12:43:25
31-Mar-19,12:43:25
31-Mar-19,12:43:25
31-Mar-19,12:43:25
31-Mar-19,12:43:25
31-Mar-19,12:43:25
31-Mar-19,12:43:25
31-Mar-19,12:43:25
31-Mar-19,12:43:25
31-Mar-19,12:43:26
31-Mar-19,12:43:26
31-Mar-19,12:43:26
31-Mar-19,12:43:26
31-Mar-19,12:43:26
31-Mar-19,12:43:26
31-Mar-19,12:43:26
31-Mar-19,12:43:26
31-Mar-19,12:43:26
31-Mar-19,12:43:26
31-Mar-19,12:43:26
31-Mar-19,12:43:26
31-Mar-19,12:43:26
31-Mar-19,12:43:26
31-Mar-19,12:43:26
31-Mar-19,12:43:26
31-Mar-19,12:43:26
31-Mar-19,12:43:26
31-Mar-19,12:43:26
31-Mar-19,12:43:27
31-Mar-19,12:43:27
31-Mar-19,12:43:27
31-Mar-19,12:43:27
31-Mar-19,12:43:27
31-Mar-19,12:43:27
31-Mar-19,12:43:27
31-Mar-19,12:43:27
31-Mar-19,12:43:27
31-Mar-19,12:43:27
31-Mar-19,12:43:27
31-Mar-19,12:43:27
31-Mar-19,12:43:27
31-Mar-19,12:43:27
31-Mar-19,12:43:27
31-Mar-19,12:43:27
31-Mar-19,12:43:27
31-Mar-19,12:43:27
31-Mar-19,12:43:27
31-Mar-19,12:43:27
31-Mar-19,12:43:27
31-Mar-19,12:43:27
31-Mar-19,12:43:28
31-Mar-19,12:43:28
31-Mar-19,12:43:28
31-Mar-19,12:43:28
31-Mar-19,12:43:28
31-Mar-19,12:43:28
31-Mar-19,12:43:28
31-Mar-19,12:43:28
31-Mar-19,12:43:28
31-Mar-19,12:43:28
31-Mar-19,12:43:28
31-Mar-19,12:43:28
31-Mar-19,12:43:28
31-Mar-19,12:43:28
31-Mar-19,12:43:28
31-Mar-19,12:43:28
31-Mar-19,12:43:28
31-Mar-19,12:43:28
31-Mar-19,12:43:28
31-Mar-19,12:43:28
31-Mar-19,12:43:28
31-Mar-19,12:43:29
31-Mar-19,12:43:29
31-Mar-19,12:43:29
31-Mar-19,12:43:29
31-Mar-19,12:43:29
31-Mar-19,12:43:29
31-Mar-19,12:43:29
31-Mar-19,12:43:29
31-Mar-19,12:43:29
31-Mar-19,12:43:29
31-Mar-19,12:43:29
31-Mar-19,12:43:29
31-Mar-19,12:43:29
31-Mar-19,12:43:29
31-Mar-19,12:43:29
31-Mar-19,12:43:29
31-Mar-19,12:43:29
31-Mar-19,12:43:29
31-Mar-19,12:43:29
31-Mar-19,12:43:30
31-Mar-19,12:43:30
31-Mar-19,12:43:30
31-Mar-19,12:43:30
31-Mar-19,12:43:30
31-Mar-19,12:43:30
31-Mar-19,12:43:30
31-Mar-19,12:43:30
31-Mar-19,12:43:30
31-Mar-19,12:43:30
31-Mar-19,12:43:30
31-Mar-19,12:43:30
31-Mar-19,12:43:30
31-Mar-19,12:43:30
31-Mar-19,12:43:30
31-Mar-19,12:43:30
31-Mar-19,12:43:30
31-Mar-19,12:43:30
31-Mar-19,12:43:30
31-Mar-19,12:43:30
31-Mar-19,12:43:30
31-Mar-19,12:43:30
31-Mar-19,12:43:31
31-Mar-19,12:43:31
31-Mar-19,12:43:31
31-Mar-19,12:43:31
31-Mar-19,12:43:31
31-Mar-19,12:43:31
31-Mar-19,12:43:31
31-Mar-19,12:43:31
31-Mar-19,12:43:31
31-Mar-19,12:43:31
31-Mar-19,12:43:31
31-Mar-19,12:43:31
31-Mar-19,12:43:31
31-Mar-19,12:43:31
31-Mar-19,12:43:31
31-Mar-19,12:43:31
31-Mar-19,12:43:31
31-Mar-19,12:43:31
31-Mar-19,12:43:31
31-Mar-19,12:43:31
31-Mar-19,12:43:32
31-Mar-19,12:43:32
31-Mar-19,12:43:32
31-Mar-19,12:43:32
31-Mar-19,12:43:32
31-Mar-19,12:43:32
31-Mar-19,12:43:32
31-Mar-19,12:43:32
31-Mar-19,12:43:32
31-Mar-19,12:43:32
31-Mar-19,12:43:32
31-Mar-19,12:43:32
31-Mar-19,12:43:32
31-Mar-19,12:43:32
31-Mar-19,12:43:32
31-Mar-19,12:43:32
31-Mar-19,12:43:32
31-Mar-19,12:43:32
31-Mar-19,12:43:32
31-Mar-19,12:43:32
31-Mar-19,12:43:32
31-Mar-19,12:43:32
31-Mar-19,12:43:33
31-Mar-19,12:43:33
31-Mar-19,12:43:33
31-Mar-19,12:43:33
31-Mar-19,12:43:33
31-Mar-19,12:43:33
31-Mar-19,12:43:33
31-Mar-19,12:43:33
31-Mar-19,12:43:33
31-Mar-19,12:43:33
31-Mar-19,12:43:33
31-Mar-19,12:43:33
31-Mar-19,12:43:33
31-Mar-19,12:43:33
31-Mar-19,12:43:33
31-Mar-19,12:43:33
31-Mar-19,12:43:33
31-Mar-19,12:43:33
31-Mar-19,12:43:33
31-Mar-19,12:43:33
31-Mar-19,12:43:33
31-Mar-19,12:43:33
31-Mar-19,12:43:34
31-Mar-19,12:43:34
31-Mar-19,12:43:34
31-Mar-19,12:43:34
31-Mar-19,12:43:34
31-Mar-19,12:43:34
31-Mar-19,12:43:34
31-Mar-19,12:43:34
31-Mar-19,12:43:34
31-Mar-19,12:43:34
31-Mar-19,12:43:34
31-Mar-19,12:43:34
31-Mar-19,12:43:34
31-Mar-19,12:43:34
31-Mar-19,12:43:34
31-Mar-19,12:43:34
31-Mar-19,12:43:34
31-Mar-19,12:43:34
31-Mar-19,12:43:34
31-Mar-19,12:43:35
31-Mar-19,12:43:35
31-Mar-19,12:43:35
31-Mar-19,12:43:35
31-Mar-19,12:43:35
31-Mar-19,12:43:35
31-Mar-19,12:43:35
31-Mar-19,12:43:35
31-Mar-19,12:43:35
31-Mar-19,12:43:35
31-Mar-19,12:43:35
31-Mar-19,12:43:35
31-Mar-19,12:43:35
31-Mar-19,12:43:35
31-Mar-19,12:43:35
31-Mar-19,12:43:35
31-Mar-19,12:43:35
31-Mar-19,12:43:35
31-Mar-19,12:43:35
31-Mar-19,12:43:35
31-Mar-19,12:43:35
31-Mar-19,12:43:35
31-Mar-19,12:43:36
31-Mar-19,12:43:36
31-Mar-19,12:43:36
31-Mar-19,12:43:36
31-Mar-19,12:43:36
31-Mar-19,12:43:36
31-Mar-19,12:43:36
31-Mar-19,12:43:36
31-Mar-19,12:43:36
31-Mar-19,12:43:36
31-Mar-19,12:43:36
31-Mar-19,12:43:36
31-Mar-19,12:43:36
31-Mar-19,12:43:36
31-Mar-19,12:43:36
31-Mar-19,12:43:36
31-Mar-19,12:43:36
31-Mar-19,12:43:36
31-Mar-19,12:43:36
31-Mar-19,12:43:36
31-Mar-19,12:43:37
31-Mar-19,12:43:37
31-Mar-19,12:43:37
31-Mar-19,12:43:37
31-Mar-19,12:43:37
31-Mar-19,12:43:37
31-Mar-19,12:43:37
31-Mar-19,12:43:37
31-Mar-19,12:43:37
31-Mar-19,12:43:37
31-Mar-19,12:43:37
31-Mar-19,12:43:37
31-Mar-19,12:43:37
31-Mar-19,12:43:37
31-Mar-19,12:43:37
31-Mar-19,12:43:37
31-Mar-19,12:43:37
31-Mar-19,12:43:37
31-Mar-19,12:43:37
31-Mar-19,12:43:37
31-Mar-19,12:43:37
31-Mar-19,12:43:37
31-Mar-19,12:43:38
31-Mar-19,12:43:38
31-Mar-19,12:43:38
31-Mar-19,12:43:38
31-Mar-19,12:43:38
31-Mar-19,12:43:38
31-Mar-19,12:43:38
31-Mar-19,12:43:38
31-Mar-19,12:43:38
31-Mar-19,12:43:38
31-Mar-19,12:43:38
31-Mar-19,12:43:38
31-Mar-19,12:43:38
31-Mar-19,12:43:38
31-Mar-19,12:43:38
31-Mar-19,12:43:38
31-Mar-19,12:43:38
31-Mar-19,12:43:38
31-Mar-19,12:43:38
31-Mar-19,12:43:38
31-Mar-19,12:43:38
31-Mar-19,12:43:39
31-Mar-19,12:43:39
31-Mar-19,12:43:39
31-Mar-19,12:43:39
31-Mar-19,12:43:39
31-Mar-19,12:43:39
31-Mar-19,12:43:39
31-Mar-19,12:43:39
31-Mar-19,12:43:39
31-Mar-19,12:43:39
31-Mar-19,12:43:39
31-Mar-19,12:43:39
31-Mar-19,12:43:39
31-Mar-19,12:43:39
31-Mar-19,12:43:39
31-Mar-19,12:43:39
31-Mar-19,12:43:39
31-Mar-19,12:43:39
31-Mar-19,12:43:39
31-Mar-19,12:43:39
31-Mar-19,12:43:40
31-Mar-19,12:43:40
31-Mar-19,12:43:40
31-Mar-19,12:43:40
31-Mar-19,12:43:40
31-Mar-19,12:43:40
31-Mar-19,12:43:40
31-Mar-19,12:43:40
31-Mar-19,12:43:40
31-Mar-19,12:43:40
31-Mar-19,12:43:40
31-Mar-19,12:43:40
31-Mar-19,12:43:40
31-Mar-19,12:43:40
31-Mar-19,12:43:40
31-Mar-19,12:43:40
31-Mar-19,12:43:40
31-Mar-19,12:43:40
31-Mar-19,12:43:40
31-Mar-19,12:43:40
31-Mar-19,12:43:40
31-Mar-19,12:43:40
31-Mar-19,12:43:40
31-Mar-19,12:43:41
31-Mar-19,12:43:41
31-Mar-19,12:43:41
31-Mar-19,12:43:41
31-Mar-19,12:43:41
31-Mar-19,12:43:41
31-Mar-19,12:43:41
31-Mar-19,12:43:41
31-Mar-19,12:43:41
31-Mar-19,12:43:41
31-Mar-19,12:43:41
31-Mar-19,12:43:41
31-Mar-19,12:43:41
31-Mar-19,12:43:41
31-Mar-19,12:43:41
31-Mar-19,12:43:41
31-Mar-19,12:43:41
31-Mar-19,12:43:41
31-Mar-19,12:43:41
31-Mar-19,12:43:41
31-Mar-19,12:43:42
31-Mar-19,12:43:42
31-Mar-19,12:43:42
31-Mar-19,12:43:42
31-Mar-19,12:43:42
31-Mar-19,12:43:42
31-Mar-19,12:43:42
31-Mar-19,12:43:42
31-Mar-19,12:43:42
31-Mar-19,12:43:42
31-Mar-19,12:43:42
31-Mar-19,12:43:42
31-Mar-19,12:43:42
31-Mar-19,12:43:42
31-Mar-19,12:43:42
31-Mar-19,12:43:42
31-Mar-19,12:43:42
31-Mar-19,12:43:42
31-Mar-19,12:43:42
31-Mar-19,12:43:42
31-Mar-19,12:43:42
31-Mar-19,12:43:42
31-Mar-19,12:43:42
31-Mar-19,12:43:43
31-Mar-19,12:43:43
31-Mar-19,12:43:43
31-Mar-19,12:43:43
31-Mar-19,12:43:43
31-Mar-19,12:43:43
31-Mar-19,12:43:43
31-Mar-19,12:43:43
31-Mar-19,12:43:43
31-Mar-19,12:43:43
31-Mar-19,12:43:43
31-Mar-19,12:43:43
31-Mar-19,12:43:43
31-Mar-19,12:43:43
31-Mar-19,12:43:43
31-Mar-19,12:43:43
31-Mar-19,12:43:43
31-Mar-19,12:43:43
31-Mar-19,12:43:43
31-Mar-19,12:43:43
31-Mar-19,12:43:43
31-Mar-19,12:43:44
31-Mar-19,12:43:44
31-Mar-19,12:43:44
31-Mar-19,12:43:44
31-Mar-19,12:43:44
31-Mar-19,12:43:44
31-Mar-19,12:43:44
31-Mar-19,12:43:44
31-Mar-19,12:43:44
31-Mar-19,12:43:44
31-Mar-19,12:43:44
31-Mar-19,12:43:44
31-Mar-19,12:43:44
31-Mar-19,12:43:44
31-Mar-19,12:43:44
31-Mar-19,12:43:44
31-Mar-19,12:43:44
31-Mar-19,12:43:44
31-Mar-19,12:43:44
31-Mar-19,12:43:44
31-Mar-19,12:43:44
31-Mar-19,12:43:45
31-Mar-19,12:43:45
31-Mar-19,12:43:45
31-Mar-19,12:43:45
31-Mar-19,12:43:45
31-Mar-19,12:43:45
31-Mar-19,12:43:45
31-Mar-19,12:43:45
31-Mar-19,12:43:45
31-Mar-19,12:43:45
31-Mar-19,12:43:45
31-Mar-19,12:43:45
31-Mar-19,12:43:45
31-Mar-19,12:43:45
31-Mar-19,12:43:45
31-Mar-19,12:43:45
31-Mar-19,12:43:45
31-Mar-19,12:43:45
31-Mar-19,12:43:45
31-Mar-19,12:43:45
31-Mar-19,12:43:45
31-Mar-19,12:43:45
31-Mar-19,12:43:45
31-Mar-19,12:43:46
31-Mar-19,12:43:46
31-Mar-19,12:43:46
31-Mar-19,12:43:46
31-Mar-19,12:43:46
31-Mar-19,12:43:46
31-Mar-19,12:43:46
31-Mar-19,12:43:46
31-Mar-19,12:43:46
31-Mar-19,12:43:46
31-Mar-19,12:43:46
31-Mar-19,12:43:46
31-Mar-19,12:43:46
31-Mar-19,12:43:46
31-Mar-19,12:43:46
31-Mar-19,12:43:46
31-Mar-19,12:43:46
31-Mar-19,12:43:46
31-Mar-19,12:43:46
31-Mar-19,12:43:46
31-Mar-19,12:43:47
31-Mar-19,12:43:47
31-Mar-19,12:43:47
31-Mar-19,12:43:47
31-Mar-19,12:43:47
31-Mar-19,12:43:47
31-Mar-19,12:43:47
31-Mar-19,12:43:47
31-Mar-19,12:43:47
31-Mar-19,12:43:47
31-Mar-19,12:43:47
31-Mar-19,12:43:47
31-Mar-19,12:43:47
31-Mar-19,12:43:47
31-Mar-19,12:43:47
31-Mar-19,12:43:47
31-Mar-19,12:43:47
31-Mar-19,12:43:47
31-Mar-19,12:43:47
31-Mar-19,12:43:47
31-Mar-19,12:43:47
31-Mar-19,12:43:47
31-Mar-19,12:43:47
31-Mar-19,12:43:48
31-Mar-19,12:43:48
31-Mar-19,12:43:48
31-Mar-19,12:43:48
31-Mar-19,12:43:48
31-Mar-19,12:43:48
31-Mar-19,12:43:48
31-Mar-19,12:43:48
31-Mar-19,12:43:48
31-Mar-19,12:43:48
31-Mar-19,12:43:48
31-Mar-19,12:43:48
31-Mar-19,12:43:48
31-Mar-19,12:43:48
31-Mar-19,12:43:48
31-Mar-19,12:43:48
31-Mar-19,12:43:48
31-Mar-19,12:43:48
31-Mar-19,12:43:48
31-Mar-19,12:43:48
31-Mar-19,12:43:48
31-Mar-19,12:43:49
31-Mar-19,12:43:49
31-Mar-19,12:43:49
31-Mar-19,12:43:49
31-Mar-19,12:43:49
31-Mar-19,12:43:49
31-Mar-19,12:43:49
31-Mar-19,12:43:49
31-Mar-19,12:43:49
31-Mar-19,12:43:49
31-Mar-19,12:43:49
31-Mar-19,12:43:49
31-Mar-19,12:43:49
31-Mar-19,12:43:49
31-Mar-19,12:43:49
31-Mar-19,12:43:49
31-Mar-19,12:43:49
31-Mar-19,12:43:49
31-Mar-19,12:43:49
31-Mar-19,12:43:49
31-Mar-19,12:43:49
31-Mar-19,12:43:50
31-Mar-19,12:43:50
31-Mar-19,12:43:50
31-Mar-19,12:43:50
31-Mar-19,12:43:50
31-Mar-19,12:43:50
31-Mar-19,12:43:50
31-Mar-19,12:43:50
31-Mar-19,12:43:50
31-Mar-19,12:43:50
31-Mar-19,12:43:50
31-Mar-19,12:43:50
31-Mar-19,12:43:50
31-Mar-19,12:43:50
31-Mar-19,12:43:50
31-Mar-19,12:43:50
31-Mar-19,12:43:50
31-Mar-19,12:43:50
31-Mar-19,12:43:50
31-Mar-19,12:43:50
31-Mar-19,12:43:50
31-Mar-19,12:43:50
31-Mar-19,12:43:50
31-Mar-19,12:43:51
31-Mar-19,12:43:51
31-Mar-19,12:43:51
31-Mar-19,12:43:51
31-Mar-19,12:43:51
31-Mar-19,12:43:51
31-Mar-19,12:43:51
31-Mar-19,12:43:51
31-Mar-19,12:43:51
31-Mar-19,12:43:51
31-Mar-19,12:43:51
31-Mar-19,12:43:51
31-Mar-19,12:43:51
31-Mar-19,12:43:51
31-Mar-19,12:43:51
31-Mar-19,12:43:51
31-Mar-19,12:43:51
31-Mar-19,12:43:51
31-Mar-19,12:43:51
31-Mar-19,12:43:51
31-Mar-19,12:43:52
31-Mar-19,12:43:52
31-Mar-19,12:43:52
31-Mar-19,12:43:52
31-Mar-19,12:43:52
31-Mar-19,12:43:52
31-Mar-19,12:43:52
31-Mar-19,12:43:52
31-Mar-19,12:43:52
31-Mar-19,12:43:52
31-Mar-19,12:43:52
31-Mar-19,12:43:52
31-Mar-19,12:43:52
31-Mar-19,12:43:52
31-Mar-19,12:43:52
31-Mar-19,12:43:52
31-Mar-19,12:43:52
31-Mar-19,12:43:52
31-Mar-19,12:43:52
31-Mar-19,12:43:52
31-Mar-19,12:43:52
31-Mar-19,12:43:52
31-Mar-19,12:43:52
31-Mar-19,12:43:53
31-Mar-19,12:43:53
31-Mar-19,12:43:53
31-Mar-19,12:43:53
31-Mar-19,12:43:53
31-Mar-19,12:43:53
31-Mar-19,12:43:53
31-Mar-19,12:43:53
31-Mar-19,12:43:53
31-Mar-19,12:43:53
31-Mar-19,12:43:53
31-Mar-19,12:43:53
31-Mar-19,12:43:53
31-Mar-19,12:43:53
31-Mar-19,12:43:53
31-Mar-19,12:43:53
31-Mar-19,12:43:53
31-Mar-19,12:43:53
31-Mar-19,12:43:53
31-Mar-19,12:43:53
31-Mar-19,12:43:53
31-Mar-19,12:43:54
31-Mar-19,12:43:54
31-Mar-19,12:43:54
31-Mar-19,12:43:54
31-Mar-19,12:43:54
31-Mar-19,12:43:54
31-Mar-19,12:43:54
31-Mar-19,12:43:54
31-Mar-19,12:43:54
31-Mar-19,12:43:54
31-Mar-19,12:43:54
31-Mar-19,12:43:54
31-Mar-19,12:43:54
31-Mar-19,12:43:54
31-Mar-19,12:43:54
31-Mar-19,12:43:54
31-Mar-19,12:43:54
31-Mar-19,12:43:54
31-Mar-19,12:43:54
31-Mar-19,12:43:54
31-Mar-19,12:43:55
31-Mar-19,12:43:55
31-Mar-19,12:43:55
31-Mar-19,12:43:55
31-Mar-19,12:43:55
31-Mar-19,12:43:55
31-Mar-19,12:43:55
31-Mar-19,12:43:55
31-Mar-19,12:43:55
31-Mar-19,12:43:55
31-Mar-19,12:43:55
31-Mar-19,12:43:55
31-Mar-19,12:43:55
31-Mar-19,12:43:55
31-Mar-19,12:43:55
31-Mar-19,12:43:55
31-Mar-19,12:43:55
31-Mar-19,12:43:55
31-Mar-19,12:43:55
31-Mar-19,12:43:55
31-Mar-19,12:43:55
31-Mar-19,12:43:55
31-Mar-19,12:43:55
31-Mar-19,12:43:56
31-Mar-19,12:43:56
31-Mar-19,12:43:56
31-Mar-19,12:43:56
31-Mar-19,12:43:56
31-Mar-19,12:43:56
31-Mar-19,12:43:56
31-Mar-19,12:43:56
31-Mar-19,12:43:56
31-Mar-19,12:43:56
31-Mar-19,12:43:56
31-Mar-19,12:43:56
31-Mar-19,12:43:56
31-Mar-19,12:43:56
31-Mar-19,12:43:56
31-Mar-19,12:43:56
31-Mar-19,12:43:56
31-Mar-19,12:43:56
31-Mar-19,12:43:56
31-Mar-19,12:43:56
31-Mar-19,12:43:56
31-Mar-19,12:43:57
31-Mar-19,12:43:57
31-Mar-19,12:43:57
31-Mar-19,12:43:57
31-Mar-19,12:43:57
31-Mar-19,12:43:57
31-Mar-19,12:43:57
31-Mar-19,12:43:57
31-Mar-19,12:43:57
31-Mar-19,12:43:57
31-Mar-19,12:43:57
31-Mar-19,12:43:57
31-Mar-19,12:43:57
31-Mar-19,12:43:57
31-Mar-19,12:43:57
31-Mar-19,12:43:57
31-Mar-19,12:43:57
31-Mar-19,12:43:57
31-Mar-19,12:43:57
31-Mar-19,12:43:57
31-Mar-19,12:43:57
31-Mar-19,12:43:57
31-Mar-19,12:43:57
31-Mar-19,12:43:58
31-Mar-19,12:43:58
31-Mar-19,12:43:58
31-Mar-19,12:43:58
31-Mar-19,12:43:58
31-Mar-19,12:43:58
31-Mar-19,12:43:58
31-Mar-19,12:43:58
31-Mar-19,12:43:58
31-Mar-19,12:43:58
31-Mar-19,12:43:58
31-Mar-19,12:43:58
31-Mar-19,12:43:58
31-Mar-19,12:43:58
31-Mar-19,12:43:58
31-Mar-19,12:43:58
31-Mar-19,12:43:58
31-Mar-19,12:43:58
31-Mar-19,12:43:58
31-Mar-19,12:43:58
31-Mar-19,12:43:58
31-Mar-19,12:43:58
31-Mar-19,12:43:58
31-Mar-19,12:43:59
31-Mar-19,12:43:59
31-Mar-19,12:43:59
31-Mar-19,12:43:59
31-Mar-19,12:43:59
31-Mar-19,12:43:59
31-Mar-19,12:43:59
31-Mar-19,12:43:59
31-Mar-19,12:43:59
31-Mar-19,12:43:59
31-Mar-19,12:43:59
31-Mar-19,12:43:59
31-Mar-19,12:43:59
31-Mar-19,12:43:59
31-Mar-19,12:43:59
31-Mar-19,12:43:59
31-Mar-19,12:43:59
31-Mar-19,12:43:59
31-Mar-19,12:43:59
31-Mar-19,12:43:59
31-Mar-19,12:43:59
31-Mar-19,12:44:00
31-Mar-19,12:44:00
31-Mar-19,12:44:00
31-Mar-19,12:44:00
31-Mar-19,12:44:00
31-Mar-19,12:44:00
31-Mar-19,12:44:00
31-Mar-19,12:44:00
31-Mar-19,12:44:00
31-Mar-19,12:44:00
31-Mar-19,12:44:00
31-Mar-19,12:44:00
31-Mar-19,12:44:00
31-Mar-19,12:44:00
31-Mar-19,12:44:00
31-Mar-19,12:44:00
31-Mar-19,12:44:00
31-Mar-19,12:44:00
31-Mar-19,12:44:00
31-Mar-19,12:44:00
31-Mar-19,12:44:00
31-Mar-19,12:44:00
31-Mar-19,12:44:00
31-Mar-19,12:44:00
31-Mar-19,12:44:01
31-Mar-19,12:44:01
31-Mar-19,12:44:01
31-Mar-19,12:44:01
31-Mar-19,12:44:01
31-Mar-19,12:44:01
31-Mar-19,12:44:01
31-Mar-19,12:44:01
31-Mar-19,12:44:01
31-Mar-19,12:44:01
31-Mar-19,12:44:01
31-Mar-19,12:44:01
31-Mar-19,12:44:01
31-Mar-19,12:44:01
31-Mar-19,12:44:01
31-Mar-19,12:44:01
31-Mar-19,12:44:01
31-Mar-19,12:44:01
31-Mar-19,12:44:01
31-Mar-19,12:44:01
31-Mar-19,12:44:01
31-Mar-19,12:44:02
31-Mar-19,12:44:02
31-Mar-19,12:44:02
31-Mar-19,12:44:02
31-Mar-19,12:44:02
31-Mar-19,12:44:02
31-Mar-19,12:44:02
31-Mar-19,12:44:02
31-Mar-19,12:44:02
31-Mar-19,12:44:02
31-Mar-19,12:44:02
31-Mar-19,12:40:59
31-Mar-19,12:40:59
31-Mar-19,12:40:59
31-Mar-19,12:40:59
31-Mar-19,12:40:59
31-Mar-19,12:40:59
31-Mar-19,12:40:59
31-Mar-19,12:40:59
31-Mar-19,12:40:59
31-Mar-19,12:41:00
31-Mar-19,12:41:00
31-Mar-19,12:41:00
31-Mar-19,12:41:00
31-Mar-19,12:41:00
31-Mar-19,12:41:00
31-Mar-19,12:41:00
31-Mar-19,12:41:00
31-Mar-19,12:41:00
31-Mar-19,12:41:00
31-Mar-19,12:41:00
31-Mar-19,12:41:00
31-Mar-19,12:41:00
31-Mar-19,12:41:01
31-Mar-19,12:41:01
31-Mar-19,12:41:01
31-Mar-19,12:41:01
31-Mar-19,12:41:01
31-Mar-19,12:41:01
31-Mar-19,12:41:01
31-Mar-19,12:41:01
31-Mar-19,12:41:01
31-Mar-19,12:41:01
31-Mar-19,12:41:01
31-Mar-19,12:41:01
31-Mar-19,12:41:01
31-Mar-19,12:41:01
31-Mar-19,12:41:02
31-Mar-19,12:41:02
31-Mar-19,12:41:02
31-Mar-19,12:41:02
31-Mar-19,12:41:02
31-Mar-19,12:41:02
31-Mar-19,12:41:02
31-Mar-19,12:41:02
31-Mar-19,12:41:02
31-Mar-19,12:41:02
31-Mar-19,12:41:02
31-Mar-19,12:44:30
31-Mar-19,12:44:30
31-Mar-19,12:44:30
31-Mar-19,12:44:30
31-Mar-19,12:44:30
31-Mar-19,12:44:30
31-Mar-19,12:44:30
31-Mar-19,12:44:30
31-Mar-19,12:44:30
31-Mar-19,12:44:30
31-Mar-19,12:44:30
31-Mar-19,12:44:30
31-Mar-19,12:44:30
31-Mar-19,12:44:30
31-Mar-19,12:44:30
31-Mar-19,12:44:30
31-Mar-19,12:44:30
31-Mar-19,12:44:30
31-Mar-19,12:44:30
31-Mar-19,12:44:30
31-Mar-19,12:44:30
31-Mar-19,12:44:30
31-Mar-19,12:44:30
31-Mar-19,12:44:31
31-Mar-19,12:44:31
31-Mar-19,12:44:31
31-Mar-19,12:44:31
31-Mar-19,12:44:31
31-Mar-19,12:44:31
31-Mar-19,12:44:31
31-Mar-19,12:44:31
31-Mar-19,12:44:31
31-Mar-19,12:44:31
31-Mar-19,12:44:31
31-Mar-19,12:44:31
31-Mar-19,12:44:31
31-Mar-19,12:44:31
31-Mar-19,12:44:31
31-Mar-19,12:44:31
31-Mar-19,12:44:31
31-Mar-19,12:44:31
31-Mar-19,12:44:31
31-Mar-19,12:44:31
31-Mar-19,12:44:31
31-Mar-19,12:44:31
31-Mar-19,12:44:32
31-Mar-19,12:44:32
31-Mar-19,12:44:32
31-Mar-19,12:44:32
31-Mar-19,12:44:32
31-Mar-19,12:44:32
31-Mar-19,12:44:32
31-Mar-19,12:44:32
31-Mar-19,12:44:32
31-Mar-19,12:44:32
31-Mar-19,12:44:32
31-Mar-19,12:44:32
31-Mar-19,12:44:32
31-Mar-19,12:44:32
31-Mar-19,12:44:32
31-Mar-19,12:44:32
31-Mar-19,12:44:32
31-Mar-19,12:44:32
31-Mar-19,12:44:32
31-Mar-19,12:44:32
31-Mar-19,12:44:32
31-Mar-19,12:44:32
31-Mar-19,12:44:32
31-Mar-19,12:44:32
31-Mar-19,12:44:33
31-Mar-19,12:44:33
31-Mar-19,12:44:33
31-Mar-19,12:44:33
31-Mar-19,12:44:33
31-Mar-19,12:44:33
31-Mar-19,12:44:33
31-Mar-19,12:44:33
31-Mar-19,12:44:33
31-Mar-19,12:44:33
31-Mar-19,12:44:33
31-Mar-19,12:44:33
31-Mar-19,12:44:33
31-Mar-19,12:44:33
31-Mar-19,12:44:33
31-Mar-19,12:44:33
31-Mar-19,12:44:33
31-Mar-19,12:44:33
31-Mar-19,12:44:33
31-Mar-19,12:44:33
31-Mar-19,12:44:33
31-Mar-19,12:44:33
31-Mar-19,12:44:33
31-Mar-19,12:44:33
31-Mar-19,12:44:33
31-Mar-19,12:44:33
31-Mar-19,12:44:34
31-Mar-19,12:44:34
31-Mar-19,12:44:34
31-Mar-19,12:44:34
31-Mar-19,12:44:34
31-Mar-19,12:44:34
31-Mar-19,12:44:34
31-Mar-19,12:44:34
31-Mar-19,12:44:34
31-Mar-19,12:44:34
31-Mar-19,12:44:34
31-Mar-19,12:44:34
31-Mar-19,12:44:34
31-Mar-19,12:44:34
31-Mar-19,12:44:34
31-Mar-19,12:44:34
31-Mar-19,12:44:34
31-Mar-19,12:44:34
31-Mar-19,12:44:34
31-Mar-19,12:44:34
31-Mar-19,12:44:34
31-Mar-19,12:44:34
31-Mar-19,12:44:35
31-Mar-19,12:44:35
31-Mar-19,12:44:35
31-Mar-19,12:44:35
31-Mar-19,12:44:35
31-Mar-19,12:44:35
31-Mar-19,12:44:35
31-Mar-19,12:44:35
31-Mar-19,12:44:35
31-Mar-19,12:44:35
31-Mar-19,12:44:35
31-Mar-19,12:44:35
31-Mar-19,12:44:35
31-Mar-19,12:44:35
31-Mar-19,12:44:35
31-Mar-19,12:44:35
31-Mar-19,12:44:35
31-Mar-19,12:44:35
31-Mar-19,12:44:35
31-Mar-19,12:44:35
31-Mar-19,12:44:35
31-Mar-19,12:44:35
31-Mar-19,12:44:35
31-Mar-19,12:44:35
31-Mar-19,12:44:35
31-Mar-19,12:44:35
31-Mar-19,12:44:36
31-Mar-19,12:44:36
31-Mar-19,12:44:36
31-Mar-19,12:44:36
31-Mar-19,12:44:36
31-Mar-19,12:44:36
31-Mar-19,12:44:36
31-Mar-19,12:44:36
31-Mar-19,12:44:36
31-Mar-19,12:44:36
31-Mar-19,12:44:36
31-Mar-19,12:44:36
31-Mar-19,12:44:36
31-Mar-19,12:44:36
31-Mar-19,12:44:36
31-Mar-19,12:44:36
31-Mar-19,12:44:36
31-Mar-19,12:44:36
31-Mar-19,12:44:36
31-Mar-19,12:44:36
31-Mar-19,12:44:36
31-Mar-19,12:44:36
31-Mar-19,12:44:37
31-Mar-19,12:44:37
31-Mar-19,12:44:37
31-Mar-19,12:44:37
31-Mar-19,12:44:37
31-Mar-19,12:44:37
31-Mar-19,12:44:37
31-Mar-19,12:44:37
31-Mar-19,12:44:37
31-Mar-19,12:44:37
31-Mar-19,12:44:37
31-Mar-19,12:44:37
31-Mar-19,12:44:37
31-Mar-19,12:44:37
31-Mar-19,12:44:37
31-Mar-19,12:44:37
31-Mar-19,12:44:37
31-Mar-19,12:44:37
31-Mar-19,12:44:37
31-Mar-19,12:44:37
31-Mar-19,12:44:37
31-Mar-19,12:44:37
31-Mar-19,12:44:37
31-Mar-19,12:44:37
31-Mar-19,12:44:38
31-Mar-19,12:44:38
31-Mar-19,12:44:38
31-Mar-19,12:44:38
31-Mar-19,12:44:38
31-Mar-19,12:44:38
31-Mar-19,12:44:38
31-Mar-19,12:44:38
31-Mar-19,12:44:38
31-Mar-19,12:44:38
31-Mar-19,12:44:38
31-Mar-19,12:44:38
31-Mar-19,12:44:38
31-Mar-19,12:44:38
31-Mar-19,12:44:38
31-Mar-19,12:44:38
31-Mar-19,12:44:38
31-Mar-19,12:44:38
31-Mar-19,12:44:38
31-Mar-19,12:44:38
31-Mar-19,12:44:38
31-Mar-19,12:44:38
31-Mar-19,12:44:38
31-Mar-19,12:44:38
31-Mar-19,12:44:38
31-Mar-19,12:44:38
31-Mar-19,12:44:38
31-Mar-19,12:44:39
31-Mar-19,12:44:39
31-Mar-19,12:44:39
31-Mar-19,12:44:39
31-Mar-19,12:44:39
31-Mar-19,12:44:39
31-Mar-19,12:44:39
31-Mar-19,12:44:39
31-Mar-19,12:44:39
31-Mar-19,12:44:39
31-Mar-19,12:44:39
31-Mar-19,12:44:39
31-Mar-19,12:44:39
31-Mar-19,12:44:39
31-Mar-19,12:44:39
31-Mar-19,12:44:39
31-Mar-19,12:44:39
31-Mar-19,12:44:39
31-Mar-19,12:44:39
31-Mar-19,12:44:39
31-Mar-19,12:44:39
31-Mar-19,12:44:39
31-Mar-19,12:44:39
31-Mar-19,12:44:40
31-Mar-19,12:44:40
31-Mar-19,12:44:40
31-Mar-19,12:44:40
31-Mar-19,12:44:40
31-Mar-19,12:44:40
31-Mar-19,12:44:40
31-Mar-19,12:44:40
31-Mar-19,12:44:40
31-Mar-19,12:44:40
31-Mar-19,12:44:40
31-Mar-19,12:44:40
31-Mar-19,12:44:40
31-Mar-19,12:44:40
31-Mar-19,12:44:40
31-Mar-19,12:44:40
31-Mar-19,12:44:40
31-Mar-19,12:44:40
31-Mar-19,12:44:40
31-Mar-19,12:44:40
31-Mar-19,12:44:40
31-Mar-19,12:44:40
31-Mar-19,12:44:40
31-Mar-19,12:44:40
31-Mar-19,12:44:40
31-Mar-19,12:44:40
31-Mar-19,12:44:41
31-Mar-19,12:44:41
31-Mar-19,12:44:41
31-Mar-19,12:44:41
31-Mar-19,12:44:41
31-Mar-19,12:44:41
31-Mar-19,12:44:41
31-Mar-19,12:44:41
31-Mar-19,12:44:41
31-Mar-19,12:44:41
31-Mar-19,12:44:41
31-Mar-19,12:44:41
31-Mar-19,12:44:41
31-Mar-19,12:44:41
31-Mar-19,12:44:41
31-Mar-19,12:44:41
31-Mar-19,12:44:41
31-Mar-19,12:44:41
31-Mar-19,12:44:41
31-Mar-19,12:44:41
31-Mar-19,12:44:41
31-Mar-19,12:44:41
31-Mar-19,12:44:42
31-Mar-19,12:44:42
31-Mar-19,12:44:42
31-Mar-19,12:44:42
31-Mar-19,12:44:42
31-Mar-19,12:44:42
31-Mar-19,12:44:42
31-Mar-19,12:44:42
31-Mar-19,12:44:42
31-Mar-19,12:44:42
31-Mar-19,12:44:42
31-Mar-19,12:44:42
31-Mar-19,12:44:42
31-Mar-19,12:44:42
31-Mar-19,12:44:42
31-Mar-19,12:44:42
31-Mar-19,12:44:42
31-Mar-19,12:44:42
31-Mar-19,12:44:42
31-Mar-19,12:44:42
31-Mar-19,12:44:42
31-Mar-19,12:44:42
31-Mar-19,12:44:42
31-Mar-19,12:44:42
31-Mar-19,12:44:43
31-Mar-19,12:44:43
31-Mar-19,12:44:43
31-Mar-19,12:44:43
31-Mar-19,12:44:43
31-Mar-19,12:44:43
31-Mar-19,12:44:43
31-Mar-19,12:44:43
31-Mar-19,12:44:43
31-Mar-19,12:44:43
31-Mar-19,12:44:43
31-Mar-19,12:44:43
31-Mar-19,12:44:43
31-Mar-19,12:44:43
31-Mar-19,12:44:43
31-Mar-19,12:44:43
31-Mar-19,12:44:43
31-Mar-19,12:44:43
31-Mar-19,12:44:43
31-Mar-19,12:44:43
31-Mar-19,12:44:43
31-Mar-19,12:44:43
31-Mar-19,12:44:43
31-Mar-19,12:44:43
31-Mar-19,12:44:43
31-Mar-19,12:44:43
31-Mar-19,12:44:43
31-Mar-19,12:44:44
31-Mar-19,12:44:44
31-Mar-19,12:44:44
31-Mar-19,12:44:44
31-Mar-19,12:44:44
31-Mar-19,12:44:44
31-Mar-19,12:44:44
31-Mar-19,12:44:44
31-Mar-19,12:44:44
31-Mar-19,12:44:44
31-Mar-19,12:44:44
31-Mar-19,12:44:44
31-Mar-19,12:44:44
31-Mar-19,12:44:44
31-Mar-19,12:44:44
31-Mar-19,12:44:44
31-Mar-19,12:44:44
31-Mar-19,12:44:44
31-Mar-19,12:44:44
31-Mar-19,12:44:44
31-Mar-19,12:44:44
31-Mar-19,12:44:44
31-Mar-19,12:44:44
31-Mar-19,12:44:45
31-Mar-19,12:44:45
31-Mar-19,12:44:45
31-Mar-19,12:44:45
31-Mar-19,12:44:45
31-Mar-19,12:44:45
31-Mar-19,12:44:45
31-Mar-19,12:44:45
31-Mar-19,12:44:45
31-Mar-19,12:44:45
31-Mar-19,12:44:45
31-Mar-19,12:44:45
31-Mar-19,12:44:45
31-Mar-19,12:44:45
31-Mar-19,12:44:45
31-Mar-19,12:44:45
31-Mar-19,12:44:45
31-Mar-19,12:44:45
31-Mar-19,12:44:45
31-Mar-19,12:44:45
31-Mar-19,12:44:45
31-Mar-19,12:44:45
31-Mar-19,12:44:45
31-Mar-19,12:44:45
31-Mar-19,12:44:45
31-Mar-19,12:44:45
31-Mar-19,12:44:46
31-Mar-19,12:44:46
31-Mar-19,12:44:46
31-Mar-19,12:44:46
31-Mar-19,12:44:46
31-Mar-19,12:44:46
31-Mar-19,12:44:46
31-Mar-19,12:44:46
31-Mar-19,12:44:46
31-Mar-19,12:44:46
31-Mar-19,12:44:46
31-Mar-19,12:44:46
31-Mar-19,12:44:46
31-Mar-19,12:44:46
31-Mar-19,12:44:46
31-Mar-19,12:44:46
31-Mar-19,12:44:46
31-Mar-19,12:44:46
31-Mar-19,12:44:46
26-Apr-19, 13:39:51 
26-Apr-19, 13:39:56 
26-Apr-19, 13:40:01 
26-Apr-19, 13:40:06 
26-Apr-19, 13:40:11 
26-Apr-19, 13:40:21 
26-Apr-19, 13:40:26 
26-Apr-19, 13:40:31 
26-Apr-19, 13:40:32 
26-Apr-19, 13:40:36 
26-Apr-19, 13:40:37 
26-Apr-19, 13:40:41 
26-Apr-19, 13:40:42 
26-Apr-19, 13:40:46 
26-Apr-19, 13:40:47 
26-Apr-19, 13:40:51 
26-Apr-19, 13:40:52 
26-Apr-19, 13:40:56 
26-Apr-19, 13:40:57 
26-Apr-19, 13:41:01 
26-Apr-19, 13:41:02 
26-Apr-19, 13:41:06 
26-Apr-19, 13:41:07 
26-Apr-19, 13:41:11 
26-Apr-19, 13:41:16 
26-Apr-19, 13:41:21 
26-Apr-19, 13:41:22 
26-Apr-19, 13:41:26 
26-Apr-19, 13:41:27 
26-Apr-19, 13:41:31 
26-Apr-19, 13:41:32 
26-Apr-19, 13:41:36 
26-Apr-19, 13:41:37 
26-Apr-19, 13:41:41 
26-Apr-19, 13:41:46 
26-Apr-19, 13:41:47 
26-Apr-19, 13:41:51 
26-Apr-19, 13:41:52 
26-Apr-19, 13:41:56 
26-Apr-19, 13:41:57 
26-Apr-19, 13:42:01 
26-Apr-19, 13:42:02 
26-Apr-19, 13:42:06 
26-Apr-19, 13:42:07 
26-Apr-19, 13:42:11 
26-Apr-19, 13:42:17 
26-Apr-19, 13:42:21 
26-Apr-19, 13:42:22 
26-Apr-19, 13:42:26 
26-Apr-19, 13:42:27 
26-Apr-19, 13:42:31 
26-Apr-19, 13:42:32 
26-Apr-19, 13:42:36 
26-Apr-19, 13:42:37 
26-Apr-19, 13:42:41 
26-Apr-19, 13:42:42 
26-Apr-19, 13:42:46 
26-Apr-19, 13:42:47 
26-Apr-19, 13:42:51 
26-Apr-19, 13:42:52 
26-Apr-19, 13:42:56 
26-Apr-19, 13:42:57 
26-Apr-19, 13:43:01 
26-Apr-19, 13:43:02 
26-Apr-19, 13:43:06 
26-Apr-19, 13:43:07 
26-Apr-19, 13:43:11 
26-Apr-19, 13:43:16 
26-Apr-19, 13:43:21 
26-Apr-19, 13:43:22 
26-Apr-19, 13:43:26 
26-Apr-19, 13:43:27 
26-Apr-19, 13:43:31 
26-Apr-19, 13:43:32 
26-Apr-19, 13:43:36 
26-Apr-19, 13:43:37 
26-Apr-19, 13:43:41 
26-Apr-19, 13:43:46 
26-Apr-19, 13:43:47 
26-Apr-19, 13:43:51 
26-Apr-19, 13:43:52 
26-Apr-19, 13:43:56 
26-Apr-19, 13:43:57 
26-Apr-19, 13:44:01 
26-Apr-19, 13:44:02 
26-Apr-19, 13:44:06 
26-Apr-19, 13:44:07 
26-Apr-19, 13:44:11 
26-Apr-19, 13:44:16 
26-Apr-19, 13:44:21 
26-Apr-19, 13:44:22 
26-Apr-19, 13:44:26 
26-Apr-19, 13:44:27 
26-Apr-19, 13:44:31 
26-Apr-19, 13:44:32 
26-Apr-19, 13:44:36 
26-Apr-19, 13:44:41 
26-Apr-19, 13:44:42 
26-Apr-19, 13:44:46 
26-Apr-19, 13:44:47 
26-Apr-19, 13:44:51 
26-Apr-19, 13:44:52 
26-Apr-19, 13:44:56 
26-Apr-19, 13:44:57 
26-Apr-19, 13:45:01 
26-Apr-19, 13:45:02 
26-Apr-19, 13:45:06 
26-Apr-19, 13:45:07 
26-Apr-19, 13:45:11 
26-Apr-19, 13:45:17 
26-Apr-19, 13:45:21 
26-Apr-19, 13:45:22 
26-Apr-19, 13:45:26 
26-Apr-19, 13:45:27 
26-Apr-19, 13:45:31 
26-Apr-19, 13:45:32 
26-Apr-19, 13:45:36 
26-Apr-19, 13:45:37 
26-Apr-19, 13:45:42 
26-Apr-19, 13:45:47 
26-Apr-19, 13:45:52 
26-Apr-19, 13:45:57 
26-Apr-19, 13:46:02 
26-Apr-19, 13:46:07 
26-Apr-19, 13:46:22 
26-Apr-19, 13:46:27 
26-Apr-19, 13:46:32 
26-Apr-19, 13:46:37 
26-Apr-19, 13:46:42 
26-Apr-19, 13:46:47 
26-Apr-19, 13:46:52 
26-Apr-19, 13:46:57 
26-Apr-19, 13:47:02 
26-Apr-19, 13:47:07 
26-Apr-19, 13:47:22 
26-Apr-19, 13:47:27 
26-Apr-19, 13:47:32 
26-Apr-19, 13:47:37 
26-Apr-19, 13:47:42 
26-Apr-19, 13:47:47 
26-Apr-19, 13:47:52 
26-Apr-19, 13:47:57 
26-Apr-19, 13:48:02 
26-Apr-19, 13:48:07 
26-Apr-19, 13:48:22 
26-Apr-19, 13:48:27 
26-Apr-19, 13:48:32 
26-Apr-19, 13:48:37 
26-Apr-19, 13:48:42 
26-Apr-19, 13:48:47 
26-Apr-19, 13:48:52 
26-Apr-19, 13:48:57 
26-Apr-19, 13:49:02 
26-Apr-19, 13:49:03 
26-Apr-19, 13:49:07 
26-Apr-19, 13:49:08 
26-Apr-19, 13:49:13 
26-Apr-19, 13:49:18 
26-Apr-19, 13:49:22 
26-Apr-19, 13:49:23 
26-Apr-19, 13:49:27 
26-Apr-19, 13:49:28 
26-Apr-19, 13:49:32 
26-Apr-19, 13:49:33 
26-Apr-19, 13:49:37 
26-Apr-19, 13:49:38 
26-Apr-19, 13:49:42 
26-Apr-19, 13:49:43 
26-Apr-19, 13:49:47 
26-Apr-19, 13:49:48 
26-Apr-19, 13:49:53 
26-Apr-19, 13:49:57 
26-Apr-19, 13:49:58 
26-Apr-19, 13:50:02 
26-Apr-19, 13:50:03 
26-Apr-19, 13:50:07 
26-Apr-19, 13:50:08 
26-Apr-19, 13:50:13 
26-Apr-19, 13:50:22 
26-Apr-19, 13:50:23 
26-Apr-19, 13:50:27 
26-Apr-19, 13:50:28 
26-Apr-19, 13:50:32 
26-Apr-19, 13:50:33 
26-Apr-19, 13:50:37 
26-Apr-19, 13:50:38 
26-Apr-19, 13:50:42 
26-Apr-19, 13:50:43 
26-Apr-19, 13:50:47 
26-Apr-19, 13:50:48 
26-Apr-19, 13:50:52 
26-Apr-19, 13:50:53 
26-Apr-19, 13:50:57 
26-Apr-19, 13:50:58 
26-Apr-19, 13:51:02 
26-Apr-19, 13:51:03 
26-Apr-19, 13:51:07 
26-Apr-19, 13:51:08 
26-Apr-19, 13:51:22 
26-Apr-19, 13:51:23 
26-Apr-19, 13:51:27 
26-Apr-19, 13:51:28 
26-Apr-19, 13:51:32 
26-Apr-19, 13:51:33 
26-Apr-19, 13:51:37 
26-Apr-19, 13:51:38 
26-Apr-19, 13:51:42 
26-Apr-19, 13:51:47 
26-Apr-19, 13:51:48 
26-Apr-19, 13:51:52 
26-Apr-19, 13:51:53 
26-Apr-19, 13:51:57 
26-Apr-19, 13:51:58 
26-Apr-19, 13:52:02 
26-Apr-19, 13:52:03 
26-Apr-19, 13:52:07 
26-Apr-19, 13:52:08 
26-Apr-19, 13:52:13 
26-Apr-19, 13:52:18 
26-Apr-19, 13:52:22 
26-Apr-19, 13:52:23 
26-Apr-19, 13:52:27 
26-Apr-19, 13:52:28 
26-Apr-19, 13:52:32 
26-Apr-19, 13:52:33 
26-Apr-19, 13:52:37 
26-Apr-19, 13:52:38 
26-Apr-19, 13:52:42 
26-Apr-19, 13:52:43 
26-Apr-19, 13:52:47 
26-Apr-19, 13:52:48 
26-Apr-19, 13:52:52 
26-Apr-19, 13:52:53 
26-Apr-19, 13:52:57 
26-Apr-19, 13:52:58 
26-Apr-19, 13:53:03 
26-Apr-19, 13:53:07 
26-Apr-19, 13:53:08 
26-Apr-19, 13:53:17 
26-Apr-19, 13:53:18 
26-Apr-19, 13:53:22 
26-Apr-19, 13:53:23 
26-Apr-19, 13:53:27 
26-Apr-19, 13:53:28 
26-Apr-19, 13:53:33 
26-Apr-19, 13:53:37 
26-Apr-19, 13:53:38 
26-Apr-19, 13:53:42 
26-Apr-19, 13:53:43 
26-Apr-19, 13:53:47 
26-Apr-19, 13:53:48 
26-Apr-19, 13:53:52 
26-Apr-19, 13:53:53 
26-Apr-19, 13:53:57 
26-Apr-19, 13:53:58 
26-Apr-19, 13:54:02 
26-Apr-19, 13:54:03 
26-Apr-19, 13:54:07 
26-Apr-19, 13:54:08 
26-Apr-19, 13:54:17 
26-Apr-19, 13:54:22 
26-Apr-19, 13:54:23 
26-Apr-19, 13:54:27 
26-Apr-19, 13:54:28 
26-Apr-19, 13:54:32 
26-Apr-19, 13:54:33 
26-Apr-19, 13:54:37 
26-Apr-19, 13:54:38 
26-Apr-19, 13:54:42 
26-Apr-19, 13:54:43 
26-Apr-19, 13:54:47 
26-Apr-19, 13:54:48 
26-Apr-19, 13:54:52 
26-Apr-19, 13:54:53 
26-Apr-19, 13:54:57 
26-Apr-19, 13:54:58 
26-Apr-19, 13:55:02 
26-Apr-19, 13:55:03 
26-Apr-19, 13:55:07 
26-Apr-19, 13:55:08 
26-Apr-19, 13:55:18 
26-Apr-19, 13:55:22 
26-Apr-19, 13:55:23 
26-Apr-19, 13:55:27 
26-Apr-19, 13:55:28 
26-Apr-19, 13:55:32 
26-Apr-19, 13:55:33 
26-Apr-19, 13:55:37 
26-Apr-19, 13:55:38 
26-Apr-19, 13:55:42 
26-Apr-19, 13:55:43 
26-Apr-19, 13:55:47 
26-Apr-19, 13:55:48 
26-Apr-19, 13:55:52 
26-Apr-19, 13:55:53 
26-Apr-19, 13:55:57 
26-Apr-19, 13:55:58 
26-Apr-19, 13:56:02 
26-Apr-19, 13:56:03 
26-Apr-19, 13:56:07 
26-Apr-19, 13:56:13 
26-Apr-19, 13:56:22 
26-Apr-19, 13:56:23 
26-Apr-19, 13:56:27 
26-Apr-19, 13:56:32 
26-Apr-19, 13:56:33 
26-Apr-19, 13:56:37 
26-Apr-19, 13:56:38 
26-Apr-19, 13:56:42 
26-Apr-19, 13:56:43 
26-Apr-19, 13:56:47 
26-Apr-19, 13:56:48 
26-Apr-19, 13:56:52 
26-Apr-19, 13:56:53 
26-Apr-19, 13:56:57 
26-Apr-19, 13:56:58 
26-Apr-19, 13:57:02 
26-Apr-19, 13:57:03 
26-Apr-19, 13:57:07 
26-Apr-19, 13:57:08 
26-Apr-19, 13:57:17 
26-Apr-19, 13:57:18 
26-Apr-19, 13:57:22 
26-Apr-19, 13:57:23 
26-Apr-19, 13:57:27 
26-Apr-19, 13:57:28 
26-Apr-19, 13:57:32 
26-Apr-19, 13:57:33 
26-Apr-19, 13:57:37 
26-Apr-19, 13:57:38 
26-Apr-19, 13:57:42 
26-Apr-19, 13:57:43 
26-Apr-19, 13:57:47 
26-Apr-19, 13:57:48 
26-Apr-19, 13:57:52 
26-Apr-19, 13:57:53 
26-Apr-19, 13:57:57 
26-Apr-19, 13:57:58 
26-Apr-19, 13:58:02 
26-Apr-19, 13:58:03 
26-Apr-19, 13:58:07 
26-Apr-19, 13:58:13 
26-Apr-19, 13:58:22 
26-Apr-19, 13:58:23 
26-Apr-19, 13:58:27 
26-Apr-19, 13:58:32 
26-Apr-19, 13:58:33 
26-Apr-19, 13:58:37 
26-Apr-19, 13:58:38 
26-Apr-19, 13:58:42 
26-Apr-19, 13:58:43 
26-Apr-19, 13:58:47 
26-Apr-19, 13:58:48 
26-Apr-19, 13:58:52 
26-Apr-19, 13:58:53 
26-Apr-19, 13:58:57 
26-Apr-19, 13:58:58 
26-Apr-19, 13:59:02 
26-Apr-19, 13:59:03 
26-Apr-19, 13:59:07 
26-Apr-19, 13:59:08 
26-Apr-19, 13:59:17 
26-Apr-19, 13:59:22 
26-Apr-19, 13:59:23 
26-Apr-19, 13:59:28 
26-Apr-19, 13:59:32 
26-Apr-19, 13:59:33 
26-Apr-19, 13:59:37 
26-Apr-19, 13:59:38 
26-Apr-19, 13:59:42 
26-Apr-19, 13:59:43 
26-Apr-19, 13:59:47 
26-Apr-19, 13:59:48 
26-Apr-19, 13:59:52 
26-Apr-19, 13:59:53 
26-Apr-19, 13:59:57 
26-Apr-19, 13:59:58 
26-Apr-19, 14:00:02 
26-Apr-19, 14:00:03 
26-Apr-19, 14:00:07 
26-Apr-19, 14:00:08 
26-Apr-19, 14:00:13 
26-Apr-19, 14:00:18 
26-Apr-19, 14:00:22 
26-Apr-19, 14:00:23 
26-Apr-19, 14:00:27 
26-Apr-19, 14:00:28 
26-Apr-19, 14:00:32 
26-Apr-19, 14:00:33 
26-Apr-19, 14:00:37 
26-Apr-19, 14:00:38 
26-Apr-19, 14:00:42 
26-Apr-19, 14:00:43 
26-Apr-19, 14:00:47 
26-Apr-19, 14:00:48 
26-Apr-19, 14:00:52 
26-Apr-19, 14:00:53 
26-Apr-19, 14:00:57 
26-Apr-19, 14:00:58 
26-Apr-19, 14:01:02 
26-Apr-19, 14:01:03 
26-Apr-19, 14:01:07 
26-Apr-19, 14:01:08 
26-Apr-19, 14:01:13 
26-Apr-19, 14:01:18 
26-Apr-19, 14:01:22 
26-Apr-19, 14:01:23 
26-Apr-19, 14:01:27 
26-Apr-19, 14:01:28 
26-Apr-19, 14:01:32 
26-Apr-19, 14:01:33 
26-Apr-19, 14:01:37 
26-Apr-19, 14:01:38 
26-Apr-19, 14:01:42 
26-Apr-19, 14:01:43 
26-Apr-19, 14:01:47 
26-Apr-19, 14:01:48 
26-Apr-19, 14:01:52 
26-Apr-19, 14:01:53 
26-Apr-19, 14:01:57 
26-Apr-19, 14:01:58 
26-Apr-19, 14:02:02 
26-Apr-19, 14:02:03 
26-Apr-19, 14:02:07 
26-Apr-19, 14:02:08 
26-Apr-19, 14:02:18 
26-Apr-19, 14:02:22 
26-Apr-19, 14:02:23 
26-Apr-19, 14:02:27 
26-Apr-19, 14:02:28 
26-Apr-19, 14:02:32 
26-Apr-19, 14:02:33 
26-Apr-19, 14:02:37 
26-Apr-19, 14:02:38 
26-Apr-19, 14:02:42 
26-Apr-19, 14:02:43 
26-Apr-19, 14:02:47 
26-Apr-19, 14:02:48 
26-Apr-19, 14:02:52 
26-Apr-19, 14:02:53 
26-Apr-19, 14:02:57 
26-Apr-19, 14:02:58 
26-Apr-19, 14:03:02 
26-Apr-19, 14:03:03 
26-Apr-19, 14:03:07 
26-Apr-19, 14:03:08 
26-Apr-19, 14:03:13 
26-Apr-19, 14:03:18 
26-Apr-19, 14:03:22 
26-Apr-19, 14:03:27 
26-Apr-19, 14:03:28 
26-Apr-19, 14:03:32 
26-Apr-19, 14:03:33 
26-Apr-19, 14:03:38 
26-Apr-19, 14:03:43 
26-Apr-19, 14:03:48 
26-Apr-19, 14:03:53 
26-Apr-19, 14:03:58 
26-Apr-19, 14:04:03 
26-Apr-19, 14:04:08 
26-Apr-19, 14:04:13 
26-Apr-19, 14:04:23 
26-Apr-19, 14:04:28 
26-Apr-19, 14:04:33 
26-Apr-19, 14:04:38 
26-Apr-19, 14:04:43 
26-Apr-19, 14:04:48 
26-Apr-19, 14:04:53 
26-Apr-19, 14:04:58 
26-Apr-19, 14:05:03 
26-Apr-19, 14:05:08 
26-Apr-19, 14:05:13 
26-Apr-19, 14:05:28 
26-Apr-19, 14:05:33 
26-Apr-19, 14:05:38 
26-Apr-19, 14:05:43 
26-Apr-19, 14:05:48 
26-Apr-19, 14:05:53 
26-Apr-19, 14:05:58 
26-Apr-19, 14:06:03 
26-Apr-19, 14:06:08 
26-Apr-19, 14:06:13 
26-Apr-19, 14:06:18 
26-Apr-19, 14:06:23 
26-Apr-19, 14:06:28 
26-Apr-19, 14:06:33 
26-Apr-19, 14:06:38 
26-Apr-19, 14:06:43 
26-Apr-19, 14:06:48 
26-Apr-19, 14:06:53 
26-Apr-19, 14:06:58 
26-Apr-19, 14:07:03 
26-Apr-19, 14:07:08 
26-Apr-19, 14:07:23 
26-Apr-19, 14:07:28 
26-Apr-19, 14:07:33 
26-Apr-19, 14:07:38 
26-Apr-19, 14:07:43 
26-Apr-19, 14:07:48 
26-Apr-19, 14:07:53 
26-Apr-19, 14:07:58 
26-Apr-19, 14:08:03 
26-Apr-19, 14:08:08 
26-Apr-19, 14:08:23 
26-Apr-19, 14:08:28 
26-Apr-19, 14:08:33 
26-Apr-19, 14:08:38 
26-Apr-19, 14:08:43 
26-Apr-19, 14:08:48 
26-Apr-19, 14:08:53 
26-Apr-19, 14:08:58 
26-Apr-19, 14:09:03 
26-Apr-19, 14:09:08 
26-Apr-19, 14:09:23 
26-Apr-19, 14:09:28 
26-Apr-19, 14:09:33 
26-Apr-19, 14:09:38 
26-Apr-19, 14:09:43 
26-Apr-19, 14:09:48 
26-Apr-19, 14:09:53 
26-Apr-19, 14:09:58 
26-Apr-19, 14:10:03 
26-Apr-19, 14:10:04 
26-Apr-19, 14:10:08 
26-Apr-19, 14:10:09 
26-Apr-19, 14:10:13 
26-Apr-19, 14:10:18 
26-Apr-19, 14:10:19 
26-Apr-19, 14:10:23 
26-Apr-19, 14:10:24 
26-Apr-19, 14:10:28 
26-Apr-19, 14:10:29 
26-Apr-19, 14:10:33 
26-Apr-19, 14:10:34 
26-Apr-19, 14:10:38 
26-Apr-19, 14:10:39 
26-Apr-19, 14:10:43 
26-Apr-19, 14:10:44 
26-Apr-19, 14:10:48 
26-Apr-19, 14:10:49 
26-Apr-19, 14:10:53 
26-Apr-19, 14:10:54 
26-Apr-19, 14:10:58 
26-Apr-19, 14:10:59 
26-Apr-19, 14:11:03 
26-Apr-19, 14:11:04 
26-Apr-19, 14:11:08 
26-Apr-19, 14:11:09 
26-Apr-19, 14:11:13 
26-Apr-19, 14:11:18 
26-Apr-19, 14:11:19 
26-Apr-19, 14:11:23 
26-Apr-19, 14:11:24 
26-Apr-19, 14:11:28 
26-Apr-19, 14:11:29 
26-Apr-19, 14:11:33 
26-Apr-19, 14:11:38 
26-Apr-19, 14:11:39 
26-Apr-19, 14:11:43 
26-Apr-19, 14:11:44 
26-Apr-19, 14:11:48 
26-Apr-19, 14:11:49 
26-Apr-19, 14:11:53 
26-Apr-19, 14:11:54 
26-Apr-19, 14:11:58 
26-Apr-19, 14:12:03 
26-Apr-19, 14:12:04 
26-Apr-19, 14:12:08 
26-Apr-19, 14:12:09 
26-Apr-19, 14:12:19 
26-Apr-19, 14:12:24 
26-Apr-19, 14:12:28 
26-Apr-19, 14:12:29 
26-Apr-19, 14:12:33 
26-Apr-19, 14:12:34 
26-Apr-19, 14:12:38 
26-Apr-19, 14:12:39 
26-Apr-19, 14:12:43 
26-Apr-19, 14:12:44 
26-Apr-19, 14:12:48 
26-Apr-19, 14:12:49 
26-Apr-19, 14:12:53 
26-Apr-19, 14:12:54 
26-Apr-19, 14:12:58 
26-Apr-19, 14:12:59 
26-Apr-19, 14:13:03 
26-Apr-19, 14:13:04 
26-Apr-19, 14:13:09 
26-Apr-19, 14:13:19 
26-Apr-19, 14:13:23 
26-Apr-19, 14:13:24 
26-Apr-19, 14:13:28 
26-Apr-19, 14:13:29 
26-Apr-19, 14:13:33 
26-Apr-19, 14:13:34 
26-Apr-19, 14:13:38 
26-Apr-19, 14:13:43 
26-Apr-19, 14:13:44 
26-Apr-19, 14:13:48 
26-Apr-19, 14:13:49 
26-Apr-19, 14:13:53 
26-Apr-19, 14:13:54 
26-Apr-19, 14:13:59 
26-Apr-19, 14:14:03 
26-Apr-19, 14:14:04 
26-Apr-19, 14:14:08 
26-Apr-19, 14:14:09 
26-Apr-19, 14:14:19 
26-Apr-19, 14:14:23 
26-Apr-19, 14:14:24 
26-Apr-19, 14:14:28 
26-Apr-19, 14:14:29 
26-Apr-19, 14:14:33 
26-Apr-19, 14:14:34 
26-Apr-19, 14:14:38 
26-Apr-19, 14:14:39 
26-Apr-19, 14:14:43 
26-Apr-19, 14:14:44 
26-Apr-19, 14:14:48 
26-Apr-19, 14:14:49 
26-Apr-19, 14:14:54 
26-Apr-19, 14:14:59 
26-Apr-19, 14:15:04 
26-Apr-19, 14:15:19 
26-Apr-19, 14:15:24 
26-Apr-19, 14:15:29 
26-Apr-19, 14:15:34 
26-Apr-19, 14:15:39 
26-Apr-19, 14:15:44 
26-Apr-19, 14:15:54 
26-Apr-19, 14:16:04 
26-Apr-19, 14:16:09 
26-Apr-19, 14:16:19 
26-Apr-19, 14:16:24 
26-Apr-19, 14:16:29 
26-Apr-19, 14:16:34 
26-Apr-19, 14:16:39 
26-Apr-19, 14:16:44 
26-Apr-19, 14:16:49 
26-Apr-19, 14:16:54 
26-Apr-19, 14:16:59 
26-Apr-19, 14:17:04 
26-Apr-19, 14:17:09 
26-Apr-19, 14:17:19 
26-Apr-19, 14:17:24 
26-Apr-19, 14:17:25 
26-Apr-19, 14:17:29 
26-Apr-19, 14:17:30 
26-Apr-19, 14:17:34 
26-Apr-19, 14:17:35 
26-Apr-19, 14:17:39 
26-Apr-19, 14:17:40 
26-Apr-19, 14:17:44 
26-Apr-19, 14:17:45 
26-Apr-19, 14:17:49 
26-Apr-19, 14:17:50 
26-Apr-19, 14:17:54 
26-Apr-19, 14:17:59 
26-Apr-19, 14:18:00 
26-Apr-19, 14:18:04 
26-Apr-19, 14:18:10 
26-Apr-19, 14:18:20 
26-Apr-19, 14:18:24 
26-Apr-19, 14:18:25 
26-Apr-19, 14:18:29 
26-Apr-19, 14:18:30 
26-Apr-19, 14:18:34 
26-Apr-19, 14:18:35 
26-Apr-19, 14:18:39 
26-Apr-19, 14:18:40 
26-Apr-19, 14:18:44 
26-Apr-19, 14:18:45 
26-Apr-19, 14:18:49 
26-Apr-19, 14:18:50 
26-Apr-19, 14:18:54 
26-Apr-19, 14:18:55 
26-Apr-19, 14:18:59 
26-Apr-19, 14:19:00 
26-Apr-19, 14:19:04 
26-Apr-19, 14:19:05 
26-Apr-19, 14:19:09 
26-Apr-19, 14:19:10 
26-Apr-19, 14:19:19 
26-Apr-19, 14:19:20 
26-Apr-19, 14:19:24 
26-Apr-19, 14:19:25 
26-Apr-19, 14:19:29 
26-Apr-19, 14:19:30 
26-Apr-19, 14:19:34 
26-Apr-19, 14:19:35 
26-Apr-19, 14:19:40 
26-Apr-19, 14:19:50 
26-Apr-19, 14:19:55 
26-Apr-19, 14:20:00 
26-Apr-19, 14:20:05 
26-Apr-19, 14:20:10 
26-Apr-19, 14:20:20 
26-Apr-19, 14:20:25 
26-Apr-19, 14:20:30 
26-Apr-19, 14:20:35 
26-Apr-19, 14:20:40 
26-Apr-19, 14:20:45 
26-Apr-19, 14:20:50 
26-Apr-19, 14:20:55 
26-Apr-19, 14:21:00 
26-Apr-19, 14:21:05 
26-Apr-19, 14:21:10 
26-Apr-19, 14:21:20 
26-Apr-19, 14:21:21 
26-Apr-19, 14:21:25 
26-Apr-19, 14:21:26 
26-Apr-19, 14:21:30 
26-Apr-19, 14:21:31 
26-Apr-19, 14:21:35 
26-Apr-19, 14:21:36 
26-Apr-19, 14:21:40 
26-Apr-19, 14:21:41 
26-Apr-19, 14:21:45 
26-Apr-19, 14:21:46 
26-Apr-19, 14:21:50 
26-Apr-19, 14:21:51 
26-Apr-19, 14:21:55 
26-Apr-19, 14:21:56 
26-Apr-19, 14:22:00 
26-Apr-19, 14:22:01 
26-Apr-19, 14:22:05 
26-Apr-19, 14:22:06 
26-Apr-19, 14:22:10 
26-Apr-19, 14:22:11 
26-Apr-19, 14:22:20 
26-Apr-19, 14:22:21 
26-Apr-19, 14:22:25 
26-Apr-19, 14:22:26 
26-Apr-19, 14:22:30 
26-Apr-19, 14:22:31 
26-Apr-19, 14:22:35 
26-Apr-19, 14:22:36 
26-Apr-19, 14:22:40 
26-Apr-19, 14:22:41 
26-Apr-19, 14:22:45 
26-Apr-19, 14:22:46 
26-Apr-19, 14:22:50 
26-Apr-19, 14:22:51 
26-Apr-19, 14:22:56 
26-Apr-19, 14:23:00 
26-Apr-19, 14:23:01 
26-Apr-19, 14:23:05 
26-Apr-19, 14:23:06 
26-Apr-19, 14:23:10 
26-Apr-19, 14:23:11 
26-Apr-19, 14:23:20 
26-Apr-19, 14:23:21 
26-Apr-19, 14:23:25 
26-Apr-19, 14:23:26 
26-Apr-19, 14:23:30 
26-Apr-19, 14:23:31 
26-Apr-19, 14:23:35 
26-Apr-19, 14:23:36 
26-Apr-19, 14:23:40 
26-Apr-19, 14:23:41 
26-Apr-19, 14:23:45 
26-Apr-19, 14:23:46 
26-Apr-19, 14:23:50 
26-Apr-19, 14:23:51 
26-Apr-19, 14:23:55 
26-Apr-19, 14:23:56 
26-Apr-19, 14:24:00 
26-Apr-19, 14:24:01 
26-Apr-19, 14:24:05 
26-Apr-19, 14:24:06 
26-Apr-19, 14:24:10 
26-Apr-19, 14:24:11 
26-Apr-19, 14:24:16 
26-Apr-19, 14:24:20 
26-Apr-19, 14:24:21 
26-Apr-19, 14:24:25 
26-Apr-19, 14:24:26 
26-Apr-19, 14:24:30 
26-Apr-19, 14:24:31 
26-Apr-19, 14:24:35 
26-Apr-19, 14:24:36 
26-Apr-19, 14:24:40 
26-Apr-19, 14:24:41 
26-Apr-19, 14:24:45 
26-Apr-19, 14:24:46 
26-Apr-19, 14:24:50 
26-Apr-19, 14:24:51 
26-Apr-19, 14:24:56 
26-Apr-19, 14:25:01 
26-Apr-19, 14:25:11 
26-Apr-19, 14:25:21 
26-Apr-19, 14:25:26 
26-Apr-19, 14:25:31 
26-Apr-19, 14:25:32 
26-Apr-19, 14:25:36 
26-Apr-19, 14:25:37 
26-Apr-19, 14:25:42 
26-Apr-19, 14:25:46 
26-Apr-19, 14:25:47 
26-Apr-19, 14:25:51 
26-Apr-19, 14:25:52 
26-Apr-19, 14:25:56 
26-Apr-19, 14:25:57 
26-Apr-19, 14:26:01 
26-Apr-19, 14:26:02 
26-Apr-19, 14:26:06 
26-Apr-19, 14:26:07 
26-Apr-19, 14:26:11 
26-Apr-19, 14:26:21 
26-Apr-19, 14:26:22 
26-Apr-19, 14:26:26 
26-Apr-19, 14:26:27 
26-Apr-19, 14:26:31 
26-Apr-19, 14:26:32 
26-Apr-19, 14:26:36 
26-Apr-19, 14:26:37 
26-Apr-19, 14:26:41 
26-Apr-19, 14:26:42 
26-Apr-19, 14:26:46 
26-Apr-19, 14:26:47 
26-Apr-19, 14:26:51 
26-Apr-19, 14:26:52 
26-Apr-19, 14:26:56 
26-Apr-19, 14:26:57 
26-Apr-19, 14:27:01 
26-Apr-19, 14:27:02 
26-Apr-19, 14:27:06 
26-Apr-19, 14:27:07 
26-Apr-19, 14:27:11 
26-Apr-19, 14:27:16 
26-Apr-19, 14:27:21 
26-Apr-19, 14:27:22 
26-Apr-19, 14:27:26 
26-Apr-19, 14:27:27 
26-Apr-19, 14:27:31 
26-Apr-19, 14:27:32 
26-Apr-19, 14:27:36 
26-Apr-19, 14:27:37 
26-Apr-19, 14:27:41 
26-Apr-19, 14:27:42 
26-Apr-19, 14:27:46 
26-Apr-19, 14:27:47 
26-Apr-19, 14:27:51 
26-Apr-19, 14:27:52 
26-Apr-19, 14:27:56 
26-Apr-19, 14:27:57 
26-Apr-19, 14:28:02 
26-Apr-19, 14:28:06 
26-Apr-19, 14:28:07 
26-Apr-19, 14:28:11 
26-Apr-19, 14:28:16 
26-Apr-19, 14:28:21 
26-Apr-19, 14:28:22 
26-Apr-19, 14:28:26 
26-Apr-19, 14:28:27 
26-Apr-19, 14:28:31 
26-Apr-19, 14:28:32 
26-Apr-19, 14:28:36 
26-Apr-19, 14:28:37 
26-Apr-19, 14:28:41 
26-Apr-19, 14:28:42 
26-Apr-19, 14:28:46 
26-Apr-19, 14:28:47 
26-Apr-19, 14:28:51 
26-Apr-19, 14:28:52 
26-Apr-19, 14:28:56 
26-Apr-19, 14:28:57 
26-Apr-19, 14:29:01 
26-Apr-19, 14:29:02 
26-Apr-19, 14:29:06 
26-Apr-19, 14:29:07 
26-Apr-19, 14:29:11 
26-Apr-19, 14:29:16 
26-Apr-19, 14:29:21 
26-Apr-19, 14:29:22 
26-Apr-19, 14:29:26 
26-Apr-19, 14:29:27 
26-Apr-19, 14:29:31 
26-Apr-19, 14:29:32 
26-Apr-19, 14:29:36 
26-Apr-19, 14:29:37 
26-Apr-19, 14:29:41 
26-Apr-19, 14:29:42 
26-Apr-19, 14:29:46 
26-Apr-19, 14:29:47 
26-Apr-19, 14:29:51 
26-Apr-19, 14:29:52 
26-Apr-19, 14:29:56 
26-Apr-19, 14:29:57 
26-Apr-19, 14:30:01 
26-Apr-19, 14:30:02 
26-Apr-19, 14:30:06 
26-Apr-19, 14:30:07 
26-Apr-19, 14:30:11 
26-Apr-19, 14:30:16 
26-Apr-19, 14:30:21 
26-Apr-19, 14:30:22 
26-Apr-19, 14:30:26 
26-Apr-19, 14:30:27 
26-Apr-19, 14:30:31 
26-Apr-19, 14:30:32 
26-Apr-19, 14:30:36 
26-Apr-19, 14:30:37 
26-Apr-19, 14:30:42 
26-Apr-19, 14:30:46 
26-Apr-19, 14:30:47 
26-Apr-19, 14:30:51 
26-Apr-19, 14:30:52 
26-Apr-19, 14:30:56 
26-Apr-19, 14:30:57 
26-Apr-19, 14:31:01 
26-Apr-19, 14:31:02 
26-Apr-19, 14:31:06 
26-Apr-19, 14:31:07 
26-Apr-19, 14:31:11 
26-Apr-19, 14:31:16 
26-Apr-19, 14:31:17 
26-Apr-19, 14:31:21 
26-Apr-19, 14:31:22 
26-Apr-19, 14:31:26 
26-Apr-19, 14:31:27 
26-Apr-19, 14:31:31 
26-Apr-19, 14:31:32 
26-Apr-19, 14:31:36 
26-Apr-19, 14:31:37 
26-Apr-19, 14:31:41 
26-Apr-19, 14:31:42 
26-Apr-19, 14:31:46 
26-Apr-19, 14:31:47 
26-Apr-19, 14:31:52 
26-Apr-19, 14:31:56 
26-Apr-19, 14:31:57 
26-Apr-19, 14:32:01 
26-Apr-19, 14:32:02 
26-Apr-19, 14:32:06 
26-Apr-19, 14:32:07 
26-Apr-19, 14:32:11 
26-Apr-19, 14:32:21 
26-Apr-19, 14:32:22 
26-Apr-19, 14:32:26 
26-Apr-19, 14:32:27 
26-Apr-19, 14:32:31 
26-Apr-19, 14:32:32 
26-Apr-19, 14:32:36 
26-Apr-19, 14:32:37 
26-Apr-19, 14:32:41 
26-Apr-19, 14:32:42 
26-Apr-19, 14:32:46 
26-Apr-19, 14:32:47 
26-Apr-19, 14:32:52 
26-Apr-19, 14:32:56 
26-Apr-19, 14:32:57 
26-Apr-19, 14:33:01 
26-Apr-19, 14:33:02 
26-Apr-19, 14:33:06 
26-Apr-19, 14:33:07 
26-Apr-19, 14:33:11 
26-Apr-19, 14:33:21 
26-Apr-19, 14:33:22 
26-Apr-19, 14:33:26 
26-Apr-19, 14:33:27 
26-Apr-19, 14:33:31 
26-Apr-19, 14:33:32 
26-Apr-19, 14:33:37 
26-Apr-19, 14:33:38 
26-Apr-19, 14:33:42 
26-Apr-19, 14:33:43 
26-Apr-19, 14:33:47 
26-Apr-19, 14:33:48 
26-Apr-19, 14:33:53 
26-Apr-19, 14:33:57 
26-Apr-19, 14:33:58 
26-Apr-19, 14:34:02 
26-Apr-19, 14:34:03 
26-Apr-19, 14:34:07 
26-Apr-19, 14:34:08 
26-Apr-19, 14:34:13 
26-Apr-19, 14:34:22 
26-Apr-19, 14:34:23 
26-Apr-19, 14:34:27 
26-Apr-19, 14:34:28 
26-Apr-19, 14:34:32 
26-Apr-19, 14:34:33 
26-Apr-19, 14:34:37 
26-Apr-19, 14:34:38 
26-Apr-19, 14:34:42 
26-Apr-19, 14:34:43 
26-Apr-19, 14:34:47 
26-Apr-19, 14:34:48 
26-Apr-19, 14:34:52 
26-Apr-19, 14:34:53 
26-Apr-19, 14:34:57 
26-Apr-19, 14:34:58 
26-Apr-19, 14:35:02 
26-Apr-19, 14:35:03 
26-Apr-19, 14:35:07 
26-Apr-19, 14:35:08 
26-Apr-19, 14:35:17 
26-Apr-19, 14:35:18 
26-Apr-19, 14:35:22 
26-Apr-19, 14:35:27 
26-Apr-19, 14:35:28 
26-Apr-19, 14:35:32 
26-Apr-19, 14:35:33 
26-Apr-19, 14:35:37 
26-Apr-19, 14:35:38 
26-Apr-19, 14:35:42 
26-Apr-19, 14:35:43 
26-Apr-19, 14:35:47 
26-Apr-19, 14:35:48 
26-Apr-19, 14:35:52 
26-Apr-19, 14:35:53 
26-Apr-19, 14:35:57 
26-Apr-19, 14:35:58 
26-Apr-19, 14:36:02 
26-Apr-19, 14:36:03 
26-Apr-19, 14:36:07 
26-Apr-19, 14:36:08 
26-Apr-19, 14:36:22 
26-Apr-19, 14:36:23 
26-Apr-19, 14:36:27 
26-Apr-19, 14:36:28 
26-Apr-19, 14:36:32 
26-Apr-19, 14:36:33 
26-Apr-19, 14:36:37 
26-Apr-19, 14:36:38 
26-Apr-19, 14:36:42 
26-Apr-19, 14:36:43 
26-Apr-19, 14:36:47 
26-Apr-19, 14:36:48 
26-Apr-19, 14:36:52 
26-Apr-19, 14:36:57 
26-Apr-19, 14:36:58 
26-Apr-19, 14:37:02 
26-Apr-19, 14:37:03 
26-Apr-19, 14:37:07 
26-Apr-19, 14:37:08 
26-Apr-19, 14:37:13 
26-Apr-19, 14:37:17 
26-Apr-19, 14:37:18 
26-Apr-19, 14:37:22 
26-Apr-19, 14:37:23 
26-Apr-19, 14:37:27 
26-Apr-19, 14:37:28 
26-Apr-19, 14:37:32 
26-Apr-19, 14:37:33 
26-Apr-19, 14:37:37 
26-Apr-19, 14:37:38 
26-Apr-19, 14:37:42 
26-Apr-19, 14:37:43 
26-Apr-19, 14:37:47 
26-Apr-19, 14:37:48 
26-Apr-19, 14:37:52 
26-Apr-19, 14:37:53 
26-Apr-19, 14:37:57 
26-Apr-19, 14:37:58 
26-Apr-19, 14:38:02 
26-Apr-19, 14:38:07 
26-Apr-19, 14:38:18 
26-Apr-19, 14:38:22 
26-Apr-19, 14:38:23 
26-Apr-19, 14:38:27 
26-Apr-19, 14:38:28 
26-Apr-19, 14:38:32 
26-Apr-19, 14:38:33 
26-Apr-19, 14:38:37 
26-Apr-19, 14:38:38 
26-Apr-19, 14:38:42 
26-Apr-19, 14:38:43 
26-Apr-19, 14:38:47 
26-Apr-19, 14:38:48 
26-Apr-19, 14:38:52 
26-Apr-19, 14:38:53 
26-Apr-19, 14:38:58 
26-Apr-19, 14:39:02 
26-Apr-19, 14:39:07 
26-Apr-19, 14:39:08 
26-Apr-19, 14:39:13 
26-Apr-19, 14:39:22 
26-Apr-19, 14:39:23 
26-Apr-19, 14:39:27 
26-Apr-19, 14:39:28 
26-Apr-19, 14:39:32 
26-Apr-19, 14:39:33 
26-Apr-19, 14:39:37 
26-Apr-19, 14:39:38 
26-Apr-19, 14:39:42 
26-Apr-19, 14:39:43 
26-Apr-19, 14:39:47 
26-Apr-19, 14:39:48 
26-Apr-19, 14:39:52 
26-Apr-19, 14:39:53 
26-Apr-19, 14:39:57 
26-Apr-19, 14:39:58 
26-Apr-19, 14:40:02 
26-Apr-19, 14:40:03 
26-Apr-19, 14:40:07 
26-Apr-19, 14:40:18 
26-Apr-19, 14:40:22 
26-Apr-19, 14:40:23 
26-Apr-19, 14:40:27 
26-Apr-19, 14:40:28 
26-Apr-19, 14:40:32 
26-Apr-19, 14:40:33 
26-Apr-19, 14:40:37 
26-Apr-19, 14:40:38 
26-Apr-19, 14:40:42 
26-Apr-19, 14:40:43 
26-Apr-19, 14:40:47 
26-Apr-19, 14:40:48 
26-Apr-19, 14:40:52 
26-Apr-19, 14:40:53 
26-Apr-19, 14:40:57 
26-Apr-19, 14:40:58 
26-Apr-19, 14:41:02 
26-Apr-19, 14:41:03 
26-Apr-19, 14:41:07 
26-Apr-19, 14:41:08 
26-Apr-19, 14:41:17 
26-Apr-19, 14:41:22 
26-Apr-19, 14:41:23 
26-Apr-19, 14:41:27 
26-Apr-19, 14:41:28 
26-Apr-19, 14:41:32 
26-Apr-19, 14:41:33 
26-Apr-19, 14:41:37 
26-Apr-19, 14:41:38 
26-Apr-19, 14:41:42 
26-Apr-19, 14:41:43 
26-Apr-19, 14:41:47 
26-Apr-19, 14:41:48 
26-Apr-19, 14:41:52 
26-Apr-19, 14:41:57 
26-Apr-19, 14:41:58 
26-Apr-19, 14:42:02 
26-Apr-19, 14:42:03 
26-Apr-19, 14:42:07 
26-Apr-19, 14:42:08 
26-Apr-19, 14:42:17 
26-Apr-19, 14:42:18 
26-Apr-19, 14:42:22 
26-Apr-19, 14:42:27 
26-Apr-19, 14:42:28 
26-Apr-19, 14:42:32 
26-Apr-19, 14:42:33 
26-Apr-19, 14:42:37 
26-Apr-19, 14:42:38 
26-Apr-19, 14:42:42 
26-Apr-19, 14:42:43 
26-Apr-19, 14:42:47 
26-Apr-19, 14:42:48 
26-Apr-19, 14:42:52 
26-Apr-19, 14:42:53 
26-Apr-19, 14:42:57 
26-Apr-19, 14:42:58 
26-Apr-19, 14:43:02 
26-Apr-19, 14:43:03 
26-Apr-19, 14:43:07 
26-Apr-19, 14:43:08 
26-Apr-19, 14:43:18 
26-Apr-19, 14:43:22 
26-Apr-19, 14:43:23 
26-Apr-19, 14:43:27 
26-Apr-19, 14:43:28 
26-Apr-19, 14:43:32 
26-Apr-19, 14:43:33 
26-Apr-19, 14:43:37 
26-Apr-19, 14:43:38 
26-Apr-19, 14:43:42 
26-Apr-19, 14:43:43 
26-Apr-19, 14:43:47 
26-Apr-19, 14:43:48 
26-Apr-19, 14:43:52 
26-Apr-19, 14:43:53 
26-Apr-19, 14:43:57 
26-Apr-19, 14:43:58 
26-Apr-19, 14:44:02 
26-Apr-19, 14:44:03 
26-Apr-19, 14:44:07 
26-Apr-19, 14:44:08 
26-Apr-19, 14:44:13 
26-Apr-19, 14:44:18 
26-Apr-19, 14:44:22 
26-Apr-19, 14:44:23 
26-Apr-19, 14:44:28 
26-Apr-19, 14:44:32 
26-Apr-19, 14:44:33 
26-Apr-19, 14:44:37 
26-Apr-19, 14:44:38 
26-Apr-19, 14:44:42 
26-Apr-19, 14:44:43 
26-Apr-19, 14:44:47 
26-Apr-19, 14:44:48 
26-Apr-19, 14:44:52 
26-Apr-19, 14:44:53 
26-Apr-19, 14:44:57 
26-Apr-19, 14:44:58 
26-Apr-19, 14:45:02 
26-Apr-19, 14:45:03 
26-Apr-19, 14:45:07 
26-Apr-19, 14:45:08 
26-Apr-19, 14:45:18 
26-Apr-19, 14:45:22 
26-Apr-19, 14:45:23 
26-Apr-19, 14:45:27 
26-Apr-19, 14:45:28 
26-Apr-19, 14:45:32 
26-Apr-19, 14:45:33 
26-Apr-19, 14:45:37 
26-Apr-19, 14:45:38 
26-Apr-19, 14:45:42 
26-Apr-19, 14:45:43 
26-Apr-19, 14:45:47 
26-Apr-19, 14:45:48 
26-Apr-19, 14:45:52 
26-Apr-19, 14:45:53 
26-Apr-19, 14:45:57 
26-Apr-19, 14:45:58 
26-Apr-19, 14:46:02 
26-Apr-19, 14:46:03 
26-Apr-19, 14:46:07 
26-Apr-19, 14:46:08 
26-Apr-19, 14:46:18 
26-Apr-19, 14:46:22 
26-Apr-19, 14:46:23 
26-Apr-19, 14:46:27 
26-Apr-19, 14:46:28 
26-Apr-19, 14:46:32 
26-Apr-19, 14:46:33 
26-Apr-19, 14:46:37 
26-Apr-19, 14:46:38 
26-Apr-19, 14:46:43 
26-Apr-19, 14:46:47 
26-Apr-19, 14:46:48 
26-Apr-19, 14:46:52 
26-Apr-19, 14:46:53 
26-Apr-19, 14:46:57 
26-Apr-19, 14:46:58 
26-Apr-19, 14:47:02 
26-Apr-19, 14:47:03 
26-Apr-19, 14:47:07 
26-Apr-19, 14:47:08 
26-Apr-19, 14:47:22 
26-Apr-19, 14:47:23 
26-Apr-19, 14:47:27 
26-Apr-19, 14:47:28 
26-Apr-19, 14:47:32 
26-Apr-19, 14:47:33 
26-Apr-19, 14:47:37 
26-Apr-19, 14:47:38 
26-Apr-19, 14:47:42 
26-Apr-19, 14:47:43 
26-Apr-19, 14:47:47 
26-Apr-19, 14:47:48 
26-Apr-19, 14:47:52 
26-Apr-19, 14:47:53 
26-Apr-19, 14:47:57 
26-Apr-19, 14:47:58 
26-Apr-19, 14:48:02 
26-Apr-19, 14:48:03 
26-Apr-19, 14:48:07 
26-Apr-19, 14:48:08 
26-Apr-19, 14:48:13 
26-Apr-19, 14:48:22 
26-Apr-19, 14:48:23 
26-Apr-19, 14:48:27 
26-Apr-19, 14:48:28 
26-Apr-19, 14:48:32 
26-Apr-19, 14:48:33 
26-Apr-19, 14:48:37 
26-Apr-19, 14:48:38 
26-Apr-19, 14:48:42 
26-Apr-19, 14:48:43 
26-Apr-19, 14:48:47 
26-Apr-19, 14:48:48 
26-Apr-19, 14:48:52 
26-Apr-19, 14:48:53 
26-Apr-19, 14:48:57 
26-Apr-19, 14:48:58 
26-Apr-19, 14:49:02 
26-Apr-19, 14:49:07 
26-Apr-19, 14:49:08 
26-Apr-19, 14:49:18 
26-Apr-19, 14:49:22 
26-Apr-19, 14:49:23 
26-Apr-19, 14:49:27 
26-Apr-19, 14:49:28 
26-Apr-19, 14:49:32 
26-Apr-19, 14:49:33 
26-Apr-19, 14:49:37 
26-Apr-19, 14:49:38 
26-Apr-19, 14:49:42 
26-Apr-19, 14:49:43 
26-Apr-19, 14:49:47 
26-Apr-19, 14:49:48 
26-Apr-19, 14:49:52 
26-Apr-19, 14:49:53 
26-Apr-19, 14:49:57 
26-Apr-19, 14:49:58 
26-Apr-19, 14:50:02 
26-Apr-19, 14:50:03 
26-Apr-19, 14:50:07 
26-Apr-19, 14:50:08 
26-Apr-19, 14:50:13 
26-Apr-19, 14:50:22 
26-Apr-19, 14:50:23 
26-Apr-19, 14:50:27 
26-Apr-19, 14:50:28 
26-Apr-19, 14:50:32 
26-Apr-19, 14:50:33 
26-Apr-19, 14:50:37 
26-Apr-19, 14:50:38 
26-Apr-19, 14:50:42 
26-Apr-19, 14:50:43 
26-Apr-19, 14:50:47 
26-Apr-19, 14:50:48 
26-Apr-19, 14:50:52 
26-Apr-19, 14:50:53 
26-Apr-19, 14:50:57 
26-Apr-19, 14:50:58 
26-Apr-19, 14:51:02 
26-Apr-19, 14:51:03 
26-Apr-19, 14:51:07 
26-Apr-19, 14:51:08 
26-Apr-19, 14:51:22 
26-Apr-19, 14:51:23 
26-Apr-19, 14:51:27 
26-Apr-19, 14:51:28 
26-Apr-19, 14:51:32 
26-Apr-19, 14:51:33 
26-Apr-19, 14:51:37 
26-Apr-19, 14:51:38 
26-Apr-19, 14:51:42 
26-Apr-19, 14:51:43 
26-Apr-19, 14:51:47 
26-Apr-19, 14:51:48 
26-Apr-19, 14:51:52 
26-Apr-19, 14:51:53 
26-Apr-19, 14:51:57 
26-Apr-19, 14:51:58 
26-Apr-19, 14:52:02 
26-Apr-19, 14:52:03 
26-Apr-19, 14:52:07 
26-Apr-19, 14:52:08 
26-Apr-19, 14:52:17 
26-Apr-19, 14:52:22 
26-Apr-19, 14:52:23 
26-Apr-19, 14:52:27 
26-Apr-19, 14:52:28 
26-Apr-19, 14:52:32 
26-Apr-19, 14:52:33 
26-Apr-19, 14:52:37 
26-Apr-19, 14:52:38 
26-Apr-19, 14:52:42 
26-Apr-19, 14:52:43 
26-Apr-19, 14:52:47 
26-Apr-19, 14:52:48 
26-Apr-19, 14:52:52 
26-Apr-19, 14:52:53 
26-Apr-19, 14:52:57 
26-Apr-19, 14:52:58 
26-Apr-19, 14:53:02 
26-Apr-19, 14:53:03 
26-Apr-19, 14:53:07 
26-Apr-19, 14:53:08 
26-Apr-19, 14:53:13 
26-Apr-19, 14:53:18 
26-Apr-19, 14:53:22 
26-Apr-19, 14:53:23 
26-Apr-19, 14:53:27 
26-Apr-19, 14:53:28 
26-Apr-19, 14:53:32 
26-Apr-19, 14:53:33 
26-Apr-19, 14:53:37 
26-Apr-19, 14:53:38 
26-Apr-19, 14:53:42 
26-Apr-19, 14:53:43 
26-Apr-19, 14:53:47 
26-Apr-19, 14:53:48 
26-Apr-19, 14:53:52 
26-Apr-19, 14:53:53 
26-Apr-19, 14:53:57 
26-Apr-19, 14:53:58 
26-Apr-19, 14:54:03 
26-Apr-19, 14:54:08 
26-Apr-19, 14:54:18 
26-Apr-19, 14:54:23 
26-Apr-19, 14:54:28 
26-Apr-19, 14:54:33 
26-Apr-19, 14:54:38 
26-Apr-19, 14:54:43 
26-Apr-19, 14:54:48 
26-Apr-19, 14:54:53 
26-Apr-19, 14:54:58 
26-Apr-19, 14:55:03 
26-Apr-19, 14:55:08 
26-Apr-19, 14:55:13 
26-Apr-19, 14:55:18 
26-Apr-19, 14:55:23 
26-Apr-19, 14:55:28 
26-Apr-19, 14:55:33 
26-Apr-19, 14:55:38 
26-Apr-19, 14:55:43 
26-Apr-19, 14:55:48 
26-Apr-19, 14:55:53 
26-Apr-19, 14:55:58 
26-Apr-19, 14:56:03 
26-Apr-19, 14:56:08 
26-Apr-19, 14:56:23 
26-Apr-19, 14:56:28 
26-Apr-19, 14:56:33 
26-Apr-19, 14:56:38 
26-Apr-19, 14:56:43 
26-Apr-19, 14:56:48 
26-Apr-19, 14:56:53 
26-Apr-19, 14:56:58 
26-Apr-19, 14:57:03 
26-Apr-19, 14:57:08 
26-Apr-19, 14:57:18 
26-Apr-19, 14:57:23 
26-Apr-19, 14:57:28 
26-Apr-19, 14:57:38 
26-Apr-19, 14:57:43 
26-Apr-19, 14:57:48 
26-Apr-19, 14:57:53 
26-Apr-19, 14:57:58 
26-Apr-19, 14:58:03 
26-Apr-19, 14:58:18 
26-Apr-19, 14:58:23 
26-Apr-19, 14:58:28 
26-Apr-19, 14:58:33 
26-Apr-19, 14:58:38 
26-Apr-19, 14:58:43 
26-Apr-19, 14:58:48 
26-Apr-19, 14:58:53 
26-Apr-19, 14:58:58 
26-Apr-19, 14:59:03 
26-Apr-19, 14:59:08 
26-Apr-19, 14:59:23 
26-Apr-19, 14:59:28 
26-Apr-19, 14:59:33 
26-Apr-19, 14:59:38 
26-Apr-19, 14:59:43 
26-Apr-19, 14:59:48 
26-Apr-19, 14:59:53 
26-Apr-19, 14:59:58 
26-Apr-19, 15:00:08 
26-Apr-19, 15:00:18 
26-Apr-19, 15:00:23 
26-Apr-19, 15:00:28 
26-Apr-19, 15:00:33 
26-Apr-19, 15:00:38 
26-Apr-19, 15:00:43 
26-Apr-19, 15:00:48 
26-Apr-19, 15:00:49 
26-Apr-19, 15:00:53 
26-Apr-19, 15:00:54 
26-Apr-19, 15:00:58 
26-Apr-19, 15:00:59 
26-Apr-19, 15:01:03 
26-Apr-19, 15:01:04 
26-Apr-19, 15:01:08 
26-Apr-19, 15:01:09 
26-Apr-19, 15:01:14 
26-Apr-19, 15:01:18 
26-Apr-19, 15:01:19 
26-Apr-19, 15:01:23 
26-Apr-19, 15:01:24 
26-Apr-19, 15:01:28 
26-Apr-19, 15:01:29 
26-Apr-19, 15:01:33 
26-Apr-19, 15:01:34 
26-Apr-19, 15:01:38 
26-Apr-19, 15:01:39 
26-Apr-19, 15:01:43 
26-Apr-19, 15:01:44 
26-Apr-19, 15:01:48 
26-Apr-19, 15:01:49 
26-Apr-19, 15:01:53 
26-Apr-19, 15:01:54 
26-Apr-19, 15:01:58 
26-Apr-19, 15:01:59 
26-Apr-19, 15:02:03 
26-Apr-19, 15:02:04 
26-Apr-19, 15:02:08 
26-Apr-19, 15:02:09 
26-Apr-19, 15:02:13 
26-Apr-19, 15:02:19 
26-Apr-19, 15:02:23 
26-Apr-19, 15:02:24 
26-Apr-19, 15:02:28 
26-Apr-19, 15:02:29 
26-Apr-19, 15:02:33 
26-Apr-19, 15:02:34 
26-Apr-19, 15:02:38 
26-Apr-19, 15:02:39 
26-Apr-19, 15:02:43 
26-Apr-19, 15:02:44 
26-Apr-19, 15:02:48 
26-Apr-19, 15:02:49 
26-Apr-19, 15:02:53 
26-Apr-19, 15:02:54 
26-Apr-19, 15:02:58 
26-Apr-19, 15:02:59 
26-Apr-19, 15:03:03 
26-Apr-19, 15:03:04 
26-Apr-19, 15:03:08 
26-Apr-19, 15:03:09 
26-Apr-19, 15:03:19 
26-Apr-19, 15:03:23 
26-Apr-19, 15:03:24 
26-Apr-19, 15:03:28 
26-Apr-19, 15:03:29 
26-Apr-19, 15:03:33 
26-Apr-19, 15:03:34 
26-Apr-19, 15:03:38 
26-Apr-19, 15:03:39 
26-Apr-19, 15:03:43 
26-Apr-19, 15:03:44 
26-Apr-19, 15:03:48 
26-Apr-19, 15:03:49 
26-Apr-19, 15:03:53 
26-Apr-19, 15:03:54 
26-Apr-19, 15:03:58 
26-Apr-19, 15:03:59 
26-Apr-19, 15:04:03 
26-Apr-19, 15:04:04 
26-Apr-19, 15:04:08 
26-Apr-19, 15:04:09 
26-Apr-19, 15:04:18 
26-Apr-19, 15:04:19 
26-Apr-19, 15:04:23 
26-Apr-19, 15:04:24 
26-Apr-19, 15:04:28 
26-Apr-19, 15:04:29 
26-Apr-19, 15:04:33 
26-Apr-19, 15:04:34 
26-Apr-19, 15:04:38 
26-Apr-19, 15:04:39 
26-Apr-19, 15:04:43 
26-Apr-19, 15:04:44 
26-Apr-19, 15:04:48 
26-Apr-19, 15:04:49 
26-Apr-19, 15:04:53 
26-Apr-19, 15:04:54 
26-Apr-19, 15:04:58 
26-Apr-19, 15:04:59 
26-Apr-19, 15:05:03 
26-Apr-19, 15:05:04 
26-Apr-19, 15:05:08 
26-Apr-19, 15:05:09 
26-Apr-19, 15:05:13 
26-Apr-19, 15:05:19 
26-Apr-19, 15:05:24 
26-Apr-19, 15:05:28 
26-Apr-19, 15:05:29 
26-Apr-19, 15:05:33 
26-Apr-19, 15:05:34 
26-Apr-19, 15:05:38 
26-Apr-19, 15:05:39 
26-Apr-19, 15:05:43 
26-Apr-19, 15:05:44 
26-Apr-19, 15:05:48 
26-Apr-19, 15:05:49 
26-Apr-19, 15:05:53 
26-Apr-19, 15:05:54 
26-Apr-19, 15:05:58 
26-Apr-19, 15:05:59 
26-Apr-19, 15:06:03 
26-Apr-19, 15:06:04 
26-Apr-19, 15:06:08 
26-Apr-19, 15:06:09 
26-Apr-19, 15:06:18 
26-Apr-19, 15:06:19 
26-Apr-19, 15:06:23 
26-Apr-19, 15:06:24 
26-Apr-19, 15:06:28 
26-Apr-19, 15:06:29 
26-Apr-19, 15:06:33 
26-Apr-19, 15:06:34 
26-Apr-19, 15:06:38 
26-Apr-19, 15:06:39 
26-Apr-19, 15:06:43 
26-Apr-19, 15:06:48 
26-Apr-19, 15:06:49 
26-Apr-19, 15:06:53 
26-Apr-19, 15:06:54 
26-Apr-19, 15:06:58 
26-Apr-19, 15:06:59 
26-Apr-19, 15:07:03 
26-Apr-19, 15:07:04 
26-Apr-19, 15:07:08 
26-Apr-19, 15:07:09 
26-Apr-19, 15:07:18 
26-Apr-19, 15:07:19 
26-Apr-19, 15:07:23 
26-Apr-19, 15:07:24 
26-Apr-19, 15:07:28 
26-Apr-19, 15:07:29 
26-Apr-19, 15:07:33 
26-Apr-19, 15:07:34 
26-Apr-19, 15:07:38 
26-Apr-19, 15:07:43 
26-Apr-19, 15:07:44 
26-Apr-19, 15:07:48 
26-Apr-19, 15:07:49 
26-Apr-19, 15:07:53 
26-Apr-19, 15:07:54 
26-Apr-19, 15:07:59 
26-Apr-19, 15:08:03 
26-Apr-19, 15:08:04 
26-Apr-19, 15:08:08 
26-Apr-19, 15:08:09 
26-Apr-19, 15:08:18 
26-Apr-19, 15:08:19 
26-Apr-19, 15:08:23 
26-Apr-19, 15:08:24 
26-Apr-19, 15:08:28 
26-Apr-19, 15:08:29 
26-Apr-19, 15:08:33 
26-Apr-19, 15:08:34 
26-Apr-19, 15:08:38 
26-Apr-19, 15:08:39 
26-Apr-19, 15:08:43 
26-Apr-19, 15:08:44 
26-Apr-19, 15:08:48 
26-Apr-19, 15:08:49 
26-Apr-19, 15:08:53 
26-Apr-19, 15:08:54 
26-Apr-19, 15:08:58 
26-Apr-19, 15:08:59 
26-Apr-19, 15:09:03 
26-Apr-19, 15:09:04 
26-Apr-19, 15:09:08 
26-Apr-19, 15:09:09 
26-Apr-19, 15:09:13 
26-Apr-19, 15:09:14 
26-Apr-19, 15:09:23 
26-Apr-19, 15:09:24 
26-Apr-19, 15:09:28 
26-Apr-19, 15:09:29 
26-Apr-19, 15:09:33 
26-Apr-19, 15:09:34 
26-Apr-19, 15:09:38 
26-Apr-19, 15:09:39 
26-Apr-19, 15:09:43 
26-Apr-19, 15:09:44 
26-Apr-19, 15:09:48 
26-Apr-19, 15:09:49 
26-Apr-19, 15:09:53 
26-Apr-19, 15:09:54 
26-Apr-19, 15:09:58 
26-Apr-19, 15:09:59 
26-Apr-19, 15:10:03 
26-Apr-19, 15:10:04 
26-Apr-19, 15:10:08 
26-Apr-19, 15:10:09 
26-Apr-19, 15:10:18 
26-Apr-19, 15:10:19 
26-Apr-19, 15:10:23 
26-Apr-19, 15:10:24 
26-Apr-19, 15:10:28 
26-Apr-19, 15:10:29 
26-Apr-19, 15:10:33 
26-Apr-19, 15:10:34 
26-Apr-19, 15:10:38 
26-Apr-19, 15:10:39 
26-Apr-19, 15:10:43 
26-Apr-19, 15:10:44 
26-Apr-19, 15:10:48 
26-Apr-19, 15:10:49 
26-Apr-19, 15:10:53 
26-Apr-19, 15:10:54 
26-Apr-19, 15:10:58 
26-Apr-19, 15:10:59 
26-Apr-19, 15:11:03 
26-Apr-19, 15:11:04 
26-Apr-19, 15:11:08 
26-Apr-19, 15:11:09 
26-Apr-19, 15:11:14 
26-Apr-19, 15:11:18 
26-Apr-19, 15:11:23 
26-Apr-19, 15:11:24 
26-Apr-19, 15:11:28 
26-Apr-19, 15:11:29 
26-Apr-19, 15:11:33 
26-Apr-19, 15:11:34 
26-Apr-19, 15:11:38 
26-Apr-19, 15:11:39 
26-Apr-19, 15:11:43 
26-Apr-19, 15:11:44 
26-Apr-19, 15:11:48 
26-Apr-19, 15:11:49 
26-Apr-19, 15:11:53 
26-Apr-19, 15:11:54 
26-Apr-19, 15:11:58 
26-Apr-19, 15:11:59 
26-Apr-19, 15:12:03 
26-Apr-19, 15:12:08 
26-Apr-19, 15:12:09 
26-Apr-19, 15:12:13 
26-Apr-19, 15:12:18 
26-Apr-19, 15:12:19 
26-Apr-19, 15:12:24 
26-Apr-19, 15:12:28 
26-Apr-19, 15:12:29 
26-Apr-19, 15:12:33 
26-Apr-19, 15:12:34 
26-Apr-19, 15:12:38 
26-Apr-19, 15:12:39 
26-Apr-19, 15:12:43 
26-Apr-19, 15:12:44 
26-Apr-19, 15:12:48 
26-Apr-19, 15:12:49 
26-Apr-19, 15:12:53 
26-Apr-19, 15:12:54 
26-Apr-19, 15:12:58 
26-Apr-19, 15:12:59 
26-Apr-19, 15:13:03 
26-Apr-19, 15:13:04 
26-Apr-19, 15:13:08 
26-Apr-19, 15:13:09 
26-Apr-19, 15:13:13 
26-Apr-19, 15:13:18 
26-Apr-19, 15:13:23 
26-Apr-19, 15:13:24 
26-Apr-19, 15:13:28 
26-Apr-19, 15:13:29 
26-Apr-19, 15:13:33 
26-Apr-19, 15:13:34 
26-Apr-19, 15:13:38 
26-Apr-19, 15:13:39 
26-Apr-19, 15:13:43 
26-Apr-19, 15:13:44 
26-Apr-19, 15:13:48 
26-Apr-19, 15:13:49 
26-Apr-19, 15:13:53 
26-Apr-19, 15:13:54 
26-Apr-19, 15:13:59 
26-Apr-19, 15:14:03 
26-Apr-19, 15:14:04 
26-Apr-19, 15:14:09 
26-Apr-19, 15:14:18 
26-Apr-19, 15:14:19 
26-Apr-19, 15:14:23 
26-Apr-19, 15:14:24 
26-Apr-19, 15:14:33 
26-Apr-19, 15:14:34 
26-Apr-19, 15:14:38 
26-Apr-19, 15:14:39 
26-Apr-19, 15:14:43 
26-Apr-19, 15:14:44 
26-Apr-19, 15:14:48 
26-Apr-19, 15:14:49 
26-Apr-19, 15:14:53 
26-Apr-19, 15:14:54 
26-Apr-19, 15:14:58 
26-Apr-19, 15:14:59 
26-Apr-19, 15:15:03 
26-Apr-19, 15:15:04 
26-Apr-19, 15:15:08 
26-Apr-19, 15:15:09 
26-Apr-19, 15:15:19 
26-Apr-19, 15:15:23 
26-Apr-19, 15:15:24 
26-Apr-19, 15:15:28 
26-Apr-19, 15:15:29 
26-Apr-19, 15:15:33 
26-Apr-19, 15:15:34 
26-Apr-19, 15:15:38 
26-Apr-19, 15:15:39 
26-Apr-19, 15:15:43 
26-Apr-19, 15:15:44 
26-Apr-19, 15:15:48 
26-Apr-19, 15:15:49 
26-Apr-19, 15:15:53 
26-Apr-19, 15:15:54 
26-Apr-19, 15:15:58 
26-Apr-19, 15:15:59 
26-Apr-19, 15:16:03 
26-Apr-19, 15:16:04 
26-Apr-19, 15:16:08 
26-Apr-19, 15:16:09 
26-Apr-19, 15:16:13 
26-Apr-19, 15:16:14 
26-Apr-19, 15:16:18 
26-Apr-19, 15:16:24 
26-Apr-19, 15:16:28 
26-Apr-19, 15:16:29 
26-Apr-19, 15:16:33 
26-Apr-19, 15:16:34 
26-Apr-19, 15:16:38 
26-Apr-19, 15:16:39 
26-Apr-19, 15:16:43 
26-Apr-19, 15:16:44 
26-Apr-19, 15:16:48 
26-Apr-19, 15:16:49 
26-Apr-19, 15:16:53 
26-Apr-19, 15:16:54 
26-Apr-19, 15:16:58 
26-Apr-19, 15:16:59 
26-Apr-19, 15:17:03 
26-Apr-19, 15:17:04 
26-Apr-19, 15:17:08 
26-Apr-19, 15:17:09 
26-Apr-19, 15:17:13 
26-Apr-19, 15:17:18 
26-Apr-19, 15:17:19 
26-Apr-19, 15:17:23 
26-Apr-19, 15:17:24 
26-Apr-19, 15:17:28 
26-Apr-19, 15:17:33 
26-Apr-19, 15:17:34 
26-Apr-19, 15:17:38 
26-Apr-19, 15:17:39 
26-Apr-19, 15:17:43 
26-Apr-19, 15:17:44 
26-Apr-19, 15:17:48 
26-Apr-19, 15:17:49 
26-Apr-19, 15:17:53 
26-Apr-19, 15:17:54 
26-Apr-19, 15:17:58 
26-Apr-19, 15:17:59 
26-Apr-19, 15:18:03 
26-Apr-19, 15:18:04 
26-Apr-19, 15:18:08 
26-Apr-19, 15:18:18 
26-Apr-19, 15:18:19 
26-Apr-19, 15:18:23 
26-Apr-19, 15:18:24 
26-Apr-19, 15:18:28 
26-Apr-19, 15:18:29 
26-Apr-19, 15:18:33 
26-Apr-19, 15:18:34 
26-Apr-19, 15:18:38 
26-Apr-19, 15:18:39 
26-Apr-19, 15:18:43 
26-Apr-19, 15:18:44 
26-Apr-19, 15:18:48 
26-Apr-19, 15:18:49 
26-Apr-19, 15:18:53 
26-Apr-19, 15:18:54 
26-Apr-19, 15:18:58 
26-Apr-19, 15:18:59 
26-Apr-19, 15:19:03 
26-Apr-19, 15:19:04 
26-Apr-19, 15:19:08 
26-Apr-19, 15:19:09 
26-Apr-19, 15:19:14 
26-Apr-19, 15:19:19 
26-Apr-19, 15:19:23 
26-Apr-19, 15:19:24 
26-Apr-19, 15:19:28 
26-Apr-19, 15:19:29 
26-Apr-19, 15:19:33 
26-Apr-19, 15:19:34 
26-Apr-19, 15:19:38 
26-Apr-19, 15:19:39 
26-Apr-19, 15:19:43 
26-Apr-19, 15:19:44 
26-Apr-19, 15:19:48 
26-Apr-19, 15:19:49 
26-Apr-19, 15:19:53 
26-Apr-19, 15:19:54 
26-Apr-19, 15:19:58 
26-Apr-19, 15:19:59 
26-Apr-19, 15:20:03 
26-Apr-19, 15:20:04 
26-Apr-19, 15:20:08 
26-Apr-19, 15:20:09 
26-Apr-19, 15:20:18 
26-Apr-19, 15:20:19 
26-Apr-19, 15:20:24 
26-Apr-19, 15:20:28 
26-Apr-19, 15:20:29 
26-Apr-19, 15:20:33 
26-Apr-19, 15:20:34 
26-Apr-19, 15:20:38 
26-Apr-19, 15:20:39 
26-Apr-19, 15:20:43 
26-Apr-19, 15:20:44 
26-Apr-19, 15:20:48 
26-Apr-19, 15:20:49 
26-Apr-19, 15:20:54 
26-Apr-19, 15:20:59 
26-Apr-19, 15:21:04 
26-Apr-19, 15:21:09 
26-Apr-19, 15:21:14 
26-Apr-19, 15:21:24 
26-Apr-19, 15:21:29 
26-Apr-19, 15:21:34 
26-Apr-19, 15:21:39 
26-Apr-19, 15:21:44 
26-Apr-19, 15:21:49 
26-Apr-19, 15:21:54 
26-Apr-19, 15:21:59 
26-Apr-19, 15:22:04 
26-Apr-19, 15:22:09 
26-Apr-19, 15:22:19 
26-Apr-19, 15:22:24 
26-Apr-19, 15:22:29 
26-Apr-19, 15:22:34 
26-Apr-19, 15:22:39 
26-Apr-19, 15:22:44 
26-Apr-19, 15:22:49 
26-Apr-19, 15:22:54 
26-Apr-19, 15:22:59 
26-Apr-19, 15:23:04 
26-Apr-19, 15:23:09 
26-Apr-19, 15:23:19 
26-Apr-19, 15:23:24 
26-Apr-19, 15:23:29 
26-Apr-19, 15:23:34 
26-Apr-19, 15:23:39 
26-Apr-19, 15:23:44 
26-Apr-19, 15:23:49 
26-Apr-19, 15:23:54 
26-Apr-19, 15:23:59 
26-Apr-19, 15:24:04 
26-Apr-19, 15:24:09 
26-Apr-19, 15:24:19 
26-Apr-19, 15:24:24 
26-Apr-19, 15:24:29 
26-Apr-19, 15:24:39 
26-Apr-19, 15:24:44 
26-Apr-19, 15:24:49 
26-Apr-19, 15:24:50 
26-Apr-19, 15:24:54 
26-Apr-19, 15:24:59 
26-Apr-19, 15:25:00 
26-Apr-19, 15:25:04 
26-Apr-19, 15:25:05 
26-Apr-19, 15:25:09 
26-Apr-19, 15:25:10 
26-Apr-19, 15:25:19 
26-Apr-19, 15:25:20 
26-Apr-19, 15:25:24 
26-Apr-19, 15:25:25 
26-Apr-19, 15:25:29 
26-Apr-19, 15:25:30 
26-Apr-19, 15:25:34 
26-Apr-19, 15:25:35 
26-Apr-19, 15:25:39 
26-Apr-19, 15:25:40 
26-Apr-19, 15:25:44 
26-Apr-19, 15:25:45 
26-Apr-19, 15:25:49 
26-Apr-19, 15:25:50 
26-Apr-19, 15:25:54 
26-Apr-19, 15:25:55 
26-Apr-19, 15:25:59 
26-Apr-19, 15:26:00 
26-Apr-19, 15:26:04 
26-Apr-19, 15:26:05 
26-Apr-19, 15:26:09 
26-Apr-19, 15:26:10 
26-Apr-19, 15:26:20 
26-Apr-19, 15:26:24 
26-Apr-19, 15:26:25 
26-Apr-19, 15:26:29 
26-Apr-19, 15:26:30 
26-Apr-19, 15:26:34 
26-Apr-19, 15:26:35 
26-Apr-19, 15:26:39 
26-Apr-19, 15:26:40 
26-Apr-19, 15:26:44 
26-Apr-19, 15:26:45 
26-Apr-19, 15:26:49 
26-Apr-19, 15:26:50 
26-Apr-19, 15:26:54 
26-Apr-19, 15:26:55 
26-Apr-19, 15:26:59 
26-Apr-19, 15:27:00 
26-Apr-19, 15:27:04 
26-Apr-19, 15:27:05 
26-Apr-19, 15:27:09 
26-Apr-19, 15:27:10 
26-Apr-19, 15:27:15 
26-Apr-19, 15:27:19 
26-Apr-19, 15:27:20 
26-Apr-19, 15:27:24 
26-Apr-19, 15:27:25 
26-Apr-19, 15:27:29 
26-Apr-19, 15:27:30 
26-Apr-19, 15:27:34 
26-Apr-19, 15:27:39 
26-Apr-19, 15:27:40 
26-Apr-19, 15:27:44 
26-Apr-19, 15:27:45 
26-Apr-19, 15:27:49 
26-Apr-19, 15:27:50 
26-Apr-19, 15:27:54 
26-Apr-19, 15:27:55 
26-Apr-19, 15:27:59 
26-Apr-19, 15:28:00 
26-Apr-19, 15:28:04 
26-Apr-19, 15:28:05 
26-Apr-19, 15:28:09 
26-Apr-19, 15:28:10 
26-Apr-19, 15:28:19 
26-Apr-19, 15:28:20 
26-Apr-19, 15:28:24 
26-Apr-19, 15:28:25 
26-Apr-19, 15:28:29 
26-Apr-19, 15:28:30 
26-Apr-19, 15:28:34 
26-Apr-19, 15:28:35 
26-Apr-19, 15:28:39 
26-Apr-19, 15:28:40 
26-Apr-19, 15:28:44 
26-Apr-19, 15:28:45 
26-Apr-19, 15:28:49 
26-Apr-19, 15:28:50 
26-Apr-19, 15:28:54 
26-Apr-19, 15:28:55 
26-Apr-19, 15:28:59 
26-Apr-19, 15:29:00 
26-Apr-19, 15:29:04 
26-Apr-19, 15:29:05 
26-Apr-19, 15:29:09 
26-Apr-19, 15:29:10 
26-Apr-19, 15:29:19 
26-Apr-19, 15:29:20 
26-Apr-19, 15:29:24 
26-Apr-19, 15:29:25 
26-Apr-19, 15:29:30 
26-Apr-19, 15:29:34 
26-Apr-19, 15:29:35 
26-Apr-19, 15:29:39 
26-Apr-19, 15:29:40 
26-Apr-19, 15:29:44 
26-Apr-19, 15:29:45 
26-Apr-19, 15:29:49 
26-Apr-19, 15:29:50 
26-Apr-19, 15:29:54 
26-Apr-19, 15:29:55 
26-Apr-19, 15:29:59 
26-Apr-19, 15:30:00 
26-Apr-19, 15:30:04 
26-Apr-19, 15:30:05 
26-Apr-19, 15:30:09 
26-Apr-19, 15:30:10 
26-Apr-19, 15:30:19 
26-Apr-19, 15:30:20 
26-Apr-19, 15:30:24 
26-Apr-19, 15:30:25 
26-Apr-19, 15:30:29 
26-Apr-19, 15:30:30 
26-Apr-19, 15:30:34 
26-Apr-19, 15:30:35 
26-Apr-19, 15:30:39 
26-Apr-19, 15:30:40 
26-Apr-19, 15:30:44 
26-Apr-19, 15:30:45 
26-Apr-19, 15:30:49 
26-Apr-19, 15:30:50 
26-Apr-19, 15:30:54 
26-Apr-19, 15:30:55 
26-Apr-19, 15:30:59 
26-Apr-19, 15:31:00 
26-Apr-19, 15:31:04 
26-Apr-19, 15:31:05 
26-Apr-19, 15:31:09 
26-Apr-19, 15:31:10 
26-Apr-19, 15:31:19 
26-Apr-19, 15:31:20 
26-Apr-19, 15:31:24 
26-Apr-19, 15:31:29 
26-Apr-19, 15:31:30 
26-Apr-19, 15:31:34 
26-Apr-19, 15:31:35 
26-Apr-19, 15:31:39 
26-Apr-19, 15:31:40 
26-Apr-19, 15:31:44 
26-Apr-19, 15:31:49 
26-Apr-19, 15:31:50 
26-Apr-19, 15:31:54 
26-Apr-19, 15:31:55 
26-Apr-19, 23:56:07 
26-Apr-19, 23:56:07 
26-Apr-19, 23:56:10 
26-Apr-19, 23:56:11 
26-Apr-19, 23:56:25 
26-Apr-19, 23:56:26 
26-Apr-19, 23:56:31 
26-Apr-19, 23:56:32 
26-Apr-19, 23:56:35 
26-Apr-19, 23:56:36 
26-Apr-19, 23:56:37 
26-Apr-19, 23:56:37 
26-Apr-19, 23:56:40 
26-Apr-19, 23:56:41 
26-Apr-19, 23:56:46 
26-Apr-19, 23:56:47 
26-Apr-19, 23:56:47 
26-Apr-19, 23:56:52 
26-Apr-19, 23:56:55 
26-Apr-19, 23:56:56 
26-Apr-19, 23:57:01 
26-Apr-19, 23:57:02 
26-Apr-19, 23:57:06 
26-Apr-19, 23:57:07 
26-Apr-19, 23:57:07 
26-Apr-19, 23:57:10 
26-Apr-19, 23:57:11 
26-Apr-19, 23:57:16 
26-Apr-19, 23:57:17 
26-Apr-19, 23:57:17 
26-Apr-19, 23:57:20 
26-Apr-19, 23:57:22 
26-Apr-19, 23:57:31 
26-Apr-19, 23:57:32 
26-Apr-19, 18:36:47 
26-Apr-19, 18:36:48 
26-Apr-19, 18:36:50 
26-Apr-19, 18:36:51 
26-Apr-19, 18:36:53 
26-Apr-19, 18:36:54 
26-Apr-19, 18:36:56 
26-Apr-19, 18:36:57 
26-Apr-19, 18:36:59 
26-Apr-19, 18:37:00 
26-Apr-19, 18:37:02 
26-Apr-19, 18:37:02 
26-Apr-19, 18:37:03 
26-Apr-19, 18:37:05 
26-Apr-19, 18:37:06 
26-Apr-19, 18:37:09 
26-Apr-19, 18:37:11 
26-Apr-19, 18:37:20 
26-Apr-19, 18:37:21 
26-Apr-19, 18:37:23 
26-Apr-19, 18:37:24 
26-Apr-19, 18:37:26 
26-Apr-19, 18:37:27 
26-Apr-19, 18:37:28 
26-Apr-19, 18:37:29 
26-Apr-19, 18:37:30 
26-Apr-19, 18:37:32 
26-Apr-19, 18:37:32 
26-Apr-19, 18:37:33 
26-Apr-19, 18:37:34 
26-Apr-19, 18:37:35 
26-Apr-19, 18:37:36 
26-Apr-19, 18:37:38 
26-Apr-19, 18:37:39 
26-Apr-19, 18:37:41 
26-Apr-19, 18:37:42 
26-Apr-19, 18:37:42 
26-Apr-19, 18:37:44 
26-Apr-19, 18:37:45 
26-Apr-19, 18:37:47 
26-Apr-19, 18:37:50 
26-Apr-19, 18:37:53 
26-Apr-19, 18:37:54 
26-Apr-19, 18:37:55 
26-Apr-19, 18:37:56 
26-Apr-19, 18:37:57 
26-Apr-19, 18:37:59 
26-Apr-19, 18:38:00 
26-Apr-19, 18:38:02 
26-Apr-19, 18:38:02 
26-Apr-19, 18:38:03 
26-Apr-19, 18:38:05 
26-Apr-19, 18:38:06 
26-Apr-19, 18:38:08 
26-Apr-19, 18:38:09 
26-Apr-19, 18:38:11 
26-Apr-19, 18:38:18 
26-Apr-19, 18:38:20 
26-Apr-19, 18:38:21 
26-Apr-19, 18:38:24 
26-Apr-19, 18:38:26 
26-Apr-19, 18:38:29 
26-Apr-19, 18:38:32 
26-Apr-19, 18:38:32 
26-Apr-19, 18:38:33 
26-Apr-19, 18:38:35 
26-Apr-19, 18:38:36 
26-Apr-19, 18:38:38 
26-Apr-19, 18:38:39 
26-Apr-19, 18:38:41 
26-Apr-19, 18:38:42 
26-Apr-19, 18:38:42 
26-Apr-19, 18:38:44 
26-Apr-19, 18:38:47 
26-Apr-19, 18:38:48 
26-Apr-19, 18:38:50 
26-Apr-19, 18:38:51 
26-Apr-19, 18:38:53 
26-Apr-19, 18:38:54 
26-Apr-19, 18:38:55 
26-Apr-19, 18:38:56 
26-Apr-19, 18:38:57 
26-Apr-19, 18:38:59 
26-Apr-19, 18:39:00 
26-Apr-19, 18:39:02 
26-Apr-19, 18:39:02 
26-Apr-19, 18:39:03 
26-Apr-19, 18:39:05 
26-Apr-19, 18:39:08 
26-Apr-19, 18:39:11 
26-Apr-19, 18:39:18 
26-Apr-19, 18:39:20 
26-Apr-19, 18:39:21 
26-Apr-19, 18:39:22 
26-Apr-19, 18:39:22 
26-Apr-19, 18:39:23 
26-Apr-19, 18:39:24 
26-Apr-19, 18:39:26 
26-Apr-19, 18:39:27 
26-Apr-19, 18:39:29 
26-Apr-19, 18:39:30 
26-Apr-19, 18:39:32 
26-Apr-19, 18:39:32 
26-Apr-19, 18:39:33 
26-Apr-19, 18:39:35 
26-Apr-19, 18:39:36 
26-Apr-19, 18:39:38 
26-Apr-19, 18:39:39 
26-Apr-19, 18:39:40 
26-Apr-19, 18:39:41 
26-Apr-19, 18:39:42 
26-Apr-19, 18:39:42 
26-Apr-19, 18:39:44 
26-Apr-19, 18:39:45 
26-Apr-19, 18:39:47 
26-Apr-19, 18:39:48 
26-Apr-19, 18:39:50 
26-Apr-19, 18:39:51 
26-Apr-19, 18:39:52 
26-Apr-19, 18:39:52 
26-Apr-19, 18:39:53 
26-Apr-19, 18:39:54 
26-Apr-19, 18:39:56 
26-Apr-19, 18:39:57 
26-Apr-19, 18:39:59 
26-Apr-19, 18:40:00 
26-Apr-19, 18:40:02 
26-Apr-19, 18:40:02 
26-Apr-19, 18:40:03 
26-Apr-19, 18:40:06 
26-Apr-19, 18:40:08 
26-Apr-19, 18:40:09 
26-Apr-19, 18:40:11 
26-Apr-19, 18:40:17 
26-Apr-19, 18:40:18 
26-Apr-19, 18:40:20 
26-Apr-19, 18:40:21 
26-Apr-19, 18:40:23 
26-Apr-19, 18:40:24 
26-Apr-19, 18:40:26 
26-Apr-19, 18:40:27 
26-Apr-19, 18:40:29 
26-Apr-19, 18:40:30 
26-Apr-19, 18:40:32 
26-Apr-19, 18:40:32 
26-Apr-19, 18:40:33 
26-Apr-19, 18:40:35 
26-Apr-19, 18:40:36 
26-Apr-19, 18:40:38 
26-Apr-19, 18:40:39 
26-Apr-19, 18:40:41 
26-Apr-19, 18:40:42 
26-Apr-19, 18:40:42 
26-Apr-19, 18:40:44 
26-Apr-19, 18:40:45 
26-Apr-19, 18:40:50 
26-Apr-19, 18:40:51 
26-Apr-19, 18:40:54 
26-Apr-19, 18:40:57 
26-Apr-19, 18:40:59 
26-Apr-19, 18:41:00 
26-Apr-19, 18:41:02 
26-Apr-19, 18:41:02 
26-Apr-19, 18:41:03 
26-Apr-19, 18:41:05 
26-Apr-19, 18:41:06 
26-Apr-19, 18:41:08 
26-Apr-19, 18:41:09 
26-Apr-19, 18:41:11 
26-Apr-19, 18:41:20 
26-Apr-19, 18:41:21 
26-Apr-19, 18:41:23 
26-Apr-19, 18:41:24 
26-Apr-19, 18:41:26 
26-Apr-19, 18:41:27 
26-Apr-19, 18:41:30 
26-Apr-19, 18:41:32 
26-Apr-19, 18:41:32 
26-Apr-19, 18:41:33 
26-Apr-19, 18:41:35 
26-Apr-19, 18:41:36 
26-Apr-19, 18:41:38 
26-Apr-19, 18:41:39 
26-Apr-19, 18:41:41 
26-Apr-19, 18:41:42 
26-Apr-19, 18:41:42 
26-Apr-19, 18:41:44 
26-Apr-19, 18:41:45 
26-Apr-19, 18:41:47 
26-Apr-19, 18:41:48 
26-Apr-19, 18:41:50 
26-Apr-19, 18:41:51 
26-Apr-19, 18:41:53 
26-Apr-19, 18:41:54 
26-Apr-19, 18:41:56 
26-Apr-19, 18:41:57 
26-Apr-19, 18:41:59 
26-Apr-19, 18:42:00 
26-Apr-19, 18:42:02 
26-Apr-19, 18:42:02 
26-Apr-19, 18:42:03 
26-Apr-19, 18:42:05 
26-Apr-19, 18:42:06 
26-Apr-19, 18:42:08 
26-Apr-19, 18:42:09 
26-Apr-19, 18:42:11 
26-Apr-19, 18:42:17 
26-Apr-19, 18:42:20 
26-Apr-19, 18:42:24 
26-Apr-19, 18:42:26 
26-Apr-19, 18:42:27 
26-Apr-19, 18:42:29 
26-Apr-19, 18:42:30 
26-Apr-19, 18:42:32 
26-Apr-19, 18:42:33 
26-Apr-19, 18:42:35 
26-Apr-19, 18:42:36 
26-Apr-19, 18:42:38 
26-Apr-19, 18:42:39 
26-Apr-19, 18:42:41 
26-Apr-19, 18:42:42 
26-Apr-19, 18:42:45 
26-Apr-19, 18:42:47 
26-Apr-19, 18:42:48 
26-Apr-19, 18:42:50 
26-Apr-19, 18:42:51 
26-Apr-19, 18:42:53 
26-Apr-19, 18:42:54 
26-Apr-19, 18:42:56 
26-Apr-19, 18:42:57 
26-Apr-19, 18:42:59 
26-Apr-19, 18:43:00 
26-Apr-19, 18:43:02 
26-Apr-19, 18:43:03 
26-Apr-19, 18:43:05 
26-Apr-19, 18:43:06 
26-Apr-19, 18:43:08 
26-Apr-19, 18:43:09 
26-Apr-19, 18:43:11 
26-Apr-19, 18:43:18 
26-Apr-19, 18:43:20 
26-Apr-19, 18:43:21 
26-Apr-19, 18:43:23 
26-Apr-19, 18:43:24 
26-Apr-19, 18:43:26 
26-Apr-19, 18:43:27 
26-Apr-19, 18:43:29 
26-Apr-19, 18:43:30 
26-Apr-19, 18:43:32 
26-Apr-19, 18:43:33 
26-Apr-19, 18:43:35 
26-Apr-19, 18:43:36 
26-Apr-19, 18:43:38 
26-Apr-19, 18:43:39 
26-Apr-19, 18:43:41 
26-Apr-19, 18:43:42 
26-Apr-19, 18:43:44 
26-Apr-19, 18:43:45 
26-Apr-19, 18:43:47 
26-Apr-19, 18:43:48 
26-Apr-19, 18:43:50 
26-Apr-19, 18:43:51 
26-Apr-19, 18:43:52 
26-Apr-19, 18:43:53 
26-Apr-19, 18:43:54 
26-Apr-19, 18:43:56 
26-Apr-19, 18:43:57 
26-Apr-19, 18:43:59 
26-Apr-19, 18:44:00 
26-Apr-19, 18:44:01 
26-Apr-19, 18:44:02 
26-Apr-19, 18:44:03 
26-Apr-19, 18:44:05 
26-Apr-19, 18:44:06 
26-Apr-19, 18:44:08 
26-Apr-19, 18:44:09 
26-Apr-19, 18:44:11 
26-Apr-19, 18:44:17 
26-Apr-19, 18:44:19 
26-Apr-19, 18:44:20 
26-Apr-19, 18:44:23 
26-Apr-19, 18:44:24 
26-Apr-19, 18:44:26 
26-Apr-19, 18:44:27 
26-Apr-19, 18:44:29 
26-Apr-19, 18:44:30 
26-Apr-19, 18:44:32 
26-Apr-19, 18:44:33 
26-Apr-19, 18:44:35 
26-Apr-19, 18:44:36 
26-Apr-19, 18:44:38 
26-Apr-19, 18:44:39 
26-Apr-19, 18:44:41 
26-Apr-19, 18:44:42 
26-Apr-19, 18:44:44 
26-Apr-19, 18:44:45 
26-Apr-19, 18:44:47 
26-Apr-19, 18:44:48 
26-Apr-19, 18:44:50 
26-Apr-19, 18:44:51 
26-Apr-19, 18:44:52 
26-Apr-19, 18:44:53 
26-Apr-19, 18:44:54 
26-Apr-19, 18:44:56 
26-Apr-19, 18:44:57 
26-Apr-19, 18:44:59 
26-Apr-19, 18:45:00 
26-Apr-19, 18:45:02 
26-Apr-19, 18:45:03 
26-Apr-19, 18:45:05 
26-Apr-19, 18:45:06 
26-Apr-19, 18:45:07 
26-Apr-19, 18:45:08 
26-Apr-19, 18:45:09 
26-Apr-19, 18:45:11 
26-Apr-19, 18:45:17 
26-Apr-19, 18:45:18 
26-Apr-19, 18:45:20 
26-Apr-19, 18:45:23 
26-Apr-19, 18:45:24 
26-Apr-19, 18:45:27 
26-Apr-19, 18:45:30 
26-Apr-19, 18:45:32 
26-Apr-19, 18:45:33 
26-Apr-19, 18:45:35 
26-Apr-19, 18:45:38 
26-Apr-19, 18:45:39 
26-Apr-19, 18:45:42 
26-Apr-19, 18:45:44 
26-Apr-19, 18:45:45 
26-Apr-19, 18:45:47 
26-Apr-19, 18:45:48 
26-Apr-19, 18:45:50 
26-Apr-19, 18:45:53 
26-Apr-19, 18:45:54 
26-Apr-19, 18:45:57 
26-Apr-19, 18:45:58 
26-Apr-19, 18:45:59 
26-Apr-19, 18:46:00 
26-Apr-19, 18:46:02 
26-Apr-19, 18:46:03 
26-Apr-19, 18:46:05 
26-Apr-19, 18:46:08 
26-Apr-19, 18:46:09 
26-Apr-19, 18:46:17 
26-Apr-19, 18:46:18 
26-Apr-19, 18:46:20 
26-Apr-19, 18:46:22 
26-Apr-19, 18:46:23 
26-Apr-19, 18:46:24 
26-Apr-19, 18:46:27 
26-Apr-19, 18:46:29 
26-Apr-19, 18:46:30 
26-Apr-19, 18:46:32 
26-Apr-19, 18:46:33 
26-Apr-19, 18:46:35 
26-Apr-19, 18:46:38 
26-Apr-19, 18:46:39 
26-Apr-19, 18:46:42 
26-Apr-19, 18:46:44 
26-Apr-19, 18:46:45 
26-Apr-19, 18:46:47 
26-Apr-19, 18:46:48 
26-Apr-19, 18:46:50 
26-Apr-19, 18:46:53 
26-Apr-19, 18:46:54 
26-Apr-19, 18:46:57 
26-Apr-19, 18:46:59 
26-Apr-19, 18:47:00 
26-Apr-19, 18:47:02 
26-Apr-19, 18:47:03 
26-Apr-19, 18:47:05 
26-Apr-19, 18:47:08 
26-Apr-19, 18:47:09 
26-Apr-19, 18:47:18 
26-Apr-19, 18:47:20 
26-Apr-19, 18:47:23 
26-Apr-19, 18:47:24 
26-Apr-19, 18:47:29 
26-Apr-19, 18:47:30 
26-Apr-19, 18:47:32 
26-Apr-19, 18:47:33 
26-Apr-19, 18:47:35 
26-Apr-19, 18:47:38 
26-Apr-19, 18:47:39 
26-Apr-19, 18:47:42 
26-Apr-19, 18:47:44 
26-Apr-19, 18:47:45 
26-Apr-19, 18:47:47 
26-Apr-19, 18:47:48 
26-Apr-19, 18:47:50 
26-Apr-19, 18:47:53 
26-Apr-19, 18:47:54 
26-Apr-19, 18:47:57 
26-Apr-19, 18:47:59 
26-Apr-19, 18:48:00 
26-Apr-19, 18:48:02 
26-Apr-19, 18:48:03 
26-Apr-19, 18:48:05 
26-Apr-19, 18:48:08 
26-Apr-19, 18:48:09 
26-Apr-19, 18:48:21 
26-Apr-19, 18:48:23 
26-Apr-19, 18:48:24 
26-Apr-19, 18:48:26 
26-Apr-19, 18:48:27 
26-Apr-19, 18:48:29 
26-Apr-19, 18:48:32 
26-Apr-19, 18:48:33 
26-Apr-19, 18:48:36 
26-Apr-19, 18:48:38 
26-Apr-19, 18:48:39 
26-Apr-19, 18:48:41 
26-Apr-19, 18:48:44 
26-Apr-19, 18:48:47 
26-Apr-19, 18:48:48 
26-Apr-19, 18:48:51 
26-Apr-19, 18:48:53 
26-Apr-19, 18:48:54 
26-Apr-19, 18:48:56 
26-Apr-19, 18:48:57 
26-Apr-19, 18:48:59 
26-Apr-19, 18:49:03 
26-Apr-19, 18:49:06 
26-Apr-19, 18:49:08 
26-Apr-19, 18:49:11 
26-Apr-19, 18:49:21 
26-Apr-19, 18:49:23 
26-Apr-19, 18:49:24 
26-Apr-19, 18:49:26 
26-Apr-19, 18:49:27 
26-Apr-19, 18:49:29 
26-Apr-19, 18:49:32 
26-Apr-19, 18:49:33 
26-Apr-19, 18:49:36 
26-Apr-19, 18:49:38 
26-Apr-19, 18:49:39 
26-Apr-19, 18:49:41 
26-Apr-19, 18:49:42 
26-Apr-19, 18:49:44 
26-Apr-19, 18:49:48 
26-Apr-19, 18:49:51 
26-Apr-19, 18:49:53 
26-Apr-19, 18:49:54 
26-Apr-19, 18:49:56 
26-Apr-19, 18:49:57 
26-Apr-19, 18:49:59 
26-Apr-19, 18:50:02 
26-Apr-19, 18:50:06 
26-Apr-19, 18:50:08 
26-Apr-19, 18:50:09 
26-Apr-19, 18:50:11 
26-Apr-19, 18:50:18 
26-Apr-19, 18:50:21 
26-Apr-19, 18:50:23 
26-Apr-19, 18:50:24 
26-Apr-19, 18:50:26 
26-Apr-19, 18:50:27 
26-Apr-19, 18:50:29 
26-Apr-19, 18:50:32 
26-Apr-19, 18:50:33 
26-Apr-19, 18:50:36 
26-Apr-19, 18:50:38 
26-Apr-19, 18:50:39 
26-Apr-19, 18:50:41 
26-Apr-19, 18:50:42 
26-Apr-19, 18:50:44 
26-Apr-19, 18:50:47 
26-Apr-19, 18:50:48 
26-Apr-19, 18:50:51 
26-Apr-19, 18:50:53 
26-Apr-19, 18:50:54 
26-Apr-19, 18:50:56 
26-Apr-19, 18:50:57 
26-Apr-19, 18:50:59 
26-Apr-19, 18:51:02 
26-Apr-19, 18:51:03 
26-Apr-19, 18:51:06 
26-Apr-19, 18:51:08 
26-Apr-19, 18:51:09 
26-Apr-19, 18:51:11 
26-Apr-19, 18:51:21 
26-Apr-19, 18:51:23 
26-Apr-19, 18:51:29 
26-Apr-19, 18:51:33 
26-Apr-19, 18:51:36 
26-Apr-19, 18:51:38 
26-Apr-19, 18:51:39 
26-Apr-19, 18:51:41 
26-Apr-19, 18:51:42 
26-Apr-19, 18:51:44 
26-Apr-19, 18:51:47 
26-Apr-19, 18:51:48 
26-Apr-19, 18:51:51 
26-Apr-19, 18:51:53 
26-Apr-19, 18:51:54 
26-Apr-19, 18:51:56 
26-Apr-19, 18:51:57 
26-Apr-19, 18:51:59 
26-Apr-19, 18:52:02 
26-Apr-19, 18:52:03 
26-Apr-19, 18:52:06 
26-Apr-19, 18:52:08 
26-Apr-19, 18:52:09 
26-Apr-19, 18:52:11 
26-Apr-19, 18:52:19 
26-Apr-19, 18:52:21 
26-Apr-19, 18:52:22 
26-Apr-19, 18:52:23 
26-Apr-19, 18:52:24 
26-Apr-19, 18:52:26 
26-Apr-19, 18:52:27 
26-Apr-19, 18:52:29 
26-Apr-19, 18:52:32 
26-Apr-19, 18:52:33 
26-Apr-19, 18:52:36 
26-Apr-19, 18:52:38 
26-Apr-19, 18:52:39 
26-Apr-19, 18:52:41 
26-Apr-19, 18:52:42 
26-Apr-19, 18:52:44 
26-Apr-19, 18:52:47 
26-Apr-19, 18:52:48 
26-Apr-19, 18:52:51 
26-Apr-19, 18:52:53 
26-Apr-19, 18:52:54 
26-Apr-19, 18:52:56 
26-Apr-19, 18:52:57 
26-Apr-19, 18:52:59 
26-Apr-19, 18:53:02 
26-Apr-19, 18:53:03 
26-Apr-19, 18:53:06 
26-Apr-19, 18:53:08 
26-Apr-19, 18:53:09 
26-Apr-19, 18:53:18 
26-Apr-19, 18:53:21 
26-Apr-19, 18:53:23 
26-Apr-19, 18:53:24 
26-Apr-19, 18:53:26 
26-Apr-19, 18:53:27 
26-Apr-19, 18:53:29 
26-Apr-19, 18:53:32 
26-Apr-19, 18:53:33 
26-Apr-19, 18:53:36 
26-Apr-19, 18:53:38 
26-Apr-19, 18:53:39 
26-Apr-19, 18:53:41 
26-Apr-19, 18:53:42 
26-Apr-19, 18:53:44 
26-Apr-19, 18:53:47 
26-Apr-19, 18:53:48 
26-Apr-19, 18:53:51 
26-Apr-19, 18:53:53 
26-Apr-19, 18:53:54 
26-Apr-19, 18:53:56 
26-Apr-19, 18:53:57 
26-Apr-19, 18:53:59 
26-Apr-19, 18:54:02 
26-Apr-19, 18:54:03 
26-Apr-19, 18:54:06 
26-Apr-19, 18:54:08 
26-Apr-19, 18:54:09 
26-Apr-19, 18:54:09 
26-Apr-19, 18:54:11 
26-Apr-19, 18:54:16 
26-Apr-19, 18:54:21 
26-Apr-19, 18:54:23 
26-Apr-19, 18:54:24 
26-Apr-19, 18:54:26 
26-Apr-19, 18:54:27 
26-Apr-19, 18:54:29 
26-Apr-19, 18:54:29 
26-Apr-19, 18:54:32 
26-Apr-19, 18:54:33 
26-Apr-19, 18:54:36 
26-Apr-19, 18:54:38 
26-Apr-19, 18:54:39 
26-Apr-19, 18:54:39 
26-Apr-19, 18:54:41 
26-Apr-19, 18:54:42 
26-Apr-19, 18:54:44 
26-Apr-19, 18:54:47 
26-Apr-19, 18:54:48 
26-Apr-19, 18:54:51 
26-Apr-19, 18:54:53 
26-Apr-19, 18:54:54 
26-Apr-19, 18:54:56 
26-Apr-19, 18:54:57 
26-Apr-19, 18:54:59 
26-Apr-19, 18:54:59 
26-Apr-19, 18:55:02 
26-Apr-19, 18:55:03 
26-Apr-19, 18:55:06 
26-Apr-19, 18:55:08 
26-Apr-19, 18:55:09 
26-Apr-19, 18:55:09 
26-Apr-19, 18:55:11 
26-Apr-19, 18:55:18 
26-Apr-19, 18:55:21 
26-Apr-19, 18:55:23 
26-Apr-19, 18:55:24 
26-Apr-19, 18:55:26 
26-Apr-19, 18:55:27 
26-Apr-19, 18:55:28 
26-Apr-19, 18:55:29 
26-Apr-19, 18:55:29 
26-Apr-19, 18:55:32 
26-Apr-19, 18:55:33 
26-Apr-19, 18:55:36 
26-Apr-19, 18:55:38 
26-Apr-19, 18:55:39 
26-Apr-19, 18:55:39 
26-Apr-19, 18:55:42 
26-Apr-19, 18:55:44 
26-Apr-19, 18:55:46 
26-Apr-19, 18:55:47 
26-Apr-19, 18:55:48 
26-Apr-19, 18:55:51 
26-Apr-19, 18:55:54 
26-Apr-19, 18:55:56 
26-Apr-19, 18:55:57 
26-Apr-19, 18:55:59 
26-Apr-19, 18:55:59 
26-Apr-19, 18:56:02 
26-Apr-19, 18:56:03 
26-Apr-19, 18:56:03 
26-Apr-19, 18:56:06 
26-Apr-19, 18:56:08 
26-Apr-19, 18:56:09 
26-Apr-19, 18:56:09 
26-Apr-19, 18:56:11 
26-Apr-19, 18:56:17 
26-Apr-19, 18:56:21 
26-Apr-19, 18:56:23 
26-Apr-19, 18:56:23 
26-Apr-19, 18:56:24 
26-Apr-19, 18:56:26 
26-Apr-19, 18:56:27 
26-Apr-19, 18:56:29 
26-Apr-19, 18:56:29 
26-Apr-19, 18:56:32 
26-Apr-19, 18:56:33 
26-Apr-19, 18:56:33 
26-Apr-19, 18:56:34 
26-Apr-19, 18:56:36 
26-Apr-19, 18:56:38 
26-Apr-19, 18:56:39 
26-Apr-19, 18:56:39 
26-Apr-19, 18:56:41 
26-Apr-19, 18:56:42 
26-Apr-19, 18:56:43 
26-Apr-19, 18:56:43 
26-Apr-19, 18:56:44 
26-Apr-19, 18:56:47 
26-Apr-19, 18:56:48 
26-Apr-19, 18:56:50 
26-Apr-19, 18:56:51 
26-Apr-19, 18:56:53 
26-Apr-19, 18:56:53 
26-Apr-19, 18:56:54 
26-Apr-19, 18:56:56 
26-Apr-19, 18:56:57 
26-Apr-19, 18:56:58 
26-Apr-19, 18:56:59 
26-Apr-19, 18:57:00 
26-Apr-19, 18:57:02 
26-Apr-19, 18:57:03 
26-Apr-19, 18:57:03 
26-Apr-19, 18:57:05 
26-Apr-19, 18:57:06 
26-Apr-19, 18:57:08 
26-Apr-19, 18:57:09 
26-Apr-19, 18:57:11 
26-Apr-19, 18:57:18 
26-Apr-19, 18:57:19 
26-Apr-19, 18:57:20 
26-Apr-19, 18:57:21 
26-Apr-19, 18:57:23 
26-Apr-19, 18:57:23 
26-Apr-19, 18:57:24 
26-Apr-19, 18:57:25 
26-Apr-19, 18:57:26 
26-Apr-19, 18:57:27 
26-Apr-19, 18:57:31 
26-Apr-19, 18:57:32 
26-Apr-19, 18:57:33 
26-Apr-19, 18:57:33 
26-Apr-19, 18:57:35 
26-Apr-19, 18:57:36 
26-Apr-19, 18:57:38 
26-Apr-19, 18:57:39 
26-Apr-19, 18:57:41 
26-Apr-19, 18:57:42 
26-Apr-19, 18:57:43 
26-Apr-19, 18:57:43 
26-Apr-19, 18:57:44 
26-Apr-19, 18:57:45 
26-Apr-19, 18:57:47 
26-Apr-19, 18:57:48 
26-Apr-19, 18:57:50 
26-Apr-19, 18:57:51 
26-Apr-19, 18:57:53 
26-Apr-19, 18:57:53 
26-Apr-19, 18:57:54 
26-Apr-19, 18:57:56 
26-Apr-19, 18:57:57 
26-Apr-19, 18:57:59 
26-Apr-19, 18:58:00 
26-Apr-19, 18:58:02 
26-Apr-19, 18:58:03 
26-Apr-19, 18:58:03 
26-Apr-19, 18:58:05 
26-Apr-19, 18:58:06 
26-Apr-19, 18:58:08 
26-Apr-19, 18:58:09 
26-Apr-19, 18:58:11 
26-Apr-19, 18:58:18 
26-Apr-19, 18:58:20 
26-Apr-19, 18:58:21 
26-Apr-19, 18:58:32 
26-Apr-19, 18:58:33 
26-Apr-19, 18:58:33 
26-Apr-19, 18:58:35 
26-Apr-19, 18:58:36 
26-Apr-19, 18:58:38 
26-Apr-19, 18:58:39 
26-Apr-19, 18:58:41 
26-Apr-19, 18:58:42 
26-Apr-19, 18:58:44 
26-Apr-19, 18:58:45 
26-Apr-19, 18:58:46 
26-Apr-19, 18:58:47 
26-Apr-19, 18:58:48 
26-Apr-19, 18:58:50 
26-Apr-19, 18:58:51 
26-Apr-19, 18:58:53 
26-Apr-19, 18:58:53 
26-Apr-19, 18:58:54 
26-Apr-19, 18:58:56 
26-Apr-19, 18:58:57 
26-Apr-19, 18:58:59 
26-Apr-19, 18:59:00 
26-Apr-19, 18:59:02 
26-Apr-19, 18:59:03 
26-Apr-19, 18:59:03 
26-Apr-19, 18:59:05 
26-Apr-19, 18:59:06 
26-Apr-19, 18:59:08 
26-Apr-19, 18:59:09 
26-Apr-19, 18:59:11 
26-Apr-19, 18:59:18 
26-Apr-19, 18:59:20 
26-Apr-19, 18:59:21 
26-Apr-19, 18:59:23 
26-Apr-19, 18:59:23 
26-Apr-19, 18:59:24 
26-Apr-19, 18:59:26 
26-Apr-19, 18:59:27 
26-Apr-19, 18:59:29 
26-Apr-19, 18:59:31 
26-Apr-19, 18:59:32 
26-Apr-19, 18:59:33 
26-Apr-19, 18:59:33 
26-Apr-19, 18:59:35 
26-Apr-19, 18:59:36 
26-Apr-19, 18:59:38 
26-Apr-19, 18:59:39 
26-Apr-19, 18:59:41 
26-Apr-19, 18:59:42 
26-Apr-19, 18:59:44 
26-Apr-19, 18:59:45 
26-Apr-19, 18:59:48 
26-Apr-19, 18:59:50 
26-Apr-19, 18:59:51 
26-Apr-19, 18:59:53 
26-Apr-19, 18:59:53 
26-Apr-19, 18:59:54 
26-Apr-19, 18:59:56 
26-Apr-19, 18:59:57 
26-Apr-19, 18:59:59 
26-Apr-19, 19:00:00 
26-Apr-19, 19:00:02 
26-Apr-19, 19:00:03 
26-Apr-19, 19:00:03 
26-Apr-19, 19:00:05 
26-Apr-19, 19:00:06 
26-Apr-19, 19:00:08 
26-Apr-19, 19:00:09 
26-Apr-19, 19:00:11 
26-Apr-19, 19:00:18 
26-Apr-19, 19:00:20 
26-Apr-19, 19:00:21 
26-Apr-19, 19:00:23 
26-Apr-19, 19:00:23 
26-Apr-19, 19:00:24 
26-Apr-19, 19:00:26 
26-Apr-19, 19:00:27 
26-Apr-19, 19:00:28 
26-Apr-19, 19:00:29 
26-Apr-19, 19:00:30 
26-Apr-19, 19:00:31 
26-Apr-19, 19:00:32 
26-Apr-19, 19:00:33 
26-Apr-19, 19:00:33 
26-Apr-19, 19:00:35 
26-Apr-19, 19:00:36 
26-Apr-19, 19:00:38 
26-Apr-19, 19:00:39 
26-Apr-19, 19:00:41 
26-Apr-19, 19:00:42 
26-Apr-19, 19:00:44 
26-Apr-19, 19:00:45 
26-Apr-19, 19:00:46 
26-Apr-19, 19:00:47 
26-Apr-19, 19:00:50 
26-Apr-19, 19:00:51 
26-Apr-19, 19:00:53 
26-Apr-19, 19:00:53 
26-Apr-19, 19:00:54 
26-Apr-19, 19:00:56 
26-Apr-19, 19:00:57 
26-Apr-19, 19:00:59 
26-Apr-19, 19:01:00 
26-Apr-19, 19:01:02 
26-Apr-19, 19:01:03 
26-Apr-19, 19:01:03 
26-Apr-19, 19:01:05 
26-Apr-19, 19:01:06 
26-Apr-19, 19:01:11 
26-Apr-19, 19:01:18 
26-Apr-19, 19:01:20 
26-Apr-19, 19:01:21 
26-Apr-19, 19:01:23 
26-Apr-19, 19:01:23 
26-Apr-19, 19:01:26 
26-Apr-19, 19:01:27 
26-Apr-19, 19:01:29 
26-Apr-19, 19:01:30 
26-Apr-19, 19:01:32 
26-Apr-19, 19:01:33 
26-Apr-19, 19:01:33 
26-Apr-19, 19:01:35 
26-Apr-19, 19:01:36 
26-Apr-19, 19:01:38 
26-Apr-19, 19:01:39 
26-Apr-19, 19:01:41 
26-Apr-19, 19:01:42 
26-Apr-19, 19:01:44 
26-Apr-19, 19:01:45 
26-Apr-19, 19:01:47 
26-Apr-19, 19:01:48 
26-Apr-19, 19:01:50 
26-Apr-19, 19:01:51 
26-Apr-19, 19:01:53 
26-Apr-19, 19:01:53 
26-Apr-19, 19:01:54 
26-Apr-19, 19:01:55 
26-Apr-19, 19:01:56 
26-Apr-19, 19:01:57 
26-Apr-19, 19:01:59 
26-Apr-19, 19:02:00 
26-Apr-19, 19:02:02 
26-Apr-19, 19:02:03 
26-Apr-19, 19:02:03 
26-Apr-19, 19:02:05 
26-Apr-19, 19:02:06 
26-Apr-19, 19:02:08 
26-Apr-19, 19:02:09 
26-Apr-19, 19:02:11 
26-Apr-19, 19:02:20 
26-Apr-19, 19:02:21 
26-Apr-19, 19:02:23 
26-Apr-19, 19:02:23 
26-Apr-19, 19:02:24 
26-Apr-19, 19:02:26 
26-Apr-19, 19:02:27 
26-Apr-19, 19:02:29 
26-Apr-19, 19:02:30 
26-Apr-19, 19:02:32 
26-Apr-19, 19:02:33 
26-Apr-19, 19:02:33 
26-Apr-19, 19:02:34 
26-Apr-19, 19:02:35 
26-Apr-19, 19:02:36 
26-Apr-19, 19:02:38 
26-Apr-19, 19:02:39 
26-Apr-19, 19:02:41 
26-Apr-19, 19:02:42 
26-Apr-19, 19:02:44 
26-Apr-19, 19:02:45 
26-Apr-19, 19:02:47 
26-Apr-19, 19:02:48 
26-Apr-19, 19:02:50 
26-Apr-19, 19:02:51 
26-Apr-19, 19:02:53 
26-Apr-19, 19:02:53 
26-Apr-19, 19:02:54 
26-Apr-19, 19:02:56 
26-Apr-19, 19:02:57 
26-Apr-19, 19:02:59 
26-Apr-19, 19:03:00 
26-Apr-19, 19:03:02 
26-Apr-19, 19:03:03 
26-Apr-19, 19:03:03 
26-Apr-19, 19:03:05 
26-Apr-19, 19:03:06 
26-Apr-19, 19:03:08 
26-Apr-19, 19:03:09 
26-Apr-19, 19:03:11 
26-Apr-19, 19:03:20 
26-Apr-19, 19:03:21 
26-Apr-19, 19:03:23 
26-Apr-19, 19:03:24 
26-Apr-19, 19:03:26 
26-Apr-19, 19:03:27 
26-Apr-19, 19:03:29 
26-Apr-19, 19:03:30 
26-Apr-19, 19:03:32 
26-Apr-19, 19:03:33 
26-Apr-19, 19:03:35 
26-Apr-19, 19:03:36 
26-Apr-19, 19:03:38 
26-Apr-19, 19:03:39 
26-Apr-19, 19:03:41 
26-Apr-19, 19:03:42 
26-Apr-19, 19:03:44 
26-Apr-19, 19:03:45 
26-Apr-19, 19:03:47 
26-Apr-19, 19:03:48 
26-Apr-19, 19:03:50 
26-Apr-19, 19:03:51 
26-Apr-19, 19:03:53 
26-Apr-19, 19:03:56 
26-Apr-19, 19:03:57 
26-Apr-19, 19:03:59 
26-Apr-19, 19:04:00 
26-Apr-19, 19:04:02 
26-Apr-19, 19:04:03 
26-Apr-19, 19:04:05 
26-Apr-19, 19:04:06 
26-Apr-19, 19:04:08 
26-Apr-19, 19:04:09 
26-Apr-19, 19:04:11 
26-Apr-19, 19:04:20 
26-Apr-19, 19:04:21 
26-Apr-19, 19:04:23 
26-Apr-19, 19:04:24 
26-Apr-19, 19:04:25 
26-Apr-19, 19:04:26 
26-Apr-19, 19:04:27 
26-Apr-19, 19:04:29 
26-Apr-19, 19:04:30 
26-Apr-19, 19:04:32 
26-Apr-19, 19:04:33 
26-Apr-19, 19:04:35 
26-Apr-19, 19:04:36 
26-Apr-19, 19:04:38 
26-Apr-19, 19:04:39 
26-Apr-19, 19:04:41 
26-Apr-19, 19:04:42 
26-Apr-19, 19:04:44 
26-Apr-19, 19:04:45 
26-Apr-19, 19:04:47 
26-Apr-19, 19:04:48 
26-Apr-19, 19:04:50 
26-Apr-19, 19:04:51 
26-Apr-19, 19:04:53 
26-Apr-19, 19:04:54 
26-Apr-19, 19:04:56 
26-Apr-19, 19:04:57 
26-Apr-19, 19:04:58 
26-Apr-19, 19:04:59 
26-Apr-19, 19:05:00 
26-Apr-19, 19:05:02 
26-Apr-19, 19:05:03 
26-Apr-19, 19:05:06 
26-Apr-19, 19:05:08 
26-Apr-19, 19:05:17 
26-Apr-19, 19:05:18 
26-Apr-19, 19:05:20 
26-Apr-19, 19:05:21 
26-Apr-19, 19:05:24 
26-Apr-19, 19:05:26 
26-Apr-19, 19:05:27 
26-Apr-19, 19:05:29 
26-Apr-19, 19:05:30 
26-Apr-19, 19:05:32 
26-Apr-19, 19:05:35 
26-Apr-19, 19:05:36 
26-Apr-19, 19:05:38 
26-Apr-19, 19:05:39 
26-Apr-19, 19:05:41 
26-Apr-19, 19:05:42 
26-Apr-19, 19:05:44 
26-Apr-19, 19:05:47 
26-Apr-19, 19:05:48 
26-Apr-19, 19:05:50 
26-Apr-19, 19:05:51 
26-Apr-19, 19:05:53 
26-Apr-19, 19:05:54 
26-Apr-19, 19:05:56 
26-Apr-19, 19:05:57 
26-Apr-19, 19:05:59 
26-Apr-19, 19:06:00 
26-Apr-19, 19:06:02 
26-Apr-19, 19:06:03 
26-Apr-19, 19:06:05 
26-Apr-19, 19:06:06 
26-Apr-19, 19:06:08 
26-Apr-19, 19:06:09 
26-Apr-19, 19:06:11 
26-Apr-19, 19:06:17 
26-Apr-19, 19:06:21 
26-Apr-19, 19:06:23 
26-Apr-19, 19:06:24 
26-Apr-19, 19:06:26 
26-Apr-19, 19:06:27 
26-Apr-19, 19:06:30 
26-Apr-19, 19:06:32 
26-Apr-19, 19:06:33 
26-Apr-19, 19:06:35 
26-Apr-19, 19:06:36 
26-Apr-19, 19:06:38 
26-Apr-19, 19:06:39 
26-Apr-19, 19:06:41 
26-Apr-19, 19:06:42 
26-Apr-19, 19:06:44 
26-Apr-19, 19:06:45 
26-Apr-19, 19:06:47 
26-Apr-19, 19:06:50 
26-Apr-19, 19:06:51 
26-Apr-19, 19:06:53 
26-Apr-19, 19:06:54 
26-Apr-19, 19:06:56 
26-Apr-19, 19:06:59 
26-Apr-19, 19:07:00 
26-Apr-19, 19:07:01 
26-Apr-19, 19:07:03 
26-Apr-19, 19:07:05 
26-Apr-19, 19:07:06 
26-Apr-19, 19:07:08 
26-Apr-19, 19:07:09 
26-Apr-19, 19:07:11 
26-Apr-19, 19:07:20 
26-Apr-19, 19:07:21 
26-Apr-19, 19:07:23 
26-Apr-19, 19:07:24 
26-Apr-19, 19:07:26 
26-Apr-19, 19:07:29 
26-Apr-19, 19:07:30 
26-Apr-19, 19:07:33 
26-Apr-19, 19:07:35 
26-Apr-19, 19:07:36 
26-Apr-19, 19:07:38 
26-Apr-19, 19:07:39 
26-Apr-19, 19:07:40 
26-Apr-19, 19:07:41 
26-Apr-19, 19:07:44 
26-Apr-19, 19:07:45 
26-Apr-19, 19:07:48 
26-Apr-19, 19:07:50 
26-Apr-19, 19:07:51 
26-Apr-19, 19:07:53 
26-Apr-19, 19:07:54 
26-Apr-19, 19:07:56 
26-Apr-19, 19:07:59 
26-Apr-19, 19:08:00 
26-Apr-19, 19:08:03 
26-Apr-19, 19:08:05 
26-Apr-19, 19:08:06 
26-Apr-19, 19:08:09 
26-Apr-19, 19:08:11 
26-Apr-19, 19:08:18 
26-Apr-19, 19:08:19 
26-Apr-19, 19:08:20 
26-Apr-19, 19:08:21 
26-Apr-19, 19:08:23 
26-Apr-19, 19:08:24 
26-Apr-19, 19:08:26 
26-Apr-19, 19:08:29 
26-Apr-19, 19:08:30 
26-Apr-19, 19:08:33 
26-Apr-19, 19:08:35 
26-Apr-19, 19:08:36 
26-Apr-19, 19:08:38 
26-Apr-19, 19:08:39 
26-Apr-19, 19:08:41 
26-Apr-19, 19:08:44 
26-Apr-19, 19:08:45 
26-Apr-19, 19:08:48 
26-Apr-19, 19:08:50 
26-Apr-19, 19:08:51 
26-Apr-19, 19:08:53 
26-Apr-19, 19:08:54 
26-Apr-19, 19:08:56 
26-Apr-19, 19:08:59 
26-Apr-19, 19:09:00 
26-Apr-19, 19:09:03 
26-Apr-19, 19:09:05 
26-Apr-19, 19:09:06 
26-Apr-19, 19:09:08 
26-Apr-19, 19:09:09 
26-Apr-19, 19:09:11 
26-Apr-19, 19:09:20 
26-Apr-19, 19:09:21 
26-Apr-19, 19:09:23 
26-Apr-19, 19:09:24 
26-Apr-19, 19:09:26 
26-Apr-19, 19:09:28 
26-Apr-19, 19:09:29 
26-Apr-19, 19:09:30 
26-Apr-19, 19:09:33 
26-Apr-19, 19:09:35 
26-Apr-19, 19:09:36 
26-Apr-19, 19:09:38 
26-Apr-19, 19:09:39 
26-Apr-19, 19:09:41 
26-Apr-19, 19:09:43 
26-Apr-19, 19:09:44 
26-Apr-19, 19:09:45 
26-Apr-19, 19:09:48 
26-Apr-19, 19:09:50 
26-Apr-19, 19:09:51 
26-Apr-19, 19:09:53 
26-Apr-19, 19:09:54 
26-Apr-19, 19:09:56 
26-Apr-19, 19:09:58 
26-Apr-19, 19:09:59 
26-Apr-19, 19:10:00 
26-Apr-19, 19:10:01 
26-Apr-19, 19:10:03 
26-Apr-19, 19:10:05 
26-Apr-19, 19:10:06 
26-Apr-19, 19:10:08 
26-Apr-19, 19:10:09 
26-Apr-19, 19:10:17 
26-Apr-19, 19:10:20 
26-Apr-19, 19:10:23 
26-Apr-19, 19:10:24 
26-Apr-19, 19:10:27 
26-Apr-19, 19:10:29 
26-Apr-19, 19:10:30 
26-Apr-19, 19:10:32 
26-Apr-19, 19:10:33 
26-Apr-19, 19:10:35 
26-Apr-19, 19:10:37 
26-Apr-19, 19:10:38 
26-Apr-19, 19:10:39 
26-Apr-19, 19:10:42 
26-Apr-19, 19:10:44 
26-Apr-19, 19:10:45 
26-Apr-19, 19:10:47 
26-Apr-19, 19:10:48 
26-Apr-19, 19:10:50 
26-Apr-19, 19:10:53 
26-Apr-19, 19:10:54 
26-Apr-19, 19:10:57 
26-Apr-19, 19:10:59 
26-Apr-19, 19:11:00 
26-Apr-19, 19:11:02 
26-Apr-19, 19:11:03 
26-Apr-19, 19:11:05 
26-Apr-19, 19:11:07 
26-Apr-19, 19:11:08 
26-Apr-19, 19:11:09 
26-Apr-19, 19:11:20 
26-Apr-19, 19:11:23 
26-Apr-19, 19:11:24 
26-Apr-19, 19:11:27 
26-Apr-19, 19:11:29 
26-Apr-19, 19:11:30 
26-Apr-19, 19:11:32 
26-Apr-19, 19:11:33 
26-Apr-19, 19:11:34 
26-Apr-19, 19:11:35 
26-Apr-19, 19:11:38 
26-Apr-19, 19:11:39 
26-Apr-19, 19:11:42 
26-Apr-19, 19:11:44 
26-Apr-19, 19:11:45 
26-Apr-19, 19:11:47 
26-Apr-19, 19:11:48 
26-Apr-19, 19:11:50 
26-Apr-19, 19:11:53 
26-Apr-19, 19:11:54 
26-Apr-19, 19:11:58 
26-Apr-19, 19:11:59 
26-Apr-19, 19:12:00 
26-Apr-19, 19:12:02 
26-Apr-19, 19:12:03 
26-Apr-19, 19:12:05 
26-Apr-19, 19:12:08 
26-Apr-19, 19:12:09 
26-Apr-19, 19:12:17 
26-Apr-19, 19:12:18 
26-Apr-19, 19:12:20 
26-Apr-19, 19:12:24 
26-Apr-19, 19:12:27 
26-Apr-19, 19:12:29 
26-Apr-19, 19:12:30 
26-Apr-19, 19:12:32 
26-Apr-19, 19:12:33 
26-Apr-19, 19:12:35 
26-Apr-19, 19:12:38 
26-Apr-19, 19:12:39 
26-Apr-19, 19:12:40 
26-Apr-19, 19:12:42 
26-Apr-19, 19:12:44 
26-Apr-19, 19:12:45 
26-Apr-19, 19:12:47 
26-Apr-19, 19:12:48 
26-Apr-19, 19:12:50 
26-Apr-19, 19:12:50 
26-Apr-19, 19:12:53 
26-Apr-19, 19:12:54 
26-Apr-19, 19:12:57 
26-Apr-19, 19:12:59 
26-Apr-19, 19:13:00 
26-Apr-19, 19:13:00 
26-Apr-19, 19:13:02 
26-Apr-19, 19:13:03 
26-Apr-19, 19:13:05 
26-Apr-19, 19:13:08 
26-Apr-19, 19:13:09 
26-Apr-19, 19:13:18 
26-Apr-19, 19:13:20 
26-Apr-19, 19:13:20 
26-Apr-19, 19:13:23 
26-Apr-19, 19:13:24 
26-Apr-19, 19:13:27 
26-Apr-19, 19:13:29 
26-Apr-19, 19:13:30 
26-Apr-19, 19:13:30 
26-Apr-19, 19:13:32 
26-Apr-19, 19:13:33 
26-Apr-19, 19:13:38 
26-Apr-19, 19:13:39 
26-Apr-19, 19:13:44 
26-Apr-19, 19:13:45 
26-Apr-19, 19:13:47 
26-Apr-19, 19:13:48 
26-Apr-19, 19:13:50 
26-Apr-19, 19:13:50 
26-Apr-19, 19:13:53 
26-Apr-19, 19:13:54 
26-Apr-19, 19:13:57 
26-Apr-19, 19:13:59 
26-Apr-19, 19:14:02 
26-Apr-19, 19:14:03 
26-Apr-19, 19:14:05 
26-Apr-19, 19:14:08 
26-Apr-19, 19:14:09 
26-Apr-19, 19:14:10 
26-Apr-19, 19:14:10 
26-Apr-19, 19:14:17 
26-Apr-19, 19:14:18 
26-Apr-19, 19:14:20 
26-Apr-19, 19:14:20 
26-Apr-19, 19:14:23 
26-Apr-19, 19:14:24 
26-Apr-19, 19:14:27 
26-Apr-19, 19:14:29 
26-Apr-19, 19:14:30 
26-Apr-19, 19:14:30 
26-Apr-19, 19:14:32 
26-Apr-19, 19:14:33 
26-Apr-19, 19:14:35 
26-Apr-19, 19:14:38 
26-Apr-19, 19:14:39 
26-Apr-19, 19:14:42 
26-Apr-19, 19:14:44 
26-Apr-19, 19:14:45 
26-Apr-19, 19:14:47 
26-Apr-19, 19:14:48 
26-Apr-19, 19:14:50 
26-Apr-19, 19:14:50 
26-Apr-19, 19:14:53 
26-Apr-19, 19:14:54 
26-Apr-19, 19:14:57 
26-Apr-19, 19:14:58 
26-Apr-19, 19:14:59 
26-Apr-19, 19:15:00 
26-Apr-19, 19:15:00 
26-Apr-19, 19:15:03 
26-Apr-19, 19:15:05 
26-Apr-19, 19:15:08 
26-Apr-19, 19:15:09 
26-Apr-19, 19:15:18 
26-Apr-19, 19:15:20 
26-Apr-19, 19:15:20 
26-Apr-19, 19:15:23 
26-Apr-19, 19:15:24 
26-Apr-19, 19:15:27 
26-Apr-19, 19:15:29 
26-Apr-19, 19:15:30 
26-Apr-19, 19:15:30 
26-Apr-19, 19:15:32 
26-Apr-19, 19:15:33 
26-Apr-19, 19:15:35 
26-Apr-19, 19:15:38 
26-Apr-19, 19:15:39 
26-Apr-19, 19:15:42 
26-Apr-19, 19:15:44 
26-Apr-19, 19:15:45 
26-Apr-19, 19:15:47 
26-Apr-19, 19:15:50 
26-Apr-19, 19:15:51 
26-Apr-19, 19:15:53 
26-Apr-19, 19:15:54 
26-Apr-19, 19:15:56 
26-Apr-19, 19:15:57 
26-Apr-19, 19:15:59 
26-Apr-19, 19:16:00 
26-Apr-19, 19:16:02 
26-Apr-19, 19:16:03 
26-Apr-19, 19:16:05 
26-Apr-19, 19:16:06 
26-Apr-19, 19:16:08 
26-Apr-19, 19:16:09 
26-Apr-19, 19:16:11 
26-Apr-19, 19:16:20 
26-Apr-19, 19:16:21 
26-Apr-19, 19:16:23 
26-Apr-19, 19:16:24 
26-Apr-19, 19:16:26 
26-Apr-19, 19:16:27 
26-Apr-19, 19:16:29 
26-Apr-19, 19:16:30 
26-Apr-19, 19:16:32 
26-Apr-19, 19:16:33 
26-Apr-19, 19:16:35 
26-Apr-19, 19:16:36 
26-Apr-19, 19:16:38 
26-Apr-19, 19:16:39 
26-Apr-19, 19:16:40 
26-Apr-19, 19:16:41 
26-Apr-19, 19:16:42 
26-Apr-19, 19:16:44 
26-Apr-19, 19:16:45 
26-Apr-19, 19:16:47 
26-Apr-19, 19:16:48 
26-Apr-19, 19:16:50 
26-Apr-19, 19:16:51 
26-Apr-19, 19:16:53 
26-Apr-19, 19:16:54 
26-Apr-19, 19:16:56 
26-Apr-19, 19:16:57 
26-Apr-19, 19:16:59 
26-Apr-19, 19:17:00 
26-Apr-19, 19:17:02 
26-Apr-19, 19:17:03 
26-Apr-19, 19:17:05 
26-Apr-19, 19:17:06 
26-Apr-19, 19:17:08 
26-Apr-19, 19:17:09 
26-Apr-19, 19:17:20 
26-Apr-19, 19:17:21 
26-Apr-19, 19:17:23 
26-Apr-19, 19:17:24 
26-Apr-19, 19:17:26 
26-Apr-19, 19:17:27 
26-Apr-19, 19:17:28 
26-Apr-19, 19:17:29 
26-Apr-19, 19:17:30 
26-Apr-19, 19:17:33 
26-Apr-19, 19:17:35 
26-Apr-19, 19:17:36 
26-Apr-19, 19:17:39 
26-Apr-19, 19:17:41 
26-Apr-19, 19:17:42 
26-Apr-19, 19:17:44 
26-Apr-19, 19:17:45 
26-Apr-19, 19:17:47 
26-Apr-19, 19:17:48 
26-Apr-19, 19:17:50 
26-Apr-19, 19:17:51 
26-Apr-19, 19:17:52 
26-Apr-19, 19:17:53 
26-Apr-19, 19:17:54 
26-Apr-19, 19:17:56 
26-Apr-19, 19:17:57 
26-Apr-19, 19:17:59 
26-Apr-19, 19:18:00 
26-Apr-19, 19:18:02 
26-Apr-19, 19:18:03 
26-Apr-19, 19:18:05 
26-Apr-19, 19:18:06 
26-Apr-19, 19:18:08 
26-Apr-19, 19:18:09 
26-Apr-19, 19:18:10 
26-Apr-19, 19:18:18 
26-Apr-19, 19:18:20 
26-Apr-19, 19:18:21 
26-Apr-19, 19:18:27 
26-Apr-19, 19:18:30 
26-Apr-19, 19:18:32 
26-Apr-19, 19:18:33 
26-Apr-19, 19:18:35 
26-Apr-19, 19:18:36 
26-Apr-19, 19:18:38 
26-Apr-19, 19:18:39 
26-Apr-19, 19:18:41 
26-Apr-19, 19:18:42 
26-Apr-19, 19:18:44 
26-Apr-19, 19:18:44 
26-Apr-19, 19:18:45 
26-Apr-19, 19:18:47 
26-Apr-19, 19:18:48 
26-Apr-19, 19:18:50 
26-Apr-19, 19:18:51 
26-Apr-19, 19:18:53 
26-Apr-19, 19:18:54 
26-Apr-19, 19:18:54 
26-Apr-19, 19:18:56 
26-Apr-19, 19:18:57 
26-Apr-19, 19:18:59 
26-Apr-19, 19:19:00 
26-Apr-19, 19:19:02 
26-Apr-19, 19:19:03 
26-Apr-19, 19:19:05 
26-Apr-19, 19:19:06 
26-Apr-19, 19:19:08 
26-Apr-19, 19:19:09 
26-Apr-19, 19:19:11 
26-Apr-19, 19:19:17 
26-Apr-19, 19:19:18 
26-Apr-19, 19:19:20 
26-Apr-19, 19:19:21 
26-Apr-19, 19:19:23 
26-Apr-19, 19:19:24 
26-Apr-19, 19:19:24 
26-Apr-19, 19:19:26 
26-Apr-19, 19:19:27 
26-Apr-19, 19:19:29 
26-Apr-19, 19:19:30 
26-Apr-19, 19:19:33 
26-Apr-19, 19:19:35 
26-Apr-19, 19:19:36 
26-Apr-19, 19:19:38 
26-Apr-19, 19:19:39 
26-Apr-19, 19:19:41 
26-Apr-19, 19:19:42 
26-Apr-19, 19:19:44 
26-Apr-19, 19:19:44 
26-Apr-19, 19:19:45 
26-Apr-19, 19:19:47 
26-Apr-19, 19:19:48 
26-Apr-19, 19:19:50 
26-Apr-19, 19:19:51 
26-Apr-19, 19:19:53 
26-Apr-19, 19:19:56 
26-Apr-19, 19:19:57 
26-Apr-19, 19:19:59 
26-Apr-19, 19:20:00 
26-Apr-19, 19:20:02 
26-Apr-19, 19:20:05 
26-Apr-19, 19:20:06 
26-Apr-19, 19:20:08 
26-Apr-19, 19:20:09 
26-Apr-19, 19:20:11 
26-Apr-19, 19:20:18 
26-Apr-19, 19:20:20 
26-Apr-19, 19:20:21 
26-Apr-19, 19:20:24 
26-Apr-19, 19:20:24 
26-Apr-19, 19:20:26 
26-Apr-19, 19:20:27 
26-Apr-19, 19:20:29 
26-Apr-19, 19:20:30 
26-Apr-19, 19:20:33 
26-Apr-19, 19:20:35 
26-Apr-19, 19:20:36 
26-Apr-19, 19:20:38 
26-Apr-19, 19:20:39 
26-Apr-19, 19:20:40 
26-Apr-19, 19:20:41 
26-Apr-19, 19:20:42 
26-Apr-19, 19:20:44 
26-Apr-19, 19:20:44 
26-Apr-19, 19:20:45 
26-Apr-19, 19:20:47 
26-Apr-19, 19:20:48 
26-Apr-19, 19:20:50 
26-Apr-19, 19:20:51 
26-Apr-19, 19:20:53 
26-Apr-19, 19:20:57 
26-Apr-19, 19:20:59 
26-Apr-19, 19:21:00 
26-Apr-19, 19:21:03 
26-Apr-19, 19:21:05 
26-Apr-19, 19:21:06 
26-Apr-19, 19:21:08 
26-Apr-19, 19:21:09 
26-Apr-19, 19:21:11 
26-Apr-19, 19:21:18 
26-Apr-19, 19:21:20 
26-Apr-19, 19:21:21 
26-Apr-19, 19:21:23 
26-Apr-19, 19:21:24 
26-Apr-19, 19:21:24 
26-Apr-19, 19:21:26 
26-Apr-19, 19:21:27 
26-Apr-19, 19:21:29 
26-Apr-19, 19:21:30 
26-Apr-19, 19:21:32 
26-Apr-19, 19:21:33 
26-Apr-19, 19:21:35 
26-Apr-19, 19:21:36 
26-Apr-19, 19:21:38 
26-Apr-19, 19:21:39 
26-Apr-19, 19:21:41 
26-Apr-19, 19:21:42 
26-Apr-19, 19:21:44 
26-Apr-19, 19:21:44 
26-Apr-19, 19:21:45 
26-Apr-19, 19:21:47 
26-Apr-19, 19:21:48 
26-Apr-19, 19:21:50 
26-Apr-19, 19:21:51 
26-Apr-19, 19:21:53 
26-Apr-19, 19:21:54 
26-Apr-19, 19:21:54 
26-Apr-19, 19:21:56 
26-Apr-19, 19:21:57 
26-Apr-19, 19:21:59 
26-Apr-19, 19:22:00 
26-Apr-19, 19:22:02 
26-Apr-19, 19:22:03 
26-Apr-19, 19:22:05 
26-Apr-19, 19:22:06 
26-Apr-19, 19:22:09 
26-Apr-19, 19:22:11 
26-Apr-19, 19:22:18 
26-Apr-19, 19:22:20 
26-Apr-19, 19:22:21 
26-Apr-19, 19:22:23 
26-Apr-19, 19:22:24 
26-Apr-19, 19:22:24 
26-Apr-19, 19:22:27 
26-Apr-19, 19:22:29 
26-Apr-19, 19:22:30 
26-Apr-19, 19:22:32 
26-Apr-19, 19:22:33 
26-Apr-19, 19:22:35 
26-Apr-19, 19:22:36 
26-Apr-19, 19:22:38 
26-Apr-19, 19:22:39 
26-Apr-19, 19:22:41 
26-Apr-19, 19:22:42 
26-Apr-19, 19:22:44 
26-Apr-19, 19:22:44 
26-Apr-19, 19:22:45 
26-Apr-19, 19:22:47 
26-Apr-19, 19:22:48 
26-Apr-19, 19:22:50 
26-Apr-19, 19:22:51 
26-Apr-19, 19:22:53 
26-Apr-19, 19:22:54 
26-Apr-19, 19:22:54 
26-Apr-19, 19:22:56 
26-Apr-19, 19:22:57 
26-Apr-19, 19:22:59 
26-Apr-19, 19:23:00 
26-Apr-19, 19:23:02 
26-Apr-19, 19:23:03 
26-Apr-19, 19:23:05 
26-Apr-19, 19:23:06 
26-Apr-19, 19:23:08 
26-Apr-19, 19:23:09 
26-Apr-19, 19:23:11 
26-Apr-19, 19:23:18 
26-Apr-19, 19:23:20 
26-Apr-19, 19:23:21 
26-Apr-19, 19:23:23 
26-Apr-19, 19:23:24 
26-Apr-19, 19:23:24 
26-Apr-19, 19:23:26 
26-Apr-19, 19:23:27 
26-Apr-19, 19:23:29 
26-Apr-19, 19:23:30 
26-Apr-19, 19:23:32 
26-Apr-19, 19:23:33 
26-Apr-19, 19:23:34 
26-Apr-19, 19:23:34 
26-Apr-19, 19:23:35 
26-Apr-19, 19:23:38 
26-Apr-19, 19:23:39 
26-Apr-19, 19:23:41 
26-Apr-19, 19:23:42 
26-Apr-19, 19:23:44 
26-Apr-19, 19:23:44 
26-Apr-19, 19:23:45 
26-Apr-19, 19:23:47 
26-Apr-19, 19:23:48 
26-Apr-19, 19:23:50 
26-Apr-19, 19:23:51 
26-Apr-19, 19:23:53 
26-Apr-19, 19:23:54 
26-Apr-19, 19:23:56 
26-Apr-19, 19:23:57 
26-Apr-19, 19:23:58 
26-Apr-19, 19:23:59 
26-Apr-19, 19:24:00 
26-Apr-19, 19:24:02 
26-Apr-19, 19:24:03 
26-Apr-19, 19:24:05 
26-Apr-19, 19:24:06 
26-Apr-19, 19:24:08 
26-Apr-19, 19:24:09 
26-Apr-19, 19:24:11 
26-Apr-19, 19:24:20 
26-Apr-19, 19:24:21 
26-Apr-19, 19:24:23 
26-Apr-19, 19:24:24 
26-Apr-19, 19:24:26 
26-Apr-19, 19:24:27 
26-Apr-19, 19:24:28 
26-Apr-19, 19:24:29 
26-Apr-19, 19:24:30 
26-Apr-19, 19:24:31 
26-Apr-19, 19:24:32 
26-Apr-19, 19:24:33 
26-Apr-19, 19:24:35 
26-Apr-19, 19:24:36 
26-Apr-19, 19:24:38 
26-Apr-19, 19:24:39 
26-Apr-19, 19:24:41 
26-Apr-19, 19:24:42 
26-Apr-19, 19:24:44 
26-Apr-19, 19:24:45 
26-Apr-19, 19:24:47 
26-Apr-19, 19:24:48 
26-Apr-19, 19:24:50 
26-Apr-19, 19:24:51 
26-Apr-19, 19:24:53 
26-Apr-19, 19:24:54 
26-Apr-19, 19:24:56 
26-Apr-19, 19:24:57 
26-Apr-19, 19:24:59 
26-Apr-19, 19:25:00 
26-Apr-19, 19:25:02 
26-Apr-19, 19:25:03 
26-Apr-19, 19:25:05 
26-Apr-19, 19:25:06 
26-Apr-19, 19:25:08 
26-Apr-19, 19:25:11 
26-Apr-19, 19:25:17 
26-Apr-19, 19:25:18 
26-Apr-19, 19:25:20 
26-Apr-19, 19:25:21 
26-Apr-19, 19:25:24 
26-Apr-19, 19:25:26 
26-Apr-19, 19:25:27 
26-Apr-19, 19:25:29 
26-Apr-19, 19:25:30 
26-Apr-19, 19:25:32 
26-Apr-19, 19:25:33 
26-Apr-19, 19:25:35 
26-Apr-19, 19:25:36 
26-Apr-19, 19:25:38 
26-Apr-19, 19:25:39 
26-Apr-19, 19:25:41 
26-Apr-19, 19:25:42 
26-Apr-19, 19:25:44 
26-Apr-19, 19:25:45 
26-Apr-19, 19:25:47 
26-Apr-19, 19:25:48 
26-Apr-19, 19:25:50 
26-Apr-19, 19:25:51 
26-Apr-19, 19:25:53 
26-Apr-19, 19:25:54 
26-Apr-19, 19:25:56 
26-Apr-19, 19:25:57 
26-Apr-19, 19:25:59 
26-Apr-19, 19:26:00 
26-Apr-19, 19:26:02 
26-Apr-19, 19:26:03 
26-Apr-19, 19:26:05 
26-Apr-19, 19:26:06 
26-Apr-19, 19:26:08 
26-Apr-19, 19:26:09 
26-Apr-19, 19:26:11 
26-Apr-19, 19:26:20 
26-Apr-19, 19:26:21 
26-Apr-19, 19:26:23 
26-Apr-19, 19:26:24 
26-Apr-19, 19:26:26 
26-Apr-19, 19:26:27 
26-Apr-19, 19:26:30 
26-Apr-19, 19:26:32 
26-Apr-19, 19:26:33 
26-Apr-19, 19:26:35 
26-Apr-19, 19:26:36 
26-Apr-19, 19:26:38 
26-Apr-19, 19:26:39 
26-Apr-19, 19:26:41 
26-Apr-19, 19:26:42 
26-Apr-19, 19:26:44 
26-Apr-19, 19:26:45 
26-Apr-19, 19:26:47 
26-Apr-19, 19:26:48 
26-Apr-19, 19:26:50 
26-Apr-19, 19:26:51 
26-Apr-19, 19:26:53 
26-Apr-19, 19:26:54 
26-Apr-19, 19:26:56 
26-Apr-19, 19:26:57 
26-Apr-19, 19:26:59 
26-Apr-19, 19:27:00 
26-Apr-19, 19:27:02 
26-Apr-19, 19:27:03 
26-Apr-19, 19:27:05 
26-Apr-19, 19:27:06 
26-Apr-19, 19:27:08 
26-Apr-19, 19:27:09 
26-Apr-19, 19:27:11 
26-Apr-19, 19:27:17 
26-Apr-19, 19:27:20 
26-Apr-19, 19:27:21 
26-Apr-19, 19:27:24 
26-Apr-19, 19:27:26 
26-Apr-19, 19:27:27 
26-Apr-19, 19:27:29 
26-Apr-19, 19:27:30 
26-Apr-19, 19:27:32 
26-Apr-19, 19:27:35 
26-Apr-19, 19:27:36 
26-Apr-19, 19:27:39 
26-Apr-19, 19:27:41 
26-Apr-19, 19:27:42 
26-Apr-19, 19:27:44 
26-Apr-19, 19:27:45 
26-Apr-19, 19:27:47 
26-Apr-19, 19:27:50 
26-Apr-19, 19:27:51 
26-Apr-19, 19:27:54 
26-Apr-19, 19:27:56 
26-Apr-19, 19:27:57 
26-Apr-19, 19:27:59 
26-Apr-19, 19:28:02 
26-Apr-19, 19:28:05 
26-Apr-19, 19:28:06 
26-Apr-19, 19:28:09 
26-Apr-19, 19:28:11 
26-Apr-19, 19:28:20 
26-Apr-19, 19:28:21 
26-Apr-19, 19:28:24 
26-Apr-19, 19:28:26 
26-Apr-19, 19:28:27 
26-Apr-19, 19:28:29 
26-Apr-19, 19:28:30 
26-Apr-19, 19:28:32 
26-Apr-19, 19:28:35 
26-Apr-19, 19:28:36 
26-Apr-19, 19:28:39 
26-Apr-19, 19:28:41 
26-Apr-19, 19:28:42 
26-Apr-19, 19:28:44 
26-Apr-19, 19:28:45 
26-Apr-19, 19:28:47 
26-Apr-19, 19:28:50 
26-Apr-19, 19:28:51 
26-Apr-19, 19:28:54 
26-Apr-19, 19:28:56 
26-Apr-19, 19:28:57 
26-Apr-19, 19:28:59 
26-Apr-19, 19:29:00 
26-Apr-19, 19:29:02 
26-Apr-19, 19:29:05 
26-Apr-19, 19:29:06 
26-Apr-19, 19:29:07 
26-Apr-19, 19:29:09 
26-Apr-19, 19:29:20 
26-Apr-19, 19:29:21 
26-Apr-19, 19:29:24 
26-Apr-19, 19:29:26 
26-Apr-19, 19:29:27 
26-Apr-19, 19:29:29 
26-Apr-19, 19:29:30 
26-Apr-19, 19:29:32 
26-Apr-19, 19:29:35 
26-Apr-19, 19:29:36 
26-Apr-19, 19:29:37 
26-Apr-19, 19:29:39 
26-Apr-19, 19:29:41 
26-Apr-19, 19:29:42 
26-Apr-19, 19:29:44 
26-Apr-19, 19:29:45 
26-Apr-19, 19:29:47 
26-Apr-19, 19:29:50 
26-Apr-19, 19:29:51 
26-Apr-19, 19:29:54 
26-Apr-19, 19:29:56 
26-Apr-19, 19:29:57 
26-Apr-19, 19:29:59 
26-Apr-19, 19:30:00 
26-Apr-19, 19:30:01 
26-Apr-19, 19:30:02 
26-Apr-19, 19:30:05 
26-Apr-19, 19:30:06 
26-Apr-19, 19:30:09 
26-Apr-19, 19:30:11 
26-Apr-19, 19:30:20 
26-Apr-19, 19:30:21 
26-Apr-19, 19:30:24 
26-Apr-19, 19:30:26 
26-Apr-19, 19:30:27 
26-Apr-19, 19:30:29 
26-Apr-19, 19:30:30 
26-Apr-19, 19:30:32 
26-Apr-19, 19:30:35 
26-Apr-19, 19:30:36 
26-Apr-19, 19:30:37 
26-Apr-19, 19:30:39 
26-Apr-19, 19:30:41 
26-Apr-19, 19:30:42 
26-Apr-19, 19:30:44 
26-Apr-19, 19:30:45 
26-Apr-19, 19:30:47 
26-Apr-19, 19:30:50 
26-Apr-19, 19:30:51 
26-Apr-19, 19:30:54 
26-Apr-19, 19:30:56 
26-Apr-19, 19:30:57 
26-Apr-19, 19:30:59 
26-Apr-19, 19:31:00 
26-Apr-19, 19:31:02 
26-Apr-19, 19:31:05 
26-Apr-19, 19:31:06 
26-Apr-19, 19:31:09 
26-Apr-19, 19:31:11 
26-Apr-19, 19:31:21 
26-Apr-19, 19:31:24 
26-Apr-19, 19:31:26 
26-Apr-19, 19:31:27 
26-Apr-19, 19:31:29 
26-Apr-19, 19:31:32 
26-Apr-19, 19:31:35 
26-Apr-19, 19:31:36 
26-Apr-19, 19:31:39 
26-Apr-19, 19:31:41 
26-Apr-19, 19:31:42 
26-Apr-19, 19:31:44 
26-Apr-19, 19:31:45 
26-Apr-19, 19:31:47 
26-Apr-19, 19:31:50 
26-Apr-19, 19:31:51 
26-Apr-19, 19:31:54 
26-Apr-19, 19:31:56 
26-Apr-19, 19:31:57 
26-Apr-19, 19:31:59 
26-Apr-19, 19:32:00 
26-Apr-19, 19:32:02 
26-Apr-19, 19:32:05 
26-Apr-19, 19:32:06 
26-Apr-19, 19:32:09 
26-Apr-19, 19:32:11 
26-Apr-19, 19:32:11 
26-Apr-19, 19:32:17 
26-Apr-19, 19:32:20 
26-Apr-19, 19:32:21 
26-Apr-19, 19:32:21 
26-Apr-19, 19:32:24 
26-Apr-19, 19:32:26 
26-Apr-19, 19:32:27 
26-Apr-19, 19:32:29 
26-Apr-19, 19:32:30 
26-Apr-19, 19:32:32 
26-Apr-19, 19:32:35 
26-Apr-19, 19:32:36 
26-Apr-19, 19:32:39 
26-Apr-19, 19:32:41 
26-Apr-19, 19:32:41 
26-Apr-19, 19:32:42 
26-Apr-19, 19:32:44 
26-Apr-19, 19:32:45 
26-Apr-19, 19:32:47 
26-Apr-19, 19:32:50 
26-Apr-19, 19:32:51 
26-Apr-19, 19:32:51 
26-Apr-19, 19:32:54 
26-Apr-19, 19:32:56 
26-Apr-19, 19:32:57 
26-Apr-19, 19:32:59 
26-Apr-19, 19:33:00 
26-Apr-19, 19:33:02 
26-Apr-19, 19:33:05 
26-Apr-19, 19:33:06 
26-Apr-19, 19:33:09 
26-Apr-19, 19:33:11 
26-Apr-19, 19:33:20 
26-Apr-19, 19:33:21 
26-Apr-19, 19:33:24 
26-Apr-19, 19:33:26 
26-Apr-19, 19:33:27 
26-Apr-19, 19:33:29 
26-Apr-19, 19:33:30 
26-Apr-19, 19:33:32 
26-Apr-19, 19:33:35 
26-Apr-19, 19:33:36 
26-Apr-19, 19:33:39 
26-Apr-19, 19:33:41 
26-Apr-19, 19:33:42 
26-Apr-19, 19:33:44 
26-Apr-19, 19:33:45 
26-Apr-19, 19:33:47 
26-Apr-19, 19:33:50 
26-Apr-19, 19:33:51 
26-Apr-19, 19:33:54 
26-Apr-19, 19:33:56 
26-Apr-19, 19:33:57 
26-Apr-19, 19:33:59 
26-Apr-19, 19:34:00 
26-Apr-19, 19:34:02 
26-Apr-19, 19:34:05 
26-Apr-19, 19:34:06 
26-Apr-19, 19:34:09 
26-Apr-19, 19:34:11 
26-Apr-19, 19:34:20 
26-Apr-19, 19:34:21 
26-Apr-19, 19:34:24 
26-Apr-19, 19:34:26 
26-Apr-19, 19:34:27 
26-Apr-19, 19:34:29 
26-Apr-19, 19:34:30 
26-Apr-19, 19:34:32 
26-Apr-19, 19:34:35 
26-Apr-19, 19:34:35 
26-Apr-19, 19:34:36 
26-Apr-19, 19:34:39 
26-Apr-19, 19:34:41 
26-Apr-19, 19:34:42 
26-Apr-19, 19:34:44 
26-Apr-19, 19:34:45 
26-Apr-19, 19:34:45 
26-Apr-19, 19:34:50 
26-Apr-19, 19:34:51 
26-Apr-19, 19:34:54 
26-Apr-19, 19:34:56 
26-Apr-19, 19:34:57 
26-Apr-19, 19:34:59 
26-Apr-19, 19:35:00 
26-Apr-19, 19:35:02 
26-Apr-19, 19:35:03 
26-Apr-19, 19:35:05 
26-Apr-19, 19:35:05 
26-Apr-19, 19:35:06 
26-Apr-19, 19:35:08 
26-Apr-19, 19:35:09 
26-Apr-19, 19:35:20 
26-Apr-19, 19:35:21 
26-Apr-19, 19:35:24 
26-Apr-19, 19:35:26 
26-Apr-19, 19:35:27 
26-Apr-19, 19:35:28 
26-Apr-19, 19:35:29 
26-Apr-19, 19:35:30 
26-Apr-19, 19:35:32 
26-Apr-19, 19:35:33 
26-Apr-19, 19:35:35 
26-Apr-19, 19:35:35 
26-Apr-19, 19:35:36 
26-Apr-19, 19:35:38 
26-Apr-19, 19:35:39 
26-Apr-19, 19:35:41 
26-Apr-19, 19:35:42 
26-Apr-19, 19:35:44 
26-Apr-19, 19:35:45 
26-Apr-19, 19:35:45 
26-Apr-19, 19:35:52 
26-Apr-19, 19:35:53 
26-Apr-19, 19:35:54 
26-Apr-19, 19:35:56 
26-Apr-19, 19:35:57 
26-Apr-19, 19:35:59 
26-Apr-19, 19:36:00 
26-Apr-19, 19:36:01 
26-Apr-19, 19:36:02 
26-Apr-19, 19:36:03 
26-Apr-19, 19:36:05 
26-Apr-19, 19:36:05 
26-Apr-19, 19:36:06 
26-Apr-19, 19:36:08 
26-Apr-19, 19:36:09 
26-Apr-19, 19:36:11 
26-Apr-19, 19:36:20 
26-Apr-19, 19:36:23 
26-Apr-19, 19:36:24 
26-Apr-19, 19:36:29 
26-Apr-19, 19:36:32 
26-Apr-19, 19:36:33 
26-Apr-19, 19:36:35 
26-Apr-19, 19:36:35 
26-Apr-19, 19:36:36 
26-Apr-19, 19:36:38 
26-Apr-19, 19:36:39 
26-Apr-19, 19:36:41 
26-Apr-19, 19:36:42 
26-Apr-19, 19:36:44 
26-Apr-19, 19:36:45 
26-Apr-19, 19:36:45 
26-Apr-19, 19:36:47 
26-Apr-19, 19:36:50 
26-Apr-19, 19:36:51 
26-Apr-19, 19:36:53 
26-Apr-19, 19:36:54 
26-Apr-19, 19:36:56 
26-Apr-19, 19:36:57 
26-Apr-19, 19:36:59 
26-Apr-19, 19:37:00 
26-Apr-19, 19:37:02 
26-Apr-19, 19:37:03 
26-Apr-19, 19:37:05 
26-Apr-19, 19:37:05 
26-Apr-19, 19:37:06 
26-Apr-19, 19:37:07 
26-Apr-19, 19:37:08 
26-Apr-19, 19:37:11 
26-Apr-19, 19:37:18 
26-Apr-19, 19:37:20 
26-Apr-19, 19:37:21 
26-Apr-19, 19:37:23 
26-Apr-19, 19:37:24 
26-Apr-19, 19:37:26 
26-Apr-19, 19:37:27 
26-Apr-19, 19:37:29 
26-Apr-19, 19:37:32 
26-Apr-19, 19:37:33 
26-Apr-19, 19:37:35 
26-Apr-19, 19:37:35 
26-Apr-19, 19:37:36 
26-Apr-19, 19:37:38 
26-Apr-19, 19:37:39 
26-Apr-19, 19:37:41 
26-Apr-19, 19:37:42 
26-Apr-19, 19:37:44 
26-Apr-19, 19:37:45 
26-Apr-19, 19:37:45 
26-Apr-19, 19:37:47 
26-Apr-19, 19:37:48 
26-Apr-19, 19:37:50 
26-Apr-19, 19:37:51 
26-Apr-19, 19:37:53 
26-Apr-19, 19:37:54 
26-Apr-19, 19:37:56 
26-Apr-19, 19:37:57 
26-Apr-19, 19:37:59 
26-Apr-19, 19:38:00 
26-Apr-19, 19:38:02 
26-Apr-19, 19:38:03 
26-Apr-19, 19:38:05 
26-Apr-19, 19:38:05 
26-Apr-19, 19:38:06 
26-Apr-19, 19:38:08 
26-Apr-19, 19:38:09 
26-Apr-19, 19:38:11 
26-Apr-19, 19:38:18 
26-Apr-19, 19:38:20 
26-Apr-19, 19:38:21 
26-Apr-19, 19:38:30 
26-Apr-19, 19:38:33 
26-Apr-19, 19:38:35 
26-Apr-19, 19:38:35 
26-Apr-19, 19:38:36 
26-Apr-19, 19:38:38 
26-Apr-19, 19:38:39 
26-Apr-19, 19:38:41 
26-Apr-19, 19:38:42 
26-Apr-19, 19:38:44 
26-Apr-19, 19:38:45 
26-Apr-19, 19:38:45 
26-Apr-19, 19:38:47 
26-Apr-19, 19:38:48 
26-Apr-19, 19:38:50 
26-Apr-19, 19:38:51 
26-Apr-19, 19:38:53 
26-Apr-19, 19:38:54 
26-Apr-19, 19:38:56 
26-Apr-19, 19:38:57 
26-Apr-19, 19:38:59 
26-Apr-19, 19:39:00 
26-Apr-19, 19:39:02 
26-Apr-19, 19:39:03 
26-Apr-19, 19:39:05 
26-Apr-19, 19:39:05 
26-Apr-19, 19:39:06 
26-Apr-19, 19:39:08 
26-Apr-19, 19:39:09 
26-Apr-19, 19:39:11 
26-Apr-19, 19:39:17 
26-Apr-19, 19:39:18 
23-Apr-19, 20:20:32 
23-Apr-19, 20:20:42 
23-Apr-19, 20:20:47 
23-Apr-19, 20:20:52 
23-Apr-19, 20:20:57 
23-Apr-19, 20:21:12 
23-Apr-19, 20:21:17 
23-Apr-19, 20:21:27 
23-Apr-19, 20:22:07 
23-Apr-19, 20:26:07 
23-Apr-19, 20:26:47 
23-Apr-19, 20:26:57 
23-Apr-19, 20:27:37 
23-Apr-19, 20:28:37 
23-Apr-19, 20:28:47 
23-Apr-19, 20:29:37 
23-Apr-19, 20:29:47 
23-Apr-19, 20:29:57 
23-Apr-19, 20:30:17 
23-Apr-19, 20:31:57 
23-Apr-19, 20:32:27 
23-Apr-19, 20:32:32 
23-Apr-19, 20:32:37 
23-Apr-19, 20:35:22 
23-Apr-19, 20:35:27 
23-Apr-19, 20:35:37 
23-Apr-19, 20:38:07 
23-Apr-19, 20:38:17 
23-Apr-19, 20:38:32 
23-Apr-19, 20:38:42 
23-Apr-19, 20:38:47 
23-Apr-19, 20:38:52 
23-Apr-19, 20:38:57 
23-Apr-19, 20:39:12 
23-Apr-19, 20:39:22 
23-Apr-19, 20:39:27 
23-Apr-19, 20:39:37 
23-Apr-19, 20:40:17 
23-Apr-19, 20:40:22 
23-Apr-19, 20:40:52 
23-Apr-19, 20:41:12 
23-Apr-19, 20:41:27 
23-Apr-19, 20:41:32 
23-Apr-19, 20:42:17 
23-Apr-19, 20:42:22 
23-Apr-19, 20:42:27 
23-Apr-19, 20:42:32 
23-Apr-19, 20:42:42 
23-Apr-19, 20:44:22 
23-Apr-19, 20:44:42 
23-Apr-19, 20:44:47 
23-Apr-19, 20:44:57 
23-Apr-19, 20:45:12 
23-Apr-19, 20:45:27 
23-Apr-19, 20:45:37 
23-Apr-19, 20:45:42 
23-Apr-19, 20:45:52 
23-Apr-19, 20:45:57 
23-Apr-19, 20:46:12 
23-Apr-19, 20:46:22 
23-Apr-19, 20:46:32 
23-Apr-19, 20:46:52 
23-Apr-19, 20:51:27 
23-Apr-19, 20:51:32 
23-Apr-19, 20:51:37 
23-Apr-19, 20:51:47 
23-Apr-19, 20:51:57 
23-Apr-19, 20:52:17 
23-Apr-19, 20:52:27 
23-Apr-19, 20:52:42 
23-Apr-19, 20:53:17 
23-Apr-19, 20:53:22 
23-Apr-19, 20:53:27 
23-Apr-19, 20:53:37 
23-Apr-19, 20:53:47 
23-Apr-19, 20:53:52 
23-Apr-19, 20:54:12 
23-Apr-19, 20:54:17 
23-Apr-19, 20:54:22 
23-Apr-19, 20:54:32 
23-Apr-19, 20:54:42 
23-Apr-19, 20:55:07 
23-Apr-19, 20:55:32 
23-Apr-19, 20:55:47 
23-Apr-19, 20:55:52 
23-Apr-19, 20:55:57 
23-Apr-19, 20:56:37 
23-Apr-19, 20:56:42 
23-Apr-19, 20:56:52 
23-Apr-19, 20:56:57 
23-Apr-19, 20:57:17 
23-Apr-19, 20:57:22 
23-Apr-19, 20:57:32 
23-Apr-19, 21:00:17 
23-Apr-19, 21:00:22 
23-Apr-19, 21:00:47 
23-Apr-19, 21:01:17 
23-Apr-19, 21:01:22 
23-Apr-19, 21:01:32 
23-Apr-19, 21:01:47 
23-Apr-19, 21:02:07 
23-Apr-19, 21:02:52 
23-Apr-19, 21:02:57 
23-Apr-19, 21:03:12 
23-Apr-19, 21:03:22 
23-Apr-19, 21:03:32 
23-Apr-19, 21:03:47 
23-Apr-19, 21:03:57 
23-Apr-19, 21:04:27 
23-Apr-19, 21:04:32 
23-Apr-19, 21:04:47 
23-Apr-19, 21:05:27 
23-Apr-19, 21:05:37 
23-Apr-19, 21:07:37 
23-Apr-19, 21:08:57 
23-Apr-19, 21:11:57 
23-Apr-19, 21:12:12 
23-Apr-19, 21:12:27 
23-Apr-19, 21:12:37 
23-Apr-19, 21:12:42 
23-Apr-19, 21:12:57 
23-Apr-19, 21:13:12 
23-Apr-19, 21:13:32 
23-Apr-19, 21:13:47 
23-Apr-19, 21:13:52 
23-Apr-19, 21:13:57 
23-Apr-19, 21:14:17 
23-Apr-19, 21:14:27 
23-Apr-19, 21:14:32 
23-Apr-19, 21:14:42 
23-Apr-19, 21:14:47 
23-Apr-19, 21:15:12 
23-Apr-19, 21:15:17 
23-Apr-19, 21:15:27 
23-Apr-19, 21:15:32 
23-Apr-19, 21:15:42 
23-Apr-19, 21:15:47 
23-Apr-19, 21:15:57 
23-Apr-19, 21:16:27 
23-Apr-19, 21:17:38 
23-Apr-19, 21:17:48 
23-Apr-19, 21:18:23 
23-Apr-19, 21:18:28 
23-Apr-19, 21:18:33 
23-Apr-19, 21:18:38 
23-Apr-19, 21:18:53 
23-Apr-19, 21:24:38 
23-Apr-19, 21:24:48 
23-Apr-19, 21:24:53 
23-Apr-19, 21:25:08 
23-Apr-19, 21:25:18 
23-Apr-19, 21:25:23 
23-Apr-19, 21:25:38 
23-Apr-19, 21:25:48 
23-Apr-19, 21:26:18 
23-Apr-19, 21:26:33 
23-Apr-19, 21:26:38 
23-Apr-19, 21:26:48 
23-Apr-19, 21:27:23 
23-Apr-19, 21:27:33 
23-Apr-19, 21:27:38 
23-Apr-19, 21:27:53 
23-Apr-19, 21:28:18 
23-Apr-19, 21:28:23 
23-Apr-19, 21:28:48 
23-Apr-19, 21:28:53 
23-Apr-19, 21:29:18 
23-Apr-19, 21:29:23 
23-Apr-19, 21:29:33 
23-Apr-19, 21:29:48 
23-Apr-19, 21:30:18 
23-Apr-19, 21:30:38 
23-Apr-19, 21:30:43 
23-Apr-19, 21:30:53 
23-Apr-19, 21:31:23 
23-Apr-19, 21:31:33 
23-Apr-19, 21:31:38 
23-Apr-19, 21:31:48 
23-Apr-19, 21:37:38 
23-Apr-19, 21:37:48 
23-Apr-19, 21:37:53 
23-Apr-19, 21:38:18 
23-Apr-19, 21:38:33 
23-Apr-19, 21:38:48 
23-Apr-19, 21:39:08 
23-Apr-19, 21:39:38 
23-Apr-19, 21:39:53 
23-Apr-19, 21:46:38 
23-Apr-19, 21:46:48 
23-Apr-19, 21:46:53 
23-Apr-19, 21:47:08 
23-Apr-19, 21:49:48 
23-Apr-19, 21:49:53 
23-Apr-19, 21:50:08 
23-Apr-19, 21:50:18 
23-Apr-19, 21:50:23 
23-Apr-19, 21:50:33 
23-Apr-19, 21:50:53 
23-Apr-19, 21:51:18 
23-Apr-19, 21:51:33 
23-Apr-19, 21:52:23 
23-Apr-19, 21:52:38 
23-Apr-19, 21:52:53 
23-Apr-19, 21:53:08 
23-Apr-19, 21:53:18 
23-Apr-19, 21:53:23 
23-Apr-19, 21:53:33 
23-Apr-19, 21:53:38 
23-Apr-19, 21:54:23 
23-Apr-19, 21:54:33 
23-Apr-19, 21:55:38 
23-Apr-19, 21:55:48 
23-Apr-19, 21:55:53 
23-Apr-19, 21:57:18 
23-Apr-19, 21:57:33 
23-Apr-19, 21:57:48 
23-Apr-19, 21:57:53 
23-Apr-19, 21:58:23 
23-Apr-19, 21:58:38 
23-Apr-19, 21:58:53 
23-Apr-19, 21:59:18 
23-Apr-19, 21:59:23 
23-Apr-19, 21:59:33 
23-Apr-19, 21:59:38 
23-Apr-19, 21:59:48 
23-Apr-19, 21:59:53 
23-Apr-19, 22:00:18 
23-Apr-19, 22:00:33 
23-Apr-19, 22:00:38 
23-Apr-19, 22:00:43 
23-Apr-19, 22:00:48 
23-Apr-19, 22:01:08 
23-Apr-19, 22:01:23 
23-Apr-19, 22:01:33 
23-Apr-19, 22:02:08 
23-Apr-19, 22:02:18 
23-Apr-19, 22:02:23 
23-Apr-19, 22:02:28 
23-Apr-19, 22:02:33 
23-Apr-19, 22:02:38 
23-Apr-19, 22:02:48 
23-Apr-19, 22:03:18 
23-Apr-19, 22:03:23 
23-Apr-19, 22:03:33 
23-Apr-19, 22:04:28 
23-Apr-19, 22:04:38 
23-Apr-19, 22:04:53 
23-Apr-19, 22:05:23 
23-Apr-19, 22:05:33 
23-Apr-19, 22:05:38 
23-Apr-19, 22:05:48 
23-Apr-19, 22:05:53 
23-Apr-19, 22:06:33 
23-Apr-19, 22:06:48 
23-Apr-19, 22:06:53 
23-Apr-19, 22:07:23 
23-Apr-19, 22:07:38 
23-Apr-19, 22:07:48 
23-Apr-19, 22:07:53 
23-Apr-19, 22:08:18 
23-Apr-19, 22:08:23 
23-Apr-19, 22:08:33 
23-Apr-19, 22:08:38 
23-Apr-19, 22:08:48 
23-Apr-19, 22:08:53 
23-Apr-19, 22:09:18 
23-Apr-19, 22:09:33 
23-Apr-19, 22:09:38 
23-Apr-19, 22:09:43 
23-Apr-19, 22:09:48 
23-Apr-19, 22:10:23 
23-Apr-19, 22:10:38 
23-Apr-19, 22:10:53 
23-Apr-19, 22:11:18 
23-Apr-19, 22:11:23 
23-Apr-19, 22:11:38 
23-Apr-19, 22:12:33 
23-Apr-19, 22:12:48 
23-Apr-19, 22:12:58 
23-Apr-19, 22:13:18 
23-Apr-19, 22:13:53 
23-Apr-19, 22:14:33 
23-Apr-19, 22:14:38 
23-Apr-19, 22:14:53 
23-Apr-19, 22:14:58 
23-Apr-19, 22:15:33 
23-Apr-19, 22:15:48 
23-Apr-19, 22:16:53 
23-Apr-19, 22:17:33 
23-Apr-19, 22:17:38 
23-Apr-19, 22:17:43 
23-Apr-19, 22:17:48 
23-Apr-19, 22:17:53 
23-Apr-19, 22:18:08 
23-Apr-19, 22:18:18 
23-Apr-19, 22:18:53 
23-Apr-19, 22:19:08 
23-Apr-19, 22:19:13 
23-Apr-19, 22:19:23 
23-Apr-19, 22:19:33 
23-Apr-19, 22:19:38 
23-Apr-19, 22:19:48 
23-Apr-19, 22:19:58 
23-Apr-19, 22:20:08 
23-Apr-19, 22:20:43 
23-Apr-19, 22:22:38 
23-Apr-19, 22:22:58 
23-Apr-19, 22:23:23 
23-Apr-19, 22:23:28 
23-Apr-19, 22:23:38 
23-Apr-19, 22:23:53 
23-Apr-19, 22:24:08 
23-Apr-19, 22:24:23 
23-Apr-19, 22:24:33 
23-Apr-19, 22:24:38 
23-Apr-19, 22:24:48 
23-Apr-19, 22:24:58 
23-Apr-19, 22:27:38 
23-Apr-19, 22:27:53 
23-Apr-19, 22:28:08 
23-Apr-19, 22:28:18 
23-Apr-19, 22:28:28 
23-Apr-19, 22:28:33 
23-Apr-19, 22:28:43 
23-Apr-19, 22:28:53 
23-Apr-19, 22:28:58 
23-Apr-19, 22:30:19 
23-Apr-19, 22:30:34 
23-Apr-19, 22:30:49 
23-Apr-19, 22:30:54 
23-Apr-19, 22:31:19 
23-Apr-19, 22:31:29 
23-Apr-19, 22:31:34 
23-Apr-19, 22:31:39 
23-Apr-19, 22:32:09 
23-Apr-19, 22:32:24 
23-Apr-19, 22:32:29 
23-Apr-19, 22:32:34 
23-Apr-19, 22:32:44 
23-Apr-19, 22:32:54 
23-Apr-19, 22:32:59 
23-Apr-19, 22:33:09 
23-Apr-19, 22:33:19 
23-Apr-19, 22:33:29 
23-Apr-19, 22:33:39 
23-Apr-19, 22:33:49 
23-Apr-19, 22:33:54 
23-Apr-19, 22:34:09 
23-Apr-19, 22:34:19 
23-Apr-19, 22:34:24 
23-Apr-19, 22:34:34 
23-Apr-19, 22:34:44 
23-Apr-19, 22:34:49 
23-Apr-19, 22:34:59 
23-Apr-19, 22:35:09 
23-Apr-19, 22:35:19 
23-Apr-19, 22:35:29 
23-Apr-19, 22:37:24 
23-Apr-19, 22:37:34 
23-Apr-19, 22:37:39 
23-Apr-19, 22:37:44 
23-Apr-19, 22:37:54 
23-Apr-19, 22:38:04 
23-Apr-19, 22:38:19 
23-Apr-19, 22:38:39 
23-Apr-19, 22:38:44 
23-Apr-19, 22:38:49 
23-Apr-19, 22:43:59 
23-Apr-19, 22:44:19 
23-Apr-19, 22:44:29 
23-Apr-19, 22:44:34 
23-Apr-19, 22:44:44 
23-Apr-19, 22:44:49 
23-Apr-19, 22:44:54 
23-Apr-19, 22:44:59 
23-Apr-19, 22:45:24 
23-Apr-19, 22:45:29 
23-Apr-19, 22:45:39 
23-Apr-19, 22:45:44 
23-Apr-19, 22:45:49 
23-Apr-19, 22:45:59 
23-Apr-19, 22:46:14 
23-Apr-19, 22:46:24 
23-Apr-19, 22:46:34 
23-Apr-19, 22:46:39 
23-Apr-19, 22:46:54 
23-Apr-19, 22:52:59 
23-Apr-19, 22:53:44 
23-Apr-19, 22:53:49 
23-Apr-19, 22:53:54 
23-Apr-19, 22:53:59 
23-Apr-19, 22:54:19 
23-Apr-19, 22:54:24 
23-Apr-19, 22:55:59 
23-Apr-19, 22:56:04 
23-Apr-19, 22:56:14 
23-Apr-19, 22:56:19 
23-Apr-19, 22:56:24 
23-Apr-19, 22:56:29 
23-Apr-19, 22:56:34 
23-Apr-19, 22:56:44 
23-Apr-19, 22:57:19 
23-Apr-19, 22:57:24 
23-Apr-19, 22:57:34 
23-Apr-19, 22:57:39 
23-Apr-19, 22:57:44 
23-Apr-19, 22:57:49 
23-Apr-19, 22:57:54 
23-Apr-19, 22:58:19 
23-Apr-19, 22:58:29 
23-Apr-19, 22:58:34 
23-Apr-19, 22:58:39 
23-Apr-19, 22:58:44 
23-Apr-19, 22:58:49 
23-Apr-19, 22:58:59 
23-Apr-19, 22:59:24 
23-Apr-19, 22:59:29 
23-Apr-19, 22:59:34 
23-Apr-19, 22:59:39 
23-Apr-19, 22:59:44 
23-Apr-19, 22:59:54 
23-Apr-19, 23:00:09 
23-Apr-19, 23:00:29 
23-Apr-19, 23:00:34 
23-Apr-19, 23:01:14 
23-Apr-19, 23:01:19 
23-Apr-19, 23:01:24 
23-Apr-19, 23:01:44 
23-Apr-19, 23:01:49 
23-Apr-19, 23:01:59 
23-Apr-19, 23:02:09 
23-Apr-19, 23:02:14 
23-Apr-19, 23:04:34 
23-Apr-19, 23:04:44 
23-Apr-19, 23:04:49 
23-Apr-19, 23:04:54 
23-Apr-19, 23:04:59 
23-Apr-19, 23:05:09 
23-Apr-19, 23:05:19 
23-Apr-19, 23:05:59 
23-Apr-19, 23:07:49 
23-Apr-19, 23:07:54 
23-Apr-19, 23:07:59 
23-Apr-19, 23:08:44 
23-Apr-19, 23:09:19 
23-Apr-19, 23:09:39 
23-Apr-19, 23:09:49 
23-Apr-19, 23:10:39 
23-Apr-19, 23:10:44 
23-Apr-19, 23:11:29 
23-Apr-19, 23:11:39 
23-Apr-19, 23:11:44 
23-Apr-19, 23:11:49 
23-Apr-19, 23:12:24 
23-Apr-19, 23:12:44 
23-Apr-19, 23:12:54 
23-Apr-19, 23:20:14 
23-Apr-19, 23:20:19 
23-Apr-19, 23:20:34 
23-Apr-19, 23:20:59 
23-Apr-19, 23:21:04 
23-Apr-19, 23:21:09 
23-Apr-19, 23:21:14 
23-Apr-19, 23:21:19 
23-Apr-19, 23:21:24 
23-Apr-19, 23:21:29 
23-Apr-19, 23:21:44 
23-Apr-19, 23:21:49 
23-Apr-19, 23:21:54 
23-Apr-19, 23:21:59 
23-Apr-19, 23:22:09 
23-Apr-19, 23:22:19 
23-Apr-19, 23:22:24 
23-Apr-19, 23:22:29 
23-Apr-19, 23:22:34 
23-Apr-19, 23:22:44 
23-Apr-19, 23:22:59 
23-Apr-19, 23:23:14 
23-Apr-19, 23:23:24 
23-Apr-19, 23:23:34 
23-Apr-19, 23:23:54 
23-Apr-19, 23:23:59 
23-Apr-19, 23:24:04 
23-Apr-19, 23:24:24 
23-Apr-19, 23:24:29 
23-Apr-19, 23:24:39 
23-Apr-19, 23:24:49 
23-Apr-19, 23:24:54 
23-Apr-19, 23:25:04 
23-Apr-19, 23:25:19 
23-Apr-19, 23:25:24 
23-Apr-19, 23:25:29 
23-Apr-19, 23:25:39 
23-Apr-19, 23:25:49 
23-Apr-19, 23:25:54 
23-Apr-19, 23:26:04 
23-Apr-19, 23:26:09 
23-Apr-19, 23:26:24 
23-Apr-19, 23:26:29 
23-Apr-19, 23:26:34 
23-Apr-19, 23:26:39 
23-Apr-19, 23:26:44 
23-Apr-19, 23:49:29 
23-Apr-19, 23:49:34 
23-Apr-19, 23:49:55 
23-Apr-19, 23:50:00 
23-Apr-19, 23:50:30 
23-Apr-19, 23:50:45 
23-Apr-19, 23:50:55 
23-Apr-19, 23:51:00 
23-Apr-19, 23:51:05 
23-Apr-19, 23:51:10 
23-Apr-19, 23:51:15 
23-Apr-19, 23:51:20 
23-Apr-19, 23:51:30 
23-Apr-19, 23:51:35 
23-Apr-19, 23:51:40 
23-Apr-19, 23:51:45 
23-Apr-19, 23:51:50 
23-Apr-19, 23:51:55 
23-Apr-19, 23:52:15 
23-Apr-19, 23:52:30 
23-Apr-19, 23:52:35 
23-Apr-19, 23:52:40 
23-Apr-19, 23:52:50 
23-Apr-19, 23:53:00 
23-Apr-19, 23:53:05 
23-Apr-19, 23:53:20 
23-Apr-19, 23:53:30 
27-Apr-19, 05:00:30 
27-Apr-19, 05:00:31 
27-Apr-19, 05:00:36 
27-Apr-19, 05:00:40 
27-Apr-19, 05:00:45 
27-Apr-19, 05:00:46 
27-Apr-19, 05:00:51 
27-Apr-19, 05:00:55 
27-Apr-19, 05:01:00 
27-Apr-19, 05:01:01 
27-Apr-19, 05:01:06 
27-Apr-19, 05:01:10 
27-Apr-19, 05:01:16 
27-Apr-19, 05:01:21 
27-Apr-19, 05:01:25 
27-Apr-19, 05:01:30 
27-Apr-19, 05:01:31 
27-Apr-19, 05:01:36 
27-Apr-19, 05:01:40 
27-Apr-19, 05:01:45 
27-Apr-19, 05:01:46 
27-Apr-19, 05:01:51 
27-Apr-19, 05:02:01 
27-Apr-19, 05:02:06 
27-Apr-19, 05:02:07 
27-Apr-19, 05:02:22 
27-Apr-19, 05:02:27 
27-Apr-19, 05:02:31 
27-Apr-19, 05:02:36 
27-Apr-19, 05:02:37 
27-Apr-19, 05:02:42 
27-Apr-19, 05:02:46 
27-Apr-19, 05:02:51 
27-Apr-19, 05:02:52 
27-Apr-19, 05:02:57 
27-Apr-19, 05:03:01 
27-Apr-19, 05:03:06 
27-Apr-19, 05:03:07 
27-Apr-19, 05:03:21 
27-Apr-19, 05:03:22 
27-Apr-19, 05:03:31 
27-Apr-19, 05:03:36 
27-Apr-19, 05:03:37 
27-Apr-19, 05:03:42 
27-Apr-19, 05:03:46 
27-Apr-19, 05:03:51 
27-Apr-19, 05:03:52 
27-Apr-19, 05:03:57 
27-Apr-19, 05:03:57 
27-Apr-19, 05:04:07 
27-Apr-19, 05:04:07 
27-Apr-19, 05:04:22 
27-Apr-19, 05:04:27 
27-Apr-19, 05:04:37 
27-Apr-19, 05:04:42 
27-Apr-19, 05:04:52 
27-Apr-19, 05:04:57 
27-Apr-19, 05:05:07 
27-Apr-19, 05:05:22 
27-Apr-19, 05:05:27 
27-Apr-19, 05:05:37 
27-Apr-19, 05:05:42 
27-Apr-19, 05:05:43 
27-Apr-19, 05:05:48 
27-Apr-19, 05:05:52 
27-Apr-19, 05:05:57 
27-Apr-19, 05:05:58 
27-Apr-19, 05:06:03 
27-Apr-19, 05:06:07 
27-Apr-19, 05:06:18 
27-Apr-19, 05:06:22 
27-Apr-19, 05:06:27 
27-Apr-19, 05:06:28 
27-Apr-19, 05:06:37 
27-Apr-19, 05:06:42 
27-Apr-19, 05:06:43 
27-Apr-19, 05:06:48 
27-Apr-19, 05:06:58 
27-Apr-19, 05:07:03 
27-Apr-19, 05:07:03 
27-Apr-19, 05:07:18 
27-Apr-19, 05:07:28 
27-Apr-19, 05:07:33 
27-Apr-19, 05:07:33 
27-Apr-19, 05:07:43 
27-Apr-19, 05:07:43 
27-Apr-19, 05:07:48 
27-Apr-19, 05:07:58 
27-Apr-19, 05:08:03 
27-Apr-19, 05:08:03 
27-Apr-19, 05:08:24 
27-Apr-19, 05:08:24 
27-Apr-19, 05:08:34 
27-Apr-19, 05:08:34 
27-Apr-19, 05:08:39 
27-Apr-19, 05:08:49 
27-Apr-19, 05:09:00 
27-Apr-19, 05:09:10 
27-Apr-19, 05:09:20 
27-Apr-19, 05:09:25 
27-Apr-19, 05:09:25 
27-Apr-19, 05:09:30 
27-Apr-19, 05:09:35 
27-Apr-19, 05:09:35 
27-Apr-19, 05:09:40 
27-Apr-19, 05:09:45 
27-Apr-19, 05:09:45 
27-Apr-19, 05:10:00 
27-Apr-19, 05:10:10 
27-Apr-19, 05:10:25 
27-Apr-19, 05:10:25 
27-Apr-19, 05:10:30 
27-Apr-19, 05:10:45 
27-Apr-19, 05:10:45 
27-Apr-19, 05:11:00 
27-Apr-19, 05:11:05 
27-Apr-19, 05:11:05 
27-Apr-19, 05:11:25 
27-Apr-19, 05:11:25 
27-Apr-19, 05:11:30 
27-Apr-19, 05:11:40 
27-Apr-19, 05:11:45 
27-Apr-19, 05:11:45 
27-Apr-19, 05:11:55 
27-Apr-19, 05:11:55 
27-Apr-19, 05:12:01 
27-Apr-19, 05:12:06 
27-Apr-19, 05:12:10 
27-Apr-19, 05:12:16 
27-Apr-19, 05:12:21 
27-Apr-19, 05:12:25 
27-Apr-19, 05:12:30 
27-Apr-19, 05:12:31 
27-Apr-19, 05:12:36 
27-Apr-19, 05:12:40 
27-Apr-19, 05:12:45 
27-Apr-19, 05:12:46 
27-Apr-19, 05:12:51 
27-Apr-19, 05:12:55 
27-Apr-19, 05:13:00 
27-Apr-19, 05:13:01 
27-Apr-19, 05:13:06 
27-Apr-19, 05:13:10 
27-Apr-19, 05:13:16 
27-Apr-19, 05:13:16 
27-Apr-19, 05:13:21 
27-Apr-19, 05:13:31 
27-Apr-19, 05:13:36 
27-Apr-19, 05:13:36 
27-Apr-19, 05:13:46 
27-Apr-19, 05:13:46 
27-Apr-19, 05:13:51 
27-Apr-19, 05:14:06 
27-Apr-19, 05:14:06 
27-Apr-19, 05:14:21 
27-Apr-19, 05:14:26 
27-Apr-19, 05:14:26 
27-Apr-19, 05:14:31 
27-Apr-19, 05:14:46 
27-Apr-19, 05:14:46 
27-Apr-19, 05:15:01 
27-Apr-19, 05:15:06 
27-Apr-19, 05:15:06 
27-Apr-19, 05:15:21 
27-Apr-19, 05:15:31 
27-Apr-19, 05:15:36 
27-Apr-19, 05:15:36 
27-Apr-19, 05:15:46 
27-Apr-19, 05:15:46 
27-Apr-19, 05:15:51 
27-Apr-19, 05:16:01 
27-Apr-19, 05:16:06 
27-Apr-19, 05:16:06 
27-Apr-19, 05:16:21 
27-Apr-19, 05:16:31 
27-Apr-19, 05:16:36 
27-Apr-19, 05:16:36 
27-Apr-19, 05:16:46 
27-Apr-19, 05:16:46 
27-Apr-19, 05:16:51 
27-Apr-19, 05:16:56 
27-Apr-19, 05:16:56 
27-Apr-19, 05:17:01 
27-Apr-19, 05:17:06 
27-Apr-19, 05:17:06 
27-Apr-19, 05:17:31 
27-Apr-19, 05:17:36 
27-Apr-19, 05:17:36 
27-Apr-19, 05:17:46 
27-Apr-19, 05:17:46 
27-Apr-19, 05:17:51 
27-Apr-19, 05:18:06 
27-Apr-19, 05:18:06 
27-Apr-19, 05:18:21 
27-Apr-19, 05:18:31 
27-Apr-19, 05:18:36 
27-Apr-19, 05:18:36 
27-Apr-19, 05:18:46 
27-Apr-19, 05:18:46 
27-Apr-19, 05:18:51 
27-Apr-19, 05:19:01 
27-Apr-19, 05:19:21 
27-Apr-19, 05:19:31 
27-Apr-19, 05:19:36 
27-Apr-19, 05:19:36 
27-Apr-19, 05:19:46 
27-Apr-19, 05:19:46 
27-Apr-19, 05:19:51 
27-Apr-19, 05:20:01 
27-Apr-19, 05:20:06 
27-Apr-19, 05:20:06 
27-Apr-19, 05:20:16 
27-Apr-19, 05:20:16 
27-Apr-19, 05:20:21 
27-Apr-19, 05:20:31 
27-Apr-19, 05:20:36 
27-Apr-19, 05:20:36 
27-Apr-19, 05:20:46 
27-Apr-19, 05:20:46 
27-Apr-19, 05:20:51 
27-Apr-19, 05:20:57 
27-Apr-19, 05:21:01 
27-Apr-19, 05:21:06 
27-Apr-19, 05:21:07 
27-Apr-19, 05:21:16 
27-Apr-19, 05:21:21 
27-Apr-19, 05:21:22 
27-Apr-19, 05:21:27 
27-Apr-19, 05:21:31 
27-Apr-19, 05:21:36 
27-Apr-19, 05:21:37 
27-Apr-19, 05:21:42 
27-Apr-19, 05:21:46 
27-Apr-19, 05:21:51 
27-Apr-19, 05:21:52 
27-Apr-19, 05:21:57 
27-Apr-19, 05:22:06 
27-Apr-19, 05:22:07 
27-Apr-19, 05:22:21 
27-Apr-19, 05:22:22 
27-Apr-19, 05:22:27 
27-Apr-19, 05:22:31 
27-Apr-19, 05:22:36 
27-Apr-19, 05:22:37 
27-Apr-19, 05:22:42 
27-Apr-19, 05:22:46 
27-Apr-19, 05:22:51 
27-Apr-19, 05:22:52 
27-Apr-19, 05:22:56 
27-Apr-19, 05:22:57 
27-Apr-19, 05:23:01 
27-Apr-19, 05:23:06 
27-Apr-19, 05:23:07 
27-Apr-19, 05:23:21 
27-Apr-19, 05:23:22 
27-Apr-19, 05:23:27 
27-Apr-19, 05:23:31 
27-Apr-19, 05:23:36 
27-Apr-19, 05:23:37 
27-Apr-19, 05:23:41 
27-Apr-19, 05:23:42 
27-Apr-19, 05:23:46 
27-Apr-19, 05:23:51 
27-Apr-19, 05:23:52 
27-Apr-19, 05:23:57 
27-Apr-19, 05:24:01 
27-Apr-19, 05:24:06 
27-Apr-19, 05:24:21 
27-Apr-19, 05:24:22 
27-Apr-19, 05:24:31 
27-Apr-19, 05:24:36 
27-Apr-19, 05:24:37 
27-Apr-19, 05:24:42 
27-Apr-19, 05:24:46 
27-Apr-19, 05:24:51 
27-Apr-19, 05:24:57 
27-Apr-19, 05:25:01 
27-Apr-19, 05:25:06 
27-Apr-19, 05:25:07 
27-Apr-19, 05:25:21 
27-Apr-19, 05:25:22 
27-Apr-19, 05:25:27 
27-Apr-19, 05:25:31 
27-Apr-19, 05:25:36 
27-Apr-19, 05:25:37 
27-Apr-19, 05:25:42 
27-Apr-19, 05:25:46 
27-Apr-19, 05:25:51 
27-Apr-19, 05:25:52 
27-Apr-19, 05:25:57 
27-Apr-19, 05:26:01 
27-Apr-19, 05:26:06 
27-Apr-19, 05:26:07 
27-Apr-19, 05:26:21 
27-Apr-19, 05:26:22 
27-Apr-19, 05:26:27 
27-Apr-19, 05:26:31 
27-Apr-19, 05:26:36 
27-Apr-19, 05:26:37 
27-Apr-19, 05:26:42 
27-Apr-19, 05:26:46 
27-Apr-19, 05:26:51 
27-Apr-19, 05:26:52 
27-Apr-19, 05:26:57 
27-Apr-19, 05:27:01 
27-Apr-19, 05:27:06 
27-Apr-19, 05:27:27 
27-Apr-19, 05:27:31 
27-Apr-19, 05:27:36 
27-Apr-19, 05:27:37 
27-Apr-19, 05:27:42 
27-Apr-19, 05:27:46 
27-Apr-19, 05:27:51 
27-Apr-19, 05:27:52 
27-Apr-19, 05:27:57 
27-Apr-19, 05:28:01 
27-Apr-19, 05:28:06 
27-Apr-19, 05:28:07 
27-Apr-19, 05:28:21 
27-Apr-19, 05:28:22 
27-Apr-19, 05:28:27 
27-Apr-19, 05:28:31 
27-Apr-19, 05:28:36 
27-Apr-19, 05:28:37 
27-Apr-19, 05:28:41 
27-Apr-19, 05:28:42 
27-Apr-19, 05:28:46 
27-Apr-19, 05:28:51 
27-Apr-19, 05:28:52 
27-Apr-19, 05:28:57 
27-Apr-19, 05:29:06 
27-Apr-19, 05:29:07 
27-Apr-19, 05:29:16 
27-Apr-19, 05:29:21 
27-Apr-19, 05:29:31 
27-Apr-19, 05:29:36 
27-Apr-19, 05:29:37 
27-Apr-19, 05:29:42 
27-Apr-19, 05:29:52 
27-Apr-19, 05:29:57 
27-Apr-19, 05:29:57 
27-Apr-19, 05:30:07 
27-Apr-19, 05:30:07 
27-Apr-19, 05:30:22 
27-Apr-19, 05:30:27 
27-Apr-19, 05:30:27 
27-Apr-19, 05:30:37 
27-Apr-19, 05:30:37 
27-Apr-19, 05:30:42 
27-Apr-19, 05:30:52 
27-Apr-19, 05:30:57 
27-Apr-19, 05:30:57 
27-Apr-19, 05:31:22 
27-Apr-19, 05:31:27 
27-Apr-19, 05:31:27 
27-Apr-19, 05:31:37 
27-Apr-19, 05:31:37 
27-Apr-19, 05:31:42 
27-Apr-19, 05:31:52 
27-Apr-19, 05:31:57 
27-Apr-19, 05:31:57 
27-Apr-19, 05:32:02 
27-Apr-19, 05:32:07 
27-Apr-19, 05:32:07 
27-Apr-19, 05:32:22 
27-Apr-19, 05:32:27 
27-Apr-19, 05:32:27 
27-Apr-19, 05:32:32 
27-Apr-19, 05:32:37 
27-Apr-19, 05:32:37 
27-Apr-19, 05:32:42 
27-Apr-19, 05:32:47 
27-Apr-19, 05:32:47 
27-Apr-19, 05:32:52 
27-Apr-19, 05:33:02 
27-Apr-19, 05:33:07 
27-Apr-19, 05:33:07 
27-Apr-19, 05:33:22 
27-Apr-19, 05:33:27 
27-Apr-19, 05:33:27 
27-Apr-19, 05:33:37 
27-Apr-19, 05:33:37 
27-Apr-19, 05:33:42 
27-Apr-19, 05:33:52 
27-Apr-19, 05:33:57 
27-Apr-19, 05:33:57 
27-Apr-19, 05:34:22 
27-Apr-19, 05:34:27 
27-Apr-19, 05:34:27 
27-Apr-19, 05:34:37 
27-Apr-19, 05:34:37 
27-Apr-19, 05:34:42 
27-Apr-19, 05:34:52 
27-Apr-19, 05:34:57 
27-Apr-19, 05:34:57 
27-Apr-19, 05:35:07 
27-Apr-19, 05:35:07 
27-Apr-19, 05:35:22 
27-Apr-19, 05:35:27 
27-Apr-19, 05:35:27 
27-Apr-19, 05:35:37 
27-Apr-19, 05:35:37 
27-Apr-19, 05:35:42 
27-Apr-19, 05:35:52 
27-Apr-19, 05:35:57 
27-Apr-19, 05:35:57 
27-Apr-19, 05:36:07 
27-Apr-19, 05:36:07 
27-Apr-19, 05:36:22 
27-Apr-19, 05:36:27 
27-Apr-19, 05:36:27 
27-Apr-19, 05:36:42 
27-Apr-19, 05:36:52 
27-Apr-19, 05:36:57 
27-Apr-19, 05:36:58 
27-Apr-19, 05:37:03 
27-Apr-19, 05:37:07 
27-Apr-19, 05:37:22 
27-Apr-19, 05:37:28 
27-Apr-19, 05:37:33 
27-Apr-19, 05:37:37 
27-Apr-19, 05:37:42 
27-Apr-19, 05:37:43 
27-Apr-19, 05:37:48 
27-Apr-19, 05:37:52 
27-Apr-19, 05:37:58 
27-Apr-19, 05:38:03 
27-Apr-19, 05:38:07 
27-Apr-19, 05:38:12 
27-Apr-19, 05:38:22 
27-Apr-19, 05:38:27 
27-Apr-19, 05:38:28 
27-Apr-19, 05:38:33 
27-Apr-19, 05:38:37 
27-Apr-19, 05:38:42 
27-Apr-19, 05:38:43 
27-Apr-19, 05:38:47 
27-Apr-19, 05:38:48 
27-Apr-19, 05:38:52 
27-Apr-19, 05:38:57 
27-Apr-19, 05:38:58 
27-Apr-19, 05:39:03 
27-Apr-19, 05:39:18 
27-Apr-19, 05:39:22 
27-Apr-19, 05:39:27 
27-Apr-19, 05:39:28 
27-Apr-19, 05:39:33 
27-Apr-19, 05:39:37 
27-Apr-19, 05:39:42 
27-Apr-19, 05:39:43 
27-Apr-19, 05:39:48 
27-Apr-19, 05:39:52 
27-Apr-19, 05:39:57 
27-Apr-19, 05:39:58 
27-Apr-19, 05:40:03 
27-Apr-19, 05:40:07 
27-Apr-19, 05:40:18 
27-Apr-19, 05:40:22 
27-Apr-19, 05:40:27 
27-Apr-19, 05:40:28 
27-Apr-19, 05:40:33 
27-Apr-19, 05:40:37 
27-Apr-19, 05:40:42 
27-Apr-19, 05:40:43 
27-Apr-19, 05:40:48 
27-Apr-19, 05:40:52 
27-Apr-19, 04:57:51 
27-Apr-19, 04:58:01 
27-Apr-19, 04:58:06 
27-Apr-19, 04:58:21 
27-Apr-19, 04:58:25 
27-Apr-19, 04:58:26 
27-Apr-19, 04:58:30 
27-Apr-19, 04:58:31 
27-Apr-19, 04:58:36 
27-Apr-19, 04:58:40 
27-Apr-19, 04:58:45 
27-Apr-19, 04:58:46 
27-Apr-19, 04:58:51 
27-Apr-19, 04:58:55 
27-Apr-19, 04:58:56 
27-Apr-19, 04:59:00 
27-Apr-19, 04:59:01 
27-Apr-19, 04:59:06 
27-Apr-19, 04:59:21 
27-Apr-19, 04:59:25 
27-Apr-19, 04:59:30 
27-Apr-19, 04:59:31 
27-Apr-19, 04:59:35 
27-Apr-19, 04:59:36 
27-Apr-19, 04:59:40 
27-Apr-19, 04:59:46 
27-Apr-19, 04:59:51 
27-Apr-19, 04:59:55 
27-Apr-19, 05:00:00 
27-Apr-19, 05:00:01 
27-Apr-19, 05:00:10 
27-Apr-19, 05:00:16 
