date,time
25-Apr-19, 19:19:40 
25-Apr-19, 19:19:40 
25-Apr-19, 19:19:45 
25-Apr-19, 19:19:45 
25-Apr-19, 19:19:55 
25-Apr-19, 19:19:55 
25-Apr-19, 19:20:00 
25-Apr-19, 19:20:00 
25-Apr-19, 19:20:05 
25-Apr-19, 19:20:05 
25-Apr-19, 19:20:10 
25-Apr-19, 19:20:10 
25-Apr-19, 19:20:15 
25-Apr-19, 19:20:15 
25-Apr-19, 19:20:20 
25-Apr-19, 19:20:20 
25-Apr-19, 19:20:25 
25-Apr-19, 19:20:25 
25-Apr-19, 19:20:30 
25-Apr-19, 19:20:30 
25-Apr-19, 19:20:35 
25-Apr-19, 19:20:35 
25-Apr-19, 19:20:40 
25-Apr-19, 19:20:40 
25-Apr-19, 19:20:45 
25-Apr-19, 19:20:45 
25-Apr-19, 19:20:55 
25-Apr-19, 19:20:55 
25-Apr-19, 19:21:00 
25-Apr-19, 19:21:00 
25-Apr-19, 19:21:10 
25-Apr-19, 19:21:10 
25-Apr-19, 19:21:15 
25-Apr-19, 19:21:15 
25-Apr-19, 19:21:25 
25-Apr-19, 19:21:25 
25-Apr-19, 19:21:30 
25-Apr-19, 19:21:30 
25-Apr-19, 19:21:40 
25-Apr-19, 19:21:40 
25-Apr-19, 19:21:45 
25-Apr-19, 19:21:45 
25-Apr-19, 19:21:55 
25-Apr-19, 19:21:55 
25-Apr-19, 19:22:00 
25-Apr-19, 19:22:00 
25-Apr-19, 19:22:05 
25-Apr-19, 19:22:05 
25-Apr-19, 19:22:10 
25-Apr-19, 19:22:10 
25-Apr-19, 19:22:15 
25-Apr-19, 19:22:15 
25-Apr-19, 19:22:25 
25-Apr-19, 19:22:25 
25-Apr-19, 19:22:30 
25-Apr-19, 19:22:30 
25-Apr-19, 19:22:35 
25-Apr-19, 19:22:35 
25-Apr-19, 19:22:40 
25-Apr-19, 19:22:45 
25-Apr-19, 19:22:45 
25-Apr-19, 19:22:55 
25-Apr-19, 19:22:55 
25-Apr-19, 19:23:00 
25-Apr-19, 19:23:00 
25-Apr-19, 19:23:05 
25-Apr-19, 19:23:05 
25-Apr-19, 19:23:10 
25-Apr-19, 19:23:10 
25-Apr-19, 19:23:15 
25-Apr-19, 19:23:15 
25-Apr-19, 19:23:25 
25-Apr-19, 19:23:25 
25-Apr-19, 19:23:30 
25-Apr-19, 19:23:30 
25-Apr-19, 19:23:35 
25-Apr-19, 19:23:35 
25-Apr-19, 19:23:45 
25-Apr-19, 19:23:45 
25-Apr-19, 19:23:55 
25-Apr-19, 19:23:55 
25-Apr-19, 19:24:00 
25-Apr-19, 19:24:00 
25-Apr-19, 19:24:05 
25-Apr-19, 19:24:05 
25-Apr-19, 19:24:10 
25-Apr-19, 19:24:10 
25-Apr-19, 19:24:15 
25-Apr-19, 19:24:15 
25-Apr-19, 19:24:25 
25-Apr-19, 19:24:25 
25-Apr-19, 19:24:30 
25-Apr-19, 19:24:30 
25-Apr-19, 19:24:35 
25-Apr-19, 19:24:35 
25-Apr-19, 19:24:40 
25-Apr-19, 19:24:40 
25-Apr-19, 19:24:45 
25-Apr-19, 19:24:45 
25-Apr-19, 19:24:55 
25-Apr-19, 19:24:55 
25-Apr-19, 19:25:00 
25-Apr-19, 19:25:00 
25-Apr-19, 19:25:05 
25-Apr-19, 19:26:55 
25-Apr-19, 19:27:00 
25-Apr-19, 19:27:00 
25-Apr-19, 19:27:05 
25-Apr-19, 19:27:05 
25-Apr-19, 19:27:10 
25-Apr-19, 19:27:10 
25-Apr-19, 19:27:15 
25-Apr-19, 19:27:15 
25-Apr-19, 19:27:25 
25-Apr-19, 19:27:25 
25-Apr-19, 19:27:30 
25-Apr-19, 19:27:30 
25-Apr-19, 19:27:35 
25-Apr-19, 19:27:35 
25-Apr-19, 19:27:40 
25-Apr-19, 19:27:40 
25-Apr-19, 19:27:45 
25-Apr-19, 19:27:45 
25-Apr-19, 19:28:00 
25-Apr-19, 19:28:00 
25-Apr-19, 19:28:05 
25-Apr-19, 19:28:05 
25-Apr-19, 19:28:10 
25-Apr-19, 19:28:10 
25-Apr-19, 19:28:15 
25-Apr-19, 19:28:15 
25-Apr-19, 19:28:25 
25-Apr-19, 19:28:25 
25-Apr-19, 19:28:30 
25-Apr-19, 19:28:30 
25-Apr-19, 19:28:35 
25-Apr-19, 19:28:35 
25-Apr-19, 19:28:40 
25-Apr-19, 19:28:40 
25-Apr-19, 19:28:45 
25-Apr-19, 19:28:45 
25-Apr-19, 19:28:55 
25-Apr-19, 19:28:55 
25-Apr-19, 19:29:00 
25-Apr-19, 19:29:00 
25-Apr-19, 19:29:05 
25-Apr-19, 19:29:05 
25-Apr-19, 19:29:10 
25-Apr-19, 19:29:10 
25-Apr-19, 19:29:15 
25-Apr-19, 19:29:15 
25-Apr-19, 19:29:25 
25-Apr-19, 19:29:25 
25-Apr-19, 19:29:30 
25-Apr-19, 19:29:30 
25-Apr-19, 19:29:35 
25-Apr-19, 19:29:40 
25-Apr-19, 19:29:40 
25-Apr-19, 19:29:45 
25-Apr-19, 19:29:45 
25-Apr-19, 19:29:50 
25-Apr-19, 19:29:50 
25-Apr-19, 19:29:55 
25-Apr-19, 19:29:55 
25-Apr-19, 19:30:00 
25-Apr-19, 19:30:00 
25-Apr-19, 19:30:05 
25-Apr-19, 19:30:05 
25-Apr-19, 19:30:10 
25-Apr-19, 19:30:10 
25-Apr-19, 19:30:15 
25-Apr-19, 19:30:15 
25-Apr-19, 19:30:25 
25-Apr-19, 19:30:25 
25-Apr-19, 19:30:35 
25-Apr-19, 19:30:35 
25-Apr-19, 19:30:40 
25-Apr-19, 19:30:40 
25-Apr-19, 19:30:45 
25-Apr-19, 19:30:46 
25-Apr-19, 19:30:51 
25-Apr-19, 19:30:51 
25-Apr-19, 19:31:01 
25-Apr-19, 19:31:01 
25-Apr-19, 19:31:06 
25-Apr-19, 19:31:06 
25-Apr-19, 19:31:11 
25-Apr-19, 19:31:11 
25-Apr-19, 19:31:16 
25-Apr-19, 19:31:16 
25-Apr-19, 19:31:31 
25-Apr-19, 19:31:31 
25-Apr-19, 19:31:36 
25-Apr-19, 19:31:36 
25-Apr-19, 19:31:41 
25-Apr-19, 19:31:41 
25-Apr-19, 19:31:46 
25-Apr-19, 19:31:46 
25-Apr-19, 19:31:51 
25-Apr-19, 19:31:51 
25-Apr-19, 19:31:56 
25-Apr-19, 19:31:56 
25-Apr-19, 19:32:01 
25-Apr-19, 19:32:01 
25-Apr-19, 19:32:06 
25-Apr-19, 19:32:06 
25-Apr-19, 19:32:11 
25-Apr-19, 19:32:11 
25-Apr-19, 19:32:16 
25-Apr-19, 19:32:16 
25-Apr-19, 19:32:26 
25-Apr-19, 19:32:26 
25-Apr-19, 19:32:31 
25-Apr-19, 19:32:31 
25-Apr-19, 19:32:41 
25-Apr-19, 19:32:41 
25-Apr-19, 19:32:51 
25-Apr-19, 19:32:51 
25-Apr-19, 19:33:01 
25-Apr-19, 19:33:01 
25-Apr-19, 19:33:06 
25-Apr-19, 19:33:06 
25-Apr-19, 19:33:11 
25-Apr-19, 19:33:11 
25-Apr-19, 19:33:16 
25-Apr-19, 19:33:16 
25-Apr-19, 19:33:21 
25-Apr-19, 19:33:21 
25-Apr-19, 19:33:31 
25-Apr-19, 19:33:31 
25-Apr-19, 19:33:36 
25-Apr-19, 19:33:36 
25-Apr-19, 19:33:41 
25-Apr-19, 19:33:41 
25-Apr-19, 19:33:46 
25-Apr-19, 19:33:51 
25-Apr-19, 19:33:51 
25-Apr-19, 19:34:01 
25-Apr-19, 19:34:01 
25-Apr-19, 19:34:06 
25-Apr-19, 19:34:06 
25-Apr-19, 19:34:11 
25-Apr-19, 19:34:11 
25-Apr-19, 19:34:16 
25-Apr-19, 19:34:16 
25-Apr-19, 19:34:21 
25-Apr-19, 19:34:21 
25-Apr-19, 19:34:31 
25-Apr-19, 19:34:31 
25-Apr-19, 19:34:36 
25-Apr-19, 19:34:36 
25-Apr-19, 19:35:01 
25-Apr-19, 19:35:01 
25-Apr-19, 19:35:06 
25-Apr-19, 19:35:06 
25-Apr-19, 19:35:11 
25-Apr-19, 19:35:11 
25-Apr-19, 19:35:21 
25-Apr-19, 19:35:21 
25-Apr-19, 19:35:26 
25-Apr-19, 19:35:26 
25-Apr-19, 19:35:31 
25-Apr-19, 19:35:31 
25-Apr-19, 19:35:36 
25-Apr-19, 19:35:36 
25-Apr-19, 19:35:41 
25-Apr-19, 19:35:41 
25-Apr-19, 19:35:46 
25-Apr-19, 19:35:46 
25-Apr-19, 19:35:51 
25-Apr-19, 19:35:51 
25-Apr-19, 19:35:56 
25-Apr-19, 19:35:56 
25-Apr-19, 19:36:01 
25-Apr-19, 19:36:01 
25-Apr-19, 19:36:06 
25-Apr-19, 19:36:06 
25-Apr-19, 19:36:11 
25-Apr-19, 19:36:16 
25-Apr-19, 19:36:16 
25-Apr-19, 19:36:21 
25-Apr-19, 19:36:21 
25-Apr-19, 19:36:31 
25-Apr-19, 19:36:31 
25-Apr-19, 19:36:36 
25-Apr-19, 19:36:41 
25-Apr-19, 19:36:41 
25-Apr-19, 19:36:46 
25-Apr-19, 19:36:46 
25-Apr-19, 19:36:51 
25-Apr-19, 19:36:51 
25-Apr-19, 19:37:01 
25-Apr-19, 19:37:01 
25-Apr-19, 19:37:06 
25-Apr-19, 19:37:06 
25-Apr-19, 19:37:11 
25-Apr-19, 19:37:11 
25-Apr-19, 19:37:16 
25-Apr-19, 19:37:16 
25-Apr-19, 19:37:21 
25-Apr-19, 19:37:21 
25-Apr-19, 19:37:26 
25-Apr-19, 19:37:26 
25-Apr-19, 19:37:31 
25-Apr-19, 19:37:31 
25-Apr-19, 19:37:36 
25-Apr-19, 19:37:36 
25-Apr-19, 19:37:41 
25-Apr-19, 19:37:41 
25-Apr-19, 19:37:46 
25-Apr-19, 19:37:46 
25-Apr-19, 19:38:01 
25-Apr-19, 19:38:01 
25-Apr-19, 19:38:06 
25-Apr-19, 19:38:06 
25-Apr-19, 19:38:11 
25-Apr-19, 19:38:11 
25-Apr-19, 19:38:16 
25-Apr-19, 19:38:16 
25-Apr-19, 19:38:21 
25-Apr-19, 19:38:21 
25-Apr-19, 19:38:31 
25-Apr-19, 19:38:31 
25-Apr-19, 19:38:36 
25-Apr-19, 19:38:36 
25-Apr-19, 19:38:41 
25-Apr-19, 19:38:41 
25-Apr-19, 19:38:46 
25-Apr-19, 19:38:46 
25-Apr-19, 19:38:51 
25-Apr-19, 19:38:51 
25-Apr-19, 19:39:01 
25-Apr-19, 19:39:01 
25-Apr-19, 19:39:06 
25-Apr-19, 19:39:06 
25-Apr-19, 19:39:11 
25-Apr-19, 19:39:11 
25-Apr-19, 19:39:16 
25-Apr-19, 19:39:16 
25-Apr-19, 19:39:26 
25-Apr-19, 19:39:26 
25-Apr-19, 19:39:31 
25-Apr-19, 19:39:31 
25-Apr-19, 19:39:36 
25-Apr-19, 19:39:36 
25-Apr-19, 19:39:41 
25-Apr-19, 19:39:41 
25-Apr-19, 19:39:46 
25-Apr-19, 19:39:46 
25-Apr-19, 19:39:51 
25-Apr-19, 19:39:51 
25-Apr-19, 19:40:01 
25-Apr-19, 19:40:01 
25-Apr-19, 19:40:06 
25-Apr-19, 19:40:06 
25-Apr-19, 19:40:11 
25-Apr-19, 19:40:11 
25-Apr-19, 19:40:16 
25-Apr-19, 19:40:16 
25-Apr-19, 19:40:21 
25-Apr-19, 19:40:21 
25-Apr-19, 19:40:31 
25-Apr-19, 19:40:31 
25-Apr-19, 19:40:36 
25-Apr-19, 19:40:36 
25-Apr-19, 19:40:41 
25-Apr-19, 19:40:41 
25-Apr-19, 19:40:46 
25-Apr-19, 19:40:46 
25-Apr-19, 19:40:51 
25-Apr-19, 19:40:51 
25-Apr-19, 19:40:56 
25-Apr-19, 19:40:56 
25-Apr-19, 19:41:01 
25-Apr-19, 19:41:01 
25-Apr-19, 19:41:06 
25-Apr-19, 19:41:06 
25-Apr-19, 19:41:11 
25-Apr-19, 19:41:11 
25-Apr-19, 19:41:16 
25-Apr-19, 19:41:16 
25-Apr-19, 19:41:21 
25-Apr-19, 19:41:21 
25-Apr-19, 19:41:31 
25-Apr-19, 19:41:31 
25-Apr-19, 19:41:41 
25-Apr-19, 19:41:41 
25-Apr-19, 19:41:46 
25-Apr-19, 19:41:46 
25-Apr-19, 19:41:51 
25-Apr-19, 14:42:33 
25-Apr-19, 14:42:38 
25-Apr-19, 14:42:43 
25-Apr-19, 14:42:48 
25-Apr-19, 14:42:58 
25-Apr-19, 14:43:03 
25-Apr-19, 14:43:08 
25-Apr-19, 14:43:13 
25-Apr-19, 14:43:18 
25-Apr-19, 14:43:23 
25-Apr-19, 14:43:28 
25-Apr-19, 14:43:33 
25-Apr-19, 14:43:38 
25-Apr-19, 14:43:43 
25-Apr-19, 14:43:48 
25-Apr-19, 14:43:53 
25-Apr-19, 14:43:58 
25-Apr-19, 14:44:03 
25-Apr-19, 14:44:08 
25-Apr-19, 14:44:13 
25-Apr-19, 14:44:18 
25-Apr-19, 14:44:23 
25-Apr-19, 14:44:28 
25-Apr-19, 14:44:33 
25-Apr-19, 14:44:38 
25-Apr-19, 14:44:43 
25-Apr-19, 14:44:48 
25-Apr-19, 14:44:53 
25-Apr-19, 14:44:58 
25-Apr-19, 14:45:03 
25-Apr-19, 14:45:08 
25-Apr-19, 14:45:13 
25-Apr-19, 14:45:18 
25-Apr-19, 14:45:23 
25-Apr-19, 14:45:28 
25-Apr-19, 14:45:33 
25-Apr-19, 14:45:38 
25-Apr-19, 14:45:43 
25-Apr-19, 14:45:48 
25-Apr-19, 14:45:53 
25-Apr-19, 14:45:58 
25-Apr-19, 14:46:03 
25-Apr-19, 14:46:08 
25-Apr-19, 14:46:13 
25-Apr-19, 14:46:23 
25-Apr-19, 14:46:28 
25-Apr-19, 14:46:33 
25-Apr-19, 14:46:38 
25-Apr-19, 14:46:43 
25-Apr-19, 14:46:48 
25-Apr-19, 14:46:53 
25-Apr-19, 14:46:58 
25-Apr-19, 14:47:03 
25-Apr-19, 14:47:08 
25-Apr-19, 14:47:13 
25-Apr-19, 14:47:18 
25-Apr-19, 14:47:23 
25-Apr-19, 14:47:28 
25-Apr-19, 14:47:33 
25-Apr-19, 14:47:38 
25-Apr-19, 14:47:43 
25-Apr-19, 14:47:48 
25-Apr-19, 14:47:53 
25-Apr-19, 14:47:58 
25-Apr-19, 14:48:03 
25-Apr-19, 14:48:08 
25-Apr-19, 14:48:13 
25-Apr-19, 14:48:18 
25-Apr-19, 14:48:23 
25-Apr-19, 14:48:28 
25-Apr-19, 14:48:33 
25-Apr-19, 14:48:38 
25-Apr-19, 14:48:43 
25-Apr-19, 14:48:48 
25-Apr-19, 14:48:53 
25-Apr-19, 14:48:58 
25-Apr-19, 14:49:03 
25-Apr-19, 14:49:08 
25-Apr-19, 14:49:13 
25-Apr-19, 14:49:18 
25-Apr-19, 14:49:23 
25-Apr-19, 14:49:28 
25-Apr-19, 14:49:33 
25-Apr-19, 14:49:38 
25-Apr-19, 14:49:43 
25-Apr-19, 14:49:48 
25-Apr-19, 14:49:53 
25-Apr-19, 14:49:58 
25-Apr-19, 14:50:03 
25-Apr-19, 14:50:08 
25-Apr-19, 14:50:13 
25-Apr-19, 14:50:18 
25-Apr-19, 14:50:23 
25-Apr-19, 14:50:28 
25-Apr-19, 14:50:33 
25-Apr-19, 14:50:38 
25-Apr-19, 14:50:43 
25-Apr-19, 14:50:48 
25-Apr-19, 14:50:53 
25-Apr-19, 14:50:58 
25-Apr-19, 14:51:03 
25-Apr-19, 14:51:08 
25-Apr-19, 14:51:13 
25-Apr-19, 14:51:18 
25-Apr-19, 14:51:23 
25-Apr-19, 14:51:28 
25-Apr-19, 14:51:33 
25-Apr-19, 14:51:38 
25-Apr-19, 14:51:43 
25-Apr-19, 14:51:48 
25-Apr-19, 14:51:53 
25-Apr-19, 14:51:58 
25-Apr-19, 14:52:03 
25-Apr-19, 14:52:08 
25-Apr-19, 14:52:13 
25-Apr-19, 14:52:23 
25-Apr-19, 14:52:28 
25-Apr-19, 14:52:33 
25-Apr-19, 14:52:38 
25-Apr-19, 14:52:44 
25-Apr-19, 14:52:49 
25-Apr-19, 14:52:54 
25-Apr-19, 14:52:59 
25-Apr-19, 14:53:04 
25-Apr-19, 14:53:09 
25-Apr-19, 14:53:14 
25-Apr-19, 14:53:19 
25-Apr-19, 14:53:24 
25-Apr-19, 14:53:29 
25-Apr-19, 14:53:34 
25-Apr-19, 14:53:39 
25-Apr-19, 14:53:44 
25-Apr-19, 14:53:49 
25-Apr-19, 14:53:54 
25-Apr-19, 14:53:59 
25-Apr-19, 14:54:04 
25-Apr-19, 14:54:19 
25-Apr-19, 14:54:24 
25-Apr-19, 14:54:29 
25-Apr-19, 14:54:34 
25-Apr-19, 14:54:39 
25-Apr-19, 14:54:44 
25-Apr-19, 14:54:49 
25-Apr-19, 14:54:54 
25-Apr-19, 14:54:59 
25-Apr-19, 14:55:04 
25-Apr-19, 14:55:09 
25-Apr-19, 14:55:14 
25-Apr-19, 14:55:19 
25-Apr-19, 14:55:19 
25-Apr-19, 14:55:24 
25-Apr-19, 14:55:24 
25-Apr-19, 14:55:29 
25-Apr-19, 14:55:29 
25-Apr-19, 14:55:34 
25-Apr-19, 14:55:34 
25-Apr-19, 14:55:39 
25-Apr-19, 14:55:39 
25-Apr-19, 14:55:44 
25-Apr-19, 14:55:44 
25-Apr-19, 14:55:49 
25-Apr-19, 14:55:49 
25-Apr-19, 14:55:54 
25-Apr-19, 14:55:54 
25-Apr-19, 14:55:59 
25-Apr-19, 14:55:59 
25-Apr-19, 14:56:04 
25-Apr-19, 14:56:04 
25-Apr-19, 14:56:09 
25-Apr-19, 14:56:09 
25-Apr-19, 14:56:14 
25-Apr-19, 14:56:14 
25-Apr-19, 14:56:19 
25-Apr-19, 14:56:19 
25-Apr-19, 14:56:24 
25-Apr-19, 14:56:24 
25-Apr-19, 14:56:29 
25-Apr-19, 14:56:29 
25-Apr-19, 14:56:34 
25-Apr-19, 14:56:34 
25-Apr-19, 14:56:44 
25-Apr-19, 14:56:44 
25-Apr-19, 14:56:49 
25-Apr-19, 14:56:49 
25-Apr-19, 14:56:54 
25-Apr-19, 14:56:54 
25-Apr-19, 14:56:59 
25-Apr-19, 14:57:00 
25-Apr-19, 14:57:04 
25-Apr-19, 14:57:05 
25-Apr-19, 14:57:09 
25-Apr-19, 14:57:10 
25-Apr-19, 14:57:14 
25-Apr-19, 14:57:15 
25-Apr-19, 14:57:19 
25-Apr-19, 14:57:20 
25-Apr-19, 14:57:30 
25-Apr-19, 14:57:30 
25-Apr-19, 14:57:35 
25-Apr-19, 14:57:35 
25-Apr-19, 14:57:45 
25-Apr-19, 14:57:45 
25-Apr-19, 14:57:50 
25-Apr-19, 14:57:50 
25-Apr-19, 14:57:55 
25-Apr-19, 14:57:55 
25-Apr-19, 14:58:00 
25-Apr-19, 14:58:00 
25-Apr-19, 14:58:05 
25-Apr-19, 14:58:05 
25-Apr-19, 14:58:10 
25-Apr-19, 14:58:10 
25-Apr-19, 14:58:15 
25-Apr-19, 14:58:15 
25-Apr-19, 14:58:20 
25-Apr-19, 14:58:20 
25-Apr-19, 14:58:25 
25-Apr-19, 14:58:25 
25-Apr-19, 14:58:30 
25-Apr-19, 14:58:30 
25-Apr-19, 14:58:35 
25-Apr-19, 14:58:35 
25-Apr-19, 14:58:40 
25-Apr-19, 14:58:40 
25-Apr-19, 14:58:45 
25-Apr-19, 14:58:45 
25-Apr-19, 14:58:50 
25-Apr-19, 14:58:50 
25-Apr-19, 14:58:55 
25-Apr-19, 14:58:55 
25-Apr-19, 14:59:00 
25-Apr-19, 14:59:00 
25-Apr-19, 14:59:05 
25-Apr-19, 14:59:10 
25-Apr-19, 14:59:10 
25-Apr-19, 14:59:15 
25-Apr-19, 14:59:15 
25-Apr-19, 14:59:20 
25-Apr-19, 14:59:20 
25-Apr-19, 14:59:25 
25-Apr-19, 14:59:25 
25-Apr-19, 14:59:30 
25-Apr-19, 14:59:30 
25-Apr-19, 14:59:35 
25-Apr-19, 14:59:35 
25-Apr-19, 14:59:40 
25-Apr-19, 14:59:40 
25-Apr-19, 14:59:45 
25-Apr-19, 14:59:45 
25-Apr-19, 14:59:50 
25-Apr-19, 14:59:50 
25-Apr-19, 14:59:55 
25-Apr-19, 14:59:55 
25-Apr-19, 15:00:00 
25-Apr-19, 15:00:00 
25-Apr-19, 15:00:05 
25-Apr-19, 15:00:05 
25-Apr-19, 15:00:10 
25-Apr-19, 15:00:15 
25-Apr-19, 15:00:15 
25-Apr-19, 15:00:20 
25-Apr-19, 15:00:25 
25-Apr-19, 15:00:25 
25-Apr-19, 15:00:30 
25-Apr-19, 15:00:30 
25-Apr-19, 15:00:35 
25-Apr-19, 15:00:35 
25-Apr-19, 15:00:45 
25-Apr-19, 15:00:45 
25-Apr-19, 15:00:50 
25-Apr-19, 15:00:50 
25-Apr-19, 15:00:55 
25-Apr-19, 15:00:55 
25-Apr-19, 15:01:00 
25-Apr-19, 15:01:00 
25-Apr-19, 15:01:05 
25-Apr-19, 15:01:05 
25-Apr-19, 15:01:10 
25-Apr-19, 15:01:10 
25-Apr-19, 15:01:15 
25-Apr-19, 15:01:15 
25-Apr-19, 15:01:20 
25-Apr-19, 15:01:20 
25-Apr-19, 15:01:25 
25-Apr-19, 15:01:25 
25-Apr-19, 15:01:30 
25-Apr-19, 15:01:30 
25-Apr-19, 15:01:35 
25-Apr-19, 15:01:35 
25-Apr-19, 15:01:40 
25-Apr-19, 15:01:40 
25-Apr-19, 15:01:45 
25-Apr-19, 15:01:45 
25-Apr-19, 15:01:50 
25-Apr-19, 15:01:50 
25-Apr-19, 15:01:55 
25-Apr-19, 15:01:55 
25-Apr-19, 15:02:00 
25-Apr-19, 15:02:00 
25-Apr-19, 15:02:05 
25-Apr-19, 15:02:05 
25-Apr-19, 15:02:10 
25-Apr-19, 15:02:10 
25-Apr-19, 15:02:15 
25-Apr-19, 15:02:15 
25-Apr-19, 15:02:20 
25-Apr-19, 15:02:20 
25-Apr-19, 15:02:25 
25-Apr-19, 15:02:25 
25-Apr-19, 15:02:30 
25-Apr-19, 15:02:30 
25-Apr-19, 15:02:35 
25-Apr-19, 15:02:35 
25-Apr-19, 15:02:40 
25-Apr-19, 15:02:40 
25-Apr-19, 15:02:45 
25-Apr-19, 15:02:45 
25-Apr-19, 15:02:50 
25-Apr-19, 15:02:50 
25-Apr-19, 15:02:55 
25-Apr-19, 15:02:55 
25-Apr-19, 15:03:00 
25-Apr-19, 15:03:00 
25-Apr-19, 15:03:05 
25-Apr-19, 15:03:05 
25-Apr-19, 15:03:10 
25-Apr-19, 15:03:10 
25-Apr-19, 15:03:15 
25-Apr-19, 15:03:15 
25-Apr-19, 15:03:20 
25-Apr-19, 15:03:20 
25-Apr-19, 15:03:25 
25-Apr-19, 15:03:25 
25-Apr-19, 15:03:30 
25-Apr-19, 15:03:30 
25-Apr-19, 15:03:35 
25-Apr-19, 15:03:35 
25-Apr-19, 15:03:40 
25-Apr-19, 15:03:40 
25-Apr-19, 15:03:45 
25-Apr-19, 15:03:46 
25-Apr-19, 15:03:50 
25-Apr-19, 15:03:51 
25-Apr-19, 15:03:55 
25-Apr-19, 15:03:56 
25-Apr-19, 15:04:00 
25-Apr-19, 15:04:01 
25-Apr-19, 15:04:06 
25-Apr-19, 15:04:06 
25-Apr-19, 15:04:11 
25-Apr-19, 15:04:11 
25-Apr-19, 15:04:16 
25-Apr-19, 15:04:16 
25-Apr-19, 15:04:21 
25-Apr-19, 15:04:21 
25-Apr-19, 15:04:26 
25-Apr-19, 15:04:26 
25-Apr-19, 15:04:31 
25-Apr-19, 15:04:31 
25-Apr-19, 15:04:36 
25-Apr-19, 15:04:36 
25-Apr-19, 15:04:41 
25-Apr-19, 15:04:41 
25-Apr-19, 15:04:46 
25-Apr-19, 15:04:46 
25-Apr-19, 15:04:51 
25-Apr-19, 15:04:51 
25-Apr-19, 15:04:56 
25-Apr-19, 15:04:56 
25-Apr-19, 15:05:01 
25-Apr-19, 15:05:01 
25-Apr-19, 15:05:06 
25-Apr-19, 15:05:06 
25-Apr-19, 15:05:11 
25-Apr-19, 15:05:11 
25-Apr-19, 15:05:21 
25-Apr-19, 15:05:21 
25-Apr-19, 15:05:26 
25-Apr-19, 15:05:26 
25-Apr-19, 15:05:31 
25-Apr-19, 15:05:31 
25-Apr-19, 15:05:36 
25-Apr-19, 15:05:36 
25-Apr-19, 15:05:41 
25-Apr-19, 15:05:41 
25-Apr-19, 15:05:46 
25-Apr-19, 15:05:46 
25-Apr-19, 15:05:51 
25-Apr-19, 15:05:51 
25-Apr-19, 15:05:56 
25-Apr-19, 15:05:56 
25-Apr-19, 15:06:01 
25-Apr-19, 15:06:01 
25-Apr-19, 15:06:06 
25-Apr-19, 15:06:06 
25-Apr-19, 15:06:11 
25-Apr-19, 15:06:11 
25-Apr-19, 15:06:16 
25-Apr-19, 15:06:16 
25-Apr-19, 15:06:21 
25-Apr-19, 15:06:21 
25-Apr-19, 15:06:31 
25-Apr-19, 15:06:31 
25-Apr-19, 15:06:36 
25-Apr-19, 15:06:36 
25-Apr-19, 15:06:41 
25-Apr-19, 15:06:41 
25-Apr-19, 15:06:46 
25-Apr-19, 15:06:46 
25-Apr-19, 15:06:56 
25-Apr-19, 15:06:56 
25-Apr-19, 15:07:01 
25-Apr-19, 15:07:01 
25-Apr-19, 15:07:06 
25-Apr-19, 15:07:06 
25-Apr-19, 15:07:11 
25-Apr-19, 15:07:11 
25-Apr-19, 15:07:16 
25-Apr-19, 15:07:16 
25-Apr-19, 15:07:21 
25-Apr-19, 15:07:21 
25-Apr-19, 15:07:26 
25-Apr-19, 15:07:26 
25-Apr-19, 15:07:31 
25-Apr-19, 15:07:31 
25-Apr-19, 15:07:36 
25-Apr-19, 15:07:36 
25-Apr-19, 15:07:41 
25-Apr-19, 15:07:41 
25-Apr-19, 15:07:46 
25-Apr-19, 15:07:46 
25-Apr-19, 15:07:51 
25-Apr-19, 15:07:51 
25-Apr-19, 15:07:56 
25-Apr-19, 15:07:56 
25-Apr-19, 15:08:01 
25-Apr-19, 15:08:06 
25-Apr-19, 15:08:06 
25-Apr-19, 15:08:11 
25-Apr-19, 15:08:11 
25-Apr-19, 15:08:16 
25-Apr-19, 15:08:16 
25-Apr-19, 15:08:21 
25-Apr-19, 15:08:21 
25-Apr-19, 15:08:26 
25-Apr-19, 15:08:26 
25-Apr-19, 15:08:31 
25-Apr-19, 15:08:31 
28-Apr-19, 06:59:38 
28-Apr-19, 06:59:43 
28-Apr-19, 06:59:48 
28-Apr-19, 06:59:53 
28-Apr-19, 06:59:58 
28-Apr-19, 07:00:03 
28-Apr-19, 07:00:08 
28-Apr-19, 07:00:18 
28-Apr-19, 07:00:23 
28-Apr-19, 07:00:28 
28-Apr-19, 07:00:33 
28-Apr-19, 07:00:38 
28-Apr-19, 07:00:43 
28-Apr-19, 07:00:48 
28-Apr-19, 07:00:53 
28-Apr-19, 07:01:03 
28-Apr-19, 07:01:08 
28-Apr-19, 07:01:13 
28-Apr-19, 07:01:18 
28-Apr-19, 07:01:23 
28-Apr-19, 07:01:28 
28-Apr-19, 07:01:33 
28-Apr-19, 07:01:38 
28-Apr-19, 07:01:43 
28-Apr-19, 07:01:48 
28-Apr-19, 07:01:53 
28-Apr-19, 07:02:03 
28-Apr-19, 07:02:08 
28-Apr-19, 07:02:13 
28-Apr-19, 07:02:18 
28-Apr-19, 07:02:23 
28-Apr-19, 07:02:28 
28-Apr-19, 07:02:33 
28-Apr-19, 07:02:38 
28-Apr-19, 07:02:43 
28-Apr-19, 07:02:48 
28-Apr-19, 07:02:53 
28-Apr-19, 07:02:58 
28-Apr-19, 07:03:03 
28-Apr-19, 07:03:08 
28-Apr-19, 07:03:13 
28-Apr-19, 07:03:18 
28-Apr-19, 07:03:23 
28-Apr-19, 07:03:28 
28-Apr-19, 07:03:33 
28-Apr-19, 07:03:38 
28-Apr-19, 07:03:48 
28-Apr-19, 07:03:53 
28-Apr-19, 07:04:03 
28-Apr-19, 07:04:08 
28-Apr-19, 07:04:13 
28-Apr-19, 07:04:18 
28-Apr-19, 07:04:23 
28-Apr-19, 07:04:28 
28-Apr-19, 07:04:33 
28-Apr-19, 07:04:38 
28-Apr-19, 07:04:43 
28-Apr-19, 07:04:48 
28-Apr-19, 07:04:53 
28-Apr-19, 07:05:03 
28-Apr-19, 07:05:08 
28-Apr-19, 07:05:18 
28-Apr-19, 07:05:23 
28-Apr-19, 07:05:28 
28-Apr-19, 07:05:33 
28-Apr-19, 07:05:38 
28-Apr-19, 07:05:43 
28-Apr-19, 07:05:48 
28-Apr-19, 07:05:53 
28-Apr-19, 07:06:03 
28-Apr-19, 07:06:08 
28-Apr-19, 07:06:13 
28-Apr-19, 07:06:18 
28-Apr-19, 07:06:23 
28-Apr-19, 07:06:28 
28-Apr-19, 07:06:38 
28-Apr-19, 07:06:43 
28-Apr-19, 07:06:48 
28-Apr-19, 07:06:53 
28-Apr-19, 07:07:03 
28-Apr-19, 07:07:08 
28-Apr-19, 07:07:13 
28-Apr-19, 07:07:18 
28-Apr-19, 07:07:23 
28-Apr-19, 07:07:28 
28-Apr-19, 07:07:33 
28-Apr-19, 07:07:38 
28-Apr-19, 07:07:43 
28-Apr-19, 07:07:48 
28-Apr-19, 07:07:53 
28-Apr-19, 07:08:03 
28-Apr-19, 07:08:08 
28-Apr-19, 07:08:13 
28-Apr-19, 07:08:28 
28-Apr-19, 07:08:33 
28-Apr-19, 07:08:38 
28-Apr-19, 07:08:43 
28-Apr-19, 07:08:48 
28-Apr-19, 07:08:53 
28-Apr-19, 07:09:03 
28-Apr-19, 07:09:08 
28-Apr-19, 07:09:13 
28-Apr-19, 07:09:18 
28-Apr-19, 07:09:23 
28-Apr-19, 07:09:28 
28-Apr-19, 07:09:33 
28-Apr-19, 07:09:38 
28-Apr-19, 07:09:43 
28-Apr-19, 07:09:48 
28-Apr-19, 07:09:53 
28-Apr-19, 07:10:08 
28-Apr-19, 07:10:13 
28-Apr-19, 07:10:18 
28-Apr-19, 07:10:23 
28-Apr-19, 07:10:28 
28-Apr-19, 07:10:33 
28-Apr-19, 07:10:38 
28-Apr-19, 07:10:43 
28-Apr-19, 07:10:48 
28-Apr-19, 07:10:53 
28-Apr-19, 07:11:03 
28-Apr-19, 07:11:08 
28-Apr-19, 07:11:18 
28-Apr-19, 07:11:23 
28-Apr-19, 07:11:28 
28-Apr-19, 07:11:33 
28-Apr-19, 07:11:38 
28-Apr-19, 07:11:43 
28-Apr-19, 07:11:53 
28-Apr-19, 07:12:08 
28-Apr-19, 07:12:13 
28-Apr-19, 07:12:18 
28-Apr-19, 07:12:23 
28-Apr-19, 07:12:28 
28-Apr-19, 07:12:33 
28-Apr-19, 07:12:38 
28-Apr-19, 07:12:43 
28-Apr-19, 07:12:48 
28-Apr-19, 07:12:53 
28-Apr-19, 07:13:03 
28-Apr-19, 07:13:08 
28-Apr-19, 07:13:18 
28-Apr-19, 07:13:23 
28-Apr-19, 07:13:28 
28-Apr-19, 07:13:33 
28-Apr-19, 07:13:38 
28-Apr-19, 07:13:43 
28-Apr-19, 07:13:48 
28-Apr-19, 07:13:53 
28-Apr-19, 07:14:03 
28-Apr-19, 07:14:08 
28-Apr-19, 07:14:13 
28-Apr-19, 07:14:18 
28-Apr-19, 07:14:23 
28-Apr-19, 07:14:33 
28-Apr-19, 07:14:38 
28-Apr-19, 07:14:43 
28-Apr-19, 07:14:48 
28-Apr-19, 07:15:03 
28-Apr-19, 07:15:08 
28-Apr-19, 07:15:13 
28-Apr-19, 07:15:23 
28-Apr-19, 07:15:28 
28-Apr-19, 07:15:33 
28-Apr-19, 07:15:38 
28-Apr-19, 07:15:43 
28-Apr-19, 07:15:48 
28-Apr-19, 07:15:53 
28-Apr-19, 07:15:58 
28-Apr-19, 07:16:03 
28-Apr-19, 07:16:08 
28-Apr-19, 07:16:13 
28-Apr-19, 07:16:18 
28-Apr-19, 07:16:23 
28-Apr-19, 07:16:28 
28-Apr-19, 07:16:33 
28-Apr-19, 07:16:43 
28-Apr-19, 07:16:48 
28-Apr-19, 07:17:03 
28-Apr-19, 07:17:08 
28-Apr-19, 07:17:13 
28-Apr-19, 07:17:18 
28-Apr-19, 07:17:23 
28-Apr-19, 07:17:28 
28-Apr-19, 07:17:33 
28-Apr-19, 07:17:38 
28-Apr-19, 07:17:43 
28-Apr-19, 07:17:48 
28-Apr-19, 07:17:53 
28-Apr-19, 07:18:03 
28-Apr-19, 07:18:08 
28-Apr-19, 07:18:18 
28-Apr-19, 07:18:28 
28-Apr-19, 07:18:33 
28-Apr-19, 07:18:38 
28-Apr-19, 07:18:43 
28-Apr-19, 07:18:48 
28-Apr-19, 07:18:53 
28-Apr-19, 07:19:08 
28-Apr-19, 07:19:13 
28-Apr-19, 07:19:18 
28-Apr-19, 07:19:23 
28-Apr-19, 07:19:28 
28-Apr-19, 07:19:33 
28-Apr-19, 07:19:38 
28-Apr-19, 07:19:43 
28-Apr-19, 07:19:48 
28-Apr-19, 07:19:53 
28-Apr-19, 07:20:03 
28-Apr-19, 07:20:13 
28-Apr-19, 07:20:18 
28-Apr-19, 07:20:23 
28-Apr-19, 07:20:28 
28-Apr-19, 07:20:33 
28-Apr-19, 07:20:38 
28-Apr-19, 07:20:43 
28-Apr-19, 07:20:48 
28-Apr-19, 07:20:53 
28-Apr-19, 07:21:03 
28-Apr-19, 07:21:13 
28-Apr-19, 07:21:18 
28-Apr-19, 07:21:23 
28-Apr-19, 07:21:28 
28-Apr-19, 07:21:33 
28-Apr-19, 07:21:38 
28-Apr-19, 07:21:43 
28-Apr-19, 07:21:48 
28-Apr-19, 07:21:53 
28-Apr-19, 07:22:03 
28-Apr-19, 07:22:08 
28-Apr-19, 07:22:13 
28-Apr-19, 07:22:18 
28-Apr-19, 07:22:23 
28-Apr-19, 07:22:28 
28-Apr-19, 07:22:33 
28-Apr-19, 07:22:38 
28-Apr-19, 07:22:43 
28-Apr-19, 07:22:48 
28-Apr-19, 07:22:53 
28-Apr-19, 07:23:03 
28-Apr-19, 07:23:08 
28-Apr-19, 07:23:13 
28-Apr-19, 07:23:18 
28-Apr-19, 07:23:23 
28-Apr-19, 07:23:28 
28-Apr-19, 07:23:33 
28-Apr-19, 07:23:38 
28-Apr-19, 07:23:43 
28-Apr-19, 07:23:48 
28-Apr-19, 07:23:53 
28-Apr-19, 07:23:58 
28-Apr-19, 07:24:03 
28-Apr-19, 07:24:08 
28-Apr-19, 07:24:13 
28-Apr-19, 07:24:23 
28-Apr-19, 07:24:28 
28-Apr-19, 07:24:33 
28-Apr-19, 07:24:38 
28-Apr-19, 07:24:48 
28-Apr-19, 07:24:53 
28-Apr-19, 07:25:03 
28-Apr-19, 07:25:08 
28-Apr-19, 07:25:13 
28-Apr-19, 07:25:18 
28-Apr-19, 07:25:23 
28-Apr-19, 07:25:28 
28-Apr-19, 07:25:33 
28-Apr-19, 07:25:38 
28-Apr-19, 07:25:43 
28-Apr-19, 07:25:48 
28-Apr-19, 07:25:53 
28-Apr-19, 07:26:03 
28-Apr-19, 07:26:08 
28-Apr-19, 07:26:18 
28-Apr-19, 07:26:23 
28-Apr-19, 07:26:28 
28-Apr-19, 07:26:33 
28-Apr-19, 07:26:48 
28-Apr-19, 07:26:53 
28-Apr-19, 07:27:03 
28-Apr-19, 07:27:08 
28-Apr-19, 07:27:13 
28-Apr-19, 07:27:18 
28-Apr-19, 07:27:23 
28-Apr-19, 07:27:28 
28-Apr-19, 07:27:38 
28-Apr-19, 07:27:43 
28-Apr-19, 07:27:48 
28-Apr-19, 07:27:53 
28-Apr-19, 07:28:03 
28-Apr-19, 07:28:08 
28-Apr-19, 07:28:13 
28-Apr-19, 07:28:18 
28-Apr-19, 07:28:23 
28-Apr-19, 07:28:33 
28-Apr-19, 07:28:38 
28-Apr-19, 07:28:43 
28-Apr-19, 07:28:48 
28-Apr-19, 07:28:53 
28-Apr-19, 07:28:58 
28-Apr-19, 07:29:03 
28-Apr-19, 07:29:08 
28-Apr-19, 07:29:13 
28-Apr-19, 07:29:18 
28-Apr-19, 07:29:23 
28-Apr-19, 07:29:28 
28-Apr-19, 07:29:33 
28-Apr-19, 07:29:38 
28-Apr-19, 07:29:43 
28-Apr-19, 07:29:48 
28-Apr-19, 07:29:53 
28-Apr-19, 07:30:03 
28-Apr-19, 07:30:08 
28-Apr-19, 07:30:18 
28-Apr-19, 07:30:23 
28-Apr-19, 07:30:28 
28-Apr-19, 07:30:38 
28-Apr-19, 07:30:43 
28-Apr-19, 07:30:48 
28-Apr-19, 07:30:53 
28-Apr-19, 07:30:58 
28-Apr-19, 07:31:03 
28-Apr-19, 07:31:08 
28-Apr-19, 07:31:13 
28-Apr-19, 07:31:18 
28-Apr-19, 07:31:23 
28-Apr-19, 07:31:28 
28-Apr-19, 07:31:33 
28-Apr-19, 07:31:38 
28-Apr-19, 07:31:43 
28-Apr-19, 07:31:48 
28-Apr-19, 07:31:53 
28-Apr-19, 07:32:03 
28-Apr-19, 07:32:08 
28-Apr-19, 07:32:13 
28-Apr-19, 07:32:18 
28-Apr-19, 07:32:23 
28-Apr-19, 07:32:38 
28-Apr-19, 07:32:43 
28-Apr-19, 07:32:48 
28-Apr-19, 07:32:53 
28-Apr-19, 07:33:08 
28-Apr-19, 07:33:13 
28-Apr-19, 07:33:18 
28-Apr-19, 07:33:23 
28-Apr-19, 07:33:28 
28-Apr-19, 07:33:33 
28-Apr-19, 07:33:38 
28-Apr-19, 07:33:43 
28-Apr-19, 07:33:48 
28-Apr-19, 07:33:53 
28-Apr-19, 07:34:03 
28-Apr-19, 07:34:08 
28-Apr-19, 07:34:18 
28-Apr-19, 07:34:23 
28-Apr-19, 07:34:28 
28-Apr-19, 07:34:33 
28-Apr-19, 07:34:38 
28-Apr-19, 07:34:43 
28-Apr-19, 07:34:53 
28-Apr-19, 07:35:03 
28-Apr-19, 07:35:08 
28-Apr-19, 07:35:13 
28-Apr-19, 07:35:18 
28-Apr-19, 07:35:23 
28-Apr-19, 07:35:28 
28-Apr-19, 07:35:33 
28-Apr-19, 07:35:38 
28-Apr-19, 07:35:53 
28-Apr-19, 07:36:03 
28-Apr-19, 07:36:08 
28-Apr-19, 07:36:13 
28-Apr-19, 07:36:18 
28-Apr-19, 07:36:23 
28-Apr-19, 07:36:28 
28-Apr-19, 07:36:38 
28-Apr-19, 07:36:43 
28-Apr-19, 07:36:48 
28-Apr-19, 07:36:53 
28-Apr-19, 07:37:08 
28-Apr-19, 07:37:13 
28-Apr-19, 07:37:18 
28-Apr-19, 07:37:23 
28-Apr-19, 07:37:28 
28-Apr-19, 07:37:33 
28-Apr-19, 07:37:38 
28-Apr-19, 07:37:43 
28-Apr-19, 07:37:48 
28-Apr-19, 07:37:53 
28-Apr-19, 07:37:58 
28-Apr-19, 07:38:08 
28-Apr-19, 07:38:13 
28-Apr-19, 07:38:23 
28-Apr-19, 07:38:28 
28-Apr-19, 07:38:33 
28-Apr-19, 07:38:43 
28-Apr-19, 07:38:48 
28-Apr-19, 07:38:53 
28-Apr-19, 07:39:03 
28-Apr-19, 07:39:08 
28-Apr-19, 07:39:13 
28-Apr-19, 07:39:18 
28-Apr-19, 07:39:23 
28-Apr-19, 07:39:28 
28-Apr-19, 07:39:33 
28-Apr-19, 07:39:38 
28-Apr-19, 07:39:43 
28-Apr-19, 07:39:48 
28-Apr-19, 07:39:53 
28-Apr-19, 07:40:03 
28-Apr-19, 07:40:08 
28-Apr-19, 07:40:13 
28-Apr-19, 07:40:18 
28-Apr-19, 07:40:23 
28-Apr-19, 07:40:28 
28-Apr-19, 07:40:33 
28-Apr-19, 07:40:38 
28-Apr-19, 07:40:43 
28-Apr-19, 07:40:48 
28-Apr-19, 07:40:53 
28-Apr-19, 07:41:03 
28-Apr-19, 07:41:18 
28-Apr-19, 07:41:28 
28-Apr-19, 07:41:38 
28-Apr-19, 07:41:43 
28-Apr-19, 07:41:48 
28-Apr-19, 07:41:53 
28-Apr-19, 07:42:03 
28-Apr-19, 07:42:08 
28-Apr-19, 07:42:13 
28-Apr-19, 07:42:19 
28-Apr-19, 07:42:24 
28-Apr-19, 07:42:29 
28-Apr-19, 07:42:34 
28-Apr-19, 07:42:39 
28-Apr-19, 07:42:44 
28-Apr-19, 07:42:49 
28-Apr-19, 07:43:04 
28-Apr-19, 07:43:09 
28-Apr-19, 07:43:14 
28-Apr-19, 07:43:19 
28-Apr-19, 07:43:24 
28-Apr-19, 07:43:29 
28-Apr-19, 07:43:34 
28-Apr-19, 07:43:44 
28-Apr-19, 07:43:49 
28-Apr-19, 07:43:54 
28-Apr-19, 07:44:04 
28-Apr-19, 07:44:09 
28-Apr-19, 07:44:14 
28-Apr-19, 07:44:19 
28-Apr-19, 07:44:24 
28-Apr-19, 07:44:29 
28-Apr-19, 07:44:34 
28-Apr-19, 07:44:44 
28-Apr-19, 07:44:49 
28-Apr-19, 07:44:54 
28-Apr-19, 07:45:04 
28-Apr-19, 07:45:09 
28-Apr-19, 07:45:14 
28-Apr-19, 07:45:19 
28-Apr-19, 07:45:24 
28-Apr-19, 07:45:29 
28-Apr-19, 07:45:39 
28-Apr-19, 07:45:44 
28-Apr-19, 07:45:49 
28-Apr-19, 07:45:54 
28-Apr-19, 07:46:04 
28-Apr-19, 07:46:09 
28-Apr-19, 07:46:14 
28-Apr-19, 07:46:19 
28-Apr-19, 07:46:29 
28-Apr-19, 07:46:34 
28-Apr-19, 07:46:39 
28-Apr-19, 07:46:44 
28-Apr-19, 07:46:49 
28-Apr-19, 07:47:04 
28-Apr-19, 07:47:09 
28-Apr-19, 07:47:14 
28-Apr-19, 07:47:19 
28-Apr-19, 07:47:24 
28-Apr-19, 07:47:29 
28-Apr-19, 07:47:34 
28-Apr-19, 07:47:39 
28-Apr-19, 07:47:44 
28-Apr-19, 07:47:49 
28-Apr-19, 07:47:54 
28-Apr-19, 07:48:04 
28-Apr-19, 07:48:14 
28-Apr-19, 07:48:19 
28-Apr-19, 07:48:24 
28-Apr-19, 07:48:29 
28-Apr-19, 07:48:34 
28-Apr-19, 07:48:39 
28-Apr-19, 07:48:44 
28-Apr-19, 07:48:49 
28-Apr-19, 07:48:54 
28-Apr-19, 07:49:04 
28-Apr-19, 07:49:09 
28-Apr-19, 07:49:14 
28-Apr-19, 07:49:19 
28-Apr-19, 07:49:29 
28-Apr-19, 07:49:34 
28-Apr-19, 07:49:39 
28-Apr-19, 07:49:44 
28-Apr-19, 07:49:49 
28-Apr-19, 07:49:54 
28-Apr-19, 07:49:59 
28-Apr-19, 07:50:04 
28-Apr-19, 07:50:09 
28-Apr-19, 07:50:14 
28-Apr-19, 07:50:19 
28-Apr-19, 07:50:24 
28-Apr-19, 07:50:29 
28-Apr-19, 07:50:34 
28-Apr-19, 07:50:39 
28-Apr-19, 07:50:44 
28-Apr-19, 07:50:49 
28-Apr-19, 07:50:54 
28-Apr-19, 07:51:04 
28-Apr-19, 07:51:09 
28-Apr-19, 07:51:19 
28-Apr-19, 07:51:24 
28-Apr-19, 07:51:29 
28-Apr-19, 07:51:34 
28-Apr-19, 07:51:39 
28-Apr-19, 07:51:49 
28-Apr-19, 07:51:55 
28-Apr-19, 07:52:00 
28-Apr-19, 07:52:04 
28-Apr-19, 07:52:05 
28-Apr-19, 07:52:09 
28-Apr-19, 07:52:10 
28-Apr-19, 07:52:14 
28-Apr-19, 07:52:15 
28-Apr-19, 07:52:19 
28-Apr-19, 07:52:20 
28-Apr-19, 07:52:24 
28-Apr-19, 07:52:25 
28-Apr-19, 07:52:29 
28-Apr-19, 07:52:30 
28-Apr-19, 07:52:34 
28-Apr-19, 07:52:35 
28-Apr-19, 07:52:39 
28-Apr-19, 07:52:40 
28-Apr-19, 07:52:44 
28-Apr-19, 07:52:49 
28-Apr-19, 07:52:50 
28-Apr-19, 07:52:54 
28-Apr-19, 07:52:55 
28-Apr-19, 07:53:04 
28-Apr-19, 07:53:05 
28-Apr-19, 07:53:09 
28-Apr-19, 07:53:10 
28-Apr-19, 07:53:14 
28-Apr-19, 07:53:15 
28-Apr-19, 07:53:19 
28-Apr-19, 07:53:20 
28-Apr-19, 07:53:24 
28-Apr-19, 07:53:25 
28-Apr-19, 07:53:29 
28-Apr-19, 07:53:30 
28-Apr-19, 07:53:34 
28-Apr-19, 07:53:35 
28-Apr-19, 07:53:39 
28-Apr-19, 07:53:40 
28-Apr-19, 07:53:44 
28-Apr-19, 07:53:45 
28-Apr-19, 07:53:49 
28-Apr-19, 07:53:50 
28-Apr-19, 07:53:54 
28-Apr-19, 07:53:55 
28-Apr-19, 07:54:04 
28-Apr-19, 07:54:05 
28-Apr-19, 07:54:09 
28-Apr-19, 07:54:10 
28-Apr-19, 07:54:14 
28-Apr-19, 07:54:15 
28-Apr-19, 07:54:19 
28-Apr-19, 07:54:20 
28-Apr-19, 07:54:22 
28-Apr-19, 07:54:24 
28-Apr-19, 07:54:25 
28-Apr-19, 07:54:27 
28-Apr-19, 07:54:29 
28-Apr-19, 07:54:30 
28-Apr-19, 07:54:32 
28-Apr-19, 07:54:34 
28-Apr-19, 07:54:35 
28-Apr-19, 07:54:37 
28-Apr-19, 07:54:39 
28-Apr-19, 07:54:40 
28-Apr-19, 07:54:42 
28-Apr-19, 07:54:47 
28-Apr-19, 07:54:49 
28-Apr-19, 07:54:50 
28-Apr-19, 07:54:52 
28-Apr-19, 07:54:54 
28-Apr-19, 07:54:55 
28-Apr-19, 07:55:02 
28-Apr-19, 07:55:04 
28-Apr-19, 07:55:05 
28-Apr-19, 07:55:07 
28-Apr-19, 07:55:09 
28-Apr-19, 07:55:10 
28-Apr-19, 07:55:12 
28-Apr-19, 07:55:14 
28-Apr-19, 07:55:15 
28-Apr-19, 07:55:17 
28-Apr-19, 07:55:19 
28-Apr-19, 07:55:20 
28-Apr-19, 07:55:24 
28-Apr-19, 07:55:25 
28-Apr-19, 07:55:27 
28-Apr-19, 07:55:29 
28-Apr-19, 07:55:30 
28-Apr-19, 07:55:32 
28-Apr-19, 07:55:34 
28-Apr-19, 07:55:35 
28-Apr-19, 07:55:37 
28-Apr-19, 07:55:39 
28-Apr-19, 07:55:40 
28-Apr-19, 07:55:42 
28-Apr-19, 07:55:44 
28-Apr-19, 07:55:45 
28-Apr-19, 07:55:47 
28-Apr-19, 07:55:49 
28-Apr-19, 07:55:50 
28-Apr-19, 07:55:52 
28-Apr-19, 07:55:54 
28-Apr-19, 07:55:55 
28-Apr-19, 07:56:04 
28-Apr-19, 07:56:07 
28-Apr-19, 07:56:09 
28-Apr-19, 07:56:10 
28-Apr-19, 07:56:12 
28-Apr-19, 07:56:14 
28-Apr-19, 07:56:17 
28-Apr-19, 07:56:19 
28-Apr-19, 07:56:20 
28-Apr-19, 07:56:22 
28-Apr-19, 07:56:24 
28-Apr-19, 07:56:25 
28-Apr-19, 07:56:29 
28-Apr-19, 07:56:32 
28-Apr-19, 07:56:34 
28-Apr-19, 07:56:35 
28-Apr-19, 07:56:37 
28-Apr-19, 07:56:39 
28-Apr-19, 07:56:40 
28-Apr-19, 07:56:42 
28-Apr-19, 07:56:45 
28-Apr-19, 07:56:47 
28-Apr-19, 07:56:49 
28-Apr-19, 07:56:50 
28-Apr-19, 07:56:52 
28-Apr-19, 07:56:54 
28-Apr-19, 07:56:55 
28-Apr-19, 07:57:00 
28-Apr-19, 07:57:04 
28-Apr-19, 07:57:05 
28-Apr-19, 07:57:07 
28-Apr-19, 07:57:09 
28-Apr-19, 07:57:10 
28-Apr-19, 07:57:12 
28-Apr-19, 07:57:14 
28-Apr-19, 07:57:15 
28-Apr-19, 07:57:17 
28-Apr-19, 07:57:19 
28-Apr-19, 07:57:20 
28-Apr-19, 07:57:22 
28-Apr-19, 07:57:24 
28-Apr-19, 07:57:25 
28-Apr-19, 07:57:27 
28-Apr-19, 07:57:29 
28-Apr-19, 07:57:30 
28-Apr-19, 07:57:32 
28-Apr-19, 07:57:34 
28-Apr-19, 07:57:35 
28-Apr-19, 07:57:37 
28-Apr-19, 07:57:39 
28-Apr-19, 07:57:40 
28-Apr-19, 07:57:42 
28-Apr-19, 07:57:44 
28-Apr-19, 07:57:45 
28-Apr-19, 07:57:49 
28-Apr-19, 07:57:50 
28-Apr-19, 07:57:52 
28-Apr-19, 07:57:54 
28-Apr-19, 07:57:55 
28-Apr-19, 07:58:02 
28-Apr-19, 07:58:04 
28-Apr-19, 07:58:05 
28-Apr-19, 07:58:07 
28-Apr-19, 07:58:09 
28-Apr-19, 07:58:10 
28-Apr-19, 07:58:12 
28-Apr-19, 07:58:14 
28-Apr-19, 07:58:15 
28-Apr-19, 07:58:17 
28-Apr-19, 07:58:19 
28-Apr-19, 07:58:20 
28-Apr-19, 07:58:22 
28-Apr-19, 07:58:24 
28-Apr-19, 07:58:25 
28-Apr-19, 07:58:27 
28-Apr-19, 07:58:29 
28-Apr-19, 07:58:30 
28-Apr-19, 07:58:32 
28-Apr-19, 07:58:35 
28-Apr-19, 07:58:37 
28-Apr-19, 07:58:39 
28-Apr-19, 07:58:40 
28-Apr-19, 07:58:42 
28-Apr-19, 07:58:44 
28-Apr-19, 07:58:45 
28-Apr-19, 07:58:49 
28-Apr-19, 07:58:50 
28-Apr-19, 07:58:52 
28-Apr-19, 07:58:54 
28-Apr-19, 07:58:55 
28-Apr-19, 07:58:59 
28-Apr-19, 07:59:02 
28-Apr-19, 07:59:04 
28-Apr-19, 07:59:05 
28-Apr-19, 07:59:07 
28-Apr-19, 07:59:09 
28-Apr-19, 07:59:10 
28-Apr-19, 07:59:12 
28-Apr-19, 07:59:14 
28-Apr-19, 07:59:15 
28-Apr-19, 07:59:20 
28-Apr-19, 07:59:22 
28-Apr-19, 07:59:24 
28-Apr-19, 07:59:25 
28-Apr-19, 07:59:27 
28-Apr-19, 07:59:30 
28-Apr-19, 07:59:34 
28-Apr-19, 07:59:35 
28-Apr-19, 07:59:37 
28-Apr-19, 07:59:39 
28-Apr-19, 07:59:40 
28-Apr-19, 07:59:42 
28-Apr-19, 07:59:44 
28-Apr-19, 07:59:45 
28-Apr-19, 07:59:47 
28-Apr-19, 07:59:49 
28-Apr-19, 07:59:50 
28-Apr-19, 07:59:52 
28-Apr-19, 07:59:54 
28-Apr-19, 07:59:55 
28-Apr-19, 08:00:00 
28-Apr-19, 08:00:04 
28-Apr-19, 08:00:05 
28-Apr-19, 08:00:09 
28-Apr-19, 08:00:10 
28-Apr-19, 08:00:12 
28-Apr-19, 08:00:14 
28-Apr-19, 08:00:15 
28-Apr-19, 08:00:17 
28-Apr-19, 08:00:19 
28-Apr-19, 08:00:20 
28-Apr-19, 08:00:22 
28-Apr-19, 08:00:24 
28-Apr-19, 08:00:25 
28-Apr-19, 08:00:27 
28-Apr-19, 08:00:29 
28-Apr-19, 08:00:30 
28-Apr-19, 08:00:32 
28-Apr-19, 08:00:34 
28-Apr-19, 08:00:35 
28-Apr-19, 08:00:37 
28-Apr-19, 08:00:39 
28-Apr-19, 08:00:40 
28-Apr-19, 08:00:42 
28-Apr-19, 08:00:44 
28-Apr-19, 08:00:45 
28-Apr-19, 08:00:47 
28-Apr-19, 08:00:49 
28-Apr-19, 08:00:50 
28-Apr-19, 08:00:52 
28-Apr-19, 08:00:54 
28-Apr-19, 08:00:55 
28-Apr-19, 08:01:02 
28-Apr-19, 08:01:07 
28-Apr-19, 08:01:09 
28-Apr-19, 08:01:10 
28-Apr-19, 08:01:12 
28-Apr-19, 08:01:14 
28-Apr-19, 08:01:15 
28-Apr-19, 08:01:19 
28-Apr-19, 08:01:20 
28-Apr-19, 08:01:22 
28-Apr-19, 08:01:24 
28-Apr-19, 08:01:25 
28-Apr-19, 08:01:27 
28-Apr-19, 08:01:29 
28-Apr-19, 08:01:30 
28-Apr-19, 08:01:34 
28-Apr-19, 08:01:35 
28-Apr-19, 08:01:37 
28-Apr-19, 08:01:39 
28-Apr-19, 08:01:40 
28-Apr-19, 08:01:42 
28-Apr-19, 08:01:44 
28-Apr-19, 08:01:45 
28-Apr-19, 08:01:47 
28-Apr-19, 08:01:49 
28-Apr-19, 08:01:50 
28-Apr-19, 08:01:52 
28-Apr-19, 08:01:54 
28-Apr-19, 08:01:55 
28-Apr-19, 08:02:02 
28-Apr-19, 08:02:04 
28-Apr-19, 08:02:05 
28-Apr-19, 08:02:07 
28-Apr-19, 08:02:09 
28-Apr-19, 08:02:10 
28-Apr-19, 08:02:12 
28-Apr-19, 08:02:14 
28-Apr-19, 08:02:15 
28-Apr-19, 08:02:17 
28-Apr-19, 08:02:19 
28-Apr-19, 08:02:20 
28-Apr-19, 08:02:22 
28-Apr-19, 08:02:24 
28-Apr-19, 08:02:25 
28-Apr-19, 08:02:27 
28-Apr-19, 08:02:29 
28-Apr-19, 08:02:30 
28-Apr-19, 08:02:32 
28-Apr-19, 08:02:34 
28-Apr-19, 08:02:35 
28-Apr-19, 08:02:37 
28-Apr-19, 08:02:39 
28-Apr-19, 08:02:40 
28-Apr-19, 08:02:42 
28-Apr-19, 08:02:44 
28-Apr-19, 08:02:45 
28-Apr-19, 08:02:47 
28-Apr-19, 08:02:52 
28-Apr-19, 08:02:54 
28-Apr-19, 08:02:55 
28-Apr-19, 08:03:02 
28-Apr-19, 08:03:05 
28-Apr-19, 08:03:07 
28-Apr-19, 08:03:09 
28-Apr-19, 08:03:10 
28-Apr-19, 08:03:12 
28-Apr-19, 08:03:14 
28-Apr-19, 08:03:15 
28-Apr-19, 08:03:17 
28-Apr-19, 08:03:19 
28-Apr-19, 08:03:20 
28-Apr-19, 08:03:22 
28-Apr-19, 08:03:24 
28-Apr-19, 08:03:25 
28-Apr-19, 08:03:27 
28-Apr-19, 08:03:29 
28-Apr-19, 08:03:30 
28-Apr-19, 08:03:32 
28-Apr-19, 08:03:34 
28-Apr-19, 08:03:35 
28-Apr-19, 08:03:37 
28-Apr-19, 08:03:39 
28-Apr-19, 08:03:40 
28-Apr-19, 08:03:42 
28-Apr-19, 08:03:44 
28-Apr-19, 08:03:45 
28-Apr-19, 08:03:47 
28-Apr-19, 08:03:49 
28-Apr-19, 08:03:50 
28-Apr-19, 08:03:52 
28-Apr-19, 08:03:54 
28-Apr-19, 08:03:55 
28-Apr-19, 08:04:02 
28-Apr-19, 08:04:04 
28-Apr-19, 08:04:05 
28-Apr-19, 08:04:07 
28-Apr-19, 08:04:09 
28-Apr-19, 08:04:10 
28-Apr-19, 08:04:12 
28-Apr-19, 08:04:14 
28-Apr-19, 08:04:15 
28-Apr-19, 08:04:17 
28-Apr-19, 08:04:19 
28-Apr-19, 08:04:20 
28-Apr-19, 08:04:22 
28-Apr-19, 08:04:24 
28-Apr-19, 08:04:25 
28-Apr-19, 08:04:27 
28-Apr-19, 08:04:29 
28-Apr-19, 08:04:30 
28-Apr-19, 08:04:32 
28-Apr-19, 08:04:34 
28-Apr-19, 08:04:37 
28-Apr-19, 08:04:39 
28-Apr-19, 08:04:40 
28-Apr-19, 08:04:42 
28-Apr-19, 08:04:44 
28-Apr-19, 08:04:45 
28-Apr-19, 08:04:47 
28-Apr-19, 08:04:50 
28-Apr-19, 08:04:52 
28-Apr-19, 08:04:55 
28-Apr-19, 08:05:04 
28-Apr-19, 08:05:05 
28-Apr-19, 08:05:07 
28-Apr-19, 08:05:09 
28-Apr-19, 08:05:10 
28-Apr-19, 08:05:12 
28-Apr-19, 08:05:14 
28-Apr-19, 08:05:15 
28-Apr-19, 08:05:17 
28-Apr-19, 08:05:19 
28-Apr-19, 08:05:20 
28-Apr-19, 08:05:22 
28-Apr-19, 08:05:24 
28-Apr-19, 08:05:25 
28-Apr-19, 08:05:27 
28-Apr-19, 08:05:29 
28-Apr-19, 08:05:30 
28-Apr-19, 08:05:32 
28-Apr-19, 08:05:34 
28-Apr-19, 08:05:35 
28-Apr-19, 08:05:37 
28-Apr-19, 08:05:39 
28-Apr-19, 08:05:40 
28-Apr-19, 08:05:42 
28-Apr-19, 08:05:44 
28-Apr-19, 08:05:45 
28-Apr-19, 08:05:47 
28-Apr-19, 08:05:49 
28-Apr-19, 08:05:50 
28-Apr-19, 08:05:52 
28-Apr-19, 08:05:54 
28-Apr-19, 08:05:55 
28-Apr-19, 08:06:04 
28-Apr-19, 08:06:05 
28-Apr-19, 08:06:09 
28-Apr-19, 08:06:10 
28-Apr-19, 08:06:12 
28-Apr-19, 08:06:14 
28-Apr-19, 08:06:15 
28-Apr-19, 08:06:17 
28-Apr-19, 08:06:19 
28-Apr-19, 08:06:22 
28-Apr-19, 08:06:24 
28-Apr-19, 08:06:25 
28-Apr-19, 08:06:27 
28-Apr-19, 08:06:29 
28-Apr-19, 08:06:30 
28-Apr-19, 08:06:32 
28-Apr-19, 08:06:34 
28-Apr-19, 08:06:37 
28-Apr-19, 08:06:39 
28-Apr-19, 08:06:40 
28-Apr-19, 08:06:42 
28-Apr-19, 08:06:44 
28-Apr-19, 08:06:45 
28-Apr-19, 08:06:47 
28-Apr-19, 08:06:49 
28-Apr-19, 08:06:50 
28-Apr-19, 08:06:52 
28-Apr-19, 08:06:54 
28-Apr-19, 08:06:55 
28-Apr-19, 08:07:02 
28-Apr-19, 08:07:04 
28-Apr-19, 08:07:05 
28-Apr-19, 08:07:07 
28-Apr-19, 08:07:09 
28-Apr-19, 08:07:10 
28-Apr-19, 08:07:12 
28-Apr-19, 08:07:14 
28-Apr-19, 08:07:15 
28-Apr-19, 08:07:17 
28-Apr-19, 08:07:19 
28-Apr-19, 08:07:20 
28-Apr-19, 08:07:22 
28-Apr-19, 08:07:24 
28-Apr-19, 08:07:25 
28-Apr-19, 08:07:27 
28-Apr-19, 08:07:29 
28-Apr-19, 08:07:30 
28-Apr-19, 08:07:32 
28-Apr-19, 08:07:35 
28-Apr-19, 08:07:37 
28-Apr-19, 08:07:39 
28-Apr-19, 08:07:40 
28-Apr-19, 08:07:42 
28-Apr-19, 08:07:44 
28-Apr-19, 08:07:45 
28-Apr-19, 08:07:47 
28-Apr-19, 08:07:49 
28-Apr-19, 08:07:50 
28-Apr-19, 08:07:54 
28-Apr-19, 08:07:55 
28-Apr-19, 08:08:04 
28-Apr-19, 08:08:05 
28-Apr-19, 08:08:07 
28-Apr-19, 08:08:09 
28-Apr-19, 08:08:10 
28-Apr-19, 08:08:12 
28-Apr-19, 08:08:14 
28-Apr-19, 08:08:15 
28-Apr-19, 08:08:17 
28-Apr-19, 08:08:19 
28-Apr-19, 08:08:20 
28-Apr-19, 08:08:22 
28-Apr-19, 08:08:24 
28-Apr-19, 08:08:25 
28-Apr-19, 08:08:27 
28-Apr-19, 08:08:29 
28-Apr-19, 08:08:30 
28-Apr-19, 08:08:32 
28-Apr-19, 08:08:34 
28-Apr-19, 08:08:35 
28-Apr-19, 08:08:37 
28-Apr-19, 08:08:39 
28-Apr-19, 08:08:40 
28-Apr-19, 08:08:42 
28-Apr-19, 08:08:44 
28-Apr-19, 08:08:45 
28-Apr-19, 08:08:47 
28-Apr-19, 08:08:49 
28-Apr-19, 08:08:50 
28-Apr-19, 08:08:52 
28-Apr-19, 08:08:54 
28-Apr-19, 08:08:55 
28-Apr-19, 08:09:04 
28-Apr-19, 08:09:05 
28-Apr-19, 08:09:07 
28-Apr-19, 08:09:09 
28-Apr-19, 08:09:10 
28-Apr-19, 08:09:12 
28-Apr-19, 08:09:14 
28-Apr-19, 08:09:15 
28-Apr-19, 08:09:17 
28-Apr-19, 08:09:19 
28-Apr-19, 08:09:20 
28-Apr-19, 08:09:22 
28-Apr-19, 08:09:25 
28-Apr-19, 08:09:27 
28-Apr-19, 08:09:29 
28-Apr-19, 08:09:30 
28-Apr-19, 08:09:32 
28-Apr-19, 08:09:34 
28-Apr-19, 08:09:35 
28-Apr-19, 08:09:39 
28-Apr-19, 08:09:40 
28-Apr-19, 08:09:44 
28-Apr-19, 08:09:45 
28-Apr-19, 08:09:47 
28-Apr-19, 08:09:49 
28-Apr-19, 08:09:50 
28-Apr-19, 08:09:52 
28-Apr-19, 08:09:54 
28-Apr-19, 08:09:55 
28-Apr-19, 08:10:02 
28-Apr-19, 08:10:04 
28-Apr-19, 08:10:05 
28-Apr-19, 08:10:07 
28-Apr-19, 08:10:09 
28-Apr-19, 08:10:10 
28-Apr-19, 08:10:12 
28-Apr-19, 08:10:14 
28-Apr-19, 08:10:15 
28-Apr-19, 08:10:17 
28-Apr-19, 08:10:19 
28-Apr-19, 08:10:20 
28-Apr-19, 08:10:22 
28-Apr-19, 08:10:24 
28-Apr-19, 08:10:25 
28-Apr-19, 08:10:27 
28-Apr-19, 08:10:29 
28-Apr-19, 08:10:30 
28-Apr-19, 08:10:32 
28-Apr-19, 08:10:34 
28-Apr-19, 08:10:35 
28-Apr-19, 08:10:37 
28-Apr-19, 08:10:39 
28-Apr-19, 08:10:40 
28-Apr-19, 08:10:42 
28-Apr-19, 08:10:44 
28-Apr-19, 08:10:45 
28-Apr-19, 08:10:47 
28-Apr-19, 08:10:49 
28-Apr-19, 08:10:50 
28-Apr-19, 08:10:52 
28-Apr-19, 08:10:54 
28-Apr-19, 08:11:02 
28-Apr-19, 08:11:04 
28-Apr-19, 08:11:05 
28-Apr-19, 08:11:07 
28-Apr-19, 08:11:12 
28-Apr-19, 08:11:14 
28-Apr-19, 08:11:15 
28-Apr-19, 08:11:17 
28-Apr-19, 08:11:19 
28-Apr-19, 08:11:20 
28-Apr-19, 08:11:22 
28-Apr-19, 08:11:24 
28-Apr-19, 08:11:25 
28-Apr-19, 08:11:30 
28-Apr-19, 08:11:32 
28-Apr-19, 08:11:34 
28-Apr-19, 08:11:35 
28-Apr-19, 08:11:37 
28-Apr-19, 08:11:39 
28-Apr-19, 08:11:40 
28-Apr-19, 08:11:42 
28-Apr-19, 08:11:44 
28-Apr-19, 08:11:45 
28-Apr-19, 08:11:47 
28-Apr-19, 08:11:49 
28-Apr-19, 08:11:50 
28-Apr-19, 08:11:52 
28-Apr-19, 08:11:54 
28-Apr-19, 08:11:55 
28-Apr-19, 08:12:00 
28-Apr-19, 08:12:04 
28-Apr-19, 08:12:05 
28-Apr-19, 08:12:07 
28-Apr-19, 08:12:09 
28-Apr-19, 08:12:10 
28-Apr-19, 08:12:12 
28-Apr-19, 08:12:14 
28-Apr-19, 08:12:15 
28-Apr-19, 08:12:17 
28-Apr-19, 08:12:19 
28-Apr-19, 08:12:20 
28-Apr-19, 08:12:22 
28-Apr-19, 08:12:24 
28-Apr-19, 08:12:25 
28-Apr-19, 08:12:27 
28-Apr-19, 08:12:29 
28-Apr-19, 08:12:30 
28-Apr-19, 08:12:32 
28-Apr-19, 08:12:34 
28-Apr-19, 08:12:35 
28-Apr-19, 08:12:37 
28-Apr-19, 08:12:39 
28-Apr-19, 08:12:40 
28-Apr-19, 08:12:42 
28-Apr-19, 08:12:44 
28-Apr-19, 08:12:45 
28-Apr-19, 08:12:47 
28-Apr-19, 08:12:49 
28-Apr-19, 08:12:50 
28-Apr-19, 08:12:52 
28-Apr-19, 08:13:04 
28-Apr-19, 08:13:05 
28-Apr-19, 08:13:07 
28-Apr-19, 08:13:09 
28-Apr-19, 08:13:10 
28-Apr-19, 08:13:12 
28-Apr-19, 08:13:14 
28-Apr-19, 08:13:15 
28-Apr-19, 08:13:17 
28-Apr-19, 08:13:19 
28-Apr-19, 08:13:20 
28-Apr-19, 08:13:22 
28-Apr-19, 08:13:25 
28-Apr-19, 08:13:27 
28-Apr-19, 08:13:29 
28-Apr-19, 08:13:30 
28-Apr-19, 08:13:32 
28-Apr-19, 08:13:34 
28-Apr-19, 08:13:35 
28-Apr-19, 08:13:37 
28-Apr-19, 08:13:40 
28-Apr-19, 08:13:42 
28-Apr-19, 08:13:44 
28-Apr-19, 08:13:45 
28-Apr-19, 08:13:47 
28-Apr-19, 08:13:49 
28-Apr-19, 08:13:50 
28-Apr-19, 08:13:52 
28-Apr-19, 08:13:54 
28-Apr-19, 08:13:55 
28-Apr-19, 08:14:00 
28-Apr-19, 08:14:02 
28-Apr-19, 08:14:04 
28-Apr-19, 08:14:05 
28-Apr-19, 08:14:07 
28-Apr-19, 08:14:09 
28-Apr-19, 08:14:10 
28-Apr-19, 08:14:14 
28-Apr-19, 08:14:15 
28-Apr-19, 08:14:17 
28-Apr-19, 08:14:19 
28-Apr-19, 08:14:20 
28-Apr-19, 08:14:22 
28-Apr-19, 08:14:27 
28-Apr-19, 08:14:29 
28-Apr-19, 08:14:30 
28-Apr-19, 08:14:32 
28-Apr-19, 08:14:34 
28-Apr-19, 08:14:35 
28-Apr-19, 08:14:37 
28-Apr-19, 08:14:42 
28-Apr-19, 08:14:44 
28-Apr-19, 08:14:45 
28-Apr-19, 08:14:49 
28-Apr-19, 08:14:50 
28-Apr-19, 08:14:52 
28-Apr-19, 08:14:54 
28-Apr-19, 08:14:55 
28-Apr-19, 08:15:00 
28-Apr-19, 08:15:02 
28-Apr-19, 08:15:04 
28-Apr-19, 08:15:05 
28-Apr-19, 08:15:07 
28-Apr-19, 08:15:09 
28-Apr-19, 08:15:10 
28-Apr-19, 08:15:12 
28-Apr-19, 08:15:14 
28-Apr-19, 08:15:15 
28-Apr-19, 08:15:17 
28-Apr-19, 08:15:19 
28-Apr-19, 08:15:20 
28-Apr-19, 08:15:22 
28-Apr-19, 08:15:24 
28-Apr-19, 08:15:25 
28-Apr-19, 08:15:27 
28-Apr-19, 08:15:29 
28-Apr-19, 08:15:30 
28-Apr-19, 08:15:32 
28-Apr-19, 08:15:34 
28-Apr-19, 08:15:35 
28-Apr-19, 08:15:37 
28-Apr-19, 08:15:39 
28-Apr-19, 08:15:40 
28-Apr-19, 08:15:44 
28-Apr-19, 08:15:45 
28-Apr-19, 08:15:47 
28-Apr-19, 08:15:49 
28-Apr-19, 08:15:50 
28-Apr-19, 08:15:52 
28-Apr-19, 08:15:54 
28-Apr-19, 08:15:55 
28-Apr-19, 08:16:00 
28-Apr-19, 08:16:04 
28-Apr-19, 08:16:05 
28-Apr-19, 08:16:07 
28-Apr-19, 08:16:09 
28-Apr-19, 08:16:10 
28-Apr-19, 08:16:14 
28-Apr-19, 08:16:15 
28-Apr-19, 08:16:17 
28-Apr-19, 08:16:19 
28-Apr-19, 08:16:20 
28-Apr-19, 08:16:22 
28-Apr-19, 08:16:24 
28-Apr-19, 08:16:27 
28-Apr-19, 08:16:29 
28-Apr-19, 08:16:30 
28-Apr-19, 08:16:32 
28-Apr-19, 08:16:34 
28-Apr-19, 08:16:35 
28-Apr-19, 08:16:37 
28-Apr-19, 08:16:39 
28-Apr-19, 08:16:40 
28-Apr-19, 08:16:42 
28-Apr-19, 08:16:44 
28-Apr-19, 08:16:45 
28-Apr-19, 08:16:47 
28-Apr-19, 08:16:49 
28-Apr-19, 08:16:50 
28-Apr-19, 08:16:52 
28-Apr-19, 08:16:54 
28-Apr-19, 08:16:55 
28-Apr-19, 08:17:02 
28-Apr-19, 08:17:04 
28-Apr-19, 08:17:05 
28-Apr-19, 08:17:07 
28-Apr-19, 08:17:09 
28-Apr-19, 08:17:10 
28-Apr-19, 08:17:12 
28-Apr-19, 08:17:14 
28-Apr-19, 08:17:15 
28-Apr-19, 08:17:17 
28-Apr-19, 08:17:19 
28-Apr-19, 08:17:20 
28-Apr-19, 08:17:22 
28-Apr-19, 08:17:24 
28-Apr-19, 08:17:25 
28-Apr-19, 08:17:27 
28-Apr-19, 08:17:29 
28-Apr-19, 08:17:30 
28-Apr-19, 08:17:32 
28-Apr-19, 08:17:34 
28-Apr-19, 08:17:35 
28-Apr-19, 08:17:37 
28-Apr-19, 08:17:39 
28-Apr-19, 08:17:40 
28-Apr-19, 08:17:42 
28-Apr-19, 08:17:47 
28-Apr-19, 08:17:49 
28-Apr-19, 08:17:50 
28-Apr-19, 08:17:52 
28-Apr-19, 08:17:54 
28-Apr-19, 08:17:55 
28-Apr-19, 08:18:02 
28-Apr-19, 08:18:04 
28-Apr-19, 08:18:05 
28-Apr-19, 08:18:07 
28-Apr-19, 08:18:09 
28-Apr-19, 08:18:10 
28-Apr-19, 08:18:12 
28-Apr-19, 08:18:14 
28-Apr-19, 08:18:15 
28-Apr-19, 08:18:17 
28-Apr-19, 08:18:19 
28-Apr-19, 08:18:20 
28-Apr-19, 08:18:22 
28-Apr-19, 08:18:24 
28-Apr-19, 08:18:25 
28-Apr-19, 08:18:27 
28-Apr-19, 08:18:29 
28-Apr-19, 08:18:30 
28-Apr-19, 08:18:32 
28-Apr-19, 08:18:34 
28-Apr-19, 08:18:35 
28-Apr-19, 08:18:37 
28-Apr-19, 08:18:39 
28-Apr-19, 08:18:40 
28-Apr-19, 08:18:42 
28-Apr-19, 08:18:44 
28-Apr-19, 08:18:45 
28-Apr-19, 08:18:47 
28-Apr-19, 08:18:49 
28-Apr-19, 08:18:50 
28-Apr-19, 08:18:52 
28-Apr-19, 08:18:54 
28-Apr-19, 08:18:55 
28-Apr-19, 08:19:00 
28-Apr-19, 08:19:02 
28-Apr-19, 08:19:04 
28-Apr-19, 08:19:05 
28-Apr-19, 08:19:07 
28-Apr-19, 08:19:09 
28-Apr-19, 08:19:10 
28-Apr-19, 08:19:12 
28-Apr-19, 08:19:14 
28-Apr-19, 08:19:17 
28-Apr-19, 08:19:19 
28-Apr-19, 08:19:20 
28-Apr-19, 08:19:22 
28-Apr-19, 08:19:24 
28-Apr-19, 08:19:25 
28-Apr-19, 08:19:27 
28-Apr-19, 08:19:30 
28-Apr-19, 08:19:32 
28-Apr-19, 08:19:34 
28-Apr-19, 08:19:35 
28-Apr-19, 08:19:37 
28-Apr-19, 08:19:39 
28-Apr-19, 08:19:40 
28-Apr-19, 08:19:45 
28-Apr-19, 08:19:47 
28-Apr-19, 08:19:49 
28-Apr-19, 08:19:50 
28-Apr-19, 08:19:52 
28-Apr-19, 08:19:54 
28-Apr-19, 08:19:55 
28-Apr-19, 08:20:00 
28-Apr-19, 08:20:07 
28-Apr-19, 08:20:09 
28-Apr-19, 08:20:10 
28-Apr-19, 08:20:12 
28-Apr-19, 08:20:14 
28-Apr-19, 08:20:15 
28-Apr-19, 08:20:17 
28-Apr-19, 08:20:19 
28-Apr-19, 08:20:20 
28-Apr-19, 08:20:22 
28-Apr-19, 08:20:24 
28-Apr-19, 08:20:25 
28-Apr-19, 08:20:27 
28-Apr-19, 08:20:29 
28-Apr-19, 08:20:30 
28-Apr-19, 08:20:32 
28-Apr-19, 08:20:34 
28-Apr-19, 08:20:35 
28-Apr-19, 08:20:37 
28-Apr-19, 08:20:39 
28-Apr-19, 08:20:40 
28-Apr-19, 08:20:42 
28-Apr-19, 08:20:44 
28-Apr-19, 08:20:45 
28-Apr-19, 08:20:47 
28-Apr-19, 08:20:49 
28-Apr-19, 08:20:50 
28-Apr-19, 08:20:52 
28-Apr-19, 08:20:54 
28-Apr-19, 08:20:55 
28-Apr-19, 08:20:59 
28-Apr-19, 08:21:02 
28-Apr-19, 08:21:04 
28-Apr-19, 08:21:05 
28-Apr-19, 08:21:07 
28-Apr-19, 08:21:09 
28-Apr-19, 08:21:10 
28-Apr-19, 08:21:12 
28-Apr-19, 08:21:15 
28-Apr-19, 08:21:17 
28-Apr-19, 08:21:19 
28-Apr-19, 08:21:20 
28-Apr-19, 08:21:22 
28-Apr-19, 08:21:24 
28-Apr-19, 08:21:25 
28-Apr-19, 08:21:27 
28-Apr-19, 08:21:29 
28-Apr-19, 08:21:30 
28-Apr-19, 08:21:32 
28-Apr-19, 08:21:34 
28-Apr-19, 08:21:35 
28-Apr-19, 08:21:37 
28-Apr-19, 08:21:39 
28-Apr-19, 08:21:40 
28-Apr-19, 08:21:42 
28-Apr-19, 08:21:44 
28-Apr-19, 08:21:45 
28-Apr-19, 08:21:47 
28-Apr-19, 08:21:49 
28-Apr-19, 08:21:50 
28-Apr-19, 08:21:52 
28-Apr-19, 08:21:54 
28-Apr-19, 08:21:55 
28-Apr-19, 08:22:04 
28-Apr-19, 08:22:05 
28-Apr-19, 08:22:07 
28-Apr-19, 08:22:09 
28-Apr-19, 08:22:10 
28-Apr-19, 08:22:12 
28-Apr-19, 08:22:14 
28-Apr-19, 08:22:15 
28-Apr-19, 08:22:17 
28-Apr-19, 08:22:19 
28-Apr-19, 08:22:20 
28-Apr-19, 08:22:22 
28-Apr-19, 08:22:24 
28-Apr-19, 08:22:25 
28-Apr-19, 08:22:27 
28-Apr-19, 08:22:29 
28-Apr-19, 08:22:30 
28-Apr-19, 08:22:32 
28-Apr-19, 08:22:34 
28-Apr-19, 08:22:35 
28-Apr-19, 08:22:37 
28-Apr-19, 08:22:39 
28-Apr-19, 08:22:40 
28-Apr-19, 08:22:42 
28-Apr-19, 08:22:44 
28-Apr-19, 08:22:47 
28-Apr-19, 08:22:50 
28-Apr-19, 08:22:52 
28-Apr-19, 08:22:54 
28-Apr-19, 08:22:55 
28-Apr-19, 08:23:04 
28-Apr-19, 08:23:05 
28-Apr-19, 08:23:07 
28-Apr-19, 08:23:09 
28-Apr-19, 08:23:10 
28-Apr-19, 08:23:12 
28-Apr-19, 08:23:14 
28-Apr-19, 08:23:15 
28-Apr-19, 08:23:17 
28-Apr-19, 08:23:19 
28-Apr-19, 08:23:20 
28-Apr-19, 08:23:22 
28-Apr-19, 08:23:24 
28-Apr-19, 08:23:25 
28-Apr-19, 08:23:27 
28-Apr-19, 08:23:29 
28-Apr-19, 08:23:30 
28-Apr-19, 08:23:32 
28-Apr-19, 08:23:34 
28-Apr-19, 08:23:35 
28-Apr-19, 08:23:37 
28-Apr-19, 08:23:39 
28-Apr-19, 08:23:40 
28-Apr-19, 08:23:42 
28-Apr-19, 08:23:44 
28-Apr-19, 08:23:45 
28-Apr-19, 08:23:47 
28-Apr-19, 08:23:49 
28-Apr-19, 08:23:50 
28-Apr-19, 08:23:52 
28-Apr-19, 08:23:54 
28-Apr-19, 08:23:55 
28-Apr-19, 08:24:04 
28-Apr-19, 08:24:07 
28-Apr-19, 08:24:10 
28-Apr-19, 08:24:12 
28-Apr-19, 08:24:14 
28-Apr-19, 08:24:15 
28-Apr-19, 08:24:19 
28-Apr-19, 08:24:20 
28-Apr-19, 08:24:22 
28-Apr-19, 08:24:24 
28-Apr-19, 08:24:25 
28-Apr-19, 08:24:27 
28-Apr-19, 08:24:29 
28-Apr-19, 08:24:32 
28-Apr-19, 08:24:34 
28-Apr-19, 08:24:35 
28-Apr-19, 08:24:37 
28-Apr-19, 08:24:39 
28-Apr-19, 08:24:40 
28-Apr-19, 08:24:42 
28-Apr-19, 08:24:44 
28-Apr-19, 08:24:45 
28-Apr-19, 08:24:47 
28-Apr-19, 08:24:49 
28-Apr-19, 08:24:50 
28-Apr-19, 08:24:52 
28-Apr-19, 08:24:54 
28-Apr-19, 08:24:55 
28-Apr-19, 08:25:02 
28-Apr-19, 08:25:04 
28-Apr-19, 08:25:05 
28-Apr-19, 08:25:07 
28-Apr-19, 08:25:09 
28-Apr-19, 08:25:10 
28-Apr-19, 08:25:12 
28-Apr-19, 08:25:14 
28-Apr-19, 08:25:15 
28-Apr-19, 08:25:17 
28-Apr-19, 08:25:19 
28-Apr-19, 08:25:20 
28-Apr-19, 08:25:22 
28-Apr-19, 08:25:24 
28-Apr-19, 08:25:25 
28-Apr-19, 08:25:27 
28-Apr-19, 08:25:29 
28-Apr-19, 08:25:30 
28-Apr-19, 08:25:32 
28-Apr-19, 08:25:34 
28-Apr-19, 08:25:35 
28-Apr-19, 08:25:37 
28-Apr-19, 08:25:39 
28-Apr-19, 08:25:40 
28-Apr-19, 08:25:42 
28-Apr-19, 08:25:44 
28-Apr-19, 08:25:45 
28-Apr-19, 08:25:47 
28-Apr-19, 08:25:49 
28-Apr-19, 08:25:50 
28-Apr-19, 08:25:52 
28-Apr-19, 08:25:54 
28-Apr-19, 08:25:55 
28-Apr-19, 08:26:00 
28-Apr-19, 08:26:04 
28-Apr-19, 08:26:05 
28-Apr-19, 08:26:07 
28-Apr-19, 08:26:09 
28-Apr-19, 08:26:10 
28-Apr-19, 08:26:12 
28-Apr-19, 08:26:14 
28-Apr-19, 08:26:15 
28-Apr-19, 08:26:17 
28-Apr-19, 08:26:19 
28-Apr-19, 08:26:20 
28-Apr-19, 08:26:22 
28-Apr-19, 08:26:24 
28-Apr-19, 08:26:25 
28-Apr-19, 08:26:27 
28-Apr-19, 08:26:29 
28-Apr-19, 08:26:30 
28-Apr-19, 08:26:32 
28-Apr-19, 08:26:34 
28-Apr-19, 08:26:35 
28-Apr-19, 08:26:37 
28-Apr-19, 08:26:39 
28-Apr-19, 08:26:40 
28-Apr-19, 08:26:42 
28-Apr-19, 08:26:44 
28-Apr-19, 08:26:45 
28-Apr-19, 08:26:47 
28-Apr-19, 08:26:49 
28-Apr-19, 08:26:50 
28-Apr-19, 08:26:52 
28-Apr-19, 08:26:54 
28-Apr-19, 08:27:00 
28-Apr-19, 08:27:02 
28-Apr-19, 08:27:04 
28-Apr-19, 08:27:05 
28-Apr-19, 08:27:07 
28-Apr-19, 08:27:10 
28-Apr-19, 08:27:12 
28-Apr-19, 08:27:14 
28-Apr-19, 08:27:15 
28-Apr-19, 08:27:17 
28-Apr-19, 08:27:19 
28-Apr-19, 08:27:20 
28-Apr-19, 08:27:22 
28-Apr-19, 08:27:24 
28-Apr-19, 08:27:25 
28-Apr-19, 08:27:27 
28-Apr-19, 08:27:29 
28-Apr-19, 08:27:30 
28-Apr-19, 08:27:32 
28-Apr-19, 08:27:35 
28-Apr-19, 08:27:37 
28-Apr-19, 08:27:39 
28-Apr-19, 08:27:40 
28-Apr-19, 08:27:42 
28-Apr-19, 08:27:44 
28-Apr-19, 08:27:45 
28-Apr-19, 08:27:49 
28-Apr-19, 08:27:50 
28-Apr-19, 08:27:52 
28-Apr-19, 08:27:54 
28-Apr-19, 08:27:55 
28-Apr-19, 08:28:02 
28-Apr-19, 08:28:04 
28-Apr-19, 08:28:05 
28-Apr-19, 08:28:07 
28-Apr-19, 08:28:09 
28-Apr-19, 08:28:10 
28-Apr-19, 08:28:12 
28-Apr-19, 08:28:14 
28-Apr-19, 08:28:15 
28-Apr-19, 08:28:17 
28-Apr-19, 08:28:19 
28-Apr-19, 08:28:20 
28-Apr-19, 08:28:22 
28-Apr-19, 08:28:24 
28-Apr-19, 08:28:25 
28-Apr-19, 08:28:27 
28-Apr-19, 08:28:29 
28-Apr-19, 08:28:30 
28-Apr-19, 08:28:32 
28-Apr-19, 08:28:34 
28-Apr-19, 08:28:35 
28-Apr-19, 08:28:37 
28-Apr-19, 08:28:39 
28-Apr-19, 08:28:40 
28-Apr-19, 08:28:42 
28-Apr-19, 08:28:44 
28-Apr-19, 08:28:45 
28-Apr-19, 08:28:47 
28-Apr-19, 08:28:49 
28-Apr-19, 08:28:50 
28-Apr-19, 08:28:52 
28-Apr-19, 08:28:54 
28-Apr-19, 08:28:55 
28-Apr-19, 08:29:00 
28-Apr-19, 08:29:04 
28-Apr-19, 08:29:05 
28-Apr-19, 08:29:07 
28-Apr-19, 08:29:09 
28-Apr-19, 08:29:10 
28-Apr-19, 08:29:12 
28-Apr-19, 08:29:14 
28-Apr-19, 08:29:15 
28-Apr-19, 08:29:17 
28-Apr-19, 08:29:22 
28-Apr-19, 08:29:24 
28-Apr-19, 08:29:25 
28-Apr-19, 08:29:27 
28-Apr-19, 08:29:29 
28-Apr-19, 08:29:30 
28-Apr-19, 08:29:34 
28-Apr-19, 08:29:35 
28-Apr-19, 08:29:37 
28-Apr-19, 08:29:39 
28-Apr-19, 08:29:40 
28-Apr-19, 08:29:42 
28-Apr-19, 08:29:44 
28-Apr-19, 08:29:45 
28-Apr-19, 08:29:47 
28-Apr-19, 08:29:49 
28-Apr-19, 08:29:50 
28-Apr-19, 08:29:54 
28-Apr-19, 08:29:55 
28-Apr-19, 08:30:02 
28-Apr-19, 08:30:04 
28-Apr-19, 08:30:05 
28-Apr-19, 08:30:07 
28-Apr-19, 08:30:09 
28-Apr-19, 08:30:10 
28-Apr-19, 08:30:12 
28-Apr-19, 08:30:14 
28-Apr-19, 08:30:15 
28-Apr-19, 08:30:17 
28-Apr-19, 08:30:19 
28-Apr-19, 08:30:20 
28-Apr-19, 08:30:22 
28-Apr-19, 08:30:24 
28-Apr-19, 08:30:25 
28-Apr-19, 08:30:27 
28-Apr-19, 08:30:29 
28-Apr-19, 08:30:30 
28-Apr-19, 08:30:32 
28-Apr-19, 08:30:34 
28-Apr-19, 08:30:35 
28-Apr-19, 08:30:37 
28-Apr-19, 08:30:39 
28-Apr-19, 08:30:40 
28-Apr-19, 08:30:42 
28-Apr-19, 12:35:35 
28-Apr-19, 12:35:36 
28-Apr-19, 12:35:38 
28-Apr-19, 12:35:40 
28-Apr-19, 12:35:41 
28-Apr-19, 12:35:43 
28-Apr-19, 12:35:48 
28-Apr-19, 12:35:50 
28-Apr-19, 12:35:51 
28-Apr-19, 12:35:53 
28-Apr-19, 12:35:55 
28-Apr-19, 12:36:03 
28-Apr-19, 12:36:05 
28-Apr-19, 12:36:06 
28-Apr-19, 12:36:08 
28-Apr-19, 12:36:10 
28-Apr-19, 12:36:13 
28-Apr-19, 12:36:15 
28-Apr-19, 12:36:16 
28-Apr-19, 12:36:18 
28-Apr-19, 12:36:20 
28-Apr-19, 12:36:21 
28-Apr-19, 12:36:23 
28-Apr-19, 12:36:26 
28-Apr-19, 12:36:28 
28-Apr-19, 12:36:30 
28-Apr-19, 12:36:31 
28-Apr-19, 12:36:33 
28-Apr-19, 12:36:35 
28-Apr-19, 12:36:36 
28-Apr-19, 12:36:40 
28-Apr-19, 12:36:41 
28-Apr-19, 12:36:43 
28-Apr-19, 12:36:45 
28-Apr-19, 12:36:46 
28-Apr-19, 12:36:48 
28-Apr-19, 12:36:53 
28-Apr-19, 12:36:55 
28-Apr-19, 12:37:05 
28-Apr-19, 12:37:06 
28-Apr-19, 12:37:08 
28-Apr-19, 12:37:10 
28-Apr-19, 12:37:11 
28-Apr-19, 12:37:13 
28-Apr-19, 12:37:15 
28-Apr-19, 12:37:18 
28-Apr-19, 12:37:20 
28-Apr-19, 12:37:21 
28-Apr-19, 12:37:23 
28-Apr-19, 12:37:25 
28-Apr-19, 12:37:26 
28-Apr-19, 12:37:28 
28-Apr-19, 12:37:33 
28-Apr-19, 12:37:35 
28-Apr-19, 12:37:36 
28-Apr-19, 12:37:38 
28-Apr-19, 12:37:40 
28-Apr-19, 12:37:41 
28-Apr-19, 12:37:45 
28-Apr-19, 12:37:46 
28-Apr-19, 12:37:48 
28-Apr-19, 12:37:50 
28-Apr-19, 12:37:51 
28-Apr-19, 12:37:53 
28-Apr-19, 12:37:55 
28-Apr-19, 12:38:01 
28-Apr-19, 12:38:03 
28-Apr-19, 12:38:05 
28-Apr-19, 12:38:06 
28-Apr-19, 12:38:08 
28-Apr-19, 12:38:11 
28-Apr-19, 12:38:13 
28-Apr-19, 12:38:15 
28-Apr-19, 12:38:16 
28-Apr-19, 12:38:18 
28-Apr-19, 12:38:20 
28-Apr-19, 12:38:21 
28-Apr-19, 12:38:25 
28-Apr-19, 12:38:26 
28-Apr-19, 12:38:28 
28-Apr-19, 12:38:30 
28-Apr-19, 12:38:31 
28-Apr-19, 12:38:33 
28-Apr-19, 12:38:38 
28-Apr-19, 12:38:40 
28-Apr-19, 12:38:41 
28-Apr-19, 12:38:43 
28-Apr-19, 12:38:45 
28-Apr-19, 12:38:46 
28-Apr-19, 12:38:50 
28-Apr-19, 12:38:51 
28-Apr-19, 12:38:53 
28-Apr-19, 12:38:55 
28-Apr-19, 12:39:00 
28-Apr-19, 12:39:01 
28-Apr-19, 12:39:05 
28-Apr-19, 12:39:06 
28-Apr-19, 12:39:08 
28-Apr-19, 12:39:10 
28-Apr-19, 12:39:11 
28-Apr-19, 12:39:13 
28-Apr-19, 12:39:18 
28-Apr-19, 12:39:21 
28-Apr-19, 12:39:23 
28-Apr-19, 12:39:25 
28-Apr-19, 12:39:30 
28-Apr-19, 12:39:31 
28-Apr-19, 12:39:33 
28-Apr-19, 12:39:35 
28-Apr-19, 12:39:36 
28-Apr-19, 12:39:38 
28-Apr-19, 12:39:40 
28-Apr-19, 12:39:41 
28-Apr-19, 12:39:45 
28-Apr-19, 12:39:46 
28-Apr-19, 12:39:48 
28-Apr-19, 12:39:50 
28-Apr-19, 12:39:51 
28-Apr-19, 12:39:53 
28-Apr-19, 12:40:01 
28-Apr-19, 12:40:03 
28-Apr-19, 12:40:05 
28-Apr-19, 12:40:06 
28-Apr-19, 12:40:10 
28-Apr-19, 12:40:11 
28-Apr-19, 12:40:13 
28-Apr-19, 12:40:15 
28-Apr-19, 12:40:16 
28-Apr-19, 12:40:18 
28-Apr-19, 20:07:39 
28-Apr-19, 20:07:40 
28-Apr-19, 20:07:42 
28-Apr-19, 20:07:44 
28-Apr-19, 20:07:45 
28-Apr-19, 20:07:47 
28-Apr-19, 20:07:49 
28-Apr-19, 20:07:50 
28-Apr-19, 20:07:52 
28-Apr-19, 20:07:54 
28-Apr-19, 20:07:55 
28-Apr-19, 20:08:04 
28-Apr-19, 20:08:05 
28-Apr-19, 20:08:09 
28-Apr-19, 20:08:10 
28-Apr-19, 20:08:12 
28-Apr-19, 20:08:14 
28-Apr-19, 20:08:15 
28-Apr-19, 20:08:17 
28-Apr-19, 20:08:19 
28-Apr-19, 20:08:20 
28-Apr-19, 20:08:22 
28-Apr-19, 20:08:24 
28-Apr-19, 20:08:25 
28-Apr-19, 20:08:27 
28-Apr-19, 20:08:29 
28-Apr-19, 20:08:30 
28-Apr-19, 20:08:32 
28-Apr-19, 20:08:34 
28-Apr-19, 20:08:35 
28-Apr-19, 20:08:37 
28-Apr-19, 20:08:39 
28-Apr-19, 20:08:40 
28-Apr-19, 20:08:42 
28-Apr-19, 20:08:44 
28-Apr-19, 20:08:45 
28-Apr-19, 20:08:47 
28-Apr-19, 20:08:49 
28-Apr-19, 20:08:50 
28-Apr-19, 20:08:52 
28-Apr-19, 20:08:54 
28-Apr-19, 20:08:55 
28-Apr-19, 20:08:59 
28-Apr-19, 20:09:00 
28-Apr-19, 20:09:04 
28-Apr-19, 20:09:05 
28-Apr-19, 20:09:07 
28-Apr-19, 20:09:09 
28-Apr-19, 20:09:10 
28-Apr-19, 20:09:12 
28-Apr-19, 20:09:14 
28-Apr-19, 20:09:15 
28-Apr-19, 20:09:17 
28-Apr-19, 20:09:19 
28-Apr-19, 20:09:20 
28-Apr-19, 20:09:22 
28-Apr-19, 20:09:24 
28-Apr-19, 20:09:25 
28-Apr-19, 20:09:27 
28-Apr-19, 20:09:29 
28-Apr-19, 20:09:30 
28-Apr-19, 20:09:32 
28-Apr-19, 20:09:34 
28-Apr-19, 20:09:35 
28-Apr-19, 20:09:37 
28-Apr-19, 20:09:39 
28-Apr-19, 20:09:40 
28-Apr-19, 20:09:42 
28-Apr-19, 20:09:44 
28-Apr-19, 20:09:45 
28-Apr-19, 20:09:47 
28-Apr-19, 20:09:49 
28-Apr-19, 20:09:50 
28-Apr-19, 20:09:52 
28-Apr-19, 20:09:54 
28-Apr-19, 20:09:55 
28-Apr-19, 20:09:57 
28-Apr-19, 20:10:04 
28-Apr-19, 20:10:05 
28-Apr-19, 20:10:07 
28-Apr-19, 20:10:09 
28-Apr-19, 20:10:10 
28-Apr-19, 20:10:12 
28-Apr-19, 20:10:14 
28-Apr-19, 20:10:15 
28-Apr-19, 20:10:17 
28-Apr-19, 20:10:20 
28-Apr-19, 20:10:22 
28-Apr-19, 20:10:24 
28-Apr-19, 20:10:25 
28-Apr-19, 20:10:27 
28-Apr-19, 20:10:29 
28-Apr-19, 20:10:30 
28-Apr-19, 20:10:32 
28-Apr-19, 20:10:34 
28-Apr-19, 20:10:35 
28-Apr-19, 20:10:37 
28-Apr-19, 20:10:39 
28-Apr-19, 20:10:40 
28-Apr-19, 20:10:42 
28-Apr-19, 20:10:44 
28-Apr-19, 20:10:45 
28-Apr-19, 20:10:47 
28-Apr-19, 20:10:49 
28-Apr-19, 20:10:50 
28-Apr-19, 20:10:52 
28-Apr-19, 20:10:54 
28-Apr-19, 20:10:55 
28-Apr-19, 20:11:00 
28-Apr-19, 20:11:04 
28-Apr-19, 20:11:05 
28-Apr-19, 20:11:07 
28-Apr-19, 20:11:09 
28-Apr-19, 20:11:10 
28-Apr-19, 20:11:12 
28-Apr-19, 20:11:14 
28-Apr-19, 20:11:15 
28-Apr-19, 20:11:17 
28-Apr-19, 20:11:19 
28-Apr-19, 20:11:20 
28-Apr-19, 20:11:22 
28-Apr-19, 20:11:24 
28-Apr-19, 20:11:25 
28-Apr-19, 20:11:27 
28-Apr-19, 20:11:29 
28-Apr-19, 20:11:30 
28-Apr-19, 20:11:32 
28-Apr-19, 20:11:34 
28-Apr-19, 20:11:35 
28-Apr-19, 20:11:37 
28-Apr-19, 20:11:39 
28-Apr-19, 20:11:40 
28-Apr-19, 20:11:42 
28-Apr-19, 20:11:44 
28-Apr-19, 20:11:45 
28-Apr-19, 20:11:47 
28-Apr-19, 20:11:49 
28-Apr-19, 20:11:50 
28-Apr-19, 20:11:52 
28-Apr-19, 20:11:54 
28-Apr-19, 20:11:55 
28-Apr-19, 20:11:59 
28-Apr-19, 20:12:04 
28-Apr-19, 20:12:05 
28-Apr-19, 20:12:07 
28-Apr-19, 20:12:09 
28-Apr-19, 20:12:10 
28-Apr-19, 20:12:12 
28-Apr-19, 20:12:14 
28-Apr-19, 20:12:15 
28-Apr-19, 20:12:17 
28-Apr-19, 20:12:19 
28-Apr-19, 20:12:20 
28-Apr-19, 20:12:22 
28-Apr-19, 20:12:24 
28-Apr-19, 20:12:25 
28-Apr-19, 20:12:27 
28-Apr-19, 20:12:29 
28-Apr-19, 20:12:30 
28-Apr-19, 20:12:32 
28-Apr-19, 20:12:34 
28-Apr-19, 20:12:35 
28-Apr-19, 20:12:37 
28-Apr-19, 20:12:39 
28-Apr-19, 20:12:40 
28-Apr-19, 20:12:42 
28-Apr-19, 20:12:44 
28-Apr-19, 20:12:45 
28-Apr-19, 20:12:47 
28-Apr-19, 20:12:49 
28-Apr-19, 20:12:50 
28-Apr-19, 20:12:52 
28-Apr-19, 20:12:54 
28-Apr-19, 20:12:55 
28-Apr-19, 20:13:04 
28-Apr-19, 20:13:05 
28-Apr-19, 20:13:07 
28-Apr-19, 20:13:09 
28-Apr-19, 20:13:10 
28-Apr-19, 20:13:12 
28-Apr-19, 20:13:14 
28-Apr-19, 20:13:15 
28-Apr-19, 20:13:17 
28-Apr-19, 20:13:19 
28-Apr-19, 20:13:20 
28-Apr-19, 20:13:22 
28-Apr-19, 20:13:24 
28-Apr-19, 20:13:25 
28-Apr-19, 20:13:27 
28-Apr-19, 20:13:29 
28-Apr-19, 20:13:30 
28-Apr-19, 20:13:32 
28-Apr-19, 20:13:34 
28-Apr-19, 20:13:35 
28-Apr-19, 20:13:37 
28-Apr-19, 20:13:40 
28-Apr-19, 20:13:42 
28-Apr-19, 20:13:44 
28-Apr-19, 20:13:45 
28-Apr-19, 20:13:47 
28-Apr-19, 20:13:49 
28-Apr-19, 20:13:50 
28-Apr-19, 20:13:52 
28-Apr-19, 20:13:54 
28-Apr-19, 20:13:55 
28-Apr-19, 20:14:02 
28-Apr-19, 20:14:04 
28-Apr-19, 20:14:05 
28-Apr-19, 20:14:07 
28-Apr-19, 20:14:09 
28-Apr-19, 20:14:10 
28-Apr-19, 20:14:12 
28-Apr-19, 20:14:14 
28-Apr-19, 20:14:15 
28-Apr-19, 20:14:17 
28-Apr-19, 20:14:19 
28-Apr-19, 20:14:20 
28-Apr-19, 20:14:22 
28-Apr-19, 20:14:24 
28-Apr-19, 20:14:25 
28-Apr-19, 20:14:27 
28-Apr-19, 20:14:29 
28-Apr-19, 20:14:30 
28-Apr-19, 20:14:32 
28-Apr-19, 20:14:34 
28-Apr-19, 20:14:35 
28-Apr-19, 20:14:37 
28-Apr-19, 20:14:39 
28-Apr-19, 20:14:40 
28-Apr-19, 20:14:42 
28-Apr-19, 20:14:44 
28-Apr-19, 20:14:45 
28-Apr-19, 20:14:47 
28-Apr-19, 20:14:49 
28-Apr-19, 20:14:50 
28-Apr-19, 20:14:52 
28-Apr-19, 20:14:54 
28-Apr-19, 20:14:55 
28-Apr-19, 20:14:57 
28-Apr-19, 20:15:04 
28-Apr-19, 20:15:05 
28-Apr-19, 20:15:07 
28-Apr-19, 20:15:09 
28-Apr-19, 20:15:10 
28-Apr-19, 20:15:12 
28-Apr-19, 20:15:14 
28-Apr-19, 20:15:15 
28-Apr-19, 20:15:17 
28-Apr-19, 20:15:19 
28-Apr-19, 20:15:20 
28-Apr-19, 20:15:22 
28-Apr-19, 20:15:24 
28-Apr-19, 20:15:25 
28-Apr-19, 20:15:27 
28-Apr-19, 20:15:29 
28-Apr-19, 20:15:30 
28-Apr-19, 20:15:32 
28-Apr-19, 20:15:34 
28-Apr-19, 20:15:35 
28-Apr-19, 20:15:37 
28-Apr-19, 20:15:39 
28-Apr-19, 20:15:40 
28-Apr-19, 20:15:42 
28-Apr-19, 20:15:44 
28-Apr-19, 20:15:45 
28-Apr-19, 20:15:47 
28-Apr-19, 20:15:49 
28-Apr-19, 20:15:50 
28-Apr-19, 20:15:52 
28-Apr-19, 20:15:54 
28-Apr-19, 20:15:55 
28-Apr-19, 20:16:00 
28-Apr-19, 20:16:04 
28-Apr-19, 20:16:05 
28-Apr-19, 20:16:07 
28-Apr-19, 20:16:12 
28-Apr-19, 20:16:14 
28-Apr-19, 20:16:15 
28-Apr-19, 20:16:17 
28-Apr-19, 20:16:19 
28-Apr-19, 20:16:20 
28-Apr-19, 20:16:22 
28-Apr-19, 20:16:24 
28-Apr-19, 20:16:27 
28-Apr-19, 20:16:29 
28-Apr-19, 20:16:30 
28-Apr-19, 20:16:32 
28-Apr-19, 20:16:34 
28-Apr-19, 20:16:35 
28-Apr-19, 20:16:37 
28-Apr-19, 20:16:39 
28-Apr-19, 20:16:40 
28-Apr-19, 20:16:42 
28-Apr-19, 20:16:44 
28-Apr-19, 20:16:45 
28-Apr-19, 20:16:47 
28-Apr-19, 20:16:49 
28-Apr-19, 20:16:50 
28-Apr-19, 20:16:52 
28-Apr-19, 20:16:54 
28-Apr-19, 20:16:55 
28-Apr-19, 20:16:59 
28-Apr-19, 20:17:04 
28-Apr-19, 20:17:05 
28-Apr-19, 20:17:07 
28-Apr-19, 20:17:09 
28-Apr-19, 20:17:10 
28-Apr-19, 20:17:12 
28-Apr-19, 20:17:14 
28-Apr-19, 20:17:15 
28-Apr-19, 20:17:17 
28-Apr-19, 20:17:19 
28-Apr-19, 20:17:20 
28-Apr-19, 20:17:22 
28-Apr-19, 20:17:24 
28-Apr-19, 20:17:25 
28-Apr-19, 20:17:27 
28-Apr-19, 20:17:29 
28-Apr-19, 20:17:30 
28-Apr-19, 20:17:32 
28-Apr-19, 20:17:34 
28-Apr-19, 20:17:35 
28-Apr-19, 20:17:37 
28-Apr-19, 20:17:39 
28-Apr-19, 20:17:40 
28-Apr-19, 20:17:42 
28-Apr-19, 20:17:44 
28-Apr-19, 20:17:45 
28-Apr-19, 20:17:47 
28-Apr-19, 20:17:49 
28-Apr-19, 20:17:50 
28-Apr-19, 20:17:52 
28-Apr-19, 20:17:54 
28-Apr-19, 20:17:55 
28-Apr-19, 20:18:04 
28-Apr-19, 20:18:05 
28-Apr-19, 20:18:07 
28-Apr-19, 20:18:09 
28-Apr-19, 20:18:10 
28-Apr-19, 20:18:12 
28-Apr-19, 20:18:14 
28-Apr-19, 20:18:15 
28-Apr-19, 20:18:17 
28-Apr-19, 20:18:19 
28-Apr-19, 20:18:20 
28-Apr-19, 20:18:22 
28-Apr-19, 20:18:24 
28-Apr-19, 20:18:25 
28-Apr-19, 20:18:27 
28-Apr-19, 20:18:29 
28-Apr-19, 20:18:30 
28-Apr-19, 20:18:32 
28-Apr-19, 20:18:34 
28-Apr-19, 20:18:35 
28-Apr-19, 20:18:37 
28-Apr-19, 20:18:39 
28-Apr-19, 20:18:40 
28-Apr-19, 20:18:42 
28-Apr-19, 20:18:44 
28-Apr-19, 20:18:45 
28-Apr-19, 20:18:49 
28-Apr-19, 20:18:50 
28-Apr-19, 20:18:52 
28-Apr-19, 20:18:54 
28-Apr-19, 20:18:55 
28-Apr-19, 20:18:57 
28-Apr-19, 20:19:00 
28-Apr-19, 20:19:02 
28-Apr-19, 20:19:04 
28-Apr-19, 20:19:05 
28-Apr-19, 20:19:07 
28-Apr-19, 20:19:09 
28-Apr-19, 20:19:10 
28-Apr-19, 20:19:12 
28-Apr-19, 20:19:14 
28-Apr-19, 20:19:15 
28-Apr-19, 20:19:17 
28-Apr-19, 20:19:19 
28-Apr-19, 20:19:20 
28-Apr-19, 20:19:22 
28-Apr-19, 20:19:24 
28-Apr-19, 20:19:25 
28-Apr-19, 20:19:27 
28-Apr-19, 20:19:29 
28-Apr-19, 20:19:30 
28-Apr-19, 20:19:32 
28-Apr-19, 20:19:34 
28-Apr-19, 20:19:35 
28-Apr-19, 20:19:37 
28-Apr-19, 20:19:39 
28-Apr-19, 20:19:40 
28-Apr-19, 20:19:42 
28-Apr-19, 20:19:44 
28-Apr-19, 20:19:45 
28-Apr-19, 20:19:47 
28-Apr-19, 20:19:49 
28-Apr-19, 20:19:50 
28-Apr-19, 20:19:52 
28-Apr-19, 20:19:54 
28-Apr-19, 20:19:55 
28-Apr-19, 20:19:57 
28-Apr-19, 20:19:59 
28-Apr-19, 20:20:02 
28-Apr-19, 20:20:04 
28-Apr-19, 20:20:05 
28-Apr-19, 20:20:07 
28-Apr-19, 20:20:09 
28-Apr-19, 20:20:10 
28-Apr-19, 20:20:12 
28-Apr-19, 20:20:14 
28-Apr-19, 20:20:15 
28-Apr-19, 20:20:17 
28-Apr-19, 20:20:19 
28-Apr-19, 20:20:20 
28-Apr-19, 20:20:22 
28-Apr-19, 20:20:24 
28-Apr-19, 20:20:25 
28-Apr-19, 20:20:27 
28-Apr-19, 20:20:29 
28-Apr-19, 20:20:30 
28-Apr-19, 20:20:32 
28-Apr-19, 20:20:34 
28-Apr-19, 20:20:35 
28-Apr-19, 20:20:37 
28-Apr-19, 20:20:39 
28-Apr-19, 20:20:40 
28-Apr-19, 20:20:42 
28-Apr-19, 20:20:44 
28-Apr-19, 20:20:45 
28-Apr-19, 20:20:47 
28-Apr-19, 20:20:49 
28-Apr-19, 20:20:50 
28-Apr-19, 20:20:52 
28-Apr-19, 20:20:54 
28-Apr-19, 20:20:55 
28-Apr-19, 20:21:00 
28-Apr-19, 20:21:04 
28-Apr-19, 20:21:05 
28-Apr-19, 20:21:07 
28-Apr-19, 20:21:09 
28-Apr-19, 20:21:10 
28-Apr-19, 20:21:12 
28-Apr-19, 20:21:14 
28-Apr-19, 20:21:15 
28-Apr-19, 20:21:17 
28-Apr-19, 20:21:19 
28-Apr-19, 20:21:20 
28-Apr-19, 20:21:22 
28-Apr-19, 20:21:24 
28-Apr-19, 20:21:25 
28-Apr-19, 20:21:27 
28-Apr-19, 20:21:29 
28-Apr-19, 20:21:30 
28-Apr-19, 20:21:32 
28-Apr-19, 20:21:34 
28-Apr-19, 20:21:35 
28-Apr-19, 20:21:37 
28-Apr-19, 20:21:39 
28-Apr-19, 20:21:40 
28-Apr-19, 20:21:42 
28-Apr-19, 20:21:44 
28-Apr-19, 20:21:45 
28-Apr-19, 20:21:47 
28-Apr-19, 20:21:49 
28-Apr-19, 20:21:50 
28-Apr-19, 20:21:52 
28-Apr-19, 20:21:54 
28-Apr-19, 20:21:55 
28-Apr-19, 20:22:04 
28-Apr-19, 20:22:05 
28-Apr-19, 20:22:07 
28-Apr-19, 20:22:09 
28-Apr-19, 20:22:10 
28-Apr-19, 20:22:12 
28-Apr-19, 20:22:14 
28-Apr-19, 20:22:15 
28-Apr-19, 20:22:17 
28-Apr-19, 20:22:19 
28-Apr-19, 20:22:20 
28-Apr-19, 20:22:22 
28-Apr-19, 20:22:24 
28-Apr-19, 20:22:27 
28-Apr-19, 20:22:29 
28-Apr-19, 20:22:32 
28-Apr-19, 20:22:34 
28-Apr-19, 20:22:35 
28-Apr-19, 20:22:37 
28-Apr-19, 20:22:39 
28-Apr-19, 20:22:40 
28-Apr-19, 20:22:42 
28-Apr-19, 20:22:44 
28-Apr-19, 20:22:45 
28-Apr-19, 20:22:47 
28-Apr-19, 20:22:49 
28-Apr-19, 20:22:50 
28-Apr-19, 20:22:52 
28-Apr-19, 20:22:54 
28-Apr-19, 20:22:55 
28-Apr-19, 20:22:57 
28-Apr-19, 20:22:59 
28-Apr-19, 20:23:02 
28-Apr-19, 20:23:04 
28-Apr-19, 20:23:05 
28-Apr-19, 20:23:09 
28-Apr-19, 20:23:10 
28-Apr-19, 20:23:12 
28-Apr-19, 20:23:14 
28-Apr-19, 20:23:15 
28-Apr-19, 20:23:17 
28-Apr-19, 20:23:19 
28-Apr-19, 20:23:20 
28-Apr-19, 20:23:22 
28-Apr-19, 20:23:24 
28-Apr-19, 20:23:25 
28-Apr-19, 20:23:27 
28-Apr-19, 20:23:29 
28-Apr-19, 20:23:30 
28-Apr-19, 20:23:32 
28-Apr-19, 20:23:34 
28-Apr-19, 20:23:35 
28-Apr-19, 20:23:37 
28-Apr-19, 20:23:39 
28-Apr-19, 20:23:40 
28-Apr-19, 20:23:42 
28-Apr-19, 20:23:44 
28-Apr-19, 20:23:45 
28-Apr-19, 20:23:47 
28-Apr-19, 20:23:49 
28-Apr-19, 20:23:50 
28-Apr-19, 20:23:52 
28-Apr-19, 20:23:54 
28-Apr-19, 20:23:55 
28-Apr-19, 20:23:57 
28-Apr-19, 20:24:04 
28-Apr-19, 20:24:05 
28-Apr-19, 20:24:07 
28-Apr-19, 20:24:09 
28-Apr-19, 20:24:10 
28-Apr-19, 20:24:12 
28-Apr-19, 20:24:14 
28-Apr-19, 20:24:15 
28-Apr-19, 20:24:17 
28-Apr-19, 20:24:19 
28-Apr-19, 20:24:20 
28-Apr-19, 20:24:22 
28-Apr-19, 20:24:24 
28-Apr-19, 20:24:25 
28-Apr-19, 20:24:27 
28-Apr-19, 20:24:29 
28-Apr-19, 20:24:30 
28-Apr-19, 20:24:32 
28-Apr-19, 20:24:34 
28-Apr-19, 20:24:35 
28-Apr-19, 20:24:37 
28-Apr-19, 20:24:39 
28-Apr-19, 20:24:40 
28-Apr-19, 20:24:42 
28-Apr-19, 20:24:44 
28-Apr-19, 20:24:45 
28-Apr-19, 20:24:47 
28-Apr-19, 20:24:49 
28-Apr-19, 20:24:50 
28-Apr-19, 20:24:52 
28-Apr-19, 20:24:54 
28-Apr-19, 20:24:55 
28-Apr-19, 20:24:57 
28-Apr-19, 20:25:00 
28-Apr-19, 20:25:04 
28-Apr-19, 20:25:05 
28-Apr-19, 20:25:07 
28-Apr-19, 20:25:09 
28-Apr-19, 20:25:10 
28-Apr-19, 20:25:12 
28-Apr-19, 20:25:14 
28-Apr-19, 20:25:15 
28-Apr-19, 20:25:17 
28-Apr-19, 20:25:19 
28-Apr-19, 20:25:20 
28-Apr-19, 20:25:22 
28-Apr-19, 20:25:24 
28-Apr-19, 20:25:25 
28-Apr-19, 20:25:27 
28-Apr-19, 20:25:29 
28-Apr-19, 20:25:30 
28-Apr-19, 20:25:32 
28-Apr-19, 20:25:34 
28-Apr-19, 20:25:35 
28-Apr-19, 20:25:37 
28-Apr-19, 20:25:39 
28-Apr-19, 20:25:40 
28-Apr-19, 20:25:42 
28-Apr-19, 20:25:44 
28-Apr-19, 20:25:45 
28-Apr-19, 20:25:47 
28-Apr-19, 20:25:49 
28-Apr-19, 20:25:50 
28-Apr-19, 20:25:52 
28-Apr-19, 20:25:54 
28-Apr-19, 20:25:55 
28-Apr-19, 20:26:02 
28-Apr-19, 20:26:04 
28-Apr-19, 20:26:05 
28-Apr-19, 20:26:07 
28-Apr-19, 20:26:09 
28-Apr-19, 20:26:10 
28-Apr-19, 20:26:12 
28-Apr-19, 20:26:14 
28-Apr-19, 20:26:15 
28-Apr-19, 20:26:17 
28-Apr-19, 20:26:19 
28-Apr-19, 20:26:20 
28-Apr-19, 20:26:22 
28-Apr-19, 20:26:24 
28-Apr-19, 20:26:25 
28-Apr-19, 20:26:27 
28-Apr-19, 20:26:29 
28-Apr-19, 20:26:30 
28-Apr-19, 20:26:32 
28-Apr-19, 20:26:34 
28-Apr-19, 20:26:35 
28-Apr-19, 20:26:37 
28-Apr-19, 20:26:39 
28-Apr-19, 20:26:40 
28-Apr-19, 20:26:42 
28-Apr-19, 20:26:44 
28-Apr-19, 20:26:45 
28-Apr-19, 20:26:47 
28-Apr-19, 20:26:49 
28-Apr-19, 20:26:50 
28-Apr-19, 20:26:54 
28-Apr-19, 20:26:55 
28-Apr-19, 20:26:59 
28-Apr-19, 20:27:02 
28-Apr-19, 20:27:04 
28-Apr-19, 20:27:05 
28-Apr-19, 20:27:07 
28-Apr-19, 20:27:09 
28-Apr-19, 20:27:10 
28-Apr-19, 20:27:12 
28-Apr-19, 20:27:14 
28-Apr-19, 20:27:15 
28-Apr-19, 20:27:18 
28-Apr-19, 20:27:19 
28-Apr-19, 20:27:20 
28-Apr-19, 20:27:23 
28-Apr-19, 20:27:24 
28-Apr-19, 20:27:25 
28-Apr-19, 20:27:28 
28-Apr-19, 20:27:29 
28-Apr-19, 20:27:30 
28-Apr-19, 20:27:33 
28-Apr-19, 20:27:34 
28-Apr-19, 20:27:35 
28-Apr-19, 20:27:38 
28-Apr-19, 20:27:39 
28-Apr-19, 20:27:40 
28-Apr-19, 20:27:43 
28-Apr-19, 20:27:44 
28-Apr-19, 20:27:45 
28-Apr-19, 20:27:48 
28-Apr-19, 20:27:49 
28-Apr-19, 20:27:50 
28-Apr-19, 20:27:53 
28-Apr-19, 20:27:54 
28-Apr-19, 20:27:55 
28-Apr-19, 20:27:58 
28-Apr-19, 20:28:03 
28-Apr-19, 20:28:04 
28-Apr-19, 20:28:05 
28-Apr-19, 20:28:08 
28-Apr-19, 20:28:09 
28-Apr-19, 20:28:10 
28-Apr-19, 20:28:13 
28-Apr-19, 20:28:14 
28-Apr-19, 20:28:15 
28-Apr-19, 20:28:18 
28-Apr-19, 20:28:19 
28-Apr-19, 20:28:20 
28-Apr-19, 20:28:23 
28-Apr-19, 20:28:24 
28-Apr-19, 20:28:25 
28-Apr-19, 20:28:28 
28-Apr-19, 20:28:29 
28-Apr-19, 20:28:30 
28-Apr-19, 20:28:33 
28-Apr-19, 20:28:34 
28-Apr-19, 20:28:35 
28-Apr-19, 20:28:38 
28-Apr-19, 20:28:39 
28-Apr-19, 20:28:40 
28-Apr-19, 20:28:43 
28-Apr-19, 20:28:44 
28-Apr-19, 20:28:45 
28-Apr-19, 20:28:48 
28-Apr-19, 20:28:49 
28-Apr-19, 20:28:50 
28-Apr-19, 20:28:53 
28-Apr-19, 20:28:54 
28-Apr-19, 20:28:55 
28-Apr-19, 20:28:59 
28-Apr-19, 20:29:03 
28-Apr-19, 20:29:04 
28-Apr-19, 20:29:05 
28-Apr-19, 20:29:08 
28-Apr-19, 20:29:09 
28-Apr-19, 20:29:10 
28-Apr-19, 20:29:13 
28-Apr-19, 20:29:14 
28-Apr-19, 20:29:15 
28-Apr-19, 20:29:18 
28-Apr-19, 20:29:19 
28-Apr-19, 20:29:23 
28-Apr-19, 20:29:24 
28-Apr-19, 20:29:25 
28-Apr-19, 20:29:28 
28-Apr-19, 20:29:29 
28-Apr-19, 20:29:30 
28-Apr-19, 20:29:33 
28-Apr-19, 20:29:34 
28-Apr-19, 20:29:35 
28-Apr-19, 20:29:38 
28-Apr-19, 20:29:39 
28-Apr-19, 20:29:40 
28-Apr-19, 20:29:43 
28-Apr-19, 20:29:44 
28-Apr-19, 20:29:45 
28-Apr-19, 20:29:48 
28-Apr-19, 20:29:49 
28-Apr-19, 20:29:50 
28-Apr-19, 20:29:53 
28-Apr-19, 20:29:54 
28-Apr-19, 20:29:55 
28-Apr-19, 20:30:03 
28-Apr-19, 20:30:04 
28-Apr-19, 20:30:05 
28-Apr-19, 20:30:08 
28-Apr-19, 20:30:09 
28-Apr-19, 20:30:10 
28-Apr-19, 20:30:13 
28-Apr-19, 20:30:14 
28-Apr-19, 20:30:15 
28-Apr-19, 20:30:18 
28-Apr-19, 20:30:19 
28-Apr-19, 20:30:20 
28-Apr-19, 20:30:23 
28-Apr-19, 20:30:24 
28-Apr-19, 20:30:25 
28-Apr-19, 20:30:28 
28-Apr-19, 20:30:29 
28-Apr-19, 20:30:30 
28-Apr-19, 20:30:33 
28-Apr-19, 20:30:34 
28-Apr-19, 20:30:35 
28-Apr-19, 20:30:38 
28-Apr-19, 20:30:39 
28-Apr-19, 20:30:40 
28-Apr-19, 20:30:43 
28-Apr-19, 20:30:44 
28-Apr-19, 20:30:45 
28-Apr-19, 20:30:48 
28-Apr-19, 20:30:49 
28-Apr-19, 20:30:50 
28-Apr-19, 20:30:53 
28-Apr-19, 20:30:54 
28-Apr-19, 20:30:55 
28-Apr-19, 20:31:03 
28-Apr-19, 20:31:04 
28-Apr-19, 20:31:05 
28-Apr-19, 20:31:08 
28-Apr-19, 20:31:09 
28-Apr-19, 20:31:10 
28-Apr-19, 20:31:14 
28-Apr-19, 20:31:15 
28-Apr-19, 20:31:18 
28-Apr-19, 20:31:19 
28-Apr-19, 20:31:20 
28-Apr-19, 20:31:23 
28-Apr-19, 20:31:24 
28-Apr-19, 20:31:25 
28-Apr-19, 20:31:28 
28-Apr-19, 20:31:29 
28-Apr-19, 20:31:30 
28-Apr-19, 20:31:33 
28-Apr-19, 20:31:34 
28-Apr-19, 20:31:35 
28-Apr-19, 20:31:38 
28-Apr-19, 20:31:39 
28-Apr-19, 20:31:40 
28-Apr-19, 20:31:43 
28-Apr-19, 20:31:44 
28-Apr-19, 20:31:45 
28-Apr-19, 20:31:48 
28-Apr-19, 20:31:49 
28-Apr-19, 20:31:50 
28-Apr-19, 20:31:53 
28-Apr-19, 20:31:54 
28-Apr-19, 20:31:55 
28-Apr-19, 20:32:03 
28-Apr-19, 20:32:04 
28-Apr-19, 20:32:05 
28-Apr-19, 20:32:08 
28-Apr-19, 20:32:09 
28-Apr-19, 20:32:10 
28-Apr-19, 20:32:13 
28-Apr-19, 20:32:14 
28-Apr-19, 20:32:15 
28-Apr-19, 20:32:18 
28-Apr-19, 20:32:19 
28-Apr-19, 20:32:20 
28-Apr-19, 20:32:23 
28-Apr-19, 20:32:24 
28-Apr-19, 20:32:25 
28-Apr-19, 20:32:28 
28-Apr-19, 20:32:29 
28-Apr-19, 20:32:30 
28-Apr-19, 20:32:33 
28-Apr-19, 20:32:34 
28-Apr-19, 20:32:35 
28-Apr-19, 20:32:38 
28-Apr-19, 20:32:39 
28-Apr-19, 20:32:40 
28-Apr-19, 20:32:43 
28-Apr-19, 20:32:44 
28-Apr-19, 20:32:45 
28-Apr-19, 20:32:48 
28-Apr-19, 20:32:49 
28-Apr-19, 20:32:50 
28-Apr-19, 20:32:53 
28-Apr-19, 20:32:54 
28-Apr-19, 20:32:55 
28-Apr-19, 20:32:59 
28-Apr-19, 20:33:03 
28-Apr-19, 20:33:04 
28-Apr-19, 20:33:05 
28-Apr-19, 20:33:08 
28-Apr-19, 20:33:09 
28-Apr-19, 20:33:10 
28-Apr-19, 20:33:13 
28-Apr-19, 20:33:14 
28-Apr-19, 20:33:15 
28-Apr-19, 20:33:18 
28-Apr-19, 20:33:19 
28-Apr-19, 20:33:20 
28-Apr-19, 20:33:23 
28-Apr-19, 20:33:24 
28-Apr-19, 20:33:25 
28-Apr-19, 20:33:28 
28-Apr-19, 20:33:29 
28-Apr-19, 20:33:30 
28-Apr-19, 20:33:33 
28-Apr-19, 20:33:34 
28-Apr-19, 20:33:35 
28-Apr-19, 20:33:38 
28-Apr-19, 20:33:39 
28-Apr-19, 20:33:40 
28-Apr-19, 20:33:43 
28-Apr-19, 20:33:44 
28-Apr-19, 20:33:45 
28-Apr-19, 20:33:48 
28-Apr-19, 20:33:49 
28-Apr-19, 20:33:50 
28-Apr-19, 20:33:53 
28-Apr-19, 20:33:54 
28-Apr-19, 20:34:03 
28-Apr-19, 20:34:04 
28-Apr-19, 20:34:05 
28-Apr-19, 20:34:08 
28-Apr-19, 20:34:09 
28-Apr-19, 20:34:10 
28-Apr-19, 20:34:13 
28-Apr-19, 20:34:14 
28-Apr-19, 20:34:15 
28-Apr-19, 20:34:18 
28-Apr-19, 20:34:19 
28-Apr-19, 20:34:20 
28-Apr-19, 20:34:23 
28-Apr-19, 20:34:24 
28-Apr-19, 20:34:25 
28-Apr-19, 20:34:28 
28-Apr-19, 20:34:29 
28-Apr-19, 20:34:30 
28-Apr-19, 20:34:33 
28-Apr-19, 20:34:34 
28-Apr-19, 20:34:35 
28-Apr-19, 20:34:38 
28-Apr-19, 20:34:39 
28-Apr-19, 20:34:43 
28-Apr-19, 20:34:44 
28-Apr-19, 20:34:45 
28-Apr-19, 20:34:48 
28-Apr-19, 20:34:49 
28-Apr-19, 20:34:50 
28-Apr-19, 20:34:53 
28-Apr-19, 20:34:54 
28-Apr-19, 20:34:55 
28-Apr-19, 20:35:03 
28-Apr-19, 20:35:04 
28-Apr-19, 20:35:05 
28-Apr-19, 20:35:08 
28-Apr-19, 20:35:09 
28-Apr-19, 20:35:10 
28-Apr-19, 20:35:13 
28-Apr-19, 20:35:14 
28-Apr-19, 20:35:15 
28-Apr-19, 20:35:18 
28-Apr-19, 20:35:19 
28-Apr-19, 20:35:20 
28-Apr-19, 20:35:23 
28-Apr-19, 20:35:24 
28-Apr-19, 20:35:25 
28-Apr-19, 20:35:28 
28-Apr-19, 20:35:29 
28-Apr-19, 20:35:30 
28-Apr-19, 20:35:33 
28-Apr-19, 20:35:34 
28-Apr-19, 20:35:35 
28-Apr-19, 20:35:38 
28-Apr-19, 20:35:39 
28-Apr-19, 20:35:40 
28-Apr-19, 20:35:43 
28-Apr-19, 20:35:44 
28-Apr-19, 20:35:45 
28-Apr-19, 20:35:48 
28-Apr-19, 20:35:49 
28-Apr-19, 20:35:50 
28-Apr-19, 20:35:53 
28-Apr-19, 20:35:54 
28-Apr-19, 20:35:55 
28-Apr-19, 20:36:00 
28-Apr-19, 20:36:03 
28-Apr-19, 20:36:04 
28-Apr-19, 20:36:05 
28-Apr-19, 20:36:09 
28-Apr-19, 20:36:10 
28-Apr-19, 20:36:13 
28-Apr-19, 20:36:14 
28-Apr-19, 20:36:15 
28-Apr-19, 20:36:18 
28-Apr-19, 20:36:19 
28-Apr-19, 20:36:20 
28-Apr-19, 20:36:23 
28-Apr-19, 20:36:24 
28-Apr-19, 20:36:25 
28-Apr-19, 20:36:28 
28-Apr-19, 20:36:29 
28-Apr-19, 20:36:30 
28-Apr-19, 20:36:33 
28-Apr-19, 20:36:34 
28-Apr-19, 20:36:35 
28-Apr-19, 20:36:38 
28-Apr-19, 20:36:39 
28-Apr-19, 20:36:40 
28-Apr-19, 20:36:43 
28-Apr-19, 20:36:44 
28-Apr-19, 20:36:45 
28-Apr-19, 20:36:48 
28-Apr-19, 20:36:49 
28-Apr-19, 20:36:50 
28-Apr-19, 20:36:53 
28-Apr-19, 20:36:54 
28-Apr-19, 20:36:55 
28-Apr-19, 20:37:00 
28-Apr-19, 20:37:03 
28-Apr-19, 20:37:04 
28-Apr-19, 20:37:05 
28-Apr-19, 20:37:08 
28-Apr-19, 20:37:09 
28-Apr-19, 20:37:10 
28-Apr-19, 20:37:13 
28-Apr-19, 20:37:14 
28-Apr-19, 20:37:15 
28-Apr-19, 20:37:18 
28-Apr-19, 20:37:19 
28-Apr-19, 20:37:20 
28-Apr-19, 20:37:23 
28-Apr-19, 20:37:24 
28-Apr-19, 20:37:28 
28-Apr-19, 20:37:29 
28-Apr-19, 20:37:30 
28-Apr-19, 20:37:33 
28-Apr-19, 20:37:34 
28-Apr-19, 20:37:35 
28-Apr-19, 20:37:43 
28-Apr-19, 20:37:44 
28-Apr-19, 20:37:45 
28-Apr-19, 20:37:48 
28-Apr-19, 20:37:49 
28-Apr-19, 20:37:50 
28-Apr-19, 20:37:53 
28-Apr-19, 20:37:54 
28-Apr-19, 20:37:55 
28-Apr-19, 20:37:58 
28-Apr-19, 20:38:03 
28-Apr-19, 20:38:04 
28-Apr-19, 20:38:05 
28-Apr-19, 20:38:08 
28-Apr-19, 20:38:09 
28-Apr-19, 20:38:10 
28-Apr-19, 20:38:13 
28-Apr-19, 20:38:14 
28-Apr-19, 20:38:15 
28-Apr-19, 20:38:18 
28-Apr-19, 20:38:19 
28-Apr-19, 20:38:20 
28-Apr-19, 20:38:23 
28-Apr-19, 20:38:24 
28-Apr-19, 20:38:25 
28-Apr-19, 20:38:28 
28-Apr-19, 20:38:29 
28-Apr-19, 20:38:30 
28-Apr-19, 20:38:33 
28-Apr-19, 20:38:34 
28-Apr-19, 20:38:35 
28-Apr-19, 20:38:38 
28-Apr-19, 20:38:39 
28-Apr-19, 20:38:40 
28-Apr-19, 20:38:43 
28-Apr-19, 20:38:44 
28-Apr-19, 20:38:45 
28-Apr-19, 20:38:49 
28-Apr-19, 20:38:50 
28-Apr-19, 20:38:53 
28-Apr-19, 20:38:54 
28-Apr-19, 20:38:55 
28-Apr-19, 20:38:58 
28-Apr-19, 20:39:03 
28-Apr-19, 20:39:04 
28-Apr-19, 20:39:05 
28-Apr-19, 20:39:08 
28-Apr-19, 20:39:09 
28-Apr-19, 20:39:10 
28-Apr-19, 20:39:13 
28-Apr-19, 20:39:14 
28-Apr-19, 20:39:15 
28-Apr-19, 20:39:18 
28-Apr-19, 20:39:19 
28-Apr-19, 20:39:20 
28-Apr-19, 20:39:23 
28-Apr-19, 20:39:24 
28-Apr-19, 20:39:25 
28-Apr-19, 20:39:28 
28-Apr-19, 20:39:29 
28-Apr-19, 20:39:31 
28-Apr-19, 20:39:33 
28-Apr-19, 20:39:34 
28-Apr-19, 20:39:36 
28-Apr-19, 20:39:38 
28-Apr-19, 20:39:39 
28-Apr-19, 20:39:41 
28-Apr-19, 20:39:43 
28-Apr-19, 20:39:44 
28-Apr-19, 20:39:46 
28-Apr-19, 20:39:48 
28-Apr-19, 20:39:49 
28-Apr-19, 20:39:51 
28-Apr-19, 20:39:53 
28-Apr-19, 20:39:54 
28-Apr-19, 20:40:03 
28-Apr-19, 20:40:04 
28-Apr-19, 20:40:06 
28-Apr-19, 20:40:08 
28-Apr-19, 20:40:09 
28-Apr-19, 20:40:11 
28-Apr-19, 20:40:13 
28-Apr-19, 20:40:14 
28-Apr-19, 20:40:16 
28-Apr-19, 20:40:18 
28-Apr-19, 20:40:19 
28-Apr-19, 20:40:21 
28-Apr-19, 20:40:23 
28-Apr-19, 20:40:24 
28-Apr-19, 20:40:26 
28-Apr-19, 20:40:28 
28-Apr-19, 20:40:29 
28-Apr-19, 20:40:31 
28-Apr-19, 20:40:33 
28-Apr-19, 20:40:34 
28-Apr-19, 20:40:36 
28-Apr-19, 20:40:38 
28-Apr-19, 20:40:39 
28-Apr-19, 20:40:41 
28-Apr-19, 20:40:43 
28-Apr-19, 20:40:44 
28-Apr-19, 20:40:46 
28-Apr-19, 20:40:48 
28-Apr-19, 20:40:49 
28-Apr-19, 20:40:51 
28-Apr-19, 20:40:53 
28-Apr-19, 20:40:54 
28-Apr-19, 20:41:01 
28-Apr-19, 20:41:03 
28-Apr-19, 20:41:04 
28-Apr-19, 20:41:06 
28-Apr-19, 20:41:08 
28-Apr-19, 20:41:09 
28-Apr-19, 20:41:11 
28-Apr-19, 20:41:14 
28-Apr-19, 20:41:16 
28-Apr-19, 20:41:18 
28-Apr-19, 20:41:19 
28-Apr-19, 20:41:21 
28-Apr-19, 20:41:23 
28-Apr-19, 20:41:26 
28-Apr-19, 20:41:28 
28-Apr-19, 20:41:29 
28-Apr-19, 20:41:31 
28-Apr-19, 20:41:33 
28-Apr-19, 20:41:34 
28-Apr-19, 20:41:36 
28-Apr-19, 20:41:38 
28-Apr-19, 20:41:39 
28-Apr-19, 20:41:41 
28-Apr-19, 20:41:43 
28-Apr-19, 20:41:44 
28-Apr-19, 20:41:46 
28-Apr-19, 20:41:48 
28-Apr-19, 20:41:49 
28-Apr-19, 20:41:51 
28-Apr-19, 20:41:53 
28-Apr-19, 20:41:54 
28-Apr-19, 20:42:03 
28-Apr-19, 20:42:06 
28-Apr-19, 20:42:08 
28-Apr-19, 20:42:09 
28-Apr-19, 20:42:11 
28-Apr-19, 20:42:13 
28-Apr-19, 20:42:14 
28-Apr-19, 20:42:16 
28-Apr-19, 20:42:18 
28-Apr-19, 20:42:19 
28-Apr-19, 20:42:21 
28-Apr-19, 20:42:23 
28-Apr-19, 20:42:24 
28-Apr-19, 20:42:26 
28-Apr-19, 20:42:28 
28-Apr-19, 20:42:29 
28-Apr-19, 20:42:31 
28-Apr-19, 20:42:33 
28-Apr-19, 20:42:34 
28-Apr-19, 20:42:36 
28-Apr-19, 20:42:38 
28-Apr-19, 20:42:39 
28-Apr-19, 20:42:41 
28-Apr-19, 20:42:43 
28-Apr-19, 20:42:44 
28-Apr-19, 20:42:46 
28-Apr-19, 20:42:48 
28-Apr-19, 20:42:49 
28-Apr-19, 20:42:51 
28-Apr-19, 20:42:53 
28-Apr-19, 20:42:54 
28-Apr-19, 20:43:03 
28-Apr-19, 20:43:04 
28-Apr-19, 20:43:06 
28-Apr-19, 20:43:08 
28-Apr-19, 20:43:09 
28-Apr-19, 20:43:13 
28-Apr-19, 20:43:14 
28-Apr-19, 20:43:16 
28-Apr-19, 20:43:18 
28-Apr-19, 20:43:19 
28-Apr-19, 20:43:21 
28-Apr-19, 20:43:23 
28-Apr-19, 20:43:24 
28-Apr-19, 20:43:26 
28-Apr-19, 20:43:28 
28-Apr-19, 20:43:29 
28-Apr-19, 20:43:31 
28-Apr-19, 20:43:33 
28-Apr-19, 20:43:34 
28-Apr-19, 20:43:36 
28-Apr-19, 20:43:38 
28-Apr-19, 20:43:41 
28-Apr-19, 20:43:43 
28-Apr-19, 20:43:44 
28-Apr-19, 20:43:46 
28-Apr-19, 20:43:48 
28-Apr-19, 20:43:49 
28-Apr-19, 20:43:51 
28-Apr-19, 20:43:53 
28-Apr-19, 20:43:54 
28-Apr-19, 20:44:01 
28-Apr-19, 20:44:03 
28-Apr-19, 20:44:06 
28-Apr-19, 20:44:08 
28-Apr-19, 20:44:09 
28-Apr-19, 20:44:11 
28-Apr-19, 20:44:13 
28-Apr-19, 20:44:14 
28-Apr-19, 20:44:16 
28-Apr-19, 20:44:18 
28-Apr-19, 20:44:19 
28-Apr-19, 20:44:21 
28-Apr-19, 20:44:23 
28-Apr-19, 20:44:24 
28-Apr-19, 20:44:26 
28-Apr-19, 20:44:28 
28-Apr-19, 20:44:29 
28-Apr-19, 20:44:31 
28-Apr-19, 20:44:33 
28-Apr-19, 20:44:34 
28-Apr-19, 20:44:36 
28-Apr-19, 20:44:38 
28-Apr-19, 20:44:39 
28-Apr-19, 20:44:41 
28-Apr-19, 20:44:43 
28-Apr-19, 20:44:44 
28-Apr-19, 20:44:46 
28-Apr-19, 20:44:48 
28-Apr-19, 20:44:49 
28-Apr-19, 20:44:51 
28-Apr-19, 20:44:53 
28-Apr-19, 20:44:54 
28-Apr-19, 20:45:03 
28-Apr-19, 20:45:04 
28-Apr-19, 20:45:06 
28-Apr-19, 20:45:08 
28-Apr-19, 20:45:09 
28-Apr-19, 20:45:11 
28-Apr-19, 20:45:13 
28-Apr-19, 20:45:14 
28-Apr-19, 20:45:16 
28-Apr-19, 20:45:18 
28-Apr-19, 20:45:19 
28-Apr-19, 20:45:21 
28-Apr-19, 20:45:23 
28-Apr-19, 20:45:24 
28-Apr-19, 20:45:26 
28-Apr-19, 20:45:28 
28-Apr-19, 20:45:29 
28-Apr-19, 20:45:31 
28-Apr-19, 20:45:33 
28-Apr-19, 20:45:34 
28-Apr-19, 20:45:36 
28-Apr-19, 20:45:38 
28-Apr-19, 20:45:39 
28-Apr-19, 20:45:41 
28-Apr-19, 20:45:43 
28-Apr-19, 20:45:44 
28-Apr-19, 20:45:46 
28-Apr-19, 20:45:48 
28-Apr-19, 20:45:49 
28-Apr-19, 20:45:51 
28-Apr-19, 20:45:53 
28-Apr-19, 20:45:54 
28-Apr-19, 20:45:58 
28-Apr-19, 20:46:01 
28-Apr-19, 20:46:03 
28-Apr-19, 20:46:04 
28-Apr-19, 20:46:06 
28-Apr-19, 20:46:08 
28-Apr-19, 20:46:09 
28-Apr-19, 20:46:11 
28-Apr-19, 20:46:13 
28-Apr-19, 20:46:14 
28-Apr-19, 20:46:16 
28-Apr-19, 20:46:18 
28-Apr-19, 20:46:19 
28-Apr-19, 20:46:21 
28-Apr-19, 20:46:23 
28-Apr-19, 20:46:24 
28-Apr-19, 20:46:26 
28-Apr-19, 20:46:28 
28-Apr-19, 20:46:29 
28-Apr-19, 20:46:31 
28-Apr-19, 20:46:33 
28-Apr-19, 20:46:34 
28-Apr-19, 20:46:36 
28-Apr-19, 20:46:38 
28-Apr-19, 20:46:39 
28-Apr-19, 20:46:41 
28-Apr-19, 20:46:43 
28-Apr-19, 20:46:44 
28-Apr-19, 20:46:46 
28-Apr-19, 20:46:48 
28-Apr-19, 20:46:51 
28-Apr-19, 20:46:53 
28-Apr-19, 20:46:54 
28-Apr-19, 20:47:03 
28-Apr-19, 20:47:04 
28-Apr-19, 20:47:06 
28-Apr-19, 20:47:08 
28-Apr-19, 20:47:09 
28-Apr-19, 20:47:13 
28-Apr-19, 20:47:14 
28-Apr-19, 20:47:16 
28-Apr-19, 20:47:18 
28-Apr-19, 20:47:19 
28-Apr-19, 20:47:21 
28-Apr-19, 20:47:23 
28-Apr-19, 20:47:24 
28-Apr-19, 20:47:26 
28-Apr-19, 20:47:28 
28-Apr-19, 20:47:29 
28-Apr-19, 20:47:31 
28-Apr-19, 20:47:33 
28-Apr-19, 20:47:34 
28-Apr-19, 20:47:36 
28-Apr-19, 20:47:38 
28-Apr-19, 20:47:39 
28-Apr-19, 20:47:41 
28-Apr-19, 20:47:43 
28-Apr-19, 20:47:44 
28-Apr-19, 20:47:46 
28-Apr-19, 20:47:48 
28-Apr-19, 20:47:49 
28-Apr-19, 20:47:51 
28-Apr-19, 20:47:53 
28-Apr-19, 20:47:54 
28-Apr-19, 20:48:03 
28-Apr-19, 20:48:04 
28-Apr-19, 20:48:06 
28-Apr-19, 20:48:08 
28-Apr-19, 20:48:09 
28-Apr-19, 20:48:11 
28-Apr-19, 20:48:13 
28-Apr-19, 20:48:14 
28-Apr-19, 20:48:16 
28-Apr-19, 20:48:18 
28-Apr-19, 20:48:19 
28-Apr-19, 20:48:21 
28-Apr-19, 20:48:23 
28-Apr-19, 20:48:24 
28-Apr-19, 20:48:26 
28-Apr-19, 20:48:28 
28-Apr-19, 20:48:29 
28-Apr-19, 20:48:31 
28-Apr-19, 20:48:33 
28-Apr-19, 20:48:35 
28-Apr-19, 20:48:36 
28-Apr-19, 20:48:38 
28-Apr-19, 20:48:40 
28-Apr-19, 20:48:41 
28-Apr-19, 20:48:43 
28-Apr-19, 20:48:45 
28-Apr-19, 20:48:46 
28-Apr-19, 20:48:48 
28-Apr-19, 20:48:50 
28-Apr-19, 20:48:51 
28-Apr-19, 20:48:53 
28-Apr-19, 20:48:55 
28-Apr-19, 20:49:01 
28-Apr-19, 20:49:03 
28-Apr-19, 20:49:05 
28-Apr-19, 20:49:06 
28-Apr-19, 20:49:08 
28-Apr-19, 20:49:10 
28-Apr-19, 20:49:11 
28-Apr-19, 20:49:13 
28-Apr-19, 20:49:15 
28-Apr-19, 20:49:16 
28-Apr-19, 20:49:18 
28-Apr-19, 20:49:20 
28-Apr-19, 20:49:21 
28-Apr-19, 20:49:23 
28-Apr-19, 20:49:25 
28-Apr-19, 20:49:26 
28-Apr-19, 20:49:28 
28-Apr-19, 20:49:30 
28-Apr-19, 20:49:31 
28-Apr-19, 20:49:33 
28-Apr-19, 20:49:35 
28-Apr-19, 20:49:36 
28-Apr-19, 20:49:38 
28-Apr-19, 20:49:40 
28-Apr-19, 20:49:41 
28-Apr-19, 20:49:43 
28-Apr-19, 20:49:45 
28-Apr-19, 20:49:46 
28-Apr-19, 20:49:48 
28-Apr-19, 20:49:50 
28-Apr-19, 20:49:51 
28-Apr-19, 20:49:53 
28-Apr-19, 20:49:55 
28-Apr-19, 20:50:01 
28-Apr-19, 20:50:03 
28-Apr-19, 20:50:05 
28-Apr-19, 20:50:06 
28-Apr-19, 20:50:08 
28-Apr-19, 20:50:10 
28-Apr-19, 20:50:11 
28-Apr-19, 20:50:13 
28-Apr-19, 20:50:15 
28-Apr-19, 20:50:16 
28-Apr-19, 20:50:18 
28-Apr-19, 20:50:20 
28-Apr-19, 20:50:21 
28-Apr-19, 20:50:23 
28-Apr-19, 20:50:25 
28-Apr-19, 20:50:26 
28-Apr-19, 20:50:28 
28-Apr-19, 20:50:30 
28-Apr-19, 20:50:31 
28-Apr-19, 20:50:33 
28-Apr-19, 20:50:35 
28-Apr-19, 20:50:36 
28-Apr-19, 20:50:38 
28-Apr-19, 20:50:40 
28-Apr-19, 20:50:41 
28-Apr-19, 20:50:43 
28-Apr-19, 20:50:45 
28-Apr-19, 20:50:46 
28-Apr-19, 20:50:48 
28-Apr-19, 20:50:50 
28-Apr-19, 20:50:51 
28-Apr-19, 20:50:53 
28-Apr-19, 20:50:55 
28-Apr-19, 20:51:03 
28-Apr-19, 20:51:05 
28-Apr-19, 20:51:06 
28-Apr-19, 20:51:08 
28-Apr-19, 20:51:10 
28-Apr-19, 20:51:11 
28-Apr-19, 20:51:13 
28-Apr-19, 20:51:15 
28-Apr-19, 20:51:16 
28-Apr-19, 20:51:18 
28-Apr-19, 20:51:21 
28-Apr-19, 20:51:23 
28-Apr-19, 20:51:25 
28-Apr-19, 20:51:26 
28-Apr-19, 20:51:28 
28-Apr-19, 20:51:30 
28-Apr-19, 20:51:31 
28-Apr-19, 20:51:33 
28-Apr-19, 20:51:35 
28-Apr-19, 20:51:36 
28-Apr-19, 20:51:38 
28-Apr-19, 20:51:40 
28-Apr-19, 20:51:41 
28-Apr-19, 20:51:43 
28-Apr-19, 20:51:50 
28-Apr-19, 20:51:51 
28-Apr-19, 20:51:53 
28-Apr-19, 20:52:03 
28-Apr-19, 20:52:05 
28-Apr-19, 20:52:06 
28-Apr-19, 20:52:08 
28-Apr-19, 20:52:10 
28-Apr-19, 20:52:11 
28-Apr-19, 20:52:13 
28-Apr-19, 20:52:15 
28-Apr-19, 20:52:16 
28-Apr-19, 20:52:18 
28-Apr-19, 20:52:20 
28-Apr-19, 20:52:21 
28-Apr-19, 20:52:23 
28-Apr-19, 20:52:25 
28-Apr-19, 20:52:26 
28-Apr-19, 20:52:28 
28-Apr-19, 20:52:30 
28-Apr-19, 20:52:31 
28-Apr-19, 20:52:38 
28-Apr-19, 20:52:40 
28-Apr-19, 20:52:41 
28-Apr-19, 20:52:43 
28-Apr-19, 20:52:45 
28-Apr-19, 20:52:46 
28-Apr-19, 20:52:48 
28-Apr-19, 20:52:50 
28-Apr-19, 20:52:51 
28-Apr-19, 20:52:53 
28-Apr-19, 20:52:55 
28-Apr-19, 20:53:01 
28-Apr-19, 20:53:03 
28-Apr-19, 20:53:05 
28-Apr-19, 20:53:06 
28-Apr-19, 20:53:08 
28-Apr-19, 20:53:10 
28-Apr-19, 20:53:11 
28-Apr-19, 20:53:13 
28-Apr-19, 20:53:15 
28-Apr-19, 20:53:16 
28-Apr-19, 20:53:18 
28-Apr-19, 20:53:20 
28-Apr-19, 20:53:21 
28-Apr-19, 20:53:23 
28-Apr-19, 20:53:25 
28-Apr-19, 20:53:26 
28-Apr-19, 20:53:28 
28-Apr-19, 20:53:30 
28-Apr-19, 20:53:31 
28-Apr-19, 20:53:33 
28-Apr-19, 20:53:35 
28-Apr-19, 20:53:36 
28-Apr-19, 20:53:38 
28-Apr-19, 20:53:40 
28-Apr-19, 20:53:41 
28-Apr-19, 20:53:43 
28-Apr-19, 20:53:45 
28-Apr-19, 20:53:46 
28-Apr-19, 20:53:48 
28-Apr-19, 20:53:50 
28-Apr-19, 20:53:51 
28-Apr-19, 20:53:53 
28-Apr-19, 20:53:55 
28-Apr-19, 20:54:00 
28-Apr-19, 20:54:01 
28-Apr-19, 20:54:03 
28-Apr-19, 20:54:10 
28-Apr-19, 20:54:11 
28-Apr-19, 20:54:13 
28-Apr-19, 20:54:15 
28-Apr-19, 20:54:16 
28-Apr-19, 20:54:18 
28-Apr-19, 20:54:20 
28-Apr-19, 20:54:21 
28-Apr-19, 20:54:23 
28-Apr-19, 20:54:25 
28-Apr-19, 20:54:26 
28-Apr-19, 20:54:28 
28-Apr-19, 20:54:30 
28-Apr-19, 20:54:31 
28-Apr-19, 20:54:33 
28-Apr-19, 20:54:35 
28-Apr-19, 20:54:36 
28-Apr-19, 20:54:38 
28-Apr-19, 20:54:40 
28-Apr-19, 20:54:41 
28-Apr-19, 20:54:43 
28-Apr-19, 20:54:45 
28-Apr-19, 20:54:46 
28-Apr-19, 20:54:48 
28-Apr-19, 20:54:50 
28-Apr-19, 20:54:51 
28-Apr-19, 20:54:53 
28-Apr-19, 20:54:55 
28-Apr-19, 20:55:00 
28-Apr-19, 20:55:05 
28-Apr-19, 20:55:06 
28-Apr-19, 20:55:08 
28-Apr-19, 20:55:10 
28-Apr-19, 20:55:11 
28-Apr-19, 20:55:13 
28-Apr-19, 20:55:15 
28-Apr-19, 20:55:16 
28-Apr-19, 20:55:18 
28-Apr-19, 20:55:20 
28-Apr-19, 20:55:21 
28-Apr-19, 20:55:23 
28-Apr-19, 20:55:25 
28-Apr-19, 20:55:26 
28-Apr-19, 20:55:28 
28-Apr-19, 20:55:30 
28-Apr-19, 20:55:31 
28-Apr-19, 20:55:33 
28-Apr-19, 20:55:35 
28-Apr-19, 20:55:36 
28-Apr-19, 20:55:38 
28-Apr-19, 20:55:40 
28-Apr-19, 20:55:41 
28-Apr-19, 20:55:43 
28-Apr-19, 20:55:45 
28-Apr-19, 20:55:46 
28-Apr-19, 20:55:48 
28-Apr-19, 20:55:50 
28-Apr-19, 20:55:51 
28-Apr-19, 20:55:53 
28-Apr-19, 20:55:55 
28-Apr-19, 20:56:00 
28-Apr-19, 20:56:01 
28-Apr-19, 20:56:03 
28-Apr-19, 20:56:05 
28-Apr-19, 20:56:06 
28-Apr-19, 20:56:08 
28-Apr-19, 20:56:11 
28-Apr-19, 20:56:15 
28-Apr-19, 20:56:16 
28-Apr-19, 20:56:18 
28-Apr-19, 20:56:20 
28-Apr-19, 20:56:21 
28-Apr-19, 20:56:23 
28-Apr-19, 20:56:25 
28-Apr-19, 20:56:26 
28-Apr-19, 20:56:28 
28-Apr-19, 20:56:30 
28-Apr-19, 20:56:31 
28-Apr-19, 20:56:33 
28-Apr-19, 20:56:35 
28-Apr-19, 20:56:36 
28-Apr-19, 20:56:38 
28-Apr-19, 20:56:40 
28-Apr-19, 20:56:41 
28-Apr-19, 20:56:43 
28-Apr-19, 20:56:45 
28-Apr-19, 20:56:46 
28-Apr-19, 20:56:48 
28-Apr-19, 20:56:50 
28-Apr-19, 20:56:51 
28-Apr-19, 20:56:53 
28-Apr-19, 20:56:55 
28-Apr-19, 20:57:03 
28-Apr-19, 20:57:05 
28-Apr-19, 20:57:06 
28-Apr-19, 20:57:08 
28-Apr-19, 20:57:10 
28-Apr-19, 20:57:11 
28-Apr-19, 20:57:13 
28-Apr-19, 20:57:15 
28-Apr-19, 20:57:16 
28-Apr-19, 20:57:18 
28-Apr-19, 20:57:20 
28-Apr-19, 20:57:21 
28-Apr-19, 20:57:23 
28-Apr-19, 20:57:25 
28-Apr-19, 20:57:26 
28-Apr-19, 20:57:28 
28-Apr-19, 20:57:30 
28-Apr-19, 20:57:31 
28-Apr-19, 20:57:33 
28-Apr-19, 20:57:35 
28-Apr-19, 20:57:36 
28-Apr-19, 20:57:38 
28-Apr-19, 20:57:40 
28-Apr-19, 20:57:41 
28-Apr-19, 20:57:43 
28-Apr-19, 20:57:45 
28-Apr-19, 20:57:46 
28-Apr-19, 20:57:48 
28-Apr-19, 20:57:50 
28-Apr-19, 20:57:51 
28-Apr-19, 20:57:53 
28-Apr-19, 20:57:55 
28-Apr-19, 20:58:03 
28-Apr-19, 20:58:05 
28-Apr-19, 20:58:06 
28-Apr-19, 20:58:08 
28-Apr-19, 20:58:10 
28-Apr-19, 20:58:11 
28-Apr-19, 20:58:13 
28-Apr-19, 20:58:15 
28-Apr-19, 20:58:16 
28-Apr-19, 20:58:18 
28-Apr-19, 20:58:20 
28-Apr-19, 20:58:21 
28-Apr-19, 20:58:23 
28-Apr-19, 20:58:25 
28-Apr-19, 20:58:26 
28-Apr-19, 20:58:28 
28-Apr-19, 20:58:30 
28-Apr-19, 20:58:33 
28-Apr-19, 20:58:35 
28-Apr-19, 20:58:36 
28-Apr-19, 20:58:38 
28-Apr-19, 20:58:40 
28-Apr-19, 20:58:41 
28-Apr-19, 20:58:43 
28-Apr-19, 20:58:45 
28-Apr-19, 20:58:46 
28-Apr-19, 20:58:48 
28-Apr-19, 20:58:50 
28-Apr-19, 20:58:51 
28-Apr-19, 20:58:53 
28-Apr-19, 20:58:55 
28-Apr-19, 20:59:03 
28-Apr-19, 20:59:05 
28-Apr-19, 20:59:06 
28-Apr-19, 20:59:08 
28-Apr-19, 20:59:10 
28-Apr-19, 20:59:11 
28-Apr-19, 20:59:13 
28-Apr-19, 20:59:15 
28-Apr-19, 20:59:16 
28-Apr-19, 20:59:18 
28-Apr-19, 20:59:20 
28-Apr-19, 20:59:21 
28-Apr-19, 20:59:23 
28-Apr-19, 20:59:25 
28-Apr-19, 20:59:26 
28-Apr-19, 20:59:28 
28-Apr-19, 20:59:30 
28-Apr-19, 20:59:31 
28-Apr-19, 20:59:33 
28-Apr-19, 20:59:35 
28-Apr-19, 20:59:36 
28-Apr-19, 20:59:38 
28-Apr-19, 20:59:40 
28-Apr-19, 20:59:41 
28-Apr-19, 20:59:43 
28-Apr-19, 20:59:45 
28-Apr-19, 20:59:46 
28-Apr-19, 20:59:48 
28-Apr-19, 20:59:50 
28-Apr-19, 20:59:51 
28-Apr-19, 20:59:53 
28-Apr-19, 20:59:55 
28-Apr-19, 21:00:03 
28-Apr-19, 21:00:05 
28-Apr-19, 21:00:06 
28-Apr-19, 21:00:08 
28-Apr-19, 21:00:10 
28-Apr-19, 21:00:11 
28-Apr-19, 21:00:13 
28-Apr-19, 21:00:15 
28-Apr-19, 21:00:16 
28-Apr-19, 21:00:18 
28-Apr-19, 21:00:20 
28-Apr-19, 21:00:21 
28-Apr-19, 21:00:23 
28-Apr-19, 21:00:25 
28-Apr-19, 21:00:26 
28-Apr-19, 21:00:28 
28-Apr-19, 21:00:30 
28-Apr-19, 21:00:31 
28-Apr-19, 21:00:33 
28-Apr-19, 21:00:35 
28-Apr-19, 21:00:36 
28-Apr-19, 21:00:38 
28-Apr-19, 21:00:40 
28-Apr-19, 21:00:41 
28-Apr-19, 21:00:43 
28-Apr-19, 21:00:45 
28-Apr-19, 21:00:46 
28-Apr-19, 21:00:48 
28-Apr-19, 21:00:50 
28-Apr-19, 21:00:51 
28-Apr-19, 21:00:53 
28-Apr-19, 21:00:55 
28-Apr-19, 21:01:16 
28-Apr-19, 21:01:18 
28-Apr-19, 21:01:20 
28-Apr-19, 21:01:21 
28-Apr-19, 21:01:23 
28-Apr-19, 21:01:25 
28-Apr-19, 21:01:28 
28-Apr-19, 21:01:30 
28-Apr-19, 21:01:31 
28-Apr-19, 21:01:33 
28-Apr-19, 21:01:35 
28-Apr-19, 21:01:36 
28-Apr-19, 21:01:38 
28-Apr-19, 21:01:40 
28-Apr-19, 21:01:41 
28-Apr-19, 21:01:43 
28-Apr-19, 21:01:45 
28-Apr-19, 21:01:46 
28-Apr-19, 21:01:48 
28-Apr-19, 21:01:50 
28-Apr-19, 21:01:51 
28-Apr-19, 21:01:55 
28-Apr-19, 21:02:01 
28-Apr-19, 21:02:03 
28-Apr-19, 21:02:05 
28-Apr-19, 21:02:06 
28-Apr-19, 21:02:08 
28-Apr-19, 21:02:10 
28-Apr-19, 21:02:11 
28-Apr-19, 21:02:13 
28-Apr-19, 21:02:15 
28-Apr-19, 21:02:16 
28-Apr-19, 21:02:18 
28-Apr-19, 21:02:20 
29-Apr-19,0:44:16
29-Apr-19,0:44:18
29-Apr-19,0:44:19
29-Apr-19,0:44:23
29-Apr-19,0:44:24
29-Apr-19,0:44:26
29-Apr-19,0:44:28
29-Apr-19,0:44:29
29-Apr-19,0:44:31
29-Apr-19,0:44:33
29-Apr-19,0:44:34
29-Apr-19,0:44:36
29-Apr-19,0:44:38
29-Apr-19,0:44:39
29-Apr-19,0:44:41
29-Apr-19,0:44:43
29-Apr-19,0:44:44
29-Apr-19,0:44:46
29-Apr-19,0:44:48
29-Apr-19,0:44:49
29-Apr-19,0:44:51
29-Apr-19,0:44:53
29-Apr-19,0:44:54
29-Apr-19,0:45:01
29-Apr-19,0:45:03
29-Apr-19,0:45:04
29-Apr-19,0:45:06
29-Apr-19,0:45:08
29-Apr-19,0:45:09
29-Apr-19,0:45:11
29-Apr-19,0:45:13
29-Apr-19,0:45:14
29-Apr-19,0:45:18
29-Apr-19,0:45:19
29-Apr-19,0:45:21
29-Apr-19,0:45:23
29-Apr-19,0:45:24
29-Apr-19,0:45:26
29-Apr-19,0:45:28
29-Apr-19,0:45:29
29-Apr-19,0:45:31
29-Apr-19,0:45:33
29-Apr-19,0:45:34
29-Apr-19,0:45:36
29-Apr-19,0:45:38
29-Apr-19,0:45:39
29-Apr-19,0:45:41
29-Apr-19,0:45:43
29-Apr-19,0:45:44
29-Apr-19,0:45:46
29-Apr-19,0:45:48
29-Apr-19,0:45:49
29-Apr-19,0:45:51
29-Apr-19,0:45:53
29-Apr-19,0:45:54
29-Apr-19,0:46:03
29-Apr-19,0:46:04
29-Apr-19,0:46:06
29-Apr-19,0:46:09
29-Apr-19,0:46:11
29-Apr-19,0:46:13
29-Apr-19,0:46:14
29-Apr-19,0:46:16
29-Apr-19,0:46:18
29-Apr-19,0:46:19
29-Apr-19,0:46:21
29-Apr-19,0:46:23
29-Apr-19,0:46:24
29-Apr-19,0:46:26
29-Apr-19,0:46:28
29-Apr-19,0:46:29
29-Apr-19,0:46:31
29-Apr-19,0:46:33
29-Apr-19,0:46:34
29-Apr-19,0:46:36
29-Apr-19,0:46:38
29-Apr-19,0:46:39
29-Apr-19,0:46:41
29-Apr-19,0:46:43
29-Apr-19,0:46:44
29-Apr-19,0:46:46
29-Apr-19,0:46:48
29-Apr-19,0:46:49
29-Apr-19,0:46:51
29-Apr-19,0:46:53
29-Apr-19,0:46:54
29-Apr-19,0:47:01
29-Apr-19,0:47:04
29-Apr-19,0:47:06
29-Apr-19,0:47:08
29-Apr-19,0:47:09
29-Apr-19,0:47:11
29-Apr-19,0:47:13
29-Apr-19,0:47:14
29-Apr-19,0:47:16
29-Apr-19,0:47:18
29-Apr-19,0:47:19
29-Apr-19,0:47:21
29-Apr-19,0:47:23
29-Apr-19,0:47:24
29-Apr-19,0:47:26
29-Apr-19,0:47:28
29-Apr-19,0:47:29
29-Apr-19,0:47:31
29-Apr-19,0:47:33
29-Apr-19,0:47:34
29-Apr-19,0:47:36
29-Apr-19,0:47:38
29-Apr-19,0:47:39
29-Apr-19,0:47:41
29-Apr-19,0:47:43
29-Apr-19,0:47:44
29-Apr-19,0:47:46
29-Apr-19,0:47:48
29-Apr-19,0:47:49
29-Apr-19,0:47:51
29-Apr-19,0:47:53
29-Apr-19,0:47:54
29-Apr-19,0:48:01
29-Apr-19,0:48:03
29-Apr-19,0:48:04
29-Apr-19,0:48:06
29-Apr-19,0:48:08
29-Apr-19,0:48:09
29-Apr-19,0:48:11
29-Apr-19,0:48:13
29-Apr-19,0:48:14
29-Apr-19,0:48:16
29-Apr-19,0:48:18
29-Apr-19,0:48:19
29-Apr-19,0:48:21
29-Apr-19,0:48:23
29-Apr-19,0:48:24
29-Apr-19,0:48:26
29-Apr-19,0:48:28
29-Apr-19,0:48:29
29-Apr-19,0:48:31
29-Apr-19,0:48:33
29-Apr-19,0:48:34
29-Apr-19,0:48:36
29-Apr-19,0:48:38
29-Apr-19,0:48:39
29-Apr-19,0:48:41
29-Apr-19,0:48:43
29-Apr-19,0:48:44
29-Apr-19,0:48:46
29-Apr-19,0:48:48
29-Apr-19,0:48:49
29-Apr-19,0:48:51
29-Apr-19,0:48:53
29-Apr-19,0:48:54
29-Apr-19,0:48:58
29-Apr-19,0:49:03
29-Apr-19,0:49:04
29-Apr-19,0:49:06
29-Apr-19,0:49:08
29-Apr-19,0:49:09
29-Apr-19,0:49:11
29-Apr-19,0:49:13
29-Apr-19,0:49:14
29-Apr-19,0:49:16
29-Apr-19,0:49:18
29-Apr-19,0:49:19
29-Apr-19,0:49:21
29-Apr-19,0:49:23
29-Apr-19,0:49:24
29-Apr-19,0:49:26
29-Apr-19,0:49:28
29-Apr-19,0:49:29
29-Apr-19,0:49:31
29-Apr-19,0:49:33
29-Apr-19,0:49:34
29-Apr-19,0:49:36
29-Apr-19,0:49:38
29-Apr-19,0:49:39
29-Apr-19,0:49:41
29-Apr-19,0:49:43
29-Apr-19,0:49:44
29-Apr-19,0:49:46
29-Apr-19,0:49:48
29-Apr-19,0:49:49
29-Apr-19,0:49:51
29-Apr-19,0:49:53
29-Apr-19,0:50:03
29-Apr-19,0:50:04
29-Apr-19,0:50:06
29-Apr-19,0:50:08
29-Apr-19,0:50:09
29-Apr-19,0:50:11
29-Apr-19,0:50:13
29-Apr-19,0:50:14
29-Apr-19,0:50:16
29-Apr-19,0:50:18
29-Apr-19,0:50:19
29-Apr-19,0:50:21
29-Apr-19,0:50:23
29-Apr-19,0:50:24
29-Apr-19,0:50:26
29-Apr-19,0:50:28
29-Apr-19,0:50:29
29-Apr-19,0:50:31
29-Apr-19,0:50:33
29-Apr-19,0:50:34
29-Apr-19,0:50:36
29-Apr-19,0:50:39
29-Apr-19,0:50:41
29-Apr-19,0:50:43
29-Apr-19,0:50:44
29-Apr-19,0:50:48
29-Apr-19,0:50:49
29-Apr-19,0:50:51
29-Apr-19,0:50:53
29-Apr-19,0:50:54
29-Apr-19,0:51:01
29-Apr-19,0:51:03
29-Apr-19,0:51:04
29-Apr-19,0:51:06
29-Apr-19,0:51:08
29-Apr-19,0:51:09
29-Apr-19,0:51:11
29-Apr-19,0:51:13
29-Apr-19,0:51:14
29-Apr-19,0:51:18
29-Apr-19,0:51:19
29-Apr-19,0:51:21
29-Apr-19,0:51:23
29-Apr-19,0:51:24
29-Apr-19,0:51:26
29-Apr-19,0:51:28
29-Apr-19,0:51:29
29-Apr-19,0:51:31
29-Apr-19,0:51:33
29-Apr-19,0:51:34
29-Apr-19,0:51:36
29-Apr-19,0:51:38
29-Apr-19,0:51:39
29-Apr-19,0:51:41
29-Apr-19,0:51:44
29-Apr-19,0:51:46
29-Apr-19,0:51:48
29-Apr-19,0:51:49
29-Apr-19,0:51:51
29-Apr-19,0:51:53
29-Apr-19,0:51:54
29-Apr-19,0:52:02
29-Apr-19,0:52:03
29-Apr-19,0:52:04
29-Apr-19,0:52:07
29-Apr-19,0:52:08
29-Apr-19,0:52:09
29-Apr-19,0:52:12
29-Apr-19,0:52:13
29-Apr-19,0:52:14
29-Apr-19,0:52:17
29-Apr-19,0:52:18
29-Apr-19,0:52:19
29-Apr-19,0:52:22
29-Apr-19,0:52:23
29-Apr-19,0:52:24
29-Apr-19,0:52:27
29-Apr-19,0:52:28
29-Apr-19,0:52:29
29-Apr-19,0:52:32
29-Apr-19,0:52:33
29-Apr-19,0:52:34
29-Apr-19,0:52:37
29-Apr-19,0:52:38
29-Apr-19,0:52:42
29-Apr-19,0:52:43
29-Apr-19,0:52:44
29-Apr-19,0:52:48
29-Apr-19,0:52:49
29-Apr-19,0:52:52
29-Apr-19,0:52:53
29-Apr-19,0:52:54
29-Apr-19,0:52:59
29-Apr-19,0:53:02
29-Apr-19,0:53:03
29-Apr-19,0:53:04
29-Apr-19,0:53:07
29-Apr-19,0:53:08
29-Apr-19,0:53:09
29-Apr-19,0:53:12
29-Apr-19,0:53:13
29-Apr-19,0:53:14
29-Apr-19,0:53:17
29-Apr-19,0:53:18
29-Apr-19,0:53:19
29-Apr-19,0:53:22
29-Apr-19,0:53:23
29-Apr-19,0:53:24
29-Apr-19,0:53:27
29-Apr-19,0:53:28
29-Apr-19,0:53:29
29-Apr-19,0:53:32
29-Apr-19,0:53:33
29-Apr-19,0:53:34
29-Apr-19,0:53:37
29-Apr-19,0:53:38
29-Apr-19,0:53:39
29-Apr-19,0:53:42
29-Apr-19,0:53:43
29-Apr-19,0:53:44
29-Apr-19,0:53:47
29-Apr-19,0:53:48
29-Apr-19,0:53:49
29-Apr-19,0:53:52
29-Apr-19,0:53:53
29-Apr-19,0:53:54
29-Apr-19,0:54:02
29-Apr-19,0:54:03
29-Apr-19,0:54:04
29-Apr-19,0:54:07
29-Apr-19,0:54:08
29-Apr-19,0:54:09
29-Apr-19,0:54:12
29-Apr-19,0:54:13
29-Apr-19,0:54:14
29-Apr-19,0:54:17
29-Apr-19,0:54:18
29-Apr-19,0:54:22
29-Apr-19,0:54:23
29-Apr-19,0:54:24
29-Apr-19,0:54:27
29-Apr-19,0:54:28
29-Apr-19,0:54:29
29-Apr-19,0:54:32
29-Apr-19,0:54:33
29-Apr-19,0:54:34
29-Apr-19,0:54:38
29-Apr-19,0:54:39
29-Apr-19,0:54:42
29-Apr-19,0:54:43
29-Apr-19,0:54:44
29-Apr-19,0:54:47
29-Apr-19,0:54:48
29-Apr-19,0:54:49
29-Apr-19,0:54:52
29-Apr-19,0:54:53
29-Apr-19,0:54:54
29-Apr-19,0:55:03
29-Apr-19,0:55:04
29-Apr-19,0:55:07
29-Apr-19,0:55:08
29-Apr-19,0:55:09
29-Apr-19,0:55:13
29-Apr-19,0:55:14
29-Apr-19,0:55:17
29-Apr-19,0:55:18
29-Apr-19,0:55:19
29-Apr-19,0:55:22
29-Apr-19,0:55:23
29-Apr-19,0:55:24
29-Apr-19,0:55:27
29-Apr-19,0:55:28
29-Apr-19,0:55:29
29-Apr-19,0:55:32
29-Apr-19,0:55:33
29-Apr-19,0:55:34
29-Apr-19,0:55:37
29-Apr-19,0:55:38
29-Apr-19,0:55:39
29-Apr-19,0:55:42
29-Apr-19,0:55:43
29-Apr-19,0:55:44
29-Apr-19,0:55:47
29-Apr-19,0:55:48
29-Apr-19,0:55:52
29-Apr-19,0:55:53
29-Apr-19,0:55:54
29-Apr-19,0:55:57
29-Apr-19,0:56:03
29-Apr-19,0:56:04
29-Apr-19,0:56:07
29-Apr-19,0:56:08
29-Apr-19,0:56:09
29-Apr-19,0:56:12
29-Apr-19,0:56:14
29-Apr-19,0:56:17
29-Apr-19,0:56:18
29-Apr-19,0:56:19
29-Apr-19,0:56:22
29-Apr-19,0:56:23
29-Apr-19,0:56:24
29-Apr-19,0:56:27
29-Apr-19,0:56:28
29-Apr-19,0:56:29
29-Apr-19,0:56:32
29-Apr-19,0:56:33
29-Apr-19,0:56:34
29-Apr-19,0:56:37
29-Apr-19,0:56:38
29-Apr-19,0:56:39
29-Apr-19,0:56:42
29-Apr-19,0:56:43
29-Apr-19,0:56:44
29-Apr-19,0:56:47
29-Apr-19,0:56:48
29-Apr-19,0:56:49
29-Apr-19,0:56:52
29-Apr-19,0:56:53
29-Apr-19,0:56:54
29-Apr-19,0:56:58
29-Apr-19,0:57:03
29-Apr-19,0:57:04
29-Apr-19,0:57:07
29-Apr-19,0:57:08
29-Apr-19,0:57:09
29-Apr-19,0:57:12
29-Apr-19,0:57:13
29-Apr-19,0:57:14
29-Apr-19,0:57:17
29-Apr-19,0:57:18
29-Apr-19,0:57:19
29-Apr-19,0:57:22
29-Apr-19,0:57:23
29-Apr-19,0:57:24
29-Apr-19,0:57:27
29-Apr-19,0:57:28
29-Apr-19,0:57:29
29-Apr-19,0:57:32
29-Apr-19,0:57:33
29-Apr-19,0:57:34
29-Apr-19,0:57:38
29-Apr-19,0:57:39
29-Apr-19,0:57:42
29-Apr-19,0:57:43
29-Apr-19,0:57:44
29-Apr-19,0:57:47
29-Apr-19,0:57:48
29-Apr-19,0:57:49
29-Apr-19,0:57:52
29-Apr-19,0:57:53
29-Apr-19,0:57:54
29-Apr-19,0:58:02
29-Apr-19,0:58:03
29-Apr-19,0:58:04
29-Apr-19,0:58:07
29-Apr-19,0:58:08
29-Apr-19,0:58:09
29-Apr-19,0:58:12
29-Apr-19,0:58:13
29-Apr-19,0:58:14
29-Apr-19,0:58:17
29-Apr-19,0:58:18
29-Apr-19,0:58:19
29-Apr-19,0:58:22
29-Apr-19,0:58:23
29-Apr-19,0:58:24
29-Apr-19,0:58:27
29-Apr-19,0:58:28
29-Apr-19,0:58:29
29-Apr-19,0:58:32
29-Apr-19,0:58:33
29-Apr-19,0:58:34
29-Apr-19,0:58:38
29-Apr-19,0:58:39
29-Apr-19,0:58:42
29-Apr-19,0:58:43
29-Apr-19,0:58:44
29-Apr-19,0:58:47
29-Apr-19,0:58:48
29-Apr-19,0:58:49
29-Apr-19,0:58:52
29-Apr-19,0:58:53
29-Apr-19,0:58:54
29-Apr-19,0:59:02
29-Apr-19,0:59:03
29-Apr-19,0:59:04
29-Apr-19,0:59:07
29-Apr-19,0:59:08
29-Apr-19,0:59:09
29-Apr-19,0:59:12
29-Apr-19,0:59:13
29-Apr-19,0:59:14
29-Apr-19,0:59:17
29-Apr-19,0:59:18
29-Apr-19,0:59:19
29-Apr-19,0:59:22
29-Apr-19,0:59:23
29-Apr-19,0:59:24
29-Apr-19,0:59:27
29-Apr-19,0:59:28
29-Apr-19,0:59:29
29-Apr-19,0:59:32
29-Apr-19,0:59:33
29-Apr-19,0:59:34
29-Apr-19,0:59:37
29-Apr-19,0:59:38
29-Apr-19,0:59:39
29-Apr-19,0:59:42
29-Apr-19,0:59:43
29-Apr-19,0:59:44
29-Apr-19,0:59:47
29-Apr-19,0:59:48
29-Apr-19,0:59:49
29-Apr-19,0:59:52
29-Apr-19,0:59:53
29-Apr-19,0:59:54
29-Apr-19,0:59:59
29-Apr-19,1:00:04
29-Apr-19,1:00:07
29-Apr-19,1:00:08
29-Apr-19,1:00:09
29-Apr-19,1:00:12
29-Apr-19,1:00:13
29-Apr-19,1:00:14
29-Apr-19,1:00:17
29-Apr-19,1:00:18
29-Apr-19,1:00:19
29-Apr-19,1:00:22
29-Apr-19,1:00:23
29-Apr-19,1:00:24
29-Apr-19,1:00:27
29-Apr-19,1:00:28
29-Apr-19,1:00:29
29-Apr-19,1:00:32
29-Apr-19,1:00:33
29-Apr-19,1:00:34
29-Apr-19,1:00:37
29-Apr-19,1:00:38
29-Apr-19,1:00:39
29-Apr-19,1:00:42
29-Apr-19,1:00:43
29-Apr-19,1:00:44
29-Apr-19,1:00:47
29-Apr-19,1:00:48
29-Apr-19,1:00:49
29-Apr-19,1:00:52
29-Apr-19,1:00:53
29-Apr-19,1:00:54
29-Apr-19,1:01:03
29-Apr-19,1:01:04
29-Apr-19,1:01:07
29-Apr-19,1:01:08
29-Apr-19,1:01:09
29-Apr-19,1:01:12
29-Apr-19,1:01:13
29-Apr-19,1:01:14
29-Apr-19,1:01:17
29-Apr-19,1:01:18
29-Apr-19,1:01:19
29-Apr-19,1:01:22
29-Apr-19,1:01:23
29-Apr-19,1:01:24
29-Apr-19,1:01:27
29-Apr-19,1:01:28
29-Apr-19,1:01:29
29-Apr-19,1:01:32
29-Apr-19,1:01:33
29-Apr-19,1:01:34
29-Apr-19,1:01:37
29-Apr-19,1:01:38
29-Apr-19,1:01:39
29-Apr-19,1:01:42
29-Apr-19,1:01:43
29-Apr-19,1:01:44
29-Apr-19,1:01:47
29-Apr-19,1:01:48
29-Apr-19,1:01:49
29-Apr-19,1:01:52
29-Apr-19,1:01:53
29-Apr-19,1:01:54
29-Apr-19,1:02:02
29-Apr-19,1:02:03
29-Apr-19,1:02:04
29-Apr-19,1:02:07
29-Apr-19,1:02:08
29-Apr-19,1:02:09
29-Apr-19,1:02:12
29-Apr-19,1:02:13
29-Apr-19,1:02:14
29-Apr-19,1:02:17
29-Apr-19,1:02:18
29-Apr-19,1:02:19
29-Apr-19,1:02:22
29-Apr-19,1:02:23
29-Apr-19,1:02:27
29-Apr-19,1:02:28
29-Apr-19,1:02:32
29-Apr-19,1:02:33
29-Apr-19,1:02:34
29-Apr-19,1:02:37
29-Apr-19,1:02:38
29-Apr-19,1:02:39
29-Apr-19,1:02:42
29-Apr-19,1:02:43
29-Apr-19,1:02:44
29-Apr-19,1:02:47
29-Apr-19,1:02:48
29-Apr-19,1:02:49
29-Apr-19,1:02:52
29-Apr-19,1:02:53
29-Apr-19,1:02:54
29-Apr-19,1:02:59
29-Apr-19,1:03:03
29-Apr-19,1:03:04
29-Apr-19,1:03:07
29-Apr-19,1:03:08
29-Apr-19,1:03:09
29-Apr-19,1:03:12
29-Apr-19,1:03:13
29-Apr-19,1:03:14
29-Apr-19,1:03:17
29-Apr-19,1:03:19
29-Apr-19,1:03:22
29-Apr-19,1:03:23
29-Apr-19,1:03:24
29-Apr-19,1:03:27
29-Apr-19,1:03:28
29-Apr-19,1:03:29
29-Apr-19,1:03:32
29-Apr-19,1:03:33
29-Apr-19,1:03:34
29-Apr-19,1:03:37
29-Apr-19,1:03:38
29-Apr-19,1:03:39
29-Apr-19,1:03:42
29-Apr-19,1:03:43
29-Apr-19,1:03:44
29-Apr-19,1:03:47
29-Apr-19,1:03:48
29-Apr-19,1:03:49
29-Apr-19,1:03:53
29-Apr-19,1:03:54
29-Apr-19,1:03:57
29-Apr-19,1:04:02
29-Apr-19,1:04:03
29-Apr-19,1:04:04
29-Apr-19,1:04:07
29-Apr-19,1:04:08
29-Apr-19,1:04:09
29-Apr-19,1:04:12
29-Apr-19,1:04:13
29-Apr-19,1:04:14
29-Apr-19,1:04:17
29-Apr-19,1:04:18
29-Apr-19,1:04:19
29-Apr-19,1:04:22
29-Apr-19,1:04:23
29-Apr-19,1:04:24
29-Apr-19,1:04:27
29-Apr-19,1:04:28
29-Apr-19,1:04:32
29-Apr-19,1:04:33
29-Apr-19,1:04:34
29-Apr-19,1:04:37
29-Apr-19,1:04:38
29-Apr-19,1:04:39
29-Apr-19,1:04:42
29-Apr-19,1:04:43
29-Apr-19,1:04:44
29-Apr-19,1:04:48
29-Apr-19,1:04:49
29-Apr-19,1:04:52
29-Apr-19,1:04:53
29-Apr-19,1:04:54
29-Apr-19,1:04:57
29-Apr-19,1:05:03
29-Apr-19,1:05:04
29-Apr-19,1:05:07
29-Apr-19,1:05:08
29-Apr-19,1:05:09
29-Apr-19,1:05:12
29-Apr-19,1:05:13
29-Apr-19,1:05:14
29-Apr-19,1:05:17
29-Apr-19,1:05:18
29-Apr-19,1:05:19
29-Apr-19,1:05:22
29-Apr-19,1:05:23
29-Apr-19,1:05:24
29-Apr-19,1:05:27
29-Apr-19,1:05:28
29-Apr-19,1:05:29
29-Apr-19,1:05:32
29-Apr-19,1:05:33
29-Apr-19,1:05:34
29-Apr-19,1:05:37
29-Apr-19,1:05:38
29-Apr-19,1:05:39
29-Apr-19,1:05:42
29-Apr-19,1:05:43
29-Apr-19,1:05:44
29-Apr-19,1:05:47
29-Apr-19,1:05:48
29-Apr-19,1:05:49
29-Apr-19,1:05:52
29-Apr-19,1:05:53
29-Apr-19,1:05:54
29-Apr-19,1:05:58
29-Apr-19,1:06:04
29-Apr-19,1:06:07
29-Apr-19,1:06:08
29-Apr-19,1:06:09
29-Apr-19,1:06:12
29-Apr-19,1:06:13
29-Apr-19,1:06:14
29-Apr-19,1:06:17
29-Apr-19,1:06:18
29-Apr-19,1:06:19
29-Apr-19,1:06:23
29-Apr-19,1:06:24
29-Apr-19,1:06:27
29-Apr-19,1:06:28
29-Apr-19,1:06:29
29-Apr-19,1:06:32
29-Apr-19,1:06:33
29-Apr-19,1:06:34
29-Apr-19,1:06:37
29-Apr-19,1:06:38
29-Apr-19,1:06:39
29-Apr-19,1:06:42
29-Apr-19,1:06:43
29-Apr-19,1:06:44
29-Apr-19,1:06:47
29-Apr-19,1:06:48
29-Apr-19,1:06:49
29-Apr-19,1:06:52
29-Apr-19,1:06:53
29-Apr-19,1:06:54
29-Apr-19,1:07:03
29-Apr-19,1:07:04
29-Apr-19,1:07:07
29-Apr-19,1:07:08
29-Apr-19,1:07:09
29-Apr-19,1:07:12
29-Apr-19,1:07:13
29-Apr-19,1:07:14
29-Apr-19,1:07:17
29-Apr-19,1:07:18
29-Apr-19,1:07:19
29-Apr-19,1:07:22
29-Apr-19,1:07:23
29-Apr-19,1:07:24
29-Apr-19,1:07:27
29-Apr-19,1:07:28
29-Apr-19,1:07:29
29-Apr-19,1:07:32
29-Apr-19,1:07:33
29-Apr-19,1:07:34
29-Apr-19,1:07:37
29-Apr-19,1:07:38
29-Apr-19,1:07:39
29-Apr-19,1:07:42
29-Apr-19,1:07:43
29-Apr-19,1:07:44
29-Apr-19,1:07:47
29-Apr-19,1:07:48
29-Apr-19,1:07:49
29-Apr-19,1:07:52
29-Apr-19,1:07:53
29-Apr-19,1:07:54
29-Apr-19,1:08:03
29-Apr-19,1:08:04
29-Apr-19,1:08:07
29-Apr-19,1:08:08
29-Apr-19,1:08:09
29-Apr-19,1:08:12
29-Apr-19,1:08:13
29-Apr-19,1:08:14
29-Apr-19,1:08:17
29-Apr-19,1:08:18
29-Apr-19,1:08:19
29-Apr-19,1:08:22
29-Apr-19,1:08:23
29-Apr-19,1:08:24
29-Apr-19,1:08:27
29-Apr-19,1:08:28
29-Apr-19,1:08:29
29-Apr-19,1:08:32
29-Apr-19,1:08:33
29-Apr-19,1:08:34
29-Apr-19,1:08:37
29-Apr-19,1:08:39
29-Apr-19,1:08:42
29-Apr-19,1:08:43
29-Apr-19,1:08:44
29-Apr-19,1:08:47
29-Apr-19,1:08:48
29-Apr-19,1:08:49
29-Apr-19,1:08:52
29-Apr-19,1:08:53
29-Apr-19,1:08:54
29-Apr-19,1:09:02
29-Apr-19,1:09:03
29-Apr-19,1:09:04
29-Apr-19,1:09:07
29-Apr-19,1:09:08
29-Apr-19,1:09:09
29-Apr-19,1:09:12
29-Apr-19,1:09:13
29-Apr-19,1:09:14
29-Apr-19,1:09:17
29-Apr-19,1:09:18
29-Apr-19,1:09:19
29-Apr-19,1:09:22
29-Apr-19,1:09:23
29-Apr-19,1:09:24
29-Apr-19,1:09:27
29-Apr-19,1:09:28
29-Apr-19,1:09:29
29-Apr-19,1:09:32
29-Apr-19,1:09:33
29-Apr-19,1:09:34
29-Apr-19,1:09:37
29-Apr-19,1:09:38
29-Apr-19,1:09:39
29-Apr-19,1:09:42
29-Apr-19,1:09:43
29-Apr-19,1:09:44
29-Apr-19,1:09:47
29-Apr-19,1:09:48
29-Apr-19,1:09:49
29-Apr-19,1:09:52
29-Apr-19,1:09:53
29-Apr-19,1:09:54
29-Apr-19,1:09:58
29-Apr-19,1:10:03
29-Apr-19,1:10:04
29-Apr-19,1:10:07
29-Apr-19,1:10:08
29-Apr-19,1:10:09
29-Apr-19,1:10:13
29-Apr-19,1:10:14
29-Apr-19,1:10:17
29-Apr-19,1:10:18
29-Apr-19,1:10:19
29-Apr-19,1:10:22
29-Apr-19,1:10:23
29-Apr-19,1:10:25
29-Apr-19,1:10:27
29-Apr-19,1:10:28
29-Apr-19,1:10:30
29-Apr-19,1:10:32
29-Apr-19,1:10:33
29-Apr-19,1:10:35
29-Apr-19,1:10:37
29-Apr-19,1:10:38
29-Apr-19,1:10:40
29-Apr-19,1:10:42
29-Apr-19,1:10:52
29-Apr-19,1:10:53
29-Apr-19,1:10:55
29-Apr-19,1:11:03
29-Apr-19,1:11:05
29-Apr-19,1:11:07
29-Apr-19,1:11:08
29-Apr-19,1:11:10
29-Apr-19,1:11:12
29-Apr-19,1:11:15
29-Apr-19,1:11:17
29-Apr-19,1:11:18
29-Apr-19,1:11:20
29-Apr-19,1:11:22
29-Apr-19,1:11:23
29-Apr-19,1:11:25
29-Apr-19,1:11:27
29-Apr-19,1:11:28
29-Apr-19,1:11:30
29-Apr-19,1:11:32
29-Apr-19,1:11:33
29-Apr-19,1:11:35
29-Apr-19,1:11:37
29-Apr-19,1:11:38
29-Apr-19,1:11:40
29-Apr-19,1:11:42
29-Apr-19,1:11:43
29-Apr-19,1:11:45
29-Apr-19,1:11:47
29-Apr-19,1:11:48
29-Apr-19,1:11:50
29-Apr-19,1:11:52
29-Apr-19,1:11:53
29-Apr-19,1:11:55
29-Apr-19,1:12:02
29-Apr-19,1:12:03
29-Apr-19,1:12:05
29-Apr-19,1:12:07
29-Apr-19,1:12:08
29-Apr-19,1:12:10
29-Apr-19,1:12:12
29-Apr-19,1:12:13
29-Apr-19,1:12:15
29-Apr-19,1:12:17
29-Apr-19,1:12:18
29-Apr-19,1:12:20
29-Apr-19,1:12:22
29-Apr-19,1:12:23
29-Apr-19,1:12:25
29-Apr-19,1:12:27
29-Apr-19,1:12:28
29-Apr-19,1:12:30
29-Apr-19,1:12:32
29-Apr-19,1:12:33
29-Apr-19,1:12:35
29-Apr-19,1:12:37
29-Apr-19,1:12:38
29-Apr-19,1:12:40
29-Apr-19,1:12:42
29-Apr-19,1:12:43
29-Apr-19,1:12:45
29-Apr-19,1:12:47
29-Apr-19,1:12:48
29-Apr-19,1:12:50
29-Apr-19,1:12:52
29-Apr-19,1:12:53
29-Apr-19,1:12:55
29-Apr-19,1:12:57
29-Apr-19,1:13:00
29-Apr-19,1:13:03
29-Apr-19,1:13:05
29-Apr-19,1:13:07
29-Apr-19,1:13:08
28-Apr-19, 16:51:47 
28-Apr-19, 16:51:49 
28-Apr-19, 16:51:51 
28-Apr-19, 16:51:54 
28-Apr-19, 16:51:57 
28-Apr-19, 16:52:02 
28-Apr-19, 16:52:04 
28-Apr-19, 16:52:06 
28-Apr-19, 16:52:07 
28-Apr-19, 16:52:09 
28-Apr-19, 16:52:11 
28-Apr-19, 16:52:12 
28-Apr-19, 16:52:14 
28-Apr-19, 16:52:16 
28-Apr-19, 16:52:17 
28-Apr-19, 16:52:19 
28-Apr-19, 16:52:21 
28-Apr-19, 16:52:22 
28-Apr-19, 16:52:24 
28-Apr-19, 16:52:31 
28-Apr-19, 16:52:34 
28-Apr-19, 16:52:36 
28-Apr-19, 16:52:37 
28-Apr-19, 16:52:39 
28-Apr-19, 16:52:41 
28-Apr-19, 16:52:42 
28-Apr-19, 16:52:44 
28-Apr-19, 16:52:46 
28-Apr-19, 16:52:47 
28-Apr-19, 16:52:49 
28-Apr-19, 16:52:51 
28-Apr-19, 16:52:52 
28-Apr-19, 16:52:54 
28-Apr-19, 16:52:57 
28-Apr-19, 16:53:04 
28-Apr-19, 16:53:06 
28-Apr-19, 16:53:07 
28-Apr-19, 16:53:09 
28-Apr-19, 16:53:11 
28-Apr-19, 16:53:12 
28-Apr-19, 16:53:14 
28-Apr-19, 16:53:16 
28-Apr-19, 16:53:17 
28-Apr-19, 16:53:21 
28-Apr-19, 16:53:22 
28-Apr-19, 16:53:24 
28-Apr-19, 16:53:26 
28-Apr-19, 16:53:27 
28-Apr-19, 16:53:29 
28-Apr-19, 16:53:31 
28-Apr-19, 16:53:32 
28-Apr-19, 16:53:34 
28-Apr-19, 16:53:36 
28-Apr-19, 16:53:37 
28-Apr-19, 16:53:39 
28-Apr-19, 16:53:41 
28-Apr-19, 16:53:42 
28-Apr-19, 16:53:44 
28-Apr-19, 16:53:46 
28-Apr-19, 16:53:47 
28-Apr-19, 16:53:49 
28-Apr-19, 16:53:51 
28-Apr-19, 16:53:52 
28-Apr-19, 16:53:54 
28-Apr-19, 16:54:06 
28-Apr-19, 16:54:07 
28-Apr-19, 16:54:09 
28-Apr-19, 16:54:11 
28-Apr-19, 16:54:12 
28-Apr-19, 16:54:14 
28-Apr-19, 16:54:16 
28-Apr-19, 16:54:17 
28-Apr-19, 16:54:19 
28-Apr-19, 16:54:21 
28-Apr-19, 16:54:22 
28-Apr-19, 16:54:24 
28-Apr-19, 16:54:27 
28-Apr-19, 16:54:29 
28-Apr-19, 16:54:31 
28-Apr-19, 16:54:32 
28-Apr-19, 16:54:34 
28-Apr-19, 16:54:36 
28-Apr-19, 16:54:37 
28-Apr-19, 16:54:39 
28-Apr-19, 16:54:41 
28-Apr-19, 16:54:42 
28-Apr-19, 16:54:44 
28-Apr-19, 16:54:46 
28-Apr-19, 16:54:47 
28-Apr-19, 16:54:49 
28-Apr-19, 16:54:51 
28-Apr-19, 16:54:52 
28-Apr-19, 16:54:54 
28-Apr-19, 16:55:01 
28-Apr-19, 16:55:02 
28-Apr-19, 16:55:04 
28-Apr-19, 16:55:06 
28-Apr-19, 16:55:07 
28-Apr-19, 16:55:09 
28-Apr-19, 16:55:11 
28-Apr-19, 16:55:12 
28-Apr-19, 16:55:14 
28-Apr-19, 16:55:16 
28-Apr-19, 16:55:17 
28-Apr-19, 16:55:19 
28-Apr-19, 16:55:21 
28-Apr-19, 16:55:22 
28-Apr-19, 16:55:24 
28-Apr-19, 16:55:26 
28-Apr-19, 16:55:27 
28-Apr-19, 16:55:29 
28-Apr-19, 16:55:31 
28-Apr-19, 16:55:32 
28-Apr-19, 16:55:34 
28-Apr-19, 16:55:36 
28-Apr-19, 16:55:37 
28-Apr-19, 16:55:39 
28-Apr-19, 16:55:41 
28-Apr-19, 16:55:42 
28-Apr-19, 16:55:44 
28-Apr-19, 16:55:46 
28-Apr-19, 16:55:47 
28-Apr-19, 16:55:49 
28-Apr-19, 16:55:51 
28-Apr-19, 16:55:52 
28-Apr-19, 16:55:54 
28-Apr-19, 16:56:01 
28-Apr-19, 16:56:04 
28-Apr-19, 16:56:06 
28-Apr-19, 16:56:07 
28-Apr-19, 16:56:09 
28-Apr-19, 16:56:11 
28-Apr-19, 16:56:14 
28-Apr-19, 16:56:16 
28-Apr-19, 16:56:17 
28-Apr-19, 16:56:19 
28-Apr-19, 16:56:21 
28-Apr-19, 16:56:22 
28-Apr-19, 16:56:24 
28-Apr-19, 16:56:26 
28-Apr-19, 16:56:27 
28-Apr-19, 16:56:29 
28-Apr-19, 16:56:31 
28-Apr-19, 16:56:32 
28-Apr-19, 16:56:34 
28-Apr-19, 16:56:36 
28-Apr-19, 16:56:37 
28-Apr-19, 16:56:39 
28-Apr-19, 16:56:41 
28-Apr-19, 16:56:42 
28-Apr-19, 16:56:44 
28-Apr-19, 16:56:46 
28-Apr-19, 16:56:47 
28-Apr-19, 16:56:49 
28-Apr-19, 16:56:51 
28-Apr-19, 16:56:52 
28-Apr-19, 16:56:54 
28-Apr-19, 16:57:02 
28-Apr-19, 16:57:04 
28-Apr-19, 16:57:06 
28-Apr-19, 16:57:07 
28-Apr-19, 16:57:09 
28-Apr-19, 16:57:11 
28-Apr-19, 16:57:12 
28-Apr-19, 16:57:14 
28-Apr-19, 16:57:16 
28-Apr-19, 16:57:17 
28-Apr-19, 16:57:19 
28-Apr-19, 16:57:21 
28-Apr-19, 16:57:24 
28-Apr-19, 16:57:26 
28-Apr-19, 16:57:27 
28-Apr-19, 16:57:29 
28-Apr-19, 16:57:31 
28-Apr-19, 16:57:32 
28-Apr-19, 16:57:34 
28-Apr-19, 16:57:36 
28-Apr-19, 16:57:37 
28-Apr-19, 16:57:39 
28-Apr-19, 16:57:41 
28-Apr-19, 16:57:42 
28-Apr-19, 16:57:44 
28-Apr-19, 16:57:46 
28-Apr-19, 16:57:47 
28-Apr-19, 16:57:49 
28-Apr-19, 16:57:51 
28-Apr-19, 16:57:52 
28-Apr-19, 16:57:54 
28-Apr-19, 16:58:04 
28-Apr-19, 16:58:06 
28-Apr-19, 16:58:07 
28-Apr-19, 16:58:09 
28-Apr-19, 16:58:11 
28-Apr-19, 16:58:12 
28-Apr-19, 16:58:14 
28-Apr-19, 16:58:16 
28-Apr-19, 16:58:17 
28-Apr-19, 16:58:19 
28-Apr-19, 16:58:21 
28-Apr-19, 16:58:22 
28-Apr-19, 16:58:24 
28-Apr-19, 16:58:26 
28-Apr-19, 16:58:27 
28-Apr-19, 16:58:29 
28-Apr-19, 16:58:31 
28-Apr-19, 16:58:32 
28-Apr-19, 16:58:34 
28-Apr-19, 16:58:36 
28-Apr-19, 16:58:37 
28-Apr-19, 16:58:39 
28-Apr-19, 16:58:41 
28-Apr-19, 16:58:42 
28-Apr-19, 16:58:44 
28-Apr-19, 16:58:46 
28-Apr-19, 16:58:47 
28-Apr-19, 16:58:49 
28-Apr-19, 16:58:51 
28-Apr-19, 16:58:52 
28-Apr-19, 16:58:54 
28-Apr-19, 16:59:01 
28-Apr-19, 16:59:02 
28-Apr-19, 16:59:04 
28-Apr-19, 16:59:06 
28-Apr-19, 16:59:07 
28-Apr-19, 16:59:09 
28-Apr-19, 16:59:11 
28-Apr-19, 16:59:12 
28-Apr-19, 16:59:14 
28-Apr-19, 16:59:16 
28-Apr-19, 16:59:17 
28-Apr-19, 16:59:19 
28-Apr-19, 16:59:21 
28-Apr-19, 16:59:22 
28-Apr-19, 16:59:24 
28-Apr-19, 16:59:26 
28-Apr-19, 16:59:27 
28-Apr-19, 16:59:29 
28-Apr-19, 16:59:31 
28-Apr-19, 16:59:32 
28-Apr-19, 16:59:36 
28-Apr-19, 16:59:37 
28-Apr-19, 16:59:39 
28-Apr-19, 16:59:41 
28-Apr-19, 16:59:42 
28-Apr-19, 16:59:44 
28-Apr-19, 16:59:46 
28-Apr-19, 16:59:47 
28-Apr-19, 16:59:49 
28-Apr-19, 16:59:51 
28-Apr-19, 16:59:52 
28-Apr-19, 16:59:54 
28-Apr-19, 17:00:02 
28-Apr-19, 17:00:04 
28-Apr-19, 17:00:06 
28-Apr-19, 17:00:07 
28-Apr-19, 17:00:09 
28-Apr-19, 17:00:11 
28-Apr-19, 17:00:12 
28-Apr-19, 17:00:14 
28-Apr-19, 17:00:16 
28-Apr-19, 17:00:17 
28-Apr-19, 17:00:19 
28-Apr-19, 17:00:21 
28-Apr-19, 17:00:22 
28-Apr-19, 17:00:24 
28-Apr-19, 17:00:26 
28-Apr-19, 17:00:27 
28-Apr-19, 17:00:29 
28-Apr-19, 17:00:31 
28-Apr-19, 17:00:32 
28-Apr-19, 17:00:34 
28-Apr-19, 17:00:36 
28-Apr-19, 17:00:37 
28-Apr-19, 17:00:39 
28-Apr-19, 17:00:41 
28-Apr-19, 17:00:42 
28-Apr-19, 17:00:44 
28-Apr-19, 17:00:46 
28-Apr-19, 17:00:47 
28-Apr-19, 17:00:49 
28-Apr-19, 17:00:51 
28-Apr-19, 17:00:52 
28-Apr-19, 17:00:54 
28-Apr-19, 17:01:04 
28-Apr-19, 17:01:06 
28-Apr-19, 17:01:07 
28-Apr-19, 17:01:09 
28-Apr-19, 17:01:11 
28-Apr-19, 17:01:12 
28-Apr-19, 17:01:14 
28-Apr-19, 17:01:16 
28-Apr-19, 17:01:17 
28-Apr-19, 17:01:19 
28-Apr-19, 17:01:21 
28-Apr-19, 17:01:22 
28-Apr-19, 17:01:24 
28-Apr-19, 17:01:26 
28-Apr-19, 17:01:27 
28-Apr-19, 17:01:29 
28-Apr-19, 17:01:31 
28-Apr-19, 17:01:32 
28-Apr-19, 17:01:34 
28-Apr-19, 17:01:36 
28-Apr-19, 17:01:37 
28-Apr-19, 17:01:39 
28-Apr-19, 17:01:41 
28-Apr-19, 17:01:42 
28-Apr-19, 17:01:44 
28-Apr-19, 17:01:46 
28-Apr-19, 17:01:47 
28-Apr-19, 17:01:49 
28-Apr-19, 17:01:51 
28-Apr-19, 17:01:52 
28-Apr-19, 17:01:54 
28-Apr-19, 17:02:04 
28-Apr-19, 17:02:06 
28-Apr-19, 17:02:07 
28-Apr-19, 17:02:09 
28-Apr-19, 17:02:11 
28-Apr-19, 17:02:12 
28-Apr-19, 17:02:14 
28-Apr-19, 17:02:16 
28-Apr-19, 17:02:17 
28-Apr-19, 17:02:19 
28-Apr-19, 17:02:21 
28-Apr-19, 17:02:22 
28-Apr-19, 17:02:24 
28-Apr-19, 17:02:26 
28-Apr-19, 17:02:27 
28-Apr-19, 17:02:29 
28-Apr-19, 17:02:31 
28-Apr-19, 17:02:32 
28-Apr-19, 17:02:34 
28-Apr-19, 17:02:36 
28-Apr-19, 17:02:39 
28-Apr-19, 17:02:41 
28-Apr-19, 17:02:42 
28-Apr-19, 17:02:44 
28-Apr-19, 17:02:46 
28-Apr-19, 17:02:47 
28-Apr-19, 17:02:49 
28-Apr-19, 17:02:51 
28-Apr-19, 17:02:52 
28-Apr-19, 17:02:54 
28-Apr-19, 17:02:57 
28-Apr-19, 17:03:04 
28-Apr-19, 17:03:06 
28-Apr-19, 17:03:07 
28-Apr-19, 17:03:09 
28-Apr-19, 17:03:11 
28-Apr-19, 17:03:14 
28-Apr-19, 17:03:16 
28-Apr-19, 17:03:17 
28-Apr-19, 17:03:19 
28-Apr-19, 17:03:21 
28-Apr-19, 17:03:22 
28-Apr-19, 17:03:24 
28-Apr-19, 17:03:26 
28-Apr-19, 17:03:27 
28-Apr-19, 17:03:29 
28-Apr-19, 17:03:31 
28-Apr-19, 17:03:32 
28-Apr-19, 17:03:34 
28-Apr-19, 17:03:36 
28-Apr-19, 17:03:37 
28-Apr-19, 17:03:39 
28-Apr-19, 17:03:41 
28-Apr-19, 17:03:42 
28-Apr-19, 17:03:44 
28-Apr-19, 17:03:46 
28-Apr-19, 17:03:47 
28-Apr-19, 17:03:49 
28-Apr-19, 17:03:51 
28-Apr-19, 17:03:52 
28-Apr-19, 17:03:54 
28-Apr-19, 17:03:59 
28-Apr-19, 17:04:02 
28-Apr-19, 17:04:04 
28-Apr-19, 17:04:06 
28-Apr-19, 17:04:07 
28-Apr-19, 17:04:09 
28-Apr-19, 17:04:11 
28-Apr-19, 17:04:12 
28-Apr-19, 17:04:14 
28-Apr-19, 17:04:16 
28-Apr-19, 17:04:17 
28-Apr-19, 17:04:19 
28-Apr-19, 17:04:21 
28-Apr-19, 17:04:22 
28-Apr-19, 17:04:24 
28-Apr-19, 17:04:26 
28-Apr-19, 17:04:27 
28-Apr-19, 17:04:29 
28-Apr-19, 17:04:32 
28-Apr-19, 17:04:34 
28-Apr-19, 17:04:36 
28-Apr-19, 17:04:37 
28-Apr-19, 17:04:39 
28-Apr-19, 17:04:41 
28-Apr-19, 17:04:42 
28-Apr-19, 17:04:44 
28-Apr-19, 17:04:46 
28-Apr-19, 17:04:47 
28-Apr-19, 17:04:49 
28-Apr-19, 17:04:51 
28-Apr-19, 17:04:52 
28-Apr-19, 17:04:54 
28-Apr-19, 17:05:02 
28-Apr-19, 17:05:04 
28-Apr-19, 17:05:06 
28-Apr-19, 17:05:07 
28-Apr-19, 17:05:09 
28-Apr-19, 17:05:11 
28-Apr-19, 17:05:12 
28-Apr-19, 17:05:14 
28-Apr-19, 17:05:16 
28-Apr-19, 17:05:17 
28-Apr-19, 17:05:19 
28-Apr-19, 17:05:21 
28-Apr-19, 17:05:22 
28-Apr-19, 17:05:24 
28-Apr-19, 17:05:26 
28-Apr-19, 17:05:27 
28-Apr-19, 17:05:29 
28-Apr-19, 17:05:31 
28-Apr-19, 17:05:32 
28-Apr-19, 17:05:34 
28-Apr-19, 17:05:36 
28-Apr-19, 17:05:37 
28-Apr-19, 17:05:39 
28-Apr-19, 17:05:41 
28-Apr-19, 17:05:42 
28-Apr-19, 17:05:46 
28-Apr-19, 17:05:47 
28-Apr-19, 17:05:49 
28-Apr-19, 17:05:51 
28-Apr-19, 17:05:52 
28-Apr-19, 17:05:54 
28-Apr-19, 17:06:01 
28-Apr-19, 17:06:02 
28-Apr-19, 17:06:04 
28-Apr-19, 17:06:06 
28-Apr-19, 17:06:07 
28-Apr-19, 17:06:09 
28-Apr-19, 17:06:11 
28-Apr-19, 17:06:12 
28-Apr-19, 17:06:14 
28-Apr-19, 17:06:16 
28-Apr-19, 17:06:17 
28-Apr-19, 17:06:19 
28-Apr-19, 17:06:21 
28-Apr-19, 17:06:22 
28-Apr-19, 17:06:24 
28-Apr-19, 17:06:26 
28-Apr-19, 17:06:27 
28-Apr-19, 17:06:29 
28-Apr-19, 17:06:31 
28-Apr-19, 17:06:32 
28-Apr-19, 17:06:34 
28-Apr-19, 17:06:36 
28-Apr-19, 17:06:37 
28-Apr-19, 17:06:39 
28-Apr-19, 17:06:41 
28-Apr-19, 17:06:44 
28-Apr-19, 17:06:46 
28-Apr-19, 17:06:47 
28-Apr-19, 17:06:49 
28-Apr-19, 17:06:51 
28-Apr-19, 17:06:52 
28-Apr-19, 17:06:54 
28-Apr-19, 17:07:02 
28-Apr-19, 17:07:04 
28-Apr-19, 17:07:06 
28-Apr-19, 17:07:07 
28-Apr-19, 17:07:09 
28-Apr-19, 17:07:11 
28-Apr-19, 17:07:12 
28-Apr-19, 17:07:14 
28-Apr-19, 17:07:16 
28-Apr-19, 17:07:17 
28-Apr-19, 17:07:19 
28-Apr-19, 17:07:21 
28-Apr-19, 17:07:22 
28-Apr-19, 17:07:24 
28-Apr-19, 17:07:26 
28-Apr-19, 17:07:27 
28-Apr-19, 17:07:29 
28-Apr-19, 17:07:31 
28-Apr-19, 17:07:32 
28-Apr-19, 17:07:34 
28-Apr-19, 17:07:36 
28-Apr-19, 17:07:37 
28-Apr-19, 17:07:39 
28-Apr-19, 17:07:41 
28-Apr-19, 17:07:42 
28-Apr-19, 17:07:44 
28-Apr-19, 17:07:46 
28-Apr-19, 17:07:47 
28-Apr-19, 17:07:49 
28-Apr-19, 17:07:51 
28-Apr-19, 17:07:52 
28-Apr-19, 17:07:54 
25-Apr-19, 19:25:05 
25-Apr-19, 19:25:10 
25-Apr-19, 19:25:10 
25-Apr-19, 19:25:15 
25-Apr-19, 19:25:15 
25-Apr-19, 19:25:25 
25-Apr-19, 19:25:25 
25-Apr-19, 19:25:30 
25-Apr-19, 19:25:30 
25-Apr-19, 19:25:35 
25-Apr-19, 19:25:35 
25-Apr-19, 19:25:40 
25-Apr-19, 19:25:40 
25-Apr-19, 19:25:45 
25-Apr-19, 19:25:45 
25-Apr-19, 19:25:55 
25-Apr-19, 19:25:55 
25-Apr-19, 19:26:00 
25-Apr-19, 19:26:00 
25-Apr-19, 19:26:05 
25-Apr-19, 19:26:05 
25-Apr-19, 19:26:10 
25-Apr-19, 19:26:10 
25-Apr-19, 19:26:15 
25-Apr-19, 19:26:15 
25-Apr-19, 19:26:25 
25-Apr-19, 19:26:25 
25-Apr-19, 19:26:30 
25-Apr-19, 19:26:30 
25-Apr-19, 19:26:35 
25-Apr-19, 19:26:35 
25-Apr-19, 19:26:40 
25-Apr-19, 19:26:40 
25-Apr-19, 19:26:55 
25-Apr-19, 15:08:36 
25-Apr-19, 15:08:36 
25-Apr-19, 15:08:41 
25-Apr-19, 15:08:41 
25-Apr-19, 15:08:46 
25-Apr-19, 15:08:46 
25-Apr-19, 15:08:51 
25-Apr-19, 15:08:51 
25-Apr-19, 15:08:56 
25-Apr-19, 15:08:56 
25-Apr-19, 15:09:01 
25-Apr-19, 15:09:01 
25-Apr-19, 15:09:07 
25-Apr-19, 15:09:07 
25-Apr-19, 15:09:12 
25-Apr-19, 15:09:12 
25-Apr-19, 15:09:17 
25-Apr-19, 15:09:17 
25-Apr-19, 15:09:22 
25-Apr-19, 15:09:22 
25-Apr-19, 15:09:27 
25-Apr-19, 15:09:27 
25-Apr-19, 15:09:32 
25-Apr-19, 15:09:32 
25-Apr-19, 15:09:37 
25-Apr-19, 15:09:37 
25-Apr-19, 15:09:42 
25-Apr-19, 15:09:42 
25-Apr-19, 15:09:47 
25-Apr-19, 15:09:47 
25-Apr-19, 15:09:52 
25-Apr-19, 15:09:52 
25-Apr-19, 15:09:57 
25-Apr-19, 15:09:57 
25-Apr-19, 15:10:02 
25-Apr-19, 15:10:02 
25-Apr-19, 15:10:12 
25-Apr-19, 15:10:12 
25-Apr-19, 15:10:17 
25-Apr-19, 15:10:17 
25-Apr-19, 15:10:22 
25-Apr-19, 15:10:22 
25-Apr-19, 15:10:27 
25-Apr-19, 15:10:27 
25-Apr-19, 15:10:32 
25-Apr-19, 15:10:32 
25-Apr-19, 15:10:37 
25-Apr-19, 15:10:37 
25-Apr-19, 15:10:42 
25-Apr-19, 15:10:42 
25-Apr-19, 15:10:47 
25-Apr-19, 15:10:47 
25-Apr-19, 15:10:52 
25-Apr-19, 15:10:52 
25-Apr-19, 15:10:57 
25-Apr-19, 15:10:57 
25-Apr-19, 15:11:02 
25-Apr-19, 15:11:02 
25-Apr-19, 15:11:07 
25-Apr-19, 15:11:07 
25-Apr-19, 15:11:12 
25-Apr-19, 15:11:12 
25-Apr-19, 15:11:17 
25-Apr-19, 15:11:22 
25-Apr-19, 15:11:22 
25-Apr-19, 15:11:27 
25-Apr-19, 15:11:27 
25-Apr-19, 15:11:32 
25-Apr-19, 15:11:32 
25-Apr-19, 15:11:37 
25-Apr-19, 15:11:37 
25-Apr-19, 15:11:42 
25-Apr-19, 15:11:42 
25-Apr-19, 15:11:47 
25-Apr-19, 15:11:47 
25-Apr-19, 15:11:52 
25-Apr-19, 15:11:52 
25-Apr-19, 15:11:57 
25-Apr-19, 15:11:57 
25-Apr-19, 15:12:02 
25-Apr-19, 15:12:02 
25-Apr-19, 15:12:07 
25-Apr-19, 15:12:07 
25-Apr-19, 15:12:12 
25-Apr-19, 15:12:12 
25-Apr-19, 15:12:17 
25-Apr-19, 15:12:17 
25-Apr-19, 15:12:22 
25-Apr-19, 15:12:22 
25-Apr-19, 15:12:27 
25-Apr-19, 15:12:27 
25-Apr-19, 15:12:32 
25-Apr-19, 15:12:32 
25-Apr-19, 15:12:37 
25-Apr-19, 15:12:37 
25-Apr-19, 15:12:42 
25-Apr-19, 15:12:42 
25-Apr-19, 15:12:47 
25-Apr-19, 15:12:47 
25-Apr-19, 15:12:52 
25-Apr-19, 15:12:52 
25-Apr-19, 15:12:57 
25-Apr-19, 15:12:57 
25-Apr-19, 15:13:02 
25-Apr-19, 15:13:02 
25-Apr-19, 15:13:07 
25-Apr-19, 15:13:07 
25-Apr-19, 15:13:12 
25-Apr-19, 15:13:12 
25-Apr-19, 15:13:17 
25-Apr-19, 15:13:17 
25-Apr-19, 15:13:22 
25-Apr-19, 15:13:22 
25-Apr-19, 15:13:27 
25-Apr-19, 15:13:27 
25-Apr-19, 15:13:32 
25-Apr-19, 15:13:32 
25-Apr-19, 15:13:37 
25-Apr-19, 15:13:37 
25-Apr-19, 15:13:42 
25-Apr-19, 15:13:42 
25-Apr-19, 15:13:47 
25-Apr-19, 15:13:47 
25-Apr-19, 15:13:52 
25-Apr-19, 15:13:52 
25-Apr-19, 15:13:57 
25-Apr-19, 15:13:57 
25-Apr-19, 15:14:03 
25-Apr-19, 15:14:03 
25-Apr-19, 15:14:08 
25-Apr-19, 15:14:08 
25-Apr-19, 15:14:13 
25-Apr-19, 15:14:18 
25-Apr-19, 15:14:18 
25-Apr-19, 15:14:23 
25-Apr-19, 15:14:23 
25-Apr-19, 15:14:28 
25-Apr-19, 15:14:28 
25-Apr-19, 15:14:33 
25-Apr-19, 15:14:33 
25-Apr-19, 15:14:38 
25-Apr-19, 15:14:38 
25-Apr-19, 15:14:43 
25-Apr-19, 15:14:43 
25-Apr-19, 15:14:48 
25-Apr-19, 15:14:48 
25-Apr-19, 15:14:53 
25-Apr-19, 15:14:53 
25-Apr-19, 15:14:58 
25-Apr-19, 15:14:58 
25-Apr-19, 15:15:03 
25-Apr-19, 15:15:03 
25-Apr-19, 15:15:13 
25-Apr-19, 15:15:13 
25-Apr-19, 15:15:18 
25-Apr-19, 15:15:18 
25-Apr-19, 15:15:23 
25-Apr-19, 15:15:23 
25-Apr-19, 15:15:28 
25-Apr-19, 15:15:28 
25-Apr-19, 15:15:33 
25-Apr-19, 15:15:33 
25-Apr-19, 15:15:38 
25-Apr-19, 15:15:38 
25-Apr-19, 15:15:43 
25-Apr-19, 15:15:43 
25-Apr-19, 15:15:48 
25-Apr-19, 15:15:48 
25-Apr-19, 15:15:53 
25-Apr-19, 15:15:53 
25-Apr-19, 15:15:58 
25-Apr-19, 15:15:58 
25-Apr-19, 15:16:03 
25-Apr-19, 15:16:03 
25-Apr-19, 15:16:08 
25-Apr-19, 15:16:08 
25-Apr-19, 15:16:13 
25-Apr-19, 15:16:13 
25-Apr-19, 15:16:18 
25-Apr-19, 15:16:18 
25-Apr-19, 15:16:23 
25-Apr-19, 15:16:23 
25-Apr-19, 15:16:28 
25-Apr-19, 15:16:28 
25-Apr-19, 15:16:33 
25-Apr-19, 15:16:33 
25-Apr-19, 15:16:38 
25-Apr-19, 15:16:38 
25-Apr-19, 15:16:43 
25-Apr-19, 15:16:43 
25-Apr-19, 15:16:48 
25-Apr-19, 15:16:48 
25-Apr-19, 15:16:53 
25-Apr-19, 15:16:53 
25-Apr-19, 15:16:58 
25-Apr-19, 15:16:58 
25-Apr-19, 15:17:03 
25-Apr-19, 15:17:03 
25-Apr-19, 15:17:08 
25-Apr-19, 15:17:08 
25-Apr-19, 15:17:13 
25-Apr-19, 15:17:13 
25-Apr-19, 15:17:18 
25-Apr-19, 15:17:18 
25-Apr-19, 15:17:23 
25-Apr-19, 15:17:23 
25-Apr-19, 15:17:28 
25-Apr-19, 15:17:28 
25-Apr-19, 15:17:33 
25-Apr-19, 15:17:33 
25-Apr-19, 15:17:38 
25-Apr-19, 15:17:38 
25-Apr-19, 15:17:43 
25-Apr-19, 15:17:43 
25-Apr-19, 15:17:48 
25-Apr-19, 15:17:48 
25-Apr-19, 15:17:53 
25-Apr-19, 15:17:53 
25-Apr-19, 15:17:58 
25-Apr-19, 15:17:58 
25-Apr-19, 15:18:03 
25-Apr-19, 15:18:03 
25-Apr-19, 15:18:13 
25-Apr-19, 15:18:13 
25-Apr-19, 15:18:18 
25-Apr-19, 15:18:18 
25-Apr-19, 15:18:23 
25-Apr-19, 15:18:23 
25-Apr-19, 15:18:28 
25-Apr-19, 15:18:28 
25-Apr-19, 15:18:33 
25-Apr-19, 15:18:33 
25-Apr-19, 15:18:38 
25-Apr-19, 15:18:38 
25-Apr-19, 15:18:43 
25-Apr-19, 15:18:43 
25-Apr-19, 15:18:48 
25-Apr-19, 15:18:48 
25-Apr-19, 15:18:53 
25-Apr-19, 15:18:53 
25-Apr-19, 15:18:59 
25-Apr-19, 15:18:59 
25-Apr-19, 15:19:04 
25-Apr-19, 15:19:04 
25-Apr-19, 15:19:09 
25-Apr-19, 15:19:09 
25-Apr-19, 15:19:14 
25-Apr-19, 15:19:14 
25-Apr-19, 15:19:19 
25-Apr-19, 15:19:19 
25-Apr-19, 15:19:24 
25-Apr-19, 15:19:24 
25-Apr-19, 15:19:29 
25-Apr-19, 15:19:29 
25-Apr-19, 15:19:34 
25-Apr-19, 15:19:34 
25-Apr-19, 15:19:39 
25-Apr-19, 15:19:39 
25-Apr-19, 15:19:49 
25-Apr-19, 15:19:49 
25-Apr-19, 15:19:54 
25-Apr-19, 15:19:54 
25-Apr-19, 15:19:59 
25-Apr-19, 15:19:59 
25-Apr-19, 15:20:04 
25-Apr-19, 15:20:04 
25-Apr-19, 15:20:09 
25-Apr-19, 15:20:09 
25-Apr-19, 15:20:14 
25-Apr-19, 15:20:14 
25-Apr-19, 15:20:19 
25-Apr-19, 15:20:19 
25-Apr-19, 15:20:24 
25-Apr-19, 15:20:24 
25-Apr-19, 15:20:29 
25-Apr-19, 15:20:29 
25-Apr-19, 15:20:34 
25-Apr-19, 15:20:34 
25-Apr-19, 15:20:39 
25-Apr-19, 15:20:39 
25-Apr-19, 15:20:44 
25-Apr-19, 15:20:44 
25-Apr-19, 15:20:49 
25-Apr-19, 15:20:49 
25-Apr-19, 15:20:54 
25-Apr-19, 15:20:54 
25-Apr-19, 15:20:59 
25-Apr-19, 15:20:59 
25-Apr-19, 15:21:04 
25-Apr-19, 15:21:04 
25-Apr-19, 15:21:09 
25-Apr-19, 15:21:09 
25-Apr-19, 15:21:14 
25-Apr-19, 15:21:14 
25-Apr-19, 15:21:19 
25-Apr-19, 15:21:19 
25-Apr-19, 15:21:24 
25-Apr-19, 15:21:24 
25-Apr-19, 15:21:29 
25-Apr-19, 15:21:29 
25-Apr-19, 15:21:34 
25-Apr-19, 15:21:34 
25-Apr-19, 15:21:39 
25-Apr-19, 15:21:39 
25-Apr-19, 15:21:44 
25-Apr-19, 15:21:44 
25-Apr-19, 15:21:49 
25-Apr-19, 15:21:49 
25-Apr-19, 15:21:54 
25-Apr-19, 15:21:54 
25-Apr-19, 15:21:59 
25-Apr-19, 15:21:59 
25-Apr-19, 15:22:04 
25-Apr-19, 15:22:04 
25-Apr-19, 15:22:09 
25-Apr-19, 15:22:09 
25-Apr-19, 15:22:14 
25-Apr-19, 15:22:14 
25-Apr-19, 15:22:24 
25-Apr-19, 15:22:24 
25-Apr-19, 15:22:29 
25-Apr-19, 15:22:29 
25-Apr-19, 15:22:34 
25-Apr-19, 15:22:34 
25-Apr-19, 15:22:39 
25-Apr-19, 15:22:39 
25-Apr-19, 15:22:44 
25-Apr-19, 15:22:44 
25-Apr-19, 15:22:49 
25-Apr-19, 15:22:49 
25-Apr-19, 15:22:54 
25-Apr-19, 15:22:54 
25-Apr-19, 15:22:59 
25-Apr-19, 15:22:59 
25-Apr-19, 15:23:04 
25-Apr-19, 15:23:04 
25-Apr-19, 15:23:09 
25-Apr-19, 15:23:09 
25-Apr-19, 15:23:14 
25-Apr-19, 15:23:14 
25-Apr-19, 15:23:19 
25-Apr-19, 15:23:19 
25-Apr-19, 15:23:24 
25-Apr-19, 15:23:24 
25-Apr-19, 15:23:30 
25-Apr-19, 15:23:30 
25-Apr-19, 15:23:35 
25-Apr-19, 15:23:35 
25-Apr-19, 15:23:40 
25-Apr-19, 15:23:40 
25-Apr-19, 15:23:45 
25-Apr-19, 15:23:45 
25-Apr-19, 15:23:50 
25-Apr-19, 15:23:50 
25-Apr-19, 15:23:55 
25-Apr-19, 15:23:55 
25-Apr-19, 15:24:00 
25-Apr-19, 15:24:00 
25-Apr-19, 15:24:05 
25-Apr-19, 15:24:05 
25-Apr-19, 15:24:10 
25-Apr-19, 15:24:10 
25-Apr-19, 15:24:15 
25-Apr-19, 15:24:15 
25-Apr-19, 15:24:20 
25-Apr-19, 15:24:20 
25-Apr-19, 15:24:25 
25-Apr-19, 15:24:25 
25-Apr-19, 15:24:30 
25-Apr-19, 15:24:30 
25-Apr-19, 15:24:35 
25-Apr-19, 15:24:35 
25-Apr-19, 15:24:40 
25-Apr-19, 15:24:40 
25-Apr-19, 15:24:45 
25-Apr-19, 15:24:45 
25-Apr-19, 15:24:50 
25-Apr-19, 15:24:50 
25-Apr-19, 15:24:55 
25-Apr-19, 15:24:55 
25-Apr-19, 15:25:00 
25-Apr-19, 15:25:00 
25-Apr-19, 15:25:05 
25-Apr-19, 15:25:05 
25-Apr-19, 15:25:10 
25-Apr-19, 15:25:10 
25-Apr-19, 15:25:15 
25-Apr-19, 15:25:15 
25-Apr-19, 15:25:20 
25-Apr-19, 15:25:20 
25-Apr-19, 15:25:25 
25-Apr-19, 15:25:25 
25-Apr-19, 15:25:35 
25-Apr-19, 15:25:35 
25-Apr-19, 15:25:40 
25-Apr-19, 15:25:40 
25-Apr-19, 15:25:45 
25-Apr-19, 15:25:45 
25-Apr-19, 15:25:50 
25-Apr-19, 15:25:50 
25-Apr-19, 15:25:55 
25-Apr-19, 15:25:55 
25-Apr-19, 15:26:00 
25-Apr-19, 15:26:00 
25-Apr-19, 15:26:05 
25-Apr-19, 15:26:05 
25-Apr-19, 15:26:10 
25-Apr-19, 15:26:10 
25-Apr-19, 15:26:15 
25-Apr-19, 15:26:15 
25-Apr-19, 15:26:20 
25-Apr-19, 15:26:20 
25-Apr-19, 15:26:25 
25-Apr-19, 15:26:25 
25-Apr-19, 15:26:30 
25-Apr-19, 15:26:30 
25-Apr-19, 15:26:35 
25-Apr-19, 15:26:35 
25-Apr-19, 15:26:40 
25-Apr-19, 15:26:40 
25-Apr-19, 15:26:45 
25-Apr-19, 15:26:45 
25-Apr-19, 15:26:50 
25-Apr-19, 15:26:50 
25-Apr-19, 15:26:55 
25-Apr-19, 15:26:55 
25-Apr-19, 15:27:00 
25-Apr-19, 15:27:00 
25-Apr-19, 15:27:05 
25-Apr-19, 15:27:05 
25-Apr-19, 15:27:10 
25-Apr-19, 15:27:10 
25-Apr-19, 15:27:15 
25-Apr-19, 15:27:15 
25-Apr-19, 15:27:20 
25-Apr-19, 15:27:20 
25-Apr-19, 15:27:25 
25-Apr-19, 15:27:25 
25-Apr-19, 15:27:30 
25-Apr-19, 15:27:30 
25-Apr-19, 15:27:35 
25-Apr-19, 15:27:35 
25-Apr-19, 15:27:40 
25-Apr-19, 15:27:40 
25-Apr-19, 15:27:45 
25-Apr-19, 15:27:45 
25-Apr-19, 15:27:50 
25-Apr-19, 15:27:50 
25-Apr-19, 15:27:55 
25-Apr-19, 15:27:56 
25-Apr-19, 15:28:01 
25-Apr-19, 15:28:01 
25-Apr-19, 15:28:06 
25-Apr-19, 15:28:06 
25-Apr-19, 15:28:11 
25-Apr-19, 15:28:11 
25-Apr-19, 15:28:16 
25-Apr-19, 15:28:16 
25-Apr-19, 15:28:21 
25-Apr-19, 15:28:21 
25-Apr-19, 15:28:26 
25-Apr-19, 15:28:26 
25-Apr-19, 15:28:31 
25-Apr-19, 15:28:31 
25-Apr-19, 15:28:36 
25-Apr-19, 15:28:36 
25-Apr-19, 15:28:41 
25-Apr-19, 15:28:41 
25-Apr-19, 15:28:46 
25-Apr-19, 15:28:46 
25-Apr-19, 15:28:51 
25-Apr-19, 15:28:51 
25-Apr-19, 15:28:56 
25-Apr-19, 15:28:56 
25-Apr-19, 15:29:01 
25-Apr-19, 15:29:01 
25-Apr-19, 15:29:06 
25-Apr-19, 15:29:06 
25-Apr-19, 15:29:11 
25-Apr-19, 15:29:11 
25-Apr-19, 15:29:16 
25-Apr-19, 15:29:16 
25-Apr-19, 15:29:21 
25-Apr-19, 15:29:21 
25-Apr-19, 15:29:26 
25-Apr-19, 15:29:26 
25-Apr-19, 15:29:31 
25-Apr-19, 15:29:31 
25-Apr-19, 15:29:36 
25-Apr-19, 15:29:36 
25-Apr-19, 15:29:41 
25-Apr-19, 15:29:41 
25-Apr-19, 15:29:46 
25-Apr-19, 15:29:46 
25-Apr-19, 15:29:51 
25-Apr-19, 15:29:51 
25-Apr-19, 15:29:56 
25-Apr-19, 15:29:56 
25-Apr-19, 15:30:01 
25-Apr-19, 15:30:01 
25-Apr-19, 15:30:06 
25-Apr-19, 15:30:06 
25-Apr-19, 15:30:11 
25-Apr-19, 15:30:11 
25-Apr-19, 15:30:16 
25-Apr-19, 15:30:16 
25-Apr-19, 15:30:21 
25-Apr-19, 15:30:21 
25-Apr-19, 15:30:26 
25-Apr-19, 15:30:26 
25-Apr-19, 15:30:31 
25-Apr-19, 15:30:31 
25-Apr-19, 15:30:36 
25-Apr-19, 15:30:36 
25-Apr-19, 15:30:41 
25-Apr-19, 15:30:41 
25-Apr-19, 15:30:46 
25-Apr-19, 15:30:46 
25-Apr-19, 15:30:51 
25-Apr-19, 15:30:51 
25-Apr-19, 15:30:56 
25-Apr-19, 15:30:56 
25-Apr-19, 15:31:01 
25-Apr-19, 15:31:06 
25-Apr-19, 15:31:06 
25-Apr-19, 15:31:11 
25-Apr-19, 09:23:57 
25-Apr-19, 09:23:59 
25-Apr-19, 09:24:01 
25-Apr-19, 09:24:01 
25-Apr-19, 09:24:02 
25-Apr-19, 09:24:02 
25-Apr-19, 09:24:04 
25-Apr-19, 09:24:06 
25-Apr-19, 09:24:06 
25-Apr-19, 09:24:07 
25-Apr-19, 09:24:07 
25-Apr-19, 09:24:09 
25-Apr-19, 09:24:11 
25-Apr-19, 09:24:11 
25-Apr-19, 09:24:12 
25-Apr-19, 09:24:12 
25-Apr-19, 09:24:14 
25-Apr-19, 09:24:17 
25-Apr-19, 09:24:17 
25-Apr-19, 09:24:19 
25-Apr-19, 09:24:21 
25-Apr-19, 09:24:21 
25-Apr-19, 09:24:22 
25-Apr-19, 09:24:22 
25-Apr-19, 09:24:24 
25-Apr-19, 09:24:26 
25-Apr-19, 09:24:26 
25-Apr-19, 09:24:27 
25-Apr-19, 09:24:27 
25-Apr-19, 09:24:29 
25-Apr-19, 09:24:31 
25-Apr-19, 09:24:31 
25-Apr-19, 09:24:32 
25-Apr-19, 09:24:32 
25-Apr-19, 09:24:34 
25-Apr-19, 09:24:36 
25-Apr-19, 09:24:36 
25-Apr-19, 09:24:37 
25-Apr-19, 09:24:37 
25-Apr-19, 09:24:39 
25-Apr-19, 09:24:41 
25-Apr-19, 09:24:41 
25-Apr-19, 09:24:42 
25-Apr-19, 09:24:42 
25-Apr-19, 09:24:44 
25-Apr-19, 09:24:46 
25-Apr-19, 09:24:46 
25-Apr-19, 09:24:47 
25-Apr-19, 09:24:47 
25-Apr-19, 09:24:51 
25-Apr-19, 09:24:51 
25-Apr-19, 09:24:52 
25-Apr-19, 09:24:52 
25-Apr-19, 09:24:54 
25-Apr-19, 09:24:56 
25-Apr-19, 09:24:56 
25-Apr-19, 09:24:57 
25-Apr-19, 09:24:57 
25-Apr-19, 09:24:59 
25-Apr-19, 09:25:01 
25-Apr-19, 09:25:01 
25-Apr-19, 09:25:02 
25-Apr-19, 09:25:02 
25-Apr-19, 09:25:04 
25-Apr-19, 09:25:06 
25-Apr-19, 09:25:06 
25-Apr-19, 09:25:07 
25-Apr-19, 09:25:07 
25-Apr-19, 09:25:09 
25-Apr-19, 09:25:14 
25-Apr-19, 09:25:16 
25-Apr-19, 09:25:16 
25-Apr-19, 09:25:17 
25-Apr-19, 09:25:17 
25-Apr-19, 09:25:19 
25-Apr-19, 09:25:21 
25-Apr-19, 09:25:21 
25-Apr-19, 09:25:22 
25-Apr-19, 09:25:22 
25-Apr-19, 09:25:24 
25-Apr-19, 09:25:26 
25-Apr-19, 09:25:26 
25-Apr-19, 09:25:27 
25-Apr-19, 09:25:27 
25-Apr-19, 09:25:29 
25-Apr-19, 09:25:31 
25-Apr-19, 09:25:31 
25-Apr-19, 09:25:32 
25-Apr-19, 09:25:32 
25-Apr-19, 09:25:35 
25-Apr-19, 09:25:36 
25-Apr-19, 09:25:36 
25-Apr-19, 09:25:37 
25-Apr-19, 09:25:37 
25-Apr-19, 09:25:40 
25-Apr-19, 09:25:41 
25-Apr-19, 09:25:41 
25-Apr-19, 09:25:42 
25-Apr-19, 09:25:42 
25-Apr-19, 09:25:45 
25-Apr-19, 09:25:46 
25-Apr-19, 09:25:46 
25-Apr-19, 09:25:47 
25-Apr-19, 09:25:47 
25-Apr-19, 09:25:50 
25-Apr-19, 09:25:51 
25-Apr-19, 09:25:51 
25-Apr-19, 09:25:52 
25-Apr-19, 09:25:52 
25-Apr-19, 09:25:55 
25-Apr-19, 09:25:56 
25-Apr-19, 09:25:56 
25-Apr-19, 09:25:57 
25-Apr-19, 09:25:57 
25-Apr-19, 09:26:00 
25-Apr-19, 09:26:01 
25-Apr-19, 09:26:01 
25-Apr-19, 09:26:02 
25-Apr-19, 09:26:02 
25-Apr-19, 09:26:05 
25-Apr-19, 09:26:06 
25-Apr-19, 09:26:06 
25-Apr-19, 09:26:07 
25-Apr-19, 09:26:07 
25-Apr-19, 09:26:10 
25-Apr-19, 09:26:11 
25-Apr-19, 09:26:11 
25-Apr-19, 09:26:12 
25-Apr-19, 09:26:12 
25-Apr-19, 09:26:15 
25-Apr-19, 09:26:16 
25-Apr-19, 09:26:16 
25-Apr-19, 09:26:17 
25-Apr-19, 09:26:17 
25-Apr-19, 09:26:20 
25-Apr-19, 09:26:21 
25-Apr-19, 09:26:21 
25-Apr-19, 09:26:22 
25-Apr-19, 09:26:22 
25-Apr-19, 09:26:25 
25-Apr-19, 09:26:26 
25-Apr-19, 09:26:26 
25-Apr-19, 09:26:27 
25-Apr-19, 09:26:27 
25-Apr-19, 09:26:30 
25-Apr-19, 09:26:31 
25-Apr-19, 09:26:31 
25-Apr-19, 09:26:32 
25-Apr-19, 09:26:32 
25-Apr-19, 09:26:35 
25-Apr-19, 09:26:36 
25-Apr-19, 09:26:36 
25-Apr-19, 09:26:37 
25-Apr-19, 09:26:37 
25-Apr-19, 09:26:40 
25-Apr-19, 09:26:41 
25-Apr-19, 09:26:41 
25-Apr-19, 09:26:42 
25-Apr-19, 09:26:42 
25-Apr-19, 09:26:45 
25-Apr-19, 09:26:46 
25-Apr-19, 09:26:46 
25-Apr-19, 09:26:47 
25-Apr-19, 09:26:47 
25-Apr-19, 09:26:50 
25-Apr-19, 09:26:51 
25-Apr-19, 09:26:51 
25-Apr-19, 09:26:52 
25-Apr-19, 09:26:52 
25-Apr-19, 09:26:55 
25-Apr-19, 09:26:56 
25-Apr-19, 09:26:56 
25-Apr-19, 09:26:57 
25-Apr-19, 09:26:57 
25-Apr-19, 09:27:00 
25-Apr-19, 09:27:01 
25-Apr-19, 09:27:01 
25-Apr-19, 09:27:02 
25-Apr-19, 09:27:02 
25-Apr-19, 09:27:05 
25-Apr-19, 09:27:06 
25-Apr-19, 09:27:06 
25-Apr-19, 09:27:07 
25-Apr-19, 09:27:07 
25-Apr-19, 09:27:10 
25-Apr-19, 09:27:11 
25-Apr-19, 09:27:11 
25-Apr-19, 09:27:12 
25-Apr-19, 09:27:12 
25-Apr-19, 09:27:15 
25-Apr-19, 09:27:16 
25-Apr-19, 09:27:16 
25-Apr-19, 09:27:20 
25-Apr-19, 09:27:21 
25-Apr-19, 09:27:21 
25-Apr-19, 09:27:22 
25-Apr-19, 09:27:22 
25-Apr-19, 09:27:25 
25-Apr-19, 09:27:26 
25-Apr-19, 09:27:26 
25-Apr-19, 09:27:27 
25-Apr-19, 09:27:27 
25-Apr-19, 09:27:30 
25-Apr-19, 09:27:31 
25-Apr-19, 09:27:31 
25-Apr-19, 09:27:32 
25-Apr-19, 09:27:32 
25-Apr-19, 09:27:35 
25-Apr-19, 09:27:36 
25-Apr-19, 09:27:36 
25-Apr-19, 09:27:37 
25-Apr-19, 09:27:37 
25-Apr-19, 09:27:40 
25-Apr-19, 09:27:41 
25-Apr-19, 09:27:41 
25-Apr-19, 09:27:42 
25-Apr-19, 09:27:42 
25-Apr-19, 09:27:45 
25-Apr-19, 09:27:46 
25-Apr-19, 09:27:46 
25-Apr-19, 09:27:47 
25-Apr-19, 09:27:47 
25-Apr-19, 09:27:50 
25-Apr-19, 09:27:51 
25-Apr-19, 09:27:51 
25-Apr-19, 09:27:52 
25-Apr-19, 09:27:52 
25-Apr-19, 09:27:55 
25-Apr-19, 09:27:56 
25-Apr-19, 09:27:56 
25-Apr-19, 09:27:57 
25-Apr-19, 09:27:57 
25-Apr-19, 09:28:00 
25-Apr-19, 09:28:01 
25-Apr-19, 09:28:01 
25-Apr-19, 09:28:05 
25-Apr-19, 09:28:06 
25-Apr-19, 09:28:06 
25-Apr-19, 09:28:07 
25-Apr-19, 09:28:07 
25-Apr-19, 09:28:10 
25-Apr-19, 09:28:11 
25-Apr-19, 09:28:11 
25-Apr-19, 09:28:12 
25-Apr-19, 09:28:12 
25-Apr-19, 09:28:15 
25-Apr-19, 09:28:16 
25-Apr-19, 09:28:16 
25-Apr-19, 09:28:17 
25-Apr-19, 09:28:17 
25-Apr-19, 09:28:20 
25-Apr-19, 09:28:21 
25-Apr-19, 09:28:21 
25-Apr-19, 09:28:22 
25-Apr-19, 09:28:22 
25-Apr-19, 09:28:25 
25-Apr-19, 09:28:26 
25-Apr-19, 09:28:26 
25-Apr-19, 09:28:27 
25-Apr-19, 09:28:27 
25-Apr-19, 09:28:30 
25-Apr-19, 09:28:31 
25-Apr-19, 09:28:31 
25-Apr-19, 09:28:32 
25-Apr-19, 09:28:32 
25-Apr-19, 09:28:35 
25-Apr-19, 09:28:36 
25-Apr-19, 09:28:36 
25-Apr-19, 09:28:37 
25-Apr-19, 09:28:37 
25-Apr-19, 09:28:40 
25-Apr-19, 09:28:41 
25-Apr-19, 09:28:41 
25-Apr-19, 09:28:42 
25-Apr-19, 09:28:42 
25-Apr-19, 09:28:45 
25-Apr-19, 09:28:46 
25-Apr-19, 09:28:46 
25-Apr-19, 09:28:47 
25-Apr-19, 09:28:47 
25-Apr-19, 09:28:50 
25-Apr-19, 09:28:51 
25-Apr-19, 09:28:51 
25-Apr-19, 09:28:52 
25-Apr-19, 09:28:52 
25-Apr-19, 09:28:55 
25-Apr-19, 09:28:56 
25-Apr-19, 09:28:56 
25-Apr-19, 09:28:57 
25-Apr-19, 09:28:57 
25-Apr-19, 09:29:00 
25-Apr-19, 09:29:01 
25-Apr-19, 09:29:01 
25-Apr-19, 09:29:02 
25-Apr-19, 09:29:02 
25-Apr-19, 09:29:05 
25-Apr-19, 09:29:06 
25-Apr-19, 09:29:06 
25-Apr-19, 09:29:07 
25-Apr-19, 09:29:07 
25-Apr-19, 09:29:10 
25-Apr-19, 09:29:11 
25-Apr-19, 09:29:11 
25-Apr-19, 09:29:12 
25-Apr-19, 09:29:12 
25-Apr-19, 09:29:15 
25-Apr-19, 09:29:16 
25-Apr-19, 09:29:16 
25-Apr-19, 09:29:17 
25-Apr-19, 09:29:17 
25-Apr-19, 09:29:20 
25-Apr-19, 09:29:21 
25-Apr-19, 09:29:21 
25-Apr-19, 09:29:22 
25-Apr-19, 09:29:22 
25-Apr-19, 09:29:25 
25-Apr-19, 09:29:26 
25-Apr-19, 09:29:26 
25-Apr-19, 09:29:27 
25-Apr-19, 09:29:27 
25-Apr-19, 09:29:30 
25-Apr-19, 09:29:31 
25-Apr-19, 09:29:31 
25-Apr-19, 09:29:32 
25-Apr-19, 09:29:32 
25-Apr-19, 09:29:35 
25-Apr-19, 09:29:36 
25-Apr-19, 09:29:36 
25-Apr-19, 09:29:37 
25-Apr-19, 09:29:37 
25-Apr-19, 09:29:40 
25-Apr-19, 09:29:42 
25-Apr-19, 09:29:43 
25-Apr-19, 09:29:45 
25-Apr-19, 09:29:46 
25-Apr-19, 09:29:46 
25-Apr-19, 09:29:47 
25-Apr-19, 09:29:48 
25-Apr-19, 09:29:50 
25-Apr-19, 09:29:52 
25-Apr-19, 09:29:55 
25-Apr-19, 09:29:56 
25-Apr-19, 09:29:56 
25-Apr-19, 09:29:57 
25-Apr-19, 09:29:58 
25-Apr-19, 09:30:00 
25-Apr-19, 09:30:01 
25-Apr-19, 09:30:01 
25-Apr-19, 09:30:02 
25-Apr-19, 09:30:03 
25-Apr-19, 09:30:05 
25-Apr-19, 09:30:06 
25-Apr-19, 09:30:06 
25-Apr-19, 09:30:07 
25-Apr-19, 09:30:08 
25-Apr-19, 09:30:10 
25-Apr-19, 09:30:12 
25-Apr-19, 09:30:13 
25-Apr-19, 09:30:15 
25-Apr-19, 09:30:16 
25-Apr-19, 09:30:16 
25-Apr-19, 09:30:17 
25-Apr-19, 09:30:18 
25-Apr-19, 09:30:20 
25-Apr-19, 09:30:21 
25-Apr-19, 09:30:21 
25-Apr-19, 09:30:22 
25-Apr-19, 09:30:23 
25-Apr-19, 09:30:25 
25-Apr-19, 09:30:26 
25-Apr-19, 09:30:26 
25-Apr-19, 09:30:27 
25-Apr-19, 09:30:28 
25-Apr-19, 09:30:30 
25-Apr-19, 09:30:31 
25-Apr-19, 09:30:31 
25-Apr-19, 09:30:32 
25-Apr-19, 09:30:33 
25-Apr-19, 09:30:35 
25-Apr-19, 09:30:36 
25-Apr-19, 09:30:36 
25-Apr-19, 09:30:37 
25-Apr-19, 09:30:38 
25-Apr-19, 09:30:40 
25-Apr-19, 09:30:41 
25-Apr-19, 09:30:41 
25-Apr-19, 09:30:42 
25-Apr-19, 09:30:43 
25-Apr-19, 09:30:45 
25-Apr-19, 09:30:46 
25-Apr-19, 09:30:46 
25-Apr-19, 09:30:47 
25-Apr-19, 09:30:48 
25-Apr-19, 09:30:50 
25-Apr-19, 09:30:51 
25-Apr-19, 09:30:51 
25-Apr-19, 09:30:52 
25-Apr-19, 09:30:53 
25-Apr-19, 09:30:55 
25-Apr-19, 09:30:56 
25-Apr-19, 09:30:56 
25-Apr-19, 09:30:57 
25-Apr-19, 09:30:58 
25-Apr-19, 09:31:00 
25-Apr-19, 09:31:01 
25-Apr-19, 09:31:01 
25-Apr-19, 09:31:02 
25-Apr-19, 09:31:03 
25-Apr-19, 09:31:05 
25-Apr-19, 09:31:06 
25-Apr-19, 09:31:06 
25-Apr-19, 09:31:07 
25-Apr-19, 09:31:08 
25-Apr-19, 09:31:11 
25-Apr-19, 09:31:11 
25-Apr-19, 09:31:12 
25-Apr-19, 09:31:13 
25-Apr-19, 09:31:15 
25-Apr-19, 09:31:16 
25-Apr-19, 09:31:16 
25-Apr-19, 09:31:17 
25-Apr-19, 09:31:18 
25-Apr-19, 09:31:20 
25-Apr-19, 09:31:21 
25-Apr-19, 09:31:21 
25-Apr-19, 09:31:22 
25-Apr-19, 09:31:23 
25-Apr-19, 09:31:25 
25-Apr-19, 09:31:26 
25-Apr-19, 09:31:26 
25-Apr-19, 09:31:27 
25-Apr-19, 09:31:28 
25-Apr-19, 09:31:30 
25-Apr-19, 09:31:31 
25-Apr-19, 09:31:31 
25-Apr-19, 09:31:32 
25-Apr-19, 09:31:33 
31-Mar-19,   12:36:52   
31-Mar-19,   12:36:53   
31-Mar-19,   12:36:54   
31-Mar-19,   12:36:55   
31-Mar-19,   12:36:56   
31-Mar-19,   12:36:57   
31-Mar-19,   12:36:57   
31-Mar-19,   12:36:58   
31-Mar-19,   12:36:58   
31-Mar-19,   12:36:59   
31-Mar-19,   12:36:59   
31-Mar-19,   12:37:00   
31-Mar-19,   12:37:01   
31-Mar-19,   12:37:01   
31-Mar-19,   12:37:02   
31-Mar-19,   12:37:02   
31-Mar-19,   12:37:02   
31-Mar-19,   12:37:03   
31-Mar-19,   12:37:03   
31-Mar-19,   12:37:03   
31-Mar-19,   12:37:04   
31-Mar-19,   12:37:04   
31-Mar-19,   12:37:04   
31-Mar-19,   12:37:05   
31-Mar-19,   12:37:05   
31-Mar-19,   12:37:05   
31-Mar-19,   12:37:06   
31-Mar-19,   12:37:06   
31-Mar-19,   12:37:06   
31-Mar-19,   12:37:07   
31-Mar-19,   12:37:07   
31-Mar-19,   12:37:07   
31-Mar-19,   12:37:07   
31-Mar-19,   12:37:08   
31-Mar-19,   12:37:08   
31-Mar-19,   12:37:08   
31-Mar-19,   12:37:08   
31-Mar-19,   12:37:09   
31-Mar-19,   12:37:09   
31-Mar-19,   12:37:09   
31-Mar-19,   12:37:09   
31-Mar-19,   12:37:10   
31-Mar-19,   12:37:10   
31-Mar-19,   12:37:10   
31-Mar-19,   12:37:10   
31-Mar-19,   12:37:11   
31-Mar-19,   12:37:11   
31-Mar-19,   12:37:11   
31-Mar-19,   12:37:11   
31-Mar-19,   12:37:12   
31-Mar-19,   12:37:12   
31-Mar-19,   12:37:12   
31-Mar-19,   12:37:12   
31-Mar-19,   12:37:12   
31-Mar-19,   12:37:13   
31-Mar-19,   12:37:13   
31-Mar-19,   12:37:13   
31-Mar-19,   12:37:13   
31-Mar-19,   12:37:13   
31-Mar-19,   12:37:14   
31-Mar-19,   12:37:14   
31-Mar-19,   12:37:14   
31-Mar-19,   12:37:14   
31-Mar-19,   12:37:14   
31-Mar-19,   12:37:15   
31-Mar-19,   12:37:15   
31-Mar-19,   12:37:15   
31-Mar-19,   12:37:15   
31-Mar-19,   12:37:15   
31-Mar-19,   12:37:16   
31-Mar-19,   12:37:16   
31-Mar-19,   12:37:16   
31-Mar-19,   12:37:16   
31-Mar-19,   12:37:16   
31-Mar-19,   12:37:17   
31-Mar-19,   12:37:17   
31-Mar-19,   12:37:17   
31-Mar-19,   12:37:17   
31-Mar-19,   12:37:17   
31-Mar-19,   12:37:17   
31-Mar-19,   12:37:18   
31-Mar-19,   12:37:18   
31-Mar-19,   12:37:18   
31-Mar-19,   12:37:18   
31-Mar-19,   12:37:18   
31-Mar-19,   12:37:19   
31-Mar-19,   12:37:19   
31-Mar-19,   12:37:19   
31-Mar-19,   12:37:19   
31-Mar-19,   12:37:19   
31-Mar-19,   12:37:19   
31-Mar-19,   12:37:20   
31-Mar-19,   12:37:20   
31-Mar-19,   12:37:20   
31-Mar-19,   12:37:20   
31-Mar-19,   12:37:20   
31-Mar-19,   12:37:20   
31-Mar-19,   12:37:21   
31-Mar-19,   12:37:21   
31-Mar-19,   12:37:21   
31-Mar-19,   12:37:21   
31-Mar-19,   12:37:21   
31-Mar-19,   12:37:21   
31-Mar-19,   12:37:22   
31-Mar-19,   12:37:22   
31-Mar-19,   12:37:22   
31-Mar-19,   12:37:22   
31-Mar-19,   12:37:22   
31-Mar-19,   12:37:22   
31-Mar-19,   12:37:22   
31-Mar-19,   12:37:23   
31-Mar-19,   12:37:23   
31-Mar-19,   12:37:23   
31-Mar-19,   12:37:23   
31-Mar-19,   12:37:23   
31-Mar-19,   12:37:23   
31-Mar-19,   12:37:23   
31-Mar-19,   12:37:24   
31-Mar-19,   12:37:24   
31-Mar-19,   12:37:24   
31-Mar-19,   12:37:24   
31-Mar-19,   12:37:24   
31-Mar-19,   12:37:24   
31-Mar-19,   12:37:24   
31-Mar-19,   12:37:25   
31-Mar-19,   12:37:25   
31-Mar-19,   12:37:25   
31-Mar-19,   12:37:25   
31-Mar-19,   12:37:25   
31-Mar-19,   12:37:25   
31-Mar-19,   12:37:25   
31-Mar-19,   12:37:26   
31-Mar-19,   12:37:26   
31-Mar-19,   12:37:26   
31-Mar-19,   12:37:26   
31-Mar-19,   12:37:26   
31-Mar-19,   12:37:26   
31-Mar-19,   12:37:26   
31-Mar-19,   12:37:27   
31-Mar-19,   12:37:27   
31-Mar-19,   12:37:27   
31-Mar-19,   12:37:27   
31-Mar-19,   12:37:27   
31-Mar-19,   12:37:27   
31-Mar-19,   12:37:27   
31-Mar-19,   12:37:27   
31-Mar-19,   12:37:28   
31-Mar-19,   12:37:28   
31-Mar-19,   12:37:28   
31-Mar-19,   12:37:28   
31-Mar-19,   12:37:28   
31-Mar-19,   12:37:28   
31-Mar-19,   12:37:28   
31-Mar-19,   12:37:29   
31-Mar-19,   12:37:29   
31-Mar-19,   12:37:29   
31-Mar-19,   12:37:29   
31-Mar-19,   12:37:29   
31-Mar-19,   12:37:29   
31-Mar-19,   12:37:29   
31-Mar-19,   12:37:29   
31-Mar-19,   12:37:30   
31-Mar-19,   12:37:30   
31-Mar-19,   12:37:30   
31-Mar-19,   12:37:30   
31-Mar-19,   12:37:30   
31-Mar-19,   12:37:30   
31-Mar-19,   12:37:30   
31-Mar-19,   12:37:30   
31-Mar-19,   12:37:31   
31-Mar-19,   12:37:31   
31-Mar-19,   12:37:31   
31-Mar-19,   12:37:31   
31-Mar-19,   12:37:31   
31-Mar-19,   12:37:31   
31-Mar-19,   12:37:31   
31-Mar-19,   12:37:31   
31-Mar-19,   12:37:32   
31-Mar-19,   12:37:32   
31-Mar-19,   12:37:32   
31-Mar-19,   12:37:32   
31-Mar-19,   12:37:32   
31-Mar-19,   12:37:32   
31-Mar-19,   12:37:32   
31-Mar-19,   12:37:32   
31-Mar-19,   12:37:32   
31-Mar-19,   12:37:33   
31-Mar-19,   12:37:33   
31-Mar-19,   12:37:33   
31-Mar-19,   12:37:33   
31-Mar-19,   12:37:33   
31-Mar-19,   12:37:33   
31-Mar-19,   12:37:33   
31-Mar-19,   12:37:33   
31-Mar-19,   12:37:33   
31-Mar-19,   12:37:34   
31-Mar-19,   12:37:34   
31-Mar-19,   12:37:34   
31-Mar-19,   12:37:34   
31-Mar-19,   12:37:34   
31-Mar-19,   12:37:34   
31-Mar-19,   12:37:34   
31-Mar-19,   12:37:34   
31-Mar-19,   12:37:34   
31-Mar-19,   12:37:35   
31-Mar-19,   12:37:35   
31-Mar-19,   12:37:35   
31-Mar-19,   12:37:35   
31-Mar-19,   12:37:35   
31-Mar-19,   12:37:35   
31-Mar-19,   12:37:35   
31-Mar-19,   12:37:35   
31-Mar-19,   12:37:35   
31-Mar-19,   12:37:36   
31-Mar-19,   12:37:36   
31-Mar-19,   12:37:36   
31-Mar-19,   12:37:36   
31-Mar-19,   12:37:36   
31-Mar-19,   12:37:36   
31-Mar-19,   12:37:36   
31-Mar-19,   12:37:36   
31-Mar-19,   12:37:37   
31-Mar-19,   12:37:37   
31-Mar-19,   12:37:37   
31-Mar-19,   12:37:37   
31-Mar-19,   12:37:37   
31-Mar-19,   12:37:37   
31-Mar-19,   12:37:37   
31-Mar-19,   12:37:37   
31-Mar-19,   12:37:37   
31-Mar-19,   12:37:38   
31-Mar-19,   12:37:38   
31-Mar-19,   12:37:38   
31-Mar-19,   12:37:38   
31-Mar-19,   12:37:38   
31-Mar-19,   12:37:38   
31-Mar-19,   12:37:38   
31-Mar-19,   12:37:39   
31-Mar-19,   12:37:39   
31-Mar-19,   12:37:39   
31-Mar-19,   12:37:39   
31-Mar-19,   12:37:39   
31-Mar-19,   12:37:39   
31-Mar-19,   12:37:39   
31-Mar-19,   12:37:39   
31-Mar-19,   12:37:39   
31-Mar-19,   12:37:40   
31-Mar-19,   12:37:40   
31-Mar-19,   12:37:40   
31-Mar-19,   12:37:40   
31-Mar-19,   12:37:40   
31-Mar-19,   12:37:40   
31-Mar-19,   12:37:40   
31-Mar-19,   12:37:40   
31-Mar-19,   12:37:40   
31-Mar-19,   12:37:41   
31-Mar-19,   12:37:41   
31-Mar-19,   12:37:41   
31-Mar-19,   12:37:41   
31-Mar-19,   12:37:41   
31-Mar-19,   12:37:41   
31-Mar-19,   12:37:41   
31-Mar-19,   12:37:41   
31-Mar-19,   12:37:41   
31-Mar-19,   12:37:41   
31-Mar-19,   12:37:42   
31-Mar-19,   12:37:42   
31-Mar-19,   12:37:42   
31-Mar-19,   12:37:42   
31-Mar-19,   12:37:42   
31-Mar-19,   12:37:42   
31-Mar-19,   12:37:42   
31-Mar-19,   12:37:42   
31-Mar-19,   12:37:42   
31-Mar-19,   12:37:42   
31-Mar-19,   12:37:43   
31-Mar-19,   12:37:43   
31-Mar-19,   12:37:43   
31-Mar-19,   12:37:43   
31-Mar-19,   12:37:43   
31-Mar-19,   12:37:43   
31-Mar-19,   12:37:43   
31-Mar-19,   12:37:43   
31-Mar-19,   12:37:43   
31-Mar-19,   12:37:43   
31-Mar-19,   12:37:44   
31-Mar-19,   12:37:44   
31-Mar-19,   12:37:44   
31-Mar-19,   12:37:44   
31-Mar-19,   12:37:44   
31-Mar-19,   12:37:44   
31-Mar-19,   12:37:44   
31-Mar-19,   12:37:44   
31-Mar-19,   12:37:44   
31-Mar-19,   12:37:44   
31-Mar-19,   12:37:44   
31-Mar-19,   12:37:45   
31-Mar-19,   12:37:45   
31-Mar-19,   12:37:45   
31-Mar-19,   12:37:45   
31-Mar-19,   12:37:45   
31-Mar-19,   12:37:45   
31-Mar-19,   12:37:45   
31-Mar-19,   12:37:45   
31-Mar-19,   12:37:45   
31-Mar-19,   12:37:45   
31-Mar-19,   12:37:46   
31-Mar-19,   12:37:46   
31-Mar-19,   12:37:46   
31-Mar-19,   12:37:46   
31-Mar-19,   12:37:46   
31-Mar-19,   12:37:46   
31-Mar-19,   12:37:46   
31-Mar-19,   12:37:46   
31-Mar-19,   12:37:46   
31-Mar-19,   12:37:46   
31-Mar-19,   12:37:47   
31-Mar-19,   12:37:47   
31-Mar-19,   12:37:47   
31-Mar-19,   12:37:47   
31-Mar-19,   12:37:47   
31-Mar-19,   12:37:47   
31-Mar-19,   12:37:47   
31-Mar-19,   12:37:47   
31-Mar-19,   12:37:47   
31-Mar-19,   12:37:47   
31-Mar-19,   12:37:47   
31-Mar-19,   12:37:47   
31-Mar-19,   12:37:48   
31-Mar-19,   12:37:48   
31-Mar-19,   12:37:48   
31-Mar-19,   12:37:48   
31-Mar-19,   12:37:48   
31-Mar-19,   12:37:48   
31-Mar-19,   12:37:48   
31-Mar-19,   12:37:48   
31-Mar-19,   12:37:48   
31-Mar-19,   12:37:48   
31-Mar-19,   12:37:48   
31-Mar-19,   12:37:48   
31-Mar-19,   12:37:49   
31-Mar-19,   12:37:49   
31-Mar-19,   12:37:49   
31-Mar-19,   12:37:49   
31-Mar-19,   12:37:49   
31-Mar-19,   12:37:49   
31-Mar-19,   12:37:49   
31-Mar-19,   12:37:49   
31-Mar-19,   12:37:49   
31-Mar-19,   12:37:49   
31-Mar-19,   12:37:49   
31-Mar-19,   12:37:49   
31-Mar-19,   12:37:50   
31-Mar-19,   12:37:50   
31-Mar-19,   12:37:50   
31-Mar-19,   12:37:50   
31-Mar-19,   12:37:50   
31-Mar-19,   12:37:50   
31-Mar-19,   12:37:50   
31-Mar-19,   12:37:50   
31-Mar-19,   12:37:50   
31-Mar-19,   12:37:50   
31-Mar-19,   12:37:50   
31-Mar-19,   12:37:51   
31-Mar-19,   12:37:51   
31-Mar-19,   12:37:51   
31-Mar-19,   12:37:51   
31-Mar-19,   12:37:51   
31-Mar-19,   12:37:51   
31-Mar-19,   12:37:51   
31-Mar-19,   12:37:51   
31-Mar-19,   12:37:51   
31-Mar-19,   12:37:51   
31-Mar-19,   12:37:51   
31-Mar-19,   12:37:51   
31-Mar-19,   12:37:52   
31-Mar-19,   12:37:52   
31-Mar-19,   12:37:52   
31-Mar-19,   12:37:52   
31-Mar-19,   12:37:52   
31-Mar-19,   12:37:52   
31-Mar-19,   12:37:52   
31-Mar-19,   12:37:52   
31-Mar-19,   12:37:52   
31-Mar-19,   12:37:52   
31-Mar-19,   12:37:52   
31-Mar-19,   12:37:53   
31-Mar-19,   12:37:53   
31-Mar-19,   12:37:53   
31-Mar-19,   12:37:53   
31-Mar-19,   12:37:53   
31-Mar-19,   12:37:53   
31-Mar-19,   12:37:53   
31-Mar-19,   12:37:53   
31-Mar-19,   12:37:53   
31-Mar-19,   12:37:53   
31-Mar-19,   12:37:54   
31-Mar-19,   12:37:54   
31-Mar-19,   12:37:54   
31-Mar-19,   12:37:54   
31-Mar-19,   12:37:54   
31-Mar-19,   12:37:54   
31-Mar-19,   12:37:54   
31-Mar-19,   12:37:54   
31-Mar-19,   12:37:54   
31-Mar-19,   12:37:54   
31-Mar-19,   12:37:55   
31-Mar-19,   12:37:55   
31-Mar-19,   12:37:55   
31-Mar-19,   12:37:55   
31-Mar-19,   12:37:55   
31-Mar-19,   12:37:55   
31-Mar-19,   12:37:55   
31-Mar-19,   12:37:55   
31-Mar-19,   12:37:55   
31-Mar-19,   12:37:55   
31-Mar-19,   12:37:55   
31-Mar-19,   12:37:56   
31-Mar-19,   12:37:56   
31-Mar-19,   12:37:56   
31-Mar-19,   12:37:56   
31-Mar-19,   12:37:56   
31-Mar-19,   12:37:56   
31-Mar-19,   12:37:56   
31-Mar-19,   12:37:56   
31-Mar-19,   12:37:56   
31-Mar-19,   12:37:56   
31-Mar-19,   12:37:57   
31-Mar-19,   12:37:57   
31-Mar-19,   12:37:57   
31-Mar-19,   12:37:57   
31-Mar-19,   12:37:57   
31-Mar-19,   12:37:57   
31-Mar-19,   12:37:57   
31-Mar-19,   12:37:57   
31-Mar-19,   12:37:57   
31-Mar-19,   12:37:57   
31-Mar-19,   12:37:57   
31-Mar-19,   12:37:57   
31-Mar-19,   12:37:57   
31-Mar-19,   12:37:58   
31-Mar-19,   12:37:58   
31-Mar-19,   12:37:58   
31-Mar-19,   12:37:58   
31-Mar-19,   12:37:58   
31-Mar-19,   12:37:58   
31-Mar-19,   12:37:58   
31-Mar-19,   12:37:58   
31-Mar-19,   12:37:58   
31-Mar-19,   12:37:58   
31-Mar-19,   12:37:58   
31-Mar-19,   12:37:58   
31-Mar-19,   12:37:59   
31-Mar-19,   12:37:59   
31-Mar-19,   12:37:59   
31-Mar-19,   12:37:59   
31-Mar-19,   12:37:59   
31-Mar-19,   12:37:59   
31-Mar-19,   12:37:59   
31-Mar-19,   12:37:59   
31-Mar-19,   12:37:59   
31-Mar-19,   12:37:59   
31-Mar-19,   12:37:59   
31-Mar-19,   12:37:59   
31-Mar-19,   12:37:59   
31-Mar-19,   12:38:00   
31-Mar-19,   12:38:00   
31-Mar-19,   12:38:00   
31-Mar-19,   12:38:00   
31-Mar-19,   12:38:00   
31-Mar-19,   12:38:00   
31-Mar-19,   12:38:00   
31-Mar-19,   12:38:00   
31-Mar-19,   12:38:00   
31-Mar-19,   12:38:00   
31-Mar-19,   12:38:00   
31-Mar-19,   12:38:00   
31-Mar-19,   12:38:00   
31-Mar-19,   12:38:01   
31-Mar-19,   12:38:01   
31-Mar-19,   12:38:01   
31-Mar-19,   12:38:01   
31-Mar-19,   12:38:01   
31-Mar-19,   12:38:01   
31-Mar-19,   12:38:01   
31-Mar-19,   12:38:01   
31-Mar-19,   12:38:01   
31-Mar-19,   12:38:01   
31-Mar-19,   12:38:01   
31-Mar-19,   12:38:01   
31-Mar-19,   12:38:02   
31-Mar-19,   12:38:02   
31-Mar-19,   12:38:02   
31-Mar-19,   12:38:02   
31-Mar-19,   12:38:02   
31-Mar-19,   12:38:02   
31-Mar-19,   12:38:02   
31-Mar-19,   12:38:02   
31-Mar-19,   12:38:02   
31-Mar-19,   12:38:02   
31-Mar-19,   12:38:02   
31-Mar-19,   12:38:02   
31-Mar-19,   12:38:02   
31-Mar-19,   12:38:02   
31-Mar-19,   12:38:02   
31-Mar-19,   12:38:03   
31-Mar-19,   12:38:03   
31-Mar-19,   12:38:03   
31-Mar-19,   12:38:03   
31-Mar-19,   12:38:03   
31-Mar-19,   12:38:03   
31-Mar-19,   12:38:03   
31-Mar-19,   12:38:03   
31-Mar-19,   12:38:03   
31-Mar-19,   12:38:03   
31-Mar-19,   12:38:03   
31-Mar-19,   12:38:03   
31-Mar-19,   12:38:03   
31-Mar-19,   12:38:03   
31-Mar-19,   12:38:04   
31-Mar-19,   12:38:04   
31-Mar-19,   12:38:04   
31-Mar-19,   12:38:04   
31-Mar-19,   12:38:04   
31-Mar-19,   12:38:04   
31-Mar-19,   12:38:04   
31-Mar-19,   12:38:04   
31-Mar-19,   12:38:04   
31-Mar-19,   12:38:04   
31-Mar-19,   12:38:05   
31-Mar-19,   12:38:05   
31-Mar-19,   12:38:05   
31-Mar-19,   12:38:05   
31-Mar-19,   12:38:05   
31-Mar-19,   12:38:05   
31-Mar-19,   12:38:05   
31-Mar-19,   12:38:05   
31-Mar-19,   12:38:05   
31-Mar-19,   12:38:05   
31-Mar-19,   12:38:05   
31-Mar-19,   12:38:05   
31-Mar-19,   12:38:06   
31-Mar-19,   12:38:06   
31-Mar-19,   12:38:06   
31-Mar-19,   12:38:06   
31-Mar-19,   12:38:06   
31-Mar-19,   12:38:06   
31-Mar-19,   12:38:06   
31-Mar-19,   12:38:06   
31-Mar-19,   12:38:06   
31-Mar-19,   12:38:06   
31-Mar-19,   12:38:06   
31-Mar-19,   12:38:06   
31-Mar-19,   12:38:06   
31-Mar-19,   12:38:07   
31-Mar-19,   12:38:07   
31-Mar-19,   12:38:07   
31-Mar-19,   12:38:07   
31-Mar-19,   12:38:07   
31-Mar-19,   12:38:07   
31-Mar-19,   12:38:07   
31-Mar-19,   12:38:07   
31-Mar-19,   12:38:07   
31-Mar-19,   12:38:07   
31-Mar-19,   12:38:07   
31-Mar-19,   12:38:07   
31-Mar-19,   12:38:07   
31-Mar-19,   12:38:07   
31-Mar-19,   12:38:07   
31-Mar-19,   12:38:07   
31-Mar-19,   12:38:08   
31-Mar-19,   12:38:08   
31-Mar-19,   12:38:08   
31-Mar-19,   12:38:08   
31-Mar-19,   12:38:08   
31-Mar-19,   12:38:08   
31-Mar-19,   12:38:08   
31-Mar-19,   12:38:08   
31-Mar-19,   12:38:08   
31-Mar-19,   12:38:08   
31-Mar-19,   12:38:08   
31-Mar-19,   12:38:08   
31-Mar-19,   12:38:08   
31-Mar-19,   12:38:08   
31-Mar-19,   12:38:09   
31-Mar-19,   12:38:09   
31-Mar-19,   12:38:09   
31-Mar-19,   12:38:09   
31-Mar-19,   12:38:09   
31-Mar-19,   12:38:09   
31-Mar-19,   12:38:09   
31-Mar-19,   12:38:09   
31-Mar-19,   12:38:09   
31-Mar-19,   12:38:09   
31-Mar-19,   12:38:09   
31-Mar-19,   12:38:09   
31-Mar-19,   12:38:09   
31-Mar-19,   12:38:09   
31-Mar-19,   12:38:10   
31-Mar-19,   12:38:10   
31-Mar-19,   12:38:10   
31-Mar-19,   12:38:10   
31-Mar-19,   12:38:10   
31-Mar-19,   12:38:10   
31-Mar-19,   12:38:10   
31-Mar-19,   12:38:10   
31-Mar-19,   12:38:10   
31-Mar-19,   12:38:10   
31-Mar-19,   12:38:10   
31-Mar-19,   12:38:10   
31-Mar-19,   12:38:10   
31-Mar-19,   12:38:10   
31-Mar-19,   12:38:10   
31-Mar-19,   12:38:10   
31-Mar-19,   12:38:11   
31-Mar-19,   12:38:11   
31-Mar-19,   12:38:11   
31-Mar-19,   12:38:11   
31-Mar-19,   12:38:11   
31-Mar-19,   12:38:11   
31-Mar-19,   12:38:11   
31-Mar-19,   12:38:11   
31-Mar-19,   12:38:11   
31-Mar-19,   12:38:11   
31-Mar-19,   12:38:11   
31-Mar-19,   12:38:11   
31-Mar-19,   12:38:11   
31-Mar-19,   12:38:12   
31-Mar-19,   12:38:12   
31-Mar-19,   12:38:12   
31-Mar-19,   12:38:12   
31-Mar-19,   12:38:12   
31-Mar-19,   12:38:12   
31-Mar-19,   12:38:12   
31-Mar-19,   12:38:12   
31-Mar-19,   12:38:12   
31-Mar-19,   12:38:12   
31-Mar-19,   12:38:12   
31-Mar-19,   12:38:12   
31-Mar-19,   12:38:12   
31-Mar-19,   12:38:12   
31-Mar-19,   12:38:12   
31-Mar-19,   12:38:12   
31-Mar-19,   12:38:13   
31-Mar-19,   12:38:13   
31-Mar-19,   12:38:13   
31-Mar-19,   12:38:13   
31-Mar-19,   12:38:13   
31-Mar-19,   12:38:13   
31-Mar-19,   12:38:13   
31-Mar-19,   12:38:13   
31-Mar-19,   12:38:13   
31-Mar-19,   12:38:13   
31-Mar-19,   12:38:13   
31-Mar-19,   12:38:13   
31-Mar-19,   12:38:13   
31-Mar-19,   12:38:13   
31-Mar-19,   12:38:13   
31-Mar-19,   12:38:13   
31-Mar-19,   12:38:14   
31-Mar-19,   12:38:14   
31-Mar-19,   12:38:14   
31-Mar-19,   12:38:14   
31-Mar-19,   12:38:14   
31-Mar-19,   12:38:14   
31-Mar-19,   12:38:14   
31-Mar-19,   12:38:14   
31-Mar-19,   12:38:14   
31-Mar-19,   12:38:14   
31-Mar-19,   12:38:14   
31-Mar-19,   12:38:14   
31-Mar-19,   12:38:14   
31-Mar-19,   12:38:14   
31-Mar-19,   12:38:14   
31-Mar-19,   12:38:14   
31-Mar-19,   12:38:15   
31-Mar-19,   12:38:15   
31-Mar-19,   12:38:15   
31-Mar-19,   12:38:15   
31-Mar-19,   12:38:15   
31-Mar-19,   12:38:15   
31-Mar-19,   12:38:15   
31-Mar-19,   12:38:15   
31-Mar-19,   12:38:15   
31-Mar-19,   12:38:15   
31-Mar-19,   12:38:15   
31-Mar-19,   12:38:15   
31-Mar-19,   12:38:15   
31-Mar-19,   12:38:15   
31-Mar-19,   12:38:15   
31-Mar-19,   12:38:16   
31-Mar-19,   12:38:16   
31-Mar-19,   12:38:16   
31-Mar-19,   12:38:16   
31-Mar-19,   12:38:16   
31-Mar-19,   12:38:16   
31-Mar-19,   12:38:16   
31-Mar-19,   12:38:16   
31-Mar-19,   12:38:16   
31-Mar-19,   12:38:16   
31-Mar-19,   12:38:16   
31-Mar-19,   12:38:16   
31-Mar-19,   12:38:16   
31-Mar-19,   12:38:16   
31-Mar-19,   12:38:17   
31-Mar-19,   12:38:17   
31-Mar-19,   12:38:17   
31-Mar-19,   12:38:17   
31-Mar-19,   12:38:17   
31-Mar-19,   12:38:17   
31-Mar-19,   12:38:17   
31-Mar-19,   12:38:17   
31-Mar-19,   12:38:17   
31-Mar-19,   12:38:17   
31-Mar-19,   12:38:17   
31-Mar-19,   12:38:17   
31-Mar-19,   12:38:17   
31-Mar-19,   12:38:17   
31-Mar-19,   12:38:17   
31-Mar-19,   12:38:17   
31-Mar-19,   12:38:18   
31-Mar-19,   12:38:18   
31-Mar-19,   12:38:18   
31-Mar-19,   12:38:18   
31-Mar-19,   12:38:18   
31-Mar-19,   12:38:18   
31-Mar-19,   12:38:18   
31-Mar-19,   12:38:18   
31-Mar-19,   12:38:18   
31-Mar-19,   12:38:18   
31-Mar-19,   12:38:18   
31-Mar-19,   12:38:18   
31-Mar-19,   12:38:18   
31-Mar-19,   12:38:18   
31-Mar-19,   12:38:18   
31-Mar-19,   12:38:18   
31-Mar-19,   12:38:18   
31-Mar-19,   12:38:19   
31-Mar-19,   12:38:19   
31-Mar-19,   12:38:19   
31-Mar-19,   12:38:19   
31-Mar-19,   12:38:19   
31-Mar-19,   12:38:19   
31-Mar-19,   12:38:19   
31-Mar-19,   12:38:19   
31-Mar-19,   12:38:19   
31-Mar-19,   12:38:19   
31-Mar-19,   12:38:19   
31-Mar-19,   12:38:19   
31-Mar-19,   12:38:19   
31-Mar-19,   12:38:19   
31-Mar-19,   12:38:19   
31-Mar-19,   12:38:20   
31-Mar-19,   12:38:20   
31-Mar-19,   12:38:20   
31-Mar-19,   12:38:20   
31-Mar-19,   12:38:20   
31-Mar-19,   12:38:20   
31-Mar-19,   12:38:20   
31-Mar-19,   12:38:20   
31-Mar-19,   12:38:20   
31-Mar-19,   12:38:20   
31-Mar-19,   12:38:20   
31-Mar-19,   12:38:20   
31-Mar-19,   12:38:20   
31-Mar-19,   12:38:20   
31-Mar-19,   12:38:20   
31-Mar-19,   12:38:21   
31-Mar-19,   12:38:21   
31-Mar-19,   12:38:21   
31-Mar-19,   12:38:21   
31-Mar-19,   12:38:21   
31-Mar-19,   12:38:21   
31-Mar-19,   12:38:21   
31-Mar-19,   12:38:21   
31-Mar-19,   12:38:21   
31-Mar-19,   12:38:21   
31-Mar-19,   12:38:21   
31-Mar-19,   12:38:21   
31-Mar-19,   12:38:21   
31-Mar-19,   12:38:21   
31-Mar-19,   12:38:21   
31-Mar-19,   12:38:21   
31-Mar-19,   12:38:21   
31-Mar-19,   12:38:22   
31-Mar-19,   12:38:22   
31-Mar-19,   12:38:22   
31-Mar-19,   12:38:22   
31-Mar-19,   12:38:22   
31-Mar-19,   12:38:22   
31-Mar-19,   12:38:22   
31-Mar-19,   12:38:22   
31-Mar-19,   12:38:22   
31-Mar-19,   12:38:22   
31-Mar-19,   12:38:22   
31-Mar-19,   12:38:22   
31-Mar-19,   12:38:22   
31-Mar-19,   12:38:22   
31-Mar-19,   12:38:22   
31-Mar-19,   12:38:22   
31-Mar-19,   12:38:22   
31-Mar-19,   12:38:23   
31-Mar-19,   12:38:23   
31-Mar-19,   12:38:23   
31-Mar-19,   12:38:23   
31-Mar-19,   12:38:23   
31-Mar-19,   12:38:23   
31-Mar-19,   12:38:23   
31-Mar-19,   12:38:23   
31-Mar-19,   12:38:23   
31-Mar-19,   12:38:23   
31-Mar-19,   12:38:23   
31-Mar-19,   12:38:23   
31-Mar-19,   12:38:23   
31-Mar-19,   12:38:23   
31-Mar-19,   12:38:23   
31-Mar-19,   12:38:23   
31-Mar-19,   12:38:23   
31-Mar-19,   12:38:24   
31-Mar-19,   12:38:24   
31-Mar-19,   12:38:24   
31-Mar-19,   12:38:24   
31-Mar-19,   12:38:24   
31-Mar-19,   12:38:24   
31-Mar-19,   12:38:24   
31-Mar-19,   12:38:24   
31-Mar-19,   12:38:24   
31-Mar-19,   12:38:24   
31-Mar-19,   12:38:24   
31-Mar-19,   12:38:24   
31-Mar-19,   12:38:24   
31-Mar-19,   12:38:24   
31-Mar-19,   12:38:24   
31-Mar-19,   12:38:24   
31-Mar-19,   12:38:24   
31-Mar-19,   12:38:24   
31-Mar-19,   12:38:25   
31-Mar-19,   12:38:25   
31-Mar-19,   12:38:25   
31-Mar-19,   12:38:25   
31-Mar-19,   12:38:25   
31-Mar-19,   12:38:25   
31-Mar-19,   12:38:25   
31-Mar-19,   12:38:25   
31-Mar-19,   12:38:25   
31-Mar-19,   12:38:25   
31-Mar-19,   12:38:25   
31-Mar-19,   12:38:25   
31-Mar-19,   12:38:25   
31-Mar-19,   12:38:25   
31-Mar-19,   12:38:25   
31-Mar-19,   12:38:25   
31-Mar-19,   12:38:25   
31-Mar-19,   12:38:26   
31-Mar-19,   12:38:26   
31-Mar-19,   12:38:26   
31-Mar-19,   12:38:26   
31-Mar-19,   12:38:26   
31-Mar-19,   12:38:26   
31-Mar-19,   12:38:26   
31-Mar-19,   12:38:26   
31-Mar-19,   12:38:26   
31-Mar-19,   12:38:26   
31-Mar-19,   12:38:26   
31-Mar-19,   12:38:26   
31-Mar-19,   12:38:26   
31-Mar-19,   12:38:26   
31-Mar-19,   12:38:26   
31-Mar-19,   12:38:26   
31-Mar-19,   12:38:26   
31-Mar-19,   12:38:27   
31-Mar-19,   12:38:27   
31-Mar-19,   12:38:27   
31-Mar-19,   12:38:27   
31-Mar-19,   12:38:27   
31-Mar-19,   12:38:27   
31-Mar-19,   12:38:27   
31-Mar-19,   12:38:27   
31-Mar-19,   12:38:27   
31-Mar-19,   12:38:27   
31-Mar-19,   12:38:27   
31-Mar-19,   12:38:27   
31-Mar-19,   12:38:27   
31-Mar-19,   12:38:27   
31-Mar-19,   12:38:27   
31-Mar-19,   12:38:27   
31-Mar-19,   12:38:27   
31-Mar-19,   12:38:27   
31-Mar-19,   12:38:28   
31-Mar-19,   12:38:28   
31-Mar-19,   12:38:28   
31-Mar-19,   12:38:28   
31-Mar-19,   12:38:28   
31-Mar-19,   12:38:28   
31-Mar-19,   12:38:28   
31-Mar-19,   12:38:28   
31-Mar-19,   12:38:28   
31-Mar-19,   12:38:28   
31-Mar-19,   12:38:28   
31-Mar-19,   12:38:28   
31-Mar-19,   12:38:28   
31-Mar-19,   12:38:28   
31-Mar-19,   12:38:28   
31-Mar-19,   12:38:28   
31-Mar-19,   12:38:28   
31-Mar-19,   12:38:28   
31-Mar-19,   12:38:29   
31-Mar-19,   12:38:29   
31-Mar-19,   12:38:29   
31-Mar-19,   12:38:29   
31-Mar-19,   12:38:29   
31-Mar-19,   12:38:29   
31-Mar-19,   12:38:29   
31-Mar-19,   12:38:29   
31-Mar-19,   12:38:29   
31-Mar-19,   12:38:29   
31-Mar-19,   12:38:29   
31-Mar-19,   12:38:29   
31-Mar-19,   12:38:29   
31-Mar-19,   12:38:29   
31-Mar-19,   12:38:29   
31-Mar-19,   12:38:29   
31-Mar-19,   12:38:29   
31-Mar-19,   12:38:30   
31-Mar-19,   12:38:30   
31-Mar-19,   12:38:30   
31-Mar-19,   12:38:30   
31-Mar-19,   12:38:30   
31-Mar-19,   12:38:30   
31-Mar-19,   12:38:30   
31-Mar-19,   12:38:30   
31-Mar-19,   12:38:30   
31-Mar-19,   12:38:30   
31-Mar-19,   12:38:30   
31-Mar-19,   12:38:30   
31-Mar-19,   12:38:30   
31-Mar-19,   12:38:30   
31-Mar-19,   12:38:30   
31-Mar-19,   12:38:30   
31-Mar-19,   12:38:30   
31-Mar-19,   12:38:30   
31-Mar-19,   12:38:30   
31-Mar-19,   12:38:31   
31-Mar-19,   12:38:31   
31-Mar-19,   12:38:31   
31-Mar-19,   12:38:31   
31-Mar-19,   12:38:31   
31-Mar-19,   12:38:31   
31-Mar-19,   12:38:31   
31-Mar-19,   12:38:31   
31-Mar-19,   12:38:31   
31-Mar-19,   12:38:31   
31-Mar-19,   12:38:31   
31-Mar-19,   12:38:31   
31-Mar-19,   12:38:31   
31-Mar-19,   12:38:31   
31-Mar-19,   12:38:31   
31-Mar-19,   12:38:31   
31-Mar-19,   12:38:31   
31-Mar-19,   12:38:31   
31-Mar-19,   12:38:32   
31-Mar-19,   12:38:32   
31-Mar-19,   12:38:32   
31-Mar-19,   12:38:32   
31-Mar-19,   12:38:32   
31-Mar-19,   12:38:32   
31-Mar-19,   12:38:32   
31-Mar-19,   12:38:32   
31-Mar-19,   12:38:32   
31-Mar-19,   12:38:32   
31-Mar-19,   12:38:32   
31-Mar-19,   12:38:32   
31-Mar-19,   12:38:32   
31-Mar-19,   12:38:32   
31-Mar-19,   12:38:32   
31-Mar-19,   12:38:32   
31-Mar-19,   12:38:32   
31-Mar-19,   12:38:32   
31-Mar-19,   12:38:32   
31-Mar-19,   12:38:32   
31-Mar-19,   12:38:33   
31-Mar-19,   12:38:33   
31-Mar-19,   12:38:33   
31-Mar-19,   12:38:33   
31-Mar-19,   12:38:33   
31-Mar-19,   12:38:33   
31-Mar-19,   12:38:33   
31-Mar-19,   12:38:33   
31-Mar-19,   12:38:33   
31-Mar-19,   12:38:33   
31-Mar-19,   12:38:33   
31-Mar-19,   12:38:33   
31-Mar-19,   12:38:33   
31-Mar-19,   12:38:33   
31-Mar-19,   12:38:33   
31-Mar-19,   12:38:33   
31-Mar-19,   12:38:33   
31-Mar-19,   12:38:33   
31-Mar-19,   12:38:33   
31-Mar-19,   12:38:34   
31-Mar-19,   12:38:34   
31-Mar-19,   12:38:34   
31-Mar-19,   12:38:34   
31-Mar-19,   12:38:34   
31-Mar-19,   12:38:34   
31-Mar-19,   12:38:34   
31-Mar-19,   12:38:34   
31-Mar-19,   12:38:34   
31-Mar-19,   12:38:34   
31-Mar-19,   12:38:34   
31-Mar-19,   12:38:34   
31-Mar-19,   12:38:34   
31-Mar-19,   12:38:34   
31-Mar-19,   12:38:34   
31-Mar-19,   12:38:34   
31-Mar-19,   12:38:34   
31-Mar-19,   12:38:35   
31-Mar-19,   12:38:35   
31-Mar-19,   12:38:35   
31-Mar-19,   12:38:35   
31-Mar-19,   12:38:35   
31-Mar-19,   12:38:35   
31-Mar-19,   12:38:35   
31-Mar-19,   12:38:35   
31-Mar-19,   12:38:35   
31-Mar-19,   12:38:35   
31-Mar-19,   12:38:35   
31-Mar-19,   12:38:35   
31-Mar-19,   12:38:35   
31-Mar-19,   12:38:35   
31-Mar-19,   12:38:35   
31-Mar-19,   12:38:35   
31-Mar-19,   12:38:35   
31-Mar-19,   12:38:36   
31-Mar-19,   12:38:36   
31-Mar-19,   12:38:36   
31-Mar-19,   12:38:36   
31-Mar-19,   12:38:36   
31-Mar-19,   12:38:36   
31-Mar-19,   12:38:36   
31-Mar-19,   12:38:36   
31-Mar-19,   12:38:36   
31-Mar-19,   12:38:36   
31-Mar-19,   12:38:36   
31-Mar-19,   12:38:36   
31-Mar-19,   12:38:36   
31-Mar-19,   12:38:36   
31-Mar-19,   12:38:36   
31-Mar-19,   12:38:36   
31-Mar-19,   12:38:36   
31-Mar-19,   12:38:36   
31-Mar-19,   12:38:36   
31-Mar-19,   12:38:36   
31-Mar-19,   12:38:37   
31-Mar-19,   12:38:37   
31-Mar-19,   12:38:37   
31-Mar-19,   12:38:37   
31-Mar-19,   12:38:37   
31-Mar-19,   12:38:37   
31-Mar-19,   12:38:37   
31-Mar-19,   12:38:37   
31-Mar-19,   12:38:37   
31-Mar-19,   12:38:37   
31-Mar-19,   12:38:37   
31-Mar-19,   12:38:37   
31-Mar-19,   12:38:37   
31-Mar-19,   12:38:37   
31-Mar-19,   12:38:37   
31-Mar-19,   12:38:37   
31-Mar-19,   12:38:37   
31-Mar-19,   12:38:37   
31-Mar-19,   12:38:37   
31-Mar-19,   12:38:37   
31-Mar-19,   12:38:38   
31-Mar-19,   12:38:38   
31-Mar-19,   12:38:38   
31-Mar-19,   12:38:38   
31-Mar-19,   12:38:38   
31-Mar-19,   12:38:38   
31-Mar-19,   12:38:38   
31-Mar-19,   12:38:38   
31-Mar-19,   12:38:38   
31-Mar-19,   12:38:38   
31-Mar-19,   12:38:38   
31-Mar-19,   12:38:38   
31-Mar-19,   12:38:38   
31-Mar-19,   12:38:38   
31-Mar-19,   12:38:38   
31-Mar-19,   12:38:38   
31-Mar-19,   12:38:38   
31-Mar-19,   12:38:38   
31-Mar-19,   12:38:38   
31-Mar-19,   12:38:38   
31-Mar-19,   12:38:38   
31-Mar-19,   12:38:38   
31-Mar-19,   12:38:39   
31-Mar-19,   12:38:39   
31-Mar-19,   12:38:39   
31-Mar-19,   12:38:39   
31-Mar-19,   12:38:39   
31-Mar-19,   12:38:39   
31-Mar-19,   12:38:39   
31-Mar-19,   12:38:39   
31-Mar-19,   12:38:39   
31-Mar-19,   12:38:39   
31-Mar-19,   12:38:39   
31-Mar-19,   12:38:39   
31-Mar-19,   12:38:39   
31-Mar-19,   12:38:39   
31-Mar-19,   12:38:39   
31-Mar-19,   12:38:39   
31-Mar-19,   12:38:39   
31-Mar-19,   12:38:40   
31-Mar-19,   12:38:40   
31-Mar-19,   12:38:40   
31-Mar-19,   12:38:40   
31-Mar-19,   12:38:40   
31-Mar-19,   12:38:40   
31-Mar-19,   12:38:40   
31-Mar-19,   12:38:40   
31-Mar-19,   12:38:40   
31-Mar-19,   12:38:40   
31-Mar-19,   12:38:40   
31-Mar-19,   12:38:40   
31-Mar-19,   12:38:40   
31-Mar-19,   12:38:40   
31-Mar-19,   12:38:40   
31-Mar-19,   12:38:40   
31-Mar-19,   12:38:40   
31-Mar-19,   12:38:40   
31-Mar-19,   12:38:40   
31-Mar-19,   12:38:40   
31-Mar-19,   12:38:41   
31-Mar-19,   12:38:41   
31-Mar-19,   12:38:41   
31-Mar-19,   12:38:41   
31-Mar-19,   12:38:41   
31-Mar-19,   12:38:41   
31-Mar-19,   12:38:41   
31-Mar-19,   12:38:41   
31-Mar-19,   12:38:41   
31-Mar-19,   12:38:41   
31-Mar-19,   12:38:41   
31-Mar-19,   12:38:41   
31-Mar-19,   12:38:41   
31-Mar-19,   12:38:41   
31-Mar-19,   12:38:41   
31-Mar-19,   12:38:41   
31-Mar-19,   12:38:41   
31-Mar-19,   12:38:41   
31-Mar-19,   12:38:41   
31-Mar-19,   12:38:41   
31-Mar-19,   12:38:42   
31-Mar-19,   12:38:42   
31-Mar-19,   12:38:42   
31-Mar-19,   12:38:42   
31-Mar-19,   12:38:42   
31-Mar-19,   12:38:42   
31-Mar-19,   12:38:42   
31-Mar-19,   12:38:42   
31-Mar-19,   12:38:42   
31-Mar-19,   12:38:42   
31-Mar-19,   12:38:42   
31-Mar-19,   12:38:42   
31-Mar-19,   12:38:42   
31-Mar-19,   12:38:42   
31-Mar-19,   12:38:42   
31-Mar-19,   12:38:42   
31-Mar-19,   12:38:42   
31-Mar-19,   12:38:42   
31-Mar-19,   12:38:42   
31-Mar-19,   12:38:43   
31-Mar-19,   12:38:43   
31-Mar-19,   12:38:43   
31-Mar-19,   12:38:43   
31-Mar-19,   12:38:43   
31-Mar-19,   12:38:43   
31-Mar-19,   12:38:43   
31-Mar-19,   12:38:43   
31-Mar-19,   12:38:43   
31-Mar-19,   12:38:43   
31-Mar-19,   12:38:43   
31-Mar-19,   12:38:43   
31-Mar-19,   12:38:43   
31-Mar-19,   12:38:43   
31-Mar-19,   12:38:43   
31-Mar-19,   12:38:43   
31-Mar-19,   12:38:43   
31-Mar-19,   12:38:43   
31-Mar-19,   12:38:43   
31-Mar-19,   12:38:44   
31-Mar-19,   12:38:44   
31-Mar-19,   12:38:44   
31-Mar-19,   12:38:44   
31-Mar-19,   12:38:44   
31-Mar-19,   12:38:44   
31-Mar-19,   12:38:44   
31-Mar-19,   12:38:44   
31-Mar-19,   12:38:44   
31-Mar-19,   12:38:44   
31-Mar-19,   12:38:44   
31-Mar-19,   12:38:44   
31-Mar-19,   12:38:44   
31-Mar-19,   12:38:44   
31-Mar-19,   12:38:44   
31-Mar-19,   12:38:44   
31-Mar-19,   12:38:44   
31-Mar-19,   12:38:44   
31-Mar-19,   12:38:44   
31-Mar-19,   12:38:44   
31-Mar-19,   12:38:44   
31-Mar-19,   12:38:45   
31-Mar-19,   12:38:45   
31-Mar-19,   12:38:45   
31-Mar-19,   12:38:45   
31-Mar-19,   12:38:45   
31-Mar-19,   12:38:45   
31-Mar-19,   12:38:45   
31-Mar-19,   12:38:45   
31-Mar-19,   12:38:45   
31-Mar-19,   12:38:45   
31-Mar-19,   12:38:45   
31-Mar-19,   12:38:45   
31-Mar-19,   12:38:45   
31-Mar-19,   12:38:45   
31-Mar-19,   12:38:45   
31-Mar-19,   12:38:45   
31-Mar-19,   12:38:45   
31-Mar-19,   12:38:45   
31-Mar-19,   12:38:45   
31-Mar-19,   12:38:45   
31-Mar-19,   12:38:45   
31-Mar-19,   12:38:46   
31-Mar-19,   12:38:46   
31-Mar-19,   12:38:46   
31-Mar-19,   12:38:46   
31-Mar-19,   12:38:46   
31-Mar-19,   12:38:46   
31-Mar-19,   12:38:46   
31-Mar-19,   12:38:46   
31-Mar-19,   12:38:46   
31-Mar-19,   12:38:46   
31-Mar-19,   12:38:46   
31-Mar-19,   12:38:46   
31-Mar-19,   12:38:46   
31-Mar-19,   12:38:46   
31-Mar-19,   12:38:46   
31-Mar-19,   12:38:46   
31-Mar-19,   12:38:46   
31-Mar-19,   12:38:46   
31-Mar-19,   12:38:46   
31-Mar-19,   12:38:47   
31-Mar-19,   12:38:47   
31-Mar-19,   12:38:47   
31-Mar-19,   12:38:47   
31-Mar-19,   12:38:47   
31-Mar-19,   12:38:47   
31-Mar-19,   12:38:47   
31-Mar-19,   12:38:47   
31-Mar-19,   12:38:47   
31-Mar-19,   12:38:47   
31-Mar-19,   12:38:47   
31-Mar-19,   12:38:47   
31-Mar-19,   12:38:47   
31-Mar-19,   12:38:47   
31-Mar-19,   12:38:47   
31-Mar-19,   12:38:47   
31-Mar-19,   12:38:47   
31-Mar-19,   12:38:47   
31-Mar-19,   12:38:47   
31-Mar-19,   12:38:47   
31-Mar-19,   12:38:47   
31-Mar-19,   12:38:47   
31-Mar-19,   12:38:48   
31-Mar-19,   12:38:48   
31-Mar-19,   12:38:48   
31-Mar-19,   12:38:48   
31-Mar-19,   12:38:48   
31-Mar-19,   12:38:48   
31-Mar-19,   12:38:48   
31-Mar-19,   12:38:48   
31-Mar-19,   12:38:48   
31-Mar-19,   12:38:48   
31-Mar-19,   12:38:48   
31-Mar-19,   12:38:48   
31-Mar-19,   12:38:48   
31-Mar-19,   12:38:48   
31-Mar-19,   12:38:48   
31-Mar-19,   12:38:48   
31-Mar-19,   12:38:48   
31-Mar-19,   12:38:48   
31-Mar-19,   12:38:48   
31-Mar-19,   12:38:48   
31-Mar-19,   12:38:48   
31-Mar-19,   12:38:48   
31-Mar-19,   12:38:49   
31-Mar-19,   12:38:49   
31-Mar-19,   12:38:49   
31-Mar-19,   12:38:49   
31-Mar-19,   12:38:49   
31-Mar-19,   12:38:49   
31-Mar-19,   12:38:49   
31-Mar-19,   12:38:49   
31-Mar-19,   12:38:49   
31-Mar-19,   12:38:49   
31-Mar-19,   12:38:49   
31-Mar-19,   12:38:49   
31-Mar-19,   12:38:49   
31-Mar-19,   12:38:49   
31-Mar-19,   12:38:49   
31-Mar-19,   12:38:49   
31-Mar-19,   12:38:49   
31-Mar-19,   12:38:49   
31-Mar-19,   12:38:49   
31-Mar-19,   12:38:49   
31-Mar-19,   12:38:49   
31-Mar-19,   12:38:50   
31-Mar-19,   12:38:50   
31-Mar-19,   12:38:50   
31-Mar-19,   12:38:50   
31-Mar-19,   12:38:50   
31-Mar-19,   12:38:50   
31-Mar-19,   12:38:50   
31-Mar-19,   12:38:50   
31-Mar-19,   12:38:50   
31-Mar-19,   12:38:50   
31-Mar-19,   12:38:50   
31-Mar-19,   12:38:50   
31-Mar-19,   12:38:50   
31-Mar-19,   12:38:50   
31-Mar-19,   12:38:50   
31-Mar-19,   12:38:50   
31-Mar-19,   12:38:50   
31-Mar-19,   12:38:50   
31-Mar-19,   12:38:50   
31-Mar-19,   12:38:50   
31-Mar-19,   12:38:51   
31-Mar-19,   12:38:51   
31-Mar-19,   12:38:51   
31-Mar-19,   12:38:51   
31-Mar-19,   12:38:51   
31-Mar-19,   12:38:51   
31-Mar-19,   12:38:51   
31-Mar-19,   12:38:51   
31-Mar-19,   12:38:51   
31-Mar-19,   12:38:51   
31-Mar-19,   12:38:51   
31-Mar-19,   12:38:51   
31-Mar-19,   12:38:51   
31-Mar-19,   12:38:51   
31-Mar-19,   12:38:51   
31-Mar-19,   12:38:51   
31-Mar-19,   12:38:51   
31-Mar-19,   12:38:51   
31-Mar-19,   12:38:52   
31-Mar-19,   12:38:52   
31-Mar-19,   12:38:52   
31-Mar-19,   12:38:52   
31-Mar-19,   12:38:52   
31-Mar-19,   12:38:52   
31-Mar-19,   12:38:52   
31-Mar-19,   12:38:52   
31-Mar-19,   12:38:52   
31-Mar-19,   12:38:52   
31-Mar-19,   12:38:52   
31-Mar-19,   12:38:52   
31-Mar-19,   12:38:52   
31-Mar-19,   12:38:52   
31-Mar-19,   12:38:52   
31-Mar-19,   12:38:52   
31-Mar-19,   12:38:52   
31-Mar-19,   12:38:52   
31-Mar-19,   12:38:52   
31-Mar-19,   12:38:52   
31-Mar-19,   12:38:52   
31-Mar-19,   12:38:52   
31-Mar-19,   12:38:52   
31-Mar-19,   12:38:52   
31-Mar-19,   12:38:53   
31-Mar-19,   12:38:53   
31-Mar-19,   12:38:53   
31-Mar-19,   12:38:53   
31-Mar-19,   12:38:53   
31-Mar-19,   12:38:53   
31-Mar-19,   12:38:53   
31-Mar-19,   12:38:53   
31-Mar-19,   12:38:53   
31-Mar-19,   12:38:53   
31-Mar-19,   12:38:53   
31-Mar-19,   12:38:53   
31-Mar-19,   12:38:53   
31-Mar-19,   12:38:53   
31-Mar-19,   12:38:53   
31-Mar-19,   12:38:53   
31-Mar-19,   12:38:53   
31-Mar-19,   12:38:53   
31-Mar-19,   12:38:53   
31-Mar-19,   12:38:53   
31-Mar-19,   12:38:54   
31-Mar-19,   12:38:54   
31-Mar-19,   12:38:54   
31-Mar-19,   12:38:54   
31-Mar-19,   12:38:54   
31-Mar-19,   12:38:54   
31-Mar-19,   12:38:54   
31-Mar-19,   12:38:54   
31-Mar-19,   12:38:54   
31-Mar-19,   12:38:54   
31-Mar-19,   12:38:54   
31-Mar-19,   12:38:54   
31-Mar-19,   12:38:54   
31-Mar-19,   12:38:54   
31-Mar-19,   12:38:54   
31-Mar-19,   12:38:54   
31-Mar-19,   12:38:54   
31-Mar-19,   12:38:54   
31-Mar-19,   12:38:54   
31-Mar-19,   12:38:54   
31-Mar-19,   12:38:54   
31-Mar-19,   12:38:54   
31-Mar-19,   12:38:55   
31-Mar-19,   12:38:55   
31-Mar-19,   12:38:55   
31-Mar-19,   12:38:55   
31-Mar-19,   12:38:55   
31-Mar-19,   12:38:55   
31-Mar-19,   12:38:55   
31-Mar-19,   12:38:55   
31-Mar-19,   12:38:55   
31-Mar-19,   12:38:55   
31-Mar-19,   12:38:55   
31-Mar-19,   12:38:55   
31-Mar-19,   12:38:55   
31-Mar-19,   12:38:55   
31-Mar-19,   12:38:55   
31-Mar-19,   12:38:55   
31-Mar-19,   12:38:55   
31-Mar-19,   12:38:55   
31-Mar-19,   12:38:55   
31-Mar-19,   12:38:55   
31-Mar-19,   12:38:55   
31-Mar-19,   12:38:55   
31-Mar-19,   12:38:55   
31-Mar-19,   12:38:56   
31-Mar-19,   12:38:56   
31-Mar-19,   12:38:56   
31-Mar-19,   12:38:56   
31-Mar-19,   12:38:56   
31-Mar-19,   12:38:56   
31-Mar-19,   12:38:56   
31-Mar-19,   12:38:56   
31-Mar-19,   12:38:56   
31-Mar-19,   12:38:56   
31-Mar-19,   12:38:56   
31-Mar-19,   12:38:56   
31-Mar-19,   12:38:56   
31-Mar-19,   12:38:56   
31-Mar-19,   12:38:56   
31-Mar-19,   12:38:56   
31-Mar-19,   12:38:56   
31-Mar-19,   12:38:56   
31-Mar-19,   12:38:56   
31-Mar-19,   12:38:56   
31-Mar-19,   12:38:56   
31-Mar-19,   12:38:56   
31-Mar-19,   12:38:57   
31-Mar-19,   12:38:57   
31-Mar-19,   12:38:57   
31-Mar-19,   12:38:57   
31-Mar-19,   12:38:57   
31-Mar-19,   12:38:57   
31-Mar-19,   12:38:57   
31-Mar-19,   12:38:57   
31-Mar-19,   12:38:57   
31-Mar-19,   12:38:57   
31-Mar-19,   12:38:57   
31-Mar-19,   12:38:57   
31-Mar-19,   12:38:57   
31-Mar-19,   12:38:57   
31-Mar-19,   12:38:57   
31-Mar-19,   12:38:57   
31-Mar-19,   12:38:57   
31-Mar-19,   12:38:57   
31-Mar-19,   12:38:57   
31-Mar-19,   12:38:57   
31-Mar-19,   12:38:57   
31-Mar-19,   12:38:57   
31-Mar-19,   12:38:57   
31-Mar-19,   12:38:57   
31-Mar-19,   12:38:58   
31-Mar-19,   12:38:58   
31-Mar-19,   12:38:58   
31-Mar-19,   12:38:58   
31-Mar-19,   12:38:58   
31-Mar-19,   12:38:58   
31-Mar-19,   12:38:58   
31-Mar-19,   12:38:58   
31-Mar-19,   12:38:58   
31-Mar-19,   12:38:58   
31-Mar-19,   12:38:58   
31-Mar-19,   12:38:58   
31-Mar-19,   12:38:58   
31-Mar-19,   12:38:58   
31-Mar-19,   12:38:58   
31-Mar-19,   12:38:58   
31-Mar-19,   12:38:58   
31-Mar-19,   12:38:58   
31-Mar-19,   12:38:58   
31-Mar-19,   12:38:59   
31-Mar-19,   12:38:59   
31-Mar-19,   12:38:59   
31-Mar-19,   12:38:59   
31-Mar-19,   12:38:59   
31-Mar-19,   12:38:59   
31-Mar-19,   12:38:59   
31-Mar-19,   12:38:59   
31-Mar-19,   12:38:59   
31-Mar-19,   12:38:59   
31-Mar-19,   12:38:59   
31-Mar-19,   12:38:59   
31-Mar-19,   12:38:59   
31-Mar-19,   12:38:59   
31-Mar-19,   12:38:59   
31-Mar-19,   12:38:59   
31-Mar-19,   12:38:59   
31-Mar-19,   12:38:59   
31-Mar-19,   12:38:59   
31-Mar-19,   12:38:59   
31-Mar-19,   12:39:00   
31-Mar-19,   12:39:00   
31-Mar-19,   12:39:00   
31-Mar-19,   12:39:00   
31-Mar-19,   12:39:00   
31-Mar-19,   12:39:00   
31-Mar-19,   12:39:00   
31-Mar-19,   12:39:00   
31-Mar-19,   12:39:00   
31-Mar-19,   12:39:00   
31-Mar-19,   12:39:00   
31-Mar-19,   12:39:00   
31-Mar-19,   12:39:00   
31-Mar-19,   12:39:00   
31-Mar-19,   12:39:00   
31-Mar-19,   12:39:00   
31-Mar-19,   12:39:00   
31-Mar-19,   12:39:00   
31-Mar-19,   12:39:00   
31-Mar-19,   12:39:00   
31-Mar-19,   12:39:01   
31-Mar-19,   12:39:01   
31-Mar-19,   12:39:01   
31-Mar-19,   12:39:01   
31-Mar-19,   12:39:01   
31-Mar-19,   12:39:01   
31-Mar-19,   12:39:01   
31-Mar-19,   12:39:01   
31-Mar-19,   12:39:01   
31-Mar-19,   12:39:01   
31-Mar-19,   12:39:01   
31-Mar-19,   12:39:01   
31-Mar-19,   12:39:01   
31-Mar-19,   12:39:01   
31-Mar-19,   12:39:01   
31-Mar-19,   12:39:01   
31-Mar-19,   12:39:01   
31-Mar-19,   12:39:01   
31-Mar-19,   12:39:01   
31-Mar-19,   12:39:01   
31-Mar-19,   12:39:01   
31-Mar-19,   12:39:01   
31-Mar-19,   12:39:02   
31-Mar-19,   12:39:02   
31-Mar-19,   12:39:02   
31-Mar-19,   12:39:02   
31-Mar-19,   12:39:02   
31-Mar-19,   12:39:02   
31-Mar-19,   12:39:02   
31-Mar-19,   12:39:02   
31-Mar-19,   12:39:02   
31-Mar-19,   12:39:02   
31-Mar-19,   12:39:02   
31-Mar-19,   12:39:02   
31-Mar-19,   12:39:02   
31-Mar-19,   12:39:02   
31-Mar-19,   12:39:02   
31-Mar-19,   12:39:02   
31-Mar-19,   12:39:02   
31-Mar-19,   12:39:02   
31-Mar-19,   12:39:02   
31-Mar-19,   12:39:02   
31-Mar-19,   12:39:02   
31-Mar-19,   12:39:02   
31-Mar-19,   12:39:02   
31-Mar-19,   12:39:02   
31-Mar-19,   12:39:03   
31-Mar-19,   12:39:03   
31-Mar-19,   12:39:03   
31-Mar-19,   12:39:03   
31-Mar-19,   12:39:03   
31-Mar-19,   12:39:03   
31-Mar-19,   12:39:03   
31-Mar-19,   12:39:03   
31-Mar-19,   12:39:03   
31-Mar-19,   12:39:03   
31-Mar-19,   12:39:03   
31-Mar-19,   12:39:03   
31-Mar-19,   12:39:03   
31-Mar-19,   12:39:03   
31-Mar-19,   12:39:03   
31-Mar-19,   12:39:03   
31-Mar-19,   12:39:03   
31-Mar-19,   12:39:03   
31-Mar-19,   12:39:03   
31-Mar-19,   12:39:03   
31-Mar-19,   12:39:03   
31-Mar-19,   12:39:03   
31-Mar-19,   12:39:04   
31-Mar-19,   12:39:04   
31-Mar-19,   12:39:04   
31-Mar-19,   12:39:04   
31-Mar-19,   12:39:04   
31-Mar-19,   12:39:04   
31-Mar-19,   12:39:04   
31-Mar-19,   12:39:04   
31-Mar-19,   12:39:04   
31-Mar-19,   12:39:04   
31-Mar-19,   12:39:04   
31-Mar-19,   12:39:04   
31-Mar-19,   12:39:04   
31-Mar-19,   12:39:04   
31-Mar-19,   12:39:04   
31-Mar-19,   12:39:04   
31-Mar-19,   12:39:04   
31-Mar-19,   12:39:04   
31-Mar-19,   12:39:04   
31-Mar-19,   12:39:04   
31-Mar-19,   12:39:04   
31-Mar-19,   12:39:04   
31-Mar-19,   12:39:04   
31-Mar-19,   12:39:05   
31-Mar-19,   12:39:05   
31-Mar-19,   12:39:05   
31-Mar-19,   12:39:05   
31-Mar-19,   12:39:05   
31-Mar-19,   12:39:05   
31-Mar-19,   12:39:05   
31-Mar-19,   12:39:05   
31-Mar-19,   12:39:05   
31-Mar-19,   12:39:05   
31-Mar-19,   12:39:05   
31-Mar-19,   12:39:05   
31-Mar-19,   12:39:05   
31-Mar-19,   12:39:05   
31-Mar-19,   12:39:05   
31-Mar-19,   12:39:05   
31-Mar-19,   12:39:05   
31-Mar-19,   12:39:05   
31-Mar-19,   12:39:05   
31-Mar-19,   12:39:05   
31-Mar-19,   12:39:05   
31-Mar-19,   12:39:05   
31-Mar-19,   12:39:06   
31-Mar-19,   12:39:06   
31-Mar-19,   12:39:06   
31-Mar-19,   12:39:06   
31-Mar-19,   12:39:06   
31-Mar-19,   12:39:06   
31-Mar-19,   12:39:06   
31-Mar-19,   12:39:06   
31-Mar-19,   12:39:06   
31-Mar-19,   12:39:06   
31-Mar-19,   12:39:06   
31-Mar-19,   12:39:06   
31-Mar-19,   12:39:06   
31-Mar-19,   12:39:06   
31-Mar-19,   12:39:06   
31-Mar-19,   12:39:06   
31-Mar-19,   12:39:06   
31-Mar-19,   12:39:06   
31-Mar-19,   12:39:06   
31-Mar-19,   12:39:06   
31-Mar-19,   12:39:06   
31-Mar-19,   12:39:06   
31-Mar-19,   12:39:06   
31-Mar-19,   12:39:07   
31-Mar-19,   12:39:07   
31-Mar-19,   12:39:07   
31-Mar-19,   12:39:07   
31-Mar-19,   12:39:07   
31-Mar-19,   12:39:07   
31-Mar-19,   12:39:07   
31-Mar-19,   12:39:07   
31-Mar-19,   12:39:07   
31-Mar-19,   12:39:07   
31-Mar-19,   12:39:07   
31-Mar-19,   12:39:07   
31-Mar-19,   12:39:07   
31-Mar-19,   12:39:07   
31-Mar-19,   12:39:07   
31-Mar-19,   12:39:07   
31-Mar-19,   12:39:07   
31-Mar-19,   12:39:07   
31-Mar-19,   12:39:07   
31-Mar-19,   12:39:07   
31-Mar-19,   12:39:07   
31-Mar-19,   12:39:07   
31-Mar-19,   12:39:07   
31-Mar-19,   12:39:07   
31-Mar-19,   12:39:07   
31-Mar-19,   12:39:08   
31-Mar-19,   12:39:08   
31-Mar-19,   12:39:08   
31-Mar-19,   12:39:08   
31-Mar-19,   12:39:08   
31-Mar-19,   12:39:08   
31-Mar-19,   12:39:08   
31-Mar-19,   12:39:08   
31-Mar-19,   12:39:08   
31-Mar-19,   12:39:08   
31-Mar-19,   12:39:08   
31-Mar-19,   12:39:08   
31-Mar-19,   12:39:08   
31-Mar-19,   12:39:08   
31-Mar-19,   12:39:08   
31-Mar-19,   12:39:08   
31-Mar-19,   12:39:08   
31-Mar-19,   12:39:08   
31-Mar-19,   12:39:08   
31-Mar-19,   12:39:08   
31-Mar-19,   12:39:08   
31-Mar-19,   12:39:08   
31-Mar-19,   12:39:08   
31-Mar-19,   12:39:08   
31-Mar-19,   12:39:08   
31-Mar-19,   12:39:09   
31-Mar-19,   12:39:09   
31-Mar-19,   12:39:09   
31-Mar-19,   12:39:09   
31-Mar-19,   12:39:09   
31-Mar-19,   12:39:09   
31-Mar-19,   12:39:09   
31-Mar-19,   12:39:09   
31-Mar-19,   12:39:09   
31-Mar-19,   12:39:09   
31-Mar-19,   12:39:09   
31-Mar-19,   12:39:09   
31-Mar-19,   12:39:09   
31-Mar-19,   12:39:09   
31-Mar-19,   12:39:09   
31-Mar-19,   12:39:09   
31-Mar-19,   12:39:09   
31-Mar-19,   12:39:09   
31-Mar-19,   12:39:09   
31-Mar-19,   12:39:09   
31-Mar-19,   12:39:09   
31-Mar-19,   12:39:09   
31-Mar-19,   12:39:09   
31-Mar-19,   12:39:10   
31-Mar-19,   12:39:10   
31-Mar-19,   12:39:10   
31-Mar-19,   12:39:10   
31-Mar-19,   12:39:10   
31-Mar-19,   12:39:10   
31-Mar-19,   12:39:10   
31-Mar-19,   12:39:10   
31-Mar-19,   12:39:10   
31-Mar-19,   12:39:10   
31-Mar-19,   12:39:10   
31-Mar-19,   12:39:10   
31-Mar-19,   12:39:10   
31-Mar-19,   12:39:10   
31-Mar-19,   12:39:10   
31-Mar-19,   12:39:10   
31-Mar-19,   12:39:10   
31-Mar-19,   12:39:10   
31-Mar-19,   12:39:10   
31-Mar-19,   12:39:10   
31-Mar-19,   12:39:10   
31-Mar-19,   12:39:10   
31-Mar-19,   12:39:10   
31-Mar-19,   12:39:10   
31-Mar-19,   12:39:11   
31-Mar-19,   12:39:11   
31-Mar-19,   12:39:11   
31-Mar-19,   12:39:11   
31-Mar-19,   12:39:11   
31-Mar-19,   12:39:11   
31-Mar-19,   12:39:11   
31-Mar-19,   12:39:11   
31-Mar-19,   12:39:11   
31-Mar-19,   12:39:11   
31-Mar-19,   12:39:11   
31-Mar-19,   12:39:11   
31-Mar-19,   12:39:11   
31-Mar-19,   12:39:11   
31-Mar-19,   12:39:11   
31-Mar-19,   12:39:11   
31-Mar-19,   12:39:11   
31-Mar-19,   12:39:11   
31-Mar-19,   12:39:11   
31-Mar-19,   12:39:11   
31-Mar-19,   12:39:11   
31-Mar-19,   12:39:11   
31-Mar-19,   12:39:11   
31-Mar-19,   12:39:11   
31-Mar-19,   12:39:12   
31-Mar-19,   12:39:12   
31-Mar-19,   12:39:12   
31-Mar-19,   12:39:12   
31-Mar-19,   12:39:12   
31-Mar-19,   12:39:12   
31-Mar-19,   12:39:12   
31-Mar-19,   12:39:12   
31-Mar-19,   12:39:12   
31-Mar-19,   12:39:12   
31-Mar-19,   12:39:12   
31-Mar-19,   12:39:12   
31-Mar-19,   12:39:12   
31-Mar-19,   12:39:12   
31-Mar-19,   12:39:12   
31-Mar-19,   12:39:12   
31-Mar-19,   12:39:12   
31-Mar-19,   12:39:12   
31-Mar-19,   12:39:13   
31-Mar-19,   12:39:13   
31-Mar-19,   12:39:13   
31-Mar-19,   12:39:13   
31-Mar-19,   12:39:13   
31-Mar-19,   12:39:13   
31-Mar-19,   12:39:13   
31-Mar-19,   12:39:13   
31-Mar-19,   12:39:13   
31-Mar-19,   12:39:13   
31-Mar-19,   12:39:13   
31-Mar-19,   12:39:13   
31-Mar-19,   12:39:13   
31-Mar-19,   12:39:13   
31-Mar-19,   12:39:13   
31-Mar-19,   12:39:13   
31-Mar-19,   12:39:13   
31-Mar-19,   12:39:13   
31-Mar-19,   12:39:13   
31-Mar-19,   12:39:13   
31-Mar-19,   12:39:13   
31-Mar-19,   12:39:13   
31-Mar-19,   12:39:13   
31-Mar-19,   12:39:13   
31-Mar-19,   12:39:14   
31-Mar-19,   12:39:14   
31-Mar-19,   12:39:14   
31-Mar-19,   12:39:14   
31-Mar-19,   12:39:14   
31-Mar-19,   12:39:14   
31-Mar-19,   12:39:14   
31-Mar-19,   12:39:14   
31-Mar-19,   12:39:14   
31-Mar-19,   12:39:14   
31-Mar-19,   12:39:14   
31-Mar-19,   12:39:14   
31-Mar-19,   12:39:14   
31-Mar-19,   12:39:14   
31-Mar-19,   12:39:14   
31-Mar-19,   12:39:14   
31-Mar-19,   12:39:14   
31-Mar-19,   12:39:14   
31-Mar-19,   12:39:14   
31-Mar-19,   12:39:14   
31-Mar-19,   12:39:14   
31-Mar-19,   12:39:14   
31-Mar-19,   12:39:14   
31-Mar-19,   12:39:15   
31-Mar-19,   12:39:15   
31-Mar-19,   12:39:15   
31-Mar-19,   12:39:15   
31-Mar-19,   12:39:15   
31-Mar-19,   12:39:15   
31-Mar-19,   12:39:15   
31-Mar-19,   12:39:15   
31-Mar-19,   12:39:15   
31-Mar-19,   12:39:15   
31-Mar-19,   12:39:15   
31-Mar-19,   12:39:15   
31-Mar-19,   12:39:15   
31-Mar-19,   12:39:15   
31-Mar-19,   12:39:15   
31-Mar-19,   12:39:15   
31-Mar-19,   12:39:15   
31-Mar-19,   12:39:15   
31-Mar-19,   12:39:15   
31-Mar-19,   12:39:15   
31-Mar-19,   12:39:15   
31-Mar-19,   12:39:15   
31-Mar-19,   12:39:15   
31-Mar-19,   12:39:15   
31-Mar-19,   12:39:15   
31-Mar-19,   12:39:16   
31-Mar-19,   12:39:16   
31-Mar-19,   12:39:16   
31-Mar-19,   12:39:16   
31-Mar-19,   12:39:16   
31-Mar-19,   12:39:16   
31-Mar-19,   12:39:16   
31-Mar-19,   12:39:16   
31-Mar-19,   12:39:16   
31-Mar-19,   12:39:16   
31-Mar-19,   12:39:16   
31-Mar-19,   12:39:16   
31-Mar-19,   12:39:16   
31-Mar-19,   12:39:16   
31-Mar-19,   12:39:16   
31-Mar-19,   12:39:16   
31-Mar-19,   12:39:16   
31-Mar-19,   12:39:16   
31-Mar-19,   12:39:16   
31-Mar-19,   12:39:16   
31-Mar-19,   12:39:17   
31-Mar-19,   12:39:17   
31-Mar-19,   12:39:17   
31-Mar-19,   12:39:17   
31-Mar-19,   12:39:17   
31-Mar-19,   12:39:17   
31-Mar-19,   12:39:17   
31-Mar-19,   12:39:17   
31-Mar-19,   12:39:17   
31-Mar-19,   12:39:17   
31-Mar-19,   12:39:17   
31-Mar-19,   12:39:17   
31-Mar-19,   12:39:17   
31-Mar-19,   12:39:17   
31-Mar-19,   12:39:17   
31-Mar-19,   12:39:17   
31-Mar-19,   12:39:17   
31-Mar-19,   12:39:17   
31-Mar-19,   12:39:17   
31-Mar-19,   12:39:17   
31-Mar-19,   12:39:17   
31-Mar-19,   12:39:17   
31-Mar-19,   12:39:17   
31-Mar-19,   12:39:17   
31-Mar-19,   12:39:17   
31-Mar-19,   12:39:17   
31-Mar-19,   12:39:17   
31-Mar-19,   12:39:18   
31-Mar-19,   12:39:18   
31-Mar-19,   12:39:18   
31-Mar-19,   12:39:18   
31-Mar-19,   12:39:18   
31-Mar-19,   12:39:18   
31-Mar-19,   12:39:18   
31-Mar-19,   12:39:18   
31-Mar-19,   12:39:18   
31-Mar-19,   12:39:18   
31-Mar-19,   12:39:18   
31-Mar-19,   12:39:18   
31-Mar-19,   12:39:18   
31-Mar-19,   12:39:18   
31-Mar-19,   12:39:18   
31-Mar-19,   12:39:18   
31-Mar-19,   12:39:18   
31-Mar-19,   12:39:18   
31-Mar-19,   12:39:18   
31-Mar-19,   12:39:18   
31-Mar-19,   12:39:18   
31-Mar-19,   12:39:18   
31-Mar-19,   12:39:18   
31-Mar-19,   12:39:18   
31-Mar-19,   12:39:18   
31-Mar-19,   12:39:18   
31-Mar-19,   12:39:18   
31-Mar-19,   12:39:19   
31-Mar-19,   12:39:19   
31-Mar-19,   12:39:19   
31-Mar-19,   12:39:19   
31-Mar-19,   12:39:19   
31-Mar-19,   12:39:19   
31-Mar-19,   12:39:19   
31-Mar-19,   12:39:19   
31-Mar-19,   12:39:19   
31-Mar-19,   12:39:19   
31-Mar-19,   12:39:19   
31-Mar-19,   12:39:19   
31-Mar-19,   12:39:19   
31-Mar-19,   12:39:19   
31-Mar-19,   12:39:19   
31-Mar-19,   12:39:19   
31-Mar-19,   12:39:19   
31-Mar-19,   12:39:19   
31-Mar-19,   12:39:19   
31-Mar-19,   12:39:19   
31-Mar-19,   12:39:19   
31-Mar-19,   12:39:19   
31-Mar-19,   12:39:20   
31-Mar-19,   12:39:20   
31-Mar-19,   12:39:20   
31-Mar-19,   12:39:20   
31-Mar-19,   12:39:20   
31-Mar-19,   12:39:20   
31-Mar-19,   12:39:20   
31-Mar-19,   12:39:20   
31-Mar-19,   12:39:20   
31-Mar-19,   12:39:20   
31-Mar-19,   12:39:20   
31-Mar-19,   12:39:20   
31-Mar-19,   12:39:20   
31-Mar-19,   12:39:20   
31-Mar-19,   12:39:20   
31-Mar-19,   12:39:20   
31-Mar-19,   12:39:20   
31-Mar-19,   12:39:20   
31-Mar-19,   12:39:20   
31-Mar-19,   12:39:20   
31-Mar-19,   12:39:20   
31-Mar-19,   12:39:20   
31-Mar-19,   12:39:20   
31-Mar-19,   12:39:20   
31-Mar-19,   12:39:20   
31-Mar-19,   12:39:20   
31-Mar-19,   12:39:20   
31-Mar-19,   12:39:21   
31-Mar-19,   12:39:21   
31-Mar-19,   12:39:21   
31-Mar-19,   12:39:21   
31-Mar-19,   12:39:21   
31-Mar-19,   12:39:21   
31-Mar-19,   12:39:21   
31-Mar-19,   12:39:21   
31-Mar-19,   12:39:21   
31-Mar-19,   12:39:21   
31-Mar-19,   12:39:21   
31-Mar-19,   12:39:21   
31-Mar-19,   12:39:21   
31-Mar-19,   12:39:21   
31-Mar-19,   12:39:21   
31-Mar-19,   12:39:21   
31-Mar-19,   12:39:21   
31-Mar-19,   12:39:21   
31-Mar-19,   12:39:21   
31-Mar-19,   12:39:21   
31-Mar-19,   12:39:21   
31-Mar-19,   12:39:21   
31-Mar-19,   12:39:21   
31-Mar-19,   12:39:21   
31-Mar-19,   12:39:21   
31-Mar-19,   12:39:21   
31-Mar-19,   12:39:21   
31-Mar-19,   12:39:21   
31-Mar-19,   12:39:22   
31-Mar-19,   12:39:22   
31-Mar-19,   12:39:22   
31-Mar-19,   12:39:22   
31-Mar-19,   12:39:22   
31-Mar-19,   12:39:22   
31-Mar-19,   12:39:22   
31-Mar-19,   12:39:22   
31-Mar-19,   12:39:22   
31-Mar-19,   12:39:22   
31-Mar-19,   12:39:22   
31-Mar-19,   12:39:22   
31-Mar-19,   12:39:22   
31-Mar-19,   12:39:22   
31-Mar-19,   12:39:22   
31-Mar-19,   12:39:22   
31-Mar-19,   12:39:22   
31-Mar-19,   12:39:22   
31-Mar-19,   12:39:22   
31-Mar-19,   12:39:22   
31-Mar-19,   12:39:22   
31-Mar-19,   12:39:22   
31-Mar-19,   12:39:22   
31-Mar-19,   12:39:23   
31-Mar-19,   12:39:23   
31-Mar-19,   12:39:23   
31-Mar-19,   12:39:23   
31-Mar-19,   12:39:23   
31-Mar-19,   12:39:23   
31-Mar-19,   12:39:23   
31-Mar-19,   12:39:23   
31-Mar-19,   12:39:23   
31-Mar-19,   12:39:23   
31-Mar-19,   12:39:23   
31-Mar-19,   12:39:23   
31-Mar-19,   12:39:23   
31-Mar-19,   12:39:23   
31-Mar-19,   12:39:23   
31-Mar-19,   12:39:23   
31-Mar-19,   12:39:23   
31-Mar-19,   12:39:23   
31-Mar-19,   12:39:23   
31-Mar-19,   12:39:23   
31-Mar-19,   12:39:23   
31-Mar-19,   12:39:23   
31-Mar-19,   12:39:23   
31-Mar-19,   12:39:23   
31-Mar-19,   12:39:23   
31-Mar-19,   12:39:23   
31-Mar-19,   12:39:24   
31-Mar-19,   12:39:24   
31-Mar-19,   12:39:24   
31-Mar-19,   12:39:24   
31-Mar-19,   12:39:24   
31-Mar-19,   12:39:24   
31-Mar-19,   12:39:24   
31-Mar-19,   12:39:24   
31-Mar-19,   12:39:24   
31-Mar-19,   12:39:24   
31-Mar-19,   12:39:24   
31-Mar-19,   12:39:24   
31-Mar-19,   12:39:24   
31-Mar-19,   12:39:24   
31-Mar-19,   12:39:24   
31-Mar-19,   12:39:24   
31-Mar-19,   12:39:24   
31-Mar-19,   12:39:24   
31-Mar-19,   12:39:24   
31-Mar-19,   12:39:24   
31-Mar-19,   12:39:24   
31-Mar-19,   12:39:24   
31-Mar-19,   12:39:24   
31-Mar-19,   12:39:24   
31-Mar-19,   12:39:24   
31-Mar-19,   12:39:24   
31-Mar-19,   12:39:25   
31-Mar-19,   12:39:25   
31-Mar-19,   12:39:25   
31-Mar-19,   12:39:25   
31-Mar-19,   12:39:25   
31-Mar-19,   12:39:25   
31-Mar-19,   12:39:25   
31-Mar-19,   12:39:25   
31-Mar-19,   12:39:25   
31-Mar-19,   12:39:25   
31-Mar-19,   12:39:25   
31-Mar-19,   12:39:25   
31-Mar-19,   12:39:25   
31-Mar-19,   12:39:25   
31-Mar-19,   12:39:25   
31-Mar-19,   12:39:25   
31-Mar-19,   12:39:25   
31-Mar-19,   12:39:25   
31-Mar-19,   12:39:25   
31-Mar-19,   12:39:25   
31-Mar-19,   12:39:25   
31-Mar-19,   12:39:25   
31-Mar-19,   12:39:25   
31-Mar-19,   12:39:25   
31-Mar-19,   12:39:25   
31-Mar-19,   12:39:25   
31-Mar-19,   12:39:25   
31-Mar-19,   12:39:26   
31-Mar-19,   12:39:26   
31-Mar-19,   12:39:26   
31-Mar-19,   12:39:26   
31-Mar-19,   12:39:26   
31-Mar-19,   12:39:26   
31-Mar-19,   12:39:26   
31-Mar-19,   12:39:26   
31-Mar-19,   12:39:26   
31-Mar-19,   12:39:26   
31-Mar-19,   12:39:26   
31-Mar-19,   12:39:26   
31-Mar-19,   12:39:26   
31-Mar-19,   12:39:26   
31-Mar-19,   12:39:26   
31-Mar-19,   12:39:26   
31-Mar-19,   12:39:26   
31-Mar-19,   12:39:26   
31-Mar-19,   12:39:26   
31-Mar-19,   12:39:26   
31-Mar-19,   12:39:26   
31-Mar-19,   12:39:26   
31-Mar-19,   12:39:26   
31-Mar-19,   12:39:26   
31-Mar-19,   12:39:26   
31-Mar-19,   12:39:26   
31-Mar-19,   12:39:26   
31-Mar-19,   12:39:26   
31-Mar-19,   12:39:26   
31-Mar-19,   12:39:27   
31-Mar-19,   12:39:27   
31-Mar-19,   12:39:27   
31-Mar-19,   12:39:27   
31-Mar-19,   12:39:27   
31-Mar-19,   12:39:27   
31-Mar-19,   12:39:27   
31-Mar-19,   12:39:27   
31-Mar-19,   12:39:27   
31-Mar-19,   12:39:27   
31-Mar-19,   12:39:27   
31-Mar-19,   12:39:27   
31-Mar-19,   12:39:27   
31-Mar-19,   12:39:27   
31-Mar-19,   12:39:27   
31-Mar-19,   12:39:27   
31-Mar-19,   12:39:27   
31-Mar-19,   12:39:27   
31-Mar-19,   12:39:27   
31-Mar-19,   12:39:27   
31-Mar-19,   12:39:27   
31-Mar-19,   12:39:27   
31-Mar-19,   12:39:27   
31-Mar-19,   12:39:27   
31-Mar-19,   12:39:27   
31-Mar-19,   12:39:27   
31-Mar-19,   12:39:27   
31-Mar-19,   12:39:27   
31-Mar-19,   12:39:28   
31-Mar-19,   12:39:28   
31-Mar-19,   12:39:28   
31-Mar-19,   12:39:28   
31-Mar-19,   12:39:28   
31-Mar-19,   12:39:28   
31-Mar-19,   12:39:28   
31-Mar-19,   12:39:28   
31-Mar-19,   12:39:28   
31-Mar-19,   12:39:28   
31-Mar-19,   12:39:28   
31-Mar-19,   12:39:28   
31-Mar-19,   12:39:28   
31-Mar-19,   12:39:28   
31-Mar-19,   12:39:28   
31-Mar-19,   12:39:28   
31-Mar-19,   12:39:28   
31-Mar-19,   12:39:28   
31-Mar-19,   12:39:28   
31-Mar-19,   12:39:28   
31-Mar-19,   12:39:28   
31-Mar-19,   12:39:28   
31-Mar-19,   12:39:28   
31-Mar-19,   12:39:28   
31-Mar-19,   12:39:28   
31-Mar-19,   12:39:28   
31-Mar-19,   12:39:28   
31-Mar-19,   12:39:29   
31-Mar-19,   12:39:29   
31-Mar-19,   12:39:29   
31-Mar-19,   12:39:29   
31-Mar-19,   12:39:29   
31-Mar-19,   12:39:29   
31-Mar-19,   12:39:29   
31-Mar-19,   12:39:29   
31-Mar-19,   12:39:29   
31-Mar-19,   12:39:29   
31-Mar-19,   12:39:29   
31-Mar-19,   12:39:29   
31-Mar-19,   12:39:29   
31-Mar-19,   12:39:29   
31-Mar-19,   12:39:29   
31-Mar-19,   12:39:29   
31-Mar-19,   12:39:29   
31-Mar-19,   12:39:29   
31-Mar-19,   12:39:29   
31-Mar-19,   12:39:29   
31-Mar-19,   12:39:29   
31-Mar-19,   12:39:29   
31-Mar-19,   12:39:29   
31-Mar-19,   12:39:29   
31-Mar-19,   12:39:29   
31-Mar-19,   12:39:29   
31-Mar-19,   12:39:30   
31-Mar-19,   12:39:30   
31-Mar-19,   12:39:30   
31-Mar-19,   12:39:30   
31-Mar-19,   12:39:30   
31-Mar-19,   12:39:30   
31-Mar-19,   12:39:30   
31-Mar-19,   12:39:30   
31-Mar-19,   12:39:30   
31-Mar-19,   12:39:30   
31-Mar-19,   12:39:30   
31-Mar-19,   12:39:30   
31-Mar-19,   12:39:30   
31-Mar-19,   12:39:30   
31-Mar-19,   12:39:30   
31-Mar-19,   12:39:30   
31-Mar-19,   12:39:30   
31-Mar-19,   12:39:30   
31-Mar-19,   12:39:30   
31-Mar-19,   12:39:30   
31-Mar-19,   12:39:30   
31-Mar-19,   12:39:30   
31-Mar-19,   12:39:30   
31-Mar-19,   12:39:30   
31-Mar-19,   12:39:30   
31-Mar-19,   12:39:30   
31-Mar-19,   12:39:31   
31-Mar-19,   12:39:31   
31-Mar-19,   12:39:31   
31-Mar-19,   12:39:31   
31-Mar-19,   12:39:31   
31-Mar-19,   12:39:31   
31-Mar-19,   12:39:31   
31-Mar-19,   12:39:31   
31-Mar-19,   12:39:31   
31-Mar-19,   12:39:31   
31-Mar-19,   12:39:31   
31-Mar-19,   12:39:31   
31-Mar-19,   12:39:31   
31-Mar-19,   12:39:31   
31-Mar-19,   12:39:31   
31-Mar-19,   12:39:31   
31-Mar-19,   12:39:31   
31-Mar-19,   12:39:31   
31-Mar-19,   12:39:31   
31-Mar-19,   12:39:31   
31-Mar-19,   12:39:31   
31-Mar-19,   12:39:31   
31-Mar-19,   12:39:31   
31-Mar-19,   12:39:31   
31-Mar-19,   12:39:31   
31-Mar-19,   12:39:31   
31-Mar-19,   12:39:31   
31-Mar-19,   12:39:31   
31-Mar-19,   12:39:31   
31-Mar-19,   12:39:31   
31-Mar-19,   12:39:31   
31-Mar-19,   12:39:32   
31-Mar-19,   12:39:32   
31-Mar-19,   12:39:32   
31-Mar-19,   12:39:32   
31-Mar-19,   12:39:32   
31-Mar-19,   12:39:32   
31-Mar-19,   12:39:32   
31-Mar-19,   12:39:32   
31-Mar-19,   12:39:32   
31-Mar-19,   12:39:32   
31-Mar-19,   12:39:32   
31-Mar-19,   12:39:32   
31-Mar-19,   12:39:32   
31-Mar-19,   12:39:32   
31-Mar-19,   12:39:32   
31-Mar-19,   12:39:32   
31-Mar-19,   12:39:32   
31-Mar-19,   12:39:32   
31-Mar-19,   12:39:32   
31-Mar-19,   12:39:32   
31-Mar-19,   12:39:32   
31-Mar-19,   12:39:32   
31-Mar-19,   12:39:32   
31-Mar-19,   12:39:32   
31-Mar-19,   12:39:32   
31-Mar-19,   12:39:32   
31-Mar-19,   12:39:32   
31-Mar-19,   12:39:32   
31-Mar-19,   12:39:32   
31-Mar-19,   12:39:32   
31-Mar-19,   12:39:33   
31-Mar-19,   12:39:33   
31-Mar-19,   12:39:33   
31-Mar-19,   12:39:33   
31-Mar-19,   12:39:33   
31-Mar-19,   12:39:33   
31-Mar-19,   12:39:33   
31-Mar-19,   12:39:33   
31-Mar-19,   12:39:33   
31-Mar-19,   12:39:33   
31-Mar-19,   12:39:33   
31-Mar-19,   12:39:33   
31-Mar-19,   12:39:33   
31-Mar-19,   12:39:33   
31-Mar-19,   12:39:33   
31-Mar-19,   12:39:33   
31-Mar-19,   12:39:33   
31-Mar-19,   12:39:33   
31-Mar-19,   12:39:33   
31-Mar-19,   12:39:33   
31-Mar-19,   12:39:33   
31-Mar-19,   12:39:33   
31-Mar-19,   12:39:33   
31-Mar-19,   12:39:33   
31-Mar-19,   12:39:33   
31-Mar-19,   12:39:33   
31-Mar-19,   12:39:34   
31-Mar-19,   12:39:34   
31-Mar-19,   12:39:34   
31-Mar-19,   12:39:34   
31-Mar-19,   12:39:34   
31-Mar-19,   12:39:34   
31-Mar-19,   12:39:34   
31-Mar-19,   12:39:34   
31-Mar-19,   12:39:34   
31-Mar-19,   12:39:34   
31-Mar-19,   12:39:34   
31-Mar-19,   12:39:34   
31-Mar-19,   12:39:34   
31-Mar-19,   12:39:34   
31-Mar-19,   12:39:34   
31-Mar-19,   12:39:34   
31-Mar-19,   12:39:34   
31-Mar-19,   12:39:34   
31-Mar-19,   12:39:34   
31-Mar-19,   12:39:34   
31-Mar-19,   12:39:34   
31-Mar-19,   12:39:34   
31-Mar-19,   12:39:34   
31-Mar-19,   12:39:34   
31-Mar-19,   12:39:34   
31-Mar-19,   12:39:34   
31-Mar-19,   12:39:34   
31-Mar-19,   12:39:34   
31-Mar-19,   12:39:35   
31-Mar-19,   12:39:35   
31-Mar-19,   12:39:35   
31-Mar-19,   12:39:35   
31-Mar-19,   12:39:35   
31-Mar-19,   12:39:35   
31-Mar-19,   12:39:35   
31-Mar-19,   12:39:35   
31-Mar-19,   12:39:35   
31-Mar-19,   12:39:35   
31-Mar-19,   12:39:35   
31-Mar-19,   12:39:35   
31-Mar-19,   12:39:35   
31-Mar-19,   12:39:35   
31-Mar-19,   12:39:35   
31-Mar-19,   12:39:35   
31-Mar-19,   12:39:35   
31-Mar-19,   12:39:35   
31-Mar-19,   12:39:35   
31-Mar-19,   12:39:35   
31-Mar-19,   12:39:35   
31-Mar-19,   12:39:35   
31-Mar-19,   12:39:35   
31-Mar-19,   12:39:35   
31-Mar-19,   12:39:35   
31-Mar-19,   12:39:35   
31-Mar-19,   12:39:35   
31-Mar-19,   12:39:35   
31-Mar-19,   12:39:35   
31-Mar-19,   12:39:36   
31-Mar-19,   12:39:36   
31-Mar-19,   12:39:36   
31-Mar-19,   12:39:36   
31-Mar-19,   12:39:36   
31-Mar-19,   12:39:36   
31-Mar-19,   12:39:36   
31-Mar-19,   12:39:36   
31-Mar-19,   12:39:36   
31-Mar-19,   12:39:36   
31-Mar-19,   12:39:36   
31-Mar-19,   12:39:36   
31-Mar-19,   12:39:36   
31-Mar-19,   12:39:36   
31-Mar-19,   12:39:36   
31-Mar-19,   12:39:36   
31-Mar-19,   12:39:36   
31-Mar-19,   12:39:36   
31-Mar-19,   12:39:36   
31-Mar-19,   12:39:36   
31-Mar-19,   12:39:36   
31-Mar-19,   12:39:36   
31-Mar-19,   12:39:36   
31-Mar-19,   12:39:36   
31-Mar-19,   12:39:37   
31-Mar-19,   12:39:37   
31-Mar-19,   12:39:37   
31-Mar-19,   12:39:37   
31-Mar-19,   12:39:37   
31-Mar-19,   12:39:37   
31-Mar-19,   12:39:37   
31-Mar-19,   12:39:37   
31-Mar-19,   12:39:37   
31-Mar-19,   12:39:37   
31-Mar-19,   12:39:37   
31-Mar-19,   12:39:37   
31-Mar-19,   12:39:37   
31-Mar-19,   12:39:37   
31-Mar-19,   12:39:37   
31-Mar-19,   12:39:37   
31-Mar-19,   12:39:37   
31-Mar-19,   12:39:37   
31-Mar-19,   12:39:37   
31-Mar-19,   12:39:37   
31-Mar-19,   12:39:37   
31-Mar-19,   12:39:37   
31-Mar-19,   12:39:37   
31-Mar-19,   12:39:37   
31-Mar-19,   12:39:37   
31-Mar-19,   12:39:37   
31-Mar-19,   12:39:37   
31-Mar-19,   12:39:37   
31-Mar-19,   12:39:38   
31-Mar-19,   12:39:38   
31-Mar-19,   12:39:38   
31-Mar-19,   12:39:38   
31-Mar-19,   12:39:38   
31-Mar-19,   12:39:38   
31-Mar-19,   12:39:38   
31-Mar-19,   12:39:38   
31-Mar-19,   12:39:38   
31-Mar-19,   12:39:38   
31-Mar-19,   12:39:38   
31-Mar-19,   12:39:38   
31-Mar-19,   12:39:38   
31-Mar-19,   12:39:38   
31-Mar-19,   12:39:38   
31-Mar-19,   12:39:38   
31-Mar-19,   12:39:38   
31-Mar-19,   12:39:38   
31-Mar-19,   12:39:38   
31-Mar-19,   12:39:38   
31-Mar-19,   12:39:38   
31-Mar-19,   12:39:38   
31-Mar-19,   12:39:38   
31-Mar-19,   12:39:38   
31-Mar-19,   12:39:38   
31-Mar-19,   12:39:38   
31-Mar-19,   12:39:38   
31-Mar-19,   12:39:38   
31-Mar-19,   12:39:39   
31-Mar-19,   12:39:39   
31-Mar-19,   12:39:39   
31-Mar-19,   12:39:39   
31-Mar-19,   12:39:39   
31-Mar-19,   12:39:39   
31-Mar-19,   12:39:39   
31-Mar-19,   12:39:39   
31-Mar-19,   12:39:39   
31-Mar-19,   12:39:39   
31-Mar-19,   12:39:39   
31-Mar-19,   12:39:39   
31-Mar-19,   12:39:39   
31-Mar-19,   12:39:39   
31-Mar-19,   12:39:39   
31-Mar-19,   12:39:39   
31-Mar-19,   12:39:39   
31-Mar-19,   12:39:39   
31-Mar-19,   12:39:39   
31-Mar-19,   12:39:39   
31-Mar-19,   12:39:39   
31-Mar-19,   12:39:39   
31-Mar-19,   12:39:39   
31-Mar-19,   12:39:39   
31-Mar-19,   12:39:39   
31-Mar-19,   12:39:39   
31-Mar-19,   12:39:39   
31-Mar-19,   12:39:39   
31-Mar-19,   12:39:39   
31-Mar-19,   12:39:39   
31-Mar-19,   12:39:40   
31-Mar-19,   12:39:40   
31-Mar-19,   12:39:40   
31-Mar-19,   12:39:40   
31-Mar-19,   12:39:40   
31-Mar-19,   12:39:40   
31-Mar-19,   12:39:40   
31-Mar-19,   12:39:40   
31-Mar-19,   12:39:40   
31-Mar-19,   12:39:40   
31-Mar-19,   12:39:40   
31-Mar-19,   12:39:40   
31-Mar-19,   12:39:40   
31-Mar-19,   12:39:40   
31-Mar-19,   12:39:40   
31-Mar-19,   12:39:40   
31-Mar-19,   12:39:40   
31-Mar-19,   12:39:40   
31-Mar-19,   12:39:40   
31-Mar-19,   12:39:40   
31-Mar-19,   12:39:40   
31-Mar-19,   12:39:40   
31-Mar-19,   12:39:40   
31-Mar-19,   12:39:40   
31-Mar-19,   12:39:40   
31-Mar-19,   12:39:40   
31-Mar-19,   12:39:41   
31-Mar-19,   12:39:41   
31-Mar-19,   12:39:41   
31-Mar-19,   12:39:41   
31-Mar-19,   12:39:41   
31-Mar-19,   12:39:41   
31-Mar-19,   12:39:41   
31-Mar-19,   12:39:41   
31-Mar-19,   12:39:41   
31-Mar-19,   12:39:41   
31-Mar-19,   12:39:41   
31-Mar-19,   12:39:41   
31-Mar-19,   12:39:41   
31-Mar-19,   12:39:41   
31-Mar-19,   12:39:41   
31-Mar-19,   12:39:41   
31-Mar-19,   12:39:41   
31-Mar-19,   12:39:41   
31-Mar-19,   12:39:41   
31-Mar-19,   12:39:41   
31-Mar-19,   12:39:41   
31-Mar-19,   12:39:41   
31-Mar-19,   12:39:41   
31-Mar-19,   12:39:41   
31-Mar-19,   12:39:41   
31-Mar-19,   12:39:41   
31-Mar-19,   12:39:42   
31-Mar-19,   12:39:42   
31-Mar-19,   12:39:42   
31-Mar-19,   12:39:42   
31-Mar-19,   12:39:42   
31-Mar-19,   12:39:42   
31-Mar-19,   12:39:42   
31-Mar-19,   12:39:42   
31-Mar-19,   12:39:42   
31-Mar-19,   12:39:42   
31-Mar-19,   12:39:42   
31-Mar-19,   12:39:42   
31-Mar-19,   12:39:42   
31-Mar-19,   12:39:42   
31-Mar-19,   12:39:42   
31-Mar-19,   12:39:42   
31-Mar-19,   12:39:42   
31-Mar-19,   12:39:42   
31-Mar-19,   12:39:42   
31-Mar-19,   12:39:42   
31-Mar-19,   12:39:42   
31-Mar-19,   12:39:42   
31-Mar-19,   12:39:42   
31-Mar-19,   12:39:42   
31-Mar-19,   12:39:42   
31-Mar-19,   12:39:43   
31-Mar-19,   12:39:43   
31-Mar-19,   12:39:43   
31-Mar-19,   12:39:43   
31-Mar-19,   12:39:43   
31-Mar-19,   12:39:43   
31-Mar-19,   12:39:43   
31-Mar-19,   12:39:43   
31-Mar-19,   12:39:43   
31-Mar-19,   12:39:43   
31-Mar-19,   12:39:43   
31-Mar-19,   12:39:43   
31-Mar-19,   12:39:43   
31-Mar-19,   12:39:43   
31-Mar-19,   12:39:43   
31-Mar-19,   12:39:43   
31-Mar-19,   12:39:43   
31-Mar-19,   12:39:43   
31-Mar-19,   12:39:43   
31-Mar-19,   12:39:43   
31-Mar-19,   12:39:43   
31-Mar-19,   12:39:43   
31-Mar-19,   12:39:43   
31-Mar-19,   12:39:43   
31-Mar-19,   12:39:43   
31-Mar-19,   12:39:43   
31-Mar-19,   12:39:43   
31-Mar-19,   12:39:43   
31-Mar-19,   12:39:43   
31-Mar-19,   12:39:44   
31-Mar-19,   12:39:44   
31-Mar-19,   12:39:44   
31-Mar-19,   12:39:44   
31-Mar-19,   12:39:44   
31-Mar-19,   12:39:44   
31-Mar-19,   12:39:44   
31-Mar-19,   12:39:44   
31-Mar-19,   12:39:44   
31-Mar-19,   12:39:44   
31-Mar-19,   12:39:44   
31-Mar-19,   12:39:44   
31-Mar-19,   12:39:44   
31-Mar-19,   12:39:44   
31-Mar-19,   12:39:44   
31-Mar-19,   12:39:44   
31-Mar-19,   12:39:44   
31-Mar-19,   12:39:44   
31-Mar-19,   12:39:44   
31-Mar-19,   12:39:44   
31-Mar-19,   12:39:44   
31-Mar-19,   12:39:44   
31-Mar-19,   12:39:44   
31-Mar-19,   12:39:44   
31-Mar-19,   12:39:44   
31-Mar-19,   12:39:44   
31-Mar-19,   12:39:44   
31-Mar-19,   12:39:44   
31-Mar-19,   12:39:44   
31-Mar-19,   12:39:44   
31-Mar-19,   12:39:44   
31-Mar-19,   12:39:44   
31-Mar-19,   12:39:45   
31-Mar-19,   12:39:45   
31-Mar-19,   12:39:45   
31-Mar-19,   12:39:45   
31-Mar-19,   12:39:45   
31-Mar-19,   12:39:45   
31-Mar-19,   12:39:45   
31-Mar-19,   12:39:45   
31-Mar-19,   12:39:45   
31-Mar-19,   12:39:45   
31-Mar-19,   12:39:45   
31-Mar-19,   12:39:45   
31-Mar-19,   12:39:45   
31-Mar-19,   12:39:45   
31-Mar-19,   12:39:45   
31-Mar-19,   12:39:45   
31-Mar-19,   12:39:45   
31-Mar-19,   12:39:45   
31-Mar-19,   12:39:45   
31-Mar-19,   12:39:45   
31-Mar-19,   12:39:45   
31-Mar-19,   12:39:45   
31-Mar-19,   12:39:45   
31-Mar-19,   12:39:45   
31-Mar-19,   12:39:45   
31-Mar-19,   12:39:45   
31-Mar-19,   12:39:45   
31-Mar-19,   12:39:45   
31-Mar-19,   12:39:45   
31-Mar-19,   12:39:45   
31-Mar-19,   12:39:45   
31-Mar-19,   12:39:46   
31-Mar-19,   12:39:46   
31-Mar-19,   12:39:46   
31-Mar-19,   12:39:46   
31-Mar-19,   12:39:46   
31-Mar-19,   12:39:46   
31-Mar-19,   12:39:46   
31-Mar-19,   12:39:46   
31-Mar-19,   12:39:46   
31-Mar-19,   12:39:46   
31-Mar-19,   12:39:46   
31-Mar-19,   12:39:46   
31-Mar-19,   12:39:46   
31-Mar-19,   12:39:46   
31-Mar-19,   12:39:46   
31-Mar-19,   12:39:46   
31-Mar-19,   12:39:46   
31-Mar-19,   12:39:46   
31-Mar-19,   12:39:46   
31-Mar-19,   12:39:46   
31-Mar-19,   12:39:46   
31-Mar-19,   12:39:46   
31-Mar-19,   12:39:46   
31-Mar-19,   12:39:46   
31-Mar-19,   12:39:46   
31-Mar-19,   12:39:46   
31-Mar-19,   12:39:46   
31-Mar-19,   12:39:46   
31-Mar-19,   12:39:46   
31-Mar-19,   12:39:46   
31-Mar-19,   12:39:47   
31-Mar-19,   12:39:47   
31-Mar-19,   12:39:47   
31-Mar-19,   12:39:47   
31-Mar-19,   12:39:47   
31-Mar-19,   12:39:47   
31-Mar-19,   12:39:47   
31-Mar-19,   12:39:47   
31-Mar-19,   12:39:47   
31-Mar-19,   12:39:47   
31-Mar-19,   12:39:47   
31-Mar-19,   12:39:47   
31-Mar-19,   12:39:47   
31-Mar-19,   12:39:47   
31-Mar-19,   12:39:47   
31-Mar-19,   12:39:47   
31-Mar-19,   12:39:47   
31-Mar-19,   12:39:47   
31-Mar-19,   12:39:47   
31-Mar-19,   12:39:47   
31-Mar-19,   12:39:47   
31-Mar-19,   12:39:47   
31-Mar-19,   12:39:47   
31-Mar-19,   12:39:47   
31-Mar-19,   12:39:47   
31-Mar-19,   12:39:47   
31-Mar-19,   12:39:47   
31-Mar-19,   12:39:47   
31-Mar-19,   12:39:47   
31-Mar-19,   12:39:47   
31-Mar-19,   12:39:47   
31-Mar-19,   12:39:47   
31-Mar-19,   12:39:47   
31-Mar-19,   12:39:48   
31-Mar-19,   12:39:48   
31-Mar-19,   12:39:48   
31-Mar-19,   12:39:48   
31-Mar-19,   12:39:48   
31-Mar-19,   12:39:48   
31-Mar-19,   12:39:48   
31-Mar-19,   12:39:48   
31-Mar-19,   12:39:48   
31-Mar-19,   12:39:48   
31-Mar-19,   12:39:48   
31-Mar-19,   12:39:48   
31-Mar-19,   12:39:48   
31-Mar-19,   12:39:48   
31-Mar-19,   12:39:48   
31-Mar-19,   12:39:48   
31-Mar-19,   12:39:48   
31-Mar-19,   12:39:48   
31-Mar-19,   12:39:48   
31-Mar-19,   12:39:48   
31-Mar-19,   12:39:48   
31-Mar-19,   12:39:48   
31-Mar-19,   12:39:48   
31-Mar-19,   12:39:48   
31-Mar-19,   12:39:48   
31-Mar-19,   12:39:48   
31-Mar-19,   12:39:48   
31-Mar-19,   12:39:48   
31-Mar-19,   12:39:49   
31-Mar-19,   12:39:49   
31-Mar-19,   12:39:49   
31-Mar-19,   12:39:49   
31-Mar-19,   12:39:49   
31-Mar-19,   12:39:49   
31-Mar-19,   12:39:49   
31-Mar-19,   12:39:49   
31-Mar-19,   12:39:49   
31-Mar-19,   12:39:49   
31-Mar-19,   12:39:49   
31-Mar-19,   12:39:49   
31-Mar-19,   12:39:49   
31-Mar-19,   12:39:49   
31-Mar-19,   12:39:49   
31-Mar-19,   12:39:49   
31-Mar-19,   12:39:49   
31-Mar-19,   12:39:49   
31-Mar-19,   12:39:49   
31-Mar-19,   12:39:49   
31-Mar-19,   12:39:49   
31-Mar-19,   12:39:49   
31-Mar-19,   12:39:49   
31-Mar-19,   12:39:49   
31-Mar-19,   12:39:49   
31-Mar-19,   12:39:49   
31-Mar-19,   12:39:49   
31-Mar-19,   12:39:49   
31-Mar-19,   12:39:50   
31-Mar-19,   12:39:50   
31-Mar-19,   12:39:50   
31-Mar-19,   12:39:50   
31-Mar-19,   12:39:50   
31-Mar-19,   12:39:50   
31-Mar-19,   12:39:50   
31-Mar-19,   12:39:50   
31-Mar-19,   12:39:50   
31-Mar-19,   12:39:50   
31-Mar-19,   12:39:50   
31-Mar-19,   12:39:50   
31-Mar-19,   12:39:50   
31-Mar-19,   12:39:50   
31-Mar-19,   12:39:50   
31-Mar-19,   12:39:50   
31-Mar-19,   12:39:50   
31-Mar-19,   12:39:50   
31-Mar-19,   12:39:50   
31-Mar-19,   12:39:50   
31-Mar-19,   12:39:50   
31-Mar-19,   12:39:50   
31-Mar-19,   12:39:50   
31-Mar-19,   12:39:50   
31-Mar-19,   12:39:51   
31-Mar-19,   12:39:51   
31-Mar-19,   12:39:51   
31-Mar-19,   12:39:51   
31-Mar-19,   12:39:51   
31-Mar-19,   12:39:51   
31-Mar-19,   12:39:51   
31-Mar-19,   12:39:51   
31-Mar-19,   12:39:51   
31-Mar-19,   12:39:51   
31-Mar-19,   12:39:51   
31-Mar-19,   12:39:51   
31-Mar-19,   12:39:51   
31-Mar-19,   12:39:51   
31-Mar-19,   12:39:51   
31-Mar-19,   12:39:51   
31-Mar-19,   12:39:51   
31-Mar-19,   12:39:51   
31-Mar-19,   12:39:51   
31-Mar-19,   12:39:51   
31-Mar-19,   12:39:51   
31-Mar-19,   12:39:51   
31-Mar-19,   12:39:51   
31-Mar-19,   12:39:51   
31-Mar-19,   12:39:51   
31-Mar-19,   12:39:51   
31-Mar-19,   12:39:51   
31-Mar-19,   12:39:51   
31-Mar-19,   12:39:51   
31-Mar-19,   12:39:51   
31-Mar-19,   12:39:51   
31-Mar-19,   12:39:51   
31-Mar-19,   12:39:51   
31-Mar-19,   12:39:51   
31-Mar-19,   12:39:52   
31-Mar-19,   12:39:52   
31-Mar-19,   12:39:52   
31-Mar-19,   12:39:52   
31-Mar-19,   12:39:52   
31-Mar-19,   12:39:52   
31-Mar-19,   12:39:52   
31-Mar-19,   12:39:52   
31-Mar-19,   12:39:52   
31-Mar-19,   12:39:52   
31-Mar-19,   12:39:52   
31-Mar-19,   12:39:52   
31-Mar-19,   12:39:52   
31-Mar-19,   12:39:52   
31-Mar-19,   12:39:52   
31-Mar-19,   12:39:52   
31-Mar-19,   12:39:52   
31-Mar-19,   12:39:52   
31-Mar-19,   12:39:52   
31-Mar-19,   12:39:52   
31-Mar-19,   12:39:52   
31-Mar-19,   12:39:52   
31-Mar-19,   12:39:52   
31-Mar-19,   12:39:52   
31-Mar-19,   12:39:52   
31-Mar-19,   12:39:52   
31-Mar-19,   12:39:52   
31-Mar-19,   12:39:52   
31-Mar-19,   12:39:52   
31-Mar-19,   12:39:52   
31-Mar-19,   12:39:52   
31-Mar-19,   12:39:52   
31-Mar-19,   12:39:53   
31-Mar-19,   12:39:53   
31-Mar-19,   12:39:53   
31-Mar-19,   12:39:53   
31-Mar-19,   12:39:53   
31-Mar-19,   12:39:53   
31-Mar-19,   12:39:53   
31-Mar-19,   12:39:53   
31-Mar-19,   12:39:53   
31-Mar-19,   12:39:53   
31-Mar-19,   12:39:53   
31-Mar-19,   12:39:53   
31-Mar-19,   12:39:53   
31-Mar-19,   12:39:53   
31-Mar-19,   12:39:53   
31-Mar-19,   12:39:53   
31-Mar-19,   12:39:53   
31-Mar-19,   12:39:53   
31-Mar-19,   12:39:53   
31-Mar-19,   12:39:53   
31-Mar-19,   12:39:53   
31-Mar-19,   12:39:53   
31-Mar-19,   12:39:53   
31-Mar-19,   12:39:53   
31-Mar-19,   12:39:53   
31-Mar-19,   12:39:53   
31-Mar-19,   12:39:54   
31-Mar-19,   12:39:54   
31-Mar-19,   12:39:54   
31-Mar-19,   12:39:54   
31-Mar-19,   12:39:54   
31-Mar-19,   12:39:54   
31-Mar-19,   12:39:54   
31-Mar-19,   12:39:54   
31-Mar-19,   12:39:54   
31-Mar-19,   12:39:54   
31-Mar-19,   12:39:54   
31-Mar-19,   12:39:54   
31-Mar-19,   12:39:54   
31-Mar-19,   12:39:54   
31-Mar-19,   12:39:54   
31-Mar-19,   12:39:54   
31-Mar-19,   12:39:54   
31-Mar-19,   12:39:54   
31-Mar-19,   12:39:54   
31-Mar-19,   12:39:54   
31-Mar-19,   12:39:54   
31-Mar-19,   12:39:54   
31-Mar-19,   12:39:54   
31-Mar-19,   12:39:54   
31-Mar-19,   12:39:54   
31-Mar-19,   12:39:54   
31-Mar-19,   12:39:54   
31-Mar-19,   12:39:54   
31-Mar-19,   12:39:55   
31-Mar-19,   12:39:55   
31-Mar-19,   12:39:55   
31-Mar-19,   12:39:55   
31-Mar-19,   12:39:55   
31-Mar-19,   12:39:55   
31-Mar-19,   12:39:55   
31-Mar-19,   12:39:55   
31-Mar-19,   12:39:55   
31-Mar-19,   12:39:55   
31-Mar-19,   12:39:55   
31-Mar-19,   12:39:55   
31-Mar-19,   12:39:55   
31-Mar-19,   12:39:55   
31-Mar-19,   12:39:55   
31-Mar-19,   12:39:55   
31-Mar-19,   12:39:55   
31-Mar-19,   12:39:55   
31-Mar-19,   12:39:55   
31-Mar-19,   12:39:55   
31-Mar-19,   12:39:55   
31-Mar-19,   12:39:55   
31-Mar-19,   12:39:55   
31-Mar-19,   12:39:55   
31-Mar-19,   12:39:55   
31-Mar-19,   12:39:55   
31-Mar-19,   12:39:55   
31-Mar-19,   12:39:55   
31-Mar-19,   12:39:55   
31-Mar-19,   12:39:55   
31-Mar-19,   12:39:55   
31-Mar-19,   12:39:55   
31-Mar-19,   12:39:55   
31-Mar-19,   12:39:56   
31-Mar-19,   12:39:56   
31-Mar-19,   12:39:56   
31-Mar-19,   12:39:56   
31-Mar-19,   12:39:56   
31-Mar-19,   12:39:56   
31-Mar-19,   12:39:56   
31-Mar-19,   12:39:56   
31-Mar-19,   12:39:56   
31-Mar-19,   12:39:56   
31-Mar-19,   12:39:56   
31-Mar-19,   12:39:56   
31-Mar-19,   12:39:56   
31-Mar-19,   12:39:56   
31-Mar-19,   12:39:56   
31-Mar-19,   12:39:56   
31-Mar-19,   12:39:56   
31-Mar-19,   12:39:56   
31-Mar-19,   12:39:56   
31-Mar-19,   12:39:56   
31-Mar-19,   12:39:56   
31-Mar-19,   12:39:56   
31-Mar-19,   12:39:56   
31-Mar-19,   12:39:56   
31-Mar-19,   12:39:56   
31-Mar-19,   12:39:56   
31-Mar-19,   12:39:56   
31-Mar-19,   12:39:56   
31-Mar-19,   12:39:56   
31-Mar-19,   12:39:56   
31-Mar-19,   12:39:56   
31-Mar-19,   12:39:56   
31-Mar-19,   12:39:57   
31-Mar-19,   12:39:57   
31-Mar-19,   12:39:57   
31-Mar-19,   12:39:57   
31-Mar-19,   12:39:57   
31-Mar-19,   12:39:57   
31-Mar-19,   12:39:57   
31-Mar-19,   12:39:57   
31-Mar-19,   12:39:57   
31-Mar-19,   12:39:57   
31-Mar-19,   12:39:57   
31-Mar-19,   12:39:57   
31-Mar-19,   12:39:57   
31-Mar-19,   12:39:57   
31-Mar-19,   12:39:57   
31-Mar-19,   12:39:57   
31-Mar-19,   12:39:57   
31-Mar-19,   12:39:57   
31-Mar-19,   12:39:57   
31-Mar-19,   12:39:57   
31-Mar-19,   12:39:57   
31-Mar-19,   12:39:57   
31-Mar-19,   12:39:57   
31-Mar-19,   12:39:57   
31-Mar-19,   12:39:57   
31-Mar-19,   12:39:57   
31-Mar-19,   12:39:57   
31-Mar-19,   12:39:57   
31-Mar-19,   12:39:57   
31-Mar-19,   12:39:57   
31-Mar-19,   12:39:57   
31-Mar-19,   12:39:57   
31-Mar-19,   12:39:57   
31-Mar-19,   12:39:57   
31-Mar-19,   12:39:58   
31-Mar-19,   12:39:58   
31-Mar-19,   12:39:58   
31-Mar-19,   12:39:58   
31-Mar-19,   12:39:58   
31-Mar-19,   12:39:58   
31-Mar-19,   12:39:58   
31-Mar-19,   12:39:58   
31-Mar-19,   12:39:58   
31-Mar-19,   12:39:58   
31-Mar-19,   12:39:58   
31-Mar-19,   12:39:58   
31-Mar-19,   12:39:58   
31-Mar-19,   12:39:58   
31-Mar-19,   12:39:58   
31-Mar-19,   12:39:58   
31-Mar-19,   12:39:58   
31-Mar-19,   12:39:58   
31-Mar-19,   12:39:58   
31-Mar-19,   12:39:58   
31-Mar-19,   12:39:58   
31-Mar-19,   12:39:58   
31-Mar-19,   12:39:58   
31-Mar-19,   12:39:58   
31-Mar-19,   12:39:58   
31-Mar-19,   12:39:58   
31-Mar-19,   12:39:58   
31-Mar-19,   12:39:58   
31-Mar-19,   12:39:58   
31-Mar-19,   12:39:58   
31-Mar-19,   12:39:58   
31-Mar-19,   12:39:58   
31-Mar-19,   12:39:59   
31-Mar-19,   12:39:59   
31-Mar-19,   12:39:59   
31-Mar-19,   12:39:59   
31-Mar-19,   12:39:59   
31-Mar-19,   12:39:59   
31-Mar-19,   12:39:59   
31-Mar-19,   12:39:59   
31-Mar-19,   12:39:59   
31-Mar-19,   12:39:59   
31-Mar-19,   12:39:59   
31-Mar-19,   12:39:59   
31-Mar-19,   12:39:59   
31-Mar-19,   12:39:59   
31-Mar-19,   12:39:59   
31-Mar-19,   12:39:59   
31-Mar-19,   12:39:59   
31-Mar-19,   12:39:59   
31-Mar-19,   12:39:59   
31-Mar-19,   12:39:59   
31-Mar-19,   12:39:59   
31-Mar-19,   12:39:59   
31-Mar-19,   12:39:59   
31-Mar-19,   12:39:59   
31-Mar-19,   12:39:59   
31-Mar-19,   12:39:59   
31-Mar-19,   12:39:59   
31-Mar-19,   12:39:59   
31-Mar-19,   12:39:59   
31-Mar-19,   12:40:00   
31-Mar-19,   12:40:00   
31-Mar-19,   12:40:00   
31-Mar-19,   12:40:00   
31-Mar-19,   12:40:00   
31-Mar-19,   12:40:00   
31-Mar-19,   12:40:00   
31-Mar-19,   12:40:00   
31-Mar-19,   12:40:00   
31-Mar-19,   12:40:00   
31-Mar-19,   12:40:00   
31-Mar-19,   12:40:00   
31-Mar-19,   12:40:00   
31-Mar-19,   12:40:00   
31-Mar-19,   12:40:00   
31-Mar-19,   12:40:00   
31-Mar-19,   12:40:00   
31-Mar-19,   12:40:00   
31-Mar-19,   12:40:00   
31-Mar-19,   12:40:00   
31-Mar-19,   12:40:00   
31-Mar-19,   12:40:00   
31-Mar-19,   12:40:00   
31-Mar-19,   12:40:00   
31-Mar-19,   12:40:00   
31-Mar-19,   12:40:00   
31-Mar-19,   12:40:00   
31-Mar-19,   12:40:00   
31-Mar-19,   12:40:00   
31-Mar-19,   12:40:00   
31-Mar-19,   12:40:00   
31-Mar-19,   12:40:00   
31-Mar-19,   12:40:00   
31-Mar-19,   12:40:01   
31-Mar-19,   12:40:01   
31-Mar-19,   12:40:01   
31-Mar-19,   12:40:01   
31-Mar-19,   12:40:01   
31-Mar-19,   12:40:01   
31-Mar-19,   12:40:01   
31-Mar-19,   12:40:01   
31-Mar-19,   12:40:01   
31-Mar-19,   12:40:01   
31-Mar-19,   12:40:01   
31-Mar-19,   12:40:01   
31-Mar-19,   12:40:01   
31-Mar-19,   12:40:01   
31-Mar-19,   12:40:01   
31-Mar-19,   12:40:01   
31-Mar-19,   12:40:01   
31-Mar-19,   12:40:01   
31-Mar-19,   12:40:01   
31-Mar-19,   12:40:01   
31-Mar-19,   12:40:01   
31-Mar-19,   12:40:01   
31-Mar-19,   12:40:01   
31-Mar-19,   12:40:01   
31-Mar-19,   12:40:01   
31-Mar-19,   12:40:01   
31-Mar-19,   12:40:01   
31-Mar-19,   12:40:01   
31-Mar-19,   12:40:01   
31-Mar-19,   12:40:01   
31-Mar-19,   12:40:01   
31-Mar-19,   12:40:01   
31-Mar-19,   12:40:01   
31-Mar-19,   12:40:02   
31-Mar-19,   12:40:02   
31-Mar-19,   12:40:02   
31-Mar-19,   12:40:02   
31-Mar-19,   12:40:02   
31-Mar-19,   12:40:02   
31-Mar-19,   12:40:02   
31-Mar-19,   12:40:02   
31-Mar-19,   12:40:02   
31-Mar-19,   12:40:02   
31-Mar-19,   12:40:02   
31-Mar-19,   12:40:02   
31-Mar-19,   12:40:02   
31-Mar-19,   12:40:02   
31-Mar-19,   12:40:02   
31-Mar-19,   12:40:02   
31-Mar-19,   12:40:02   
31-Mar-19,   12:40:02   
31-Mar-19,   12:40:02   
31-Mar-19,   12:40:02   
31-Mar-19,   12:40:02   
31-Mar-19,   12:40:02   
31-Mar-19,   12:40:02   
31-Mar-19,   12:40:02   
31-Mar-19,   12:40:02   
31-Mar-19,   12:40:02   
31-Mar-19,   12:40:02   
31-Mar-19,   12:40:02   
31-Mar-19,   12:40:02   
31-Mar-19,   12:40:02   
31-Mar-19,   12:40:02   
31-Mar-19,   12:40:02   
31-Mar-19,   12:40:02   
31-Mar-19,   12:40:02   
31-Mar-19,   12:40:02   
31-Mar-19,   12:40:03   
31-Mar-19,   12:40:03   
31-Mar-19,   12:40:03   
31-Mar-19,   12:40:03   
31-Mar-19,   12:40:03   
31-Mar-19,   12:40:03   
31-Mar-19,   12:40:03   
31-Mar-19,   12:40:03   
31-Mar-19,   12:40:03   
31-Mar-19,   12:40:03   
31-Mar-19,   12:40:03   
31-Mar-19,   12:40:03   
31-Mar-19,   12:40:03   
31-Mar-19,   12:40:03   
31-Mar-19,   12:40:03   
31-Mar-19,   12:40:03   
31-Mar-19,   12:40:03   
31-Mar-19,   12:40:03   
31-Mar-19,   12:40:03   
31-Mar-19,   12:40:03   
31-Mar-19,   12:40:03   
31-Mar-19,   12:40:03   
31-Mar-19,   12:40:03   
31-Mar-19,   12:40:03   
31-Mar-19,   12:40:03   
31-Mar-19,   12:40:03   
31-Mar-19,   12:40:03   
31-Mar-19,   12:40:03   
31-Mar-19,   12:40:03   
31-Mar-19,   12:40:03   
31-Mar-19,   12:40:03   
31-Mar-19,   12:40:03   
31-Mar-19,   12:40:03   
31-Mar-19,   12:40:03   
31-Mar-19,   12:40:03   
31-Mar-19,   12:40:04   
31-Mar-19,   12:40:04   
31-Mar-19,   12:40:04   
31-Mar-19,   12:40:04   
31-Mar-19,   12:40:04   
31-Mar-19,   12:40:04   
31-Mar-19,   12:40:04   
31-Mar-19,   12:40:04   
31-Mar-19,   12:40:04   
31-Mar-19,   12:40:04   
31-Mar-19,   12:40:04   
31-Mar-19,   12:40:04   
31-Mar-19,   12:40:04   
31-Mar-19,   12:40:04   
31-Mar-19,   12:40:04   
31-Mar-19,   12:40:04   
31-Mar-19,   12:40:04   
31-Mar-19,   12:40:04   
31-Mar-19,   12:40:04   
31-Mar-19,   12:40:04   
31-Mar-19,   12:40:04   
31-Mar-19,   12:40:04   
31-Mar-19,   12:40:04   
31-Mar-19,   12:40:04   
31-Mar-19,   12:40:04   
31-Mar-19,   12:40:04   
31-Mar-19,   12:40:04   
31-Mar-19,   12:40:04   
31-Mar-19,   12:40:04   
31-Mar-19,   12:40:04   
31-Mar-19,   12:40:04   
31-Mar-19,   12:40:04   
31-Mar-19,   12:40:04   
31-Mar-19,   12:40:04   
31-Mar-19,   12:40:04   
31-Mar-19,   12:40:04   
31-Mar-19,   12:40:04   
31-Mar-19,   12:40:05   
31-Mar-19,   12:40:05   
31-Mar-19,   12:40:05   
31-Mar-19,   12:40:05   
31-Mar-19,   12:40:05   
31-Mar-19,   12:40:05   
31-Mar-19,   12:40:05   
31-Mar-19,   12:40:05   
31-Mar-19,   12:40:05   
31-Mar-19,   12:40:05   
31-Mar-19,   12:40:05   
31-Mar-19,   12:40:05   
31-Mar-19,   12:40:05   
31-Mar-19,   12:40:05   
31-Mar-19,   12:40:05   
31-Mar-19,   12:40:05   
31-Mar-19,   12:40:05   
31-Mar-19,   12:40:05   
31-Mar-19,   12:40:05   
31-Mar-19,   12:40:05   
31-Mar-19,   12:40:05   
31-Mar-19,   12:40:05   
31-Mar-19,   12:40:05   
31-Mar-19,   12:40:05   
31-Mar-19,   12:40:05   
31-Mar-19,   12:40:05   
31-Mar-19,   12:40:05   
31-Mar-19,   12:40:05   
31-Mar-19,   12:40:05   
31-Mar-19,   12:40:05   
31-Mar-19,   12:40:06   
31-Mar-19,   12:40:06   
31-Mar-19,   12:40:06   
31-Mar-19,   12:40:06   
31-Mar-19,   12:40:06   
31-Mar-19,   12:40:06   
31-Mar-19,   12:40:06   
31-Mar-19,   12:40:06   
31-Mar-19,   12:40:06   
31-Mar-19,   12:40:06   
31-Mar-19,   12:40:06   
31-Mar-19,   12:40:06   
31-Mar-19,   12:40:06   
31-Mar-19,   12:40:06   
31-Mar-19,   12:40:06   
31-Mar-19,   12:40:06   
31-Mar-19,   12:40:06   
31-Mar-19,   12:40:06   
31-Mar-19,   12:40:06   
31-Mar-19,   12:40:06   
31-Mar-19,   12:40:06   
31-Mar-19,   12:40:06   
31-Mar-19,   12:40:06   
31-Mar-19,   12:40:06   
31-Mar-19,   12:40:06   
31-Mar-19,   12:40:06   
31-Mar-19,   12:40:06   
31-Mar-19,   12:40:06   
31-Mar-19,   12:40:06   
31-Mar-19,   12:40:06   
31-Mar-19,   12:40:06   
31-Mar-19,   12:40:06   
31-Mar-19,   12:40:07   
31-Mar-19,   12:40:07   
31-Mar-19,   12:40:07   
31-Mar-19,   12:40:07   
31-Mar-19,   12:40:07   
31-Mar-19,   12:40:07   
31-Mar-19,   12:40:07   
31-Mar-19,   12:40:07   
31-Mar-19,   12:40:07   
31-Mar-19,   12:40:07   
31-Mar-19,   12:40:07   
31-Mar-19,   12:40:07   
31-Mar-19,   12:40:07   
31-Mar-19,   12:40:07   
31-Mar-19,   12:40:07   
31-Mar-19,   12:40:07   
31-Mar-19,   12:40:07   
31-Mar-19,   12:40:07   
31-Mar-19,   12:40:07   
31-Mar-19,   12:40:07   
31-Mar-19,   12:40:07   
31-Mar-19,   12:40:07   
31-Mar-19,   12:40:07   
31-Mar-19,   12:40:07   
31-Mar-19,   12:40:07   
31-Mar-19,   12:40:07   
31-Mar-19,   12:40:07   
31-Mar-19,   12:40:07   
31-Mar-19,   12:40:07   
31-Mar-19,   12:40:07   
31-Mar-19,   12:40:07   
31-Mar-19,   12:40:07   
31-Mar-19,   12:40:07   
31-Mar-19,   12:40:07   
31-Mar-19,   12:40:07   
31-Mar-19,   12:40:07   
31-Mar-19,   12:40:08   
31-Mar-19,   12:40:08   
31-Mar-19,   12:40:08   
31-Mar-19,   12:40:08   
31-Mar-19,   12:40:08   
31-Mar-19,   12:40:08   
31-Mar-19,   12:40:08   
31-Mar-19,   12:40:08   
31-Mar-19,   12:40:08   
31-Mar-19,   12:40:08   
31-Mar-19,   12:40:08   
31-Mar-19,   12:40:08   
31-Mar-19,   12:40:08   
31-Mar-19,   12:40:08   
31-Mar-19,   12:40:08   
31-Mar-19,   12:40:08   
31-Mar-19,   12:40:08   
31-Mar-19,   12:40:08   
31-Mar-19,   12:40:08   
31-Mar-19,   12:40:08   
31-Mar-19,   12:40:08   
31-Mar-19,   12:40:08   
31-Mar-19,   12:40:08   
31-Mar-19,   12:40:08   
31-Mar-19,   12:40:08   
31-Mar-19,   12:40:08   
31-Mar-19,   12:40:08   
31-Mar-19,   12:40:08   
31-Mar-19,   12:40:08   
31-Mar-19,   12:40:08   
31-Mar-19,   12:40:08   
31-Mar-19,   12:40:08   
31-Mar-19,   12:40:09   
31-Mar-19,   12:40:09   
31-Mar-19,   12:40:09   
31-Mar-19,   12:40:09   
31-Mar-19,   12:40:09   
31-Mar-19,   12:40:09   
31-Mar-19,   12:40:09   
31-Mar-19,   12:40:09   
31-Mar-19,   12:40:09   
31-Mar-19,   12:40:09   
31-Mar-19,   12:40:09   
31-Mar-19,   12:40:09   
31-Mar-19,   12:40:09   
31-Mar-19,   12:40:09   
31-Mar-19,   12:40:09   
31-Mar-19,   12:40:09   
31-Mar-19,   12:40:09   
31-Mar-19,   12:40:09   
31-Mar-19,   12:40:09   
31-Mar-19,   12:40:09   
31-Mar-19,   12:40:09   
31-Mar-19,   12:40:09   
31-Mar-19,   12:40:09   
31-Mar-19,   12:40:09   
31-Mar-19,   12:40:09   
31-Mar-19,   12:40:09   
31-Mar-19,   12:40:09   
31-Mar-19,   12:40:09   
31-Mar-19,   12:40:09   
31-Mar-19,   12:40:09   
31-Mar-19,   12:40:09   
31-Mar-19,   12:40:10   
31-Mar-19,   12:40:10   
31-Mar-19,   12:40:10   
31-Mar-19,   12:40:10   
31-Mar-19,   12:40:10   
31-Mar-19,   12:40:10   
31-Mar-19,   12:40:10   
31-Mar-19,   12:40:10   
31-Mar-19,   12:40:10   
31-Mar-19,   12:40:10   
31-Mar-19,   12:40:10   
31-Mar-19,   12:40:10   
31-Mar-19,   12:40:10   
31-Mar-19,   12:40:10   
31-Mar-19,   12:40:10   
31-Mar-19,   12:40:10   
31-Mar-19,   12:40:10   
31-Mar-19,   12:40:10   
31-Mar-19,   12:40:10   
31-Mar-19,   12:40:10   
31-Mar-19,   12:40:10   
31-Mar-19,   12:40:10   
31-Mar-19,   12:40:10   
31-Mar-19,   12:40:10   
31-Mar-19,   12:40:10   
31-Mar-19,   12:40:10   
31-Mar-19,   12:40:10   
31-Mar-19,   12:40:10   
31-Mar-19,   12:40:10   
31-Mar-19,   12:40:11   
31-Mar-19,   12:40:11   
31-Mar-19,   12:40:11   
31-Mar-19,   12:40:11   
31-Mar-19,   12:40:11   
31-Mar-19,   12:40:11   
31-Mar-19,   12:40:11   
31-Mar-19,   12:40:11   
31-Mar-19,   12:40:11   
31-Mar-19,   12:40:11   
31-Mar-19,   12:40:11   
31-Mar-19,   12:40:11   
31-Mar-19,   12:40:11   
31-Mar-19,   12:40:11   
31-Mar-19,   12:40:11   
31-Mar-19,   12:40:11   
31-Mar-19,   12:40:11   
31-Mar-19,   12:40:11   
31-Mar-19,   12:40:11   
31-Mar-19,   12:40:11   
31-Mar-19,   12:40:11   
31-Mar-19,   12:40:11   
31-Mar-19,   12:40:11   
31-Mar-19,   12:40:11   
31-Mar-19,   12:40:11   
31-Mar-19,   12:40:11   
31-Mar-19,   12:40:11   
31-Mar-19,   12:40:11   
31-Mar-19,   12:40:11   
31-Mar-19,   12:40:11   
31-Mar-19,   12:40:12   
31-Mar-19,   12:40:12   
31-Mar-19,   12:40:12   
31-Mar-19,   12:40:12   
31-Mar-19,   12:40:12   
31-Mar-19,   12:40:12   
31-Mar-19,   12:40:12   
31-Mar-19,   12:40:12   
31-Mar-19,   12:40:12   
31-Mar-19,   12:40:12   
31-Mar-19,   12:40:12   
31-Mar-19,   12:40:12   
31-Mar-19,   12:40:12   
31-Mar-19,   12:40:12   
31-Mar-19,   12:40:12   
31-Mar-19,   12:40:12   
31-Mar-19,   12:40:12   
31-Mar-19,   12:40:12   
31-Mar-19,   12:40:12   
31-Mar-19,   12:40:12   
31-Mar-19,   12:40:12   
31-Mar-19,   12:40:12   
31-Mar-19,   12:40:12   
31-Mar-19,   12:40:12   
31-Mar-19,   12:40:12   
31-Mar-19,   12:40:12   
31-Mar-19,   12:40:12   
31-Mar-19,   12:40:12   
31-Mar-19,   12:40:12   
31-Mar-19,   12:40:12   
31-Mar-19,   12:40:12   
31-Mar-19,   12:40:12   
31-Mar-19,   12:40:13   
31-Mar-19,   12:40:13   
31-Mar-19,   12:40:13   
31-Mar-19,   12:40:13   
31-Mar-19,   12:40:13   
31-Mar-19,   12:40:13   
31-Mar-19,   12:40:13   
31-Mar-19,   12:40:13   
31-Mar-19,   12:40:13   
31-Mar-19,   12:40:13   
31-Mar-19,   12:40:13   
31-Mar-19,   12:40:13   
31-Mar-19,   12:40:13   
31-Mar-19,   12:40:13   
31-Mar-19,   12:40:13   
31-Mar-19,   12:40:13   
31-Mar-19,   12:40:13   
31-Mar-19,   12:40:13   
31-Mar-19,   12:40:13   
31-Mar-19,   12:40:13   
31-Mar-19,   12:40:13   
31-Mar-19,   12:40:13   
31-Mar-19,   12:40:13   
31-Mar-19,   12:40:13   
31-Mar-19,   12:40:13   
31-Mar-19,   12:40:13   
31-Mar-19,   12:40:13   
31-Mar-19,   12:40:13   
31-Mar-19,   12:40:13   
31-Mar-19,   12:40:13   
31-Mar-19,   12:40:13   
31-Mar-19,   12:40:13   
31-Mar-19,   12:40:14   
31-Mar-19,   12:40:14   
31-Mar-19,   12:40:14   
31-Mar-19,   12:40:14   
31-Mar-19,   12:40:14   
31-Mar-19,   12:40:14   
31-Mar-19,   12:40:14   
31-Mar-19,   12:40:14   
31-Mar-19,   12:40:14   
31-Mar-19,   12:40:14   
31-Mar-19,   12:40:14   
31-Mar-19,   12:40:14   
31-Mar-19,   12:40:14   
31-Mar-19,   12:40:14   
31-Mar-19,   12:40:14   
31-Mar-19,   12:40:14   
31-Mar-19,   12:40:14   
31-Mar-19,   12:40:14   
31-Mar-19,   12:40:14   
31-Mar-19,   12:40:14   
31-Mar-19,   12:40:14   
31-Mar-19,   12:40:14   
31-Mar-19,   12:40:14   
31-Mar-19,   12:40:14   
31-Mar-19,   12:40:14   
31-Mar-19,   12:40:14   
31-Mar-19,   12:40:14   
31-Mar-19,   12:40:14   
31-Mar-19,   12:40:14   
31-Mar-19,   12:40:14   
31-Mar-19,   12:40:14   
31-Mar-19,   12:40:14   
31-Mar-19,   12:40:14   
31-Mar-19,   12:40:14   
31-Mar-19,   12:40:14   
31-Mar-19,   12:40:14   
31-Mar-19,   12:40:15   
31-Mar-19,   12:40:15   
31-Mar-19,   12:40:15   
31-Mar-19,   12:40:15   
31-Mar-19,   12:40:15   
25-Apr-19, 15:31:11 
25-Apr-19, 15:31:16 
25-Apr-19, 15:31:16 
25-Apr-19, 15:31:21 
25-Apr-19, 15:31:21 
25-Apr-19, 15:31:26 
25-Apr-19, 15:31:26 
25-Apr-19, 15:31:31 
25-Apr-19, 15:31:31 
25-Apr-19, 15:31:36 
25-Apr-19, 15:31:36 
25-Apr-19, 15:31:41 
25-Apr-19, 15:31:41 
25-Apr-19, 15:31:46 
25-Apr-19, 15:31:46 
25-Apr-19, 15:31:51 
25-Apr-19, 15:31:51 
25-Apr-19, 15:31:56 
25-Apr-19, 15:31:56 
25-Apr-19, 15:32:01 
25-Apr-19, 15:32:01 
25-Apr-19, 15:32:06 
25-Apr-19, 15:32:06 
25-Apr-19, 15:32:11 
25-Apr-19, 15:32:11 
25-Apr-19, 15:32:16 
25-Apr-19, 15:32:16 
25-Apr-19, 15:32:21 
25-Apr-19, 15:32:21 
25-Apr-19, 15:32:26 
25-Apr-19, 15:32:26 
25-Apr-19, 15:32:36 
25-Apr-19, 15:32:36 
25-Apr-19, 15:32:41 
25-Apr-19, 15:32:41 
25-Apr-19, 15:32:47 
25-Apr-19, 15:32:47 
25-Apr-19, 15:32:52 
25-Apr-19, 15:32:52 
25-Apr-19, 15:32:57 
25-Apr-19, 15:32:57 
25-Apr-19, 15:33:02 
25-Apr-19, 15:33:02 
25-Apr-19, 15:33:07 
25-Apr-19, 15:33:07 
25-Apr-19, 15:33:12 
25-Apr-19, 15:33:12 
25-Apr-19, 15:33:17 
25-Apr-19, 15:33:17 
25-Apr-19, 15:33:22 
25-Apr-19, 15:33:22 
25-Apr-19, 15:33:27 
25-Apr-19, 15:33:27 
25-Apr-19, 15:33:32 
25-Apr-19, 15:33:32 
25-Apr-19, 15:33:37 
25-Apr-19, 15:33:37 
25-Apr-19, 15:33:42 
25-Apr-19, 15:33:42 
25-Apr-19, 15:33:47 
25-Apr-19, 15:33:52 
25-Apr-19, 15:33:52 
25-Apr-19, 15:33:57 
25-Apr-19, 15:33:57 
25-Apr-19, 15:34:02 
25-Apr-19, 15:34:02 
25-Apr-19, 15:34:07 
25-Apr-19, 15:34:07 
25-Apr-19, 15:34:12 
25-Apr-19, 15:34:12 
25-Apr-19, 15:34:22 
25-Apr-19, 15:34:22 
25-Apr-19, 15:34:27 
25-Apr-19, 15:34:27 
25-Apr-19, 15:34:32 
25-Apr-19, 15:34:32 
25-Apr-19, 15:34:37 
25-Apr-19, 15:34:37 
25-Apr-19, 15:34:42 
25-Apr-19, 15:34:42 
25-Apr-19, 15:34:47 
25-Apr-19, 15:34:47 
25-Apr-19, 15:34:52 
25-Apr-19, 15:34:52 
25-Apr-19, 15:34:57 
25-Apr-19, 15:34:57 
25-Apr-19, 15:35:02 
25-Apr-19, 15:35:02 
25-Apr-19, 15:35:07 
25-Apr-19, 15:35:07 
25-Apr-19, 15:35:17 
25-Apr-19, 15:35:17 
25-Apr-19, 15:35:22 
25-Apr-19, 15:35:22 
25-Apr-19, 15:35:27 
25-Apr-19, 15:35:27 
25-Apr-19, 15:35:32 
25-Apr-19, 15:35:32 
25-Apr-19, 15:35:37 
25-Apr-19, 15:35:37 
25-Apr-19, 15:35:42 
25-Apr-19, 15:35:42 
25-Apr-19, 15:35:47 
25-Apr-19, 15:35:47 
25-Apr-19, 15:35:52 
25-Apr-19, 15:35:52 
25-Apr-19, 15:35:57 
25-Apr-19, 15:35:57 
25-Apr-19, 15:36:02 
25-Apr-19, 15:36:02 
25-Apr-19, 15:36:07 
25-Apr-19, 15:36:07 
25-Apr-19, 15:36:12 
25-Apr-19, 15:36:12 
25-Apr-19, 15:36:17 
25-Apr-19, 15:36:17 
25-Apr-19, 15:36:22 
25-Apr-19, 15:36:22 
25-Apr-19, 15:36:27 
25-Apr-19, 15:36:27 
25-Apr-19, 15:36:32 
25-Apr-19, 15:36:32 
25-Apr-19, 15:36:37 
25-Apr-19, 15:36:37 
25-Apr-19, 15:36:42 
25-Apr-19, 15:36:42 
25-Apr-19, 15:36:47 
25-Apr-19, 15:36:47 
25-Apr-19, 15:36:52 
25-Apr-19, 15:36:52 
25-Apr-19, 15:36:57 
25-Apr-19, 15:36:57 
25-Apr-19, 15:37:02 
25-Apr-19, 15:37:02 
25-Apr-19, 15:37:12 
25-Apr-19, 15:37:12 
25-Apr-19, 15:37:17 
25-Apr-19, 15:37:17 
25-Apr-19, 15:37:22 
25-Apr-19, 15:37:22 
25-Apr-19, 15:37:27 
25-Apr-19, 15:37:27 
25-Apr-19, 15:37:32 
25-Apr-19, 15:37:37 
25-Apr-19, 15:37:37 
25-Apr-19, 15:37:42 
25-Apr-19, 15:37:42 
25-Apr-19, 15:37:48 
25-Apr-19, 15:37:48 
25-Apr-19, 15:37:53 
25-Apr-19, 15:37:53 
25-Apr-19, 15:38:03 
25-Apr-19, 15:38:03 
25-Apr-19, 15:38:08 
25-Apr-19, 15:38:08 
25-Apr-19, 15:38:13 
25-Apr-19, 15:38:13 
25-Apr-19, 15:38:18 
25-Apr-19, 15:38:18 
25-Apr-19, 15:38:23 
25-Apr-19, 15:38:23 
25-Apr-19, 15:38:28 
25-Apr-19, 15:38:28 
25-Apr-19, 15:38:33 
25-Apr-19, 15:38:33 
25-Apr-19, 15:38:38 
25-Apr-19, 15:38:38 
25-Apr-19, 15:38:43 
25-Apr-19, 15:38:43 
25-Apr-19, 15:38:48 
25-Apr-19, 15:38:48 
25-Apr-19, 15:38:53 
25-Apr-19, 15:38:53 
25-Apr-19, 15:38:58 
25-Apr-19, 15:38:58 
25-Apr-19, 15:39:03 
25-Apr-19, 15:39:03 
25-Apr-19, 15:39:08 
25-Apr-19, 15:39:08 
25-Apr-19, 15:39:13 
25-Apr-19, 15:39:13 
25-Apr-19, 15:39:18 
25-Apr-19, 15:39:18 
25-Apr-19, 15:39:23 
25-Apr-19, 15:39:23 
25-Apr-19, 15:39:28 
25-Apr-19, 15:39:28 
25-Apr-19, 15:39:33 
25-Apr-19, 15:39:33 
25-Apr-19, 15:39:38 
25-Apr-19, 15:39:38 
25-Apr-19, 15:39:43 
25-Apr-19, 15:39:43 
25-Apr-19, 15:39:48 
25-Apr-19, 15:39:48 
25-Apr-19, 15:39:53 
25-Apr-19, 15:39:53 
25-Apr-19, 15:40:03 
25-Apr-19, 15:40:03 
25-Apr-19, 15:40:08 
25-Apr-19, 15:40:08 
25-Apr-19, 15:40:13 
25-Apr-19, 15:40:13 
25-Apr-19, 15:40:18 
25-Apr-19, 15:40:18 
25-Apr-19, 15:40:23 
25-Apr-19, 15:40:23 
25-Apr-19, 15:40:28 
25-Apr-19, 15:40:28 
25-Apr-19, 15:40:33 
25-Apr-19, 15:40:33 
25-Apr-19, 15:40:38 
25-Apr-19, 15:40:38 
25-Apr-19, 15:40:43 
25-Apr-19, 15:40:43 
25-Apr-19, 15:40:48 
25-Apr-19, 15:40:48 
25-Apr-19, 15:40:53 
25-Apr-19, 15:40:53 
25-Apr-19, 15:40:58 
25-Apr-19, 15:40:58 
25-Apr-19, 15:41:03 
25-Apr-19, 15:41:03 
25-Apr-19, 15:41:08 
25-Apr-19, 15:41:08 
25-Apr-19, 15:41:13 
25-Apr-19, 15:41:13 
25-Apr-19, 15:41:18 
25-Apr-19, 15:41:18 
25-Apr-19, 15:41:23 
25-Apr-19, 15:41:23 
25-Apr-19, 15:41:28 
25-Apr-19, 15:41:28 
25-Apr-19, 15:41:33 
25-Apr-19, 15:41:33 
25-Apr-19, 15:41:38 
25-Apr-19, 15:41:38 
25-Apr-19, 15:41:43 
25-Apr-19, 15:41:43 
25-Apr-19, 15:41:48 
25-Apr-19, 15:41:48 
25-Apr-19, 15:41:53 
25-Apr-19, 15:41:53 
25-Apr-19, 15:41:58 
25-Apr-19, 15:41:58 
25-Apr-19, 15:42:03 
25-Apr-19, 15:42:03 
25-Apr-19, 15:42:08 
25-Apr-19, 15:42:08 
25-Apr-19, 15:42:13 
25-Apr-19, 15:42:13 
25-Apr-19, 15:42:18 
25-Apr-19, 15:42:18 
25-Apr-19, 15:42:23 
25-Apr-19, 15:42:23 
25-Apr-19, 15:42:28 
25-Apr-19, 15:42:28 
25-Apr-19, 15:42:33 
25-Apr-19, 15:42:33 
25-Apr-19, 15:42:38 
25-Apr-19, 15:42:38 
25-Apr-19, 15:42:43 
25-Apr-19, 15:42:43 
25-Apr-19, 15:42:48 
25-Apr-19, 15:42:48 
25-Apr-19, 15:42:53 
25-Apr-19, 15:42:53 
25-Apr-19, 15:42:59 
25-Apr-19, 15:42:59 
25-Apr-19, 15:43:04 
25-Apr-19, 15:43:04 
25-Apr-19, 15:43:09 
25-Apr-19, 15:43:09 
25-Apr-19, 15:43:14 
25-Apr-19, 15:43:14 
25-Apr-19, 15:43:19 
25-Apr-19, 15:43:19 
25-Apr-19, 15:43:24 
25-Apr-19, 15:43:24 
25-Apr-19, 15:43:29 
25-Apr-19, 15:43:29 
25-Apr-19, 15:43:34 
25-Apr-19, 15:43:34 
25-Apr-19, 15:43:39 
25-Apr-19, 15:43:39 
25-Apr-19, 15:43:44 
25-Apr-19, 15:43:44 
25-Apr-19, 15:43:49 
25-Apr-19, 15:43:49 
25-Apr-19, 15:43:54 
25-Apr-19, 15:43:54 
25-Apr-19, 15:43:59 
25-Apr-19, 15:43:59 
25-Apr-19, 15:44:04 
25-Apr-19, 15:44:04 
25-Apr-19, 15:44:09 
25-Apr-19, 15:44:09 
25-Apr-19, 15:44:14 
25-Apr-19, 15:44:14 
25-Apr-19, 15:44:19 
25-Apr-19, 15:44:19 
25-Apr-19, 15:44:24 
25-Apr-19, 15:44:24 
25-Apr-19, 15:44:29 
25-Apr-19, 15:44:29 
25-Apr-19, 15:44:34 
25-Apr-19, 15:44:34 
25-Apr-19, 15:44:39 
25-Apr-19, 15:44:39 
25-Apr-19, 15:44:44 
25-Apr-19, 15:44:44 
25-Apr-19, 15:44:49 
25-Apr-19, 15:44:49 
25-Apr-19, 15:44:54 
25-Apr-19, 15:44:54 
25-Apr-19, 15:44:59 
25-Apr-19, 15:44:59 
25-Apr-19, 15:45:04 
25-Apr-19, 15:45:04 
25-Apr-19, 15:45:09 
25-Apr-19, 15:45:09 
25-Apr-19, 15:45:19 
25-Apr-19, 15:45:19 
25-Apr-19, 15:45:24 
25-Apr-19, 15:45:24 
25-Apr-19, 15:45:29 
25-Apr-19, 15:45:29 
25-Apr-19, 15:45:34 
25-Apr-19, 15:45:34 
25-Apr-19, 15:45:49 
25-Apr-19, 15:45:49 
25-Apr-19, 15:45:54 
25-Apr-19, 15:45:54 
25-Apr-19, 15:45:59 
25-Apr-19, 15:45:59 
25-Apr-19, 15:46:04 
25-Apr-19, 15:46:09 
25-Apr-19, 15:46:09 
25-Apr-19, 15:46:14 
25-Apr-19, 15:46:14 
25-Apr-19, 15:46:19 
25-Apr-19, 15:46:19 
25-Apr-19, 15:46:24 
25-Apr-19, 15:46:24 
25-Apr-19, 15:46:29 
25-Apr-19, 15:46:29 
25-Apr-19, 15:46:34 
25-Apr-19, 15:46:34 
25-Apr-19, 15:46:39 
25-Apr-19, 15:46:39 
25-Apr-19, 15:46:44 
25-Apr-19, 15:46:44 
25-Apr-19, 15:46:49 
25-Apr-19, 15:46:49 
25-Apr-19, 15:46:54 
25-Apr-19, 15:46:54 
25-Apr-19, 15:46:59 
25-Apr-19, 15:46:59 
25-Apr-19, 15:47:04 
25-Apr-19, 15:47:04 
25-Apr-19, 15:47:09 
25-Apr-19, 15:47:09 
25-Apr-19, 15:47:14 
25-Apr-19, 15:47:14 
25-Apr-19, 15:47:19 
25-Apr-19, 15:47:19 
25-Apr-19, 15:47:25 
25-Apr-19, 15:47:25 
25-Apr-19, 15:47:30 
25-Apr-19, 15:47:30 
25-Apr-19, 15:47:35 
25-Apr-19, 15:47:35 
25-Apr-19, 15:47:40 
25-Apr-19, 15:47:40 
25-Apr-19, 15:47:45 
25-Apr-19, 15:47:45 
25-Apr-19, 15:47:50 
25-Apr-19, 15:47:50 
25-Apr-19, 15:47:55 
25-Apr-19, 15:47:55 
25-Apr-19, 15:48:00 
25-Apr-19, 15:48:00 
25-Apr-19, 15:48:05 
25-Apr-19, 15:48:05 
25-Apr-19, 15:48:10 
25-Apr-19, 15:48:10 
25-Apr-19, 15:48:15 
25-Apr-19, 15:48:15 
25-Apr-19, 15:48:20 
25-Apr-19, 15:48:20 
25-Apr-19, 15:48:25 
25-Apr-19, 15:48:25 
25-Apr-19, 15:48:30 
25-Apr-19, 15:48:30 
25-Apr-19, 15:48:35 
25-Apr-19, 15:48:35 
25-Apr-19, 15:48:40 
25-Apr-19, 15:48:40 
25-Apr-19, 15:48:45 
25-Apr-19, 15:48:45 
25-Apr-19, 15:48:50 
25-Apr-19, 15:48:50 
25-Apr-19, 15:48:55 
25-Apr-19, 15:48:55 
25-Apr-19, 15:49:00 
25-Apr-19, 15:49:00 
25-Apr-19, 15:49:05 
25-Apr-19, 15:49:05 
25-Apr-19, 15:49:10 
25-Apr-19, 15:49:10 
25-Apr-19, 15:49:25 
25-Apr-19, 15:49:25 
25-Apr-19, 15:49:30 
25-Apr-19, 15:49:30 
25-Apr-19, 15:49:35 
25-Apr-19, 15:49:35 
25-Apr-19, 15:49:40 
25-Apr-19, 15:49:40 
25-Apr-19, 15:49:45 
25-Apr-19, 15:49:45 
25-Apr-19, 15:49:50 
25-Apr-19, 15:49:50 
25-Apr-19, 15:49:55 
25-Apr-19, 15:49:55 
25-Apr-19, 15:50:00 
25-Apr-19, 15:50:00 
25-Apr-19, 15:50:05 
25-Apr-19, 15:50:05 
25-Apr-19, 15:50:10 
25-Apr-19, 15:50:10 
25-Apr-19, 15:50:15 
25-Apr-19, 15:50:15 
25-Apr-19, 15:50:20 
25-Apr-19, 15:50:20 
25-Apr-19, 15:50:25 
25-Apr-19, 15:50:25 
25-Apr-19, 15:50:30 
25-Apr-19, 15:50:30 
25-Apr-19, 15:50:35 
25-Apr-19, 15:50:35 
25-Apr-19, 15:50:40 
25-Apr-19, 15:50:40 
25-Apr-19, 15:50:45 
25-Apr-19, 15:50:45 
25-Apr-19, 15:50:50 
25-Apr-19, 15:50:50 
25-Apr-19, 15:50:55 
25-Apr-19, 15:50:55 
25-Apr-19, 15:51:00 
25-Apr-19, 15:51:00 
25-Apr-19, 15:51:05 
25-Apr-19, 15:51:05 
25-Apr-19, 15:51:10 
25-Apr-19, 15:51:10 
25-Apr-19, 15:51:15 
25-Apr-19, 15:51:15 
25-Apr-19, 15:51:20 
25-Apr-19, 15:51:20 
25-Apr-19, 15:51:25 
25-Apr-19, 15:51:25 
25-Apr-19, 15:51:30 
25-Apr-19, 15:51:30 
25-Apr-19, 15:51:35 
25-Apr-19, 15:51:35 
25-Apr-19, 15:51:40 
25-Apr-19, 15:51:40 
25-Apr-19, 15:51:50 
25-Apr-19, 15:51:50 
25-Apr-19, 15:51:55 
25-Apr-19, 15:51:55 
25-Apr-19, 15:52:00 
25-Apr-19, 15:52:00 
25-Apr-19, 15:52:05 
25-Apr-19, 15:52:05 
25-Apr-19, 15:52:10 
25-Apr-19, 15:52:10 
25-Apr-19, 15:52:15 
25-Apr-19, 15:52:15 
25-Apr-19, 15:52:20 
25-Apr-19, 15:52:20 
25-Apr-19, 15:52:25 
25-Apr-19, 15:52:25 
25-Apr-19, 15:52:30 
25-Apr-19, 15:52:30 
25-Apr-19, 15:52:35 
25-Apr-19, 15:52:35 
25-Apr-19, 15:52:40 
25-Apr-19, 15:52:40 
25-Apr-19, 15:52:45 
25-Apr-19, 15:52:45 
25-Apr-19, 15:52:51 
25-Apr-19, 15:52:51 
25-Apr-19, 15:52:56 
25-Apr-19, 15:52:56 
25-Apr-19, 15:53:01 
25-Apr-19, 15:53:01 
25-Apr-19, 15:53:06 
25-Apr-19, 15:53:06 
25-Apr-19, 15:53:11 
25-Apr-19, 15:53:11 
25-Apr-19, 15:53:16 
25-Apr-19, 15:53:16 
25-Apr-19, 15:53:21 
25-Apr-19, 15:53:21 
25-Apr-19, 15:53:26 
25-Apr-19, 15:53:26 
25-Apr-19, 15:53:31 
25-Apr-19, 15:53:31 
25-Apr-19, 15:53:36 
25-Apr-19, 15:53:36 
25-Apr-19, 15:53:41 
25-Apr-19, 15:53:41 
25-Apr-19, 15:53:46 
25-Apr-19, 15:53:46 
25-Apr-19, 15:53:51 
25-Apr-19, 15:53:51 
25-Apr-19, 15:53:56 
25-Apr-19, 15:53:56 
25-Apr-19, 15:54:01 
25-Apr-19, 15:54:01 
25-Apr-19, 15:54:06 
25-Apr-19, 15:54:06 
25-Apr-19, 15:54:11 
25-Apr-19, 15:54:11 
25-Apr-19, 15:54:16 
25-Apr-19, 15:54:16 
25-Apr-19, 15:54:21 
25-Apr-19, 15:54:21 
25-Apr-19, 15:54:26 
25-Apr-19, 15:54:26 
25-Apr-19, 15:54:31 
25-Apr-19, 15:54:31 
25-Apr-19, 15:54:36 
25-Apr-19, 15:54:36 
25-Apr-19, 15:54:41 
25-Apr-19, 15:54:41 
25-Apr-19, 15:54:46 
25-Apr-19, 15:54:46 
25-Apr-19, 15:54:51 
25-Apr-19, 15:54:51 
25-Apr-19, 15:54:56 
25-Apr-19, 15:54:56 
25-Apr-19, 15:55:01 
25-Apr-19, 15:55:01 
25-Apr-19, 15:55:06 
25-Apr-19, 15:55:06 
25-Apr-19, 15:55:11 
25-Apr-19, 15:55:11 
25-Apr-19, 15:55:16 
25-Apr-19, 15:55:16 
25-Apr-19, 15:55:21 
25-Apr-19, 15:55:21 
25-Apr-19, 15:55:26 
25-Apr-19, 15:55:26 
25-Apr-19, 15:55:31 
25-Apr-19, 15:55:31 
25-Apr-19, 15:55:36 
25-Apr-19, 15:55:36 
25-Apr-19, 15:55:41 
25-Apr-19, 15:55:41 
25-Apr-19, 15:55:46 
25-Apr-19, 15:55:46 
25-Apr-19, 15:55:51 
25-Apr-19, 15:55:51 
25-Apr-19, 15:55:56 
25-Apr-19, 15:55:56 
25-Apr-19, 15:56:01 
25-Apr-19, 15:56:01 
25-Apr-19, 15:56:06 
25-Apr-19, 15:56:06 
25-Apr-19, 15:56:11 
25-Apr-19, 15:56:11 
25-Apr-19, 15:56:16 
25-Apr-19, 15:56:16 
25-Apr-19, 15:56:21 
25-Apr-19, 15:56:21 
25-Apr-19, 15:56:26 
25-Apr-19, 15:56:26 
25-Apr-19, 15:56:31 
25-Apr-19, 15:56:31 
25-Apr-19, 15:56:36 
25-Apr-19, 15:56:36 
25-Apr-19, 15:56:41 
25-Apr-19, 15:56:41 
25-Apr-19, 15:56:46 
25-Apr-19, 15:56:46 
25-Apr-19, 15:56:51 
25-Apr-19, 15:56:51 
25-Apr-19, 15:56:56 
25-Apr-19, 15:56:56 
25-Apr-19, 15:57:01 
25-Apr-19, 15:57:01 
25-Apr-19, 15:57:06 
25-Apr-19, 15:57:06 
25-Apr-19, 15:57:11 
25-Apr-19, 15:57:11 
25-Apr-19, 15:57:16 
25-Apr-19, 15:57:16 
25-Apr-19, 15:57:21 
25-Apr-19, 15:57:21 
25-Apr-19, 15:57:26 
25-Apr-19, 15:57:26 
25-Apr-19, 15:57:31 
25-Apr-19, 15:57:31 
25-Apr-19, 15:57:36 
25-Apr-19, 15:57:36 
25-Apr-19, 15:57:41 
25-Apr-19, 15:57:41 
25-Apr-19, 15:57:47 
25-Apr-19, 15:57:47 
25-Apr-19, 15:57:52 
25-Apr-19, 15:57:52 
25-Apr-19, 15:57:57 
25-Apr-19, 15:57:57 
25-Apr-19, 15:58:02 
25-Apr-19, 15:58:02 
25-Apr-19, 15:58:07 
25-Apr-19, 15:58:07 
25-Apr-19, 15:58:12 
25-Apr-19, 15:58:12 
25-Apr-19, 15:58:17 
25-Apr-19, 15:58:17 
25-Apr-19, 15:58:22 
25-Apr-19, 15:58:22 
25-Apr-19, 15:58:27 
25-Apr-19, 15:58:27 
25-Apr-19, 15:58:32 
25-Apr-19, 15:58:32 
25-Apr-19, 15:58:37 
25-Apr-19, 15:58:37 
25-Apr-19, 15:58:42 
25-Apr-19, 15:58:42 
25-Apr-19, 15:58:52 
25-Apr-19, 15:58:52 
25-Apr-19, 15:58:57 
25-Apr-19, 15:58:57 
25-Apr-19, 15:59:02 
25-Apr-19, 15:59:02 
25-Apr-19, 15:59:07 
25-Apr-19, 15:59:07 
25-Apr-19, 15:59:12 
25-Apr-19, 15:59:12 
25-Apr-19, 15:59:17 
25-Apr-19, 15:59:17 
25-Apr-19, 15:59:22 
25-Apr-19, 15:59:22 
25-Apr-19, 15:59:27 
25-Apr-19, 15:59:27 
25-Apr-19, 15:59:32 
25-Apr-19, 15:59:32 
25-Apr-19, 15:59:37 
25-Apr-19, 15:59:37 
25-Apr-19, 15:59:42 
25-Apr-19, 15:59:42 
25-Apr-19, 15:59:47 
25-Apr-19, 15:59:47 
25-Apr-19, 15:59:52 
25-Apr-19, 15:59:52 
25-Apr-19, 15:59:57 
25-Apr-19, 15:59:57 
25-Apr-19, 16:00:02 
25-Apr-19, 16:00:02 
25-Apr-19, 16:00:07 
25-Apr-19, 16:00:07 
25-Apr-19, 16:00:12 
25-Apr-19, 16:00:12 
25-Apr-19, 16:00:17 
25-Apr-19, 16:00:17 
25-Apr-19, 16:00:22 
25-Apr-19, 16:00:22 
25-Apr-19, 16:00:27 
25-Apr-19, 16:00:27 
25-Apr-19, 16:00:32 
25-Apr-19, 16:00:32 
25-Apr-19, 16:00:37 
25-Apr-19, 16:00:37 
25-Apr-19, 16:00:42 
25-Apr-19, 16:00:42 
25-Apr-19, 16:00:47 
25-Apr-19, 16:00:47 
25-Apr-19, 16:00:52 
25-Apr-19, 16:00:52 
25-Apr-19, 16:00:57 
25-Apr-19, 16:00:57 
25-Apr-19, 16:01:02 
25-Apr-19, 16:01:02 
25-Apr-19, 16:01:07 
25-Apr-19, 16:01:07 
25-Apr-19, 16:01:12 
25-Apr-19, 16:01:12 
25-Apr-19, 16:01:17 
25-Apr-19, 16:01:17 
25-Apr-19, 16:01:22 
25-Apr-19, 16:01:22 
25-Apr-19, 16:01:32 
25-Apr-19, 16:01:32 
25-Apr-19, 16:01:37 
25-Apr-19, 16:01:37 
25-Apr-19, 16:01:42 
25-Apr-19, 16:01:42 
25-Apr-19, 16:01:48 
25-Apr-19, 16:01:48 
25-Apr-19, 16:01:53 
25-Apr-19, 16:01:53 
25-Apr-19, 16:01:58 
25-Apr-19, 16:01:58 
25-Apr-19, 16:02:03 
25-Apr-19, 16:02:03 
25-Apr-19, 16:02:08 
25-Apr-19, 16:02:08 
25-Apr-19, 16:02:13 
25-Apr-19, 16:02:13 
25-Apr-19, 16:02:18 
25-Apr-19, 16:02:18 
25-Apr-19, 16:02:23 
25-Apr-19, 16:02:23 
25-Apr-19, 16:02:28 
25-Apr-19, 16:02:28 
25-Apr-19, 16:02:33 
25-Apr-19, 16:02:33 
25-Apr-19, 16:02:38 
25-Apr-19, 16:02:38 
25-Apr-19, 16:02:43 
25-Apr-19, 16:02:43 
25-Apr-19, 16:02:48 
25-Apr-19, 16:02:48 
25-Apr-19, 16:02:53 
25-Apr-19, 16:02:53 
25-Apr-19, 16:02:58 
25-Apr-19, 16:02:58 
25-Apr-19, 16:03:03 
25-Apr-19, 16:03:03 
25-Apr-19, 16:03:08 
25-Apr-19, 16:03:08 
25-Apr-19, 16:03:13 
25-Apr-19, 16:03:13 
25-Apr-19, 16:03:18 
25-Apr-19, 16:03:18 
25-Apr-19, 16:03:23 
25-Apr-19, 16:03:23 
25-Apr-19, 16:03:28 
25-Apr-19, 16:03:28 
25-Apr-19, 16:03:33 
25-Apr-19, 16:03:33 
25-Apr-19, 16:03:38 
25-Apr-19, 16:03:38 
25-Apr-19, 16:03:43 
25-Apr-19, 16:03:43 
25-Apr-19, 16:03:48 
25-Apr-19, 16:03:48 
25-Apr-19, 16:03:53 
25-Apr-19, 16:03:53 
25-Apr-19, 16:03:58 
25-Apr-19, 16:03:58 
25-Apr-19, 16:04:03 
25-Apr-19, 16:04:03 
25-Apr-19, 16:04:08 
25-Apr-19, 16:04:08 
25-Apr-19, 16:04:13 
25-Apr-19, 16:04:13 
25-Apr-19, 16:04:18 
25-Apr-19, 16:04:18 
25-Apr-19, 16:04:23 
25-Apr-19, 16:04:23 
25-Apr-19, 16:04:28 
25-Apr-19, 16:04:28 
25-Apr-19, 16:04:33 
25-Apr-19, 16:04:33 
25-Apr-19, 16:04:38 
25-Apr-19, 16:04:38 
25-Apr-19, 16:04:43 
25-Apr-19, 16:04:43 
25-Apr-19, 16:04:48 
25-Apr-19, 16:04:48 
25-Apr-19, 16:04:53 
25-Apr-19, 16:04:53 
25-Apr-19, 16:04:58 
25-Apr-19, 16:04:58 
25-Apr-19, 16:05:03 
25-Apr-19, 16:05:03 
25-Apr-19, 16:05:14 
25-Apr-19, 16:05:14 
25-Apr-19, 16:05:19 
25-Apr-19, 16:05:19 
25-Apr-19, 16:05:24 
25-Apr-19, 16:05:24 
25-Apr-19, 16:05:29 
25-Apr-19, 16:05:29 
25-Apr-19, 16:05:34 
25-Apr-19, 16:05:34 
25-Apr-19, 16:05:44 
25-Apr-19, 16:05:44 
25-Apr-19, 16:05:49 
25-Apr-19, 16:05:49 
25-Apr-19, 16:05:54 
25-Apr-19, 16:05:54 
25-Apr-19, 16:05:59 
25-Apr-19, 16:05:59 
25-Apr-19, 16:06:04 
25-Apr-19, 16:06:04 
25-Apr-19, 16:06:09 
25-Apr-19, 16:06:09 
25-Apr-19, 16:06:14 
25-Apr-19, 16:06:14 
25-Apr-19, 16:06:19 
25-Apr-19, 16:06:19 
25-Apr-19, 16:06:24 
25-Apr-19, 16:06:24 
25-Apr-19, 16:06:29 
25-Apr-19, 16:06:29 
25-Apr-19, 16:06:34 
25-Apr-19, 16:06:34 
25-Apr-19, 16:06:39 
25-Apr-19, 16:06:39 
25-Apr-19, 16:06:44 
25-Apr-19, 16:06:44 
25-Apr-19, 16:06:49 
25-Apr-19, 16:06:49 
25-Apr-19, 16:06:54 
25-Apr-19, 16:06:54 
25-Apr-19, 16:07:04 
25-Apr-19, 16:07:04 
25-Apr-19, 16:07:09 
25-Apr-19, 16:07:09 
25-Apr-19, 16:07:14 
25-Apr-19, 16:07:14 
25-Apr-19, 16:07:19 
25-Apr-19, 16:07:19 
25-Apr-19, 16:07:24 
25-Apr-19, 16:07:24 
25-Apr-19, 16:07:29 
25-Apr-19, 16:07:29 
25-Apr-19, 16:07:39 
25-Apr-19, 16:07:44 
25-Apr-19, 16:07:44 
25-Apr-19, 16:07:49 
25-Apr-19, 16:07:49 
25-Apr-19, 16:07:54 
25-Apr-19, 16:07:54 
25-Apr-19, 16:07:59 
25-Apr-19, 16:07:59 
25-Apr-19, 16:08:04 
25-Apr-19, 16:08:04 
25-Apr-19, 16:08:09 
25-Apr-19, 16:08:09 
25-Apr-19, 16:08:14 
25-Apr-19, 16:08:14 
25-Apr-19, 16:08:19 
25-Apr-19, 16:08:19 
25-Apr-19, 16:08:24 
25-Apr-19, 16:08:24 
25-Apr-19, 16:08:29 
25-Apr-19, 16:08:29 
25-Apr-19, 16:08:34 
25-Apr-19, 16:08:34 
25-Apr-19, 16:08:39 
25-Apr-19, 16:08:39 
25-Apr-19, 16:08:44 
25-Apr-19, 16:08:44 
25-Apr-19, 16:08:49 
25-Apr-19, 16:08:49 
25-Apr-19, 16:08:54 
25-Apr-19, 16:08:54 
25-Apr-19, 16:08:59 
25-Apr-19, 16:08:59 
25-Apr-19, 16:09:04 
25-Apr-19, 16:09:09 
25-Apr-19, 16:09:09 
25-Apr-19, 16:09:14 
25-Apr-19, 16:09:14 
25-Apr-19, 16:09:19 
25-Apr-19, 16:09:19 
25-Apr-19, 16:09:24 
25-Apr-19, 16:09:24 
25-Apr-19, 16:09:29 
25-Apr-19, 16:09:29 
25-Apr-19, 16:09:34 
25-Apr-19, 16:09:34 
25-Apr-19, 16:09:39 
25-Apr-19, 16:09:39 
25-Apr-19, 16:09:44 
25-Apr-19, 16:09:44 
25-Apr-19, 16:09:49 
25-Apr-19, 16:09:49 
25-Apr-19, 16:09:54 
25-Apr-19, 16:09:54 
25-Apr-19, 16:09:59 
25-Apr-19, 16:09:59 
25-Apr-19, 16:10:04 
25-Apr-19, 16:10:04 
25-Apr-19, 16:10:09 
25-Apr-19, 16:10:09 
25-Apr-19, 16:10:14 
25-Apr-19, 16:10:14 
25-Apr-19, 16:10:19 
25-Apr-19, 16:10:19 
25-Apr-19, 16:10:25 
25-Apr-19, 16:10:25 
25-Apr-19, 16:10:30 
25-Apr-19, 16:10:30 
25-Apr-19, 16:10:35 
25-Apr-19, 16:10:35 
25-Apr-19, 16:10:40 
25-Apr-19, 16:10:40 
25-Apr-19, 16:10:45 
25-Apr-19, 16:10:45 
25-Apr-19, 16:10:50 
25-Apr-19, 16:10:50 
25-Apr-19, 16:10:55 
25-Apr-19, 16:10:55 
25-Apr-19, 16:11:05 
25-Apr-19, 16:11:05 
25-Apr-19, 16:11:10 
25-Apr-19, 16:11:10 
25-Apr-19, 16:11:15 
25-Apr-19, 16:11:15 
25-Apr-19, 16:11:20 
25-Apr-19, 16:11:20 
25-Apr-19, 16:11:25 
25-Apr-19, 16:11:25 
25-Apr-19, 16:11:30 
25-Apr-19, 16:11:30 
25-Apr-19, 16:11:35 
25-Apr-19, 16:11:35 
25-Apr-19, 16:11:40 
25-Apr-19, 16:11:40 
25-Apr-19, 16:11:45 
25-Apr-19, 16:11:45 
25-Apr-19, 16:11:50 
25-Apr-19, 16:11:50 
25-Apr-19, 16:11:55 
25-Apr-19, 16:11:55 
25-Apr-19, 16:12:00 
25-Apr-19, 16:12:00 
25-Apr-19, 16:12:05 
25-Apr-19, 16:12:05 
25-Apr-19, 16:12:10 
25-Apr-19, 16:12:10 
25-Apr-19, 16:12:15 
25-Apr-19, 16:12:15 
25-Apr-19, 16:12:20 
25-Apr-19, 16:12:20 
25-Apr-19, 16:12:25 
25-Apr-19, 16:12:25 
25-Apr-19, 16:12:30 
25-Apr-19, 16:12:30 
25-Apr-19, 16:12:35 
25-Apr-19, 16:12:35 
25-Apr-19, 16:12:40 
25-Apr-19, 16:12:40 
25-Apr-19, 16:12:45 
25-Apr-19, 16:12:45 
25-Apr-19, 16:12:50 
25-Apr-19, 16:12:50 
25-Apr-19, 16:13:00 
25-Apr-19, 16:13:00 
25-Apr-19, 16:13:05 
25-Apr-19, 16:13:05 
25-Apr-19, 16:13:10 
25-Apr-19, 16:13:10 
25-Apr-19, 16:13:15 
25-Apr-19, 16:13:15 
25-Apr-19, 16:13:20 
25-Apr-19, 16:13:20 
25-Apr-19, 16:13:25 
25-Apr-19, 16:13:25 
25-Apr-19, 16:13:30 
25-Apr-19, 16:13:30 
25-Apr-19, 16:13:35 
25-Apr-19, 16:13:35 
25-Apr-19, 16:13:40 
25-Apr-19, 16:13:40 
25-Apr-19, 16:13:45 
25-Apr-19, 16:13:45 
25-Apr-19, 16:13:50 
25-Apr-19, 16:13:50 
25-Apr-19, 16:13:55 
25-Apr-19, 16:13:55 
25-Apr-19, 16:14:00 
25-Apr-19, 16:14:00 
25-Apr-19, 16:14:05 
25-Apr-19, 16:14:05 
25-Apr-19, 16:14:10 
25-Apr-19, 16:14:10 
25-Apr-19, 16:14:15 
25-Apr-19, 16:14:15 
25-Apr-19, 16:14:26 
25-Apr-19, 16:14:26 
25-Apr-19, 16:14:31 
25-Apr-19, 16:14:31 
25-Apr-19, 16:14:36 
25-Apr-19, 16:14:36 
25-Apr-19, 16:14:41 
25-Apr-19, 16:14:41 
25-Apr-19, 16:14:46 
25-Apr-19, 16:14:46 
25-Apr-19, 16:14:51 
25-Apr-19, 16:14:51 
25-Apr-19, 16:14:56 
25-Apr-19, 16:14:56 
25-Apr-19, 16:15:01 
25-Apr-19, 16:15:01 
25-Apr-19, 16:15:16 
25-Apr-19, 16:15:16 
25-Apr-19, 16:15:21 
25-Apr-19, 16:15:21 
25-Apr-19, 16:15:26 
25-Apr-19, 16:15:26 
25-Apr-19, 16:15:31 
25-Apr-19, 16:15:31 
25-Apr-19, 16:15:36 
25-Apr-19, 16:15:36 
25-Apr-19, 16:15:41 
25-Apr-19, 16:15:41 
25-Apr-19, 16:15:46 
25-Apr-19, 16:15:46 
25-Apr-19, 16:15:51 
25-Apr-19, 16:15:51 
25-Apr-19, 16:15:56 
25-Apr-19, 16:15:56 
25-Apr-19, 16:16:01 
25-Apr-19, 16:16:01 
25-Apr-19, 16:16:06 
25-Apr-19, 16:16:06 
25-Apr-19, 16:16:11 
25-Apr-19, 16:16:11 
25-Apr-19, 16:16:16 
25-Apr-19, 16:16:16 
25-Apr-19, 16:16:21 
25-Apr-19, 16:16:21 
25-Apr-19, 16:16:26 
25-Apr-19, 16:16:26 
25-Apr-19, 16:16:31 
25-Apr-19, 16:16:31 
25-Apr-19, 16:16:36 
25-Apr-19, 16:16:36 
25-Apr-19, 16:16:41 
25-Apr-19, 16:16:41 
25-Apr-19, 16:16:46 
25-Apr-19, 16:16:46 
25-Apr-19, 16:16:51 
25-Apr-19, 16:16:51 
25-Apr-19, 16:16:56 
25-Apr-19, 16:16:56 
25-Apr-19, 16:17:01 
25-Apr-19, 16:17:01 
25-Apr-19, 16:17:06 
25-Apr-19, 16:17:06 
25-Apr-19, 16:17:11 
25-Apr-19, 16:17:11 
25-Apr-19, 16:17:16 
25-Apr-19, 16:17:16 
25-Apr-19, 16:17:21 
25-Apr-19, 16:17:21 
25-Apr-19, 16:17:26 
25-Apr-19, 16:17:26 
25-Apr-19, 16:17:31 
25-Apr-19, 16:17:31 
25-Apr-19, 16:17:36 
25-Apr-19, 16:17:36 
25-Apr-19, 16:17:41 
25-Apr-19, 16:17:41 
25-Apr-19, 16:17:46 
25-Apr-19, 16:17:46 
25-Apr-19, 16:17:51 
25-Apr-19, 16:17:51 
25-Apr-19, 16:17:56 
25-Apr-19, 16:17:56 
25-Apr-19, 16:18:06 
25-Apr-19, 16:18:06 
25-Apr-19, 16:18:11 
25-Apr-19, 16:18:11 
25-Apr-19, 16:18:16 
25-Apr-19, 16:18:16 
25-Apr-19, 16:18:21 
25-Apr-19, 16:18:21 
25-Apr-19, 16:18:26 
25-Apr-19, 16:18:26 
25-Apr-19, 16:18:36 
25-Apr-19, 16:18:36 
25-Apr-19, 16:18:41 
25-Apr-19, 16:18:41 
25-Apr-19, 16:18:47 
25-Apr-19, 16:18:47 
25-Apr-19, 16:18:52 
25-Apr-19, 16:18:52 
25-Apr-19, 16:18:57 
25-Apr-19, 16:18:57 
25-Apr-19, 16:19:02 
25-Apr-19, 16:19:02 
25-Apr-19, 16:19:12 
25-Apr-19, 16:19:12 
25-Apr-19, 16:19:17 
25-Apr-19, 16:19:17 
25-Apr-19, 16:19:22 
25-Apr-19, 16:19:22 
25-Apr-19, 16:19:27 
25-Apr-19, 16:19:27 
25-Apr-19, 16:19:32 
25-Apr-19, 16:19:32 
25-Apr-19, 16:19:42 
25-Apr-19, 16:19:42 
25-Apr-19, 16:19:47 
25-Apr-19, 16:19:47 
25-Apr-19, 16:19:52 
25-Apr-19, 16:19:52 
25-Apr-19, 16:19:57 
25-Apr-19, 16:19:57 
25-Apr-19, 16:20:07 
25-Apr-19, 16:20:07 
25-Apr-19, 16:20:12 
25-Apr-19, 16:20:12 
25-Apr-19, 16:20:17 
25-Apr-19, 16:20:17 
25-Apr-19, 16:20:22 
25-Apr-19, 16:20:22 
25-Apr-19, 16:20:27 
25-Apr-19, 16:20:27 
25-Apr-19, 16:20:32 
25-Apr-19, 16:20:32 
25-Apr-19, 16:20:42 
25-Apr-19, 16:20:42 
25-Apr-19, 16:20:47 
25-Apr-19, 16:20:47 
25-Apr-19, 16:20:52 
25-Apr-19, 16:20:52 
25-Apr-19, 16:20:57 
25-Apr-19, 16:20:57 
25-Apr-19, 16:21:02 
25-Apr-19, 16:21:02 
25-Apr-19, 16:21:12 
25-Apr-19, 16:21:12 
25-Apr-19, 16:21:17 
25-Apr-19, 16:21:17 
25-Apr-19, 16:21:22 
25-Apr-19, 16:21:22 
25-Apr-19, 16:21:27 
25-Apr-19, 16:21:27 
25-Apr-19, 16:21:32 
25-Apr-19, 16:21:32 
25-Apr-19, 16:21:42 
25-Apr-19, 16:21:42 
25-Apr-19, 16:21:47 
25-Apr-19, 16:21:47 
25-Apr-19, 16:21:52 
25-Apr-19, 16:21:52 
25-Apr-19, 16:21:57 
25-Apr-19, 16:21:57 
25-Apr-19, 16:22:02 
25-Apr-19, 16:22:02 
25-Apr-19, 16:22:12 
25-Apr-19, 16:22:12 
25-Apr-19, 16:22:17 
25-Apr-19, 16:22:17 
25-Apr-19, 16:22:22 
25-Apr-19, 16:22:22 
25-Apr-19, 16:22:27 
25-Apr-19, 16:22:27 
25-Apr-19, 16:22:42 
25-Apr-19, 16:22:42 
25-Apr-19, 16:22:47 
25-Apr-19, 16:22:47 
25-Apr-19, 16:22:52 
25-Apr-19, 16:22:52 
25-Apr-19, 16:22:57 
25-Apr-19, 16:22:57 
25-Apr-19, 16:23:02 
25-Apr-19, 16:23:02 
25-Apr-19, 16:23:12 
25-Apr-19, 16:23:12 
25-Apr-19, 16:23:17 
25-Apr-19, 16:23:17 
25-Apr-19, 16:23:22 
25-Apr-19, 16:23:22 
25-Apr-19, 16:23:27 
25-Apr-19, 16:23:27 
25-Apr-19, 16:23:32 
25-Apr-19, 16:23:32 
25-Apr-19, 16:23:42 
25-Apr-19, 16:23:42 
25-Apr-19, 16:23:47 
25-Apr-19, 16:23:47 
25-Apr-19, 16:23:57 
25-Apr-19, 16:23:57 
25-Apr-19, 16:24:02 
25-Apr-19, 16:24:02 
25-Apr-19, 16:24:18 
25-Apr-19, 16:24:18 
25-Apr-19, 16:24:23 
25-Apr-19, 16:24:23 
25-Apr-19, 16:24:28 
25-Apr-19, 16:24:33 
25-Apr-19, 16:24:38 
25-Apr-19, 16:24:38 
25-Apr-19, 16:24:48 
25-Apr-19, 16:24:48 
25-Apr-19, 16:24:53 
25-Apr-19, 16:24:53 
25-Apr-19, 16:24:58 
25-Apr-19, 16:24:58 
25-Apr-19, 16:25:03 
25-Apr-19, 16:25:03 
25-Apr-19, 16:25:08 
25-Apr-19, 16:25:08 
25-Apr-19, 16:25:23 
25-Apr-19, 16:25:23 
25-Apr-19, 16:25:28 
25-Apr-19, 16:25:28 
25-Apr-19, 16:25:33 
25-Apr-19, 16:25:33 
25-Apr-19, 16:25:38 
25-Apr-19, 16:25:38 
25-Apr-19, 16:25:48 
25-Apr-19, 16:25:48 
25-Apr-19, 16:25:53 
25-Apr-19, 16:25:53 
25-Apr-19, 16:25:58 
25-Apr-19, 16:25:58 
25-Apr-19, 16:26:03 
25-Apr-19, 16:26:03 
25-Apr-19, 16:26:08 
25-Apr-19, 16:26:08 
25-Apr-19, 16:26:18 
25-Apr-19, 16:26:18 
25-Apr-19, 16:26:23 
25-Apr-19, 16:26:23 
25-Apr-19, 16:26:28 
25-Apr-19, 16:26:28 
25-Apr-19, 16:26:33 
25-Apr-19, 16:26:33 
25-Apr-19, 16:26:38 
25-Apr-19, 16:26:38 
25-Apr-19, 16:26:43 
25-Apr-19, 16:26:43 
25-Apr-19, 16:26:48 
25-Apr-19, 16:26:48 
25-Apr-19, 16:26:53 
25-Apr-19, 16:26:53 
25-Apr-19, 16:26:58 
25-Apr-19, 16:26:58 
25-Apr-19, 16:27:03 
25-Apr-19, 16:27:03 
25-Apr-19, 16:27:08 
25-Apr-19, 16:27:08 
25-Apr-19, 16:27:18 
25-Apr-19, 16:27:18 
25-Apr-19, 16:27:28 
25-Apr-19, 16:27:28 
25-Apr-19, 16:27:33 
25-Apr-19, 16:27:33 
25-Apr-19, 16:27:38 
25-Apr-19, 16:27:38 
25-Apr-19, 16:27:48 
25-Apr-19, 16:27:48 
25-Apr-19, 16:27:53 
25-Apr-19, 16:27:53 
25-Apr-19, 16:27:58 
25-Apr-19, 16:27:58 
25-Apr-19, 16:28:03 
25-Apr-19, 16:28:03 
25-Apr-19, 16:28:08 
25-Apr-19, 16:28:08 
25-Apr-19, 16:28:18 
25-Apr-19, 16:28:18 
25-Apr-19, 16:28:23 
25-Apr-19, 16:28:23 
25-Apr-19, 16:28:28 
25-Apr-19, 16:28:28 
25-Apr-19, 16:28:33 
25-Apr-19, 16:28:33 
25-Apr-19, 16:28:38 
25-Apr-19, 16:28:44 
25-Apr-19, 16:28:44 
25-Apr-19, 16:28:54 
25-Apr-19, 16:28:54 
25-Apr-19, 16:28:59 
25-Apr-19, 16:28:59 
25-Apr-19, 16:29:04 
25-Apr-19, 16:29:04 
25-Apr-19, 16:29:09 
25-Apr-19, 16:29:09 
25-Apr-19, 16:29:14 
25-Apr-19, 16:29:14 
25-Apr-19, 16:29:24 
25-Apr-19, 16:29:24 
25-Apr-19, 16:29:29 
25-Apr-19, 16:29:29 
25-Apr-19, 16:29:34 
25-Apr-19, 16:29:34 
25-Apr-19, 16:29:39 
25-Apr-19, 16:29:39 
25-Apr-19, 16:29:44 
25-Apr-19, 16:29:44 
25-Apr-19, 16:29:54 
25-Apr-19, 16:29:54 
25-Apr-19, 16:29:59 
25-Apr-19, 16:29:59 
25-Apr-19, 16:30:04 
25-Apr-19, 16:30:04 
25-Apr-19, 16:30:14 
25-Apr-19, 16:30:14 
25-Apr-19, 16:30:29 
25-Apr-19, 16:30:29 
25-Apr-19, 16:30:34 
25-Apr-19, 16:30:34 
25-Apr-19, 16:30:39 
25-Apr-19, 16:30:39 
25-Apr-19, 16:30:44 
25-Apr-19, 16:30:44 
25-Apr-19, 16:30:54 
25-Apr-19, 16:30:54 
25-Apr-19, 16:31:04 
25-Apr-19, 16:31:04 
25-Apr-19, 16:31:09 
25-Apr-19, 16:31:09 
25-Apr-19, 16:31:14 
25-Apr-19, 16:31:14 
25-Apr-19, 16:31:24 
25-Apr-19, 16:31:24 
25-Apr-19, 16:31:29 
25-Apr-19, 16:31:29 
25-Apr-19, 16:31:39 
25-Apr-19, 16:31:39 
25-Apr-19, 16:31:44 
25-Apr-19, 16:31:44 
25-Apr-19, 16:31:54 
25-Apr-19, 16:31:54 
25-Apr-19, 16:31:59 
25-Apr-19, 16:31:59 
25-Apr-19, 16:32:09 
25-Apr-19, 16:32:09 
25-Apr-19, 16:32:14 
25-Apr-19, 16:32:14 
25-Apr-19, 16:32:24 
25-Apr-19, 16:32:24 
25-Apr-19, 16:32:29 
25-Apr-19, 16:32:29 
25-Apr-19, 16:32:34 
25-Apr-19, 16:32:34 
25-Apr-19, 16:32:39 
25-Apr-19, 16:32:39 
25-Apr-19, 16:32:44 
25-Apr-19, 16:32:44 
25-Apr-19, 16:32:54 
25-Apr-19, 16:32:54 
25-Apr-19, 16:32:59 
25-Apr-19, 16:32:59 
25-Apr-19, 16:33:04 
25-Apr-19, 16:33:04 
25-Apr-19, 16:33:09 
25-Apr-19, 16:33:09 
25-Apr-19, 16:33:24 
25-Apr-19, 16:33:24 
25-Apr-19, 16:33:29 
25-Apr-19, 16:33:29 
25-Apr-19, 16:33:34 
25-Apr-19, 16:33:35 
25-Apr-19, 16:33:39 
25-Apr-19, 16:33:40 
25-Apr-19, 16:33:45 
25-Apr-19, 16:33:45 
25-Apr-19, 16:33:50 
25-Apr-19, 16:33:50 
25-Apr-19, 16:34:00 
25-Apr-19, 16:34:00 
25-Apr-19, 16:34:10 
25-Apr-19, 16:34:10 
25-Apr-19, 16:34:15 
25-Apr-19, 16:34:15 
25-Apr-19, 16:34:30 
25-Apr-19, 16:34:30 
25-Apr-19, 16:34:35 
25-Apr-19, 16:34:35 
25-Apr-19, 16:34:40 
25-Apr-19, 16:34:40 
25-Apr-19, 16:34:45 
25-Apr-19, 16:34:45 
25-Apr-19, 16:35:00 
25-Apr-19, 16:35:00 
25-Apr-19, 16:35:05 
25-Apr-19, 16:35:05 
25-Apr-19, 16:35:10 
25-Apr-19, 16:35:10 
25-Apr-19, 16:35:15 
25-Apr-19, 16:35:15 
25-Apr-19, 16:35:20 
25-Apr-19, 16:35:20 
25-Apr-19, 16:35:30 
25-Apr-19, 16:35:30 
25-Apr-19, 16:35:35 
25-Apr-19, 16:35:35 
25-Apr-19, 16:35:40 
25-Apr-19, 16:35:40 
25-Apr-19, 16:35:45 
25-Apr-19, 16:35:45 
25-Apr-19, 16:35:50 
25-Apr-19, 16:35:50 
25-Apr-19, 16:36:00 
25-Apr-19, 16:36:00 
25-Apr-19, 16:36:05 
25-Apr-19, 16:36:05 
25-Apr-19, 16:36:10 
25-Apr-19, 16:36:10 
25-Apr-19, 16:36:15 
25-Apr-19, 16:36:15 
25-Apr-19, 16:36:20 
25-Apr-19, 16:36:20 
25-Apr-19, 16:36:30 
25-Apr-19, 16:36:30 
25-Apr-19, 16:36:35 
25-Apr-19, 16:36:35 
25-Apr-19, 16:36:40 
25-Apr-19, 16:36:40 
25-Apr-19, 16:36:45 
25-Apr-19, 16:36:45 
25-Apr-19, 16:36:50 
25-Apr-19, 16:36:50 
25-Apr-19, 16:37:00 
25-Apr-19, 16:37:00 
25-Apr-19, 16:37:05 
25-Apr-19, 16:37:05 
25-Apr-19, 16:37:10 
25-Apr-19, 16:37:10 
25-Apr-19, 16:37:20 
25-Apr-19, 16:37:20 
25-Apr-19, 16:37:30 
25-Apr-19, 16:37:30 
25-Apr-19, 16:37:35 
25-Apr-19, 16:37:35 
25-Apr-19, 16:37:40 
25-Apr-19, 16:37:40 
25-Apr-19, 16:37:45 
25-Apr-19, 16:37:45 
25-Apr-19, 16:37:50 
25-Apr-19, 16:37:50 
25-Apr-19, 16:38:00 
25-Apr-19, 16:38:00 
25-Apr-19, 16:38:05 
25-Apr-19, 16:38:05 
25-Apr-19, 16:38:10 
25-Apr-19, 16:38:10 
25-Apr-19, 16:38:15 
25-Apr-19, 16:38:15 
25-Apr-19, 16:38:20 
25-Apr-19, 16:38:20 
25-Apr-19, 16:38:30 
25-Apr-19, 16:38:35 
25-Apr-19, 16:38:35 
25-Apr-19, 16:38:40 
25-Apr-19, 16:38:40 
25-Apr-19, 16:38:45 
25-Apr-19, 16:38:46 
25-Apr-19, 16:38:50 
25-Apr-19, 16:38:51 
25-Apr-19, 16:38:56 
25-Apr-19, 16:39:00 
25-Apr-19, 16:39:05 
25-Apr-19, 16:39:06 
25-Apr-19, 16:39:10 
25-Apr-19, 16:39:11 
25-Apr-19, 16:39:15 
25-Apr-19, 16:39:16 
25-Apr-19, 16:39:21 
25-Apr-19, 16:39:21 
25-Apr-19, 16:39:26 
25-Apr-19, 16:39:26 
25-Apr-19, 16:39:36 
25-Apr-19, 16:39:36 
25-Apr-19, 16:39:41 
25-Apr-19, 16:39:41 
25-Apr-19, 16:39:46 
25-Apr-19, 16:39:46 
25-Apr-19, 16:39:51 
25-Apr-19, 16:39:51 
25-Apr-19, 16:39:56 
25-Apr-19, 16:39:56 
25-Apr-19, 16:40:06 
25-Apr-19, 16:40:06 
25-Apr-19, 16:40:11 
25-Apr-19, 16:40:11 
25-Apr-19, 16:40:16 
25-Apr-19, 16:40:16 
25-Apr-19, 16:40:21 
25-Apr-19, 16:40:21 
25-Apr-19, 16:40:26 
25-Apr-19, 16:40:26 
25-Apr-19, 16:40:36 
25-Apr-19, 16:40:36 
25-Apr-19, 16:40:41 
25-Apr-19, 16:40:41 
25-Apr-19, 16:40:46 
25-Apr-19, 16:40:46 
25-Apr-19, 16:40:51 
25-Apr-19, 16:40:51 
25-Apr-19, 16:40:56 
25-Apr-19, 16:40:56 
25-Apr-19, 16:41:06 
25-Apr-19, 16:41:06 
25-Apr-19, 16:41:11 
25-Apr-19, 16:41:11 
25-Apr-19, 16:41:16 
25-Apr-19, 16:41:16 
25-Apr-19, 16:41:21 
25-Apr-19, 16:41:21 
25-Apr-19, 16:41:26 
25-Apr-19, 16:41:26 
25-Apr-19, 16:41:36 
25-Apr-19, 16:41:36 
25-Apr-19, 16:41:41 
25-Apr-19, 16:41:41 
25-Apr-19, 16:41:46 
25-Apr-19, 16:41:46 
25-Apr-19, 16:41:51 
25-Apr-19, 16:41:51 
25-Apr-19, 16:41:56 
25-Apr-19, 16:41:56 
25-Apr-19, 16:42:06 
25-Apr-19, 16:42:06 
25-Apr-19, 16:42:11 
25-Apr-19, 16:42:11 
25-Apr-19, 16:42:16 
25-Apr-19, 16:42:16 
25-Apr-19, 16:42:21 
25-Apr-19, 16:42:21 
25-Apr-19, 16:42:26 
25-Apr-19, 16:42:26 
25-Apr-19, 16:42:36 
25-Apr-19, 16:42:36 
25-Apr-19, 16:42:41 
25-Apr-19, 16:42:41 
25-Apr-19, 16:42:46 
25-Apr-19, 16:42:46 
25-Apr-19, 16:42:51 
25-Apr-19, 16:42:51 
25-Apr-19, 16:42:56 
25-Apr-19, 16:42:56 
25-Apr-19, 16:43:06 
25-Apr-19, 16:43:06 
25-Apr-19, 16:43:11 
25-Apr-19, 16:43:11 
25-Apr-19, 16:43:16 
25-Apr-19, 16:43:17 
25-Apr-19, 16:43:21 
25-Apr-19, 16:43:22 
25-Apr-19, 16:43:27 
25-Apr-19, 16:43:27 
25-Apr-19, 16:43:32 
25-Apr-19, 16:43:32 
25-Apr-19, 16:43:42 
25-Apr-19, 16:43:42 
25-Apr-19, 16:43:47 
25-Apr-19, 16:43:47 
25-Apr-19, 16:43:52 
25-Apr-19, 16:43:52 
25-Apr-19, 16:43:57 
25-Apr-19, 16:43:57 
25-Apr-19, 16:44:02 
25-Apr-19, 16:44:02 
25-Apr-19, 16:44:12 
25-Apr-19, 16:44:12 
25-Apr-19, 16:44:17 
25-Apr-19, 16:44:17 
25-Apr-19, 16:44:22 
25-Apr-19, 16:44:22 
25-Apr-19, 16:44:27 
25-Apr-19, 16:44:27 
25-Apr-19, 16:44:32 
25-Apr-19, 16:44:32 
25-Apr-19, 16:44:42 
25-Apr-19, 16:44:42 
25-Apr-19, 16:44:47 
25-Apr-19, 16:44:47 
25-Apr-19, 16:44:57 
25-Apr-19, 16:44:57 
25-Apr-19, 16:45:02 
25-Apr-19, 16:45:02 
25-Apr-19, 16:45:12 
25-Apr-19, 16:45:12 
25-Apr-19, 16:45:17 
25-Apr-19, 16:45:17 
25-Apr-19, 16:45:22 
25-Apr-19, 16:45:22 
25-Apr-19, 16:45:27 
25-Apr-19, 16:45:27 
25-Apr-19, 16:45:32 
25-Apr-19, 16:45:32 
25-Apr-19, 16:45:42 
25-Apr-19, 16:45:42 
25-Apr-19, 16:45:47 
25-Apr-19, 16:45:47 
25-Apr-19, 16:45:52 
25-Apr-19, 16:45:52 
25-Apr-19, 16:45:57 
25-Apr-19, 16:45:57 
25-Apr-19, 16:46:02 
25-Apr-19, 16:46:02 
25-Apr-19, 16:46:12 
25-Apr-19, 16:46:12 
25-Apr-19, 16:46:17 
25-Apr-19, 16:46:17 
25-Apr-19, 16:46:22 
25-Apr-19, 16:46:27 
25-Apr-19, 16:46:27 
25-Apr-19, 16:46:32 
25-Apr-19, 16:46:32 
25-Apr-19, 16:46:42 
25-Apr-19, 16:46:42 
25-Apr-19, 16:46:47 
25-Apr-19, 16:46:47 
25-Apr-19, 16:46:52 
25-Apr-19, 16:46:52 
25-Apr-19, 16:46:57 
25-Apr-19, 16:46:57 
25-Apr-19, 16:47:02 
25-Apr-19, 16:47:02 
25-Apr-19, 16:47:12 
25-Apr-19, 16:47:12 
25-Apr-19, 16:47:17 
25-Apr-19, 16:47:17 
25-Apr-19, 16:47:22 
25-Apr-19, 16:47:22 
25-Apr-19, 16:47:27 
25-Apr-19, 16:47:27 
25-Apr-19, 16:47:32 
25-Apr-19, 16:47:32 
25-Apr-19, 16:47:42 
25-Apr-19, 16:47:42 
25-Apr-19, 16:47:47 
25-Apr-19, 16:47:47 
25-Apr-19, 16:47:52 
25-Apr-19, 16:47:52 
25-Apr-19, 16:47:57 
25-Apr-19, 16:47:57 
25-Apr-19, 16:48:02 
25-Apr-19, 16:48:02 
25-Apr-19, 16:48:12 
25-Apr-19, 16:48:12 
25-Apr-19, 16:48:17 
25-Apr-19, 16:48:17 
25-Apr-19, 16:48:22 
25-Apr-19, 16:48:22 
25-Apr-19, 16:48:28 
25-Apr-19, 16:48:28 
25-Apr-19, 16:48:33 
25-Apr-19, 16:48:33 
25-Apr-19, 16:48:38 
25-Apr-19, 16:48:38 
25-Apr-19, 16:48:48 
25-Apr-19, 16:48:48 
25-Apr-19, 16:48:53 
25-Apr-19, 16:48:53 
25-Apr-19, 16:48:58 
25-Apr-19, 16:48:58 
25-Apr-19, 16:49:03 
25-Apr-19, 16:49:03 
25-Apr-19, 16:49:08 
25-Apr-19, 16:49:08 
25-Apr-19, 16:49:18 
25-Apr-19, 16:49:18 
25-Apr-19, 16:49:23 
25-Apr-19, 16:49:23 
25-Apr-19, 16:49:28 
25-Apr-19, 16:49:28 
25-Apr-19, 16:49:33 
25-Apr-19, 16:49:33 
25-Apr-19, 16:49:38 
25-Apr-19, 16:49:38 
25-Apr-19, 16:49:48 
25-Apr-19, 16:49:48 
25-Apr-19, 16:49:53 
25-Apr-19, 16:49:53 
25-Apr-19, 16:49:58 
25-Apr-19, 16:49:58 
25-Apr-19, 16:50:03 
25-Apr-19, 16:50:03 
25-Apr-19, 16:50:08 
25-Apr-19, 16:50:08 
25-Apr-19, 16:50:18 
25-Apr-19, 16:50:18 
25-Apr-19, 16:50:23 
25-Apr-19, 16:50:23 
25-Apr-19, 16:50:33 
25-Apr-19, 16:50:33 
25-Apr-19, 16:50:48 
25-Apr-19, 16:50:48 
25-Apr-19, 16:50:53 
25-Apr-19, 16:50:53 
25-Apr-19, 16:50:58 
25-Apr-19, 16:50:58 
25-Apr-19, 16:51:03 
25-Apr-19, 16:51:03 
25-Apr-19, 16:51:08 
25-Apr-19, 16:51:08 
25-Apr-19, 16:51:13 
25-Apr-19, 16:51:13 
25-Apr-19, 16:51:18 
25-Apr-19, 16:51:18 
25-Apr-19, 16:51:23 
25-Apr-19, 16:51:23 
25-Apr-19, 16:51:28 
25-Apr-19, 16:51:28 
25-Apr-19, 16:51:33 
25-Apr-19, 16:51:33 
25-Apr-19, 16:51:38 
25-Apr-19, 16:51:38 
25-Apr-19, 16:51:48 
25-Apr-19, 16:51:48 
25-Apr-19, 16:51:53 
25-Apr-19, 16:51:53 
25-Apr-19, 16:51:58 
25-Apr-19, 16:51:58 
25-Apr-19, 16:52:03 
25-Apr-19, 16:52:03 
25-Apr-19, 16:52:08 
25-Apr-19, 16:52:08 
25-Apr-19, 16:52:23 
25-Apr-19, 16:52:23 
25-Apr-19, 16:52:28 
25-Apr-19, 16:52:28 
25-Apr-19, 16:52:33 
25-Apr-19, 16:52:33 
25-Apr-19, 16:52:38 
25-Apr-19, 16:52:38 
25-Apr-19, 16:52:48 
25-Apr-19, 16:52:48 
25-Apr-19, 16:52:53 
25-Apr-19, 16:52:53 
25-Apr-19, 16:52:58 
25-Apr-19, 16:52:58 
25-Apr-19, 16:53:03 
25-Apr-19, 16:53:03 
25-Apr-19, 16:53:08 
25-Apr-19, 16:53:08 
25-Apr-19, 16:53:18 
25-Apr-19, 16:53:18 
25-Apr-19, 16:53:23 
25-Apr-19, 16:53:23 
25-Apr-19, 16:53:28 
25-Apr-19, 16:53:28 
25-Apr-19, 16:53:33 
25-Apr-19, 16:53:33 
25-Apr-19, 16:53:38 
25-Apr-19, 16:53:38 
25-Apr-19, 16:53:43 
25-Apr-19, 16:53:43 
25-Apr-19, 16:53:48 
25-Apr-19, 16:53:54 
25-Apr-19, 16:53:59 
25-Apr-19, 16:53:59 
25-Apr-19, 16:54:04 
25-Apr-19, 16:54:04 
25-Apr-19, 16:54:09 
25-Apr-19, 16:54:09 
25-Apr-19, 16:54:14 
25-Apr-19, 16:54:14 
25-Apr-19, 16:54:24 
25-Apr-19, 16:54:24 
25-Apr-19, 16:54:29 
25-Apr-19, 16:54:29 
25-Apr-19, 16:54:34 
25-Apr-19, 16:54:34 
25-Apr-19, 16:54:39 
25-Apr-19, 16:54:39 
25-Apr-19, 16:54:44 
25-Apr-19, 16:54:44 
25-Apr-19, 16:54:54 
25-Apr-19, 16:54:54 
25-Apr-19, 16:54:59 
25-Apr-19, 16:54:59 
25-Apr-19, 16:55:04 
25-Apr-19, 16:55:04 
25-Apr-19, 16:55:09 
25-Apr-19, 16:55:09 
25-Apr-19, 16:55:14 
25-Apr-19, 16:55:14 
25-Apr-19, 16:55:24 
25-Apr-19, 16:55:24 
25-Apr-19, 16:55:29 
25-Apr-19, 16:55:29 
25-Apr-19, 16:55:34 
25-Apr-19, 16:55:34 
25-Apr-19, 16:55:39 
25-Apr-19, 16:55:39 
25-Apr-19, 16:55:44 
25-Apr-19, 16:55:44 
25-Apr-19, 16:55:49 
25-Apr-19, 16:55:49 
25-Apr-19, 16:55:54 
25-Apr-19, 16:55:54 
25-Apr-19, 16:55:59 
25-Apr-19, 16:55:59 
25-Apr-19, 16:56:04 
25-Apr-19, 16:56:04 
25-Apr-19, 16:56:09 
25-Apr-19, 16:56:09 
25-Apr-19, 16:56:14 
25-Apr-19, 16:56:14 
25-Apr-19, 16:56:24 
25-Apr-19, 16:56:24 
25-Apr-19, 16:56:29 
25-Apr-19, 16:56:29 
25-Apr-19, 16:56:34 
25-Apr-19, 16:56:34 
25-Apr-19, 16:56:39 
25-Apr-19, 16:56:39 
25-Apr-19, 16:56:44 
25-Apr-19, 16:56:44 
25-Apr-19, 16:56:54 
25-Apr-19, 16:56:54 
25-Apr-19, 16:56:59 
25-Apr-19, 16:56:59 
25-Apr-19, 16:57:04 
25-Apr-19, 16:57:04 
25-Apr-19, 16:57:09 
25-Apr-19, 16:57:09 
25-Apr-19, 16:57:14 
25-Apr-19, 16:57:14 
25-Apr-19, 16:57:24 
25-Apr-19, 16:57:24 
25-Apr-19, 16:57:29 
25-Apr-19, 16:57:35 
25-Apr-19, 16:57:35 
25-Apr-19, 16:57:40 
25-Apr-19, 16:57:40 
25-Apr-19, 16:57:45 
25-Apr-19, 16:57:45 
25-Apr-19, 16:57:50 
25-Apr-19, 16:57:50 
25-Apr-19, 16:58:00 
25-Apr-19, 16:58:00 
25-Apr-19, 16:58:05 
25-Apr-19, 16:58:05 
25-Apr-19, 16:58:10 
25-Apr-19, 16:58:15 
25-Apr-19, 16:58:15 
25-Apr-19, 16:58:20 
25-Apr-19, 16:58:20 
25-Apr-19, 16:58:30 
25-Apr-19, 16:58:30 
25-Apr-19, 16:58:35 
25-Apr-19, 16:58:35 
25-Apr-19, 16:58:40 
25-Apr-19, 16:58:40 
25-Apr-19, 16:58:45 
25-Apr-19, 16:58:45 
25-Apr-19, 16:58:50 
25-Apr-19, 16:58:50 
25-Apr-19, 16:59:00 
25-Apr-19, 16:59:00 
25-Apr-19, 16:59:05 
25-Apr-19, 16:59:05 
25-Apr-19, 16:59:10 
25-Apr-19, 16:59:10 
25-Apr-19, 16:59:15 
25-Apr-19, 16:59:15 
25-Apr-19, 16:59:20 
25-Apr-19, 16:59:20 
25-Apr-19, 16:59:30 
25-Apr-19, 16:59:30 
25-Apr-19, 16:59:40 
25-Apr-19, 16:59:40 
25-Apr-19, 16:59:45 
25-Apr-19, 16:59:45 
25-Apr-19, 17:00:00 
25-Apr-19, 17:00:00 
25-Apr-19, 17:00:10 
25-Apr-19, 17:00:10 
25-Apr-19, 17:00:15 
25-Apr-19, 17:00:15 
25-Apr-19, 17:00:20 
25-Apr-19, 17:00:20 
25-Apr-19, 17:00:30 
25-Apr-19, 17:00:30 
25-Apr-19, 17:00:35 
25-Apr-19, 17:00:35 
25-Apr-19, 17:00:40 
25-Apr-19, 17:00:40 
25-Apr-19, 17:00:45 
25-Apr-19, 17:00:45 
25-Apr-19, 17:00:50 
25-Apr-19, 17:00:50 
25-Apr-19, 17:01:00 
25-Apr-19, 17:01:00 
25-Apr-19, 17:01:05 
25-Apr-19, 17:01:05 
25-Apr-19, 17:01:10 
25-Apr-19, 17:01:15 
25-Apr-19, 17:01:15 
25-Apr-19, 17:01:20 
25-Apr-19, 17:01:20 
25-Apr-19, 17:01:25 
25-Apr-19, 17:01:25 
25-Apr-19, 17:01:30 
25-Apr-19, 17:01:30 
25-Apr-19, 17:01:36 
25-Apr-19, 17:01:36 
25-Apr-19, 17:01:41 
25-Apr-19, 17:01:41 
25-Apr-19, 17:01:46 
25-Apr-19, 17:01:46 
25-Apr-19, 17:01:51 
25-Apr-19, 17:01:51 
25-Apr-19, 17:01:56 
25-Apr-19, 17:01:56 
25-Apr-19, 17:02:06 
25-Apr-19, 17:02:06 
25-Apr-19, 17:02:11 
25-Apr-19, 17:02:11 
25-Apr-19, 17:02:16 
25-Apr-19, 17:02:16 
25-Apr-19, 17:02:21 
25-Apr-19, 17:02:21 
25-Apr-19, 17:02:26 
25-Apr-19, 17:02:26 
25-Apr-19, 17:02:36 
25-Apr-19, 17:02:36 
25-Apr-19, 17:02:41 
25-Apr-19, 17:02:41 
25-Apr-19, 17:02:46 
25-Apr-19, 17:02:46 
25-Apr-19, 17:02:51 
25-Apr-19, 17:02:51 
25-Apr-19, 17:03:06 
25-Apr-19, 17:03:06 
25-Apr-19, 17:03:11 
25-Apr-19, 17:03:11 
25-Apr-19, 17:03:16 
25-Apr-19, 17:03:16 
25-Apr-19, 17:03:21 
25-Apr-19, 17:03:21 
25-Apr-19, 17:03:26 
25-Apr-19, 17:03:26 
25-Apr-19, 17:03:36 
25-Apr-19, 17:03:36 
25-Apr-19, 17:03:41 
25-Apr-19, 17:03:41 
25-Apr-19, 17:03:46 
25-Apr-19, 17:03:46 
25-Apr-19, 17:03:51 
25-Apr-19, 17:03:51 
25-Apr-19, 17:03:56 
25-Apr-19, 17:03:56 
25-Apr-19, 17:04:06 
25-Apr-19, 17:04:06 
25-Apr-19, 17:04:11 
25-Apr-19, 17:04:11 
25-Apr-19, 17:04:16 
25-Apr-19, 17:04:16 
25-Apr-19, 17:04:21 
25-Apr-19, 17:04:21 
25-Apr-19, 17:04:26 
25-Apr-19, 17:04:26 
25-Apr-19, 17:04:36 
25-Apr-19, 17:04:36 
25-Apr-19, 17:04:41 
25-Apr-19, 17:04:41 
25-Apr-19, 17:04:46 
25-Apr-19, 17:04:51 
25-Apr-19, 17:04:51 
25-Apr-19, 17:04:56 
25-Apr-19, 17:04:56 
25-Apr-19, 17:05:06 
25-Apr-19, 17:05:06 
25-Apr-19, 17:05:11 
25-Apr-19, 17:05:11 
25-Apr-19, 17:05:21 
25-Apr-19, 17:05:21 
25-Apr-19, 17:05:26 
25-Apr-19, 17:05:26 
25-Apr-19, 17:05:31 
25-Apr-19, 17:05:31 
25-Apr-19, 17:05:36 
25-Apr-19, 17:05:36 
25-Apr-19, 17:05:41 
25-Apr-19, 17:05:41 
25-Apr-19, 17:05:46 
25-Apr-19, 17:05:46 
25-Apr-19, 17:05:51 
25-Apr-19, 17:05:51 
25-Apr-19, 17:05:56 
25-Apr-19, 17:05:56 
25-Apr-19, 17:06:06 
25-Apr-19, 17:06:06 
25-Apr-19, 17:06:11 
25-Apr-19, 17:06:11 
25-Apr-19, 17:06:16 
25-Apr-19, 17:06:16 
25-Apr-19, 17:06:21 
25-Apr-19, 17:06:21 
25-Apr-19, 17:06:27 
25-Apr-19, 17:06:27 
25-Apr-19, 17:06:32 
25-Apr-19, 17:06:32 
25-Apr-19, 17:06:42 
25-Apr-19, 17:06:42 
25-Apr-19, 17:06:47 
25-Apr-19, 17:06:47 
25-Apr-19, 17:06:52 
25-Apr-19, 17:06:52 
25-Apr-19, 17:06:57 
25-Apr-19, 17:06:57 
25-Apr-19, 17:07:02 
25-Apr-19, 17:07:02 
25-Apr-19, 17:07:07 
25-Apr-19, 17:07:07 
25-Apr-19, 17:07:12 
25-Apr-19, 17:07:12 
25-Apr-19, 17:07:17 
25-Apr-19, 17:07:17 
25-Apr-19, 17:07:22 
25-Apr-19, 17:07:22 
25-Apr-19, 17:07:32 
25-Apr-19, 17:07:32 
25-Apr-19, 17:07:37 
25-Apr-19, 17:07:37 
25-Apr-19, 17:07:42 
25-Apr-19, 17:07:42 
25-Apr-19, 17:07:47 
25-Apr-19, 17:07:47 
25-Apr-19, 17:07:52 
25-Apr-19, 17:07:52 
25-Apr-19, 17:07:57 
25-Apr-19, 17:07:57 
25-Apr-19, 17:08:02 
25-Apr-19, 17:08:02 
25-Apr-19, 17:08:12 
25-Apr-19, 17:08:12 
25-Apr-19, 17:08:17 
25-Apr-19, 17:08:17 
25-Apr-19, 17:08:22 
25-Apr-19, 17:08:22 
25-Apr-19, 17:08:27 
25-Apr-19, 17:08:27 
25-Apr-19, 17:08:32 
25-Apr-19, 17:08:32 
25-Apr-19, 17:08:42 
25-Apr-19, 17:08:42 
25-Apr-19, 17:08:47 
25-Apr-19, 17:08:47 
25-Apr-19, 17:08:52 
25-Apr-19, 17:08:52 
25-Apr-19, 17:08:57 
25-Apr-19, 17:08:57 
25-Apr-19, 17:09:02 
25-Apr-19, 17:09:02 
25-Apr-19, 17:09:12 
25-Apr-19, 17:09:12 
25-Apr-19, 17:09:17 
25-Apr-19, 17:09:17 
25-Apr-19, 17:09:27 
25-Apr-19, 17:09:27 
25-Apr-19, 17:09:32 
25-Apr-19, 17:09:32 
25-Apr-19, 17:09:42 
25-Apr-19, 17:09:42 
25-Apr-19, 17:09:47 
25-Apr-19, 17:09:47 
25-Apr-19, 17:09:52 
25-Apr-19, 17:09:52 
25-Apr-19, 17:09:57 
25-Apr-19, 17:09:57 
25-Apr-19, 17:10:12 
25-Apr-19, 17:10:12 
25-Apr-19, 17:10:17 
25-Apr-19, 17:10:17 
25-Apr-19, 17:10:22 
25-Apr-19, 17:10:22 
25-Apr-19, 17:10:27 
25-Apr-19, 17:10:27 
25-Apr-19, 17:10:32 
25-Apr-19, 17:10:32 
25-Apr-19, 17:10:42 
25-Apr-19, 17:10:42 
25-Apr-19, 17:10:47 
25-Apr-19, 17:10:47 
25-Apr-19, 17:10:52 
25-Apr-19, 17:10:52 
25-Apr-19, 17:10:57 
25-Apr-19, 17:10:57 
25-Apr-19, 17:11:02 
25-Apr-19, 17:11:02 
25-Apr-19, 17:11:08 
25-Apr-19, 17:11:08 
25-Apr-19, 17:11:23 
25-Apr-19, 17:11:23 
25-Apr-19, 17:11:28 
25-Apr-19, 17:11:28 
25-Apr-19, 17:11:33 
25-Apr-19, 17:11:33 
25-Apr-19, 17:11:38 
25-Apr-19, 17:11:38 
25-Apr-19, 17:11:48 
25-Apr-19, 17:11:48 
25-Apr-19, 17:11:53 
25-Apr-19, 17:11:53 
25-Apr-19, 17:11:58 
25-Apr-19, 17:11:58 
25-Apr-19, 17:12:03 
25-Apr-19, 17:12:03 
25-Apr-19, 17:12:13 
25-Apr-19, 17:12:13 
25-Apr-19, 17:12:18 
25-Apr-19, 17:12:18 
25-Apr-19, 17:12:23 
25-Apr-19, 17:12:23 
25-Apr-19, 17:12:28 
25-Apr-19, 17:12:28 
25-Apr-19, 17:12:33 
25-Apr-19, 17:12:33 
25-Apr-19, 17:12:38 
25-Apr-19, 17:12:38 
25-Apr-19, 17:12:48 
25-Apr-19, 17:12:48 
25-Apr-19, 17:12:53 
25-Apr-19, 17:12:53 
25-Apr-19, 17:12:58 
25-Apr-19, 17:12:58 
25-Apr-19, 17:13:03 
25-Apr-19, 17:13:03 
25-Apr-19, 17:13:08 
25-Apr-19, 17:13:08 
25-Apr-19, 17:13:23 
25-Apr-19, 17:13:23 
25-Apr-19, 17:13:28 
25-Apr-19, 17:13:28 
25-Apr-19, 17:13:33 
25-Apr-19, 17:13:33 
25-Apr-19, 17:13:38 
25-Apr-19, 17:13:38 
25-Apr-19, 17:13:43 
25-Apr-19, 17:13:43 
25-Apr-19, 17:13:48 
25-Apr-19, 17:13:48 
25-Apr-19, 17:13:53 
25-Apr-19, 17:13:53 
25-Apr-19, 17:13:58 
25-Apr-19, 17:13:58 
25-Apr-19, 17:14:03 
25-Apr-19, 17:14:03 
25-Apr-19, 17:14:08 
25-Apr-19, 17:14:08 
25-Apr-19, 17:14:18 
25-Apr-19, 17:14:18 
25-Apr-19, 17:14:29 
25-Apr-19, 17:14:29 
25-Apr-19, 17:14:34 
25-Apr-19, 17:14:34 
25-Apr-19, 17:14:39 
25-Apr-19, 17:14:39 
25-Apr-19, 17:14:44 
25-Apr-19, 17:14:44 
25-Apr-19, 17:14:54 
25-Apr-19, 17:14:54 
25-Apr-19, 17:14:59 
25-Apr-19, 17:14:59 
25-Apr-19, 17:15:04 
25-Apr-19, 17:15:04 
25-Apr-19, 17:15:09 
25-Apr-19, 17:15:09 
25-Apr-19, 17:15:14 
25-Apr-19, 17:15:14 
25-Apr-19, 17:15:24 
25-Apr-19, 17:15:24 
25-Apr-19, 17:15:29 
25-Apr-19, 17:15:29 
25-Apr-19, 17:15:34 
25-Apr-19, 17:15:34 
25-Apr-19, 17:15:39 
25-Apr-19, 17:15:39 
25-Apr-19, 17:15:59 
25-Apr-19, 17:15:59 
25-Apr-19, 17:16:04 
25-Apr-19, 17:16:04 
25-Apr-19, 17:16:09 
25-Apr-19, 17:16:09 
25-Apr-19, 17:16:14 
25-Apr-19, 17:16:14 
25-Apr-19, 17:16:24 
25-Apr-19, 17:16:24 
25-Apr-19, 17:16:29 
25-Apr-19, 17:16:29 
25-Apr-19, 17:16:34 
25-Apr-19, 17:16:34 
25-Apr-19, 17:16:39 
25-Apr-19, 17:16:39 
25-Apr-19, 17:16:49 
25-Apr-19, 17:16:49 
25-Apr-19, 17:16:54 
25-Apr-19, 17:16:54 
25-Apr-19, 17:16:59 
25-Apr-19, 17:16:59 
25-Apr-19, 17:17:04 
25-Apr-19, 17:17:04 
25-Apr-19, 17:17:09 
25-Apr-19, 17:17:09 
25-Apr-19, 17:17:14 
25-Apr-19, 17:17:14 
25-Apr-19, 17:17:19 
25-Apr-19, 17:17:19 
25-Apr-19, 17:17:24 
25-Apr-19, 17:17:24 
25-Apr-19, 17:17:29 
25-Apr-19, 17:17:29 
25-Apr-19, 17:17:34 
25-Apr-19, 17:17:34 
25-Apr-19, 17:17:39 
25-Apr-19, 17:17:39 
25-Apr-19, 17:17:44 
25-Apr-19, 17:17:44 
25-Apr-19, 17:17:49 
25-Apr-19, 17:17:49 
25-Apr-19, 17:17:54 
25-Apr-19, 17:17:54 
25-Apr-19, 17:17:59 
25-Apr-19, 17:17:59 
25-Apr-19, 17:18:04 
25-Apr-19, 17:18:04 
25-Apr-19, 17:18:09 
25-Apr-19, 17:18:09 
25-Apr-19, 17:18:14 
25-Apr-19, 17:18:14 
25-Apr-19, 17:18:19 
25-Apr-19, 17:18:19 
25-Apr-19, 17:18:24 
25-Apr-19, 17:18:24 
25-Apr-19, 17:18:29 
25-Apr-19, 17:18:29 
25-Apr-19, 17:18:34 
25-Apr-19, 17:18:34 
25-Apr-19, 17:18:39 
25-Apr-19, 17:18:39 
25-Apr-19, 17:18:44 
25-Apr-19, 17:18:44 
25-Apr-19, 17:18:49 
25-Apr-19, 17:18:49 
25-Apr-19, 17:18:54 
25-Apr-19, 17:18:54 
25-Apr-19, 17:18:59 
25-Apr-19, 17:18:59 
25-Apr-19, 17:19:04 
25-Apr-19, 17:19:04 
25-Apr-19, 17:19:09 
25-Apr-19, 17:19:09 
25-Apr-19, 17:19:14 
25-Apr-19, 17:19:15 
25-Apr-19, 17:19:19 
25-Apr-19, 17:19:24 
25-Apr-19, 17:19:35 
25-Apr-19, 17:19:35 
25-Apr-19, 17:19:40 
25-Apr-19, 17:19:40 
25-Apr-19, 17:19:45 
25-Apr-19, 17:19:45 
25-Apr-19, 17:20:00 
25-Apr-19, 17:20:00 
25-Apr-19, 17:20:05 
25-Apr-19, 17:20:05 
25-Apr-19, 17:20:10 
25-Apr-19, 17:20:10 
25-Apr-19, 17:20:15 
25-Apr-19, 17:20:15 
25-Apr-19, 17:20:20 
25-Apr-19, 17:20:20 
25-Apr-19, 17:20:30 
25-Apr-19, 17:20:30 
25-Apr-19, 17:20:35 
25-Apr-19, 17:20:35 
25-Apr-19, 17:20:40 
25-Apr-19, 17:20:40 
25-Apr-19, 17:20:45 
25-Apr-19, 17:20:45 
25-Apr-19, 17:20:55 
25-Apr-19, 17:20:55 
25-Apr-19, 17:21:00 
25-Apr-19, 17:21:00 
25-Apr-19, 17:21:05 
25-Apr-19, 17:21:05 
25-Apr-19, 17:21:10 
25-Apr-19, 17:21:10 
25-Apr-19, 17:21:15 
25-Apr-19, 17:21:15 
25-Apr-19, 17:21:25 
25-Apr-19, 17:21:25 
25-Apr-19, 17:21:30 
25-Apr-19, 17:21:30 
25-Apr-19, 17:21:35 
25-Apr-19, 17:21:35 
25-Apr-19, 17:21:40 
25-Apr-19, 17:21:40 
25-Apr-19, 17:21:45 
25-Apr-19, 17:21:45 
25-Apr-19, 17:22:00 
25-Apr-19, 17:22:00 
25-Apr-19, 17:22:05 
25-Apr-19, 17:22:05 
25-Apr-19, 17:22:10 
25-Apr-19, 17:22:10 
25-Apr-19, 17:22:15 
25-Apr-19, 17:22:15 
25-Apr-19, 17:22:35 
25-Apr-19, 17:22:35 
25-Apr-19, 17:22:40 
25-Apr-19, 17:22:40 
25-Apr-19, 17:22:45 
25-Apr-19, 17:22:45 
25-Apr-19, 17:22:50 
25-Apr-19, 17:22:50 
25-Apr-19, 17:23:00 
25-Apr-19, 17:23:00 
25-Apr-19, 17:23:05 
25-Apr-19, 17:23:05 
25-Apr-19, 17:23:10 
25-Apr-19, 17:23:10 
25-Apr-19, 17:23:15 
25-Apr-19, 17:23:15 
25-Apr-19, 17:23:21 
25-Apr-19, 17:23:25 
25-Apr-19, 17:23:26 
25-Apr-19, 17:23:30 
25-Apr-19, 17:23:31 
25-Apr-19, 17:23:35 
25-Apr-19, 17:23:36 
25-Apr-19, 17:23:40 
25-Apr-19, 17:23:41 
25-Apr-19, 17:23:45 
25-Apr-19, 17:23:46 
25-Apr-19, 17:23:51 
25-Apr-19, 17:23:55 
25-Apr-19, 17:24:00 
25-Apr-19, 17:24:01 
25-Apr-19, 17:24:05 
25-Apr-19, 17:24:06 
25-Apr-19, 17:24:10 
25-Apr-19, 17:24:11 
25-Apr-19, 17:24:15 
25-Apr-19, 17:24:16 
25-Apr-19, 17:24:21 
25-Apr-19, 17:24:26 
25-Apr-19, 17:24:30 
25-Apr-19, 17:24:31 
25-Apr-19, 17:24:35 
25-Apr-19, 17:24:36 
25-Apr-19, 17:24:40 
25-Apr-19, 17:24:41 
25-Apr-19, 17:24:46 
25-Apr-19, 17:24:46 
25-Apr-19, 17:24:51 
25-Apr-19, 17:24:51 
25-Apr-19, 17:24:56 
25-Apr-19, 17:24:56 
25-Apr-19, 17:25:01 
25-Apr-19, 17:25:01 
25-Apr-19, 17:25:06 
25-Apr-19, 17:25:06 
25-Apr-19, 17:25:11 
25-Apr-19, 17:25:11 
25-Apr-19, 17:25:16 
25-Apr-19, 17:25:16 
25-Apr-19, 17:25:21 
25-Apr-19, 17:25:21 
25-Apr-19, 17:25:26 
25-Apr-19, 17:25:26 
25-Apr-19, 17:25:31 
25-Apr-19, 17:25:36 
25-Apr-19, 17:25:36 
25-Apr-19, 17:25:41 
25-Apr-19, 17:25:41 
25-Apr-19, 17:25:46 
25-Apr-19, 17:25:46 
25-Apr-19, 17:25:51 
25-Apr-19, 17:25:51 
25-Apr-19, 17:25:56 
25-Apr-19, 17:25:56 
25-Apr-19, 17:26:01 
25-Apr-19, 17:26:01 
25-Apr-19, 17:26:06 
25-Apr-19, 17:26:06 
25-Apr-19, 17:26:11 
25-Apr-19, 17:26:11 
25-Apr-19, 17:26:16 
25-Apr-19, 17:26:16 
25-Apr-19, 17:26:21 
25-Apr-19, 17:26:21 
25-Apr-19, 17:26:31 
25-Apr-19, 17:26:31 
25-Apr-19, 17:26:36 
25-Apr-19, 17:26:36 
25-Apr-19, 17:26:41 
25-Apr-19, 17:26:41 
25-Apr-19, 17:26:46 
25-Apr-19, 17:26:46 
25-Apr-19, 17:26:51 
25-Apr-19, 17:26:51 
25-Apr-19, 17:27:01 
25-Apr-19, 17:27:01 
25-Apr-19, 17:27:06 
25-Apr-19, 17:27:06 
25-Apr-19, 17:27:11 
25-Apr-19, 17:27:11 
25-Apr-19, 17:27:16 
25-Apr-19, 17:27:16 
25-Apr-19, 17:27:21 
25-Apr-19, 17:27:21 
25-Apr-19, 17:27:31 
25-Apr-19, 17:27:31 
25-Apr-19, 17:27:36 
25-Apr-19, 17:27:36 
25-Apr-19, 17:27:41 
25-Apr-19, 17:27:41 
25-Apr-19, 17:27:46 
25-Apr-19, 17:27:46 
25-Apr-19, 17:27:51 
25-Apr-19, 17:27:51 
25-Apr-19, 17:28:01 
25-Apr-19, 17:28:01 
25-Apr-19, 17:28:06 
25-Apr-19, 17:28:11 
25-Apr-19, 17:28:11 
25-Apr-19, 17:28:16 
25-Apr-19, 17:28:16 
25-Apr-19, 17:28:21 
25-Apr-19, 17:28:21 
25-Apr-19, 17:28:31 
25-Apr-19, 17:28:31 
25-Apr-19, 17:28:36 
25-Apr-19, 17:28:36 
25-Apr-19, 17:28:41 
25-Apr-19, 17:28:41 
25-Apr-19, 17:28:46 
25-Apr-19, 17:28:46 
25-Apr-19, 17:28:51 
25-Apr-19, 17:28:52 
25-Apr-19, 17:28:57 
25-Apr-19, 17:29:01 
25-Apr-19, 17:29:06 
25-Apr-19, 17:29:07 
25-Apr-19, 17:29:11 
25-Apr-19, 17:29:12 
25-Apr-19, 17:29:16 
25-Apr-19, 17:29:17 
25-Apr-19, 17:29:21 
25-Apr-19, 17:29:27 
25-Apr-19, 17:29:27 
25-Apr-19, 17:29:37 
25-Apr-19, 17:29:37 
25-Apr-19, 17:29:42 
25-Apr-19, 17:29:42 
25-Apr-19, 17:29:47 
25-Apr-19, 17:29:47 
25-Apr-19, 17:29:52 
25-Apr-19, 17:29:52 
25-Apr-19, 17:29:57 
25-Apr-19, 17:29:57 
25-Apr-19, 17:30:07 
25-Apr-19, 17:30:12 
25-Apr-19, 17:30:12 
25-Apr-19, 17:30:17 
25-Apr-19, 17:30:17 
25-Apr-19, 17:30:22 
25-Apr-19, 17:30:22 
25-Apr-19, 17:30:27 
25-Apr-19, 17:30:27 
25-Apr-19, 17:30:37 
25-Apr-19, 17:30:37 
25-Apr-19, 17:30:42 
25-Apr-19, 17:30:42 
25-Apr-19, 17:30:47 
25-Apr-19, 17:30:47 
25-Apr-19, 17:30:52 
25-Apr-19, 17:30:52 
25-Apr-19, 17:30:57 
25-Apr-19, 17:30:57 
25-Apr-19, 17:31:07 
25-Apr-19, 17:31:07 
25-Apr-19, 17:31:12 
25-Apr-19, 17:31:12 
25-Apr-19, 17:31:17 
25-Apr-19, 17:31:17 
25-Apr-19, 17:31:22 
25-Apr-19, 17:31:22 
25-Apr-19, 17:31:27 
25-Apr-19, 17:31:27 
25-Apr-19, 17:31:37 
25-Apr-19, 17:31:37 
25-Apr-19, 17:31:42 
25-Apr-19, 17:31:42 
25-Apr-19, 17:31:47 
25-Apr-19, 17:31:47 
25-Apr-19, 17:31:52 
25-Apr-19, 17:31:52 
25-Apr-19, 17:31:57 
25-Apr-19, 17:31:57 
25-Apr-19, 17:32:07 
25-Apr-19, 17:32:07 
25-Apr-19, 17:32:12 
25-Apr-19, 17:32:12 
25-Apr-19, 17:32:22 
25-Apr-19, 17:32:22 
25-Apr-19, 17:32:27 
25-Apr-19, 17:32:27 
25-Apr-19, 17:32:37 
25-Apr-19, 17:32:37 
25-Apr-19, 17:32:42 
25-Apr-19, 17:32:42 
25-Apr-19, 17:32:47 
25-Apr-19, 17:32:47 
25-Apr-19, 17:32:52 
25-Apr-19, 17:32:52 
25-Apr-19, 17:32:57 
25-Apr-19, 17:32:57 
25-Apr-19, 17:33:03 
25-Apr-19, 17:33:07 
25-Apr-19, 17:33:12 
25-Apr-19, 17:33:13 
25-Apr-19, 17:33:17 
25-Apr-19, 17:33:18 
25-Apr-19, 17:33:22 
25-Apr-19, 17:33:23 
25-Apr-19, 17:33:27 
25-Apr-19, 17:33:28 
25-Apr-19, 17:33:33 
25-Apr-19, 17:33:37 
25-Apr-19, 17:33:42 
25-Apr-19, 17:33:43 
25-Apr-19, 17:33:47 
25-Apr-19, 17:33:48 
25-Apr-19, 17:33:52 
25-Apr-19, 17:33:53 
25-Apr-19, 17:33:57 
25-Apr-19, 17:34:03 
25-Apr-19, 17:34:07 
25-Apr-19, 17:34:13 
25-Apr-19, 17:34:13 
25-Apr-19, 17:34:18 
25-Apr-19, 17:34:18 
25-Apr-19, 17:34:28 
25-Apr-19, 17:34:28 
25-Apr-19, 17:34:33 
25-Apr-19, 17:34:33 
25-Apr-19, 17:34:43 
25-Apr-19, 17:34:43 
25-Apr-19, 17:34:48 
25-Apr-19, 17:34:48 
25-Apr-19, 17:34:53 
25-Apr-19, 17:34:53 
25-Apr-19, 17:34:58 
25-Apr-19, 17:34:58 
25-Apr-19, 17:35:03 
25-Apr-19, 17:35:03 
25-Apr-19, 17:35:13 
25-Apr-19, 17:35:13 
25-Apr-19, 17:35:18 
25-Apr-19, 17:35:18 
25-Apr-19, 17:35:23 
25-Apr-19, 17:35:23 
25-Apr-19, 17:35:28 
25-Apr-19, 17:35:28 
25-Apr-19, 17:35:33 
25-Apr-19, 17:35:33 
25-Apr-19, 17:35:43 
25-Apr-19, 17:35:48 
25-Apr-19, 17:35:48 
25-Apr-19, 17:35:53 
25-Apr-19, 17:35:53 
25-Apr-19, 17:35:58 
25-Apr-19, 17:35:58 
25-Apr-19, 17:36:03 
25-Apr-19, 17:36:03 
25-Apr-19, 17:36:18 
25-Apr-19, 17:36:18 
25-Apr-19, 17:36:23 
25-Apr-19, 17:36:23 
25-Apr-19, 17:36:28 
25-Apr-19, 17:36:28 
25-Apr-19, 17:36:33 
25-Apr-19, 17:36:33 
25-Apr-19, 17:36:43 
25-Apr-19, 17:36:43 
25-Apr-19, 17:36:48 
25-Apr-19, 17:36:48 
25-Apr-19, 17:36:53 
25-Apr-19, 17:36:53 
25-Apr-19, 17:36:58 
25-Apr-19, 17:36:58 
25-Apr-19, 17:37:03 
25-Apr-19, 17:37:03 
25-Apr-19, 17:37:08 
25-Apr-19, 17:37:08 
25-Apr-19, 17:37:13 
25-Apr-19, 17:37:13 
25-Apr-19, 17:37:18 
25-Apr-19, 17:37:18 
25-Apr-19, 17:37:28 
25-Apr-19, 17:37:33 
25-Apr-19, 17:37:34 
25-Apr-19, 17:37:39 
25-Apr-19, 17:37:43 
25-Apr-19, 17:37:48 
25-Apr-19, 17:37:49 
25-Apr-19, 17:37:53 
25-Apr-19, 17:37:54 
25-Apr-19, 17:37:58 
25-Apr-19, 17:37:59 
25-Apr-19, 17:38:03 
25-Apr-19, 17:38:04 
25-Apr-19, 17:38:09 
25-Apr-19, 17:38:13 
25-Apr-19, 17:38:18 
25-Apr-19, 17:38:19 
25-Apr-19, 17:38:24 
25-Apr-19, 17:38:24 
25-Apr-19, 17:38:34 
25-Apr-19, 17:38:34 
25-Apr-19, 17:38:39 
25-Apr-19, 17:38:39 
25-Apr-19, 17:38:49 
25-Apr-19, 17:38:49 
25-Apr-19, 17:38:54 
25-Apr-19, 17:38:54 
25-Apr-19, 17:38:59 
25-Apr-19, 17:38:59 
25-Apr-19, 17:39:04 
25-Apr-19, 17:39:04 
25-Apr-19, 17:39:09 
25-Apr-19, 17:39:09 
25-Apr-19, 17:39:14 
25-Apr-19, 17:39:14 
25-Apr-19, 17:39:19 
25-Apr-19, 17:39:19 
25-Apr-19, 17:39:24 
25-Apr-19, 17:39:24 
25-Apr-19, 17:39:29 
25-Apr-19, 17:39:29 
25-Apr-19, 17:39:34 
25-Apr-19, 17:39:34 
25-Apr-19, 17:39:39 
25-Apr-19, 17:39:39 
25-Apr-19, 17:39:49 
25-Apr-19, 17:39:49 
25-Apr-19, 17:39:54 
25-Apr-19, 17:39:54 
25-Apr-19, 17:39:59 
25-Apr-19, 17:39:59 
25-Apr-19, 17:40:04 
25-Apr-19, 17:40:04 
25-Apr-19, 17:40:09 
25-Apr-19, 17:40:09 
25-Apr-19, 17:40:19 
25-Apr-19, 17:40:19 
25-Apr-19, 17:40:24 
25-Apr-19, 17:40:24 
25-Apr-19, 17:40:29 
25-Apr-19, 17:40:29 
25-Apr-19, 17:40:34 
25-Apr-19, 17:40:34 
25-Apr-19, 17:40:39 
25-Apr-19, 17:40:39 
25-Apr-19, 17:40:49 
25-Apr-19, 17:40:49 
25-Apr-19, 17:40:54 
25-Apr-19, 17:40:54 
25-Apr-19, 17:40:59 
25-Apr-19, 17:40:59 
25-Apr-19, 17:41:04 
25-Apr-19, 17:41:04 
25-Apr-19, 17:41:09 
25-Apr-19, 17:41:09 
25-Apr-19, 17:41:19 
25-Apr-19, 17:41:19 
25-Apr-19, 17:41:24 
25-Apr-19, 17:41:24 
25-Apr-19, 17:41:29 
25-Apr-19, 17:41:29 
25-Apr-19, 17:41:34 
25-Apr-19, 17:41:39 
25-Apr-19, 17:41:39 
25-Apr-19, 17:41:49 
25-Apr-19, 17:41:49 
25-Apr-19, 17:41:54 
25-Apr-19, 17:41:54 
25-Apr-19, 17:41:59 
25-Apr-19, 17:41:59 
25-Apr-19, 17:42:04 
25-Apr-19, 17:42:04 
25-Apr-19, 17:42:09 
25-Apr-19, 17:42:10 
25-Apr-19, 17:42:15 
25-Apr-19, 17:42:19 
25-Apr-19, 17:42:20 
25-Apr-19, 17:42:24 
25-Apr-19, 17:42:25 
25-Apr-19, 17:42:29 
25-Apr-19, 17:42:30 
25-Apr-19, 17:42:34 
25-Apr-19, 17:42:35 
25-Apr-19, 17:42:39 
25-Apr-19, 17:42:40 
25-Apr-19, 17:42:45 
25-Apr-19, 17:42:49 
25-Apr-19, 17:42:55 
25-Apr-19, 17:42:55 
25-Apr-19, 17:43:00 
25-Apr-19, 17:43:00 
25-Apr-19, 17:43:05 
25-Apr-19, 17:43:05 
25-Apr-19, 17:43:10 
25-Apr-19, 17:43:10 
25-Apr-19, 17:43:15 
25-Apr-19, 17:43:15 
25-Apr-19, 17:43:25 
25-Apr-19, 17:43:25 
25-Apr-19, 17:43:30 
25-Apr-19, 17:43:30 
25-Apr-19, 17:43:35 
25-Apr-19, 17:43:35 
25-Apr-19, 17:43:40 
25-Apr-19, 17:43:40 
25-Apr-19, 17:43:45 
25-Apr-19, 17:43:45 
25-Apr-19, 17:43:55 
25-Apr-19, 17:43:55 
25-Apr-19, 17:44:00 
25-Apr-19, 17:44:00 
25-Apr-19, 17:44:05 
25-Apr-19, 17:44:05 
25-Apr-19, 17:44:10 
25-Apr-19, 17:44:10 
25-Apr-19, 17:44:15 
25-Apr-19, 17:44:15 
25-Apr-19, 17:44:25 
25-Apr-19, 17:44:25 
25-Apr-19, 17:44:30 
25-Apr-19, 17:44:30 
25-Apr-19, 17:44:35 
25-Apr-19, 17:44:35 
25-Apr-19, 17:44:40 
25-Apr-19, 17:44:40 
25-Apr-19, 17:44:45 
25-Apr-19, 17:44:45 
25-Apr-19, 17:44:55 
25-Apr-19, 17:44:55 
25-Apr-19, 17:45:00 
25-Apr-19, 17:45:00 
25-Apr-19, 17:45:05 
25-Apr-19, 17:45:05 
25-Apr-19, 17:45:10 
25-Apr-19, 17:45:10 
25-Apr-19, 17:45:25 
25-Apr-19, 17:45:25 
25-Apr-19, 17:45:30 
25-Apr-19, 17:45:30 
25-Apr-19, 17:45:35 
25-Apr-19, 17:45:35 
25-Apr-19, 17:45:40 
25-Apr-19, 17:45:40 
25-Apr-19, 17:45:45 
25-Apr-19, 17:45:45 
25-Apr-19, 17:45:55 
25-Apr-19, 17:45:55 
25-Apr-19, 17:46:00 
25-Apr-19, 17:46:00 
25-Apr-19, 17:46:05 
25-Apr-19, 17:46:05 
25-Apr-19, 17:46:10 
25-Apr-19, 17:46:10 
25-Apr-19, 17:46:15 
25-Apr-19, 17:46:15 
25-Apr-19, 17:46:25 
25-Apr-19, 17:46:25 
25-Apr-19, 17:46:30 
25-Apr-19, 17:46:30 
25-Apr-19, 17:46:35 
25-Apr-19, 17:46:35 
25-Apr-19, 17:46:40 
25-Apr-19, 17:46:40 
25-Apr-19, 17:46:45 
25-Apr-19, 17:46:45 
25-Apr-19, 17:46:55 
25-Apr-19, 17:46:55 
25-Apr-19, 17:47:00 
25-Apr-19, 17:47:00 
25-Apr-19, 17:47:05 
25-Apr-19, 17:47:05 
25-Apr-19, 17:47:11 
25-Apr-19, 17:47:11 
25-Apr-19, 17:47:16 
25-Apr-19, 17:47:16 
25-Apr-19, 17:47:21 
25-Apr-19, 17:47:31 
25-Apr-19, 17:47:31 
25-Apr-19, 17:47:36 
25-Apr-19, 17:47:36 
25-Apr-19, 17:47:41 
25-Apr-19, 17:47:41 
25-Apr-19, 17:47:46 
25-Apr-19, 17:47:46 
25-Apr-19, 17:47:51 
25-Apr-19, 17:47:51 
25-Apr-19, 17:48:01 
25-Apr-19, 17:48:01 
25-Apr-19, 17:48:06 
25-Apr-19, 17:48:06 
25-Apr-19, 17:48:11 
25-Apr-19, 17:48:11 
25-Apr-19, 17:48:16 
25-Apr-19, 17:48:16 
25-Apr-19, 17:48:21 
25-Apr-19, 17:48:21 
25-Apr-19, 17:48:26 
25-Apr-19, 17:48:26 
25-Apr-19, 17:48:31 
25-Apr-19, 17:48:31 
25-Apr-19, 17:48:36 
25-Apr-19, 17:48:36 
25-Apr-19, 17:48:46 
25-Apr-19, 17:48:46 
25-Apr-19, 17:48:51 
25-Apr-19, 17:48:51 
25-Apr-19, 17:49:01 
25-Apr-19, 17:49:01 
25-Apr-19, 17:49:06 
25-Apr-19, 17:49:06 
25-Apr-19, 17:49:11 
25-Apr-19, 17:49:11 
25-Apr-19, 17:49:16 
25-Apr-19, 17:49:16 
25-Apr-19, 17:49:21 
25-Apr-19, 17:49:21 
25-Apr-19, 17:49:31 
25-Apr-19, 17:49:31 
25-Apr-19, 17:49:36 
25-Apr-19, 17:49:36 
25-Apr-19, 17:49:41 
25-Apr-19, 17:49:41 
25-Apr-19, 17:49:46 
25-Apr-19, 17:49:46 
25-Apr-19, 17:49:51 
25-Apr-19, 17:49:51 
25-Apr-19, 17:50:01 
25-Apr-19, 17:50:01 
25-Apr-19, 17:50:06 
25-Apr-19, 17:50:06 
25-Apr-19, 17:50:11 
25-Apr-19, 17:50:11 
25-Apr-19, 17:50:21 
25-Apr-19, 17:50:21 
25-Apr-19, 17:50:31 
25-Apr-19, 17:50:31 
25-Apr-19, 17:50:36 
25-Apr-19, 17:50:36 
25-Apr-19, 17:50:41 
25-Apr-19, 17:50:41 
25-Apr-19, 17:50:46 
25-Apr-19, 17:50:46 
25-Apr-19, 17:50:51 
25-Apr-19, 17:50:51 
25-Apr-19, 17:51:01 
25-Apr-19, 17:51:01 
25-Apr-19, 17:51:11 
25-Apr-19, 17:51:11 
25-Apr-19, 17:51:16 
25-Apr-19, 17:51:16 
25-Apr-19, 17:51:21 
25-Apr-19, 17:51:21 
25-Apr-19, 17:51:31 
25-Apr-19, 17:51:31 
25-Apr-19, 17:51:36 
25-Apr-19, 17:51:36 
25-Apr-19, 17:51:41 
25-Apr-19, 17:51:41 
25-Apr-19, 17:51:46 
25-Apr-19, 17:51:46 
25-Apr-19, 17:51:51 
25-Apr-19, 17:51:51 
25-Apr-19, 17:52:01 
25-Apr-19, 17:52:01 
25-Apr-19, 17:52:06 
25-Apr-19, 17:52:06 
25-Apr-19, 17:52:12 
25-Apr-19, 17:52:12 
25-Apr-19, 17:52:17 
25-Apr-19, 17:52:17 
25-Apr-19, 17:52:22 
25-Apr-19, 17:52:22 
25-Apr-19, 17:52:27 
25-Apr-19, 17:52:27 
25-Apr-19, 17:52:37 
25-Apr-19, 17:52:37 
25-Apr-19, 17:52:42 
25-Apr-19, 17:52:42 
25-Apr-19, 17:52:47 
25-Apr-19, 17:52:47 
25-Apr-19, 17:52:52 
25-Apr-19, 17:52:52 
25-Apr-19, 17:52:57 
25-Apr-19, 17:52:57 
25-Apr-19, 17:53:07 
25-Apr-19, 17:53:07 
25-Apr-19, 17:53:12 
25-Apr-19, 17:53:12 
25-Apr-19, 17:53:17 
25-Apr-19, 17:53:22 
25-Apr-19, 17:53:22 
25-Apr-19, 17:53:27 
25-Apr-19, 17:53:27 
25-Apr-19, 17:53:37 
25-Apr-19, 17:53:37 
25-Apr-19, 17:53:42 
25-Apr-19, 17:53:42 
25-Apr-19, 17:53:47 
25-Apr-19, 17:53:47 
25-Apr-19, 17:53:52 
25-Apr-19, 17:53:52 
25-Apr-19, 17:53:57 
25-Apr-19, 17:53:57 
25-Apr-19, 17:54:07 
25-Apr-19, 17:54:07 
25-Apr-19, 17:54:12 
25-Apr-19, 17:54:12 
25-Apr-19, 17:54:17 
25-Apr-19, 17:54:17 
25-Apr-19, 17:54:22 
25-Apr-19, 17:54:22 
25-Apr-19, 17:54:37 
25-Apr-19, 17:54:37 
25-Apr-19, 17:54:42 
25-Apr-19, 17:54:42 
25-Apr-19, 17:54:52 
25-Apr-19, 17:54:52 
25-Apr-19, 17:54:57 
25-Apr-19, 17:54:57 
25-Apr-19, 17:55:07 
25-Apr-19, 17:55:07 
25-Apr-19, 17:55:12 
25-Apr-19, 17:55:12 
25-Apr-19, 17:55:17 
25-Apr-19, 17:55:17 
25-Apr-19, 17:55:22 
25-Apr-19, 17:55:22 
25-Apr-19, 17:55:27 
25-Apr-19, 17:55:27 
25-Apr-19, 17:55:37 
25-Apr-19, 17:55:37 
25-Apr-19, 17:55:42 
25-Apr-19, 17:55:42 
25-Apr-19, 17:55:47 
25-Apr-19, 17:55:47 
25-Apr-19, 17:55:52 
25-Apr-19, 17:55:52 
25-Apr-19, 17:55:57 
25-Apr-19, 17:55:57 
25-Apr-19, 17:56:07 
25-Apr-19, 17:56:07 
25-Apr-19, 17:56:12 
25-Apr-19, 17:56:12 
25-Apr-19, 17:56:17 
25-Apr-19, 17:56:17 
25-Apr-19, 17:56:22 
25-Apr-19, 17:56:22 
25-Apr-19, 17:56:27 
25-Apr-19, 17:56:27 
25-Apr-19, 17:56:37 
25-Apr-19, 17:56:37 
25-Apr-19, 17:56:42 
25-Apr-19, 17:56:42 
25-Apr-19, 17:56:47 
25-Apr-19, 17:56:47 
25-Apr-19, 17:56:52 
25-Apr-19, 17:56:52 
25-Apr-19, 17:56:57 
25-Apr-19, 17:56:57 
25-Apr-19, 17:57:07 
25-Apr-19, 17:57:07 
25-Apr-19, 17:57:12 
25-Apr-19, 17:57:12 
25-Apr-19, 17:57:17 
25-Apr-19, 17:57:18 
25-Apr-19, 17:57:23 
25-Apr-19, 17:57:23 
25-Apr-19, 17:57:28 
25-Apr-19, 17:57:28 
25-Apr-19, 17:57:33 
25-Apr-19, 17:57:33 
25-Apr-19, 17:57:43 
25-Apr-19, 17:57:43 
25-Apr-19, 17:57:48 
25-Apr-19, 17:57:48 
25-Apr-19, 17:57:53 
25-Apr-19, 17:57:53 
25-Apr-19, 17:57:58 
25-Apr-19, 17:57:58 
25-Apr-19, 17:58:03 
25-Apr-19, 17:58:03 
25-Apr-19, 17:58:13 
25-Apr-19, 17:58:13 
25-Apr-19, 17:58:18 
25-Apr-19, 17:58:18 
25-Apr-19, 17:58:23 
25-Apr-19, 17:58:23 
25-Apr-19, 17:58:28 
25-Apr-19, 17:58:28 
25-Apr-19, 17:58:33 
25-Apr-19, 17:58:33 
25-Apr-19, 17:58:43 
25-Apr-19, 17:58:43 
25-Apr-19, 17:58:48 
25-Apr-19, 17:58:48 
25-Apr-19, 17:58:53 
25-Apr-19, 17:58:53 
25-Apr-19, 17:58:58 
25-Apr-19, 17:58:58 
25-Apr-19, 17:59:03 
25-Apr-19, 17:59:03 
25-Apr-19, 17:59:13 
25-Apr-19, 17:59:13 
25-Apr-19, 17:59:18 
25-Apr-19, 17:59:18 
25-Apr-19, 17:59:23 
25-Apr-19, 17:59:23 
25-Apr-19, 17:59:28 
25-Apr-19, 17:59:28 
25-Apr-19, 17:59:33 
25-Apr-19, 17:59:33 
25-Apr-19, 17:59:43 
25-Apr-19, 17:59:43 
25-Apr-19, 17:59:48 
25-Apr-19, 17:59:48 
25-Apr-19, 17:59:53 
25-Apr-19, 17:59:53 
25-Apr-19, 17:59:58 
25-Apr-19, 17:59:58 
25-Apr-19, 18:00:13 
25-Apr-19, 18:00:13 
25-Apr-19, 18:00:18 
25-Apr-19, 18:00:18 
25-Apr-19, 18:00:23 
25-Apr-19, 18:00:23 
25-Apr-19, 18:00:28 
25-Apr-19, 18:00:28 
25-Apr-19, 18:00:33 
25-Apr-19, 18:00:33 
25-Apr-19, 18:00:43 
25-Apr-19, 18:00:43 
25-Apr-19, 18:00:48 
25-Apr-19, 18:00:48 
25-Apr-19, 18:00:53 
25-Apr-19, 18:00:53 
25-Apr-19, 18:00:58 
25-Apr-19, 18:00:58 
25-Apr-19, 18:01:03 
25-Apr-19, 18:01:03 
25-Apr-19, 18:01:13 
25-Apr-19, 18:01:13 
25-Apr-19, 18:01:18 
25-Apr-19, 18:01:18 
25-Apr-19, 18:01:23 
25-Apr-19, 18:01:23 
25-Apr-19, 18:01:28 
25-Apr-19, 18:01:28 
25-Apr-19, 18:01:33 
25-Apr-19, 18:01:33 
25-Apr-19, 18:01:43 
25-Apr-19, 18:01:43 
25-Apr-19, 18:01:48 
25-Apr-19, 18:01:48 
25-Apr-19, 18:01:53 
25-Apr-19, 18:01:53 
25-Apr-19, 18:01:58 
25-Apr-19, 18:01:58 
25-Apr-19, 18:02:03 
25-Apr-19, 18:02:03 
25-Apr-19, 18:02:13 
25-Apr-19, 18:02:13 
25-Apr-19, 18:02:18 
25-Apr-19, 18:02:18 
25-Apr-19, 18:02:23 
25-Apr-19, 18:02:23 
25-Apr-19, 18:02:28 
25-Apr-19, 18:02:28 
25-Apr-19, 18:02:33 
25-Apr-19, 18:02:33 
25-Apr-19, 18:02:43 
25-Apr-19, 18:02:43 
25-Apr-19, 18:02:48 
25-Apr-19, 18:02:48 
25-Apr-19, 18:02:53 
25-Apr-19, 18:02:53 
25-Apr-19, 18:03:03 
25-Apr-19, 18:03:03 
25-Apr-19, 18:03:13 
25-Apr-19, 18:03:13 
25-Apr-19, 18:03:18 
25-Apr-19, 18:03:18 
25-Apr-19, 18:03:29 
25-Apr-19, 18:03:29 
25-Apr-19, 18:03:34 
25-Apr-19, 18:03:34 
25-Apr-19, 18:03:39 
25-Apr-19, 18:03:39 
25-Apr-19, 18:03:49 
25-Apr-19, 18:03:49 
25-Apr-19, 18:03:54 
25-Apr-19, 18:03:54 
25-Apr-19, 18:03:59 
25-Apr-19, 18:03:59 
25-Apr-19, 18:04:04 
25-Apr-19, 18:04:04 
25-Apr-19, 18:04:09 
25-Apr-19, 18:04:09 
25-Apr-19, 18:04:19 
25-Apr-19, 18:04:19 
25-Apr-19, 18:04:24 
25-Apr-19, 18:04:24 
25-Apr-19, 18:04:29 
25-Apr-19, 18:04:29 
25-Apr-19, 18:04:34 
25-Apr-19, 18:04:39 
25-Apr-19, 18:04:39 
25-Apr-19, 18:04:49 
25-Apr-19, 18:04:49 
25-Apr-19, 18:04:54 
25-Apr-19, 18:04:54 
25-Apr-19, 18:04:59 
25-Apr-19, 18:04:59 
25-Apr-19, 18:05:04 
25-Apr-19, 18:05:04 
25-Apr-19, 18:05:09 
25-Apr-19, 18:05:09 
25-Apr-19, 18:05:19 
25-Apr-19, 18:05:19 
25-Apr-19, 18:05:24 
25-Apr-19, 18:05:24 
25-Apr-19, 18:05:29 
25-Apr-19, 18:05:29 
25-Apr-19, 18:05:34 
25-Apr-19, 18:05:34 
25-Apr-19, 18:05:39 
25-Apr-19, 18:05:39 
25-Apr-19, 18:05:49 
25-Apr-19, 18:05:49 
25-Apr-19, 18:05:54 
25-Apr-19, 18:05:54 
25-Apr-19, 18:05:59 
25-Apr-19, 18:05:59 
25-Apr-19, 18:06:04 
25-Apr-19, 18:06:04 
25-Apr-19, 18:06:09 
25-Apr-19, 18:06:09 
25-Apr-19, 18:06:19 
25-Apr-19, 18:06:19 
25-Apr-19, 18:06:24 
25-Apr-19, 18:06:24 
25-Apr-19, 18:06:29 
25-Apr-19, 18:06:29 
25-Apr-19, 18:06:34 
25-Apr-19, 18:06:34 
25-Apr-19, 18:06:39 
25-Apr-19, 18:06:39 
25-Apr-19, 18:06:49 
25-Apr-19, 18:06:49 
25-Apr-19, 18:06:54 
25-Apr-19, 18:06:54 
25-Apr-19, 18:06:59 
25-Apr-19, 18:06:59 
25-Apr-19, 18:07:04 
25-Apr-19, 18:07:04 
25-Apr-19, 18:07:09 
25-Apr-19, 18:07:09 
25-Apr-19, 18:07:19 
25-Apr-19, 18:07:19 
25-Apr-19, 18:07:24 
25-Apr-19, 18:07:24 
25-Apr-19, 18:07:29 
25-Apr-19, 18:07:29 
25-Apr-19, 18:07:34 
25-Apr-19, 18:07:34 
25-Apr-19, 18:07:39 
25-Apr-19, 18:07:39 
25-Apr-19, 18:07:49 
25-Apr-19, 18:07:49 
25-Apr-19, 18:07:54 
25-Apr-19, 18:07:54 
25-Apr-19, 18:07:59 
25-Apr-19, 18:07:59 
25-Apr-19, 18:08:04 
25-Apr-19, 18:08:04 
25-Apr-19, 18:08:09 
25-Apr-19, 18:08:09 
25-Apr-19, 18:08:19 
25-Apr-19, 18:08:19 
25-Apr-19, 18:08:24 
25-Apr-19, 18:08:24 
25-Apr-19, 18:08:29 
25-Apr-19, 18:08:29 
25-Apr-19, 18:08:39 
25-Apr-19, 18:08:39 
25-Apr-19, 18:08:49 
25-Apr-19, 18:08:49 
25-Apr-19, 18:08:54 
25-Apr-19, 18:08:54 
25-Apr-19, 18:08:59 
25-Apr-19, 18:08:59 
25-Apr-19, 18:09:04 
25-Apr-19, 18:09:04 
25-Apr-19, 18:09:09 
25-Apr-19, 18:09:09 
25-Apr-19, 18:09:25 
25-Apr-19, 18:09:25 
25-Apr-19, 18:09:30 
25-Apr-19, 18:09:35 
25-Apr-19, 18:09:35 
25-Apr-19, 18:09:40 
25-Apr-19, 18:09:40 
25-Apr-19, 18:09:45 
25-Apr-19, 18:09:45 
25-Apr-19, 18:09:50 
25-Apr-19, 18:09:50 
25-Apr-19, 18:09:55 
25-Apr-19, 18:09:55 
25-Apr-19, 18:10:00 
25-Apr-19, 18:10:00 
25-Apr-19, 18:10:05 
25-Apr-19, 18:10:05 
25-Apr-19, 18:10:10 
25-Apr-19, 18:10:10 
25-Apr-19, 18:10:15 
25-Apr-19, 18:10:15 
25-Apr-19, 18:10:25 
25-Apr-19, 18:10:25 
25-Apr-19, 18:10:30 
25-Apr-19, 18:10:30 
25-Apr-19, 18:10:35 
25-Apr-19, 18:10:35 
25-Apr-19, 18:10:40 
25-Apr-19, 18:10:40 
25-Apr-19, 18:10:45 
25-Apr-19, 18:10:45 
25-Apr-19, 18:10:55 
25-Apr-19, 18:10:55 
25-Apr-19, 18:11:00 
25-Apr-19, 18:11:00 
25-Apr-19, 18:11:05 
25-Apr-19, 18:11:05 
25-Apr-19, 18:11:10 
25-Apr-19, 18:11:10 
25-Apr-19, 18:11:15 
25-Apr-19, 18:11:15 
25-Apr-19, 18:11:25 
25-Apr-19, 18:11:25 
25-Apr-19, 18:11:30 
25-Apr-19, 18:11:30 
25-Apr-19, 18:11:35 
25-Apr-19, 18:11:35 
25-Apr-19, 18:11:40 
25-Apr-19, 18:11:40 
25-Apr-19, 18:11:45 
25-Apr-19, 18:11:45 
25-Apr-19, 18:12:00 
25-Apr-19, 18:12:00 
25-Apr-19, 18:12:05 
25-Apr-19, 18:12:05 
25-Apr-19, 18:12:10 
25-Apr-19, 18:12:10 
25-Apr-19, 18:12:15 
25-Apr-19, 18:12:15 
25-Apr-19, 18:12:25 
25-Apr-19, 18:12:25 
25-Apr-19, 18:12:30 
25-Apr-19, 18:12:30 
25-Apr-19, 18:12:35 
25-Apr-19, 18:12:35 
25-Apr-19, 18:12:40 
25-Apr-19, 18:12:40 
25-Apr-19, 18:12:45 
25-Apr-19, 18:12:45 
25-Apr-19, 18:12:55 
25-Apr-19, 18:12:55 
25-Apr-19, 18:13:00 
25-Apr-19, 18:13:00 
25-Apr-19, 18:13:05 
25-Apr-19, 18:13:05 
25-Apr-19, 18:13:10 
25-Apr-19, 18:13:10 
25-Apr-19, 18:13:15 
25-Apr-19, 18:13:15 
25-Apr-19, 18:13:25 
25-Apr-19, 18:13:25 
25-Apr-19, 18:13:30 
25-Apr-19, 18:13:30 
25-Apr-19, 18:13:40 
25-Apr-19, 18:13:40 
25-Apr-19, 18:13:45 
25-Apr-19, 18:13:45 
25-Apr-19, 18:13:55 
25-Apr-19, 18:13:55 
25-Apr-19, 18:14:00 
25-Apr-19, 18:14:00 
25-Apr-19, 18:14:10 
25-Apr-19, 18:14:10 
25-Apr-19, 18:14:15 
25-Apr-19, 18:14:15 
25-Apr-19, 18:14:25 
25-Apr-19, 18:14:25 
25-Apr-19, 18:14:30 
25-Apr-19, 18:14:30 
25-Apr-19, 18:14:35 
25-Apr-19, 18:14:35 
25-Apr-19, 18:14:40 
25-Apr-19, 18:14:40 
25-Apr-19, 18:14:45 
25-Apr-19, 18:14:45 
25-Apr-19, 18:14:55 
25-Apr-19, 18:14:55 
25-Apr-19, 18:15:00 
25-Apr-19, 18:15:00 
25-Apr-19, 18:15:05 
25-Apr-19, 18:15:05 
25-Apr-19, 18:15:10 
25-Apr-19, 18:15:10 
25-Apr-19, 18:15:15 
25-Apr-19, 18:15:15 
25-Apr-19, 18:15:20 
25-Apr-19, 18:15:20 
25-Apr-19, 18:15:25 
25-Apr-19, 18:15:25 
25-Apr-19, 18:15:30 
25-Apr-19, 18:15:30 
25-Apr-19, 18:15:40 
25-Apr-19, 18:15:40 
25-Apr-19, 18:15:45 
25-Apr-19, 18:15:45 
25-Apr-19, 18:15:55 
25-Apr-19, 18:15:55 
25-Apr-19, 18:16:01 
25-Apr-19, 18:16:01 
25-Apr-19, 18:16:06 
25-Apr-19, 18:16:06 
25-Apr-19, 18:16:11 
25-Apr-19, 18:16:11 
25-Apr-19, 18:16:16 
25-Apr-19, 18:16:16 
25-Apr-19, 18:16:21 
25-Apr-19, 18:16:21 
25-Apr-19, 18:16:31 
25-Apr-19, 18:16:31 
25-Apr-19, 18:16:36 
25-Apr-19, 18:16:36 
25-Apr-19, 18:16:41 
25-Apr-19, 18:16:41 
25-Apr-19, 18:16:46 
25-Apr-19, 18:16:46 
25-Apr-19, 18:16:51 
25-Apr-19, 18:16:51 
25-Apr-19, 18:17:01 
25-Apr-19, 18:17:01 
25-Apr-19, 18:17:06 
25-Apr-19, 18:17:06 
25-Apr-19, 18:17:11 
25-Apr-19, 18:17:11 
25-Apr-19, 18:17:16 
25-Apr-19, 18:17:16 
25-Apr-19, 18:17:21 
25-Apr-19, 18:17:21 
25-Apr-19, 18:17:26 
25-Apr-19, 18:17:26 
25-Apr-19, 18:17:31 
25-Apr-19, 18:17:31 
25-Apr-19, 18:17:36 
25-Apr-19, 18:17:36 
25-Apr-19, 18:17:41 
25-Apr-19, 18:17:41 
25-Apr-19, 18:17:46 
25-Apr-19, 18:17:46 
25-Apr-19, 18:17:51 
25-Apr-19, 18:17:51 
25-Apr-19, 18:18:01 
25-Apr-19, 18:18:01 
25-Apr-19, 18:18:06 
25-Apr-19, 18:18:06 
25-Apr-19, 18:18:11 
25-Apr-19, 18:18:11 
25-Apr-19, 18:18:16 
25-Apr-19, 18:18:16 
25-Apr-19, 18:18:21 
25-Apr-19, 18:18:21 
25-Apr-19, 18:18:31 
25-Apr-19, 18:18:31 
25-Apr-19, 18:18:36 
25-Apr-19, 18:18:36 
25-Apr-19, 18:18:41 
25-Apr-19, 18:18:41 
25-Apr-19, 18:18:46 
25-Apr-19, 18:18:46 
25-Apr-19, 18:18:51 
25-Apr-19, 18:18:51 
25-Apr-19, 18:19:01 
25-Apr-19, 18:19:01 
25-Apr-19, 18:19:06 
25-Apr-19, 18:19:06 
25-Apr-19, 18:19:11 
25-Apr-19, 18:19:11 
25-Apr-19, 18:19:16 
25-Apr-19, 18:19:16 
25-Apr-19, 18:19:21 
25-Apr-19, 18:19:21 
25-Apr-19, 18:19:31 
25-Apr-19, 18:19:31 
25-Apr-19, 18:19:36 
25-Apr-19, 18:19:36 
25-Apr-19, 18:19:41 
25-Apr-19, 18:19:41 
25-Apr-19, 18:19:46 
25-Apr-19, 18:19:46 
25-Apr-19, 18:19:51 
25-Apr-19, 18:19:51 
25-Apr-19, 18:20:01 
25-Apr-19, 18:20:01 
25-Apr-19, 18:20:06 
25-Apr-19, 18:20:06 
25-Apr-19, 18:20:11 
25-Apr-19, 18:20:11 
25-Apr-19, 18:20:16 
25-Apr-19, 18:20:16 
25-Apr-19, 18:20:21 
25-Apr-19, 18:20:21 
25-Apr-19, 18:20:31 
25-Apr-19, 18:20:31 
25-Apr-19, 18:20:36 
25-Apr-19, 18:20:36 
25-Apr-19, 18:20:41 
25-Apr-19, 18:20:41 
25-Apr-19, 18:20:46 
25-Apr-19, 18:20:46 
25-Apr-19, 18:20:51 
25-Apr-19, 18:20:51 
25-Apr-19, 18:21:01 
25-Apr-19, 18:21:01 
25-Apr-19, 18:21:06 
25-Apr-19, 18:21:06 
25-Apr-19, 18:21:11 
25-Apr-19, 18:21:11 
25-Apr-19, 18:21:16 
25-Apr-19, 18:21:16 
25-Apr-19, 18:21:21 
25-Apr-19, 18:21:21 
25-Apr-19, 18:21:31 
25-Apr-19, 18:21:31 
25-Apr-19, 18:21:36 
25-Apr-19, 18:21:36 
25-Apr-19, 18:21:41 
25-Apr-19, 18:21:41 
25-Apr-19, 18:21:46 
25-Apr-19, 18:21:46 
25-Apr-19, 18:21:52 
25-Apr-19, 18:21:52 
25-Apr-19, 18:21:57 
25-Apr-19, 18:21:57 
25-Apr-19, 18:22:02 
25-Apr-19, 18:22:02 
25-Apr-19, 18:22:07 
25-Apr-19, 18:22:07 
25-Apr-19, 18:22:12 
25-Apr-19, 18:22:12 
25-Apr-19, 18:22:17 
25-Apr-19, 18:22:17 
25-Apr-19, 18:22:22 
25-Apr-19, 18:22:22 
25-Apr-19, 18:22:27 
25-Apr-19, 18:22:27 
25-Apr-19, 18:22:37 
25-Apr-19, 18:22:37 
25-Apr-19, 18:22:42 
25-Apr-19, 18:22:42 
25-Apr-19, 18:22:47 
25-Apr-19, 18:22:47 
25-Apr-19, 18:22:52 
25-Apr-19, 18:22:52 
25-Apr-19, 18:22:57 
25-Apr-19, 18:22:57 
25-Apr-19, 18:23:07 
25-Apr-19, 18:23:07 
25-Apr-19, 18:23:12 
25-Apr-19, 18:23:12 
25-Apr-19, 18:23:22 
25-Apr-19, 18:23:22 
25-Apr-19, 18:23:27 
25-Apr-19, 18:23:27 
25-Apr-19, 18:23:37 
25-Apr-19, 18:23:37 
25-Apr-19, 18:23:42 
25-Apr-19, 18:23:42 
25-Apr-19, 18:23:47 
25-Apr-19, 18:23:47 
25-Apr-19, 18:23:52 
25-Apr-19, 18:23:52 
25-Apr-19, 18:23:57 
25-Apr-19, 18:23:57 
25-Apr-19, 18:24:07 
25-Apr-19, 18:24:07 
25-Apr-19, 18:24:12 
25-Apr-19, 18:24:12 
25-Apr-19, 18:24:17 
25-Apr-19, 18:24:17 
25-Apr-19, 18:24:22 
25-Apr-19, 18:24:22 
25-Apr-19, 18:24:27 
25-Apr-19, 18:24:27 
25-Apr-19, 18:24:32 
25-Apr-19, 18:24:32 
25-Apr-19, 18:24:37 
25-Apr-19, 18:24:37 
25-Apr-19, 18:24:42 
25-Apr-19, 18:24:42 
25-Apr-19, 18:24:47 
25-Apr-19, 18:24:47 
25-Apr-19, 18:24:52 
25-Apr-19, 18:24:52 
25-Apr-19, 18:24:57 
25-Apr-19, 18:24:57 
25-Apr-19, 18:25:07 
25-Apr-19, 18:25:07 
25-Apr-19, 18:25:12 
25-Apr-19, 18:25:12 
25-Apr-19, 18:25:17 
25-Apr-19, 18:25:17 
25-Apr-19, 18:25:22 
25-Apr-19, 18:25:22 
25-Apr-19, 18:25:27 
25-Apr-19, 18:25:27 
25-Apr-19, 18:25:32 
25-Apr-19, 18:25:32 
25-Apr-19, 18:25:37 
25-Apr-19, 18:25:37 
25-Apr-19, 18:25:42 
25-Apr-19, 18:25:42 
25-Apr-19, 18:25:47 
25-Apr-19, 18:25:47 
25-Apr-19, 18:25:52 
25-Apr-19, 18:25:52 
25-Apr-19, 18:25:57 
25-Apr-19, 18:25:57 
25-Apr-19, 18:26:07 
25-Apr-19, 18:26:07 
25-Apr-19, 18:26:12 
25-Apr-19, 18:26:12 
25-Apr-19, 18:26:17 
25-Apr-19, 18:26:17 
25-Apr-19, 18:26:22 
25-Apr-19, 18:26:22 
25-Apr-19, 18:26:27 
25-Apr-19, 18:26:27 
25-Apr-19, 18:26:32 
25-Apr-19, 18:26:32 
25-Apr-19, 18:26:37 
25-Apr-19, 18:26:37 
25-Apr-19, 18:26:42 
25-Apr-19, 18:26:42 
25-Apr-19, 18:26:47 
25-Apr-19, 18:26:47 
25-Apr-19, 18:26:53 
25-Apr-19, 18:26:53 
25-Apr-19, 18:26:58 
25-Apr-19, 18:26:58 
25-Apr-19, 18:27:03 
25-Apr-19, 18:27:03 
25-Apr-19, 18:27:13 
25-Apr-19, 09:39:33 
25-Apr-19, 09:39:33 
25-Apr-19, 09:39:35 
25-Apr-19, 09:39:37 
25-Apr-19, 09:39:37 
25-Apr-19, 09:39:38 
25-Apr-19, 09:39:38 
25-Apr-19, 09:39:40 
25-Apr-19, 09:39:42 
25-Apr-19, 09:39:42 
25-Apr-19, 09:39:45 
25-Apr-19, 09:39:47 
25-Apr-19, 09:39:47 
25-Apr-19, 09:39:48 
25-Apr-19, 09:39:48 
25-Apr-19, 09:39:50 
25-Apr-19, 09:39:52 
25-Apr-19, 09:39:52 
25-Apr-19, 09:39:53 
25-Apr-19, 09:39:53 
25-Apr-19, 09:39:55 
25-Apr-19, 09:39:57 
25-Apr-19, 09:39:57 
25-Apr-19, 09:39:58 
25-Apr-19, 09:39:58 
25-Apr-19, 09:40:00 
25-Apr-19, 09:40:02 
25-Apr-19, 09:40:02 
25-Apr-19, 09:40:03 
25-Apr-19, 09:40:03 
25-Apr-19, 09:40:05 
25-Apr-19, 09:40:07 
25-Apr-19, 09:40:07 
25-Apr-19, 09:40:08 
25-Apr-19, 09:40:08 
25-Apr-19, 09:40:10 
25-Apr-19, 09:40:12 
25-Apr-19, 09:40:12 
25-Apr-19, 09:40:13 
25-Apr-19, 09:40:13 
25-Apr-19, 09:40:15 
25-Apr-19, 09:40:17 
25-Apr-19, 09:40:17 
25-Apr-19, 09:40:18 
25-Apr-19, 09:40:18 
25-Apr-19, 09:40:20 
25-Apr-19, 09:40:22 
25-Apr-19, 09:40:22 
25-Apr-19, 09:40:23 
25-Apr-19, 09:40:23 
25-Apr-19, 09:40:25 
25-Apr-19, 09:40:28 
25-Apr-19, 09:40:28 
25-Apr-19, 09:40:30 
25-Apr-19, 09:40:32 
25-Apr-19, 09:40:32 
25-Apr-19, 09:40:33 
25-Apr-19, 09:40:33 
25-Apr-19, 09:40:35 
25-Apr-19, 09:40:37 
25-Apr-19, 09:40:37 
25-Apr-19, 09:40:38 
25-Apr-19, 09:40:38 
25-Apr-19, 09:40:40 
25-Apr-19, 09:40:42 
25-Apr-19, 09:40:42 
25-Apr-19, 09:40:43 
25-Apr-19, 09:40:43 
25-Apr-19, 09:40:45 
25-Apr-19, 09:40:47 
25-Apr-19, 09:40:47 
25-Apr-19, 09:40:48 
25-Apr-19, 09:40:48 
25-Apr-19, 09:40:50 
25-Apr-19, 09:40:52 
25-Apr-19, 09:40:52 
25-Apr-19, 09:40:53 
25-Apr-19, 09:40:53 
25-Apr-19, 09:40:55 
25-Apr-19, 09:40:57 
25-Apr-19, 09:40:57 
25-Apr-19, 09:40:58 
25-Apr-19, 09:40:58 
25-Apr-19, 09:41:00 
25-Apr-19, 09:41:02 
25-Apr-19, 09:41:02 
25-Apr-19, 09:41:03 
25-Apr-19, 09:41:03 
25-Apr-19, 09:41:06 
25-Apr-19, 09:41:07 
25-Apr-19, 09:41:07 
25-Apr-19, 09:41:08 
25-Apr-19, 09:41:08 
25-Apr-19, 09:41:11 
25-Apr-19, 09:41:12 
25-Apr-19, 09:41:12 
25-Apr-19, 09:41:13 
25-Apr-19, 09:41:13 
25-Apr-19, 09:41:16 
25-Apr-19, 09:41:17 
25-Apr-19, 09:41:17 
25-Apr-19, 09:41:18 
25-Apr-19, 09:41:18 
25-Apr-19, 09:41:21 
25-Apr-19, 09:41:22 
25-Apr-19, 09:41:22 
25-Apr-19, 09:41:23 
25-Apr-19, 09:41:23 
25-Apr-19, 09:41:26 
25-Apr-19, 09:41:27 
25-Apr-19, 09:41:27 
25-Apr-19, 09:41:28 
25-Apr-19, 09:41:28 
25-Apr-19, 09:41:31 
25-Apr-19, 09:41:32 
25-Apr-19, 09:41:32 
25-Apr-19, 09:41:33 
25-Apr-19, 09:41:33 
25-Apr-19, 09:41:36 
25-Apr-19, 09:41:37 
25-Apr-19, 09:41:37 
25-Apr-19, 09:41:38 
25-Apr-19, 09:41:38 
25-Apr-19, 09:41:41 
25-Apr-19, 09:41:42 
25-Apr-19, 09:41:42 
25-Apr-19, 09:41:43 
25-Apr-19, 09:41:43 
25-Apr-19, 09:41:47 
25-Apr-19, 09:41:47 
25-Apr-19, 09:41:48 
25-Apr-19, 09:41:48 
25-Apr-19, 09:41:51 
25-Apr-19, 09:41:52 
25-Apr-19, 09:41:52 
25-Apr-19, 09:41:53 
25-Apr-19, 09:41:53 
25-Apr-19, 09:41:56 
25-Apr-19, 09:41:57 
25-Apr-19, 09:41:57 
25-Apr-19, 09:41:58 
25-Apr-19, 09:41:58 
25-Apr-19, 09:42:01 
25-Apr-19, 09:42:02 
25-Apr-19, 09:42:02 
25-Apr-19, 09:42:03 
25-Apr-19, 09:42:03 
25-Apr-19, 09:42:06 
25-Apr-19, 09:42:07 
25-Apr-19, 09:42:07 
25-Apr-19, 09:42:08 
25-Apr-19, 09:42:08 
25-Apr-19, 09:42:11 
25-Apr-19, 09:42:12 
25-Apr-19, 09:42:12 
25-Apr-19, 09:42:13 
25-Apr-19, 09:42:13 
25-Apr-19, 09:42:16 
25-Apr-19, 09:42:17 
25-Apr-19, 09:42:17 
25-Apr-19, 09:42:18 
25-Apr-19, 09:42:18 
25-Apr-19, 09:42:21 
25-Apr-19, 09:42:22 
25-Apr-19, 09:42:22 
25-Apr-19, 09:42:23 
25-Apr-19, 09:42:23 
25-Apr-19, 09:42:26 
25-Apr-19, 09:42:27 
25-Apr-19, 09:42:27 
25-Apr-19, 09:42:28 
25-Apr-19, 09:42:28 
25-Apr-19, 09:42:31 
25-Apr-19, 09:42:32 
25-Apr-19, 09:42:32 
25-Apr-19, 09:42:33 
25-Apr-19, 09:42:33 
25-Apr-19, 09:42:36 
25-Apr-19, 09:42:37 
25-Apr-19, 09:42:37 
25-Apr-19, 09:42:38 
25-Apr-19, 09:42:38 
25-Apr-19, 09:42:41 
25-Apr-19, 09:42:42 
25-Apr-19, 09:42:42 
25-Apr-19, 09:42:43 
25-Apr-19, 09:42:43 
25-Apr-19, 09:42:46 
25-Apr-19, 09:42:47 
25-Apr-19, 09:42:47 
25-Apr-19, 09:42:48 
25-Apr-19, 09:42:48 
25-Apr-19, 09:42:51 
25-Apr-19, 09:42:52 
25-Apr-19, 09:42:52 
25-Apr-19, 09:42:53 
25-Apr-19, 09:42:53 
25-Apr-19, 09:42:56 
25-Apr-19, 09:42:57 
25-Apr-19, 09:42:57 
25-Apr-19, 09:42:58 
25-Apr-19, 09:42:58 
25-Apr-19, 09:43:01 
25-Apr-19, 09:43:02 
25-Apr-19, 09:43:02 
25-Apr-19, 09:43:03 
25-Apr-19, 09:43:03 
25-Apr-19, 09:43:06 
25-Apr-19, 09:43:07 
25-Apr-19, 09:43:07 
25-Apr-19, 09:43:11 
25-Apr-19, 09:43:12 
25-Apr-19, 09:43:12 
25-Apr-19, 09:43:13 
25-Apr-19, 09:43:13 
25-Apr-19, 09:43:16 
25-Apr-19, 09:43:17 
25-Apr-19, 09:43:17 
25-Apr-19, 09:43:18 
25-Apr-19, 09:43:18 
25-Apr-19, 09:43:21 
25-Apr-19, 09:43:22 
25-Apr-19, 09:43:22 
25-Apr-19, 09:43:23 
25-Apr-19, 09:43:23 
25-Apr-19, 09:43:26 
25-Apr-19, 09:43:27 
25-Apr-19, 09:43:27 
25-Apr-19, 09:43:28 
25-Apr-19, 09:43:28 
25-Apr-19, 09:43:31 
25-Apr-19, 09:43:32 
25-Apr-19, 09:43:32 
25-Apr-19, 09:43:33 
25-Apr-19, 09:43:33 
25-Apr-19, 09:43:36 
25-Apr-19, 09:43:37 
25-Apr-19, 09:43:37 
25-Apr-19, 09:43:38 
25-Apr-19, 09:43:38 
25-Apr-19, 09:43:41 
25-Apr-19, 09:43:42 
25-Apr-19, 09:43:42 
25-Apr-19, 09:43:43 
25-Apr-19, 09:43:43 
25-Apr-19, 09:43:46 
25-Apr-19, 09:43:47 
25-Apr-19, 09:43:47 
25-Apr-19, 09:43:48 
25-Apr-19, 09:43:48 
25-Apr-19, 09:43:51 
25-Apr-19, 09:43:52 
25-Apr-19, 09:43:52 
25-Apr-19, 09:43:53 
25-Apr-19, 09:43:53 
25-Apr-19, 09:43:56 
25-Apr-19, 09:43:57 
25-Apr-19, 09:43:57 
25-Apr-19, 09:43:58 
25-Apr-19, 09:43:58 
25-Apr-19, 09:44:01 
25-Apr-19, 09:44:02 
25-Apr-19, 09:44:03 
25-Apr-19, 09:44:03 
25-Apr-19, 09:44:03 
25-Apr-19, 09:44:06 
25-Apr-19, 09:44:07 
25-Apr-19, 09:44:08 
25-Apr-19, 09:44:08 
25-Apr-19, 09:44:08 
25-Apr-19, 09:44:11 
25-Apr-19, 09:44:12 
25-Apr-19, 09:44:13 
25-Apr-19, 09:44:13 
25-Apr-19, 09:44:13 
25-Apr-19, 09:44:16 
25-Apr-19, 09:44:17 
25-Apr-19, 09:44:18 
25-Apr-19, 09:44:18 
25-Apr-19, 09:44:18 
25-Apr-19, 09:44:21 
25-Apr-19, 09:44:22 
25-Apr-19, 09:44:23 
25-Apr-19, 09:44:23 
25-Apr-19, 09:44:23 
25-Apr-19, 09:44:26 
25-Apr-19, 09:44:27 
25-Apr-19, 09:44:31 
25-Apr-19, 09:44:32 
25-Apr-19, 09:44:33 
25-Apr-19, 09:44:33 
25-Apr-19, 09:44:33 
25-Apr-19, 09:44:36 
25-Apr-19, 09:44:37 
25-Apr-19, 09:44:41 
25-Apr-19, 09:44:42 
25-Apr-19, 09:44:43 
25-Apr-19, 09:44:43 
25-Apr-19, 09:44:43 
25-Apr-19, 09:44:46 
25-Apr-19, 09:44:47 
25-Apr-19, 09:44:48 
25-Apr-19, 09:44:48 
25-Apr-19, 09:44:48 
25-Apr-19, 09:44:51 
25-Apr-19, 09:44:52 
25-Apr-19, 09:44:53 
25-Apr-19, 09:44:53 
25-Apr-19, 09:44:53 
25-Apr-19, 09:44:56 
25-Apr-19, 09:44:57 
25-Apr-19, 09:44:58 
25-Apr-19, 09:44:58 
25-Apr-19, 09:44:58 
25-Apr-19, 09:45:01 
25-Apr-19, 09:45:02 
25-Apr-19, 09:45:03 
25-Apr-19, 09:45:03 
25-Apr-19, 09:45:03 
25-Apr-19, 09:45:06 
25-Apr-19, 09:45:07 
25-Apr-19, 09:45:08 
25-Apr-19, 09:45:08 
25-Apr-19, 09:45:08 
25-Apr-19, 09:45:11 
25-Apr-19, 09:45:12 
25-Apr-19, 09:45:13 
25-Apr-19, 09:45:13 
25-Apr-19, 09:45:16 
25-Apr-19, 09:45:17 
25-Apr-19, 09:45:18 
25-Apr-19, 09:45:18 
25-Apr-19, 09:45:21 
25-Apr-19, 09:45:22 
25-Apr-19, 09:45:23 
25-Apr-19, 09:45:23 
25-Apr-19, 09:45:23 
25-Apr-19, 09:45:26 
25-Apr-19, 09:45:28 
25-Apr-19, 09:45:28 
25-Apr-19, 09:45:29 
25-Apr-19, 09:45:31 
25-Apr-19, 09:45:33 
25-Apr-19, 09:45:33 
25-Apr-19, 09:45:33 
25-Apr-19, 09:45:34 
25-Apr-19, 09:45:36 
25-Apr-19, 09:45:38 
25-Apr-19, 09:45:38 
25-Apr-19, 09:45:38 
25-Apr-19, 09:45:39 
25-Apr-19, 09:45:41 
25-Apr-19, 09:45:43 
25-Apr-19, 09:45:43 
25-Apr-19, 09:45:43 
25-Apr-19, 09:45:44 
25-Apr-19, 09:45:46 
25-Apr-19, 09:45:48 
25-Apr-19, 09:45:48 
25-Apr-19, 09:45:49 
25-Apr-19, 09:45:49 
25-Apr-19, 09:45:51 
25-Apr-19, 09:45:53 
25-Apr-19, 09:45:53 
25-Apr-19, 09:45:54 
25-Apr-19, 09:45:56 
25-Apr-19, 09:45:58 
25-Apr-19, 09:45:58 
25-Apr-19, 09:45:59 
25-Apr-19, 09:45:59 
25-Apr-19, 09:46:01 
25-Apr-19, 09:46:03 
25-Apr-19, 09:46:03 
25-Apr-19, 09:46:04 
25-Apr-19, 09:46:04 
25-Apr-19, 09:46:06 
25-Apr-19, 09:46:08 
25-Apr-19, 09:46:08 
25-Apr-19, 09:46:09 
25-Apr-19, 09:46:09 
25-Apr-19, 09:46:11 
25-Apr-19, 09:46:13 
25-Apr-19, 09:46:13 
25-Apr-19, 09:46:14 
25-Apr-19, 09:46:14 
25-Apr-19, 09:46:16 
25-Apr-19, 09:46:18 
25-Apr-19, 09:46:18 
25-Apr-19, 09:46:19 
25-Apr-19, 09:46:19 
25-Apr-19, 09:46:21 
25-Apr-19, 09:46:23 
25-Apr-19, 09:46:23 
25-Apr-19, 09:46:24 
25-Apr-19, 09:46:24 
25-Apr-19, 09:46:26 
25-Apr-19, 09:46:28 
25-Apr-19, 09:46:28 
25-Apr-19, 09:46:29 
25-Apr-19, 09:46:29 
25-Apr-19, 09:46:31 
25-Apr-19, 09:46:33 
25-Apr-19, 09:46:33 
25-Apr-19, 09:46:34 
25-Apr-19, 09:46:34 
25-Apr-19, 09:46:36 
25-Apr-19, 09:46:38 
25-Apr-19, 09:46:38 
25-Apr-19, 09:46:39 
25-Apr-19, 09:46:39 
25-Apr-19, 09:46:41 
25-Apr-19, 09:46:43 
25-Apr-19, 09:46:43 
25-Apr-19, 09:46:44 
25-Apr-19, 09:46:44 
25-Apr-19, 09:46:46 
25-Apr-19, 09:46:48 
25-Apr-19, 09:46:48 
25-Apr-19, 09:46:49 
25-Apr-19, 09:46:49 
25-Apr-19, 09:46:51 
25-Apr-19, 09:46:53 
25-Apr-19, 09:46:53 
25-Apr-19, 09:46:54 
25-Apr-19, 09:46:54 
25-Apr-19, 09:46:56 
25-Apr-19, 09:46:58 
25-Apr-19, 09:46:58 
25-Apr-19, 09:46:59 
25-Apr-19, 09:46:59 
25-Apr-19, 09:47:01 
25-Apr-19, 09:47:03 
25-Apr-19, 09:47:03 
25-Apr-19, 09:47:04 
25-Apr-19, 09:47:04 
25-Apr-19, 09:47:06 
25-Apr-19, 09:47:08 
25-Apr-19, 09:47:08 
25-Apr-19, 09:47:09 
25-Apr-19, 09:47:09 
25-Apr-19, 09:47:11 
25-Apr-19, 09:47:13 
25-Apr-19, 09:47:13 
25-Apr-19, 09:47:14 
25-Apr-19, 09:47:14 
25-Apr-19, 09:47:16 
25-Apr-19, 09:47:18 
25-Apr-19, 09:47:18 
25-Apr-19, 09:47:19 
25-Apr-19, 09:47:19 
25-Apr-19, 09:47:21 
25-Apr-19, 09:47:23 
25-Apr-19, 09:47:23 
25-Apr-19, 09:47:24 
25-Apr-19, 09:47:24 
25-Apr-19, 09:47:26 
25-Apr-19, 09:47:28 
25-Apr-19, 09:47:28 
25-Apr-19, 09:47:29 
25-Apr-19, 09:47:29 
25-Apr-19, 09:47:31 
25-Apr-19, 09:47:33 
25-Apr-19, 09:47:33 
25-Apr-19, 09:47:34 
25-Apr-19, 09:47:34 
25-Apr-19, 09:47:36 
25-Apr-19, 09:47:39 
25-Apr-19, 09:47:39 
25-Apr-19, 09:47:41 
25-Apr-19, 09:47:43 
25-Apr-19, 09:47:43 
25-Apr-19, 09:47:44 
25-Apr-19, 09:47:44 
25-Apr-19, 09:47:46 
25-Apr-19, 09:47:48 
25-Apr-19, 09:47:48 
25-Apr-19, 09:47:49 
25-Apr-19, 09:47:49 
25-Apr-19, 09:47:51 
25-Apr-19, 09:47:53 
25-Apr-19, 09:47:53 
25-Apr-19, 09:47:54 
25-Apr-19, 09:47:54 
25-Apr-19, 09:47:56 
25-Apr-19, 09:47:58 
25-Apr-19, 09:47:58 
25-Apr-19, 09:47:59 
25-Apr-19, 09:47:59 
25-Apr-19, 09:48:01 
25-Apr-19, 09:48:03 
25-Apr-19, 09:48:03 
25-Apr-19, 09:48:04 
25-Apr-19, 09:48:04 
25-Apr-19, 09:48:06 
25-Apr-19, 09:48:08 
25-Apr-19, 09:48:08 
25-Apr-19, 09:48:09 
25-Apr-19, 09:48:09 
25-Apr-19, 09:48:11 
25-Apr-19, 09:48:13 
25-Apr-19, 09:48:13 
25-Apr-19, 09:48:14 
25-Apr-19, 09:48:14 
25-Apr-19, 09:48:16 
25-Apr-19, 09:48:18 
25-Apr-19, 09:48:18 
25-Apr-19, 09:48:19 
25-Apr-19, 09:48:19 
25-Apr-19, 09:48:21 
25-Apr-19, 09:48:23 
25-Apr-19, 09:48:23 
25-Apr-19, 09:48:24 
25-Apr-19, 09:48:24 
25-Apr-19, 09:48:26 
25-Apr-19, 09:48:28 
25-Apr-19, 09:48:28 
25-Apr-19, 09:48:29 
25-Apr-19, 09:48:29 
25-Apr-19, 09:48:31 
25-Apr-19, 09:48:33 
25-Apr-19, 09:48:33 
25-Apr-19, 09:48:34 
25-Apr-19, 09:48:34 
25-Apr-19, 09:48:36 
25-Apr-19, 09:48:38 
25-Apr-19, 09:48:38 
25-Apr-19, 09:48:39 
25-Apr-19, 09:48:39 
25-Apr-19, 09:48:41 
25-Apr-19, 09:48:43 
25-Apr-19, 09:48:43 
25-Apr-19, 09:48:44 
25-Apr-19, 09:48:44 
25-Apr-19, 09:48:46 
25-Apr-19, 09:48:48 
25-Apr-19, 09:48:48 
25-Apr-19, 09:48:49 
25-Apr-19, 09:48:49 
25-Apr-19, 09:48:51 
25-Apr-19, 09:48:56 
25-Apr-19, 09:48:58 
25-Apr-19, 09:48:58 
25-Apr-19, 09:49:01 
25-Apr-19, 09:49:03 
25-Apr-19, 09:49:03 
25-Apr-19, 09:49:04 
25-Apr-19, 09:49:06 
25-Apr-19, 09:49:08 
25-Apr-19, 09:49:08 
25-Apr-19, 09:49:09 
25-Apr-19, 09:49:09 
25-Apr-19, 09:49:11 
25-Apr-19, 09:49:13 
25-Apr-19, 09:49:13 
25-Apr-19, 09:49:14 
25-Apr-19, 09:49:14 
25-Apr-19, 09:49:16 
25-Apr-19, 09:49:18 
25-Apr-19, 09:49:18 
25-Apr-19, 09:49:19 
25-Apr-19, 09:49:19 
25-Apr-19, 09:49:21 
25-Apr-19, 09:49:23 
25-Apr-19, 09:49:23 
25-Apr-19, 09:49:24 
25-Apr-19, 09:49:24 
25-Apr-19, 09:49:26 
25-Apr-19, 09:49:28 
25-Apr-19, 09:49:28 
25-Apr-19, 09:49:29 
25-Apr-19, 09:49:29 
25-Apr-19, 09:49:31 
25-Apr-19, 09:49:33 
25-Apr-19, 09:49:33 
25-Apr-19, 09:49:34 
25-Apr-19, 09:49:34 
25-Apr-19, 09:49:36 
25-Apr-19, 09:49:38 
25-Apr-19, 09:49:38 
25-Apr-19, 09:49:39 
25-Apr-19, 09:49:39 
25-Apr-19, 09:49:41 
25-Apr-19, 09:49:43 
25-Apr-19, 09:49:43 
25-Apr-19, 09:49:46 
25-Apr-19, 09:49:48 
25-Apr-19, 09:49:51 
25-Apr-19, 09:49:53 
25-Apr-19, 09:49:53 
25-Apr-19, 09:49:54 
25-Apr-19, 09:49:56 
25-Apr-19, 09:49:58 
25-Apr-19, 09:49:58 
25-Apr-19, 09:49:59 
25-Apr-19, 09:49:59 
25-Apr-19, 09:50:01 
25-Apr-19, 09:50:03 
25-Apr-19, 09:50:03 
25-Apr-19, 09:50:04 
25-Apr-19, 09:50:04 
25-Apr-19, 09:50:08 
25-Apr-19, 09:50:08 
25-Apr-19, 09:50:09 
25-Apr-19, 09:50:09 
25-Apr-19, 09:50:11 
25-Apr-19, 09:50:13 
25-Apr-19, 09:50:13 
25-Apr-19, 09:50:14 
25-Apr-19, 09:50:14 
25-Apr-19, 09:50:19 
25-Apr-19, 09:50:19 
25-Apr-19, 09:50:23 
25-Apr-19, 09:50:23 
25-Apr-19, 09:50:24 
25-Apr-19, 09:50:24 
25-Apr-19, 09:50:26 
25-Apr-19, 09:50:29 
25-Apr-19, 09:50:29 
25-Apr-19, 09:50:31 
25-Apr-19, 09:50:33 
25-Apr-19, 09:50:33 
25-Apr-19, 09:50:34 
25-Apr-19, 09:50:34 
25-Apr-19, 09:50:36 
25-Apr-19, 09:50:38 
25-Apr-19, 09:50:38 
25-Apr-19, 09:50:39 
25-Apr-19, 09:50:39 
25-Apr-19, 09:50:41 
25-Apr-19, 09:50:43 
25-Apr-19, 09:50:43 
25-Apr-19, 09:50:44 
25-Apr-19, 09:50:44 
25-Apr-19, 09:50:46 
25-Apr-19, 09:50:48 
25-Apr-19, 09:50:48 
25-Apr-19, 09:50:49 
25-Apr-19, 09:50:49 
25-Apr-19, 09:50:51 
25-Apr-19, 09:50:53 
25-Apr-19, 09:50:53 
25-Apr-19, 09:50:54 
25-Apr-19, 09:50:54 
25-Apr-19, 09:50:56 
25-Apr-19, 09:50:58 
25-Apr-19, 09:50:58 
25-Apr-19, 09:50:59 
25-Apr-19, 09:50:59 
25-Apr-19, 09:51:01 
25-Apr-19, 09:51:03 
25-Apr-19, 09:51:03 
25-Apr-19, 09:51:04 
25-Apr-19, 09:51:06 
25-Apr-19, 09:51:08 
25-Apr-19, 09:51:08 
25-Apr-19, 09:51:09 
25-Apr-19, 09:51:09 
25-Apr-19, 09:51:11 
25-Apr-19, 09:51:13 
25-Apr-19, 09:51:13 
25-Apr-19, 09:51:14 
25-Apr-19, 09:51:14 
25-Apr-19, 09:51:16 
25-Apr-19, 09:51:18 
25-Apr-19, 09:51:18 
25-Apr-19, 09:51:19 
25-Apr-19, 09:51:19 
25-Apr-19, 09:51:21 
25-Apr-19, 09:51:23 
25-Apr-19, 09:51:23 
25-Apr-19, 09:51:24 
25-Apr-19, 09:51:24 
25-Apr-19, 09:51:26 
25-Apr-19, 09:51:28 
25-Apr-19, 09:51:28 
25-Apr-19, 09:51:29 
25-Apr-19, 09:51:29 
25-Apr-19, 09:51:31 
25-Apr-19, 09:51:33 
25-Apr-19, 09:51:33 
25-Apr-19, 09:51:34 
25-Apr-19, 09:51:34 
25-Apr-19, 09:51:36 
25-Apr-19, 09:51:38 
25-Apr-19, 09:51:38 
25-Apr-19, 09:51:39 
25-Apr-19, 09:51:39 
25-Apr-19, 09:51:41 
25-Apr-19, 09:51:43 
25-Apr-19, 09:51:43 
25-Apr-19, 09:51:44 
25-Apr-19, 09:51:44 
25-Apr-19, 09:51:46 
25-Apr-19, 09:51:48 
25-Apr-19, 09:51:48 
25-Apr-19, 09:51:49 
25-Apr-19, 09:51:49 
25-Apr-19, 09:51:51 
25-Apr-19, 09:51:53 
25-Apr-19, 09:51:53 
25-Apr-19, 09:51:54 
25-Apr-19, 09:51:54 
25-Apr-19, 09:51:56 
25-Apr-19, 09:51:58 
25-Apr-19, 09:51:58 
25-Apr-19, 09:51:59 
25-Apr-19, 09:51:59 
25-Apr-19, 09:52:01 
25-Apr-19, 09:52:03 
25-Apr-19, 09:52:03 
25-Apr-19, 09:52:04 
25-Apr-19, 09:52:04 
25-Apr-19, 09:52:06 
25-Apr-19, 09:52:08 
25-Apr-19, 09:52:08 
25-Apr-19, 09:52:09 
25-Apr-19, 09:52:09 
25-Apr-19, 09:52:11 
25-Apr-19, 09:52:13 
25-Apr-19, 09:52:13 
25-Apr-19, 09:52:14 
25-Apr-19, 09:52:14 
25-Apr-19, 09:52:16 
25-Apr-19, 09:52:23 
25-Apr-19, 09:52:23 
25-Apr-19, 09:52:24 
25-Apr-19, 09:52:24 
25-Apr-19, 09:52:26 
25-Apr-19, 09:52:28 
25-Apr-19, 09:52:28 
25-Apr-19, 09:52:29 
25-Apr-19, 09:52:29 
25-Apr-19, 09:52:31 
25-Apr-19, 09:52:33 
25-Apr-19, 09:52:33 
25-Apr-19, 09:52:36 
25-Apr-19, 09:52:38 
25-Apr-19, 09:52:38 
25-Apr-19, 09:52:39 
25-Apr-19, 09:52:39 
25-Apr-19, 09:52:41 
25-Apr-19, 09:52:43 
25-Apr-19, 09:52:43 
25-Apr-19, 09:52:44 
25-Apr-19, 09:52:44 
25-Apr-19, 09:52:46 
25-Apr-19, 09:52:48 
25-Apr-19, 09:52:48 
25-Apr-19, 09:52:49 
25-Apr-19, 09:52:49 
25-Apr-19, 09:52:51 
25-Apr-19, 09:52:53 
25-Apr-19, 09:52:53 
25-Apr-19, 09:52:54 
25-Apr-19, 09:52:54 
25-Apr-19, 09:52:56 
25-Apr-19, 09:52:58 
25-Apr-19, 09:52:58 
25-Apr-19, 09:52:59 
25-Apr-19, 09:52:59 
25-Apr-19, 09:53:01 
25-Apr-19, 09:53:03 
25-Apr-19, 09:53:03 
25-Apr-19, 09:53:04 
25-Apr-19, 09:53:04 
25-Apr-19, 09:53:07 
25-Apr-19, 09:53:08 
25-Apr-19, 09:53:08 
25-Apr-19, 09:53:09 
25-Apr-19, 09:53:09 
25-Apr-19, 09:53:12 
25-Apr-19, 09:53:13 
25-Apr-19, 09:53:13 
25-Apr-19, 09:53:14 
25-Apr-19, 09:53:14 
25-Apr-19, 09:53:17 
25-Apr-19, 09:53:18 
25-Apr-19, 09:53:18 
25-Apr-19, 09:53:19 
25-Apr-19, 09:53:19 
25-Apr-19, 09:53:22 
25-Apr-19, 09:53:23 
25-Apr-19, 09:53:23 
25-Apr-19, 09:53:24 
25-Apr-19, 09:53:24 
25-Apr-19, 09:53:27 
25-Apr-19, 09:53:32 
25-Apr-19, 07:49:13 
25-Apr-19, 07:56:17 
25-Apr-19, 08:04:07 
25-Apr-19, 08:16:31 
25-Apr-19, 08:16:31 
25-Apr-19, 08:16:32 
25-Apr-19, 08:16:33 
25-Apr-19, 08:16:36 
25-Apr-19, 08:16:36 
25-Apr-19, 08:16:43 
25-Apr-19, 08:16:47 
25-Apr-19, 08:16:56 
25-Apr-19, 08:16:56 
25-Apr-19, 08:16:58 
25-Apr-19, 08:17:00 
25-Apr-19, 08:17:08 
25-Apr-19, 08:17:11 
25-Apr-19, 08:17:11 
25-Apr-19, 08:17:12 
25-Apr-19, 08:17:16 
25-Apr-19, 08:17:16 
25-Apr-19, 08:17:18 
25-Apr-19, 08:17:21 
25-Apr-19, 08:17:21 
25-Apr-19, 08:17:22 
25-Apr-19, 08:17:25 
25-Apr-19, 08:17:26 
25-Apr-19, 08:17:26 
25-Apr-19, 08:17:27 
25-Apr-19, 08:17:28 
25-Apr-19, 08:17:30 
25-Apr-19, 08:17:31 
25-Apr-19, 08:17:31 
25-Apr-19, 08:17:32 
25-Apr-19, 08:17:33 
25-Apr-19, 08:17:36 
25-Apr-19, 08:17:36 
25-Apr-19, 08:17:37 
25-Apr-19, 08:17:38 
25-Apr-19, 08:17:40 
25-Apr-19, 08:17:41 
25-Apr-19, 08:17:41 
25-Apr-19, 08:17:42 
25-Apr-19, 08:17:43 
25-Apr-19, 08:17:45 
25-Apr-19, 08:17:46 
25-Apr-19, 08:17:46 
25-Apr-19, 08:17:47 
25-Apr-19, 08:17:50 
25-Apr-19, 08:17:51 
25-Apr-19, 08:17:51 
25-Apr-19, 08:17:52 
25-Apr-19, 08:17:53 
25-Apr-19, 08:17:55 
25-Apr-19, 08:17:56 
25-Apr-19, 08:17:56 
25-Apr-19, 08:17:57 
25-Apr-19, 08:17:58 
25-Apr-19, 08:18:00 
25-Apr-19, 08:18:01 
25-Apr-19, 08:18:01 
25-Apr-19, 08:18:02 
25-Apr-19, 08:18:03 
25-Apr-19, 08:18:05 
25-Apr-19, 08:18:06 
25-Apr-19, 08:18:06 
25-Apr-19, 08:18:07 
25-Apr-19, 08:18:08 
25-Apr-19, 08:18:10 
25-Apr-19, 08:18:11 
25-Apr-19, 08:18:11 
25-Apr-19, 08:18:12 
25-Apr-19, 08:18:13 
25-Apr-19, 08:18:15 
25-Apr-19, 08:18:16 
25-Apr-19, 08:18:17 
25-Apr-19, 08:18:17 
25-Apr-19, 08:18:18 
25-Apr-19, 08:18:20 
25-Apr-19, 08:18:21 
25-Apr-19, 08:18:22 
25-Apr-19, 08:18:22 
25-Apr-19, 08:18:23 
25-Apr-19, 08:18:25 
25-Apr-19, 08:18:26 
25-Apr-19, 08:18:27 
25-Apr-19, 08:18:27 
25-Apr-19, 08:18:28 
25-Apr-19, 08:18:30 
25-Apr-19, 08:18:31 
25-Apr-19, 08:18:32 
25-Apr-19, 08:18:32 
25-Apr-19, 08:18:33 
25-Apr-19, 08:18:35 
25-Apr-19, 08:18:36 
25-Apr-19, 08:18:37 
25-Apr-19, 08:18:37 
25-Apr-19, 08:18:38 
25-Apr-19, 08:18:40 
25-Apr-19, 08:18:41 
25-Apr-19, 08:18:42 
25-Apr-19, 08:18:42 
25-Apr-19, 08:18:43 
25-Apr-19, 08:18:45 
25-Apr-19, 08:18:46 
25-Apr-19, 08:18:47 
25-Apr-19, 08:18:47 
25-Apr-19, 08:18:48 
25-Apr-19, 08:18:50 
25-Apr-19, 08:18:51 
25-Apr-19, 08:18:52 
25-Apr-19, 08:18:52 
25-Apr-19, 08:18:53 
25-Apr-19, 08:18:55 
25-Apr-19, 08:18:56 
25-Apr-19, 08:18:57 
25-Apr-19, 08:18:57 
25-Apr-19, 08:18:58 
25-Apr-19, 08:19:00 
25-Apr-19, 08:19:01 
25-Apr-19, 08:19:02 
25-Apr-19, 08:19:02 
25-Apr-19, 08:19:03 
25-Apr-19, 08:19:05 
25-Apr-19, 08:19:06 
25-Apr-19, 08:19:07 
25-Apr-19, 08:19:07 
25-Apr-19, 08:19:08 
25-Apr-19, 08:19:10 
25-Apr-19, 08:19:11 
25-Apr-19, 08:19:12 
25-Apr-19, 08:19:12 
25-Apr-19, 08:19:13 
25-Apr-19, 08:19:15 
25-Apr-19, 08:19:17 
25-Apr-19, 08:19:17 
25-Apr-19, 08:19:18 
25-Apr-19, 08:19:20 
25-Apr-19, 08:19:21 
25-Apr-19, 08:19:22 
25-Apr-19, 08:19:22 
25-Apr-19, 08:19:23 
25-Apr-19, 08:19:25 
25-Apr-19, 08:19:26 
25-Apr-19, 08:19:27 
25-Apr-19, 08:19:27 
25-Apr-19, 08:19:28 
25-Apr-19, 08:19:30 
25-Apr-19, 08:19:31 
25-Apr-19, 08:19:32 
25-Apr-19, 08:19:32 
25-Apr-19, 08:19:33 
25-Apr-19, 08:19:35 
25-Apr-19, 08:19:36 
25-Apr-19, 08:19:37 
25-Apr-19, 08:19:37 
25-Apr-19, 08:19:38 
25-Apr-19, 08:19:40 
25-Apr-19, 08:19:41 
25-Apr-19, 08:19:42 
25-Apr-19, 08:19:42 
25-Apr-19, 08:19:43 
25-Apr-19, 08:19:45 
25-Apr-19, 08:19:46 
25-Apr-19, 08:19:47 
25-Apr-19, 08:19:47 
25-Apr-19, 08:19:48 
25-Apr-19, 08:19:53 
25-Apr-19, 08:19:55 
25-Apr-19, 08:19:56 
25-Apr-19, 08:19:57 
25-Apr-19, 08:19:57 
25-Apr-19, 08:19:58 
25-Apr-19, 08:20:00 
25-Apr-19, 08:20:01 
25-Apr-19, 08:20:02 
25-Apr-19, 08:20:02 
25-Apr-19, 08:20:03 
25-Apr-19, 08:20:05 
25-Apr-19, 08:20:06 
25-Apr-19, 08:20:07 
25-Apr-19, 08:20:07 
25-Apr-19, 08:20:08 
25-Apr-19, 08:20:10 
25-Apr-19, 08:20:11 
25-Apr-19, 08:20:12 
25-Apr-19, 08:20:12 
25-Apr-19, 08:20:13 
25-Apr-19, 08:20:15 
25-Apr-19, 08:20:16 
25-Apr-19, 08:20:17 
25-Apr-19, 08:20:17 
25-Apr-19, 08:20:18 
25-Apr-19, 08:20:20 
25-Apr-19, 08:20:21 
25-Apr-19, 08:20:22 
25-Apr-19, 08:20:22 
25-Apr-19, 08:20:25 
25-Apr-19, 08:20:26 
25-Apr-19, 08:20:27 
25-Apr-19, 08:20:27 
25-Apr-19, 08:20:30 
25-Apr-19, 08:20:31 
25-Apr-19, 08:20:32 
25-Apr-19, 08:20:32 
25-Apr-19, 08:20:33 
25-Apr-19, 08:20:35 
25-Apr-19, 08:20:36 
25-Apr-19, 08:20:37 
25-Apr-19, 08:20:37 
25-Apr-19, 08:20:40 
25-Apr-19, 08:20:41 
25-Apr-19, 08:20:42 
25-Apr-19, 08:20:42 
25-Apr-19, 08:20:43 
25-Apr-19, 08:20:45 
25-Apr-19, 08:20:46 
25-Apr-19, 08:20:47 
25-Apr-19, 08:20:47 
25-Apr-19, 08:20:50 
25-Apr-19, 08:20:51 
25-Apr-19, 08:20:52 
25-Apr-19, 08:20:52 
25-Apr-19, 08:20:53 
25-Apr-19, 08:20:55 
25-Apr-19, 08:20:56 
25-Apr-19, 08:20:57 
25-Apr-19, 08:20:57 
25-Apr-19, 08:21:00 
25-Apr-19, 08:21:01 
25-Apr-19, 08:21:02 
25-Apr-19, 08:21:02 
25-Apr-19, 08:21:03 
25-Apr-19, 08:21:05 
25-Apr-19, 08:21:06 
25-Apr-19, 08:21:08 
25-Apr-19, 08:21:10 
25-Apr-19, 08:21:12 
25-Apr-19, 08:21:12 
25-Apr-19, 08:21:15 
25-Apr-19, 08:21:16 
25-Apr-19, 08:21:17 
25-Apr-19, 08:21:17 
25-Apr-19, 08:21:20 
25-Apr-19, 08:21:21 
25-Apr-19, 08:21:22 
25-Apr-19, 08:21:22 
25-Apr-19, 08:21:23 
25-Apr-19, 08:21:25 
25-Apr-19, 08:21:26 
25-Apr-19, 08:21:27 
25-Apr-19, 08:21:27 
25-Apr-19, 08:21:30 
25-Apr-19, 08:21:31 
25-Apr-19, 08:21:32 
25-Apr-19, 08:21:32 
25-Apr-19, 08:21:33 
25-Apr-19, 08:21:35 
25-Apr-19, 08:21:36 
25-Apr-19, 08:21:37 
25-Apr-19, 08:21:37 
25-Apr-19, 08:21:40 
25-Apr-19, 08:21:41 
25-Apr-19, 08:21:42 
25-Apr-19, 08:21:42 
25-Apr-19, 08:21:43 
25-Apr-19, 08:21:45 
25-Apr-19, 08:21:47 
25-Apr-19, 08:21:47 
25-Apr-19, 08:21:47 
25-Apr-19, 08:21:48 
25-Apr-19, 08:21:50 
25-Apr-19, 08:21:52 
25-Apr-19, 08:21:52 
25-Apr-19, 08:21:52 
25-Apr-19, 08:21:53 
25-Apr-19, 08:21:55 
25-Apr-19, 08:21:57 
25-Apr-19, 08:21:57 
25-Apr-19, 08:21:58 
25-Apr-19, 08:22:00 
25-Apr-19, 08:22:02 
25-Apr-19, 08:22:02 
25-Apr-19, 08:22:02 
25-Apr-19, 08:22:03 
25-Apr-19, 08:22:05 
25-Apr-19, 08:22:07 
25-Apr-19, 08:22:07 
25-Apr-19, 08:22:07 
25-Apr-19, 08:22:08 
25-Apr-19, 08:22:10 
25-Apr-19, 08:22:12 
25-Apr-19, 08:22:12 
25-Apr-19, 08:22:12 
25-Apr-19, 08:22:13 
25-Apr-19, 08:22:15 
25-Apr-19, 08:22:17 
25-Apr-19, 08:22:17 
25-Apr-19, 08:22:17 
25-Apr-19, 08:22:18 
25-Apr-19, 08:22:20 
25-Apr-19, 08:22:22 
25-Apr-19, 08:22:22 
25-Apr-19, 08:22:22 
25-Apr-19, 08:22:23 
25-Apr-19, 08:22:25 
25-Apr-19, 08:22:27 
25-Apr-19, 08:22:27 
25-Apr-19, 08:22:27 
25-Apr-19, 08:22:30 
25-Apr-19, 08:22:32 
25-Apr-19, 08:22:32 
25-Apr-19, 08:22:32 
25-Apr-19, 08:22:33 
25-Apr-19, 08:22:40 
25-Apr-19, 08:22:42 
25-Apr-19, 08:22:42 
25-Apr-19, 08:22:42 
25-Apr-19, 08:22:43 
25-Apr-19, 08:22:45 
25-Apr-19, 08:22:47 
25-Apr-19, 08:22:47 
25-Apr-19, 08:22:47 
25-Apr-19, 08:22:48 
25-Apr-19, 08:22:52 
25-Apr-19, 08:22:52 
25-Apr-19, 08:22:52 
25-Apr-19, 08:22:53 
25-Apr-19, 08:22:55 
25-Apr-19, 08:22:57 
25-Apr-19, 08:22:57 
25-Apr-19, 08:22:58 
25-Apr-19, 08:22:58 
25-Apr-19, 08:23:00 
25-Apr-19, 08:23:02 
25-Apr-19, 08:23:02 
25-Apr-19, 08:23:03 
25-Apr-19, 08:23:03 
25-Apr-19, 08:23:05 
25-Apr-19, 08:23:07 
25-Apr-19, 08:23:07 
25-Apr-19, 08:23:08 
25-Apr-19, 08:23:08 
25-Apr-19, 08:23:10 
25-Apr-19, 08:23:12 
25-Apr-19, 08:23:12 
25-Apr-19, 08:23:13 
25-Apr-19, 08:23:13 
25-Apr-19, 08:23:15 
25-Apr-19, 08:23:17 
25-Apr-19, 08:23:17 
25-Apr-19, 08:23:18 
25-Apr-19, 08:23:18 
25-Apr-19, 08:23:20 
25-Apr-19, 08:23:22 
25-Apr-19, 08:23:22 
25-Apr-19, 08:23:23 
25-Apr-19, 08:23:23 
25-Apr-19, 08:23:25 
25-Apr-19, 08:23:27 
25-Apr-19, 08:23:27 
25-Apr-19, 08:23:28 
25-Apr-19, 08:23:28 
25-Apr-19, 08:23:30 
25-Apr-19, 08:23:32 
25-Apr-19, 08:23:32 
25-Apr-19, 08:23:33 
25-Apr-19, 08:23:33 
25-Apr-19, 08:23:35 
25-Apr-19, 08:23:37 
25-Apr-19, 08:23:37 
25-Apr-19, 08:23:38 
25-Apr-19, 08:23:38 
25-Apr-19, 08:23:40 
25-Apr-19, 08:23:42 
25-Apr-19, 08:23:42 
25-Apr-19, 08:23:43 
25-Apr-19, 08:23:43 
25-Apr-19, 08:23:45 
25-Apr-19, 08:23:47 
25-Apr-19, 08:23:47 
25-Apr-19, 08:23:48 
25-Apr-19, 08:23:48 
25-Apr-19, 08:23:50 
25-Apr-19, 08:23:52 
25-Apr-19, 08:23:52 
25-Apr-19, 08:23:53 
25-Apr-19, 08:23:53 
25-Apr-19, 08:23:55 
25-Apr-19, 08:23:57 
25-Apr-19, 08:23:57 
25-Apr-19, 08:23:58 
25-Apr-19, 08:23:58 
25-Apr-19, 08:24:00 
25-Apr-19, 08:24:02 
25-Apr-19, 08:24:02 
25-Apr-19, 08:24:03 
25-Apr-19, 08:24:03 
25-Apr-19, 08:24:05 
25-Apr-19, 08:24:07 
25-Apr-19, 08:24:07 
25-Apr-19, 08:24:08 
25-Apr-19, 08:24:08 
25-Apr-19, 08:24:10 
25-Apr-19, 08:24:12 
25-Apr-19, 08:24:12 
25-Apr-19, 08:24:13 
25-Apr-19, 08:24:13 
25-Apr-19, 08:24:15 
25-Apr-19, 08:24:17 
25-Apr-19, 08:24:17 
25-Apr-19, 08:24:18 
25-Apr-19, 08:24:18 
25-Apr-19, 08:24:20 
25-Apr-19, 08:24:22 
25-Apr-19, 08:24:22 
25-Apr-19, 08:24:23 
25-Apr-19, 08:24:23 
25-Apr-19, 08:24:27 
25-Apr-19, 08:24:27 
25-Apr-19, 08:24:28 
25-Apr-19, 08:24:28 
25-Apr-19, 08:24:30 
25-Apr-19, 08:24:33 
25-Apr-19, 08:24:33 
25-Apr-19, 08:24:35 
25-Apr-19, 08:24:37 
25-Apr-19, 08:24:37 
25-Apr-19, 08:24:38 
25-Apr-19, 08:24:38 
25-Apr-19, 08:24:40 
25-Apr-19, 08:24:43 
25-Apr-19, 08:24:43 
25-Apr-19, 08:24:45 
25-Apr-19, 08:24:47 
25-Apr-19, 08:24:47 
25-Apr-19, 08:24:48 
25-Apr-19, 08:24:48 
25-Apr-19, 08:24:50 
25-Apr-19, 08:24:52 
25-Apr-19, 08:24:52 
25-Apr-19, 08:24:57 
25-Apr-19, 08:24:57 
25-Apr-19, 08:25:00 
25-Apr-19, 08:25:07 
25-Apr-19, 08:25:07 
25-Apr-19, 08:25:08 
25-Apr-19, 08:25:08 
25-Apr-19, 08:25:10 
25-Apr-19, 08:25:13 
25-Apr-19, 08:25:13 
25-Apr-19, 08:25:15 
25-Apr-19, 08:25:17 
25-Apr-19, 08:25:17 
25-Apr-19, 08:25:18 
25-Apr-19, 08:25:18 
25-Apr-19, 08:25:20 
25-Apr-19, 08:25:22 
25-Apr-19, 08:25:22 
25-Apr-19, 08:25:23 
25-Apr-19, 08:25:23 
25-Apr-19, 08:25:25 
25-Apr-19, 08:25:28 
25-Apr-19, 08:25:28 
25-Apr-19, 08:25:30 
25-Apr-19, 08:25:32 
25-Apr-19, 08:25:32 
25-Apr-19, 08:25:33 
25-Apr-19, 08:25:33 
25-Apr-19, 08:25:35 
25-Apr-19, 08:25:37 
25-Apr-19, 08:25:37 
25-Apr-19, 08:25:38 
25-Apr-19, 08:25:38 
25-Apr-19, 08:25:40 
25-Apr-19, 08:25:42 
25-Apr-19, 08:25:42 
25-Apr-19, 08:25:43 
25-Apr-19, 08:25:43 
25-Apr-19, 08:25:45 
25-Apr-19, 08:25:47 
25-Apr-19, 08:25:47 
25-Apr-19, 08:25:48 
25-Apr-19, 08:25:48 
25-Apr-19, 08:25:50 
25-Apr-19, 08:25:52 
25-Apr-19, 08:25:52 
25-Apr-19, 08:25:53 
25-Apr-19, 08:25:53 
25-Apr-19, 08:25:55 
25-Apr-19, 08:25:57 
25-Apr-19, 08:25:57 
25-Apr-19, 08:25:58 
25-Apr-19, 08:25:58 
25-Apr-19, 08:26:00 
25-Apr-19, 08:26:02 
25-Apr-19, 08:26:02 
25-Apr-19, 08:26:03 
25-Apr-19, 08:26:03 
25-Apr-19, 08:26:05 
25-Apr-19, 08:26:08 
25-Apr-19, 08:26:08 
25-Apr-19, 08:26:10 
25-Apr-19, 08:26:12 
25-Apr-19, 08:26:12 
25-Apr-19, 08:26:13 
25-Apr-19, 08:26:13 
25-Apr-19, 08:26:15 
25-Apr-19, 08:26:18 
25-Apr-19, 08:26:18 
25-Apr-19, 08:26:20 
25-Apr-19, 08:26:22 
25-Apr-19, 08:26:22 
25-Apr-19, 08:26:23 
25-Apr-19, 08:26:23 
25-Apr-19, 08:26:27 
25-Apr-19, 08:26:27 
25-Apr-19, 08:26:28 
25-Apr-19, 08:26:28 
25-Apr-19, 08:26:30 
25-Apr-19, 08:26:32 
25-Apr-19, 08:26:32 
25-Apr-19, 08:26:33 
25-Apr-19, 08:26:33 
25-Apr-19, 08:26:35 
25-Apr-19, 08:26:37 
25-Apr-19, 08:26:37 
25-Apr-19, 08:26:38 
25-Apr-19, 08:26:38 
25-Apr-19, 08:26:40 
25-Apr-19, 08:26:42 
25-Apr-19, 08:26:42 
25-Apr-19, 08:26:43 
25-Apr-19, 08:26:43 
25-Apr-19, 08:26:45 
25-Apr-19, 08:26:47 
25-Apr-19, 08:26:47 
25-Apr-19, 08:26:48 
25-Apr-19, 08:26:48 
25-Apr-19, 08:26:50 
25-Apr-19, 08:26:52 
25-Apr-19, 08:26:52 
25-Apr-19, 08:26:53 
25-Apr-19, 08:26:53 
25-Apr-19, 08:26:55 
25-Apr-19, 08:26:58 
25-Apr-19, 08:26:58 
25-Apr-19, 08:27:00 
25-Apr-19, 08:27:02 
25-Apr-19, 08:27:02 
25-Apr-19, 08:27:03 
25-Apr-19, 08:27:03 
25-Apr-19, 08:27:05 
25-Apr-19, 08:27:07 
25-Apr-19, 08:27:07 
25-Apr-19, 08:27:08 
25-Apr-19, 08:27:08 
25-Apr-19, 08:27:10 
25-Apr-19, 08:27:12 
25-Apr-19, 08:27:12 
25-Apr-19, 08:27:16 
25-Apr-19, 08:27:17 
25-Apr-19, 08:27:17 
25-Apr-19, 08:27:18 
25-Apr-19, 08:27:18 
25-Apr-19, 08:27:21 
25-Apr-19, 08:27:22 
25-Apr-19, 08:27:22 
25-Apr-19, 08:27:23 
25-Apr-19, 08:27:23 
25-Apr-19, 08:27:26 
25-Apr-19, 08:27:27 
25-Apr-19, 08:27:27 
25-Apr-19, 08:27:28 
25-Apr-19, 08:27:28 
25-Apr-19, 08:27:31 
25-Apr-19, 08:27:32 
25-Apr-19, 08:27:32 
25-Apr-19, 08:27:33 
25-Apr-19, 08:27:33 
25-Apr-19, 08:27:36 
25-Apr-19, 08:27:37 
25-Apr-19, 08:27:37 
25-Apr-19, 08:27:38 
25-Apr-19, 08:27:38 
25-Apr-19, 08:27:41 
25-Apr-19, 08:27:42 
25-Apr-19, 08:27:42 
25-Apr-19, 08:27:43 
25-Apr-19, 08:27:43 
25-Apr-19, 08:27:46 
25-Apr-19, 08:27:47 
25-Apr-19, 08:27:47 
25-Apr-19, 08:27:48 
25-Apr-19, 08:27:48 
25-Apr-19, 08:27:51 
25-Apr-19, 08:27:52 
25-Apr-19, 08:27:52 
25-Apr-19, 08:27:53 
25-Apr-19, 08:27:53 
25-Apr-19, 08:27:56 
25-Apr-19, 08:27:57 
25-Apr-19, 08:27:57 
25-Apr-19, 08:27:58 
25-Apr-19, 08:27:59 
25-Apr-19, 08:28:01 
25-Apr-19, 08:28:02 
25-Apr-19, 08:28:02 
25-Apr-19, 08:28:03 
25-Apr-19, 08:28:04 
25-Apr-19, 08:28:06 
25-Apr-19, 08:28:07 
25-Apr-19, 08:28:07 
25-Apr-19, 08:28:08 
25-Apr-19, 08:28:09 
25-Apr-19, 08:28:11 
25-Apr-19, 08:28:13 
25-Apr-19, 08:28:14 
25-Apr-19, 08:28:16 
25-Apr-19, 08:28:17 
25-Apr-19, 08:28:17 
25-Apr-19, 08:28:18 
25-Apr-19, 08:28:19 
25-Apr-19, 08:28:21 
25-Apr-19, 08:28:22 
25-Apr-19, 08:28:22 
25-Apr-19, 08:28:23 
25-Apr-19, 08:28:26 
25-Apr-19, 08:28:27 
25-Apr-19, 08:28:27 
25-Apr-19, 08:28:28 
25-Apr-19, 08:28:29 
25-Apr-19, 08:28:31 
25-Apr-19, 08:28:32 
25-Apr-19, 08:28:32 
25-Apr-19, 08:28:33 
25-Apr-19, 08:28:34 
25-Apr-19, 08:28:36 
25-Apr-19, 08:28:37 
25-Apr-19, 08:28:37 
25-Apr-19, 08:28:38 
25-Apr-19, 08:28:39 
25-Apr-19, 08:28:41 
25-Apr-19, 08:28:42 
25-Apr-19, 08:28:42 
25-Apr-19, 08:28:43 
25-Apr-19, 08:28:44 
25-Apr-19, 08:28:46 
25-Apr-19, 08:28:47 
25-Apr-19, 08:28:47 
25-Apr-19, 08:28:48 
25-Apr-19, 08:28:49 
25-Apr-19, 08:28:51 
25-Apr-19, 08:28:52 
25-Apr-19, 08:28:52 
25-Apr-19, 08:28:53 
25-Apr-19, 08:28:54 
25-Apr-19, 08:28:56 
25-Apr-19, 08:28:57 
25-Apr-19, 08:28:57 
25-Apr-19, 08:28:58 
25-Apr-19, 08:28:59 
25-Apr-19, 08:29:01 
25-Apr-19, 08:29:02 
25-Apr-19, 08:29:02 
25-Apr-19, 08:29:03 
25-Apr-19, 08:29:04 
25-Apr-19, 08:29:06 
25-Apr-19, 08:29:07 
25-Apr-19, 08:29:07 
25-Apr-19, 08:29:08 
25-Apr-19, 08:29:11 
25-Apr-19, 08:29:12 
25-Apr-19, 08:29:12 
25-Apr-19, 08:29:13 
25-Apr-19, 08:29:14 
25-Apr-19, 08:29:16 
25-Apr-19, 08:29:17 
25-Apr-19, 08:29:17 
25-Apr-19, 08:29:18 
25-Apr-19, 08:29:19 
25-Apr-19, 08:29:21 
25-Apr-19, 08:29:22 
25-Apr-19, 08:29:22 
25-Apr-19, 08:29:23 
25-Apr-19, 08:29:24 
25-Apr-19, 08:29:26 
25-Apr-19, 08:29:27 
25-Apr-19, 08:29:27 
25-Apr-19, 08:29:28 
25-Apr-19, 08:29:29 
25-Apr-19, 08:29:31 
25-Apr-19, 08:29:32 
25-Apr-19, 08:29:32 
25-Apr-19, 08:29:33 
25-Apr-19, 08:29:34 
25-Apr-19, 08:29:37 
25-Apr-19, 08:29:37 
25-Apr-19, 08:29:38 
25-Apr-19, 08:29:39 
25-Apr-19, 08:29:41 
25-Apr-19, 08:29:42 
25-Apr-19, 08:29:42 
25-Apr-19, 08:29:43 
25-Apr-19, 08:29:44 
25-Apr-19, 08:29:46 
25-Apr-19, 08:29:47 
25-Apr-19, 08:29:47 
25-Apr-19, 08:29:48 
25-Apr-19, 08:29:49 
25-Apr-19, 08:29:51 
25-Apr-19, 08:29:52 
25-Apr-19, 08:29:52 
25-Apr-19, 08:29:53 
25-Apr-19, 08:29:54 
25-Apr-19, 08:29:56 
25-Apr-19, 08:29:57 
25-Apr-19, 08:29:57 
25-Apr-19, 08:29:58 
25-Apr-19, 08:29:59 
25-Apr-19, 08:30:01 
25-Apr-19, 08:30:02 
25-Apr-19, 08:30:02 
25-Apr-19, 08:30:03 
25-Apr-19, 08:30:04 
25-Apr-19, 08:30:06 
25-Apr-19, 08:30:07 
25-Apr-19, 08:30:07 
25-Apr-19, 08:30:08 
25-Apr-19, 08:30:09 
25-Apr-19, 08:30:11 
25-Apr-19, 08:30:12 
25-Apr-19, 08:30:12 
25-Apr-19, 08:30:13 
25-Apr-19, 08:30:14 
25-Apr-19, 08:30:16 
25-Apr-19, 08:30:17 
25-Apr-19, 08:30:17 
25-Apr-19, 08:30:18 
25-Apr-19, 08:30:19 
25-Apr-19, 08:30:21 
25-Apr-19, 08:30:22 
25-Apr-19, 08:30:22 
25-Apr-19, 08:30:23 
25-Apr-19, 08:30:24 
25-Apr-19, 08:30:26 
25-Apr-19, 08:30:27 
25-Apr-19, 08:30:27 
25-Apr-19, 08:30:28 
25-Apr-19, 08:30:29 
25-Apr-19, 08:30:31 
25-Apr-19, 08:30:32 
25-Apr-19, 08:30:32 
25-Apr-19, 08:30:33 
25-Apr-19, 08:30:34 
25-Apr-19, 08:30:36 
25-Apr-19, 08:30:37 
25-Apr-19, 08:30:37 
25-Apr-19, 08:30:38 
25-Apr-19, 08:30:39 
25-Apr-19, 08:30:41 
25-Apr-19, 08:30:42 
25-Apr-19, 08:30:42 
25-Apr-19, 08:30:43 
25-Apr-19, 08:30:44 
25-Apr-19, 08:30:46 
25-Apr-19, 08:30:47 
25-Apr-19, 08:30:47 
25-Apr-19, 08:30:48 
25-Apr-19, 08:30:49 
25-Apr-19, 08:30:51 
25-Apr-19, 08:30:52 
25-Apr-19, 08:30:53 
25-Apr-19, 08:30:53 
25-Apr-19, 08:30:54 
25-Apr-19, 08:30:56 
25-Apr-19, 08:30:57 
25-Apr-19, 08:30:58 
25-Apr-19, 08:30:58 
25-Apr-19, 08:30:59 
25-Apr-19, 08:31:01 
25-Apr-19, 08:31:02 
25-Apr-19, 08:31:03 
25-Apr-19, 08:31:03 
25-Apr-19, 08:31:04 
25-Apr-19, 08:31:06 
25-Apr-19, 08:31:07 
25-Apr-19, 08:31:09 
25-Apr-19, 08:31:11 
25-Apr-19, 08:31:12 
25-Apr-19, 08:31:14 
25-Apr-19, 08:31:16 
25-Apr-19, 08:31:17 
25-Apr-19, 08:31:19 
25-Apr-19, 08:31:21 
25-Apr-19, 08:31:22 
25-Apr-19, 08:31:23 
25-Apr-19, 08:31:23 
25-Apr-19, 08:31:24 
25-Apr-19, 08:31:26 
25-Apr-19, 08:31:27 
25-Apr-19, 08:31:28 
25-Apr-19, 08:31:28 
25-Apr-19, 08:31:29 
25-Apr-19, 08:31:31 
25-Apr-19, 08:31:32 
25-Apr-19, 08:31:33 
25-Apr-19, 08:31:33 
25-Apr-19, 08:31:34 
25-Apr-19, 08:31:36 
25-Apr-19, 08:31:37 
25-Apr-19, 08:31:38 
25-Apr-19, 08:31:38 
25-Apr-19, 08:31:39 
25-Apr-19, 08:31:41 
25-Apr-19, 08:31:42 
25-Apr-19, 08:31:43 
25-Apr-19, 08:31:43 
25-Apr-19, 08:31:44 
25-Apr-19, 08:31:46 
25-Apr-19, 08:31:47 
25-Apr-19, 08:31:48 
25-Apr-19, 08:31:48 
25-Apr-19, 08:31:49 
25-Apr-19, 08:31:51 
25-Apr-19, 08:31:52 
25-Apr-19, 08:31:54 
25-Apr-19, 08:31:56 
25-Apr-19, 08:31:57 
25-Apr-19, 08:31:58 
25-Apr-19, 08:31:58 
25-Apr-19, 08:31:59 
25-Apr-19, 08:32:01 
25-Apr-19, 08:32:02 
25-Apr-19, 08:32:03 
25-Apr-19, 08:32:03 
25-Apr-19, 08:32:04 
25-Apr-19, 08:32:06 
25-Apr-19, 08:32:07 
25-Apr-19, 08:32:08 
25-Apr-19, 08:32:08 
25-Apr-19, 08:32:09 
25-Apr-19, 08:32:11 
25-Apr-19, 08:32:12 
25-Apr-19, 08:32:13 
25-Apr-19, 08:32:13 
25-Apr-19, 08:32:14 
25-Apr-19, 08:32:16 
25-Apr-19, 08:32:17 
25-Apr-19, 08:32:18 
25-Apr-19, 08:32:18 
25-Apr-19, 08:32:19 
25-Apr-19, 08:32:23 
25-Apr-19, 08:32:23 
25-Apr-19, 08:32:23 
25-Apr-19, 08:32:24 
25-Apr-19, 08:32:26 
25-Apr-19, 08:32:28 
25-Apr-19, 08:32:28 
25-Apr-19, 08:32:28 
25-Apr-19, 08:32:29 
25-Apr-19, 08:32:31 
25-Apr-19, 08:32:33 
25-Apr-19, 08:32:33 
25-Apr-19, 08:32:33 
25-Apr-19, 08:32:34 
25-Apr-19, 08:32:36 
25-Apr-19, 08:32:38 
25-Apr-19, 08:32:38 
25-Apr-19, 08:32:38 
25-Apr-19, 08:32:39 
25-Apr-19, 08:32:41 
25-Apr-19, 08:32:43 
25-Apr-19, 08:32:43 
25-Apr-19, 08:32:43 
25-Apr-19, 08:32:44 
25-Apr-19, 08:32:46 
25-Apr-19, 08:32:48 
25-Apr-19, 08:32:48 
25-Apr-19, 08:32:48 
25-Apr-19, 08:32:49 
25-Apr-19, 08:32:51 
25-Apr-19, 08:32:53 
25-Apr-19, 08:32:53 
25-Apr-19, 08:32:53 
25-Apr-19, 08:32:54 
25-Apr-19, 08:32:56 
25-Apr-19, 08:32:58 
25-Apr-19, 08:32:58 
25-Apr-19, 08:32:58 
25-Apr-19, 08:32:59 
25-Apr-19, 08:33:01 
25-Apr-19, 08:33:03 
25-Apr-19, 08:33:03 
25-Apr-19, 08:33:03 
25-Apr-19, 08:33:04 
25-Apr-19, 08:33:06 
25-Apr-19, 08:33:08 
25-Apr-19, 08:33:08 
25-Apr-19, 08:33:08 
25-Apr-19, 08:33:09 
25-Apr-19, 08:33:11 
25-Apr-19, 08:33:13 
25-Apr-19, 08:33:13 
25-Apr-19, 08:33:13 
25-Apr-19, 08:33:14 
25-Apr-19, 08:33:16 
25-Apr-19, 08:33:18 
25-Apr-19, 08:33:18 
25-Apr-19, 08:33:18 
25-Apr-19, 08:33:19 
25-Apr-19, 08:33:21 
25-Apr-19, 08:33:23 
25-Apr-19, 08:33:23 
25-Apr-19, 08:33:23 
25-Apr-19, 08:33:24 
25-Apr-19, 08:33:26 
25-Apr-19, 08:33:28 
25-Apr-19, 08:33:28 
25-Apr-19, 08:33:28 
25-Apr-19, 08:33:29 
25-Apr-19, 08:33:31 
25-Apr-19, 08:33:33 
25-Apr-19, 08:33:33 
25-Apr-19, 08:33:33 
25-Apr-19, 08:33:34 
25-Apr-19, 08:33:38 
25-Apr-19, 08:33:38 
25-Apr-19, 08:33:38 
25-Apr-19, 08:33:39 
25-Apr-19, 08:33:41 
25-Apr-19, 08:33:43 
25-Apr-19, 08:33:43 
25-Apr-19, 08:33:43 
25-Apr-19, 08:33:44 
25-Apr-19, 08:33:46 
25-Apr-19, 08:33:49 
25-Apr-19, 08:33:51 
25-Apr-19, 08:33:53 
25-Apr-19, 08:33:53 
25-Apr-19, 08:33:53 
25-Apr-19, 08:33:54 
25-Apr-19, 08:33:56 
25-Apr-19, 08:33:58 
25-Apr-19, 08:33:58 
25-Apr-19, 08:33:58 
25-Apr-19, 08:33:59 
25-Apr-19, 08:34:01 
25-Apr-19, 08:34:04 
25-Apr-19, 08:34:06 
25-Apr-19, 08:34:08 
25-Apr-19, 08:34:08 
25-Apr-19, 08:34:08 
25-Apr-19, 08:34:09 
25-Apr-19, 08:34:11 
25-Apr-19, 08:34:13 
25-Apr-19, 08:34:13 
25-Apr-19, 08:34:13 
25-Apr-19, 08:34:14 
25-Apr-19, 08:34:16 
25-Apr-19, 08:34:18 
25-Apr-19, 08:34:18 
25-Apr-19, 08:34:18 
25-Apr-19, 08:34:19 
25-Apr-19, 08:34:21 
25-Apr-19, 08:34:23 
25-Apr-19, 08:34:23 
25-Apr-19, 08:34:23 
25-Apr-19, 08:34:24 
25-Apr-19, 08:34:26 
25-Apr-19, 08:34:28 
25-Apr-19, 08:34:28 
25-Apr-19, 08:34:28 
25-Apr-19, 08:34:29 
25-Apr-19, 08:34:31 
25-Apr-19, 08:34:33 
25-Apr-19, 08:34:33 
25-Apr-19, 08:34:33 
25-Apr-19, 08:34:34 
25-Apr-19, 08:34:36 
25-Apr-19, 08:34:38 
25-Apr-19, 08:34:38 
25-Apr-19, 08:34:38 
25-Apr-19, 08:34:39 
25-Apr-19, 08:34:41 
25-Apr-19, 08:34:43 
25-Apr-19, 08:34:43 
25-Apr-19, 08:34:43 
25-Apr-19, 08:34:44 
25-Apr-19, 08:34:46 
25-Apr-19, 08:34:48 
25-Apr-19, 08:34:48 
25-Apr-19, 08:34:48 
25-Apr-19, 08:34:54 
25-Apr-19, 08:34:56 
25-Apr-19, 08:34:58 
25-Apr-19, 08:34:58 
25-Apr-19, 08:34:58 
25-Apr-19, 08:35:01 
25-Apr-19, 08:35:03 
25-Apr-19, 08:35:03 
25-Apr-19, 08:35:03 
25-Apr-19, 08:35:04 
25-Apr-19, 08:35:06 
25-Apr-19, 08:35:08 
25-Apr-19, 08:35:08 
25-Apr-19, 08:35:08 
25-Apr-19, 08:35:09 
25-Apr-19, 08:35:11 
25-Apr-19, 08:35:13 
25-Apr-19, 08:35:13 
25-Apr-19, 08:35:13 
25-Apr-19, 08:35:14 
25-Apr-19, 08:35:16 
25-Apr-19, 08:35:18 
25-Apr-19, 08:35:18 
25-Apr-19, 08:35:18 
25-Apr-19, 08:35:21 
25-Apr-19, 08:35:28 
25-Apr-19, 08:35:28 
25-Apr-19, 08:35:28 
25-Apr-19, 08:35:29 
25-Apr-19, 08:35:31 
25-Apr-19, 08:35:33 
25-Apr-19, 08:35:33 
25-Apr-19, 08:35:33 
25-Apr-19, 08:35:34 
25-Apr-19, 08:35:36 
25-Apr-19, 08:35:38 
25-Apr-19, 08:35:38 
25-Apr-19, 08:35:38 
25-Apr-19, 08:35:41 
25-Apr-19, 08:35:43 
25-Apr-19, 08:35:43 
25-Apr-19, 08:35:43 
25-Apr-19, 08:35:44 
25-Apr-19, 08:35:46 
25-Apr-19, 08:35:48 
25-Apr-19, 08:35:48 
25-Apr-19, 08:35:48 
25-Apr-19, 08:35:49 
25-Apr-19, 08:35:51 
25-Apr-19, 08:35:53 
25-Apr-19, 08:35:53 
25-Apr-19, 08:35:53 
25-Apr-19, 08:35:54 
25-Apr-19, 08:35:56 
25-Apr-19, 08:35:58 
25-Apr-19, 08:35:58 
25-Apr-19, 08:35:58 
25-Apr-19, 08:35:59 
25-Apr-19, 08:36:01 
25-Apr-19, 08:36:03 
25-Apr-19, 08:36:03 
25-Apr-19, 08:36:03 
25-Apr-19, 08:36:04 
25-Apr-19, 08:36:06 
25-Apr-19, 08:36:08 
25-Apr-19, 08:36:08 
25-Apr-19, 08:36:08 
25-Apr-19, 08:36:09 
25-Apr-19, 08:36:11 
25-Apr-19, 08:36:13 
25-Apr-19, 08:36:13 
25-Apr-19, 08:36:13 
25-Apr-19, 08:36:14 
25-Apr-19, 08:36:16 
25-Apr-19, 08:36:18 
25-Apr-19, 08:36:18 
25-Apr-19, 08:36:18 
25-Apr-19, 08:36:19 
25-Apr-19, 08:36:21 
25-Apr-19, 08:36:23 
25-Apr-19, 08:36:23 
25-Apr-19, 08:36:23 
25-Apr-19, 08:36:24 
25-Apr-19, 08:36:26 
25-Apr-19, 08:36:29 
25-Apr-19, 08:36:31 
25-Apr-19, 08:36:33 
25-Apr-19, 08:36:33 
25-Apr-19, 08:36:33 
25-Apr-19, 08:36:34 
25-Apr-19, 08:36:36 
25-Apr-19, 08:36:38 
25-Apr-19, 08:36:38 
25-Apr-19, 08:36:38 
25-Apr-19, 08:36:39 
25-Apr-19, 08:36:41 
25-Apr-19, 08:36:43 
25-Apr-19, 08:36:43 
25-Apr-19, 08:36:43 
25-Apr-19, 08:36:44 
25-Apr-19, 08:36:46 
25-Apr-19, 08:36:48 
25-Apr-19, 08:36:48 
25-Apr-19, 08:36:48 
25-Apr-19, 08:36:49 
25-Apr-19, 08:36:51 
25-Apr-19, 08:36:53 
25-Apr-19, 08:36:53 
25-Apr-19, 08:36:53 
25-Apr-19, 08:36:54 
25-Apr-19, 08:36:56 
25-Apr-19, 08:36:58 
25-Apr-19, 08:36:58 
25-Apr-19, 08:36:58 
25-Apr-19, 08:36:59 
25-Apr-19, 08:37:01 
25-Apr-19, 08:37:03 
25-Apr-19, 08:37:03 
25-Apr-19, 08:37:04 
25-Apr-19, 08:37:06 
25-Apr-19, 08:37:08 
25-Apr-19, 08:37:08 
25-Apr-19, 08:37:09 
25-Apr-19, 08:37:09 
25-Apr-19, 08:37:11 
25-Apr-19, 08:37:13 
25-Apr-19, 08:37:13 
25-Apr-19, 08:37:14 
25-Apr-19, 08:37:14 
25-Apr-19, 08:37:18 
25-Apr-19, 08:37:18 
25-Apr-19, 08:37:19 
25-Apr-19, 08:37:19 
25-Apr-19, 08:37:21 
25-Apr-19, 08:37:23 
25-Apr-19, 08:37:23 
25-Apr-19, 08:37:24 
25-Apr-19, 08:37:24 
25-Apr-19, 08:37:26 
25-Apr-19, 08:37:28 
25-Apr-19, 08:37:29 
25-Apr-19, 08:37:29 
25-Apr-19, 08:37:31 
25-Apr-19, 08:37:33 
25-Apr-19, 08:37:33 
25-Apr-19, 08:37:34 
25-Apr-19, 08:37:34 
25-Apr-19, 08:37:36 
25-Apr-19, 08:37:38 
25-Apr-19, 08:37:38 
25-Apr-19, 08:37:46 
25-Apr-19, 08:37:48 
25-Apr-19, 08:37:48 
25-Apr-19, 08:37:49 
25-Apr-19, 08:37:49 
25-Apr-19, 08:37:51 
25-Apr-19, 08:37:53 
25-Apr-19, 08:37:53 
25-Apr-19, 08:37:54 
25-Apr-19, 08:37:54 
25-Apr-19, 08:37:56 
25-Apr-19, 08:37:58 
25-Apr-19, 08:37:58 
25-Apr-19, 08:37:59 
25-Apr-19, 08:37:59 
25-Apr-19, 08:38:01 
25-Apr-19, 08:38:03 
25-Apr-19, 08:38:03 
25-Apr-19, 08:38:04 
25-Apr-19, 08:38:04 
25-Apr-19, 08:38:06 
25-Apr-19, 08:38:08 
25-Apr-19, 08:38:08 
25-Apr-19, 08:38:09 
25-Apr-19, 08:38:09 
25-Apr-19, 08:38:11 
25-Apr-19, 08:38:13 
25-Apr-19, 08:38:13 
25-Apr-19, 08:38:14 
25-Apr-19, 08:38:14 
25-Apr-19, 08:38:16 
25-Apr-19, 08:38:18 
25-Apr-19, 08:38:18 
25-Apr-19, 08:38:19 
25-Apr-19, 08:38:19 
25-Apr-19, 08:38:21 
25-Apr-19, 08:38:23 
25-Apr-19, 08:38:23 
25-Apr-19, 08:38:24 
25-Apr-19, 08:38:24 
25-Apr-19, 08:38:26 
25-Apr-19, 08:38:28 
25-Apr-19, 08:38:28 
25-Apr-19, 08:38:29 
25-Apr-19, 08:38:29 
25-Apr-19, 08:38:31 
25-Apr-19, 08:38:33 
25-Apr-19, 08:38:33 
25-Apr-19, 08:38:34 
25-Apr-19, 08:38:34 
25-Apr-19, 08:38:36 
25-Apr-19, 08:38:38 
25-Apr-19, 08:38:38 
25-Apr-19, 08:38:39 
25-Apr-19, 08:38:41 
25-Apr-19, 08:38:44 
25-Apr-19, 08:38:44 
25-Apr-19, 08:38:46 
25-Apr-19, 08:38:49 
25-Apr-19, 08:38:49 
25-Apr-19, 08:38:51 
25-Apr-19, 08:38:53 
25-Apr-19, 08:38:53 
25-Apr-19, 08:38:54 
25-Apr-19, 08:38:54 
25-Apr-19, 08:38:56 
25-Apr-19, 08:38:58 
25-Apr-19, 08:38:58 
25-Apr-19, 08:38:59 
25-Apr-19, 08:38:59 
25-Apr-19, 08:39:01 
25-Apr-19, 08:39:03 
25-Apr-19, 08:39:03 
25-Apr-19, 08:39:04 
25-Apr-19, 08:39:04 
25-Apr-19, 08:39:06 
25-Apr-19, 08:39:08 
25-Apr-19, 08:39:08 
25-Apr-19, 08:39:09 
25-Apr-19, 08:39:09 
25-Apr-19, 08:39:11 
25-Apr-19, 08:39:13 
25-Apr-19, 08:39:13 
25-Apr-19, 08:39:14 
25-Apr-19, 08:39:14 
25-Apr-19, 08:39:16 
25-Apr-19, 08:39:18 
25-Apr-19, 08:39:18 
25-Apr-19, 08:39:19 
25-Apr-19, 08:39:19 
25-Apr-19, 08:39:21 
25-Apr-19, 08:39:23 
25-Apr-19, 08:39:23 
25-Apr-19, 08:39:24 
25-Apr-19, 08:39:24 
25-Apr-19, 08:39:26 
25-Apr-19, 08:39:29 
25-Apr-19, 08:39:29 
25-Apr-19, 08:39:31 
25-Apr-19, 08:39:33 
25-Apr-19, 08:39:33 
25-Apr-19, 08:39:34 
25-Apr-19, 08:39:34 
25-Apr-19, 08:39:36 
25-Apr-19, 08:39:38 
25-Apr-19, 08:39:38 
25-Apr-19, 08:39:39 
25-Apr-19, 08:39:39 
25-Apr-19, 08:39:41 
25-Apr-19, 08:39:43 
25-Apr-19, 08:39:44 
25-Apr-19, 08:39:44 
25-Apr-19, 08:39:46 
25-Apr-19, 08:39:48 
25-Apr-19, 08:39:48 
25-Apr-19, 08:39:49 
25-Apr-19, 08:39:49 
25-Apr-19, 08:39:51 
25-Apr-19, 08:39:53 
25-Apr-19, 08:39:53 
25-Apr-19, 08:39:54 
25-Apr-19, 08:39:54 
25-Apr-19, 08:39:56 
25-Apr-19, 08:39:58 
25-Apr-19, 08:39:58 
25-Apr-19, 08:39:59 
25-Apr-19, 08:39:59 
25-Apr-19, 08:40:01 
25-Apr-19, 08:40:03 
25-Apr-19, 08:40:03 
25-Apr-19, 08:40:04 
25-Apr-19, 08:40:04 
25-Apr-19, 08:40:06 
25-Apr-19, 08:40:08 
25-Apr-19, 08:40:08 
25-Apr-19, 08:40:09 
25-Apr-19, 08:40:09 
25-Apr-19, 08:40:11 
25-Apr-19, 08:40:13 
25-Apr-19, 08:40:13 
25-Apr-19, 08:40:14 
25-Apr-19, 08:40:14 
25-Apr-19, 08:40:16 
25-Apr-19, 08:40:18 
25-Apr-19, 08:40:18 
25-Apr-19, 08:40:19 
25-Apr-19, 08:40:19 
25-Apr-19, 08:40:21 
25-Apr-19, 08:40:23 
25-Apr-19, 08:40:23 
25-Apr-19, 08:40:24 
25-Apr-19, 08:40:24 
25-Apr-19, 08:40:26 
25-Apr-19, 08:40:28 
25-Apr-19, 08:40:28 
25-Apr-19, 08:40:29 
25-Apr-19, 08:40:29 
25-Apr-19, 08:40:31 
25-Apr-19, 08:40:33 
25-Apr-19, 08:40:33 
25-Apr-19, 08:40:34 
25-Apr-19, 08:40:34 
25-Apr-19, 08:40:36 
25-Apr-19, 08:40:38 
25-Apr-19, 08:40:38 
25-Apr-19, 08:40:39 
25-Apr-19, 08:40:39 
25-Apr-19, 08:40:41 
25-Apr-19, 08:40:43 
25-Apr-19, 08:40:43 
25-Apr-19, 08:40:44 
25-Apr-19, 08:40:44 
25-Apr-19, 08:40:46 
25-Apr-19, 08:40:48 
25-Apr-19, 08:40:48 
25-Apr-19, 08:40:49 
25-Apr-19, 08:40:49 
25-Apr-19, 08:40:51 
25-Apr-19, 08:40:53 
25-Apr-19, 08:40:53 
25-Apr-19, 08:40:54 
25-Apr-19, 08:40:54 
25-Apr-19, 08:40:56 
25-Apr-19, 08:40:58 
25-Apr-19, 08:40:58 
25-Apr-19, 08:40:59 
25-Apr-19, 08:40:59 
25-Apr-19, 08:41:03 
25-Apr-19, 08:41:03 
25-Apr-19, 08:41:04 
25-Apr-19, 08:41:04 
25-Apr-19, 08:41:06 
25-Apr-19, 08:41:08 
25-Apr-19, 08:41:08 
25-Apr-19, 08:41:09 
25-Apr-19, 08:41:09 
25-Apr-19, 08:41:11 
25-Apr-19, 08:41:13 
25-Apr-19, 08:41:13 
25-Apr-19, 08:41:14 
25-Apr-19, 08:41:14 
25-Apr-19, 08:41:17 
25-Apr-19, 08:41:18 
25-Apr-19, 08:41:18 
25-Apr-19, 08:41:19 
25-Apr-19, 08:41:19 
25-Apr-19, 08:41:22 
25-Apr-19, 08:41:23 
25-Apr-19, 08:41:23 
25-Apr-19, 08:41:24 
25-Apr-19, 08:41:24 
25-Apr-19, 08:41:27 
25-Apr-19, 08:41:28 
25-Apr-19, 08:41:28 
25-Apr-19, 08:41:29 
25-Apr-19, 08:41:29 
25-Apr-19, 08:41:32 
25-Apr-19, 08:41:33 
25-Apr-19, 08:41:33 
25-Apr-19, 08:41:34 
25-Apr-19, 08:41:34 
25-Apr-19, 08:41:37 
25-Apr-19, 08:41:38 
25-Apr-19, 08:41:38 
25-Apr-19, 08:41:39 
25-Apr-19, 08:41:39 
25-Apr-19, 08:41:42 
25-Apr-19, 08:41:43 
25-Apr-19, 08:41:43 
25-Apr-19, 08:41:44 
25-Apr-19, 08:41:44 
25-Apr-19, 08:41:47 
25-Apr-19, 08:41:48 
25-Apr-19, 08:41:48 
25-Apr-19, 08:41:49 
25-Apr-19, 08:41:49 
25-Apr-19, 08:41:52 
25-Apr-19, 08:41:57 
25-Apr-19, 08:41:58 
25-Apr-19, 08:41:58 
25-Apr-19, 08:41:59 
25-Apr-19, 08:41:59 
25-Apr-19, 08:42:02 
25-Apr-19, 08:42:03 
25-Apr-19, 08:42:03 
25-Apr-19, 08:42:04 
25-Apr-19, 08:42:04 
25-Apr-19, 08:42:07 
25-Apr-19, 08:42:08 
25-Apr-19, 08:42:08 
25-Apr-19, 08:42:09 
25-Apr-19, 08:42:09 
25-Apr-19, 08:42:12 
25-Apr-19, 08:42:13 
25-Apr-19, 08:42:13 
25-Apr-19, 08:42:14 
25-Apr-19, 08:42:14 
25-Apr-19, 08:42:17 
25-Apr-19, 08:42:18 
25-Apr-19, 08:42:18 
25-Apr-19, 08:42:19 
25-Apr-19, 08:42:19 
25-Apr-19, 08:42:22 
25-Apr-19, 08:42:23 
25-Apr-19, 08:42:23 
25-Apr-19, 08:42:24 
25-Apr-19, 08:42:24 
25-Apr-19, 08:42:27 
25-Apr-19, 08:42:28 
25-Apr-19, 08:42:28 
25-Apr-19, 08:42:33 
25-Apr-19, 08:42:33 
25-Apr-19, 08:42:34 
25-Apr-19, 08:42:34 
25-Apr-19, 08:42:37 
25-Apr-19, 08:42:38 
25-Apr-19, 08:42:38 
25-Apr-19, 08:42:39 
25-Apr-19, 08:42:39 
25-Apr-19, 08:42:42 
25-Apr-19, 08:42:43 
25-Apr-19, 08:42:43 
25-Apr-19, 08:42:44 
25-Apr-19, 08:42:44 
25-Apr-19, 08:42:47 
25-Apr-19, 08:42:48 
25-Apr-19, 08:42:48 
25-Apr-19, 08:42:49 
25-Apr-19, 08:42:49 
25-Apr-19, 08:42:52 
25-Apr-19, 08:42:53 
25-Apr-19, 08:42:53 
25-Apr-19, 08:42:54 
25-Apr-19, 08:42:54 
25-Apr-19, 08:42:57 
25-Apr-19, 08:42:58 
25-Apr-19, 08:42:59 
25-Apr-19, 08:42:59 
25-Apr-19, 08:42:59 
25-Apr-19, 08:43:02 
25-Apr-19, 08:43:03 
25-Apr-19, 08:43:04 
25-Apr-19, 08:43:04 
25-Apr-19, 08:43:04 
25-Apr-19, 08:43:07 
25-Apr-19, 08:43:08 
25-Apr-19, 08:43:09 
25-Apr-19, 08:43:09 
25-Apr-19, 08:43:09 
25-Apr-19, 08:43:13 
25-Apr-19, 08:43:14 
25-Apr-19, 08:43:14 
25-Apr-19, 08:43:14 
25-Apr-19, 08:43:17 
25-Apr-19, 08:43:18 
25-Apr-19, 08:43:19 
25-Apr-19, 08:43:19 
25-Apr-19, 08:43:19 
25-Apr-19, 08:43:22 
25-Apr-19, 08:43:23 
25-Apr-19, 08:43:24 
25-Apr-19, 08:43:24 
25-Apr-19, 08:43:24 
25-Apr-19, 08:43:27 
25-Apr-19, 08:43:28 
25-Apr-19, 08:43:29 
25-Apr-19, 08:43:29 
25-Apr-19, 08:43:29 
25-Apr-19, 08:43:32 
25-Apr-19, 08:43:33 
25-Apr-19, 08:43:34 
25-Apr-19, 08:43:34 
25-Apr-19, 08:43:34 
25-Apr-19, 08:43:37 
25-Apr-19, 08:43:38 
25-Apr-19, 08:43:39 
25-Apr-19, 08:43:39 
25-Apr-19, 08:43:39 
25-Apr-19, 08:43:42 
25-Apr-19, 08:43:43 
25-Apr-19, 08:43:44 
25-Apr-19, 08:43:44 
25-Apr-19, 08:43:45 
25-Apr-19, 08:43:47 
25-Apr-19, 08:43:48 
25-Apr-19, 08:43:49 
25-Apr-19, 08:43:49 
25-Apr-19, 08:43:50 
25-Apr-19, 08:43:52 
25-Apr-19, 08:43:53 
25-Apr-19, 08:43:54 
25-Apr-19, 08:43:54 
25-Apr-19, 08:43:55 
25-Apr-19, 08:43:57 
25-Apr-19, 08:43:58 
25-Apr-19, 08:43:59 
25-Apr-19, 08:43:59 
25-Apr-19, 08:44:00 
25-Apr-19, 08:44:02 
25-Apr-19, 08:44:03 
25-Apr-19, 08:44:04 
25-Apr-19, 08:44:04 
25-Apr-19, 08:44:05 
25-Apr-19, 08:44:07 
25-Apr-19, 08:44:08 
25-Apr-19, 08:44:09 
25-Apr-19, 08:44:09 
25-Apr-19, 08:44:10 
25-Apr-19, 08:44:12 
25-Apr-19, 08:44:13 
25-Apr-19, 08:44:14 
25-Apr-19, 08:44:14 
25-Apr-19, 08:44:15 
25-Apr-19, 08:44:17 
25-Apr-19, 08:44:18 
25-Apr-19, 08:44:19 
25-Apr-19, 08:44:19 
25-Apr-19, 08:44:20 
25-Apr-19, 08:44:22 
25-Apr-19, 08:44:23 
25-Apr-19, 08:44:24 
25-Apr-19, 08:44:24 
25-Apr-19, 08:44:25 
25-Apr-19, 08:44:27 
25-Apr-19, 08:44:28 
25-Apr-19, 08:44:29 
25-Apr-19, 08:44:29 
25-Apr-19, 08:44:30 
25-Apr-19, 08:44:32 
25-Apr-19, 08:44:33 
25-Apr-19, 08:44:34 
25-Apr-19, 08:44:34 
25-Apr-19, 08:44:35 
25-Apr-19, 08:44:37 
25-Apr-19, 08:44:38 
25-Apr-19, 08:44:39 
25-Apr-19, 08:44:39 
25-Apr-19, 08:44:40 
25-Apr-19, 08:44:42 
25-Apr-19, 08:44:43 
25-Apr-19, 08:44:44 
25-Apr-19, 08:44:44 
25-Apr-19, 08:44:45 
25-Apr-19, 08:44:47 
25-Apr-19, 08:44:48 
25-Apr-19, 08:44:49 
25-Apr-19, 08:44:49 
25-Apr-19, 08:44:50 
25-Apr-19, 08:44:52 
25-Apr-19, 08:44:53 
25-Apr-19, 08:44:54 
25-Apr-19, 08:44:54 
25-Apr-19, 08:44:55 
25-Apr-19, 08:44:57 
25-Apr-19, 08:44:58 
25-Apr-19, 08:44:59 
25-Apr-19, 08:44:59 
25-Apr-19, 08:45:00 
25-Apr-19, 08:45:02 
25-Apr-19, 08:45:03 
25-Apr-19, 08:45:04 
25-Apr-19, 08:45:04 
25-Apr-19, 08:45:05 
25-Apr-19, 08:45:07 
25-Apr-19, 08:45:08 
25-Apr-19, 08:45:09 
25-Apr-19, 08:45:09 
25-Apr-19, 08:45:10 
25-Apr-19, 08:45:12 
25-Apr-19, 08:45:13 
25-Apr-19, 08:45:14 
25-Apr-19, 08:45:14 
25-Apr-19, 08:45:15 
25-Apr-19, 08:45:17 
25-Apr-19, 08:45:18 
25-Apr-19, 08:45:19 
25-Apr-19, 08:45:19 
25-Apr-19, 08:45:20 
25-Apr-19, 08:45:22 
25-Apr-19, 08:45:23 
25-Apr-19, 08:45:24 
25-Apr-19, 08:45:24 
25-Apr-19, 08:45:25 
25-Apr-19, 08:45:27 
25-Apr-19, 08:45:28 
25-Apr-19, 08:45:29 
25-Apr-19, 08:45:29 
25-Apr-19, 08:45:30 
25-Apr-19, 08:45:32 
25-Apr-19, 08:45:33 
25-Apr-19, 08:45:34 
25-Apr-19, 08:45:34 
25-Apr-19, 08:45:35 
25-Apr-19, 08:45:37 
25-Apr-19, 08:45:38 
25-Apr-19, 08:45:39 
25-Apr-19, 08:45:39 
25-Apr-19, 08:45:40 
25-Apr-19, 08:45:42 
25-Apr-19, 08:45:44 
25-Apr-19, 08:45:44 
25-Apr-19, 08:45:45 
25-Apr-19, 08:45:47 
25-Apr-19, 08:45:48 
25-Apr-19, 08:45:49 
25-Apr-19, 08:45:49 
25-Apr-19, 08:45:50 
25-Apr-19, 08:45:52 
25-Apr-19, 08:45:53 
25-Apr-19, 08:45:54 
25-Apr-19, 08:45:54 
25-Apr-19, 08:45:55 
25-Apr-19, 08:45:57 
25-Apr-19, 08:45:58 
25-Apr-19, 08:45:59 
25-Apr-19, 08:45:59 
25-Apr-19, 08:46:00 
25-Apr-19, 08:46:02 
25-Apr-19, 08:46:03 
25-Apr-19, 08:46:04 
25-Apr-19, 08:46:04 
25-Apr-19, 08:46:05 
25-Apr-19, 08:46:07 
25-Apr-19, 08:46:08 
25-Apr-19, 08:46:09 
25-Apr-19, 08:46:09 
25-Apr-19, 08:46:10 
25-Apr-19, 08:46:12 
25-Apr-19, 08:46:13 
25-Apr-19, 08:46:14 
25-Apr-19, 08:46:14 
25-Apr-19, 08:46:15 
25-Apr-19, 08:46:17 
25-Apr-19, 08:46:18 
25-Apr-19, 08:46:19 
25-Apr-19, 08:46:19 
25-Apr-19, 08:46:20 
25-Apr-19, 08:46:23 
25-Apr-19, 08:46:24 
25-Apr-19, 08:46:24 
25-Apr-19, 08:46:25 
25-Apr-19, 08:46:27 
25-Apr-19, 08:46:28 
25-Apr-19, 08:46:30 
25-Apr-19, 08:46:34 
25-Apr-19, 08:46:34 
25-Apr-19, 08:46:35 
25-Apr-19, 08:46:37 
25-Apr-19, 08:46:38 
25-Apr-19, 08:46:40 
25-Apr-19, 08:46:42 
25-Apr-19, 08:46:43 
25-Apr-19, 08:46:47 
25-Apr-19, 08:46:48 
25-Apr-19, 08:46:49 
25-Apr-19, 08:46:49 
25-Apr-19, 08:46:50 
25-Apr-19, 08:46:52 
25-Apr-19, 08:46:53 
25-Apr-19, 08:46:54 
25-Apr-19, 08:46:54 
25-Apr-19, 08:46:55 
25-Apr-19, 08:46:57 
25-Apr-19, 08:46:58 
25-Apr-19, 08:46:59 
25-Apr-19, 08:46:59 
25-Apr-19, 08:47:00 
25-Apr-19, 08:47:02 
25-Apr-19, 08:47:03 
25-Apr-19, 08:47:04 
25-Apr-19, 08:47:04 
25-Apr-19, 08:47:05 
25-Apr-19, 08:47:07 
25-Apr-19, 08:47:08 
25-Apr-19, 08:47:09 
25-Apr-19, 08:47:09 
25-Apr-19, 08:47:10 
25-Apr-19, 08:47:12 
25-Apr-19, 08:47:13 
25-Apr-19, 08:47:14 
25-Apr-19, 08:47:14 
25-Apr-19, 08:47:15 
25-Apr-19, 08:47:17 
25-Apr-19, 08:47:19 
25-Apr-19, 08:47:19 
25-Apr-19, 08:47:19 
25-Apr-19, 08:47:20 
25-Apr-19, 08:47:22 
25-Apr-19, 08:47:24 
25-Apr-19, 08:47:24 
25-Apr-19, 08:47:24 
25-Apr-19, 08:47:25 
25-Apr-19, 08:47:29 
25-Apr-19, 08:47:29 
25-Apr-19, 08:47:29 
25-Apr-19, 08:47:30 
25-Apr-19, 08:47:32 
25-Apr-19, 08:47:34 
25-Apr-19, 08:47:34 
25-Apr-19, 08:47:34 
25-Apr-19, 08:47:35 
25-Apr-19, 08:47:37 
25-Apr-19, 08:47:40 
25-Apr-19, 08:47:42 
25-Apr-19, 08:47:44 
25-Apr-19, 08:47:44 
25-Apr-19, 08:47:44 
25-Apr-19, 08:47:45 
25-Apr-19, 08:47:47 
25-Apr-19, 08:47:49 
25-Apr-19, 08:47:49 
25-Apr-19, 08:47:49 
25-Apr-19, 08:47:50 
25-Apr-19, 08:47:52 
25-Apr-19, 08:47:54 
25-Apr-19, 08:47:54 
25-Apr-19, 08:47:54 
25-Apr-19, 08:47:55 
25-Apr-19, 08:47:57 
25-Apr-19, 08:47:59 
25-Apr-19, 08:47:59 
25-Apr-19, 08:47:59 
25-Apr-19, 08:48:00 
25-Apr-19, 08:48:02 
25-Apr-19, 08:48:04 
25-Apr-19, 08:48:04 
25-Apr-19, 08:48:04 
25-Apr-19, 08:48:05 
25-Apr-19, 08:48:07 
25-Apr-19, 08:48:09 
25-Apr-19, 08:48:09 
25-Apr-19, 08:48:09 
25-Apr-19, 08:48:10 
25-Apr-19, 08:48:12 
25-Apr-19, 08:48:14 
25-Apr-19, 08:48:14 
25-Apr-19, 08:48:14 
25-Apr-19, 08:48:15 
25-Apr-19, 08:48:17 
25-Apr-19, 08:48:19 
25-Apr-19, 08:48:19 
25-Apr-19, 08:48:19 
25-Apr-19, 08:48:20 
25-Apr-19, 08:48:22 
25-Apr-19, 08:48:24 
25-Apr-19, 08:48:24 
25-Apr-19, 08:48:24 
25-Apr-19, 08:48:25 
25-Apr-19, 08:48:27 
25-Apr-19, 08:48:29 
25-Apr-19, 08:48:29 
25-Apr-19, 08:48:29 
25-Apr-19, 08:48:30 
25-Apr-19, 08:48:32 
25-Apr-19, 08:48:34 
25-Apr-19, 08:48:34 
25-Apr-19, 08:48:34 
25-Apr-19, 08:48:35 
25-Apr-19, 08:48:37 
25-Apr-19, 08:48:39 
25-Apr-19, 08:48:39 
25-Apr-19, 08:48:39 
25-Apr-19, 08:48:40 
25-Apr-19, 08:48:44 
25-Apr-19, 08:48:44 
25-Apr-19, 08:48:44 
25-Apr-19, 08:48:45 
25-Apr-19, 08:48:52 
25-Apr-19, 08:48:55 
25-Apr-19, 08:48:59 
25-Apr-19, 08:48:59 
25-Apr-19, 08:49:00 
25-Apr-19, 08:49:00 
25-Apr-19, 08:49:02 
25-Apr-19, 08:49:04 
25-Apr-19, 08:49:04 
25-Apr-19, 08:49:05 
25-Apr-19, 08:49:05 
25-Apr-19, 08:49:07 
25-Apr-19, 08:49:09 
25-Apr-19, 08:49:09 
25-Apr-19, 08:49:10 
25-Apr-19, 08:49:10 
25-Apr-19, 08:49:12 
25-Apr-19, 08:49:14 
25-Apr-19, 08:49:14 
25-Apr-19, 08:49:15 
25-Apr-19, 08:49:15 
25-Apr-19, 08:49:17 
25-Apr-19, 08:49:19 
25-Apr-19, 08:49:19 
25-Apr-19, 08:49:20 
25-Apr-19, 08:49:20 
25-Apr-19, 08:49:22 
25-Apr-19, 08:49:24 
25-Apr-19, 08:49:24 
25-Apr-19, 08:49:25 
25-Apr-19, 08:49:25 
25-Apr-19, 08:49:27 
25-Apr-19, 08:49:29 
25-Apr-19, 08:49:29 
25-Apr-19, 08:49:30 
25-Apr-19, 08:49:30 
25-Apr-19, 08:49:32 
25-Apr-19, 08:49:34 
25-Apr-19, 08:49:34 
25-Apr-19, 08:49:35 
25-Apr-19, 08:49:35 
25-Apr-19, 08:49:37 
25-Apr-19, 08:49:39 
25-Apr-19, 08:49:39 
25-Apr-19, 08:49:40 
25-Apr-19, 08:49:40 
25-Apr-19, 08:49:42 
25-Apr-19, 08:49:44 
25-Apr-19, 08:49:44 
25-Apr-19, 08:49:45 
25-Apr-19, 08:49:45 
25-Apr-19, 08:49:47 
25-Apr-19, 08:49:52 
25-Apr-19, 08:49:54 
25-Apr-19, 08:49:54 
25-Apr-19, 08:49:55 
25-Apr-19, 08:49:55 
25-Apr-19, 08:49:57 
25-Apr-19, 08:49:59 
25-Apr-19, 08:49:59 
25-Apr-19, 08:50:00 
25-Apr-19, 08:50:00 
25-Apr-19, 08:50:02 
25-Apr-19, 08:50:04 
25-Apr-19, 08:50:04 
25-Apr-19, 08:50:05 
25-Apr-19, 08:50:05 
25-Apr-19, 08:50:07 
25-Apr-19, 08:50:09 
25-Apr-19, 08:50:09 
25-Apr-19, 08:50:10 
25-Apr-19, 08:50:10 
25-Apr-19, 08:50:12 
25-Apr-19, 08:50:14 
25-Apr-19, 08:50:14 
25-Apr-19, 08:50:15 
25-Apr-19, 08:50:15 
25-Apr-19, 08:50:17 
25-Apr-19, 08:50:19 
25-Apr-19, 08:50:19 
25-Apr-19, 08:50:20 
25-Apr-19, 08:50:20 
25-Apr-19, 08:50:22 
25-Apr-19, 08:50:24 
25-Apr-19, 08:50:24 
25-Apr-19, 08:50:25 
25-Apr-19, 08:50:25 
25-Apr-19, 08:50:27 
25-Apr-19, 08:50:29 
25-Apr-19, 08:50:29 
25-Apr-19, 08:50:30 
25-Apr-19, 08:50:30 
25-Apr-19, 08:50:32 
25-Apr-19, 08:50:34 
25-Apr-19, 08:50:34 
25-Apr-19, 08:50:35 
25-Apr-19, 08:50:35 
25-Apr-19, 08:50:37 
25-Apr-19, 08:50:39 
25-Apr-19, 08:50:39 
25-Apr-19, 08:50:40 
25-Apr-19, 08:50:40 
25-Apr-19, 08:50:42 
25-Apr-19, 08:50:45 
25-Apr-19, 08:50:45 
25-Apr-19, 08:50:47 
25-Apr-19, 08:50:49 
25-Apr-19, 08:50:49 
25-Apr-19, 08:50:50 
25-Apr-19, 08:50:50 
25-Apr-19, 08:50:52 
25-Apr-19, 08:50:54 
25-Apr-19, 08:50:54 
25-Apr-19, 08:50:55 
25-Apr-19, 08:50:55 
25-Apr-19, 08:50:59 
25-Apr-19, 08:50:59 
25-Apr-19, 08:51:00 
25-Apr-19, 08:51:00 
25-Apr-19, 08:51:02 
25-Apr-19, 08:51:04 
25-Apr-19, 08:51:04 
25-Apr-19, 08:51:05 
25-Apr-19, 08:51:05 
25-Apr-19, 08:51:07 
25-Apr-19, 08:51:09 
25-Apr-19, 08:51:09 
25-Apr-19, 08:51:10 
25-Apr-19, 08:51:10 
25-Apr-19, 08:51:12 
25-Apr-19, 08:51:14 
25-Apr-19, 08:51:14 
25-Apr-19, 08:51:15 
25-Apr-19, 08:51:15 
25-Apr-19, 08:51:17 
25-Apr-19, 08:51:19 
25-Apr-19, 08:51:19 
25-Apr-19, 08:51:20 
25-Apr-19, 08:51:20 
25-Apr-19, 08:51:22 
25-Apr-19, 08:51:24 
25-Apr-19, 08:51:24 
25-Apr-19, 08:51:25 
25-Apr-19, 08:51:25 
25-Apr-19, 08:51:27 
25-Apr-19, 08:51:29 
25-Apr-19, 08:51:29 
25-Apr-19, 08:51:30 
25-Apr-19, 08:51:30 
25-Apr-19, 08:51:32 
25-Apr-19, 08:51:34 
25-Apr-19, 08:51:34 
25-Apr-19, 08:51:35 
25-Apr-19, 08:51:37 
25-Apr-19, 08:51:39 
25-Apr-19, 08:51:39 
25-Apr-19, 08:51:40 
25-Apr-19, 08:51:40 
25-Apr-19, 08:51:42 
25-Apr-19, 08:51:47 
25-Apr-19, 08:51:49 
25-Apr-19, 08:51:49 
25-Apr-19, 08:51:50 
25-Apr-19, 08:51:50 
25-Apr-19, 08:51:52 
25-Apr-19, 08:51:54 
25-Apr-19, 08:51:54 
25-Apr-19, 08:51:55 
25-Apr-19, 08:51:55 
25-Apr-19, 08:51:57 
25-Apr-19, 08:51:59 
25-Apr-19, 08:51:59 
25-Apr-19, 08:52:00 
25-Apr-19, 08:52:00 
25-Apr-19, 08:52:02 
25-Apr-19, 08:52:04 
25-Apr-19, 08:52:04 
25-Apr-19, 08:52:05 
25-Apr-19, 08:52:05 
25-Apr-19, 08:52:07 
25-Apr-19, 08:52:10 
25-Apr-19, 08:52:10 
25-Apr-19, 08:52:12 
25-Apr-19, 08:52:14 
25-Apr-19, 08:52:14 
25-Apr-19, 08:52:15 
25-Apr-19, 08:52:17 
25-Apr-19, 08:52:20 
25-Apr-19, 08:52:20 
25-Apr-19, 08:52:22 
25-Apr-19, 08:52:24 
25-Apr-19, 08:52:24 
25-Apr-19, 08:52:25 
25-Apr-19, 08:52:25 
25-Apr-19, 08:52:27 
25-Apr-19, 08:52:29 
25-Apr-19, 08:52:29 
25-Apr-19, 08:52:30 
25-Apr-19, 08:52:30 
25-Apr-19, 08:52:32 
25-Apr-19, 08:52:34 
25-Apr-19, 08:52:34 
25-Apr-19, 08:52:35 
25-Apr-19, 08:52:35 
25-Apr-19, 08:52:37 
25-Apr-19, 08:52:39 
25-Apr-19, 08:52:39 
25-Apr-19, 08:52:40 
25-Apr-19, 08:52:40 
25-Apr-19, 08:52:42 
25-Apr-19, 08:52:44 
25-Apr-19, 08:52:44 
25-Apr-19, 08:52:45 
25-Apr-19, 08:52:45 
25-Apr-19, 08:52:47 
25-Apr-19, 08:52:49 
25-Apr-19, 08:52:49 
25-Apr-19, 08:52:50 
25-Apr-19, 08:52:50 
25-Apr-19, 08:52:52 
25-Apr-19, 08:52:54 
25-Apr-19, 08:52:54 
25-Apr-19, 08:52:55 
25-Apr-19, 08:52:55 
25-Apr-19, 08:52:57 
25-Apr-19, 08:52:59 
25-Apr-19, 08:52:59 
25-Apr-19, 08:53:00 
25-Apr-19, 08:53:00 
25-Apr-19, 08:53:02 
25-Apr-19, 08:53:04 
25-Apr-19, 08:53:04 
25-Apr-19, 08:53:07 
25-Apr-19, 08:53:09 
25-Apr-19, 08:53:09 
25-Apr-19, 08:53:10 
25-Apr-19, 08:53:10 
25-Apr-19, 08:53:12 
25-Apr-19, 08:53:14 
25-Apr-19, 08:53:14 
25-Apr-19, 08:53:15 
25-Apr-19, 08:53:15 
25-Apr-19, 08:53:17 
25-Apr-19, 08:53:19 
25-Apr-19, 08:53:19 
25-Apr-19, 08:53:20 
25-Apr-19, 08:53:20 
25-Apr-19, 08:53:23 
25-Apr-19, 08:53:24 
25-Apr-19, 08:53:24 
25-Apr-19, 08:53:25 
25-Apr-19, 08:53:25 
25-Apr-19, 08:53:28 
25-Apr-19, 08:53:29 
25-Apr-19, 08:53:29 
25-Apr-19, 08:53:30 
25-Apr-19, 08:53:30 
25-Apr-19, 08:53:33 
25-Apr-19, 08:53:34 
25-Apr-19, 08:53:34 
25-Apr-19, 08:53:40 
25-Apr-19, 08:53:40 
25-Apr-19, 08:53:43 
25-Apr-19, 08:53:44 
25-Apr-19, 08:53:44 
25-Apr-19, 08:53:45 
25-Apr-19, 08:53:45 
25-Apr-19, 08:53:48 
25-Apr-19, 08:53:49 
25-Apr-19, 08:53:49 
25-Apr-19, 08:53:50 
25-Apr-19, 08:53:50 
25-Apr-19, 08:53:53 
25-Apr-19, 08:53:54 
25-Apr-19, 08:53:54 
25-Apr-19, 08:53:55 
25-Apr-19, 08:53:55 
25-Apr-19, 08:53:58 
25-Apr-19, 08:53:59 
25-Apr-19, 08:53:59 
25-Apr-19, 08:54:00 
25-Apr-19, 08:54:00 
25-Apr-19, 08:54:03 
25-Apr-19, 08:54:04 
25-Apr-19, 08:54:04 
25-Apr-19, 08:54:05 
25-Apr-19, 08:54:05 
25-Apr-19, 08:54:08 
25-Apr-19, 08:54:09 
25-Apr-19, 08:54:09 
25-Apr-19, 08:54:10 
25-Apr-19, 08:54:10 
25-Apr-19, 08:54:13 
25-Apr-19, 08:54:14 
25-Apr-19, 08:54:14 
25-Apr-19, 08:54:15 
25-Apr-19, 08:54:15 
25-Apr-19, 08:54:19 
25-Apr-19, 08:54:19 
25-Apr-19, 08:54:20 
25-Apr-19, 08:54:20 
25-Apr-19, 08:54:23 
25-Apr-19, 08:54:24 
25-Apr-19, 08:54:24 
25-Apr-19, 08:54:25 
25-Apr-19, 08:54:25 
25-Apr-19, 08:54:28 
25-Apr-19, 08:54:29 
25-Apr-19, 08:54:29 
25-Apr-19, 08:54:30 
25-Apr-19, 08:54:30 
25-Apr-19, 08:54:33 
25-Apr-19, 08:54:34 
25-Apr-19, 08:54:34 
25-Apr-19, 08:54:35 
25-Apr-19, 08:54:35 
25-Apr-19, 08:54:38 
25-Apr-19, 08:54:39 
25-Apr-19, 08:54:39 
25-Apr-19, 08:54:40 
25-Apr-19, 08:54:40 
25-Apr-19, 08:54:43 
25-Apr-19, 08:54:44 
25-Apr-19, 08:54:44 
25-Apr-19, 08:54:45 
25-Apr-19, 08:54:45 
25-Apr-19, 08:54:48 
25-Apr-19, 08:54:49 
25-Apr-19, 08:54:49 
25-Apr-19, 08:54:50 
25-Apr-19, 08:54:50 
25-Apr-19, 08:54:53 
25-Apr-19, 08:54:54 
25-Apr-19, 08:54:54 
25-Apr-19, 08:54:55 
25-Apr-19, 08:54:55 
25-Apr-19, 08:54:58 
25-Apr-19, 08:54:59 
25-Apr-19, 08:54:59 
25-Apr-19, 08:55:00 
25-Apr-19, 08:55:00 
25-Apr-19, 08:55:03 
25-Apr-19, 08:55:04 
25-Apr-19, 08:55:04 
25-Apr-19, 08:55:05 
25-Apr-19, 08:55:05 
25-Apr-19, 08:55:08 
25-Apr-19, 08:55:09 
25-Apr-19, 08:55:09 
25-Apr-19, 08:55:10 
25-Apr-19, 08:55:10 
25-Apr-19, 08:55:14 
25-Apr-19, 08:55:14 
25-Apr-19, 08:55:15 
25-Apr-19, 08:55:15 
25-Apr-19, 08:55:18 
25-Apr-19, 08:55:19 
25-Apr-19, 08:55:19 
25-Apr-19, 08:55:23 
25-Apr-19, 08:55:25 
25-Apr-19, 08:55:25 
25-Apr-19, 08:55:28 
25-Apr-19, 08:55:29 
25-Apr-19, 08:55:29 
25-Apr-19, 08:55:30 
25-Apr-19, 08:55:30 
25-Apr-19, 08:55:33 
25-Apr-19, 08:55:34 
25-Apr-19, 08:55:34 
25-Apr-19, 08:55:35 
25-Apr-19, 08:55:35 
25-Apr-19, 08:55:38 
25-Apr-19, 08:55:39 
25-Apr-19, 08:55:39 
25-Apr-19, 08:55:40 
25-Apr-19, 08:55:40 
25-Apr-19, 08:55:43 
25-Apr-19, 08:55:44 
25-Apr-19, 08:55:44 
25-Apr-19, 08:55:48 
25-Apr-19, 08:55:49 
25-Apr-19, 08:55:49 
25-Apr-19, 08:55:50 
25-Apr-19, 08:55:50 
25-Apr-19, 08:55:53 
25-Apr-19, 08:55:54 
25-Apr-19, 08:55:54 
25-Apr-19, 08:55:55 
25-Apr-19, 08:55:55 
25-Apr-19, 08:55:58 
25-Apr-19, 08:55:59 
25-Apr-19, 08:55:59 
25-Apr-19, 08:56:00 
25-Apr-19, 08:56:00 
25-Apr-19, 08:56:03 
25-Apr-19, 08:56:05 
25-Apr-19, 08:56:08 
25-Apr-19, 08:56:09 
25-Apr-19, 08:56:09 
25-Apr-19, 08:56:10 
25-Apr-19, 08:56:10 
25-Apr-19, 08:56:13 
25-Apr-19, 08:56:15 
25-Apr-19, 08:56:15 
25-Apr-19, 08:56:18 
25-Apr-19, 08:56:19 
25-Apr-19, 08:56:19 
25-Apr-19, 08:56:20 
25-Apr-19, 08:56:20 
25-Apr-19, 08:56:23 
25-Apr-19, 08:56:24 
25-Apr-19, 08:56:24 
25-Apr-19, 08:56:25 
25-Apr-19, 08:56:25 
25-Apr-19, 08:56:28 
25-Apr-19, 08:56:29 
25-Apr-19, 08:56:29 
25-Apr-19, 08:56:30 
25-Apr-19, 08:56:30 
25-Apr-19, 08:56:33 
25-Apr-19, 08:56:34 
25-Apr-19, 08:56:34 
25-Apr-19, 08:56:35 
25-Apr-19, 08:56:35 
25-Apr-19, 08:56:38 
25-Apr-19, 08:56:39 
25-Apr-19, 08:56:39 
25-Apr-19, 08:56:40 
25-Apr-19, 08:56:40 
25-Apr-19, 08:56:43 
25-Apr-19, 08:56:44 
25-Apr-19, 08:56:44 
25-Apr-19, 08:56:45 
25-Apr-19, 08:56:45 
25-Apr-19, 08:56:48 
25-Apr-19, 08:56:49 
25-Apr-19, 08:56:49 
25-Apr-19, 08:56:50 
25-Apr-19, 08:56:50 
25-Apr-19, 08:56:53 
25-Apr-19, 08:56:54 
25-Apr-19, 08:56:54 
25-Apr-19, 08:56:58 
25-Apr-19, 08:56:59 
25-Apr-19, 08:56:59 
25-Apr-19, 08:57:00 
25-Apr-19, 08:57:00 
25-Apr-19, 08:57:03 
25-Apr-19, 08:57:04 
25-Apr-19, 08:57:04 
25-Apr-19, 08:57:05 
25-Apr-19, 08:57:05 
25-Apr-19, 08:57:08 
25-Apr-19, 08:57:09 
25-Apr-19, 08:57:09 
25-Apr-19, 08:57:10 
25-Apr-19, 08:57:10 
25-Apr-19, 08:57:13 
25-Apr-19, 08:57:14 
25-Apr-19, 08:57:14 
25-Apr-19, 08:57:15 
25-Apr-19, 08:57:15 
25-Apr-19, 08:57:18 
25-Apr-19, 08:57:19 
25-Apr-19, 08:57:19 
25-Apr-19, 08:57:20 
25-Apr-19, 08:57:20 
25-Apr-19, 08:57:23 
25-Apr-19, 08:57:24 
25-Apr-19, 08:57:24 
25-Apr-19, 08:57:25 
25-Apr-19, 08:57:25 
25-Apr-19, 08:57:28 
25-Apr-19, 08:57:29 
25-Apr-19, 08:57:29 
25-Apr-19, 08:57:30 
25-Apr-19, 08:57:31 
25-Apr-19, 08:57:33 
25-Apr-19, 08:57:34 
25-Apr-19, 08:57:34 
25-Apr-19, 08:57:35 
25-Apr-19, 08:57:36 
25-Apr-19, 08:57:38 
25-Apr-19, 08:57:39 
25-Apr-19, 08:57:39 
25-Apr-19, 08:57:40 
25-Apr-19, 08:57:41 
25-Apr-19, 08:57:43 
25-Apr-19, 08:57:44 
25-Apr-19, 08:57:44 
25-Apr-19, 08:57:45 
25-Apr-19, 08:57:46 
25-Apr-19, 08:57:48 
25-Apr-19, 08:57:49 
25-Apr-19, 08:57:49 
25-Apr-19, 08:57:50 
25-Apr-19, 08:57:51 
25-Apr-19, 08:57:53 
25-Apr-19, 08:57:54 
25-Apr-19, 08:57:54 
25-Apr-19, 08:57:55 
25-Apr-19, 08:57:56 
25-Apr-19, 08:57:58 
25-Apr-19, 08:57:59 
25-Apr-19, 08:57:59 
25-Apr-19, 08:58:00 
25-Apr-19, 08:58:01 
25-Apr-19, 08:58:03 
25-Apr-19, 08:58:04 
25-Apr-19, 08:58:04 
25-Apr-19, 08:58:05 
25-Apr-19, 08:58:06 
25-Apr-19, 08:58:08 
25-Apr-19, 08:58:09 
25-Apr-19, 08:58:09 
25-Apr-19, 08:58:10 
25-Apr-19, 08:58:11 
25-Apr-19, 08:58:13 
25-Apr-19, 08:58:14 
25-Apr-19, 08:58:14 
25-Apr-19, 08:58:15 
25-Apr-19, 08:58:16 
25-Apr-19, 08:58:18 
25-Apr-19, 08:58:19 
25-Apr-19, 08:58:20 
25-Apr-19, 08:58:21 
25-Apr-19, 08:58:23 
25-Apr-19, 08:58:24 
25-Apr-19, 08:58:25 
25-Apr-19, 08:58:25 
25-Apr-19, 08:58:26 
25-Apr-19, 08:58:28 
25-Apr-19, 08:58:29 
25-Apr-19, 08:58:30 
25-Apr-19, 08:58:30 
25-Apr-19, 08:58:31 
25-Apr-19, 08:58:33 
25-Apr-19, 08:58:34 
25-Apr-19, 08:58:35 
25-Apr-19, 08:58:35 
25-Apr-19, 08:58:36 
25-Apr-19, 08:58:38 
25-Apr-19, 08:58:39 
25-Apr-19, 08:58:40 
25-Apr-19, 08:58:40 
25-Apr-19, 08:58:41 
25-Apr-19, 08:58:43 
25-Apr-19, 08:58:45 
25-Apr-19, 08:58:45 
25-Apr-19, 08:58:46 
25-Apr-19, 08:58:48 
25-Apr-19, 08:58:49 
25-Apr-19, 08:58:50 
25-Apr-19, 08:58:50 
25-Apr-19, 08:58:51 
25-Apr-19, 08:58:53 
25-Apr-19, 08:58:54 
25-Apr-19, 08:58:55 
25-Apr-19, 08:58:55 
25-Apr-19, 08:58:56 
25-Apr-19, 08:58:58 
25-Apr-19, 08:58:59 
25-Apr-19, 08:59:00 
25-Apr-19, 08:59:00 
25-Apr-19, 08:59:01 
25-Apr-19, 08:59:04 
25-Apr-19, 08:59:05 
25-Apr-19, 08:59:05 
25-Apr-19, 08:59:06 
25-Apr-19, 08:59:08 
25-Apr-19, 08:59:09 
25-Apr-19, 08:59:10 
25-Apr-19, 08:59:10 
25-Apr-19, 08:59:11 
25-Apr-19, 08:59:13 
25-Apr-19, 08:59:14 
25-Apr-19, 08:59:15 
25-Apr-19, 08:59:15 
25-Apr-19, 08:59:16 
25-Apr-19, 08:59:18 
25-Apr-19, 08:59:19 
25-Apr-19, 08:59:20 
25-Apr-19, 08:59:20 
25-Apr-19, 08:59:21 
25-Apr-19, 08:59:23 
25-Apr-19, 08:59:24 
25-Apr-19, 08:59:25 
25-Apr-19, 08:59:25 
25-Apr-19, 08:59:26 
25-Apr-19, 08:59:28 
25-Apr-19, 08:59:29 
25-Apr-19, 08:59:30 
25-Apr-19, 08:59:30 
25-Apr-19, 08:59:31 
25-Apr-19, 08:59:33 
25-Apr-19, 08:59:34 
25-Apr-19, 08:59:35 
25-Apr-19, 08:59:35 
25-Apr-19, 08:59:36 
25-Apr-19, 08:59:38 
25-Apr-19, 08:59:39 
25-Apr-19, 08:59:40 
25-Apr-19, 08:59:40 
25-Apr-19, 08:59:41 
25-Apr-19, 08:59:43 
25-Apr-19, 08:59:44 
25-Apr-19, 08:59:45 
25-Apr-19, 08:59:45 
25-Apr-19, 08:59:46 
25-Apr-19, 08:59:48 
25-Apr-19, 08:59:49 
25-Apr-19, 08:59:50 
25-Apr-19, 08:59:50 
25-Apr-19, 08:59:51 
25-Apr-19, 08:59:53 
25-Apr-19, 08:59:54 
25-Apr-19, 08:59:55 
25-Apr-19, 08:59:55 
25-Apr-19, 08:59:56 
25-Apr-19, 08:59:58 
25-Apr-19, 08:59:59 
25-Apr-19, 09:00:00 
25-Apr-19, 09:00:00 
25-Apr-19, 09:00:01 
25-Apr-19, 09:00:03 
25-Apr-19, 09:00:04 
25-Apr-19, 09:00:05 
25-Apr-19, 09:00:05 
25-Apr-19, 09:00:06 
25-Apr-19, 09:00:08 
25-Apr-19, 09:00:09 
25-Apr-19, 09:00:10 
25-Apr-19, 09:00:10 
25-Apr-19, 09:00:11 
25-Apr-19, 09:00:13 
25-Apr-19, 09:00:14 
25-Apr-19, 09:00:15 
25-Apr-19, 09:00:15 
25-Apr-19, 09:00:16 
25-Apr-19, 09:00:18 
25-Apr-19, 09:00:19 
25-Apr-19, 09:00:20 
25-Apr-19, 09:00:20 
25-Apr-19, 09:00:21 
25-Apr-19, 09:00:23 
25-Apr-19, 09:00:24 
25-Apr-19, 09:00:25 
25-Apr-19, 09:00:25 
25-Apr-19, 09:00:26 
25-Apr-19, 09:00:28 
25-Apr-19, 09:00:29 
25-Apr-19, 09:00:30 
25-Apr-19, 09:00:30 
25-Apr-19, 09:00:31 
25-Apr-19, 09:00:33 
25-Apr-19, 09:00:34 
25-Apr-19, 09:00:35 
25-Apr-19, 09:00:35 
25-Apr-19, 09:00:36 
25-Apr-19, 09:00:38 
25-Apr-19, 09:00:39 
25-Apr-19, 09:00:40 
25-Apr-19, 09:00:40 
25-Apr-19, 09:00:41 
25-Apr-19, 09:00:43 
25-Apr-19, 09:00:44 
25-Apr-19, 09:00:45 
25-Apr-19, 09:00:45 
25-Apr-19, 09:00:46 
25-Apr-19, 09:00:48 
25-Apr-19, 09:00:49 
25-Apr-19, 09:00:50 
25-Apr-19, 09:00:50 
25-Apr-19, 09:00:51 
25-Apr-19, 09:00:53 
25-Apr-19, 09:00:55 
25-Apr-19, 09:00:55 
25-Apr-19, 09:00:56 
25-Apr-19, 09:00:58 
25-Apr-19, 09:00:59 
25-Apr-19, 09:01:00 
25-Apr-19, 09:01:00 
25-Apr-19, 09:01:01 
25-Apr-19, 09:01:03 
25-Apr-19, 09:01:04 
25-Apr-19, 09:01:05 
25-Apr-19, 09:01:05 
25-Apr-19, 09:01:06 
25-Apr-19, 09:01:08 
25-Apr-19, 09:01:09 
25-Apr-19, 09:01:10 
25-Apr-19, 09:01:10 
25-Apr-19, 09:01:11 
25-Apr-19, 09:01:13 
25-Apr-19, 09:01:14 
25-Apr-19, 09:01:15 
25-Apr-19, 09:01:15 
25-Apr-19, 09:01:16 
25-Apr-19, 09:01:18 
25-Apr-19, 09:01:20 
25-Apr-19, 09:01:20 
25-Apr-19, 09:01:21 
25-Apr-19, 09:01:23 
25-Apr-19, 09:01:24 
25-Apr-19, 09:01:25 
25-Apr-19, 09:01:25 
25-Apr-19, 09:01:26 
25-Apr-19, 09:01:28 
25-Apr-19, 09:01:29 
25-Apr-19, 09:01:30 
25-Apr-19, 09:01:30 
25-Apr-19, 09:01:31 
25-Apr-19, 09:01:33 
25-Apr-19, 09:01:34 
25-Apr-19, 09:01:35 
25-Apr-19, 09:01:35 
25-Apr-19, 09:01:36 
25-Apr-19, 09:01:38 
25-Apr-19, 09:01:40 
25-Apr-19, 09:01:40 
25-Apr-19, 09:01:40 
25-Apr-19, 09:01:41 
25-Apr-19, 09:01:43 
25-Apr-19, 09:01:45 
25-Apr-19, 09:01:45 
25-Apr-19, 09:01:45 
25-Apr-19, 09:01:46 
25-Apr-19, 09:01:48 
25-Apr-19, 09:01:50 
25-Apr-19, 09:01:50 
25-Apr-19, 09:01:50 
25-Apr-19, 09:01:51 
25-Apr-19, 09:01:53 
25-Apr-19, 09:01:55 
25-Apr-19, 09:01:55 
25-Apr-19, 09:01:55 
25-Apr-19, 09:01:56 
25-Apr-19, 09:01:58 
25-Apr-19, 09:02:00 
25-Apr-19, 09:02:00 
25-Apr-19, 09:02:00 
25-Apr-19, 09:02:01 
25-Apr-19, 09:02:03 
25-Apr-19, 09:02:05 
25-Apr-19, 09:02:05 
25-Apr-19, 09:02:05 
25-Apr-19, 09:02:06 
25-Apr-19, 09:02:08 
25-Apr-19, 09:02:10 
25-Apr-19, 09:02:10 
25-Apr-19, 09:02:10 
25-Apr-19, 09:02:11 
25-Apr-19, 09:02:13 
25-Apr-19, 09:02:15 
25-Apr-19, 09:02:15 
25-Apr-19, 09:02:15 
25-Apr-19, 09:02:16 
25-Apr-19, 09:02:18 
25-Apr-19, 09:02:20 
25-Apr-19, 09:02:20 
25-Apr-19, 09:02:20 
25-Apr-19, 09:02:21 
25-Apr-19, 09:02:23 
25-Apr-19, 09:02:25 
25-Apr-19, 09:02:25 
25-Apr-19, 09:02:25 
25-Apr-19, 09:02:26 
25-Apr-19, 09:02:28 
25-Apr-19, 09:02:30 
25-Apr-19, 09:02:30 
25-Apr-19, 09:02:30 
25-Apr-19, 09:02:31 
25-Apr-19, 09:02:33 
25-Apr-19, 09:02:35 
25-Apr-19, 09:02:35 
25-Apr-19, 09:02:35 
25-Apr-19, 09:02:36 
25-Apr-19, 09:02:38 
25-Apr-19, 09:02:40 
25-Apr-19, 09:02:40 
25-Apr-19, 09:02:40 
25-Apr-19, 09:02:41 
25-Apr-19, 09:02:43 
25-Apr-19, 09:02:45 
25-Apr-19, 09:02:45 
25-Apr-19, 09:02:45 
25-Apr-19, 09:02:46 
25-Apr-19, 09:02:48 
25-Apr-19, 09:02:50 
25-Apr-19, 09:02:50 
25-Apr-19, 09:02:50 
25-Apr-19, 09:02:51 
25-Apr-19, 09:02:53 
25-Apr-19, 09:02:55 
25-Apr-19, 09:02:55 
25-Apr-19, 09:02:55 
25-Apr-19, 09:02:56 
25-Apr-19, 09:02:58 
25-Apr-19, 09:03:01 
25-Apr-19, 09:03:03 
25-Apr-19, 09:03:05 
25-Apr-19, 09:03:05 
25-Apr-19, 09:03:05 
25-Apr-19, 09:03:06 
25-Apr-19, 09:03:08 
25-Apr-19, 09:03:10 
25-Apr-19, 09:03:10 
25-Apr-19, 09:03:10 
25-Apr-19, 09:03:11 
25-Apr-19, 09:03:13 
25-Apr-19, 09:03:15 
25-Apr-19, 09:03:15 
25-Apr-19, 09:03:15 
25-Apr-19, 09:03:16 
25-Apr-19, 09:03:18 
25-Apr-19, 09:03:20 
25-Apr-19, 09:03:20 
25-Apr-19, 09:03:20 
25-Apr-19, 09:03:21 
25-Apr-19, 09:03:23 
25-Apr-19, 09:03:25 
25-Apr-19, 09:03:25 
25-Apr-19, 09:03:25 
25-Apr-19, 09:03:26 
25-Apr-19, 09:03:28 
25-Apr-19, 09:03:30 
25-Apr-19, 09:03:30 
25-Apr-19, 09:03:30 
25-Apr-19, 09:03:31 
25-Apr-19, 09:03:33 
25-Apr-19, 09:03:35 
25-Apr-19, 09:03:35 
25-Apr-19, 09:03:35 
25-Apr-19, 09:03:36 
25-Apr-19, 09:03:38 
25-Apr-19, 09:03:40 
25-Apr-19, 09:03:40 
25-Apr-19, 09:03:40 
25-Apr-19, 09:03:41 
25-Apr-19, 09:03:43 
25-Apr-19, 09:03:45 
25-Apr-19, 09:03:45 
25-Apr-19, 09:03:46 
25-Apr-19, 09:03:48 
25-Apr-19, 09:03:51 
25-Apr-19, 09:03:55 
25-Apr-19, 09:03:55 
25-Apr-19, 09:03:55 
25-Apr-19, 09:03:56 
25-Apr-19, 09:03:58 
25-Apr-19, 09:04:00 
25-Apr-19, 09:04:00 
25-Apr-19, 09:04:00 
25-Apr-19, 09:04:01 
25-Apr-19, 09:04:03 
25-Apr-19, 09:04:05 
25-Apr-19, 09:04:05 
25-Apr-19, 09:04:05 
25-Apr-19, 09:04:06 
25-Apr-19, 09:04:08 
25-Apr-19, 09:04:10 
25-Apr-19, 09:04:10 
25-Apr-19, 09:04:10 
25-Apr-19, 09:04:11 
25-Apr-19, 09:04:13 
25-Apr-19, 09:04:15 
25-Apr-19, 09:04:15 
25-Apr-19, 09:04:16 
25-Apr-19, 09:04:18 
25-Apr-19, 09:04:20 
25-Apr-19, 09:04:20 
25-Apr-19, 09:04:20 
25-Apr-19, 09:04:26 
25-Apr-19, 09:04:29 
25-Apr-19, 09:04:30 
25-Apr-19, 09:04:30 
25-Apr-19, 09:04:31 
25-Apr-19, 09:04:34 
25-Apr-19, 09:04:35 
25-Apr-19, 09:04:35 
25-Apr-19, 09:04:35 
25-Apr-19, 09:04:36 
25-Apr-19, 09:04:39 
25-Apr-19, 09:04:40 
25-Apr-19, 09:04:40 
25-Apr-19, 09:04:40 
25-Apr-19, 09:04:41 
25-Apr-19, 09:04:44 
25-Apr-19, 09:04:45 
25-Apr-19, 09:04:45 
25-Apr-19, 09:04:46 
25-Apr-19, 09:04:46 
25-Apr-19, 09:04:50 
25-Apr-19, 09:04:50 
25-Apr-19, 09:04:54 
25-Apr-19, 09:04:55 
25-Apr-19, 09:04:55 
25-Apr-19, 09:04:56 
25-Apr-19, 09:04:56 
25-Apr-19, 09:04:59 
25-Apr-19, 09:05:00 
25-Apr-19, 09:05:00 
25-Apr-19, 09:05:01 
25-Apr-19, 09:05:01 
25-Apr-19, 09:05:04 
25-Apr-19, 09:05:05 
25-Apr-19, 09:05:05 
25-Apr-19, 09:05:06 
25-Apr-19, 09:05:06 
25-Apr-19, 09:05:10 
25-Apr-19, 09:05:10 
25-Apr-19, 09:05:11 
25-Apr-19, 09:05:11 
25-Apr-19, 09:05:14 
25-Apr-19, 09:05:15 
25-Apr-19, 09:05:15 
25-Apr-19, 09:05:19 
25-Apr-19, 09:05:20 
25-Apr-19, 09:05:20 
25-Apr-19, 09:05:21 
25-Apr-19, 09:05:21 
25-Apr-19, 09:05:24 
25-Apr-19, 09:05:25 
25-Apr-19, 09:05:25 
25-Apr-19, 09:05:26 
25-Apr-19, 09:05:26 
25-Apr-19, 09:05:29 
25-Apr-19, 09:05:30 
25-Apr-19, 09:05:30 
25-Apr-19, 09:05:31 
25-Apr-19, 09:05:31 
25-Apr-19, 09:05:34 
25-Apr-19, 09:05:35 
25-Apr-19, 09:05:35 
25-Apr-19, 09:05:36 
25-Apr-19, 09:05:36 
25-Apr-19, 09:05:39 
25-Apr-19, 09:05:40 
25-Apr-19, 09:05:40 
25-Apr-19, 09:05:41 
25-Apr-19, 09:05:41 
25-Apr-19, 09:05:44 
25-Apr-19, 09:05:45 
25-Apr-19, 09:05:49 
25-Apr-19, 09:05:50 
25-Apr-19, 09:05:50 
25-Apr-19, 09:05:51 
25-Apr-19, 09:05:51 
25-Apr-19, 09:05:54 
25-Apr-19, 09:05:55 
25-Apr-19, 09:05:55 
25-Apr-19, 09:05:56 
25-Apr-19, 09:05:56 
25-Apr-19, 09:05:59 
25-Apr-19, 09:06:00 
25-Apr-19, 09:06:00 
25-Apr-19, 09:06:01 
25-Apr-19, 09:06:01 
25-Apr-19, 09:06:04 
25-Apr-19, 09:06:05 
25-Apr-19, 09:06:06 
25-Apr-19, 09:06:06 
25-Apr-19, 09:06:09 
25-Apr-19, 09:06:10 
25-Apr-19, 09:06:10 
25-Apr-19, 09:06:11 
25-Apr-19, 09:06:11 
25-Apr-19, 09:06:14 
25-Apr-19, 09:06:15 
25-Apr-19, 09:06:15 
25-Apr-19, 09:06:16 
25-Apr-19, 09:06:16 
25-Apr-19, 09:06:19 
25-Apr-19, 09:06:20 
25-Apr-19, 09:06:20 
25-Apr-19, 09:06:21 
25-Apr-19, 09:06:21 
25-Apr-19, 09:06:24 
25-Apr-19, 09:06:25 
25-Apr-19, 09:06:25 
25-Apr-19, 09:06:26 
25-Apr-19, 09:06:26 
25-Apr-19, 09:06:29 
25-Apr-19, 09:06:30 
25-Apr-19, 09:06:30 
25-Apr-19, 09:06:31 
25-Apr-19, 09:06:31 
25-Apr-19, 09:06:34 
25-Apr-19, 09:06:35 
25-Apr-19, 09:06:35 
25-Apr-19, 09:06:36 
25-Apr-19, 09:06:36 
25-Apr-19, 09:06:39 
25-Apr-19, 09:06:40 
25-Apr-19, 09:06:40 
25-Apr-19, 09:06:41 
25-Apr-19, 09:06:41 
25-Apr-19, 09:06:44 
25-Apr-19, 09:06:45 
25-Apr-19, 09:06:45 
25-Apr-19, 09:06:46 
25-Apr-19, 09:06:46 
25-Apr-19, 09:06:49 
25-Apr-19, 09:06:50 
25-Apr-19, 09:06:50 
25-Apr-19, 09:06:51 
25-Apr-19, 09:06:51 
25-Apr-19, 09:06:54 
25-Apr-19, 09:06:55 
25-Apr-19, 09:06:55 
25-Apr-19, 09:06:56 
25-Apr-19, 09:06:56 
25-Apr-19, 09:06:59 
25-Apr-19, 09:07:00 
25-Apr-19, 09:07:00 
25-Apr-19, 09:07:01 
25-Apr-19, 09:07:01 
25-Apr-19, 09:07:04 
25-Apr-19, 09:07:05 
25-Apr-19, 09:07:05 
25-Apr-19, 09:07:06 
25-Apr-19, 09:07:06 
25-Apr-19, 09:07:09 
25-Apr-19, 09:07:11 
25-Apr-19, 09:07:11 
25-Apr-19, 09:07:14 
25-Apr-19, 09:07:15 
25-Apr-19, 09:07:15 
25-Apr-19, 09:07:19 
25-Apr-19, 09:07:20 
25-Apr-19, 09:07:20 
25-Apr-19, 09:07:21 
25-Apr-19, 09:07:21 
25-Apr-19, 09:07:24 
25-Apr-19, 09:07:25 
25-Apr-19, 09:07:25 
25-Apr-19, 09:07:26 
25-Apr-19, 09:07:26 
25-Apr-19, 09:07:29 
25-Apr-19, 09:07:30 
25-Apr-19, 09:07:30 
25-Apr-19, 09:07:31 
25-Apr-19, 09:07:31 
25-Apr-19, 09:07:34 
25-Apr-19, 09:07:35 
25-Apr-19, 09:07:35 
25-Apr-19, 09:07:36 
25-Apr-19, 09:07:36 
25-Apr-19, 09:07:39 
25-Apr-19, 09:07:40 
25-Apr-19, 09:07:40 
25-Apr-19, 09:07:41 
25-Apr-19, 09:07:41 
25-Apr-19, 09:07:44 
25-Apr-19, 09:07:45 
25-Apr-19, 09:07:45 
25-Apr-19, 09:07:46 
25-Apr-19, 09:07:46 
25-Apr-19, 09:07:49 
25-Apr-19, 09:07:50 
25-Apr-19, 09:07:50 
25-Apr-19, 09:07:51 
25-Apr-19, 09:07:51 
25-Apr-19, 09:07:54 
25-Apr-19, 09:07:55 
25-Apr-19, 09:07:55 
25-Apr-19, 09:07:56 
25-Apr-19, 09:07:56 
25-Apr-19, 09:07:59 
25-Apr-19, 09:08:00 
25-Apr-19, 09:08:00 
25-Apr-19, 09:08:01 
25-Apr-19, 09:08:01 
25-Apr-19, 09:08:04 
25-Apr-19, 09:08:05 
25-Apr-19, 09:08:05 
25-Apr-19, 09:08:06 
25-Apr-19, 09:08:06 
25-Apr-19, 09:08:09 
25-Apr-19, 09:08:10 
25-Apr-19, 09:08:10 
25-Apr-19, 09:08:11 
25-Apr-19, 09:08:11 
25-Apr-19, 09:08:14 
25-Apr-19, 09:08:15 
25-Apr-19, 09:08:15 
25-Apr-19, 09:08:16 
25-Apr-19, 09:08:16 
25-Apr-19, 09:08:19 
25-Apr-19, 09:08:20 
25-Apr-19, 09:08:20 
25-Apr-19, 09:08:21 
25-Apr-19, 09:08:21 
25-Apr-19, 09:08:24 
25-Apr-19, 09:08:25 
25-Apr-19, 09:08:25 
25-Apr-19, 09:08:26 
25-Apr-19, 09:08:26 
25-Apr-19, 09:08:29 
25-Apr-19, 09:08:30 
25-Apr-19, 09:08:34 
25-Apr-19, 09:08:35 
25-Apr-19, 09:08:35 
25-Apr-19, 09:08:36 
25-Apr-19, 09:08:36 
25-Apr-19, 09:08:39 
25-Apr-19, 09:08:40 
25-Apr-19, 09:08:40 
25-Apr-19, 09:08:41 
25-Apr-19, 09:08:41 
25-Apr-19, 09:08:44 
25-Apr-19, 09:08:45 
25-Apr-19, 09:08:45 
25-Apr-19, 09:08:46 
25-Apr-19, 09:08:46 
25-Apr-19, 09:08:49 
25-Apr-19, 09:08:50 
25-Apr-19, 09:08:50 
25-Apr-19, 09:08:51 
25-Apr-19, 09:08:51 
25-Apr-19, 09:08:54 
25-Apr-19, 09:08:55 
25-Apr-19, 09:08:55 
25-Apr-19, 09:08:56 
25-Apr-19, 09:08:56 
25-Apr-19, 09:08:59 
25-Apr-19, 09:09:00 
25-Apr-19, 09:09:00 
25-Apr-19, 09:09:01 
25-Apr-19, 09:09:01 
25-Apr-19, 09:09:04 
25-Apr-19, 09:09:05 
25-Apr-19, 09:09:05 
25-Apr-19, 09:09:06 
25-Apr-19, 09:09:06 
25-Apr-19, 09:09:09 
25-Apr-19, 09:09:10 
25-Apr-19, 09:09:10 
25-Apr-19, 09:09:11 
25-Apr-19, 09:09:11 
25-Apr-19, 09:09:14 
25-Apr-19, 09:09:15 
25-Apr-19, 09:09:15 
25-Apr-19, 09:09:16 
25-Apr-19, 09:09:16 
25-Apr-19, 09:09:19 
25-Apr-19, 09:09:20 
25-Apr-19, 09:09:20 
25-Apr-19, 09:09:21 
25-Apr-19, 09:09:21 
25-Apr-19, 09:09:24 
25-Apr-19, 09:09:25 
25-Apr-19, 09:09:25 
25-Apr-19, 09:09:26 
25-Apr-19, 09:09:26 
25-Apr-19, 09:09:30 
25-Apr-19, 09:09:30 
25-Apr-19, 09:09:31 
25-Apr-19, 09:09:31 
25-Apr-19, 09:09:34 
25-Apr-19, 09:09:36 
25-Apr-19, 09:09:36 
25-Apr-19, 09:09:39 
25-Apr-19, 09:09:40 
25-Apr-19, 09:09:40 
25-Apr-19, 09:09:41 
25-Apr-19, 09:09:41 
25-Apr-19, 09:09:44 
25-Apr-19, 09:09:45 
25-Apr-19, 09:09:45 
25-Apr-19, 09:09:46 
25-Apr-19, 09:09:46 
25-Apr-19, 09:09:49 
25-Apr-19, 09:09:50 
25-Apr-19, 09:09:50 
25-Apr-19, 09:09:51 
25-Apr-19, 09:09:51 
25-Apr-19, 09:09:54 
25-Apr-19, 09:09:55 
25-Apr-19, 09:09:55 
25-Apr-19, 09:09:56 
25-Apr-19, 09:09:56 
25-Apr-19, 09:09:59 
25-Apr-19, 09:10:00 
25-Apr-19, 09:10:00 
25-Apr-19, 09:10:01 
25-Apr-19, 09:10:01 
25-Apr-19, 09:10:04 
25-Apr-19, 09:10:05 
25-Apr-19, 09:10:05 
25-Apr-19, 09:10:06 
25-Apr-19, 09:10:06 
25-Apr-19, 09:10:09 
25-Apr-19, 09:10:10 
25-Apr-19, 09:10:10 
25-Apr-19, 09:10:11 
25-Apr-19, 09:10:11 
25-Apr-19, 09:10:14 
25-Apr-19, 09:10:15 
25-Apr-19, 09:10:15 
25-Apr-19, 09:10:16 
25-Apr-19, 09:10:16 
25-Apr-19, 09:10:19 
25-Apr-19, 09:10:20 
25-Apr-19, 09:10:20 
25-Apr-19, 09:10:21 
25-Apr-19, 09:10:21 
25-Apr-19, 09:10:24 
25-Apr-19, 09:10:25 
25-Apr-19, 09:10:25 
25-Apr-19, 09:10:26 
25-Apr-19, 09:10:26 
25-Apr-19, 09:10:29 
25-Apr-19, 09:10:30 
25-Apr-19, 09:10:30 
25-Apr-19, 09:10:31 
25-Apr-19, 09:10:31 
25-Apr-19, 09:10:34 
25-Apr-19, 09:10:35 
25-Apr-19, 09:10:35 
25-Apr-19, 09:10:36 
25-Apr-19, 09:10:36 
25-Apr-19, 09:10:39 
25-Apr-19, 09:10:40 
25-Apr-19, 09:10:40 
25-Apr-19, 09:10:41 
25-Apr-19, 09:10:41 
25-Apr-19, 09:10:44 
25-Apr-19, 09:10:46 
25-Apr-19, 09:10:46 
25-Apr-19, 09:10:49 
25-Apr-19, 09:10:50 
25-Apr-19, 09:10:50 
25-Apr-19, 09:10:51 
25-Apr-19, 09:10:51 
25-Apr-19, 09:10:54 
25-Apr-19, 09:10:55 
25-Apr-19, 09:10:55 
25-Apr-19, 09:10:56 
25-Apr-19, 09:10:56 
25-Apr-19, 09:10:59 
25-Apr-19, 09:11:00 
25-Apr-19, 09:11:00 
25-Apr-19, 09:11:01 
25-Apr-19, 09:11:01 
25-Apr-19, 09:11:04 
25-Apr-19, 09:11:05 
25-Apr-19, 09:11:05 
25-Apr-19, 09:11:09 
25-Apr-19, 09:11:10 
25-Apr-19, 09:11:10 
25-Apr-19, 09:11:11 
25-Apr-19, 09:11:11 
25-Apr-19, 09:11:14 
25-Apr-19, 09:11:15 
25-Apr-19, 09:11:15 
25-Apr-19, 09:11:16 
25-Apr-19, 09:11:16 
25-Apr-19, 09:11:19 
25-Apr-19, 09:11:20 
25-Apr-19, 09:11:20 
25-Apr-19, 09:11:21 
25-Apr-19, 09:11:21 
25-Apr-19, 09:11:24 
25-Apr-19, 09:11:25 
25-Apr-19, 09:11:26 
25-Apr-19, 09:11:26 
25-Apr-19, 09:11:29 
25-Apr-19, 09:11:30 
25-Apr-19, 09:11:30 
25-Apr-19, 09:11:31 
25-Apr-19, 09:11:31 
25-Apr-19, 09:11:34 
25-Apr-19, 09:11:35 
25-Apr-19, 09:11:35 
25-Apr-19, 09:11:36 
25-Apr-19, 09:11:36 
25-Apr-19, 09:11:39 
25-Apr-19, 09:11:40 
25-Apr-19, 09:11:40 
25-Apr-19, 09:11:41 
25-Apr-19, 09:11:41 
25-Apr-19, 09:11:44 
25-Apr-19, 09:11:45 
25-Apr-19, 09:11:45 
25-Apr-19, 09:11:46 
25-Apr-19, 09:11:46 
25-Apr-19, 09:11:49 
25-Apr-19, 09:11:50 
25-Apr-19, 09:11:50 
25-Apr-19, 09:11:51 
25-Apr-19, 09:11:51 
25-Apr-19, 09:11:54 
25-Apr-19, 09:11:55 
25-Apr-19, 09:11:55 
25-Apr-19, 09:11:56 
25-Apr-19, 09:11:56 
25-Apr-19, 09:11:59 
25-Apr-19, 09:12:00 
25-Apr-19, 09:12:00 
25-Apr-19, 09:12:01 
25-Apr-19, 09:12:01 
25-Apr-19, 09:12:04 
25-Apr-19, 09:12:05 
25-Apr-19, 09:12:05 
25-Apr-19, 09:12:06 
25-Apr-19, 09:12:06 
25-Apr-19, 09:12:09 
25-Apr-19, 09:12:10 
25-Apr-19, 09:12:10 
25-Apr-19, 09:12:11 
25-Apr-19, 09:12:11 
25-Apr-19, 09:12:14 
25-Apr-19, 09:12:15 
25-Apr-19, 09:12:15 
25-Apr-19, 09:12:16 
25-Apr-19, 09:12:16 
25-Apr-19, 09:12:19 
25-Apr-19, 09:12:20 
25-Apr-19, 09:12:20 
25-Apr-19, 09:12:21 
25-Apr-19, 09:12:21 
25-Apr-19, 09:12:24 
25-Apr-19, 09:12:25 
25-Apr-19, 09:12:25 
25-Apr-19, 09:12:26 
25-Apr-19, 09:12:26 
25-Apr-19, 09:12:29 
25-Apr-19, 09:12:30 
25-Apr-19, 09:12:30 
25-Apr-19, 09:12:31 
25-Apr-19, 09:12:31 
25-Apr-19, 09:12:34 
25-Apr-19, 09:12:35 
25-Apr-19, 09:12:35 
25-Apr-19, 09:12:36 
25-Apr-19, 09:12:36 
25-Apr-19, 09:12:40 
25-Apr-19, 09:12:40 
25-Apr-19, 09:12:41 
25-Apr-19, 09:12:41 
25-Apr-19, 09:12:44 
25-Apr-19, 09:12:45 
25-Apr-19, 09:12:45 
25-Apr-19, 09:12:46 
25-Apr-19, 09:12:46 
25-Apr-19, 09:12:49 
25-Apr-19, 09:12:50 
25-Apr-19, 09:12:50 
25-Apr-19, 09:12:51 
25-Apr-19, 09:12:51 
25-Apr-19, 09:12:54 
25-Apr-19, 09:12:55 
25-Apr-19, 09:12:55 
25-Apr-19, 09:12:59 
25-Apr-19, 09:13:00 
25-Apr-19, 09:13:00 
25-Apr-19, 09:13:01 
25-Apr-19, 09:13:01 
25-Apr-19, 09:13:04 
25-Apr-19, 09:13:05 
25-Apr-19, 09:13:05 
25-Apr-19, 09:13:09 
25-Apr-19, 09:13:10 
25-Apr-19, 09:13:10 
25-Apr-19, 09:13:11 
25-Apr-19, 09:13:11 
25-Apr-19, 09:13:14 
25-Apr-19, 09:13:15 
25-Apr-19, 09:13:15 
25-Apr-19, 09:13:16 
25-Apr-19, 09:13:16 
25-Apr-19, 09:13:19 
25-Apr-19, 09:13:20 
25-Apr-19, 09:13:20 
25-Apr-19, 09:13:21 
25-Apr-19, 09:13:22 
25-Apr-19, 09:13:24 
25-Apr-19, 09:13:25 
25-Apr-19, 09:13:25 
25-Apr-19, 09:13:26 
25-Apr-19, 09:13:27 
25-Apr-19, 09:13:29 
25-Apr-19, 09:13:30 
25-Apr-19, 09:13:30 
25-Apr-19, 09:13:31 
25-Apr-19, 09:13:32 
25-Apr-19, 09:13:34 
25-Apr-19, 09:13:35 
25-Apr-19, 09:13:35 
25-Apr-19, 09:13:36 
25-Apr-19, 09:13:37 
25-Apr-19, 09:13:39 
25-Apr-19, 09:13:40 
25-Apr-19, 09:13:40 
25-Apr-19, 09:13:41 
25-Apr-19, 09:13:42 
25-Apr-19, 09:13:44 
25-Apr-19, 09:13:45 
25-Apr-19, 09:13:45 
25-Apr-19, 09:13:46 
25-Apr-19, 09:13:47 
25-Apr-19, 09:13:49 
25-Apr-19, 09:13:50 
25-Apr-19, 09:13:50 
25-Apr-19, 09:13:51 
25-Apr-19, 09:13:52 
25-Apr-19, 09:13:54 
25-Apr-19, 09:13:56 
25-Apr-19, 09:13:57 
25-Apr-19, 09:13:59 
25-Apr-19, 09:14:00 
25-Apr-19, 09:14:00 
25-Apr-19, 09:14:01 
25-Apr-19, 09:14:02 
25-Apr-19, 09:14:04 
25-Apr-19, 09:14:06 
25-Apr-19, 09:14:07 
25-Apr-19, 09:14:09 
25-Apr-19, 09:14:10 
25-Apr-19, 09:14:10 
25-Apr-19, 09:14:11 
25-Apr-19, 09:14:12 
25-Apr-19, 09:14:14 
25-Apr-19, 09:14:15 
25-Apr-19, 09:14:15 
25-Apr-19, 09:14:16 
25-Apr-19, 09:14:17 
25-Apr-19, 09:14:19 
25-Apr-19, 09:14:20 
25-Apr-19, 09:14:20 
25-Apr-19, 09:14:21 
25-Apr-19, 09:14:22 
25-Apr-19, 09:14:24 
25-Apr-19, 09:14:25 
25-Apr-19, 09:14:25 
25-Apr-19, 09:14:26 
25-Apr-19, 09:14:27 
25-Apr-19, 09:14:29 
25-Apr-19, 09:14:30 
25-Apr-19, 09:14:30 
25-Apr-19, 09:14:31 
25-Apr-19, 09:14:32 
25-Apr-19, 09:14:34 
25-Apr-19, 09:14:35 
25-Apr-19, 09:14:35 
25-Apr-19, 09:14:36 
25-Apr-19, 09:14:37 
25-Apr-19, 09:14:39 
25-Apr-19, 09:14:40 
25-Apr-19, 09:14:40 
25-Apr-19, 09:14:41 
25-Apr-19, 09:14:42 
25-Apr-19, 09:14:44 
25-Apr-19, 09:14:45 
25-Apr-19, 09:14:45 
25-Apr-19, 09:14:46 
25-Apr-19, 09:14:47 
25-Apr-19, 09:14:49 
25-Apr-19, 09:14:50 
25-Apr-19, 09:14:50 
25-Apr-19, 09:14:51 
25-Apr-19, 09:14:52 
25-Apr-19, 09:14:54 
25-Apr-19, 09:14:55 
25-Apr-19, 09:14:55 
25-Apr-19, 09:14:56 
25-Apr-19, 09:14:57 
25-Apr-19, 09:14:59 
25-Apr-19, 09:15:00 
25-Apr-19, 09:15:00 
25-Apr-19, 09:15:01 
25-Apr-19, 09:15:02 
25-Apr-19, 09:15:04 
25-Apr-19, 09:15:05 
25-Apr-19, 09:15:05 
25-Apr-19, 09:15:06 
25-Apr-19, 09:15:07 
25-Apr-19, 09:15:09 
25-Apr-19, 09:15:10 
25-Apr-19, 09:15:10 
25-Apr-19, 09:15:11 
25-Apr-19, 09:15:12 
25-Apr-19, 09:15:14 
25-Apr-19, 09:15:15 
25-Apr-19, 09:15:15 
25-Apr-19, 09:15:16 
25-Apr-19, 09:15:17 
25-Apr-19, 09:15:19 
25-Apr-19, 09:15:20 
25-Apr-19, 09:15:20 
25-Apr-19, 09:15:21 
25-Apr-19, 09:15:22 
25-Apr-19, 09:15:24 
25-Apr-19, 09:15:25 
25-Apr-19, 09:15:25 
25-Apr-19, 09:15:26 
25-Apr-19, 09:15:27 
25-Apr-19, 09:15:29 
25-Apr-19, 09:15:30 
25-Apr-19, 09:15:30 
25-Apr-19, 09:15:31 
25-Apr-19, 09:15:32 
25-Apr-19, 09:15:34 
25-Apr-19, 09:15:35 
25-Apr-19, 09:15:35 
25-Apr-19, 09:15:36 
25-Apr-19, 09:15:37 
25-Apr-19, 09:15:39 
25-Apr-19, 09:15:40 
25-Apr-19, 09:15:40 
25-Apr-19, 09:15:41 
25-Apr-19, 09:15:42 
25-Apr-19, 09:15:44 
25-Apr-19, 09:15:45 
25-Apr-19, 09:15:45 
25-Apr-19, 09:15:46 
25-Apr-19, 09:15:47 
25-Apr-19, 09:15:49 
25-Apr-19, 09:15:50 
25-Apr-19, 09:15:50 
25-Apr-19, 09:15:51 
25-Apr-19, 09:15:52 
25-Apr-19, 09:15:54 
25-Apr-19, 09:15:55 
25-Apr-19, 09:15:55 
25-Apr-19, 09:15:56 
25-Apr-19, 09:15:57 
25-Apr-19, 09:15:59 
25-Apr-19, 09:16:00 
25-Apr-19, 09:16:00 
25-Apr-19, 09:16:01 
25-Apr-19, 09:16:02 
25-Apr-19, 09:16:04 
25-Apr-19, 09:16:05 
25-Apr-19, 09:16:05 
25-Apr-19, 09:16:06 
25-Apr-19, 09:16:07 
25-Apr-19, 09:16:09 
25-Apr-19, 09:16:10 
25-Apr-19, 09:16:10 
25-Apr-19, 09:16:11 
25-Apr-19, 09:16:12 
25-Apr-19, 09:16:14 
25-Apr-19, 09:16:15 
25-Apr-19, 09:16:15 
25-Apr-19, 09:16:16 
25-Apr-19, 09:16:17 
25-Apr-19, 09:16:19 
25-Apr-19, 09:16:20 
25-Apr-19, 09:16:20 
25-Apr-19, 09:16:21 
25-Apr-19, 09:16:22 
25-Apr-19, 09:16:24 
25-Apr-19, 09:16:26 
25-Apr-19, 09:16:27 
25-Apr-19, 09:16:29 
25-Apr-19, 09:16:30 
25-Apr-19, 09:16:30 
25-Apr-19, 09:16:31 
25-Apr-19, 09:16:32 
25-Apr-19, 09:16:34 
25-Apr-19, 09:16:35 
25-Apr-19, 09:16:35 
25-Apr-19, 09:16:36 
25-Apr-19, 09:16:37 
25-Apr-19, 09:16:39 
25-Apr-19, 09:16:40 
25-Apr-19, 09:16:40 
25-Apr-19, 09:16:41 
25-Apr-19, 09:16:42 
25-Apr-19, 09:16:44 
25-Apr-19, 09:16:45 
25-Apr-19, 09:16:45 
25-Apr-19, 09:16:46 
25-Apr-19, 09:16:47 
25-Apr-19, 09:16:49 
25-Apr-19, 09:16:50 
25-Apr-19, 09:16:50 
25-Apr-19, 09:16:51 
25-Apr-19, 09:16:52 
25-Apr-19, 09:16:54 
25-Apr-19, 09:16:55 
25-Apr-19, 09:16:55 
25-Apr-19, 09:16:56 
25-Apr-19, 09:16:57 
25-Apr-19, 09:17:00 
25-Apr-19, 09:17:00 
25-Apr-19, 09:17:02 
25-Apr-19, 09:17:05 
25-Apr-19, 09:17:05 
25-Apr-19, 09:17:06 
25-Apr-19, 09:17:07 
25-Apr-19, 09:17:09 
25-Apr-19, 09:17:10 
25-Apr-19, 09:17:10 
25-Apr-19, 09:17:11 
25-Apr-19, 09:17:12 
25-Apr-19, 09:17:14 
25-Apr-19, 09:17:15 
25-Apr-19, 09:17:15 
25-Apr-19, 09:17:16 
25-Apr-19, 09:17:17 
25-Apr-19, 09:17:19 
25-Apr-19, 09:17:20 
25-Apr-19, 09:17:20 
25-Apr-19, 09:17:21 
25-Apr-19, 09:17:22 
25-Apr-19, 09:17:24 
25-Apr-19, 09:17:25 
25-Apr-19, 09:17:25 
25-Apr-19, 09:17:26 
25-Apr-19, 09:17:27 
25-Apr-19, 09:17:30 
25-Apr-19, 09:17:30 
25-Apr-19, 09:17:31 
25-Apr-19, 09:17:32 
25-Apr-19, 09:17:34 
25-Apr-19, 09:17:35 
25-Apr-19, 09:17:35 
25-Apr-19, 09:17:36 
25-Apr-19, 09:17:37 
25-Apr-19, 09:17:39 
25-Apr-19, 09:17:40 
25-Apr-19, 09:17:40 
25-Apr-19, 09:17:41 
25-Apr-19, 09:17:42 
25-Apr-19, 09:17:44 
25-Apr-19, 09:17:45 
25-Apr-19, 09:17:45 
25-Apr-19, 09:17:46 
25-Apr-19, 09:17:47 
25-Apr-19, 09:17:50 
25-Apr-19, 09:17:50 
25-Apr-19, 09:17:51 
25-Apr-19, 09:17:52 
25-Apr-19, 09:17:54 
25-Apr-19, 09:17:55 
25-Apr-19, 09:17:56 
25-Apr-19, 09:17:56 
25-Apr-19, 09:17:57 
25-Apr-19, 09:17:59 
25-Apr-19, 09:18:00 
25-Apr-19, 09:18:01 
25-Apr-19, 09:18:01 
25-Apr-19, 09:18:02 
25-Apr-19, 09:18:04 
25-Apr-19, 09:18:05 
25-Apr-19, 09:18:06 
25-Apr-19, 09:18:06 
25-Apr-19, 09:18:07 
25-Apr-19, 09:18:09 
25-Apr-19, 09:18:10 
25-Apr-19, 09:18:11 
25-Apr-19, 09:18:11 
25-Apr-19, 09:18:12 
25-Apr-19, 09:18:14 
25-Apr-19, 09:18:15 
25-Apr-19, 09:18:16 
25-Apr-19, 09:18:16 
25-Apr-19, 09:18:17 
25-Apr-19, 09:18:19 
25-Apr-19, 09:18:20 
25-Apr-19, 09:18:21 
25-Apr-19, 09:18:21 
25-Apr-19, 09:18:22 
25-Apr-19, 09:18:24 
25-Apr-19, 09:18:25 
25-Apr-19, 09:18:26 
25-Apr-19, 09:18:26 
25-Apr-19, 09:18:27 
25-Apr-19, 09:18:29 
25-Apr-19, 09:18:30 
25-Apr-19, 09:18:31 
25-Apr-19, 09:18:31 
25-Apr-19, 09:18:32 
25-Apr-19, 09:18:34 
25-Apr-19, 09:18:35 
25-Apr-19, 09:18:36 
25-Apr-19, 09:18:36 
25-Apr-19, 09:18:37 
25-Apr-19, 09:18:39 
25-Apr-19, 09:18:40 
25-Apr-19, 09:18:41 
25-Apr-19, 09:18:41 
25-Apr-19, 09:18:42 
25-Apr-19, 09:18:44 
25-Apr-19, 09:18:45 
25-Apr-19, 09:18:46 
25-Apr-19, 09:18:46 
25-Apr-19, 09:18:47 
25-Apr-19, 09:18:49 
25-Apr-19, 09:18:50 
25-Apr-19, 09:18:51 
25-Apr-19, 09:18:51 
25-Apr-19, 09:18:52 
25-Apr-19, 09:18:54 
25-Apr-19, 09:18:55 
25-Apr-19, 09:18:56 
25-Apr-19, 09:18:56 
25-Apr-19, 09:18:57 
25-Apr-19, 09:18:59 
25-Apr-19, 09:19:00 
25-Apr-19, 09:19:01 
25-Apr-19, 09:19:01 
25-Apr-19, 09:19:02 
25-Apr-19, 09:19:04 
25-Apr-19, 09:19:05 
25-Apr-19, 09:19:06 
25-Apr-19, 09:19:06 
25-Apr-19, 09:19:07 
25-Apr-19, 09:19:09 
25-Apr-19, 09:19:10 
25-Apr-19, 09:19:12 
25-Apr-19, 09:19:14 
25-Apr-19, 09:19:15 
25-Apr-19, 09:19:16 
25-Apr-19, 09:19:16 
25-Apr-19, 09:19:17 
25-Apr-19, 09:19:19 
25-Apr-19, 09:19:20 
25-Apr-19, 09:19:21 
25-Apr-19, 09:19:21 
25-Apr-19, 09:19:22 
25-Apr-19, 09:19:24 
25-Apr-19, 09:19:25 
25-Apr-19, 09:19:26 
25-Apr-19, 09:19:26 
25-Apr-19, 09:19:27 
25-Apr-19, 09:19:29 
25-Apr-19, 09:19:30 
25-Apr-19, 09:19:31 
25-Apr-19, 09:19:31 
25-Apr-19, 09:19:32 
25-Apr-19, 09:19:34 
25-Apr-19, 09:19:35 
25-Apr-19, 09:19:37 
25-Apr-19, 09:19:39 
25-Apr-19, 09:19:40 
25-Apr-19, 09:19:41 
25-Apr-19, 09:19:41 
25-Apr-19, 09:19:42 
25-Apr-19, 09:19:44 
25-Apr-19, 09:19:45 
25-Apr-19, 09:19:46 
25-Apr-19, 09:19:47 
25-Apr-19, 09:19:51 
25-Apr-19, 09:19:51 
25-Apr-19, 09:19:52 
25-Apr-19, 09:19:54 
25-Apr-19, 09:19:55 
25-Apr-19, 09:19:56 
25-Apr-19, 09:19:56 
25-Apr-19, 09:19:57 
25-Apr-19, 09:19:59 
25-Apr-19, 09:20:00 
25-Apr-19, 09:20:01 
25-Apr-19, 09:20:01 
25-Apr-19, 09:20:02 
25-Apr-19, 09:20:04 
25-Apr-19, 09:20:05 
25-Apr-19, 09:20:06 
25-Apr-19, 09:20:06 
25-Apr-19, 09:20:07 
25-Apr-19, 09:20:09 
25-Apr-19, 09:20:10 
25-Apr-19, 09:20:11 
25-Apr-19, 09:20:11 
25-Apr-19, 09:20:12 
25-Apr-19, 09:20:14 
25-Apr-19, 09:20:15 
25-Apr-19, 09:20:17 
25-Apr-19, 09:20:19 
25-Apr-19, 09:20:20 
25-Apr-19, 09:20:21 
25-Apr-19, 09:20:21 
25-Apr-19, 09:20:22 
25-Apr-19, 09:20:24 
25-Apr-19, 09:20:25 
25-Apr-19, 09:20:26 
25-Apr-19, 09:20:26 
25-Apr-19, 09:20:27 
25-Apr-19, 09:20:29 
25-Apr-19, 09:20:30 
25-Apr-19, 09:20:31 
25-Apr-19, 09:20:31 
25-Apr-19, 09:20:32 
25-Apr-19, 09:20:34 
25-Apr-19, 09:20:35 
25-Apr-19, 09:20:36 
25-Apr-19, 09:20:36 
25-Apr-19, 09:20:37 
25-Apr-19, 09:20:39 
25-Apr-19, 09:20:40 
25-Apr-19, 09:20:41 
25-Apr-19, 09:20:41 
25-Apr-19, 09:20:42 
25-Apr-19, 09:20:44 
25-Apr-19, 09:20:45 
25-Apr-19, 09:20:46 
25-Apr-19, 09:20:46 
25-Apr-19, 09:20:47 
25-Apr-19, 09:20:49 
25-Apr-19, 09:20:50 
25-Apr-19, 09:20:51 
25-Apr-19, 09:20:51 
25-Apr-19, 09:20:52 
25-Apr-19, 09:20:54 
25-Apr-19, 09:20:56 
25-Apr-19, 09:20:56 
25-Apr-19, 09:20:56 
25-Apr-19, 09:20:57 
25-Apr-19, 09:20:59 
25-Apr-19, 09:21:01 
25-Apr-19, 09:21:01 
25-Apr-19, 09:21:01 
25-Apr-19, 09:21:02 
25-Apr-19, 09:21:04 
25-Apr-19, 09:21:06 
25-Apr-19, 09:21:06 
25-Apr-19, 09:21:06 
25-Apr-19, 09:21:07 
25-Apr-19, 09:21:09 
25-Apr-19, 09:21:11 
25-Apr-19, 09:21:11 
25-Apr-19, 09:21:11 
25-Apr-19, 09:21:12 
25-Apr-19, 09:21:14 
25-Apr-19, 09:21:16 
25-Apr-19, 09:21:16 
25-Apr-19, 09:21:16 
25-Apr-19, 09:21:17 
25-Apr-19, 09:21:19 
25-Apr-19, 09:21:21 
25-Apr-19, 09:21:21 
25-Apr-19, 09:21:21 
25-Apr-19, 09:21:22 
25-Apr-19, 09:21:24 
25-Apr-19, 09:21:26 
25-Apr-19, 09:21:26 
25-Apr-19, 09:21:26 
25-Apr-19, 09:21:27 
25-Apr-19, 09:21:29 
25-Apr-19, 09:21:31 
25-Apr-19, 09:21:31 
25-Apr-19, 09:21:31 
25-Apr-19, 09:21:32 
25-Apr-19, 09:21:34 
25-Apr-19, 09:21:36 
25-Apr-19, 09:21:36 
25-Apr-19, 09:21:36 
25-Apr-19, 09:21:37 
25-Apr-19, 09:21:39 
25-Apr-19, 09:21:42 
25-Apr-19, 09:21:44 
25-Apr-19, 09:21:46 
25-Apr-19, 09:21:46 
25-Apr-19, 09:21:46 
25-Apr-19, 09:21:47 
25-Apr-19, 09:21:49 
25-Apr-19, 09:21:51 
25-Apr-19, 09:21:51 
25-Apr-19, 09:21:51 
25-Apr-19, 09:21:52 
25-Apr-19, 09:21:54 
25-Apr-19, 09:21:56 
25-Apr-19, 09:21:56 
25-Apr-19, 09:21:56 
25-Apr-19, 09:21:57 
25-Apr-19, 09:22:01 
25-Apr-19, 09:22:01 
25-Apr-19, 09:22:01 
25-Apr-19, 09:22:02 
25-Apr-19, 09:22:04 
25-Apr-19, 09:22:06 
25-Apr-19, 09:22:06 
25-Apr-19, 09:22:06 
25-Apr-19, 09:22:07 
25-Apr-19, 09:22:09 
25-Apr-19, 09:22:11 
25-Apr-19, 09:22:11 
25-Apr-19, 09:22:11 
25-Apr-19, 09:22:12 
25-Apr-19, 09:22:14 
25-Apr-19, 09:22:16 
25-Apr-19, 09:22:16 
25-Apr-19, 09:22:16 
25-Apr-19, 09:22:17 
25-Apr-19, 09:22:19 
25-Apr-19, 09:22:21 
25-Apr-19, 09:22:21 
25-Apr-19, 09:22:21 
25-Apr-19, 09:22:22 
25-Apr-19, 09:22:24 
25-Apr-19, 09:22:26 
25-Apr-19, 09:22:26 
25-Apr-19, 09:22:26 
25-Apr-19, 09:22:27 
25-Apr-19, 09:22:29 
25-Apr-19, 09:22:31 
25-Apr-19, 09:22:31 
25-Apr-19, 09:22:31 
25-Apr-19, 09:22:32 
25-Apr-19, 09:22:34 
25-Apr-19, 09:22:36 
25-Apr-19, 09:22:36 
25-Apr-19, 09:22:36 
25-Apr-19, 09:22:37 
25-Apr-19, 09:22:41 
25-Apr-19, 09:22:41 
25-Apr-19, 09:22:41 
25-Apr-19, 09:22:42 
25-Apr-19, 09:22:44 
25-Apr-19, 09:22:46 
25-Apr-19, 09:22:46 
25-Apr-19, 09:22:47 
25-Apr-19, 09:22:51 
25-Apr-19, 09:22:51 
25-Apr-19, 09:22:51 
25-Apr-19, 09:22:52 
25-Apr-19, 09:22:54 
25-Apr-19, 09:22:56 
25-Apr-19, 09:22:56 
25-Apr-19, 09:22:56 
25-Apr-19, 09:22:59 
25-Apr-19, 09:23:01 
25-Apr-19, 09:23:01 
25-Apr-19, 09:23:01 
25-Apr-19, 09:23:02 
25-Apr-19, 09:23:04 
25-Apr-19, 09:23:06 
25-Apr-19, 09:23:06 
25-Apr-19, 09:23:06 
25-Apr-19, 09:23:07 
25-Apr-19, 09:23:09 
25-Apr-19, 09:23:11 
25-Apr-19, 09:23:11 
25-Apr-19, 09:23:11 
25-Apr-19, 09:23:12 
25-Apr-19, 09:23:14 
25-Apr-19, 09:23:16 
25-Apr-19, 09:23:16 
25-Apr-19, 09:23:16 
25-Apr-19, 09:23:17 
25-Apr-19, 09:23:19 
25-Apr-19, 09:23:21 
25-Apr-19, 09:23:21 
25-Apr-19, 09:23:21 
25-Apr-19, 09:23:22 
25-Apr-19, 09:23:24 
25-Apr-19, 09:23:26 
25-Apr-19, 09:23:26 
25-Apr-19, 09:23:27 
25-Apr-19, 09:23:27 
25-Apr-19, 09:23:31 
25-Apr-19, 09:23:31 
25-Apr-19, 09:23:32 
25-Apr-19, 09:23:32 
25-Apr-19, 09:23:34 
25-Apr-19, 09:23:36 
25-Apr-19, 09:23:36 
25-Apr-19, 09:23:37 
25-Apr-19, 09:23:37 
25-Apr-19, 09:23:39 
25-Apr-19, 09:23:41 
25-Apr-19, 09:23:41 
25-Apr-19, 09:23:42 
25-Apr-19, 09:23:42 
25-Apr-19, 09:23:44 
25-Apr-19, 09:23:46 
25-Apr-19, 09:23:46 
25-Apr-19, 09:23:47 
25-Apr-19, 09:23:47 
25-Apr-19, 09:23:49 
25-Apr-19, 09:23:51 
25-Apr-19, 09:23:51 
25-Apr-19, 09:23:52 
25-Apr-19, 09:23:52 
25-Apr-19, 09:23:56 
25-Apr-19, 09:23:56 
25-Apr-19, 09:23:57 
31-Mar-19,   12:40:15   
31-Mar-19,   12:40:15   
31-Mar-19,   12:40:15   
31-Mar-19,   12:40:15   
31-Mar-19,   12:40:15   
31-Mar-19,   12:40:15   
31-Mar-19,   12:40:15   
31-Mar-19,   12:40:15   
31-Mar-19,   12:40:15   
31-Mar-19,   12:40:15   
31-Mar-19,   12:40:15   
31-Mar-19,   12:40:15   
31-Mar-19,   12:40:15   
31-Mar-19,   12:40:15   
31-Mar-19,   12:40:15   
31-Mar-19,   12:40:15   
31-Mar-19,   12:40:15   
31-Mar-19,   12:40:15   
31-Mar-19,   12:40:15   
31-Mar-19,   12:40:15   
31-Mar-19,   12:40:15   
31-Mar-19,   12:40:15   
31-Mar-19,   12:40:15   
31-Mar-19,   12:40:15   
31-Mar-19,   12:40:15   
31-Mar-19,   12:40:15   
31-Mar-19,   12:40:15   
31-Mar-19,   12:40:15   
31-Mar-19,   12:40:16   
31-Mar-19,   12:40:16   
31-Mar-19,   12:40:16   
31-Mar-19,   12:40:16   
31-Mar-19,   12:40:16   
31-Mar-19,   12:40:16   
31-Mar-19,   12:40:16   
31-Mar-19,   12:40:16   
31-Mar-19,   12:40:16   
31-Mar-19,   12:40:16   
31-Mar-19,   12:40:16   
31-Mar-19,   12:40:16   
31-Mar-19,   12:40:16   
31-Mar-19,   12:40:16   
31-Mar-19,   12:40:16   
31-Mar-19,   12:40:16   
31-Mar-19,   12:40:16   
31-Mar-19,   12:40:16   
31-Mar-19,   12:40:16   
31-Mar-19,   12:40:16   
31-Mar-19,   12:40:16   
31-Mar-19,   12:40:16   
31-Mar-19,   12:40:16   
31-Mar-19,   12:40:16   
31-Mar-19,   12:40:16   
31-Mar-19,   12:40:16   
31-Mar-19,   12:40:16   
31-Mar-19,   12:40:16   
31-Mar-19,   12:40:16   
31-Mar-19,   12:40:16   
31-Mar-19,   12:40:16   
31-Mar-19,   12:40:16   
31-Mar-19,   12:40:17   
31-Mar-19,   12:40:17   
31-Mar-19,   12:40:17   
31-Mar-19,   12:40:17   
31-Mar-19,   12:40:17   
31-Mar-19,   12:40:17   
31-Mar-19,   12:40:17   
31-Mar-19,   12:40:17   
31-Mar-19,   12:40:17   
31-Mar-19,   12:40:17   
31-Mar-19,   12:40:17   
31-Mar-19,   12:40:17   
31-Mar-19,   12:40:17   
31-Mar-19,   12:40:17   
31-Mar-19,   12:40:17   
31-Mar-19,   12:40:17   
31-Mar-19,   12:40:17   
31-Mar-19,   12:40:17   
31-Mar-19,   12:40:17   
31-Mar-19,   12:40:17   
31-Mar-19,   12:40:17   
31-Mar-19,   12:40:17   
31-Mar-19,   12:40:17   
31-Mar-19,   12:40:17   
31-Mar-19,   12:40:17   
31-Mar-19,   12:40:17   
31-Mar-19,   12:40:17   
31-Mar-19,   12:40:17   
31-Mar-19,   12:40:17   
31-Mar-19,   12:40:17   
31-Mar-19,   12:40:17   
31-Mar-19,   12:40:17   
31-Mar-19,   12:40:17   
31-Mar-19,   12:40:17   
31-Mar-19,   12:40:17   
31-Mar-19,   12:40:17   
31-Mar-19,   12:40:17   
31-Mar-19,   12:40:17   
31-Mar-19,   12:40:17   
31-Mar-19,   12:40:18   
31-Mar-19,   12:40:18   
31-Mar-19,   12:40:18   
31-Mar-19,   12:40:18   
31-Mar-19,   12:40:18   
31-Mar-19,   12:40:18   
31-Mar-19,   12:40:18   
31-Mar-19,   12:40:18   
31-Mar-19,   12:40:18   
31-Mar-19,   12:40:18   
31-Mar-19,   12:40:18   
31-Mar-19,   12:40:18   
31-Mar-19,   12:40:18   
31-Mar-19,   12:40:18   
31-Mar-19,   12:40:18   
31-Mar-19,   12:40:18   
31-Mar-19,   12:40:18   
31-Mar-19,   12:40:18   
31-Mar-19,   12:40:18   
31-Mar-19,   12:40:18   
31-Mar-19,   12:40:18   
31-Mar-19,   12:40:18   
31-Mar-19,   12:40:18   
31-Mar-19,   12:40:18   
31-Mar-19,   12:40:18   
31-Mar-19,   12:40:18   
31-Mar-19,   12:40:18   
31-Mar-19,   12:40:18   
31-Mar-19,   12:40:18   
31-Mar-19,   12:40:18   
31-Mar-19,   12:40:18   
31-Mar-19,   12:40:18   
31-Mar-19,   12:40:18   
31-Mar-19,   12:40:18   
31-Mar-19,   12:40:18   
31-Mar-19,   12:40:18   
31-Mar-19,   12:40:18   
31-Mar-19,   12:40:18   
31-Mar-19,   12:40:19   
31-Mar-19,   12:40:19   
31-Mar-19,   12:40:19   
31-Mar-19,   12:40:19   
31-Mar-19,   12:40:19   
31-Mar-19,   12:40:19   
31-Mar-19,   12:40:19   
31-Mar-19,   12:40:19   
31-Mar-19,   12:40:19   
31-Mar-19,   12:40:19   
31-Mar-19,   12:40:19   
31-Mar-19,   12:40:19   
31-Mar-19,   12:40:19   
31-Mar-19,   12:40:19   
31-Mar-19,   12:40:19   
31-Mar-19,   12:40:19   
31-Mar-19,   12:40:19   
31-Mar-19,   12:40:19   
31-Mar-19,   12:40:19   
31-Mar-19,   12:40:19   
31-Mar-19,   12:40:19   
31-Mar-19,   12:40:19   
31-Mar-19,   12:40:19   
31-Mar-19,   12:40:19   
31-Mar-19,   12:40:19   
31-Mar-19,   12:40:19   
31-Mar-19,   12:40:19   
31-Mar-19,   12:40:19   
31-Mar-19,   12:40:19   
31-Mar-19,   12:40:19   
31-Mar-19,   12:40:19   
31-Mar-19,   12:40:19   
31-Mar-19,   12:40:19   
31-Mar-19,   12:40:19   
31-Mar-19,   12:40:19   
31-Mar-19,   12:40:19   
31-Mar-19,   12:40:20   
31-Mar-19,   12:40:20   
31-Mar-19,   12:40:20   
31-Mar-19,   12:40:20   
31-Mar-19,   12:40:20   
31-Mar-19,   12:40:20   
31-Mar-19,   12:40:20   
31-Mar-19,   12:40:20   
31-Mar-19,   12:40:20   
31-Mar-19,   12:40:20   
31-Mar-19,   12:40:20   
31-Mar-19,   12:40:20   
31-Mar-19,   12:40:20   
31-Mar-19,   12:40:20   
31-Mar-19,   12:40:20   
31-Mar-19,   12:40:20   
31-Mar-19,   12:40:20   
31-Mar-19,   12:40:20   
31-Mar-19,   12:40:20   
31-Mar-19,   12:40:20   
31-Mar-19,   12:40:20   
31-Mar-19,   12:40:20   
31-Mar-19,   12:40:20   
31-Mar-19,   12:40:20   
31-Mar-19,   12:40:20   
31-Mar-19,   12:40:20   
31-Mar-19,   12:40:20   
31-Mar-19,   12:40:20   
31-Mar-19,   12:40:20   
31-Mar-19,   12:40:20   
31-Mar-19,   12:40:20   
31-Mar-19,   12:40:20   
31-Mar-19,   12:40:20   
31-Mar-19,   12:40:20   
31-Mar-19,   12:40:20   
31-Mar-19,   12:40:20   
31-Mar-19,   12:40:21   
31-Mar-19,   12:40:21   
31-Mar-19,   12:40:21   
31-Mar-19,   12:40:21   
31-Mar-19,   12:40:21   
31-Mar-19,   12:40:21   
31-Mar-19,   12:40:21   
31-Mar-19,   12:40:21   
31-Mar-19,   12:40:21   
31-Mar-19,   12:40:21   
31-Mar-19,   12:40:21   
31-Mar-19,   12:40:21   
31-Mar-19,   12:40:21   
31-Mar-19,   12:40:21   
31-Mar-19,   12:40:21   
31-Mar-19,   12:40:21   
31-Mar-19,   12:40:21   
31-Mar-19,   12:40:21   
31-Mar-19,   12:40:21   
31-Mar-19,   12:40:21   
31-Mar-19,   12:40:21   
31-Mar-19,   12:40:21   
31-Mar-19,   12:40:21   
31-Mar-19,   12:40:21   
31-Mar-19,   12:40:21   
31-Mar-19,   12:40:21   
31-Mar-19,   12:40:21   
31-Mar-19,   12:40:21   
31-Mar-19,   12:40:21   
31-Mar-19,   12:40:21   
31-Mar-19,   12:40:21   
31-Mar-19,   12:40:21   
31-Mar-19,   12:40:21   
31-Mar-19,   12:40:21   
31-Mar-19,   12:40:21   
31-Mar-19,   12:40:22   
31-Mar-19,   12:40:22   
31-Mar-19,   12:40:22   
31-Mar-19,   12:40:22   
31-Mar-19,   12:40:22   
31-Mar-19,   12:40:22   
31-Mar-19,   12:40:22   
31-Mar-19,   12:40:22   
31-Mar-19,   12:40:22   
31-Mar-19,   12:40:22   
31-Mar-19,   12:40:22   
31-Mar-19,   12:40:22   
31-Mar-19,   12:40:22   
31-Mar-19,   12:40:22   
31-Mar-19,   12:40:22   
31-Mar-19,   12:40:22   
31-Mar-19,   12:40:22   
31-Mar-19,   12:40:22   
31-Mar-19,   12:40:22   
31-Mar-19,   12:40:22   
31-Mar-19,   12:40:22   
31-Mar-19,   12:40:22   
31-Mar-19,   12:40:22   
31-Mar-19,   12:40:22   
31-Mar-19,   12:40:22   
31-Mar-19,   12:40:22   
31-Mar-19,   12:40:22   
31-Mar-19,   12:40:22   
31-Mar-19,   12:40:22   
31-Mar-19,   12:40:22   
31-Mar-19,   12:40:22   
31-Mar-19,   12:40:22   
31-Mar-19,   12:40:22   
31-Mar-19,   12:40:22   
31-Mar-19,   12:40:22   
31-Mar-19,   12:40:22   
31-Mar-19,   12:40:23   
31-Mar-19,   12:40:23   
31-Mar-19,   12:40:23   
31-Mar-19,   12:40:23   
31-Mar-19,   12:40:23   
31-Mar-19,   12:40:23   
31-Mar-19,   12:40:23   
31-Mar-19,   12:40:23   
31-Mar-19,   12:40:23   
31-Mar-19,   12:40:23   
31-Mar-19,   12:40:23   
31-Mar-19,   12:40:23   
31-Mar-19,   12:40:23   
31-Mar-19,   12:40:23   
31-Mar-19,   12:40:23   
31-Mar-19,   12:40:23   
31-Mar-19,   12:40:23   
31-Mar-19,   12:40:23   
31-Mar-19,   12:40:23   
31-Mar-19,   12:40:23   
31-Mar-19,   12:40:23   
31-Mar-19,   12:40:23   
31-Mar-19,   12:40:23   
31-Mar-19,   12:40:23   
31-Mar-19,   12:40:23   
31-Mar-19,   12:40:23   
31-Mar-19,   12:40:23   
31-Mar-19,   12:40:23   
31-Mar-19,   12:40:23   
31-Mar-19,   12:40:23   
31-Mar-19,   12:40:23   
31-Mar-19,   12:40:23   
31-Mar-19,   12:40:23   
31-Mar-19,   12:40:23   
31-Mar-19,   12:40:23   
31-Mar-19,   12:40:23   
31-Mar-19,   12:40:23   
31-Mar-19,   12:40:24   
31-Mar-19,   12:40:24   
31-Mar-19,   12:40:24   
31-Mar-19,   12:40:24   
31-Mar-19,   12:40:24   
31-Mar-19,   12:40:24   
31-Mar-19,   12:40:24   
31-Mar-19,   12:40:24   
31-Mar-19,   12:40:24   
31-Mar-19,   12:40:24   
31-Mar-19,   12:40:24   
31-Mar-19,   12:40:24   
31-Mar-19,   12:40:24   
31-Mar-19,   12:40:24   
31-Mar-19,   12:40:24   
31-Mar-19,   12:40:24   
31-Mar-19,   12:40:24   
31-Mar-19,   12:40:24   
31-Mar-19,   12:40:24   
31-Mar-19,   12:40:24   
31-Mar-19,   12:40:24   
31-Mar-19,   12:40:24   
31-Mar-19,   12:40:24   
31-Mar-19,   12:40:24   
31-Mar-19,   12:40:24   
31-Mar-19,   12:40:24   
31-Mar-19,   12:40:24   
31-Mar-19,   12:40:24   
31-Mar-19,   12:40:24   
31-Mar-19,   12:40:24   
31-Mar-19,   12:40:24   
31-Mar-19,   12:40:24   
31-Mar-19,   12:40:24   
31-Mar-19,   12:40:24   
31-Mar-19,   12:40:24   
31-Mar-19,   12:40:25   
31-Mar-19,   12:40:25   
31-Mar-19,   12:40:25   
31-Mar-19,   12:40:25   
31-Mar-19,   12:40:25   
31-Mar-19,   12:40:25   
31-Mar-19,   12:40:25   
31-Mar-19,   12:40:25   
31-Mar-19,   12:40:25   
31-Mar-19,   12:40:25   
31-Mar-19,   12:40:25   
31-Mar-19,   12:40:25   
31-Mar-19,   12:40:25   
31-Mar-19,   12:40:25   
31-Mar-19,   12:40:25   
31-Mar-19,   12:40:25   
31-Mar-19,   12:40:25   
31-Mar-19,   12:40:25   
31-Mar-19,   12:40:25   
31-Mar-19,   12:40:25   
31-Mar-19,   12:40:25   
31-Mar-19,   12:40:25   
31-Mar-19,   12:40:25   
31-Mar-19,   12:40:25   
31-Mar-19,   12:40:25   
31-Mar-19,   12:40:25   
31-Mar-19,   12:40:25   
31-Mar-19,   12:40:25   
31-Mar-19,   12:40:25   
31-Mar-19,   12:40:25   
31-Mar-19,   12:40:25   
31-Mar-19,   12:40:25   
31-Mar-19,   12:40:25   
31-Mar-19,   12:40:25   
31-Mar-19,   12:40:25   
31-Mar-19,   12:40:26   
31-Mar-19,   12:40:26   
31-Mar-19,   12:40:26   
31-Mar-19,   12:40:26   
31-Mar-19,   12:40:26   
31-Mar-19,   12:40:26   
31-Mar-19,   12:40:26   
31-Mar-19,   12:40:26   
31-Mar-19,   12:40:26   
31-Mar-19,   12:40:26   
31-Mar-19,   12:40:26   
31-Mar-19,   12:40:26   
31-Mar-19,   12:40:26   
31-Mar-19,   12:40:26   
31-Mar-19,   12:40:26   
31-Mar-19,   12:40:26   
31-Mar-19,   12:40:26   
31-Mar-19,   12:40:26   
31-Mar-19,   12:40:26   
31-Mar-19,   12:40:26   
31-Mar-19,   12:40:26   
31-Mar-19,   12:40:26   
31-Mar-19,   12:40:26   
31-Mar-19,   12:40:26   
31-Mar-19,   12:40:26   
31-Mar-19,   12:40:26   
31-Mar-19,   12:40:26   
31-Mar-19,   12:40:26   
31-Mar-19,   12:40:26   
31-Mar-19,   12:40:27   
31-Mar-19,   12:40:27   
31-Mar-19,   12:40:27   
31-Mar-19,   12:40:27   
31-Mar-19,   12:40:27   
31-Mar-19,   12:40:27   
31-Mar-19,   12:40:27   
31-Mar-19,   12:40:27   
31-Mar-19,   12:40:27   
31-Mar-19,   12:40:27   
31-Mar-19,   12:40:27   
31-Mar-19,   12:40:27   
31-Mar-19,   12:40:27   
31-Mar-19,   12:40:27   
31-Mar-19,   12:40:27   
31-Mar-19,   12:40:27   
31-Mar-19,   12:40:27   
31-Mar-19,   12:40:27   
31-Mar-19,   12:40:27   
31-Mar-19,   12:40:27   
31-Mar-19,   12:40:27   
31-Mar-19,   12:40:27   
31-Mar-19,   12:40:27   
31-Mar-19,   12:40:27   
31-Mar-19,   12:40:27   
31-Mar-19,   12:40:27   
31-Mar-19,   12:40:27   
31-Mar-19,   12:40:27   
31-Mar-19,   12:40:27   
31-Mar-19,   12:40:27   
31-Mar-19,   12:40:27   
31-Mar-19,   12:40:27   
31-Mar-19,   12:40:27   
31-Mar-19,   12:40:27   
31-Mar-19,   12:40:27   
31-Mar-19,   12:40:27   
31-Mar-19,   12:40:28   
31-Mar-19,   12:40:28   
31-Mar-19,   12:40:28   
31-Mar-19,   12:40:28   
31-Mar-19,   12:40:28   
31-Mar-19,   12:40:28   
31-Mar-19,   12:40:28   
31-Mar-19,   12:40:28   
31-Mar-19,   12:40:28   
31-Mar-19,   12:40:28   
31-Mar-19,   12:40:28   
31-Mar-19,   12:40:28   
31-Mar-19,   12:40:28   
31-Mar-19,   12:40:28   
31-Mar-19,   12:40:28   
31-Mar-19,   12:40:28   
31-Mar-19,   12:40:28   
31-Mar-19,   12:40:28   
31-Mar-19,   12:40:28   
31-Mar-19,   12:40:28   
31-Mar-19,   12:40:28   
31-Mar-19,   12:40:28   
31-Mar-19,   12:40:28   
31-Mar-19,   12:40:28   
31-Mar-19,   12:40:28   
31-Mar-19,   12:40:28   
31-Mar-19,   12:40:28   
31-Mar-19,   12:40:28   
31-Mar-19,   12:40:28   
31-Mar-19,   12:40:28   
31-Mar-19,   12:40:28   
31-Mar-19,   12:40:28   
31-Mar-19,   12:40:28   
31-Mar-19,   12:40:28   
31-Mar-19,   12:40:28   
31-Mar-19,   12:40:29   
31-Mar-19,   12:40:29   
31-Mar-19,   12:40:29   
31-Mar-19,   12:40:29   
31-Mar-19,   12:40:29   
31-Mar-19,   12:40:29   
31-Mar-19,   12:40:29   
31-Mar-19,   12:40:29   
31-Mar-19,   12:40:29   
31-Mar-19,   12:40:29   
31-Mar-19,   12:40:29   
31-Mar-19,   12:40:29   
31-Mar-19,   12:40:29   
31-Mar-19,   12:40:29   
31-Mar-19,   12:40:29   
31-Mar-19,   12:40:29   
31-Mar-19,   12:40:29   
31-Mar-19,   12:40:29   
31-Mar-19,   12:40:29   
31-Mar-19,   12:40:29   
31-Mar-19,   12:40:29   
31-Mar-19,   12:40:29   
31-Mar-19,   12:40:29   
31-Mar-19,   12:40:29   
31-Mar-19,   12:40:29   
31-Mar-19,   12:40:29   
31-Mar-19,   12:40:29   
31-Mar-19,   12:40:29   
31-Mar-19,   12:40:29   
31-Mar-19,   12:40:29   
31-Mar-19,   12:40:29   
31-Mar-19,   12:40:29   
31-Mar-19,   12:40:29   
31-Mar-19,   12:40:29   
31-Mar-19,   12:40:29   
31-Mar-19,   12:40:29   
31-Mar-19,   12:40:29   
31-Mar-19,   12:40:29   
31-Mar-19,   12:40:30   
31-Mar-19,   12:40:30   
31-Mar-19,   12:40:30   
31-Mar-19,   12:40:30   
31-Mar-19,   12:40:30   
31-Mar-19,   12:40:30   
31-Mar-19,   12:40:30   
31-Mar-19,   12:40:30   
31-Mar-19,   12:40:30   
31-Mar-19,   12:40:30   
31-Mar-19,   12:40:30   
31-Mar-19,   12:40:30   
31-Mar-19,   12:40:30   
31-Mar-19,   12:40:30   
31-Mar-19,   12:40:30   
31-Mar-19,   12:40:30   
31-Mar-19,   12:40:30   
31-Mar-19,   12:40:30   
31-Mar-19,   12:40:30   
31-Mar-19,   12:40:30   
31-Mar-19,   12:40:30   
31-Mar-19,   12:40:30   
31-Mar-19,   12:40:30   
31-Mar-19,   12:40:30   
31-Mar-19,   12:40:30   
31-Mar-19,   12:40:30   
31-Mar-19,   12:40:30   
31-Mar-19,   12:40:30   
31-Mar-19,   12:40:30   
31-Mar-19,   12:40:30   
31-Mar-19,   12:40:30   
31-Mar-19,   12:40:30   
31-Mar-19,   12:40:30   
31-Mar-19,   12:40:30   
31-Mar-19,   12:40:30   
31-Mar-19,   12:40:30   
31-Mar-19,   12:40:31   
31-Mar-19,   12:40:31   
31-Mar-19,   12:40:31   
31-Mar-19,   12:40:31   
31-Mar-19,   12:40:31   
31-Mar-19,   12:40:31   
31-Mar-19,   12:40:31   
31-Mar-19,   12:40:31   
31-Mar-19,   12:40:31   
31-Mar-19,   12:40:31   
31-Mar-19,   12:40:31   
31-Mar-19,   12:40:31   
31-Mar-19,   12:40:31   
31-Mar-19,   12:40:31   
31-Mar-19,   12:40:31   
31-Mar-19,   12:40:31   
31-Mar-19,   12:40:31   
31-Mar-19,   12:40:31   
31-Mar-19,   12:40:31   
31-Mar-19,   12:40:31   
31-Mar-19,   12:40:31   
31-Mar-19,   12:40:31   
31-Mar-19,   12:40:31   
31-Mar-19,   12:40:31   
31-Mar-19,   12:40:31   
31-Mar-19,   12:40:31   
31-Mar-19,   12:40:31   
31-Mar-19,   12:40:31   
31-Mar-19,   12:40:31   
31-Mar-19,   12:40:31   
31-Mar-19,   12:40:31   
31-Mar-19,   12:40:31   
31-Mar-19,   12:40:31   
31-Mar-19,   12:40:31   
31-Mar-19,   12:40:32   
31-Mar-19,   12:40:32   
31-Mar-19,   12:40:32   
31-Mar-19,   12:40:32   
31-Mar-19,   12:40:32   
31-Mar-19,   12:40:32   
31-Mar-19,   12:40:32   
31-Mar-19,   12:40:32   
31-Mar-19,   12:40:32   
31-Mar-19,   12:40:32   
31-Mar-19,   12:40:32   
31-Mar-19,   12:40:32   
31-Mar-19,   12:40:32   
31-Mar-19,   12:40:32   
31-Mar-19,   12:40:32   
31-Mar-19,   12:40:32   
31-Mar-19,   12:40:32   
31-Mar-19,   12:40:32   
31-Mar-19,   12:40:32   
31-Mar-19,   12:40:32   
31-Mar-19,   12:40:32   
31-Mar-19,   12:40:32   
31-Mar-19,   12:40:32   
31-Mar-19,   12:40:32   
31-Mar-19,   12:40:32   
31-Mar-19,   12:40:32   
31-Mar-19,   12:40:32   
31-Mar-19,   12:40:32   
31-Mar-19,   12:40:32   
31-Mar-19,   12:40:32   
31-Mar-19,   12:40:32   
31-Mar-19,   12:40:32   
31-Mar-19,   12:40:32   
31-Mar-19,   12:40:32   
31-Mar-19,   12:40:32   
31-Mar-19,   12:40:32   
31-Mar-19,   12:40:32   
31-Mar-19,   12:40:32   
31-Mar-19,   12:40:32   
31-Mar-19,   12:40:32   
31-Mar-19,   12:40:33   
31-Mar-19,   12:40:33   
31-Mar-19,   12:40:33   
31-Mar-19,   12:40:33   
31-Mar-19,   12:40:33   
31-Mar-19,   12:40:33   
31-Mar-19,   12:40:33   
31-Mar-19,   12:40:33   
31-Mar-19,   12:40:33   
31-Mar-19,   12:40:33   
31-Mar-19,   12:40:33   
31-Mar-19,   12:40:33   
31-Mar-19,   12:40:33   
31-Mar-19,   12:40:33   
31-Mar-19,   12:40:33   
31-Mar-19,   12:40:33   
31-Mar-19,   12:40:33   
31-Mar-19,   12:40:33   
31-Mar-19,   12:40:33   
31-Mar-19,   12:40:33   
31-Mar-19,   12:40:33   
31-Mar-19,   12:40:33   
31-Mar-19,   12:40:33   
31-Mar-19,   12:40:33   
31-Mar-19,   12:40:33   
31-Mar-19,   12:40:33   
31-Mar-19,   12:40:33   
31-Mar-19,   12:40:33   
31-Mar-19,   12:40:33   
31-Mar-19,   12:40:33   
31-Mar-19,   12:40:33   
31-Mar-19,   12:40:33   
31-Mar-19,   12:40:33   
31-Mar-19,   12:40:33   
31-Mar-19,   12:40:33   
31-Mar-19,   12:40:33   
31-Mar-19,   12:40:33   
31-Mar-19,   12:40:33   
31-Mar-19,   12:40:33   
31-Mar-19,   12:40:33   
31-Mar-19,   12:40:34   
31-Mar-19,   12:40:34   
31-Mar-19,   12:40:34   
31-Mar-19,   12:40:34   
31-Mar-19,   12:40:34   
31-Mar-19,   12:40:34   
31-Mar-19,   12:40:34   
31-Mar-19,   12:40:34   
31-Mar-19,   12:40:34   
31-Mar-19,   12:40:34   
31-Mar-19,   12:40:34   
31-Mar-19,   12:40:34   
31-Mar-19,   12:40:34   
31-Mar-19,   12:40:34   
31-Mar-19,   12:40:34   
31-Mar-19,   12:40:34   
31-Mar-19,   12:40:34   
31-Mar-19,   12:40:34   
31-Mar-19,   12:40:34   
31-Mar-19,   12:40:34   
31-Mar-19,   12:40:34   
31-Mar-19,   12:40:34   
31-Mar-19,   12:40:34   
31-Mar-19,   12:40:34   
31-Mar-19,   12:40:34   
31-Mar-19,   12:40:34   
31-Mar-19,   12:40:34   
31-Mar-19,   12:40:34   
31-Mar-19,   12:40:34   
31-Mar-19,   12:40:34   
31-Mar-19,   12:40:34   
31-Mar-19,   12:40:34   
31-Mar-19,   12:40:34   
31-Mar-19,   12:40:34   
31-Mar-19,   12:40:34   
31-Mar-19,   12:40:34   
31-Mar-19,   12:40:34   
31-Mar-19,   12:40:34   
31-Mar-19,   12:40:34   
31-Mar-19,   12:40:34   
31-Mar-19,   12:40:35   
31-Mar-19,   12:40:35   
31-Mar-19,   12:40:35   
31-Mar-19,   12:40:35   
31-Mar-19,   12:40:35   
31-Mar-19,   12:40:35   
31-Mar-19,   12:40:35   
31-Mar-19,   12:40:35   
31-Mar-19,   12:40:35   
31-Mar-19,   12:40:35   
31-Mar-19,   12:40:35   
31-Mar-19,   12:40:35   
31-Mar-19,   12:40:35   
31-Mar-19,   12:40:35   
31-Mar-19,   12:40:35   
31-Mar-19,   12:40:35   
31-Mar-19,   12:40:35   
31-Mar-19,   12:40:35   
31-Mar-19,   12:40:35   
31-Mar-19,   12:40:35   
31-Mar-19,   12:40:35   
31-Mar-19,   12:40:35   
31-Mar-19,   12:40:35   
31-Mar-19,   12:40:35   
31-Mar-19,   12:40:35   
31-Mar-19,   12:40:35   
31-Mar-19,   12:40:35   
31-Mar-19,   12:40:35   
31-Mar-19,   12:40:35   
31-Mar-19,   12:40:35   
31-Mar-19,   12:40:35   
31-Mar-19,   12:40:35   
31-Mar-19,   12:40:35   
31-Mar-19,   12:40:35   
31-Mar-19,   12:40:35   
31-Mar-19,   12:40:36   
31-Mar-19,   12:40:36   
31-Mar-19,   12:40:36   
31-Mar-19,   12:40:36   
31-Mar-19,   12:40:36   
31-Mar-19,   12:40:36   
31-Mar-19,   12:40:36   
31-Mar-19,   12:40:36   
31-Mar-19,   12:40:36   
31-Mar-19,   12:40:36   
31-Mar-19,   12:40:36   
31-Mar-19,   12:40:36   
31-Mar-19,   12:40:36   
31-Mar-19,   12:40:36   
31-Mar-19,   12:40:36   
31-Mar-19,   12:40:36   
31-Mar-19,   12:40:36   
31-Mar-19,   12:40:36   
31-Mar-19,   12:40:36   
31-Mar-19,   12:40:36   
31-Mar-19,   12:40:36   
31-Mar-19,   12:40:36   
31-Mar-19,   12:40:36   
31-Mar-19,   12:40:36   
31-Mar-19,   12:40:36   
31-Mar-19,   12:40:36   
31-Mar-19,   12:40:36   
31-Mar-19,   12:40:36   
31-Mar-19,   12:40:36   
31-Mar-19,   12:40:36   
31-Mar-19,   12:40:36   
31-Mar-19,   12:40:36   
31-Mar-19,   12:40:36   
31-Mar-19,   12:40:36   
31-Mar-19,   12:40:36   
31-Mar-19,   12:40:36   
31-Mar-19,   12:40:36   
31-Mar-19,   12:40:36   
31-Mar-19,   12:40:36   
31-Mar-19,   12:40:37   
31-Mar-19,   12:40:37   
31-Mar-19,   12:40:37   
31-Mar-19,   12:40:37   
31-Mar-19,   12:40:37   
31-Mar-19,   12:40:37   
31-Mar-19,   12:40:37   
31-Mar-19,   12:40:37   
31-Mar-19,   12:40:37   
31-Mar-19,   12:40:37   
31-Mar-19,   12:40:37   
31-Mar-19,   12:40:37   
31-Mar-19,   12:40:37   
31-Mar-19,   12:40:37   
31-Mar-19,   12:40:37   
31-Mar-19,   12:40:37   
31-Mar-19,   12:40:37   
31-Mar-19,   12:40:37   
31-Mar-19,   12:40:37   
31-Mar-19,   12:40:37   
31-Mar-19,   12:40:37   
31-Mar-19,   12:40:37   
31-Mar-19,   12:40:37   
31-Mar-19,   12:40:37   
31-Mar-19,   12:40:37   
31-Mar-19,   12:40:37   
31-Mar-19,   12:40:37   
31-Mar-19,   12:40:37   
31-Mar-19,   12:40:37   
31-Mar-19,   12:40:37   
31-Mar-19,   12:40:37   
31-Mar-19,   12:40:37   
31-Mar-19,   12:40:37   
31-Mar-19,   12:40:37   
31-Mar-19,   12:40:37   
31-Mar-19,   12:40:37   
31-Mar-19,   12:40:37   
31-Mar-19,   12:40:37   
31-Mar-19,   12:40:38   
31-Mar-19,   12:40:38   
31-Mar-19,   12:40:38   
31-Mar-19,   12:40:38   
31-Mar-19,   12:40:38   
31-Mar-19,   12:40:38   
31-Mar-19,   12:40:38   
31-Mar-19,   12:40:38   
31-Mar-19,   12:40:38   
31-Mar-19,   12:40:38   
31-Mar-19,   12:40:38   
31-Mar-19,   12:40:38   
31-Mar-19,   12:40:38   
31-Mar-19,   12:40:38   
31-Mar-19,   12:40:38   
31-Mar-19,   12:40:38   
31-Mar-19,   12:40:38   
31-Mar-19,   12:40:38   
31-Mar-19,   12:40:38   
31-Mar-19,   12:40:38   
31-Mar-19,   12:40:38   
31-Mar-19,   12:40:38   
31-Mar-19,   12:40:38   
31-Mar-19,   12:40:38   
31-Mar-19,   12:40:38   
31-Mar-19,   12:40:38   
31-Mar-19,   12:40:38   
31-Mar-19,   12:40:38   
31-Mar-19,   12:40:38   
31-Mar-19,   12:40:38   
31-Mar-19,   12:40:38   
31-Mar-19,   12:40:38   
31-Mar-19,   12:40:38   
31-Mar-19,   12:40:38   
31-Mar-19,   12:40:38   
31-Mar-19,   12:40:38   
31-Mar-19,   12:40:38   
31-Mar-19,   12:40:39   
31-Mar-19,   12:40:39   
31-Mar-19,   12:40:39   
31-Mar-19,   12:40:39   
31-Mar-19,   12:40:39   
31-Mar-19,   12:40:39   
31-Mar-19,   12:40:39   
31-Mar-19,   12:40:39   
31-Mar-19,   12:40:39   
31-Mar-19,   12:40:39   
31-Mar-19,   12:40:39   
31-Mar-19,   12:40:39   
31-Mar-19,   12:40:39   
31-Mar-19,   12:40:39   
31-Mar-19,   12:40:39   
31-Mar-19,   12:40:39   
31-Mar-19,   12:40:39   
31-Mar-19,   12:40:39   
31-Mar-19,   12:40:39   
31-Mar-19,   12:40:39   
31-Mar-19,   12:40:39   
31-Mar-19,   12:40:39   
31-Mar-19,   12:40:39   
31-Mar-19,   12:40:39   
31-Mar-19,   12:40:39   
31-Mar-19,   12:40:39   
31-Mar-19,   12:40:39   
31-Mar-19,   12:40:39   
31-Mar-19,   12:40:39   
31-Mar-19,   12:40:39   
31-Mar-19,   12:40:39   
31-Mar-19,   12:40:39   
31-Mar-19,   12:40:39   
31-Mar-19,   12:40:39   
31-Mar-19,   12:40:39   
31-Mar-19,   12:40:39   
31-Mar-19,   12:40:39   
31-Mar-19,   12:40:39   
31-Mar-19,   12:40:39   
31-Mar-19,   12:40:40   
31-Mar-19,   12:40:40   
31-Mar-19,   12:40:40   
31-Mar-19,   12:40:40   
31-Mar-19,   12:40:40   
31-Mar-19,   12:40:40   
31-Mar-19,   12:40:40   
31-Mar-19,   12:40:40   
31-Mar-19,   12:40:40   
31-Mar-19,   12:40:40   
31-Mar-19,   12:40:40   
31-Mar-19,   12:40:40   
31-Mar-19,   12:40:40   
31-Mar-19,   12:40:40   
31-Mar-19,   12:40:40   
31-Mar-19,   12:40:40   
31-Mar-19,   12:40:40   
31-Mar-19,   12:40:40   
31-Mar-19,   12:40:40   
31-Mar-19,   12:40:40   
31-Mar-19,   12:40:40   
31-Mar-19,   12:40:40   
31-Mar-19,   12:40:40   
31-Mar-19,   12:40:40   
31-Mar-19,   12:40:40   
31-Mar-19,   12:40:40   
31-Mar-19,   12:40:40   
31-Mar-19,   12:40:40   
31-Mar-19,   12:40:40   
31-Mar-19,   12:40:40   
31-Mar-19,   12:40:40   
31-Mar-19,   12:40:40   
31-Mar-19,   12:40:40   
31-Mar-19,   12:40:40   
31-Mar-19,   12:40:40   
31-Mar-19,   12:40:40   
31-Mar-19,   12:40:41   
31-Mar-19,   12:40:41   
31-Mar-19,   12:40:41   
31-Mar-19,   12:40:41   
31-Mar-19,   12:40:41   
31-Mar-19,   12:40:41   
31-Mar-19,   12:40:41   
31-Mar-19,   12:40:41   
31-Mar-19,   12:40:41   
31-Mar-19,   12:40:41   
31-Mar-19,   12:40:41   
31-Mar-19,   12:40:41   
31-Mar-19,   12:40:41   
31-Mar-19,   12:40:41   
31-Mar-19,   12:40:41   
31-Mar-19,   12:40:41   
31-Mar-19,   12:40:41   
31-Mar-19,   12:40:41   
31-Mar-19,   12:40:41   
31-Mar-19,   12:40:41   
31-Mar-19,   12:40:41   
31-Mar-19,   12:40:41   
31-Mar-19,   12:40:41   
31-Mar-19,   12:40:41   
31-Mar-19,   12:40:41   
31-Mar-19,   12:40:41   
31-Mar-19,   12:40:41   
31-Mar-19,   12:40:41   
31-Mar-19,   12:40:41   
31-Mar-19,   12:40:41   
31-Mar-19,   12:40:41   
31-Mar-19,   12:40:41   
31-Mar-19,   12:40:41   
31-Mar-19,   12:40:41   
31-Mar-19,   12:40:41   
31-Mar-19,   12:40:41   
31-Mar-19,   12:40:41   
31-Mar-19,   12:40:41   
31-Mar-19,   12:40:42   
31-Mar-19,   12:40:42   
31-Mar-19,   12:40:42   
31-Mar-19,   12:40:42   
31-Mar-19,   12:40:42   
31-Mar-19,   12:40:42   
31-Mar-19,   12:40:42   
31-Mar-19,   12:40:42   
31-Mar-19,   12:40:42   
31-Mar-19,   12:40:42   
31-Mar-19,   12:40:42   
31-Mar-19,   12:40:42   
31-Mar-19,   12:40:42   
31-Mar-19,   12:40:42   
31-Mar-19,   12:40:42   
31-Mar-19,   12:40:42   
31-Mar-19,   12:40:42   
31-Mar-19,   12:40:42   
31-Mar-19,   12:40:42   
31-Mar-19,   12:40:42   
31-Mar-19,   12:40:42   
31-Mar-19,   12:40:42   
31-Mar-19,   12:40:42   
31-Mar-19,   12:40:42   
31-Mar-19,   12:40:42   
31-Mar-19,   12:40:42   
31-Mar-19,   12:40:42   
31-Mar-19,   12:40:42   
31-Mar-19,   12:40:42   
31-Mar-19,   12:40:42   
31-Mar-19,   12:40:42   
31-Mar-19,   12:40:42   
31-Mar-19,   12:40:42   
31-Mar-19,   12:40:42   
31-Mar-19,   12:40:42   
31-Mar-19,   12:40:42   
31-Mar-19,   12:40:42   
31-Mar-19,   12:40:42   
31-Mar-19,   12:40:42   
31-Mar-19,   12:40:42   
31-Mar-19,   12:40:43   
31-Mar-19,   12:40:43   
31-Mar-19,   12:40:43   
31-Mar-19,   12:40:43   
31-Mar-19,   12:40:43   
31-Mar-19,   12:40:43   
31-Mar-19,   12:40:43   
31-Mar-19,   12:40:43   
31-Mar-19,   12:40:43   
31-Mar-19,   12:40:43   
31-Mar-19,   12:40:43   
31-Mar-19,   12:40:43   
31-Mar-19,   12:40:43   
31-Mar-19,   12:40:43   
31-Mar-19,   12:40:43   
31-Mar-19,   12:40:43   
31-Mar-19,   12:40:43   
31-Mar-19,   12:40:43   
31-Mar-19,   12:40:43   
31-Mar-19,   12:40:43   
31-Mar-19,   12:40:43   
31-Mar-19,   12:40:43   
31-Mar-19,   12:40:43   
31-Mar-19,   12:40:43   
31-Mar-19,   12:40:43   
31-Mar-19,   12:40:43   
31-Mar-19,   12:40:43   
31-Mar-19,   12:40:43   
31-Mar-19,   12:40:43   
31-Mar-19,   12:40:43   
31-Mar-19,   12:40:43   
31-Mar-19,   12:40:43   
31-Mar-19,   12:40:43   
31-Mar-19,   12:40:43   
31-Mar-19,   12:40:43   
31-Mar-19,   12:40:44   
31-Mar-19,   12:40:44   
31-Mar-19,   12:40:44   
31-Mar-19,   12:40:44   
31-Mar-19,   12:40:44   
31-Mar-19,   12:40:44   
31-Mar-19,   12:40:44   
31-Mar-19,   12:40:44   
31-Mar-19,   12:40:44   
31-Mar-19,   12:40:44   
31-Mar-19,   12:40:44   
31-Mar-19,   12:40:44   
31-Mar-19,   12:40:44   
31-Mar-19,   12:40:44   
31-Mar-19,   12:40:44   
31-Mar-19,   12:40:44   
31-Mar-19,   12:40:44   
31-Mar-19,   12:40:44   
31-Mar-19,   12:40:44   
31-Mar-19,   12:40:44   
31-Mar-19,   12:40:44   
31-Mar-19,   12:40:44   
31-Mar-19,   12:40:44   
31-Mar-19,   12:40:44   
31-Mar-19,   12:40:44   
31-Mar-19,   12:40:44   
31-Mar-19,   12:40:44   
31-Mar-19,   12:40:44   
31-Mar-19,   12:40:44   
31-Mar-19,   12:40:44   
31-Mar-19,   12:40:44   
31-Mar-19,   12:40:44   
31-Mar-19,   12:40:44   
31-Mar-19,   12:40:44   
31-Mar-19,   12:40:44   
31-Mar-19,   12:40:44   
31-Mar-19,   12:40:44   
31-Mar-19,   12:40:44   
31-Mar-19,   12:40:44   
31-Mar-19,   12:40:44   
31-Mar-19,   12:40:45   
31-Mar-19,   12:40:45   
31-Mar-19,   12:40:45   
31-Mar-19,   12:40:45   
31-Mar-19,   12:40:45   
31-Mar-19,   12:40:45   
31-Mar-19,   12:40:45   
31-Mar-19,   12:40:45   
31-Mar-19,   12:40:45   
31-Mar-19,   12:40:45   
31-Mar-19,   12:40:45   
31-Mar-19,   12:40:45   
31-Mar-19,   12:40:45   
31-Mar-19,   12:40:45   
31-Mar-19,   12:40:45   
31-Mar-19,   12:40:45   
31-Mar-19,   12:40:45   
31-Mar-19,   12:40:45   
31-Mar-19,   12:40:45   
31-Mar-19,   12:40:45   
31-Mar-19,   12:40:45   
31-Mar-19,   12:40:45   
31-Mar-19,   12:40:45   
31-Mar-19,   12:40:45   
31-Mar-19,   12:40:45   
31-Mar-19,   12:40:45   
31-Mar-19,   12:40:45   
31-Mar-19,   12:40:45   
31-Mar-19,   12:40:45   
31-Mar-19,   12:40:45   
31-Mar-19,   12:40:45   
31-Mar-19,   12:40:45   
31-Mar-19,   12:40:45   
31-Mar-19,   12:40:45   
31-Mar-19,   12:40:45   
31-Mar-19,   12:40:46   
31-Mar-19,   12:40:46   
31-Mar-19,   12:40:46   
31-Mar-19,   12:40:46   
31-Mar-19,   12:40:46   
31-Mar-19,   12:40:46   
31-Mar-19,   12:40:46   
31-Mar-19,   12:40:46   
31-Mar-19,   12:40:46   
31-Mar-19,   12:40:46   
31-Mar-19,   12:40:46   
31-Mar-19,   12:40:46   
31-Mar-19,   12:40:46   
31-Mar-19,   12:40:46   
31-Mar-19,   12:40:46   
31-Mar-19,   12:40:46   
31-Mar-19,   12:40:46   
31-Mar-19,   12:40:46   
31-Mar-19,   12:40:46   
31-Mar-19,   12:40:46   
31-Mar-19,   12:40:46   
31-Mar-19,   12:40:46   
31-Mar-19,   12:40:46   
31-Mar-19,   12:40:46   
31-Mar-19,   12:40:46   
31-Mar-19,   12:40:46   
31-Mar-19,   12:40:46   
31-Mar-19,   12:40:46   
31-Mar-19,   12:40:46   
31-Mar-19,   12:40:46   
31-Mar-19,   12:40:46   
31-Mar-19,   12:40:46   
31-Mar-19,   12:40:46   
31-Mar-19,   12:40:46   
31-Mar-19,   12:40:47   
31-Mar-19,   12:40:47   
31-Mar-19,   12:40:47   
31-Mar-19,   12:40:47   
31-Mar-19,   12:40:47   
31-Mar-19,   12:40:47   
31-Mar-19,   12:40:47   
31-Mar-19,   12:40:47   
31-Mar-19,   12:40:47   
31-Mar-19,   12:40:47   
31-Mar-19,   12:40:47   
31-Mar-19,   12:40:47   
31-Mar-19,   12:40:47   
31-Mar-19,   12:40:47   
31-Mar-19,   12:40:47   
31-Mar-19,   12:40:47   
31-Mar-19,   12:40:47   
31-Mar-19,   12:40:47   
31-Mar-19,   12:40:47   
31-Mar-19,   12:40:47   
31-Mar-19,   12:40:47   
31-Mar-19,   12:40:47   
31-Mar-19,   12:40:47   
31-Mar-19,   12:40:47   
31-Mar-19,   12:40:47   
31-Mar-19,   12:40:47   
31-Mar-19,   12:40:47   
31-Mar-19,   12:40:47   
31-Mar-19,   12:40:47   
31-Mar-19,   12:40:47   
31-Mar-19,   12:40:47   
31-Mar-19,   12:40:47   
31-Mar-19,   12:40:47   
31-Mar-19,   12:40:47   
31-Mar-19,   12:40:47   
31-Mar-19,   12:40:47   
31-Mar-19,   12:40:47   
31-Mar-19,   12:40:47   
31-Mar-19,   12:40:48   
31-Mar-19,   12:40:48   
31-Mar-19,   12:40:48   
31-Mar-19,   12:40:48   
31-Mar-19,   12:40:48   
31-Mar-19,   12:40:48   
31-Mar-19,   12:40:48   
31-Mar-19,   12:40:48   
31-Mar-19,   12:40:48   
31-Mar-19,   12:40:48   
31-Mar-19,   12:40:48   
31-Mar-19,   12:40:48   
31-Mar-19,   12:40:48   
31-Mar-19,   12:40:48   
31-Mar-19,   12:40:48   
31-Mar-19,   12:40:48   
31-Mar-19,   12:40:48   
31-Mar-19,   12:40:48   
31-Mar-19,   12:40:48   
31-Mar-19,   12:40:48   
31-Mar-19,   12:40:48   
31-Mar-19,   12:40:48   
31-Mar-19,   12:40:48   
31-Mar-19,   12:40:48   
31-Mar-19,   12:40:48   
31-Mar-19,   12:40:48   
31-Mar-19,   12:40:48   
31-Mar-19,   12:40:48   
31-Mar-19,   12:40:48   
31-Mar-19,   12:40:48   
31-Mar-19,   12:40:48   
31-Mar-19,   12:40:48   
31-Mar-19,   12:40:48   
31-Mar-19,   12:40:48   
31-Mar-19,   12:40:48   
31-Mar-19,   12:40:48   
31-Mar-19,   12:40:49   
31-Mar-19,   12:40:49   
31-Mar-19,   12:40:49   
31-Mar-19,   12:40:49   
31-Mar-19,   12:40:49   
31-Mar-19,   12:40:49   
31-Mar-19,   12:40:49   
31-Mar-19,   12:40:49   
31-Mar-19,   12:40:49   
31-Mar-19,   12:40:49   
31-Mar-19,   12:40:49   
31-Mar-19,   12:40:49   
31-Mar-19,   12:40:49   
31-Mar-19,   12:40:49   
31-Mar-19,   12:40:49   
31-Mar-19,   12:40:49   
31-Mar-19,   12:40:49   
31-Mar-19,   12:40:49   
31-Mar-19,   12:40:49   
31-Mar-19,   12:40:49   
31-Mar-19,   12:40:49   
31-Mar-19,   12:40:49   
31-Mar-19,   12:40:49   
31-Mar-19,   12:40:49   
31-Mar-19,   12:40:49   
31-Mar-19,   12:40:49   
31-Mar-19,   12:40:49   
31-Mar-19,   12:40:49   
31-Mar-19,   12:40:49   
31-Mar-19,   12:40:49   
31-Mar-19,   12:40:49   
31-Mar-19,   12:40:49   
31-Mar-19,   12:40:49   
31-Mar-19,   12:40:49   
31-Mar-19,   12:40:49   
31-Mar-19,   12:40:50   
31-Mar-19,   12:40:50   
31-Mar-19,   12:40:50   
31-Mar-19,   12:40:50   
31-Mar-19,   12:40:50   
31-Mar-19,   12:40:50   
31-Mar-19,   12:40:50   
31-Mar-19,   12:40:50   
31-Mar-19,   12:40:50   
31-Mar-19,   12:40:50   
31-Mar-19,   12:40:50   
31-Mar-19,   12:40:50   
31-Mar-19,   12:40:50   
31-Mar-19,   12:40:50   
31-Mar-19,   12:40:50   
31-Mar-19,   12:40:50   
31-Mar-19,   12:40:50   
31-Mar-19,   12:40:50   
31-Mar-19,   12:40:50   
31-Mar-19,   12:40:50   
31-Mar-19,   12:40:50   
31-Mar-19,   12:40:50   
31-Mar-19,   12:40:50   
31-Mar-19,   12:40:50   
31-Mar-19,   12:40:50   
31-Mar-19,   12:40:50   
31-Mar-19,   12:40:50   
31-Mar-19,   12:40:50   
31-Mar-19,   12:40:50   
31-Mar-19,   12:40:50   
31-Mar-19,   12:40:50   
31-Mar-19,   12:40:50   
31-Mar-19,   12:40:50   
31-Mar-19,   12:40:50   
31-Mar-19,   12:40:50   
31-Mar-19,   12:40:50   
31-Mar-19,   12:40:50   
31-Mar-19,   12:40:50   
31-Mar-19,   12:40:50   
31-Mar-19,   12:40:51   
31-Mar-19,   12:40:51   
31-Mar-19,   12:40:51   
31-Mar-19,   12:40:51   
31-Mar-19,   12:40:51   
31-Mar-19,   12:40:51   
31-Mar-19,   12:40:51   
31-Mar-19,   12:40:51   
31-Mar-19,   12:40:51   
31-Mar-19,   12:40:51   
31-Mar-19,   12:40:51   
31-Mar-19,   12:40:51   
31-Mar-19,   12:40:51   
31-Mar-19,   12:40:51   
31-Mar-19,   12:40:51   
31-Mar-19,   12:40:51   
31-Mar-19,   12:40:51   
31-Mar-19,   12:40:51   
31-Mar-19,   12:40:51   
31-Mar-19,   12:40:51   
31-Mar-19,   12:40:51   
31-Mar-19,   12:40:51   
31-Mar-19,   12:40:51   
31-Mar-19,   12:40:51   
31-Mar-19,   12:40:51   
31-Mar-19,   12:40:51   
31-Mar-19,   12:40:51   
31-Mar-19,   12:40:51   
31-Mar-19,   12:40:51   
31-Mar-19,   12:40:51   
31-Mar-19,   12:40:51   
31-Mar-19,   12:40:51   
31-Mar-19,   12:40:51   
31-Mar-19,   12:40:51   
31-Mar-19,   12:40:51   
31-Mar-19,   12:40:51   
31-Mar-19,   12:40:51   
31-Mar-19,   12:40:51   
31-Mar-19,   12:40:51   
31-Mar-19,   12:40:51   
31-Mar-19,   12:40:51   
31-Mar-19,   12:40:51   
31-Mar-19,   12:40:51   
31-Mar-19,   12:40:51   
31-Mar-19,   12:40:52   
31-Mar-19,   12:40:52   
31-Mar-19,   12:40:52   
31-Mar-19,   12:40:52   
31-Mar-19,   12:40:52   
31-Mar-19,   12:40:52   
31-Mar-19,   12:40:52   
31-Mar-19,   12:40:52   
31-Mar-19,   12:40:52   
31-Mar-19,   12:40:52   
31-Mar-19,   12:40:52   
31-Mar-19,   12:40:52   
31-Mar-19,   12:40:52   
31-Mar-19,   12:40:52   
31-Mar-19,   12:40:52   
31-Mar-19,   12:40:52   
31-Mar-19,   12:40:52   
31-Mar-19,   12:40:52   
31-Mar-19,   12:40:52   
31-Mar-19,   12:40:52   
31-Mar-19,   12:40:52   
31-Mar-19,   12:40:52   
31-Mar-19,   12:40:52   
31-Mar-19,   12:40:52   
31-Mar-19,   12:40:52   
31-Mar-19,   12:40:52   
31-Mar-19,   12:40:52   
31-Mar-19,   12:40:52   
31-Mar-19,   12:40:52   
31-Mar-19,   12:40:52   
31-Mar-19,   12:40:52   
31-Mar-19,   12:40:52   
31-Mar-19,   12:40:52   
31-Mar-19,   12:40:52   
31-Mar-19,   12:40:52   
31-Mar-19,   12:40:52   
31-Mar-19,   12:40:52   
31-Mar-19,   12:40:52   
31-Mar-19,   12:40:52   
31-Mar-19,   12:40:52   
31-Mar-19,   12:40:52   
31-Mar-19,   12:40:52   
31-Mar-19,   12:40:53   
31-Mar-19,   12:40:53   
31-Mar-19,   12:40:53   
31-Mar-19,   12:40:53   
31-Mar-19,   12:40:53   
31-Mar-19,   12:40:53   
31-Mar-19,   12:40:53   
31-Mar-19,   12:40:53   
31-Mar-19,   12:40:53   
31-Mar-19,   12:40:53   
31-Mar-19,   12:40:53   
31-Mar-19,   12:40:53   
31-Mar-19,   12:40:53   
31-Mar-19,   12:40:53   
31-Mar-19,   12:40:53   
31-Mar-19,   12:40:53   
31-Mar-19,   12:40:53   
31-Mar-19,   12:40:53   
31-Mar-19,   12:40:53   
31-Mar-19,   12:40:53   
31-Mar-19,   12:40:53   
31-Mar-19,   12:40:53   
31-Mar-19,   12:40:53   
31-Mar-19,   12:40:53   
31-Mar-19,   12:40:53   
31-Mar-19,   12:40:53   
31-Mar-19,   12:40:53   
31-Mar-19,   12:40:53   
31-Mar-19,   12:40:53   
31-Mar-19,   12:40:53   
31-Mar-19,   12:40:53   
31-Mar-19,   12:40:53   
31-Mar-19,   12:40:53   
31-Mar-19,   12:40:53   
31-Mar-19,   12:40:53   
31-Mar-19,   12:40:53   
31-Mar-19,   12:40:53   
31-Mar-19,   12:40:53   
31-Mar-19,   12:40:53   
31-Mar-19,   12:40:53   
31-Mar-19,   12:40:53   
31-Mar-19,   12:40:53   
31-Mar-19,   12:40:53   
31-Mar-19,   12:40:53   
31-Mar-19,   12:40:54   
31-Mar-19,   12:40:54   
31-Mar-19,   12:40:54   
31-Mar-19,   12:40:54   
31-Mar-19,   12:40:54   
31-Mar-19,   12:40:54   
31-Mar-19,   12:40:54   
31-Mar-19,   12:40:54   
31-Mar-19,   12:40:54   
31-Mar-19,   12:40:54   
31-Mar-19,   12:40:54   
31-Mar-19,   12:40:54   
31-Mar-19,   12:40:54   
31-Mar-19,   12:40:54   
31-Mar-19,   12:40:54   
31-Mar-19,   12:40:54   
31-Mar-19,   12:40:54   
31-Mar-19,   12:40:54   
31-Mar-19,   12:40:54   
31-Mar-19,   12:40:54   
31-Mar-19,   12:40:54   
31-Mar-19,   12:40:54   
31-Mar-19,   12:40:54   
31-Mar-19,   12:40:54   
31-Mar-19,   12:40:54   
31-Mar-19,   12:40:54   
31-Mar-19,   12:40:54   
31-Mar-19,   12:40:54   
31-Mar-19,   12:40:54   
31-Mar-19,   12:40:54   
31-Mar-19,   12:40:54   
31-Mar-19,   12:40:54   
31-Mar-19,   12:40:54   
31-Mar-19,   12:40:54   
31-Mar-19,   12:40:54   
31-Mar-19,   12:40:54   
31-Mar-19,   12:40:54   
31-Mar-19,   12:40:54   
31-Mar-19,   12:40:55   
31-Mar-19,   12:40:55   
31-Mar-19,   12:40:55   
31-Mar-19,   12:40:55   
31-Mar-19,   12:40:55   
31-Mar-19,   12:40:55   
31-Mar-19,   12:40:55   
31-Mar-19,   12:40:55   
31-Mar-19,   12:40:55   
31-Mar-19,   12:40:55   
31-Mar-19,   12:40:55   
31-Mar-19,   12:40:55   
31-Mar-19,   12:40:55   
31-Mar-19,   12:40:55   
31-Mar-19,   12:40:55   
31-Mar-19,   12:40:55   
31-Mar-19,   12:40:55   
31-Mar-19,   12:40:55   
31-Mar-19,   12:40:55   
31-Mar-19,   12:40:55   
31-Mar-19,   12:40:55   
31-Mar-19,   12:40:55   
31-Mar-19,   12:40:55   
31-Mar-19,   12:40:55   
31-Mar-19,   12:40:55   
31-Mar-19,   12:40:55   
31-Mar-19,   12:40:55   
31-Mar-19,   12:40:55   
31-Mar-19,   12:40:55   
31-Mar-19,   12:40:55   
31-Mar-19,   12:40:55   
31-Mar-19,   12:40:55   
31-Mar-19,   12:40:55   
31-Mar-19,   12:40:55   
31-Mar-19,   12:40:55   
31-Mar-19,   12:40:55   
31-Mar-19,   12:40:55   
31-Mar-19,   12:40:56   
31-Mar-19,   12:40:56   
31-Mar-19,   12:40:56   
31-Mar-19,   12:40:56   
31-Mar-19,   12:40:56   
31-Mar-19,   12:40:56   
31-Mar-19,   12:40:56   
31-Mar-19,   12:40:56   
31-Mar-19,   12:40:56   
31-Mar-19,   12:40:56   
31-Mar-19,   12:40:56   
31-Mar-19,   12:40:56   
31-Mar-19,   12:40:56   
31-Mar-19,   12:40:56   
31-Mar-19,   12:40:56   
31-Mar-19,   12:40:56   
31-Mar-19,   12:40:56   
31-Mar-19,   12:40:56   
31-Mar-19,   12:40:56   
31-Mar-19,   12:40:56   
31-Mar-19,   12:40:56   
31-Mar-19,   12:40:56   
31-Mar-19,   12:40:56   
31-Mar-19,   12:40:56   
31-Mar-19,   12:40:56   
31-Mar-19,   12:40:56   
31-Mar-19,   12:40:56   
31-Mar-19,   12:40:56   
31-Mar-19,   12:40:56   
31-Mar-19,   12:40:56   
31-Mar-19,   12:40:56   
31-Mar-19,   12:40:56   
31-Mar-19,   12:40:56   
31-Mar-19,   12:40:56   
31-Mar-19,   12:40:56   
31-Mar-19,   12:40:56   
31-Mar-19,   12:40:56   
31-Mar-19,   12:40:56   
31-Mar-19,   12:40:56   
31-Mar-19,   12:40:57   
31-Mar-19,   12:40:57   
31-Mar-19,   12:40:57   
31-Mar-19,   12:40:57   
31-Mar-19,   12:40:57   
31-Mar-19,   12:40:57   
31-Mar-19,   12:40:57   
31-Mar-19,   12:40:57   
31-Mar-19,   12:40:57   
31-Mar-19,   12:40:57   
31-Mar-19,   12:40:57   
31-Mar-19,   12:40:57   
31-Mar-19,   12:40:57   
31-Mar-19,   12:40:57   
31-Mar-19,   12:40:57   
31-Mar-19,   12:40:57   
31-Mar-19,   12:40:57   
31-Mar-19,   12:40:57   
31-Mar-19,   12:40:57   
31-Mar-19,   12:40:57   
31-Mar-19,   12:40:57   
31-Mar-19,   12:40:57   
31-Mar-19,   12:40:57   
31-Mar-19,   12:40:57   
31-Mar-19,   12:40:57   
31-Mar-19,   12:40:57   
31-Mar-19,   12:40:57   
31-Mar-19,   12:40:57   
31-Mar-19,   12:40:57   
31-Mar-19,   12:40:57   
31-Mar-19,   12:40:57   
31-Mar-19,   12:40:57   
31-Mar-19,   12:40:57   
31-Mar-19,   12:40:57   
31-Mar-19,   12:40:57   
31-Mar-19,   12:40:57   
31-Mar-19,   12:40:58   
31-Mar-19,   12:40:58   
31-Mar-19,   12:40:58   
31-Mar-19,   12:40:58   
31-Mar-19,   12:40:58   
31-Mar-19,   12:40:58   
31-Mar-19,   12:40:58   
31-Mar-19,   12:40:58   
31-Mar-19,   12:40:58   
31-Mar-19,   12:40:58   
31-Mar-19,   12:40:58   
31-Mar-19,   12:40:58   
31-Mar-19,   12:40:58   
31-Mar-19,   12:40:58   
31-Mar-19,   12:40:58   
31-Mar-19,   12:40:58   
31-Mar-19,   12:40:58   
31-Mar-19,   12:40:58   
31-Mar-19,   12:40:58   
31-Mar-19,   12:40:58   
31-Mar-19,   12:40:58   
31-Mar-19,   12:40:58   
31-Mar-19,   12:40:58   
31-Mar-19,   12:40:58   
31-Mar-19,   12:40:58   
31-Mar-19,   12:40:58   
31-Mar-19,   12:40:58   
31-Mar-19,   12:40:58   
31-Mar-19,   12:40:58   
31-Mar-19,   12:40:58   
31-Mar-19,   12:40:58   
31-Mar-19,   12:40:58   
31-Mar-19,   12:40:58   
31-Mar-19,   12:40:58   
31-Mar-19,   12:40:58   
31-Mar-19,   12:40:58   
31-Mar-19,   12:40:58   
31-Mar-19,   12:40:58   
31-Mar-19,   12:40:58   
31-Mar-19,   12:40:58   
31-Mar-19,   12:40:59   
31-Mar-19,   12:40:59   
31-Mar-19,   12:40:59   
31-Mar-19,   12:40:59   
31-Mar-19,   12:40:59   
31-Mar-19,   12:40:59   
31-Mar-19,   12:40:59   
31-Mar-19,   12:40:59   
31-Mar-19,   12:40:59   
31-Mar-19,   12:40:59   
31-Mar-19,   12:40:59   
31-Mar-19,   12:40:59   
31-Mar-19,   12:40:59   
31-Mar-19,   12:40:59   
31-Mar-19,   12:40:59   
31-Mar-19,   12:40:59   
31-Mar-19,   12:40:59   
31-Mar-19,   12:40:59   
31-Mar-19,   12:40:59   
31-Mar-19,   12:40:59   
31-Mar-19,   12:40:59   
31-Mar-19,   12:40:59   
31-Mar-19,   12:40:59   
31-Mar-19,   12:40:59   
31-Mar-19,   12:40:59   
31-Mar-19,   12:40:59   
31-Mar-19,   12:40:59   
31-Mar-19,   12:40:59   
31-Mar-19,   12:40:59   
31-Mar-19,   12:40:59   
31-Mar-19,   12:40:59   
31-Mar-19,   12:40:59   
31-Mar-19,   12:40:59   
31-Mar-19,   12:40:59   
31-Mar-19,   12:40:59   
31-Mar-19,   12:40:59   
31-Mar-19,   12:40:59   
31-Mar-19,   12:40:59   
31-Mar-19,   12:40:59   
31-Mar-19,   12:41:00   
31-Mar-19,   12:41:00   
31-Mar-19,   12:41:00   
31-Mar-19,   12:41:00   
31-Mar-19,   12:41:00   
31-Mar-19,   12:41:00   
31-Mar-19,   12:41:00   
31-Mar-19,   12:41:00   
31-Mar-19,   12:41:00   
31-Mar-19,   12:41:00   
31-Mar-19,   12:41:00   
31-Mar-19,   12:41:00   
31-Mar-19,   12:41:00   
31-Mar-19,   12:41:00   
31-Mar-19,   12:41:00   
31-Mar-19,   12:41:00   
31-Mar-19,   12:41:00   
31-Mar-19,   12:41:00   
31-Mar-19,   12:41:00   
31-Mar-19,   12:41:00   
31-Mar-19,   12:41:00   
31-Mar-19,   12:41:00   
31-Mar-19,   12:41:00   
31-Mar-19,   12:41:00   
31-Mar-19,   12:41:00   
31-Mar-19,   12:41:00   
31-Mar-19,   12:41:00   
31-Mar-19,   12:41:00   
31-Mar-19,   12:41:00   
31-Mar-19,   12:41:00   
31-Mar-19,   12:41:00   
31-Mar-19,   12:41:00   
31-Mar-19,   12:41:00   
31-Mar-19,   12:41:00   
31-Mar-19,   12:41:00   
31-Mar-19,   12:41:00   
31-Mar-19,   12:41:00   
31-Mar-19,   12:41:00   
31-Mar-19,   12:41:01   
31-Mar-19,   12:41:01   
31-Mar-19,   12:41:01   
31-Mar-19,   12:41:01   
31-Mar-19,   12:41:01   
31-Mar-19,   12:41:01   
31-Mar-19,   12:41:01   
31-Mar-19,   12:41:01   
31-Mar-19,   12:41:01   
31-Mar-19,   12:41:01   
31-Mar-19,   12:41:01   
31-Mar-19,   12:41:01   
31-Mar-19,   12:41:01   
31-Mar-19,   12:41:01   
31-Mar-19,   12:41:01   
31-Mar-19,   12:41:01   
31-Mar-19,   12:41:01   
31-Mar-19,   12:41:01   
31-Mar-19,   12:41:01   
31-Mar-19,   12:41:01   
31-Mar-19,   12:41:01   
31-Mar-19,   12:41:01   
31-Mar-19,   12:41:01   
31-Mar-19,   12:41:01   
31-Mar-19,   12:41:01   
31-Mar-19,   12:41:01   
31-Mar-19,   12:41:01   
31-Mar-19,   12:41:01   
31-Mar-19,   12:41:01   
31-Mar-19,   12:41:01   
31-Mar-19,   12:41:01   
31-Mar-19,   12:41:01   
31-Mar-19,   12:41:01   
31-Mar-19,   12:41:01   
31-Mar-19,   12:41:01   
31-Mar-19,   12:41:01   
31-Mar-19,   12:41:01   
31-Mar-19,   12:41:01   
31-Mar-19,   12:41:01   
31-Mar-19,   12:41:01   
31-Mar-19,   12:41:01   
31-Mar-19,   12:41:02   
31-Mar-19,   12:41:02   
31-Mar-19,   12:41:02   
31-Mar-19,   12:41:02   
31-Mar-19,   12:41:02   
31-Mar-19,   12:41:02   
31-Mar-19,   12:41:02   
31-Mar-19,   12:41:02   
31-Mar-19,   12:41:02   
31-Mar-19,   12:41:02   
31-Mar-19,   12:41:02   
31-Mar-19,   12:41:02   
31-Mar-19,   12:41:02   
31-Mar-19,   12:41:02   
31-Mar-19,   12:41:02   
31-Mar-19,   12:41:02   
31-Mar-19,   12:41:02   
31-Mar-19,   12:41:02   
31-Mar-19,   12:41:02   
31-Mar-19,   12:41:02   
31-Mar-19,   12:41:02   
31-Mar-19,   12:41:02   
31-Mar-19,   12:41:02   
31-Mar-19,   12:41:02   
31-Mar-19,   12:41:02   
31-Mar-19,   12:41:02   
31-Mar-19,   12:41:02   
31-Mar-19,   12:41:02   
31-Mar-19,   12:41:02   
31-Mar-19,   12:41:02   
31-Mar-19,   12:41:02   
31-Mar-19,   12:41:02   
31-Mar-19,   12:41:02   
31-Mar-19,   12:41:02   
31-Mar-19,   12:41:02   
31-Mar-19,   12:41:02   
31-Mar-19,   12:41:02   
31-Mar-19,   12:41:02   
31-Mar-19,   12:41:02   
31-Mar-19,   12:41:02   
31-Mar-19,   12:41:03   
31-Mar-19,   12:41:03   
31-Mar-19,   12:41:03   
31-Mar-19,   12:41:03   
31-Mar-19,   12:41:03   
31-Mar-19,   12:41:03   
31-Mar-19,   12:41:03   
31-Mar-19,   12:41:03   
31-Mar-19,   12:41:03   
31-Mar-19,   12:41:03   
31-Mar-19,   12:41:03   
31-Mar-19,   12:41:03   
31-Mar-19,   12:41:03   
31-Mar-19,   12:41:03   
31-Mar-19,   12:41:03   
31-Mar-19,   12:41:03   
31-Mar-19,   12:41:03   
31-Mar-19,   12:41:03   
31-Mar-19,   12:41:03   
31-Mar-19,   12:41:03   
31-Mar-19,   12:41:03   
31-Mar-19,   12:41:03   
31-Mar-19,   12:41:03   
31-Mar-19,   12:41:03   
31-Mar-19,   12:41:03   
31-Mar-19,   12:41:03   
31-Mar-19,   12:41:03   
31-Mar-19,   12:41:03   
31-Mar-19,   12:41:03   
31-Mar-19,   12:41:03   
31-Mar-19,   12:41:03   
31-Mar-19,   12:41:03   
31-Mar-19,   12:41:03   
31-Mar-19,   12:41:03   
31-Mar-19,   12:41:03   
31-Mar-19,   12:41:03   
31-Mar-19,   12:41:03   
31-Mar-19,   12:41:03   
31-Mar-19,   12:41:03   
31-Mar-19,   12:41:03   
31-Mar-19,   12:41:03   
31-Mar-19,   12:41:04   
31-Mar-19,   12:41:04   
31-Mar-19,   12:41:04   
31-Mar-19,   12:41:04   
31-Mar-19,   12:41:04   
31-Mar-19,   12:41:04   
31-Mar-19,   12:41:04   
31-Mar-19,   12:41:04   
31-Mar-19,   12:41:04   
31-Mar-19,   12:41:04   
31-Mar-19,   12:41:04   
31-Mar-19,   12:41:04   
31-Mar-19,   12:41:04   
31-Mar-19,   12:41:04   
31-Mar-19,   12:41:04   
31-Mar-19,   12:41:04   
31-Mar-19,   12:41:04   
31-Mar-19,   12:41:04   
31-Mar-19,   12:41:04   
31-Mar-19,   12:41:04   
31-Mar-19,   12:41:04   
31-Mar-19,   12:41:04   
31-Mar-19,   12:41:04   
31-Mar-19,   12:41:04   
31-Mar-19,   12:41:04   
31-Mar-19,   12:41:04   
31-Mar-19,   12:41:04   
31-Mar-19,   12:41:04   
31-Mar-19,   12:41:04   
31-Mar-19,   12:41:04   
31-Mar-19,   12:41:04   
31-Mar-19,   12:41:04   
31-Mar-19,   12:41:04   
31-Mar-19,   12:41:04   
31-Mar-19,   12:41:04   
31-Mar-19,   12:41:04   
31-Mar-19,   12:41:04   
31-Mar-19,   12:41:04   
31-Mar-19,   12:41:05   
31-Mar-19,   12:41:05   
31-Mar-19,   12:41:05   
31-Mar-19,   12:41:05   
31-Mar-19,   12:41:05   
31-Mar-19,   12:41:05   
31-Mar-19,   12:41:05   
31-Mar-19,   12:41:05   
31-Mar-19,   12:41:05   
31-Mar-19,   12:41:05   
31-Mar-19,   12:41:05   
31-Mar-19,   12:41:05   
31-Mar-19,   12:41:05   
31-Mar-19,   12:41:05   
31-Mar-19,   12:41:05   
31-Mar-19,   12:41:05   
31-Mar-19,   12:41:05   
31-Mar-19,   12:41:05   
31-Mar-19,   12:41:05   
31-Mar-19,   12:41:05   
31-Mar-19,   12:41:05   
31-Mar-19,   12:41:05   
31-Mar-19,   12:41:05   
31-Mar-19,   12:41:05   
31-Mar-19,   12:41:05   
31-Mar-19,   12:41:05   
31-Mar-19,   12:41:05   
31-Mar-19,   12:41:05   
31-Mar-19,   12:41:05   
31-Mar-19,   12:41:05   
31-Mar-19,   12:41:05   
31-Mar-19,   12:41:05   
31-Mar-19,   12:41:05   
31-Mar-19,   12:41:05   
31-Mar-19,   12:41:05   
31-Mar-19,   12:41:05   
31-Mar-19,   12:41:05   
31-Mar-19,   12:41:05   
31-Mar-19,   12:41:05   
31-Mar-19,   12:41:05   
31-Mar-19,   12:41:06   
31-Mar-19,   12:41:06   
31-Mar-19,   12:41:06   
31-Mar-19,   12:41:06   
31-Mar-19,   12:41:06   
31-Mar-19,   12:41:06   
31-Mar-19,   12:41:06   
31-Mar-19,   12:41:06   
31-Mar-19,   12:41:06   
31-Mar-19,   12:41:06   
31-Mar-19,   12:41:06   
31-Mar-19,   12:41:06   
31-Mar-19,   12:41:06   
31-Mar-19,   12:41:06   
31-Mar-19,   12:41:06   
31-Mar-19,   12:41:06   
31-Mar-19,   12:41:06   
31-Mar-19,   12:41:06   
31-Mar-19,   12:41:06   
31-Mar-19,   12:41:06   
31-Mar-19,   12:41:06   
31-Mar-19,   12:41:06   
31-Mar-19,   12:41:06   
31-Mar-19,   12:41:06   
31-Mar-19,   12:41:06   
31-Mar-19,   12:41:06   
31-Mar-19,   12:41:06   
31-Mar-19,   12:41:06   
31-Mar-19,   12:41:06   
31-Mar-19,   12:41:06   
31-Mar-19,   12:41:06   
31-Mar-19,   12:41:06   
31-Mar-19,   12:41:06   
31-Mar-19,   12:41:06   
31-Mar-19,   12:41:06   
31-Mar-19,   12:41:06   
31-Mar-19,   12:41:06   
31-Mar-19,   12:41:06   
31-Mar-19,   12:41:06   
31-Mar-19,   12:41:06   
31-Mar-19,   12:41:06   
31-Mar-19,   12:41:06   
31-Mar-19,   12:41:06   
31-Mar-19,   12:41:06   
31-Mar-19,   12:41:07   
31-Mar-19,   12:41:07   
31-Mar-19,   12:41:07   
31-Mar-19,   12:41:07   
31-Mar-19,   12:41:07   
31-Mar-19,   12:41:07   
31-Mar-19,   12:41:07   
31-Mar-19,   12:41:07   
31-Mar-19,   12:41:07   
31-Mar-19,   12:41:07   
31-Mar-19,   12:41:07   
31-Mar-19,   12:41:07   
31-Mar-19,   12:41:07   
31-Mar-19,   12:41:07   
31-Mar-19,   12:41:07   
31-Mar-19,   12:41:07   
31-Mar-19,   12:41:07   
31-Mar-19,   12:41:07   
31-Mar-19,   12:41:07   
31-Mar-19,   12:41:07   
31-Mar-19,   12:41:07   
31-Mar-19,   12:41:07   
31-Mar-19,   12:41:07   
31-Mar-19,   12:41:07   
31-Mar-19,   12:41:07   
31-Mar-19,   12:41:07   
31-Mar-19,   12:41:07   
31-Mar-19,   12:41:07   
31-Mar-19,   12:41:07   
31-Mar-19,   12:41:07   
31-Mar-19,   12:41:07   
31-Mar-19,   12:41:07   
31-Mar-19,   12:41:07   
31-Mar-19,   12:41:07   
31-Mar-19,   12:41:07   
31-Mar-19,   12:41:07   
31-Mar-19,   12:41:07   
31-Mar-19,   12:41:07   
31-Mar-19,   12:41:07   
31-Mar-19,   12:41:08   
31-Mar-19,   12:41:08   
31-Mar-19,   12:41:08   
31-Mar-19,   12:41:08   
31-Mar-19,   12:41:08   
31-Mar-19,   12:41:08   
31-Mar-19,   12:41:08   
31-Mar-19,   12:41:08   
31-Mar-19,   12:41:08   
31-Mar-19,   12:41:08   
31-Mar-19,   12:41:08   
31-Mar-19,   12:41:08   
31-Mar-19,   12:41:08   
31-Mar-19,   12:41:08   
31-Mar-19,   12:41:08   
31-Mar-19,   12:41:08   
31-Mar-19,   12:41:08   
31-Mar-19,   12:41:08   
31-Mar-19,   12:41:08   
31-Mar-19,   12:41:08   
31-Mar-19,   12:41:08   
31-Mar-19,   12:41:08   
31-Mar-19,   12:41:08   
31-Mar-19,   12:41:08   
31-Mar-19,   12:41:08   
31-Mar-19,   12:41:08   
31-Mar-19,   12:41:08   
31-Mar-19,   12:41:08   
31-Mar-19,   12:41:08   
31-Mar-19,   12:41:08   
31-Mar-19,   12:41:08   
31-Mar-19,   12:41:08   
31-Mar-19,   12:41:08   
31-Mar-19,   12:41:08   
31-Mar-19,   12:41:08   
31-Mar-19,   12:41:08   
31-Mar-19,   12:41:08   
31-Mar-19,   12:41:08   
31-Mar-19,   12:41:08   
31-Mar-19,   12:41:09   
31-Mar-19,   12:41:09   
31-Mar-19,   12:41:09   
31-Mar-19,   12:41:09   
31-Mar-19,   12:41:09   
31-Mar-19,   12:41:09   
31-Mar-19,   12:41:09   
31-Mar-19,   12:41:09   
31-Mar-19,   12:41:09   
31-Mar-19,   12:41:09   
31-Mar-19,   12:41:09   
31-Mar-19,   12:41:09   
31-Mar-19,   12:41:09   
31-Mar-19,   12:41:09   
31-Mar-19,   12:41:09   
31-Mar-19,   12:41:09   
31-Mar-19,   12:41:09   
31-Mar-19,   12:41:09   
31-Mar-19,   12:41:09   
31-Mar-19,   12:41:09   
31-Mar-19,   12:41:09   
31-Mar-19,   12:41:09   
31-Mar-19,   12:41:09   
31-Mar-19,   12:41:09   
31-Mar-19,   12:41:09   
31-Mar-19,   12:41:09   
31-Mar-19,   12:41:09   
31-Mar-19,   12:41:09   
31-Mar-19,   12:41:09   
31-Mar-19,   12:41:09   
31-Mar-19,   12:41:09   
31-Mar-19,   12:41:09   
31-Mar-19,   12:41:09   
31-Mar-19,   12:41:09   
31-Mar-19,   12:41:09   
31-Mar-19,   12:41:09   
31-Mar-19,   12:41:09   
31-Mar-19,   12:41:10   
31-Mar-19,   12:41:10   
31-Mar-19,   12:41:10   
31-Mar-19,   12:41:10   
31-Mar-19,   12:41:10   
31-Mar-19,   12:41:10   
31-Mar-19,   12:41:10   
31-Mar-19,   12:41:10   
31-Mar-19,   12:41:10   
31-Mar-19,   12:41:10   
31-Mar-19,   12:41:10   
31-Mar-19,   12:41:10   
31-Mar-19,   12:41:10   
31-Mar-19,   12:41:10   
31-Mar-19,   12:41:10   
31-Mar-19,   12:41:10   
31-Mar-19,   12:41:10   
31-Mar-19,   12:41:10   
31-Mar-19,   12:41:10   
31-Mar-19,   12:41:10   
31-Mar-19,   12:41:10   
31-Mar-19,   12:41:10   
31-Mar-19,   12:41:10   
31-Mar-19,   12:41:10   
31-Mar-19,   12:41:10   
31-Mar-19,   12:41:10   
31-Mar-19,   12:41:10   
31-Mar-19,   12:41:10   
31-Mar-19,   12:41:10   
31-Mar-19,   12:41:10   
31-Mar-19,   12:41:10   
31-Mar-19,   12:41:10   
31-Mar-19,   12:41:10   
31-Mar-19,   12:41:10   
31-Mar-19,   12:41:10   
31-Mar-19,   12:41:10   
31-Mar-19,   12:41:10   
31-Mar-19,   12:41:10   
31-Mar-19,   12:41:10   
31-Mar-19,   12:41:10   
31-Mar-19,   12:41:11   
31-Mar-19,   12:41:11   
31-Mar-19,   12:41:11   
31-Mar-19,   12:41:11   
31-Mar-19,   12:41:11   
31-Mar-19,   12:41:11   
31-Mar-19,   12:41:11   
31-Mar-19,   12:41:11   
31-Mar-19,   12:41:11   
31-Mar-19,   12:41:11   
31-Mar-19,   12:41:11   
31-Mar-19,   12:41:11   
31-Mar-19,   12:41:11   
31-Mar-19,   12:41:11   
31-Mar-19,   12:41:11   
31-Mar-19,   12:41:11   
31-Mar-19,   12:41:11   
31-Mar-19,   12:41:11   
31-Mar-19,   12:41:11   
31-Mar-19,   12:41:11   
31-Mar-19,   12:41:11   
31-Mar-19,   12:41:11   
31-Mar-19,   12:41:11   
31-Mar-19,   12:41:11   
31-Mar-19,   12:41:11   
31-Mar-19,   12:41:11   
31-Mar-19,   12:41:11   
31-Mar-19,   12:41:11   
31-Mar-19,   12:41:11   
31-Mar-19,   12:41:11   
31-Mar-19,   12:41:11   
31-Mar-19,   12:41:11   
31-Mar-19,   12:41:11   
31-Mar-19,   12:41:11   
31-Mar-19,   12:41:11   
31-Mar-19,   12:41:11   
31-Mar-19,   12:41:11   
31-Mar-19,   12:41:11   
31-Mar-19,   12:41:12   
31-Mar-19,   12:41:12   
31-Mar-19,   12:41:12   
31-Mar-19,   12:41:12   
31-Mar-19,   12:41:12   
31-Mar-19,   12:41:12   
31-Mar-19,   12:41:12   
31-Mar-19,   12:41:12   
31-Mar-19,   12:41:12   
31-Mar-19,   12:41:12   
31-Mar-19,   12:41:12   
31-Mar-19,   12:41:12   
31-Mar-19,   12:41:12   
31-Mar-19,   12:41:12   
31-Mar-19,   12:41:12   
31-Mar-19,   12:41:12   
31-Mar-19,   12:41:12   
31-Mar-19,   12:41:12   
31-Mar-19,   12:41:12   
31-Mar-19,   12:41:12   
31-Mar-19,   12:41:12   
31-Mar-19,   12:41:12   
31-Mar-19,   12:41:12   
31-Mar-19,   12:41:12   
31-Mar-19,   12:41:12   
31-Mar-19,   12:41:12   
31-Mar-19,   12:41:12   
31-Mar-19,   12:41:12   
31-Mar-19,   12:41:12   
31-Mar-19,   12:41:12   
31-Mar-19,   12:41:12   
31-Mar-19,   12:41:12   
31-Mar-19,   12:41:12   
31-Mar-19,   12:41:12   
31-Mar-19,   12:41:12   
31-Mar-19,   12:41:12   
31-Mar-19,   12:41:12   
31-Mar-19,   12:41:12   
31-Mar-19,   12:41:12   
31-Mar-19,   12:41:12   
31-Mar-19,   12:41:12   
31-Mar-19,   12:41:12   
31-Mar-19,   12:41:13   
31-Mar-19,   12:41:13   
31-Mar-19,   12:41:13   
31-Mar-19,   12:41:13   
31-Mar-19,   12:41:13   
31-Mar-19,   12:41:13   
31-Mar-19,   12:41:13   
31-Mar-19,   12:41:13   
31-Mar-19,   12:41:13   
31-Mar-19,   12:41:13   
31-Mar-19,   12:41:13   
31-Mar-19,   12:41:13   
31-Mar-19,   12:41:13   
31-Mar-19,   12:41:13   
31-Mar-19,   12:41:13   
31-Mar-19,   12:41:13   
31-Mar-19,   12:41:13   
31-Mar-19,   12:41:13   
31-Mar-19,   12:41:13   
31-Mar-19,   12:41:13   
31-Mar-19,   12:41:13   
31-Mar-19,   12:41:13   
31-Mar-19,   12:41:13   
31-Mar-19,   12:41:13   
31-Mar-19,   12:41:13   
31-Mar-19,   12:41:13   
31-Mar-19,   12:41:13   
31-Mar-19,   12:41:13   
31-Mar-19,   12:41:13   
31-Mar-19,   12:41:13   
31-Mar-19,   12:41:13   
31-Mar-19,   12:41:13   
31-Mar-19,   12:41:13   
31-Mar-19,   12:41:13   
31-Mar-19,   12:41:13   
31-Mar-19,   12:41:13   
31-Mar-19,   12:41:13   
31-Mar-19,   12:41:13   
31-Mar-19,   12:41:13   
31-Mar-19,   12:41:13   
31-Mar-19,   12:41:13   
31-Mar-19,   12:41:14   
31-Mar-19,   12:41:14   
31-Mar-19,   12:41:14   
31-Mar-19,   12:41:14   
31-Mar-19,   12:41:14   
31-Mar-19,   12:41:14   
31-Mar-19,   12:41:14   
31-Mar-19,   12:41:14   
31-Mar-19,   12:41:14   
31-Mar-19,   12:41:14   
31-Mar-19,   12:41:14   
31-Mar-19,   12:41:14   
31-Mar-19,   12:41:14   
31-Mar-19,   12:41:14   
31-Mar-19,   12:41:14   
31-Mar-19,   12:41:14   
31-Mar-19,   12:41:14   
31-Mar-19,   12:41:14   
31-Mar-19,   12:41:14   
31-Mar-19,   12:41:14   
31-Mar-19,   12:41:14   
31-Mar-19,   12:41:14   
31-Mar-19,   12:41:14   
31-Mar-19,   12:41:14   
31-Mar-19,   12:41:14   
31-Mar-19,   12:41:14   
31-Mar-19,   12:41:14   
31-Mar-19,   12:41:14   
31-Mar-19,   12:41:14   
31-Mar-19,   12:41:14   
31-Mar-19,   12:41:14   
31-Mar-19,   12:41:14   
31-Mar-19,   12:41:14   
31-Mar-19,   12:41:14   
31-Mar-19,   12:41:15   
31-Mar-19,   12:41:15   
31-Mar-19,   12:41:15   
31-Mar-19,   12:41:15   
31-Mar-19,   12:41:15   
31-Mar-19,   12:41:15   
31-Mar-19,   12:41:15   
31-Mar-19,   12:41:15   
31-Mar-19,   12:41:15   
31-Mar-19,   12:41:15   
31-Mar-19,   12:41:15   
31-Mar-19,   12:41:15   
31-Mar-19,   12:41:15   
31-Mar-19,   12:41:15   
31-Mar-19,   12:41:15   
31-Mar-19,   12:41:15   
31-Mar-19,   12:41:15   
31-Mar-19,   12:41:15   
31-Mar-19,   12:41:15   
31-Mar-19,   12:41:15   
31-Mar-19,   12:41:15   
31-Mar-19,   12:41:15   
31-Mar-19,   12:41:15   
31-Mar-19,   12:41:15   
31-Mar-19,   12:41:15   
31-Mar-19,   12:41:15   
31-Mar-19,   12:41:15   
31-Mar-19,   12:41:15   
31-Mar-19,   12:41:15   
31-Mar-19,   12:41:15   
31-Mar-19,   12:41:15   
31-Mar-19,   12:41:15   
31-Mar-19,   12:41:15   
31-Mar-19,   12:41:15   
31-Mar-19,   12:41:15   
31-Mar-19,   12:41:15   
31-Mar-19,   12:41:15   
31-Mar-19,   12:41:15   
31-Mar-19,   12:41:15   
31-Mar-19,   12:41:16   
31-Mar-19,   12:41:16   
31-Mar-19,   12:41:16   
31-Mar-19,   12:41:16   
31-Mar-19,   12:41:16   
31-Mar-19,   12:41:16   
31-Mar-19,   12:41:16   
31-Mar-19,   12:41:16   
31-Mar-19,   12:41:16   
31-Mar-19,   12:41:16   
31-Mar-19,   12:41:16   
31-Mar-19,   12:41:16   
31-Mar-19,   12:41:16   
31-Mar-19,   12:41:16   
31-Mar-19,   12:41:16   
31-Mar-19,   12:41:16   
31-Mar-19,   12:41:16   
31-Mar-19,   12:41:16   
31-Mar-19,   12:41:16   
31-Mar-19,   12:41:16   
31-Mar-19,   12:41:16   
31-Mar-19,   12:41:16   
31-Mar-19,   12:41:16   
31-Mar-19,   12:41:16   
31-Mar-19,   12:41:16   
31-Mar-19,   12:41:16   
31-Mar-19,   12:41:16   
31-Mar-19,   12:41:16   
31-Mar-19,   12:41:16   
31-Mar-19,   12:41:16   
31-Mar-19,   12:41:16   
31-Mar-19,   12:41:16   
31-Mar-19,   12:41:16   
31-Mar-19,   12:41:16   
31-Mar-19,   12:41:16   
31-Mar-19,   12:41:16   
31-Mar-19,   12:41:16   
31-Mar-19,   12:41:16   
31-Mar-19,   12:41:16   
31-Mar-19,   12:41:16   
31-Mar-19,   12:41:17   
31-Mar-19,   12:41:17   
31-Mar-19,   12:41:17   
31-Mar-19,   12:41:17   
31-Mar-19,   12:41:17   
31-Mar-19,   12:41:17   
31-Mar-19,   12:41:17   
31-Mar-19,   12:41:17   
31-Mar-19,   12:41:17   
31-Mar-19,   12:41:17   
31-Mar-19,   12:41:17   
31-Mar-19,   12:41:17   
31-Mar-19,   12:41:17   
31-Mar-19,   12:41:17   
31-Mar-19,   12:41:17   
31-Mar-19,   12:41:17   
31-Mar-19,   12:41:17   
31-Mar-19,   12:41:17   
31-Mar-19,   12:41:17   
31-Mar-19,   12:41:17   
31-Mar-19,   12:41:17   
31-Mar-19,   12:41:17   
31-Mar-19,   12:41:17   
31-Mar-19,   12:41:17   
31-Mar-19,   12:41:17   
31-Mar-19,   12:41:17   
31-Mar-19,   12:41:17   
31-Mar-19,   12:41:17   
31-Mar-19,   12:41:17   
31-Mar-19,   12:41:17   
31-Mar-19,   12:41:17   
31-Mar-19,   12:41:17   
31-Mar-19,   12:41:17   
31-Mar-19,   12:41:17   
31-Mar-19,   12:41:17   
31-Mar-19,   12:41:17   
31-Mar-19,   12:41:17   
31-Mar-19,   12:41:17   
31-Mar-19,   12:41:17   
31-Mar-19,   12:41:17   
31-Mar-19,   12:41:17   
31-Mar-19,   12:41:17   
31-Mar-19,   12:41:17   
31-Mar-19,   12:41:17   
31-Mar-19,   12:41:17   
31-Mar-19,   12:41:18   
31-Mar-19,   12:41:18   
31-Mar-19,   12:41:18   
31-Mar-19,   12:41:18   
31-Mar-19,   12:41:18   
31-Mar-19,   12:41:18   
31-Mar-19,   12:41:18   
31-Mar-19,   12:41:18   
31-Mar-19,   12:41:18   
31-Mar-19,   12:41:18   
31-Mar-19,   12:41:18   
31-Mar-19,   12:41:18   
31-Mar-19,   12:41:18   
31-Mar-19,   12:41:18   
31-Mar-19,   12:41:18   
31-Mar-19,   12:41:18   
31-Mar-19,   12:41:18   
31-Mar-19,   12:41:18   
31-Mar-19,   12:41:18   
31-Mar-19,   12:41:18   
31-Mar-19,   12:41:18   
31-Mar-19,   12:41:18   
31-Mar-19,   12:41:18   
31-Mar-19,   12:41:18   
31-Mar-19,   12:41:18   
31-Mar-19,   12:41:18   
31-Mar-19,   12:41:18   
31-Mar-19,   12:41:18   
31-Mar-19,   12:41:18   
31-Mar-19,   12:41:18   
31-Mar-19,   12:41:18   
31-Mar-19,   12:41:18   
31-Mar-19,   12:41:18   
31-Mar-19,   12:41:18   
31-Mar-19,   12:41:18   
31-Mar-19,   12:41:18   
31-Mar-19,   12:41:19   
31-Mar-19,   12:41:19   
31-Mar-19,   12:41:19   
31-Mar-19,   12:41:19   
31-Mar-19,   12:41:19   
31-Mar-19,   12:41:19   
31-Mar-19,   12:41:19   
31-Mar-19,   12:41:19   
31-Mar-19,   12:41:19   
31-Mar-19,   12:41:19   
31-Mar-19,   12:41:19   
31-Mar-19,   12:41:19   
31-Mar-19,   12:41:19   
31-Mar-19,   12:41:19   
31-Mar-19,   12:41:19   
31-Mar-19,   12:41:19   
31-Mar-19,   12:41:19   
31-Mar-19,   12:41:19   
31-Mar-19,   12:41:19   
31-Mar-19,   12:41:19   
31-Mar-19,   12:41:19   
31-Mar-19,   12:41:19   
31-Mar-19,   12:41:19   
31-Mar-19,   12:41:19   
31-Mar-19,   12:41:19   
31-Mar-19,   12:41:19   
31-Mar-19,   12:41:19   
31-Mar-19,   12:41:19   
31-Mar-19,   12:41:19   
31-Mar-19,   12:41:19   
31-Mar-19,   12:41:19   
31-Mar-19,   12:41:19   
31-Mar-19,   12:41:19   
31-Mar-19,   12:41:19   
31-Mar-19,   12:41:19   
31-Mar-19,   12:41:19   
31-Mar-19,   12:41:19   
31-Mar-19,   12:41:19   
31-Mar-19,   12:41:19   
31-Mar-19,   12:41:19   
31-Mar-19,   12:41:20   
31-Mar-19,   12:41:20   
31-Mar-19,   12:41:20   
31-Mar-19,   12:41:20   
31-Mar-19,   12:41:20   
31-Mar-19,   12:41:20   
31-Mar-19,   12:41:20   
31-Mar-19,   12:41:20   
31-Mar-19,   12:41:20   
31-Mar-19,   12:41:20   
31-Mar-19,   12:41:20   
31-Mar-19,   12:41:20   
31-Mar-19,   12:41:20   
31-Mar-19,   12:41:20   
31-Mar-19,   12:41:20   
31-Mar-19,   12:41:20   
31-Mar-19,   12:41:20   
31-Mar-19,   12:41:20   
31-Mar-19,   12:41:20   
31-Mar-19,   12:41:20   
31-Mar-19,   12:41:20   
31-Mar-19,   12:41:20   
31-Mar-19,   12:41:20   
31-Mar-19,   12:41:20   
31-Mar-19,   12:41:20   
31-Mar-19,   12:41:20   
31-Mar-19,   12:41:20   
31-Mar-19,   12:41:20   
31-Mar-19,   12:41:20   
31-Mar-19,   12:41:20   
31-Mar-19,   12:41:20   
31-Mar-19,   12:41:20   
31-Mar-19,   12:41:20   
31-Mar-19,   12:41:20   
31-Mar-19,   12:41:20   
31-Mar-19,   12:41:20   
31-Mar-19,   12:41:20   
31-Mar-19,   12:41:20   
31-Mar-19,   12:41:20   
31-Mar-19,   12:41:20   
31-Mar-19,   12:41:20   
31-Mar-19,   12:41:20   
31-Mar-19,   12:41:20   
31-Mar-19,   12:41:21   
31-Mar-19,   12:41:21   
31-Mar-19,   12:41:21   
31-Mar-19,   12:41:21   
31-Mar-19,   12:41:21   
31-Mar-19,   12:41:21   
31-Mar-19,   12:41:21   
31-Mar-19,   12:41:21   
31-Mar-19,   12:41:21   
31-Mar-19,   12:41:21   
31-Mar-19,   12:41:21   
31-Mar-19,   12:41:21   
31-Mar-19,   12:41:21   
31-Mar-19,   12:41:21   
31-Mar-19,   12:41:21   
31-Mar-19,   12:41:21   
31-Mar-19,   12:41:21   
31-Mar-19,   12:41:21   
31-Mar-19,   12:41:21   
31-Mar-19,   12:41:21   
31-Mar-19,   12:41:21   
31-Mar-19,   12:41:21   
31-Mar-19,   12:41:21   
31-Mar-19,   12:41:21   
31-Mar-19,   12:41:21   
31-Mar-19,   12:41:21   
31-Mar-19,   12:41:21   
31-Mar-19,   12:41:21   
31-Mar-19,   12:41:21   
31-Mar-19,   12:41:21   
31-Mar-19,   12:41:21   
31-Mar-19,   12:41:21   
31-Mar-19,   12:41:21   
31-Mar-19,   12:41:21   
31-Mar-19,   12:41:21   
31-Mar-19,   12:41:21   
31-Mar-19,   12:41:21   
31-Mar-19,   12:41:21   
31-Mar-19,   12:41:21   
31-Mar-19,   12:41:21   
31-Mar-19,   12:41:21   
31-Mar-19,   12:41:22   
31-Mar-19,   12:41:22   
31-Mar-19,   12:41:22   
31-Mar-19,   12:41:22   
31-Mar-19,   12:41:22   
31-Mar-19,   12:41:22   
31-Mar-19,   12:41:22   
31-Mar-19,   12:41:22   
31-Mar-19,   12:41:22   
31-Mar-19,   12:41:22   
31-Mar-19,   12:41:22   
31-Mar-19,   12:41:22   
31-Mar-19,   12:41:22   
31-Mar-19,   12:41:22   
31-Mar-19,   12:41:22   
31-Mar-19,   12:41:22   
31-Mar-19,   12:41:22   
31-Mar-19,   12:41:22   
31-Mar-19,   12:41:22   
31-Mar-19,   12:41:22   
31-Mar-19,   12:41:22   
31-Mar-19,   12:41:22   
31-Mar-19,   12:41:22   
31-Mar-19,   12:41:22   
31-Mar-19,   12:41:22   
31-Mar-19,   12:41:22   
31-Mar-19,   12:41:22   
31-Mar-19,   12:41:22   
31-Mar-19,   12:41:22   
31-Mar-19,   12:41:22   
31-Mar-19,   12:41:22   
31-Mar-19,   12:41:22   
31-Mar-19,   12:41:22   
31-Mar-19,   12:41:22   
31-Mar-19,   12:41:22   
31-Mar-19,   12:41:22   
31-Mar-19,   12:41:22   
31-Mar-19,   12:41:22   
31-Mar-19,   12:41:23   
31-Mar-19,   12:41:23   
31-Mar-19,   12:41:23   
31-Mar-19,   12:41:23   
31-Mar-19,   12:41:23   
31-Mar-19,   12:41:23   
31-Mar-19,   12:41:23   
31-Mar-19,   12:41:23   
31-Mar-19,   12:41:23   
31-Mar-19,   12:41:23   
31-Mar-19,   12:41:23   
31-Mar-19,   12:41:23   
31-Mar-19,   12:41:23   
31-Mar-19,   12:41:23   
31-Mar-19,   12:41:23   
31-Mar-19,   12:41:23   
31-Mar-19,   12:41:23   
31-Mar-19,   12:41:23   
31-Mar-19,   12:41:23   
31-Mar-19,   12:41:23   
31-Mar-19,   12:41:23   
31-Mar-19,   12:41:23   
31-Mar-19,   12:41:23   
31-Mar-19,   12:41:23   
31-Mar-19,   12:41:23   
31-Mar-19,   12:41:23   
31-Mar-19,   12:41:23   
31-Mar-19,   12:41:23   
31-Mar-19,   12:41:23   
31-Mar-19,   12:41:23   
31-Mar-19,   12:41:23   
31-Mar-19,   12:41:23   
31-Mar-19,   12:41:23   
31-Mar-19,   12:41:23   
31-Mar-19,   12:41:23   
31-Mar-19,   12:41:23   
31-Mar-19,   12:41:23   
31-Mar-19,   12:41:23   
31-Mar-19,   12:41:23   
31-Mar-19,   12:41:23   
31-Mar-19,   12:41:23   
31-Mar-19,   12:41:23   
31-Mar-19,   12:41:23   
31-Mar-19,   12:41:23   
31-Mar-19,   12:41:23   
31-Mar-19,   12:41:23   
31-Mar-19,   12:41:24   
31-Mar-19,   12:41:24   
31-Mar-19,   12:41:24   
31-Mar-19,   12:41:24   
31-Mar-19,   12:41:24   
31-Mar-19,   12:41:24   
31-Mar-19,   12:41:24   
31-Mar-19,   12:41:24   
31-Mar-19,   12:41:24   
31-Mar-19,   12:41:24   
31-Mar-19,   12:41:24   
31-Mar-19,   12:41:24   
31-Mar-19,   12:41:24   
31-Mar-19,   12:41:24   
31-Mar-19,   12:41:24   
31-Mar-19,   12:41:24   
31-Mar-19,   12:41:24   
31-Mar-19,   12:41:24   
31-Mar-19,   12:41:24   
31-Mar-19,   12:41:24   
31-Mar-19,   12:41:24   
31-Mar-19,   12:41:24   
31-Mar-19,   12:41:24   
31-Mar-19,   12:41:24   
31-Mar-19,   12:41:24   
31-Mar-19,   12:41:24   
31-Mar-19,   12:41:24   
31-Mar-19,   12:41:24   
31-Mar-19,   12:41:24   
31-Mar-19,   12:41:24   
31-Mar-19,   12:41:24   
31-Mar-19,   12:41:24   
31-Mar-19,   12:41:24   
31-Mar-19,   12:41:24   
31-Mar-19,   12:41:24   
31-Mar-19,   12:41:24   
31-Mar-19,   12:41:24   
31-Mar-19,   12:41:24   
31-Mar-19,   12:41:24   
31-Mar-19,   12:41:24   
31-Mar-19,   12:41:24   
31-Mar-19,   12:41:24   
31-Mar-19,   12:41:25   
31-Mar-19,   12:41:25   
31-Mar-19,   12:41:25   
31-Mar-19,   12:41:25   
31-Mar-19,   12:41:25   
31-Mar-19,   12:41:25   
31-Mar-19,   12:41:25   
31-Mar-19,   12:41:25   
31-Mar-19,   12:41:25   
31-Mar-19,   12:41:25   
31-Mar-19,   12:41:25   
31-Mar-19,   12:41:25   
31-Mar-19,   12:41:25   
31-Mar-19,   12:41:25   
31-Mar-19,   12:41:25   
31-Mar-19,   12:41:25   
31-Mar-19,   12:41:25   
31-Mar-19,   12:41:25   
31-Mar-19,   12:41:25   
31-Mar-19,   12:41:25   
31-Mar-19,   12:41:25   
31-Mar-19,   12:41:25   
31-Mar-19,   12:41:25   
31-Mar-19,   12:41:25   
31-Mar-19,   12:41:25   
31-Mar-19,   12:41:25   
31-Mar-19,   12:41:25   
31-Mar-19,   12:41:25   
31-Mar-19,   12:41:25   
31-Mar-19,   12:41:25   
31-Mar-19,   12:41:25   
31-Mar-19,   12:41:25   
31-Mar-19,   12:41:25   
31-Mar-19,   12:41:25   
31-Mar-19,   12:41:25   
31-Mar-19,   12:41:25   
31-Mar-19,   12:41:25   
31-Mar-19,   12:41:25   
31-Mar-19,   12:41:25   
31-Mar-19,   12:41:26   
31-Mar-19,   12:41:26   
31-Mar-19,   12:41:26   
31-Mar-19,   12:41:26   
31-Mar-19,   12:41:26   
31-Mar-19,   12:41:26   
31-Mar-19,   12:41:26   
31-Mar-19,   12:41:26   
31-Mar-19,   12:41:26   
31-Mar-19,   12:41:26   
31-Mar-19,   12:41:26   
31-Mar-19,   12:41:26   
31-Mar-19,   12:41:26   
31-Mar-19,   12:41:26   
31-Mar-19,   12:41:26   
31-Mar-19,   12:41:26   
31-Mar-19,   12:41:26   
31-Mar-19,   12:41:26   
31-Mar-19,   12:41:26   
31-Mar-19,   12:41:26   
31-Mar-19,   12:41:26   
31-Mar-19,   12:41:26   
31-Mar-19,   12:41:26   
31-Mar-19,   12:41:26   
31-Mar-19,   12:41:26   
31-Mar-19,   12:41:26   
31-Mar-19,   12:41:26   
31-Mar-19,   12:41:26   
31-Mar-19,   12:41:26   
31-Mar-19,   12:41:26   
31-Mar-19,   12:41:26   
31-Mar-19,   12:41:26   
31-Mar-19,   12:41:26   
31-Mar-19,   12:41:26   
31-Mar-19,   12:41:26   
31-Mar-19,   12:41:26   
31-Mar-19,   12:41:26   
31-Mar-19,   12:41:27   
31-Mar-19,   12:41:27   
31-Mar-19,   12:41:27   
31-Mar-19,   12:41:27   
31-Mar-19,   12:41:27   
31-Mar-19,   12:41:27   
31-Mar-19,   12:41:27   
31-Mar-19,   12:41:27   
31-Mar-19,   12:41:27   
31-Mar-19,   12:41:27   
31-Mar-19,   12:41:27   
31-Mar-19,   12:41:27   
31-Mar-19,   12:41:27   
31-Mar-19,   12:41:27   
31-Mar-19,   12:41:27   
31-Mar-19,   12:41:27   
31-Mar-19,   12:41:27   
31-Mar-19,   12:41:27   
31-Mar-19,   12:41:27   
31-Mar-19,   12:41:27   
31-Mar-19,   12:41:27   
31-Mar-19,   12:41:27   
31-Mar-19,   12:41:27   
31-Mar-19,   12:41:27   
31-Mar-19,   12:41:27   
31-Mar-19,   12:41:27   
31-Mar-19,   12:41:27   
31-Mar-19,   12:41:27   
31-Mar-19,   12:41:27   
31-Mar-19,   12:41:27   
31-Mar-19,   12:41:27   
31-Mar-19,   12:41:27   
31-Mar-19,   12:41:27   
31-Mar-19,   12:41:27   
31-Mar-19,   12:41:27   
31-Mar-19,   12:41:27   
31-Mar-19,   12:41:27   
31-Mar-19,   12:41:27   
31-Mar-19,   12:41:27   
31-Mar-19,   12:41:27   
31-Mar-19,   12:41:27   
31-Mar-19,   12:41:27   
31-Mar-19,   12:41:27   
31-Mar-19,   12:41:27   
31-Mar-19,   12:41:27   
31-Mar-19,   12:41:27   
31-Mar-19,   12:41:28   
31-Mar-19,   12:41:28   
31-Mar-19,   12:41:28   
31-Mar-19,   12:41:28   
31-Mar-19,   12:41:28   
31-Mar-19,   12:41:28   
31-Mar-19,   12:41:28   
31-Mar-19,   12:41:28   
31-Mar-19,   12:41:28   
31-Mar-19,   12:41:28   
31-Mar-19,   12:41:28   
31-Mar-19,   12:41:28   
31-Mar-19,   12:41:28   
31-Mar-19,   12:41:28   
31-Mar-19,   12:41:28   
31-Mar-19,   12:41:28   
31-Mar-19,   12:41:28   
31-Mar-19,   12:41:28   
31-Mar-19,   12:41:28   
31-Mar-19,   12:41:28   
31-Mar-19,   12:41:28   
31-Mar-19,   12:41:28   
31-Mar-19,   12:41:28   
31-Mar-19,   12:41:28   
31-Mar-19,   12:41:28   
31-Mar-19,   12:41:28   
31-Mar-19,   12:41:28   
31-Mar-19,   12:41:28   
31-Mar-19,   12:41:28   
31-Mar-19,   12:41:28   
31-Mar-19,   12:41:28   
31-Mar-19,   12:41:28   
31-Mar-19,   12:41:28   
31-Mar-19,   12:41:28   
31-Mar-19,   12:41:28   
31-Mar-19,   12:41:28   
31-Mar-19,   12:41:28   
31-Mar-19,   12:41:28   
31-Mar-19,   12:41:28   
31-Mar-19,   12:41:28   
31-Mar-19,   12:41:28   
31-Mar-19,   12:41:28   
31-Mar-19,   12:41:28   
31-Mar-19,   12:41:28   
31-Mar-19,   12:41:29   
31-Mar-19,   12:41:29   
31-Mar-19,   12:41:29   
31-Mar-19,   12:41:29   
31-Mar-19,   12:41:29   
31-Mar-19,   12:41:29   
31-Mar-19,   12:41:29   
31-Mar-19,   12:41:29   
31-Mar-19,   12:41:29   
31-Mar-19,   12:41:29   
31-Mar-19,   12:41:29   
31-Mar-19,   12:41:29   
31-Mar-19,   12:41:29   
31-Mar-19,   12:41:29   
31-Mar-19,   12:41:29   
31-Mar-19,   12:41:29   
31-Mar-19,   12:41:29   
31-Mar-19,   12:41:29   
31-Mar-19,   12:41:29   
31-Mar-19,   12:41:29   
31-Mar-19,   12:41:29   
31-Mar-19,   12:41:29   
31-Mar-19,   12:41:29   
31-Mar-19,   12:41:29   
31-Mar-19,   12:41:29   
31-Mar-19,   12:41:29   
31-Mar-19,   12:41:29   
31-Mar-19,   12:41:29   
31-Mar-19,   12:41:29   
31-Mar-19,   12:41:29   
31-Mar-19,   12:41:29   
31-Mar-19,   12:41:29   
31-Mar-19,   12:41:29   
31-Mar-19,   12:41:29   
31-Mar-19,   12:41:29   
31-Mar-19,   12:41:29   
31-Mar-19,   12:41:29   
31-Mar-19,   12:41:29   
31-Mar-19,   12:41:29   
31-Mar-19,   12:41:29   
31-Mar-19,   12:41:29   
31-Mar-19,   12:41:29   
31-Mar-19,   12:41:29   
31-Mar-19,   12:41:29   
31-Mar-19,   12:41:29   
31-Mar-19,   12:41:29   
31-Mar-19,   12:41:29   
31-Mar-19,   12:41:29   
31-Mar-19,   12:41:30   
31-Mar-19,   12:41:30   
31-Mar-19,   12:41:30   
31-Mar-19,   12:41:30   
31-Mar-19,   12:41:30   
31-Mar-19,   12:41:30   
31-Mar-19,   12:41:30   
31-Mar-19,   12:41:30   
31-Mar-19,   12:41:30   
31-Mar-19,   12:41:30   
31-Mar-19,   12:41:30   
31-Mar-19,   12:41:30   
31-Mar-19,   12:41:30   
31-Mar-19,   12:41:30   
31-Mar-19,   12:41:30   
31-Mar-19,   12:41:30   
31-Mar-19,   12:41:30   
31-Mar-19,   12:41:30   
31-Mar-19,   12:41:30   
31-Mar-19,   12:41:30   
31-Mar-19,   12:41:30   
31-Mar-19,   12:41:30   
31-Mar-19,   12:41:30   
31-Mar-19,   12:41:30   
31-Mar-19,   12:41:30   
31-Mar-19,   12:41:30   
31-Mar-19,   12:41:30   
31-Mar-19,   12:41:30   
31-Mar-19,   12:41:30   
31-Mar-19,   12:41:30   
31-Mar-19,   12:41:30   
31-Mar-19,   12:41:30   
31-Mar-19,   12:41:30   
31-Mar-19,   12:41:30   
31-Mar-19,   12:41:30   
31-Mar-19,   12:41:30   
31-Mar-19,   12:41:30   
31-Mar-19,   12:41:30   
31-Mar-19,   12:41:30   
31-Mar-19,   12:41:30   
31-Mar-19,   12:41:30   
31-Mar-19,   12:41:30   
31-Mar-19,   12:41:30   
31-Mar-19,   12:41:30   
31-Mar-19,   12:41:30   
31-Mar-19,   12:41:30   
31-Mar-19,   12:41:31   
31-Mar-19,   12:41:31   
31-Mar-19,   12:41:31   
31-Mar-19,   12:41:31   
31-Mar-19,   12:41:31   
31-Mar-19,   12:41:31   
31-Mar-19,   12:41:31   
31-Mar-19,   12:41:31   
31-Mar-19,   12:41:31   
31-Mar-19,   12:41:31   
31-Mar-19,   12:41:31   
31-Mar-19,   12:41:31   
31-Mar-19,   12:41:31   
31-Mar-19,   12:41:31   
31-Mar-19,   12:41:31   
31-Mar-19,   12:41:31   
31-Mar-19,   12:41:31   
31-Mar-19,   12:41:31   
31-Mar-19,   12:41:31   
31-Mar-19,   12:41:31   
31-Mar-19,   12:41:31   
31-Mar-19,   12:41:31   
31-Mar-19,   12:41:31   
31-Mar-19,   12:41:31   
31-Mar-19,   12:41:31   
31-Mar-19,   12:41:31   
31-Mar-19,   12:41:31   
31-Mar-19,   12:41:31   
31-Mar-19,   12:41:31   
31-Mar-19,   12:41:31   
31-Mar-19,   12:41:31   
31-Mar-19,   12:41:31   
31-Mar-19,   12:41:31   
31-Mar-19,   12:41:31   
31-Mar-19,   12:41:31   
31-Mar-19,   12:41:31   
31-Mar-19,   12:41:31   
31-Mar-19,   12:41:31   
31-Mar-19,   12:41:31   
31-Mar-19,   12:41:31   
31-Mar-19,   12:41:31   
31-Mar-19,   12:41:31   
31-Mar-19,   12:41:31   
31-Mar-19,   12:41:31   
31-Mar-19,   12:41:31   
31-Mar-19,   12:41:32   
31-Mar-19,   12:41:32   
31-Mar-19,   12:41:32   
31-Mar-19,   12:41:32   
31-Mar-19,   12:41:32   
31-Mar-19,   12:41:32   
31-Mar-19,   12:41:32   
31-Mar-19,   12:41:32   
31-Mar-19,   12:41:32   
31-Mar-19,   12:41:32   
31-Mar-19,   12:41:32   
31-Mar-19,   12:41:32   
31-Mar-19,   12:41:32   
31-Mar-19,   12:41:32   
31-Mar-19,   12:41:32   
31-Mar-19,   12:41:32   
31-Mar-19,   12:41:32   
31-Mar-19,   12:41:32   
31-Mar-19,   12:41:32   
31-Mar-19,   12:41:32   
31-Mar-19,   12:41:32   
31-Mar-19,   12:41:32   
31-Mar-19,   12:41:32   
31-Mar-19,   12:41:32   
31-Mar-19,   12:41:32   
31-Mar-19,   12:41:32   
31-Mar-19,   12:41:32   
31-Mar-19,   12:41:32   
31-Mar-19,   12:41:32   
31-Mar-19,   12:41:32   
31-Mar-19,   12:41:32   
31-Mar-19,   12:41:32   
31-Mar-19,   12:41:32   
31-Mar-19,   12:41:32   
31-Mar-19,   12:44:41   
31-Mar-19,   12:44:41   
31-Mar-19,   12:44:41   
31-Mar-19,   12:44:41   
31-Mar-19,   12:44:41   
31-Mar-19,   12:44:41   
31-Mar-19,   12:44:41   
31-Mar-19,   12:44:41   
31-Mar-19,   12:44:41   
31-Mar-19,   12:44:41   
31-Mar-19,   12:44:41   
31-Mar-19,   12:44:41   
31-Mar-19,   12:44:41   
31-Mar-19,   12:44:41   
31-Mar-19,   12:44:41   
31-Mar-19,   12:44:41   
31-Mar-19,   12:44:41   
31-Mar-19,   12:44:41   
31-Mar-19,   12:44:41   
31-Mar-19,   12:44:41   
31-Mar-19,   12:44:41   
31-Mar-19,   12:44:41   
31-Mar-19,   12:44:41   
31-Mar-19,   12:44:41   
31-Mar-19,   12:44:41   
31-Mar-19,   12:44:42   
31-Mar-19,   12:44:42   
31-Mar-19,   12:44:42   
31-Mar-19,   12:44:42   
31-Mar-19,   12:44:42   
31-Mar-19,   12:44:42   
31-Mar-19,   12:44:42   
31-Mar-19,   12:44:42   
31-Mar-19,   12:44:42   
31-Mar-19,   12:44:42   
31-Mar-19,   12:44:42   
31-Mar-19,   12:44:42   
31-Mar-19,   12:44:42   
31-Mar-19,   12:44:42   
31-Mar-19,   12:44:42   
31-Mar-19,   12:44:42   
31-Mar-19,   12:44:42   
31-Mar-19,   12:44:42   
31-Mar-19,   12:44:42   
31-Mar-19,   12:44:42   
31-Mar-19,   12:44:42   
31-Mar-19,   12:44:42   
31-Mar-19,   12:44:42   
31-Mar-19,   12:44:42   
31-Mar-19,   12:44:42   
31-Mar-19,   12:44:42   
31-Mar-19,   12:44:42   
31-Mar-19,   12:44:42   
31-Mar-19,   12:44:42   
31-Mar-19,   12:44:42   
31-Mar-19,   12:44:42   
31-Mar-19,   12:44:42   
31-Mar-19,   12:44:42   
31-Mar-19,   12:44:42   
31-Mar-19,   12:44:42   
31-Mar-19,   12:44:42   
31-Mar-19,   12:44:42   
31-Mar-19,   12:44:42   
31-Mar-19,   12:44:42   
31-Mar-19,   12:44:42   
31-Mar-19,   12:44:42   
31-Mar-19,   12:44:42   
31-Mar-19,   12:44:42   
31-Mar-19,   12:44:42   
31-Mar-19,   12:44:42   
31-Mar-19,   12:44:42   
31-Mar-19,   12:44:42   
31-Mar-19,   12:44:42   
31-Mar-19,   12:44:42   
31-Mar-19,   12:44:42   
31-Mar-19,   12:44:42   
31-Mar-19,   12:44:42   
31-Mar-19,   12:44:42   
31-Mar-19,   12:44:42   
31-Mar-19,   12:44:42   
31-Mar-19,   12:44:42   
31-Mar-19,   12:44:42   
31-Mar-19,   12:44:42   
31-Mar-19,   12:44:43   
31-Mar-19,   12:44:43   
31-Mar-19,   12:44:43   
31-Mar-19,   12:44:43   
31-Mar-19,   12:44:43   
31-Mar-19,   12:44:43   
31-Mar-19,   12:44:43   
31-Mar-19,   12:44:43   
31-Mar-19,   12:44:43   
31-Mar-19,   12:44:43   
31-Mar-19,   12:44:43   
31-Mar-19,   12:44:43   
31-Mar-19,   12:44:43   
31-Mar-19,   12:44:43   
31-Mar-19,   12:44:43   
31-Mar-19,   12:44:43   
31-Mar-19,   12:44:43   
31-Mar-19,   12:44:43   
31-Mar-19,   12:44:43   
31-Mar-19,   12:44:43   
31-Mar-19,   12:44:43   
31-Mar-19,   12:44:43   
31-Mar-19,   12:44:43   
31-Mar-19,   12:44:43   
31-Mar-19,   12:44:43   
31-Mar-19,   12:44:43   
31-Mar-19,   12:44:43   
31-Mar-19,   12:44:43   
31-Mar-19,   12:44:43   
31-Mar-19,   12:44:43   
31-Mar-19,   12:44:43   
31-Mar-19,   12:44:43   
31-Mar-19,   12:44:43   
31-Mar-19,   12:44:43   
31-Mar-19,   12:44:43   
31-Mar-19,   12:44:43   
31-Mar-19,   12:44:43   
31-Mar-19,   12:44:43   
31-Mar-19,   12:44:43   
31-Mar-19,   12:44:43   
31-Mar-19,   12:44:43   
31-Mar-19,   12:44:43   
31-Mar-19,   12:44:43   
31-Mar-19,   12:44:43   
31-Mar-19,   12:44:43   
31-Mar-19,   12:44:43   
31-Mar-19,   12:44:43   
31-Mar-19,   12:44:43   
31-Mar-19,   12:44:43   
31-Mar-19,   12:44:43   
31-Mar-19,   12:44:43   
31-Mar-19,   12:44:43   
31-Mar-19,   12:44:43   
31-Mar-19,   12:44:43   
31-Mar-19,   12:44:43   
31-Mar-19,   12:44:43   
31-Mar-19,   12:44:43   
31-Mar-19,   12:44:43   
31-Mar-19,   12:44:43   
31-Mar-19,   12:44:43   
31-Mar-19,   12:44:43   
31-Mar-19,   12:44:43   
31-Mar-19,   12:44:43   
31-Mar-19,   12:44:43   
31-Mar-19,   12:44:43   
31-Mar-19,   12:44:43   
31-Mar-19,   12:44:43   
31-Mar-19,   12:44:44   
31-Mar-19,   12:44:44   
31-Mar-19,   12:44:44   
31-Mar-19,   12:44:44   
31-Mar-19,   12:44:44   
31-Mar-19,   12:44:44   
31-Mar-19,   12:44:44   
31-Mar-19,   12:44:44   
31-Mar-19,   12:44:44   
31-Mar-19,   12:44:44   
31-Mar-19,   12:44:44   
31-Mar-19,   12:44:44   
31-Mar-19,   12:44:44   
31-Mar-19,   12:44:44   
31-Mar-19,   12:44:44   
31-Mar-19,   12:44:44   
31-Mar-19,   12:44:44   
31-Mar-19,   12:44:44   
31-Mar-19,   12:44:44   
31-Mar-19,   12:44:44   
31-Mar-19,   12:44:44   
31-Mar-19,   12:44:44   
31-Mar-19,   12:44:44   
31-Mar-19,   12:44:44   
31-Mar-19,   12:44:44   
31-Mar-19,   12:44:44   
31-Mar-19,   12:44:44   
31-Mar-19,   12:44:44   
31-Mar-19,   12:44:44   
31-Mar-19,   12:44:44   
31-Mar-19,   12:44:44   
31-Mar-19,   12:44:44   
31-Mar-19,   12:44:44   
31-Mar-19,   12:44:44   
31-Mar-19,   12:44:44   
31-Mar-19,   12:44:44   
31-Mar-19,   12:44:44   
31-Mar-19,   12:44:44   
31-Mar-19,   12:44:44   
31-Mar-19,   12:44:44   
31-Mar-19,   12:44:44   
31-Mar-19,   12:44:44   
31-Mar-19,   12:44:44   
31-Mar-19,   12:44:44   
31-Mar-19,   12:44:44   
31-Mar-19,   12:44:44   
31-Mar-19,   12:44:44   
31-Mar-19,   12:44:44   
31-Mar-19,   12:44:44   
31-Mar-19,   12:44:44   
31-Mar-19,   12:44:44   
31-Mar-19,   12:44:44   
31-Mar-19,   12:44:44   
31-Mar-19,   12:44:44   
31-Mar-19,   12:44:44   
31-Mar-19,   12:44:44   
31-Mar-19,   12:44:44   
31-Mar-19,   12:44:44   
31-Mar-19,   12:44:44   
31-Mar-19,   12:44:44   
31-Mar-19,   12:44:44   
31-Mar-19,   12:44:44   
31-Mar-19,   12:44:44   
31-Mar-19,   12:44:45   
31-Mar-19,   12:44:45   
31-Mar-19,   12:44:45   
31-Mar-19,   12:44:45   
31-Mar-19,   12:44:45   
31-Mar-19,   12:44:45   
31-Mar-19,   12:44:45   
31-Mar-19,   12:44:45   
31-Mar-19,   12:44:45   
31-Mar-19,   12:44:45   
31-Mar-19,   12:44:45   
31-Mar-19,   12:44:45   
31-Mar-19,   12:44:45   
31-Mar-19,   12:44:45   
31-Mar-19,   12:44:45   
31-Mar-19,   12:44:45   
31-Mar-19,   12:44:45   
31-Mar-19,   12:44:45   
31-Mar-19,   12:44:45   
31-Mar-19,   12:44:45   
31-Mar-19,   12:44:45   
31-Mar-19,   12:44:45   
31-Mar-19,   12:44:45   
31-Mar-19,   12:44:45   
31-Mar-19,   12:44:45   
31-Mar-19,   12:44:45   
31-Mar-19,   12:44:45   
31-Mar-19,   12:44:45   
31-Mar-19,   12:44:45   
31-Mar-19,   12:44:45   
31-Mar-19,   12:44:45   
31-Mar-19,   12:44:45   
31-Mar-19,   12:44:45   
31-Mar-19,   12:44:45   
31-Mar-19,   12:44:45   
31-Mar-19,   12:44:45   
31-Mar-19,   12:44:45   
31-Mar-19,   12:44:45   
31-Mar-19,   12:44:45   
31-Mar-19,   12:44:45   
31-Mar-19,   12:44:45   
31-Mar-19,   12:44:45   
31-Mar-19,   12:44:45   
31-Mar-19,   12:44:45   
31-Mar-19,   12:44:45   
31-Mar-19,   12:44:45   
31-Mar-19,   12:44:45   
31-Mar-19,   12:44:45   
31-Mar-19,   12:44:45   
31-Mar-19,   12:44:45   
31-Mar-19,   12:44:45   
31-Mar-19,   12:44:45   
31-Mar-19,   12:44:45   
31-Mar-19,   12:44:45   
31-Mar-19,   12:44:45   
31-Mar-19,   12:44:45   
31-Mar-19,   12:44:45   
31-Mar-19,   12:44:45   
31-Mar-19,   12:44:45   
31-Mar-19,   12:44:45   
31-Mar-19,   12:44:45   
31-Mar-19,   12:44:45   
31-Mar-19,   12:44:45   
31-Mar-19,   12:44:45   
31-Mar-19,   12:44:45   
31-Mar-19,   12:44:45   
31-Mar-19,   12:44:45   
31-Mar-19,   12:44:46   
31-Mar-19,   12:44:46   
31-Mar-19,   12:44:46   
31-Mar-19,   12:44:46   
31-Mar-19,   12:44:46   
31-Mar-19,   12:44:46   
31-Mar-19,   12:44:46   
31-Mar-19,   12:44:46   
31-Mar-19,   12:44:46   
31-Mar-19,   12:44:46   
31-Mar-19,   12:44:46   
31-Mar-19,   12:44:46   
31-Mar-19,   12:44:46   
31-Mar-19,   12:44:46   
31-Mar-19,   12:44:46   
31-Mar-19,   12:44:46   
31-Mar-19,   12:44:46   
31-Mar-19,   12:44:46   
31-Mar-19,   12:44:46   
31-Mar-19,   12:44:46   
31-Mar-19,   12:44:46   
31-Mar-19,   12:44:46   
31-Mar-19,   12:44:46   
31-Mar-19,   12:44:46   
31-Mar-19,   12:44:46   
31-Mar-19,   12:44:46   
31-Mar-19,   12:44:46   
31-Mar-19,   12:44:46   
31-Mar-19,   12:44:46   
31-Mar-19,   12:44:46   
31-Mar-19,   12:44:46   
31-Mar-19,   12:44:46   
31-Mar-19,   12:44:46   
31-Mar-19,   12:44:46   
31-Mar-19,   12:44:46   
31-Mar-19,   12:44:46   
31-Mar-19,   12:44:46   
31-Mar-19,   12:44:46   
31-Mar-19,   12:44:46   
31-Mar-19,   12:44:46   
31-Mar-19,   12:44:46   
31-Mar-19,   12:44:46   
31-Mar-19,   12:44:46   
31-Mar-19,   12:44:46   
31-Mar-19,   12:44:46   
31-Mar-19,   12:44:46   
31-Mar-19,   12:44:46   
31-Mar-19,   12:44:46   
31-Mar-19,   12:44:46   
31-Mar-19,   12:44:46   
31-Mar-19,   12:44:46   
31-Mar-19,   12:44:46   
31-Mar-19,   12:44:46   
31-Mar-19,   12:44:46   
31-Mar-19,   12:44:46   
31-Mar-19,   12:44:46   
31-Mar-19,   12:44:46   
31-Mar-19,   12:44:46   
31-Mar-19,   12:44:46   
31-Mar-19,   12:44:46   
31-Mar-19,   12:44:46   
31-Mar-19,   12:44:46   
31-Mar-19,   12:44:47   
31-Mar-19,   12:44:47   
31-Mar-19,   12:44:47   
31-Mar-19,   12:44:47   
31-Mar-19,   12:44:47   
31-Mar-19,   12:44:47   
31-Mar-19,   12:44:47   
31-Mar-19,   12:44:47   
31-Mar-19,   12:44:47   
31-Mar-19,   12:44:47   
31-Mar-19,   12:44:47   
31-Mar-19,   12:44:47   
31-Mar-19,   12:44:47   
31-Mar-19,   12:44:47   
31-Mar-19,   12:44:47   
31-Mar-19,   12:44:47   
31-Mar-19,   12:44:47   
31-Mar-19,   12:44:47   
31-Mar-19,   12:44:47   
31-Mar-19,   12:44:47   
31-Mar-19,   12:44:47   
31-Mar-19,   12:44:47   
31-Mar-19,   12:44:47   
31-Mar-19,   12:44:47   
31-Mar-19,   12:44:47   
31-Mar-19,   12:44:47   
31-Mar-19,   12:44:47   
31-Mar-19,   12:44:47   
31-Mar-19,   12:44:47   
31-Mar-19,   12:44:47   
31-Mar-19,   12:44:47   
31-Mar-19,   12:44:47   
31-Mar-19,   12:44:47   
31-Mar-19,   12:44:47   
31-Mar-19,   12:44:47   
31-Mar-19,   12:44:47   
31-Mar-19,   12:44:47   
31-Mar-19,   12:44:47   
31-Mar-19,   12:44:47   
31-Mar-19,   12:44:47   
31-Mar-19,   12:44:47   
31-Mar-19,   12:44:47   
31-Mar-19,   12:44:47   
31-Mar-19,   12:44:47   
31-Mar-19,   12:44:47   
31-Mar-19,   12:44:47   
31-Mar-19,   12:44:47   
31-Mar-19,   12:44:47   
31-Mar-19,   12:44:47   
31-Mar-19,   12:44:47   
31-Mar-19,   12:44:47   
31-Mar-19,   12:44:47   
31-Mar-19,   12:44:47   
31-Mar-19,   12:44:47   
31-Mar-19,   12:44:47   
31-Mar-19,   12:44:47   
31-Mar-19,   12:44:47   
31-Mar-19,   12:44:47   
31-Mar-19,   12:44:47   
31-Mar-19,   12:44:47   
31-Mar-19,   12:44:47   
31-Mar-19,   12:44:47   
31-Mar-19,   12:44:47   
31-Mar-19,   12:44:48   
31-Mar-19,   12:44:48   
31-Mar-19,   12:44:48   
31-Mar-19,   12:44:48   
31-Mar-19,   12:44:48   
31-Mar-19,   12:44:48   
31-Mar-19,   12:44:48   
31-Mar-19,   12:44:48   
31-Mar-19,   12:44:48   
31-Mar-19,   12:44:48   
31-Mar-19,   12:44:48   
31-Mar-19,   12:44:48   
31-Mar-19,   12:44:48   
31-Mar-19,   12:44:48   
31-Mar-19,   12:44:48   
31-Mar-19,   12:44:48   
31-Mar-19,   12:44:48   
31-Mar-19,   12:44:48   
31-Mar-19,   12:44:48   
31-Mar-19,   12:44:48   
31-Mar-19,   12:44:48   
31-Mar-19,   12:44:48   
31-Mar-19,   12:44:48   
31-Mar-19,   12:44:48   
31-Mar-19,   12:44:48   
31-Mar-19,   12:44:48   
31-Mar-19,   12:44:48   
31-Mar-19,   12:44:48   
31-Mar-19,   12:44:48   
31-Mar-19,   12:44:48   
31-Mar-19,   12:44:48   
31-Mar-19,   12:44:48   
31-Mar-19,   12:44:48   
31-Mar-19,   12:44:48   
31-Mar-19,   12:44:48   
31-Mar-19,   12:44:48   
31-Mar-19,   12:44:48   
31-Mar-19,   12:44:48   
31-Mar-19,   12:44:48   
31-Mar-19,   12:44:48   
31-Mar-19,   12:44:48   
31-Mar-19,   12:44:48   
31-Mar-19,   12:44:48   
31-Mar-19,   12:44:48   
31-Mar-19,   12:44:48   
31-Mar-19,   12:44:48   
31-Mar-19,   12:44:48   
31-Mar-19,   12:44:48   
31-Mar-19,   12:44:48   
31-Mar-19,   12:44:48   
31-Mar-19,   12:44:48   
31-Mar-19,   12:44:48   
31-Mar-19,   12:44:48   
31-Mar-19,   12:44:48   
31-Mar-19,   12:44:48   
31-Mar-19,   12:44:48   
31-Mar-19,   12:44:48   
31-Mar-19,   12:44:48   
31-Mar-19,   12:44:48   
31-Mar-19,   12:44:48   
31-Mar-19,   12:44:48   
31-Mar-19,   12:44:48   
31-Mar-19,   12:44:48   
31-Mar-19,   12:44:48   
31-Mar-19,   12:44:48   
31-Mar-19,   12:44:48   
31-Mar-19,   12:44:48   
31-Mar-19,   12:44:48   
31-Mar-19,   12:44:48   
31-Mar-19,   12:44:49   
31-Mar-19,   12:44:49   
31-Mar-19,   12:44:49   
31-Mar-19,   12:44:49   
31-Mar-19,   12:44:49   
31-Mar-19,   12:44:49   
31-Mar-19,   12:44:49   
31-Mar-19,   12:44:49   
31-Mar-19,   12:44:49   
31-Mar-19,   12:44:49   
31-Mar-19,   12:44:49   
31-Mar-19,   12:44:49   
31-Mar-19,   12:44:49   
31-Mar-19,   12:44:49   
31-Mar-19,   12:44:49   
31-Mar-19,   12:44:49   
31-Mar-19,   12:44:49   
31-Mar-19,   12:44:49   
31-Mar-19,   12:44:49   
31-Mar-19,   12:44:49   
31-Mar-19,   12:44:49   
31-Mar-19,   12:44:49   
31-Mar-19,   12:44:49   
31-Mar-19,   12:44:49   
31-Mar-19,   12:44:49   
31-Mar-19,   12:44:49   
31-Mar-19,   12:44:49   
31-Mar-19,   12:44:49   
31-Mar-19,   12:44:49   
31-Mar-19,   12:44:49   
31-Mar-19,   12:44:49   
31-Mar-19,   12:44:49   
31-Mar-19,   12:44:49   
31-Mar-19,   12:44:49   
31-Mar-19,   12:44:49   
31-Mar-19,   12:44:49   
31-Mar-19,   12:44:49   
31-Mar-19,   12:44:49   
31-Mar-19,   12:44:49   
31-Mar-19,   12:44:49   
31-Mar-19,   12:44:49   
31-Mar-19,   12:44:49   
31-Mar-19,   12:44:49   
31-Mar-19,   12:44:49   
31-Mar-19,   12:44:49   
31-Mar-19,   12:44:49   
31-Mar-19,   12:44:49   
31-Mar-19,   12:44:49   
31-Mar-19,   12:44:49   
31-Mar-19,   12:44:49   
31-Mar-19,   12:44:49   
31-Mar-19,   12:44:49   
31-Mar-19,   12:44:49   
31-Mar-19,   12:44:49   
31-Mar-19,   12:44:49   
31-Mar-19,   12:44:49   
31-Mar-19,   12:44:50   
31-Mar-19,   12:44:50   
31-Mar-19,   12:44:50   
31-Mar-19,   12:44:50   
31-Mar-19,   12:44:50   
31-Mar-19,   12:44:50   
31-Mar-19,   12:44:50   
31-Mar-19,   12:44:50   
31-Mar-19,   12:44:50   
31-Mar-19,   12:44:50   
31-Mar-19,   12:44:50   
31-Mar-19,   12:44:50   
31-Mar-19,   12:44:50   
31-Mar-19,   12:44:50   
31-Mar-19,   12:44:50   
31-Mar-19,   12:44:50   
31-Mar-19,   12:44:50   
31-Mar-19,   12:44:50   
31-Mar-19,   12:44:50   
31-Mar-19,   12:44:50   
31-Mar-19,   12:44:50   
31-Mar-19,   12:44:50   
31-Mar-19,   12:44:50   
31-Mar-19,   12:44:50   
31-Mar-19,   12:44:50   
31-Mar-19,   12:44:50   
31-Mar-19,   12:44:50   
31-Mar-19,   12:44:50   
31-Mar-19,   12:44:50   
31-Mar-19,   12:44:50   
31-Mar-19,   12:44:50   
31-Mar-19,   12:44:50   
31-Mar-19,   12:44:50   
31-Mar-19,   12:44:50   
31-Mar-19,   12:44:50   
31-Mar-19,   12:44:50   
31-Mar-19,   12:44:50   
31-Mar-19,   12:44:50   
31-Mar-19,   12:44:50   
31-Mar-19,   12:44:50   
31-Mar-19,   12:44:50   
31-Mar-19,   12:44:50   
31-Mar-19,   12:44:50   
31-Mar-19,   12:44:50   
31-Mar-19,   12:44:50   
31-Mar-19,   12:44:50   
31-Mar-19,   12:44:50   
31-Mar-19,   12:44:50   
31-Mar-19,   12:44:50   
31-Mar-19,   12:44:50   
31-Mar-19,   12:44:50   
31-Mar-19,   12:44:50   
31-Mar-19,   12:44:50   
31-Mar-19,   12:44:50   
31-Mar-19,   12:44:50   
31-Mar-19,   12:44:50   
31-Mar-19,   12:44:50   
31-Mar-19,   12:44:50   
31-Mar-19,   12:44:50   
31-Mar-19,   12:44:50   
31-Mar-19,   12:44:50   
31-Mar-19,   12:44:50   
31-Mar-19,   12:44:50   
31-Mar-19,   12:44:50   
31-Mar-19,   12:44:50   
31-Mar-19,   12:44:50   
31-Mar-19,   12:44:50   
31-Mar-19,   12:44:50   
31-Mar-19,   12:44:51   
31-Mar-19,   12:44:51   
31-Mar-19,   12:44:51   
31-Mar-19,   12:44:51   
31-Mar-19,   12:44:51   
31-Mar-19,   12:44:51   
31-Mar-19,   12:44:51   
31-Mar-19,   12:44:51   
31-Mar-19,   12:44:51   
31-Mar-19,   12:44:51   
31-Mar-19,   12:44:51   
31-Mar-19,   12:44:51   
31-Mar-19,   12:44:51   
31-Mar-19,   12:44:51   
1-Apr-19,14:56:23
1-Apr-19,  14:56:28   
1-Apr-19,  14:56:33   
1-Apr-19,  14:56:33   
1-Apr-19,  14:56:38   
1-Apr-19,  14:56:38   
1-Apr-19,  14:56:43   
1-Apr-19,  14:56:43   
1-Apr-19,  14:56:48   
1-Apr-19,  14:56:48   
1-Apr-19,  14:56:53   
1-Apr-19,  14:56:53   
1-Apr-19,  14:56:58   
1-Apr-19,  14:56:58   
1-Apr-19,  14:57:03   
1-Apr-19,  14:57:03   
1-Apr-19,  14:57:08   
1-Apr-19,  14:57:08   
1-Apr-19,  14:57:13   
1-Apr-19,  14:57:18   
1-Apr-19,  14:57:23   
1-Apr-19,  14:57:28   
1-Apr-19,  14:57:33   
1-Apr-19,  14:57:38   
1-Apr-19,  14:57:43   
1-Apr-19,  14:57:48   
1-Apr-19,  14:57:53   
1-Apr-19,  14:57:58   
1-Apr-19,  14:58:03   
1-Apr-19,  14:58:08   
1-Apr-19,  14:58:13   
1-Apr-19,  14:58:18   
1-Apr-19,  14:58:23   
1-Apr-19,  14:58:28   
1-Apr-19,  14:58:33   
1-Apr-19,  14:58:38   
1-Apr-19,  14:58:43   
1-Apr-19,  14:58:48   
1-Apr-19,  14:58:53   
1-Apr-19,  14:58:58   
1-Apr-19,  14:59:03   
1-Apr-19,  14:59:08   
1-Apr-19,  14:59:08   
1-Apr-19,  14:59:13   
1-Apr-19,  14:59:13   
1-Apr-19,  14:59:18   
1-Apr-19,  14:59:18   
1-Apr-19,  14:59:23   
1-Apr-19,  14:59:23   
1-Apr-19,  14:59:28   
1-Apr-19,  14:59:28   
1-Apr-19,  14:59:33   
1-Apr-19,  14:59:33   
1-Apr-19,  14:59:38   
1-Apr-19,  14:59:38   
1-Apr-19,  14:59:43   
1-Apr-19,  14:59:43   
1-Apr-19,  14:59:48   
1-Apr-19,  14:59:48   
1-Apr-19,  14:59:53   
1-Apr-19,  14:59:53   
1-Apr-19,  14:59:58   
1-Apr-19,  14:59:58   
1-Apr-19,  15:00:03   
1-Apr-19,  15:00:03   
1-Apr-19,  15:00:08   
1-Apr-19,  15:00:08   
1-Apr-19,  15:00:13   
1-Apr-19,  15:00:13   
1-Apr-19,  15:00:18   
1-Apr-19,  15:00:18   
1-Apr-19,  15:00:23   
1-Apr-19,  15:00:28   
1-Apr-19,  15:00:28   
1-Apr-19,  15:00:33   
1-Apr-19,  15:00:33   
1-Apr-19,  15:00:38   
1-Apr-19,  15:00:38   
1-Apr-19,  15:00:43   
1-Apr-19,  15:00:43   
1-Apr-19,  15:00:48   
1-Apr-19,  15:00:48   
1-Apr-19,  15:00:53   
1-Apr-19,  15:00:53   
1-Apr-19,  15:00:58   
1-Apr-19,  15:00:58   
1-Apr-19,  15:01:03   
1-Apr-19,  15:01:03   
1-Apr-19,  15:01:08   
1-Apr-19,  15:01:08   
1-Apr-19,  15:01:13   
1-Apr-19,  15:01:13   
1-Apr-19,  15:01:18   
1-Apr-19,  15:01:18   
1-Apr-19,  15:01:23   
1-Apr-19,  15:01:23   
1-Apr-19,  15:01:28   
1-Apr-19,  15:01:28   
1-Apr-19,  15:01:33   
1-Apr-19,  15:01:33   
1-Apr-19,  15:01:38   
1-Apr-19,  15:01:38   
1-Apr-19,  15:01:43   
1-Apr-19,  15:01:43   
1-Apr-19,  15:01:48   
1-Apr-19,  15:01:48   
1-Apr-19,  15:01:53   
1-Apr-19,  15:01:53   
1-Apr-19,  15:01:58   
1-Apr-19,  15:01:58   
1-Apr-19,  15:02:03   
1-Apr-19,  15:02:03   
1-Apr-19,  15:02:08   
1-Apr-19,  15:02:08   
1-Apr-19,  15:02:13   
1-Apr-19,  15:02:13   
1-Apr-19,  15:02:18   
1-Apr-19,  15:02:18   
1-Apr-19,  15:02:23   
1-Apr-19,  15:02:23   
1-Apr-19,  15:02:28   
1-Apr-19,  15:02:28   
1-Apr-19,  15:02:33   
1-Apr-19,  15:02:33   
1-Apr-19,  15:02:38   
1-Apr-19,  15:02:38   
1-Apr-19,  15:02:43   
1-Apr-19,  15:02:43   
1-Apr-19,  15:02:48   
1-Apr-19,  15:02:48   
1-Apr-19,  15:02:53   
1-Apr-19,  15:02:53   
1-Apr-19,  15:02:58   
1-Apr-19,  15:02:58   
1-Apr-19,  15:03:03   
1-Apr-19,  15:03:03   
1-Apr-19,  15:03:08   
1-Apr-19,  15:03:08   
1-Apr-19,  15:03:13   
1-Apr-19,  15:03:13   
1-Apr-19,  15:03:18   
1-Apr-19,  15:03:18   
1-Apr-19,  15:03:23   
1-Apr-19,  15:03:23   
1-Apr-19,  15:03:28   
1-Apr-19,  15:03:28   
1-Apr-19,  15:03:33   
1-Apr-19,  15:03:33   
1-Apr-19,  15:03:38   
1-Apr-19,  15:03:38   
1-Apr-19,  15:03:43   
1-Apr-19,  15:03:43   
1-Apr-19,  15:03:48   
1-Apr-19,  15:03:48   
1-Apr-19,  15:03:53   
1-Apr-19,  15:03:53   
1-Apr-19,  15:03:58   
1-Apr-19,  15:03:58   
1-Apr-19,  15:04:03   
1-Apr-19,  15:04:03   
1-Apr-19,  15:04:08   
1-Apr-19,  15:04:08   
1-Apr-19,  15:04:13   
1-Apr-19,  15:04:13   
1-Apr-19,  15:04:18   
1-Apr-19,  15:04:18   
1-Apr-19,  15:04:23   
1-Apr-19,  15:04:23   
1-Apr-19,  15:04:28   
1-Apr-19,  15:04:28   
1-Apr-19,  15:04:33   
1-Apr-19,  15:04:33   
1-Apr-19,  15:04:38   
1-Apr-19,  15:04:38   
1-Apr-19,  15:04:43   
1-Apr-19,  15:04:43   
1-Apr-19,  15:04:48   
1-Apr-19,  15:04:48   
1-Apr-19,  15:04:53   
1-Apr-19,  15:04:53   
1-Apr-19,  15:04:58   
1-Apr-19,  15:04:58   
1-Apr-19,  15:05:03   
1-Apr-19,  15:05:03   
1-Apr-19,  15:05:08   
1-Apr-19,  15:05:08   
1-Apr-19,  15:05:13   
1-Apr-19,  15:05:13   
1-Apr-19,  15:05:18   
1-Apr-19,  15:05:18   
1-Apr-19,  15:05:23   
1-Apr-19,  15:05:23   
1-Apr-19,  15:05:28   
1-Apr-19,  15:05:28   
1-Apr-19,  15:05:33   
1-Apr-19,  15:05:33   
1-Apr-19,  15:05:38   
1-Apr-19,  15:05:38   
1-Apr-19,  15:05:43   
1-Apr-19,  15:05:43   
1-Apr-19,  15:05:48   
1-Apr-19,  15:05:48   
1-Apr-19,  15:05:53   
1-Apr-19,  15:05:53   
1-Apr-19,  15:05:58   
1-Apr-19,  15:05:58   
1-Apr-19,  15:06:03   
1-Apr-19,  15:06:03   
1-Apr-19,  15:06:08   
1-Apr-19,  15:06:08   
1-Apr-19,  15:06:13   
1-Apr-19,  15:06:13   
1-Apr-19,  15:06:18   
1-Apr-19,  15:06:18   
1-Apr-19,  15:06:23   
1-Apr-19,  15:06:23   
1-Apr-19,  15:06:28   
1-Apr-19,  15:06:28   
1-Apr-19,  15:06:33   
1-Apr-19,  15:06:33   
1-Apr-19,  15:06:38   
1-Apr-19,  15:06:38   
1-Apr-19,  15:06:43   
1-Apr-19,  15:06:43   
1-Apr-19,  15:06:48   
1-Apr-19,  15:06:48   
1-Apr-19,  15:06:53   
1-Apr-19,  15:06:53   
1-Apr-19,  15:06:58   
1-Apr-19,  15:06:58   
1-Apr-19,  15:07:03   
1-Apr-19,  15:07:03   
1-Apr-19,  15:07:08   
1-Apr-19,  15:07:08   
1-Apr-19,  15:07:13   
1-Apr-19,  15:07:13   
1-Apr-19,  15:07:18   
1-Apr-19,  15:07:18   
1-Apr-19,  15:07:23   
1-Apr-19,  15:07:23   
1-Apr-19,  15:07:28   
1-Apr-19,  15:07:28   
1-Apr-19,  15:07:33   
1-Apr-19,  15:07:33   
1-Apr-19,  15:07:38   
1-Apr-19,  15:07:38   
1-Apr-19,  15:07:43   
1-Apr-19,  15:07:43   
1-Apr-19,  15:07:48   
1-Apr-19,  15:07:48   
1-Apr-19,  15:07:53   
1-Apr-19,  15:07:53   
1-Apr-19,  15:07:58   
1-Apr-19,  15:07:58   
1-Apr-19,  15:08:03   
1-Apr-19,  15:08:03   
1-Apr-19,  15:08:08   
1-Apr-19,  15:08:08   
1-Apr-19,  15:08:13   
1-Apr-19,  15:08:13   
1-Apr-19,  15:08:18   
1-Apr-19,  15:08:18   
1-Apr-19,  15:08:23   
1-Apr-19,  15:08:23   
1-Apr-19,  15:08:28   
1-Apr-19,  15:08:28   
1-Apr-19,  15:08:33   
1-Apr-19,  15:08:33   
1-Apr-19,  15:08:38   
1-Apr-19,  15:08:38   
1-Apr-19,  15:08:43   
1-Apr-19,  15:08:43   
1-Apr-19,  15:08:48   
1-Apr-19,  15:08:48   
1-Apr-19,  15:08:53   
1-Apr-19,  15:08:53   
1-Apr-19,  15:08:58   
1-Apr-19,  15:08:58   
1-Apr-19,  15:09:03   
1-Apr-19,  15:09:03   
1-Apr-19,  15:09:08   
1-Apr-19,  15:09:08   
1-Apr-19,  15:09:13   
1-Apr-19,  15:09:13   
1-Apr-19,  15:09:18   
1-Apr-19,  15:09:18   
1-Apr-19,  15:09:23   
1-Apr-19,  15:09:23   
1-Apr-19,  15:09:28   
1-Apr-19,  15:09:28   
1-Apr-19,  15:09:33   
1-Apr-19,  15:09:33   
1-Apr-19,  15:09:38   
1-Apr-19,  15:09:38   
1-Apr-19,  15:09:43   
1-Apr-19,  15:09:43   
1-Apr-19,  15:09:48   
1-Apr-19,  15:09:48   
1-Apr-19,  15:09:53   
1-Apr-19,  15:09:53   
1-Apr-19,  15:09:58   
1-Apr-19,  15:09:58   
1-Apr-19,  15:10:03   
1-Apr-19,  15:10:03   
1-Apr-19,  15:10:08   
1-Apr-19,  15:10:08   
1-Apr-19,  15:10:13   
1-Apr-19,  15:10:13   
1-Apr-19,  15:10:18   
1-Apr-19,  15:10:18   
1-Apr-19,  15:10:23   
1-Apr-19,  15:10:23   
1-Apr-19,  15:10:28   
1-Apr-19,  15:10:28   
1-Apr-19,  15:10:33   
1-Apr-19,  15:10:33   
1-Apr-19,  15:10:38   
1-Apr-19,  15:10:38   
1-Apr-19,  15:10:43   
1-Apr-19,  15:10:43   
1-Apr-19,  15:10:48   
1-Apr-19,  15:10:48   
1-Apr-19,  15:10:53   
1-Apr-19,  15:10:53   
1-Apr-19,  15:10:58   
1-Apr-19,  15:10:58   
1-Apr-19,  15:11:03   
1-Apr-19,  15:11:03   
1-Apr-19,  15:11:08   
1-Apr-19,  15:11:08   
1-Apr-19,  15:11:13   
1-Apr-19,  15:11:13   
1-Apr-19,  15:11:18   
1-Apr-19,  15:11:18   
1-Apr-19,  15:11:23   
1-Apr-19,  15:11:23   
1-Apr-19,  15:11:28   
1-Apr-19,  15:11:28   
1-Apr-19,  15:11:33   
1-Apr-19,  15:11:33   
1-Apr-19,  15:11:38   
1-Apr-19,  15:11:38   
1-Apr-19,  15:11:43   
1-Apr-19,  15:11:43   
1-Apr-19,  15:11:48   
1-Apr-19,  15:11:48   
1-Apr-19,  15:11:53   
1-Apr-19,  15:11:53   
1-Apr-19,  15:11:58   
1-Apr-19,  15:11:58   
1-Apr-19,  15:12:03   
1-Apr-19,  15:12:03   
1-Apr-19,  15:12:08   
1-Apr-19,  15:12:08   
1-Apr-19,  15:12:13   
1-Apr-19,  15:12:13   
1-Apr-19,  15:12:18   
1-Apr-19,  15:12:18   
1-Apr-19,  15:12:23   
1-Apr-19,  15:12:23   
1-Apr-19,  15:12:28   
1-Apr-19,  15:12:28   
1-Apr-19,  15:12:33   
1-Apr-19,  15:12:33   
1-Apr-19,  15:12:38   
1-Apr-19,  15:12:38   
1-Apr-19,  15:12:43   
1-Apr-19,  15:12:43   
1-Apr-19,  15:12:48   
1-Apr-19,  15:12:48   
1-Apr-19,  15:12:53   
1-Apr-19,  15:12:53   
1-Apr-19,  15:12:58   
1-Apr-19,  15:12:58   
1-Apr-19,  15:13:03   
1-Apr-19,  15:13:03   
1-Apr-19,  15:13:08   
1-Apr-19,  15:13:08   
1-Apr-19,  15:13:13   
1-Apr-19,  15:13:13   
1-Apr-19,  15:13:18   
1-Apr-19,  15:13:18   
1-Apr-19,  15:13:23   
1-Apr-19,  15:13:23   
1-Apr-19,  15:13:28   
1-Apr-19,  15:13:28   
1-Apr-19,  15:13:33   
1-Apr-19,  15:13:33   
1-Apr-19,  15:13:38   
1-Apr-19,  15:13:38   
1-Apr-19,  15:13:43   
1-Apr-19,  15:13:43   
1-Apr-19,  15:13:48   
1-Apr-19,  15:13:48   
1-Apr-19,  15:13:53   
1-Apr-19,  15:13:53   
1-Apr-19,  15:13:58   
1-Apr-19,  15:13:58   
1-Apr-19,  15:14:03   
1-Apr-19,  15:14:03   
1-Apr-19,  15:14:08   
1-Apr-19,  15:14:08   
1-Apr-19,  15:14:13   
1-Apr-19,  15:14:13   
1-Apr-19,  15:14:18   
1-Apr-19,  15:14:18   
1-Apr-19,  15:14:23   
1-Apr-19,  15:14:23   
1-Apr-19,  15:14:28   
1-Apr-19,  15:14:28   
1-Apr-19,  15:14:33   
1-Apr-19,  15:14:33   
1-Apr-19,  15:14:38   
1-Apr-19,  15:14:38   
1-Apr-19,  15:14:43   
1-Apr-19,  15:14:43   
1-Apr-19,  15:14:48   
1-Apr-19,  15:14:48   
1-Apr-19,  15:14:53   
1-Apr-19,  15:14:53   
1-Apr-19,  15:14:58   
1-Apr-19,  15:14:58   
1-Apr-19,  15:15:03   
1-Apr-19,  15:15:03   
1-Apr-19,  15:15:08   
1-Apr-19,  15:15:08   
1-Apr-19,  15:15:13   
1-Apr-19,  15:15:13   
1-Apr-19,  15:15:18   
1-Apr-19,  15:15:18   
1-Apr-19,  15:15:23   
1-Apr-19,  15:15:23   
1-Apr-19,  15:15:28   
1-Apr-19,  15:15:28   
1-Apr-19,  15:15:33   
1-Apr-19,  15:15:33   
1-Apr-19,  15:15:38   
1-Apr-19,  15:15:38   
1-Apr-19,  15:15:43   
1-Apr-19,  15:15:43   
1-Apr-19,  15:15:48   
1-Apr-19,  15:15:48   
1-Apr-19,  15:15:53   
1-Apr-19,  15:15:53   
1-Apr-19,  15:15:58   
1-Apr-19,  15:15:58   
1-Apr-19,  15:16:03   
1-Apr-19,  15:16:03   
1-Apr-19,  15:16:08   
1-Apr-19,  15:16:08   
1-Apr-19,  15:16:13   
1-Apr-19,  15:16:13   
1-Apr-19,  15:16:18   
1-Apr-19,  15:16:18   
1-Apr-19,  15:16:23   
1-Apr-19,  15:16:23   
1-Apr-19,  15:16:28   
1-Apr-19,  15:16:28   
1-Apr-19,  15:16:33   
1-Apr-19,  15:16:33   
1-Apr-19,  15:16:38   
1-Apr-19,  15:16:38   
1-Apr-19,  15:16:43   
1-Apr-19,  15:16:43   
1-Apr-19,  15:16:48   
1-Apr-19,  15:16:48   
1-Apr-19,  15:16:53   
1-Apr-19,  15:16:53   
1-Apr-19,  15:16:58   
1-Apr-19,  15:16:58   
1-Apr-19,  15:17:03   
1-Apr-19,  15:17:03   
1-Apr-19,  15:17:08   
1-Apr-19,  15:17:08   
1-Apr-19,  15:17:13   
1-Apr-19,  15:17:13   
1-Apr-19,  15:17:18   
1-Apr-19,  15:17:18   
1-Apr-19,  15:17:23   
1-Apr-19,  15:17:23   
1-Apr-19,  15:17:28   
1-Apr-19,  15:17:28   
1-Apr-19,  15:17:33   
1-Apr-19,  15:17:33   
1-Apr-19,  15:17:38   
1-Apr-19,  15:17:38   
1-Apr-19,  15:17:43   
1-Apr-19,  15:17:43   
1-Apr-19,  15:17:48   
1-Apr-19,  15:17:48   
1-Apr-19,  15:17:53   
1-Apr-19,  15:17:53   
1-Apr-19,  15:17:58   
1-Apr-19,  15:17:58   
1-Apr-19,  15:18:03   
1-Apr-19,  15:18:03   
1-Apr-19,  15:18:08   
1-Apr-19,  15:18:08   
1-Apr-19,  15:18:13   
1-Apr-19,  15:18:13   
1-Apr-19,  15:18:18   
1-Apr-19,  15:18:18   
1-Apr-19,  15:18:23   
1-Apr-19,  15:18:23   
1-Apr-19,  15:18:28   
1-Apr-19,  15:18:28   
1-Apr-19,  15:18:33   
1-Apr-19,  15:18:33   
1-Apr-19,  15:18:38   
1-Apr-19,  15:18:38   
1-Apr-19,  15:18:43   
1-Apr-19,  15:18:43   
1-Apr-19,  15:18:48   
1-Apr-19,  15:18:48   
1-Apr-19,  15:18:53   
1-Apr-19,  15:18:53   
1-Apr-19,  15:18:58   
1-Apr-19,  15:18:58   
1-Apr-19,  15:19:03   
1-Apr-19,  15:19:03   
1-Apr-19,  15:19:08   
1-Apr-19,  15:19:08   
1-Apr-19,  15:19:13   
1-Apr-19,  15:19:13   
1-Apr-19,  15:19:18   
1-Apr-19,  15:19:18   
1-Apr-19,  15:19:23   
1-Apr-19,  15:19:23   
1-Apr-19,  15:19:28   
1-Apr-19,  15:19:28   
1-Apr-19,  15:19:33   
1-Apr-19,  15:19:33   
1-Apr-19,  15:19:38   
1-Apr-19,  15:19:38   
1-Apr-19,  15:19:43   
1-Apr-19,  15:19:43   
1-Apr-19,  15:19:48   
1-Apr-19,  15:19:48   
1-Apr-19,  15:19:53   
1-Apr-19,  15:19:53   
1-Apr-19,  15:19:58   
1-Apr-19,  15:19:58   
1-Apr-19,  15:20:03   
1-Apr-19,  15:20:03   
1-Apr-19,  15:20:08   
1-Apr-19,  15:20:08   
1-Apr-19,  15:20:13   
1-Apr-19,  15:20:13   
1-Apr-19,  15:20:18   
1-Apr-19,  15:20:18   
1-Apr-19,  15:20:23   
1-Apr-19,  15:20:23   
1-Apr-19,  15:20:28   
1-Apr-19,  15:20:28   
1-Apr-19,  15:20:33   
1-Apr-19,  15:20:33   
1-Apr-19,  15:20:38   
1-Apr-19,  15:20:38   
1-Apr-19,  15:20:43   
1-Apr-19,  15:20:43   
1-Apr-19,  15:20:48   
1-Apr-19,  15:20:48   
1-Apr-19,  15:20:53   
1-Apr-19,  15:20:53   
1-Apr-19,  15:20:58   
1-Apr-19,  15:20:58   
1-Apr-19,  15:21:03   
1-Apr-19,  15:21:03   
1-Apr-19,  15:21:08   
1-Apr-19,  15:21:08   
1-Apr-19,  15:21:13   
1-Apr-19,  15:21:13   
1-Apr-19,  15:21:18   
1-Apr-19,  15:21:18   
1-Apr-19,  15:21:23   
1-Apr-19,  15:21:23   
1-Apr-19,  15:21:28   
1-Apr-19,  15:21:28   
1-Apr-19,  15:21:33   
1-Apr-19,  15:21:33   
1-Apr-19,  15:21:38   
1-Apr-19,  15:21:38   
1-Apr-19,  15:21:43   
1-Apr-19,  15:21:43   
1-Apr-19,  15:21:48   
1-Apr-19,  15:21:48   
1-Apr-19,  15:21:53   
1-Apr-19,  15:21:53   
1-Apr-19,  15:21:58   
1-Apr-19,  15:21:58   
1-Apr-19,  15:22:03   
1-Apr-19,  15:22:03   
1-Apr-19,  15:22:08   
1-Apr-19,  15:22:08   
1-Apr-19,  15:22:13   
1-Apr-19,  15:22:18   
1-Apr-19,  15:22:23   
1-Apr-19,  15:22:23   
1-Apr-19,  15:22:28   
1-Apr-19,  15:22:28   
1-Apr-19,  15:22:33   
1-Apr-19,  15:22:33   
1-Apr-19,  15:22:38   
1-Apr-19,  15:22:38   
1-Apr-19,  15:22:43   
1-Apr-19,  15:22:43   
1-Apr-19,  15:22:48   
1-Apr-19,  15:22:48   
1-Apr-19,  15:22:53   
1-Apr-19,  15:22:53   
1-Apr-19,  15:22:58   
1-Apr-19,  15:22:58   
1-Apr-19,  15:23:03   
1-Apr-19,  15:23:03   
1-Apr-19,  15:23:08   
1-Apr-19,  15:23:08   
1-Apr-19,  15:23:13   
1-Apr-19,  15:23:13   
1-Apr-19,  15:23:18   
1-Apr-19,  15:23:18   
1-Apr-19,  15:23:23   
1-Apr-19,  15:23:23   
1-Apr-19,  15:23:28   
1-Apr-19,  15:23:28   
1-Apr-19,  15:23:33   
1-Apr-19,  15:23:33   
1-Apr-19,  15:23:38   
1-Apr-19,  15:23:38   
1-Apr-19,  15:23:43   
1-Apr-19,  15:23:43   
1-Apr-19,  15:23:48   
1-Apr-19,  15:23:48   
1-Apr-19,  15:23:53   
1-Apr-19,  15:23:53   
1-Apr-19,  15:23:58   
1-Apr-19,  15:23:58   
1-Apr-19,  15:24:03   
1-Apr-19,  15:24:03   
1-Apr-19,  15:24:08   
1-Apr-19,  15:24:08   
1-Apr-19,  15:24:13   
1-Apr-19,  15:24:13   
1-Apr-19,  15:24:18   
1-Apr-19,  15:24:18   
1-Apr-19,  15:24:23   
1-Apr-19,  15:24:23   
1-Apr-19,  15:24:28   
1-Apr-19,  15:24:28   
1-Apr-19,  15:24:33   
1-Apr-19,  15:24:33   
1-Apr-19,  15:24:38   
1-Apr-19,  15:24:38   
1-Apr-19,  15:24:43   
1-Apr-19,  15:24:43   
1-Apr-19,  15:24:48   
1-Apr-19,  15:24:48   
1-Apr-19,  15:24:53   
1-Apr-19,  15:24:53   
1-Apr-19,  15:24:58   
1-Apr-19,  15:24:58   
1-Apr-19,  15:25:03   
1-Apr-19,  15:25:03   
1-Apr-19,  15:25:08   
1-Apr-19,  15:25:08   
1-Apr-19,  15:25:13   
1-Apr-19,  15:25:13   
1-Apr-19,  15:25:18   
1-Apr-19,  15:25:18   
1-Apr-19,  15:25:23   
1-Apr-19,  15:25:23   
1-Apr-19,  15:25:28   
1-Apr-19,  15:25:28   
1-Apr-19,  15:25:33   
1-Apr-19,  15:25:33   
1-Apr-19,  15:25:38   
1-Apr-19,  15:25:38   
1-Apr-19,  15:25:43   
1-Apr-19,  15:25:43   
1-Apr-19,  15:25:48   
1-Apr-19,  15:25:48   
1-Apr-19,  15:25:53   
1-Apr-19,  15:25:53   
1-Apr-19,  15:25:58   
1-Apr-19,  15:25:58   
1-Apr-19,  15:26:03   
1-Apr-19,  15:26:03   
1-Apr-19,  15:26:08   
1-Apr-19,  15:26:08   
1-Apr-19,  15:26:13   
1-Apr-19,  15:26:13   
1-Apr-19,  15:26:18   
1-Apr-19,  15:26:18   
1-Apr-19,  15:26:23   
1-Apr-19,  15:26:23   
1-Apr-19,  15:26:28   
1-Apr-19,  15:26:28   
1-Apr-19,  15:26:33   
1-Apr-19,  15:26:33   
1-Apr-19,  15:26:38   
1-Apr-19,  15:26:38   
1-Apr-19,  15:26:43   
1-Apr-19,  15:26:43   
1-Apr-19,  15:26:48   
1-Apr-19,  15:26:48   
1-Apr-19,  15:26:53   
1-Apr-19,  15:26:53   
1-Apr-19,  15:26:58   
1-Apr-19,  15:26:59   
1-Apr-19,  15:27:03   
1-Apr-19,  15:27:04   
1-Apr-19,  15:27:08   
1-Apr-19,  15:27:09   
1-Apr-19,  15:27:13   
1-Apr-19,  15:27:14   
1-Apr-19,  15:27:18   
1-Apr-19,  15:27:19   
1-Apr-19,  15:27:23   
1-Apr-19,  15:27:24   
1-Apr-19,  15:27:28   
1-Apr-19,  15:27:29   
1-Apr-19,  15:27:33   
1-Apr-19,  15:27:34   
1-Apr-19,  15:27:38   
1-Apr-19,  15:27:39   
1-Apr-19,  15:27:43   
1-Apr-19,  15:27:44   
1-Apr-19,  15:27:48   
1-Apr-19,  15:27:49   
1-Apr-19,  15:27:53   
1-Apr-19,  15:27:54   
1-Apr-19,  15:27:58   
1-Apr-19,  15:27:59   
1-Apr-19,  15:28:03   
1-Apr-19,  15:28:04   
1-Apr-19,  15:28:08   
1-Apr-19,  15:28:09   
1-Apr-19,  15:28:13   
1-Apr-19,  15:28:14   
1-Apr-19,  15:28:18   
1-Apr-19,  15:28:19   
1-Apr-19,  15:28:23   
1-Apr-19,  15:28:24   
1-Apr-19,  15:28:28   
1-Apr-19,  15:28:29   
1-Apr-19,  15:28:33   
1-Apr-19,  15:28:34   
1-Apr-19,  15:28:38   
1-Apr-19,  15:28:39   
1-Apr-19,  15:28:43   
1-Apr-19,  15:28:44   
1-Apr-19,  15:28:48   
1-Apr-19,  15:28:49   
1-Apr-19,  15:28:53   
1-Apr-19,  15:28:54   
1-Apr-19,  15:28:58   
1-Apr-19,  15:28:59   
1-Apr-19,  15:29:03   
1-Apr-19,  15:29:04   
1-Apr-19,  15:29:08   
1-Apr-19,  15:29:09   
1-Apr-19,  15:29:13   
1-Apr-19,  15:29:14   
1-Apr-19,  15:29:18   
1-Apr-19,  15:29:19   
1-Apr-19,  15:29:23   
1-Apr-19,  15:29:24   
1-Apr-19,  15:29:28   
1-Apr-19,  15:29:29   
1-Apr-19,  15:29:33   
1-Apr-19,  15:29:34   
1-Apr-19,  15:29:38   
1-Apr-19,  15:29:39   
1-Apr-19,  15:29:43   
1-Apr-19,  15:29:44   
1-Apr-19,  15:29:48   
1-Apr-19,  15:29:49   
1-Apr-19,  15:29:53   
1-Apr-19,  15:29:54   
1-Apr-19,  15:29:58   
1-Apr-19,  15:29:59   
1-Apr-19,  15:30:03   
1-Apr-19,  15:30:04   
1-Apr-19,  15:30:08   
1-Apr-19,  15:30:09   
1-Apr-19,  15:30:13   
1-Apr-19,  15:30:14   
1-Apr-19,  15:30:18   
1-Apr-19,  15:30:19   
1-Apr-19,  15:30:23   
1-Apr-19,  15:30:24   
1-Apr-19,  15:30:28   
1-Apr-19,  15:30:29   
1-Apr-19,  15:30:33   
1-Apr-19,  15:30:34   
1-Apr-19,  15:30:38   
1-Apr-19,  15:30:39   
1-Apr-19,  15:30:43   
1-Apr-19,  15:30:44   
1-Apr-19,  15:30:48   
1-Apr-19,  15:30:49   
1-Apr-19,  15:30:53   
1-Apr-19,  15:30:54   
1-Apr-19,  15:30:58   
1-Apr-19,  15:30:59   
1-Apr-19,  15:31:03   
1-Apr-19,  15:31:04   
1-Apr-19,  15:31:08   
1-Apr-19,  15:31:09   
1-Apr-19,  15:31:13   
1-Apr-19,  15:31:14   
1-Apr-19,  15:31:18   
1-Apr-19,  15:31:19   
1-Apr-19,  15:31:23   
1-Apr-19,  15:31:24   
1-Apr-19,  15:31:28   
1-Apr-19,  15:31:29   
1-Apr-19,  15:31:33   
1-Apr-19,  15:31:34   
1-Apr-19,  15:31:38   
1-Apr-19,  15:31:39   
1-Apr-19,  15:31:43   
1-Apr-19,  15:31:44   
1-Apr-19,  15:31:48   
1-Apr-19,  15:31:49   
1-Apr-19,  15:31:53   
1-Apr-19,  15:31:54   
1-Apr-19,  15:31:58   
1-Apr-19,  15:31:59   
1-Apr-19,  15:32:03   
1-Apr-19,  15:32:04   
1-Apr-19,  15:32:08   
1-Apr-19,  15:32:09   
1-Apr-19,  15:32:13   
1-Apr-19,  15:32:14   
1-Apr-19,  15:32:18   
1-Apr-19,  15:32:19   
1-Apr-19,  15:32:23   
1-Apr-19,  15:32:24   
1-Apr-19,  15:32:28   
1-Apr-19,  15:32:29   
1-Apr-19,  15:32:33   
1-Apr-19,  15:32:34   
1-Apr-19,  15:32:38   
1-Apr-19,  15:32:39   
1-Apr-19,  15:32:43   
1-Apr-19,  15:32:44   
1-Apr-19,  15:32:48   
1-Apr-19,  15:32:49   
1-Apr-19,  15:32:53   
1-Apr-19,  15:32:54   
1-Apr-19,  15:32:58   
1-Apr-19,  15:32:59   
1-Apr-19,  15:33:03   
1-Apr-19,  15:33:04   
1-Apr-19,  15:33:08   
1-Apr-19,  15:33:09   
1-Apr-19,  15:33:13   
1-Apr-19,  15:33:14   
1-Apr-19,  15:33:18   
1-Apr-19,  15:33:19   
1-Apr-19,  15:33:23   
1-Apr-19,  15:33:24   
1-Apr-19,  15:33:28   
1-Apr-19,  15:33:29   
1-Apr-19,  15:33:33   
1-Apr-19,  15:33:34   
1-Apr-19,  15:33:38   
1-Apr-19,  15:33:39   
1-Apr-19,  15:33:43   
1-Apr-19,  15:33:44   
1-Apr-19,  15:33:48   
1-Apr-19,  15:33:49   
1-Apr-19,  15:33:53   
1-Apr-19,  15:33:54   
1-Apr-19,  15:33:58   
1-Apr-19,  15:33:59   
1-Apr-19,  15:34:03   
1-Apr-19,  15:34:04   
1-Apr-19,  15:34:08   
1-Apr-19,  15:34:09   
1-Apr-19,  15:34:13   
1-Apr-19,  15:34:14   
1-Apr-19,  15:34:18   
1-Apr-19,  15:34:19   
1-Apr-19,  15:34:23   
1-Apr-19,  15:34:24   
1-Apr-19,  15:34:28   
1-Apr-19,  15:34:29   
1-Apr-19,  15:34:33   
1-Apr-19,  15:34:34   
1-Apr-19,  15:34:38   
1-Apr-19,  15:34:39   
1-Apr-19,  15:34:43   
1-Apr-19,  15:34:44   
1-Apr-19,  15:34:48   
1-Apr-19,  20:31:53   
1-Apr-19,  20:31:58   
1-Apr-19,  20:31:58   
1-Apr-19,  20:32:03   
1-Apr-19,  20:32:03   
1-Apr-19,  20:32:08   
1-Apr-19,  20:32:08   
1-Apr-19,  20:32:13   
1-Apr-19,  20:32:13   
1-Apr-19,  20:32:18   
1-Apr-19,  20:32:18   
1-Apr-19,  20:32:23   
1-Apr-19,  20:32:23   
1-Apr-19,  20:32:28   
1-Apr-19,  20:32:28   
1-Apr-19,  20:32:33   
1-Apr-19,  20:32:33   
1-Apr-19,  20:32:38   
1-Apr-19,  20:32:38   
1-Apr-19,  20:32:43   
1-Apr-19,  20:32:43   
1-Apr-19,  20:32:48   
1-Apr-19,  20:32:48   
1-Apr-19,  20:32:53   
1-Apr-19,  20:32:53   
1-Apr-19,  20:32:58   
1-Apr-19,  20:32:58   
1-Apr-19,  20:33:03   
1-Apr-19,  20:33:03   
1-Apr-19,  20:33:08   
1-Apr-19,  20:33:08   
1-Apr-19,  20:33:13   
1-Apr-19,  20:33:13   
1-Apr-19,  20:33:18   
1-Apr-19,  20:33:18   
1-Apr-19,  20:33:23   
1-Apr-19,  20:33:23   
1-Apr-19,  20:33:28   
1-Apr-19,  20:33:28   
1-Apr-19,  20:33:33   
1-Apr-19,  20:33:33   
1-Apr-19,  20:33:38   
1-Apr-19,  20:33:38   
1-Apr-19,  20:33:43   
1-Apr-19,  20:33:43   
1-Apr-19,  20:33:48   
1-Apr-19,  20:33:49   
1-Apr-19,  20:33:54   
1-Apr-19,  20:33:54   
1-Apr-19,  20:33:59   
1-Apr-19,  20:33:59   
1-Apr-19,  20:34:04   
1-Apr-19,  20:34:04   
1-Apr-19,  20:34:09   
1-Apr-19,  20:34:09   
1-Apr-19,  20:34:14   
1-Apr-19,  20:34:14   
1-Apr-19,  20:34:19   
1-Apr-19,  20:34:19   
1-Apr-19,  20:34:24   
1-Apr-19,  20:34:24   
1-Apr-19,  20:34:29   
1-Apr-19,  20:34:29   
1-Apr-19,  20:34:34   
1-Apr-19,  20:34:34   
1-Apr-19,  20:34:39   
1-Apr-19,  20:34:39   
1-Apr-19,  20:34:44   
1-Apr-19,  20:34:44   
1-Apr-19,  20:34:49   
1-Apr-19,  20:34:49   
1-Apr-19,  20:34:54   
1-Apr-19,  20:34:54   
1-Apr-19,  20:34:59   
1-Apr-19,  20:34:59   
1-Apr-19,  20:35:04   
1-Apr-19,  20:35:04   
1-Apr-19,  20:35:09   
1-Apr-19,  20:35:09   
1-Apr-19,  20:35:14   
1-Apr-19,  20:35:14   
1-Apr-19,  20:35:19   
1-Apr-19,  20:35:19   
1-Apr-19,  20:35:24   
1-Apr-19,  20:35:24   
1-Apr-19,  20:35:29   
1-Apr-19,  20:35:29   
1-Apr-19,  20:35:34   
1-Apr-19,  20:35:34   
1-Apr-19,  20:35:39   
1-Apr-19,  20:35:39   
1-Apr-19,  20:35:44   
1-Apr-19,  20:35:44   
1-Apr-19,  20:35:49   
1-Apr-19,  20:35:49   
1-Apr-19,  20:35:54   
1-Apr-19,  20:35:54   
1-Apr-19,  20:35:59   
1-Apr-19,  20:35:59   
1-Apr-19,  20:36:04   
1-Apr-19,  20:36:04   
1-Apr-19,  20:36:09   
1-Apr-19,  20:36:09   
1-Apr-19,  20:36:14   
1-Apr-19,  20:36:14   
1-Apr-19,  20:36:19   
1-Apr-19,  20:36:19   
1-Apr-19,  20:36:24   
1-Apr-19,  20:36:24   
1-Apr-19,  20:36:29   
1-Apr-19,  20:36:29   
1-Apr-19,  20:36:34   
1-Apr-19,  20:36:34   
1-Apr-19,  20:36:39   
1-Apr-19,  20:36:39   
1-Apr-19,  20:36:44   
1-Apr-19,  20:36:44   
1-Apr-19,  20:36:49   
1-Apr-19,  20:36:49   
1-Apr-19,  20:36:54   
1-Apr-19,  20:36:54   
1-Apr-19,  20:36:59   
1-Apr-19,  20:36:59   
1-Apr-19,  20:37:04   
1-Apr-19,  20:37:04   
1-Apr-19,  20:37:09   
1-Apr-19,  20:37:09   
1-Apr-19,  20:37:14   
1-Apr-19,  20:37:14   
1-Apr-19,  20:37:19   
1-Apr-19,  20:37:19   
1-Apr-19,  20:37:24   
1-Apr-19,  20:37:24   
1-Apr-19,  20:37:29   
1-Apr-19,  20:37:29   
1-Apr-19,  20:37:34   
1-Apr-19,  20:37:34   
1-Apr-19,  20:37:39   
1-Apr-19,  20:37:39   
1-Apr-19,  20:37:44   
1-Apr-19,  20:37:44   
1-Apr-19,  20:37:49   
1-Apr-19,  20:37:49   
1-Apr-19,  20:37:54   
1-Apr-19,  20:37:54   
1-Apr-19,  20:37:59   
1-Apr-19,  20:37:59   
1-Apr-19,  20:38:04   
1-Apr-19,  20:38:04   
1-Apr-19,  20:38:09   
1-Apr-19,  20:38:09   
1-Apr-19,  20:38:14   
1-Apr-19,  20:38:14   
1-Apr-19,  20:38:19   
1-Apr-19,  20:38:19   
1-Apr-19,  20:38:24   
1-Apr-19,  20:38:24   
1-Apr-19,  20:38:29   
1-Apr-19,  20:38:29   
1-Apr-19,  20:38:34   
1-Apr-19,  20:38:34   
1-Apr-19,  20:38:39   
1-Apr-19,  20:38:39   
1-Apr-19,  20:38:44   
1-Apr-19,  20:38:44   
1-Apr-19,  20:38:49   
1-Apr-19,  20:38:49   
1-Apr-19,  20:38:54   
1-Apr-19,  20:38:54   
1-Apr-19,  20:38:59   
1-Apr-19,  20:38:59   
1-Apr-19,  20:39:04   
1-Apr-19,  20:39:04   
1-Apr-19,  20:39:09   
1-Apr-19,  20:39:09   
1-Apr-19,  20:39:14   
1-Apr-19,  20:39:14   
1-Apr-19,  20:39:19   
1-Apr-19,  20:39:19   
1-Apr-19,  20:39:24   
1-Apr-19,  20:39:24   
1-Apr-19,  20:39:29   
1-Apr-19,  20:39:29   
1-Apr-19,  20:39:34   
1-Apr-19,  20:39:34   
1-Apr-19,  20:39:39   
1-Apr-19,  20:39:39   
1-Apr-19,  20:39:44   
1-Apr-19,  20:39:44   
1-Apr-19,  20:39:49   
1-Apr-19,  20:39:49   
1-Apr-19,  20:39:54   
1-Apr-19,  20:39:54   
1-Apr-19,  20:39:59   
1-Apr-19,  20:39:59   
1-Apr-19,  20:40:04   
1-Apr-19,  20:40:04   
1-Apr-19,  20:40:09   
1-Apr-19,  20:40:09   
1-Apr-19,  20:40:14   
1-Apr-19,  20:40:14   
1-Apr-19,  20:40:19   
1-Apr-19,  20:40:19   
1-Apr-19,  20:40:24   
1-Apr-19,  20:40:24   
1-Apr-19,  20:40:29   
1-Apr-19,  20:40:29   
1-Apr-19,  20:40:34   
1-Apr-19,  20:40:34   
1-Apr-19,  20:40:39   
1-Apr-19,  20:40:39   
1-Apr-19,  20:40:44   
1-Apr-19,  20:40:44   
1-Apr-19,  20:40:49   
1-Apr-19,  20:40:49   
1-Apr-19,  20:40:54   
1-Apr-19,  20:40:54   
1-Apr-19,  20:40:59   
1-Apr-19,  20:40:59   
1-Apr-19,  20:41:04   
1-Apr-19,  20:41:04   
1-Apr-19,  20:41:09   
1-Apr-19,  20:41:09   
1-Apr-19,  20:41:14   
1-Apr-19,  20:41:14   
1-Apr-19,  20:41:19   
1-Apr-19,  20:41:19   
1-Apr-19,  20:41:24   
1-Apr-19,  20:41:24   
1-Apr-19,  20:41:29   
1-Apr-19,  20:41:29   
1-Apr-19,  20:41:34   
1-Apr-19,  20:41:34   
1-Apr-19,  20:41:39   
1-Apr-19,  20:41:39   
1-Apr-19,  20:41:44   
1-Apr-19,  20:41:44   
1-Apr-19,  20:41:49   
1-Apr-19,  20:41:49   
1-Apr-19,  20:41:54   
1-Apr-19,  20:41:54   
1-Apr-19,  20:41:59   
1-Apr-19,  20:41:59   
1-Apr-19,  20:42:04   
1-Apr-19,  20:42:04   
1-Apr-19,  20:42:09   
1-Apr-19,  20:42:09   
1-Apr-19,  20:42:14   
1-Apr-19,  20:42:19   
1-Apr-19,  20:42:24   
1-Apr-19,  20:42:24   
1-Apr-19,  20:42:29   
1-Apr-19,  20:42:29   
1-Apr-19,  20:42:34   
1-Apr-19,  20:42:34   
1-Apr-19,  20:42:39   
1-Apr-19,  20:42:39   
1-Apr-19,  20:42:44   
1-Apr-19,  20:42:44   
1-Apr-19,  20:42:49   
1-Apr-19,  20:42:49   
1-Apr-19,  20:42:54   
1-Apr-19,  20:42:54   
1-Apr-19,  20:42:59   
1-Apr-19,  20:42:59   
1-Apr-19,  20:43:04   
1-Apr-19,  20:43:04   
1-Apr-19,  20:43:09   
1-Apr-19,  20:43:09   
1-Apr-19,  20:43:14   
1-Apr-19,  20:43:14   
1-Apr-19,  20:43:19   
1-Apr-19,  20:43:19   
1-Apr-19,  20:43:24   
1-Apr-19,  20:43:24   
1-Apr-19,  20:43:29   
1-Apr-19,  20:43:29   
1-Apr-19,  20:43:34   
1-Apr-19,  20:43:34   
1-Apr-19,  20:43:39   
1-Apr-19,  20:43:39   
1-Apr-19,  20:43:44   
1-Apr-19,  20:43:44   
1-Apr-19,  20:43:49   
1-Apr-19,  20:43:49   
1-Apr-19,  20:43:54   
1-Apr-19,  20:43:54   
1-Apr-19,  20:43:59   
1-Apr-19,  20:43:59   
1-Apr-19,  20:44:04   
1-Apr-19,  20:44:04   
1-Apr-19,  20:44:09   
1-Apr-19,  20:44:09   
1-Apr-19,  20:44:14   
1-Apr-19,  20:44:14   
1-Apr-19,  20:44:19   
1-Apr-19,  20:44:19   
1-Apr-19,  20:44:24   
1-Apr-19,  20:44:24   
1-Apr-19,  20:44:29   
1-Apr-19,  20:44:29   
1-Apr-19,  20:44:34   
1-Apr-19,  20:44:34   
1-Apr-19,  20:44:39   
1-Apr-19,  20:44:39   
1-Apr-19,  20:44:44   
1-Apr-19,  20:44:44   
1-Apr-19,  20:44:49   
1-Apr-19,  20:44:49   
1-Apr-19,  20:44:54   
1-Apr-19,  20:44:54   
1-Apr-19,  20:44:59   
1-Apr-19,  20:44:59   
1-Apr-19,  20:45:04   
1-Apr-19,  20:45:04   
1-Apr-19,  20:45:09   
1-Apr-19,  20:45:09   
1-Apr-19,  20:45:14   
1-Apr-19,  20:45:14   
1-Apr-19,  20:45:19   
1-Apr-19,  20:45:19   
1-Apr-19,  20:45:24   
1-Apr-19,  20:45:24   
1-Apr-19,  20:45:29   
1-Apr-19,  20:45:29   
1-Apr-19,  20:45:34   
1-Apr-19,  20:45:34   
1-Apr-19,  20:45:39   
1-Apr-19,  20:45:39   
1-Apr-19,  20:45:44   
1-Apr-19,  20:45:44   
1-Apr-19,  20:45:49   
1-Apr-19,  20:45:49   
1-Apr-19,  20:45:54   
1-Apr-19,  20:45:54   
1-Apr-19,  20:45:59   
1-Apr-19,  20:45:59   
1-Apr-19,  20:46:04   
1-Apr-19,  20:46:04   
1-Apr-19,  20:46:09   
1-Apr-19,  20:46:09   
1-Apr-19,  20:46:14   
1-Apr-19,  20:46:14   
1-Apr-19,  20:46:19   
1-Apr-19,  20:46:19   
1-Apr-19,  20:46:24   
1-Apr-19,  20:46:24   
1-Apr-19,  20:46:29   
1-Apr-19,  20:46:29   
1-Apr-19,  20:46:34   
1-Apr-19,  20:46:34   
1-Apr-19,  20:46:39   
1-Apr-19,  20:46:39   
1-Apr-19,  20:46:44   
1-Apr-19,  20:46:44   
1-Apr-19,  20:46:49   
1-Apr-19,  20:46:49   
1-Apr-19,  20:46:54   
1-Apr-19,  20:46:54   
1-Apr-19,  20:46:59   
1-Apr-19,  20:46:59   
1-Apr-19,  20:47:04   
1-Apr-19,  20:47:04   
1-Apr-19,  20:47:09   
1-Apr-19,  20:47:09   
1-Apr-19,  20:47:14   
1-Apr-19,  20:47:14   
1-Apr-19,  20:47:19   
1-Apr-19,  20:47:19   
1-Apr-19,  20:47:24   
1-Apr-19,  20:47:24   
1-Apr-19,  20:47:29   
1-Apr-19,  20:47:29   
1-Apr-19,  20:47:34   
1-Apr-19,  20:47:34   
1-Apr-19,  20:47:39   
1-Apr-19,  20:47:39   
1-Apr-19,  20:47:44   
1-Apr-19,  20:47:44   
1-Apr-19,  20:47:49   
1-Apr-19,  20:47:49   
1-Apr-19,  20:47:54   
1-Apr-19,  20:47:54   
1-Apr-19,  20:47:59   
1-Apr-19,  20:47:59   
1-Apr-19,  20:48:04   
1-Apr-19,  20:48:04   
1-Apr-19,  20:48:09   
1-Apr-19,  20:48:09   
1-Apr-19,  20:48:14   
1-Apr-19,  20:48:14   
1-Apr-19,  20:48:19   
1-Apr-19,  20:48:19   
1-Apr-19,  20:48:24   
1-Apr-19,  20:48:24   
1-Apr-19,  20:48:29   
1-Apr-19,  20:48:29   
1-Apr-19,  20:48:34   
1-Apr-19,  20:48:34   
1-Apr-19,  20:48:39   
1-Apr-19,  20:48:39   
1-Apr-19,  20:48:44   
1-Apr-19,  20:48:44   
1-Apr-19,  20:48:49   
1-Apr-19,  20:48:49   
1-Apr-19,  20:48:54   
1-Apr-19,  20:48:54   
1-Apr-19,  20:48:59   
1-Apr-19,  20:48:59   
1-Apr-19,  20:49:04   
1-Apr-19,  20:49:04   
1-Apr-19,  20:49:09   
1-Apr-19,  20:49:09   
1-Apr-19,  20:49:14   
1-Apr-19,  20:49:14   
1-Apr-19,  20:49:19   
1-Apr-19,  20:49:19   
1-Apr-19,  20:49:24   
1-Apr-19,  20:49:24   
1-Apr-19,  20:49:29   
1-Apr-19,  20:49:29   
1-Apr-19,  20:49:34   
1-Apr-19,  20:49:34   
1-Apr-19,  20:49:39   
1-Apr-19,  20:49:39   
1-Apr-19,  20:49:44   
1-Apr-19,  20:49:44   
1-Apr-19,  20:49:49   
1-Apr-19,  20:49:49   
1-Apr-19,  20:49:54   
1-Apr-19,  20:49:54   
1-Apr-19,  20:49:59   
1-Apr-19,  20:49:59   
1-Apr-19,  20:50:04   
1-Apr-19,  20:50:04   
1-Apr-19,  20:50:09   
1-Apr-19,  20:50:09   
1-Apr-19,  20:50:14   
1-Apr-19,  20:50:14   
1-Apr-19,  20:50:19   
1-Apr-19,  20:50:19   
1-Apr-19,  20:50:24   
1-Apr-19,  20:50:24   
1-Apr-19,  20:50:29   
1-Apr-19,  20:50:29   
1-Apr-19,  20:50:34   
1-Apr-19,  20:50:34   
1-Apr-19,  20:50:39   
1-Apr-19,  20:50:39   
1-Apr-19,  20:50:44   
1-Apr-19,  20:50:44   
1-Apr-19,  20:50:49   
1-Apr-19,  20:50:49   
1-Apr-19,  20:50:54   
1-Apr-19,  20:50:54   
1-Apr-19,  20:50:59   
1-Apr-19,  20:50:59   
1-Apr-19,  20:51:04   
1-Apr-19,  20:51:04   
1-Apr-19,  20:51:09   
1-Apr-19,  20:51:09   
1-Apr-19,  20:51:14   
1-Apr-19,  20:51:19   
1-Apr-19,  20:51:19   
1-Apr-19,  20:51:24   
1-Apr-19,  20:51:24   
1-Apr-19,  20:51:29   
1-Apr-19,  20:51:29   
1-Apr-19,  20:51:34   
1-Apr-19,  20:51:34   
1-Apr-19,  20:51:39   
1-Apr-19,  20:51:39   
1-Apr-19,  20:51:44   
1-Apr-19,  20:51:44   
1-Apr-19,  20:51:49   
1-Apr-19,  20:51:49   
1-Apr-19,  20:51:54   
1-Apr-19,  20:51:54   
1-Apr-19,  20:51:59   
1-Apr-19,  20:51:59   
1-Apr-19,  20:52:04   
1-Apr-19,  20:52:04   
1-Apr-19,  20:52:09   
1-Apr-19,  20:52:09   
1-Apr-19,  20:52:14   
1-Apr-19,  20:52:14   
1-Apr-19,  20:52:19   
1-Apr-19,  20:52:19   
1-Apr-19,  20:52:24   
1-Apr-19,  20:52:24   
1-Apr-19,  20:52:29   
1-Apr-19,  20:52:29   
1-Apr-19,  20:52:34   
1-Apr-19,  20:52:34   
1-Apr-19,  20:52:39   
1-Apr-19,  20:52:39   
1-Apr-19,  20:52:44   
1-Apr-19,  20:52:44   
1-Apr-19,  20:52:49   
1-Apr-19,  20:52:49   
1-Apr-19,  20:52:54   
1-Apr-19,  20:52:54   
1-Apr-19,  20:52:59   
1-Apr-19,  20:52:59   
1-Apr-19,  20:53:04   
1-Apr-19,  20:53:04   
1-Apr-19,  20:53:09   
1-Apr-19,  20:53:09   
1-Apr-19,  20:53:14   
1-Apr-19,  20:53:14   
1-Apr-19,  20:53:19   
1-Apr-19,  20:53:19   
1-Apr-19,  20:53:24   
1-Apr-19,  20:53:24   
1-Apr-19,  20:53:29   
1-Apr-19,  20:53:29   
1-Apr-19,  20:53:34   
1-Apr-19,  20:53:34   
1-Apr-19,  20:53:39   
1-Apr-19,  20:53:39   
1-Apr-19,  20:53:44   
1-Apr-19,  20:53:44   
1-Apr-19,  20:53:49   
1-Apr-19,  20:53:49   
1-Apr-19,  20:53:54   
1-Apr-19,  20:53:54   
1-Apr-19,  20:53:59   
1-Apr-19,  20:53:59   
1-Apr-19,  20:54:04   
1-Apr-19,  20:54:04   
1-Apr-19,  20:54:09   
1-Apr-19,  20:54:09   
1-Apr-19,  20:54:14   
1-Apr-19,  20:54:14   
1-Apr-19,  20:54:19   
1-Apr-19,  20:54:19   
1-Apr-19,  20:54:24   
1-Apr-19,  20:54:24   
1-Apr-19,  20:54:29   
1-Apr-19,  20:54:29   
1-Apr-19,  20:54:34   
1-Apr-19,  20:54:34   
1-Apr-19,  20:54:39   
1-Apr-19,  20:54:39   
1-Apr-19,  20:54:44   
1-Apr-19,  20:54:44   
1-Apr-19,  20:54:49   
1-Apr-19,  20:54:49   
1-Apr-19,  20:54:54   
1-Apr-19,  20:54:54   
1-Apr-19,  20:54:59   
1-Apr-19,  20:54:59   
1-Apr-19,  20:55:04   
1-Apr-19,  20:55:04   
1-Apr-19,  20:55:09   
1-Apr-19,  20:55:09   
1-Apr-19,  20:55:14   
1-Apr-19,  20:55:14   
1-Apr-19,  20:55:19   
1-Apr-19,  20:55:19   
1-Apr-19,  20:55:24   
1-Apr-19,  20:55:24   
1-Apr-19,  20:55:29   
1-Apr-19,  20:55:29   
1-Apr-19,  20:55:34   
1-Apr-19,  20:55:34   
1-Apr-19,  20:55:39   
1-Apr-19,  20:55:39   
1-Apr-19,  20:55:44   
1-Apr-19,  20:55:44   
1-Apr-19,  20:55:49   
1-Apr-19,  20:55:49   
1-Apr-19,  20:55:54   
1-Apr-19,  20:55:54   
1-Apr-19,  20:55:59   
1-Apr-19,  20:55:59   
1-Apr-19,  20:56:04   
1-Apr-19,  20:56:04   
1-Apr-19,  20:56:09   
1-Apr-19,  20:56:09   
1-Apr-19,  20:56:14   
1-Apr-19,  20:56:14   
1-Apr-19,  20:56:19   
1-Apr-19,  20:56:19   
1-Apr-19,  20:56:24   
1-Apr-19,  20:56:24   
1-Apr-19,  20:56:29   
1-Apr-19,  20:56:29   
1-Apr-19,  20:56:34   
1-Apr-19,  20:56:34   
1-Apr-19,  20:56:39   
1-Apr-19,  20:56:39   
1-Apr-19,  20:56:44   
1-Apr-19,  20:56:44   
1-Apr-19,  20:56:49   
1-Apr-19,  20:56:49   
1-Apr-19,  20:56:54   
1-Apr-19,  20:56:54   
1-Apr-19,  20:56:59   
1-Apr-19,  20:56:59   
1-Apr-19,  20:57:04   
1-Apr-19,  20:57:04   
1-Apr-19,  20:57:09   
1-Apr-19,  20:57:09   
1-Apr-19,  20:57:14   
1-Apr-19,  20:57:14   
1-Apr-19,  20:57:19   
1-Apr-19,  20:57:19   
1-Apr-19,  20:57:24   
1-Apr-19,  20:57:24   
1-Apr-19,  20:57:29   
1-Apr-19,  20:57:29   
1-Apr-19,  20:57:34   
1-Apr-19,  20:57:34   
1-Apr-19,  20:57:39   
1-Apr-19,  20:57:39   
1-Apr-19,  20:57:44   
1-Apr-19,  20:57:44   
1-Apr-19,  20:57:49   
1-Apr-19,  20:57:49   
1-Apr-19,  20:57:54   
1-Apr-19,  20:57:54   
1-Apr-19,  20:57:59   
1-Apr-19,  20:57:59   
1-Apr-19,  20:58:04   
1-Apr-19,  20:58:04   
1-Apr-19,  20:58:09   
1-Apr-19,  20:58:09   
1-Apr-19,  20:58:14   
1-Apr-19,  20:58:19   
1-Apr-19,  20:58:19   
1-Apr-19,  20:58:24   
1-Apr-19,  20:58:24   
1-Apr-19,  20:58:29   
1-Apr-19,  20:58:29   
1-Apr-19,  20:58:34   
1-Apr-19,  20:58:34   
1-Apr-19,  20:58:39   
1-Apr-19,  20:58:39   
1-Apr-19,  20:58:44   
1-Apr-19,  20:58:44   
1-Apr-19,  20:58:49   
1-Apr-19,  20:58:49   
1-Apr-19,  20:58:54   
1-Apr-19,  20:58:54   
1-Apr-19,  20:58:59   
1-Apr-19,  20:58:59   
1-Apr-19,  20:59:04   
1-Apr-19,  20:59:04   
1-Apr-19,  20:59:09   
1-Apr-19,  20:59:09   
1-Apr-19,  20:59:14   
1-Apr-19,  20:59:14   
1-Apr-19,  20:59:19   
1-Apr-19,  20:59:19   
1-Apr-19,  20:59:24   
1-Apr-19,  20:59:24   
1-Apr-19,  20:59:29   
1-Apr-19,  20:59:29   
1-Apr-19,  20:59:34   
1-Apr-19,  20:59:34   
1-Apr-19,  20:59:39   
1-Apr-19,  20:59:39   
1-Apr-19,  20:59:44   
1-Apr-19,  20:59:44   
1-Apr-19,  20:59:49   
1-Apr-19,  20:59:49   
1-Apr-19,  20:59:54   
1-Apr-19,  20:59:54   
1-Apr-19,  20:59:59   
1-Apr-19,  20:59:59   
1-Apr-19,  21:00:04   
1-Apr-19,  21:00:04   
1-Apr-19,  21:00:09   
1-Apr-19,  21:00:09   
1-Apr-19,  21:00:14   
1-Apr-19,  21:00:14   
1-Apr-19,  21:00:19   
1-Apr-19,  21:00:19   
1-Apr-19,  21:00:24   
1-Apr-19,  21:00:24   
1-Apr-19,  21:00:29   
1-Apr-19,  21:00:29   
1-Apr-19,  21:00:34   
1-Apr-19,  21:00:34   
1-Apr-19,  21:00:39   
1-Apr-19,  21:00:39   
1-Apr-19,  21:00:44   
1-Apr-19,  21:00:44   
1-Apr-19,  21:00:49   
1-Apr-19,  21:00:49   
1-Apr-19,  21:00:54   
1-Apr-19,  21:00:54   
1-Apr-19,  21:00:59   
1-Apr-19,  21:00:59   
1-Apr-19,  21:01:04   
1-Apr-19,  21:01:04   
1-Apr-19,  21:01:09   
1-Apr-19,  21:01:09   
1-Apr-19,  21:01:14   
1-Apr-19,  21:01:14   
1-Apr-19,  21:01:19   
1-Apr-19,  21:01:19   
1-Apr-19,  21:01:24   
1-Apr-19,  21:01:24   
1-Apr-19,  21:01:29   
1-Apr-19,  21:01:29   
1-Apr-19,  21:01:34   
1-Apr-19,  21:01:34   
1-Apr-19,  21:01:39   
1-Apr-19,  21:01:39   
1-Apr-19,  21:01:44   
1-Apr-19,  21:01:44   
1-Apr-19,  21:01:49   
1-Apr-19,  21:01:49   
1-Apr-19,  21:01:54   
1-Apr-19,  21:01:54   
1-Apr-19,  21:01:59   
1-Apr-19,  21:01:59   
1-Apr-19,  21:02:04   
1-Apr-19,  21:02:04   
1-Apr-19,  21:02:09   
1-Apr-19,  21:02:09   
1-Apr-19,  21:02:14   
1-Apr-19,  21:02:14   
1-Apr-19,  21:02:19   
1-Apr-19,  21:02:19   
1-Apr-19,  21:02:24   
1-Apr-19,  21:02:24   
1-Apr-19,  21:02:29   
1-Apr-19,  21:02:29   
1-Apr-19,  21:02:34   
1-Apr-19,  21:02:34   
1-Apr-19,  21:02:39   
1-Apr-19,  21:02:39   
1-Apr-19,  21:02:44   
1-Apr-19,  21:02:44   
1-Apr-19,  21:02:49   
1-Apr-19,  21:02:49   
1-Apr-19,  21:02:54   
1-Apr-19,  21:02:59   
1-Apr-19,  21:02:59   
1-Apr-19,  21:03:04   
1-Apr-19,  21:03:04   
1-Apr-19,  21:03:09   
1-Apr-19,  21:03:09   
1-Apr-19,  21:03:14   
1-Apr-19,  21:03:14   
1-Apr-19,  21:03:19   
1-Apr-19,  21:03:19   
1-Apr-19,  21:03:24   
1-Apr-19,  21:03:24   
1-Apr-19,  21:03:29   
1-Apr-19,  21:03:29   
1-Apr-19,  21:03:34   
1-Apr-19,  21:03:34   
1-Apr-19,  21:03:39   
1-Apr-19,  21:03:39   
1-Apr-19,  21:03:44   
1-Apr-19,  21:03:44   
1-Apr-19,  21:03:49   
1-Apr-19,  21:03:49   
1-Apr-19,  21:03:54   
1-Apr-19,  21:03:54   
1-Apr-19,  21:03:59   
1-Apr-19,  21:03:59   
1-Apr-19,  21:04:04   
1-Apr-19,  21:04:04   
1-Apr-19,  21:04:09   
1-Apr-19,  21:04:09   
1-Apr-19,  21:04:14   
1-Apr-19,  21:04:14   
1-Apr-19,  21:04:19   
1-Apr-19,  21:04:19   
1-Apr-19,  21:04:24   
1-Apr-19,  21:04:24   
1-Apr-19,  21:04:29   
1-Apr-19,  21:04:29   
1-Apr-19,  21:04:34   
1-Apr-19,  21:04:34   
1-Apr-19,  21:04:39   
1-Apr-19,  21:04:39   
1-Apr-19,  21:04:44   
1-Apr-19,  21:04:44   
1-Apr-19,  21:04:49   
1-Apr-19,  21:04:49   
1-Apr-19,  21:04:54   
1-Apr-19,  21:04:54   
1-Apr-19,  21:04:59   
1-Apr-19,  21:04:59   
1-Apr-19,  21:05:04   
1-Apr-19,  21:05:04   
1-Apr-19,  21:05:09   
1-Apr-19,  21:05:09   
1-Apr-19,  21:05:14   
1-Apr-19,  21:05:14   
1-Apr-19,  21:05:19   
1-Apr-19,  21:05:19   
1-Apr-19,  21:05:24   
1-Apr-19,  21:05:24   
1-Apr-19,  21:05:29   
1-Apr-19,  21:05:29   
1-Apr-19,  21:05:34   
1-Apr-19,  21:05:34   
1-Apr-19,  21:05:39   
1-Apr-19,  21:05:39   
1-Apr-19,  21:05:44   
1-Apr-19,  21:05:44   
1-Apr-19,  21:05:49   
1-Apr-19,  21:05:49   
1-Apr-19,  21:05:54   
1-Apr-19,  21:05:54   
1-Apr-19,  21:05:59   
1-Apr-19,  21:05:59   
1-Apr-19,  21:06:04   
1-Apr-19,  21:06:04   
1-Apr-19,  21:06:09   
1-Apr-19,  21:06:09   
1-Apr-19,  21:06:14   
1-Apr-19,  21:06:14   
1-Apr-19,  21:06:19   
1-Apr-19,  21:06:19   
1-Apr-19,  21:06:24   
1-Apr-19,  21:06:24   
1-Apr-19,  21:06:29   
1-Apr-19,  21:06:29   
1-Apr-19,  21:06:34   
1-Apr-19,  21:06:34   
1-Apr-19,  21:06:39   
1-Apr-19,  21:06:39   
1-Apr-19,  21:06:44   
1-Apr-19,  21:06:44   
1-Apr-19,  21:06:49   
1-Apr-19,  21:06:49   
1-Apr-19,  21:06:54   
1-Apr-19,  21:06:54   
1-Apr-19,  21:06:59   
1-Apr-19,  21:06:59   
1-Apr-19,  21:07:04   
1-Apr-19,  21:07:04   
1-Apr-19,  21:07:09   
1-Apr-19,  21:07:09   
1-Apr-19,  21:07:14   
1-Apr-19,  21:07:14   
1-Apr-19,  21:07:19   
1-Apr-19,  21:07:19   
1-Apr-19,  21:07:24   
1-Apr-19,  21:07:24   
1-Apr-19,  21:07:29   
1-Apr-19,  21:07:29   
1-Apr-19,  21:07:34   
1-Apr-19,  21:07:34   
1-Apr-19,  21:07:39   
1-Apr-19,  21:07:39   
1-Apr-19,  21:07:44   
1-Apr-19,  21:07:44   
1-Apr-19,  21:07:49   
1-Apr-19,  21:07:49   
1-Apr-19,  21:07:54   
1-Apr-19,  21:07:54   
1-Apr-19,  21:07:59   
1-Apr-19,  21:07:59   
1-Apr-19,  21:08:04   
1-Apr-19,  21:08:04   
1-Apr-19,  21:08:09   
1-Apr-19,  21:08:09   
1-Apr-19,  21:08:14   
1-Apr-19,  21:08:14   
1-Apr-19,  21:08:19   
1-Apr-19,  21:08:19   
1-Apr-19,  21:08:24   
1-Apr-19,  21:08:24   
1-Apr-19,  21:08:29   
1-Apr-19,  21:08:29   
1-Apr-19,  21:08:34   
1-Apr-19,  21:08:34   
1-Apr-19,  21:08:39   
1-Apr-19,  21:08:39   
1-Apr-19,  21:08:44   
1-Apr-19,  21:08:44   
1-Apr-19,  21:08:49   
1-Apr-19,  21:08:49   
1-Apr-19,  21:08:54   
1-Apr-19,  21:08:54   
1-Apr-19,  21:08:59   
1-Apr-19,  21:08:59   
1-Apr-19,  21:09:04   
1-Apr-19,  21:09:04   
1-Apr-19,  21:09:09   
1-Apr-19,  21:09:09   
1-Apr-19,  21:09:14   
2-Apr-19,   04:01:23   
2-Apr-19,   04:01:23   
2-Apr-19,   04:01:23   
2-Apr-19,   04:01:23   
2-Apr-19,   04:01:23   
2-Apr-19,   04:01:23   
2-Apr-19,   04:01:23   
2-Apr-19,   04:01:23   
2-Apr-19,   04:01:23   
2-Apr-19,   04:01:23   
2-Apr-19,   04:01:23   
2-Apr-19,   04:01:23   
2-Apr-19,   04:01:23   
2-Apr-19,   04:01:23   
2-Apr-19,   04:01:23   
2-Apr-19,   04:01:23   
2-Apr-19,   04:01:23   
2-Apr-19,   04:01:23   
2-Apr-19,   04:01:23   
2-Apr-19,   04:01:23   
2-Apr-19,   04:01:23   
2-Apr-19,   04:01:23   
2-Apr-19,   04:01:23   
2-Apr-19,   04:01:23   
2-Apr-19,   04:01:23   
2-Apr-19,   04:01:23   
2-Apr-19,   04:01:23   
2-Apr-19,   04:01:23   
2-Apr-19,   04:01:23   
2-Apr-19,   04:01:23   
2-Apr-19,   04:01:23   
2-Apr-19,   04:01:23   
2-Apr-19,   04:01:23   
2-Apr-19,   04:01:23   
2-Apr-19,   04:01:23   
2-Apr-19,   04:01:24   
2-Apr-19,   04:01:24   
2-Apr-19,   04:01:24   
2-Apr-19,   04:01:24   
2-Apr-19,   04:01:24   
2-Apr-19,   04:01:24   
2-Apr-19,   04:01:24   
2-Apr-19,   04:01:24   
2-Apr-19,   04:01:24   
2-Apr-19,   04:01:24   
2-Apr-19,   04:01:24   
2-Apr-19,   04:01:24   
2-Apr-19,   04:01:24   
2-Apr-19,   04:01:24   
2-Apr-19,   04:01:24   
2-Apr-19,   04:01:24   
2-Apr-19,   04:01:24   
2-Apr-19,   04:01:24   
2-Apr-19,   04:01:24   
2-Apr-19,   04:01:24   
2-Apr-19,   04:01:24   
2-Apr-19,   04:01:24   
2-Apr-19,   04:01:24   
2-Apr-19,   04:01:24   
2-Apr-19,   04:01:24   
2-Apr-19,   04:01:24   
2-Apr-19,   04:01:24   
2-Apr-19,   04:01:24   
2-Apr-19,   04:01:24   
2-Apr-19,   04:01:24   
2-Apr-19,   04:01:24   
2-Apr-19,   04:01:24   
2-Apr-19,   04:01:24   
2-Apr-19,   04:01:25   
2-Apr-19,   04:01:25   
2-Apr-19,   04:01:25   
2-Apr-19,   04:01:25   
2-Apr-19,   04:01:25   
2-Apr-19,   04:01:25   
2-Apr-19,   04:01:25   
2-Apr-19,   04:01:25   
2-Apr-19,   04:01:25   
2-Apr-19,   04:01:25   
2-Apr-19,   04:01:25   
2-Apr-19,   04:01:25   
2-Apr-19,   04:01:25   
2-Apr-19,   04:01:25   
2-Apr-19,   04:01:25   
2-Apr-19,   04:01:25   
2-Apr-19,   04:01:25   
2-Apr-19,   04:01:25   
2-Apr-19,   04:01:25   
2-Apr-19,   04:01:25   
2-Apr-19,   04:01:25   
2-Apr-19,   04:01:25   
2-Apr-19,   04:01:25   
2-Apr-19,   04:01:25   
2-Apr-19,   04:01:25   
2-Apr-19,   04:01:25   
2-Apr-19,   04:01:25   
2-Apr-19,   04:01:25   
2-Apr-19,   04:01:25   
2-Apr-19,   04:01:25   
2-Apr-19,   04:01:26   
2-Apr-19,   04:01:26   
2-Apr-19,   04:01:26   
2-Apr-19,   04:01:26   
2-Apr-19,   04:01:26   
2-Apr-19,   04:01:26   
2-Apr-19,   04:01:26   
2-Apr-19,   04:01:26   
2-Apr-19,   04:01:26   
2-Apr-19,   04:01:26   
2-Apr-19,   04:01:26   
2-Apr-19,   04:01:26   
2-Apr-19,   04:01:26   
2-Apr-19,   04:01:26   
2-Apr-19,   04:01:26   
2-Apr-19,   04:01:26   
2-Apr-19,   04:01:26   
2-Apr-19,   04:01:26   
2-Apr-19,   04:01:26   
2-Apr-19,   04:01:26   
2-Apr-19,   04:01:26   
2-Apr-19,   04:01:26   
2-Apr-19,   04:01:26   
2-Apr-19,   04:01:26   
2-Apr-19,   04:01:26   
2-Apr-19,   04:01:26   
2-Apr-19,   04:01:26   
2-Apr-19,   04:01:26   
2-Apr-19,   04:01:26   
2-Apr-19,   04:01:26   
2-Apr-19,   04:01:26   
2-Apr-19,   04:01:26   
2-Apr-19,   04:01:26   
2-Apr-19,   04:01:26   
2-Apr-19,   04:01:26   
2-Apr-19,   04:01:26   
2-Apr-19,   04:01:27   
2-Apr-19,   04:01:27   
2-Apr-19,   04:01:27   
2-Apr-19,   04:01:27   
2-Apr-19,   04:01:27   
2-Apr-19,   04:01:27   
2-Apr-19,   04:01:27   
2-Apr-19,   04:01:27   
2-Apr-19,   04:01:27   
2-Apr-19,   04:01:27   
2-Apr-19,   04:01:27   
2-Apr-19,   04:01:27   
2-Apr-19,   04:01:27   
2-Apr-19,   04:01:27   
2-Apr-19,   04:01:27   
2-Apr-19,   04:01:27   
2-Apr-19,   04:01:27   
2-Apr-19,   04:01:27   
2-Apr-19,   04:01:27   
2-Apr-19,   04:01:27   
2-Apr-19,   04:01:27   
2-Apr-19,   04:01:27   
2-Apr-19,   04:01:27   
2-Apr-19,   04:01:27   
2-Apr-19,   04:01:27   
2-Apr-19,   04:01:27   
2-Apr-19,   04:01:27   
2-Apr-19,   04:01:27   
2-Apr-19,   04:01:27   
2-Apr-19,   04:01:27   
2-Apr-19,   04:01:27   
2-Apr-19,   04:01:27   
2-Apr-19,   04:01:28   
2-Apr-19,   04:01:28   
2-Apr-19,   04:01:28   
2-Apr-19,   04:01:28   
2-Apr-19,   04:01:28   
2-Apr-19,   04:01:28   
2-Apr-19,   04:01:28   
2-Apr-19,   04:01:28   
2-Apr-19,   04:01:28   
2-Apr-19,   04:01:28   
2-Apr-19,   04:01:28   
2-Apr-19,   04:01:28   
2-Apr-19,   04:01:28   
2-Apr-19,   04:01:28   
2-Apr-19,   04:01:28   
2-Apr-19,   04:01:28   
2-Apr-19,   04:01:28   
2-Apr-19,   04:01:28   
2-Apr-19,   04:01:28   
2-Apr-19,   04:01:28   
2-Apr-19,   04:01:28   
2-Apr-19,   04:01:28   
2-Apr-19,   04:01:28   
2-Apr-19,   04:01:28   
2-Apr-19,   04:01:28   
2-Apr-19,   04:01:28   
2-Apr-19,   04:01:28   
2-Apr-19,   04:01:28   
2-Apr-19,   04:01:28   
2-Apr-19,   04:01:28   
2-Apr-19,   04:01:28   
2-Apr-19,   04:01:28   
2-Apr-19,   04:01:28   
2-Apr-19,   04:01:28   
2-Apr-19,   04:01:28   
2-Apr-19,   04:01:28   
2-Apr-19,   04:01:29   
2-Apr-19,   04:01:29   
2-Apr-19,   04:01:29   
2-Apr-19,   04:01:29   
2-Apr-19,   04:01:29   
2-Apr-19,   04:01:29   
2-Apr-19,   04:01:29   
2-Apr-19,   04:01:29   
2-Apr-19,   04:01:29   
2-Apr-19,   04:01:29   
2-Apr-19,   04:01:29   
2-Apr-19,   04:01:29   
2-Apr-19,   04:01:29   
2-Apr-19,   04:01:29   
2-Apr-19,   04:01:29   
2-Apr-19,   04:01:29   
2-Apr-19,   04:01:29   
2-Apr-19,   04:01:29   
2-Apr-19,   04:01:29   
2-Apr-19,   04:01:29   
2-Apr-19,   04:01:29   
2-Apr-19,   04:01:29   
2-Apr-19,   04:01:29   
2-Apr-19,   04:01:29   
2-Apr-19,   04:01:29   
2-Apr-19,   04:01:29   
2-Apr-19,   04:01:29   
2-Apr-19,   04:01:29   
2-Apr-19,   04:01:29   
2-Apr-19,   04:01:29   
2-Apr-19,   04:01:29   
2-Apr-19,   04:01:29   
2-Apr-19,   04:01:29   
2-Apr-19,   04:01:29   
2-Apr-19,   04:01:29   
2-Apr-19,   04:01:30   
2-Apr-19,   04:01:30   
2-Apr-19,   04:01:30   
2-Apr-19,   04:01:30   
2-Apr-19,   04:01:30   
2-Apr-19,   04:01:30   
2-Apr-19,   04:01:30   
2-Apr-19,   04:01:30   
2-Apr-19,   04:01:30   
2-Apr-19,   04:01:30   
2-Apr-19,   04:01:30   
2-Apr-19,   04:01:30   
2-Apr-19,   04:01:30   
2-Apr-19,   04:01:30   
2-Apr-19,   04:01:30   
2-Apr-19,   04:01:30   
2-Apr-19,   04:01:30   
2-Apr-19,   04:01:30   
2-Apr-19,   04:01:30   
2-Apr-19,   04:01:30   
2-Apr-19,   04:01:30   
2-Apr-19,   04:01:30   
2-Apr-19,   04:01:30   
2-Apr-19,   04:01:30   
2-Apr-19,   04:01:30   
2-Apr-19,   04:01:30   
2-Apr-19,   04:01:30   
2-Apr-19,   04:01:30   
2-Apr-19,   04:01:30   
2-Apr-19,   04:01:30   
2-Apr-19,   04:01:30   
2-Apr-19,   04:01:30   
2-Apr-19,   04:01:31   
2-Apr-19,   04:01:31   
2-Apr-19,   04:01:31   
2-Apr-19,   04:01:31   
2-Apr-19,   04:01:31   
2-Apr-19,   04:01:31   
2-Apr-19,   04:01:31   
2-Apr-19,   04:01:31   
2-Apr-19,   04:01:31   
2-Apr-19,   04:01:31   
2-Apr-19,   04:01:31   
2-Apr-19,   04:01:31   
2-Apr-19,   04:01:31   
2-Apr-19,   04:01:31   
2-Apr-19,   04:01:31   
2-Apr-19,   04:01:31   
2-Apr-19,   04:01:31   
2-Apr-19,   04:01:31   
2-Apr-19,   04:01:31   
2-Apr-19,   04:01:31   
2-Apr-19,   04:01:31   
2-Apr-19,   04:01:31   
2-Apr-19,   04:01:31   
2-Apr-19,   04:01:31   
2-Apr-19,   04:01:31   
2-Apr-19,   04:01:31   
2-Apr-19,   04:01:31   
2-Apr-19,   04:01:31   
2-Apr-19,   04:01:31   
2-Apr-19,   04:01:31   
2-Apr-19,   04:01:31   
2-Apr-19,   04:01:31   
2-Apr-19,   04:01:31   
2-Apr-19,   04:01:31   
2-Apr-19,   04:01:31   
2-Apr-19,   04:01:32   
2-Apr-19,   04:01:32   
2-Apr-19,   04:01:32   
2-Apr-19,   04:01:32   
2-Apr-19,   04:01:32   
2-Apr-19,   04:01:32   
2-Apr-19,   04:01:32   
2-Apr-19,   04:01:32   
2-Apr-19,   04:01:32   
2-Apr-19,   04:01:32   
2-Apr-19,   04:01:32   
2-Apr-19,   04:01:32   
2-Apr-19,   04:01:32   
2-Apr-19,   04:01:32   
2-Apr-19,   04:01:32   
2-Apr-19,   04:01:32   
2-Apr-19,   04:01:32   
2-Apr-19,   04:01:32   
2-Apr-19,   04:01:32   
2-Apr-19,   04:01:32   
2-Apr-19,   04:01:32   
2-Apr-19,   04:01:32   
2-Apr-19,   04:01:32   
2-Apr-19,   04:01:32   
2-Apr-19,   04:01:32   
2-Apr-19,   04:01:32   
2-Apr-19,   04:01:32   
2-Apr-19,   04:01:32   
2-Apr-19,   04:01:32   
2-Apr-19,   04:01:32   
2-Apr-19,   04:01:32   
2-Apr-19,   04:01:32   
2-Apr-19,   04:01:33   
2-Apr-19,   04:01:33   
2-Apr-19,   04:01:33   
2-Apr-19,   04:01:33   
2-Apr-19,   04:01:33   
2-Apr-19,   04:01:33   
2-Apr-19,   04:01:33   
2-Apr-19,   04:01:33   
2-Apr-19,   04:01:33   
2-Apr-19,   04:01:33   
2-Apr-19,   04:01:33   
2-Apr-19,   04:01:33   
2-Apr-19,   04:01:33   
2-Apr-19,   04:01:33   
2-Apr-19,   04:01:33   
2-Apr-19,   04:01:33   
2-Apr-19,   04:01:33   
2-Apr-19,   04:01:33   
2-Apr-19,   04:01:33   
2-Apr-19,   04:01:33   
2-Apr-19,   04:01:33   
2-Apr-19,   04:01:33   
2-Apr-19,   04:01:33   
2-Apr-19,   04:01:33   
2-Apr-19,   04:01:33   
2-Apr-19,   04:01:33   
2-Apr-19,   04:01:33   
2-Apr-19,   04:01:33   
2-Apr-19,   04:01:33   
2-Apr-19,   04:01:33   
2-Apr-19,   04:01:33   
2-Apr-19,   04:01:33   
2-Apr-19,   04:01:33   
2-Apr-19,   04:01:33   
2-Apr-19,   04:01:33   
2-Apr-19,   04:01:34   
2-Apr-19,   04:01:34   
2-Apr-19,   04:01:34   
2-Apr-19,   04:01:34   
2-Apr-19,   04:01:34   
2-Apr-19,   04:01:34   
2-Apr-19,   04:01:34   
2-Apr-19,   04:01:34   
2-Apr-19,   04:01:34   
2-Apr-19,   04:01:34   
2-Apr-19,   04:01:34   
2-Apr-19,   04:01:34   
2-Apr-19,   04:01:34   
2-Apr-19,   04:01:34   
2-Apr-19,   04:01:34   
2-Apr-19,   04:01:34   
2-Apr-19,   04:01:34   
2-Apr-19,   04:01:34   
2-Apr-19,   04:01:34   
2-Apr-19,   04:01:34   
2-Apr-19,   04:01:34   
2-Apr-19,   04:01:34   
2-Apr-19,   04:01:34   
2-Apr-19,   04:01:34   
2-Apr-19,   04:01:34   
2-Apr-19,   04:01:34   
2-Apr-19,   04:01:34   
2-Apr-19,   04:01:34   
2-Apr-19,   04:01:34   
2-Apr-19,   04:01:34   
2-Apr-19,   04:01:34   
2-Apr-19,   04:01:34   
2-Apr-19,   04:01:34   
2-Apr-19,   04:01:35   
2-Apr-19,   04:01:35   
2-Apr-19,   04:01:35   
2-Apr-19,   04:01:35   
2-Apr-19,   04:01:35   
2-Apr-19,   04:01:35   
2-Apr-19,   04:01:35   
2-Apr-19,   04:01:35   
2-Apr-19,   04:01:35   
2-Apr-19,   04:01:35   
2-Apr-19,   04:01:35   
2-Apr-19,   04:01:35   
2-Apr-19,   04:01:35   
2-Apr-19,   04:01:35   
2-Apr-19,   04:01:35   
2-Apr-19,   04:01:35   
2-Apr-19,   04:01:35   
2-Apr-19,   04:01:35   
2-Apr-19,   04:01:35   
2-Apr-19,   04:01:35   
2-Apr-19,   04:01:35   
2-Apr-19,   04:01:35   
2-Apr-19,   04:01:35   
2-Apr-19,   04:01:35   
2-Apr-19,   04:01:35   
2-Apr-19,   04:01:35   
2-Apr-19,   04:01:35   
2-Apr-19,   04:01:35   
2-Apr-19,   04:01:35   
2-Apr-19,   04:01:35   
2-Apr-19,   04:01:35   
2-Apr-19,   04:01:35   
2-Apr-19,   04:01:35   
2-Apr-19,   04:01:35   
2-Apr-19,   04:01:36   
2-Apr-19,   04:01:36   
2-Apr-19,   04:01:36   
2-Apr-19,   04:01:36   
2-Apr-19,   04:01:36   
2-Apr-19,   04:01:36   
2-Apr-19,   04:01:36   
2-Apr-19,   04:01:36   
2-Apr-19,   04:01:36   
2-Apr-19,   04:01:36   
2-Apr-19,   04:01:36   
2-Apr-19,   04:01:36   
2-Apr-19,   04:01:36   
2-Apr-19,   04:01:36   
2-Apr-19,   04:01:36   
2-Apr-19,   04:01:36   
2-Apr-19,   04:01:36   
2-Apr-19,   04:01:36   
2-Apr-19,   04:01:36   
2-Apr-19,   04:01:36   
2-Apr-19,   04:01:36   
2-Apr-19,   04:01:36   
2-Apr-19,   04:01:36   
2-Apr-19,   04:01:36   
2-Apr-19,   04:01:36   
2-Apr-19,   04:01:36   
2-Apr-19,   04:01:36   
2-Apr-19,   04:01:36   
2-Apr-19,   04:01:36   
2-Apr-19,   04:01:36   
2-Apr-19,   04:01:36   
2-Apr-19,   04:01:36   
2-Apr-19,   04:01:36   
2-Apr-19,   04:01:36   
2-Apr-19,   04:01:36   
2-Apr-19,   04:01:36   
2-Apr-19,   04:01:36   
2-Apr-19,   04:01:36   
2-Apr-19,   04:01:37   
2-Apr-19,   04:01:37   
2-Apr-19,   04:01:37   
2-Apr-19,   04:01:37   
2-Apr-19,   04:01:37   
2-Apr-19,   04:01:37   
2-Apr-19,   04:01:37   
2-Apr-19,   04:01:37   
2-Apr-19,   04:01:37   
2-Apr-19,   04:01:37   
2-Apr-19,   04:01:37   
2-Apr-19,   04:01:37   
2-Apr-19,   04:01:37   
2-Apr-19,   04:01:37   
2-Apr-19,   04:01:37   
2-Apr-19,   04:01:37   
2-Apr-19,   04:01:37   
2-Apr-19,   04:01:37   
2-Apr-19,   04:01:37   
2-Apr-19,   04:01:37   
2-Apr-19,   04:01:37   
2-Apr-19,   04:01:37   
2-Apr-19,   04:01:37   
2-Apr-19,   04:01:37   
2-Apr-19,   04:01:37   
2-Apr-19,   04:01:37   
2-Apr-19,   04:01:37   
2-Apr-19,   04:01:37   
2-Apr-19,   04:01:37   
2-Apr-19,   04:01:37   
2-Apr-19,   04:01:37   
2-Apr-19,   04:01:37   
2-Apr-19,   04:01:37   
2-Apr-19,   04:01:37   
2-Apr-19,   04:01:37   
2-Apr-19,   04:01:37   
2-Apr-19,   04:01:37   
2-Apr-19,   04:01:37   
2-Apr-19,   04:01:38   
2-Apr-19,   04:01:38   
2-Apr-19,   04:01:38   
2-Apr-19,   04:01:38   
2-Apr-19,   04:01:38   
2-Apr-19,   04:01:38   
2-Apr-19,   04:01:38   
2-Apr-19,   04:01:38   
2-Apr-19,   04:01:38   
2-Apr-19,   04:01:38   
2-Apr-19,   04:01:38   
2-Apr-19,   04:01:38   
2-Apr-19,   04:01:38   
2-Apr-19,   04:01:38   
2-Apr-19,   04:01:38   
2-Apr-19,   04:01:38   
2-Apr-19,   04:01:38   
2-Apr-19,   04:01:38   
2-Apr-19,   04:01:38   
2-Apr-19,   04:01:38   
2-Apr-19,   04:01:38   
2-Apr-19,   04:01:38   
2-Apr-19,   04:01:38   
2-Apr-19,   04:01:38   
2-Apr-19,   04:01:38   
2-Apr-19,   04:01:38   
2-Apr-19,   04:01:38   
2-Apr-19,   04:01:38   
2-Apr-19,   04:01:38   
2-Apr-19,   04:01:38   
2-Apr-19,   04:01:38   
2-Apr-19,   04:01:38   
2-Apr-19,   04:01:38   
2-Apr-19,   04:01:38   
2-Apr-19,   04:01:38   
2-Apr-19,   04:01:38   
2-Apr-19,   04:01:38   
2-Apr-19,   04:01:38   
2-Apr-19,   04:01:38   
2-Apr-19,   04:01:38   
2-Apr-19,   04:01:38   
2-Apr-19,   04:01:38   
2-Apr-19,   04:01:39   
2-Apr-19,   04:01:39   
2-Apr-19,   04:01:39   
2-Apr-19,   04:01:39   
2-Apr-19,   04:01:39   
2-Apr-19,   04:01:39   
2-Apr-19,   04:01:39   
2-Apr-19,   04:01:39   
2-Apr-19,   04:01:39   
2-Apr-19,   04:01:39   
2-Apr-19,   04:01:39   
2-Apr-19,   04:01:39   
2-Apr-19,   04:01:39   
2-Apr-19,   04:01:39   
2-Apr-19,   04:01:39   
2-Apr-19,   04:01:39   
2-Apr-19,   04:01:39   
2-Apr-19,   04:01:39   
2-Apr-19,   04:01:39   
2-Apr-19,   04:01:39   
2-Apr-19,   04:01:39   
2-Apr-19,   04:01:39   
2-Apr-19,   04:01:39   
2-Apr-19,   04:01:39   
2-Apr-19,   04:01:39   
2-Apr-19,   04:01:39   
2-Apr-19,   04:01:39   
2-Apr-19,   04:01:39   
2-Apr-19,   04:01:39   
2-Apr-19,   04:01:39   
2-Apr-19,   04:01:39   
2-Apr-19,   04:01:39   
2-Apr-19,   04:01:39   
2-Apr-19,   04:01:39   
2-Apr-19,   04:01:39   
2-Apr-19,   04:01:39   
2-Apr-19,   04:01:39   
2-Apr-19,   04:01:39   
2-Apr-19,   04:01:39   
2-Apr-19,   04:01:40   
2-Apr-19,   04:01:40   
2-Apr-19,   04:01:40   
2-Apr-19,   04:01:40   
2-Apr-19,   04:01:40   
2-Apr-19,   04:01:40   
2-Apr-19,   04:01:40   
2-Apr-19,   04:01:40   
2-Apr-19,   04:01:40   
2-Apr-19,   04:01:40   
2-Apr-19,   04:01:40   
2-Apr-19,   04:01:40   
2-Apr-19,   04:01:40   
2-Apr-19,   04:01:40   
2-Apr-19,   04:01:40   
2-Apr-19,   04:01:40   
2-Apr-19,   04:01:40   
2-Apr-19,   04:01:40   
2-Apr-19,   04:01:40   
2-Apr-19,   04:01:40   
2-Apr-19,   04:01:40   
2-Apr-19,   04:01:40   
2-Apr-19,   04:01:40   
2-Apr-19,   04:01:40   
2-Apr-19,   04:01:40   
2-Apr-19,   04:01:40   
2-Apr-19,   04:01:40   
2-Apr-19,   04:01:40   
2-Apr-19,   04:01:40   
2-Apr-19,   04:01:40   
2-Apr-19,   04:01:40   
2-Apr-19,   04:01:40   
2-Apr-19,   04:01:40   
2-Apr-19,   04:01:40   
2-Apr-19,   04:01:40   
2-Apr-19,   04:01:40   
2-Apr-19,   04:01:41   
2-Apr-19,   04:01:41   
2-Apr-19,   04:01:41   
2-Apr-19,   04:01:41   
2-Apr-19,   04:01:41   
2-Apr-19,   04:01:41   
2-Apr-19,   04:01:41   
2-Apr-19,   04:01:41   
2-Apr-19,   04:01:41   
2-Apr-19,   04:01:41   
2-Apr-19,   04:01:41   
2-Apr-19,   04:01:41   
2-Apr-19,   04:01:41   
2-Apr-19,   04:01:41   
2-Apr-19,   04:01:41   
2-Apr-19,   04:01:41   
2-Apr-19,   04:01:41   
2-Apr-19,   04:01:41   
2-Apr-19,   04:01:41   
2-Apr-19,   04:01:41   
2-Apr-19,   04:01:41   
2-Apr-19,   04:01:41   
2-Apr-19,   04:01:41   
2-Apr-19,   04:01:41   
2-Apr-19,   04:01:41   
2-Apr-19,   04:01:41   
2-Apr-19,   04:01:41   
2-Apr-19,   04:01:41   
2-Apr-19,   04:01:41   
2-Apr-19,   04:01:41   
2-Apr-19,   04:01:41   
2-Apr-19,   04:01:41   
2-Apr-19,   04:01:41   
2-Apr-19,   04:01:41   
2-Apr-19,   04:01:42   
2-Apr-19,   04:01:42   
2-Apr-19,   04:01:42   
2-Apr-19,   04:01:42   
2-Apr-19,   04:01:42   
2-Apr-19,   04:01:42   
2-Apr-19,   04:01:42   
2-Apr-19,   04:01:42   
2-Apr-19,   04:01:42   
2-Apr-19,   04:01:42   
2-Apr-19,   04:01:42   
2-Apr-19,   04:01:42   
2-Apr-19,   04:01:42   
2-Apr-19,   04:01:42   
2-Apr-19,   04:01:42   
2-Apr-19,   04:01:42   
2-Apr-19,   04:01:42   
2-Apr-19,   04:01:42   
2-Apr-19,   04:01:42   
2-Apr-19,   04:01:42   
2-Apr-19,   04:01:42   
2-Apr-19,   04:01:42   
2-Apr-19,   04:01:42   
2-Apr-19,   04:01:42   
2-Apr-19,   04:01:42   
2-Apr-19,   04:01:42   
2-Apr-19,   04:01:42   
2-Apr-19,   04:01:42   
2-Apr-19,   04:01:42   
2-Apr-19,   04:01:42   
2-Apr-19,   04:01:42   
2-Apr-19,   04:01:42   
2-Apr-19,   04:01:43   
2-Apr-19,   04:01:43   
2-Apr-19,   04:01:43   
2-Apr-19,   04:01:43   
2-Apr-19,   04:01:43   
2-Apr-19,   04:01:43   
2-Apr-19,   04:01:43   
2-Apr-19,   04:01:43   
2-Apr-19,   04:01:43   
2-Apr-19,   04:01:43   
2-Apr-19,   04:01:43   
2-Apr-19,   04:01:43   
2-Apr-19,   04:01:43   
2-Apr-19,   04:01:43   
2-Apr-19,   04:01:43   
2-Apr-19,   04:01:43   
2-Apr-19,   04:01:43   
2-Apr-19,   04:01:43   
2-Apr-19,   04:01:43   
2-Apr-19,   04:01:43   
2-Apr-19,   04:01:43   
2-Apr-19,   04:01:43   
2-Apr-19,   04:01:43   
2-Apr-19,   04:01:43   
2-Apr-19,   04:01:43   
2-Apr-19,   04:01:43   
2-Apr-19,   04:01:43   
2-Apr-19,   04:01:43   
2-Apr-19,   04:01:43   
2-Apr-19,   04:01:43   
2-Apr-19,   04:01:43   
2-Apr-19,   04:01:43   
2-Apr-19,   04:01:43   
2-Apr-19,   04:01:43   
2-Apr-19,   04:01:43   
2-Apr-19,   04:01:43   
2-Apr-19,   04:01:43   
2-Apr-19,   04:01:44   
2-Apr-19,   04:01:44   
2-Apr-19,   04:01:44   
2-Apr-19,   04:01:44   
2-Apr-19,   04:01:44   
2-Apr-19,   04:01:44   
2-Apr-19,   04:01:44   
2-Apr-19,   04:01:44   
2-Apr-19,   04:01:44   
2-Apr-19,   04:01:44   
2-Apr-19,   04:01:44   
2-Apr-19,   04:01:44   
2-Apr-19,   04:01:44   
2-Apr-19,   04:01:44   
2-Apr-19,   04:01:44   
2-Apr-19,   04:01:44   
2-Apr-19,   04:01:44   
2-Apr-19,   04:01:44   
2-Apr-19,   04:01:44   
2-Apr-19,   04:01:44   
2-Apr-19,   04:01:44   
2-Apr-19,   04:01:44   
2-Apr-19,   04:01:44   
2-Apr-19,   04:01:44   
2-Apr-19,   04:01:44   
2-Apr-19,   04:01:44   
2-Apr-19,   04:01:44   
2-Apr-19,   04:01:44   
2-Apr-19,   04:01:44   
2-Apr-19,   04:01:44   
2-Apr-19,   04:01:44   
2-Apr-19,   04:01:44   
2-Apr-19,   04:01:44   
2-Apr-19,   04:01:44   
2-Apr-19,   04:01:44   
2-Apr-19,   04:01:44   
2-Apr-19,   04:01:44   
2-Apr-19,   04:01:45   
2-Apr-19,   04:01:45   
2-Apr-19,   04:01:45   
2-Apr-19,   04:01:45   
2-Apr-19,   04:01:45   
2-Apr-19,   04:01:45   
2-Apr-19,   04:01:45   
2-Apr-19,   04:01:45   
2-Apr-19,   04:01:45   
2-Apr-19,   04:01:45   
2-Apr-19,   04:01:45   
2-Apr-19,   04:01:45   
2-Apr-19,   04:01:45   
2-Apr-19,   04:01:45   
2-Apr-19,   04:01:45   
2-Apr-19,   04:01:45   
2-Apr-19,   04:01:45   
2-Apr-19,   04:01:45   
2-Apr-19,   04:01:45   
2-Apr-19,   04:01:45   
2-Apr-19,   04:01:45   
2-Apr-19,   04:01:45   
2-Apr-19,   04:01:45   
2-Apr-19,   04:01:45   
2-Apr-19,   04:01:45   
2-Apr-19,   04:01:45   
2-Apr-19,   04:01:45   
2-Apr-19,   04:01:45   
2-Apr-19,   04:01:45   
2-Apr-19,   04:01:45   
2-Apr-19,   04:01:45   
2-Apr-19,   04:01:45   
2-Apr-19,   04:01:45   
2-Apr-19,   04:01:45   
2-Apr-19,   04:01:45   
2-Apr-19,   04:01:45   
2-Apr-19,   04:01:45   
2-Apr-19,   04:01:46   
2-Apr-19,   04:01:46   
2-Apr-19,   04:01:46   
2-Apr-19,   04:01:46   
2-Apr-19,   04:01:46   
2-Apr-19,   04:01:46   
2-Apr-19,   04:01:46   
2-Apr-19,   04:01:46   
2-Apr-19,   04:01:46   
2-Apr-19,   04:01:46   
2-Apr-19,   04:01:46   
2-Apr-19,   04:01:46   
2-Apr-19,   04:01:46   
2-Apr-19,   04:01:46   
2-Apr-19,   04:01:46   
2-Apr-19,   04:01:46   
2-Apr-19,   04:01:46   
2-Apr-19,   04:01:46   
2-Apr-19,   04:01:46   
2-Apr-19,   04:01:46   
2-Apr-19,   04:01:46   
2-Apr-19,   04:01:46   
2-Apr-19,   04:01:46   
2-Apr-19,   04:01:46   
2-Apr-19,   04:01:46   
2-Apr-19,   04:01:46   
2-Apr-19,   04:01:46   
2-Apr-19,   04:01:46   
2-Apr-19,   04:01:46   
2-Apr-19,   04:01:46   
2-Apr-19,   04:01:46   
2-Apr-19,   04:01:46   
2-Apr-19,   04:01:46   
2-Apr-19,   04:01:46   
2-Apr-19,   04:01:46   
2-Apr-19,   04:01:46   
2-Apr-19,   04:01:46   
2-Apr-19,   04:01:46   
2-Apr-19,   04:01:47   
2-Apr-19,   04:01:47   
2-Apr-19,   04:01:47   
2-Apr-19,   04:01:47   
2-Apr-19,   04:01:47   
2-Apr-19,   04:01:47   
2-Apr-19,   04:01:47   
2-Apr-19,   04:01:47   
2-Apr-19,   04:01:47   
2-Apr-19,   04:01:47   
2-Apr-19,   04:01:47   
2-Apr-19,   04:01:47   
2-Apr-19,   04:01:47   
2-Apr-19,   04:01:47   
2-Apr-19,   04:01:47   
2-Apr-19,   04:01:47   
2-Apr-19,   04:01:47   
2-Apr-19,   04:01:47   
2-Apr-19,   04:01:47   
2-Apr-19,   04:01:47   
2-Apr-19,   04:01:47   
2-Apr-19,   04:01:47   
2-Apr-19,   04:01:47   
2-Apr-19,   04:01:47   
2-Apr-19,   04:01:47   
2-Apr-19,   04:01:47   
2-Apr-19,   04:01:47   
2-Apr-19,   04:01:47   
2-Apr-19,   04:01:47   
2-Apr-19,   04:01:47   
2-Apr-19,   04:01:47   
2-Apr-19,   04:01:47   
2-Apr-19,   04:01:47   
2-Apr-19,   04:01:47   
2-Apr-19,   04:01:47   
2-Apr-19,   04:01:47   
2-Apr-19,   04:01:47   
2-Apr-19,   04:01:47   
2-Apr-19,   04:01:47   
2-Apr-19,   04:01:48   
2-Apr-19,   04:01:48   
2-Apr-19,   04:01:48   
2-Apr-19,   04:01:48   
2-Apr-19,   04:01:48   
2-Apr-19,   04:01:48   
2-Apr-19,   04:01:48   
2-Apr-19,   04:01:48   
2-Apr-19,   04:01:48   
2-Apr-19,   04:01:48   
2-Apr-19,   04:01:48   
2-Apr-19,   04:01:48   
2-Apr-19,   04:01:48   
2-Apr-19,   04:01:48   
2-Apr-19,   04:01:48   
2-Apr-19,   04:01:48   
2-Apr-19,   04:01:48   
2-Apr-19,   04:01:48   
2-Apr-19,   04:01:48   
2-Apr-19,   04:01:48   
2-Apr-19,   04:01:48   
2-Apr-19,   04:01:48   
2-Apr-19,   04:01:48   
2-Apr-19,   04:01:48   
2-Apr-19,   04:01:48   
2-Apr-19,   04:01:48   
2-Apr-19,   04:01:48   
2-Apr-19,   04:01:48   
2-Apr-19,   04:01:48   
2-Apr-19,   04:01:48   
2-Apr-19,   04:01:48   
2-Apr-19,   04:01:48   
2-Apr-19,   04:01:48   
2-Apr-19,   04:01:48   
2-Apr-19,   04:01:48   
2-Apr-19,   04:01:49   
2-Apr-19,   04:01:49   
2-Apr-19,   04:01:49   
2-Apr-19,   04:01:49   
2-Apr-19,   04:01:49   
2-Apr-19,   04:01:49   
2-Apr-19,   04:01:49   
2-Apr-19,   04:01:49   
2-Apr-19,   04:01:49   
2-Apr-19,   04:01:49   
2-Apr-19,   04:01:49   
2-Apr-19,   04:01:49   
2-Apr-19,   04:01:49   
2-Apr-19,   04:01:49   
2-Apr-19,   04:01:49   
2-Apr-19,   04:01:49   
2-Apr-19,   04:01:49   
2-Apr-19,   04:01:49   
2-Apr-19,   04:01:49   
2-Apr-19,   04:01:49   
2-Apr-19,   04:01:49   
2-Apr-19,   04:01:49   
2-Apr-19,   04:01:49   
2-Apr-19,   04:01:49   
2-Apr-19,   04:01:49   
2-Apr-19,   04:01:49   
2-Apr-19,   04:01:49   
2-Apr-19,   04:01:49   
2-Apr-19,   04:01:49   
2-Apr-19,   04:01:49   
2-Apr-19,   04:01:49   
2-Apr-19,   04:01:49   
2-Apr-19,   04:01:49   
2-Apr-19,   04:01:49   
2-Apr-19,   04:01:49   
2-Apr-19,   04:01:49   
2-Apr-19,   04:01:49   
2-Apr-19,   04:01:49   
2-Apr-19,   04:01:49   
2-Apr-19,   04:01:49   
2-Apr-19,   04:01:50   
2-Apr-19,   04:01:50   
2-Apr-19,   04:01:50   
2-Apr-19,   04:01:50   
2-Apr-19,   04:01:50   
2-Apr-19,   04:01:50   
2-Apr-19,   04:01:50   
2-Apr-19,   04:01:50   
2-Apr-19,   04:01:50   
2-Apr-19,   04:01:50   
2-Apr-19,   04:01:50   
2-Apr-19,   04:01:50   
2-Apr-19,   04:01:50   
2-Apr-19,   04:01:50   
2-Apr-19,   04:01:50   
2-Apr-19,   04:01:50   
2-Apr-19,   04:01:50   
2-Apr-19,   04:01:50   
2-Apr-19,   04:01:50   
2-Apr-19,   04:01:50   
2-Apr-19,   04:01:50   
2-Apr-19,   04:01:50   
2-Apr-19,   04:01:50   
2-Apr-19,   04:01:50   
2-Apr-19,   04:01:50   
2-Apr-19,   04:01:50   
2-Apr-19,   04:01:50   
2-Apr-19,   04:01:50   
2-Apr-19,   04:01:50   
2-Apr-19,   04:01:50   
2-Apr-19,   04:01:50   
2-Apr-19,   04:01:50   
2-Apr-19,   04:01:50   
2-Apr-19,   04:01:50   
2-Apr-19,   04:01:50   
2-Apr-19,   04:01:50   
2-Apr-19,   04:01:50   
2-Apr-19,   04:01:51   
2-Apr-19,   04:01:51   
2-Apr-19,   04:01:51   
2-Apr-19,   04:01:51   
2-Apr-19,   04:01:51   
2-Apr-19,   04:01:51   
2-Apr-19,   04:01:51   
2-Apr-19,   04:01:51   
2-Apr-19,   04:01:51   
2-Apr-19,   04:01:51   
2-Apr-19,   04:01:51   
2-Apr-19,   04:01:51   
2-Apr-19,   04:01:51   
2-Apr-19,   04:01:51   
2-Apr-19,   04:01:51   
2-Apr-19,   04:01:51   
2-Apr-19,   04:01:51   
2-Apr-19,   04:01:51   
2-Apr-19,   04:01:51   
2-Apr-19,   04:01:51   
2-Apr-19,   04:01:51   
2-Apr-19,   04:01:51   
2-Apr-19,   04:01:51   
2-Apr-19,   04:01:51   
2-Apr-19,   04:01:51   
2-Apr-19,   04:01:51   
2-Apr-19,   04:01:51   
2-Apr-19,   04:01:51   
2-Apr-19,   04:01:51   
2-Apr-19,   04:01:51   
2-Apr-19,   04:01:51   
2-Apr-19,   04:01:51   
2-Apr-19,   04:01:51   
2-Apr-19,   04:01:51   
2-Apr-19,   04:01:51   
2-Apr-19,   04:01:51   
2-Apr-19,   04:01:51   
2-Apr-19,   04:01:51   
2-Apr-19,   04:01:51   
2-Apr-19,   04:01:52   
2-Apr-19,   04:01:52   
2-Apr-19,   04:01:52   
2-Apr-19,   04:01:52   
2-Apr-19,   04:01:52   
2-Apr-19,   04:01:52   
2-Apr-19,   04:01:52   
2-Apr-19,   04:01:52   
2-Apr-19,   04:01:52   
2-Apr-19,   04:01:52   
2-Apr-19,   04:01:52   
2-Apr-19,   04:01:52   
2-Apr-19,   04:01:52   
2-Apr-19,   04:01:52   
2-Apr-19,   04:01:52   
2-Apr-19,   04:01:52   
2-Apr-19,   04:01:52   
2-Apr-19,   04:01:52   
2-Apr-19,   04:01:52   
2-Apr-19,   04:01:52   
2-Apr-19,   04:01:52   
2-Apr-19,   04:01:52   
2-Apr-19,   04:01:52   
2-Apr-19,   04:01:52   
2-Apr-19,   04:01:52   
2-Apr-19,   04:01:52   
2-Apr-19,   04:01:52   
2-Apr-19,   04:01:52   
2-Apr-19,   04:01:52   
2-Apr-19,   04:01:52   
2-Apr-19,   04:01:52   
2-Apr-19,   04:01:52   
2-Apr-19,   04:01:52   
2-Apr-19,   04:01:52   
2-Apr-19,   04:01:52   
2-Apr-19,   04:01:52   
2-Apr-19,   04:01:52   
2-Apr-19,   04:01:52   
2-Apr-19,   04:01:52   
2-Apr-19,   04:01:53   
2-Apr-19,   04:01:53   
2-Apr-19,   04:01:53   
2-Apr-19,   04:01:53   
2-Apr-19,   04:01:53   
2-Apr-19,   04:01:53   
2-Apr-19,   04:01:53   
2-Apr-19,   04:01:53   
2-Apr-19,   04:01:53   
2-Apr-19,   04:01:53   
2-Apr-19,   04:01:53   
2-Apr-19,   04:01:53   
2-Apr-19,   04:01:53   
2-Apr-19,   04:01:53   
2-Apr-19,   04:01:53   
2-Apr-19,   04:01:53   
2-Apr-19,   04:01:53   
2-Apr-19,   04:01:53   
2-Apr-19,   04:01:53   
2-Apr-19,   04:01:53   
2-Apr-19,   04:01:53   
2-Apr-19,   04:01:53   
2-Apr-19,   04:01:53   
2-Apr-19,   04:01:53   
2-Apr-19,   04:01:53   
2-Apr-19,   04:01:53   
2-Apr-19,   04:01:53   
2-Apr-19,   04:01:53   
2-Apr-19,   04:01:53   
2-Apr-19,   04:01:53   
2-Apr-19,   04:01:53   
2-Apr-19,   04:01:53   
2-Apr-19,   04:01:53   
2-Apr-19,   04:01:53   
2-Apr-19,   04:01:53   
2-Apr-19,   04:01:53   
2-Apr-19,   04:01:53   
2-Apr-19,   04:01:53   
2-Apr-19,   04:01:53   
2-Apr-19,   04:01:54   
2-Apr-19,   04:01:54   
2-Apr-19,   04:01:54   
2-Apr-19,   04:01:54   
2-Apr-19,   04:01:54   
2-Apr-19,   04:01:54   
2-Apr-19,   04:01:54   
2-Apr-19,   04:01:54   
2-Apr-19,   04:01:54   
2-Apr-19,   04:01:54   
2-Apr-19,   04:01:54   
2-Apr-19,   04:01:54   
2-Apr-19,   04:01:54   
2-Apr-19,   04:01:54   
2-Apr-19,   04:01:54   
2-Apr-19,   04:01:54   
2-Apr-19,   04:01:54   
2-Apr-19,   04:01:54   
2-Apr-19,   04:01:54   
2-Apr-19,   04:01:54   
2-Apr-19,   04:01:54   
2-Apr-19,   04:01:54   
2-Apr-19,   04:01:54   
2-Apr-19,   04:01:54   
2-Apr-19,   04:01:54   
2-Apr-19,   04:01:54   
2-Apr-19,   04:01:54   
2-Apr-19,   04:01:54   
2-Apr-19,   04:01:54   
2-Apr-19,   04:01:54   
2-Apr-19,   04:01:54   
2-Apr-19,   04:01:54   
2-Apr-19,   04:01:54   
2-Apr-19,   04:01:54   
2-Apr-19,   04:01:54   
2-Apr-19,   04:01:54   
2-Apr-19,   04:01:54   
2-Apr-19,   04:01:54   
2-Apr-19,   04:01:54   
2-Apr-19,   04:01:55   
2-Apr-19,   04:01:55   
2-Apr-19,   04:01:55   
2-Apr-19,   04:01:55   
2-Apr-19,   04:01:55   
2-Apr-19,   04:01:55   
2-Apr-19,   04:01:55   
2-Apr-19,   04:01:55   
2-Apr-19,   04:01:55   
2-Apr-19,   04:01:55   
2-Apr-19,   04:01:55   
2-Apr-19,   04:01:55   
2-Apr-19,   04:01:55   
2-Apr-19,   04:01:55   
2-Apr-19,   04:01:55   
2-Apr-19,   04:01:55   
2-Apr-19,   04:01:55   
2-Apr-19,   04:01:55   
2-Apr-19,   04:01:55   
2-Apr-19,   04:01:55   
2-Apr-19,   04:01:55   
2-Apr-19,   04:01:55   
2-Apr-19,   04:01:55   
2-Apr-19,   04:01:55   
2-Apr-19,   04:01:55   
2-Apr-19,   04:01:55   
2-Apr-19,   04:01:55   
2-Apr-19,   04:01:55   
2-Apr-19,   04:01:55   
2-Apr-19,   04:01:55   
2-Apr-19,   04:01:55   
2-Apr-19,   04:01:55   
2-Apr-19,   04:01:55   
2-Apr-19,   04:01:55   
2-Apr-19,   04:01:55   
2-Apr-19,   04:01:55   
2-Apr-19,   04:01:55   
2-Apr-19,   04:01:55   
2-Apr-19,   04:01:55   
2-Apr-19,   04:01:55   
2-Apr-19,   04:01:55   
2-Apr-19,   04:01:55   
2-Apr-19,   04:01:55   
2-Apr-19,   04:01:55   
2-Apr-19,   04:01:56   
2-Apr-19,   04:01:56   
2-Apr-19,   04:01:56   
2-Apr-19,   04:01:56   
2-Apr-19,   04:01:56   
2-Apr-19,   04:01:56   
2-Apr-19,   04:01:56   
2-Apr-19,   04:01:56   
2-Apr-19,   04:01:56   
2-Apr-19,   04:01:56   
2-Apr-19,   04:01:56   
2-Apr-19,   04:01:56   
2-Apr-19,   04:01:56   
2-Apr-19,   04:01:56   
2-Apr-19,   04:01:56   
2-Apr-19,   04:01:56   
2-Apr-19,   04:01:56   
2-Apr-19,   04:01:56   
2-Apr-19,   04:01:56   
2-Apr-19,   04:01:56   
2-Apr-19,   04:01:56   
2-Apr-19,   04:01:56   
2-Apr-19,   04:01:56   
2-Apr-19,   04:01:56   
2-Apr-19,   04:01:56   
2-Apr-19,   04:01:56   
2-Apr-19,   04:01:56   
2-Apr-19,   04:01:56   
2-Apr-19,   04:01:56   
2-Apr-19,   04:01:56   
2-Apr-19,   04:01:56   
2-Apr-19,   04:01:56   
2-Apr-19,   04:01:56   
2-Apr-19,   04:01:56   
2-Apr-19,   04:01:56   
2-Apr-19,   04:01:56   
2-Apr-19,   04:01:56   
2-Apr-19,   04:01:57   
2-Apr-19,   04:01:57   
2-Apr-19,   04:01:57   
2-Apr-19,   04:01:57   
2-Apr-19,   04:01:57   
2-Apr-19,   04:01:57   
2-Apr-19,   04:01:57   
2-Apr-19,   04:01:57   
2-Apr-19,   04:01:57   
2-Apr-19,   04:01:57   
2-Apr-19,   04:01:57   
2-Apr-19,   04:01:57   
2-Apr-19,   04:01:57   
2-Apr-19,   04:01:57   
2-Apr-19,   04:01:57   
2-Apr-19,   04:01:57   
2-Apr-19,   04:01:57   
2-Apr-19,   04:01:57   
2-Apr-19,   04:01:57   
2-Apr-19,   04:01:57   
2-Apr-19,   04:01:57   
2-Apr-19,   04:01:57   
2-Apr-19,   04:01:57   
2-Apr-19,   04:01:57   
2-Apr-19,   04:01:57   
2-Apr-19,   04:01:57   
2-Apr-19,   04:01:57   
2-Apr-19,   04:01:57   
2-Apr-19,   04:01:57   
2-Apr-19,   04:01:57   
2-Apr-19,   04:01:57   
2-Apr-19,   04:01:57   
2-Apr-19,   04:01:57   
2-Apr-19,   04:01:57   
2-Apr-19,   04:01:57   
2-Apr-19,   04:01:57   
2-Apr-19,   04:01:57   
2-Apr-19,   04:01:57   
2-Apr-19,   04:01:58   
2-Apr-19,   04:01:58   
2-Apr-19,   04:01:58   
2-Apr-19,   04:01:58   
2-Apr-19,   04:01:58   
2-Apr-19,   04:01:58   
2-Apr-19,   04:01:58   
2-Apr-19,   04:01:58   
2-Apr-19,   04:01:58   
2-Apr-19,   04:01:58   
2-Apr-19,   04:01:58   
2-Apr-19,   04:01:58   
2-Apr-19,   04:01:58   
2-Apr-19,   04:01:58   
2-Apr-19,   04:01:58   
2-Apr-19,   04:01:58   
2-Apr-19,   04:01:58   
2-Apr-19,   04:01:58   
2-Apr-19,   04:01:58   
2-Apr-19,   04:01:58   
2-Apr-19,   04:01:58   
2-Apr-19,   04:01:58   
2-Apr-19,   04:01:58   
2-Apr-19,   04:01:58   
2-Apr-19,   04:01:58   
2-Apr-19,   04:01:58   
2-Apr-19,   04:01:58   
2-Apr-19,   04:01:58   
2-Apr-19,   04:01:58   
2-Apr-19,   04:01:58   
2-Apr-19,   04:01:58   
2-Apr-19,   04:01:58   
2-Apr-19,   04:01:58   
2-Apr-19,   04:01:58   
2-Apr-19,   04:01:58   
2-Apr-19,   04:01:59   
2-Apr-19,   04:01:59   
2-Apr-19,   04:01:59   
2-Apr-19,   04:01:59   
2-Apr-19,   04:01:59   
2-Apr-19,   04:01:59   
2-Apr-19,   04:01:59   
2-Apr-19,   04:01:59   
2-Apr-19,   04:01:59   
2-Apr-19,   04:01:59   
2-Apr-19,   04:01:59   
2-Apr-19,   04:01:59   
2-Apr-19,   04:01:59   
2-Apr-19,   04:01:59   
2-Apr-19,   04:01:59   
2-Apr-19,   04:01:59   
2-Apr-19,   04:01:59   
2-Apr-19,   04:01:59   
2-Apr-19,   04:01:59   
2-Apr-19,   04:01:59   
2-Apr-19,   04:01:59   
2-Apr-19,   04:01:59   
2-Apr-19,   04:01:59   
2-Apr-19,   04:01:59   
2-Apr-19,   04:01:59   
2-Apr-19,   04:01:59   
2-Apr-19,   04:01:59   
2-Apr-19,   04:01:59   
2-Apr-19,   04:01:59   
2-Apr-19,   04:01:59   
2-Apr-19,   04:01:59   
2-Apr-19,   04:01:59   
2-Apr-19,   04:01:59   
2-Apr-19,   04:02:00   
2-Apr-19,   04:02:00   
2-Apr-19,   04:02:00   
2-Apr-19,   04:02:00   
2-Apr-19,   04:02:00   
2-Apr-19,   04:02:00   
2-Apr-19,   04:02:00   
2-Apr-19,   04:02:00   
2-Apr-19,   04:02:00   
2-Apr-19,   04:02:00   
2-Apr-19,   04:02:00   
2-Apr-19,   04:02:00   
2-Apr-19,   04:02:00   
2-Apr-19,   04:02:00   
2-Apr-19,   04:02:00   
2-Apr-19,   04:02:00   
2-Apr-19,   04:02:00   
2-Apr-19,   04:02:00   
2-Apr-19,   04:02:00   
2-Apr-19,   04:02:00   
2-Apr-19,   04:02:00   
2-Apr-19,   04:02:00   
2-Apr-19,   04:02:00   
2-Apr-19,   04:02:00   
2-Apr-19,   04:02:00   
2-Apr-19,   04:02:00   
2-Apr-19,   04:02:00   
2-Apr-19,   04:02:00   
2-Apr-19,   04:02:00   
2-Apr-19,   04:02:00   
2-Apr-19,   04:02:00   
2-Apr-19,   04:02:00   
2-Apr-19,   04:02:00   
2-Apr-19,   04:02:00   
2-Apr-19,   04:02:00   
2-Apr-19,   04:02:00   
2-Apr-19,   04:02:00   
2-Apr-19,   04:02:00   
2-Apr-19,   04:02:00   
2-Apr-19,   04:02:00   
2-Apr-19,   04:02:01   
2-Apr-19,   04:02:01   
2-Apr-19,   04:02:01   
2-Apr-19,   04:02:01   
2-Apr-19,   04:02:01   
2-Apr-19,   04:02:01   
2-Apr-19,   04:02:01   
2-Apr-19,   04:02:01   
2-Apr-19,   04:02:01   
2-Apr-19,   04:02:01   
2-Apr-19,   04:02:01   
2-Apr-19,   04:02:01   
2-Apr-19,   04:02:01   
2-Apr-19,   04:02:01   
2-Apr-19,   04:02:01   
2-Apr-19,   04:02:01   
2-Apr-19,   04:02:01   
2-Apr-19,   04:02:01   
2-Apr-19,   04:02:01   
2-Apr-19,   04:02:01   
2-Apr-19,   04:02:01   
2-Apr-19,   04:02:01   
2-Apr-19,   04:02:01   
2-Apr-19,   04:02:01   
2-Apr-19,   04:02:01   
2-Apr-19,   04:02:01   
2-Apr-19,   04:02:01   
2-Apr-19,   04:02:01   
2-Apr-19,   04:02:01   
2-Apr-19,   04:02:01   
2-Apr-19,   04:02:01   
2-Apr-19,   04:02:01   
2-Apr-19,   04:02:01   
2-Apr-19,   04:02:01   
2-Apr-19,   04:02:01   
2-Apr-19,   04:02:01   
2-Apr-19,   04:02:01   
2-Apr-19,   04:02:01   
2-Apr-19,   04:02:02   
2-Apr-19,   04:02:02   
2-Apr-19,   04:02:02   
2-Apr-19,   04:02:02   
2-Apr-19,   04:02:02   
2-Apr-19,   04:02:02   
2-Apr-19,   04:02:02   
2-Apr-19,   04:02:02   
2-Apr-19,   04:02:02   
2-Apr-19,   04:02:02   
2-Apr-19,   04:02:02   
2-Apr-19,   04:02:02   
2-Apr-19,   04:02:02   
2-Apr-19,   04:02:02   
2-Apr-19,   04:02:02   
2-Apr-19,   04:02:02   
2-Apr-19,   04:02:02   
2-Apr-19,   04:02:02   
2-Apr-19,   04:02:02   
2-Apr-19,   04:02:02   
2-Apr-19,   04:02:02   
2-Apr-19,   04:02:02   
2-Apr-19,   04:02:02   
2-Apr-19,   04:02:02   
2-Apr-19,   04:02:02   
2-Apr-19,   04:02:02   
2-Apr-19,   04:02:02   
2-Apr-19,   04:02:02   
2-Apr-19,   04:02:02   
2-Apr-19,   04:02:02   
2-Apr-19,   04:02:02   
2-Apr-19,   04:02:02   
2-Apr-19,   04:02:02   
2-Apr-19,   04:02:02   
2-Apr-19,   04:02:02   
2-Apr-19,   04:02:02   
2-Apr-19,   04:02:03   
2-Apr-19,   04:02:03   
2-Apr-19,   04:02:03   
2-Apr-19,   04:02:03   
2-Apr-19,   04:02:03   
2-Apr-19,   04:02:03   
2-Apr-19,   04:02:03   
2-Apr-19,   04:02:03   
2-Apr-19,   04:02:03   
2-Apr-19,   04:02:03   
2-Apr-19,   04:02:03   
2-Apr-19,   04:02:03   
2-Apr-19,   04:02:03   
2-Apr-19,   04:02:03   
2-Apr-19,   04:02:03   
2-Apr-19,   04:02:03   
2-Apr-19,   04:02:03   
2-Apr-19,   04:02:03   
2-Apr-19,   04:02:03   
2-Apr-19,   04:02:03   
2-Apr-19,   04:02:03   
2-Apr-19,   04:02:03   
2-Apr-19,   04:02:03   
2-Apr-19,   04:02:03   
2-Apr-19,   04:02:03   
2-Apr-19,   04:02:03   
2-Apr-19,   04:02:03   
2-Apr-19,   04:02:03   
2-Apr-19,   04:02:03   
2-Apr-19,   04:02:03   
2-Apr-19,   04:02:03   
2-Apr-19,   04:02:03   
2-Apr-19,   04:02:03   
2-Apr-19,   04:02:03   
2-Apr-19,   04:02:03   
2-Apr-19,   04:02:03   
2-Apr-19,   04:02:03   
2-Apr-19,   04:02:03   
2-Apr-19,   04:02:03   
2-Apr-19,   04:02:04   
2-Apr-19,   04:02:04   
2-Apr-19,   04:02:04   
2-Apr-19,   04:02:04   
2-Apr-19,   04:02:04   
2-Apr-19,   04:02:04   
2-Apr-19,   04:02:04   
2-Apr-19,   04:02:04   
2-Apr-19,   04:02:04   
2-Apr-19,   04:02:04   
2-Apr-19,   04:02:04   
2-Apr-19,   04:02:04   
2-Apr-19,   04:02:04   
2-Apr-19,   04:02:04   
2-Apr-19,   04:02:04   
2-Apr-19,   04:02:04   
2-Apr-19,   04:02:04   
2-Apr-19,   04:02:04   
2-Apr-19,   04:02:04   
2-Apr-19,   04:02:04   
2-Apr-19,   04:02:04   
2-Apr-19,   04:02:04   
2-Apr-19,   04:02:04   
2-Apr-19,   04:02:04   
2-Apr-19,   04:02:04   
2-Apr-19,   04:02:04   
2-Apr-19,   04:02:04   
2-Apr-19,   04:02:04   
2-Apr-19,   04:02:04   
2-Apr-19,   04:02:04   
2-Apr-19,   04:02:04   
2-Apr-19,   04:02:04   
2-Apr-19,   04:02:04   
2-Apr-19,   04:02:04   
2-Apr-19,   04:02:04   
2-Apr-19,   04:02:04   
2-Apr-19,   04:02:04   
2-Apr-19,   04:02:04   
2-Apr-19,   04:02:05   
2-Apr-19,   04:02:05   
2-Apr-19,   04:02:05   
2-Apr-19,   04:02:05   
2-Apr-19,   04:02:05   
2-Apr-19,   04:02:05   
2-Apr-19,   04:02:05   
2-Apr-19,   04:02:05   
2-Apr-19,   04:02:05   
2-Apr-19,   04:02:05   
2-Apr-19,   04:02:05   
2-Apr-19,   04:02:05   
2-Apr-19,   04:02:05   
2-Apr-19,   04:02:05   
2-Apr-19,   04:02:05   
2-Apr-19,   04:02:05   
2-Apr-19,   04:02:05   
2-Apr-19,   04:02:05   
2-Apr-19,   04:02:05   
2-Apr-19,   04:02:05   
2-Apr-19,   04:02:05   
2-Apr-19,   04:02:05   
2-Apr-19,   04:02:05   
2-Apr-19,   04:02:05   
2-Apr-19,   04:02:05   
2-Apr-19,   04:02:05   
2-Apr-19,   04:02:05   
2-Apr-19,   04:02:05   
2-Apr-19,   04:02:05   
2-Apr-19,   04:02:05   
2-Apr-19,   04:02:05   
2-Apr-19,   04:02:05   
2-Apr-19,   04:02:05   
2-Apr-19,   04:02:05   
2-Apr-19,   04:02:05   
2-Apr-19,   04:02:05   
2-Apr-19,   04:02:05   
2-Apr-19,   04:02:05   
2-Apr-19,   04:02:06   
2-Apr-19,   04:02:06   
2-Apr-19,   04:02:06   
2-Apr-19,   04:02:06   
2-Apr-19,   04:02:06   
2-Apr-19,   04:02:06   
2-Apr-19,   04:02:06   
2-Apr-19,   04:02:06   
2-Apr-19,   04:02:06   
2-Apr-19,   04:02:06   
2-Apr-19,   04:02:06   
2-Apr-19,   04:02:06   
2-Apr-19,   04:02:06   
2-Apr-19,   04:02:06   
2-Apr-19,   04:02:06   
2-Apr-19,   04:02:06   
2-Apr-19,   04:02:06   
2-Apr-19,   04:02:06   
2-Apr-19,   04:02:06   
2-Apr-19,   04:02:06   
2-Apr-19,   04:02:06   
2-Apr-19,   04:02:06   
2-Apr-19,   04:02:06   
2-Apr-19,   04:02:06   
2-Apr-19,   04:02:06   
2-Apr-19,   04:02:06   
2-Apr-19,   04:02:06   
2-Apr-19,   04:02:06   
2-Apr-19,   04:02:06   
2-Apr-19,   04:02:06   
2-Apr-19,   04:02:06   
2-Apr-19,   04:02:06   
2-Apr-19,   04:02:06   
2-Apr-19,   04:02:06   
2-Apr-19,   04:02:06   
2-Apr-19,   04:02:06   
2-Apr-19,   04:02:06   
2-Apr-19,   04:02:07   
2-Apr-19,   04:02:07   
2-Apr-19,   04:02:07   
2-Apr-19,   04:02:07   
2-Apr-19,   04:02:07   
2-Apr-19,   04:02:07   
2-Apr-19,   04:02:07   
2-Apr-19,   04:02:07   
2-Apr-19,   04:02:07   
2-Apr-19,   04:02:07   
2-Apr-19,   04:02:07   
2-Apr-19,   04:02:07   
2-Apr-19,   04:02:07   
2-Apr-19,   04:02:07   
2-Apr-19,   04:02:07   
2-Apr-19,   04:02:07   
2-Apr-19,   04:02:07   
2-Apr-19,   04:02:07   
2-Apr-19,   04:02:07   
2-Apr-19,   04:02:07   
2-Apr-19,   04:02:07   
2-Apr-19,   04:02:07   
2-Apr-19,   04:02:07   
2-Apr-19,   04:02:07   
2-Apr-19,   04:02:07   
2-Apr-19,   04:02:07   
2-Apr-19,   04:02:07   
2-Apr-19,   04:02:07   
2-Apr-19,   04:02:07   
2-Apr-19,   04:02:07   
2-Apr-19,   04:02:07   
2-Apr-19,   04:02:07   
2-Apr-19,   04:02:07   
2-Apr-19,   04:02:07   
2-Apr-19,   04:02:07   
2-Apr-19,   04:02:07   
2-Apr-19,   04:02:07   
2-Apr-19,   04:02:07   
2-Apr-19,   04:02:08   
2-Apr-19,   04:02:08   
2-Apr-19,   04:02:08   
2-Apr-19,   04:02:08   
2-Apr-19,   04:02:08   
2-Apr-19,   04:02:08   
2-Apr-19,   04:02:08   
2-Apr-19,   04:02:08   
2-Apr-19,   04:02:08   
2-Apr-19,   04:02:08   
2-Apr-19,   04:02:08   
2-Apr-19,   04:02:08   
2-Apr-19,   04:02:08   
2-Apr-19,   04:02:08   
2-Apr-19,   04:02:08   
2-Apr-19,   04:02:08   
2-Apr-19,   04:02:08   
2-Apr-19,   04:02:08   
2-Apr-19,   04:02:08   
2-Apr-19,   04:02:08   
2-Apr-19,   04:02:08   
2-Apr-19,   04:02:08   
2-Apr-19,   04:02:08   
2-Apr-19,   04:02:08   
2-Apr-19,   04:02:08   
2-Apr-19,   04:02:08   
2-Apr-19,   04:02:08   
2-Apr-19,   04:02:08   
2-Apr-19,   04:02:08   
2-Apr-19,   04:02:08   
2-Apr-19,   04:02:08   
2-Apr-19,   04:02:08   
2-Apr-19,   04:02:08   
2-Apr-19,   04:02:08   
2-Apr-19,   04:02:08   
2-Apr-19,   04:02:08   
2-Apr-19,   04:02:08   
2-Apr-19,   04:02:08   
2-Apr-19,   04:02:09   
2-Apr-19,   04:02:09   
2-Apr-19,   04:02:09   
2-Apr-19,   04:02:09   
2-Apr-19,   04:02:09   
2-Apr-19,   04:02:09   
2-Apr-19,   04:02:09   
2-Apr-19,   04:02:09   
2-Apr-19,   04:02:09   
2-Apr-19,   04:02:09   
2-Apr-19,   04:02:09   
2-Apr-19,   04:02:09   
2-Apr-19,   04:02:09   
2-Apr-19,   04:02:09   
2-Apr-19,   04:02:09   
2-Apr-19,   04:02:09   
2-Apr-19,   04:02:09   
2-Apr-19,   04:02:09   
2-Apr-19,   04:02:09   
2-Apr-19,   04:02:09   
2-Apr-19,   04:02:09   
2-Apr-19,   04:02:09   
2-Apr-19,   04:02:09   
2-Apr-19,   04:02:09   
2-Apr-19,   04:02:09   
2-Apr-19,   04:02:09   
2-Apr-19,   04:02:09   
2-Apr-19,   04:02:09   
2-Apr-19,   04:02:09   
2-Apr-19,   04:02:09   
2-Apr-19,   04:02:09   
2-Apr-19,   04:02:09   
2-Apr-19,   04:02:09   
2-Apr-19,   04:02:09   
2-Apr-19,   04:02:09   
2-Apr-19,   04:02:09   
2-Apr-19,   04:02:09   
2-Apr-19,   04:02:09   
2-Apr-19,   04:02:09   
2-Apr-19,   04:02:09   
2-Apr-19,   04:02:09   
2-Apr-19,   04:02:09   
2-Apr-19,   04:02:09   
2-Apr-19,   04:02:10   
2-Apr-19,   04:02:10   
2-Apr-19,   04:02:10   
2-Apr-19,   04:02:10   
2-Apr-19,   04:02:10   
2-Apr-19,   04:02:10   
2-Apr-19,   04:02:10   
2-Apr-19,   04:02:10   
2-Apr-19,   04:02:10   
2-Apr-19,   04:02:10   
2-Apr-19,   04:02:10   
2-Apr-19,   04:02:10   
2-Apr-19,   04:02:10   
2-Apr-19,   04:02:10   
2-Apr-19,   04:02:10   
2-Apr-19,   04:02:10   
2-Apr-19,   04:02:10   
2-Apr-19,   04:02:10   
2-Apr-19,   04:02:10   
2-Apr-19,   04:02:10   
2-Apr-19,   04:02:10   
2-Apr-19,   04:02:10   
2-Apr-19,   04:02:10   
2-Apr-19,   04:02:10   
2-Apr-19,   04:02:10   
2-Apr-19,   04:02:10   
2-Apr-19,   04:02:10   
2-Apr-19,   04:02:10   
2-Apr-19,   04:02:10   
2-Apr-19,   04:02:10   
2-Apr-19,   04:02:10   
2-Apr-19,   04:02:10   
2-Apr-19,   04:02:10   
2-Apr-19,   04:02:10   
2-Apr-19,   04:02:10   
2-Apr-19,   04:02:11   
2-Apr-19,   04:02:11   
2-Apr-19,   04:02:11   
2-Apr-19,   04:02:11   
2-Apr-19,   04:02:11   
2-Apr-19,   04:02:11   
2-Apr-19,   04:02:11   
2-Apr-19,   04:02:11   
2-Apr-19,   04:02:11   
2-Apr-19,   04:02:11   
2-Apr-19,   04:02:11   
2-Apr-19,   04:02:11   
2-Apr-19,   04:02:11   
2-Apr-19,   04:02:11   
2-Apr-19,   04:02:11   
2-Apr-19,   04:02:11   
2-Apr-19,   04:02:11   
2-Apr-19,   04:02:11   
2-Apr-19,   04:02:11   
2-Apr-19,   04:02:11   
2-Apr-19,   04:02:11   
2-Apr-19,   04:02:11   
2-Apr-19,   04:02:11   
2-Apr-19,   04:02:11   
2-Apr-19,   04:02:11   
2-Apr-19,   04:02:11   
2-Apr-19,   04:02:11   
2-Apr-19,   04:02:11   
2-Apr-19,   04:02:11   
2-Apr-19,   04:02:11   
2-Apr-19,   04:02:11   
2-Apr-19,   04:02:11   
2-Apr-19,   04:02:11   
2-Apr-19,   04:02:11   
2-Apr-19,   04:02:11   
2-Apr-19,   04:02:11   
2-Apr-19,   04:02:11   
2-Apr-19,   04:02:12   
2-Apr-19,   04:02:12   
2-Apr-19,   04:02:12   
2-Apr-19,   04:02:12   
2-Apr-19,   04:02:12   
2-Apr-19,   04:02:12   
2-Apr-19,   04:02:12   
2-Apr-19,   04:02:12   
2-Apr-19,   04:02:12   
2-Apr-19,   04:02:12   
2-Apr-19,   04:02:12   
2-Apr-19,   04:02:12   
2-Apr-19,   04:02:12   
2-Apr-19,   04:02:12   
2-Apr-19,   04:02:12   
2-Apr-19,   04:02:12   
2-Apr-19,   04:02:12   
2-Apr-19,   04:02:12   
2-Apr-19,   04:02:12   
2-Apr-19,   04:02:12   
2-Apr-19,   04:02:12   
2-Apr-19,   04:02:12   
2-Apr-19,   04:02:12   
2-Apr-19,   04:02:12   
2-Apr-19,   04:02:12   
2-Apr-19,   04:02:12   
2-Apr-19,   04:02:12   
2-Apr-19,   04:02:12   
2-Apr-19,   04:02:12   
2-Apr-19,   04:02:12   
2-Apr-19,   04:02:12   
2-Apr-19,   04:02:12   
2-Apr-19,   04:02:12   
2-Apr-19,   04:02:12   
2-Apr-19,   04:02:12   
2-Apr-19,   04:02:12   
2-Apr-19,   04:02:12   
2-Apr-19,   04:02:12   
2-Apr-19,   04:02:12   
2-Apr-19,   04:02:12   
2-Apr-19,   04:02:12   
2-Apr-19,   04:02:13   
2-Apr-19,   04:02:13   
2-Apr-19,   04:02:13   
2-Apr-19,   04:02:13   
2-Apr-19,   04:02:13   
2-Apr-19,   04:02:13   
2-Apr-19,   04:02:13   
2-Apr-19,   04:02:13   
2-Apr-19,   04:02:13   
2-Apr-19,   04:02:13   
2-Apr-19,   04:02:13   
2-Apr-19,   04:02:13   
2-Apr-19,   04:02:13   
2-Apr-19,   04:02:13   
2-Apr-19,   04:02:13   
2-Apr-19,   04:02:13   
2-Apr-19,   04:02:13   
2-Apr-19,   04:02:13   
2-Apr-19,   04:02:13   
2-Apr-19,   04:02:13   
2-Apr-19,   04:02:13   
2-Apr-19,   04:02:13   
2-Apr-19,   04:02:13   
2-Apr-19,   04:02:13   
2-Apr-19,   04:02:13   
2-Apr-19,   04:02:13   
2-Apr-19,   04:02:13   
2-Apr-19,   04:02:13   
2-Apr-19,   04:02:13   
2-Apr-19,   04:02:13   
2-Apr-19,   04:02:13   
2-Apr-19,   04:02:13   
2-Apr-19,   04:02:13   
2-Apr-19,   04:02:13   
2-Apr-19,   04:02:13   
2-Apr-19,   04:02:13   
2-Apr-19,   04:02:13   
2-Apr-19,   04:02:13   
2-Apr-19,   04:02:14   
2-Apr-19,   04:02:14   
2-Apr-19,   04:02:14   
2-Apr-19,   04:02:14   
2-Apr-19,   04:02:14   
2-Apr-19,   04:02:14   
2-Apr-19,   04:02:14   
2-Apr-19,   04:02:14   
2-Apr-19,   04:02:14   
2-Apr-19,   04:02:14   
2-Apr-19,   04:02:14   
2-Apr-19,   04:02:14   
2-Apr-19,   04:02:14   
2-Apr-19,   04:02:14   
2-Apr-19,   04:02:14   
2-Apr-19,   04:02:14   
2-Apr-19,   04:02:14   
2-Apr-19,   04:02:14   
2-Apr-19,   04:02:14   
2-Apr-19,   04:02:14   
2-Apr-19,   04:02:14   
2-Apr-19,   04:02:14   
2-Apr-19,   04:02:14   
2-Apr-19,   04:02:14   
2-Apr-19,   04:02:14   
2-Apr-19,   04:02:14   
2-Apr-19,   04:02:14   
2-Apr-19,   04:02:14   
2-Apr-19,   04:02:14   
2-Apr-19,   04:02:14   
2-Apr-19,   04:02:14   
2-Apr-19,   04:02:14   
2-Apr-19,   04:02:14   
2-Apr-19,   04:02:14   
2-Apr-19,   04:02:14   
2-Apr-19,   04:02:14   
2-Apr-19,   04:02:14   
2-Apr-19,   04:02:14   
2-Apr-19,   04:02:14   
2-Apr-19,   04:02:14   
2-Apr-19,   04:02:14   
2-Apr-19,   04:02:15   
2-Apr-19,   04:02:15   
2-Apr-19,   04:02:15   
2-Apr-19,   04:02:15   
2-Apr-19,   04:02:15   
2-Apr-19,   04:02:15   
2-Apr-19,   04:02:15   
2-Apr-19,   04:02:15   
2-Apr-19,   04:02:15   
2-Apr-19,   04:02:15   
2-Apr-19,   04:02:15   
2-Apr-19,   04:02:15   
2-Apr-19,   04:02:15   
2-Apr-19,   04:02:15   
2-Apr-19,   04:02:15   
2-Apr-19,   04:02:15   
2-Apr-19,   04:02:15   
2-Apr-19,   04:02:15   
2-Apr-19,   04:02:15   
2-Apr-19,   04:02:15   
2-Apr-19,   04:02:15   
2-Apr-19,   04:02:15   
2-Apr-19,   04:02:15   
2-Apr-19,   04:02:15   
2-Apr-19,   04:02:15   
2-Apr-19,   04:02:15   
2-Apr-19,   04:02:15   
2-Apr-19,   04:02:15   
2-Apr-19,   04:02:15   
2-Apr-19,   04:02:15   
2-Apr-19,   04:02:15   
2-Apr-19,   04:02:15   
2-Apr-19,   04:02:15   
2-Apr-19,   04:02:15   
2-Apr-19,   04:02:15   
2-Apr-19,   04:02:15   
2-Apr-19,   04:02:15   
2-Apr-19,   04:02:15   
2-Apr-19,   04:02:15   
2-Apr-19,   04:02:15   
2-Apr-19,   04:02:15   
2-Apr-19,   04:02:15   
2-Apr-19,   04:02:15   
2-Apr-19,   04:02:16   
2-Apr-19,   04:02:16   
2-Apr-19,   04:02:16   
2-Apr-19,   04:02:16   
2-Apr-19,   04:02:16   
2-Apr-19,   04:02:16   
2-Apr-19,   04:02:16   
2-Apr-19,   04:02:16   
2-Apr-19,   04:02:16   
2-Apr-19,   04:02:16   
2-Apr-19,   04:02:16   
2-Apr-19,   04:02:16   
2-Apr-19,   04:02:16   
2-Apr-19,   04:02:16   
2-Apr-19,   04:02:16   
2-Apr-19,   04:02:16   
2-Apr-19,   04:02:16   
2-Apr-19,   04:02:16   
2-Apr-19,   04:02:16   
2-Apr-19,   04:02:16   
2-Apr-19,   04:02:16   
2-Apr-19,   04:02:16   
2-Apr-19,   04:02:16   
2-Apr-19,   04:02:16   
2-Apr-19,   04:02:16   
2-Apr-19,   04:02:16   
2-Apr-19,   04:02:16   
2-Apr-19,   04:02:16   
2-Apr-19,   04:02:16   
2-Apr-19,   04:02:16   
2-Apr-19,   04:02:16   
2-Apr-19,   04:02:16   
2-Apr-19,   04:02:16   
2-Apr-19,   04:02:16   
2-Apr-19,   04:02:16   
2-Apr-19,   04:02:16   
2-Apr-19,   04:02:16   
2-Apr-19,   04:02:16   
2-Apr-19,   04:02:16   
2-Apr-19,   04:02:17   
2-Apr-19,   04:02:17   
2-Apr-19,   04:02:17   
2-Apr-19,   04:02:17   
2-Apr-19,   04:02:17   
2-Apr-19,   04:02:17   
2-Apr-19,   04:02:17   
2-Apr-19,   04:02:17   
2-Apr-19,   04:02:17   
2-Apr-19,   04:02:17   
2-Apr-19,   04:02:17   
2-Apr-19,   04:02:17   
2-Apr-19,   04:02:17   
2-Apr-19,   04:02:17   
2-Apr-19,   04:02:17   
2-Apr-19,   04:02:17   
2-Apr-19,   04:02:17   
2-Apr-19,   04:02:17   
2-Apr-19,   04:02:17   
2-Apr-19,   04:02:17   
2-Apr-19,   04:02:17   
2-Apr-19,   04:02:17   
2-Apr-19,   04:02:17   
2-Apr-19,   04:02:17   
2-Apr-19,   04:02:17   
2-Apr-19,   04:02:17   
2-Apr-19,   04:02:17   
2-Apr-19,   04:02:17   
2-Apr-19,   04:02:17   
2-Apr-19,   04:02:17   
2-Apr-19,   04:02:17   
2-Apr-19,   04:02:17   
2-Apr-19,   04:02:17   
2-Apr-19,   04:02:17   
2-Apr-19,   04:02:17   
2-Apr-19,   04:02:17   
2-Apr-19,   04:02:17   
2-Apr-19,   04:02:17   
2-Apr-19,   04:02:17   
2-Apr-19,   04:02:17   
2-Apr-19,   04:02:17   
2-Apr-19,   04:02:18   
2-Apr-19,   04:02:18   
2-Apr-19,   04:02:18   
2-Apr-19,   04:02:18   
2-Apr-19,   04:02:18   
2-Apr-19,   04:02:18   
2-Apr-19,   04:02:18   
2-Apr-19,   04:02:18   
2-Apr-19,   04:02:18   
2-Apr-19,   04:02:18   
2-Apr-19,   04:02:18   
2-Apr-19,   04:02:18   
2-Apr-19,   04:02:18   
2-Apr-19,   04:02:18   
2-Apr-19,   04:02:18   
2-Apr-19,   04:02:18   
2-Apr-19,   04:02:18   
2-Apr-19,   04:02:18   
2-Apr-19,   04:02:18   
2-Apr-19,   04:02:18   
2-Apr-19,   04:02:18   
2-Apr-19,   04:02:18   
2-Apr-19,   04:02:18   
2-Apr-19,   04:02:18   
2-Apr-19,   04:02:18   
2-Apr-19,   04:02:18   
2-Apr-19,   04:02:18   
2-Apr-19,   04:02:18   
2-Apr-19,   04:02:18   
2-Apr-19,   04:02:18   
2-Apr-19,   04:02:18   
2-Apr-19,   04:02:18   
2-Apr-19,   04:02:18   
2-Apr-19,   04:02:18   
2-Apr-19,   04:02:18   
2-Apr-19,   04:02:18   
2-Apr-19,   04:02:18   
2-Apr-19,   04:02:18   
2-Apr-19,   04:02:18   
2-Apr-19,   04:02:18   
2-Apr-19,   04:02:19   
2-Apr-19,   04:02:19   
2-Apr-19,   04:02:19   
2-Apr-19,   04:02:19   
2-Apr-19,   04:02:19   
2-Apr-19,   04:02:19   
2-Apr-19,   04:02:19   
2-Apr-19,   04:02:19   
2-Apr-19,   04:02:19   
2-Apr-19,   04:02:19   
2-Apr-19,   04:02:19   
2-Apr-19,   04:02:19   
2-Apr-19,   04:02:19   
2-Apr-19,   04:02:19   
2-Apr-19,   04:02:19   
2-Apr-19,   04:02:19   
2-Apr-19,   04:02:19   
2-Apr-19,   04:02:19   
2-Apr-19,   04:02:19   
2-Apr-19,   04:02:19   
2-Apr-19,   04:02:19   
2-Apr-19,   04:02:19   
2-Apr-19,   04:02:19   
2-Apr-19,   04:02:19   
2-Apr-19,   04:02:19   
2-Apr-19,   04:02:19   
2-Apr-19,   04:02:19   
2-Apr-19,   04:02:19   
2-Apr-19,   04:02:19   
2-Apr-19,   04:02:19   
2-Apr-19,   04:02:19   
2-Apr-19,   04:02:19   
2-Apr-19,   04:02:19   
2-Apr-19,   04:02:19   
2-Apr-19,   04:02:19   
2-Apr-19,   04:02:19   
2-Apr-19,   04:02:19   
2-Apr-19,   04:02:19   
2-Apr-19,   04:02:19   
2-Apr-19,   04:02:19   
2-Apr-19,   04:02:19   
2-Apr-19,   04:02:20   
2-Apr-19,   04:02:20   
2-Apr-19,   04:02:20   
2-Apr-19,   04:02:20   
2-Apr-19,   04:02:20   
2-Apr-19,   04:02:20   
2-Apr-19,   04:02:20   
2-Apr-19,   04:02:20   
2-Apr-19,   04:02:20   
2-Apr-19,   04:02:20   
2-Apr-19,   04:02:20   
2-Apr-19,   04:02:20   
2-Apr-19,   04:02:20   
2-Apr-19,   04:02:20   
2-Apr-19,   04:02:20   
2-Apr-19,   04:02:20   
2-Apr-19,   04:02:20   
2-Apr-19,   04:02:20   
2-Apr-19,   04:02:20   
2-Apr-19,   04:02:20   
2-Apr-19,   04:02:20   
2-Apr-19,   04:02:20   
2-Apr-19,   04:02:20   
2-Apr-19,   04:02:20   
2-Apr-19,   04:02:20   
2-Apr-19,   04:02:20   
2-Apr-19,   04:02:20   
2-Apr-19,   04:02:20   
2-Apr-19,   04:02:20   
2-Apr-19,   04:02:20   
2-Apr-19,   04:02:20   
2-Apr-19,   04:02:20   
2-Apr-19,   04:02:20   
2-Apr-19,   04:02:20   
2-Apr-19,   04:02:20   
2-Apr-19,   04:02:20   
2-Apr-19,   04:02:20   
2-Apr-19,   04:02:20   
2-Apr-19,   04:02:20   
2-Apr-19,   04:02:20   
2-Apr-19,   04:02:21   
2-Apr-19,   04:02:21   
2-Apr-19,   04:02:21   
2-Apr-19,   04:02:21   
2-Apr-19,   04:02:21   
2-Apr-19,   04:02:21   
2-Apr-19,   04:02:21   
2-Apr-19,   04:02:21   
2-Apr-19,   04:02:21   
2-Apr-19,   04:02:21   
2-Apr-19,   04:02:21   
2-Apr-19,   04:02:21   
2-Apr-19,   04:02:21   
2-Apr-19,   04:02:21   
2-Apr-19,   04:02:21   
2-Apr-19,   04:02:21   
2-Apr-19,   04:02:21   
2-Apr-19,   04:02:21   
2-Apr-19,   04:02:21   
2-Apr-19,   04:02:21   
2-Apr-19,   04:02:21   
2-Apr-19,   04:02:21   
2-Apr-19,   04:02:21   
2-Apr-19,   04:02:21   
2-Apr-19,   04:02:21   
2-Apr-19,   04:02:21   
2-Apr-19,   04:02:21   
2-Apr-19,   04:02:21   
2-Apr-19,   04:02:21   
2-Apr-19,   04:02:21   
2-Apr-19,   04:02:21   
2-Apr-19,   04:02:21   
2-Apr-19,   04:02:21   
2-Apr-19,   04:02:21   
2-Apr-19,   04:02:21   
2-Apr-19,   04:02:21   
2-Apr-19,   04:02:21   
2-Apr-19,   04:02:21   
2-Apr-19,   04:02:21   
2-Apr-19,   04:02:21   
2-Apr-19,   04:02:21   
2-Apr-19,   04:02:21   
2-Apr-19,   04:02:21   
2-Apr-19,   04:02:22   
2-Apr-19,   04:02:22   
2-Apr-19,   04:02:22   
2-Apr-19,   04:02:22   
2-Apr-19,   04:02:22   
2-Apr-19,   04:02:22   
2-Apr-19,   04:02:22   
2-Apr-19,   04:02:22   
2-Apr-19,   04:02:22   
2-Apr-19,   04:02:22   
2-Apr-19,   04:02:22   
2-Apr-19,   04:02:22   
2-Apr-19,   04:02:22   
2-Apr-19,   04:02:22   
2-Apr-19,   04:02:22   
2-Apr-19,   04:02:22   
2-Apr-19,   04:02:22   
2-Apr-19,   04:02:22   
2-Apr-19,   04:02:22   
2-Apr-19,   04:02:22   
2-Apr-19,   04:02:22   
2-Apr-19,   04:02:22   
2-Apr-19,   04:02:22   
2-Apr-19,   04:02:22   
2-Apr-19,   04:02:22   
2-Apr-19,   04:02:22   
2-Apr-19,   04:02:22   
2-Apr-19,   04:02:22   
2-Apr-19,   04:02:22   
2-Apr-19,   04:02:22   
2-Apr-19,   04:02:22   
2-Apr-19,   04:02:22   
2-Apr-19,   04:02:22   
2-Apr-19,   04:02:22   
2-Apr-19,   04:02:22   
2-Apr-19,   04:02:22   
2-Apr-19,   04:02:22   
2-Apr-19,   04:02:22   
2-Apr-19,   04:02:22   
2-Apr-19,   04:02:22   
2-Apr-19,   04:02:22   
2-Apr-19,   04:02:22   
2-Apr-19,   04:02:22   
2-Apr-19,   04:02:22   
2-Apr-19,   04:02:22   
2-Apr-19,   04:02:23   
2-Apr-19,   04:02:23   
2-Apr-19,   04:02:23   
2-Apr-19,   04:02:23   
2-Apr-19,   04:02:23   
2-Apr-19,   04:02:23   
2-Apr-19,   04:02:23   
2-Apr-19,   04:02:23   
2-Apr-19,   04:02:23   
2-Apr-19,   04:02:23   
2-Apr-19,   04:02:23   
2-Apr-19,   04:02:23   
2-Apr-19,   04:02:23   
2-Apr-19,   04:02:23   
2-Apr-19,   04:02:23   
2-Apr-19,   04:02:23   
2-Apr-19,   04:02:23   
2-Apr-19,   04:02:23   
2-Apr-19,   04:02:23   
2-Apr-19,   04:02:23   
2-Apr-19,   04:02:23   
2-Apr-19,   04:02:23   
2-Apr-19,   04:02:23   
2-Apr-19,   04:02:23   
2-Apr-19,   04:02:23   
2-Apr-19,   04:02:23   
2-Apr-19,   04:02:23   
2-Apr-19,   04:02:23   
2-Apr-19,   04:02:23   
2-Apr-19,   04:02:23   
2-Apr-19,   04:02:23   
2-Apr-19,   04:02:23   
2-Apr-19,   04:02:23   
2-Apr-19,   04:02:23   
2-Apr-19,   04:02:23   
2-Apr-19,   04:02:23   
2-Apr-19,   04:02:23   
2-Apr-19,   04:02:23   
2-Apr-19,   04:02:23   
2-Apr-19,   04:02:23   
2-Apr-19,   04:02:23   
2-Apr-19,   04:02:23   
2-Apr-19,   04:02:23   
2-Apr-19,   04:02:24   
2-Apr-19,   04:02:24   
2-Apr-19,   04:02:24   
2-Apr-19,   04:02:24   
2-Apr-19,   04:02:24   
2-Apr-19,   04:02:24   
2-Apr-19,   04:02:24   
2-Apr-19,   04:02:24   
2-Apr-19,   04:02:24   
2-Apr-19,   04:02:24   
2-Apr-19,   04:02:24   
2-Apr-19,   04:02:24   
2-Apr-19,   04:02:24   
2-Apr-19,   04:02:24   
2-Apr-19,   04:02:24   
2-Apr-19,   04:02:24   
2-Apr-19,   04:02:24   
2-Apr-19,   04:02:24   
2-Apr-19,   04:02:24   
2-Apr-19,   04:02:24   
2-Apr-19,   04:02:24   
2-Apr-19,   04:02:24   
2-Apr-19,   04:02:24   
2-Apr-19,   04:02:24   
2-Apr-19,   04:02:24   
2-Apr-19,   04:02:24   
2-Apr-19,   04:02:24   
2-Apr-19,   04:02:24   
2-Apr-19,   04:02:24   
2-Apr-19,   04:02:24   
2-Apr-19,   04:02:24   
2-Apr-19,   04:02:24   
2-Apr-19,   04:02:24   
2-Apr-19,   04:02:24   
2-Apr-19,   04:02:24   
2-Apr-19,   04:02:24   
2-Apr-19,   04:02:24   
2-Apr-19,   04:02:25   
2-Apr-19,   04:02:25   
2-Apr-19,   04:02:25   
2-Apr-19,   04:02:25   
2-Apr-19,   04:02:25   
2-Apr-19,   04:02:25   
2-Apr-19,   04:02:25   
2-Apr-19,   04:02:25   
2-Apr-19,   04:02:25   
2-Apr-19,   04:02:25   
2-Apr-19,   04:02:25   
2-Apr-19,   04:02:25   
2-Apr-19,   04:02:25   
2-Apr-19,   04:02:25   
2-Apr-19,   04:02:25   
2-Apr-19,   04:02:25   
2-Apr-19,   04:02:25   
2-Apr-19,   04:02:25   
2-Apr-19,   04:02:25   
2-Apr-19,   04:02:25   
2-Apr-19,   04:02:25   
2-Apr-19,   04:02:25   
2-Apr-19,   04:02:25   
2-Apr-19,   04:02:25   
2-Apr-19,   04:02:25   
2-Apr-19,   04:02:25   
2-Apr-19,   04:02:25   
2-Apr-19,   04:02:25   
2-Apr-19,   04:02:25   
2-Apr-19,   04:02:25   
2-Apr-19,   04:02:25   
2-Apr-19,   04:02:25   
2-Apr-19,   04:02:25   
2-Apr-19,   04:02:25   
2-Apr-19,   04:02:25   
2-Apr-19,   04:02:25   
2-Apr-19,   04:02:25   
2-Apr-19,   04:02:25   
2-Apr-19,   04:02:25   
2-Apr-19,   04:02:25   
2-Apr-19,   04:02:25   
2-Apr-19,   04:02:25   
2-Apr-19,   04:02:26   
2-Apr-19,   04:02:26   
2-Apr-19,   04:02:26   
2-Apr-19,   04:02:26   
2-Apr-19,   04:02:26   
2-Apr-19,   04:02:26   
2-Apr-19,   04:02:26   
2-Apr-19,   04:02:26   
2-Apr-19,   04:02:26   
2-Apr-19,   04:02:26   
2-Apr-19,   04:02:26   
2-Apr-19,   04:02:26   
2-Apr-19,   04:02:26   
2-Apr-19,   04:02:26   
2-Apr-19,   04:02:26   
2-Apr-19,   04:02:26   
2-Apr-19,   04:02:26   
2-Apr-19,   04:02:26   
2-Apr-19,   04:02:26   
2-Apr-19,   04:02:26   
2-Apr-19,   04:02:26   
2-Apr-19,   04:02:26   
2-Apr-19,   04:02:26   
2-Apr-19,   04:02:26   
2-Apr-19,   04:02:26   
2-Apr-19,   04:02:26   
2-Apr-19,   04:02:26   
2-Apr-19,   04:02:26   
2-Apr-19,   04:02:26   
2-Apr-19,   04:02:26   
2-Apr-19,   04:02:26   
2-Apr-19,   04:02:26   
2-Apr-19,   04:02:26   
2-Apr-19,   04:02:26   
2-Apr-19,   04:02:26   
2-Apr-19,   04:02:26   
2-Apr-19,   04:02:27   
2-Apr-19,   04:02:27   
2-Apr-19,   04:02:27   
2-Apr-19,   04:02:27   
2-Apr-19,   04:02:27   
2-Apr-19,   04:02:27   
2-Apr-19,   04:02:27   
2-Apr-19,   04:02:27   
2-Apr-19,   04:02:27   
2-Apr-19,   04:02:27   
2-Apr-19,   04:02:27   
2-Apr-19,   04:02:27   
2-Apr-19,   04:02:27   
2-Apr-19,   04:02:27   
2-Apr-19,   04:02:27   
2-Apr-19,   04:02:27   
2-Apr-19,   04:02:27   
2-Apr-19,   04:02:27   
2-Apr-19,   04:02:27   
2-Apr-19,   04:02:27   
2-Apr-19,   04:02:27   
2-Apr-19,   04:02:27   
2-Apr-19,   04:02:27   
2-Apr-19,   04:02:27   
2-Apr-19,   04:02:27   
2-Apr-19,   04:02:27   
2-Apr-19,   04:02:27   
2-Apr-19,   04:02:27   
2-Apr-19,   04:02:27   
2-Apr-19,   04:02:27   
2-Apr-19,   04:02:27   
2-Apr-19,   04:02:27   
2-Apr-19,   04:02:27   
2-Apr-19,   04:02:27   
2-Apr-19,   04:02:27   
2-Apr-19,   04:02:27   
2-Apr-19,   04:02:27   
2-Apr-19,   04:02:27   
2-Apr-19,   04:02:27   
2-Apr-19,   04:02:27   
2-Apr-19,   04:02:27   
2-Apr-19,   04:02:27   
2-Apr-19,   04:02:27   
2-Apr-19,   04:02:27   
2-Apr-19,   04:02:28   
2-Apr-19,   04:02:28   
2-Apr-19,   04:02:28   
2-Apr-19,   04:02:28   
2-Apr-19,   04:02:28   
2-Apr-19,   04:02:28   
2-Apr-19,   04:02:28   
2-Apr-19,   04:02:28   
2-Apr-19,   04:02:28   
2-Apr-19,   04:02:28   
2-Apr-19,   04:02:28   
2-Apr-19,   04:02:28   
2-Apr-19,   04:02:28   
2-Apr-19,   04:02:28   
2-Apr-19,   04:02:28   
2-Apr-19,   04:02:28   
2-Apr-19,   04:02:28   
2-Apr-19,   04:02:28   
2-Apr-19,   04:02:28   
2-Apr-19,   04:02:28   
2-Apr-19,   04:02:28   
2-Apr-19,   04:02:28   
2-Apr-19,   04:02:28   
2-Apr-19,   04:02:28   
2-Apr-19,   04:02:28   
2-Apr-19,   04:02:28   
2-Apr-19,   04:02:28   
2-Apr-19,   04:02:28   
2-Apr-19,   04:02:28   
2-Apr-19,   04:02:28   
2-Apr-19,   04:02:28   
2-Apr-19,   04:02:28   
2-Apr-19,   04:02:28   
2-Apr-19,   04:02:28   
2-Apr-19,   04:02:28   
2-Apr-19,   04:02:28   
2-Apr-19,   04:02:28   
2-Apr-19,   04:02:28   
2-Apr-19,   04:02:28   
2-Apr-19,   04:02:28   
2-Apr-19,   04:02:28   
2-Apr-19,   04:02:28   
2-Apr-19,   04:02:28   
2-Apr-19,   04:02:28   
2-Apr-19,   04:02:28   
2-Apr-19,   04:02:28   
2-Apr-19,   04:02:28   
2-Apr-19,   04:02:29   
2-Apr-19,   04:02:29   
2-Apr-19,   04:02:29   
2-Apr-19,   04:02:29   
2-Apr-19,   04:02:29   
2-Apr-19,   04:02:29   
2-Apr-19,   04:02:29   
2-Apr-19,   04:02:29   
2-Apr-19,   04:02:29   
2-Apr-19,   04:02:29   
2-Apr-19,   04:02:29   
2-Apr-19,   04:02:29   
2-Apr-19,   04:02:29   
2-Apr-19,   04:02:29   
2-Apr-19,   04:02:29   
2-Apr-19,   04:02:29   
2-Apr-19,   04:02:29   
2-Apr-19,   04:02:29   
2-Apr-19,   04:02:29   
2-Apr-19,   04:02:29   
2-Apr-19,   04:02:29   
2-Apr-19,   04:02:29   
2-Apr-19,   04:02:29   
2-Apr-19,   04:02:29   
2-Apr-19,   04:02:29   
2-Apr-19,   04:02:29   
2-Apr-19,   04:02:29   
2-Apr-19,   04:02:29   
2-Apr-19,   04:02:29   
2-Apr-19,   04:02:29   
2-Apr-19,   04:02:29   
2-Apr-19,   04:02:29   
2-Apr-19,   04:02:29   
2-Apr-19,   04:02:29   
2-Apr-19,   04:02:29   
2-Apr-19,   04:02:29   
2-Apr-19,   04:02:29   
2-Apr-19,   04:02:29   
2-Apr-19,   04:02:29   
2-Apr-19,   04:02:30   
2-Apr-19,   04:02:30   
2-Apr-19,   04:02:30   
2-Apr-19,   04:02:30   
2-Apr-19,   04:02:30   
2-Apr-19,   04:02:30   
2-Apr-19,   04:02:30   
2-Apr-19,   04:02:30   
2-Apr-19,   04:02:30   
2-Apr-19,   04:02:30   
2-Apr-19,   04:02:30   
2-Apr-19,   04:02:30   
2-Apr-19,   04:02:30   
2-Apr-19,   04:02:30   
2-Apr-19,   04:02:30   
2-Apr-19,   04:02:30   
2-Apr-19,   04:02:30   
2-Apr-19,   04:02:30   
2-Apr-19,   04:02:30   
2-Apr-19,   04:02:30   
2-Apr-19,   04:02:30   
2-Apr-19,   04:02:30   
2-Apr-19,   04:02:30   
2-Apr-19,   04:02:30   
2-Apr-19,   04:02:30   
2-Apr-19,   04:02:30   
2-Apr-19,   04:02:30   
2-Apr-19,   04:02:30   
2-Apr-19,   04:02:30   
2-Apr-19,   04:02:30   
2-Apr-19,   04:02:30   
2-Apr-19,   04:02:30   
2-Apr-19,   04:02:30   
2-Apr-19,   04:02:30   
2-Apr-19,   04:02:30   
2-Apr-19,   04:02:30   
2-Apr-19,   04:02:30   
2-Apr-19,   04:02:30   
2-Apr-19,   04:02:30   
2-Apr-19,   04:02:30   
2-Apr-19,   04:02:30   
2-Apr-19,   04:02:30   
2-Apr-19,   04:02:30   
2-Apr-19,   04:02:30   
2-Apr-19,   04:02:30   
2-Apr-19,   04:02:30   
2-Apr-19,   04:02:31   
2-Apr-19,   04:02:31   
2-Apr-19,   04:02:31   
2-Apr-19,   04:02:31   
2-Apr-19,   04:02:31   
2-Apr-19,   04:02:31   
2-Apr-19,   04:02:31   
2-Apr-19,   04:02:31   
2-Apr-19,   04:02:31   
2-Apr-19,   04:02:31   
2-Apr-19,   04:02:31   
2-Apr-19,   04:02:31   
2-Apr-19,   04:02:31   
2-Apr-19,   04:02:31   
2-Apr-19,   04:02:31   
2-Apr-19,   04:02:31   
2-Apr-19,   04:02:31   
2-Apr-19,   04:02:31   
2-Apr-19,   04:02:31   
2-Apr-19,   04:02:31   
2-Apr-19,   04:02:31   
2-Apr-19,   04:04:05   
2-Apr-19,   04:04:05   
2-Apr-19,   04:04:05   
2-Apr-19,   04:04:06   
2-Apr-19,   04:04:06   
2-Apr-19,   04:04:06   
2-Apr-19,   04:04:06   
2-Apr-19,   04:04:06   
2-Apr-19,   04:04:06   
2-Apr-19,   04:04:06   
2-Apr-19,   04:04:06   
2-Apr-19,   04:04:06   
2-Apr-19,   04:04:06   
2-Apr-19,   04:04:06   
2-Apr-19,   04:04:06   
2-Apr-19,   04:04:06   
2-Apr-19,   04:04:06   
2-Apr-19,   04:04:06   
2-Apr-19,   04:04:06   
2-Apr-19,   04:04:06   
2-Apr-19,   04:04:06   
2-Apr-19,   04:04:06   
2-Apr-19,   04:04:06   
2-Apr-19,   04:04:06   
2-Apr-19,   04:04:06   
2-Apr-19,   04:04:06   
2-Apr-19,   04:04:06   
2-Apr-19,   04:04:06   
2-Apr-19,   04:04:06   
2-Apr-19,   04:04:06   
2-Apr-19,   04:04:06   
2-Apr-19,   04:04:06   
2-Apr-19,   04:04:06   
2-Apr-19,   04:04:06   
2-Apr-19,   04:04:06   
2-Apr-19,   04:04:06   
2-Apr-19,   04:04:06   
2-Apr-19,   04:04:06   
2-Apr-19,   04:04:06   
2-Apr-19,   04:04:06   
2-Apr-19,   04:04:06   
2-Apr-19,   04:04:06   
2-Apr-19,   04:04:06   
2-Apr-19,   04:04:06   
2-Apr-19,   04:04:06   
2-Apr-19,   04:04:06   
2-Apr-19,   04:04:06   
2-Apr-19,   04:04:06   
2-Apr-19,   04:04:06   
2-Apr-19,   04:04:06   
2-Apr-19,   04:04:06   
2-Apr-19,   04:04:06   
2-Apr-19,   04:04:06   
2-Apr-19,   04:04:06   
2-Apr-19,   04:04:06   
2-Apr-19,   04:04:06   
2-Apr-19,   04:04:06   
2-Apr-19,   04:04:06   
2-Apr-19,   04:04:06   
2-Apr-19,   04:04:07   
2-Apr-19,   04:04:07   
2-Apr-19,   04:04:07   
2-Apr-19,   04:04:07   
2-Apr-19,   04:04:07   
2-Apr-19,   04:04:07   
2-Apr-19,   04:04:07   
2-Apr-19,   04:04:07   
2-Apr-19,   04:04:07   
2-Apr-19,   04:04:07   
2-Apr-19,   04:04:07   
2-Apr-19,   04:04:07   
2-Apr-19,   04:04:07   
2-Apr-19,   04:04:07   
2-Apr-19,   04:04:07   
2-Apr-19,   04:04:07   
2-Apr-19,   04:04:07   
2-Apr-19,   04:04:07   
2-Apr-19,   04:04:07   
2-Apr-19,   04:04:07   
2-Apr-19,   04:04:07   
2-Apr-19,   04:04:07   
2-Apr-19,   04:04:07   
2-Apr-19,   04:04:07   
2-Apr-19,   04:04:07   
2-Apr-19,   04:04:07   
2-Apr-19,   04:04:07   
2-Apr-19,   04:04:07   
2-Apr-19,   04:04:07   
2-Apr-19,   04:04:07   
2-Apr-19,   04:04:07   
2-Apr-19,   04:04:07   
2-Apr-19,   04:04:07   
2-Apr-19,   04:04:07   
2-Apr-19,   04:04:07   
2-Apr-19,   04:04:07   
2-Apr-19,   04:04:07   
2-Apr-19,   04:04:07   
2-Apr-19,   04:04:07   
2-Apr-19,   04:04:07   
2-Apr-19,   04:04:07   
2-Apr-19,   04:04:07   
2-Apr-19,   04:04:07   
2-Apr-19,   04:04:07   
2-Apr-19,   04:04:07   
2-Apr-19,   04:04:07   
2-Apr-19,   04:04:08   
2-Apr-19,   04:04:08   
2-Apr-19,   04:04:08   
2-Apr-19,   04:04:08   
2-Apr-19,   04:04:08   
2-Apr-19,   04:04:08   
2-Apr-19,   04:04:08   
2-Apr-19,   04:04:08   
2-Apr-19,   04:04:08   
2-Apr-19,   04:04:08   
2-Apr-19,   04:04:08   
2-Apr-19,   04:04:08   
2-Apr-19,   04:04:08   
2-Apr-19,   04:04:08   
2-Apr-19,   04:04:08   
2-Apr-19,   04:04:08   
2-Apr-19,   04:04:08   
2-Apr-19,   04:04:08   
2-Apr-19,   04:04:08   
2-Apr-19,   04:04:08   
2-Apr-19,   04:04:08   
2-Apr-19,   04:04:08   
2-Apr-19,   04:04:08   
2-Apr-19,   04:04:08   
2-Apr-19,   04:04:08   
2-Apr-19,   04:04:08   
2-Apr-19,   04:04:08   
2-Apr-19,   04:04:08   
2-Apr-19,   04:04:08   
2-Apr-19,   04:04:08   
2-Apr-19,   04:04:08   
2-Apr-19,   04:04:08   
2-Apr-19,   04:04:08   
2-Apr-19,   04:04:08   
2-Apr-19,   04:04:08   
2-Apr-19,   04:04:08   
2-Apr-19,   04:04:08   
2-Apr-19,   04:04:08   
2-Apr-19,   04:04:08   
2-Apr-19,   04:04:08   
2-Apr-19,   04:04:08   
2-Apr-19,   04:04:08   
2-Apr-19,   04:04:08   
2-Apr-19,   04:04:08   
2-Apr-19,   04:04:08   
2-Apr-19,   04:04:08   
2-Apr-19,   04:04:08   
2-Apr-19,   04:04:08   
2-Apr-19,   04:04:08   
2-Apr-19,   04:04:08   
2-Apr-19,   04:04:08   
2-Apr-19,   04:04:08   
2-Apr-19,   04:04:08   
2-Apr-19,   04:04:08   
2-Apr-19,   04:04:08   
2-Apr-19,   04:04:08   
2-Apr-19,   04:04:08   
2-Apr-19,   04:04:08   
2-Apr-19,   04:04:08   
2-Apr-19,   04:04:09   
2-Apr-19,   04:04:09   
2-Apr-19,   04:04:09   
2-Apr-19,   04:04:09   
2-Apr-19,   04:04:09   
2-Apr-19,   04:04:09   
2-Apr-19,   04:04:09   
2-Apr-19,   04:04:09   
2-Apr-19,   04:04:09   
2-Apr-19,   04:04:09   
2-Apr-19,   04:04:09   
2-Apr-19,   04:04:09   
2-Apr-19,   04:04:09   
2-Apr-19,   04:04:09   
2-Apr-19,   04:04:09   
2-Apr-19,   04:04:09   
2-Apr-19,   04:04:09   
2-Apr-19,   04:04:09   
2-Apr-19,   04:04:09   
2-Apr-19,   04:04:09   
2-Apr-19,   04:04:09   
2-Apr-19,   04:04:09   
2-Apr-19,   04:04:09   
2-Apr-19,   04:04:09   
2-Apr-19,   04:04:09   
2-Apr-19,   04:04:09   
2-Apr-19,   04:04:09   
2-Apr-19,   04:04:09   
2-Apr-19,   04:04:09   
2-Apr-19,   04:04:09   
2-Apr-19,   04:04:09   
2-Apr-19,   04:04:09   
2-Apr-19,   04:04:09   
2-Apr-19,   04:04:09   
2-Apr-19,   04:04:09   
2-Apr-19,   04:04:09   
2-Apr-19,   04:04:09   
2-Apr-19,   04:04:09   
2-Apr-19,   04:04:09   
2-Apr-19,   04:04:09   
2-Apr-19,   04:04:09   
2-Apr-19,   04:04:09   
2-Apr-19,   04:04:09   
2-Apr-19,   04:04:09   
2-Apr-19,   04:04:09   
2-Apr-19,   04:04:09   
2-Apr-19,   04:04:09   
2-Apr-19,   04:04:09   
2-Apr-19,   04:04:09   
2-Apr-19,   04:04:09   
2-Apr-19,   04:04:09   
2-Apr-19,   04:04:09   
2-Apr-19,   04:04:10   
2-Apr-19,   04:04:10   
2-Apr-19,   04:04:10   
2-Apr-19,   04:04:10   
2-Apr-19,   04:04:10   
2-Apr-19,   04:04:10   
2-Apr-19,   04:04:10   
2-Apr-19,   04:04:10   
2-Apr-19,   04:04:10   
2-Apr-19,   04:04:10   
2-Apr-19,   04:04:10   
2-Apr-19,   04:04:10   
2-Apr-19,   04:04:10   
2-Apr-19,   04:04:10   
2-Apr-19,   04:04:10   
2-Apr-19,   04:04:10   
2-Apr-19,   04:04:10   
2-Apr-19,   04:04:10   
2-Apr-19,   04:04:10   
2-Apr-19,   04:04:10   
2-Apr-19,   04:04:10   
2-Apr-19,   04:04:10   
2-Apr-19,   04:04:10   
2-Apr-19,   04:04:10   
2-Apr-19,   04:04:10   
2-Apr-19,   04:04:10   
2-Apr-19,   04:04:10   
2-Apr-19,   04:04:10   
2-Apr-19,   04:04:10   
2-Apr-19,   04:04:10   
2-Apr-19,   04:04:10   
2-Apr-19,   04:04:10   
2-Apr-19,   04:04:10   
2-Apr-19,   04:04:10   
2-Apr-19,   04:04:10   
2-Apr-19,   04:04:10   
2-Apr-19,   04:04:10   
2-Apr-19,   04:04:10   
2-Apr-19,   04:04:10   
2-Apr-19,   04:04:10   
2-Apr-19,   04:04:10   
2-Apr-19,   04:04:10   
2-Apr-19,   04:04:10   
2-Apr-19,   04:04:10   
2-Apr-19,   04:04:10   
2-Apr-19,   04:04:10   
2-Apr-19,   04:04:10   
2-Apr-19,   04:04:10   
2-Apr-19,   04:04:10   
2-Apr-19,   04:04:10   
2-Apr-19,   04:04:10   
2-Apr-19,   04:04:10   
2-Apr-19,   04:04:10   
2-Apr-19,   04:04:10   
2-Apr-19,   04:04:10   
2-Apr-19,   04:04:10   
2-Apr-19,   04:04:10   
2-Apr-19,   04:04:10   
2-Apr-19,   04:04:11   
2-Apr-19,   04:04:11   
2-Apr-19,   04:04:11   
2-Apr-19,   04:04:11   
2-Apr-19,   04:04:11   
2-Apr-19,   04:04:11   
2-Apr-19,   04:04:11   
2-Apr-19,   04:04:11   
2-Apr-19,   04:04:11   
2-Apr-19,   04:04:11   
2-Apr-19,   04:04:11   
2-Apr-19,   04:04:11   
2-Apr-19,   04:04:11   
2-Apr-19,   04:04:11   
2-Apr-19,   04:04:11   
2-Apr-19,   04:04:11   
2-Apr-19,   04:04:11   
2-Apr-19,   04:04:11   
2-Apr-19,   04:04:11   
2-Apr-19,   04:04:11   
2-Apr-19,   04:04:11   
2-Apr-19,   04:04:11   
2-Apr-19,   04:04:11   
2-Apr-19,   04:04:11   
2-Apr-19,   04:04:11   
2-Apr-19,   04:04:11   
2-Apr-19,   04:04:11   
2-Apr-19,   04:04:11   
2-Apr-19,   04:04:11   
2-Apr-19,   04:04:11   
2-Apr-19,   04:04:11   
2-Apr-19,   04:04:11   
2-Apr-19,   04:04:11   
2-Apr-19,   04:04:11   
2-Apr-19,   04:04:11   
2-Apr-19,   04:04:11   
2-Apr-19,   04:04:11   
2-Apr-19,   04:04:11   
2-Apr-19,   04:04:11   
2-Apr-19,   04:04:11   
2-Apr-19,   04:04:11   
2-Apr-19,   04:04:11   
2-Apr-19,   04:04:11   
2-Apr-19,   04:04:11   
2-Apr-19,   04:04:11   
2-Apr-19,   04:04:11   
2-Apr-19,   04:04:11   
2-Apr-19,   04:04:11   
2-Apr-19,   04:04:11   
2-Apr-19,   04:04:11   
2-Apr-19,   04:04:11   
2-Apr-19,   04:04:11   
2-Apr-19,   04:04:11   
2-Apr-19,   04:04:12   
2-Apr-19,   04:04:12   
2-Apr-19,   04:04:12   
2-Apr-19,   04:04:12   
2-Apr-19,   04:04:12   
2-Apr-19,   04:04:12   
2-Apr-19,   04:04:12   
2-Apr-19,   04:04:12   
2-Apr-19,   04:04:12   
2-Apr-19,   04:04:12   
2-Apr-19,   04:04:12   
2-Apr-19,   04:04:12   
2-Apr-19,   04:04:12   
2-Apr-19,   04:04:12   
2-Apr-19,   04:04:12   
2-Apr-19,   04:04:12   
2-Apr-19,   04:04:12   
2-Apr-19,   04:04:12   
2-Apr-19,   04:04:12   
2-Apr-19,   04:04:12   
2-Apr-19,   04:04:12   
2-Apr-19,   04:04:12   
2-Apr-19,   04:04:12   
2-Apr-19,   04:04:12   
2-Apr-19,   04:04:12   
2-Apr-19,   04:04:12   
2-Apr-19,   04:04:12   
2-Apr-19,   04:04:12   
2-Apr-19,   04:04:12   
2-Apr-19,   04:04:12   
2-Apr-19,   04:04:12   
2-Apr-19,   04:04:12   
2-Apr-19,   04:04:12   
2-Apr-19,   04:04:12   
2-Apr-19,   04:04:12   
2-Apr-19,   04:04:12   
2-Apr-19,   04:04:12   
2-Apr-19,   04:04:12   
2-Apr-19,   04:04:12   
2-Apr-19,   04:04:12   
2-Apr-19,   04:04:12   
2-Apr-19,   04:04:12   
2-Apr-19,   04:04:12   
2-Apr-19,   04:04:12   
2-Apr-19,   04:04:12   
2-Apr-19,   04:04:12   
2-Apr-19,   04:04:12   
2-Apr-19,   04:04:12   
2-Apr-19,   04:04:12   
2-Apr-19,   04:04:12   
2-Apr-19,   04:04:12   
2-Apr-19,   04:04:12   
2-Apr-19,   04:04:12   
2-Apr-19,   04:04:12   
2-Apr-19,   04:04:12   
2-Apr-19,   04:04:12   
2-Apr-19,   04:04:12   
2-Apr-19,   04:04:13   
2-Apr-19,   04:04:13   
2-Apr-19,   04:04:13   
2-Apr-19,   04:04:13   
2-Apr-19,   04:04:13   
2-Apr-19,   04:04:13   
2-Apr-19,   04:04:13   
2-Apr-19,   04:04:13   
2-Apr-19,   04:04:13   
2-Apr-19,   04:04:13   
2-Apr-19,   04:04:13   
2-Apr-19,   04:04:13   
2-Apr-19,   04:04:13   
2-Apr-19,   04:04:13   
2-Apr-19,   04:04:13   
2-Apr-19,   04:04:13   
2-Apr-19,   04:04:13   
2-Apr-19,   04:04:13   
2-Apr-19,   04:04:13   
2-Apr-19,   04:04:13   
2-Apr-19,   04:04:13   
2-Apr-19,   04:04:13   
2-Apr-19,   04:04:13   
2-Apr-19,   04:04:13   
2-Apr-19,   04:04:13   
2-Apr-19,   04:04:13   
2-Apr-19,   04:04:13   
2-Apr-19,   04:04:13   
2-Apr-19,   04:04:13   
2-Apr-19,   04:04:13   
2-Apr-19,   04:04:13   
2-Apr-19,   04:04:13   
2-Apr-19,   04:04:13   
2-Apr-19,   04:04:13   
2-Apr-19,   04:04:13   
2-Apr-19,   04:04:13   
2-Apr-19,   04:04:13   
2-Apr-19,   04:04:13   
2-Apr-19,   04:04:13   
2-Apr-19,   04:04:13   
2-Apr-19,   04:04:13   
2-Apr-19,   04:04:13   
2-Apr-19,   04:04:13   
2-Apr-19,   04:04:13   
2-Apr-19,   04:04:13   
2-Apr-19,   04:04:13   
2-Apr-19,   04:04:13   
2-Apr-19,   04:04:13   
2-Apr-19,   04:04:13   
2-Apr-19,   04:04:13   
2-Apr-19,   04:04:13   
2-Apr-19,   04:04:14   
2-Apr-19,   04:04:14   
2-Apr-19,   04:04:14   
2-Apr-19,   04:04:14   
2-Apr-19,   04:04:14   
2-Apr-19,   04:04:14   
2-Apr-19,   04:04:14   
2-Apr-19,   04:04:14   
2-Apr-19,   04:04:14   
2-Apr-19,   04:04:14   
2-Apr-19,   04:04:14   
2-Apr-19,   04:04:14   
2-Apr-19,   04:04:14   
2-Apr-19,   04:04:14   
2-Apr-19,   04:04:14   
2-Apr-19,   04:04:14   
2-Apr-19,   04:04:14   
2-Apr-19,   04:04:14   
2-Apr-19,   04:04:14   
2-Apr-19,   04:04:14   
2-Apr-19,   04:04:14   
2-Apr-19,   04:04:14   
2-Apr-19,   04:04:14   
2-Apr-19,   04:04:14   
2-Apr-19,   04:04:14   
2-Apr-19,   04:04:14   
2-Apr-19,   04:04:14   
2-Apr-19,   04:04:14   
2-Apr-19,   04:04:14   
2-Apr-19,   04:04:14   
2-Apr-19,   04:04:14   
2-Apr-19,   04:04:14   
2-Apr-19,   04:04:14   
2-Apr-19,   04:04:14   
2-Apr-19,   04:04:14   
2-Apr-19,   04:04:14   
2-Apr-19,   04:04:14   
2-Apr-19,   04:04:14   
2-Apr-19,   04:04:14   
2-Apr-19,   04:04:14   
2-Apr-19,   04:04:14   
2-Apr-19,   04:04:14   
2-Apr-19,   04:04:14   
2-Apr-19,   04:04:14   
2-Apr-19,   04:04:14   
2-Apr-19,   04:04:14   
2-Apr-19,   04:04:14   
2-Apr-19,   04:04:14   
2-Apr-19,   04:04:14   
2-Apr-19,   04:04:14   
2-Apr-19,   04:04:14   
2-Apr-19,   04:04:14   
2-Apr-19,   04:04:14   
2-Apr-19,   04:04:15   
2-Apr-19,   04:04:15   
2-Apr-19,   04:04:15   
2-Apr-19,   04:04:15   
2-Apr-19,   04:04:15   
2-Apr-19,   04:04:15   
2-Apr-19,   04:04:15   
2-Apr-19,   04:04:15   
2-Apr-19,   04:04:15   
2-Apr-19,   04:04:15   
2-Apr-19,   04:04:15   
2-Apr-19,   04:04:15   
2-Apr-19,   04:04:15   
2-Apr-19,   04:04:15   
2-Apr-19,   04:04:15   
2-Apr-19,   04:04:15   
2-Apr-19,   04:04:15   
2-Apr-19,   04:04:15   
2-Apr-19,   04:04:15   
2-Apr-19,   04:04:15   
2-Apr-19,   04:04:15   
2-Apr-19,   04:04:15   
2-Apr-19,   04:04:15   
2-Apr-19,   04:04:15   
2-Apr-19,   04:04:15   
2-Apr-19,   04:04:15   
2-Apr-19,   04:04:15   
2-Apr-19,   04:04:15   
2-Apr-19,   04:04:15   
2-Apr-19,   04:04:15   
2-Apr-19,   04:04:15   
2-Apr-19,   04:04:15   
2-Apr-19,   04:04:15   
2-Apr-19,   04:04:15   
2-Apr-19,   04:04:15   
2-Apr-19,   04:04:15   
2-Apr-19,   04:04:15   
2-Apr-19,   04:04:15   
2-Apr-19,   04:04:15   
2-Apr-19,   04:04:15   
2-Apr-19,   04:04:15   
2-Apr-19,   04:04:15   
2-Apr-19,   04:04:15   
2-Apr-19,   04:04:15   
2-Apr-19,   04:04:15   
2-Apr-19,   04:04:15   
2-Apr-19,   04:04:15   
2-Apr-19,   04:04:15   
2-Apr-19,   04:04:15   
2-Apr-19,   04:04:15   
2-Apr-19,   04:04:15   
2-Apr-19,   04:04:15   
2-Apr-19,   04:04:15   
2-Apr-19,   04:04:15   
2-Apr-19,   04:04:15   
2-Apr-19,   04:04:16   
2-Apr-19,   04:04:16   
2-Apr-19,   04:04:16   
2-Apr-19,   04:04:16   
2-Apr-19,   04:04:16   
2-Apr-19,   04:04:16   
2-Apr-19,   04:04:16   
2-Apr-19,   04:04:16   
2-Apr-19,   04:04:16   
2-Apr-19,   04:04:16   
2-Apr-19,   04:04:16   
2-Apr-19,   04:04:16   
2-Apr-19,   04:04:16   
2-Apr-19,   04:04:16   
2-Apr-19,   04:04:16   
2-Apr-19,   04:04:16   
2-Apr-19,   04:04:16   
2-Apr-19,   04:04:16   
2-Apr-19,   04:04:16   
2-Apr-19,   04:04:16   
2-Apr-19,   04:04:16   
2-Apr-19,   04:04:16   
2-Apr-19,   04:04:16   
2-Apr-19,   04:04:16   
2-Apr-19,   04:04:16   
2-Apr-19,   04:04:16   
2-Apr-19,   04:04:16   
2-Apr-19,   04:04:16   
2-Apr-19,   04:04:16   
2-Apr-19,   04:04:16   
2-Apr-19,   04:04:16   
2-Apr-19,   04:04:16   
2-Apr-19,   04:04:16   
2-Apr-19,   04:04:16   
2-Apr-19,   04:04:16   
2-Apr-19,   04:04:16   
2-Apr-19,   04:04:16   
2-Apr-19,   04:04:16   
2-Apr-19,   04:04:16   
2-Apr-19,   04:04:16   
2-Apr-19,   04:04:16   
2-Apr-19,   04:04:16   
2-Apr-19,   04:04:16   
2-Apr-19,   04:04:16   
2-Apr-19,   04:04:16   
2-Apr-19,   04:04:16   
2-Apr-19,   04:04:16   
2-Apr-19,   04:04:16   
2-Apr-19,   04:04:16   
2-Apr-19,   04:04:16   
2-Apr-19,   04:04:16   
2-Apr-19,   04:04:16   
2-Apr-19,   04:04:16   
2-Apr-19,   04:04:16   
2-Apr-19,   04:04:16   
2-Apr-19,   04:04:16   
2-Apr-19,   04:04:16   
2-Apr-19,   04:04:16   
2-Apr-19,   04:04:16   
2-Apr-19,   04:04:16   
2-Apr-19,   04:04:17   
2-Apr-19,   04:04:17   
2-Apr-19,   04:04:17   
2-Apr-19,   04:04:17   
2-Apr-19,   04:04:17   
2-Apr-19,   04:04:17   
2-Apr-19,   04:04:17   
2-Apr-19,   04:04:17   
2-Apr-19,   04:04:17   
2-Apr-19,   04:04:17   
2-Apr-19,   04:04:17   
2-Apr-19,   04:04:17   
2-Apr-19,   04:04:17   
2-Apr-19,   04:04:17   
2-Apr-19,   04:04:17   
2-Apr-19,   04:04:17   
2-Apr-19,   04:04:17   
2-Apr-19,   04:04:17   
2-Apr-19,   04:04:17   
2-Apr-19,   04:04:17   
2-Apr-19,   04:04:17   
2-Apr-19,   04:04:17   
2-Apr-19,   04:04:17   
2-Apr-19,   04:04:17   
2-Apr-19,   04:04:17   
2-Apr-19,   04:04:17   
2-Apr-19,   04:04:17   
2-Apr-19,   04:04:17   
2-Apr-19,   04:04:17   
2-Apr-19,   04:04:17   
2-Apr-19,   04:04:17   
2-Apr-19,   04:04:17   
2-Apr-19,   04:04:17   
2-Apr-19,   04:04:17   
2-Apr-19,   04:04:17   
2-Apr-19,   04:04:17   
2-Apr-19,   04:04:17   
2-Apr-19,   04:04:17   
2-Apr-19,   04:04:17   
2-Apr-19,   04:04:17   
26-Apr-19,18:06:23
26-Apr-19,18:06:28
26-Apr-19,18:06:28
26-Apr-19,18:06:29
26-Apr-19,18:06:29
26-Apr-19,18:06:29
26-Apr-19,18:06:32
26-Apr-19,18:06:34
26-Apr-19,18:06:34
26-Apr-19,18:06:34
26-Apr-19,18:06:37
26-Apr-19,18:06:38
26-Apr-19,18:06:38
26-Apr-19,18:06:43
26-Apr-19,18:06:43
26-Apr-19,18:06:47
26-Apr-19,18:06:49
26-Apr-19,18:06:49
26-Apr-19,18:06:49
26-Apr-19,18:06:52
26-Apr-19,18:06:53
26-Apr-19,18:06:53
26-Apr-19,18:06:58
26-Apr-19,18:06:58
26-Apr-19,18:06:59
26-Apr-19,18:06:59
26-Apr-19,18:06:59
26-Apr-19,18:07:02
26-Apr-19,18:07:07
26-Apr-19,18:07:08
26-Apr-19,18:07:08
26-Apr-19,18:07:19
26-Apr-19,18:07:19
26-Apr-19,18:07:19
26-Apr-19,18:07:22
26-Apr-19,18:07:23
26-Apr-19,18:07:23
26-Apr-19,18:07:28
26-Apr-19,18:07:28
26-Apr-19,18:07:29
26-Apr-19,18:07:29
26-Apr-19,18:07:29
26-Apr-19,18:07:32
26-Apr-19,18:07:37
26-Apr-19,18:07:38
26-Apr-19,18:07:38
26-Apr-19,18:07:43
26-Apr-19,18:07:43
26-Apr-19,18:07:47
26-Apr-19,18:07:49
26-Apr-19,18:07:49
26-Apr-19,18:07:49
26-Apr-19,18:07:52
26-Apr-19,18:07:53
26-Apr-19,18:07:53
26-Apr-19,18:07:59
26-Apr-19,18:07:59
26-Apr-19,18:07:59
26-Apr-19,18:08:02
26-Apr-19,18:08:07
26-Apr-19,18:08:08
26-Apr-19,18:08:08
26-Apr-19,18:08:17
26-Apr-19,18:08:22
26-Apr-19,18:08:23
26-Apr-19,18:08:23
26-Apr-19,18:08:28
26-Apr-19,18:08:28
26-Apr-19,18:08:29
26-Apr-19,18:08:29
26-Apr-19,18:08:29
26-Apr-19,18:08:32
26-Apr-19,18:08:34
26-Apr-19,18:08:34
26-Apr-19,18:08:34
26-Apr-19,18:08:37
26-Apr-19,18:08:43
26-Apr-19,18:08:43
26-Apr-19,18:08:47
26-Apr-19,18:08:49
26-Apr-19,18:08:49
26-Apr-19,18:08:49
26-Apr-19,18:08:52
26-Apr-19,18:08:53
26-Apr-19,18:08:53
26-Apr-19,18:08:58
26-Apr-19,18:08:58
26-Apr-19,18:08:59
26-Apr-19,18:08:59
26-Apr-19,18:08:59
26-Apr-19,18:09:02
26-Apr-19,18:09:07
26-Apr-19,18:09:08
26-Apr-19,18:09:08
26-Apr-19,18:09:19
26-Apr-19,18:09:19
26-Apr-19,18:09:19
26-Apr-19,18:09:22
26-Apr-19,18:09:23
26-Apr-19,18:09:23
26-Apr-19,18:09:28
26-Apr-19,18:09:28
26-Apr-19,18:09:29
26-Apr-19,18:09:29
26-Apr-19,18:09:29
26-Apr-19,18:09:32
26-Apr-19,18:09:34
26-Apr-19,18:09:34
26-Apr-19,18:09:34
26-Apr-19,18:09:37
26-Apr-19,18:09:38
26-Apr-19,18:09:38
26-Apr-19,18:09:43
26-Apr-19,18:09:43
26-Apr-19,18:09:47
26-Apr-19,18:09:49
26-Apr-19,18:09:49
26-Apr-19,18:09:49
26-Apr-19,18:09:52
26-Apr-19,18:09:53
26-Apr-19,18:09:53
26-Apr-19,18:09:58
26-Apr-19,18:09:58
26-Apr-19,18:09:59
26-Apr-19,18:09:59
26-Apr-19,18:09:59
26-Apr-19,18:10:02
26-Apr-19,18:10:07
26-Apr-19,18:10:08
26-Apr-19,18:10:08
26-Apr-19,18:10:19
26-Apr-19,18:10:19
26-Apr-19,18:10:22
26-Apr-19,18:10:23
26-Apr-19,18:10:23
26-Apr-19,18:10:28
26-Apr-19,18:10:28
26-Apr-19,18:10:28
26-Apr-19,18:10:29
26-Apr-19,18:10:29
26-Apr-19,18:10:29
26-Apr-19,18:10:34
26-Apr-19,18:10:34
26-Apr-19,18:10:35
26-Apr-19,18:10:38
26-Apr-19,18:10:38
26-Apr-19,18:10:38
26-Apr-19,18:10:43
26-Apr-19,18:10:43
26-Apr-19,18:10:43
26-Apr-19,18:10:49
26-Apr-19,18:10:49
26-Apr-19,18:10:53
26-Apr-19,18:10:53
26-Apr-19,18:10:55
26-Apr-19,18:10:58
26-Apr-19,18:10:58
26-Apr-19,18:10:59
26-Apr-19,18:10:59
26-Apr-19,18:10:59
26-Apr-19,18:11:05
26-Apr-19,18:11:08
26-Apr-19,18:11:09
26-Apr-19,18:11:09
26-Apr-19,18:11:09
26-Apr-19,18:11:19
26-Apr-19,18:11:19
26-Apr-19,18:11:19
26-Apr-19,18:11:23
26-Apr-19,18:11:23
26-Apr-19,18:11:25
26-Apr-19,18:11:29
26-Apr-19,18:11:29
26-Apr-19,18:11:29
26-Apr-19,18:11:34
26-Apr-19,18:11:34
26-Apr-19,18:11:34
26-Apr-19,18:11:35
26-Apr-19,18:11:38
26-Apr-19,18:11:38
26-Apr-19,18:11:43
26-Apr-19,18:11:43
26-Apr-19,18:11:49
26-Apr-19,18:11:49
26-Apr-19,18:11:49
26-Apr-19,18:11:55
26-Apr-19,18:11:58
26-Apr-19,18:11:58
26-Apr-19,18:11:59
26-Apr-19,18:11:59
26-Apr-19,18:11:59
26-Apr-19,18:12:05
26-Apr-19,18:12:08
26-Apr-19,18:12:08
26-Apr-19,18:12:19
26-Apr-19,18:12:19
26-Apr-19,18:12:19
26-Apr-19,18:12:25
26-Apr-19,18:12:28
26-Apr-19,18:12:28
26-Apr-19,18:12:29
26-Apr-19,18:12:29
26-Apr-19,18:12:29
26-Apr-19,18:12:34
26-Apr-19,18:12:34
26-Apr-19,18:12:34
26-Apr-19,18:12:35
26-Apr-19,18:12:38
26-Apr-19,18:12:38
26-Apr-19,18:12:43
26-Apr-19,18:12:43
26-Apr-19,18:12:49
26-Apr-19,18:12:49
26-Apr-19,18:12:49
26-Apr-19,18:12:53
26-Apr-19,18:12:53
26-Apr-19,18:12:55
26-Apr-19,18:12:58
26-Apr-19,18:12:58
26-Apr-19,18:12:59
26-Apr-19,18:12:59
26-Apr-19,18:12:59
26-Apr-19,18:13:05
26-Apr-19,18:13:08
26-Apr-19,18:13:08
26-Apr-19,18:13:19
26-Apr-19,18:13:19
26-Apr-19,18:13:19
26-Apr-19,18:13:23
26-Apr-19,18:13:23
26-Apr-19,18:13:25
26-Apr-19,18:13:28
26-Apr-19,18:13:28
26-Apr-19,18:13:29
26-Apr-19,18:13:29
26-Apr-19,18:13:29
26-Apr-19,18:13:34
26-Apr-19,18:13:34
26-Apr-19,18:13:34
26-Apr-19,18:13:35
26-Apr-19,18:13:38
26-Apr-19,18:13:38
26-Apr-19,18:13:43
26-Apr-19,18:13:43
26-Apr-19,18:13:44
26-Apr-19,18:13:44
26-Apr-19,18:13:44
26-Apr-19,18:13:49
26-Apr-19,18:13:49
26-Apr-19,18:13:49
26-Apr-19,18:13:53
26-Apr-19,18:13:53
26-Apr-19,18:13:55
26-Apr-19,18:13:58
26-Apr-19,18:13:58
26-Apr-19,18:13:59
26-Apr-19,18:13:59
26-Apr-19,18:13:59
26-Apr-19,18:14:05
26-Apr-19,18:14:08
26-Apr-19,18:14:08
26-Apr-19,18:14:19
26-Apr-19,18:14:19
26-Apr-19,18:14:19
26-Apr-19,18:14:23
26-Apr-19,18:14:23
26-Apr-19,18:14:25
26-Apr-19,18:14:28
26-Apr-19,18:14:28
26-Apr-19,18:14:29
26-Apr-19,18:14:29
26-Apr-19,18:14:29
26-Apr-19,18:14:34
26-Apr-19,18:14:34
26-Apr-19,18:14:34
26-Apr-19,18:14:35
26-Apr-19,18:14:38
26-Apr-19,18:14:38
26-Apr-19,18:14:43
26-Apr-19,18:14:43
26-Apr-19,18:14:49
26-Apr-19,18:14:49
26-Apr-19,18:14:49
26-Apr-19,18:14:53
26-Apr-19,18:14:53
26-Apr-19,18:14:55
26-Apr-19,18:14:59
26-Apr-19,18:14:59
26-Apr-19,18:14:59
26-Apr-19,18:15:05
26-Apr-19,18:15:08
26-Apr-19,18:15:08
26-Apr-19,18:15:23
26-Apr-19,18:15:23
26-Apr-19,18:15:25
26-Apr-19,18:15:28
26-Apr-19,18:15:28
26-Apr-19,18:15:29
26-Apr-19,18:15:29
26-Apr-19,18:15:29
26-Apr-19,18:15:33
26-Apr-19,18:15:33
26-Apr-19,18:15:34
26-Apr-19,18:15:34
26-Apr-19,18:15:34
26-Apr-19,18:15:35
26-Apr-19,18:15:38
26-Apr-19,18:15:38
26-Apr-19,18:15:43
26-Apr-19,18:15:43
26-Apr-19,18:15:49
26-Apr-19,18:15:49
26-Apr-19,18:15:49
26-Apr-19,18:15:53
26-Apr-19,18:15:53
26-Apr-19,18:15:55
26-Apr-19,18:15:58
26-Apr-19,18:15:58
26-Apr-19,18:15:59
26-Apr-19,18:15:59
26-Apr-19,18:15:59
26-Apr-19,18:16:05
26-Apr-19,18:16:08
26-Apr-19,18:16:08
26-Apr-19,18:16:19
26-Apr-19,18:16:19
26-Apr-19,18:16:19
26-Apr-19,18:16:23
26-Apr-19,18:16:23
26-Apr-19,18:16:25
26-Apr-19,18:16:28
26-Apr-19,18:16:28
26-Apr-19,18:16:29
26-Apr-19,18:16:29
26-Apr-19,18:16:29
26-Apr-19,18:16:33
26-Apr-19,18:16:33
26-Apr-19,18:16:35
26-Apr-19,18:16:38
26-Apr-19,18:16:38
26-Apr-19,18:16:43
26-Apr-19,18:16:43
26-Apr-19,18:16:49
26-Apr-19,18:16:49
26-Apr-19,18:16:49
26-Apr-19,18:16:53
26-Apr-19,18:16:53
26-Apr-19,18:16:55
26-Apr-19,18:16:58
26-Apr-19,18:16:58
26-Apr-19,18:16:59
26-Apr-19,18:16:59
26-Apr-19,18:16:59
26-Apr-19,18:17:03
26-Apr-19,18:17:03
26-Apr-19,18:17:05
26-Apr-19,18:17:08
26-Apr-19,18:17:08
26-Apr-19,18:17:19
26-Apr-19,18:17:19
26-Apr-19,18:17:19
26-Apr-19,18:17:23
26-Apr-19,18:17:23
26-Apr-19,18:17:24
26-Apr-19,18:17:24
26-Apr-19,18:17:24
26-Apr-19,18:17:28
26-Apr-19,18:17:28
26-Apr-19,18:17:34
26-Apr-19,18:17:34
26-Apr-19,18:17:34
26-Apr-19,18:17:35
26-Apr-19,18:17:38
26-Apr-19,18:17:38
26-Apr-19,18:17:43
26-Apr-19,18:17:43
26-Apr-19,18:17:49
26-Apr-19,18:17:49
26-Apr-19,18:17:49
26-Apr-19,18:17:53
26-Apr-19,18:17:53
26-Apr-19,18:17:54
26-Apr-19,18:17:54
26-Apr-19,18:17:54
26-Apr-19,18:17:58
26-Apr-19,18:17:58
26-Apr-19,18:17:59
26-Apr-19,18:17:59
26-Apr-19,18:17:59
26-Apr-19,18:18:05
26-Apr-19,18:18:08
26-Apr-19,18:18:08
26-Apr-19,18:18:19
26-Apr-19,18:18:19
26-Apr-19,18:18:19
26-Apr-19,18:18:28
26-Apr-19,18:18:28
26-Apr-19,18:18:29
26-Apr-19,18:18:29
26-Apr-19,18:18:29
26-Apr-19,18:18:34
26-Apr-19,18:18:34
26-Apr-19,18:18:34
26-Apr-19,18:18:35
26-Apr-19,18:18:38
26-Apr-19,18:18:38
26-Apr-19,18:18:43
26-Apr-19,18:18:43
26-Apr-19,18:18:49
26-Apr-19,18:18:49
26-Apr-19,18:18:49
26-Apr-19,18:18:53
26-Apr-19,18:18:53
26-Apr-19,18:18:54
26-Apr-19,18:18:54
26-Apr-19,18:18:54
26-Apr-19,18:18:58
26-Apr-19,18:18:58
26-Apr-19,18:18:59
26-Apr-19,18:18:59
26-Apr-19,18:18:59
26-Apr-19,18:19:05
26-Apr-19,18:19:08
26-Apr-19,18:19:08
26-Apr-19,18:19:19
26-Apr-19,18:19:19
26-Apr-19,18:19:19
26-Apr-19,18:19:23
26-Apr-19,18:19:23
26-Apr-19,18:19:28
26-Apr-19,18:19:29
26-Apr-19,18:19:29
26-Apr-19,18:19:29
26-Apr-19,18:19:34
26-Apr-19,18:19:34
26-Apr-19,18:19:34
26-Apr-19,18:19:35
26-Apr-19,18:19:38
26-Apr-19,18:19:38
26-Apr-19,18:19:44
26-Apr-19,18:19:44
26-Apr-19,18:19:44
26-Apr-19,18:19:45
26-Apr-19,18:19:49
26-Apr-19,18:19:49
26-Apr-19,18:19:49
26-Apr-19,18:19:53
26-Apr-19,18:19:53
26-Apr-19,18:19:54
26-Apr-19,18:19:54
26-Apr-19,18:19:54
26-Apr-19,18:19:58
26-Apr-19,18:19:58
26-Apr-19,18:19:59
26-Apr-19,18:19:59
26-Apr-19,18:19:59
26-Apr-19,18:20:05
26-Apr-19,18:20:08
26-Apr-19,18:20:08
26-Apr-19,18:20:28
26-Apr-19,18:20:28
26-Apr-19,18:20:29
26-Apr-19,18:20:29
26-Apr-19,18:20:29
26-Apr-19,18:20:34
26-Apr-19,18:20:34
26-Apr-19,18:20:34
26-Apr-19,18:20:35
26-Apr-19,18:20:38
26-Apr-19,18:20:38
26-Apr-19,18:20:43
26-Apr-19,18:20:43
26-Apr-19,18:20:45
26-Apr-19,18:20:49
26-Apr-19,18:20:49
26-Apr-19,18:20:53
26-Apr-19,18:20:53
26-Apr-19,18:20:54
26-Apr-19,18:20:54
26-Apr-19,18:20:58
26-Apr-19,18:20:58
26-Apr-19,18:20:59
26-Apr-19,18:20:59
26-Apr-19,18:21:05
26-Apr-19,18:21:05
26-Apr-19,18:21:08
26-Apr-19,18:21:08
26-Apr-19,18:21:19
26-Apr-19,18:21:19
26-Apr-19,18:21:23
26-Apr-19,18:21:23
26-Apr-19,18:21:29
26-Apr-19,18:21:29
26-Apr-19,18:21:34
26-Apr-19,18:21:34
26-Apr-19,18:21:35
26-Apr-19,18:21:35
26-Apr-19,18:21:38
26-Apr-19,18:21:38
26-Apr-19,18:21:40
26-Apr-19,18:21:40
26-Apr-19,18:21:43
26-Apr-19,18:21:43
26-Apr-19,18:21:44
26-Apr-19,18:21:44
26-Apr-19,18:21:45
26-Apr-19,18:21:45
26-Apr-19,18:21:49
26-Apr-19,18:21:49
26-Apr-19,18:21:50
26-Apr-19,18:21:50
26-Apr-19,18:21:53
26-Apr-19,18:21:53
26-Apr-19,18:21:54
26-Apr-19,18:21:54
26-Apr-19,18:21:59
26-Apr-19,18:21:59
26-Apr-19,18:22:04
26-Apr-19,18:22:04
26-Apr-19,18:22:05
26-Apr-19,18:22:05
26-Apr-19,18:22:08
26-Apr-19,18:22:08
26-Apr-19,18:22:10
26-Apr-19,18:22:10
26-Apr-19,18:22:19
26-Apr-19,18:22:19
26-Apr-19,18:22:20
26-Apr-19,18:22:20
26-Apr-19,18:22:23
26-Apr-19,18:22:23
26-Apr-19,18:22:24
26-Apr-19,18:22:24
26-Apr-19,18:22:29
26-Apr-19,18:22:29
26-Apr-19,18:22:34
26-Apr-19,18:22:34
26-Apr-19,18:22:35
26-Apr-19,18:22:35
26-Apr-19,18:22:38
26-Apr-19,18:22:38
26-Apr-19,18:22:40
26-Apr-19,18:22:40
26-Apr-19,18:22:43
26-Apr-19,18:22:43
26-Apr-19,18:22:44
26-Apr-19,18:22:44
26-Apr-19,18:22:45
26-Apr-19,18:22:45
26-Apr-19,18:22:48
26-Apr-19,18:22:48
26-Apr-19,18:22:50
26-Apr-19,18:22:50
26-Apr-19,18:22:53
26-Apr-19,18:22:53
26-Apr-19,18:22:54
26-Apr-19,18:22:54
26-Apr-19,18:22:59
26-Apr-19,18:22:59
26-Apr-19,18:23:04
26-Apr-19,18:23:04
26-Apr-19,18:23:05
26-Apr-19,18:23:05
26-Apr-19,18:23:08
26-Apr-19,18:23:08
26-Apr-19,18:23:10
26-Apr-19,18:23:10
26-Apr-19,18:23:18
26-Apr-19,18:23:18
26-Apr-19,18:23:20
26-Apr-19,18:23:20
26-Apr-19,18:23:23
26-Apr-19,18:23:23
26-Apr-19,18:23:24
26-Apr-19,18:23:24
26-Apr-19,18:23:29
26-Apr-19,18:23:29
26-Apr-19,18:23:34
26-Apr-19,18:23:34
26-Apr-19,18:23:35
26-Apr-19,18:23:35
26-Apr-19,18:23:38
26-Apr-19,18:23:38
26-Apr-19,18:23:40
26-Apr-19,18:23:40
26-Apr-19,18:23:43
26-Apr-19,18:23:43
26-Apr-19,18:23:44
26-Apr-19,18:23:44
26-Apr-19,18:23:45
26-Apr-19,18:23:45
26-Apr-19,18:23:48
26-Apr-19,18:23:48
26-Apr-19,18:23:50
26-Apr-19,18:23:50
26-Apr-19,18:23:53
26-Apr-19,18:23:53
26-Apr-19,18:23:54
26-Apr-19,18:23:54
26-Apr-19,18:23:59
26-Apr-19,18:23:59
26-Apr-19,18:24:04
26-Apr-19,18:24:04
26-Apr-19,18:24:05
26-Apr-19,18:24:05
26-Apr-19,18:24:08
26-Apr-19,18:24:08
26-Apr-19,18:24:10
26-Apr-19,18:24:10
26-Apr-19,18:24:20
26-Apr-19,18:24:20
26-Apr-19,18:24:23
26-Apr-19,18:24:23
26-Apr-19,18:24:24
26-Apr-19,18:24:24
26-Apr-19,18:24:29
26-Apr-19,18:24:29
26-Apr-19,18:24:34
26-Apr-19,18:24:35
26-Apr-19,18:24:35
26-Apr-19,18:24:35
26-Apr-19,18:24:38
26-Apr-19,18:24:38
26-Apr-19,18:24:40
26-Apr-19,18:24:40
26-Apr-19,18:24:40
26-Apr-19,18:24:43
26-Apr-19,18:24:43
26-Apr-19,18:24:44
26-Apr-19,18:24:45
26-Apr-19,18:24:45
26-Apr-19,18:24:45
26-Apr-19,18:24:50
26-Apr-19,18:24:50
26-Apr-19,18:24:50
26-Apr-19,18:24:53
26-Apr-19,18:24:53
26-Apr-19,18:24:54
26-Apr-19,18:24:58
26-Apr-19,18:24:58
26-Apr-19,18:24:59
26-Apr-19,18:25:00
26-Apr-19,18:25:04
26-Apr-19,18:25:05
26-Apr-19,18:25:05
26-Apr-19,18:25:09
26-Apr-19,18:25:18
26-Apr-19,18:25:18
26-Apr-19,18:25:20
26-Apr-19,18:25:20
26-Apr-19,18:25:23
26-Apr-19,18:25:23
26-Apr-19,18:25:24
26-Apr-19,18:25:29
26-Apr-19,18:25:30
26-Apr-19,18:25:30
26-Apr-19,18:25:30
26-Apr-19,18:25:34
26-Apr-19,18:25:35
26-Apr-19,18:25:35
26-Apr-19,18:25:35
26-Apr-19,18:25:38
26-Apr-19,18:25:38
26-Apr-19,18:25:39
26-Apr-19,18:25:43
26-Apr-19,18:25:43
26-Apr-19,18:25:44
26-Apr-19,18:25:45
26-Apr-19,18:25:45
26-Apr-19,18:25:48
26-Apr-19,18:25:48
26-Apr-19,18:25:50
26-Apr-19,18:25:50
26-Apr-19,18:25:50
26-Apr-19,18:25:53
26-Apr-19,18:25:53
26-Apr-19,18:25:54
26-Apr-19,18:25:59
26-Apr-19,18:26:00
26-Apr-19,18:26:00
26-Apr-19,18:26:00
26-Apr-19,18:26:04
26-Apr-19,18:26:05
26-Apr-19,18:26:05
26-Apr-19,18:26:05
26-Apr-19,18:26:08
26-Apr-19,18:26:08
26-Apr-19,18:26:09
26-Apr-19,18:26:13
26-Apr-19,18:26:13
26-Apr-19,18:26:20
26-Apr-19,18:26:20
26-Apr-19,18:26:20
26-Apr-19,18:26:23
26-Apr-19,18:26:23
26-Apr-19,18:26:25
26-Apr-19,18:26:25
26-Apr-19,18:26:25
26-Apr-19,18:26:29
26-Apr-19,18:26:30
26-Apr-19,18:26:30
26-Apr-19,18:26:30
26-Apr-19,18:26:34
26-Apr-19,18:26:35
26-Apr-19,18:26:35
26-Apr-19,18:26:38
26-Apr-19,18:26:38
26-Apr-19,18:26:39
26-Apr-19,18:26:43
26-Apr-19,18:26:43
26-Apr-19,18:26:44
26-Apr-19,18:26:45
26-Apr-19,18:26:45
26-Apr-19,18:26:45
26-Apr-19,18:26:48
26-Apr-19,18:26:48
26-Apr-19,18:26:50
26-Apr-19,18:26:50
26-Apr-19,18:26:50
26-Apr-19,18:26:53
26-Apr-19,18:26:53
26-Apr-19,18:27:00
26-Apr-19,18:27:00
26-Apr-19,18:27:00
26-Apr-19,18:27:04
26-Apr-19,18:27:05
26-Apr-19,18:27:05
26-Apr-19,18:27:05
26-Apr-19,18:27:08
26-Apr-19,18:27:08
26-Apr-19,18:27:09
26-Apr-19,18:27:18
26-Apr-19,18:27:18
26-Apr-19,18:27:20
26-Apr-19,18:27:20
26-Apr-19,18:27:20
26-Apr-19,18:27:23
26-Apr-19,18:27:23
26-Apr-19,18:27:25
26-Apr-19,18:27:25
26-Apr-19,18:27:25
26-Apr-19,18:27:29
26-Apr-19,18:27:30
26-Apr-19,18:27:30
26-Apr-19,18:27:30
26-Apr-19,18:27:34
26-Apr-19,18:27:35
26-Apr-19,18:27:35
26-Apr-19,18:27:38
26-Apr-19,18:27:38
26-Apr-19,18:27:39
26-Apr-19,18:27:43
26-Apr-19,18:27:43
26-Apr-19,18:27:44
26-Apr-19,18:27:45
26-Apr-19,18:27:45
26-Apr-19,18:27:45
26-Apr-19,18:27:48
26-Apr-19,18:27:48
26-Apr-19,18:27:50
26-Apr-19,18:27:50
26-Apr-19,18:27:50
26-Apr-19,18:27:53
26-Apr-19,18:27:53
26-Apr-19,18:27:55
26-Apr-19,18:27:55
26-Apr-19,18:27:55
26-Apr-19,18:27:59
26-Apr-19,18:28:00
26-Apr-19,18:28:00
26-Apr-19,18:28:00
26-Apr-19,18:28:04
26-Apr-19,18:28:05
26-Apr-19,18:28:05
26-Apr-19,18:28:05
26-Apr-19,18:28:08
26-Apr-19,18:28:09
26-Apr-19,18:28:09
26-Apr-19,18:28:20
26-Apr-19,18:28:20
26-Apr-19,18:28:20
26-Apr-19,18:28:23
26-Apr-19,18:28:25
26-Apr-19,18:28:25
26-Apr-19,18:28:25
26-Apr-19,18:28:29
26-Apr-19,18:28:29
26-Apr-19,18:28:30
26-Apr-19,18:28:30
26-Apr-19,18:28:30
26-Apr-19,18:28:34
26-Apr-19,18:28:34
26-Apr-19,18:28:35
26-Apr-19,18:28:35
26-Apr-19,18:28:35
26-Apr-19,18:28:38
26-Apr-19,15:05:21
26-Apr-19,15:05:21
26-Apr-19,15:05:21
26-Apr-19,15:05:26
26-Apr-19,15:05:26
26-Apr-19,15:05:26
26-Apr-19,15:05:31
26-Apr-19,15:05:31
26-Apr-19,15:05:31
26-Apr-19,15:05:36
26-Apr-19,15:05:36
26-Apr-19,15:05:36
26-Apr-19,15:05:41
26-Apr-19,15:05:41
26-Apr-19,15:05:41
26-Apr-19,15:05:46
26-Apr-19,15:05:46
26-Apr-19,15:05:46
26-Apr-19,15:05:51
26-Apr-19,15:05:51
26-Apr-19,15:05:51
26-Apr-19,15:05:56
26-Apr-19,15:05:56
26-Apr-19,15:05:56
26-Apr-19,15:06:01
26-Apr-19,15:06:01
26-Apr-19,15:06:01
26-Apr-19,15:06:06
26-Apr-19,15:06:06
26-Apr-19,15:06:06
26-Apr-19,15:06:11
26-Apr-19,15:06:11
26-Apr-19,15:06:11
26-Apr-19,15:06:16
26-Apr-19,15:06:16
26-Apr-19,15:06:16
26-Apr-19,15:06:21
26-Apr-19,15:06:21
26-Apr-19,15:06:21
26-Apr-19,15:06:26
26-Apr-19,15:06:26
26-Apr-19,15:06:26
26-Apr-19,15:06:31
26-Apr-19,15:06:31
26-Apr-19,15:06:31
26-Apr-19,15:06:36
26-Apr-19,15:06:36
26-Apr-19,15:06:36
26-Apr-19,15:06:41
26-Apr-19,15:06:41
26-Apr-19,15:06:41
26-Apr-19,15:06:46
26-Apr-19,15:06:46
26-Apr-19,15:06:46
26-Apr-19,15:06:51
26-Apr-19,15:06:51
26-Apr-19,15:06:51
26-Apr-19,15:06:56
26-Apr-19,15:06:56
26-Apr-19,15:06:56
26-Apr-19,15:07:01
26-Apr-19,15:07:01
26-Apr-19,15:07:01
26-Apr-19,15:07:06
26-Apr-19,15:07:06
26-Apr-19,15:07:06
26-Apr-19,15:07:11
26-Apr-19,15:07:11
26-Apr-19,15:07:11
26-Apr-19,15:07:16
26-Apr-19,15:07:16
26-Apr-19,15:07:16
26-Apr-19,15:07:21
26-Apr-19,15:07:21
26-Apr-19,15:07:21
26-Apr-19,15:07:26
26-Apr-19,15:07:26
26-Apr-19,15:07:26
26-Apr-19,15:07:31
26-Apr-19,15:07:31
26-Apr-19,15:07:31
26-Apr-19,15:07:36
26-Apr-19,15:07:36
26-Apr-19,15:07:36
26-Apr-19,15:07:41
26-Apr-19,15:07:41
26-Apr-19,15:07:41
26-Apr-19,15:07:46
26-Apr-19,15:07:46
26-Apr-19,15:07:46
26-Apr-19,15:07:51
26-Apr-19,15:07:51
26-Apr-19,15:07:51
26-Apr-19,15:07:56
26-Apr-19,15:07:56
26-Apr-19,15:07:56
26-Apr-19,15:08:01
26-Apr-19,15:08:01
26-Apr-19,15:08:01
26-Apr-19,15:08:06
26-Apr-19,15:08:06
26-Apr-19,15:08:06
26-Apr-19,15:08:11
26-Apr-19,15:08:11
26-Apr-19,15:08:11
26-Apr-19,15:08:21
26-Apr-19,15:08:21
26-Apr-19,15:08:21
26-Apr-19,15:08:26
26-Apr-19,15:08:26
26-Apr-19,15:08:26
26-Apr-19,15:08:31
26-Apr-19,15:08:31
26-Apr-19,15:08:31
26-Apr-19,15:08:36
26-Apr-19,15:08:36
26-Apr-19,15:08:36
26-Apr-19,15:08:41
26-Apr-19,15:08:41
26-Apr-19,15:08:42
26-Apr-19,15:08:46
26-Apr-19,15:08:46
26-Apr-19,15:08:47
26-Apr-19,15:08:51
26-Apr-19,15:08:51
26-Apr-19,15:08:52
26-Apr-19,15:08:56
26-Apr-19,15:08:56
26-Apr-19,15:08:57
26-Apr-19,15:09:01
26-Apr-19,15:09:01
26-Apr-19,15:09:02
26-Apr-19,15:09:06
26-Apr-19,15:09:06
26-Apr-19,15:09:07
26-Apr-19,15:09:11
26-Apr-19,15:09:11
26-Apr-19,15:09:21
26-Apr-19,15:09:21
26-Apr-19,15:09:22
26-Apr-19,15:09:26
26-Apr-19,15:09:26
26-Apr-19,15:09:27
26-Apr-19,15:09:31
26-Apr-19,15:09:31
26-Apr-19,15:09:32
26-Apr-19,15:09:36
26-Apr-19,15:09:36
26-Apr-19,15:09:37
26-Apr-19,15:09:41
26-Apr-19,15:09:41
26-Apr-19,15:09:42
26-Apr-19,15:09:46
26-Apr-19,15:09:46
26-Apr-19,15:09:47
26-Apr-19,15:09:51
26-Apr-19,15:09:51
26-Apr-19,15:09:52
26-Apr-19,15:09:56
26-Apr-19,15:09:57
26-Apr-19,15:09:57
26-Apr-19,15:10:02
26-Apr-19,15:10:02
26-Apr-19,15:10:06
26-Apr-19,15:10:07
26-Apr-19,15:10:07
26-Apr-19,15:10:11
26-Apr-19,15:10:16
26-Apr-19,15:10:21
26-Apr-19,15:10:22
26-Apr-19,15:10:22
26-Apr-19,15:10:26
26-Apr-19,15:10:27
26-Apr-19,15:10:27
26-Apr-19,15:10:31
26-Apr-19,15:10:32
26-Apr-19,15:10:32
26-Apr-19,15:10:36
26-Apr-19,15:10:37
26-Apr-19,15:10:37
26-Apr-19,15:10:41
26-Apr-19,15:10:42
26-Apr-19,15:10:42
26-Apr-19,15:10:46
26-Apr-19,15:10:47
26-Apr-19,15:10:47
26-Apr-19,15:10:51
26-Apr-19,15:10:52
26-Apr-19,15:10:52
26-Apr-19,15:10:56
26-Apr-19,15:10:57
26-Apr-19,15:10:57
26-Apr-19,15:11:01
26-Apr-19,15:11:02
26-Apr-19,15:11:02
26-Apr-19,15:11:06
26-Apr-19,15:11:07
26-Apr-19,15:11:07
26-Apr-19,15:11:11
26-Apr-19,15:11:21
26-Apr-19,15:11:22
26-Apr-19,15:11:22
26-Apr-19,15:11:26
26-Apr-19,15:11:27
26-Apr-19,15:11:27
26-Apr-19,15:11:31
26-Apr-19,15:11:32
26-Apr-19,15:11:32
26-Apr-19,15:11:36
26-Apr-19,15:11:37
26-Apr-19,15:11:37
26-Apr-19,15:11:41
26-Apr-19,15:11:42
26-Apr-19,15:11:42
26-Apr-19,15:11:46
26-Apr-19,15:11:51
26-Apr-19,15:11:52
26-Apr-19,15:11:52
26-Apr-19,15:11:56
26-Apr-19,15:11:57
26-Apr-19,15:11:57
26-Apr-19,15:12:01
26-Apr-19,15:12:02
26-Apr-19,15:12:02
26-Apr-19,15:12:06
26-Apr-19,15:12:07
26-Apr-19,15:12:07
26-Apr-19,15:12:11
26-Apr-19,15:12:16
26-Apr-19,15:12:17
26-Apr-19,15:12:17
26-Apr-19,15:12:21
26-Apr-19,15:12:22
26-Apr-19,15:12:22
26-Apr-19,15:12:26
26-Apr-19,15:12:27
26-Apr-19,15:12:27
26-Apr-19,15:12:31
26-Apr-19,15:12:32
26-Apr-19,15:12:32
26-Apr-19,15:12:36
26-Apr-19,15:12:37
26-Apr-19,15:12:37
26-Apr-19,15:12:41
26-Apr-19,15:12:42
26-Apr-19,15:12:42
26-Apr-19,15:12:46
26-Apr-19,15:12:47
26-Apr-19,15:12:47
26-Apr-19,15:12:51
26-Apr-19,15:12:52
26-Apr-19,15:12:52
26-Apr-19,15:12:56
26-Apr-19,15:12:57
26-Apr-19,15:12:57
26-Apr-19,15:13:02
26-Apr-19,15:13:02
26-Apr-19,15:13:06
26-Apr-19,15:13:07
26-Apr-19,15:13:07
26-Apr-19,15:13:11
26-Apr-19,15:13:21
26-Apr-19,15:13:22
26-Apr-19,15:13:22
26-Apr-19,15:13:26
26-Apr-19,15:13:27
26-Apr-19,15:13:27
26-Apr-19,15:13:31
26-Apr-19,15:13:32
26-Apr-19,15:13:32
26-Apr-19,15:13:36
26-Apr-19,15:13:37
26-Apr-19,15:13:37
26-Apr-19,15:13:41
26-Apr-19,15:13:46
26-Apr-19,15:13:47
26-Apr-19,15:13:47
26-Apr-19,15:13:51
26-Apr-19,15:13:52
26-Apr-19,15:13:52
26-Apr-19,15:13:56
26-Apr-19,15:13:57
26-Apr-19,15:13:57
26-Apr-19,15:14:01
26-Apr-19,15:14:02
26-Apr-19,15:14:02
26-Apr-19,15:14:06
26-Apr-19,15:14:07
26-Apr-19,15:14:07
26-Apr-19,15:14:11
26-Apr-19,15:14:21
26-Apr-19,15:14:22
26-Apr-19,15:14:22
26-Apr-19,15:14:26
26-Apr-19,15:14:27
26-Apr-19,15:14:27
26-Apr-19,15:14:31
26-Apr-19,15:14:32
26-Apr-19,15:14:32
26-Apr-19,15:14:36
26-Apr-19,15:14:37
26-Apr-19,15:14:37
26-Apr-19,15:14:41
26-Apr-19,15:14:46
26-Apr-19,15:14:47
26-Apr-19,15:14:47
26-Apr-19,15:14:51
26-Apr-19,15:14:52
26-Apr-19,15:14:52
26-Apr-19,15:14:56
26-Apr-19,15:14:57
26-Apr-19,15:14:57
26-Apr-19,15:15:02
26-Apr-19,15:15:06
26-Apr-19,15:15:07
26-Apr-19,15:15:07
26-Apr-19,15:15:11
26-Apr-19,15:15:16
26-Apr-19,15:15:17
26-Apr-19,15:15:17
26-Apr-19,15:15:21
26-Apr-19,15:15:22
26-Apr-19,15:15:22
26-Apr-19,15:15:26
26-Apr-19,15:15:27
26-Apr-19,15:15:27
26-Apr-19,15:15:31
26-Apr-19,15:15:32
26-Apr-19,15:15:32
26-Apr-19,15:15:37
26-Apr-19,15:15:37
26-Apr-19,15:15:41
26-Apr-19,15:15:42
26-Apr-19,15:15:42
26-Apr-19,15:15:46
26-Apr-19,15:15:47
26-Apr-19,15:15:47
26-Apr-19,15:15:51
26-Apr-19,15:15:52
26-Apr-19,15:15:52
26-Apr-19,15:15:56
26-Apr-19,15:15:57
26-Apr-19,15:15:57
26-Apr-19,15:16:01
26-Apr-19,15:16:02
26-Apr-19,15:16:02
26-Apr-19,15:16:06
26-Apr-19,15:16:07
26-Apr-19,15:16:07
26-Apr-19,15:16:11
26-Apr-19,15:16:21
26-Apr-19,15:16:22
26-Apr-19,15:16:22
26-Apr-19,15:16:26
26-Apr-19,15:16:27
26-Apr-19,15:16:27
26-Apr-19,15:16:31
26-Apr-19,15:16:32
26-Apr-19,15:16:32
26-Apr-19,15:16:36
26-Apr-19,15:16:41
26-Apr-19,15:16:42
26-Apr-19,15:16:42
26-Apr-19,15:16:46
26-Apr-19,15:16:47
26-Apr-19,15:16:47
26-Apr-19,15:16:51
26-Apr-19,15:16:52
26-Apr-19,15:16:52
26-Apr-19,15:16:56
26-Apr-19,15:16:57
26-Apr-19,15:16:57
26-Apr-19,15:17:01
26-Apr-19,15:17:02
26-Apr-19,15:17:02
26-Apr-19,15:17:06
26-Apr-19,15:17:07
26-Apr-19,15:17:07
26-Apr-19,15:17:11
26-Apr-19,15:17:17
26-Apr-19,15:17:17
26-Apr-19,15:17:21
26-Apr-19,15:17:22
26-Apr-19,15:17:22
26-Apr-19,15:17:26
26-Apr-19,15:17:27
26-Apr-19,15:17:27
26-Apr-19,15:17:31
26-Apr-19,15:17:32
26-Apr-19,15:17:32
26-Apr-19,15:17:36
26-Apr-19,15:17:37
26-Apr-19,15:17:37
26-Apr-19,15:17:41
26-Apr-19,15:17:42
26-Apr-19,15:17:42
26-Apr-19,15:17:46
26-Apr-19,15:17:47
26-Apr-19,15:17:47
26-Apr-19,15:17:51
26-Apr-19,15:17:52
26-Apr-19,15:17:52
26-Apr-19,15:17:56
26-Apr-19,15:17:57
26-Apr-19,15:17:57
26-Apr-19,15:18:01
26-Apr-19,15:18:02
26-Apr-19,15:18:02
26-Apr-19,15:18:06
26-Apr-19,15:18:11
26-Apr-19,15:18:21
26-Apr-19,15:18:22
26-Apr-19,15:18:22
26-Apr-19,15:18:26
26-Apr-19,15:18:27
26-Apr-19,15:18:27
26-Apr-19,15:18:31
26-Apr-19,15:18:32
26-Apr-19,15:18:32
26-Apr-19,15:18:36
26-Apr-19,15:18:37
26-Apr-19,15:18:37
26-Apr-19,15:18:41
26-Apr-19,15:18:42
26-Apr-19,15:18:42
26-Apr-19,15:18:46
26-Apr-19,15:18:47
26-Apr-19,15:18:47
26-Apr-19,15:18:52
26-Apr-19,15:18:52
26-Apr-19,15:18:56
26-Apr-19,15:18:57
26-Apr-19,15:18:57
26-Apr-19,15:19:01
26-Apr-19,15:19:02
26-Apr-19,15:19:02
26-Apr-19,15:19:06
26-Apr-19,15:19:07
26-Apr-19,15:19:07
26-Apr-19,15:19:11
26-Apr-19,15:19:21
26-Apr-19,15:19:22
26-Apr-19,15:19:22
26-Apr-19,15:19:26
26-Apr-19,15:19:27
26-Apr-19,15:19:27
26-Apr-19,15:19:31
26-Apr-19,15:19:32
26-Apr-19,15:19:32
26-Apr-19,15:19:36
26-Apr-19,15:19:37
26-Apr-19,15:19:37
26-Apr-19,15:19:41
26-Apr-19,15:19:42
26-Apr-19,15:19:42
26-Apr-19,15:19:46
26-Apr-19,15:19:47
26-Apr-19,15:19:47
26-Apr-19,15:19:51
26-Apr-19,15:19:56
26-Apr-19,15:19:57
26-Apr-19,15:20:01
26-Apr-19,15:20:02
26-Apr-19,15:20:02
26-Apr-19,15:20:06
26-Apr-19,15:20:07
26-Apr-19,15:20:07
26-Apr-19,15:20:11
26-Apr-19,15:20:17
26-Apr-19,15:20:17
26-Apr-19,15:20:21
26-Apr-19,15:20:22
26-Apr-19,15:20:22
26-Apr-19,15:20:26
26-Apr-19,15:20:27
26-Apr-19,15:20:27
26-Apr-19,15:20:31
26-Apr-19,15:20:32
26-Apr-19,15:20:32
26-Apr-19,15:20:36
26-Apr-19,15:20:37
26-Apr-19,15:20:37
26-Apr-19,15:20:41
26-Apr-19,15:20:42
26-Apr-19,15:20:42
26-Apr-19,15:20:46
26-Apr-19,15:20:47
26-Apr-19,15:20:47
26-Apr-19,15:20:51
26-Apr-19,15:20:52
26-Apr-19,15:20:52
26-Apr-19,15:20:56
26-Apr-19,15:20:57
26-Apr-19,15:20:57
26-Apr-19,15:21:01
26-Apr-19,15:21:02
26-Apr-19,15:21:02
26-Apr-19,15:21:06
26-Apr-19,15:21:07
26-Apr-19,15:21:07
26-Apr-19,15:21:11
26-Apr-19,15:21:21
26-Apr-19,15:21:22
26-Apr-19,15:21:22
26-Apr-19,15:21:26
26-Apr-19,15:21:27
26-Apr-19,15:21:27
26-Apr-19,15:21:31
26-Apr-19,15:21:32
26-Apr-19,15:21:32
26-Apr-19,15:21:36
26-Apr-19,15:21:37
26-Apr-19,15:21:37
26-Apr-19,15:21:41
26-Apr-19,15:21:42
26-Apr-19,15:21:42
26-Apr-19,15:21:46
26-Apr-19,15:21:47
26-Apr-19,15:21:47
26-Apr-19,15:21:51
26-Apr-19,15:21:52
26-Apr-19,15:21:52
26-Apr-19,15:21:56
26-Apr-19,15:21:57
26-Apr-19,15:21:57
26-Apr-19,15:22:01
26-Apr-19,15:22:02
26-Apr-19,15:22:02
26-Apr-19,15:22:06
26-Apr-19,15:22:07
26-Apr-19,15:22:07
26-Apr-19,15:22:11
26-Apr-19,15:22:21
26-Apr-19,15:22:26
26-Apr-19,15:22:27
26-Apr-19,15:22:27
26-Apr-19,15:22:31
26-Apr-19,15:22:32
26-Apr-19,15:22:32
26-Apr-19,15:22:36
26-Apr-19,15:22:37
26-Apr-19,15:22:37
26-Apr-19,15:22:41
26-Apr-19,15:22:42
26-Apr-19,15:22:42
26-Apr-19,15:22:46
26-Apr-19,15:22:47
26-Apr-19,15:22:47
26-Apr-19,15:22:51
26-Apr-19,15:22:52
26-Apr-19,15:22:52
26-Apr-19,15:22:56
26-Apr-19,15:22:57
26-Apr-19,15:22:57
26-Apr-19,15:23:01
26-Apr-19,15:23:02
26-Apr-19,15:23:02
26-Apr-19,15:23:06
26-Apr-19,15:23:07
26-Apr-19,15:23:07
26-Apr-19,15:23:11
26-Apr-19,15:23:21
26-Apr-19,15:23:22
26-Apr-19,15:23:22
26-Apr-19,15:23:26
26-Apr-19,15:23:27
26-Apr-19,15:23:27
26-Apr-19,15:23:31
26-Apr-19,15:23:32
26-Apr-19,15:23:32
26-Apr-19,15:23:36
26-Apr-19,15:23:37
26-Apr-19,15:23:37
26-Apr-19,15:23:41
26-Apr-19,15:23:42
26-Apr-19,15:23:42
26-Apr-19,15:23:46
26-Apr-19,15:23:47
26-Apr-19,15:23:47
26-Apr-19,15:23:51
26-Apr-19,15:23:52
26-Apr-19,15:23:52
26-Apr-19,15:23:57
26-Apr-19,15:23:57
26-Apr-19,15:24:01
26-Apr-19,15:24:02
26-Apr-19,15:24:02
26-Apr-19,15:24:06
26-Apr-19,15:24:07
26-Apr-19,15:24:07
26-Apr-19,15:24:11
26-Apr-19,15:24:17
26-Apr-19,15:24:17
26-Apr-19,15:24:21
26-Apr-19,15:24:22
26-Apr-19,15:24:22
26-Apr-19,15:24:26
26-Apr-19,15:24:27
26-Apr-19,15:24:27
26-Apr-19,15:24:31
26-Apr-19,15:24:32
26-Apr-19,15:24:32
26-Apr-19,15:24:36
26-Apr-19,15:24:37
26-Apr-19,15:24:37
26-Apr-19,15:24:41
26-Apr-19,15:24:46
26-Apr-19,15:24:47
26-Apr-19,15:24:47
26-Apr-19,15:24:51
26-Apr-19,15:24:52
26-Apr-19,15:24:52
26-Apr-19,15:24:56
26-Apr-19,15:24:57
26-Apr-19,15:24:57
26-Apr-19,15:25:02
26-Apr-19,15:25:02
26-Apr-19,15:25:06
26-Apr-19,15:25:07
26-Apr-19,15:25:07
26-Apr-19,15:25:11
26-Apr-19,15:25:17
26-Apr-19,15:25:17
26-Apr-19,15:25:21
26-Apr-19,15:25:22
26-Apr-19,15:25:22
26-Apr-19,15:25:26
26-Apr-19,15:25:27
26-Apr-19,15:25:31
26-Apr-19,15:25:32
26-Apr-19,15:25:32
26-Apr-19,15:25:37
26-Apr-19,15:25:37
26-Apr-19,15:25:42
26-Apr-19,15:25:42
26-Apr-19,15:25:46
26-Apr-19,15:25:47
26-Apr-19,15:25:47
26-Apr-19,15:25:51
26-Apr-19,15:25:52
26-Apr-19,15:25:52
26-Apr-19,15:25:56
26-Apr-19,15:25:57
26-Apr-19,15:25:57
26-Apr-19,15:26:01
26-Apr-19,15:26:02
26-Apr-19,15:26:02
26-Apr-19,15:26:06
26-Apr-19,15:26:07
26-Apr-19,15:26:07
26-Apr-19,15:26:11
26-Apr-19,15:26:16
26-Apr-19,15:26:21
26-Apr-19,15:26:22
26-Apr-19,15:26:22
26-Apr-19,15:26:26
26-Apr-19,15:26:27
26-Apr-19,15:26:27
26-Apr-19,15:26:31
26-Apr-19,15:26:32
26-Apr-19,15:26:32
26-Apr-19,15:26:36
26-Apr-19,15:26:37
26-Apr-19,15:26:37
26-Apr-19,15:26:41
26-Apr-19,15:26:42
26-Apr-19,15:26:42
26-Apr-19,15:26:46
26-Apr-19,15:26:47
26-Apr-19,15:26:47
26-Apr-19,15:26:51
26-Apr-19,15:26:52
26-Apr-19,15:26:52
26-Apr-19,15:26:56
26-Apr-19,15:26:57
26-Apr-19,15:26:57
26-Apr-19,15:27:01
26-Apr-19,15:27:02
26-Apr-19,15:27:02
26-Apr-19,15:27:06
26-Apr-19,15:27:07
26-Apr-19,15:27:07
26-Apr-19,15:27:11
26-Apr-19,15:27:16
26-Apr-19,15:27:21
26-Apr-19,15:27:22
26-Apr-19,15:27:22
26-Apr-19,15:27:26
26-Apr-19,15:27:27
26-Apr-19,15:27:27
26-Apr-19,15:27:31
26-Apr-19,15:27:32
26-Apr-19,15:27:32
26-Apr-19,15:27:36
26-Apr-19,15:27:37
26-Apr-19,15:27:37
26-Apr-19,15:27:41
26-Apr-19,15:27:42
26-Apr-19,15:27:42
26-Apr-19,15:27:46
26-Apr-19,15:27:47
26-Apr-19,15:27:47
26-Apr-19,15:27:51
26-Apr-19,15:27:52
26-Apr-19,15:27:52
26-Apr-19,15:27:56
26-Apr-19,15:27:57
26-Apr-19,15:28:01
26-Apr-19,15:28:02
26-Apr-19,15:28:02
26-Apr-19,15:28:06
26-Apr-19,15:28:07
26-Apr-19,15:28:11
26-Apr-19,15:28:16
26-Apr-19,15:28:17
26-Apr-19,15:28:17
26-Apr-19,15:28:21
26-Apr-19,15:28:22
26-Apr-19,15:28:22
26-Apr-19,15:28:26
26-Apr-19,15:28:27
26-Apr-19,15:28:27
26-Apr-19,15:28:32
26-Apr-19,15:28:32
26-Apr-19,15:28:32
26-Apr-19,15:28:37
26-Apr-19,15:28:37
26-Apr-19,15:28:37
26-Apr-19,15:28:42
26-Apr-19,15:28:42
26-Apr-19,15:28:42
26-Apr-19,15:28:47
26-Apr-19,15:28:47
26-Apr-19,15:28:47
26-Apr-19,15:28:52
26-Apr-19,15:28:52
26-Apr-19,15:28:52
26-Apr-19,15:28:57
26-Apr-19,15:28:57
26-Apr-19,15:28:57
26-Apr-19,15:29:02
26-Apr-19,15:29:02
26-Apr-19,15:29:02
26-Apr-19,15:29:07
26-Apr-19,15:29:07
26-Apr-19,15:29:07
26-Apr-19,15:29:22
26-Apr-19,15:29:22
26-Apr-19,15:29:22
26-Apr-19,15:29:27
26-Apr-19,15:29:27
26-Apr-19,15:29:27
26-Apr-19,15:29:32
26-Apr-19,15:29:32
26-Apr-19,15:29:32
26-Apr-19,15:29:37
26-Apr-19,15:29:37
26-Apr-19,15:29:37
26-Apr-19,15:29:42
26-Apr-19,15:29:42
26-Apr-19,15:29:42
26-Apr-19,15:29:47
26-Apr-19,15:29:47
26-Apr-19,15:29:47
26-Apr-19,15:29:52
26-Apr-19,15:29:52
26-Apr-19,15:29:52
26-Apr-19,15:29:57
26-Apr-19,15:29:57
26-Apr-19,15:29:57
26-Apr-19,15:30:02
26-Apr-19,15:30:02
26-Apr-19,15:30:02
26-Apr-19,15:30:07
26-Apr-19,15:30:07
26-Apr-19,15:30:07
26-Apr-19,15:30:22
26-Apr-19,15:30:22
26-Apr-19,15:30:22
26-Apr-19,15:30:27
26-Apr-19,15:30:27
26-Apr-19,15:30:27
26-Apr-19,15:30:32
26-Apr-19,15:30:32
26-Apr-19,15:30:32
26-Apr-19,15:30:37
26-Apr-19,15:30:37
26-Apr-19,15:30:37
26-Apr-19,15:30:42
26-Apr-19,15:30:42
26-Apr-19,15:30:42
26-Apr-19,15:30:47
26-Apr-19,15:30:47
26-Apr-19,15:30:47
26-Apr-19,15:30:52
26-Apr-19,15:30:52
26-Apr-19,15:30:52
26-Apr-19,15:30:57
26-Apr-19,15:30:57
26-Apr-19,15:30:57
26-Apr-19,15:31:02
26-Apr-19,15:31:02
26-Apr-19,15:31:02
26-Apr-19,15:31:07
26-Apr-19,15:31:07
26-Apr-19,15:31:07
26-Apr-19,15:31:17
26-Apr-19,15:31:17
26-Apr-19,15:31:17
26-Apr-19,15:31:22
26-Apr-19,15:31:22
26-Apr-19,15:31:22
26-Apr-19,15:31:27
26-Apr-19,15:31:27
26-Apr-19,15:31:27
26-Apr-19,15:31:32
26-Apr-19,15:31:32
26-Apr-19,15:31:32
26-Apr-19,15:31:37
26-Apr-19,15:31:37
26-Apr-19,15:31:37
26-Apr-19,15:31:42
26-Apr-19,15:31:42
26-Apr-19,15:31:42
26-Apr-19,15:31:47
26-Apr-19,15:31:47
26-Apr-19,15:31:47
26-Apr-19,15:31:52
26-Apr-19,15:31:52
26-Apr-19,15:31:52
26-Apr-19,15:31:57
26-Apr-19,15:31:57
26-Apr-19,15:31:57
26-Apr-19,15:32:02
26-Apr-19,15:32:02
26-Apr-19,15:32:02
26-Apr-19,15:32:07
26-Apr-19,15:32:07
26-Apr-19,15:32:07
26-Apr-19,15:32:22
26-Apr-19,15:32:22
26-Apr-19,15:32:22
26-Apr-19,15:32:27
26-Apr-19,15:32:27
26-Apr-19,15:32:27
26-Apr-19,15:32:32
26-Apr-19,15:32:32
26-Apr-19,15:32:32
26-Apr-19,15:32:37
26-Apr-19,15:32:37
26-Apr-19,15:32:37
26-Apr-19,15:32:42
26-Apr-19,15:32:42
26-Apr-19,15:32:42
26-Apr-19,15:32:47
26-Apr-19,15:32:47
26-Apr-19,15:32:47
26-Apr-19,15:32:52
26-Apr-19,15:32:52
26-Apr-19,15:32:52
26-Apr-19,15:32:57
26-Apr-19,15:32:57
26-Apr-19,15:32:57
26-Apr-19,15:33:02
26-Apr-19,15:33:02
26-Apr-19,15:33:02
26-Apr-19,15:33:07
26-Apr-19,15:33:07
26-Apr-19,15:33:07
26-Apr-19,15:33:22
26-Apr-19,15:33:22
26-Apr-19,15:33:22
26-Apr-19,15:33:27
26-Apr-19,15:33:27
26-Apr-19,15:33:32
26-Apr-19,15:33:32
26-Apr-19,15:33:32
26-Apr-19,15:33:37
26-Apr-19,15:33:37
26-Apr-19,15:33:37
26-Apr-19,15:33:42
26-Apr-19,15:33:42
26-Apr-19,15:33:42
26-Apr-19,15:33:47
26-Apr-19,15:33:47
26-Apr-19,15:33:47
26-Apr-19,15:33:52
26-Apr-19,15:33:52
26-Apr-19,15:33:52
26-Apr-19,15:33:57
26-Apr-19,15:33:57
26-Apr-19,15:33:57
26-Apr-19,15:34:02
26-Apr-19,15:34:02
26-Apr-19,15:34:02
26-Apr-19,15:34:07
26-Apr-19,15:34:07
26-Apr-19,15:34:07
26-Apr-19,15:34:22
26-Apr-19,15:34:22
26-Apr-19,15:34:22
26-Apr-19,15:34:27
26-Apr-19,15:34:27
26-Apr-19,15:34:27
26-Apr-19,15:34:32
26-Apr-19,15:34:32
26-Apr-19,15:34:32
26-Apr-19,15:34:37
26-Apr-19,15:34:37
26-Apr-19,15:34:37
26-Apr-19,15:34:42
26-Apr-19,15:34:42
26-Apr-19,15:34:42
26-Apr-19,15:34:47
26-Apr-19,15:34:47
26-Apr-19,15:34:47
26-Apr-19,15:34:52
26-Apr-19,15:34:52
26-Apr-19,15:34:52
26-Apr-19,15:34:57
26-Apr-19,15:34:57
26-Apr-19,15:34:57
26-Apr-19,15:35:02
26-Apr-19,15:35:02
26-Apr-19,15:35:02
26-Apr-19,15:35:07
26-Apr-19,15:35:07
26-Apr-19,15:35:22
26-Apr-19,15:35:22
26-Apr-19,15:35:22
26-Apr-19,15:35:27
26-Apr-19,15:35:27
26-Apr-19,15:35:27
26-Apr-19,15:35:32
26-Apr-19,15:35:32
26-Apr-19,15:35:32
26-Apr-19,15:35:37
26-Apr-19,15:35:37
26-Apr-19,15:35:37
26-Apr-19,15:35:42
26-Apr-19,15:35:42
26-Apr-19,15:35:42
26-Apr-19,15:35:47
26-Apr-19,15:35:47
26-Apr-19,15:35:47
26-Apr-19,15:35:52
26-Apr-19,15:35:52
26-Apr-19,15:35:52
26-Apr-19,15:35:57
26-Apr-19,15:35:57
26-Apr-19,15:35:57
26-Apr-19,15:36:02
26-Apr-19,15:36:02
26-Apr-19,15:36:02
26-Apr-19,15:36:07
26-Apr-19,15:36:07
26-Apr-19,15:36:07
26-Apr-19,15:36:22
26-Apr-19,15:36:22
26-Apr-19,15:36:22
26-Apr-19,15:36:27
26-Apr-19,15:36:27
26-Apr-19,15:36:27
26-Apr-19,15:36:32
26-Apr-19,15:36:32
26-Apr-19,15:36:32
26-Apr-19,15:36:37
26-Apr-19,15:36:37
26-Apr-19,15:36:37
26-Apr-19,15:36:42
26-Apr-19,15:36:42
26-Apr-19,15:36:42
26-Apr-19,15:36:47
26-Apr-19,15:36:47
26-Apr-19,15:36:47
26-Apr-19,15:36:52
26-Apr-19,15:36:52
26-Apr-19,15:36:52
26-Apr-19,15:36:57
26-Apr-19,15:36:57
26-Apr-19,15:36:57
26-Apr-19,15:37:02
26-Apr-19,15:37:02
26-Apr-19,15:37:02
26-Apr-19,15:37:07
26-Apr-19,15:37:07
26-Apr-19,15:37:07
26-Apr-19,15:37:17
26-Apr-19,15:37:17
26-Apr-19,15:37:17
26-Apr-19,15:37:22
26-Apr-19,15:37:22
26-Apr-19,15:37:22
26-Apr-19,15:37:27
26-Apr-19,15:37:27
26-Apr-19,15:37:27
26-Apr-19,15:37:32
26-Apr-19,15:37:32
26-Apr-19,15:37:32
26-Apr-19,15:37:37
26-Apr-19,15:37:37
26-Apr-19,15:37:37
26-Apr-19,15:37:42
26-Apr-19,15:37:42
26-Apr-19,15:37:42
26-Apr-19,15:37:47
26-Apr-19,15:37:47
26-Apr-19,15:37:47
26-Apr-19,15:37:52
26-Apr-19,15:37:52
26-Apr-19,15:37:52
26-Apr-19,15:37:57
26-Apr-19,15:37:57
26-Apr-19,15:37:57
26-Apr-19,15:38:02
26-Apr-19,15:38:02
26-Apr-19,15:38:02
26-Apr-19,15:38:07
26-Apr-19,15:38:07
26-Apr-19,15:38:07
26-Apr-19,15:38:22
26-Apr-19,15:38:22
26-Apr-19,15:38:22
26-Apr-19,15:38:27
26-Apr-19,15:38:27
26-Apr-19,15:38:27
26-Apr-19,15:38:32
26-Apr-19,15:38:32
26-Apr-19,15:38:32
26-Apr-19,15:38:37
26-Apr-19,15:38:37
26-Apr-19,15:38:37
26-Apr-19,15:38:42
26-Apr-19,15:38:42
26-Apr-19,15:38:42
26-Apr-19,15:38:47
26-Apr-19,15:38:47
26-Apr-19,15:38:47
26-Apr-19,15:38:52
26-Apr-19,15:38:52
26-Apr-19,15:38:52
26-Apr-19,15:38:57
26-Apr-19,15:38:57
26-Apr-19,15:38:57
26-Apr-19,15:39:02
26-Apr-19,15:39:02
26-Apr-19,15:39:02
26-Apr-19,15:39:07
26-Apr-19,15:39:07
26-Apr-19,15:39:07
26-Apr-19,15:39:17
26-Apr-19,15:39:17
26-Apr-19,15:39:17
26-Apr-19,15:39:22
26-Apr-19,15:39:22
26-Apr-19,15:39:22
26-Apr-19,15:39:27
26-Apr-19,15:39:27
26-Apr-19,15:39:27
26-Apr-19,15:39:32
26-Apr-19,15:39:32
26-Apr-19,15:39:32
26-Apr-19,15:39:37
26-Apr-19,15:39:37
26-Apr-19,15:39:37
26-Apr-19,15:39:42
26-Apr-19,15:39:42
26-Apr-19,15:39:42
26-Apr-19,15:39:47
26-Apr-19,15:39:47
26-Apr-19,15:39:47
26-Apr-19,15:39:52
26-Apr-19,15:39:52
26-Apr-19,15:39:52
26-Apr-19,15:39:57
26-Apr-19,15:39:57
26-Apr-19,15:39:57
26-Apr-19,15:40:02
26-Apr-19,15:40:02
26-Apr-19,15:40:02
26-Apr-19,15:40:07
26-Apr-19,15:40:07
26-Apr-19,15:40:07
26-Apr-19,15:40:17
26-Apr-19,15:40:17
26-Apr-19,15:40:17
26-Apr-19,15:40:22
26-Apr-19,15:40:22
26-Apr-19,15:40:22
26-Apr-19,15:40:27
26-Apr-19,15:40:27
26-Apr-19,15:40:27
26-Apr-19,15:40:32
26-Apr-19,15:40:32
26-Apr-19,15:40:32
26-Apr-19,15:40:37
26-Apr-19,15:40:37
26-Apr-19,15:40:37
26-Apr-19,15:40:42
26-Apr-19,15:40:42
26-Apr-19,15:40:43
26-Apr-19,15:40:47
26-Apr-19,15:40:47
26-Apr-19,15:40:48
26-Apr-19,15:40:52
26-Apr-19,15:40:52
26-Apr-19,15:40:53
26-Apr-19,15:40:57
26-Apr-19,15:40:57
26-Apr-19,15:40:58
26-Apr-19,15:41:02
26-Apr-19,15:41:02
26-Apr-19,15:41:03
26-Apr-19,15:41:07
26-Apr-19,15:41:07
26-Apr-19,15:41:08
26-Apr-19,15:41:13
26-Apr-19,15:41:17
26-Apr-19,15:41:17
26-Apr-19,15:41:22
26-Apr-19,15:41:23
26-Apr-19,15:41:27
26-Apr-19,15:41:27
26-Apr-19,15:41:28
26-Apr-19,15:41:32
26-Apr-19,15:41:32
26-Apr-19,15:41:33
26-Apr-19,15:41:37
26-Apr-19,15:41:37
26-Apr-19,15:41:38
26-Apr-19,15:41:42
26-Apr-19,15:41:42
26-Apr-19,15:41:43
26-Apr-19,15:41:47
26-Apr-19,15:41:47
26-Apr-19,15:41:52
26-Apr-19,15:41:52
26-Apr-19,15:41:53
26-Apr-19,15:41:57
26-Apr-19,15:41:57
26-Apr-19,15:41:58
26-Apr-19,15:42:02
26-Apr-19,15:42:03
26-Apr-19,15:42:03
26-Apr-19,15:42:07
26-Apr-19,15:42:08
26-Apr-19,15:42:08
26-Apr-19,15:42:13
26-Apr-19,15:42:13
26-Apr-19,15:42:17
26-Apr-19,15:42:22
26-Apr-19,15:42:27
26-Apr-19,15:42:28
26-Apr-19,15:42:28
26-Apr-19,15:42:32
26-Apr-19,15:42:33
26-Apr-19,15:42:33
26-Apr-19,15:42:37
26-Apr-19,15:42:38
26-Apr-19,15:42:38
26-Apr-19,15:42:42
26-Apr-19,15:42:43
26-Apr-19,15:42:43
26-Apr-19,15:42:47
26-Apr-19,15:42:48
26-Apr-19,15:42:48
26-Apr-19,15:42:52
26-Apr-19,15:42:53
26-Apr-19,15:42:53
26-Apr-19,15:42:57
26-Apr-19,15:42:58
26-Apr-19,15:42:58
26-Apr-19,15:43:02
26-Apr-19,15:43:03
26-Apr-19,15:43:03
26-Apr-19,15:43:07
26-Apr-19,15:43:08
26-Apr-19,15:43:08
26-Apr-19,15:43:22
26-Apr-19,15:43:27
26-Apr-19,15:43:28
26-Apr-19,15:43:28
26-Apr-19,15:43:32
26-Apr-19,15:43:33
26-Apr-19,15:43:33
26-Apr-19,15:43:37
26-Apr-19,15:43:38
26-Apr-19,15:43:38
26-Apr-19,15:43:42
26-Apr-19,15:43:43
26-Apr-19,15:43:43
26-Apr-19,15:43:47
26-Apr-19,15:43:48
26-Apr-19,15:43:48
26-Apr-19,15:43:52
26-Apr-19,15:43:53
26-Apr-19,15:43:53
26-Apr-19,15:43:57
26-Apr-19,15:43:58
26-Apr-19,15:43:58
26-Apr-19,15:44:02
26-Apr-19,15:44:03
26-Apr-19,15:44:03
26-Apr-19,15:44:07
26-Apr-19,15:44:08
26-Apr-19,15:44:08
26-Apr-19,15:44:22
26-Apr-19,15:44:23
26-Apr-19,15:44:23
26-Apr-19,15:44:27
26-Apr-19,15:44:28
26-Apr-19,15:44:28
26-Apr-19,15:44:32
26-Apr-19,15:44:33
26-Apr-19,15:44:33
26-Apr-19,15:44:37
26-Apr-19,15:44:38
26-Apr-19,15:44:38
26-Apr-19,15:44:42
26-Apr-19,15:44:43
26-Apr-19,15:44:43
26-Apr-19,15:44:47
26-Apr-19,15:44:48
26-Apr-19,15:44:48
26-Apr-19,15:44:52
26-Apr-19,15:44:53
26-Apr-19,15:44:53
26-Apr-19,15:44:57
26-Apr-19,15:44:58
26-Apr-19,15:44:58
26-Apr-19,15:45:02
26-Apr-19,15:45:03
26-Apr-19,15:45:03
26-Apr-19,15:45:07
26-Apr-19,15:45:08
26-Apr-19,15:45:08
26-Apr-19,15:45:22
26-Apr-19,15:45:23
26-Apr-19,15:45:23
26-Apr-19,15:45:27
26-Apr-19,15:45:32
26-Apr-19,15:45:33
26-Apr-19,15:45:33
26-Apr-19,15:45:37
26-Apr-19,15:45:38
26-Apr-19,15:45:38
26-Apr-19,15:45:42
26-Apr-19,15:45:43
26-Apr-19,15:45:43
26-Apr-19,15:45:47
26-Apr-19,15:45:48
26-Apr-19,15:45:48
26-Apr-19,15:45:52
26-Apr-19,15:45:53
26-Apr-19,15:45:53
26-Apr-19,15:45:57
26-Apr-19,15:45:58
26-Apr-19,15:45:58
26-Apr-19,15:46:02
26-Apr-19,15:46:03
26-Apr-19,15:46:03
26-Apr-19,15:46:07
26-Apr-19,15:46:08
26-Apr-19,15:46:08
26-Apr-19,15:46:13
26-Apr-19,15:46:13
26-Apr-19,15:46:22
26-Apr-19,15:46:23
26-Apr-19,15:46:23
26-Apr-19,15:46:27
26-Apr-19,15:46:28
26-Apr-19,15:46:28
26-Apr-19,15:46:32
26-Apr-19,15:46:33
26-Apr-19,15:46:33
26-Apr-19,15:46:37
26-Apr-19,15:46:38
26-Apr-19,15:46:38
26-Apr-19,15:46:42
26-Apr-19,15:46:43
26-Apr-19,15:46:43
26-Apr-19,15:46:47
26-Apr-19,15:46:48
26-Apr-19,15:46:48
26-Apr-19,15:46:52
26-Apr-19,15:46:53
26-Apr-19,15:46:53
26-Apr-19,15:46:57
26-Apr-19,15:46:58
26-Apr-19,15:46:58
26-Apr-19,15:47:02
26-Apr-19,15:47:03
26-Apr-19,15:47:03
26-Apr-19,15:47:07
26-Apr-19,15:47:08
26-Apr-19,15:47:08
26-Apr-19,15:47:13
26-Apr-19,15:47:13
26-Apr-19,15:47:17
26-Apr-19,15:47:22
26-Apr-19,15:47:23
26-Apr-19,15:47:23
26-Apr-19,15:47:27
26-Apr-19,15:47:28
26-Apr-19,15:47:28
26-Apr-19,15:47:32
26-Apr-19,15:47:33
26-Apr-19,15:47:33
26-Apr-19,15:47:37
26-Apr-19,15:47:38
26-Apr-19,15:47:38
26-Apr-19,15:47:42
26-Apr-19,15:47:43
26-Apr-19,15:47:43
26-Apr-19,15:47:47
26-Apr-19,15:47:48
26-Apr-19,15:47:48
26-Apr-19,15:47:52
26-Apr-19,15:47:53
26-Apr-19,15:47:53
26-Apr-19,15:47:57
26-Apr-19,15:47:58
26-Apr-19,15:47:58
26-Apr-19,15:48:02
26-Apr-19,15:48:03
26-Apr-19,15:48:03
26-Apr-19,15:48:07
26-Apr-19,15:48:08
26-Apr-19,15:48:08
26-Apr-19,15:48:13
26-Apr-19,15:48:13
26-Apr-19,15:48:18
26-Apr-19,15:48:18
26-Apr-19,15:48:22
26-Apr-19,15:48:23
26-Apr-19,15:48:23
26-Apr-19,15:48:27
26-Apr-19,15:48:28
26-Apr-19,15:48:28
26-Apr-19,15:48:32
26-Apr-19,15:48:33
26-Apr-19,15:48:33
26-Apr-19,15:48:37
26-Apr-19,15:48:38
26-Apr-19,15:48:38
26-Apr-19,15:48:42
26-Apr-19,15:48:43
26-Apr-19,15:48:43
26-Apr-19,15:48:47
26-Apr-19,15:48:48
26-Apr-19,15:48:48
26-Apr-19,15:48:52
26-Apr-19,15:48:53
26-Apr-19,15:48:53
26-Apr-19,15:48:57
26-Apr-19,15:48:58
26-Apr-19,15:48:58
26-Apr-19,15:49:02
26-Apr-19,15:49:03
26-Apr-19,15:49:03
26-Apr-19,15:49:07
26-Apr-19,15:49:08
26-Apr-19,15:49:08
26-Apr-19,15:49:22
26-Apr-19,15:49:23
26-Apr-19,15:49:23
26-Apr-19,15:49:27
26-Apr-19,15:49:28
26-Apr-19,15:49:28
26-Apr-19,15:49:32
26-Apr-19,15:49:33
26-Apr-19,15:49:33
26-Apr-19,15:49:37
26-Apr-19,15:49:38
26-Apr-19,15:49:38
26-Apr-19,15:49:42
26-Apr-19,15:49:43
26-Apr-19,15:49:43
26-Apr-19,15:49:47
26-Apr-19,15:49:48
26-Apr-19,15:49:48
26-Apr-19,15:49:52
26-Apr-19,15:49:53
26-Apr-19,15:49:53
26-Apr-19,15:49:57
26-Apr-19,15:49:58
26-Apr-19,15:49:58
26-Apr-19,15:50:02
26-Apr-19,15:50:03
26-Apr-19,15:50:03
26-Apr-19,15:50:07
26-Apr-19,15:50:08
26-Apr-19,15:50:08
26-Apr-19,15:50:17
26-Apr-19,15:50:18
26-Apr-19,15:50:18
26-Apr-19,15:50:22
26-Apr-19,15:50:23
26-Apr-19,15:50:23
26-Apr-19,15:50:27
26-Apr-19,15:50:28
26-Apr-19,15:50:28
26-Apr-19,15:50:32
26-Apr-19,15:50:33
26-Apr-19,15:50:33
26-Apr-19,15:50:37
26-Apr-19,15:50:38
26-Apr-19,15:50:38
26-Apr-19,15:50:42
26-Apr-19,15:50:43
26-Apr-19,15:50:43
26-Apr-19,15:50:47
26-Apr-19,15:50:48
26-Apr-19,15:50:48
26-Apr-19,15:50:52
26-Apr-19,15:50:53
26-Apr-19,15:50:53
26-Apr-19,15:50:57
26-Apr-19,15:50:58
26-Apr-19,15:50:58
26-Apr-19,15:51:02
26-Apr-19,15:51:03
26-Apr-19,15:51:03
26-Apr-19,15:51:07
26-Apr-19,15:51:08
26-Apr-19,15:51:08
26-Apr-19,15:51:17
26-Apr-19,15:51:18
26-Apr-19,15:51:18
26-Apr-19,15:51:22
26-Apr-19,15:51:23
26-Apr-19,15:51:23
26-Apr-19,15:51:28
26-Apr-19,15:51:28
26-Apr-19,15:51:33
26-Apr-19,15:51:33
26-Apr-19,15:51:37
26-Apr-19,15:51:38
26-Apr-19,15:51:38
26-Apr-19,15:51:42
26-Apr-19,15:51:43
26-Apr-19,15:51:43
26-Apr-19,15:51:47
26-Apr-19,15:51:48
26-Apr-19,15:51:48
26-Apr-19,15:51:52
26-Apr-19,15:51:53
26-Apr-19,15:51:53
26-Apr-19,15:51:57
26-Apr-19,15:51:58
26-Apr-19,15:51:58
26-Apr-19,15:52:02
26-Apr-19,15:52:03
26-Apr-19,15:52:03
26-Apr-19,15:52:07
26-Apr-19,15:52:08
26-Apr-19,15:52:08
26-Apr-19,15:52:13
26-Apr-19,15:52:13
26-Apr-19,15:52:17
26-Apr-19,15:52:22
26-Apr-19,15:52:23
26-Apr-19,15:52:23
26-Apr-19,15:52:27
26-Apr-19,15:52:28
26-Apr-19,15:52:28
26-Apr-19,15:52:32
26-Apr-19,15:52:37
26-Apr-19,15:52:38
26-Apr-19,15:52:38
26-Apr-19,15:52:42
26-Apr-19,15:52:43
26-Apr-19,15:52:43
26-Apr-19,15:52:47
26-Apr-19,15:52:48
26-Apr-19,15:52:48
26-Apr-19,15:52:52
26-Apr-19,15:52:53
26-Apr-19,15:52:53
26-Apr-19,15:52:57
26-Apr-19,15:52:58
26-Apr-19,15:52:58
26-Apr-19,15:53:02
26-Apr-19,15:53:03
26-Apr-19,15:53:03
26-Apr-19,15:53:07
26-Apr-19,15:53:08
26-Apr-19,15:53:08
26-Apr-19,15:53:13
26-Apr-19,15:53:13
26-Apr-19,15:53:18
26-Apr-19,15:53:18
26-Apr-19,15:53:22
26-Apr-19,15:53:23
26-Apr-19,15:53:23
26-Apr-19,15:53:27
26-Apr-19,15:53:28
26-Apr-19,15:53:28
26-Apr-19,15:53:32
26-Apr-19,15:53:33
26-Apr-19,15:53:33
26-Apr-19,15:53:37
26-Apr-19,15:53:38
26-Apr-19,15:53:38
26-Apr-19,15:53:42
26-Apr-19,15:53:43
26-Apr-19,15:53:43
26-Apr-19,15:53:47
26-Apr-19,15:53:48
26-Apr-19,15:53:48
26-Apr-19,15:53:52
26-Apr-19,15:53:53
26-Apr-19,15:53:53
26-Apr-19,15:53:57
26-Apr-19,15:53:58
26-Apr-19,15:53:58
26-Apr-19,15:54:02
26-Apr-19,15:54:03
26-Apr-19,15:54:03
26-Apr-19,15:54:07
26-Apr-19,15:54:08
26-Apr-19,15:54:08
26-Apr-19,15:54:13
26-Apr-19,15:54:13
26-Apr-19,15:54:18
26-Apr-19,15:54:18
26-Apr-19,15:54:22
26-Apr-19,15:54:23
26-Apr-19,15:54:27
26-Apr-19,15:54:28
26-Apr-19,15:54:28
26-Apr-19,15:54:32
26-Apr-19,15:54:33
26-Apr-19,15:54:33
26-Apr-19,15:54:37
26-Apr-19,15:54:38
26-Apr-19,15:54:38
26-Apr-19,15:54:42
26-Apr-19,15:54:43
26-Apr-19,15:54:43
26-Apr-19,15:54:47
26-Apr-19,15:54:48
26-Apr-19,15:54:48
26-Apr-19,15:54:52
26-Apr-19,15:54:53
26-Apr-19,15:54:53
26-Apr-19,15:54:57
26-Apr-19,15:54:58
26-Apr-19,15:54:58
26-Apr-19,15:55:02
26-Apr-19,15:55:03
26-Apr-19,15:55:03
26-Apr-19,15:55:07
26-Apr-19,15:55:08
26-Apr-19,15:55:08
26-Apr-19,15:55:17
26-Apr-19,15:55:22
26-Apr-19,15:55:23
26-Apr-19,15:55:23
26-Apr-19,15:55:28
26-Apr-19,15:55:28
26-Apr-19,15:55:28
26-Apr-19,15:55:33
26-Apr-19,15:55:33
26-Apr-19,15:55:33
26-Apr-19,15:55:38
26-Apr-19,15:55:38
26-Apr-19,15:55:38
26-Apr-19,15:55:43
26-Apr-19,15:55:43
26-Apr-19,15:55:43
26-Apr-19,15:55:48
26-Apr-19,15:55:48
26-Apr-19,15:55:48
26-Apr-19,15:55:53
26-Apr-19,15:55:53
26-Apr-19,15:55:53
26-Apr-19,15:55:58
26-Apr-19,15:55:58
26-Apr-19,15:55:58
26-Apr-19,15:56:03
26-Apr-19,15:56:03
26-Apr-19,15:56:03
26-Apr-19,15:56:08
26-Apr-19,15:56:08
26-Apr-19,15:56:08
26-Apr-19,15:56:18
26-Apr-19,15:56:18
26-Apr-19,15:56:18
26-Apr-19,15:56:23
26-Apr-19,15:56:23
26-Apr-19,15:56:23
26-Apr-19,15:56:28
26-Apr-19,15:56:28
26-Apr-19,15:56:28
26-Apr-19,15:56:33
26-Apr-19,15:56:33
26-Apr-19,15:56:33
26-Apr-19,15:56:38
26-Apr-19,15:56:38
26-Apr-19,15:56:38
26-Apr-19,15:56:43
26-Apr-19,15:56:43
26-Apr-19,15:56:43
26-Apr-19,15:56:48
26-Apr-19,15:56:48
26-Apr-19,15:56:48
26-Apr-19,15:56:53
26-Apr-19,15:56:53
26-Apr-19,15:56:53
26-Apr-19,15:56:58
26-Apr-19,15:56:58
26-Apr-19,15:56:58
26-Apr-19,15:57:03
26-Apr-19,15:57:03
26-Apr-19,15:57:03
26-Apr-19,15:57:08
26-Apr-19,15:57:08
26-Apr-19,15:57:08
26-Apr-19,15:57:13
26-Apr-19,15:57:13
26-Apr-19,15:57:13
26-Apr-19,15:57:23
26-Apr-19,15:57:23
26-Apr-19,15:57:23
26-Apr-19,15:57:28
26-Apr-19,15:57:28
26-Apr-19,15:57:28
26-Apr-19,15:57:33
26-Apr-19,15:57:33
26-Apr-19,15:57:33
26-Apr-19,15:57:38
26-Apr-19,15:57:38
26-Apr-19,15:57:38
26-Apr-19,15:57:43
26-Apr-19,15:57:43
26-Apr-19,15:57:43
26-Apr-19,15:57:53
26-Apr-19,15:57:53
26-Apr-19,15:57:53
26-Apr-19,15:57:58
26-Apr-19,15:57:58
26-Apr-19,15:57:58
26-Apr-19,15:58:03
26-Apr-19,15:58:03
26-Apr-19,15:58:03
26-Apr-19,15:58:08
26-Apr-19,15:58:08
26-Apr-19,15:58:08
26-Apr-19,15:58:13
26-Apr-19,15:58:13
26-Apr-19,15:58:13
26-Apr-19,15:58:18
26-Apr-19,15:58:18
26-Apr-19,15:58:18
26-Apr-19,15:58:23
26-Apr-19,15:58:23
26-Apr-19,15:58:23
26-Apr-19,15:58:28
26-Apr-19,15:58:28
26-Apr-19,15:58:28
26-Apr-19,15:58:33
26-Apr-19,15:58:33
26-Apr-19,15:58:33
26-Apr-19,15:58:38
26-Apr-19,15:58:38
26-Apr-19,15:58:38
26-Apr-19,15:58:43
26-Apr-19,15:58:43
26-Apr-19,15:58:43
26-Apr-19,15:58:48
26-Apr-19,15:58:48
26-Apr-19,15:58:48
26-Apr-19,15:58:53
26-Apr-19,15:58:53
26-Apr-19,15:58:53
26-Apr-19,15:58:58
26-Apr-19,15:58:58
26-Apr-19,15:58:58
26-Apr-19,15:59:03
26-Apr-19,15:59:03
26-Apr-19,15:59:03
26-Apr-19,15:59:08
26-Apr-19,15:59:08
26-Apr-19,15:59:08
26-Apr-19,15:59:13
26-Apr-19,15:59:13
26-Apr-19,15:59:13
26-Apr-19,15:59:23
26-Apr-19,15:59:23
26-Apr-19,15:59:23
26-Apr-19,15:59:28
26-Apr-19,15:59:28
26-Apr-19,15:59:33
26-Apr-19,15:59:33
26-Apr-19,15:59:33
26-Apr-19,15:59:38
26-Apr-19,15:59:38
26-Apr-19,15:59:38
26-Apr-19,15:59:43
26-Apr-19,15:59:43
26-Apr-19,15:59:43
26-Apr-19,15:59:48
26-Apr-19,15:59:48
26-Apr-19,15:59:48
26-Apr-19,15:59:53
26-Apr-19,15:59:53
26-Apr-19,15:59:53
26-Apr-19,15:59:58
26-Apr-19,15:59:58
26-Apr-19,15:59:58
26-Apr-19,16:00:03
26-Apr-19,16:00:03
26-Apr-19,16:00:03
26-Apr-19,16:00:08
26-Apr-19,16:00:08
26-Apr-19,16:00:08
26-Apr-19,16:00:13
26-Apr-19,16:00:13
26-Apr-19,16:00:13
26-Apr-19,16:00:18
26-Apr-19,16:00:18
26-Apr-19,16:00:18
26-Apr-19,16:00:23
26-Apr-19,16:00:23
26-Apr-19,16:00:23
26-Apr-19,16:00:28
26-Apr-19,16:00:28
26-Apr-19,16:00:28
26-Apr-19,16:00:33
26-Apr-19,16:00:33
26-Apr-19,16:00:33
26-Apr-19,16:00:38
26-Apr-19,16:00:38
26-Apr-19,16:00:38
26-Apr-19,16:00:43
26-Apr-19,16:00:43
26-Apr-19,16:00:43
26-Apr-19,16:00:48
26-Apr-19,16:00:48
26-Apr-19,16:00:48
26-Apr-19,16:00:53
26-Apr-19,16:00:53
26-Apr-19,16:00:53
26-Apr-19,16:00:58
26-Apr-19,16:00:58
26-Apr-19,16:00:58
26-Apr-19,16:01:03
26-Apr-19,16:01:03
26-Apr-19,16:01:03
26-Apr-19,16:01:08
26-Apr-19,16:01:08
26-Apr-19,16:01:08
26-Apr-19,16:01:23
26-Apr-19,16:01:23
26-Apr-19,16:01:23
26-Apr-19,16:01:28
26-Apr-19,16:01:28
26-Apr-19,16:01:28
26-Apr-19,16:01:33
26-Apr-19,16:01:33
26-Apr-19,16:01:33
26-Apr-19,16:01:38
26-Apr-19,16:01:38
26-Apr-19,16:01:38
26-Apr-19,16:01:43
26-Apr-19,16:01:43
26-Apr-19,16:01:43
26-Apr-19,16:01:48
26-Apr-19,16:01:48
26-Apr-19,16:01:48
26-Apr-19,16:01:53
26-Apr-19,16:01:53
26-Apr-19,16:01:53
26-Apr-19,16:01:58
26-Apr-19,16:01:58
26-Apr-19,16:01:58
26-Apr-19,16:02:03
26-Apr-19,16:02:03
26-Apr-19,16:02:03
26-Apr-19,16:02:08
26-Apr-19,16:02:08
26-Apr-19,16:02:08
26-Apr-19,16:02:18
26-Apr-19,16:02:18
26-Apr-19,16:02:18
26-Apr-19,16:02:28
26-Apr-19,16:02:28
26-Apr-19,16:02:28
26-Apr-19,16:02:33
26-Apr-19,16:02:33
26-Apr-19,16:02:33
26-Apr-19,16:02:38
26-Apr-19,16:02:38
26-Apr-19,16:02:38
26-Apr-19,16:02:43
26-Apr-19,16:02:43
26-Apr-19,16:02:43
26-Apr-19,16:02:48
26-Apr-19,16:02:48
26-Apr-19,16:02:48
26-Apr-19,16:02:53
26-Apr-19,16:02:53
26-Apr-19,16:02:53
26-Apr-19,16:02:58
26-Apr-19,16:02:58
26-Apr-19,16:02:58
26-Apr-19,16:03:03
26-Apr-19,16:03:03
26-Apr-19,16:03:03
26-Apr-19,16:03:08
26-Apr-19,16:03:08
26-Apr-19,16:03:08
26-Apr-19,16:03:18
26-Apr-19,16:03:18
26-Apr-19,16:03:18
26-Apr-19,16:03:23
26-Apr-19,16:03:23
26-Apr-19,16:03:23
26-Apr-19,16:03:28
26-Apr-19,16:03:28
26-Apr-19,16:03:28
26-Apr-19,16:03:33
26-Apr-19,16:03:33
26-Apr-19,16:03:33
26-Apr-19,16:03:38
26-Apr-19,16:03:38
26-Apr-19,16:03:38
26-Apr-19,16:03:43
26-Apr-19,16:03:43
26-Apr-19,16:03:43
26-Apr-19,16:03:48
26-Apr-19,16:03:48
26-Apr-19,16:03:48
26-Apr-19,16:03:53
26-Apr-19,16:03:53
26-Apr-19,16:03:53
26-Apr-19,16:03:58
26-Apr-19,16:03:58
26-Apr-19,16:03:58
26-Apr-19,16:04:03
26-Apr-19,16:04:03
26-Apr-19,16:04:03
26-Apr-19,16:04:08
26-Apr-19,16:04:08
26-Apr-19,16:04:08
26-Apr-19,16:04:13
26-Apr-19,16:04:13
26-Apr-19,16:04:13
26-Apr-19,16:04:18
26-Apr-19,16:04:18
26-Apr-19,16:04:18
26-Apr-19,16:04:23
26-Apr-19,16:04:23
26-Apr-19,16:04:23
26-Apr-19,16:04:28
26-Apr-19,16:04:28
26-Apr-19,16:04:28
26-Apr-19,16:04:33
26-Apr-19,16:04:33
26-Apr-19,16:04:33
26-Apr-19,16:04:38
26-Apr-19,16:04:38
26-Apr-19,16:04:38
26-Apr-19,16:04:43
26-Apr-19,16:04:43
26-Apr-19,16:04:43
26-Apr-19,16:04:48
26-Apr-19,16:04:48
26-Apr-19,16:04:48
26-Apr-19,16:04:53
26-Apr-19,16:04:53
26-Apr-19,16:04:53
26-Apr-19,16:04:58
26-Apr-19,16:04:58
26-Apr-19,16:04:58
26-Apr-19,16:05:03
26-Apr-19,16:05:03
26-Apr-19,16:05:03
26-Apr-19,16:05:08
26-Apr-19,16:05:08
26-Apr-19,16:05:28
26-Apr-19,16:05:28
26-Apr-19,16:05:28
26-Apr-19,16:05:33
26-Apr-19,16:05:33
26-Apr-19,16:05:33
26-Apr-19,16:05:38
26-Apr-19,16:05:38
26-Apr-19,16:05:38
26-Apr-19,16:05:43
26-Apr-19,16:05:43
26-Apr-19,16:05:43
26-Apr-19,16:05:48
26-Apr-19,16:05:48
26-Apr-19,16:05:48
26-Apr-19,16:05:53
26-Apr-19,16:05:53
26-Apr-19,16:05:53
26-Apr-19,16:06:03
26-Apr-19,16:06:03
26-Apr-19,16:06:03
26-Apr-19,16:06:08
26-Apr-19,16:06:08
26-Apr-19,16:06:08
26-Apr-19,16:06:13
26-Apr-19,16:06:13
26-Apr-19,16:06:13
26-Apr-19,16:06:18
26-Apr-19,16:06:18
26-Apr-19,16:06:18
26-Apr-19,16:06:23
26-Apr-19,16:06:23
26-Apr-19,16:06:23
26-Apr-19,16:06:28
26-Apr-19,16:06:28
26-Apr-19,16:06:28
26-Apr-19,16:06:33
26-Apr-19,16:06:33
26-Apr-19,16:06:33
26-Apr-19,16:06:38
26-Apr-19,16:06:38
26-Apr-19,16:06:38
26-Apr-19,16:06:43
26-Apr-19,16:06:43
26-Apr-19,16:06:43
26-Apr-19,16:06:48
26-Apr-19,16:06:48
26-Apr-19,16:06:48
26-Apr-19,16:06:53
26-Apr-19,16:06:53
26-Apr-19,16:06:53
26-Apr-19,16:06:58
26-Apr-19,16:06:58
26-Apr-19,16:06:58
26-Apr-19,16:07:03
26-Apr-19,16:07:03
26-Apr-19,16:07:03
26-Apr-19,16:07:08
26-Apr-19,16:07:08
26-Apr-19,16:07:08
26-Apr-19,16:07:18
26-Apr-19,16:07:18
26-Apr-19,16:07:18
26-Apr-19,16:07:23
26-Apr-19,16:07:23
26-Apr-19,16:07:23
26-Apr-19,16:07:28
26-Apr-19,16:07:28
26-Apr-19,16:07:28
26-Apr-19,16:07:33
26-Apr-19,16:07:33
26-Apr-19,16:07:33
26-Apr-19,16:07:38
26-Apr-19,16:07:38
26-Apr-19,16:07:38
26-Apr-19,16:07:43
26-Apr-19,16:07:43
26-Apr-19,16:07:43
26-Apr-19,16:07:48
26-Apr-19,16:07:48
26-Apr-19,16:07:48
26-Apr-19,16:07:53
26-Apr-19,16:07:53
26-Apr-19,16:07:53
26-Apr-19,16:07:58
26-Apr-19,16:07:58
26-Apr-19,16:07:58
26-Apr-19,16:08:03
26-Apr-19,16:08:03
26-Apr-19,16:08:03
26-Apr-19,16:08:08
26-Apr-19,16:08:08
26-Apr-19,16:08:08
26-Apr-19,16:08:13
26-Apr-19,16:08:13
26-Apr-19,16:08:13
26-Apr-19,16:08:23
26-Apr-19,16:08:23
26-Apr-19,16:08:23
26-Apr-19,16:08:28
26-Apr-19,16:08:28
26-Apr-19,16:08:28
26-Apr-19,16:08:33
26-Apr-19,16:08:33
26-Apr-19,16:08:33
26-Apr-19,16:08:38
26-Apr-19,16:08:38
26-Apr-19,16:08:38
26-Apr-19,16:08:43
26-Apr-19,16:08:43
26-Apr-19,16:08:43
26-Apr-19,16:08:48
26-Apr-19,16:08:48
26-Apr-19,16:08:48
26-Apr-19,16:08:53
26-Apr-19,16:08:53
26-Apr-19,16:08:53
26-Apr-19,16:08:58
26-Apr-19,16:08:58
26-Apr-19,16:08:58
26-Apr-19,16:09:03
26-Apr-19,16:09:03
26-Apr-19,16:09:03
26-Apr-19,16:09:08
26-Apr-19,16:09:08
26-Apr-19,16:09:08
26-Apr-19,16:09:18
26-Apr-19,16:09:18
26-Apr-19,16:09:18
26-Apr-19,16:09:23
26-Apr-19,16:09:23
26-Apr-19,16:09:23
26-Apr-19,16:09:28
26-Apr-19,16:09:28
26-Apr-19,16:09:28
26-Apr-19,16:09:33
26-Apr-19,16:09:33
26-Apr-19,16:09:33
26-Apr-19,16:09:38
26-Apr-19,16:09:38
26-Apr-19,16:09:38
26-Apr-19,16:09:43
26-Apr-19,16:09:43
26-Apr-19,16:09:43
26-Apr-19,16:09:48
26-Apr-19,16:09:48
26-Apr-19,16:09:48
26-Apr-19,16:09:53
26-Apr-19,16:09:53
26-Apr-19,16:09:53
26-Apr-19,16:09:58
26-Apr-19,16:09:58
26-Apr-19,16:09:58
26-Apr-19,16:10:03
26-Apr-19,16:10:03
26-Apr-19,16:10:03
26-Apr-19,16:10:08
26-Apr-19,16:10:08
26-Apr-19,16:10:08
26-Apr-19,16:10:13
26-Apr-19,16:10:13
26-Apr-19,16:10:13
26-Apr-19,16:10:18
26-Apr-19,16:10:18
26-Apr-19,16:10:18
26-Apr-19,16:10:23
26-Apr-19,16:10:23
26-Apr-19,16:10:23
26-Apr-19,16:10:28
26-Apr-19,16:10:28
26-Apr-19,16:10:28
26-Apr-19,16:10:33
26-Apr-19,16:10:33
26-Apr-19,16:10:33
26-Apr-19,16:10:38
26-Apr-19,16:10:38
26-Apr-19,16:10:38
26-Apr-19,16:10:43
26-Apr-19,16:10:43
26-Apr-19,16:10:43
26-Apr-19,16:10:48
26-Apr-19,16:10:48
26-Apr-19,16:10:48
26-Apr-19,16:10:53
26-Apr-19,16:10:53
26-Apr-19,16:10:53
26-Apr-19,16:10:58
26-Apr-19,16:10:58
26-Apr-19,16:10:58
26-Apr-19,16:11:03
26-Apr-19,16:11:03
26-Apr-19,16:11:03
26-Apr-19,16:11:08
26-Apr-19,16:11:08
26-Apr-19,16:11:08
26-Apr-19,16:11:13
26-Apr-19,16:11:13
26-Apr-19,16:11:13
26-Apr-19,16:11:23
26-Apr-19,16:11:23
26-Apr-19,16:11:23
26-Apr-19,16:11:28
26-Apr-19,16:11:28
26-Apr-19,16:11:28
26-Apr-19,16:11:33
26-Apr-19,16:11:33
26-Apr-19,16:11:33
26-Apr-19,16:11:38
26-Apr-19,16:11:38
26-Apr-19,16:11:38
26-Apr-19,16:11:43
26-Apr-19,16:11:43
26-Apr-19,16:11:43
26-Apr-19,16:11:48
26-Apr-19,16:11:48
26-Apr-19,16:11:48
26-Apr-19,16:11:53
26-Apr-19,16:11:53
26-Apr-19,16:11:53
26-Apr-19,16:11:58
26-Apr-19,16:11:58
26-Apr-19,16:11:58
26-Apr-19,16:12:03
26-Apr-19,16:12:03
26-Apr-19,16:12:03
26-Apr-19,16:12:08
26-Apr-19,16:12:08
26-Apr-19,16:12:08
26-Apr-19,16:12:28
26-Apr-19,16:12:28
26-Apr-19,16:12:28
26-Apr-19,16:12:33
26-Apr-19,16:12:33
26-Apr-19,16:12:33
26-Apr-19,16:12:38
26-Apr-19,16:12:38
26-Apr-19,16:12:38
26-Apr-19,16:12:43
26-Apr-19,16:12:43
26-Apr-19,16:12:43
26-Apr-19,16:12:53
26-Apr-19,16:12:53
26-Apr-19,16:12:53
26-Apr-19,16:12:58
26-Apr-19,16:12:58
26-Apr-19,16:12:58
26-Apr-19,16:13:03
26-Apr-19,16:13:03
26-Apr-19,16:13:03
26-Apr-19,16:13:08
26-Apr-19,16:13:08
26-Apr-19,16:13:13
26-Apr-19,16:13:13
26-Apr-19,16:13:13
26-Apr-19,16:13:23
26-Apr-19,16:13:23
26-Apr-19,16:13:23
26-Apr-19,16:13:28
26-Apr-19,16:13:28
26-Apr-19,16:13:29
26-Apr-19,16:13:33
26-Apr-19,16:13:34
26-Apr-19,16:13:34
26-Apr-19,16:13:38
26-Apr-19,16:13:39
26-Apr-19,16:13:39
26-Apr-19,16:13:43
26-Apr-19,16:13:44
26-Apr-19,16:13:44
26-Apr-19,16:13:48
26-Apr-19,16:13:49
26-Apr-19,16:13:49
26-Apr-19,16:13:53
26-Apr-19,16:13:54
26-Apr-19,16:13:54
26-Apr-19,16:13:58
26-Apr-19,16:13:59
26-Apr-19,16:13:59
26-Apr-19,16:14:04
26-Apr-19,16:14:04
26-Apr-19,16:14:08
26-Apr-19,16:14:09
26-Apr-19,16:14:09
26-Apr-19,16:14:19
26-Apr-19,16:14:19
26-Apr-19,16:14:23
26-Apr-19,16:14:24
26-Apr-19,16:14:24
26-Apr-19,16:14:28
26-Apr-19,16:14:33
26-Apr-19,16:14:34
26-Apr-19,16:14:34
26-Apr-19,16:14:38
26-Apr-19,16:14:39
26-Apr-19,16:14:39
26-Apr-19,16:14:43
26-Apr-19,16:14:44
26-Apr-19,16:14:44
26-Apr-19,16:14:48
26-Apr-19,16:14:49
26-Apr-19,16:14:49
26-Apr-19,16:14:53
26-Apr-19,16:14:54
26-Apr-19,16:14:54
26-Apr-19,16:14:58
26-Apr-19,16:14:59
26-Apr-19,16:14:59
26-Apr-19,16:15:03
26-Apr-19,16:15:04
26-Apr-19,16:15:04
26-Apr-19,16:15:08
26-Apr-19,16:15:09
26-Apr-19,16:15:09
26-Apr-19,16:15:18
26-Apr-19,16:15:19
26-Apr-19,16:15:19
26-Apr-19,16:15:23
26-Apr-19,16:15:24
26-Apr-19,16:15:24
26-Apr-19,16:15:28
26-Apr-19,16:15:29
26-Apr-19,16:15:29
26-Apr-19,16:15:33
26-Apr-19,16:15:34
26-Apr-19,16:15:34
26-Apr-19,16:15:38
26-Apr-19,16:15:39
26-Apr-19,16:15:39
26-Apr-19,16:15:43
26-Apr-19,16:15:44
26-Apr-19,16:15:44
26-Apr-19,16:15:48
26-Apr-19,16:15:49
26-Apr-19,16:15:49
26-Apr-19,16:15:53
26-Apr-19,16:15:54
26-Apr-19,16:15:54
26-Apr-19,16:15:58
26-Apr-19,16:15:59
26-Apr-19,16:15:59
26-Apr-19,16:16:03
26-Apr-19,16:16:04
26-Apr-19,16:16:04
26-Apr-19,16:16:08
26-Apr-19,16:16:09
26-Apr-19,16:16:09
26-Apr-19,16:16:18
26-Apr-19,16:16:19
26-Apr-19,16:16:19
26-Apr-19,16:16:23
26-Apr-19,16:16:24
26-Apr-19,16:16:24
26-Apr-19,16:16:28
26-Apr-19,16:16:33
26-Apr-19,16:16:34
26-Apr-19,16:16:34
26-Apr-19,16:16:38
26-Apr-19,16:16:39
26-Apr-19,16:16:39
26-Apr-19,16:16:43
26-Apr-19,16:16:44
26-Apr-19,16:16:44
26-Apr-19,16:16:48
26-Apr-19,16:16:49
26-Apr-19,16:16:49
26-Apr-19,16:16:53
26-Apr-19,16:16:54
26-Apr-19,16:16:54
26-Apr-19,16:16:58
26-Apr-19,16:16:59
26-Apr-19,16:16:59
26-Apr-19,16:17:03
26-Apr-19,16:17:04
26-Apr-19,16:17:04
26-Apr-19,16:17:08
26-Apr-19,16:17:09
26-Apr-19,16:17:09
26-Apr-19,16:17:23
26-Apr-19,16:17:24
26-Apr-19,16:17:24
26-Apr-19,16:17:28
26-Apr-19,16:17:29
26-Apr-19,16:17:29
26-Apr-19,16:17:33
26-Apr-19,16:17:34
26-Apr-19,16:17:34
26-Apr-19,16:17:38
26-Apr-19,16:17:39
26-Apr-19,16:17:39
26-Apr-19,16:17:43
26-Apr-19,16:17:44
26-Apr-19,16:17:44
26-Apr-19,16:17:48
26-Apr-19,16:17:49
26-Apr-19,16:17:49
26-Apr-19,16:17:53
26-Apr-19,16:17:54
26-Apr-19,16:17:54
26-Apr-19,16:17:58
26-Apr-19,16:17:59
26-Apr-19,16:17:59
26-Apr-19,16:18:03
26-Apr-19,16:18:04
26-Apr-19,16:18:04
26-Apr-19,16:18:08
26-Apr-19,16:18:09
26-Apr-19,16:18:09
26-Apr-19,16:18:19
26-Apr-19,16:18:19
26-Apr-19,16:18:23
26-Apr-19,16:18:24
26-Apr-19,16:18:24
26-Apr-19,16:18:28
26-Apr-19,16:18:29
26-Apr-19,16:18:29
26-Apr-19,16:18:33
26-Apr-19,16:18:34
26-Apr-19,16:18:34
26-Apr-19,16:18:38
26-Apr-19,16:18:39
26-Apr-19,16:18:39
26-Apr-19,16:18:43
26-Apr-19,16:18:44
26-Apr-19,16:18:44
26-Apr-19,16:18:48
26-Apr-19,16:18:49
26-Apr-19,16:18:49
26-Apr-19,16:18:53
26-Apr-19,16:18:54
26-Apr-19,16:18:54
26-Apr-19,16:18:58
26-Apr-19,16:18:59
26-Apr-19,16:18:59
26-Apr-19,16:19:03
26-Apr-19,16:19:04
26-Apr-19,16:19:04
26-Apr-19,16:19:08
26-Apr-19,16:19:09
26-Apr-19,16:19:09
26-Apr-19,16:19:19
26-Apr-19,16:19:19
26-Apr-19,16:19:23
26-Apr-19,16:19:24
26-Apr-19,16:19:24
26-Apr-19,16:19:28
26-Apr-19,16:19:29
26-Apr-19,16:19:29
26-Apr-19,16:19:33
26-Apr-19,16:19:34
26-Apr-19,16:19:34
26-Apr-19,16:19:38
26-Apr-19,16:19:39
26-Apr-19,16:19:39
26-Apr-19,16:19:43
26-Apr-19,16:19:44
26-Apr-19,16:19:44
26-Apr-19,16:19:48
26-Apr-19,16:19:49
26-Apr-19,16:19:49
26-Apr-19,16:19:53
26-Apr-19,16:19:54
26-Apr-19,16:19:54
26-Apr-19,16:19:58
26-Apr-19,16:19:59
26-Apr-19,16:19:59
26-Apr-19,16:20:03
26-Apr-19,16:20:04
26-Apr-19,16:20:04
26-Apr-19,16:20:08
26-Apr-19,16:20:09
26-Apr-19,16:20:09
26-Apr-19,16:20:18
26-Apr-19,16:20:19
26-Apr-19,16:20:19
26-Apr-19,16:20:24
26-Apr-19,16:20:24
26-Apr-19,16:20:28
26-Apr-19,16:20:29
26-Apr-19,16:20:29
26-Apr-19,16:20:33
26-Apr-19,16:20:34
26-Apr-19,16:20:34
26-Apr-19,16:20:38
26-Apr-19,16:20:39
26-Apr-19,16:20:39
26-Apr-19,16:20:43
26-Apr-19,16:20:44
26-Apr-19,16:20:44
26-Apr-19,16:20:48
26-Apr-19,16:20:49
26-Apr-19,16:20:49
26-Apr-19,16:20:53
26-Apr-19,16:20:54
26-Apr-19,16:20:54
26-Apr-19,16:20:58
26-Apr-19,16:20:59
26-Apr-19,16:20:59
26-Apr-19,16:21:03
26-Apr-19,16:21:04
26-Apr-19,16:21:04
26-Apr-19,16:21:08
26-Apr-19,16:21:09
26-Apr-19,16:21:09
26-Apr-19,16:21:18
26-Apr-19,16:21:19
26-Apr-19,16:21:19
26-Apr-19,16:21:23
26-Apr-19,16:21:24
26-Apr-19,16:21:24
26-Apr-19,16:21:28
26-Apr-19,16:21:29
26-Apr-19,16:21:29
26-Apr-19,16:21:34
26-Apr-19,16:21:34
26-Apr-19,16:21:34
26-Apr-19,16:21:39
26-Apr-19,16:21:39
26-Apr-19,16:21:39
26-Apr-19,16:21:44
26-Apr-19,16:21:44
26-Apr-19,16:21:44
26-Apr-19,16:21:49
26-Apr-19,16:21:49
26-Apr-19,16:21:49
26-Apr-19,16:21:54
26-Apr-19,16:21:54
26-Apr-19,16:21:54
26-Apr-19,16:21:59
26-Apr-19,16:21:59
26-Apr-19,16:21:59
26-Apr-19,16:22:04
26-Apr-19,16:22:04
26-Apr-19,16:22:04
26-Apr-19,16:22:09
26-Apr-19,16:22:09
26-Apr-19,16:22:09
26-Apr-19,16:22:14
26-Apr-19,16:22:14
26-Apr-19,16:22:14
26-Apr-19,16:22:19
26-Apr-19,16:22:19
26-Apr-19,16:22:19
26-Apr-19,16:22:24
26-Apr-19,16:22:24
26-Apr-19,16:22:24
26-Apr-19,16:22:29
26-Apr-19,16:22:29
26-Apr-19,16:22:29
26-Apr-19,16:22:34
26-Apr-19,16:22:34
26-Apr-19,16:22:34
26-Apr-19,16:22:39
26-Apr-19,16:22:39
26-Apr-19,16:22:39
26-Apr-19,16:22:44
26-Apr-19,16:22:44
26-Apr-19,16:22:44
26-Apr-19,16:22:49
26-Apr-19,16:22:49
26-Apr-19,16:22:49
26-Apr-19,16:22:54
26-Apr-19,16:22:54
26-Apr-19,16:22:54
26-Apr-19,16:22:59
26-Apr-19,16:22:59
26-Apr-19,16:22:59
26-Apr-19,16:23:09
26-Apr-19,16:23:09
26-Apr-19,16:23:09
26-Apr-19,16:23:19
26-Apr-19,16:23:19
26-Apr-19,16:23:19
26-Apr-19,16:23:24
26-Apr-19,16:23:24
26-Apr-19,16:23:24
26-Apr-19,16:23:29
26-Apr-19,16:23:29
26-Apr-19,16:23:29
26-Apr-19,16:23:34
26-Apr-19,16:23:34
26-Apr-19,16:23:34
26-Apr-19,16:23:39
26-Apr-19,16:23:39
26-Apr-19,16:23:39
26-Apr-19,16:23:44
26-Apr-19,16:23:44
26-Apr-19,16:23:44
26-Apr-19,16:23:49
26-Apr-19,16:23:49
26-Apr-19,16:23:49
26-Apr-19,16:23:54
26-Apr-19,16:23:54
26-Apr-19,16:23:54
26-Apr-19,16:23:59
26-Apr-19,16:23:59
26-Apr-19,16:23:59
26-Apr-19,16:24:04
26-Apr-19,16:24:04
26-Apr-19,16:24:04
26-Apr-19,16:24:09
26-Apr-19,16:24:09
26-Apr-19,16:24:09
26-Apr-19,16:24:14
26-Apr-19,16:24:14
26-Apr-19,16:24:14
26-Apr-19,16:24:19
26-Apr-19,16:24:19
26-Apr-19,16:24:19
26-Apr-19,16:24:24
26-Apr-19,16:24:24
26-Apr-19,16:24:24
26-Apr-19,16:24:29
26-Apr-19,16:24:29
26-Apr-19,16:24:29
26-Apr-19,16:24:34
26-Apr-19,16:24:34
26-Apr-19,16:24:39
26-Apr-19,16:24:39
26-Apr-19,16:24:39
26-Apr-19,16:24:44
26-Apr-19,16:24:44
26-Apr-19,16:24:44
26-Apr-19,16:24:49
26-Apr-19,16:24:49
26-Apr-19,16:24:49
26-Apr-19,16:24:59
26-Apr-19,16:24:59
26-Apr-19,16:24:59
26-Apr-19,16:25:09
26-Apr-19,16:25:09
26-Apr-19,16:25:09
26-Apr-19,16:25:19
26-Apr-19,16:25:19
26-Apr-19,16:25:19
26-Apr-19,16:25:24
26-Apr-19,16:25:24
26-Apr-19,16:25:24
26-Apr-19,16:25:29
26-Apr-19,16:25:29
26-Apr-19,16:25:29
26-Apr-19,16:25:34
26-Apr-19,16:25:34
26-Apr-19,16:25:34
26-Apr-19,16:25:39
26-Apr-19,16:25:39
26-Apr-19,16:25:39
26-Apr-19,16:25:44
26-Apr-19,16:25:44
26-Apr-19,16:25:44
26-Apr-19,16:25:49
26-Apr-19,16:25:49
26-Apr-19,16:25:49
26-Apr-19,16:25:54
26-Apr-19,16:25:54
26-Apr-19,16:25:54
26-Apr-19,16:25:59
26-Apr-19,16:25:59
26-Apr-19,16:25:59
26-Apr-19,16:26:04
26-Apr-19,16:26:04
26-Apr-19,16:26:04
26-Apr-19,16:26:09
26-Apr-19,16:26:09
26-Apr-19,16:26:19
26-Apr-19,16:26:19
26-Apr-19,16:26:19
26-Apr-19,16:26:24
26-Apr-19,16:26:24
26-Apr-19,16:26:24
26-Apr-19,16:26:29
26-Apr-19,16:26:29
26-Apr-19,16:26:29
26-Apr-19,16:26:34
26-Apr-19,16:26:34
26-Apr-19,16:26:34
26-Apr-19,16:26:39
26-Apr-19,16:26:39
26-Apr-19,16:26:39
26-Apr-19,16:26:44
26-Apr-19,16:26:44
26-Apr-19,16:26:44
26-Apr-19,16:26:49
26-Apr-19,16:26:49
26-Apr-19,16:26:49
26-Apr-19,16:26:54
26-Apr-19,16:26:54
26-Apr-19,16:26:54
26-Apr-19,16:26:59
26-Apr-19,16:26:59
26-Apr-19,16:26:59
26-Apr-19,16:27:04
26-Apr-19,16:27:04
26-Apr-19,16:27:04
26-Apr-19,16:27:09
26-Apr-19,16:27:09
26-Apr-19,16:27:09
26-Apr-19,16:27:19
26-Apr-19,16:27:19
26-Apr-19,16:27:19
26-Apr-19,16:27:29
26-Apr-19,16:27:29
26-Apr-19,16:27:29
26-Apr-19,16:27:34
26-Apr-19,16:27:34
26-Apr-19,16:27:34
26-Apr-19,16:27:39
26-Apr-19,16:27:39
26-Apr-19,16:27:39
26-Apr-19,16:27:44
26-Apr-19,16:27:44
26-Apr-19,16:27:44
26-Apr-19,16:27:49
26-Apr-19,16:27:49
26-Apr-19,16:27:49
26-Apr-19,16:27:54
26-Apr-19,16:27:54
26-Apr-19,16:27:54
26-Apr-19,16:27:59
26-Apr-19,16:27:59
26-Apr-19,16:27:59
26-Apr-19,16:28:04
26-Apr-19,16:28:04
26-Apr-19,16:28:04
26-Apr-19,16:28:09
26-Apr-19,16:28:09
26-Apr-19,16:28:09
26-Apr-19,16:28:19
26-Apr-19,16:28:19
26-Apr-19,16:28:19
26-Apr-19,16:28:24
26-Apr-19,16:28:24
26-Apr-19,16:28:24
26-Apr-19,16:28:29
26-Apr-19,16:28:29
26-Apr-19,16:28:29
26-Apr-19,16:28:34
26-Apr-19,16:28:34
26-Apr-19,16:28:34
26-Apr-19,16:28:39
26-Apr-19,16:28:39
26-Apr-19,16:28:39
26-Apr-19,16:28:44
26-Apr-19,16:28:44
26-Apr-19,16:28:44
26-Apr-19,16:28:54
26-Apr-19,16:28:54
26-Apr-19,16:28:54
26-Apr-19,16:28:59
26-Apr-19,16:28:59
26-Apr-19,16:28:59
26-Apr-19,16:29:04
26-Apr-19,16:29:04
26-Apr-19,16:29:04
26-Apr-19,16:29:09
26-Apr-19,16:29:09
26-Apr-19,16:29:09
26-Apr-19,16:29:19
26-Apr-19,16:29:19
26-Apr-19,16:29:19
26-Apr-19,16:29:24
26-Apr-19,16:29:24
26-Apr-19,16:29:24
26-Apr-19,16:29:29
26-Apr-19,16:29:29
26-Apr-19,16:29:29
26-Apr-19,16:29:34
26-Apr-19,16:29:34
26-Apr-19,16:29:34
26-Apr-19,16:29:44
26-Apr-19,16:29:44
26-Apr-19,16:29:44
26-Apr-19,16:29:49
26-Apr-19,16:29:49
26-Apr-19,16:29:49
26-Apr-19,16:29:54
26-Apr-19,16:29:54
26-Apr-19,16:29:54
26-Apr-19,16:29:59
26-Apr-19,16:29:59
26-Apr-19,16:29:59
26-Apr-19,16:30:04
26-Apr-19,16:30:04
26-Apr-19,16:30:04
26-Apr-19,16:30:19
26-Apr-19,16:30:19
26-Apr-19,16:30:19
26-Apr-19,16:30:24
26-Apr-19,16:30:24
26-Apr-19,16:30:24
26-Apr-19,16:30:29
26-Apr-19,16:30:29
26-Apr-19,16:30:29
26-Apr-19,16:30:34
26-Apr-19,16:30:34
26-Apr-19,16:30:34
26-Apr-19,16:30:44
26-Apr-19,16:30:44
26-Apr-19,16:30:44
26-Apr-19,16:30:49
26-Apr-19,16:30:49
26-Apr-19,16:30:49
26-Apr-19,16:30:54
26-Apr-19,16:30:54
26-Apr-19,16:30:59
26-Apr-19,16:30:59
26-Apr-19,16:31:03
26-Apr-19,16:31:04
26-Apr-19,16:31:04
26-Apr-19,16:31:05
26-Apr-19,16:31:05
26-Apr-19,16:31:08
26-Apr-19,16:31:09
26-Apr-19,16:31:09
26-Apr-19,16:31:10
26-Apr-19,16:31:10
26-Apr-19,16:31:18
26-Apr-19,16:31:19
26-Apr-19,16:31:19
26-Apr-19,16:31:20
26-Apr-19,16:31:20
26-Apr-19,16:31:23
26-Apr-19,16:31:24
26-Apr-19,16:31:24
26-Apr-19,16:31:25
26-Apr-19,16:31:25
26-Apr-19,16:31:28
26-Apr-19,16:31:29
26-Apr-19,16:31:29
26-Apr-19,16:31:30
26-Apr-19,16:31:30
26-Apr-19,16:31:33
26-Apr-19,16:31:34
26-Apr-19,16:31:34
26-Apr-19,16:31:35
26-Apr-19,16:31:35
26-Apr-19,16:31:38
26-Apr-19,16:31:39
26-Apr-19,16:31:39
26-Apr-19,16:31:40
26-Apr-19,16:31:40
26-Apr-19,16:31:43
26-Apr-19,16:31:44
26-Apr-19,16:31:44
26-Apr-19,16:31:45
26-Apr-19,16:31:45
26-Apr-19,16:31:50
26-Apr-19,16:31:50
26-Apr-19,16:31:54
26-Apr-19,16:31:54
26-Apr-19,16:31:55
26-Apr-19,16:31:55
26-Apr-19,16:31:59
26-Apr-19,16:31:59
26-Apr-19,16:32:00
26-Apr-19,16:32:00
26-Apr-19,16:32:03
26-Apr-19,16:32:04
26-Apr-19,16:32:04
26-Apr-19,16:32:05
26-Apr-19,16:32:05
26-Apr-19,16:32:09
26-Apr-19,16:32:09
26-Apr-19,16:32:10
26-Apr-19,16:32:10
26-Apr-19,16:32:15
26-Apr-19,16:32:15
26-Apr-19,16:32:19
26-Apr-19,16:32:19
26-Apr-19,16:32:20
26-Apr-19,16:32:20
26-Apr-19,16:32:23
26-Apr-19,16:32:24
26-Apr-19,16:32:24
26-Apr-19,16:32:25
26-Apr-19,16:32:25
26-Apr-19,16:32:29
26-Apr-19,16:32:29
26-Apr-19,16:32:30
26-Apr-19,16:32:30
26-Apr-19,16:32:33
26-Apr-19,16:32:35
26-Apr-19,16:32:35
26-Apr-19,16:32:39
26-Apr-19,16:32:39
26-Apr-19,16:32:40
26-Apr-19,16:32:40
26-Apr-19,16:32:43
26-Apr-19,16:32:44
26-Apr-19,16:32:44
26-Apr-19,16:32:45
26-Apr-19,16:32:45
26-Apr-19,16:32:49
26-Apr-19,16:32:49
26-Apr-19,16:32:50
26-Apr-19,16:32:50
26-Apr-19,16:32:53
26-Apr-19,16:32:54
26-Apr-19,16:32:54
26-Apr-19,16:32:55
26-Apr-19,16:32:55
26-Apr-19,16:32:59
26-Apr-19,16:32:59
26-Apr-19,16:33:00
26-Apr-19,16:33:00
26-Apr-19,16:33:03
26-Apr-19,16:33:04
26-Apr-19,16:33:04
26-Apr-19,16:33:05
26-Apr-19,16:33:05
26-Apr-19,16:33:09
26-Apr-19,16:33:09
26-Apr-19,16:33:10
26-Apr-19,16:33:10
26-Apr-19,16:33:14
26-Apr-19,16:33:14
26-Apr-19,16:33:19
26-Apr-19,16:33:19
26-Apr-19,16:33:20
26-Apr-19,16:33:20
26-Apr-19,16:33:23
26-Apr-19,16:33:24
26-Apr-19,16:33:24
26-Apr-19,16:33:25
26-Apr-19,16:33:25
26-Apr-19,16:33:29
26-Apr-19,16:33:29
26-Apr-19,16:33:30
26-Apr-19,16:33:30
26-Apr-19,16:33:33
26-Apr-19,16:33:34
26-Apr-19,16:33:34
26-Apr-19,16:33:35
26-Apr-19,16:33:35
26-Apr-19,16:33:39
26-Apr-19,16:33:39
26-Apr-19,16:33:40
26-Apr-19,16:33:40
26-Apr-19,16:33:43
26-Apr-19,16:33:44
26-Apr-19,16:33:44
26-Apr-19,16:33:45
26-Apr-19,16:33:45
26-Apr-19,16:33:49
26-Apr-19,16:33:49
26-Apr-19,16:33:54
26-Apr-19,16:33:54
26-Apr-19,16:33:55
26-Apr-19,16:33:55
26-Apr-19,16:33:59
26-Apr-19,16:33:59
26-Apr-19,16:34:00
26-Apr-19,16:34:00
26-Apr-19,16:34:05
26-Apr-19,16:34:05
26-Apr-19,16:34:09
26-Apr-19,16:34:09
26-Apr-19,16:34:10
26-Apr-19,16:34:10
26-Apr-19,16:34:19
26-Apr-19,16:34:19
26-Apr-19,16:34:20
26-Apr-19,16:34:20
26-Apr-19,16:34:23
26-Apr-19,16:34:23
26-Apr-19,16:34:24
26-Apr-19,16:34:24
26-Apr-19,16:34:25
26-Apr-19,16:34:25
26-Apr-19,16:34:29
26-Apr-19,16:34:29
26-Apr-19,16:34:30
26-Apr-19,16:34:30
26-Apr-19,16:34:33
26-Apr-19,16:34:33
26-Apr-19,16:34:34
26-Apr-19,16:34:34
26-Apr-19,16:34:35
26-Apr-19,16:34:35
26-Apr-19,16:34:39
26-Apr-19,16:34:39
26-Apr-19,16:34:40
26-Apr-19,16:34:40
26-Apr-19,16:34:43
26-Apr-19,16:34:43
26-Apr-19,16:34:44
26-Apr-19,16:34:44
26-Apr-19,16:34:45
26-Apr-19,16:34:45
26-Apr-19,16:34:49
26-Apr-19,16:34:49
26-Apr-19,16:34:50
26-Apr-19,16:34:50
26-Apr-19,16:34:53
26-Apr-19,16:34:53
26-Apr-19,16:34:55
26-Apr-19,16:34:55
26-Apr-19,16:34:59
26-Apr-19,16:34:59
26-Apr-19,16:35:00
26-Apr-19,16:35:00
26-Apr-19,16:35:03
26-Apr-19,16:35:03
26-Apr-19,16:35:04
26-Apr-19,16:35:04
26-Apr-19,16:35:05
26-Apr-19,16:35:05
26-Apr-19,16:35:09
26-Apr-19,16:35:09
26-Apr-19,16:35:10
26-Apr-19,16:35:10
26-Apr-19,16:35:13
26-Apr-19,16:35:13
26-Apr-19,16:35:19
26-Apr-19,16:35:19
26-Apr-19,16:35:20
26-Apr-19,16:35:20
26-Apr-19,16:35:24
26-Apr-19,16:35:24
26-Apr-19,16:35:24
26-Apr-19,16:35:25
26-Apr-19,16:35:25
26-Apr-19,16:35:29
26-Apr-19,16:35:29
26-Apr-19,16:35:29
26-Apr-19,16:35:30
26-Apr-19,16:35:33
26-Apr-19,16:35:34
26-Apr-19,16:35:34
26-Apr-19,16:35:34
26-Apr-19,16:35:35
26-Apr-19,16:35:35
26-Apr-19,16:35:39
26-Apr-19,16:35:39
26-Apr-19,16:35:39
26-Apr-19,16:35:40
26-Apr-19,16:35:40
26-Apr-19,16:35:43
26-Apr-19,16:35:44
26-Apr-19,16:35:44
26-Apr-19,16:35:44
26-Apr-19,16:35:45
26-Apr-19,16:35:45
26-Apr-19,16:35:49
26-Apr-19,16:35:49
26-Apr-19,16:35:49
26-Apr-19,16:35:50
26-Apr-19,16:35:50
26-Apr-19,16:35:53
26-Apr-19,16:35:54
26-Apr-19,16:35:54
26-Apr-19,16:35:54
26-Apr-19,16:35:55
26-Apr-19,16:35:55
26-Apr-19,16:35:59
26-Apr-19,16:35:59
26-Apr-19,16:35:59
26-Apr-19,16:36:00
26-Apr-19,16:36:00
26-Apr-19,16:36:03
26-Apr-19,16:36:04
26-Apr-19,16:36:04
26-Apr-19,16:36:04
26-Apr-19,16:36:05
26-Apr-19,16:36:05
26-Apr-19,16:36:09
26-Apr-19,16:36:09
26-Apr-19,16:36:09
26-Apr-19,16:36:10
26-Apr-19,16:36:10
26-Apr-19,16:36:13
26-Apr-19,16:36:15
26-Apr-19,16:36:15
26-Apr-19,16:36:19
26-Apr-19,16:36:19
26-Apr-19,16:36:19
26-Apr-19,16:36:20
26-Apr-19,16:36:20
26-Apr-19,16:36:23
26-Apr-19,16:36:24
26-Apr-19,16:36:24
26-Apr-19,16:36:24
26-Apr-19,16:36:29
26-Apr-19,16:36:29
26-Apr-19,16:36:29
26-Apr-19,16:36:30
26-Apr-19,16:36:30
26-Apr-19,16:36:33
26-Apr-19,16:36:34
26-Apr-19,16:36:34
26-Apr-19,16:36:34
26-Apr-19,16:36:35
26-Apr-19,16:36:35
26-Apr-19,16:36:39
26-Apr-19,16:36:39
26-Apr-19,16:36:39
26-Apr-19,16:36:43
26-Apr-19,16:36:44
26-Apr-19,16:36:44
26-Apr-19,16:36:44
26-Apr-19,16:36:45
26-Apr-19,16:36:45
26-Apr-19,16:36:49
26-Apr-19,16:36:49
26-Apr-19,16:36:49
26-Apr-19,16:36:50
26-Apr-19,16:36:50
26-Apr-19,16:36:53
26-Apr-19,16:36:54
26-Apr-19,16:36:54
26-Apr-19,16:36:54
26-Apr-19,16:36:55
26-Apr-19,16:36:55
26-Apr-19,16:36:59
26-Apr-19,16:36:59
26-Apr-19,16:36:59
26-Apr-19,16:37:00
26-Apr-19,16:37:00
26-Apr-19,16:37:05
26-Apr-19,16:37:05
26-Apr-19,16:37:09
26-Apr-19,16:37:09
26-Apr-19,16:37:09
26-Apr-19,16:37:10
26-Apr-19,16:37:10
26-Apr-19,16:37:14
26-Apr-19,16:37:14
26-Apr-19,16:37:14
26-Apr-19,16:37:19
26-Apr-19,16:37:19
26-Apr-19,16:37:19
26-Apr-19,16:37:20
26-Apr-19,16:37:20
26-Apr-19,16:37:24
26-Apr-19,16:37:24
26-Apr-19,16:37:24
26-Apr-19,16:37:25
26-Apr-19,16:37:25
26-Apr-19,16:37:29
26-Apr-19,16:37:29
26-Apr-19,16:37:29
26-Apr-19,16:37:30
26-Apr-19,16:37:30
26-Apr-19,16:37:33
26-Apr-19,16:37:34
26-Apr-19,16:37:34
26-Apr-19,16:37:34
26-Apr-19,16:37:35
26-Apr-19,16:37:35
26-Apr-19,16:37:39
26-Apr-19,16:37:39
26-Apr-19,16:37:40
26-Apr-19,16:37:40
26-Apr-19,16:37:40
26-Apr-19,16:37:44
26-Apr-19,16:37:44
26-Apr-19,16:37:45
26-Apr-19,16:37:45
26-Apr-19,16:37:45
26-Apr-19,16:37:49
26-Apr-19,16:37:49
26-Apr-19,16:37:50
26-Apr-19,16:37:50
26-Apr-19,16:37:50
26-Apr-19,16:37:53
26-Apr-19,16:37:54
26-Apr-19,16:37:54
26-Apr-19,16:37:55
26-Apr-19,16:37:55
26-Apr-19,16:37:55
26-Apr-19,16:37:59
26-Apr-19,16:37:59
26-Apr-19,16:38:00
26-Apr-19,16:38:00
26-Apr-19,16:38:00
26-Apr-19,16:38:03
26-Apr-19,16:38:04
26-Apr-19,16:38:04
26-Apr-19,16:38:05
26-Apr-19,16:38:05
26-Apr-19,16:38:05
26-Apr-19,16:38:09
26-Apr-19,16:38:09
26-Apr-19,16:38:10
26-Apr-19,16:38:10
26-Apr-19,16:38:10
26-Apr-19,16:38:18
26-Apr-19,16:38:20
26-Apr-19,16:38:20
26-Apr-19,16:38:20
26-Apr-19,16:38:23
26-Apr-19,16:38:24
26-Apr-19,16:38:24
26-Apr-19,16:38:25
26-Apr-19,16:38:25
26-Apr-19,16:38:25
26-Apr-19,16:38:29
26-Apr-19,16:38:29
26-Apr-19,16:38:30
26-Apr-19,16:38:30
26-Apr-19,16:38:30
26-Apr-19,16:38:33
26-Apr-19,16:38:34
26-Apr-19,16:38:34
26-Apr-19,16:38:35
26-Apr-19,16:38:35
26-Apr-19,16:38:35
26-Apr-19,16:38:39
26-Apr-19,16:38:39
26-Apr-19,16:38:40
26-Apr-19,16:38:40
26-Apr-19,16:38:40
26-Apr-19,16:38:43
26-Apr-19,16:38:44
26-Apr-19,16:38:44
26-Apr-19,16:38:45
26-Apr-19,16:38:45
26-Apr-19,16:38:45
26-Apr-19,16:38:49
26-Apr-19,16:38:49
26-Apr-19,16:38:50
26-Apr-19,16:38:50
26-Apr-19,16:38:50
26-Apr-19,16:38:53
26-Apr-19,16:38:54
26-Apr-19,16:38:54
26-Apr-19,16:38:55
26-Apr-19,16:38:55
26-Apr-19,16:38:55
26-Apr-19,16:38:59
26-Apr-19,16:38:59
26-Apr-19,16:39:00
26-Apr-19,16:39:00
26-Apr-19,16:39:00
26-Apr-19,16:39:03
26-Apr-19,16:39:04
26-Apr-19,16:39:04
26-Apr-19,16:39:05
26-Apr-19,16:39:05
26-Apr-19,16:39:05
26-Apr-19,16:39:09
26-Apr-19,16:39:09
26-Apr-19,16:39:10
26-Apr-19,16:39:10
26-Apr-19,16:39:10
26-Apr-19,16:39:19
26-Apr-19,16:39:19
26-Apr-19,16:39:20
26-Apr-19,16:39:20
26-Apr-19,16:39:20
26-Apr-19,16:39:23
26-Apr-19,16:39:24
26-Apr-19,16:39:24
26-Apr-19,16:39:25
26-Apr-19,16:39:25
26-Apr-19,16:39:25
26-Apr-19,16:39:29
26-Apr-19,16:39:29
26-Apr-19,16:39:30
26-Apr-19,16:39:30
26-Apr-19,16:39:30
26-Apr-19,16:39:33
26-Apr-19,16:39:34
26-Apr-19,16:39:34
26-Apr-19,16:39:35
26-Apr-19,16:39:35
26-Apr-19,16:39:35
26-Apr-19,16:39:39
26-Apr-19,16:39:39
26-Apr-19,16:39:40
26-Apr-19,16:39:40
26-Apr-19,16:39:40
26-Apr-19,16:39:43
26-Apr-19,16:39:44
26-Apr-19,16:39:44
26-Apr-19,16:39:45
26-Apr-19,16:39:45
26-Apr-19,16:39:45
26-Apr-19,16:39:49
26-Apr-19,16:39:49
26-Apr-19,16:39:50
26-Apr-19,16:39:50
26-Apr-19,16:39:50
26-Apr-19,16:39:53
26-Apr-19,16:39:55
26-Apr-19,16:39:55
26-Apr-19,16:39:55
26-Apr-19,16:39:59
26-Apr-19,16:39:59
26-Apr-19,16:40:00
26-Apr-19,16:40:00
26-Apr-19,16:40:00
26-Apr-19,16:40:03
26-Apr-19,16:40:04
26-Apr-19,16:40:04
26-Apr-19,16:40:09
26-Apr-19,16:40:09
26-Apr-19,16:40:10
26-Apr-19,16:40:10
26-Apr-19,16:40:10
26-Apr-19,16:40:19
26-Apr-19,16:40:19
26-Apr-19,16:40:20
26-Apr-19,13:39:50
26-Apr-19,13:40:00
26-Apr-19,13:40:10
26-Apr-19,13:40:24
26-Apr-19,13:40:29
26-Apr-19,13:40:30
26-Apr-19,13:40:30
26-Apr-19,13:40:34
26-Apr-19,13:40:35
26-Apr-19,13:40:35
26-Apr-19,13:40:39
26-Apr-19,13:40:40
26-Apr-19,13:40:40
26-Apr-19,13:40:44
26-Apr-19,13:40:45
26-Apr-19,13:40:45
26-Apr-19,13:40:49
26-Apr-19,13:40:50
26-Apr-19,13:40:50
26-Apr-19,13:40:54
26-Apr-19,13:40:55
26-Apr-19,13:40:55
26-Apr-19,13:40:59
26-Apr-19,13:41:00
26-Apr-19,13:41:00
26-Apr-19,13:41:04
26-Apr-19,13:41:05
26-Apr-19,13:41:05
26-Apr-19,13:41:09
26-Apr-19,13:41:10
26-Apr-19,13:41:10
26-Apr-19,13:41:15
26-Apr-19,13:41:15
26-Apr-19,13:41:19
26-Apr-19,13:41:20
26-Apr-19,13:41:20
26-Apr-19,13:41:29
26-Apr-19,13:41:30
26-Apr-19,13:41:30
26-Apr-19,13:41:34
26-Apr-19,13:41:35
26-Apr-19,13:41:35
26-Apr-19,13:41:39
26-Apr-19,13:41:40
26-Apr-19,13:41:40
26-Apr-19,13:41:44
26-Apr-19,13:41:45
26-Apr-19,13:41:45
26-Apr-19,13:41:49
26-Apr-19,13:41:50
26-Apr-19,13:41:50
26-Apr-19,13:41:54
26-Apr-19,13:41:55
26-Apr-19,13:41:55
26-Apr-19,13:41:59
26-Apr-19,13:42:00
26-Apr-19,13:42:00
26-Apr-19,13:42:04
26-Apr-19,13:42:05
26-Apr-19,13:42:05
26-Apr-19,13:42:09
26-Apr-19,13:42:10
26-Apr-19,13:42:10
26-Apr-19,13:42:19
26-Apr-19,13:42:20
26-Apr-19,13:42:20
26-Apr-19,13:42:24
26-Apr-19,13:42:25
26-Apr-19,13:42:25
26-Apr-19,13:42:29
26-Apr-19,13:42:30
26-Apr-19,13:42:30
26-Apr-19,13:42:35
26-Apr-19,13:42:35
26-Apr-19,13:42:39
26-Apr-19,13:42:40
26-Apr-19,13:42:40
26-Apr-19,13:42:44
26-Apr-19,13:42:45
26-Apr-19,13:42:45
26-Apr-19,13:42:54
26-Apr-19,13:42:55
26-Apr-19,13:42:55
26-Apr-19,13:42:59
26-Apr-19,13:43:00
26-Apr-19,13:43:00
26-Apr-19,13:43:04
26-Apr-19,13:43:05
26-Apr-19,13:43:05
26-Apr-19,13:43:09
26-Apr-19,13:43:10
26-Apr-19,13:43:10
26-Apr-19,13:43:19
26-Apr-19,13:43:20
26-Apr-19,13:43:20
26-Apr-19,13:43:24
26-Apr-19,13:43:25
26-Apr-19,13:43:25
26-Apr-19,13:43:29
26-Apr-19,13:43:30
26-Apr-19,13:43:30
26-Apr-19,13:43:34
26-Apr-19,13:43:35
26-Apr-19,13:43:35
26-Apr-19,13:43:39
26-Apr-19,13:43:40
26-Apr-19,13:43:40
26-Apr-19,13:43:44
26-Apr-19,13:43:45
26-Apr-19,13:43:45
26-Apr-19,13:43:49
26-Apr-19,13:43:50
26-Apr-19,13:43:50
26-Apr-19,13:43:54
26-Apr-19,13:43:55
26-Apr-19,13:43:55
26-Apr-19,13:43:59
26-Apr-19,13:44:00
26-Apr-19,13:44:00
26-Apr-19,13:44:04
26-Apr-19,13:44:05
26-Apr-19,13:44:06
26-Apr-19,13:44:09
26-Apr-19,13:44:10
26-Apr-19,13:44:11
26-Apr-19,13:44:16
26-Apr-19,13:44:19
26-Apr-19,13:44:20
26-Apr-19,13:44:21
26-Apr-19,13:44:24
26-Apr-19,13:44:25
26-Apr-19,13:44:26
26-Apr-19,13:44:29
26-Apr-19,13:44:30
26-Apr-19,13:44:31
26-Apr-19,13:44:34
26-Apr-19,13:44:35
26-Apr-19,13:44:36
26-Apr-19,13:44:39
26-Apr-19,13:44:40
26-Apr-19,13:44:41
26-Apr-19,13:44:44
26-Apr-19,13:44:45
26-Apr-19,13:44:46
26-Apr-19,13:44:49
26-Apr-19,13:44:50
26-Apr-19,13:44:51
26-Apr-19,13:44:54
26-Apr-19,13:44:55
26-Apr-19,13:44:56
26-Apr-19,13:44:59
26-Apr-19,13:45:00
26-Apr-19,13:45:01
26-Apr-19,13:45:04
26-Apr-19,13:45:05
26-Apr-19,13:45:06
26-Apr-19,13:45:09
26-Apr-19,13:45:10
26-Apr-19,13:45:11
26-Apr-19,13:45:19
26-Apr-19,13:45:20
26-Apr-19,13:45:21
26-Apr-19,13:45:24
26-Apr-19,13:45:25
26-Apr-19,13:45:26
26-Apr-19,13:45:29
26-Apr-19,13:45:30
26-Apr-19,13:45:31
26-Apr-19,13:45:34
26-Apr-19,13:45:35
26-Apr-19,13:45:36
26-Apr-19,13:45:39
26-Apr-19,13:45:40
26-Apr-19,13:45:41
26-Apr-19,13:45:45
26-Apr-19,13:45:46
26-Apr-19,13:45:49
26-Apr-19,13:45:50
26-Apr-19,13:45:51
26-Apr-19,13:45:54
26-Apr-19,13:45:55
26-Apr-19,13:45:56
26-Apr-19,13:45:59
26-Apr-19,13:46:00
26-Apr-19,13:46:01
26-Apr-19,13:46:04
26-Apr-19,13:46:05
26-Apr-19,13:46:06
26-Apr-19,13:46:09
26-Apr-19,13:46:10
26-Apr-19,13:46:11
26-Apr-19,13:46:19
26-Apr-19,13:46:20
26-Apr-19,13:46:21
26-Apr-19,13:46:24
26-Apr-19,13:46:25
26-Apr-19,13:46:26
26-Apr-19,13:46:29
26-Apr-19,13:46:30
26-Apr-19,13:46:31
26-Apr-19,13:46:34
26-Apr-19,13:46:35
26-Apr-19,13:46:36
26-Apr-19,13:46:39
26-Apr-19,13:46:40
26-Apr-19,13:46:41
26-Apr-19,13:46:44
26-Apr-19,13:46:45
26-Apr-19,13:46:46
26-Apr-19,13:46:49
26-Apr-19,13:46:50
26-Apr-19,13:46:51
26-Apr-19,13:46:55
26-Apr-19,13:46:55
26-Apr-19,13:46:56
26-Apr-19,13:47:00
26-Apr-19,13:47:00
26-Apr-19,13:47:01
26-Apr-19,13:47:05
26-Apr-19,13:47:05
26-Apr-19,13:47:06
26-Apr-19,13:47:10
26-Apr-19,13:47:10
26-Apr-19,13:47:11
26-Apr-19,13:47:15
26-Apr-19,13:47:15
26-Apr-19,13:47:20
26-Apr-19,13:47:20
26-Apr-19,13:47:21
26-Apr-19,13:47:25
26-Apr-19,13:47:25
26-Apr-19,13:47:26
26-Apr-19,13:47:30
26-Apr-19,13:47:30
26-Apr-19,13:47:31
26-Apr-19,13:47:35
26-Apr-19,13:47:35
26-Apr-19,13:47:36
26-Apr-19,13:47:40
26-Apr-19,13:47:40
26-Apr-19,13:47:41
26-Apr-19,13:47:45
26-Apr-19,13:47:45
26-Apr-19,13:47:46
26-Apr-19,13:47:50
26-Apr-19,13:47:50
26-Apr-19,13:47:51
26-Apr-19,13:47:55
26-Apr-19,13:47:55
26-Apr-19,13:47:56
26-Apr-19,13:48:00
26-Apr-19,13:48:00
26-Apr-19,13:48:01
26-Apr-19,13:48:05
26-Apr-19,13:48:05
26-Apr-19,13:48:06
26-Apr-19,13:48:10
26-Apr-19,13:48:10
26-Apr-19,13:48:11
26-Apr-19,13:48:20
26-Apr-19,13:48:20
26-Apr-19,13:48:21
26-Apr-19,13:48:25
26-Apr-19,13:48:25
26-Apr-19,13:48:26
26-Apr-19,13:48:30
26-Apr-19,13:48:30
26-Apr-19,13:48:31
26-Apr-19,13:48:35
26-Apr-19,13:48:35
26-Apr-19,13:48:36
26-Apr-19,13:48:40
26-Apr-19,13:48:40
26-Apr-19,13:48:41
26-Apr-19,13:48:45
26-Apr-19,13:48:45
26-Apr-19,13:48:50
26-Apr-19,13:48:50
26-Apr-19,13:48:51
26-Apr-19,13:48:55
26-Apr-19,13:48:55
26-Apr-19,13:48:56
26-Apr-19,13:49:00
26-Apr-19,13:49:00
26-Apr-19,13:49:01
26-Apr-19,13:49:05
26-Apr-19,13:49:05
26-Apr-19,13:49:06
26-Apr-19,13:49:10
26-Apr-19,13:49:10
26-Apr-19,13:49:11
26-Apr-19,13:49:16
26-Apr-19,13:49:20
26-Apr-19,13:49:20
26-Apr-19,13:49:21
26-Apr-19,13:49:25
26-Apr-19,13:49:25
26-Apr-19,13:49:26
26-Apr-19,13:49:30
26-Apr-19,13:49:30
26-Apr-19,13:49:31
26-Apr-19,13:49:35
26-Apr-19,13:49:35
26-Apr-19,13:49:36
26-Apr-19,13:49:40
26-Apr-19,13:49:40
26-Apr-19,13:49:45
26-Apr-19,13:49:45
26-Apr-19,13:49:46
26-Apr-19,13:49:50
26-Apr-19,13:49:50
26-Apr-19,13:49:51
26-Apr-19,13:49:55
26-Apr-19,13:49:55
26-Apr-19,13:49:56
26-Apr-19,13:50:00
26-Apr-19,13:50:00
26-Apr-19,13:50:01
26-Apr-19,13:50:05
26-Apr-19,13:50:05
26-Apr-19,13:50:06
26-Apr-19,13:50:10
26-Apr-19,13:50:10
26-Apr-19,13:50:11
26-Apr-19,13:50:20
26-Apr-19,13:50:20
26-Apr-19,13:50:21
26-Apr-19,13:50:25
26-Apr-19,13:50:25
26-Apr-19,13:50:26
26-Apr-19,13:50:30
26-Apr-19,13:50:30
26-Apr-19,13:50:31
26-Apr-19,13:50:35
26-Apr-19,13:50:35
26-Apr-19,13:50:36
26-Apr-19,13:50:40
26-Apr-19,13:50:40
26-Apr-19,13:50:41
26-Apr-19,13:50:45
26-Apr-19,13:50:45
26-Apr-19,13:50:46
26-Apr-19,13:50:50
26-Apr-19,13:50:50
26-Apr-19,13:50:51
26-Apr-19,13:50:55
26-Apr-19,13:50:55
26-Apr-19,13:50:56
26-Apr-19,13:51:00
26-Apr-19,13:51:00
26-Apr-19,13:51:01
26-Apr-19,13:51:05
26-Apr-19,13:51:05
26-Apr-19,13:51:06
26-Apr-19,13:51:11
26-Apr-19,13:51:20
26-Apr-19,13:51:20
26-Apr-19,13:51:21
26-Apr-19,13:51:25
26-Apr-19,13:51:25
26-Apr-19,13:51:26
26-Apr-19,13:51:30
26-Apr-19,13:51:30
26-Apr-19,13:51:35
26-Apr-19,13:51:35
26-Apr-19,13:51:36
26-Apr-19,13:51:40
26-Apr-19,13:51:40
26-Apr-19,13:51:41
26-Apr-19,13:51:45
26-Apr-19,13:51:45
26-Apr-19,13:51:46
26-Apr-19,13:51:50
26-Apr-19,13:51:50
26-Apr-19,13:51:51
26-Apr-19,13:51:55
26-Apr-19,13:51:55
26-Apr-19,13:51:56
26-Apr-19,13:52:00
26-Apr-19,13:52:00
26-Apr-19,13:52:01
26-Apr-19,13:52:05
26-Apr-19,13:52:05
26-Apr-19,13:52:06
26-Apr-19,13:52:10
26-Apr-19,13:52:10
26-Apr-19,13:52:11
26-Apr-19,13:52:15
26-Apr-19,13:52:15
26-Apr-19,13:52:20
26-Apr-19,13:52:20
26-Apr-19,13:52:21
26-Apr-19,13:52:25
26-Apr-19,13:52:25
26-Apr-19,13:52:26
26-Apr-19,13:52:30
26-Apr-19,13:52:30
26-Apr-19,13:52:31
26-Apr-19,13:52:35
26-Apr-19,13:52:35
26-Apr-19,13:52:36
26-Apr-19,13:52:40
26-Apr-19,13:52:40
26-Apr-19,13:52:41
26-Apr-19,13:52:45
26-Apr-19,13:52:45
26-Apr-19,13:52:46
26-Apr-19,13:52:50
26-Apr-19,13:52:50
26-Apr-19,13:52:51
26-Apr-19,13:52:55
26-Apr-19,13:52:55
26-Apr-19,13:52:56
26-Apr-19,13:53:00
26-Apr-19,13:53:00
26-Apr-19,13:53:01
26-Apr-19,13:53:05
26-Apr-19,13:53:05
26-Apr-19,13:53:06
26-Apr-19,13:53:10
26-Apr-19,13:53:10
26-Apr-19,13:53:11
26-Apr-19,13:53:16
26-Apr-19,13:53:20
26-Apr-19,13:53:20
26-Apr-19,13:53:21
26-Apr-19,13:53:26
26-Apr-19,13:53:30
26-Apr-19,13:53:31
26-Apr-19,13:53:31
26-Apr-19,13:53:35
26-Apr-19,13:53:36
26-Apr-19,13:53:36
26-Apr-19,13:53:40
26-Apr-19,13:53:41
26-Apr-19,13:53:41
26-Apr-19,13:53:45
26-Apr-19,13:53:46
26-Apr-19,13:53:46
26-Apr-19,13:53:50
26-Apr-19,13:53:51
26-Apr-19,13:53:51
26-Apr-19,13:53:55
26-Apr-19,13:53:56
26-Apr-19,13:53:56
26-Apr-19,13:54:00
26-Apr-19,13:54:01
26-Apr-19,13:54:01
26-Apr-19,13:54:05
26-Apr-19,13:54:06
26-Apr-19,13:54:06
26-Apr-19,13:54:10
26-Apr-19,13:54:11
26-Apr-19,13:54:11
26-Apr-19,13:54:16
26-Apr-19,13:54:16
26-Apr-19,13:54:20
26-Apr-19,13:54:21
26-Apr-19,13:54:21
26-Apr-19,13:54:25
26-Apr-19,13:54:26
26-Apr-19,13:54:26
26-Apr-19,13:54:30
26-Apr-19,13:54:31
26-Apr-19,13:54:31
26-Apr-19,13:54:35
26-Apr-19,13:54:36
26-Apr-19,13:54:36
26-Apr-19,13:54:40
26-Apr-19,13:54:41
26-Apr-19,13:54:41
26-Apr-19,13:54:45
26-Apr-19,13:54:46
26-Apr-19,13:54:46
26-Apr-19,13:54:50
26-Apr-19,13:54:51
26-Apr-19,13:54:51
26-Apr-19,13:54:56
26-Apr-19,13:54:56
26-Apr-19,13:55:00
26-Apr-19,13:55:01
26-Apr-19,13:55:01
26-Apr-19,13:55:05
26-Apr-19,13:55:06
26-Apr-19,13:55:06
26-Apr-19,13:55:10
26-Apr-19,13:55:11
26-Apr-19,13:55:11
26-Apr-19,13:55:20
26-Apr-19,13:55:21
26-Apr-19,13:55:21
26-Apr-19,13:55:25
26-Apr-19,13:55:26
26-Apr-19,13:55:26
26-Apr-19,13:55:30
26-Apr-19,13:55:31
26-Apr-19,13:55:31
26-Apr-19,13:55:35
26-Apr-19,13:55:40
26-Apr-19,13:55:41
26-Apr-19,13:55:41
26-Apr-19,13:55:45
26-Apr-19,13:55:46
26-Apr-19,13:55:46
26-Apr-19,13:55:50
26-Apr-19,13:55:51
26-Apr-19,13:55:51
26-Apr-19,13:55:55
26-Apr-19,13:55:56
26-Apr-19,13:55:56
26-Apr-19,13:56:00
26-Apr-19,13:56:01
26-Apr-19,13:56:01
26-Apr-19,13:56:05
26-Apr-19,13:56:06
26-Apr-19,13:56:06
26-Apr-19,13:56:10
26-Apr-19,13:56:11
26-Apr-19,13:56:11
26-Apr-19,13:56:16
26-Apr-19,13:56:16
26-Apr-19,13:56:20
26-Apr-19,13:56:21
26-Apr-19,13:56:21
26-Apr-19,13:56:25
26-Apr-19,13:56:26
26-Apr-19,13:56:26
26-Apr-19,13:56:30
26-Apr-19,13:56:31
26-Apr-19,13:56:31
26-Apr-19,13:56:35
26-Apr-19,13:56:36
26-Apr-19,13:56:36
26-Apr-19,13:56:40
26-Apr-19,13:56:41
26-Apr-19,13:56:41
26-Apr-19,13:56:45
26-Apr-19,13:56:46
26-Apr-19,13:56:46
26-Apr-19,13:56:50
26-Apr-19,13:56:51
26-Apr-19,13:56:51
26-Apr-19,13:56:55
26-Apr-19,13:56:56
26-Apr-19,13:56:56
26-Apr-19,13:57:00
26-Apr-19,13:57:01
26-Apr-19,13:57:01
26-Apr-19,13:57:05
26-Apr-19,13:57:06
26-Apr-19,13:57:06
26-Apr-19,13:57:10
26-Apr-19,13:57:11
26-Apr-19,13:57:11
26-Apr-19,13:57:20
26-Apr-19,13:57:21
26-Apr-19,13:57:21
26-Apr-19,13:57:25
26-Apr-19,13:57:26
26-Apr-19,13:57:26
26-Apr-19,13:57:30
26-Apr-19,13:57:31
26-Apr-19,13:57:31
26-Apr-19,13:57:35
26-Apr-19,13:57:36
26-Apr-19,13:57:36
26-Apr-19,13:57:40
26-Apr-19,13:57:41
26-Apr-19,13:57:41
26-Apr-19,13:57:45
26-Apr-19,13:57:46
26-Apr-19,13:57:46
26-Apr-19,13:57:50
26-Apr-19,13:57:51
26-Apr-19,13:57:51
26-Apr-19,13:57:55
26-Apr-19,13:57:56
26-Apr-19,13:57:56
26-Apr-19,13:58:00
26-Apr-19,13:58:05
26-Apr-19,13:58:10
26-Apr-19,13:58:11
26-Apr-19,13:58:11
26-Apr-19,13:58:20
26-Apr-19,13:58:21
26-Apr-19,13:58:21
26-Apr-19,13:58:25
26-Apr-19,13:58:26
26-Apr-19,13:58:26
26-Apr-19,13:58:30
26-Apr-19,13:58:31
26-Apr-19,13:58:31
26-Apr-19,13:58:35
26-Apr-19,13:58:36
26-Apr-19,13:58:36
26-Apr-19,13:58:40
26-Apr-19,13:58:41
26-Apr-19,13:58:41
26-Apr-19,13:58:45
26-Apr-19,13:58:46
26-Apr-19,13:58:46
26-Apr-19,13:58:50
26-Apr-19,13:58:51
26-Apr-19,13:58:51
26-Apr-19,13:58:55
26-Apr-19,13:58:56
26-Apr-19,13:58:56
26-Apr-19,13:59:00
26-Apr-19,13:59:01
26-Apr-19,13:59:01
26-Apr-19,13:59:05
26-Apr-19,13:59:06
26-Apr-19,13:59:06
26-Apr-19,13:59:10
26-Apr-19,13:59:11
26-Apr-19,13:59:11
26-Apr-19,13:59:16
26-Apr-19,13:59:16
26-Apr-19,13:59:20
26-Apr-19,13:59:21
26-Apr-19,13:59:21
26-Apr-19,13:59:25
26-Apr-19,13:59:26
26-Apr-19,13:59:26
26-Apr-19,13:59:30
26-Apr-19,13:59:31
26-Apr-19,13:59:31
26-Apr-19,13:59:35
26-Apr-19,13:59:36
26-Apr-19,13:59:36
26-Apr-19,13:59:40
26-Apr-19,13:59:41
26-Apr-19,13:59:41
26-Apr-19,13:59:45
26-Apr-19,13:59:46
26-Apr-19,13:59:46
26-Apr-19,13:59:50
26-Apr-19,13:59:51
26-Apr-19,13:59:51
26-Apr-19,13:59:55
26-Apr-19,13:59:56
26-Apr-19,13:59:56
26-Apr-19,14:00:00
26-Apr-19,14:00:01
26-Apr-19,14:00:01
26-Apr-19,14:00:05
26-Apr-19,14:00:06
26-Apr-19,14:00:06
26-Apr-19,14:00:10
26-Apr-19,14:00:11
26-Apr-19,14:00:11
26-Apr-19,14:00:20
26-Apr-19,14:00:21
26-Apr-19,14:00:21
26-Apr-19,14:00:25
26-Apr-19,14:00:26
26-Apr-19,14:00:26
26-Apr-19,14:00:30
26-Apr-19,14:00:31
26-Apr-19,14:00:31
26-Apr-19,14:00:36
26-Apr-19,14:00:36
26-Apr-19,14:00:40
26-Apr-19,14:00:41
26-Apr-19,14:00:41
26-Apr-19,14:00:45
26-Apr-19,14:00:46
26-Apr-19,14:00:46
26-Apr-19,14:00:50
26-Apr-19,14:00:51
26-Apr-19,14:00:51
26-Apr-19,14:00:55
26-Apr-19,14:00:56
26-Apr-19,14:00:56
26-Apr-19,14:01:00
26-Apr-19,14:01:01
26-Apr-19,14:01:01
26-Apr-19,14:01:05
26-Apr-19,14:01:10
26-Apr-19,14:01:11
26-Apr-19,14:01:11
26-Apr-19,14:01:20
26-Apr-19,14:01:21
26-Apr-19,14:01:21
26-Apr-19,14:01:25
26-Apr-19,14:01:26
26-Apr-19,14:01:26
26-Apr-19,14:01:30
26-Apr-19,14:01:31
26-Apr-19,14:01:31
26-Apr-19,14:01:36
26-Apr-19,14:01:36
26-Apr-19,14:01:40
26-Apr-19,14:01:45
26-Apr-19,14:01:46
26-Apr-19,14:01:46
26-Apr-19,14:01:50
26-Apr-19,14:01:51
26-Apr-19,14:01:51
26-Apr-19,14:01:55
26-Apr-19,14:01:56
26-Apr-19,14:01:56
26-Apr-19,14:02:00
26-Apr-19,14:02:01
26-Apr-19,14:02:01
26-Apr-19,14:02:05
26-Apr-19,14:02:06
26-Apr-19,14:02:06
26-Apr-19,14:02:10
26-Apr-19,14:02:11
26-Apr-19,14:02:11
26-Apr-19,14:02:20
26-Apr-19,14:02:21
26-Apr-19,14:02:21
26-Apr-19,14:02:25
26-Apr-19,14:02:26
26-Apr-19,14:02:26
26-Apr-19,14:02:30
26-Apr-19,14:02:31
26-Apr-19,14:02:31
26-Apr-19,14:02:36
26-Apr-19,14:02:36
26-Apr-19,14:02:40
26-Apr-19,14:02:41
26-Apr-19,14:02:41
26-Apr-19,14:02:45
26-Apr-19,14:02:46
26-Apr-19,14:02:46
26-Apr-19,14:02:50
26-Apr-19,14:02:51
26-Apr-19,14:02:51
26-Apr-19,14:02:55
26-Apr-19,14:02:56
26-Apr-19,14:02:56
26-Apr-19,14:03:00
26-Apr-19,14:03:01
26-Apr-19,14:03:01
26-Apr-19,14:03:05
26-Apr-19,14:03:06
26-Apr-19,14:03:06
26-Apr-19,14:03:10
26-Apr-19,14:03:11
26-Apr-19,14:03:11
26-Apr-19,14:03:16
26-Apr-19,14:03:16
26-Apr-19,14:03:20
26-Apr-19,14:03:21
26-Apr-19,14:03:21
26-Apr-19,14:03:25
26-Apr-19,14:03:26
26-Apr-19,14:03:26
26-Apr-19,14:03:30
26-Apr-19,14:03:31
26-Apr-19,14:03:31
26-Apr-19,14:03:35
26-Apr-19,14:03:36
26-Apr-19,14:03:36
26-Apr-19,14:03:40
26-Apr-19,14:03:41
26-Apr-19,14:03:41
26-Apr-19,14:03:45
26-Apr-19,14:03:46
26-Apr-19,14:03:46
26-Apr-19,14:03:50
26-Apr-19,14:03:55
26-Apr-19,14:04:00
26-Apr-19,14:04:01
26-Apr-19,14:04:01
26-Apr-19,14:04:05
26-Apr-19,14:04:06
26-Apr-19,14:04:06
26-Apr-19,14:04:10
26-Apr-19,14:04:11
26-Apr-19,14:04:11
26-Apr-19,14:04:20
26-Apr-19,14:04:21
26-Apr-19,14:04:21
26-Apr-19,14:04:25
26-Apr-19,14:04:26
26-Apr-19,14:04:26
26-Apr-19,14:04:30
26-Apr-19,14:04:31
26-Apr-19,14:04:31
26-Apr-19,14:04:35
26-Apr-19,14:04:36
26-Apr-19,14:04:36
26-Apr-19,14:04:40
26-Apr-19,14:04:41
26-Apr-19,14:04:41
26-Apr-19,14:04:45
26-Apr-19,14:04:46
26-Apr-19,14:04:46
26-Apr-19,14:04:50
26-Apr-19,14:04:51
26-Apr-19,14:04:51
26-Apr-19,14:04:55
26-Apr-19,14:04:56
26-Apr-19,14:04:56
26-Apr-19,14:05:00
26-Apr-19,14:05:01
26-Apr-19,14:05:01
26-Apr-19,14:05:05
26-Apr-19,14:05:06
26-Apr-19,14:05:06
26-Apr-19,14:05:10
26-Apr-19,14:05:11
26-Apr-19,14:05:11
26-Apr-19,14:05:16
26-Apr-19,14:05:16
26-Apr-19,14:05:20
26-Apr-19,14:05:21
26-Apr-19,14:05:21
26-Apr-19,14:05:25
26-Apr-19,14:05:26
26-Apr-19,14:05:26
26-Apr-19,14:05:30
26-Apr-19,14:05:31
26-Apr-19,14:05:31
26-Apr-19,14:05:35
26-Apr-19,14:05:36
26-Apr-19,14:05:36
26-Apr-19,14:05:40
26-Apr-19,14:05:41
26-Apr-19,14:05:41
26-Apr-19,14:05:45
26-Apr-19,14:05:46
26-Apr-19,14:05:46
26-Apr-19,14:05:50
26-Apr-19,14:05:51
26-Apr-19,14:05:51
26-Apr-19,14:05:55
26-Apr-19,14:05:56
26-Apr-19,14:05:56
26-Apr-19,14:06:00
26-Apr-19,14:06:01
26-Apr-19,14:06:01
26-Apr-19,14:06:05
26-Apr-19,14:06:06
26-Apr-19,14:06:06
26-Apr-19,14:06:10
26-Apr-19,14:06:11
26-Apr-19,14:06:11
26-Apr-19,14:06:20
26-Apr-19,14:06:21
26-Apr-19,14:06:21
26-Apr-19,14:06:25
26-Apr-19,14:06:26
26-Apr-19,14:06:26
26-Apr-19,14:06:30
26-Apr-19,14:06:31
26-Apr-19,14:06:31
26-Apr-19,14:06:35
26-Apr-19,14:06:36
26-Apr-19,14:06:36
26-Apr-19,14:06:40
26-Apr-19,14:06:41
26-Apr-19,14:06:41
26-Apr-19,14:06:45
26-Apr-19,14:06:46
26-Apr-19,14:06:46
26-Apr-19,14:06:50
26-Apr-19,14:06:51
26-Apr-19,14:06:51
26-Apr-19,14:06:55
26-Apr-19,14:06:56
26-Apr-19,14:06:56
26-Apr-19,14:07:00
26-Apr-19,14:07:01
26-Apr-19,14:07:01
26-Apr-19,14:07:05
26-Apr-19,14:07:06
26-Apr-19,14:07:06
26-Apr-19,14:07:10
26-Apr-19,14:07:11
26-Apr-19,14:07:11
26-Apr-19,14:07:15
26-Apr-19,14:07:16
26-Apr-19,14:07:16
26-Apr-19,14:07:20
26-Apr-19,14:07:21
26-Apr-19,14:07:21
26-Apr-19,14:07:25
26-Apr-19,14:07:26
26-Apr-19,14:07:26
26-Apr-19,14:07:30
26-Apr-19,14:07:31
26-Apr-19,14:07:31
26-Apr-19,14:07:35
26-Apr-19,14:07:36
26-Apr-19,14:07:36
26-Apr-19,14:07:40
26-Apr-19,14:07:41
26-Apr-19,14:07:41
26-Apr-19,14:07:45
26-Apr-19,14:07:46
26-Apr-19,14:07:46
26-Apr-19,14:07:50
26-Apr-19,14:07:51
26-Apr-19,14:07:51
26-Apr-19,14:07:55
26-Apr-19,14:07:56
26-Apr-19,14:07:56
26-Apr-19,14:08:01
26-Apr-19,14:08:02
26-Apr-19,14:08:05
26-Apr-19,14:08:06
26-Apr-19,14:08:07
26-Apr-19,14:08:10
26-Apr-19,14:08:11
26-Apr-19,14:08:16
26-Apr-19,14:08:20
26-Apr-19,14:08:21
26-Apr-19,14:08:22
26-Apr-19,14:08:25
26-Apr-19,14:08:26
26-Apr-19,14:08:27
26-Apr-19,14:08:30
26-Apr-19,14:08:31
26-Apr-19,14:08:32
26-Apr-19,14:08:36
26-Apr-19,14:08:36
26-Apr-19,14:08:37
26-Apr-19,14:08:41
26-Apr-19,14:08:41
26-Apr-19,14:08:42
26-Apr-19,14:08:46
26-Apr-19,14:08:46
26-Apr-19,14:08:47
26-Apr-19,14:08:51
26-Apr-19,14:08:51
26-Apr-19,14:08:52
26-Apr-19,14:08:56
26-Apr-19,14:08:56
26-Apr-19,14:08:57
26-Apr-19,14:09:01
26-Apr-19,14:09:01
26-Apr-19,14:09:02
26-Apr-19,14:09:06
26-Apr-19,14:09:06
26-Apr-19,14:09:07
26-Apr-19,14:09:11
26-Apr-19,14:09:11
26-Apr-19,14:09:16
26-Apr-19,14:09:16
26-Apr-19,14:09:21
26-Apr-19,14:09:21
26-Apr-19,14:09:22
26-Apr-19,14:09:26
26-Apr-19,14:09:26
26-Apr-19,14:09:27
26-Apr-19,14:09:31
26-Apr-19,14:09:31
26-Apr-19,14:09:32
26-Apr-19,14:09:36
26-Apr-19,14:09:36
26-Apr-19,14:09:37
26-Apr-19,14:09:41
26-Apr-19,14:09:41
26-Apr-19,14:09:42
26-Apr-19,14:09:46
26-Apr-19,14:09:46
26-Apr-19,14:09:47
26-Apr-19,14:09:51
26-Apr-19,14:09:51
26-Apr-19,14:09:56
26-Apr-19,14:09:56
26-Apr-19,14:09:57
26-Apr-19,14:10:01
26-Apr-19,14:10:01
26-Apr-19,14:10:02
26-Apr-19,14:10:06
26-Apr-19,14:10:06
26-Apr-19,14:10:07
26-Apr-19,14:10:11
26-Apr-19,14:10:11
26-Apr-19,14:10:17
26-Apr-19,14:10:21
26-Apr-19,14:10:21
26-Apr-19,14:10:22
26-Apr-19,14:10:26
26-Apr-19,14:10:26
26-Apr-19,14:10:27
26-Apr-19,14:10:31
26-Apr-19,14:10:31
26-Apr-19,14:10:32
26-Apr-19,14:10:36
26-Apr-19,14:10:36
26-Apr-19,14:10:37
26-Apr-19,14:10:41
26-Apr-19,14:10:41
26-Apr-19,14:10:42
26-Apr-19,14:10:46
26-Apr-19,14:10:46
28-Apr-19, 03:54:29 
28-Apr-19, 03:54:34 
28-Apr-19, 03:54:39 
28-Apr-19, 03:54:44 
28-Apr-19, 03:54:49 
28-Apr-19, 03:54:54 
28-Apr-19, 03:55:09 
28-Apr-19, 03:55:14 
28-Apr-19, 03:55:19 
28-Apr-19, 03:55:24 
28-Apr-19, 03:55:29 
28-Apr-19, 03:55:34 
28-Apr-19, 03:55:39 
28-Apr-19, 03:55:44 
28-Apr-19, 03:55:49 
28-Apr-19, 03:55:54 
28-Apr-19, 03:56:04 
28-Apr-19, 03:56:09 
28-Apr-19, 03:56:14 
28-Apr-19, 03:56:19 
28-Apr-19, 03:56:24 
28-Apr-19, 03:56:29 
28-Apr-19, 03:56:39 
28-Apr-19, 03:56:44 
28-Apr-19, 03:56:49 
28-Apr-19, 03:56:54 
28-Apr-19, 03:57:04 
28-Apr-19, 03:57:09 
28-Apr-19, 03:57:14 
28-Apr-19, 03:57:19 
28-Apr-19, 03:57:24 
28-Apr-19, 03:57:29 
28-Apr-19, 03:57:34 
28-Apr-19, 03:57:39 
28-Apr-19, 03:57:49 
28-Apr-19, 03:57:54 
28-Apr-19, 03:58:04 
28-Apr-19, 03:58:09 
28-Apr-19, 03:58:14 
28-Apr-19, 03:58:19 
28-Apr-19, 03:58:24 
28-Apr-19, 03:58:29 
28-Apr-19, 03:58:34 
28-Apr-19, 03:58:39 
28-Apr-19, 03:58:44 
28-Apr-19, 03:58:49 
28-Apr-19, 03:59:04 
28-Apr-19, 03:59:09 
28-Apr-19, 03:59:14 
28-Apr-19, 03:59:19 
28-Apr-19, 03:59:24 
28-Apr-19, 03:59:29 
28-Apr-19, 03:59:34 
28-Apr-19, 03:59:39 
28-Apr-19, 03:59:44 
28-Apr-19, 03:59:54 
28-Apr-19, 04:00:04 
28-Apr-19, 04:00:09 
28-Apr-19, 04:00:14 
28-Apr-19, 04:00:19 
28-Apr-19, 04:00:24 
28-Apr-19, 04:00:29 
28-Apr-19, 04:00:34 
28-Apr-19, 04:00:39 
28-Apr-19, 04:00:44 
28-Apr-19, 04:00:49 
28-Apr-19, 04:00:54 
28-Apr-19, 04:01:04 
28-Apr-19, 04:01:09 
28-Apr-19, 04:01:14 
28-Apr-19, 04:01:19 
28-Apr-19, 04:01:24 
28-Apr-19, 04:01:29 
28-Apr-19, 04:01:34 
28-Apr-19, 04:01:39 
28-Apr-19, 04:01:44 
28-Apr-19, 04:01:49 
28-Apr-19, 04:01:54 
28-Apr-19, 04:02:04 
28-Apr-19, 04:02:09 
28-Apr-19, 04:02:14 
28-Apr-19, 04:02:24 
28-Apr-19, 04:02:29 
28-Apr-19, 04:02:34 
28-Apr-19, 04:02:39 
28-Apr-19, 04:02:44 
28-Apr-19, 04:02:49 
28-Apr-19, 04:02:54 
28-Apr-19, 04:03:04 
28-Apr-19, 04:03:09 
28-Apr-19, 04:03:14 
28-Apr-19, 04:03:19 
28-Apr-19, 04:03:24 
28-Apr-19, 04:03:29 
28-Apr-19, 04:03:34 
28-Apr-19, 04:03:39 
28-Apr-19, 04:03:44 
28-Apr-19, 04:03:49 
28-Apr-19, 04:03:54 
28-Apr-19, 04:04:09 
28-Apr-19, 04:04:14 
28-Apr-19, 04:04:24 
28-Apr-19, 04:04:29 
28-Apr-19, 04:04:34 
28-Apr-19, 04:04:39 
28-Apr-19, 04:04:44 
28-Apr-19, 04:04:49 
28-Apr-19, 04:04:54 
28-Apr-19, 04:05:04 
28-Apr-19, 04:05:09 
28-Apr-19, 04:05:14 
28-Apr-19, 04:05:19 
28-Apr-19, 04:05:24 
28-Apr-19, 04:05:29 
28-Apr-19, 04:05:39 
28-Apr-19, 04:05:44 
28-Apr-19, 04:05:54 
28-Apr-19, 04:06:09 
28-Apr-19, 04:06:14 
28-Apr-19, 04:06:19 
28-Apr-19, 04:06:24 
28-Apr-19, 04:06:29 
28-Apr-19, 04:06:32 
28-Apr-19, 04:06:34 
28-Apr-19, 04:06:37 
28-Apr-19, 04:06:39 
28-Apr-19, 04:06:42 
28-Apr-19, 04:06:44 
28-Apr-19, 04:06:47 
28-Apr-19, 04:06:49 
28-Apr-19, 04:06:52 
28-Apr-19, 04:06:54 
28-Apr-19, 04:07:07 
28-Apr-19, 04:07:09 
28-Apr-19, 04:07:12 
28-Apr-19, 04:07:14 
28-Apr-19, 04:07:17 
28-Apr-19, 04:07:19 
28-Apr-19, 04:07:24 
28-Apr-19, 04:07:27 
28-Apr-19, 04:07:29 
28-Apr-19, 04:07:32 
28-Apr-19, 04:07:34 
28-Apr-19, 04:07:37 
28-Apr-19, 04:07:39 
28-Apr-19, 04:07:42 
28-Apr-19, 04:07:44 
28-Apr-19, 04:07:47 
28-Apr-19, 04:07:52 
28-Apr-19, 04:07:54 
28-Apr-19, 04:08:04 
28-Apr-19, 04:08:07 
28-Apr-19, 04:08:09 
28-Apr-19, 04:08:12 
28-Apr-19, 04:08:14 
28-Apr-19, 04:08:17 
28-Apr-19, 04:08:19 
28-Apr-19, 04:08:24 
28-Apr-19, 04:08:27 
28-Apr-19, 04:08:29 
28-Apr-19, 04:08:32 
28-Apr-19, 04:08:37 
28-Apr-19, 04:08:42 
28-Apr-19, 04:08:44 
28-Apr-19, 04:08:47 
28-Apr-19, 04:08:49 
28-Apr-19, 04:08:52 
28-Apr-19, 04:08:54 
28-Apr-19, 04:09:04 
28-Apr-19, 04:09:09 
28-Apr-19, 04:09:12 
28-Apr-19, 04:09:14 
28-Apr-19, 04:09:17 
28-Apr-19, 04:09:19 
28-Apr-19, 04:09:22 
28-Apr-19, 04:09:24 
28-Apr-19, 04:09:27 
28-Apr-19, 04:09:29 
28-Apr-19, 04:09:32 
28-Apr-19, 04:09:34 
28-Apr-19, 04:09:37 
28-Apr-19, 04:09:39 
28-Apr-19, 04:09:42 
28-Apr-19, 04:09:44 
28-Apr-19, 04:09:47 
28-Apr-19, 04:09:49 
28-Apr-19, 04:09:52 
28-Apr-19, 04:09:54 
28-Apr-19, 04:10:02 
28-Apr-19, 04:10:04 
28-Apr-19, 04:10:07 
28-Apr-19, 04:10:09 
28-Apr-19, 04:10:12 
28-Apr-19, 04:10:14 
28-Apr-19, 04:10:17 
28-Apr-19, 04:10:19 
28-Apr-19, 04:10:22 
28-Apr-19, 04:10:24 
28-Apr-19, 04:10:27 
28-Apr-19, 04:10:29 
28-Apr-19, 04:10:32 
28-Apr-19, 04:10:34 
28-Apr-19, 04:10:37 
28-Apr-19, 04:10:42 
28-Apr-19, 04:10:44 
28-Apr-19, 04:10:47 
28-Apr-19, 04:10:49 
28-Apr-19, 04:10:54 
28-Apr-19, 04:11:04 
28-Apr-19, 04:11:07 
28-Apr-19, 04:11:09 
28-Apr-19, 04:11:12 
28-Apr-19, 04:11:14 
28-Apr-19, 04:11:17 
28-Apr-19, 04:11:19 
28-Apr-19, 04:11:24 
28-Apr-19, 04:11:27 
28-Apr-19, 04:11:34 
28-Apr-19, 04:11:37 
28-Apr-19, 04:11:39 
28-Apr-19, 04:11:42 
28-Apr-19, 04:11:44 
28-Apr-19, 04:11:47 
28-Apr-19, 04:11:49 
28-Apr-19, 04:11:52 
28-Apr-19, 04:11:54 
28-Apr-19, 04:12:04 
28-Apr-19, 04:12:07 
28-Apr-19, 04:12:09 
28-Apr-19, 04:12:12 
28-Apr-19, 04:12:14 
28-Apr-19, 04:12:17 
28-Apr-19, 04:12:19 
28-Apr-19, 04:12:22 
28-Apr-19, 04:12:27 
28-Apr-19, 04:12:29 
28-Apr-19, 04:12:32 
28-Apr-19, 04:12:34 
28-Apr-19, 04:12:39 
28-Apr-19, 04:12:42 
28-Apr-19, 04:12:44 
28-Apr-19, 04:12:47 
28-Apr-19, 04:12:49 
28-Apr-19, 04:12:52 
28-Apr-19, 04:12:54 
28-Apr-19, 04:13:02 
28-Apr-19, 04:13:04 
28-Apr-19, 04:13:07 
28-Apr-19, 04:13:09 
28-Apr-19, 04:13:12 
28-Apr-19, 04:13:14 
28-Apr-19, 04:13:17 
28-Apr-19, 04:13:19 
28-Apr-19, 04:13:22 
28-Apr-19, 04:13:24 
28-Apr-19, 04:13:27 
28-Apr-19, 04:13:29 
28-Apr-19, 04:13:34 
28-Apr-19, 04:13:37 
28-Apr-19, 04:13:42 
28-Apr-19, 04:13:44 
28-Apr-19, 04:13:47 
28-Apr-19, 04:13:49 
28-Apr-19, 04:13:52 
28-Apr-19, 04:13:54 
28-Apr-19, 04:14:04 
28-Apr-19, 04:14:07 
28-Apr-19, 04:14:12 
28-Apr-19, 04:14:14 
28-Apr-19, 04:14:17 
28-Apr-19, 04:14:19 
28-Apr-19, 04:14:22 
28-Apr-19, 04:14:24 
28-Apr-19, 04:14:29 
28-Apr-19, 04:14:32 
28-Apr-19, 04:14:34 
28-Apr-19, 04:14:37 
28-Apr-19, 04:14:39 
28-Apr-19, 04:14:42 
28-Apr-19, 04:14:44 
28-Apr-19, 04:14:47 
28-Apr-19, 04:14:49 
28-Apr-19, 04:14:52 
28-Apr-19, 04:14:54 
28-Apr-19, 04:15:02 
28-Apr-19, 04:15:05 
28-Apr-19, 04:15:07 
28-Apr-19, 04:15:10 
28-Apr-19, 04:15:13 
28-Apr-19, 04:15:15 
28-Apr-19, 04:15:18 
28-Apr-19, 04:15:20 
28-Apr-19, 04:15:23 
28-Apr-19, 04:15:25 
28-Apr-19, 04:15:28 
28-Apr-19, 04:15:30 
28-Apr-19, 04:15:33 
28-Apr-19, 04:15:35 
28-Apr-19, 04:15:38 
28-Apr-19, 04:15:40 
28-Apr-19, 04:15:43 
28-Apr-19, 04:15:45 
28-Apr-19, 04:15:48 
28-Apr-19, 04:15:50 
28-Apr-19, 04:15:53 
28-Apr-19, 04:16:05 
28-Apr-19, 04:16:08 
28-Apr-19, 04:16:10 
28-Apr-19, 04:16:13 
28-Apr-19, 04:16:15 
28-Apr-19, 04:16:18 
28-Apr-19, 04:16:20 
28-Apr-19, 04:16:23 
28-Apr-19, 04:16:25 
28-Apr-19, 04:16:28 
28-Apr-19, 04:16:30 
28-Apr-19, 04:16:33 
28-Apr-19, 04:16:35 
28-Apr-19, 04:16:40 
28-Apr-19, 04:16:43 
28-Apr-19, 04:16:45 
28-Apr-19, 04:16:50 
28-Apr-19, 04:16:53 
28-Apr-19, 04:16:55 
28-Apr-19, 04:17:03 
28-Apr-19, 04:17:05 
28-Apr-19, 04:17:08 
28-Apr-19, 04:17:10 
28-Apr-19, 04:17:13 
28-Apr-19, 04:17:15 
28-Apr-19, 04:17:18 
28-Apr-19, 04:17:20 
28-Apr-19, 04:17:25 
28-Apr-19, 04:17:28 
28-Apr-19, 04:17:30 
28-Apr-19, 04:17:33 
28-Apr-19, 04:17:35 
28-Apr-19, 04:17:38 
28-Apr-19, 04:17:45 
28-Apr-19, 04:17:48 
28-Apr-19, 04:17:50 
28-Apr-19, 04:17:53 
28-Apr-19, 04:17:55 
28-Apr-19, 04:18:05 
28-Apr-19, 04:18:10 
28-Apr-19, 04:18:13 
28-Apr-19, 04:18:15 
28-Apr-19, 04:18:18 
28-Apr-19, 04:18:20 
28-Apr-19, 04:18:23 
28-Apr-19, 04:18:25 
28-Apr-19, 04:18:28 
28-Apr-19, 04:18:30 
28-Apr-19, 04:18:33 
28-Apr-19, 04:18:35 
28-Apr-19, 04:18:38 
28-Apr-19, 04:18:40 
28-Apr-19, 04:18:43 
28-Apr-19, 04:18:45 
28-Apr-19, 04:18:48 
28-Apr-19, 04:18:50 
28-Apr-19, 04:18:53 
28-Apr-19, 04:18:55 
28-Apr-19, 04:19:03 
28-Apr-19, 04:19:05 
28-Apr-19, 04:19:08 
28-Apr-19, 04:19:10 
28-Apr-19, 04:19:13 
28-Apr-19, 04:19:15 
28-Apr-19, 04:19:18 
28-Apr-19, 04:19:20 
28-Apr-19, 04:19:23 
28-Apr-19, 04:19:25 
28-Apr-19, 04:19:28 
28-Apr-19, 04:19:30 
28-Apr-19, 04:19:33 
28-Apr-19, 04:19:35 
28-Apr-19, 04:19:38 
28-Apr-19, 04:19:40 
28-Apr-19, 04:19:43 
28-Apr-19, 04:19:45 
28-Apr-19, 04:19:48 
28-Apr-19, 04:19:50 
28-Apr-19, 04:19:53 
28-Apr-19, 04:20:03 
28-Apr-19, 04:20:05 
28-Apr-19, 04:20:08 
28-Apr-19, 04:20:10 
28-Apr-19, 04:20:13 
28-Apr-19, 04:20:15 
28-Apr-19, 04:20:18 
28-Apr-19, 04:20:20 
28-Apr-19, 04:20:23 
28-Apr-19, 04:20:25 
28-Apr-19, 04:20:28 
28-Apr-19, 04:20:33 
28-Apr-19, 04:20:35 
28-Apr-19, 04:20:38 
28-Apr-19, 04:20:40 
28-Apr-19, 04:20:45 
28-Apr-19, 04:20:48 
28-Apr-19, 04:20:50 
28-Apr-19, 04:20:53 
28-Apr-19, 04:20:55 
28-Apr-19, 04:21:00 
28-Apr-19, 04:21:03 
28-Apr-19, 04:21:05 
28-Apr-19, 04:21:08 
28-Apr-19, 04:21:10 
28-Apr-19, 04:21:13 
28-Apr-19, 04:21:15 
28-Apr-19, 04:21:18 
28-Apr-19, 04:21:20 
28-Apr-19, 04:21:23 
28-Apr-19, 04:21:28 
28-Apr-19, 04:21:30 
28-Apr-19, 04:21:35 
28-Apr-19, 04:21:38 
28-Apr-19, 04:21:40 
28-Apr-19, 04:21:43 
28-Apr-19, 04:21:45 
28-Apr-19, 04:21:48 
28-Apr-19, 04:21:50 
28-Apr-19, 04:21:53 
28-Apr-19, 04:21:55 
28-Apr-19, 04:22:03 
28-Apr-19, 04:22:05 
28-Apr-19, 04:22:10 
28-Apr-19, 04:22:13 
28-Apr-19, 04:22:18 
28-Apr-19, 04:22:20 
28-Apr-19, 04:22:23 
28-Apr-19, 04:22:25 
28-Apr-19, 04:22:30 
28-Apr-19, 04:22:33 
28-Apr-19, 04:22:38 
28-Apr-19, 04:22:40 
28-Apr-19, 04:22:43 
28-Apr-19, 04:22:45 
28-Apr-19, 04:22:48 
28-Apr-19, 04:22:50 
28-Apr-19, 04:22:53 
28-Apr-19, 04:22:55 
28-Apr-19, 04:23:00 
28-Apr-19, 04:23:03 
28-Apr-19, 04:23:05 
28-Apr-19, 04:23:08 
28-Apr-19, 04:23:10 
28-Apr-19, 04:23:13 
28-Apr-19, 04:23:15 
28-Apr-19, 04:23:18 
28-Apr-19, 04:23:20 
28-Apr-19, 04:23:23 
28-Apr-19, 04:23:25 
28-Apr-19, 04:23:28 
28-Apr-19, 04:23:30 
28-Apr-19, 04:23:33 
28-Apr-19, 04:23:35 
28-Apr-19, 04:23:38 
28-Apr-19, 04:23:40 
28-Apr-19, 04:23:43 
28-Apr-19, 04:23:48 
28-Apr-19, 04:23:50 
28-Apr-19, 04:23:53 
28-Apr-19, 04:23:55 
28-Apr-19, 04:24:03 
28-Apr-19, 04:24:05 
28-Apr-19, 04:24:06 
28-Apr-19, 04:24:08 
28-Apr-19, 04:24:10 
28-Apr-19, 04:24:11 
28-Apr-19, 04:24:13 
28-Apr-19, 04:24:15 
28-Apr-19, 04:24:16 
28-Apr-19, 04:24:18 
28-Apr-19, 04:24:20 
28-Apr-19, 04:24:21 
28-Apr-19, 04:24:23 
28-Apr-19, 04:24:25 
28-Apr-19, 04:24:26 
28-Apr-19, 04:24:28 
28-Apr-19, 04:24:30 
28-Apr-19, 04:24:31 
28-Apr-19, 04:24:33 
28-Apr-19, 04:24:35 
28-Apr-19, 04:24:36 
28-Apr-19, 04:24:38 
28-Apr-19, 04:24:40 
28-Apr-19, 04:24:41 
28-Apr-19, 04:24:48 
28-Apr-19, 04:24:50 
28-Apr-19, 04:24:51 
28-Apr-19, 04:24:53 
28-Apr-19, 04:24:55 
28-Apr-19, 04:25:01 
28-Apr-19, 04:25:03 
28-Apr-19, 04:25:05 
28-Apr-19, 04:25:08 
28-Apr-19, 04:25:10 
28-Apr-19, 04:25:13 
28-Apr-19, 04:25:15 
28-Apr-19, 04:25:16 
28-Apr-19, 04:25:18 
28-Apr-19, 04:25:20 
28-Apr-19, 04:25:21 
28-Apr-19, 04:25:23 
28-Apr-19, 04:25:25 
28-Apr-19, 04:25:26 
28-Apr-19, 04:25:30 
28-Apr-19, 04:25:31 
28-Apr-19, 04:25:33 
28-Apr-19, 04:25:35 
28-Apr-19, 04:25:36 
28-Apr-19, 04:25:38 
28-Apr-19, 04:25:40 
28-Apr-19, 04:25:41 
28-Apr-19, 04:25:43 
28-Apr-19, 04:25:48 
28-Apr-19, 04:25:50 
28-Apr-19, 04:25:51 
28-Apr-19, 04:25:53 
28-Apr-19, 04:25:55 
28-Apr-19, 04:26:05 
28-Apr-19, 04:26:06 
28-Apr-19, 04:26:08 
28-Apr-19, 04:26:10 
28-Apr-19, 04:26:11 
28-Apr-19, 04:26:15 
28-Apr-19, 04:26:16 
28-Apr-19, 04:26:18 
28-Apr-19, 04:26:20 
28-Apr-19, 04:26:21 
28-Apr-19, 04:26:23 
28-Apr-19, 04:26:25 
28-Apr-19, 04:26:26 
28-Apr-19, 04:26:28 
28-Apr-19, 04:26:30 
28-Apr-19, 04:26:31 
28-Apr-19, 04:26:33 
28-Apr-19, 04:26:35 
28-Apr-19, 04:26:36 
28-Apr-19, 04:26:38 
28-Apr-19, 04:26:40 
28-Apr-19, 04:26:41 
28-Apr-19, 04:26:43 
28-Apr-19, 04:26:45 
28-Apr-19, 04:26:46 
28-Apr-19, 04:26:48 
28-Apr-19, 04:26:50 
28-Apr-19, 04:26:51 
28-Apr-19, 04:26:53 
28-Apr-19, 04:26:55 
28-Apr-19, 04:27:01 
28-Apr-19, 04:27:03 
28-Apr-19, 04:27:05 
28-Apr-19, 04:27:06 
28-Apr-19, 04:27:08 
28-Apr-19, 04:27:10 
28-Apr-19, 04:27:11 
28-Apr-19, 04:27:13 
28-Apr-19, 04:27:15 
28-Apr-19, 04:27:16 
28-Apr-19, 04:27:20 
28-Apr-19, 04:27:21 
28-Apr-19, 04:27:25 
28-Apr-19, 04:27:26 
28-Apr-19, 04:27:28 
28-Apr-19, 04:27:30 
28-Apr-19, 04:27:33 
28-Apr-19, 04:27:35 
28-Apr-19, 04:27:36 
28-Apr-19, 04:27:38 
28-Apr-19, 04:27:40 
28-Apr-19, 04:27:41 
28-Apr-19, 04:27:43 
28-Apr-19, 04:27:45 
28-Apr-19, 04:27:46 
28-Apr-19, 04:27:48 
28-Apr-19, 04:27:50 
28-Apr-19, 04:27:51 
28-Apr-19, 04:27:53 
28-Apr-19, 04:27:55 
28-Apr-19, 04:28:01 
28-Apr-19, 04:28:03 
28-Apr-19, 04:28:05 
28-Apr-19, 04:28:06 
28-Apr-19, 04:28:08 
28-Apr-19, 04:28:10 
28-Apr-19, 04:28:11 
28-Apr-19, 04:28:15 
28-Apr-19, 04:28:16 
28-Apr-19, 04:28:18 
28-Apr-19, 04:28:20 
28-Apr-19, 04:28:21 
28-Apr-19, 04:28:23 
28-Apr-19, 04:28:25 
28-Apr-19, 04:28:26 
28-Apr-19, 04:28:28 
28-Apr-19, 04:28:30 
28-Apr-19, 04:28:31 
28-Apr-19, 04:28:33 
28-Apr-19, 04:28:35 
28-Apr-19, 04:28:36 
28-Apr-19, 04:28:38 
28-Apr-19, 04:28:40 
28-Apr-19, 04:28:41 
28-Apr-19, 04:28:43 
28-Apr-19, 04:28:45 
28-Apr-19, 04:28:46 
28-Apr-19, 04:28:48 
28-Apr-19, 04:28:50 
28-Apr-19, 04:28:51 
28-Apr-19, 04:28:55 
28-Apr-19, 04:29:05 
28-Apr-19, 04:29:06 
28-Apr-19, 04:29:08 
28-Apr-19, 04:29:10 
28-Apr-19, 04:29:11 
28-Apr-19, 04:29:13 
28-Apr-19, 04:29:15 
28-Apr-19, 04:29:16 
28-Apr-19, 04:29:18 
28-Apr-19, 04:29:20 
28-Apr-19, 04:29:21 
28-Apr-19, 04:29:23 
28-Apr-19, 04:29:25 
28-Apr-19, 04:29:26 
28-Apr-19, 04:29:28 
28-Apr-19, 04:29:30 
28-Apr-19, 04:29:31 
28-Apr-19, 04:29:33 
28-Apr-19, 04:29:35 
28-Apr-19, 04:29:36 
28-Apr-19, 04:29:38 
28-Apr-19, 04:29:40 
28-Apr-19, 04:29:41 
28-Apr-19, 04:29:45 
28-Apr-19, 04:29:46 
28-Apr-19, 04:29:48 
28-Apr-19, 04:29:50 
28-Apr-19, 04:29:51 
28-Apr-19, 04:29:53 
28-Apr-19, 04:29:55 
28-Apr-19, 04:30:00 
28-Apr-19, 04:30:01 
28-Apr-19, 04:30:05 
28-Apr-19, 04:30:06 
28-Apr-19, 04:30:08 
28-Apr-19, 04:30:10 
28-Apr-19, 04:30:11 
28-Apr-19, 04:30:13 
28-Apr-19, 04:30:15 
28-Apr-19, 04:30:16 
28-Apr-19, 04:30:18 
28-Apr-19, 04:30:20 
28-Apr-19, 04:30:21 
28-Apr-19, 04:30:23 
28-Apr-19, 04:30:25 
28-Apr-19, 04:30:26 
28-Apr-19, 04:30:28 
28-Apr-19, 04:30:30 
28-Apr-19, 04:30:31 
28-Apr-19, 04:30:33 
28-Apr-19, 04:30:36 
28-Apr-19, 04:30:38 
28-Apr-19, 04:30:40 
28-Apr-19, 04:30:41 
28-Apr-19, 04:30:43 
28-Apr-19, 04:30:45 
28-Apr-19, 04:30:46 
28-Apr-19, 04:30:50 
28-Apr-19, 04:30:51 
28-Apr-19, 04:30:53 
28-Apr-19, 04:30:55 
28-Apr-19, 04:30:58 
28-Apr-19, 04:31:03 
28-Apr-19, 04:31:05 
28-Apr-19, 04:31:06 
28-Apr-19, 04:31:08 
28-Apr-19, 04:31:10 
28-Apr-19, 04:31:11 
28-Apr-19, 04:31:13 
28-Apr-19, 04:31:15 
28-Apr-19, 04:31:16 
28-Apr-19, 04:31:18 
28-Apr-19, 04:31:20 
28-Apr-19, 04:31:21 
28-Apr-19, 04:31:23 
28-Apr-19, 04:31:25 
28-Apr-19, 04:31:26 
28-Apr-19, 04:31:28 
28-Apr-19, 04:31:30 
28-Apr-19, 04:31:31 
28-Apr-19, 04:31:33 
28-Apr-19, 04:31:35 
28-Apr-19, 04:31:36 
28-Apr-19, 04:31:38 
28-Apr-19, 04:31:40 
28-Apr-19, 04:31:41 
28-Apr-19, 04:31:43 
28-Apr-19, 04:31:45 
28-Apr-19, 04:31:46 
28-Apr-19, 04:31:48 
28-Apr-19, 04:31:50 
28-Apr-19, 04:31:51 
28-Apr-19, 04:31:53 
28-Apr-19, 04:31:55 
28-Apr-19, 04:32:01 
28-Apr-19, 04:32:03 
28-Apr-19, 04:32:05 
28-Apr-19, 04:32:06 
28-Apr-19, 04:32:08 
28-Apr-19, 04:32:10 
28-Apr-19, 04:32:11 
28-Apr-19, 04:32:13 
28-Apr-19, 04:32:15 
28-Apr-19, 04:32:16 
28-Apr-19, 04:32:18 
28-Apr-19, 04:32:23 
28-Apr-19, 04:32:25 
28-Apr-19, 04:32:26 
28-Apr-19, 04:32:28 
28-Apr-19, 04:32:30 
28-Apr-19, 04:32:31 
28-Apr-19, 04:32:35 
28-Apr-19, 04:32:36 
28-Apr-19, 04:32:38 
28-Apr-19, 04:32:40 
28-Apr-19, 04:32:41 
28-Apr-19, 04:32:43 
28-Apr-19, 04:32:45 
28-Apr-19, 04:32:46 
28-Apr-19, 04:32:48 
28-Apr-19, 04:32:50 
28-Apr-19, 04:32:51 
28-Apr-19, 04:32:53 
28-Apr-19, 04:32:55 
28-Apr-19, 04:33:00 
28-Apr-19, 04:33:03 
28-Apr-19, 04:33:05 
28-Apr-19, 04:33:06 
28-Apr-19, 04:33:08 
28-Apr-19, 04:33:10 
28-Apr-19, 04:33:11 
28-Apr-19, 04:33:13 
28-Apr-19, 04:33:15 
28-Apr-19, 04:33:16 
28-Apr-19, 04:33:18 
28-Apr-19, 04:33:21 
28-Apr-19, 04:33:23 
28-Apr-19, 04:33:25 
28-Apr-19, 04:33:26 
28-Apr-19, 04:33:28 
28-Apr-19, 04:33:30 
28-Apr-19, 04:33:31 
28-Apr-19, 04:33:33 
28-Apr-19, 04:33:35 
28-Apr-19, 04:33:36 
28-Apr-19, 04:33:38 
28-Apr-19, 04:33:40 
28-Apr-19, 04:33:41 
28-Apr-19, 04:33:43 
28-Apr-19, 04:33:45 
28-Apr-19, 04:33:46 
28-Apr-19, 04:33:48 
28-Apr-19, 04:33:50 
28-Apr-19, 04:33:51 
28-Apr-19, 04:33:53 
28-Apr-19, 04:33:54 
28-Apr-19, 04:33:55 
28-Apr-19, 04:34:01 
28-Apr-19, 04:34:03 
28-Apr-19, 04:34:04 
28-Apr-19, 04:34:08 
28-Apr-19, 04:34:09 
28-Apr-19, 04:34:10 
28-Apr-19, 04:34:11 
28-Apr-19, 04:34:13 
28-Apr-19, 04:34:14 
28-Apr-19, 04:34:15 
28-Apr-19, 04:34:16 
28-Apr-19, 04:34:18 
28-Apr-19, 04:34:19 
28-Apr-19, 04:34:21 
28-Apr-19, 04:34:23 
28-Apr-19, 04:34:24 
28-Apr-19, 04:34:25 
28-Apr-19, 04:34:26 
28-Apr-19, 04:34:28 
28-Apr-19, 04:34:29 
28-Apr-19, 04:34:30 
28-Apr-19, 04:34:31 
28-Apr-19, 04:34:33 
28-Apr-19, 04:34:34 
28-Apr-19, 04:34:35 
28-Apr-19, 04:34:38 
28-Apr-19, 04:34:39 
28-Apr-19, 04:34:40 
28-Apr-19, 04:34:41 
28-Apr-19, 04:34:43 
28-Apr-19, 04:34:44 
28-Apr-19, 04:34:45 
28-Apr-19, 04:34:46 
28-Apr-19, 04:34:48 
28-Apr-19, 04:34:49 
28-Apr-19, 04:34:50 
28-Apr-19, 04:34:51 
28-Apr-19, 04:34:53 
28-Apr-19, 04:34:54 
28-Apr-19, 04:34:55 
28-Apr-19, 04:35:03 
28-Apr-19, 04:35:04 
28-Apr-19, 04:35:05 
28-Apr-19, 04:35:06 
28-Apr-19, 04:35:08 
28-Apr-19, 04:35:09 
28-Apr-19, 04:35:10 
28-Apr-19, 04:35:11 
28-Apr-19, 04:35:13 
28-Apr-19, 04:35:14 
28-Apr-19, 04:35:15 
28-Apr-19, 04:35:18 
28-Apr-19, 04:35:19 
28-Apr-19, 04:35:20 
28-Apr-19, 04:35:21 
28-Apr-19, 04:35:23 
28-Apr-19, 04:35:24 
28-Apr-19, 04:35:25 
28-Apr-19, 04:35:26 
28-Apr-19, 04:35:28 
28-Apr-19, 04:35:29 
28-Apr-19, 04:35:30 
28-Apr-19, 04:35:31 
28-Apr-19, 04:35:33 
28-Apr-19, 04:35:34 
28-Apr-19, 04:35:35 
28-Apr-19, 04:35:39 
28-Apr-19, 04:35:40 
28-Apr-19, 04:35:41 
28-Apr-19, 04:35:43 
28-Apr-19, 04:35:44 
28-Apr-19, 04:35:45 
28-Apr-19, 04:35:46 
28-Apr-19, 04:35:48 
28-Apr-19, 04:35:49 
28-Apr-19, 04:35:53 
28-Apr-19, 04:35:54 
28-Apr-19, 04:35:55 
28-Apr-19, 04:36:00 
28-Apr-19, 04:36:01 
28-Apr-19, 04:36:03 
28-Apr-19, 04:36:04 
28-Apr-19, 04:36:05 
28-Apr-19, 04:36:06 
28-Apr-19, 04:36:08 
28-Apr-19, 04:36:09 
28-Apr-19, 04:36:10 
28-Apr-19, 04:36:11 
28-Apr-19, 04:36:13 
28-Apr-19, 04:36:14 
28-Apr-19, 04:36:15 
28-Apr-19, 04:36:16 
28-Apr-19, 04:36:18 
28-Apr-19, 04:36:19 
28-Apr-19, 04:36:20 
28-Apr-19, 04:36:21 
28-Apr-19, 04:36:23 
28-Apr-19, 04:36:24 
28-Apr-19, 04:36:25 
28-Apr-19, 04:36:26 
28-Apr-19, 04:36:28 
28-Apr-19, 04:36:29 
28-Apr-19, 04:36:30 
28-Apr-19, 04:36:31 
28-Apr-19, 04:36:33 
28-Apr-19, 04:36:34 
28-Apr-19, 04:36:35 
28-Apr-19, 04:36:36 
28-Apr-19, 04:36:38 
28-Apr-19, 04:36:39 
28-Apr-19, 04:36:40 
28-Apr-19, 04:36:41 
28-Apr-19, 04:36:44 
28-Apr-19, 04:36:45 
28-Apr-19, 04:36:46 
28-Apr-19, 04:36:48 
28-Apr-19, 04:36:49 
28-Apr-19, 04:36:50 
28-Apr-19, 04:36:51 
28-Apr-19, 04:36:53 
28-Apr-19, 04:36:54 
28-Apr-19, 04:36:55 
28-Apr-19, 04:36:58 
28-Apr-19, 04:37:03 
28-Apr-19, 04:37:04 
28-Apr-19, 04:37:05 
28-Apr-19, 04:37:06 
28-Apr-19, 04:37:08 
28-Apr-19, 04:37:10 
28-Apr-19, 04:37:11 
28-Apr-19, 04:37:13 
28-Apr-19, 04:37:15 
28-Apr-19, 04:37:16 
28-Apr-19, 04:37:18 
28-Apr-19, 04:37:19 
28-Apr-19, 04:37:20 
28-Apr-19, 04:37:21 
28-Apr-19, 04:37:24 
28-Apr-19, 04:37:25 
28-Apr-19, 04:37:28 
28-Apr-19, 04:37:30 
28-Apr-19, 04:37:31 
28-Apr-19, 04:37:33 
28-Apr-19, 04:37:34 
28-Apr-19, 04:37:35 
28-Apr-19, 04:37:38 
28-Apr-19, 04:37:39 
28-Apr-19, 04:37:40 
28-Apr-19, 04:37:41 
28-Apr-19, 04:37:43 
28-Apr-19, 04:37:44 
28-Apr-19, 04:37:45 
28-Apr-19, 04:37:46 
28-Apr-19, 04:37:48 
28-Apr-19, 04:37:49 
28-Apr-19, 04:37:50 
28-Apr-19, 04:37:51 
28-Apr-19, 04:37:54 
28-Apr-19, 04:37:55 
28-Apr-19, 04:37:59 
28-Apr-19, 04:38:03 
28-Apr-19, 04:38:04 
28-Apr-19, 04:38:05 
28-Apr-19, 04:38:06 
28-Apr-19, 04:38:08 
28-Apr-19, 04:38:09 
28-Apr-19, 04:38:10 
28-Apr-19, 04:38:11 
28-Apr-19, 04:38:13 
28-Apr-19, 04:38:14 
28-Apr-19, 04:38:15 
28-Apr-19, 04:38:16 
28-Apr-19, 04:38:18 
28-Apr-19, 04:38:19 
28-Apr-19, 04:38:20 
28-Apr-19, 04:38:21 
28-Apr-19, 04:38:24 
28-Apr-19, 04:38:25 
28-Apr-19, 04:38:26 
28-Apr-19, 04:38:28 
28-Apr-19, 04:38:29 
28-Apr-19, 04:38:30 
28-Apr-19, 04:38:31 
28-Apr-19, 04:38:33 
28-Apr-19, 04:38:34 
28-Apr-19, 04:38:35 
28-Apr-19, 04:38:36 
28-Apr-19, 04:38:38 
28-Apr-19, 04:38:39 
28-Apr-19, 04:38:40 
28-Apr-19, 04:38:41 
28-Apr-19, 04:38:43 
28-Apr-19, 04:38:44 
28-Apr-19, 04:38:46 
28-Apr-19, 04:38:48 
28-Apr-19, 04:38:49 
28-Apr-19, 04:38:50 
28-Apr-19, 04:38:51 
28-Apr-19, 04:38:53 
28-Apr-19, 04:39:00 
28-Apr-19, 04:39:01 
28-Apr-19, 04:39:03 
28-Apr-19, 04:39:04 
28-Apr-19, 04:39:05 
28-Apr-19, 04:39:06 
28-Apr-19, 04:39:09 
28-Apr-19, 04:39:10 
28-Apr-19, 04:39:11 
28-Apr-19, 04:39:13 
28-Apr-19, 04:39:14 
28-Apr-19, 04:39:15 
28-Apr-19, 04:39:18 
28-Apr-19, 04:39:19 
28-Apr-19, 04:39:20 
28-Apr-19, 04:39:21 
28-Apr-19, 04:39:23 
28-Apr-19, 04:39:24 
28-Apr-19, 04:39:25 
28-Apr-19, 04:39:26 
28-Apr-19, 04:39:28 
28-Apr-19, 04:39:29 
28-Apr-19, 04:39:30 
28-Apr-19, 04:39:31 
28-Apr-19, 04:39:33 
28-Apr-19, 04:39:34 
28-Apr-19, 04:39:35 
28-Apr-19, 04:39:36 
28-Apr-19, 04:39:38 
28-Apr-19, 04:39:41 
28-Apr-19, 04:39:43 
28-Apr-19, 04:39:44 
28-Apr-19, 04:39:45 
28-Apr-19, 04:39:46 
28-Apr-19, 04:39:48 
28-Apr-19, 04:39:49 
28-Apr-19, 04:39:50 
28-Apr-19, 04:39:51 
28-Apr-19, 04:39:53 
28-Apr-19, 04:39:54 
28-Apr-19, 04:39:55 
28-Apr-19, 04:40:01 
28-Apr-19, 04:40:03 
28-Apr-19, 04:40:04 
28-Apr-19, 04:40:05 
28-Apr-19, 04:40:06 
28-Apr-19, 04:40:08 
28-Apr-19, 04:40:09 
28-Apr-19, 04:40:10 
28-Apr-19, 04:40:13 
28-Apr-19, 04:40:14 
28-Apr-19, 04:40:15 
28-Apr-19, 04:40:16 
28-Apr-19, 04:40:18 
28-Apr-19, 04:40:19 
28-Apr-19, 04:40:20 
28-Apr-19, 04:40:21 
28-Apr-19, 04:40:23 
28-Apr-19, 04:40:24 
28-Apr-19, 04:40:25 
28-Apr-19, 04:40:28 
28-Apr-19, 04:40:29 
28-Apr-19, 04:40:30 
28-Apr-19, 04:40:31 
28-Apr-19, 04:40:33 
28-Apr-19, 04:40:34 
28-Apr-19, 04:40:35 
28-Apr-19, 04:40:36 
28-Apr-19, 04:40:38 
28-Apr-19, 04:40:39 
28-Apr-19, 04:40:43 
28-Apr-19, 04:40:44 
28-Apr-19, 04:40:45 
28-Apr-19, 04:40:46 
28-Apr-19, 04:40:48 
28-Apr-19, 04:40:49 
28-Apr-19, 04:40:50 
28-Apr-19, 04:40:51 
28-Apr-19, 04:40:55 
28-Apr-19, 04:40:58 
28-Apr-19, 04:41:03 
28-Apr-19, 04:41:04 
28-Apr-19, 04:41:05 
28-Apr-19, 04:41:06 
28-Apr-19, 04:41:08 
28-Apr-19, 04:41:09 
28-Apr-19, 04:41:10 
28-Apr-19, 04:41:11 
28-Apr-19, 04:41:14 
28-Apr-19, 04:41:15 
28-Apr-19, 04:41:16 
28-Apr-19, 04:41:18 
28-Apr-19, 04:41:19 
28-Apr-19, 04:41:20 
28-Apr-19, 04:41:21 
28-Apr-19, 04:41:23 
28-Apr-19, 04:41:24 
28-Apr-19, 04:41:25 
28-Apr-19, 04:41:28 
28-Apr-19, 04:41:29 
28-Apr-19, 04:41:30 
28-Apr-19, 04:41:31 
28-Apr-19, 04:41:33 
28-Apr-19, 04:41:34 
28-Apr-19, 04:41:35 
28-Apr-19, 04:41:36 
28-Apr-19, 04:41:39 
28-Apr-19, 04:41:40 
28-Apr-19, 04:41:41 
28-Apr-19, 04:41:43 
28-Apr-19, 04:41:44 
28-Apr-19, 04:41:45 
28-Apr-19, 04:41:46 
28-Apr-19, 04:41:48 
28-Apr-19, 04:41:49 
28-Apr-19, 04:41:50 
28-Apr-19, 04:41:53 
28-Apr-19, 04:41:54 
28-Apr-19, 04:41:55 
28-Apr-19, 04:42:00 
28-Apr-19, 04:42:01 
28-Apr-19, 04:42:03 
28-Apr-19, 04:42:04 
28-Apr-19, 04:42:05 
28-Apr-19, 04:42:06 
28-Apr-19, 04:42:08 
28-Apr-19, 04:42:09 
28-Apr-19, 04:42:11 
28-Apr-19, 04:42:13 
28-Apr-19, 04:42:14 
28-Apr-19, 04:42:15 
28-Apr-19, 04:42:16 
28-Apr-19, 04:42:18 
28-Apr-19, 04:42:19 
28-Apr-19, 04:42:20 
28-Apr-19, 04:42:21 
28-Apr-19, 04:42:23 
28-Apr-19, 04:42:24 
28-Apr-19, 04:42:28 
28-Apr-19, 04:42:29 
28-Apr-19, 04:42:30 
28-Apr-19, 04:42:31 
28-Apr-19, 04:42:33 
28-Apr-19, 04:42:34 
28-Apr-19, 04:42:35 
28-Apr-19, 04:42:36 
28-Apr-19, 04:42:38 
28-Apr-19, 04:42:40 
28-Apr-19, 04:42:41 
28-Apr-19, 04:42:43 
28-Apr-19, 04:42:44 
28-Apr-19, 04:42:45 
28-Apr-19, 04:42:46 
28-Apr-19, 04:42:48 
28-Apr-19, 04:42:49 
28-Apr-19, 04:42:50 
28-Apr-19, 04:42:51 
28-Apr-19, 04:42:53 
28-Apr-19, 04:42:55 
28-Apr-19, 04:43:03 
28-Apr-19, 04:43:04 
28-Apr-19, 04:43:05 
28-Apr-19, 04:43:06 
28-Apr-19, 04:43:08 
28-Apr-19, 04:43:09 
28-Apr-19, 04:43:10 
28-Apr-19, 04:43:11 
28-Apr-19, 04:43:14 
28-Apr-19, 04:43:15 
28-Apr-19, 04:43:16 
28-Apr-19, 04:43:18 
28-Apr-19, 04:43:19 
28-Apr-19, 04:43:20 
28-Apr-19, 04:43:21 
28-Apr-19, 04:43:23 
28-Apr-19, 04:43:24 
28-Apr-19, 04:43:25 
28-Apr-19, 04:43:26 
28-Apr-19, 04:43:28 
28-Apr-19, 04:43:29 
28-Apr-19, 04:43:30 
28-Apr-19, 04:43:31 
28-Apr-19, 04:43:33 
28-Apr-19, 04:43:35 
28-Apr-19, 04:43:36 
28-Apr-19, 04:43:38 
28-Apr-19, 04:43:40 
28-Apr-19, 04:43:41 
28-Apr-19, 04:43:43 
28-Apr-19, 04:43:44 
28-Apr-19, 04:43:45 
28-Apr-19, 04:43:46 
28-Apr-19, 04:43:48 
28-Apr-19, 04:43:49 
28-Apr-19, 04:43:50 
28-Apr-19, 04:43:51 
28-Apr-19, 04:43:54 
28-Apr-19, 04:43:55 
28-Apr-19, 04:44:01 
28-Apr-19, 04:44:04 
28-Apr-19, 04:44:05 
28-Apr-19, 04:44:06 
28-Apr-19, 04:44:08 
28-Apr-19, 04:44:09 
28-Apr-19, 04:44:13 
28-Apr-19, 04:44:14 
28-Apr-19, 04:44:16 
28-Apr-19, 04:44:18 
28-Apr-19, 04:44:19 
28-Apr-19, 04:44:20 
28-Apr-19, 04:44:21 
28-Apr-19, 04:44:23 
28-Apr-19, 04:44:24 
28-Apr-19, 04:44:25 
28-Apr-19, 04:44:26 
28-Apr-19, 04:44:28 
28-Apr-19, 04:44:29 
28-Apr-19, 04:44:30 
28-Apr-19, 04:44:31 
28-Apr-19, 04:44:33 
28-Apr-19, 04:44:34 
28-Apr-19, 04:44:35 
28-Apr-19, 04:44:36 
28-Apr-19, 04:44:38 
28-Apr-19, 04:44:39 
28-Apr-19, 04:44:40 
28-Apr-19, 04:44:41 
28-Apr-19, 04:44:44 
28-Apr-19, 04:44:45 
28-Apr-19, 04:44:46 
28-Apr-19, 04:44:48 
28-Apr-19, 04:44:49 
28-Apr-19, 04:44:50 
28-Apr-19, 04:44:51 
28-Apr-19, 04:44:53 
28-Apr-19, 04:44:54 
28-Apr-19, 04:44:55 
28-Apr-19, 04:45:00 
28-Apr-19, 04:45:01 
28-Apr-19, 04:45:03 
28-Apr-19, 04:45:04 
28-Apr-19, 04:45:05 
28-Apr-19, 04:45:06 
28-Apr-19, 04:45:08 
28-Apr-19, 04:45:09 
28-Apr-19, 04:45:10 
28-Apr-19, 04:45:11 
28-Apr-19, 04:45:13 
28-Apr-19, 04:45:14 
28-Apr-19, 04:45:15 
28-Apr-19, 04:45:16 
28-Apr-19, 04:45:18 
28-Apr-19, 04:45:19 
28-Apr-19, 04:45:21 
28-Apr-19, 04:45:23 
28-Apr-19, 04:45:24 
28-Apr-19, 04:45:25 
28-Apr-19, 04:45:26 
28-Apr-19, 04:45:28 
28-Apr-19, 04:45:29 
28-Apr-19, 04:45:30 
28-Apr-19, 04:45:31 
28-Apr-19, 04:45:33 
28-Apr-19, 04:45:34 
28-Apr-19, 04:45:35 
28-Apr-19, 04:45:36 
28-Apr-19, 04:45:38 
28-Apr-19, 04:45:39 
28-Apr-19, 04:45:40 
28-Apr-19, 04:45:41 
28-Apr-19, 04:45:45 
28-Apr-19, 04:45:46 
28-Apr-19, 04:45:48 
28-Apr-19, 04:45:49 
28-Apr-19, 04:45:50 
28-Apr-19, 04:45:51 
28-Apr-19, 04:45:53 
28-Apr-19, 04:45:54 
28-Apr-19, 04:45:55 
28-Apr-19, 04:46:03 
28-Apr-19, 04:46:04 
28-Apr-19, 04:46:05 
28-Apr-19, 04:46:06 
28-Apr-19, 04:46:08 
28-Apr-19, 04:46:09 
28-Apr-19, 04:46:10 
28-Apr-19, 04:46:11 
28-Apr-19, 04:46:13 
28-Apr-19, 04:46:14 
28-Apr-19, 04:46:15 
28-Apr-19, 04:46:16 
28-Apr-19, 04:46:18 
28-Apr-19, 04:46:19 
28-Apr-19, 04:46:20 
28-Apr-19, 04:46:21 
28-Apr-19, 04:46:23 
28-Apr-19, 04:46:24 
28-Apr-19, 04:46:25 
28-Apr-19, 04:46:26 
28-Apr-19, 04:46:28 
28-Apr-19, 04:46:29 
28-Apr-19, 04:46:30 
28-Apr-19, 04:46:31 
28-Apr-19, 04:46:33 
28-Apr-19, 04:46:34 
28-Apr-19, 04:46:35 
28-Apr-19, 04:46:36 
28-Apr-19, 04:46:38 
28-Apr-19, 04:46:39 
28-Apr-19, 04:46:40 
28-Apr-19, 04:46:41 
28-Apr-19, 04:46:43 
28-Apr-19, 04:46:44 
28-Apr-19, 04:46:45 
28-Apr-19, 04:46:46 
28-Apr-19, 04:46:48 
28-Apr-19, 04:46:49 
28-Apr-19, 04:46:50 
28-Apr-19, 04:46:51 
28-Apr-19, 04:46:53 
28-Apr-19, 04:46:54 
28-Apr-19, 04:46:55 
28-Apr-19, 04:47:01 
28-Apr-19, 04:47:03 
28-Apr-19, 04:47:04 
28-Apr-19, 04:47:05 
28-Apr-19, 04:47:06 
28-Apr-19, 04:47:08 
28-Apr-19, 04:47:09 
28-Apr-19, 04:47:10 
28-Apr-19, 04:47:11 
28-Apr-19, 04:47:13 
28-Apr-19, 04:47:15 
28-Apr-19, 04:47:16 
28-Apr-19, 04:47:18 
28-Apr-19, 04:47:19 
28-Apr-19, 04:47:20 
28-Apr-19, 04:47:21 
28-Apr-19, 04:47:23 
28-Apr-19, 04:47:24 
28-Apr-19, 04:47:25 
28-Apr-19, 04:47:26 
28-Apr-19, 04:47:29 
28-Apr-19, 04:47:30 
28-Apr-19, 04:47:31 
28-Apr-19, 04:47:33 
28-Apr-19, 04:47:34 
28-Apr-19, 04:47:35 
28-Apr-19, 04:47:36 
28-Apr-19, 04:47:38 
28-Apr-19, 04:47:39 
28-Apr-19, 04:47:40 
28-Apr-19, 04:47:41 
28-Apr-19, 04:47:43 
28-Apr-19, 04:47:44 
28-Apr-19, 04:47:45 
28-Apr-19, 04:47:48 
28-Apr-19, 04:47:49 
28-Apr-19, 04:47:50 
28-Apr-19, 04:47:51 
28-Apr-19, 04:47:53 
28-Apr-19, 04:47:54 
28-Apr-19, 04:47:55 
28-Apr-19, 04:48:00 
28-Apr-19, 04:48:03 
28-Apr-19, 04:48:04 
28-Apr-19, 04:48:05 
28-Apr-19, 04:48:06 
28-Apr-19, 04:48:08 
28-Apr-19, 04:48:09 
28-Apr-19, 04:48:10 
28-Apr-19, 04:48:11 
28-Apr-19, 04:48:13 
28-Apr-19, 04:48:14 
28-Apr-19, 04:48:15 
28-Apr-19, 04:48:16 
28-Apr-19, 04:48:18 
28-Apr-19, 04:48:19 
28-Apr-19, 04:48:20 
28-Apr-19, 04:48:21 
28-Apr-19, 04:48:24 
28-Apr-19, 04:48:25 
28-Apr-19, 04:48:26 
28-Apr-19, 04:48:28 
28-Apr-19, 04:48:29 
28-Apr-19, 04:48:30 
28-Apr-19, 04:48:31 
28-Apr-19, 04:48:33 
28-Apr-19, 04:48:34 
28-Apr-19, 04:48:35 
28-Apr-19, 04:48:36 
28-Apr-19, 04:48:38 
28-Apr-19, 04:48:39 
28-Apr-19, 04:48:40 
28-Apr-19, 04:48:41 
28-Apr-19, 04:48:44 
28-Apr-19, 04:48:45 
28-Apr-19, 04:48:46 
28-Apr-19, 04:48:48 
28-Apr-19, 04:48:49 
28-Apr-19, 04:48:50 
28-Apr-19, 04:48:51 
28-Apr-19, 04:48:53 
28-Apr-19, 04:48:54 
28-Apr-19, 04:48:55 
28-Apr-19, 04:49:03 
28-Apr-19, 04:49:04 
28-Apr-19, 04:49:05 
28-Apr-19, 04:49:06 
28-Apr-19, 04:49:08 
28-Apr-19, 04:49:09 
28-Apr-19, 04:49:10 
28-Apr-19, 04:49:11 
28-Apr-19, 04:49:14 
28-Apr-19, 04:49:15 
28-Apr-19, 04:49:16 
28-Apr-19, 04:49:19 
28-Apr-19, 04:49:20 
28-Apr-19, 04:49:21 
28-Apr-19, 04:49:23 
28-Apr-19, 04:49:24 
28-Apr-19, 04:49:25 
28-Apr-19, 04:49:26 
28-Apr-19, 04:49:28 
28-Apr-19, 04:49:29 
28-Apr-19, 04:49:30 
28-Apr-19, 04:49:31 
28-Apr-19, 04:49:34 
28-Apr-19, 04:49:35 
28-Apr-19, 04:49:36 
28-Apr-19, 04:49:39 
28-Apr-19, 04:49:40 
28-Apr-19, 04:49:41 
28-Apr-19, 04:49:43 
28-Apr-19, 04:49:44 
28-Apr-19, 04:49:45 
28-Apr-19, 04:49:46 
28-Apr-19, 04:49:48 
28-Apr-19, 04:49:49 
28-Apr-19, 04:49:50 
28-Apr-19, 04:49:51 
28-Apr-19, 04:49:53 
28-Apr-19, 04:49:54 
28-Apr-19, 04:49:55 
28-Apr-19, 04:49:58 
28-Apr-19, 04:50:03 
28-Apr-19, 04:50:04 
28-Apr-19, 04:50:05 
28-Apr-19, 04:50:06 
28-Apr-19, 04:50:08 
28-Apr-19, 04:50:09 
28-Apr-19, 04:50:10 
28-Apr-19, 04:50:11 
28-Apr-19, 04:50:13 
28-Apr-19, 04:50:14 
28-Apr-19, 04:50:15 
28-Apr-19, 04:50:16 
28-Apr-19, 04:50:18 
28-Apr-19, 04:50:19 
28-Apr-19, 04:50:20 
28-Apr-19, 04:50:21 
28-Apr-19, 04:50:23 
28-Apr-19, 04:50:24 
28-Apr-19, 04:50:25 
28-Apr-19, 04:50:26 
28-Apr-19, 04:50:28 
28-Apr-19, 04:50:29 
28-Apr-19, 04:50:30 
28-Apr-19, 04:50:33 
28-Apr-19, 04:50:34 
28-Apr-19, 04:50:35 
28-Apr-19, 04:50:36 
28-Apr-19, 04:50:38 
28-Apr-19, 04:50:39 
28-Apr-19, 04:50:41 
28-Apr-19, 04:50:43 
28-Apr-19, 04:50:44 
28-Apr-19, 04:50:48 
28-Apr-19, 04:50:49 
28-Apr-19, 04:50:50 
28-Apr-19, 04:50:51 
28-Apr-19, 04:50:53 
28-Apr-19, 04:50:54 
28-Apr-19, 04:50:55 
28-Apr-19, 04:51:00 
28-Apr-19, 04:51:01 
28-Apr-19, 04:51:03 
28-Apr-19, 04:51:04 
28-Apr-19, 04:51:05 
28-Apr-19, 04:51:06 
28-Apr-19, 04:51:08 
28-Apr-19, 04:51:09 
28-Apr-19, 04:51:10 
28-Apr-19, 04:51:11 
28-Apr-19, 04:51:13 
28-Apr-19, 04:51:14 
28-Apr-19, 04:51:15 
28-Apr-19, 04:51:16 
28-Apr-19, 04:51:18 
28-Apr-19, 04:51:19 
28-Apr-19, 04:51:20 
28-Apr-19, 04:51:21 
28-Apr-19, 04:51:23 
28-Apr-19, 04:51:24 
28-Apr-19, 04:51:25 
28-Apr-19, 04:51:26 
28-Apr-19, 04:51:28 
28-Apr-19, 04:51:29 
28-Apr-19, 04:51:30 
28-Apr-19, 04:51:31 
28-Apr-19, 04:51:33 
28-Apr-19, 04:51:34 
28-Apr-19, 04:51:35 
28-Apr-19, 04:51:36 
28-Apr-19, 04:51:38 
28-Apr-19, 04:51:39 
28-Apr-19, 04:51:40 
28-Apr-19, 04:51:41 
28-Apr-19, 04:51:43 
28-Apr-19, 04:51:44 
28-Apr-19, 04:51:45 
28-Apr-19, 04:51:46 
28-Apr-19, 04:51:48 
28-Apr-19, 04:51:49 
28-Apr-19, 04:51:50 
28-Apr-19, 04:51:51 
28-Apr-19, 04:51:53 
28-Apr-19, 04:51:55 
28-Apr-19, 04:52:04 
28-Apr-19, 04:52:05 
28-Apr-19, 04:52:06 
28-Apr-19, 04:52:08 
28-Apr-19, 04:52:11 
28-Apr-19, 04:52:13 
28-Apr-19, 04:52:14 
28-Apr-19, 04:52:15 
28-Apr-19, 04:52:18 
28-Apr-19, 04:52:19 
28-Apr-19, 04:52:20 
28-Apr-19, 04:52:21 
28-Apr-19, 04:52:23 
28-Apr-19, 04:52:24 
28-Apr-19, 04:52:25 
28-Apr-19, 04:52:26 
28-Apr-19, 04:52:28 
28-Apr-19, 04:52:29 
28-Apr-19, 04:52:31 
28-Apr-19, 04:52:33 
28-Apr-19, 04:52:34 
28-Apr-19, 04:52:35 
28-Apr-19, 04:52:36 
28-Apr-19, 04:52:38 
28-Apr-19, 04:52:39 
28-Apr-19, 04:52:40 
28-Apr-19, 04:52:41 
28-Apr-19, 04:52:43 
28-Apr-19, 04:52:44 
28-Apr-19, 04:52:45 
28-Apr-19, 04:52:46 
28-Apr-19, 04:52:48 
28-Apr-19, 04:52:49 
28-Apr-19, 04:52:50 
28-Apr-19, 04:52:51 
28-Apr-19, 04:52:53 
28-Apr-19, 04:52:54 
28-Apr-19, 04:52:55 
28-Apr-19, 04:53:00 
28-Apr-19, 04:53:03 
28-Apr-19, 04:53:05 
28-Apr-19, 04:53:06 
28-Apr-19, 04:53:08 
28-Apr-19, 04:53:09 
28-Apr-19, 04:53:10 
28-Apr-19, 04:53:11 
28-Apr-19, 04:53:13 
28-Apr-19, 04:53:14 
28-Apr-19, 04:53:15 
28-Apr-19, 04:53:16 
28-Apr-19, 04:53:18 
28-Apr-19, 04:53:19 
28-Apr-19, 04:53:20 
28-Apr-19, 04:53:21 
28-Apr-19, 04:53:23 
28-Apr-19, 04:53:24 
28-Apr-19, 04:53:25 
28-Apr-19, 04:53:26 
28-Apr-19, 04:53:28 
28-Apr-19, 04:53:29 
28-Apr-19, 04:53:30 
28-Apr-19, 04:53:31 
28-Apr-19, 04:53:33 
28-Apr-19, 04:53:35 
28-Apr-19, 04:53:36 
28-Apr-19, 04:53:38 
28-Apr-19, 04:53:39 
28-Apr-19, 04:53:40 
28-Apr-19, 04:53:41 
28-Apr-19, 04:53:43 
28-Apr-19, 04:53:44 
28-Apr-19, 04:53:45 
28-Apr-19, 04:53:46 
28-Apr-19, 04:53:49 
28-Apr-19, 04:53:50 
28-Apr-19, 04:53:51 
28-Apr-19, 04:53:53 
28-Apr-19, 04:53:54 
28-Apr-19, 04:53:55 
28-Apr-19, 04:53:59 
28-Apr-19, 04:54:05 
28-Apr-19, 04:54:06 
28-Apr-19, 04:54:08 
28-Apr-19, 04:54:09 
28-Apr-19, 04:54:10 
28-Apr-19, 04:54:11 
28-Apr-19, 04:54:13 
28-Apr-19, 04:54:14 
28-Apr-19, 04:54:18 
28-Apr-19, 04:54:19 
28-Apr-19, 04:54:20 
28-Apr-19, 04:54:21 
28-Apr-19, 04:54:23 
28-Apr-19, 04:54:24 
28-Apr-19, 04:54:25 
28-Apr-19, 04:54:26 
28-Apr-19, 04:54:28 
28-Apr-19, 04:54:29 
28-Apr-19, 04:54:30 
28-Apr-19, 04:54:31 
28-Apr-19, 04:54:33 
28-Apr-19, 04:54:34 
28-Apr-19, 04:54:35 
28-Apr-19, 04:54:36 
28-Apr-19, 04:54:38 
28-Apr-19, 04:54:39 
28-Apr-19, 04:54:40 
28-Apr-19, 04:54:41 
28-Apr-19, 04:54:44 
28-Apr-19, 04:54:45 
28-Apr-19, 04:54:46 
28-Apr-19, 04:54:48 
28-Apr-19, 04:54:49 
28-Apr-19, 04:54:50 
28-Apr-19, 04:54:51 
28-Apr-19, 04:54:53 
28-Apr-19, 04:54:54 
28-Apr-19, 04:54:55 
28-Apr-19, 04:55:03 
28-Apr-19, 04:55:04 
28-Apr-19, 04:55:05 
28-Apr-19, 04:55:06 
28-Apr-19, 04:55:08 
28-Apr-19, 04:55:09 
28-Apr-19, 04:55:10 
28-Apr-19, 04:55:11 
28-Apr-19, 04:55:13 
28-Apr-19, 04:55:14 
28-Apr-19, 04:55:15 
28-Apr-19, 04:55:16 
28-Apr-19, 04:55:18 
28-Apr-19, 04:55:19 
28-Apr-19, 04:55:20 
28-Apr-19, 04:55:21 
28-Apr-19, 04:55:23 
28-Apr-19, 04:55:24 
28-Apr-19, 04:55:25 
28-Apr-19, 04:55:26 
28-Apr-19, 04:55:28 
28-Apr-19, 04:55:29 
28-Apr-19, 04:55:30 
28-Apr-19, 04:55:31 
28-Apr-19, 04:55:33 
28-Apr-19, 04:55:35 
28-Apr-19, 04:55:36 
28-Apr-19, 04:55:38 
28-Apr-19, 04:55:39 
28-Apr-19, 04:55:40 
28-Apr-19, 04:55:41 
28-Apr-19, 04:55:43 
28-Apr-19, 04:55:44 
28-Apr-19, 04:55:45 
28-Apr-19, 04:55:46 
28-Apr-19, 04:55:49 
28-Apr-19, 04:55:50 
28-Apr-19, 04:55:51 
28-Apr-19, 04:55:53 
28-Apr-19, 04:55:54 
28-Apr-19, 04:55:55 
28-Apr-19, 04:55:59 
28-Apr-19, 04:56:03 
28-Apr-19, 04:56:04 
28-Apr-19, 04:56:05 
28-Apr-19, 04:56:06 
28-Apr-19, 04:56:08 
28-Apr-19, 04:56:09 
28-Apr-19, 04:56:10 
28-Apr-19, 04:56:11 
28-Apr-19, 04:56:14 
28-Apr-19, 04:56:15 
28-Apr-19, 04:56:18 
28-Apr-19, 04:56:19 
28-Apr-19, 04:56:20 
28-Apr-19, 04:56:21 
28-Apr-19, 04:56:23 
28-Apr-19, 04:56:24 
28-Apr-19, 04:56:25 
28-Apr-19, 04:56:26 
28-Apr-19, 04:56:28 
28-Apr-19, 04:56:29 
28-Apr-19, 04:56:30 
28-Apr-19, 04:56:31 
28-Apr-19, 04:56:33 
28-Apr-19, 04:56:34 
28-Apr-19, 04:56:35 
28-Apr-19, 04:56:36 
28-Apr-19, 04:56:38 
28-Apr-19, 04:56:39 
28-Apr-19, 04:56:40 
28-Apr-19, 04:56:41 
28-Apr-19, 04:56:43 
28-Apr-19, 04:56:44 
28-Apr-19, 04:56:45 
28-Apr-19, 04:56:46 
28-Apr-19, 04:56:48 
28-Apr-19, 04:56:49 
28-Apr-19, 04:56:50 
28-Apr-19, 04:56:51 
28-Apr-19, 04:56:53 
28-Apr-19, 04:56:54 
28-Apr-19, 04:56:55 
28-Apr-19, 04:57:03 
28-Apr-19, 04:57:04 
28-Apr-19, 04:57:06 
28-Apr-19, 04:57:10 
28-Apr-19, 04:57:11 
28-Apr-19, 04:57:13 
28-Apr-19, 04:57:14 
28-Apr-19, 04:57:15 
28-Apr-19, 04:57:16 
28-Apr-19, 04:57:18 
28-Apr-19, 04:57:21 
28-Apr-19, 04:57:23 
28-Apr-19, 04:57:24 
28-Apr-19, 04:57:25 
28-Apr-19, 04:57:26 
28-Apr-19, 04:57:28 
28-Apr-19, 04:57:29 
28-Apr-19, 04:57:30 
28-Apr-19, 04:57:31 
28-Apr-19, 04:57:34 
28-Apr-19, 04:57:35 
28-Apr-19, 04:57:36 
28-Apr-19, 04:57:38 
28-Apr-19, 04:57:39 
28-Apr-19, 04:57:40 
28-Apr-19, 04:57:41 
28-Apr-19, 04:57:43 
28-Apr-19, 04:57:44 
28-Apr-19, 04:57:45 
28-Apr-19, 04:57:46 
28-Apr-19, 04:57:48 
28-Apr-19, 04:57:49 
28-Apr-19, 04:57:50 
28-Apr-19, 04:57:51 
28-Apr-19, 04:57:53 
28-Apr-19, 04:57:54 
28-Apr-19, 04:57:55 
28-Apr-19, 04:58:03 
28-Apr-19, 04:58:04 
28-Apr-19, 04:58:05 
28-Apr-19, 04:58:06 
28-Apr-19, 04:58:08 
28-Apr-19, 04:58:09 
28-Apr-19, 04:58:14 
28-Apr-19, 04:58:15 
28-Apr-19, 04:58:16 
28-Apr-19, 04:58:18 
28-Apr-19, 04:58:19 
28-Apr-19, 04:58:20 
28-Apr-19, 04:58:21 
28-Apr-19, 04:58:24 
28-Apr-19, 04:58:25 
28-Apr-19, 04:58:26 
28-Apr-19, 04:58:28 
28-Apr-19, 04:58:29 
28-Apr-19, 04:58:30 
28-Apr-19, 04:58:31 
28-Apr-19, 04:58:33 
28-Apr-19, 04:58:34 
28-Apr-19, 04:58:35 
28-Apr-19, 04:58:36 
28-Apr-19, 04:58:38 
28-Apr-19, 04:58:39 
28-Apr-19, 04:58:40 
28-Apr-19, 04:58:41 
28-Apr-19, 04:58:43 
28-Apr-19, 04:58:44 
28-Apr-19, 04:58:45 
28-Apr-19, 04:58:46 
28-Apr-19, 04:58:48 
28-Apr-19, 04:58:49 
28-Apr-19, 04:59:03 
28-Apr-19, 04:59:06 
28-Apr-19, 04:59:08 
28-Apr-19, 04:59:09 
28-Apr-19, 04:59:10 
28-Apr-19, 04:59:11 
28-Apr-19, 04:59:13 
28-Apr-19, 04:59:14 
28-Apr-19, 04:59:15 
28-Apr-19, 04:59:16 
28-Apr-19, 04:59:19 
28-Apr-19, 04:59:20 
28-Apr-19, 04:59:21 
28-Apr-19, 04:59:23 
28-Apr-19, 04:59:24 
28-Apr-19, 04:59:25 
28-Apr-19, 04:59:26 
28-Apr-19, 04:59:28 
28-Apr-19, 04:59:29 
28-Apr-19, 04:59:30 
28-Apr-19, 04:59:31 
28-Apr-19, 04:59:33 
28-Apr-19, 04:59:34 
28-Apr-19, 04:59:35 
28-Apr-19, 04:59:36 
28-Apr-19, 04:59:38 
28-Apr-19, 04:59:39 
28-Apr-19, 04:59:40 
28-Apr-19, 04:59:41 
28-Apr-19, 04:59:43 
28-Apr-19, 04:59:44 
28-Apr-19, 04:59:45 
28-Apr-19, 04:59:46 
28-Apr-19, 04:59:48 
28-Apr-19, 04:59:49 
28-Apr-19, 04:59:50 
28-Apr-19, 04:59:51 
28-Apr-19, 04:59:53 
28-Apr-19, 04:59:54 
28-Apr-19, 04:59:55 
28-Apr-19, 05:00:03 
28-Apr-19, 05:00:04 
28-Apr-19, 05:00:06 
28-Apr-19, 05:00:08 
28-Apr-19, 05:00:09 
28-Apr-19, 05:00:10 
28-Apr-19, 05:00:11 
28-Apr-19, 05:00:13 
28-Apr-19, 05:00:14 
28-Apr-19, 05:00:15 
28-Apr-19, 05:00:16 
28-Apr-19, 05:00:18 
28-Apr-19, 05:00:19 
28-Apr-19, 05:00:20 
28-Apr-19, 05:00:21 
28-Apr-19, 05:00:23 
28-Apr-19, 05:00:24 
28-Apr-19, 05:00:25 
28-Apr-19, 05:00:26 
28-Apr-19, 05:00:28 
28-Apr-19, 05:00:29 
28-Apr-19, 05:00:30 
28-Apr-19, 05:00:33 
28-Apr-19, 05:00:34 
28-Apr-19, 05:00:35 
28-Apr-19, 05:00:38 
28-Apr-19, 05:00:39 
28-Apr-19, 05:00:40 
28-Apr-19, 05:00:41 
28-Apr-19, 05:00:43 
28-Apr-19, 05:00:44 
28-Apr-19, 05:00:45 
28-Apr-19, 05:00:46 
28-Apr-19, 05:00:48 
28-Apr-19, 05:00:51 
28-Apr-19, 05:00:54 
28-Apr-19, 05:00:55 
28-Apr-19, 05:00:58 
28-Apr-19, 05:01:00 
28-Apr-19, 05:01:03 
28-Apr-19, 05:01:04 
28-Apr-19, 05:01:05 
28-Apr-19, 05:01:06 
28-Apr-19, 05:01:08 
28-Apr-19, 05:01:09 
28-Apr-19, 05:01:10 
28-Apr-19, 05:01:11 
28-Apr-19, 05:01:13 
28-Apr-19, 05:01:14 
28-Apr-19, 05:01:15 
28-Apr-19, 05:01:16 
28-Apr-19, 05:01:18 
28-Apr-19, 05:01:19 
28-Apr-19, 05:01:20 
28-Apr-19, 05:01:21 
28-Apr-19, 05:01:23 
28-Apr-19, 05:01:24 
28-Apr-19, 05:01:25 
28-Apr-19, 05:01:28 
28-Apr-19, 05:01:29 
28-Apr-19, 05:01:30 
28-Apr-19, 05:01:31 
28-Apr-19, 05:01:33 
28-Apr-19, 05:01:34 
28-Apr-19, 05:01:35 
28-Apr-19, 05:01:36 
28-Apr-19, 05:01:38 
28-Apr-19, 05:01:39 
28-Apr-19, 05:01:40 
28-Apr-19, 05:01:41 
28-Apr-19, 05:01:43 
28-Apr-19, 05:01:44 
28-Apr-19, 05:01:45 
28-Apr-19, 05:01:46 
28-Apr-19, 05:01:48 
28-Apr-19, 05:01:49 
28-Apr-19, 05:01:50 
28-Apr-19, 05:01:51 
28-Apr-19, 05:01:53 
28-Apr-19, 05:01:54 
28-Apr-19, 05:01:55 
28-Apr-19, 05:02:00 
28-Apr-19, 05:02:03 
28-Apr-19, 05:02:05 
28-Apr-19, 05:02:06 
28-Apr-19, 05:02:09 
28-Apr-19, 05:02:10 
28-Apr-19, 05:02:11 
28-Apr-19, 05:02:13 
28-Apr-19, 05:02:14 
28-Apr-19, 05:02:15 
28-Apr-19, 05:02:16 
28-Apr-19, 05:02:18 
28-Apr-19, 05:02:19 
28-Apr-19, 05:02:20 
28-Apr-19, 05:02:23 
28-Apr-19, 05:02:24 
28-Apr-19, 05:02:25 
28-Apr-19, 05:02:26 
28-Apr-19, 05:02:28 
28-Apr-19, 05:02:29 
28-Apr-19, 05:02:30 
28-Apr-19, 05:02:31 
28-Apr-19, 05:02:33 
28-Apr-19, 05:02:34 
28-Apr-19, 05:02:36 
28-Apr-19, 05:02:38 
28-Apr-19, 05:02:39 
28-Apr-19, 05:02:40 
28-Apr-19, 05:02:41 
28-Apr-19, 05:02:43 
28-Apr-19, 05:02:44 
28-Apr-19, 05:02:45 
28-Apr-19, 05:02:46 
28-Apr-19, 05:02:48 
28-Apr-19, 05:02:49 
28-Apr-19, 05:02:50 
28-Apr-19, 05:02:51 
28-Apr-19, 05:02:53 
28-Apr-19, 05:02:54 
28-Apr-19, 05:02:55 
28-Apr-19, 05:02:59 
28-Apr-19, 05:03:03 
28-Apr-19, 05:03:04 
28-Apr-19, 05:03:05 
28-Apr-19, 05:03:06 
28-Apr-19, 05:03:08 
28-Apr-19, 05:03:09 
28-Apr-19, 05:03:10 
28-Apr-19, 05:03:11 
28-Apr-19, 05:03:13 
28-Apr-19, 05:03:14 
28-Apr-19, 05:03:15 
28-Apr-19, 05:03:16 
28-Apr-19, 05:03:18 
28-Apr-19, 05:03:19 
28-Apr-19, 05:03:21 
28-Apr-19, 05:03:21 
28-Apr-19, 05:03:23 
28-Apr-19, 05:03:24 
28-Apr-19, 05:03:26 
28-Apr-19, 05:03:26 
28-Apr-19, 05:03:28 
28-Apr-19, 05:03:29 
28-Apr-19, 05:03:31 
28-Apr-19, 05:03:31 
28-Apr-19, 05:03:33 
28-Apr-19, 05:03:34 
28-Apr-19, 05:03:36 
28-Apr-19, 05:03:36 
28-Apr-19, 05:03:38 
28-Apr-19, 05:03:39 
28-Apr-19, 05:03:41 
28-Apr-19, 05:03:41 
28-Apr-19, 05:03:43 
28-Apr-19, 05:03:44 
28-Apr-19, 05:03:46 
28-Apr-19, 05:03:46 
28-Apr-19, 05:03:48 
28-Apr-19, 05:03:49 
28-Apr-19, 05:04:03 
28-Apr-19, 05:04:05 
28-Apr-19, 05:04:08 
28-Apr-19, 05:04:10 
28-Apr-19, 05:04:11 
28-Apr-19, 05:04:11 
28-Apr-19, 05:04:13 
28-Apr-19, 05:04:15 
28-Apr-19, 05:04:16 
28-Apr-19, 05:04:16 
28-Apr-19, 05:04:18 
28-Apr-19, 05:04:20 
28-Apr-19, 05:04:23 
28-Apr-19, 05:04:25 
28-Apr-19, 05:04:26 
28-Apr-19, 05:04:26 
28-Apr-19, 05:04:28 
28-Apr-19, 05:04:30 
28-Apr-19, 05:04:31 
28-Apr-19, 05:04:31 
28-Apr-19, 05:04:33 
28-Apr-19, 05:04:35 
28-Apr-19, 05:04:36 
28-Apr-19, 05:04:36 
28-Apr-19, 05:04:38 
28-Apr-19, 05:04:40 
28-Apr-19, 05:04:41 
28-Apr-19, 05:04:41 
28-Apr-19, 05:04:43 
28-Apr-19, 05:04:45 
28-Apr-19, 05:04:46 
28-Apr-19, 05:04:46 
28-Apr-19, 05:04:48 
28-Apr-19, 05:04:50 
28-Apr-19, 05:04:51 
28-Apr-19, 05:04:51 
28-Apr-19, 05:04:53 
28-Apr-19, 05:04:55 
28-Apr-19, 05:05:00 
28-Apr-19, 05:05:01 
28-Apr-19, 05:05:01 
28-Apr-19, 05:05:03 
28-Apr-19, 05:05:05 
28-Apr-19, 05:05:06 
28-Apr-19, 05:05:06 
28-Apr-19, 05:05:08 
28-Apr-19, 05:05:10 
28-Apr-19, 05:05:11 
28-Apr-19, 05:05:11 
28-Apr-19, 05:05:13 
28-Apr-19, 05:05:15 
28-Apr-19, 05:05:16 
28-Apr-19, 05:05:16 
28-Apr-19, 05:05:18 
28-Apr-19, 05:05:20 
28-Apr-19, 05:05:21 
28-Apr-19, 05:05:21 
28-Apr-19, 05:05:23 
28-Apr-19, 05:05:26 
28-Apr-19, 05:05:26 
28-Apr-19, 05:05:28 
28-Apr-19, 05:05:30 
28-Apr-19, 05:05:31 
28-Apr-19, 05:05:31 
28-Apr-19, 05:05:33 
28-Apr-19, 05:05:35 
28-Apr-19, 05:05:36 
28-Apr-19, 05:05:36 
28-Apr-19, 05:05:40 
28-Apr-19, 05:05:41 
28-Apr-19, 05:05:41 
28-Apr-19, 05:05:43 
28-Apr-19, 05:05:45 
28-Apr-19, 05:05:46 
28-Apr-19, 05:05:46 
28-Apr-19, 05:05:48 
28-Apr-19, 05:05:50 
28-Apr-19, 05:05:51 
28-Apr-19, 05:05:51 
28-Apr-19, 05:05:53 
28-Apr-19, 05:05:55 
28-Apr-19, 05:06:00 
28-Apr-19, 05:06:03 
28-Apr-19, 05:06:05 
28-Apr-19, 05:06:06 
28-Apr-19, 05:06:06 
28-Apr-19, 05:06:08 
28-Apr-19, 05:06:10 
28-Apr-19, 05:06:11 
28-Apr-19, 05:06:11 
28-Apr-19, 05:06:13 
28-Apr-19, 05:06:15 
28-Apr-19, 05:06:16 
28-Apr-19, 05:06:16 
28-Apr-19, 05:06:18 
28-Apr-19, 05:06:20 
28-Apr-19, 05:06:21 
28-Apr-19, 05:06:21 
28-Apr-19, 05:06:23 
28-Apr-19, 05:06:25 
28-Apr-19, 05:06:26 
28-Apr-19, 05:06:26 
28-Apr-19, 05:06:28 
28-Apr-19, 05:06:30 
28-Apr-19, 05:06:31 
28-Apr-19, 05:06:31 
28-Apr-19, 05:06:33 
28-Apr-19, 05:06:35 
28-Apr-19, 05:06:36 
28-Apr-19, 05:06:36 
28-Apr-19, 05:06:38 
28-Apr-19, 05:06:40 
28-Apr-19, 05:06:41 
28-Apr-19, 05:06:41 
28-Apr-19, 05:06:43 
28-Apr-19, 05:06:45 
28-Apr-19, 05:06:46 
28-Apr-19, 05:06:46 
28-Apr-19, 05:06:48 
28-Apr-19, 05:06:51 
28-Apr-19, 05:06:51 
28-Apr-19, 05:06:53 
28-Apr-19, 05:06:55 
28-Apr-19, 05:06:58 
28-Apr-19, 05:07:01 
28-Apr-19, 05:07:01 
28-Apr-19, 05:07:03 
28-Apr-19, 05:07:05 
28-Apr-19, 05:07:06 
28-Apr-19, 05:07:06 
28-Apr-19, 05:07:08 
28-Apr-19, 05:07:13 
28-Apr-19, 05:07:15 
28-Apr-19, 05:07:16 
28-Apr-19, 05:07:16 
28-Apr-19, 05:07:18 
28-Apr-19, 05:07:20 
28-Apr-19, 05:07:21 
28-Apr-19, 05:07:21 
28-Apr-19, 05:07:25 
28-Apr-19, 05:07:26 
28-Apr-19, 05:07:26 
28-Apr-19, 05:07:28 
28-Apr-19, 05:07:30 
28-Apr-19, 05:07:31 
28-Apr-19, 05:07:31 
28-Apr-19, 05:07:33 
28-Apr-19, 05:07:35 
28-Apr-19, 05:07:36 
28-Apr-19, 05:07:36 
28-Apr-19, 05:07:38 
28-Apr-19, 05:07:41 
28-Apr-19, 05:07:41 
28-Apr-19, 05:07:43 
28-Apr-19, 05:07:45 
28-Apr-19, 05:07:46 
28-Apr-19, 05:07:46 
28-Apr-19, 05:07:48 
28-Apr-19, 05:07:50 
28-Apr-19, 05:07:51 
28-Apr-19, 05:07:51 
28-Apr-19, 05:07:53 
28-Apr-19, 05:07:55 
28-Apr-19, 05:07:58 
28-Apr-19, 05:08:00 
28-Apr-19, 05:08:03 
28-Apr-19, 05:08:05 
28-Apr-19, 05:08:06 
28-Apr-19, 05:08:06 
28-Apr-19, 05:08:08 
28-Apr-19, 05:08:10 
28-Apr-19, 05:08:11 
28-Apr-19, 05:08:11 
28-Apr-19, 05:08:13 
28-Apr-19, 05:08:15 
28-Apr-19, 05:08:16 
28-Apr-19, 05:08:16 
28-Apr-19, 05:08:21 
28-Apr-19, 05:08:21 
28-Apr-19, 05:08:25 
28-Apr-19, 05:08:26 
28-Apr-19, 05:08:26 
28-Apr-19, 05:08:28 
28-Apr-19, 05:08:30 
28-Apr-19, 05:08:31 
28-Apr-19, 05:08:31 
28-Apr-19, 05:08:33 
28-Apr-19, 05:08:35 
28-Apr-19, 05:08:36 
28-Apr-19, 05:08:36 
28-Apr-19, 05:08:38 
28-Apr-19, 05:08:40 
28-Apr-19, 05:08:41 
28-Apr-19, 05:08:41 
28-Apr-19, 05:08:43 
28-Apr-19, 05:08:45 
28-Apr-19, 05:08:46 
28-Apr-19, 05:08:46 
28-Apr-19, 05:08:48 
28-Apr-19, 05:08:50 
28-Apr-19, 05:08:51 
28-Apr-19, 05:08:51 
28-Apr-19, 05:08:53 
28-Apr-19, 05:09:00 
28-Apr-19, 05:09:01 
28-Apr-19, 05:09:01 
28-Apr-19, 05:09:03 
28-Apr-19, 05:09:06 
28-Apr-19, 05:09:06 
28-Apr-19, 05:09:08 
28-Apr-19, 05:09:11 
28-Apr-19, 05:09:11 
28-Apr-19, 05:09:13 
28-Apr-19, 05:09:15 
28-Apr-19, 05:09:16 
28-Apr-19, 05:09:16 
28-Apr-19, 05:09:18 
28-Apr-19, 05:09:20 
28-Apr-19, 05:09:21 
28-Apr-19, 05:09:21 
28-Apr-19, 05:09:23 
28-Apr-19, 05:09:25 
28-Apr-19, 05:09:26 
28-Apr-19, 05:09:26 
28-Apr-19, 05:09:28 
28-Apr-19, 05:09:30 
28-Apr-19, 05:09:31 
28-Apr-19, 05:09:31 
28-Apr-19, 05:09:33 
28-Apr-19, 05:09:35 
28-Apr-19, 05:09:36 
28-Apr-19, 05:09:36 
28-Apr-19, 05:09:38 
28-Apr-19, 05:09:40 
28-Apr-19, 05:09:41 
28-Apr-19, 05:09:41 
28-Apr-19, 05:09:43 
28-Apr-19, 05:09:46 
28-Apr-19, 05:09:46 
28-Apr-19, 05:09:49 
28-Apr-19, 05:09:50 
28-Apr-19, 05:09:51 
28-Apr-19, 05:09:51 
28-Apr-19, 05:09:54 
28-Apr-19, 05:09:55 
28-Apr-19, 05:10:00 
28-Apr-19, 05:10:04 
28-Apr-19, 05:10:05 
28-Apr-19, 05:10:06 
28-Apr-19, 05:10:06 
28-Apr-19, 05:10:09 
28-Apr-19, 05:10:10 
28-Apr-19, 05:10:11 
28-Apr-19, 05:10:11 
28-Apr-19, 05:10:14 
28-Apr-19, 05:10:15 
28-Apr-19, 05:10:16 
28-Apr-19, 05:10:16 
28-Apr-19, 05:10:19 
28-Apr-19, 05:10:20 
28-Apr-19, 05:10:21 
28-Apr-19, 05:10:21 
28-Apr-19, 05:10:24 
28-Apr-19, 05:10:25 
28-Apr-19, 05:10:26 
28-Apr-19, 05:10:26 
28-Apr-19, 05:10:29 
28-Apr-19, 05:10:30 
28-Apr-19, 05:10:31 
28-Apr-19, 05:10:31 
28-Apr-19, 05:10:34 
28-Apr-19, 05:10:35 
28-Apr-19, 05:10:36 
28-Apr-19, 05:10:36 
28-Apr-19, 05:10:39 
28-Apr-19, 05:10:40 
28-Apr-19, 05:10:44 
28-Apr-19, 05:10:45 
28-Apr-19, 05:10:46 
28-Apr-19, 05:10:46 
28-Apr-19, 05:10:49 
28-Apr-19, 05:10:50 
28-Apr-19, 05:10:51 
28-Apr-19, 05:10:51 
28-Apr-19, 05:10:54 
28-Apr-19, 05:11:00 
28-Apr-19, 05:11:04 
28-Apr-19, 05:11:05 
28-Apr-19, 05:11:06 
28-Apr-19, 05:11:06 
28-Apr-19, 05:11:09 
28-Apr-19, 05:11:10 
28-Apr-19, 05:11:11 
28-Apr-19, 05:11:11 
28-Apr-19, 05:11:14 
28-Apr-19, 05:11:15 
28-Apr-19, 05:11:19 
28-Apr-19, 05:11:20 
28-Apr-19, 05:11:21 
28-Apr-19, 05:11:21 
28-Apr-19, 05:11:24 
28-Apr-19, 05:11:25 
28-Apr-19, 05:11:26 
28-Apr-19, 05:11:26 
28-Apr-19, 05:11:29 
28-Apr-19, 05:11:31 
28-Apr-19, 05:11:31 
28-Apr-19, 05:11:34 
28-Apr-19, 05:11:35 
28-Apr-19, 05:11:36 
28-Apr-19, 05:11:36 
28-Apr-19, 05:11:44 
28-Apr-19, 05:11:45 
28-Apr-19, 05:11:46 
28-Apr-19, 05:11:46 
28-Apr-19, 05:11:49 
28-Apr-19, 05:11:50 
28-Apr-19, 05:11:51 
28-Apr-19, 05:11:51 
28-Apr-19, 05:11:54 
28-Apr-19, 05:11:55 
28-Apr-19, 05:12:04 
28-Apr-19, 05:12:05 
28-Apr-19, 05:12:06 
28-Apr-19, 05:12:06 
28-Apr-19, 05:12:09 
28-Apr-19, 05:12:10 
28-Apr-19, 05:12:11 
28-Apr-19, 05:12:11 
28-Apr-19, 05:12:14 
28-Apr-19, 05:12:15 
28-Apr-19, 05:12:16 
28-Apr-19, 05:12:16 
28-Apr-19, 05:12:19 
28-Apr-19, 05:12:20 
28-Apr-19, 05:12:21 
28-Apr-19, 05:12:21 
28-Apr-19, 05:12:24 
28-Apr-19, 05:12:29 
28-Apr-19, 05:12:30 
28-Apr-19, 05:12:31 
28-Apr-19, 05:12:31 
28-Apr-19, 05:12:34 
28-Apr-19, 05:12:35 
28-Apr-19, 05:12:36 
28-Apr-19, 05:12:36 
28-Apr-19, 05:12:39 
28-Apr-19, 05:12:40 
28-Apr-19, 05:12:41 
28-Apr-19, 05:12:41 
28-Apr-19, 05:12:44 
28-Apr-19, 05:12:46 
28-Apr-19, 05:12:46 
28-Apr-19, 05:12:49 
28-Apr-19, 05:12:50 
28-Apr-19, 05:12:51 
28-Apr-19, 05:12:51 
28-Apr-19, 05:12:54 
28-Apr-19, 05:12:55 
28-Apr-19, 05:13:04 
28-Apr-19, 05:13:05 
28-Apr-19, 05:13:06 
28-Apr-19, 05:13:06 
28-Apr-19, 05:13:09 
28-Apr-19, 05:13:10 
28-Apr-19, 05:13:11 
28-Apr-19, 05:13:11 
28-Apr-19, 05:13:15 
28-Apr-19, 05:13:16 
28-Apr-19, 05:13:16 
28-Apr-19, 05:13:19 
28-Apr-19, 05:13:20 
28-Apr-19, 05:13:21 
28-Apr-19, 05:13:21 
28-Apr-19, 05:13:24 
28-Apr-19, 05:13:25 
28-Apr-19, 05:13:26 
28-Apr-19, 05:13:26 
28-Apr-19, 05:13:29 
28-Apr-19, 05:13:30 
28-Apr-19, 05:13:31 
28-Apr-19, 05:13:31 
28-Apr-19, 05:13:34 
28-Apr-19, 05:13:35 
28-Apr-19, 05:13:36 
28-Apr-19, 05:13:36 
28-Apr-19, 05:13:40 
28-Apr-19, 05:13:41 
28-Apr-19, 05:13:41 
28-Apr-19, 05:13:45 
28-Apr-19, 05:13:46 
28-Apr-19, 05:13:46 
28-Apr-19, 05:13:49 
28-Apr-19, 05:13:50 
28-Apr-19, 05:13:51 
28-Apr-19, 05:13:51 
28-Apr-19, 05:13:54 
28-Apr-19, 05:13:55 
28-Apr-19, 05:14:04 
28-Apr-19, 05:14:05 
28-Apr-19, 05:14:06 
28-Apr-19, 05:14:06 
28-Apr-19, 05:14:09 
28-Apr-19, 05:14:10 
28-Apr-19, 05:14:11 
28-Apr-19, 05:14:11 
28-Apr-19, 05:14:14 
28-Apr-19, 05:14:15 
28-Apr-19, 05:14:16 
28-Apr-19, 05:14:16 
28-Apr-19, 05:14:19 
28-Apr-19, 05:14:20 
28-Apr-19, 05:14:21 
28-Apr-19, 05:14:21 
28-Apr-19, 05:14:24 
28-Apr-19, 05:14:25 
28-Apr-19, 05:14:26 
28-Apr-19, 05:14:26 
28-Apr-19, 05:14:29 
28-Apr-19, 05:14:30 
28-Apr-19, 05:14:31 
28-Apr-19, 05:14:31 
28-Apr-19, 05:14:34 
28-Apr-19, 05:14:35 
28-Apr-19, 05:14:36 
28-Apr-19, 05:14:36 
28-Apr-19, 05:14:39 
28-Apr-19, 05:14:40 
28-Apr-19, 05:14:41 
28-Apr-19, 05:14:41 
28-Apr-19, 05:14:44 
28-Apr-19, 05:14:45 
28-Apr-19, 05:14:46 
28-Apr-19, 05:14:46 
28-Apr-19, 05:14:49 
28-Apr-19, 05:14:50 
28-Apr-19, 05:14:51 
28-Apr-19, 05:14:51 
28-Apr-19, 05:14:54 
28-Apr-19, 05:14:55 
28-Apr-19, 05:15:04 
28-Apr-19, 05:15:05 
28-Apr-19, 05:15:06 
28-Apr-19, 05:15:06 
28-Apr-19, 05:15:09 
28-Apr-19, 05:15:10 
28-Apr-19, 05:15:11 
28-Apr-19, 05:15:11 
28-Apr-19, 05:15:14 
28-Apr-19, 05:15:15 
28-Apr-19, 05:15:16 
28-Apr-19, 05:15:16 
28-Apr-19, 05:15:19 
28-Apr-19, 05:15:20 
28-Apr-19, 05:15:21 
28-Apr-19, 05:15:21 
28-Apr-19, 05:15:24 
28-Apr-19, 05:15:25 
28-Apr-19, 05:15:26 
28-Apr-19, 05:15:26 
28-Apr-19, 05:15:29 
28-Apr-19, 05:15:31 
28-Apr-19, 05:15:31 
28-Apr-19, 05:15:34 
28-Apr-19, 05:15:35 
28-Apr-19, 05:15:36 
28-Apr-19, 05:15:36 
28-Apr-19, 05:15:39 
28-Apr-19, 05:15:40 
28-Apr-19, 05:15:41 
28-Apr-19, 05:15:41 
28-Apr-19, 05:15:45 
28-Apr-19, 05:15:46 
28-Apr-19, 05:15:49 
28-Apr-19, 05:15:50 
28-Apr-19, 05:15:54 
28-Apr-19, 05:15:55 
28-Apr-19, 05:16:04 
28-Apr-19, 05:16:05 
28-Apr-19, 05:16:06 
28-Apr-19, 05:16:06 
28-Apr-19, 05:16:09 
28-Apr-19, 05:16:10 
28-Apr-19, 05:16:11 
28-Apr-19, 05:16:11 
28-Apr-19, 05:16:14 
28-Apr-19, 05:16:15 
28-Apr-19, 05:16:16 
28-Apr-19, 05:16:16 
28-Apr-19, 05:16:19 
28-Apr-19, 05:16:20 
28-Apr-19, 05:16:21 
28-Apr-19, 05:16:21 
28-Apr-19, 05:16:24 
28-Apr-19, 05:16:25 
28-Apr-19, 05:16:26 
28-Apr-19, 05:16:26 
28-Apr-19, 05:16:29 
28-Apr-19, 05:16:30 
28-Apr-19, 05:16:31 
28-Apr-19, 05:16:31 
28-Apr-19, 05:16:34 
28-Apr-19, 05:16:35 
28-Apr-19, 05:16:36 
28-Apr-19, 05:16:36 
28-Apr-19, 05:16:39 
28-Apr-19, 05:16:40 
28-Apr-19, 05:16:41 
28-Apr-19, 05:16:41 
28-Apr-19, 05:16:44 
28-Apr-19, 05:16:45 
28-Apr-19, 05:16:46 
28-Apr-19, 05:16:46 
28-Apr-19, 05:16:49 
28-Apr-19, 05:16:50 
28-Apr-19, 05:16:51 
28-Apr-19, 05:16:51 
28-Apr-19, 05:16:54 
28-Apr-19, 05:16:55 
28-Apr-19, 05:17:00 
28-Apr-19, 05:17:04 
28-Apr-19, 05:17:05 
28-Apr-19, 05:17:06 
28-Apr-19, 05:17:06 
28-Apr-19, 05:17:09 
28-Apr-19, 05:17:10 
28-Apr-19, 05:17:11 
28-Apr-19, 05:17:11 
28-Apr-19, 05:17:14 
28-Apr-19, 05:17:19 
28-Apr-19, 05:17:20 
28-Apr-19, 05:17:21 
28-Apr-19, 05:17:21 
28-Apr-19, 05:17:24 
28-Apr-19, 05:17:25 
28-Apr-19, 05:17:26 
28-Apr-19, 05:17:26 
28-Apr-19, 05:17:30 
28-Apr-19, 05:17:31 
28-Apr-19, 05:17:31 
28-Apr-19, 05:17:34 
28-Apr-19, 05:17:35 
28-Apr-19, 05:17:36 
28-Apr-19, 05:17:36 
28-Apr-19, 05:17:39 
28-Apr-19, 05:17:40 
28-Apr-19, 05:17:41 
28-Apr-19, 05:17:41 
28-Apr-19, 05:17:44 
28-Apr-19, 05:17:45 
28-Apr-19, 05:17:46 
28-Apr-19, 05:17:46 
28-Apr-19, 05:17:49 
28-Apr-19, 05:17:50 
28-Apr-19, 05:17:51 
28-Apr-19, 05:17:51 
28-Apr-19, 05:17:54 
28-Apr-19, 05:17:55 
28-Apr-19, 05:18:00 
28-Apr-19, 05:18:04 
28-Apr-19, 05:18:05 
28-Apr-19, 05:18:06 
28-Apr-19, 05:18:06 
28-Apr-19, 05:18:09 
28-Apr-19, 05:18:11 
28-Apr-19, 05:18:11 
28-Apr-19, 05:18:14 
28-Apr-19, 05:18:15 
28-Apr-19, 05:18:16 
28-Apr-19, 05:18:16 
28-Apr-19, 05:18:19 
28-Apr-19, 05:18:20 
28-Apr-19, 05:18:21 
28-Apr-19, 05:18:21 
28-Apr-19, 05:18:24 
28-Apr-19, 05:18:25 
28-Apr-19, 05:18:26 
28-Apr-19, 05:18:26 
28-Apr-19, 05:18:29 
28-Apr-19, 05:18:30 
28-Apr-19, 05:18:31 
28-Apr-19, 05:18:31 
28-Apr-19, 05:18:34 
28-Apr-19, 05:18:35 
28-Apr-19, 05:18:36 
28-Apr-19, 05:18:36 
28-Apr-19, 05:18:39 
28-Apr-19, 05:18:41 
28-Apr-19, 05:18:41 
28-Apr-19, 05:18:44 
28-Apr-19, 05:18:45 
28-Apr-19, 05:18:46 
28-Apr-19, 05:18:46 
28-Apr-19, 05:18:49 
28-Apr-19, 05:18:50 
28-Apr-19, 05:18:51 
28-Apr-19, 05:18:54 
28-Apr-19, 05:18:55 
28-Apr-19, 05:19:05 
28-Apr-19, 05:19:06 
28-Apr-19, 05:19:06 
28-Apr-19, 05:19:09 
28-Apr-19, 05:19:10 
28-Apr-19, 05:19:11 
28-Apr-19, 05:19:11 
28-Apr-19, 05:19:15 
28-Apr-19, 05:19:16 
28-Apr-19, 05:19:16 
28-Apr-19, 05:19:19 
28-Apr-19, 05:19:20 
28-Apr-19, 05:19:21 
28-Apr-19, 05:19:21 
28-Apr-19, 05:19:24 
28-Apr-19, 05:19:25 
28-Apr-19, 05:19:26 
28-Apr-19, 05:19:26 
28-Apr-19, 05:19:29 
28-Apr-19, 05:19:30 
28-Apr-19, 05:19:31 
28-Apr-19, 05:19:31 
28-Apr-19, 05:19:34 
28-Apr-19, 05:19:35 
28-Apr-19, 05:19:36 
28-Apr-19, 05:19:36 
28-Apr-19, 05:19:39 
28-Apr-19, 05:19:40 
28-Apr-19, 05:19:41 
28-Apr-19, 05:19:41 
28-Apr-19, 05:19:44 
28-Apr-19, 05:19:45 
28-Apr-19, 05:19:46 
28-Apr-19, 05:19:46 
28-Apr-19, 05:19:49 
28-Apr-19, 05:19:50 
28-Apr-19, 05:19:51 
28-Apr-19, 05:19:52 
28-Apr-19, 05:19:54 
28-Apr-19, 05:19:55 
28-Apr-19, 05:20:02 
28-Apr-19, 05:20:04 
28-Apr-19, 05:20:05 
28-Apr-19, 05:20:06 
28-Apr-19, 05:20:07 
28-Apr-19, 05:20:09 
28-Apr-19, 05:20:10 
28-Apr-19, 05:20:11 
28-Apr-19, 05:20:12 
28-Apr-19, 05:20:14 
28-Apr-19, 05:20:15 
28-Apr-19, 05:20:17 
28-Apr-19, 05:20:19 
28-Apr-19, 05:20:20 
28-Apr-19, 05:20:21 
28-Apr-19, 05:20:22 
28-Apr-19, 05:20:24 
28-Apr-19, 05:20:25 
28-Apr-19, 05:20:26 
28-Apr-19, 05:20:27 
28-Apr-19, 05:20:29 
28-Apr-19, 05:20:30 
28-Apr-19, 05:20:31 
28-Apr-19, 05:20:34 
28-Apr-19, 05:20:35 
28-Apr-19, 05:20:36 
28-Apr-19, 05:20:37 
28-Apr-19, 05:20:39 
28-Apr-19, 05:20:40 
28-Apr-19, 05:20:41 
28-Apr-19, 05:20:42 
28-Apr-19, 05:20:44 
28-Apr-19, 05:20:47 
28-Apr-19, 05:20:49 
28-Apr-19, 05:20:50 
28-Apr-19, 05:20:51 
28-Apr-19, 05:20:52 
28-Apr-19, 05:20:54 
28-Apr-19, 05:20:55 
28-Apr-19, 05:21:00 
28-Apr-19, 05:21:04 
28-Apr-19, 05:21:05 
28-Apr-19, 05:21:06 
28-Apr-19, 05:21:07 
28-Apr-19, 05:21:09 
28-Apr-19, 05:21:10 
28-Apr-19, 05:21:11 
28-Apr-19, 05:21:12 
28-Apr-19, 05:21:14 
28-Apr-19, 05:21:15 
28-Apr-19, 05:21:16 
28-Apr-19, 05:21:17 
28-Apr-19, 05:21:19 
28-Apr-19, 05:21:20 
28-Apr-19, 05:21:21 
28-Apr-19, 05:21:22 
28-Apr-19, 05:21:25 
28-Apr-19, 05:21:26 
28-Apr-19, 05:21:27 
28-Apr-19, 05:21:29 
28-Apr-19, 05:21:30 
28-Apr-19, 05:21:34 
28-Apr-19, 05:21:35 
28-Apr-19, 05:21:36 
28-Apr-19, 05:21:37 
28-Apr-19, 05:21:39 
28-Apr-19, 05:21:40 
28-Apr-19, 05:21:41 
28-Apr-19, 05:21:42 
28-Apr-19, 05:21:44 
28-Apr-19, 05:21:45 
28-Apr-19, 05:21:46 
28-Apr-19, 05:21:47 
28-Apr-19, 05:21:49 
28-Apr-19, 05:21:50 
28-Apr-19, 05:21:51 
28-Apr-19, 05:21:52 
28-Apr-19, 05:21:54 
28-Apr-19, 05:21:55 
28-Apr-19, 05:21:57 
28-Apr-19, 05:22:05 
28-Apr-19, 05:22:06 
28-Apr-19, 05:22:07 
28-Apr-19, 05:22:09 
28-Apr-19, 05:22:10 
28-Apr-19, 05:22:11 
28-Apr-19, 05:22:12 
28-Apr-19, 05:22:15 
28-Apr-19, 05:22:16 
28-Apr-19, 05:22:19 
28-Apr-19, 05:22:20 
28-Apr-19, 05:22:21 
28-Apr-19, 05:22:22 
28-Apr-19, 05:22:24 
28-Apr-19, 05:22:25 
28-Apr-19, 05:22:26 
28-Apr-19, 05:22:27 
28-Apr-19, 05:22:29 
28-Apr-19, 05:22:30 
28-Apr-19, 05:22:32 
28-Apr-19, 05:22:34 
28-Apr-19, 05:22:35 
28-Apr-19, 05:22:36 
28-Apr-19, 05:22:37 
28-Apr-19, 05:22:39 
28-Apr-19, 05:22:40 
28-Apr-19, 05:22:41 
28-Apr-19, 05:22:42 
28-Apr-19, 05:22:44 
28-Apr-19, 05:22:45 
28-Apr-19, 05:22:46 
28-Apr-19, 05:22:47 
28-Apr-19, 05:22:49 
28-Apr-19, 05:22:50 
28-Apr-19, 05:22:51 
28-Apr-19, 05:22:52 
28-Apr-19, 05:22:54 
28-Apr-19, 05:22:55 
28-Apr-19, 05:23:00 
28-Apr-19, 05:23:04 
28-Apr-19, 05:23:05 
28-Apr-19, 05:23:06 
28-Apr-19, 05:23:07 
28-Apr-19, 05:23:09 
28-Apr-19, 05:23:10 
28-Apr-19, 05:23:11 
28-Apr-19, 05:23:12 
28-Apr-19, 05:23:14 
28-Apr-19, 05:23:15 
28-Apr-19, 05:23:16 
28-Apr-19, 05:23:17 
28-Apr-19, 05:23:19 
28-Apr-19, 05:23:20 
28-Apr-19, 05:23:21 
28-Apr-19, 05:23:22 
28-Apr-19, 05:23:24 
28-Apr-19, 05:23:25 
28-Apr-19, 05:23:26 
28-Apr-19, 05:23:27 
28-Apr-19, 05:23:29 
28-Apr-19, 05:23:30 
28-Apr-19, 05:23:31 
28-Apr-19, 05:23:34 
28-Apr-19, 05:23:35 
28-Apr-19, 05:23:36 
28-Apr-19, 05:23:37 
28-Apr-19, 05:23:39 
28-Apr-19, 05:23:40 
28-Apr-19, 05:23:41 
28-Apr-19, 05:23:42 
28-Apr-19, 05:23:44 
28-Apr-19, 05:23:45 
28-Apr-19, 05:23:46 
28-Apr-19, 05:23:47 
28-Apr-19, 05:23:51 
28-Apr-19, 05:23:52 
28-Apr-19, 05:23:54 
28-Apr-19, 05:23:55 
28-Apr-19, 05:24:05 
28-Apr-19, 05:24:06 
28-Apr-19, 05:24:07 
28-Apr-19, 05:24:09 
28-Apr-19, 05:24:10 
28-Apr-19, 05:24:11 
28-Apr-19, 05:24:12 
28-Apr-19, 05:24:14 
28-Apr-19, 05:24:15 
28-Apr-19, 05:24:16 
28-Apr-19, 05:24:17 
28-Apr-19, 05:24:19 
28-Apr-19, 05:24:20 
28-Apr-19, 05:24:21 
28-Apr-19, 05:24:22 
28-Apr-19, 05:24:24 
28-Apr-19, 05:24:25 
28-Apr-19, 05:24:26 
28-Apr-19, 05:24:27 
28-Apr-19, 05:24:29 
28-Apr-19, 05:24:30 
28-Apr-19, 05:24:31 
28-Apr-19, 05:24:32 
28-Apr-19, 05:24:35 
28-Apr-19, 05:24:36 
28-Apr-19, 05:24:37 
28-Apr-19, 05:24:39 
28-Apr-19, 05:24:40 
28-Apr-19, 05:24:41 
28-Apr-19, 05:24:42 
28-Apr-19, 05:24:44 
28-Apr-19, 05:24:45 
28-Apr-19, 05:24:46 
28-Apr-19, 05:24:47 
28-Apr-19, 05:24:49 
28-Apr-19, 05:24:50 
28-Apr-19, 05:24:51 
28-Apr-19, 05:24:52 
28-Apr-19, 05:24:54 
28-Apr-19, 05:24:55 
28-Apr-19, 05:25:02 
28-Apr-19, 05:25:04 
28-Apr-19, 05:25:05 
28-Apr-19, 05:25:06 
28-Apr-19, 05:25:07 
28-Apr-19, 05:25:09 
28-Apr-19, 05:25:10 
28-Apr-19, 05:25:11 
28-Apr-19, 05:25:12 
28-Apr-19, 05:25:14 
28-Apr-19, 05:25:15 
28-Apr-19, 05:25:16 
28-Apr-19, 05:25:17 
28-Apr-19, 05:25:19 
28-Apr-19, 05:25:22 
28-Apr-19, 05:25:24 
28-Apr-19, 05:25:25 
28-Apr-19, 05:25:26 
28-Apr-19, 05:25:27 
28-Apr-19, 05:25:29 
28-Apr-19, 05:25:30 
28-Apr-19, 05:25:31 
28-Apr-19, 05:25:36 
28-Apr-19, 05:25:37 
28-Apr-19, 05:25:39 
28-Apr-19, 05:25:40 
28-Apr-19, 05:25:41 
28-Apr-19, 05:25:42 
28-Apr-19, 05:25:44 
28-Apr-19, 05:25:45 
28-Apr-19, 05:25:46 
28-Apr-19, 05:25:47 
28-Apr-19, 05:25:49 
28-Apr-19, 05:25:50 
28-Apr-19, 05:25:51 
28-Apr-19, 05:25:54 
28-Apr-19, 05:25:55 
28-Apr-19, 05:26:00 
28-Apr-19, 05:26:04 
28-Apr-19, 05:26:05 
28-Apr-19, 05:26:06 
28-Apr-19, 05:26:07 
28-Apr-19, 05:26:09 
28-Apr-19, 05:26:10 
28-Apr-19, 05:26:11 
28-Apr-19, 05:26:12 
28-Apr-19, 05:26:14 
28-Apr-19, 05:26:15 
28-Apr-19, 05:26:16 
28-Apr-19, 05:26:17 
28-Apr-19, 05:26:19 
28-Apr-19, 05:26:20 
28-Apr-19, 05:26:21 
28-Apr-19, 05:26:22 
28-Apr-19, 05:26:24 
28-Apr-19, 05:26:25 
28-Apr-19, 05:26:26 
28-Apr-19, 05:26:27 
28-Apr-19, 05:26:29 
28-Apr-19, 05:26:30 
28-Apr-19, 05:26:31 
28-Apr-19, 05:26:32 
28-Apr-19, 05:26:34 
28-Apr-19, 05:26:35 
28-Apr-19, 05:26:36 
28-Apr-19, 05:26:37 
28-Apr-19, 05:26:39 
28-Apr-19, 05:26:40 
28-Apr-19, 05:26:41 
28-Apr-19, 05:26:42 
28-Apr-19, 05:26:44 
28-Apr-19, 05:26:45 
28-Apr-19, 05:26:46 
28-Apr-19, 05:26:47 
28-Apr-19, 05:26:49 
28-Apr-19, 05:26:50 
28-Apr-19, 05:26:51 
28-Apr-19, 05:26:52 
28-Apr-19, 05:26:54 
28-Apr-19, 05:26:55 
28-Apr-19, 05:27:00 
28-Apr-19, 05:27:04 
28-Apr-19, 05:27:05 
28-Apr-19, 05:27:09 
28-Apr-19, 05:27:10 
28-Apr-19, 05:27:11 
28-Apr-19, 05:27:12 
28-Apr-19, 05:27:14 
28-Apr-19, 05:27:15 
28-Apr-19, 05:27:16 
28-Apr-19, 05:27:17 
28-Apr-19, 05:27:21 
28-Apr-19, 05:27:22 
28-Apr-19, 05:27:24 
28-Apr-19, 05:27:25 
27-Apr-19, 05:13:41 
27-Apr-19, 05:13:41 
27-Apr-19, 05:13:41 
27-Apr-19, 05:13:45 
27-Apr-19, 05:13:46 
27-Apr-19, 05:13:46 
27-Apr-19, 05:13:46 
27-Apr-19, 05:13:50 
27-Apr-19, 05:13:51 
27-Apr-19, 05:13:51 
27-Apr-19, 05:13:51 
27-Apr-19, 05:13:55 
27-Apr-19, 05:13:56 
27-Apr-19, 05:13:56 
27-Apr-19, 05:14:01 
27-Apr-19, 05:14:01 
27-Apr-19, 05:14:01 
27-Apr-19, 05:14:01 
27-Apr-19, 05:14:06 
27-Apr-19, 05:14:06 
27-Apr-19, 05:14:06 
27-Apr-19, 05:14:06 
27-Apr-19, 05:14:11 
27-Apr-19, 05:14:11 
27-Apr-19, 05:14:11 
27-Apr-19, 05:14:11 
27-Apr-19, 05:14:16 
27-Apr-19, 05:14:16 
27-Apr-19, 05:14:16 
27-Apr-19, 05:14:16 
27-Apr-19, 05:14:21 
27-Apr-19, 05:14:21 
27-Apr-19, 05:14:21 
27-Apr-19, 05:14:21 
27-Apr-19, 05:14:26 
27-Apr-19, 05:14:26 
27-Apr-19, 05:14:26 
27-Apr-19, 05:14:26 
27-Apr-19, 05:14:31 
27-Apr-19, 05:14:31 
27-Apr-19, 05:14:31 
27-Apr-19, 05:14:31 
27-Apr-19, 05:14:36 
27-Apr-19, 05:14:36 
27-Apr-19, 05:14:36 
27-Apr-19, 05:14:36 
27-Apr-19, 05:14:41 
27-Apr-19, 05:14:41 
27-Apr-19, 05:14:41 
27-Apr-19, 05:14:41 
27-Apr-19, 05:14:46 
27-Apr-19, 05:14:46 
27-Apr-19, 05:14:46 
27-Apr-19, 05:14:46 
27-Apr-19, 05:14:51 
27-Apr-19, 05:14:51 
27-Apr-19, 05:14:51 
27-Apr-19, 05:14:51 
27-Apr-19, 05:14:56 
27-Apr-19, 05:14:56 
27-Apr-19, 05:14:56 
27-Apr-19, 05:14:56 
27-Apr-19, 05:15:01 
27-Apr-19, 05:15:01 
27-Apr-19, 05:15:01 
27-Apr-19, 05:15:01 
27-Apr-19, 05:15:06 
27-Apr-19, 05:15:06 
27-Apr-19, 05:15:06 
27-Apr-19, 05:15:06 
27-Apr-19, 05:15:11 
27-Apr-19, 05:15:11 
27-Apr-19, 05:15:11 
27-Apr-19, 05:15:11 
27-Apr-19, 05:15:16 
27-Apr-19, 05:15:16 
27-Apr-19, 05:15:16 
27-Apr-19, 05:15:16 
27-Apr-19, 05:15:21 
27-Apr-19, 05:15:21 
27-Apr-19, 05:15:21 
27-Apr-19, 05:15:21 
27-Apr-19, 05:15:26 
27-Apr-19, 05:15:26 
27-Apr-19, 05:15:26 
27-Apr-19, 05:15:31 
27-Apr-19, 05:15:31 
27-Apr-19, 05:15:31 
27-Apr-19, 05:15:31 
27-Apr-19, 05:15:36 
27-Apr-19, 05:15:36 
27-Apr-19, 05:15:36 
27-Apr-19, 05:15:36 
27-Apr-19, 05:15:46 
27-Apr-19, 05:15:46 
27-Apr-19, 05:15:46 
27-Apr-19, 05:15:46 
27-Apr-19, 05:15:51 
27-Apr-19, 05:15:51 
27-Apr-19, 05:15:51 
27-Apr-19, 05:15:51 
27-Apr-19, 05:15:56 
27-Apr-19, 05:15:56 
27-Apr-19, 05:15:56 
27-Apr-19, 05:15:56 
27-Apr-19, 05:16:01 
27-Apr-19, 05:16:01 
27-Apr-19, 05:16:01 
27-Apr-19, 05:16:01 
27-Apr-19, 05:16:06 
27-Apr-19, 05:16:06 
27-Apr-19, 05:16:06 
27-Apr-19, 05:16:06 
27-Apr-19, 05:16:11 
27-Apr-19, 05:16:11 
27-Apr-19, 05:16:11 
27-Apr-19, 05:16:11 
27-Apr-19, 05:16:16 
27-Apr-19, 05:16:16 
27-Apr-19, 05:16:16 
27-Apr-19, 05:16:16 
27-Apr-19, 05:16:21 
27-Apr-19, 05:16:21 
27-Apr-19, 05:16:21 
27-Apr-19, 05:16:21 
27-Apr-19, 05:16:26 
27-Apr-19, 05:16:26 
27-Apr-19, 05:16:26 
27-Apr-19, 05:16:31 
27-Apr-19, 05:16:31 
27-Apr-19, 05:16:31 
27-Apr-19, 05:16:31 
27-Apr-19, 05:16:36 
27-Apr-19, 05:16:36 
27-Apr-19, 05:16:36 
27-Apr-19, 05:16:36 
27-Apr-19, 05:16:41 
27-Apr-19, 05:16:41 
27-Apr-19, 05:16:41 
27-Apr-19, 05:16:41 
27-Apr-19, 05:16:46 
27-Apr-19, 05:16:46 
27-Apr-19, 05:16:46 
27-Apr-19, 05:16:46 
27-Apr-19, 05:16:51 
27-Apr-19, 05:16:51 
27-Apr-19, 05:16:51 
27-Apr-19, 05:16:51 
27-Apr-19, 05:16:56 
27-Apr-19, 05:16:56 
27-Apr-19, 05:16:56 
27-Apr-19, 05:16:56 
27-Apr-19, 05:17:01 
27-Apr-19, 05:17:01 
27-Apr-19, 05:17:01 
27-Apr-19, 05:17:01 
27-Apr-19, 05:17:06 
27-Apr-19, 05:17:06 
27-Apr-19, 05:17:06 
27-Apr-19, 05:17:06 
27-Apr-19, 05:17:11 
27-Apr-19, 05:17:11 
27-Apr-19, 05:17:11 
27-Apr-19, 05:17:11 
27-Apr-19, 05:17:16 
27-Apr-19, 05:17:16 
27-Apr-19, 05:17:16 
27-Apr-19, 05:17:16 
27-Apr-19, 05:17:21 
27-Apr-19, 05:17:21 
27-Apr-19, 05:17:21 
27-Apr-19, 05:17:21 
27-Apr-19, 05:17:26 
27-Apr-19, 05:17:26 
27-Apr-19, 05:17:26 
27-Apr-19, 05:17:26 
27-Apr-19, 05:17:31 
27-Apr-19, 05:17:31 
27-Apr-19, 05:17:31 
27-Apr-19, 05:17:31 
27-Apr-19, 05:17:36 
27-Apr-19, 05:17:36 
27-Apr-19, 05:17:36 
27-Apr-19, 05:17:36 
27-Apr-19, 05:17:41 
27-Apr-19, 05:17:41 
27-Apr-19, 05:17:41 
27-Apr-19, 05:17:41 
27-Apr-19, 05:17:46 
27-Apr-19, 05:17:46 
27-Apr-19, 05:17:46 
27-Apr-19, 05:17:46 
27-Apr-19, 05:17:51 
27-Apr-19, 05:17:51 
27-Apr-19, 05:17:51 
27-Apr-19, 05:17:51 
27-Apr-19, 05:17:56 
27-Apr-19, 05:17:56 
27-Apr-19, 05:17:56 
27-Apr-19, 05:17:56 
27-Apr-19, 05:18:01 
27-Apr-19, 05:18:01 
27-Apr-19, 05:18:01 
27-Apr-19, 05:18:01 
27-Apr-19, 05:18:06 
27-Apr-19, 05:18:06 
27-Apr-19, 05:18:06 
27-Apr-19, 05:18:06 
27-Apr-19, 05:18:11 
27-Apr-19, 05:18:11 
27-Apr-19, 05:18:11 
27-Apr-19, 05:18:11 
27-Apr-19, 05:18:16 
27-Apr-19, 05:18:16 
27-Apr-19, 05:18:16 
27-Apr-19, 05:18:16 
27-Apr-19, 05:18:21 
27-Apr-19, 05:18:21 
27-Apr-19, 05:18:21 
27-Apr-19, 05:18:21 
27-Apr-19, 05:18:26 
27-Apr-19, 05:18:26 
27-Apr-19, 05:18:26 
27-Apr-19, 05:18:26 
27-Apr-19, 05:18:31 
27-Apr-19, 05:18:31 
27-Apr-19, 05:18:31 
27-Apr-19, 05:18:31 
27-Apr-19, 05:18:36 
27-Apr-19, 05:18:36 
27-Apr-19, 05:18:36 
27-Apr-19, 05:18:36 
27-Apr-19, 05:18:41 
27-Apr-19, 05:18:41 
27-Apr-19, 05:18:41 
27-Apr-19, 05:18:41 
27-Apr-19, 05:18:46 
27-Apr-19, 05:18:46 
27-Apr-19, 05:18:46 
27-Apr-19, 05:18:46 
27-Apr-19, 05:18:51 
27-Apr-19, 05:18:51 
27-Apr-19, 05:18:51 
27-Apr-19, 05:18:51 
27-Apr-19, 05:18:56 
27-Apr-19, 05:18:56 
27-Apr-19, 05:18:56 
27-Apr-19, 05:18:56 
27-Apr-19, 05:19:01 
27-Apr-19, 05:19:01 
27-Apr-19, 05:19:01 
27-Apr-19, 05:19:01 
27-Apr-19, 05:19:06 
27-Apr-19, 05:19:06 
27-Apr-19, 05:19:06 
27-Apr-19, 05:19:06 
27-Apr-19, 05:19:11 
27-Apr-19, 05:19:11 
27-Apr-19, 05:19:11 
27-Apr-19, 05:19:11 
27-Apr-19, 05:19:16 
27-Apr-19, 05:19:16 
27-Apr-19, 05:19:16 
27-Apr-19, 05:19:16 
27-Apr-19, 05:19:21 
27-Apr-19, 05:19:21 
27-Apr-19, 05:19:21 
27-Apr-19, 05:19:21 
27-Apr-19, 05:19:26 
27-Apr-19, 05:19:26 
27-Apr-19, 05:19:26 
27-Apr-19, 05:19:26 
27-Apr-19, 05:19:31 
27-Apr-19, 05:19:31 
27-Apr-19, 05:19:31 
27-Apr-19, 05:19:31 
27-Apr-19, 05:19:36 
27-Apr-19, 05:19:36 
27-Apr-19, 05:19:36 
27-Apr-19, 05:19:36 
27-Apr-19, 05:19:41 
27-Apr-19, 05:19:41 
27-Apr-19, 05:19:41 
27-Apr-19, 05:19:41 
27-Apr-19, 05:19:46 
27-Apr-19, 05:19:46 
27-Apr-19, 05:19:46 
27-Apr-19, 05:19:51 
27-Apr-19, 05:19:51 
27-Apr-19, 05:19:51 
27-Apr-19, 05:19:51 
27-Apr-19, 05:19:56 
27-Apr-19, 05:19:56 
27-Apr-19, 05:19:56 
27-Apr-19, 05:19:56 
27-Apr-19, 05:20:01 
27-Apr-19, 05:20:01 
27-Apr-19, 05:20:01 
27-Apr-19, 05:20:01 
27-Apr-19, 05:20:06 
27-Apr-19, 05:20:06 
27-Apr-19, 05:20:06 
27-Apr-19, 05:20:06 
27-Apr-19, 05:20:11 
27-Apr-19, 05:20:11 
27-Apr-19, 05:20:11 
27-Apr-19, 05:20:11 
27-Apr-19, 05:20:16 
27-Apr-19, 05:20:16 
27-Apr-19, 05:20:16 
27-Apr-19, 05:20:16 
27-Apr-19, 05:20:21 
27-Apr-19, 05:20:21 
27-Apr-19, 05:20:21 
27-Apr-19, 05:20:21 
27-Apr-19, 05:20:26 
27-Apr-19, 05:20:26 
27-Apr-19, 05:20:26 
27-Apr-19, 05:20:26 
27-Apr-19, 05:20:31 
27-Apr-19, 05:20:31 
27-Apr-19, 05:20:31 
27-Apr-19, 05:20:31 
27-Apr-19, 05:20:36 
27-Apr-19, 05:20:36 
27-Apr-19, 05:20:36 
27-Apr-19, 05:20:36 
27-Apr-19, 05:20:41 
27-Apr-19, 05:20:41 
27-Apr-19, 05:20:41 
27-Apr-19, 05:20:41 
27-Apr-19, 05:20:46 
27-Apr-19, 05:20:46 
27-Apr-19, 05:20:46 
27-Apr-19, 05:20:46 
27-Apr-19, 05:20:51 
27-Apr-19, 05:20:51 
27-Apr-19, 05:20:51 
27-Apr-19, 05:20:52 
27-Apr-19, 05:20:56 
27-Apr-19, 05:20:56 
27-Apr-19, 05:20:56 
27-Apr-19, 05:20:57 
27-Apr-19, 05:21:01 
27-Apr-19, 05:21:01 
27-Apr-19, 05:21:01 
27-Apr-19, 05:21:02 
27-Apr-19, 05:21:06 
27-Apr-19, 05:21:06 
27-Apr-19, 05:21:06 
27-Apr-19, 05:21:07 
27-Apr-19, 05:21:11 
27-Apr-19, 05:21:11 
27-Apr-19, 05:21:11 
27-Apr-19, 05:21:12 
27-Apr-19, 05:21:16 
27-Apr-19, 05:21:16 
27-Apr-19, 05:21:17 
27-Apr-19, 05:21:21 
27-Apr-19, 05:21:21 
27-Apr-19, 05:21:21 
27-Apr-19, 05:21:22 
27-Apr-19, 05:21:26 
27-Apr-19, 05:21:26 
27-Apr-19, 05:21:26 
27-Apr-19, 05:21:27 
27-Apr-19, 05:21:31 
27-Apr-19, 05:21:31 
27-Apr-19, 05:21:31 
27-Apr-19, 05:21:32 
27-Apr-19, 05:21:36 
27-Apr-19, 05:21:36 
27-Apr-19, 05:21:36 
27-Apr-19, 05:21:37 
27-Apr-19, 05:21:41 
27-Apr-19, 05:21:41 
27-Apr-19, 05:21:41 
27-Apr-19, 05:21:42 
27-Apr-19, 05:21:46 
27-Apr-19, 05:21:46 
27-Apr-19, 05:21:46 
27-Apr-19, 05:21:47 
27-Apr-19, 05:21:51 
27-Apr-19, 05:21:51 
27-Apr-19, 05:21:51 
27-Apr-19, 05:21:52 
27-Apr-19, 05:21:56 
27-Apr-19, 05:21:56 
27-Apr-19, 05:21:56 
27-Apr-19, 05:21:57 
27-Apr-19, 05:22:01 
27-Apr-19, 05:22:01 
27-Apr-19, 05:22:01 
27-Apr-19, 05:22:02 
27-Apr-19, 05:22:06 
27-Apr-19, 05:22:06 
27-Apr-19, 05:22:06 
27-Apr-19, 05:22:07 
27-Apr-19, 05:22:11 
27-Apr-19, 05:22:11 
27-Apr-19, 05:22:11 
27-Apr-19, 05:22:12 
27-Apr-19, 05:22:16 
27-Apr-19, 05:22:16 
27-Apr-19, 05:22:16 
27-Apr-19, 05:22:17 
27-Apr-19, 05:22:21 
27-Apr-19, 05:22:21 
27-Apr-19, 05:22:21 
27-Apr-19, 05:22:22 
27-Apr-19, 05:22:26 
27-Apr-19, 05:22:26 
27-Apr-19, 05:22:26 
27-Apr-19, 05:22:27 
27-Apr-19, 05:22:31 
27-Apr-19, 05:22:31 
27-Apr-19, 05:22:31 
27-Apr-19, 05:22:32 
27-Apr-19, 05:22:36 
27-Apr-19, 05:22:36 
27-Apr-19, 05:22:36 
27-Apr-19, 05:22:37 
27-Apr-19, 05:22:41 
27-Apr-19, 05:22:41 
27-Apr-19, 05:22:41 
27-Apr-19, 05:22:42 
27-Apr-19, 05:22:46 
27-Apr-19, 05:22:46 
27-Apr-19, 05:22:46 
27-Apr-19, 05:22:47 
27-Apr-19, 05:22:51 
27-Apr-19, 05:22:51 
27-Apr-19, 05:22:51 
27-Apr-19, 05:22:52 
27-Apr-19, 05:22:56 
27-Apr-19, 05:22:56 
27-Apr-19, 05:22:56 
27-Apr-19, 05:22:57 
27-Apr-19, 05:23:01 
27-Apr-19, 05:23:01 
27-Apr-19, 04:57:40 
27-Apr-19, 04:57:45 
27-Apr-19, 04:57:48 
27-Apr-19, 04:57:50 
27-Apr-19, 04:57:53 
27-Apr-19, 04:57:55 
27-Apr-19, 04:57:59 
27-Apr-19, 04:58:00 
27-Apr-19, 04:58:04 
27-Apr-19, 04:58:05 
27-Apr-19, 04:58:09 
27-Apr-19, 04:58:10 
27-Apr-19, 04:58:14 
27-Apr-19, 04:58:15 
27-Apr-19, 04:58:19 
27-Apr-19, 04:58:20 
27-Apr-19, 04:58:20 
27-Apr-19, 04:58:21 
27-Apr-19, 04:58:24 
27-Apr-19, 04:58:25 
27-Apr-19, 04:58:25 
27-Apr-19, 04:58:26 
27-Apr-19, 04:58:29 
27-Apr-19, 04:58:30 
27-Apr-19, 04:58:30 
27-Apr-19, 04:58:31 
27-Apr-19, 04:58:34 
27-Apr-19, 04:58:35 
27-Apr-19, 04:58:35 
27-Apr-19, 04:58:36 
27-Apr-19, 04:58:39 
27-Apr-19, 04:58:40 
27-Apr-19, 04:58:40 
27-Apr-19, 04:58:41 
27-Apr-19, 04:58:44 
27-Apr-19, 04:58:45 
27-Apr-19, 04:58:45 
27-Apr-19, 04:58:46 
27-Apr-19, 04:58:49 
27-Apr-19, 04:58:50 
27-Apr-19, 04:58:50 
27-Apr-19, 04:58:51 
27-Apr-19, 04:58:54 
27-Apr-19, 04:58:55 
27-Apr-19, 04:58:55 
27-Apr-19, 04:58:56 
27-Apr-19, 04:58:59 
27-Apr-19, 04:59:00 
27-Apr-19, 04:59:00 
27-Apr-19, 04:59:01 
27-Apr-19, 04:59:04 
27-Apr-19, 04:59:05 
27-Apr-19, 04:59:05 
27-Apr-19, 04:59:06 
27-Apr-19, 04:59:09 
27-Apr-19, 04:59:10 
27-Apr-19, 04:59:10 
27-Apr-19, 04:59:11 
27-Apr-19, 04:59:14 
27-Apr-19, 04:59:15 
27-Apr-19, 04:59:15 
27-Apr-19, 04:59:16 
27-Apr-19, 04:59:19 
27-Apr-19, 04:59:20 
27-Apr-19, 04:59:20 
27-Apr-19, 04:59:21 
27-Apr-19, 04:59:24 
27-Apr-19, 04:59:25 
27-Apr-19, 04:59:25 
27-Apr-19, 04:59:26 
27-Apr-19, 04:59:29 
27-Apr-19, 04:59:30 
27-Apr-19, 04:59:30 
27-Apr-19, 04:59:31 
27-Apr-19, 04:59:34 
27-Apr-19, 04:59:35 
27-Apr-19, 04:59:35 
27-Apr-19, 04:59:36 
27-Apr-19, 04:59:39 
27-Apr-19, 04:59:40 
27-Apr-19, 04:59:40 
27-Apr-19, 04:59:41 
27-Apr-19, 04:59:44 
27-Apr-19, 04:59:45 
27-Apr-19, 04:59:45 
27-Apr-19, 04:59:46 
27-Apr-19, 04:59:49 
27-Apr-19, 04:59:50 
27-Apr-19, 04:59:50 
27-Apr-19, 05:23:01 
27-Apr-19, 05:23:02 
27-Apr-19, 05:23:06 
27-Apr-19, 05:23:06 
27-Apr-19, 05:23:06 
27-Apr-19, 05:23:07 
27-Apr-19, 05:23:11 
27-Apr-19, 05:23:11 
27-Apr-19, 05:23:11 
27-Apr-19, 05:23:12 
27-Apr-19, 05:23:16 
27-Apr-19, 05:23:16 
27-Apr-19, 05:23:16 
27-Apr-19, 05:23:17 
27-Apr-19, 05:23:21 
27-Apr-19, 05:23:21 
27-Apr-19, 05:23:21 
27-Apr-19, 05:23:22 
27-Apr-19, 05:23:26 
27-Apr-19, 05:23:26 
27-Apr-19, 05:23:26 
27-Apr-19, 05:23:27 
27-Apr-19, 05:23:31 
27-Apr-19, 05:23:31 
27-Apr-19, 05:23:31 
27-Apr-19, 05:23:32 
27-Apr-19, 05:23:36 
27-Apr-19, 05:23:36 
27-Apr-19, 05:23:36 
27-Apr-19, 05:23:37 
27-Apr-19, 05:23:41 
27-Apr-19, 05:23:41 
27-Apr-19, 05:23:41 
27-Apr-19, 05:23:42 
27-Apr-19, 05:23:46 
27-Apr-19, 05:23:46 
27-Apr-19, 05:23:46 
27-Apr-19, 05:23:47 
27-Apr-19, 05:23:51 
27-Apr-19, 05:23:51 
27-Apr-19, 05:23:52 
27-Apr-19, 05:23:52 
27-Apr-19, 05:23:56 
27-Apr-19, 05:23:56 
27-Apr-19, 05:23:57 
27-Apr-19, 05:23:57 
27-Apr-19, 05:24:01 
27-Apr-19, 05:24:01 
27-Apr-19, 05:24:02 
27-Apr-19, 05:24:02 
27-Apr-19, 05:24:06 
27-Apr-19, 05:24:06 
27-Apr-19, 05:24:07 
27-Apr-19, 05:24:07 
27-Apr-19, 05:24:11 
27-Apr-19, 05:24:11 
27-Apr-19, 05:24:12 
27-Apr-19, 05:24:12 
27-Apr-19, 05:24:16 
27-Apr-19, 05:24:16 
27-Apr-19, 05:24:17 
27-Apr-19, 05:24:17 
27-Apr-19, 05:24:21 
27-Apr-19, 05:24:22 
27-Apr-19, 05:24:22 
27-Apr-19, 05:24:31 
27-Apr-19, 05:24:31 
27-Apr-19, 05:24:32 
27-Apr-19, 05:24:32 
27-Apr-19, 05:24:36 
27-Apr-19, 05:24:36 
27-Apr-19, 05:24:37 
27-Apr-19, 05:24:37 
27-Apr-19, 05:24:41 
27-Apr-19, 05:24:41 
27-Apr-19, 05:24:42 
27-Apr-19, 05:24:42 
27-Apr-19, 05:24:46 
27-Apr-19, 05:24:46 
27-Apr-19, 05:24:47 
27-Apr-19, 05:24:47 
27-Apr-19, 05:24:51 
27-Apr-19, 05:24:51 
27-Apr-19, 05:24:52 
27-Apr-19, 05:24:52 
27-Apr-19, 05:24:56 
27-Apr-19, 05:24:56 
27-Apr-19, 05:24:57 
27-Apr-19, 05:24:57 
27-Apr-19, 05:25:01 
27-Apr-19, 05:25:01 
27-Apr-19, 05:25:02 
27-Apr-19, 05:25:02 
27-Apr-19, 05:25:06 
27-Apr-19, 05:25:06 
27-Apr-19, 05:25:07 
27-Apr-19, 05:25:07 
27-Apr-19, 05:25:11 
27-Apr-19, 05:25:11 
27-Apr-19, 05:25:12 
27-Apr-19, 05:25:12 
27-Apr-19, 05:25:16 
27-Apr-19, 05:25:16 
27-Apr-19, 05:25:17 
27-Apr-19, 05:25:17 
27-Apr-19, 05:25:21 
27-Apr-19, 05:25:21 
27-Apr-19, 05:25:22 
27-Apr-19, 05:25:22 
27-Apr-19, 05:25:26 
27-Apr-19, 05:25:26 
27-Apr-19, 05:25:27 
27-Apr-19, 05:25:27 
27-Apr-19, 05:25:31 
27-Apr-19, 05:25:31 
27-Apr-19, 05:25:32 
27-Apr-19, 05:25:32 
27-Apr-19, 05:25:36 
27-Apr-19, 05:25:36 
27-Apr-19, 05:25:37 
27-Apr-19, 05:25:37 
27-Apr-19, 05:25:41 
27-Apr-19, 05:25:41 
27-Apr-19, 05:25:42 
27-Apr-19, 05:25:42 
27-Apr-19, 05:25:46 
27-Apr-19, 05:25:46 
27-Apr-19, 05:25:47 
27-Apr-19, 05:25:47 
27-Apr-19, 05:25:51 
27-Apr-19, 05:25:51 
27-Apr-19, 05:25:52 
27-Apr-19, 05:25:52 
27-Apr-19, 05:25:56 
27-Apr-19, 05:25:56 
27-Apr-19, 05:25:57 
27-Apr-19, 05:25:57 
27-Apr-19, 05:26:01 
27-Apr-19, 05:26:01 
27-Apr-19, 05:26:02 
27-Apr-19, 05:26:02 
27-Apr-19, 05:26:06 
27-Apr-19, 05:26:06 
27-Apr-19, 05:26:07 
27-Apr-19, 05:26:07 
27-Apr-19, 05:26:11 
27-Apr-19, 05:26:12 
27-Apr-19, 05:26:12 
27-Apr-19, 05:26:16 
27-Apr-19, 05:26:16 
27-Apr-19, 05:26:17 
27-Apr-19, 05:26:17 
27-Apr-19, 05:26:21 
27-Apr-19, 05:26:21 
27-Apr-19, 05:26:22 
27-Apr-19, 05:26:22 
27-Apr-19, 05:26:26 
27-Apr-19, 05:26:26 
27-Apr-19, 05:26:27 
27-Apr-19, 05:26:27 
27-Apr-19, 05:26:31 
27-Apr-19, 05:26:31 
27-Apr-19, 05:26:32 
27-Apr-19, 05:26:32 
27-Apr-19, 05:26:36 
27-Apr-19, 05:26:36 
27-Apr-19, 05:26:37 
27-Apr-19, 05:26:37 
27-Apr-19, 05:26:41 
27-Apr-19, 05:26:41 
27-Apr-19, 05:26:42 
27-Apr-19, 05:26:42 
27-Apr-19, 05:26:46 
27-Apr-19, 05:26:47 
27-Apr-19, 05:26:47 
27-Apr-19, 05:26:51 
27-Apr-19, 05:26:51 
27-Apr-19, 05:26:52 
27-Apr-19, 05:26:52 
27-Apr-19, 05:26:56 
27-Apr-19, 05:26:56 
27-Apr-19, 05:26:57 
27-Apr-19, 05:26:57 
27-Apr-19, 05:27:01 
27-Apr-19, 05:27:01 
27-Apr-19, 05:27:02 
27-Apr-19, 05:27:02 
27-Apr-19, 05:27:06 
27-Apr-19, 05:27:06 
27-Apr-19, 05:27:07 
27-Apr-19, 05:27:07 
27-Apr-19, 05:27:11 
27-Apr-19, 05:27:11 
27-Apr-19, 05:27:12 
27-Apr-19, 05:27:12 
27-Apr-19, 05:27:16 
27-Apr-19, 05:27:16 
27-Apr-19, 05:27:17 
27-Apr-19, 05:27:17 
27-Apr-19, 05:27:21 
27-Apr-19, 05:27:21 
27-Apr-19, 05:27:22 
27-Apr-19, 05:27:22 
27-Apr-19, 05:27:26 
27-Apr-19, 05:27:26 
27-Apr-19, 05:27:27 
27-Apr-19, 05:27:27 
27-Apr-19, 05:27:31 
27-Apr-19, 05:27:31 
27-Apr-19, 05:27:32 
27-Apr-19, 05:27:32 
27-Apr-19, 05:27:36 
27-Apr-19, 05:27:37 
27-Apr-19, 05:27:37 
27-Apr-19, 05:27:41 
27-Apr-19, 05:27:41 
27-Apr-19, 05:27:42 
27-Apr-19, 05:27:42 
27-Apr-19, 05:27:46 
27-Apr-19, 05:27:46 
27-Apr-19, 05:27:47 
27-Apr-19, 05:27:47 
27-Apr-19, 05:27:51 
27-Apr-19, 05:27:52 
27-Apr-19, 05:27:52 
27-Apr-19, 05:27:52 
27-Apr-19, 05:27:56 
27-Apr-19, 05:27:57 
27-Apr-19, 05:27:57 
27-Apr-19, 05:27:57 
27-Apr-19, 05:28:01 
27-Apr-19, 05:28:02 
27-Apr-19, 05:28:02 
27-Apr-19, 05:28:02 
27-Apr-19, 05:28:06 
27-Apr-19, 05:28:07 
27-Apr-19, 05:28:07 
27-Apr-19, 05:28:07 
27-Apr-19, 05:28:11 
27-Apr-19, 05:28:12 
27-Apr-19, 05:28:12 
27-Apr-19, 05:28:12 
27-Apr-19, 05:28:16 
27-Apr-19, 05:28:17 
27-Apr-19, 05:28:17 
27-Apr-19, 05:28:17 
27-Apr-19, 05:28:21 
27-Apr-19, 05:28:22 
27-Apr-19, 05:28:22 
27-Apr-19, 05:28:22 
27-Apr-19, 05:28:26 
27-Apr-19, 05:28:27 
27-Apr-19, 05:28:27 
27-Apr-19, 05:28:27 
27-Apr-19, 05:28:31 
27-Apr-19, 05:28:32 
27-Apr-19, 05:28:32 
27-Apr-19, 05:28:32 
27-Apr-19, 05:28:36 
27-Apr-19, 05:28:37 
27-Apr-19, 05:28:37 
27-Apr-19, 05:28:41 
27-Apr-19, 05:28:42 
27-Apr-19, 05:28:42 
27-Apr-19, 05:28:42 
27-Apr-19, 05:28:46 
27-Apr-19, 05:28:47 
27-Apr-19, 05:28:47 
27-Apr-19, 05:28:47 
27-Apr-19, 05:28:51 
27-Apr-19, 05:28:52 
27-Apr-19, 05:28:52 
27-Apr-19, 05:28:52 
27-Apr-19, 05:28:56 
27-Apr-19, 05:28:57 
27-Apr-19, 05:28:57 
27-Apr-19, 05:28:57 
27-Apr-19, 05:29:01 
27-Apr-19, 05:29:02 
27-Apr-19, 05:29:02 
27-Apr-19, 05:29:02 
27-Apr-19, 05:29:06 
27-Apr-19, 05:29:07 
27-Apr-19, 05:29:07 
27-Apr-19, 05:29:07 
27-Apr-19, 05:29:11 
27-Apr-19, 05:29:12 
27-Apr-19, 05:29:12 
27-Apr-19, 05:29:12 
27-Apr-19, 05:29:16 
27-Apr-19, 05:29:17 
27-Apr-19, 05:29:17 
27-Apr-19, 05:29:17 
27-Apr-19, 05:29:21 
27-Apr-19, 05:29:22 
27-Apr-19, 05:29:22 
27-Apr-19, 05:29:22 
27-Apr-19, 05:29:26 
27-Apr-19, 05:29:27 
27-Apr-19, 05:29:27 
27-Apr-19, 05:29:27 
27-Apr-19, 05:29:31 
27-Apr-19, 05:29:32 
27-Apr-19, 05:29:32 
27-Apr-19, 05:29:32 
27-Apr-19, 05:29:36 
27-Apr-19, 05:29:37 
27-Apr-19, 05:29:37 
27-Apr-19, 05:29:37 
27-Apr-19, 05:29:41 
27-Apr-19, 05:29:42 
27-Apr-19, 05:29:42 
27-Apr-19, 05:29:42 
27-Apr-19, 05:29:47 
27-Apr-19, 05:29:47 
27-Apr-19, 05:29:47 
27-Apr-19, 05:29:47 
27-Apr-19, 05:29:52 
27-Apr-19, 05:29:52 
27-Apr-19, 05:29:52 
27-Apr-19, 05:29:52 
27-Apr-19, 05:29:57 
27-Apr-19, 05:29:57 
27-Apr-19, 05:29:57 
27-Apr-19, 05:29:57 
27-Apr-19, 05:30:02 
27-Apr-19, 05:30:02 
27-Apr-19, 05:30:02 
27-Apr-19, 05:30:02 
27-Apr-19, 05:30:07 
27-Apr-19, 05:30:07 
27-Apr-19, 05:30:07 
27-Apr-19, 05:30:12 
27-Apr-19, 05:30:12 
27-Apr-19, 05:30:12 
27-Apr-19, 05:30:12 
27-Apr-19, 05:30:17 
27-Apr-19, 05:30:17 
27-Apr-19, 05:30:17 
27-Apr-19, 05:30:17 
27-Apr-19, 05:30:22 
27-Apr-19, 05:30:22 
27-Apr-19, 05:30:22 
27-Apr-19, 05:30:22 
27-Apr-19, 05:30:27 
27-Apr-19, 05:30:27 
27-Apr-19, 05:30:27 
27-Apr-19, 05:30:27 
27-Apr-19, 05:30:32 
27-Apr-19, 05:30:32 
27-Apr-19, 05:30:32 
27-Apr-19, 05:30:32 
27-Apr-19, 05:30:37 
27-Apr-19, 05:30:37 
27-Apr-19, 05:30:37 
27-Apr-19, 05:30:37 
27-Apr-19, 05:30:42 
27-Apr-19, 05:30:42 
27-Apr-19, 05:30:42 
27-Apr-19, 05:30:42 
27-Apr-19, 05:30:47 
27-Apr-19, 05:30:47 
27-Apr-19, 05:30:47 
27-Apr-19, 05:30:47 
27-Apr-19, 05:30:52 
27-Apr-19, 05:30:52 
27-Apr-19, 05:30:52 
27-Apr-19, 05:30:52 
27-Apr-19, 05:30:57 
27-Apr-19, 05:30:57 
27-Apr-19, 05:30:57 
27-Apr-19, 05:30:57 
27-Apr-19, 05:31:02 
27-Apr-19, 05:31:02 
27-Apr-19, 05:31:02 
27-Apr-19, 05:31:02 
27-Apr-19, 05:31:07 
27-Apr-19, 05:31:07 
27-Apr-19, 05:31:07 
27-Apr-19, 05:31:07 
27-Apr-19, 05:31:12 
27-Apr-19, 05:31:12 
27-Apr-19, 05:31:12 
27-Apr-19, 05:31:12 
27-Apr-19, 05:31:17 
27-Apr-19, 05:31:17 
27-Apr-19, 05:31:17 
27-Apr-19, 05:31:17 
27-Apr-19, 05:31:22 
27-Apr-19, 05:31:22 
27-Apr-19, 05:31:22 
27-Apr-19, 05:31:22 
27-Apr-19, 05:31:27 
27-Apr-19, 05:31:27 
27-Apr-19, 05:31:27 
27-Apr-19, 05:31:27 
27-Apr-19, 05:31:32 
27-Apr-19, 05:31:32 
27-Apr-19, 05:31:32 
27-Apr-19, 05:31:37 
27-Apr-19, 05:31:37 
27-Apr-19, 05:31:37 
27-Apr-19, 05:31:37 
27-Apr-19, 05:31:42 
27-Apr-19, 05:31:42 
27-Apr-19, 05:31:42 
27-Apr-19, 05:31:42 
27-Apr-19, 05:31:47 
27-Apr-19, 05:31:47 
27-Apr-19, 05:31:47 
27-Apr-19, 05:31:47 
27-Apr-19, 05:31:52 
27-Apr-19, 05:31:52 
27-Apr-19, 05:31:52 
27-Apr-19, 05:31:52 
27-Apr-19, 05:31:57 
27-Apr-19, 05:31:57 
27-Apr-19, 05:31:57 
27-Apr-19, 05:31:57 
27-Apr-19, 05:32:02 
27-Apr-19, 05:32:02 
27-Apr-19, 05:32:02 
27-Apr-19, 05:32:02 
27-Apr-19, 05:32:07 
27-Apr-19, 05:32:07 
27-Apr-19, 05:32:07 
27-Apr-19, 05:32:07 
27-Apr-19, 05:32:12 
27-Apr-19, 05:32:12 
27-Apr-19, 05:32:12 
27-Apr-19, 05:32:12 
27-Apr-19, 05:32:17 
27-Apr-19, 05:32:17 
27-Apr-19, 05:32:17 
27-Apr-19, 05:32:17 
27-Apr-19, 05:32:22 
27-Apr-19, 05:32:22 
27-Apr-19, 05:32:22 
27-Apr-19, 05:32:22 
27-Apr-19, 05:32:27 
27-Apr-19, 05:32:27 
27-Apr-19, 05:32:27 
27-Apr-19, 05:32:27 
27-Apr-19, 05:32:32 
27-Apr-19, 05:32:32 
27-Apr-19, 05:32:32 
27-Apr-19, 05:32:32 
27-Apr-19, 05:32:37 
27-Apr-19, 05:32:37 
27-Apr-19, 05:32:37 
27-Apr-19, 05:32:37 
27-Apr-19, 05:32:42 
27-Apr-19, 05:32:42 
27-Apr-19, 05:32:42 
27-Apr-19, 05:32:42 
27-Apr-19, 05:32:47 
27-Apr-19, 05:32:47 
27-Apr-19, 05:32:47 
27-Apr-19, 05:32:47 
27-Apr-19, 05:32:52 
27-Apr-19, 05:32:52 
27-Apr-19, 05:32:52 
27-Apr-19, 05:32:52 
27-Apr-19, 05:32:57 
27-Apr-19, 05:32:57 
27-Apr-19, 05:32:57 
27-Apr-19, 05:32:57 
27-Apr-19, 05:33:02 
27-Apr-19, 05:33:02 
27-Apr-19, 05:33:02 
27-Apr-19, 05:33:07 
27-Apr-19, 05:33:07 
27-Apr-19, 05:33:07 
27-Apr-19, 05:33:07 
27-Apr-19, 05:33:12 
27-Apr-19, 05:33:12 
27-Apr-19, 05:33:12 
27-Apr-19, 05:33:12 
27-Apr-19, 05:33:17 
27-Apr-19, 05:33:17 
27-Apr-19, 05:33:17 
27-Apr-19, 05:33:17 
27-Apr-19, 05:33:22 
27-Apr-19, 05:33:22 
27-Apr-19, 05:33:22 
27-Apr-19, 05:33:22 
27-Apr-19, 05:33:27 
27-Apr-19, 05:33:27 
27-Apr-19, 05:33:27 
27-Apr-19, 05:33:27 
27-Apr-19, 05:33:32 
27-Apr-19, 05:33:32 
27-Apr-19, 05:33:32 
27-Apr-19, 05:33:32 
27-Apr-19, 05:33:37 
27-Apr-19, 05:33:37 
27-Apr-19, 05:33:37 
27-Apr-19, 05:33:37 
27-Apr-19, 05:33:42 
27-Apr-19, 05:33:42 
27-Apr-19, 05:33:42 
27-Apr-19, 05:33:47 
27-Apr-19, 05:33:47 
27-Apr-19, 05:33:47 
27-Apr-19, 05:33:47 
27-Apr-19, 05:33:52 
27-Apr-19, 05:33:52 
27-Apr-19, 05:33:52 
27-Apr-19, 05:33:52 
27-Apr-19, 05:33:57 
27-Apr-19, 05:33:57 
27-Apr-19, 05:33:57 
27-Apr-19, 05:33:57 
27-Apr-19, 05:34:02 
27-Apr-19, 05:34:02 
27-Apr-19, 05:34:02 
27-Apr-19, 05:34:02 
27-Apr-19, 05:34:12 
27-Apr-19, 05:34:12 
27-Apr-19, 05:34:12 
27-Apr-19, 05:34:12 
27-Apr-19, 05:34:17 
27-Apr-19, 05:34:17 
27-Apr-19, 05:34:17 
27-Apr-19, 05:34:17 
27-Apr-19, 05:34:22 
27-Apr-19, 05:34:22 
27-Apr-19, 05:34:22 
27-Apr-19, 05:34:22 
27-Apr-19, 05:34:27 
27-Apr-19, 05:34:27 
27-Apr-19, 05:34:27 
27-Apr-19, 05:34:27 
27-Apr-19, 05:34:32 
27-Apr-19, 05:34:32 
27-Apr-19, 05:34:32 
27-Apr-19, 05:34:32 
27-Apr-19, 05:34:37 
27-Apr-19, 05:34:37 
27-Apr-19, 05:34:37 
27-Apr-19, 05:34:37 
27-Apr-19, 05:34:42 
27-Apr-19, 05:34:42 
27-Apr-19, 05:34:42 
27-Apr-19, 05:34:42 
27-Apr-19, 05:34:47 
27-Apr-19, 05:34:47 
27-Apr-19, 05:34:47 
27-Apr-19, 05:34:47 
27-Apr-19, 05:34:52 
27-Apr-19, 05:34:52 
27-Apr-19, 05:34:52 
27-Apr-19, 05:34:52 
27-Apr-19, 05:34:57 
27-Apr-19, 05:34:57 
27-Apr-19, 05:34:57 
27-Apr-19, 05:34:57 
27-Apr-19, 05:35:02 
27-Apr-19, 05:35:02 
27-Apr-19, 05:35:02 
27-Apr-19, 05:35:02 
27-Apr-19, 05:35:07 
27-Apr-19, 05:35:07 
27-Apr-19, 05:35:07 
27-Apr-19, 05:35:07 
27-Apr-19, 05:35:12 
27-Apr-19, 05:35:12 
27-Apr-19, 05:35:12 
27-Apr-19, 05:35:17 
27-Apr-19, 05:35:17 
27-Apr-19, 05:35:17 
27-Apr-19, 05:35:17 
27-Apr-19, 05:35:22 
27-Apr-19, 05:35:22 
27-Apr-19, 05:35:22 
27-Apr-19, 05:35:22 
27-Apr-19, 05:35:27 
27-Apr-19, 05:35:27 
27-Apr-19, 05:35:27 
27-Apr-19, 05:35:27 
27-Apr-19, 05:35:32 
27-Apr-19, 05:35:32 
27-Apr-19, 05:35:32 
27-Apr-19, 05:35:32 
27-Apr-19, 05:35:37 
27-Apr-19, 05:35:37 
27-Apr-19, 05:35:37 
27-Apr-19, 05:35:37 
27-Apr-19, 05:35:42 
27-Apr-19, 05:35:42 
27-Apr-19, 05:35:42 
27-Apr-19, 05:35:42 
27-Apr-19, 05:35:47 
27-Apr-19, 05:35:47 
27-Apr-19, 05:35:47 
27-Apr-19, 05:35:47 
27-Apr-19, 05:35:52 
27-Apr-19, 05:35:52 
27-Apr-19, 05:35:52 
27-Apr-19, 05:35:52 
27-Apr-19, 05:35:57 
27-Apr-19, 05:35:57 
27-Apr-19, 05:35:57 
27-Apr-19, 05:36:02 
27-Apr-19, 05:36:02 
27-Apr-19, 05:36:02 
27-Apr-19, 05:36:02 
27-Apr-19, 05:36:07 
27-Apr-19, 05:36:07 
27-Apr-19, 05:36:07 
27-Apr-19, 05:36:07 
27-Apr-19, 05:36:12 
27-Apr-19, 05:36:12 
27-Apr-19, 05:36:12 
27-Apr-19, 05:36:12 
27-Apr-19, 05:36:17 
27-Apr-19, 05:36:17 
27-Apr-19, 05:36:17 
27-Apr-19, 05:36:17 
27-Apr-19, 05:36:22 
27-Apr-19, 05:36:22 
27-Apr-19, 05:36:22 
27-Apr-19, 05:36:22 
27-Apr-19, 05:36:27 
27-Apr-19, 05:36:27 
27-Apr-19, 05:36:27 
27-Apr-19, 05:36:27 
27-Apr-19, 05:36:32 
27-Apr-19, 05:36:32 
27-Apr-19, 05:36:32 
27-Apr-19, 05:36:32 
27-Apr-19, 05:36:37 
27-Apr-19, 05:36:37 
27-Apr-19, 05:36:37 
27-Apr-19, 05:36:37 
27-Apr-19, 05:36:42 
27-Apr-19, 05:36:42 
27-Apr-19, 05:36:42 
27-Apr-19, 05:36:42 
27-Apr-19, 05:36:47 
27-Apr-19, 05:36:47 
27-Apr-19, 05:36:47 
27-Apr-19, 05:36:47 
27-Apr-19, 05:36:52 
27-Apr-19, 05:36:52 
27-Apr-19, 05:36:52 
27-Apr-19, 05:36:52 
27-Apr-19, 05:36:57 
27-Apr-19, 05:36:57 
27-Apr-19, 05:36:57 
27-Apr-19, 05:36:58 
27-Apr-19, 05:37:02 
27-Apr-19, 05:37:02 
27-Apr-19, 05:37:02 
27-Apr-19, 05:37:03 
27-Apr-19, 05:37:07 
27-Apr-19, 05:37:07 
27-Apr-19, 05:37:07 
27-Apr-19, 05:37:08 
27-Apr-19, 05:37:12 
27-Apr-19, 05:37:12 
27-Apr-19, 05:37:12 
27-Apr-19, 05:37:13 
27-Apr-19, 05:37:17 
27-Apr-19, 05:37:17 
27-Apr-19, 05:37:17 
27-Apr-19, 05:37:18 
27-Apr-19, 05:37:22 
27-Apr-19, 05:37:22 
27-Apr-19, 05:37:22 
27-Apr-19, 05:37:23 
27-Apr-19, 05:37:27 
27-Apr-19, 05:37:27 
27-Apr-19, 05:37:28 
27-Apr-19, 05:37:32 
27-Apr-19, 05:37:32 
27-Apr-19, 05:37:32 
27-Apr-19, 05:37:33 
27-Apr-19, 05:37:37 
27-Apr-19, 05:37:37 
27-Apr-19, 05:37:37 
27-Apr-19, 05:37:38 
27-Apr-19, 05:37:42 
27-Apr-19, 05:37:42 
27-Apr-19, 05:37:42 
27-Apr-19, 05:37:43 
27-Apr-19, 05:37:47 
27-Apr-19, 05:37:47 
27-Apr-19, 05:37:47 
27-Apr-19, 05:37:48 
27-Apr-19, 05:37:52 
27-Apr-19, 05:37:52 
27-Apr-19, 05:37:52 
27-Apr-19, 05:37:53 
27-Apr-19, 05:37:57 
27-Apr-19, 05:37:57 
27-Apr-19, 05:37:57 
27-Apr-19, 05:37:58 
27-Apr-19, 05:38:02 
27-Apr-19, 05:38:02 
27-Apr-19, 05:38:02 
27-Apr-19, 05:38:03 
27-Apr-19, 05:38:07 
27-Apr-19, 05:38:07 
27-Apr-19, 05:38:07 
27-Apr-19, 05:38:08 
27-Apr-19, 05:38:12 
27-Apr-19, 05:38:12 
27-Apr-19, 05:38:12 
27-Apr-19, 05:38:13 
27-Apr-19, 05:38:17 
27-Apr-19, 05:38:17 
27-Apr-19, 05:38:17 
27-Apr-19, 05:38:18 
27-Apr-19, 05:38:22 
27-Apr-19, 05:38:22 
27-Apr-19, 05:38:22 
27-Apr-19, 05:38:23 
27-Apr-19, 05:38:27 
27-Apr-19, 05:38:27 
27-Apr-19, 05:38:27 
27-Apr-19, 05:38:28 
27-Apr-19, 05:38:32 
27-Apr-19, 05:38:32 
27-Apr-19, 05:38:32 
27-Apr-19, 05:38:33 
27-Apr-19, 05:38:37 
27-Apr-19, 05:38:37 
27-Apr-19, 05:38:37 
27-Apr-19, 05:38:38 
27-Apr-19, 05:38:42 
27-Apr-19, 05:38:42 
27-Apr-19, 05:38:42 
27-Apr-19, 05:38:43 
27-Apr-19, 05:38:47 
27-Apr-19, 05:38:47 
27-Apr-19, 05:38:47 
27-Apr-19, 05:38:48 
27-Apr-19, 05:38:52 
27-Apr-19, 05:38:52 
27-Apr-19, 05:38:53 
27-Apr-19, 05:38:57 
27-Apr-19, 05:38:57 
27-Apr-19, 05:38:57 
27-Apr-19, 05:38:58 
27-Apr-19, 05:39:02 
27-Apr-19, 05:39:02 
27-Apr-19, 05:39:02 
27-Apr-19, 05:39:03 
27-Apr-19, 05:39:07 
27-Apr-19, 05:39:07 
27-Apr-19, 05:39:07 
27-Apr-19, 05:39:08 
27-Apr-19, 05:39:12 
27-Apr-19, 05:39:12 
27-Apr-19, 05:39:12 
27-Apr-19, 05:39:13 
27-Apr-19, 05:39:17 
27-Apr-19, 05:39:17 
27-Apr-19, 05:39:17 
27-Apr-19, 05:39:18 
27-Apr-19, 05:39:22 
27-Apr-19, 05:39:22 
27-Apr-19, 05:39:22 
27-Apr-19, 05:39:23 
27-Apr-19, 05:39:27 
27-Apr-19, 05:39:27 
27-Apr-19, 05:39:27 
27-Apr-19, 05:39:28 
27-Apr-19, 05:39:32 
27-Apr-19, 05:39:32 
27-Apr-19, 05:39:32 
27-Apr-19, 05:39:33 
27-Apr-19, 05:39:37 
27-Apr-19, 05:39:37 
27-Apr-19, 05:39:37 
27-Apr-19, 05:39:38 
27-Apr-19, 05:39:42 
27-Apr-19, 05:39:42 
27-Apr-19, 05:39:42 
27-Apr-19, 05:39:43 
27-Apr-19, 05:39:47 
27-Apr-19, 05:39:47 
27-Apr-19, 05:39:47 
27-Apr-19, 05:39:48 
27-Apr-19, 05:39:52 
27-Apr-19, 05:39:52 
27-Apr-19, 05:39:52 
27-Apr-19, 05:39:53 
27-Apr-19, 05:39:57 
27-Apr-19, 05:39:57 
27-Apr-19, 05:39:57 
27-Apr-19, 05:39:58 
27-Apr-19, 05:40:02 
27-Apr-19, 05:40:02 
27-Apr-19, 05:40:02 
27-Apr-19, 05:40:03 
27-Apr-19, 05:40:07 
27-Apr-19, 05:40:07 
27-Apr-19, 05:40:07 
27-Apr-19, 05:40:08 
27-Apr-19, 05:40:12 
27-Apr-19, 05:40:12 
27-Apr-19, 05:40:12 
27-Apr-19, 05:40:13 
27-Apr-19, 05:40:17 
27-Apr-19, 05:40:17 
27-Apr-19, 05:40:17 
27-Apr-19, 05:40:18 
27-Apr-19, 05:40:22 
27-Apr-19, 05:40:22 
27-Apr-19, 05:40:22 
27-Apr-19, 05:40:23 
27-Apr-19, 05:40:27 
27-Apr-19, 05:40:27 
27-Apr-19, 05:40:27 
27-Apr-19, 05:40:28 
27-Apr-19, 05:40:32 
27-Apr-19, 05:40:32 
27-Apr-19, 05:40:32 
27-Apr-19, 05:40:33 
27-Apr-19, 05:40:37 
27-Apr-19, 05:40:37 
27-Apr-19, 05:40:37 
27-Apr-19, 05:40:38 
27-Apr-19, 05:40:42 
27-Apr-19, 05:40:42 
27-Apr-19, 05:40:43 
27-Apr-19, 05:40:47 
27-Apr-19, 05:40:47 
27-Apr-19, 05:40:47 
27-Apr-19, 05:40:48 
27-Apr-19, 05:40:52 
27-Apr-19, 05:40:52 
27-Apr-19, 05:40:52 
27-Apr-19, 05:40:53 
27-Apr-19, 04:59:51 
27-Apr-19, 04:59:54 
27-Apr-19, 04:59:55 
27-Apr-19, 04:59:55 
27-Apr-19, 04:59:56 
27-Apr-19, 04:59:59 
27-Apr-19, 05:00:00 
27-Apr-19, 05:00:00 
27-Apr-19, 05:00:02 
27-Apr-19, 05:00:04 
27-Apr-19, 05:00:05 
27-Apr-19, 05:00:07 
27-Apr-19, 05:00:09 
27-Apr-19, 05:00:10 
27-Apr-19, 05:00:10 
27-Apr-19, 05:00:12 
27-Apr-19, 05:00:14 
27-Apr-19, 05:00:15 
27-Apr-19, 05:00:15 
27-Apr-19, 05:00:17 
27-Apr-19, 05:00:19 
27-Apr-19, 05:00:20 
27-Apr-19, 05:00:20 
27-Apr-19, 05:00:22 
27-Apr-19, 05:00:24 
27-Apr-19, 05:00:25 
27-Apr-19, 05:00:25 
27-Apr-19, 05:00:27 
27-Apr-19, 05:00:29 
27-Apr-19, 05:00:30 
27-Apr-19, 05:00:30 
27-Apr-19, 05:00:32 
27-Apr-19, 05:00:34 
27-Apr-19, 05:00:35 
27-Apr-19, 05:00:35 
27-Apr-19, 05:00:37 
27-Apr-19, 05:00:39 
27-Apr-19, 05:00:40 
27-Apr-19, 05:00:40 
27-Apr-19, 05:00:42 
27-Apr-19, 05:00:44 
27-Apr-19, 05:00:45 
27-Apr-19, 05:00:45 
27-Apr-19, 05:00:47 
27-Apr-19, 05:00:49 
27-Apr-19, 05:00:50 
27-Apr-19, 05:00:50 
27-Apr-19, 05:00:52 
27-Apr-19, 05:00:54 
27-Apr-19, 05:00:55 
27-Apr-19, 05:00:55 
27-Apr-19, 05:00:57 
27-Apr-19, 05:00:59 
27-Apr-19, 05:01:00 
27-Apr-19, 05:01:00 
27-Apr-19, 05:01:02 
27-Apr-19, 05:01:04 
27-Apr-19, 05:01:05 
27-Apr-19, 05:01:05 
27-Apr-19, 05:01:07 
27-Apr-19, 05:01:09 
27-Apr-19, 05:01:10 
27-Apr-19, 05:01:10 
27-Apr-19, 05:01:12 
27-Apr-19, 05:01:14 
27-Apr-19, 05:01:15 
27-Apr-19, 05:01:15 
27-Apr-19, 05:01:17 
27-Apr-19, 05:01:19 
27-Apr-19, 05:01:20 
27-Apr-19, 05:01:20 
27-Apr-19, 05:01:22 
27-Apr-19, 05:01:24 
27-Apr-19, 05:01:25 
27-Apr-19, 05:01:25 
27-Apr-19, 05:01:27 
27-Apr-19, 05:01:29 
27-Apr-19, 05:01:30 
27-Apr-19, 05:01:30 
27-Apr-19, 05:01:32 
27-Apr-19, 05:01:34 
27-Apr-19, 05:01:36 
27-Apr-19, 05:01:36 
27-Apr-19, 05:01:37 
27-Apr-19, 05:01:39 
27-Apr-19, 05:01:41 
27-Apr-19, 05:01:41 
27-Apr-19, 05:01:42 
27-Apr-19, 05:01:44 
27-Apr-19, 05:01:46 
27-Apr-19, 05:01:46 
27-Apr-19, 05:01:47 
27-Apr-19, 05:01:49 
27-Apr-19, 05:01:51 
27-Apr-19, 05:01:51 
27-Apr-19, 05:01:52 
27-Apr-19, 05:01:54 
27-Apr-19, 05:01:56 
27-Apr-19, 05:01:56 
27-Apr-19, 05:01:57 
27-Apr-19, 05:01:59 
27-Apr-19, 05:02:01 
27-Apr-19, 05:02:01 
27-Apr-19, 05:02:02 
27-Apr-19, 05:02:04 
27-Apr-19, 05:02:06 
27-Apr-19, 05:02:06 
27-Apr-19, 05:02:07 
27-Apr-19, 05:02:09 
27-Apr-19, 05:02:11 
27-Apr-19, 05:02:11 
27-Apr-19, 05:02:12 
27-Apr-19, 05:02:14 
27-Apr-19, 05:02:16 
27-Apr-19, 05:02:16 
27-Apr-19, 05:02:17 
27-Apr-19, 05:02:19 
27-Apr-19, 05:02:21 
27-Apr-19, 05:02:21 
27-Apr-19, 05:02:22 
27-Apr-19, 05:02:24 
27-Apr-19, 05:02:26 
27-Apr-19, 05:02:26 
27-Apr-19, 05:02:27 
27-Apr-19, 05:02:29 
27-Apr-19, 05:02:31 
27-Apr-19, 05:02:31 
27-Apr-19, 05:02:32 
27-Apr-19, 05:02:34 
27-Apr-19, 05:02:36 
27-Apr-19, 05:02:36 
27-Apr-19, 05:02:37 
27-Apr-19, 05:02:39 
27-Apr-19, 05:02:41 
27-Apr-19, 05:02:41 
27-Apr-19, 05:02:42 
27-Apr-19, 05:02:44 
27-Apr-19, 05:02:46 
27-Apr-19, 05:02:46 
27-Apr-19, 05:02:47 
27-Apr-19, 05:02:49 
27-Apr-19, 05:02:51 
27-Apr-19, 05:02:51 
27-Apr-19, 05:02:52 
27-Apr-19, 05:02:54 
27-Apr-19, 05:02:56 
27-Apr-19, 05:02:56 
27-Apr-19, 05:02:57 
27-Apr-19, 05:02:59 
27-Apr-19, 05:03:01 
27-Apr-19, 05:03:01 
27-Apr-19, 05:03:02 
27-Apr-19, 05:03:04 
27-Apr-19, 05:03:06 
27-Apr-19, 05:03:06 
27-Apr-19, 05:03:07 
27-Apr-19, 05:03:10 
27-Apr-19, 05:03:11 
27-Apr-19, 05:03:11 
27-Apr-19, 05:03:12 
27-Apr-19, 05:03:15 
27-Apr-19, 05:03:16 
27-Apr-19, 05:03:16 
27-Apr-19, 05:03:17 
27-Apr-19, 05:03:20 
27-Apr-19, 05:03:21 
27-Apr-19, 05:03:21 
27-Apr-19, 05:03:22 
27-Apr-19, 05:03:25 
27-Apr-19, 05:03:26 
27-Apr-19, 05:03:26 
27-Apr-19, 05:03:27 
27-Apr-19, 05:03:30 
27-Apr-19, 05:03:31 
27-Apr-19, 05:03:31 
27-Apr-19, 05:03:32 
27-Apr-19, 05:03:35 
27-Apr-19, 05:03:36 
27-Apr-19, 05:03:36 
27-Apr-19, 05:03:37 
27-Apr-19, 05:03:40 
27-Apr-19, 05:03:41 
27-Apr-19, 05:03:41 
27-Apr-19, 05:03:42 
27-Apr-19, 05:03:45 
27-Apr-19, 05:03:46 
27-Apr-19, 05:03:46 
27-Apr-19, 05:03:47 
27-Apr-19, 05:03:50 
27-Apr-19, 05:03:51 
27-Apr-19, 05:03:51 
27-Apr-19, 05:03:52 
27-Apr-19, 05:03:55 
27-Apr-19, 05:03:57 
27-Apr-19, 05:03:57 
27-Apr-19, 05:03:57 
27-Apr-19, 05:04:00 
27-Apr-19, 05:04:02 
27-Apr-19, 05:04:02 
27-Apr-19, 05:04:02 
27-Apr-19, 05:04:05 
27-Apr-19, 05:04:07 
27-Apr-19, 05:04:07 
27-Apr-19, 05:04:07 
27-Apr-19, 05:04:10 
27-Apr-19, 05:04:12 
27-Apr-19, 05:04:12 
27-Apr-19, 05:04:12 
27-Apr-19, 05:04:15 
27-Apr-19, 05:04:17 
27-Apr-19, 05:04:17 
27-Apr-19, 05:04:17 
27-Apr-19, 05:04:20 
27-Apr-19, 05:04:22 
27-Apr-19, 05:04:22 
27-Apr-19, 05:04:22 
27-Apr-19, 05:04:25 
27-Apr-19, 05:04:27 
27-Apr-19, 05:04:27 
27-Apr-19, 05:04:27 
27-Apr-19, 05:04:30 
27-Apr-19, 05:04:32 
27-Apr-19, 05:04:32 
27-Apr-19, 05:04:32 
27-Apr-19, 05:04:35 
27-Apr-19, 05:04:37 
27-Apr-19, 05:04:37 
27-Apr-19, 05:04:37 
27-Apr-19, 05:04:40 
27-Apr-19, 05:04:42 
27-Apr-19, 05:04:42 
27-Apr-19, 05:04:42 
27-Apr-19, 05:04:45 
27-Apr-19, 05:04:47 
27-Apr-19, 05:04:47 
27-Apr-19, 05:04:47 
27-Apr-19, 05:04:50 
27-Apr-19, 05:04:52 
27-Apr-19, 05:04:52 
27-Apr-19, 05:04:52 
27-Apr-19, 05:04:55 
27-Apr-19, 05:04:57 
27-Apr-19, 05:04:57 
27-Apr-19, 05:04:57 
27-Apr-19, 05:05:00 
27-Apr-19, 05:05:02 
27-Apr-19, 05:05:02 
27-Apr-19, 05:05:02 
27-Apr-19, 05:05:05 
27-Apr-19, 05:05:07 
27-Apr-19, 05:05:07 
27-Apr-19, 05:05:10 
27-Apr-19, 05:05:12 
27-Apr-19, 05:05:12 
27-Apr-19, 05:05:12 
27-Apr-19, 05:05:15 
27-Apr-19, 05:05:17 
27-Apr-19, 05:05:17 
27-Apr-19, 05:05:17 
27-Apr-19, 05:05:20 
27-Apr-19, 05:05:22 
27-Apr-19, 05:05:22 
27-Apr-19, 05:05:22 
27-Apr-19, 05:05:25 
27-Apr-19, 05:05:27 
27-Apr-19, 05:05:27 
27-Apr-19, 05:05:27 
27-Apr-19, 05:05:30 
27-Apr-19, 05:05:32 
27-Apr-19, 05:05:32 
27-Apr-19, 05:05:33 
27-Apr-19, 05:05:35 
27-Apr-19, 05:05:37 
27-Apr-19, 05:05:37 
27-Apr-19, 05:05:38 
27-Apr-19, 05:05:40 
27-Apr-19, 05:05:42 
27-Apr-19, 05:05:42 
27-Apr-19, 05:05:43 
27-Apr-19, 05:05:45 
27-Apr-19, 05:05:47 
27-Apr-19, 05:05:47 
27-Apr-19, 05:05:48 
27-Apr-19, 05:05:50 
27-Apr-19, 05:05:52 
27-Apr-19, 05:05:52 
27-Apr-19, 05:05:53 
27-Apr-19, 05:05:55 
27-Apr-19, 05:05:57 
27-Apr-19, 05:05:57 
27-Apr-19, 05:05:58 
27-Apr-19, 05:06:00 
27-Apr-19, 05:06:02 
27-Apr-19, 05:06:02 
27-Apr-19, 05:06:03 
27-Apr-19, 05:06:05 
27-Apr-19, 05:06:07 
27-Apr-19, 05:06:07 
27-Apr-19, 05:06:08 
27-Apr-19, 05:06:10 
27-Apr-19, 05:06:12 
27-Apr-19, 05:06:12 
27-Apr-19, 05:06:13 
27-Apr-19, 05:06:15 
27-Apr-19, 05:06:17 
27-Apr-19, 05:06:18 
27-Apr-19, 05:06:18 
27-Apr-19, 05:06:20 
27-Apr-19, 05:06:22 
27-Apr-19, 05:06:23 
27-Apr-19, 05:06:23 
27-Apr-19, 05:06:25 
27-Apr-19, 05:06:27 
27-Apr-19, 05:06:28 
27-Apr-19, 05:06:28 
27-Apr-19, 05:06:30 
27-Apr-19, 05:06:32 
27-Apr-19, 05:06:33 
27-Apr-19, 05:06:33 
27-Apr-19, 05:06:35 
27-Apr-19, 05:06:37 
27-Apr-19, 05:06:38 
27-Apr-19, 05:06:38 
27-Apr-19, 05:06:40 
27-Apr-19, 05:06:42 
27-Apr-19, 05:06:43 
27-Apr-19, 05:06:43 
27-Apr-19, 05:06:45 
27-Apr-19, 05:06:48 
27-Apr-19, 05:06:48 
27-Apr-19, 05:06:48 
27-Apr-19, 05:06:50 
27-Apr-19, 05:06:53 
27-Apr-19, 05:06:53 
27-Apr-19, 05:06:53 
27-Apr-19, 05:06:55 
27-Apr-19, 05:06:58 
27-Apr-19, 05:06:58 
27-Apr-19, 05:06:58 
27-Apr-19, 05:07:00 
27-Apr-19, 05:07:03 
27-Apr-19, 05:07:03 
27-Apr-19, 05:07:03 
27-Apr-19, 05:07:05 
27-Apr-19, 05:07:08 
27-Apr-19, 05:07:08 
27-Apr-19, 05:07:08 
27-Apr-19, 05:07:10 
27-Apr-19, 05:07:13 
27-Apr-19, 05:07:13 
27-Apr-19, 05:07:13 
27-Apr-19, 05:07:15 
27-Apr-19, 05:07:18 
27-Apr-19, 05:07:18 
27-Apr-19, 05:07:18 
27-Apr-19, 05:07:20 
27-Apr-19, 05:07:23 
27-Apr-19, 05:07:23 
27-Apr-19, 05:07:23 
27-Apr-19, 05:07:25 
27-Apr-19, 05:07:28 
27-Apr-19, 05:07:28 
27-Apr-19, 05:07:28 
27-Apr-19, 05:07:30 
27-Apr-19, 05:07:33 
27-Apr-19, 05:07:33 
27-Apr-19, 05:07:33 
27-Apr-19, 05:07:35 
27-Apr-19, 05:07:38 
27-Apr-19, 05:07:38 
27-Apr-19, 05:07:38 
27-Apr-19, 05:07:40 
27-Apr-19, 05:07:43 
27-Apr-19, 05:07:43 
27-Apr-19, 05:07:43 
27-Apr-19, 05:07:45 
27-Apr-19, 05:07:48 
27-Apr-19, 05:07:48 
27-Apr-19, 05:07:50 
27-Apr-19, 05:07:53 
27-Apr-19, 05:07:53 
27-Apr-19, 05:07:53 
27-Apr-19, 05:07:55 
27-Apr-19, 05:07:58 
27-Apr-19, 05:07:58 
27-Apr-19, 05:07:58 
27-Apr-19, 05:08:00 
27-Apr-19, 05:08:03 
27-Apr-19, 05:08:03 
27-Apr-19, 05:08:03 
27-Apr-19, 05:08:09 
27-Apr-19, 05:08:09 
27-Apr-19, 05:08:09 
27-Apr-19, 05:08:09 
27-Apr-19, 05:08:14 
27-Apr-19, 05:08:14 
27-Apr-19, 05:08:14 
27-Apr-19, 05:08:14 
27-Apr-19, 05:08:19 
27-Apr-19, 05:08:19 
27-Apr-19, 05:08:19 
27-Apr-19, 05:08:19 
27-Apr-19, 05:08:24 
27-Apr-19, 05:08:24 
27-Apr-19, 05:08:24 
27-Apr-19, 05:08:24 
27-Apr-19, 05:08:29 
27-Apr-19, 05:08:29 
27-Apr-19, 05:08:29 
27-Apr-19, 05:08:29 
27-Apr-19, 05:08:34 
27-Apr-19, 05:08:34 
27-Apr-19, 05:08:34 
27-Apr-19, 05:08:34 
27-Apr-19, 05:08:39 
27-Apr-19, 05:08:39 
27-Apr-19, 05:08:39 
27-Apr-19, 05:08:44 
27-Apr-19, 05:08:44 
27-Apr-19, 05:08:44 
27-Apr-19, 05:08:44 
27-Apr-19, 05:08:49 
27-Apr-19, 05:08:50 
27-Apr-19, 05:08:50 
27-Apr-19, 05:08:50 
27-Apr-19, 05:08:55 
27-Apr-19, 05:08:55 
27-Apr-19, 05:08:55 
27-Apr-19, 05:08:55 
27-Apr-19, 05:09:00 
27-Apr-19, 05:09:00 
27-Apr-19, 05:09:00 
27-Apr-19, 05:09:00 
27-Apr-19, 05:09:05 
27-Apr-19, 05:09:05 
27-Apr-19, 05:09:05 
27-Apr-19, 05:09:05 
27-Apr-19, 05:09:10 
27-Apr-19, 05:09:10 
27-Apr-19, 05:09:10 
27-Apr-19, 05:09:10 
27-Apr-19, 05:09:15 
27-Apr-19, 05:09:15 
27-Apr-19, 05:09:15 
27-Apr-19, 05:09:15 
27-Apr-19, 05:09:20 
27-Apr-19, 05:09:20 
27-Apr-19, 05:09:20 
27-Apr-19, 05:09:20 
27-Apr-19, 05:09:25 
27-Apr-19, 05:09:25 
27-Apr-19, 05:09:25 
27-Apr-19, 05:09:25 
27-Apr-19, 05:09:30 
27-Apr-19, 05:09:30 
27-Apr-19, 05:09:30 
27-Apr-19, 05:09:30 
27-Apr-19, 05:09:35 
27-Apr-19, 05:09:35 
27-Apr-19, 05:09:35 
27-Apr-19, 05:09:35 
27-Apr-19, 05:09:40 
27-Apr-19, 05:09:40 
27-Apr-19, 05:09:40 
27-Apr-19, 05:09:40 
27-Apr-19, 05:09:45 
27-Apr-19, 05:09:45 
27-Apr-19, 05:09:45 
27-Apr-19, 05:09:45 
27-Apr-19, 05:09:50 
27-Apr-19, 05:09:50 
27-Apr-19, 05:09:50 
27-Apr-19, 05:09:50 
27-Apr-19, 05:09:55 
27-Apr-19, 05:09:55 
27-Apr-19, 05:09:55 
27-Apr-19, 05:09:55 
27-Apr-19, 05:10:00 
27-Apr-19, 05:10:00 
27-Apr-19, 05:10:00 
27-Apr-19, 05:10:00 
27-Apr-19, 05:10:05 
27-Apr-19, 05:10:05 
27-Apr-19, 05:10:05 
27-Apr-19, 05:10:05 
27-Apr-19, 05:10:10 
27-Apr-19, 05:10:10 
27-Apr-19, 05:10:10 
27-Apr-19, 05:10:15 
27-Apr-19, 05:10:15 
27-Apr-19, 05:10:15 
27-Apr-19, 05:10:15 
27-Apr-19, 05:10:20 
27-Apr-19, 05:10:20 
27-Apr-19, 05:10:20 
27-Apr-19, 05:10:20 
27-Apr-19, 05:10:25 
27-Apr-19, 05:10:25 
27-Apr-19, 05:10:25 
27-Apr-19, 05:10:25 
27-Apr-19, 05:10:30 
27-Apr-19, 05:10:30 
27-Apr-19, 05:10:30 
27-Apr-19, 05:10:30 
27-Apr-19, 05:10:35 
27-Apr-19, 05:10:35 
27-Apr-19, 05:10:35 
27-Apr-19, 05:10:35 
27-Apr-19, 05:10:40 
27-Apr-19, 05:10:40 
27-Apr-19, 05:10:40 
27-Apr-19, 05:10:40 
27-Apr-19, 05:10:45 
27-Apr-19, 05:10:45 
27-Apr-19, 05:10:45 
27-Apr-19, 05:10:45 
27-Apr-19, 05:10:50 
27-Apr-19, 05:10:50 
27-Apr-19, 05:10:50 
27-Apr-19, 05:10:50 
27-Apr-19, 05:10:55 
27-Apr-19, 05:10:55 
27-Apr-19, 05:10:55 
27-Apr-19, 05:10:55 
27-Apr-19, 05:11:00 
27-Apr-19, 05:11:00 
27-Apr-19, 05:11:00 
27-Apr-19, 05:11:00 
27-Apr-19, 05:11:05 
27-Apr-19, 05:11:05 
27-Apr-19, 05:11:05 
27-Apr-19, 05:11:05 
27-Apr-19, 05:11:10 
27-Apr-19, 05:11:10 
27-Apr-19, 05:11:10 
27-Apr-19, 05:11:10 
27-Apr-19, 05:11:15 
27-Apr-19, 05:11:15 
27-Apr-19, 05:11:15 
27-Apr-19, 05:11:15 
27-Apr-19, 05:11:20 
27-Apr-19, 05:11:20 
27-Apr-19, 05:11:20 
27-Apr-19, 05:11:20 
27-Apr-19, 05:11:25 
27-Apr-19, 05:11:25 
27-Apr-19, 05:11:25 
27-Apr-19, 05:11:25 
27-Apr-19, 05:11:30 
27-Apr-19, 05:11:30 
27-Apr-19, 05:11:30 
27-Apr-19, 05:11:30 
27-Apr-19, 05:11:35 
27-Apr-19, 05:11:35 
27-Apr-19, 05:11:35 
27-Apr-19, 05:11:35 
27-Apr-19, 05:11:40 
27-Apr-19, 05:11:40 
27-Apr-19, 05:11:40 
27-Apr-19, 05:11:40 
27-Apr-19, 05:11:45 
27-Apr-19, 05:11:45 
27-Apr-19, 05:11:45 
27-Apr-19, 05:11:45 
27-Apr-19, 05:11:50 
27-Apr-19, 05:11:50 
27-Apr-19, 05:11:50 
27-Apr-19, 05:11:50 
27-Apr-19, 05:11:55 
27-Apr-19, 05:11:55 
27-Apr-19, 05:11:55 
27-Apr-19, 05:11:56 
27-Apr-19, 05:12:00 
27-Apr-19, 05:12:00 
27-Apr-19, 05:12:00 
27-Apr-19, 05:12:01 
27-Apr-19, 05:12:05 
27-Apr-19, 05:12:05 
27-Apr-19, 05:12:05 
27-Apr-19, 05:12:06 
27-Apr-19, 05:12:10 
27-Apr-19, 05:12:10 
27-Apr-19, 05:12:10 
27-Apr-19, 05:12:11 
27-Apr-19, 05:12:15 
27-Apr-19, 05:12:15 
27-Apr-19, 05:12:15 
27-Apr-19, 05:12:16 
27-Apr-19, 05:12:20 
27-Apr-19, 05:12:20 
27-Apr-19, 05:12:20 
27-Apr-19, 05:12:21 
27-Apr-19, 05:12:25 
27-Apr-19, 05:12:25 
27-Apr-19, 05:12:25 
27-Apr-19, 05:12:26 
27-Apr-19, 05:12:30 
27-Apr-19, 05:12:30 
27-Apr-19, 05:12:30 
27-Apr-19, 05:12:31 
27-Apr-19, 05:12:35 
27-Apr-19, 05:12:35 
27-Apr-19, 05:12:35 
27-Apr-19, 05:12:36 
27-Apr-19, 05:12:40 
27-Apr-19, 05:12:40 
27-Apr-19, 05:12:40 
27-Apr-19, 05:12:41 
27-Apr-19, 05:12:45 
27-Apr-19, 05:12:45 
27-Apr-19, 05:12:45 
27-Apr-19, 05:12:46 
27-Apr-19, 05:12:50 
27-Apr-19, 05:12:50 
27-Apr-19, 05:12:50 
27-Apr-19, 05:12:51 
27-Apr-19, 05:12:55 
27-Apr-19, 05:12:55 
27-Apr-19, 05:12:56 
27-Apr-19, 05:13:00 
27-Apr-19, 05:13:00 
27-Apr-19, 05:13:00 
27-Apr-19, 05:13:01 
27-Apr-19, 05:13:05 
27-Apr-19, 05:13:05 
27-Apr-19, 05:13:05 
27-Apr-19, 05:13:06 
27-Apr-19, 05:13:10 
27-Apr-19, 05:13:10 
27-Apr-19, 05:13:11 
27-Apr-19, 05:13:11 
27-Apr-19, 05:13:15 
27-Apr-19, 05:13:16 
27-Apr-19, 05:13:16 
27-Apr-19, 05:13:16 
27-Apr-19, 05:13:20 
27-Apr-19, 05:13:21 
27-Apr-19, 05:13:21 
27-Apr-19, 05:13:21 
27-Apr-19, 05:13:25 
27-Apr-19, 05:13:26 
27-Apr-19, 05:13:26 
27-Apr-19, 05:13:26 
27-Apr-19, 05:13:30 
27-Apr-19, 05:13:31 
27-Apr-19, 05:13:31 
27-Apr-19, 05:13:31 
27-Apr-19, 05:13:35 
27-Apr-19, 05:13:36 
27-Apr-19, 05:13:36 
27-Apr-19, 05:13:36 
27-Apr-19, 05:13:40 
