date,time
25-Apr-19,8:59:02
25-Apr-19,8:59:06
25-Apr-19,8:59:06
25-Apr-19,8:59:06
25-Apr-19,8:59:06
25-Apr-19,8:59:07
25-Apr-19,8:59:08
25-Apr-19,8:59:08
25-Apr-19,8:59:11
25-Apr-19,8:59:11
25-Apr-19,8:59:11
25-Apr-19,8:59:11
25-Apr-19,8:59:12
25-Apr-19,8:59:13
25-Apr-19,8:59:13
25-Apr-19,8:59:16
25-Apr-19,8:59:16
25-Apr-19,8:59:16
25-Apr-19,8:59:16
25-Apr-19,8:59:17
25-Apr-19,8:59:18
25-Apr-19,8:59:18
25-Apr-19,8:59:21
25-Apr-19,8:59:21
25-Apr-19,8:59:21
25-Apr-19,8:59:21
25-Apr-19,8:59:22
25-Apr-19,8:59:23
25-Apr-19,8:59:23
25-Apr-19,8:59:26
25-Apr-19,8:59:26
25-Apr-19,8:59:26
25-Apr-19,8:59:26
25-Apr-19,8:59:27
25-Apr-19,8:59:28
25-Apr-19,8:59:28
25-Apr-19,8:59:31
25-Apr-19,8:59:31
25-Apr-19,8:59:31
25-Apr-19,8:59:31
25-Apr-19,8:59:32
25-Apr-19,8:59:33
25-Apr-19,8:59:33
25-Apr-19,8:59:36
25-Apr-19,8:59:36
25-Apr-19,8:59:36
25-Apr-19,8:59:36
25-Apr-19,8:59:37
25-Apr-19,8:59:38
25-Apr-19,8:59:38
25-Apr-19,8:59:41
25-Apr-19,8:59:41
25-Apr-19,8:59:41
25-Apr-19,8:59:41
25-Apr-19,8:59:42
25-Apr-19,8:59:43
25-Apr-19,8:59:43
25-Apr-19,8:59:46
25-Apr-19,8:59:46
25-Apr-19,8:59:46
25-Apr-19,8:59:46
25-Apr-19,8:59:47
25-Apr-19,8:59:48
25-Apr-19,8:59:48
25-Apr-19,8:59:51
25-Apr-19,8:59:51
25-Apr-19,8:59:51
25-Apr-19,8:59:51
25-Apr-19,8:59:52
25-Apr-19,8:59:53
25-Apr-19,8:59:53
25-Apr-19,8:59:56
25-Apr-19,8:59:56
25-Apr-19,8:59:56
25-Apr-19,8:59:56
25-Apr-19,8:59:57
25-Apr-19,8:59:58
25-Apr-19,8:59:59
25-Apr-19,9:00:01
25-Apr-19,9:00:01
25-Apr-19,9:00:01
25-Apr-19,9:00:01
25-Apr-19,9:00:02
25-Apr-19,9:00:03
25-Apr-19,9:00:04
25-Apr-19,9:00:06
25-Apr-19,9:00:06
25-Apr-19,9:00:06
25-Apr-19,9:00:06
25-Apr-19,9:00:07
25-Apr-19,9:00:08
25-Apr-19,9:00:09
25-Apr-19,9:00:11
25-Apr-19,9:00:11
25-Apr-19,9:00:11
25-Apr-19,9:00:12
25-Apr-19,9:00:12
25-Apr-19,9:00:13
25-Apr-19,9:00:14
25-Apr-19,9:00:16
25-Apr-19,9:01:17
25-Apr-19,9:01:18
25-Apr-19,9:01:21
25-Apr-19,9:01:22
25-Apr-19,9:01:22
25-Apr-19,9:01:22
25-Apr-19,9:01:22
25-Apr-19,9:01:23
25-Apr-19,9:01:24
25-Apr-19,9:01:26
25-Apr-19,9:01:27
25-Apr-19,9:01:27
25-Apr-19,9:01:27
25-Apr-19,9:01:27
25-Apr-19,9:01:28
25-Apr-19,9:01:29
25-Apr-19,9:01:31
25-Apr-19,9:01:32
25-Apr-19,9:01:32
25-Apr-19,9:01:32
25-Apr-19,9:01:32
25-Apr-19,9:01:33
25-Apr-19,9:01:34
25-Apr-19,9:01:36
25-Apr-19,9:01:37
25-Apr-19,9:01:37
25-Apr-19,9:01:37
25-Apr-19,9:01:37
25-Apr-19,9:01:38
25-Apr-19,9:01:39
25-Apr-19,9:01:41
25-Apr-19,9:01:42
25-Apr-19,9:01:42
25-Apr-19,9:01:42
25-Apr-19,9:01:42
25-Apr-19,9:01:43
25-Apr-19,9:01:44
25-Apr-19,9:01:46
25-Apr-19,9:01:47
25-Apr-19,9:01:47
25-Apr-19,9:01:47
25-Apr-19,9:01:47
25-Apr-19,9:01:48
25-Apr-19,9:01:49
25-Apr-19,9:01:51
25-Apr-19,9:01:52
25-Apr-19,9:01:52
25-Apr-19,9:01:52
25-Apr-19,9:01:52
25-Apr-19,9:01:53
25-Apr-19,9:01:54
25-Apr-19,9:01:56
25-Apr-19,9:01:58
25-Apr-19,9:01:59
25-Apr-19,9:02:01
25-Apr-19,9:02:02
25-Apr-19,9:02:02
25-Apr-19,9:02:02
25-Apr-19,9:02:02
25-Apr-19,9:02:03
25-Apr-19,9:02:04
25-Apr-19,9:02:06
25-Apr-19,9:02:07
25-Apr-19,9:02:07
25-Apr-19,9:02:07
25-Apr-19,9:02:07
25-Apr-19,9:02:08
25-Apr-19,9:02:09
25-Apr-19,9:02:11
25-Apr-19,9:02:12
25-Apr-19,9:02:12
25-Apr-19,9:02:12
25-Apr-19,9:02:12
25-Apr-19,9:02:13
25-Apr-19,9:02:14
25-Apr-19,9:02:16
25-Apr-19,9:02:17
25-Apr-19,9:02:17
25-Apr-19,9:02:17
25-Apr-19,9:02:17
25-Apr-19,9:02:18
25-Apr-19,9:02:19
25-Apr-19,9:02:21
25-Apr-19,9:02:22
25-Apr-19,9:02:22
25-Apr-19,9:02:22
25-Apr-19,9:02:22
25-Apr-19,9:02:23
25-Apr-19,9:02:24
25-Apr-19,9:02:26
25-Apr-19,9:02:27
25-Apr-19,9:02:27
25-Apr-19,9:02:27
25-Apr-19,9:02:27
25-Apr-19,9:02:28
25-Apr-19,9:02:29
25-Apr-19,9:02:31
25-Apr-19,9:02:32
25-Apr-19,9:02:32
25-Apr-19,9:02:32
25-Apr-19,9:02:32
25-Apr-19,9:02:33
25-Apr-19,9:02:34
25-Apr-19,9:02:36
25-Apr-19,9:02:37
25-Apr-19,9:02:37
25-Apr-19,9:02:37
25-Apr-19,9:02:37
25-Apr-19,9:02:38
25-Apr-19,9:02:39
25-Apr-19,9:02:41
25-Apr-19,9:02:42
25-Apr-19,9:02:42
25-Apr-19,9:02:42
25-Apr-19,9:02:42
25-Apr-19,9:02:43
25-Apr-19,9:02:44
25-Apr-19,9:02:46
25-Apr-19,9:02:47
25-Apr-19,9:02:47
25-Apr-19,9:02:47
25-Apr-19,9:02:47
25-Apr-19,9:02:48
25-Apr-19,9:02:49
25-Apr-19,9:02:51
25-Apr-19,9:02:52
25-Apr-19,9:02:52
25-Apr-19,9:02:52
25-Apr-19,9:02:52
25-Apr-19,9:02:53
25-Apr-19,9:02:54
25-Apr-19,9:02:56
25-Apr-19,9:02:57
25-Apr-19,9:02:57
25-Apr-19,9:02:57
25-Apr-19,9:02:57
25-Apr-19,9:02:58
25-Apr-19,9:02:59
25-Apr-19,9:03:01
25-Apr-19,9:03:02
25-Apr-19,9:03:02
25-Apr-19,9:03:02
25-Apr-19,9:03:02
25-Apr-19,9:03:03
25-Apr-19,9:03:04
25-Apr-19,9:03:06
25-Apr-19,9:03:07
25-Apr-19,9:03:07
25-Apr-19,9:03:07
25-Apr-19,9:03:07
25-Apr-19,9:03:08
25-Apr-19,9:03:09
25-Apr-19,9:03:11
25-Apr-19,9:03:12
25-Apr-19,9:03:12
25-Apr-19,9:03:12
25-Apr-19,9:03:12
25-Apr-19,9:03:13
25-Apr-19,9:03:14
25-Apr-19,9:03:16
25-Apr-19,9:03:17
25-Apr-19,9:03:17
25-Apr-19,9:03:17
25-Apr-19,9:03:17
25-Apr-19,9:03:18
25-Apr-19,9:03:19
25-Apr-19,9:03:21
25-Apr-19,9:03:22
25-Apr-19,9:03:22
25-Apr-19,9:03:22
25-Apr-19,9:03:22
25-Apr-19,9:03:23
25-Apr-19,9:03:24
25-Apr-19,9:03:26
25-Apr-19,9:03:27
25-Apr-19,9:03:27
25-Apr-19,9:03:27
25-Apr-19,9:03:27
25-Apr-19,9:03:28
25-Apr-19,9:03:29
25-Apr-19,9:03:31
25-Apr-19,9:03:32
25-Apr-19,9:03:32
25-Apr-19,9:03:32
25-Apr-19,9:03:33
25-Apr-19,9:03:33
25-Apr-19,9:03:34
25-Apr-19,9:03:36
25-Apr-19,9:03:37
25-Apr-19,9:03:37
25-Apr-19,9:03:37
25-Apr-19,9:03:38
25-Apr-19,9:03:38
25-Apr-19,9:03:39
25-Apr-19,9:03:41
25-Apr-19,9:03:42
25-Apr-19,9:03:42
25-Apr-19,9:03:42
25-Apr-19,9:03:43
25-Apr-19,9:03:43
25-Apr-19,9:03:44
25-Apr-19,9:03:46
25-Apr-19,9:03:47
25-Apr-19,9:03:47
25-Apr-19,9:03:47
25-Apr-19,9:03:48
25-Apr-19,9:03:48
25-Apr-19,9:03:49
25-Apr-19,9:03:51
25-Apr-19,9:03:52
25-Apr-19,9:03:52
25-Apr-19,9:03:52
25-Apr-19,9:03:54
25-Apr-19,9:03:56
25-Apr-19,9:03:57
25-Apr-19,9:03:57
25-Apr-19,9:03:57
25-Apr-19,9:03:58
25-Apr-19,9:03:58
25-Apr-19,9:03:59
25-Apr-19,9:04:01
25-Apr-19,9:04:03
25-Apr-19,9:04:03
25-Apr-19,9:04:04
25-Apr-19,9:04:06
25-Apr-19,9:04:07
25-Apr-19,9:04:07
25-Apr-19,9:04:07
25-Apr-19,9:04:08
25-Apr-19,9:04:08
25-Apr-19,9:04:09
25-Apr-19,9:04:11
25-Apr-19,9:04:12
25-Apr-19,9:04:12
25-Apr-19,9:04:12
25-Apr-19,9:04:13
25-Apr-19,9:04:13
25-Apr-19,9:04:14
25-Apr-19,9:04:16
25-Apr-19,9:04:17
25-Apr-19,9:04:17
25-Apr-19,9:04:17
25-Apr-19,9:04:18
25-Apr-19,9:04:18
25-Apr-19,9:04:19
25-Apr-19,9:04:22
25-Apr-19,9:04:22
25-Apr-19,9:04:22
25-Apr-19,9:04:24
25-Apr-19,9:04:26
25-Apr-19,9:04:27
25-Apr-19,9:04:27
25-Apr-19,9:04:27
25-Apr-19,9:04:28
25-Apr-19,9:04:28
25-Apr-19,9:04:29
25-Apr-19,9:04:31
25-Apr-19,9:04:32
25-Apr-19,9:04:32
25-Apr-19,9:04:32
25-Apr-19,9:04:33
25-Apr-19,9:04:33
25-Apr-19,9:04:34
25-Apr-19,9:04:36
25-Apr-19,9:04:37
25-Apr-19,9:04:37
25-Apr-19,9:04:37
25-Apr-19,9:04:38
25-Apr-19,9:04:38
25-Apr-19,9:04:39
25-Apr-19,9:04:41
25-Apr-19,9:04:42
25-Apr-19,9:04:42
25-Apr-19,9:04:42
25-Apr-19,9:04:43
25-Apr-19,9:04:43
25-Apr-19,9:04:44
25-Apr-19,9:04:46
25-Apr-19,9:04:47
25-Apr-19,9:04:47
25-Apr-19,9:04:47
25-Apr-19,9:04:52
25-Apr-19,9:04:52
25-Apr-19,9:04:52
25-Apr-19,9:04:54
25-Apr-19,9:04:56
25-Apr-19,9:04:57
25-Apr-19,9:04:57
25-Apr-19,9:04:57
25-Apr-19,9:04:58
25-Apr-19,9:04:58
25-Apr-19,9:04:59
25-Apr-19,9:05:01
25-Apr-19,9:05:02
25-Apr-19,9:05:02
25-Apr-19,9:05:02
25-Apr-19,9:05:03
25-Apr-19,9:05:03
25-Apr-19,9:05:04
25-Apr-19,9:05:06
25-Apr-19,9:05:07
25-Apr-19,9:05:07
25-Apr-19,9:05:07
25-Apr-19,9:05:08
25-Apr-19,9:05:08
25-Apr-19,9:05:11
25-Apr-19,9:05:12
25-Apr-19,9:05:12
25-Apr-19,9:05:12
25-Apr-19,9:05:13
25-Apr-19,9:05:13
25-Apr-19,9:05:14
25-Apr-19,9:05:17
25-Apr-19,9:05:17
25-Apr-19,9:05:17
25-Apr-19,9:05:18
25-Apr-19,9:05:18
25-Apr-19,9:05:19
25-Apr-19,9:05:21
25-Apr-19,9:05:22
25-Apr-19,9:05:22
25-Apr-19,9:05:22
25-Apr-19,9:05:23
25-Apr-19,9:05:23
25-Apr-19,9:05:24
25-Apr-19,9:05:26
25-Apr-19,9:05:27
25-Apr-19,9:05:27
25-Apr-19,9:05:27
25-Apr-19,9:05:28
25-Apr-19,9:05:28
25-Apr-19,9:05:29
25-Apr-19,9:05:31
25-Apr-19,9:05:32
25-Apr-19,9:05:32
25-Apr-19,9:05:32
25-Apr-19,9:05:33
25-Apr-19,9:05:33
25-Apr-19,9:05:34
25-Apr-19,9:05:36
25-Apr-19,9:05:37
25-Apr-19,9:05:37
25-Apr-19,9:05:37
25-Apr-19,9:05:38
25-Apr-19,9:05:38
25-Apr-19,9:05:39
25-Apr-19,9:05:41
25-Apr-19,9:05:42
25-Apr-19,9:05:42
25-Apr-19,9:05:42
25-Apr-19,9:05:43
25-Apr-19,9:05:43
25-Apr-19,9:05:44
25-Apr-19,9:05:47
25-Apr-19,9:05:47
25-Apr-19,9:05:47
25-Apr-19,9:05:48
25-Apr-19,9:05:48
25-Apr-19,9:05:49
25-Apr-19,9:05:51
25-Apr-19,9:05:52
25-Apr-19,9:05:52
25-Apr-19,9:05:52
25-Apr-19,9:05:53
25-Apr-19,9:05:53
25-Apr-19,9:05:54
25-Apr-19,9:05:56
25-Apr-19,9:05:57
25-Apr-19,9:05:57
25-Apr-19,9:05:57
25-Apr-19,9:05:58
25-Apr-19,9:05:58
25-Apr-19,9:05:59
25-Apr-19,9:06:01
25-Apr-19,9:06:02
25-Apr-19,9:06:02
25-Apr-19,9:06:02
25-Apr-19,9:06:03
25-Apr-19,9:06:03
25-Apr-19,9:06:04
25-Apr-19,9:06:06
25-Apr-19,9:06:07
25-Apr-19,9:06:07
25-Apr-19,9:06:07
25-Apr-19,9:06:08
25-Apr-19,9:06:08
25-Apr-19,9:06:09
25-Apr-19,9:06:11
25-Apr-19,9:06:12
25-Apr-19,9:06:12
25-Apr-19,9:06:12
25-Apr-19,9:06:13
25-Apr-19,9:06:13
25-Apr-19,9:06:14
25-Apr-19,9:06:16
25-Apr-19,9:06:17
25-Apr-19,9:06:17
25-Apr-19,9:06:17
25-Apr-19,9:06:18
25-Apr-19,9:06:18
25-Apr-19,9:06:19
25-Apr-19,9:06:21
25-Apr-19,9:06:22
25-Apr-19,9:06:22
25-Apr-19,9:06:22
25-Apr-19,9:06:23
25-Apr-19,9:06:23
25-Apr-19,9:06:24
25-Apr-19,9:06:26
25-Apr-19,9:06:27
25-Apr-19,9:06:27
25-Apr-19,9:06:27
25-Apr-19,9:06:28
25-Apr-19,9:06:28
25-Apr-19,9:06:29
25-Apr-19,9:06:31
25-Apr-19,9:06:32
25-Apr-19,9:06:32
25-Apr-19,9:06:32
25-Apr-19,9:06:33
25-Apr-19,9:06:33
25-Apr-19,9:06:34
25-Apr-19,9:06:36
25-Apr-19,9:06:37
25-Apr-19,9:06:37
25-Apr-19,9:06:37
25-Apr-19,9:06:38
25-Apr-19,9:06:38
25-Apr-19,9:06:39
25-Apr-19,9:06:41
25-Apr-19,9:06:42
25-Apr-19,9:06:42
25-Apr-19,9:06:42
25-Apr-19,9:06:43
25-Apr-19,9:06:43
25-Apr-19,9:06:44
25-Apr-19,9:06:46
25-Apr-19,9:06:47
25-Apr-19,9:06:47
25-Apr-19,9:06:47
25-Apr-19,9:06:48
25-Apr-19,9:06:48
25-Apr-19,9:06:49
25-Apr-19,9:06:51
25-Apr-19,9:06:52
25-Apr-19,9:06:52
25-Apr-19,9:06:52
25-Apr-19,9:06:53
25-Apr-19,9:06:53
25-Apr-19,9:06:54
25-Apr-19,9:06:56
25-Apr-19,9:06:57
25-Apr-19,9:06:57
25-Apr-19,9:06:57
25-Apr-19,9:06:58
25-Apr-19,9:06:58
25-Apr-19,9:06:59
25-Apr-19,9:07:01
25-Apr-19,9:07:02
25-Apr-19,9:07:02
25-Apr-19,9:07:02
25-Apr-19,9:07:03
25-Apr-19,9:07:03
25-Apr-19,9:07:04
25-Apr-19,9:07:06
25-Apr-19,9:07:07
25-Apr-19,9:07:07
25-Apr-19,9:07:07
25-Apr-19,9:07:08
25-Apr-19,9:07:08
25-Apr-19,9:07:09
25-Apr-19,9:07:11
25-Apr-19,9:07:12
25-Apr-19,9:07:12
25-Apr-19,9:07:12
25-Apr-19,9:07:13
25-Apr-19,9:07:13
25-Apr-19,9:07:14
25-Apr-19,7:49:13
25-Apr-19,7:49:13
25-Apr-19,7:49:17
25-Apr-19,7:49:17
25-Apr-19,7:49:17
25-Apr-19,7:56:17
25-Apr-19,7:56:17
25-Apr-19,7:56:17
25-Apr-19,7:56:17
25-Apr-19,7:56:18
25-Apr-19,7:56:18
25-Apr-19,8:04:07
25-Apr-19,8:04:07
25-Apr-19,8:16:24
25-Apr-19,8:16:24
25-Apr-19,8:16:33
25-Apr-19,8:16:33
25-Apr-19,8:16:33
25-Apr-19,8:16:33
25-Apr-19,8:16:43
25-Apr-19,8:16:43
25-Apr-19,8:16:43
25-Apr-19,8:16:44
25-Apr-19,8:16:44
25-Apr-19,8:16:58
25-Apr-19,8:16:58
25-Apr-19,8:16:58
25-Apr-19,8:16:59
25-Apr-19,8:16:59
25-Apr-19,8:16:59
25-Apr-19,8:17:00
25-Apr-19,8:17:08
25-Apr-19,8:17:08
25-Apr-19,8:17:08
25-Apr-19,8:17:14
25-Apr-19,8:17:14
25-Apr-19,8:17:14
25-Apr-19,8:17:18
25-Apr-19,8:17:18
25-Apr-19,8:17:18
25-Apr-19,8:17:19
25-Apr-19,8:17:19
25-Apr-19,8:17:19
25-Apr-19,8:17:24
25-Apr-19,8:17:24
25-Apr-19,8:17:24
25-Apr-19,8:17:25
25-Apr-19,8:17:28
25-Apr-19,8:17:28
25-Apr-19,8:17:28
25-Apr-19,8:17:29
25-Apr-19,8:17:29
25-Apr-19,8:17:29
25-Apr-19,8:17:30
25-Apr-19,8:17:33
25-Apr-19,8:17:33
25-Apr-19,8:17:33
25-Apr-19,8:17:34
25-Apr-19,8:17:34
25-Apr-19,8:17:34
25-Apr-19,8:17:38
25-Apr-19,8:17:38
25-Apr-19,8:17:38
25-Apr-19,8:17:39
25-Apr-19,8:17:39
25-Apr-19,8:17:39
25-Apr-19,8:17:40
25-Apr-19,8:17:43
25-Apr-19,8:17:43
25-Apr-19,8:17:43
25-Apr-19,8:17:44
25-Apr-19,8:17:44
25-Apr-19,8:17:44
25-Apr-19,8:17:45
25-Apr-19,8:17:49
25-Apr-19,8:17:49
25-Apr-19,8:17:49
25-Apr-19,8:17:50
25-Apr-19,8:17:53
25-Apr-19,8:17:53
25-Apr-19,8:17:53
25-Apr-19,8:17:54
25-Apr-19,8:17:54
25-Apr-19,8:17:54
25-Apr-19,8:17:55
25-Apr-19,8:17:58
25-Apr-19,8:17:58
25-Apr-19,8:17:58
25-Apr-19,8:17:59
25-Apr-19,8:17:59
25-Apr-19,8:17:59
25-Apr-19,8:18:00
25-Apr-19,8:18:03
25-Apr-19,8:18:03
25-Apr-19,8:18:03
25-Apr-19,8:18:04
25-Apr-19,8:18:04
25-Apr-19,8:18:04
25-Apr-19,8:18:05
25-Apr-19,8:18:08
25-Apr-19,8:18:08
25-Apr-19,8:18:08
25-Apr-19,8:18:09
25-Apr-19,8:18:09
25-Apr-19,8:18:09
25-Apr-19,8:18:10
25-Apr-19,8:18:13
25-Apr-19,8:18:13
25-Apr-19,8:18:13
25-Apr-19,8:18:14
25-Apr-19,8:18:14
25-Apr-19,8:18:14
25-Apr-19,8:18:15
25-Apr-19,8:18:18
25-Apr-19,8:18:18
25-Apr-19,8:18:18
25-Apr-19,8:18:19
25-Apr-19,8:18:19
25-Apr-19,8:18:19
25-Apr-19,8:18:20
25-Apr-19,8:18:23
25-Apr-19,8:18:23
25-Apr-19,8:18:23
25-Apr-19,8:18:24
25-Apr-19,8:18:24
25-Apr-19,8:18:24
25-Apr-19,8:18:25
25-Apr-19,8:18:28
25-Apr-19,8:18:28
25-Apr-19,8:18:28
25-Apr-19,8:18:29
25-Apr-19,8:18:29
25-Apr-19,8:18:29
25-Apr-19,8:18:30
25-Apr-19,8:18:33
25-Apr-19,8:18:33
25-Apr-19,8:18:33
25-Apr-19,8:18:34
25-Apr-19,8:18:34
25-Apr-19,8:18:34
25-Apr-19,8:18:35
25-Apr-19,8:18:38
25-Apr-19,8:18:38
25-Apr-19,8:18:38
25-Apr-19,8:18:39
25-Apr-19,8:18:39
25-Apr-19,8:18:39
25-Apr-19,8:18:40
25-Apr-19,8:18:43
25-Apr-19,8:18:43
25-Apr-19,8:18:43
25-Apr-19,8:18:44
25-Apr-19,8:18:44
25-Apr-19,8:18:45
25-Apr-19,8:18:45
25-Apr-19,8:18:48
25-Apr-19,8:18:48
25-Apr-19,8:18:48
25-Apr-19,8:18:49
25-Apr-19,8:18:49
25-Apr-19,8:18:50
25-Apr-19,8:18:50
25-Apr-19,8:18:53
25-Apr-19,8:18:53
25-Apr-19,8:18:53
25-Apr-19,8:18:54
25-Apr-19,8:18:54
25-Apr-19,8:18:55
25-Apr-19,8:18:55
25-Apr-19,8:18:58
25-Apr-19,8:18:58
25-Apr-19,8:18:58
25-Apr-19,8:18:59
25-Apr-19,8:18:59
25-Apr-19,8:19:00
25-Apr-19,8:19:00
25-Apr-19,8:19:03
25-Apr-19,8:19:03
25-Apr-19,8:19:03
25-Apr-19,8:19:04
25-Apr-19,8:19:04
25-Apr-19,8:19:05
25-Apr-19,8:19:05
25-Apr-19,8:19:08
25-Apr-19,8:19:08
25-Apr-19,8:19:08
25-Apr-19,8:19:09
25-Apr-19,8:19:09
25-Apr-19,8:19:10
25-Apr-19,8:19:10
25-Apr-19,8:19:13
25-Apr-19,8:19:13
25-Apr-19,8:19:13
25-Apr-19,8:19:14
25-Apr-19,8:19:14
25-Apr-19,8:19:15
25-Apr-19,8:19:15
25-Apr-19,8:19:18
25-Apr-19,8:19:18
25-Apr-19,8:19:18
25-Apr-19,8:19:19
25-Apr-19,8:19:19
25-Apr-19,8:19:20
25-Apr-19,8:19:20
25-Apr-19,8:19:23
25-Apr-19,8:19:23
25-Apr-19,8:19:23
25-Apr-19,8:19:24
25-Apr-19,8:19:24
25-Apr-19,8:19:25
25-Apr-19,8:19:25
25-Apr-19,8:19:28
25-Apr-19,8:19:28
25-Apr-19,8:19:28
25-Apr-19,8:19:30
25-Apr-19,8:19:30
25-Apr-19,8:19:33
25-Apr-19,8:19:33
25-Apr-19,8:19:33
25-Apr-19,8:19:34
25-Apr-19,8:19:34
28-Apr-19, 09:40:36 
28-Apr-19, 09:40:37 
28-Apr-19, 09:40:38 
28-Apr-19, 09:40:41 
28-Apr-19, 09:40:42 
28-Apr-19, 09:40:43 
28-Apr-19, 09:40:46 
28-Apr-19, 09:40:47 
28-Apr-19, 09:40:48 
28-Apr-19, 09:40:51 
28-Apr-19, 09:40:52 
28-Apr-19, 09:40:53 
28-Apr-19, 09:41:06 
28-Apr-19, 09:41:07 
28-Apr-19, 09:41:08 
28-Apr-19, 09:41:11 
28-Apr-19, 09:41:12 
28-Apr-19, 09:41:16 
28-Apr-19, 09:41:17 
28-Apr-19, 09:41:18 
28-Apr-19, 09:41:21 
28-Apr-19, 09:41:22 
28-Apr-19, 09:41:23 
28-Apr-19, 09:41:26 
28-Apr-19, 09:41:31 
28-Apr-19, 09:41:32 
28-Apr-19, 09:41:33 
28-Apr-19, 09:41:36 
28-Apr-19, 09:41:37 
28-Apr-19, 09:41:38 
28-Apr-19, 09:41:42 
28-Apr-19, 09:41:43 
28-Apr-19, 09:41:47 
28-Apr-19, 09:41:48 
28-Apr-19, 09:41:51 
28-Apr-19, 09:41:52 
28-Apr-19, 09:41:54 
28-Apr-19, 09:42:02 
28-Apr-19, 09:42:04 
28-Apr-19, 09:42:06 
28-Apr-19, 09:42:07 
28-Apr-19, 09:42:09 
28-Apr-19, 09:42:11 
28-Apr-19, 09:42:12 
28-Apr-19, 09:42:14 
28-Apr-19, 09:42:16 
28-Apr-19, 09:42:17 
28-Apr-19, 09:42:19 
28-Apr-19, 09:42:21 
28-Apr-19, 09:42:22 
28-Apr-19, 09:42:24 
28-Apr-19, 09:42:26 
28-Apr-19, 09:42:27 
28-Apr-19, 09:42:29 
28-Apr-19, 09:42:31 
28-Apr-19, 09:42:32 
28-Apr-19, 09:42:34 
28-Apr-19, 09:42:36 
28-Apr-19, 09:42:37 
28-Apr-19, 09:42:39 
28-Apr-19, 09:42:41 
28-Apr-19, 09:42:42 
28-Apr-19, 09:42:44 
28-Apr-19, 09:42:46 
28-Apr-19, 09:42:47 
28-Apr-19, 09:42:49 
28-Apr-19, 09:42:51 
28-Apr-19, 09:42:54 
28-Apr-19, 09:43:01 
28-Apr-19, 09:43:04 
28-Apr-19, 09:43:06 
28-Apr-19, 09:43:07 
28-Apr-19, 09:43:09 
28-Apr-19, 09:43:11 
28-Apr-19, 09:43:14 
28-Apr-19, 09:43:16 
28-Apr-19, 09:43:17 
28-Apr-19, 09:43:19 
28-Apr-19, 09:43:21 
28-Apr-19, 09:43:22 
28-Apr-19, 09:43:24 
28-Apr-19, 09:43:27 
28-Apr-19, 09:43:29 
28-Apr-19, 09:43:31 
28-Apr-19, 09:43:32 
28-Apr-19, 09:43:34 
28-Apr-19, 09:43:36 
28-Apr-19, 09:43:37 
28-Apr-19, 09:43:41 
28-Apr-19, 09:43:42 
28-Apr-19, 09:43:44 
28-Apr-19, 09:43:46 
28-Apr-19, 09:43:47 
28-Apr-19, 09:43:49 
28-Apr-19, 09:43:51 
28-Apr-19, 09:43:52 
28-Apr-19, 09:43:54 
28-Apr-19, 09:44:01 
28-Apr-19, 09:44:04 
28-Apr-19, 09:44:06 
28-Apr-19, 09:44:07 
28-Apr-19, 09:44:09 
28-Apr-19, 09:44:11 
28-Apr-19, 09:44:12 
28-Apr-19, 09:44:14 
28-Apr-19, 09:44:16 
28-Apr-19, 09:44:17 
28-Apr-19, 09:44:19 
28-Apr-19, 09:44:22 
28-Apr-19, 09:44:24 
28-Apr-19, 09:44:26 
28-Apr-19, 09:44:27 
28-Apr-19, 09:44:29 
28-Apr-19, 09:44:31 
28-Apr-19, 09:44:32 
28-Apr-19, 09:44:34 
28-Apr-19, 09:44:36 
28-Apr-19, 09:44:37 
28-Apr-19, 09:44:39 
28-Apr-19, 09:44:41 
28-Apr-19, 09:44:47 
28-Apr-19, 09:44:49 
28-Apr-19, 09:44:51 
28-Apr-19, 09:44:52 
28-Apr-19, 09:44:54 
28-Apr-19, 09:44:59 
28-Apr-19, 09:45:06 
28-Apr-19, 09:45:07 
28-Apr-19, 09:45:09 
28-Apr-19, 09:45:11 
28-Apr-19, 09:45:12 
28-Apr-19, 09:45:14 
28-Apr-19, 09:45:16 
28-Apr-19, 09:45:17 
28-Apr-19, 09:45:19 
28-Apr-19, 09:45:21 
28-Apr-19, 09:45:22 
28-Apr-19, 09:45:24 
28-Apr-19, 09:45:26 
28-Apr-19, 09:45:27 
28-Apr-19, 09:45:29 
28-Apr-19, 09:45:31 
28-Apr-19, 09:45:32 
28-Apr-19, 09:45:34 
28-Apr-19, 09:45:36 
28-Apr-19, 09:45:37 
28-Apr-19, 09:45:39 
28-Apr-19, 09:45:41 
28-Apr-19, 09:45:42 
28-Apr-19, 09:45:44 
28-Apr-19, 09:45:46 
28-Apr-19, 09:45:47 
28-Apr-19, 09:45:49 
28-Apr-19, 09:45:51 
28-Apr-19, 09:45:52 
28-Apr-19, 09:45:54 
28-Apr-19, 09:46:02 
28-Apr-19, 09:46:04 
28-Apr-19, 09:46:06 
28-Apr-19, 09:46:07 
28-Apr-19, 09:46:09 
28-Apr-19, 09:46:11 
28-Apr-19, 09:46:12 
28-Apr-19, 09:46:14 
28-Apr-19, 09:46:19 
28-Apr-19, 09:46:21 
28-Apr-19, 09:46:22 
28-Apr-19, 09:46:24 
28-Apr-19, 09:46:26 
28-Apr-19, 09:46:27 
28-Apr-19, 09:46:29 
28-Apr-19, 09:46:31 
28-Apr-19, 09:46:32 
28-Apr-19, 09:46:34 
28-Apr-19, 09:46:36 
28-Apr-19, 09:46:37 
28-Apr-19, 09:46:39 
28-Apr-19, 09:46:41 
28-Apr-19, 09:46:42 
28-Apr-19, 09:46:44 
28-Apr-19, 09:46:46 
28-Apr-19, 09:46:47 
28-Apr-19, 09:46:49 
28-Apr-19, 09:46:51 
28-Apr-19, 09:46:52 
28-Apr-19, 09:46:54 
28-Apr-19, 09:47:01 
28-Apr-19, 09:47:02 
28-Apr-19, 09:47:04 
28-Apr-19, 09:47:06 
28-Apr-19, 09:47:07 
28-Apr-19, 09:47:09 
28-Apr-19, 09:47:11 
28-Apr-19, 09:47:12 
28-Apr-19, 09:47:14 
28-Apr-19, 09:47:16 
28-Apr-19, 09:47:17 
28-Apr-19, 09:47:19 
28-Apr-19, 09:47:21 
28-Apr-19, 09:47:22 
28-Apr-19, 09:47:24 
28-Apr-19, 09:47:26 
28-Apr-19, 09:47:27 
28-Apr-19, 09:47:29 
28-Apr-19, 09:47:31 
28-Apr-19, 09:47:32 
28-Apr-19, 09:47:34 
28-Apr-19, 09:47:36 
28-Apr-19, 09:47:37 
28-Apr-19, 09:47:39 
28-Apr-19, 09:47:41 
28-Apr-19, 09:47:42 
28-Apr-19, 09:47:44 
28-Apr-19, 09:47:46 
28-Apr-19, 09:47:47 
28-Apr-19, 09:47:49 
28-Apr-19, 09:47:51 
28-Apr-19, 09:47:52 
28-Apr-19, 09:47:54 
28-Apr-19, 09:48:04 
28-Apr-19, 09:48:06 
28-Apr-19, 09:48:07 
28-Apr-19, 09:48:09 
28-Apr-19, 09:48:11 
28-Apr-19, 09:48:12 
28-Apr-19, 09:48:14 
28-Apr-19, 09:48:16 
28-Apr-19, 09:48:17 
28-Apr-19, 09:48:19 
28-Apr-19, 09:48:21 
28-Apr-19, 09:48:22 
28-Apr-19, 09:48:24 
28-Apr-19, 09:48:26 
28-Apr-19, 09:48:27 
28-Apr-19, 09:48:29 
28-Apr-19, 09:48:31 
28-Apr-19, 09:48:32 
28-Apr-19, 09:48:34 
28-Apr-19, 09:48:36 
28-Apr-19, 09:48:37 
28-Apr-19, 09:48:39 
28-Apr-19, 09:48:41 
28-Apr-19, 09:48:42 
28-Apr-19, 09:48:44 
28-Apr-19, 09:48:46 
28-Apr-19, 09:48:47 
28-Apr-19, 09:48:49 
28-Apr-19, 09:48:51 
28-Apr-19, 09:48:52 
28-Apr-19, 09:48:54 
28-Apr-19, 09:49:09 
28-Apr-19, 09:49:11 
28-Apr-19, 09:49:12 
28-Apr-19, 09:49:14 
28-Apr-19, 09:49:16 
28-Apr-19, 09:49:17 
28-Apr-19, 09:49:19 
28-Apr-19, 09:49:21 
28-Apr-19, 09:49:22 
28-Apr-19, 09:49:24 
28-Apr-19, 09:49:26 
28-Apr-19, 09:49:27 
28-Apr-19, 09:49:29 
28-Apr-19, 09:49:31 
28-Apr-19, 09:49:32 
28-Apr-19, 09:49:36 
28-Apr-19, 09:49:37 
28-Apr-19, 09:49:39 
28-Apr-19, 09:49:41 
28-Apr-19, 09:49:42 
28-Apr-19, 09:49:44 
28-Apr-19, 09:49:49 
28-Apr-19, 09:49:51 
28-Apr-19, 09:49:54 
28-Apr-19, 09:50:02 
28-Apr-19, 09:50:04 
28-Apr-19, 09:50:06 
28-Apr-19, 09:50:07 
28-Apr-19, 09:50:09 
28-Apr-19, 09:50:11 
28-Apr-19, 09:50:12 
28-Apr-19, 09:50:14 
28-Apr-19, 09:50:16 
28-Apr-19, 09:50:17 
28-Apr-19, 09:50:19 
28-Apr-19, 09:50:21 
28-Apr-19, 09:50:22 
28-Apr-19, 09:50:24 
28-Apr-19, 09:50:26 
28-Apr-19, 09:50:27 
28-Apr-19, 09:50:29 
28-Apr-19, 09:50:31 
28-Apr-19, 09:50:32 
28-Apr-19, 09:50:34 
28-Apr-19, 09:50:36 
28-Apr-19, 09:50:37 
28-Apr-19, 09:50:39 
28-Apr-19, 09:50:41 
28-Apr-19, 09:50:42 
28-Apr-19, 09:50:44 
28-Apr-19, 09:50:46 
28-Apr-19, 09:50:47 
28-Apr-19, 09:50:49 
28-Apr-19, 09:50:51 
28-Apr-19, 09:50:52 
28-Apr-19, 09:50:54 
28-Apr-19, 09:51:02 
28-Apr-19, 09:51:04 
28-Apr-19, 09:51:06 
28-Apr-19, 09:51:07 
28-Apr-19, 09:51:09 
28-Apr-19, 09:51:12 
28-Apr-19, 09:51:16 
28-Apr-19, 09:51:17 
28-Apr-19, 09:51:21 
28-Apr-19, 09:51:22 
28-Apr-19, 09:51:24 
28-Apr-19, 09:51:26 
28-Apr-19, 09:51:27 
28-Apr-19, 09:51:31 
28-Apr-19, 09:51:34 
28-Apr-19, 09:51:36 
28-Apr-19, 09:51:37 
28-Apr-19, 09:51:39 
28-Apr-19, 09:51:41 
28-Apr-19, 09:51:42 
28-Apr-19, 09:51:44 
28-Apr-19, 09:51:46 
28-Apr-19, 09:51:49 
28-Apr-19, 09:51:51 
28-Apr-19, 09:51:52 
28-Apr-19, 09:51:54 
28-Apr-19, 09:52:01 
28-Apr-19, 09:52:02 
28-Apr-19, 09:52:04 
28-Apr-19, 09:52:06 
28-Apr-19, 09:52:07 
28-Apr-19, 09:52:11 
28-Apr-19, 09:52:12 
28-Apr-19, 09:52:14 
28-Apr-19, 09:52:16 
28-Apr-19, 09:52:17 
28-Apr-19, 09:52:19 
28-Apr-19, 09:52:21 
28-Apr-19, 09:52:22 
28-Apr-19, 09:52:24 
28-Apr-19, 09:52:26 
28-Apr-19, 09:52:27 
28-Apr-19, 09:52:29 
28-Apr-19, 09:52:31 
28-Apr-19, 09:52:32 
28-Apr-19, 09:52:34 
28-Apr-19, 09:52:36 
28-Apr-19, 09:52:37 
28-Apr-19, 09:52:39 
28-Apr-19, 09:52:41 
28-Apr-19, 09:52:42 
28-Apr-19, 09:52:44 
28-Apr-19, 09:52:46 
28-Apr-19, 09:52:47 
28-Apr-19, 09:52:49 
28-Apr-19, 09:52:54 
28-Apr-19, 09:52:59 
28-Apr-19, 09:53:06 
28-Apr-19, 09:53:07 
28-Apr-19, 09:53:09 
28-Apr-19, 09:53:11 
28-Apr-19, 09:53:12 
28-Apr-19, 09:53:14 
28-Apr-19, 09:53:16 
28-Apr-19, 09:53:17 
28-Apr-19, 09:53:19 
28-Apr-19, 09:53:21 
28-Apr-19, 09:53:22 
28-Apr-19, 09:53:26 
28-Apr-19, 09:53:27 
28-Apr-19, 09:53:29 
28-Apr-19, 09:53:31 
28-Apr-19, 09:53:32 
28-Apr-19, 09:53:34 
28-Apr-19, 09:53:36 
28-Apr-19, 09:53:37 
28-Apr-19, 09:53:39 
28-Apr-19, 09:53:41 
28-Apr-19, 09:53:42 
28-Apr-19, 09:53:44 
28-Apr-19, 09:53:46 
28-Apr-19, 09:53:47 
28-Apr-19, 09:53:51 
28-Apr-19, 09:53:52 
28-Apr-19, 09:53:54 
28-Apr-19, 09:54:02 
28-Apr-19, 09:54:04 
28-Apr-19, 09:54:06 
28-Apr-19, 09:54:07 
28-Apr-19, 09:54:09 
28-Apr-19, 09:54:11 
28-Apr-19, 09:54:12 
28-Apr-19, 09:54:14 
28-Apr-19, 09:54:16 
28-Apr-19, 09:54:17 
28-Apr-19, 09:54:19 
28-Apr-19, 09:54:21 
28-Apr-19, 09:54:22 
28-Apr-19, 09:54:24 
28-Apr-19, 09:54:26 
28-Apr-19, 09:54:27 
28-Apr-19, 09:54:29 
28-Apr-19, 09:54:31 
28-Apr-19, 09:54:32 
28-Apr-19, 09:54:34 
28-Apr-19, 09:54:36 
28-Apr-19, 09:54:37 
28-Apr-19, 09:54:39 
28-Apr-19, 09:54:41 
28-Apr-19, 09:54:42 
28-Apr-19, 09:54:44 
28-Apr-19, 09:54:46 
28-Apr-19, 09:54:47 
28-Apr-19, 09:54:49 
28-Apr-19, 09:54:51 
28-Apr-19, 09:54:52 
28-Apr-19, 09:54:54 
28-Apr-19, 09:55:02 
28-Apr-19, 09:55:04 
28-Apr-19, 09:55:06 
28-Apr-19, 09:55:07 
28-Apr-19, 09:55:09 
28-Apr-19, 09:55:11 
28-Apr-19, 09:55:12 
28-Apr-19, 09:55:14 
28-Apr-19, 09:55:16 
28-Apr-19, 09:55:17 
28-Apr-19, 09:55:19 
28-Apr-19, 09:55:21 
28-Apr-19, 09:55:22 
28-Apr-19, 09:55:24 
28-Apr-19, 09:55:26 
28-Apr-19, 09:55:27 
28-Apr-19, 09:55:29 
28-Apr-19, 09:55:31 
28-Apr-19, 09:55:32 
28-Apr-19, 09:55:34 
28-Apr-19, 09:55:39 
28-Apr-19, 09:55:41 
28-Apr-19, 09:55:42 
28-Apr-19, 09:55:44 
28-Apr-19, 09:55:46 
28-Apr-19, 09:55:47 
28-Apr-19, 09:55:49 
28-Apr-19, 09:55:52 
28-Apr-19, 09:55:54 
28-Apr-19, 09:55:59 
28-Apr-19, 09:56:04 
28-Apr-19, 09:56:06 
28-Apr-19, 09:56:07 
28-Apr-19, 09:56:09 
28-Apr-19, 09:56:11 
28-Apr-19, 09:56:12 
28-Apr-19, 09:56:14 
28-Apr-19, 09:56:16 
28-Apr-19, 09:56:17 
28-Apr-19, 09:56:19 
28-Apr-19, 09:56:21 
28-Apr-19, 09:56:22 
28-Apr-19, 09:56:24 
28-Apr-19, 09:56:26 
28-Apr-19, 09:56:27 
28-Apr-19, 09:56:29 
28-Apr-19, 09:56:31 
28-Apr-19, 09:56:32 
28-Apr-19, 09:56:34 
28-Apr-19, 09:56:36 
28-Apr-19, 09:56:37 
28-Apr-19, 09:56:39 
28-Apr-19, 09:56:41 
28-Apr-19, 09:56:42 
28-Apr-19, 09:56:44 
28-Apr-19, 09:56:46 
28-Apr-19, 09:56:47 
28-Apr-19, 09:56:49 
28-Apr-19, 09:56:51 
28-Apr-19, 09:56:52 
28-Apr-19, 09:56:54 
28-Apr-19, 09:57:04 
28-Apr-19, 09:57:06 
28-Apr-19, 09:57:07 
28-Apr-19, 09:57:11 
28-Apr-19, 09:57:12 
28-Apr-19, 09:57:14 
28-Apr-19, 09:57:16 
28-Apr-19, 09:57:17 
28-Apr-19, 09:57:19 
28-Apr-19, 09:57:24 
28-Apr-19, 09:57:26 
28-Apr-19, 09:57:27 
28-Apr-19, 09:57:29 
28-Apr-19, 09:57:31 
28-Apr-19, 09:57:32 
28-Apr-19, 09:57:34 
28-Apr-19, 09:57:37 
28-Apr-19, 09:57:39 
28-Apr-19, 09:57:41 
28-Apr-19, 09:57:42 
28-Apr-19, 09:57:44 
28-Apr-19, 09:57:46 
28-Apr-19, 09:57:47 
28-Apr-19, 09:57:49 
28-Apr-19, 09:57:51 
28-Apr-19, 09:57:52 
28-Apr-19, 09:57:54 
28-Apr-19, 09:58:01 
28-Apr-19, 09:58:02 
28-Apr-19, 09:58:04 
28-Apr-19, 09:58:06 
28-Apr-19, 09:58:07 
28-Apr-19, 09:58:09 
28-Apr-19, 09:58:11 
28-Apr-19, 09:58:12 
28-Apr-19, 09:58:14 
28-Apr-19, 09:58:16 
28-Apr-19, 09:58:17 
28-Apr-19, 09:58:19 
28-Apr-19, 09:58:21 
28-Apr-19, 09:58:22 
28-Apr-19, 09:58:24 
28-Apr-19, 09:58:26 
28-Apr-19, 09:58:27 
28-Apr-19, 09:58:29 
28-Apr-19, 09:58:31 
28-Apr-19, 09:58:32 
28-Apr-19, 09:58:34 
28-Apr-19, 09:58:36 
28-Apr-19, 09:58:37 
28-Apr-19, 09:58:39 
28-Apr-19, 09:58:41 
28-Apr-19, 09:58:42 
28-Apr-19, 09:58:44 
28-Apr-19, 09:58:46 
28-Apr-19, 09:58:49 
28-Apr-19, 09:58:51 
28-Apr-19, 09:58:52 
28-Apr-19, 09:59:01 
28-Apr-19, 09:59:02 
28-Apr-19, 09:59:04 
28-Apr-19, 09:59:06 
28-Apr-19, 09:59:09 
28-Apr-19, 09:59:11 
28-Apr-19, 09:59:12 
28-Apr-19, 09:59:14 
28-Apr-19, 09:59:16 
28-Apr-19, 09:59:17 
28-Apr-19, 09:59:19 
28-Apr-19, 09:59:21 
28-Apr-19, 09:59:22 
28-Apr-19, 09:59:24 
28-Apr-19, 09:59:26 
28-Apr-19, 09:59:27 
28-Apr-19, 09:59:29 
28-Apr-19, 09:59:31 
28-Apr-19, 09:59:32 
28-Apr-19, 09:59:34 
28-Apr-19, 09:59:36 
28-Apr-19, 09:59:37 
28-Apr-19, 09:59:39 
28-Apr-19, 09:59:41 
28-Apr-19, 09:59:42 
28-Apr-19, 09:59:44 
28-Apr-19, 09:59:46 
28-Apr-19, 09:59:47 
28-Apr-19, 09:59:49 
28-Apr-19, 09:59:51 
28-Apr-19, 09:59:52 
28-Apr-19, 09:59:54 
28-Apr-19, 10:00:02 
28-Apr-19, 10:00:04 
28-Apr-19, 10:00:06 
28-Apr-19, 10:00:07 
28-Apr-19, 10:00:09 
28-Apr-19, 10:00:11 
28-Apr-19, 10:00:12 
28-Apr-19, 10:00:14 
28-Apr-19, 10:00:16 
28-Apr-19, 10:00:17 
28-Apr-19, 10:00:19 
28-Apr-19, 10:00:21 
28-Apr-19, 10:00:22 
28-Apr-19, 10:00:27 
28-Apr-19, 10:00:29 
28-Apr-19, 10:00:31 
28-Apr-19, 10:00:32 
28-Apr-19, 10:00:34 
28-Apr-19, 10:00:36 
28-Apr-19, 10:00:37 
28-Apr-19, 10:00:41 
28-Apr-19, 10:00:42 
28-Apr-19, 10:00:44 
28-Apr-19, 10:00:46 
28-Apr-19, 10:00:47 
28-Apr-19, 10:00:49 
28-Apr-19, 10:00:51 
28-Apr-19, 10:00:52 
28-Apr-19, 10:00:54 
28-Apr-19, 10:01:01 
28-Apr-19, 10:01:04 
28-Apr-19, 10:01:06 
28-Apr-19, 10:01:07 
28-Apr-19, 10:01:09 
28-Apr-19, 10:01:11 
28-Apr-19, 10:01:12 
28-Apr-19, 10:01:14 
28-Apr-19, 10:01:16 
28-Apr-19, 10:01:17 
28-Apr-19, 10:01:19 
28-Apr-19, 10:01:21 
28-Apr-19, 10:01:22 
28-Apr-19, 10:01:24 
28-Apr-19, 10:01:26 
28-Apr-19, 10:01:27 
28-Apr-19, 10:01:31 
28-Apr-19, 10:01:32 
28-Apr-19, 10:01:34 
28-Apr-19, 10:01:37 
28-Apr-19, 10:01:39 
28-Apr-19, 10:01:41 
28-Apr-19, 10:01:46 
28-Apr-19, 10:01:49 
28-Apr-19, 10:01:52 
28-Apr-19, 10:01:54 
28-Apr-19, 10:01:59 
28-Apr-19, 10:02:01 
28-Apr-19, 10:02:02 
28-Apr-19, 10:02:14 
28-Apr-19, 10:02:17 
28-Apr-19, 10:02:22 
28-Apr-19, 10:02:26 
28-Apr-19, 10:02:27 
28-Apr-19, 10:02:29 
28-Apr-19, 10:02:31 
28-Apr-19, 10:02:32 
28-Apr-19, 10:02:34 
28-Apr-19, 10:02:36 
28-Apr-19, 10:02:37 
28-Apr-19, 10:02:39 
28-Apr-19, 10:02:44 
28-Apr-19, 10:02:46 
28-Apr-19, 10:02:47 
28-Apr-19, 10:02:49 
28-Apr-19, 10:02:51 
28-Apr-19, 10:02:54 
28-Apr-19, 10:03:07 
28-Apr-19, 10:03:14 
28-Apr-19, 10:03:16 
28-Apr-19, 10:03:19 
28-Apr-19, 10:03:21 
28-Apr-19, 10:03:22 
28-Apr-19, 10:03:29 
28-Apr-19, 10:03:31 
28-Apr-19, 10:03:32 
28-Apr-19, 10:03:34 
28-Apr-19, 10:03:36 
28-Apr-19, 10:03:37 
28-Apr-19, 10:03:44 
28-Apr-19, 10:03:46 
28-Apr-19, 10:03:47 
28-Apr-19, 10:03:49 
28-Apr-19, 10:03:51 
28-Apr-19, 10:03:52 
28-Apr-19, 10:04:01 
28-Apr-19, 10:04:02 
28-Apr-19, 10:04:04 
28-Apr-19, 10:04:06 
28-Apr-19, 10:04:07 
28-Apr-19, 10:04:09 
28-Apr-19, 10:04:14 
28-Apr-19, 10:04:16 
28-Apr-19, 10:04:17 
28-Apr-19, 10:04:19 
28-Apr-19, 10:04:21 
28-Apr-19, 10:04:22 
28-Apr-19, 10:04:24 
28-Apr-19, 10:04:26 
28-Apr-19, 10:04:27 
28-Apr-19, 10:04:29 
28-Apr-19, 10:04:31 
28-Apr-19, 10:04:32 
28-Apr-19, 10:04:34 
28-Apr-19, 10:04:36 
28-Apr-19, 10:04:37 
28-Apr-19, 10:04:39 
28-Apr-19, 10:04:41 
28-Apr-19, 10:04:42 
28-Apr-19, 10:04:44 
28-Apr-19, 10:04:46 
28-Apr-19, 10:04:47 
28-Apr-19, 10:04:49 
28-Apr-19, 10:04:51 
28-Apr-19, 10:04:52 
28-Apr-19, 10:04:54 
28-Apr-19, 10:05:02 
28-Apr-19, 10:05:04 
28-Apr-19, 10:05:06 
28-Apr-19, 10:05:07 
28-Apr-19, 10:05:09 
28-Apr-19, 10:05:11 
28-Apr-19, 10:05:12 
28-Apr-19, 10:05:14 
28-Apr-19, 10:05:16 
28-Apr-19, 10:05:17 
28-Apr-19, 10:05:19 
28-Apr-19, 10:05:21 
28-Apr-19, 10:05:22 
28-Apr-19, 10:05:24 
28-Apr-19, 10:05:26 
28-Apr-19, 10:05:29 
28-Apr-19, 10:05:31 
28-Apr-19, 10:05:32 
28-Apr-19, 10:05:34 
28-Apr-19, 10:05:37 
28-Apr-19, 10:05:39 
28-Apr-19, 10:05:44 
28-Apr-19, 10:05:46 
28-Apr-19, 10:05:47 
28-Apr-19, 10:05:49 
28-Apr-19, 10:05:51 
28-Apr-19, 10:05:52 
28-Apr-19, 10:05:54 
28-Apr-19, 10:06:02 
28-Apr-19, 10:06:04 
28-Apr-19, 10:06:06 
28-Apr-19, 10:06:07 
28-Apr-19, 10:06:09 
28-Apr-19, 10:06:11 
28-Apr-19, 10:06:12 
28-Apr-19, 10:06:14 
28-Apr-19, 10:06:16 
28-Apr-19, 10:06:17 
28-Apr-19, 10:06:19 
28-Apr-19, 10:06:21 
28-Apr-19, 10:06:22 
28-Apr-19, 10:06:24 
28-Apr-19, 10:06:26 
28-Apr-19, 10:06:27 
28-Apr-19, 10:06:29 
28-Apr-19, 10:06:31 
28-Apr-19, 10:06:34 
28-Apr-19, 10:06:36 
28-Apr-19, 10:06:37 
28-Apr-19, 10:06:39 
28-Apr-19, 10:06:41 
28-Apr-19, 10:06:42 
28-Apr-19, 10:06:44 
28-Apr-19, 10:06:46 
28-Apr-19, 10:06:47 
28-Apr-19, 10:06:49 
28-Apr-19, 10:06:51 
28-Apr-19, 10:06:52 
28-Apr-19, 10:06:54 
28-Apr-19, 10:07:01 
28-Apr-19, 10:07:02 
28-Apr-19, 10:07:04 
28-Apr-19, 10:07:06 
28-Apr-19, 10:07:07 
28-Apr-19, 10:07:09 
28-Apr-19, 10:07:11 
28-Apr-19, 10:07:14 
28-Apr-19, 10:07:16 
28-Apr-19, 10:07:17 
28-Apr-19, 10:07:19 
28-Apr-19, 10:07:21 
28-Apr-19, 10:07:22 
28-Apr-19, 10:07:24 
28-Apr-19, 10:07:26 
28-Apr-19, 10:07:27 
28-Apr-19, 10:07:29 
28-Apr-19, 10:07:31 
28-Apr-19, 10:07:32 
28-Apr-19, 10:07:34 
28-Apr-19, 10:07:36 
28-Apr-19, 10:07:37 
28-Apr-19, 10:07:39 
28-Apr-19, 10:07:41 
28-Apr-19, 10:07:42 
28-Apr-19, 10:07:44 
28-Apr-19, 10:07:46 
28-Apr-19, 10:07:47 
28-Apr-19, 10:07:49 
28-Apr-19, 10:07:51 
28-Apr-19, 10:07:52 
28-Apr-19, 10:07:54 
28-Apr-19, 10:08:02 
28-Apr-19, 10:08:04 
28-Apr-19, 10:08:06 
28-Apr-19, 10:08:07 
28-Apr-19, 10:08:09 
28-Apr-19, 10:08:11 
28-Apr-19, 10:08:12 
28-Apr-19, 10:08:14 
28-Apr-19, 10:08:16 
28-Apr-19, 10:08:17 
28-Apr-19, 10:08:19 
28-Apr-19, 10:08:21 
28-Apr-19, 10:08:22 
28-Apr-19, 10:08:24 
28-Apr-19, 10:08:26 
28-Apr-19, 10:08:27 
28-Apr-19, 10:08:29 
28-Apr-19, 10:08:31 
28-Apr-19, 10:08:32 
28-Apr-19, 10:08:34 
28-Apr-19, 10:08:36 
28-Apr-19, 10:08:37 
28-Apr-19, 10:08:39 
28-Apr-19, 10:08:41 
28-Apr-19, 10:08:42 
28-Apr-19, 10:08:46 
28-Apr-19, 10:08:47 
28-Apr-19, 10:08:49 
28-Apr-19, 10:08:52 
28-Apr-19, 10:08:54 
28-Apr-19, 10:09:01 
28-Apr-19, 10:09:04 
28-Apr-19, 10:09:06 
28-Apr-19, 10:09:07 
28-Apr-19, 10:09:09 
28-Apr-19, 10:09:11 
28-Apr-19, 10:09:12 
28-Apr-19, 10:09:14 
28-Apr-19, 10:09:16 
28-Apr-19, 10:09:17 
28-Apr-19, 10:09:19 
28-Apr-19, 10:09:21 
28-Apr-19, 10:09:22 
28-Apr-19, 10:09:24 
28-Apr-19, 10:09:26 
28-Apr-19, 10:09:27 
28-Apr-19, 10:09:29 
28-Apr-19, 10:09:31 
28-Apr-19, 10:09:32 
28-Apr-19, 10:09:34 
28-Apr-19, 10:09:36 
28-Apr-19, 10:09:37 
28-Apr-19, 10:09:39 
28-Apr-19, 10:09:41 
28-Apr-19, 10:09:42 
28-Apr-19, 10:09:44 
28-Apr-19, 10:09:46 
28-Apr-19, 10:09:47 
28-Apr-19, 10:09:49 
28-Apr-19, 10:09:51 
28-Apr-19, 10:09:52 
28-Apr-19, 10:09:54 
28-Apr-19, 10:10:04 
28-Apr-19, 10:10:06 
28-Apr-19, 10:10:07 
28-Apr-19, 10:10:09 
28-Apr-19, 10:10:12 
28-Apr-19, 10:10:14 
28-Apr-19, 10:10:16 
28-Apr-19, 10:10:17 
28-Apr-19, 10:10:19 
28-Apr-19, 10:10:21 
28-Apr-19, 10:10:22 
28-Apr-19, 10:10:24 
28-Apr-19, 10:10:26 
28-Apr-19, 10:10:27 
28-Apr-19, 10:10:29 
28-Apr-19, 10:10:32 
28-Apr-19, 10:10:34 
28-Apr-19, 10:10:36 
28-Apr-19, 10:10:37 
28-Apr-19, 10:10:39 
28-Apr-19, 10:10:41 
28-Apr-19, 10:10:42 
28-Apr-19, 10:10:46 
28-Apr-19, 10:10:47 
28-Apr-19, 10:10:49 
28-Apr-19, 10:10:51 
28-Apr-19, 10:10:52 
28-Apr-19, 10:10:54 
28-Apr-19, 10:11:04 
28-Apr-19, 10:11:06 
28-Apr-19, 10:11:07 
28-Apr-19, 10:11:09 
28-Apr-19, 10:11:11 
28-Apr-19, 10:11:14 
28-Apr-19, 10:11:16 
28-Apr-19, 10:11:17 
28-Apr-19, 10:11:19 
28-Apr-19, 10:11:21 
28-Apr-19, 10:11:22 
28-Apr-19, 10:11:24 
28-Apr-19, 10:11:26 
28-Apr-19, 10:11:27 
28-Apr-19, 10:11:29 
28-Apr-19, 10:11:31 
28-Apr-19, 10:11:32 
28-Apr-19, 10:11:34 
28-Apr-19, 10:11:36 
28-Apr-19, 10:11:37 
28-Apr-19, 10:11:39 
28-Apr-19, 10:11:41 
28-Apr-19, 10:11:42 
28-Apr-19, 10:11:44 
28-Apr-19, 10:11:46 
28-Apr-19, 10:11:47 
28-Apr-19, 10:11:49 
28-Apr-19, 10:11:51 
28-Apr-19, 10:11:52 
28-Apr-19, 10:11:54 
28-Apr-19, 10:12:04 
28-Apr-19, 10:12:06 
28-Apr-19, 10:12:07 
28-Apr-19, 10:12:09 
28-Apr-19, 10:12:11 
28-Apr-19, 10:12:12 
28-Apr-19, 10:12:14 
28-Apr-19, 10:12:17 
28-Apr-19, 10:12:19 
28-Apr-19, 10:12:21 
28-Apr-19, 10:12:22 
28-Apr-19, 10:12:24 
28-Apr-19, 10:12:26 
28-Apr-19, 10:12:27 
28-Apr-19, 10:12:31 
28-Apr-19, 10:12:32 
28-Apr-19, 10:12:34 
28-Apr-19, 10:12:36 
28-Apr-19, 10:12:37 
28-Apr-19, 10:12:39 
28-Apr-19, 10:12:44 
28-Apr-19, 10:12:46 
28-Apr-19, 10:12:47 
28-Apr-19, 10:12:49 
28-Apr-19, 10:12:51 
28-Apr-19, 10:12:52 
28-Apr-19, 10:13:01 
28-Apr-19, 10:13:02 
28-Apr-19, 10:13:04 
28-Apr-19, 10:13:06 
28-Apr-19, 10:13:09 
28-Apr-19, 10:13:11 
28-Apr-19, 10:13:12 
28-Apr-19, 10:13:14 
28-Apr-19, 10:13:16 
28-Apr-19, 10:13:17 
28-Apr-19, 10:13:19 
28-Apr-19, 10:13:24 
28-Apr-19, 10:13:26 
28-Apr-19, 10:13:27 
28-Apr-19, 10:13:29 
28-Apr-19, 10:13:31 
28-Apr-19, 10:13:32 
28-Apr-19, 10:13:34 
28-Apr-19, 10:13:36 
28-Apr-19, 10:13:37 
28-Apr-19, 10:13:41 
28-Apr-19, 10:13:42 
28-Apr-19, 10:13:44 
28-Apr-19, 10:13:46 
28-Apr-19, 10:13:47 
28-Apr-19, 10:13:49 
28-Apr-19, 10:13:51 
28-Apr-19, 10:13:52 
28-Apr-19, 10:13:54 
28-Apr-19, 10:14:01 
28-Apr-19, 10:14:04 
28-Apr-19, 10:14:06 
28-Apr-19, 10:14:07 
28-Apr-19, 10:14:09 
28-Apr-19, 10:14:11 
28-Apr-19, 10:14:12 
28-Apr-19, 10:14:16 
28-Apr-19, 10:14:17 
28-Apr-19, 10:14:19 
28-Apr-19, 10:14:21 
28-Apr-19, 10:14:22 
28-Apr-19, 10:14:24 
28-Apr-19, 10:14:29 
28-Apr-19, 10:14:31 
28-Apr-19, 10:14:32 
28-Apr-19, 10:14:34 
28-Apr-19, 10:14:36 
28-Apr-19, 10:14:37 
28-Apr-19, 10:14:39 
28-Apr-19, 10:14:41 
28-Apr-19, 10:14:42 
28-Apr-19, 10:14:44 
28-Apr-19, 10:14:46 
28-Apr-19, 10:14:47 
28-Apr-19, 10:14:49 
28-Apr-19, 10:14:51 
28-Apr-19, 10:14:52 
28-Apr-19, 10:14:54 
28-Apr-19, 10:15:04 
28-Apr-19, 10:15:06 
28-Apr-19, 10:15:07 
28-Apr-19, 10:15:09 
28-Apr-19, 10:15:11 
28-Apr-19, 10:15:12 
28-Apr-19, 10:15:14 
28-Apr-19, 10:15:16 
28-Apr-19, 10:15:17 
28-Apr-19, 10:15:19 
28-Apr-19, 10:15:21 
28-Apr-19, 10:15:22 
28-Apr-19, 10:15:24 
28-Apr-19, 10:15:26 
28-Apr-19, 10:15:27 
28-Apr-19, 10:15:29 
28-Apr-19, 10:15:32 
28-Apr-19, 10:15:34 
28-Apr-19, 10:15:36 
28-Apr-19, 10:15:37 
28-Apr-19, 10:15:39 
28-Apr-19, 10:15:41 
28-Apr-19, 10:15:42 
28-Apr-19, 10:15:44 
28-Apr-19, 10:15:46 
28-Apr-19, 10:15:47 
28-Apr-19, 10:15:49 
28-Apr-19, 10:15:51 
28-Apr-19, 10:15:52 
28-Apr-19, 10:15:54 
28-Apr-19, 10:16:02 
28-Apr-19, 10:16:04 
28-Apr-19, 10:16:06 
28-Apr-19, 10:16:07 
28-Apr-19, 10:16:09 
28-Apr-19, 10:16:11 
28-Apr-19, 10:16:12 
28-Apr-19, 10:16:14 
28-Apr-19, 10:16:16 
28-Apr-19, 10:16:17 
28-Apr-19, 10:16:19 
28-Apr-19, 10:16:21 
28-Apr-19, 10:16:22 
28-Apr-19, 10:16:24 
28-Apr-19, 10:16:26 
28-Apr-19, 10:16:27 
28-Apr-19, 10:16:29 
28-Apr-19, 10:16:31 
28-Apr-19, 10:16:32 
28-Apr-19, 10:16:34 
28-Apr-19, 10:16:36 
28-Apr-19, 10:16:37 
28-Apr-19, 10:16:39 
28-Apr-19, 10:16:41 
28-Apr-19, 10:16:42 
28-Apr-19, 10:16:44 
28-Apr-19, 10:16:46 
28-Apr-19, 10:16:47 
28-Apr-19, 10:16:49 
28-Apr-19, 10:16:51 
28-Apr-19, 10:16:52 
28-Apr-19, 10:16:54 
28-Apr-19, 10:17:02 
28-Apr-19, 10:17:04 
28-Apr-19, 10:17:06 
28-Apr-19, 10:17:07 
28-Apr-19, 10:17:09 
28-Apr-19, 10:17:11 
28-Apr-19, 10:17:12 
28-Apr-19, 10:17:14 
28-Apr-19, 10:17:16 
28-Apr-19, 10:17:17 
28-Apr-19, 10:17:19 
28-Apr-19, 10:17:21 
28-Apr-19, 10:17:22 
28-Apr-19, 10:17:24 
28-Apr-19, 10:17:26 
28-Apr-19, 10:17:27 
28-Apr-19, 10:17:29 
28-Apr-19, 10:17:32 
28-Apr-19, 10:17:34 
28-Apr-19, 10:17:36 
28-Apr-19, 10:17:37 
28-Apr-19, 10:17:39 
28-Apr-19, 10:17:41 
28-Apr-19, 10:17:42 
28-Apr-19, 10:17:46 
28-Apr-19, 10:17:47 
28-Apr-19, 10:17:51 
28-Apr-19, 10:17:52 
28-Apr-19, 10:17:54 
28-Apr-19, 10:18:02 
28-Apr-19, 10:18:04 
28-Apr-19, 10:18:06 
28-Apr-19, 10:18:07 
28-Apr-19, 10:18:09 
28-Apr-19, 10:18:11 
28-Apr-19, 10:18:12 
28-Apr-19, 10:18:14 
28-Apr-19, 10:18:16 
28-Apr-19, 10:18:17 
28-Apr-19, 10:18:19 
28-Apr-19, 10:18:21 
28-Apr-19, 10:18:22 
28-Apr-19, 10:18:24 
28-Apr-19, 10:18:26 
28-Apr-19, 10:18:27 
28-Apr-19, 10:18:29 
28-Apr-19, 10:18:31 
28-Apr-19, 10:18:32 
28-Apr-19, 10:18:34 
28-Apr-19, 10:18:36 
28-Apr-19, 10:18:37 
28-Apr-19, 10:18:39 
28-Apr-19, 10:18:41 
28-Apr-19, 10:18:42 
28-Apr-19, 10:18:44 
28-Apr-19, 10:18:46 
28-Apr-19, 10:18:47 
28-Apr-19, 10:18:49 
28-Apr-19, 10:18:51 
28-Apr-19, 10:18:52 
28-Apr-19, 10:18:54 
28-Apr-19, 10:19:04 
28-Apr-19, 10:19:06 
28-Apr-19, 10:19:07 
28-Apr-19, 10:19:11 
28-Apr-19, 10:19:12 
28-Apr-19, 10:19:14 
28-Apr-19, 10:19:19 
28-Apr-19, 10:19:22 
28-Apr-19, 10:19:24 
28-Apr-19, 10:19:26 
28-Apr-19, 10:19:27 
28-Apr-19, 10:19:31 
28-Apr-19, 10:19:32 
28-Apr-19, 10:19:34 
28-Apr-19, 10:19:36 
28-Apr-19, 10:19:37 
28-Apr-19, 10:19:39 
28-Apr-19, 10:19:41 
28-Apr-19, 10:19:42 
28-Apr-19, 10:19:44 
28-Apr-19, 10:19:46 
28-Apr-19, 10:19:47 
28-Apr-19, 10:19:49 
28-Apr-19, 10:19:51 
28-Apr-19, 10:19:52 
28-Apr-19, 10:19:54 
28-Apr-19, 10:20:04 
28-Apr-19, 10:20:06 
28-Apr-19, 10:20:07 
28-Apr-19, 10:20:09 
28-Apr-19, 10:20:12 
28-Apr-19, 10:20:14 
28-Apr-19, 10:20:16 
28-Apr-19, 10:20:17 
28-Apr-19, 10:20:19 
28-Apr-19, 10:20:21 
28-Apr-19, 10:20:22 
28-Apr-19, 10:20:24 
28-Apr-19, 10:20:26 
28-Apr-19, 10:20:27 
28-Apr-19, 10:20:29 
28-Apr-19, 10:20:31 
28-Apr-19, 10:20:32 
28-Apr-19, 10:20:34 
28-Apr-19, 10:20:36 
28-Apr-19, 10:20:37 
28-Apr-19, 10:20:39 
28-Apr-19, 10:20:41 
28-Apr-19, 10:20:42 
28-Apr-19, 10:20:44 
28-Apr-19, 10:20:46 
28-Apr-19, 10:20:47 
28-Apr-19, 10:20:49 
28-Apr-19, 10:20:51 
28-Apr-19, 10:20:52 
28-Apr-19, 10:20:54 
28-Apr-19, 10:21:04 
28-Apr-19, 10:21:06 
28-Apr-19, 10:21:07 
28-Apr-19, 10:21:09 
28-Apr-19, 10:21:11 
28-Apr-19, 10:21:12 
28-Apr-19, 10:21:14 
28-Apr-19, 10:21:16 
28-Apr-19, 10:21:17 
28-Apr-19, 10:21:19 
28-Apr-19, 10:21:21 
28-Apr-19, 10:21:22 
28-Apr-19, 10:21:24 
28-Apr-19, 10:21:26 
28-Apr-19, 10:21:27 
28-Apr-19, 10:21:29 
28-Apr-19, 10:21:31 
28-Apr-19, 10:21:32 
28-Apr-19, 10:21:34 
28-Apr-19, 10:21:36 
28-Apr-19, 10:21:37 
28-Apr-19, 10:21:39 
28-Apr-19, 10:21:41 
28-Apr-19, 10:21:42 
28-Apr-19, 10:21:44 
28-Apr-19, 10:21:46 
28-Apr-19, 10:21:47 
28-Apr-19, 10:21:49 
28-Apr-19, 10:21:54 
28-Apr-19, 10:22:04 
28-Apr-19, 10:22:06 
28-Apr-19, 10:22:07 
28-Apr-19, 10:22:09 
28-Apr-19, 10:22:11 
28-Apr-19, 10:22:12 
28-Apr-19, 10:22:14 
28-Apr-19, 10:22:16 
28-Apr-19, 10:22:17 
28-Apr-19, 10:22:21 
28-Apr-19, 10:22:22 
28-Apr-19, 10:22:24 
28-Apr-19, 10:22:26 
28-Apr-19, 10:22:27 
28-Apr-19, 10:22:29 
28-Apr-19, 10:22:31 
28-Apr-19, 10:22:32 
28-Apr-19, 10:22:36 
28-Apr-19, 10:22:37 
28-Apr-19, 10:22:39 
28-Apr-19, 10:22:41 
28-Apr-19, 10:22:42 
28-Apr-19, 10:22:44 
28-Apr-19, 10:22:46 
28-Apr-19, 10:22:49 
28-Apr-19, 10:22:51 
28-Apr-19, 10:22:52 
28-Apr-19, 10:22:54 
28-Apr-19, 10:23:01 
28-Apr-19, 10:23:04 
28-Apr-19, 10:23:06 
28-Apr-19, 10:23:07 
28-Apr-19, 10:23:11 
28-Apr-19, 10:23:12 
28-Apr-19, 10:23:14 
28-Apr-19, 10:23:16 
28-Apr-19, 10:23:17 
28-Apr-19, 10:23:19 
28-Apr-19, 10:23:21 
28-Apr-19, 10:23:22 
28-Apr-19, 10:23:24 
28-Apr-19, 10:23:27 
28-Apr-19, 10:23:29 
28-Apr-19, 10:23:31 
28-Apr-19, 10:23:32 
28-Apr-19, 10:23:34 
28-Apr-19, 10:23:36 
28-Apr-19, 10:23:37 
28-Apr-19, 10:23:41 
28-Apr-19, 10:23:42 
28-Apr-19, 10:23:44 
28-Apr-19, 10:23:46 
28-Apr-19, 10:23:47 
28-Apr-19, 10:23:49 
28-Apr-19, 10:23:51 
28-Apr-19, 10:23:52 
28-Apr-19, 10:24:01 
28-Apr-19, 10:24:04 
28-Apr-19, 10:24:06 
28-Apr-19, 10:24:07 
28-Apr-19, 10:24:09 
28-Apr-19, 10:24:11 
28-Apr-19, 10:24:12 
28-Apr-19, 10:24:14 
28-Apr-19, 10:24:16 
28-Apr-19, 10:24:17 
28-Apr-19, 10:24:19 
28-Apr-19, 10:24:21 
28-Apr-19, 10:24:22 
28-Apr-19, 10:24:24 
28-Apr-19, 10:24:26 
28-Apr-19, 10:24:27 
28-Apr-19, 10:24:29 
28-Apr-19, 10:24:31 
28-Apr-19, 10:24:32 
28-Apr-19, 10:24:34 
28-Apr-19, 10:24:36 
28-Apr-19, 10:24:37 
28-Apr-19, 10:24:39 
28-Apr-19, 10:24:41 
28-Apr-19, 10:24:42 
28-Apr-19, 10:24:44 
28-Apr-19, 10:24:46 
28-Apr-19, 10:24:47 
28-Apr-19, 10:24:49 
28-Apr-19, 10:24:51 
28-Apr-19, 10:24:52 
28-Apr-19, 10:24:54 
28-Apr-19, 10:24:59 
28-Apr-19, 10:25:01 
28-Apr-19, 10:25:04 
28-Apr-19, 10:25:06 
28-Apr-19, 10:25:07 
28-Apr-19, 10:25:09 
28-Apr-19, 10:25:14 
28-Apr-19, 10:25:16 
28-Apr-19, 10:25:17 
28-Apr-19, 10:25:19 
28-Apr-19, 10:25:21 
28-Apr-19, 10:25:22 
28-Apr-19, 10:25:24 
28-Apr-19, 10:25:27 
28-Apr-19, 10:25:29 
28-Apr-19, 10:25:31 
28-Apr-19, 10:25:32 
28-Apr-19, 10:25:34 
28-Apr-19, 10:25:36 
28-Apr-19, 10:25:37 
28-Apr-19, 10:25:39 
28-Apr-19, 10:25:41 
28-Apr-19, 10:25:42 
28-Apr-19, 10:25:44 
28-Apr-19, 10:25:46 
28-Apr-19, 10:25:47 
28-Apr-19, 10:25:49 
28-Apr-19, 10:25:51 
28-Apr-19, 10:25:52 
28-Apr-19, 10:25:54 
28-Apr-19, 10:26:02 
28-Apr-19, 10:26:04 
28-Apr-19, 10:26:06 
28-Apr-19, 10:26:07 
28-Apr-19, 10:26:09 
28-Apr-19, 10:26:14 
28-Apr-19, 10:26:16 
28-Apr-19, 10:26:17 
28-Apr-19, 10:26:19 
28-Apr-19, 10:26:21 
28-Apr-19, 10:26:22 
28-Apr-19, 10:26:24 
28-Apr-19, 10:26:26 
28-Apr-19, 10:26:27 
28-Apr-19, 10:26:29 
28-Apr-19, 10:26:31 
28-Apr-19, 10:26:32 
28-Apr-19, 10:26:34 
28-Apr-19, 10:26:36 
28-Apr-19, 10:26:39 
28-Apr-19, 10:26:41 
28-Apr-19, 10:26:42 
28-Apr-19, 10:26:44 
28-Apr-19, 10:26:46 
28-Apr-19, 10:26:47 
28-Apr-19, 10:26:49 
28-Apr-19, 10:26:51 
28-Apr-19, 10:26:52 
28-Apr-19, 10:26:54 
28-Apr-19, 10:27:04 
28-Apr-19, 10:27:06 
28-Apr-19, 10:27:07 
28-Apr-19, 10:27:09 
28-Apr-19, 10:27:11 
28-Apr-19, 10:27:12 
28-Apr-19, 10:27:14 
28-Apr-19, 10:27:16 
28-Apr-19, 10:27:17 
28-Apr-19, 10:27:19 
28-Apr-19, 10:27:21 
28-Apr-19, 10:27:22 
28-Apr-19, 10:27:24 
28-Apr-19, 10:27:26 
28-Apr-19, 10:27:27 
28-Apr-19, 10:27:29 
28-Apr-19, 10:27:31 
28-Apr-19, 10:27:34 
28-Apr-19, 10:27:36 
28-Apr-19, 10:27:37 
28-Apr-19, 10:27:39 
28-Apr-19, 10:27:41 
28-Apr-19, 10:27:42 
28-Apr-19, 10:27:44 
28-Apr-19, 10:27:46 
28-Apr-19, 10:27:47 
28-Apr-19, 10:27:49 
28-Apr-19, 10:27:51 
28-Apr-19, 10:27:52 
28-Apr-19, 10:27:54 
28-Apr-19, 10:28:02 
28-Apr-19, 10:28:04 
28-Apr-19, 10:28:06 
28-Apr-19, 10:28:07 
28-Apr-19, 10:28:09 
28-Apr-19, 10:28:11 
28-Apr-19, 10:28:12 
28-Apr-19, 10:28:14 
28-Apr-19, 10:28:16 
28-Apr-19, 10:28:17 
28-Apr-19, 10:28:19 
28-Apr-19, 10:28:21 
28-Apr-19, 10:28:22 
28-Apr-19, 10:28:24 
28-Apr-19, 10:28:26 
28-Apr-19, 10:28:27 
28-Apr-19, 10:28:31 
28-Apr-19, 10:28:32 
28-Apr-19, 10:28:34 
28-Apr-19, 10:28:36 
28-Apr-19, 10:28:37 
28-Apr-19, 10:28:39 
28-Apr-19, 10:28:44 
28-Apr-19, 10:28:46 
28-Apr-19, 10:28:47 
28-Apr-19, 10:28:49 
28-Apr-19, 10:28:51 
28-Apr-19, 10:28:52 
28-Apr-19, 10:28:54 
28-Apr-19, 10:29:01 
28-Apr-19, 10:29:02 
28-Apr-19, 10:29:04 
28-Apr-19, 10:29:06 
28-Apr-19, 10:29:07 
28-Apr-19, 10:29:09 
28-Apr-19, 10:29:11 
28-Apr-19, 10:29:12 
28-Apr-19, 10:29:14 
28-Apr-19, 10:29:16 
28-Apr-19, 10:29:17 
28-Apr-19, 10:29:19 
28-Apr-19, 10:29:21 
28-Apr-19, 10:29:22 
28-Apr-19, 10:29:24 
28-Apr-19, 10:29:26 
28-Apr-19, 10:29:27 
28-Apr-19, 10:29:29 
28-Apr-19, 10:29:31 
28-Apr-19, 10:29:32 
28-Apr-19, 10:29:34 
28-Apr-19, 10:29:36 
28-Apr-19, 10:29:37 
28-Apr-19, 10:29:39 
28-Apr-19, 10:29:41 
28-Apr-19, 10:29:42 
28-Apr-19, 10:29:44 
28-Apr-19, 10:29:46 
28-Apr-19, 10:29:47 
28-Apr-19, 10:29:49 
28-Apr-19, 10:29:51 
28-Apr-19, 10:29:52 
28-Apr-19, 10:29:54 
28-Apr-19, 10:30:02 
28-Apr-19, 10:30:04 
28-Apr-19, 10:30:06 
28-Apr-19, 10:30:07 
28-Apr-19, 10:30:09 
28-Apr-19, 10:30:11 
28-Apr-19, 10:30:12 
28-Apr-19, 10:30:16 
28-Apr-19, 10:30:17 
28-Apr-19, 10:30:19 
28-Apr-19, 10:30:21 
28-Apr-19, 10:30:22 
28-Apr-19, 10:30:24 
28-Apr-19, 10:30:26 
28-Apr-19, 10:30:29 
28-Apr-19, 10:30:31 
28-Apr-19, 10:30:32 
28-Apr-19, 10:30:34 
28-Apr-19, 10:30:36 
28-Apr-19, 10:30:37 
28-Apr-19, 10:30:39 
28-Apr-19, 10:30:41 
28-Apr-19, 10:30:46 
28-Apr-19, 10:30:47 
28-Apr-19, 10:30:49 
28-Apr-19, 10:30:51 
28-Apr-19, 10:30:52 
28-Apr-19, 10:30:54 
28-Apr-19, 10:31:02 
28-Apr-19, 10:31:04 
28-Apr-19, 10:31:06 
28-Apr-19, 10:31:07 
28-Apr-19, 10:31:09 
28-Apr-19, 10:31:11 
28-Apr-19, 10:31:16 
28-Apr-19, 10:31:17 
28-Apr-19, 10:31:19 
28-Apr-19, 10:31:21 
28-Apr-19, 10:31:22 
28-Apr-19, 10:31:24 
28-Apr-19, 10:31:26 
28-Apr-19, 10:31:27 
28-Apr-19, 10:31:32 
28-Apr-19, 10:31:34 
28-Apr-19, 10:31:36 
28-Apr-19, 10:31:37 
28-Apr-19, 10:31:39 
28-Apr-19, 10:31:41 
28-Apr-19, 10:31:42 
28-Apr-19, 10:31:47 
28-Apr-19, 10:31:49 
28-Apr-19, 10:31:51 
28-Apr-19, 10:31:52 
28-Apr-19, 10:31:54 
28-Apr-19, 10:32:04 
28-Apr-19, 10:32:06 
28-Apr-19, 10:32:08 
28-Apr-19, 10:32:09 
28-Apr-19, 10:32:11 
28-Apr-19, 10:32:13 
28-Apr-19, 10:32:14 
28-Apr-19, 10:32:16 
28-Apr-19, 10:32:18 
28-Apr-19, 10:32:19 
28-Apr-19, 10:32:21 
28-Apr-19, 10:32:23 
28-Apr-19, 10:32:24 
28-Apr-19, 10:32:26 
28-Apr-19, 10:32:28 
28-Apr-19, 10:32:29 
28-Apr-19, 10:32:31 
28-Apr-19, 10:32:33 
28-Apr-19, 10:32:34 
28-Apr-19, 10:32:36 
28-Apr-19, 10:32:38 
28-Apr-19, 10:32:39 
28-Apr-19, 10:32:41 
28-Apr-19, 10:32:43 
28-Apr-19, 10:32:44 
28-Apr-19, 10:32:46 
28-Apr-19, 10:32:48 
28-Apr-19, 10:32:49 
28-Apr-19, 10:32:51 
28-Apr-19, 10:32:53 
28-Apr-19, 10:32:54 
28-Apr-19, 10:33:06 
28-Apr-19, 10:33:08 
28-Apr-19, 10:33:09 
28-Apr-19, 10:33:11 
28-Apr-19, 10:33:13 
28-Apr-19, 10:33:14 
28-Apr-19, 10:33:18 
28-Apr-19, 10:33:19 
28-Apr-19, 10:33:21 
28-Apr-19, 10:33:23 
28-Apr-19, 10:33:24 
28-Apr-19, 10:33:26 
28-Apr-19, 10:33:28 
28-Apr-19, 10:33:29 
28-Apr-19, 10:33:31 
28-Apr-19, 10:33:33 
28-Apr-19, 10:33:34 
28-Apr-19, 10:33:36 
28-Apr-19, 10:33:38 
28-Apr-19, 10:33:39 
28-Apr-19, 10:33:43 
28-Apr-19, 10:33:44 
28-Apr-19, 10:33:46 
28-Apr-19, 10:33:48 
28-Apr-19, 10:33:49 
28-Apr-19, 10:33:51 
28-Apr-19, 10:33:53 
28-Apr-19, 10:33:54 
28-Apr-19, 10:34:01 
28-Apr-19, 10:34:03 
28-Apr-19, 10:34:04 
28-Apr-19, 10:34:06 
28-Apr-19, 10:34:08 
28-Apr-19, 10:34:09 
28-Apr-19, 10:34:11 
28-Apr-19, 10:34:13 
28-Apr-19, 10:34:14 
28-Apr-19, 10:34:16 
28-Apr-19, 10:34:18 
28-Apr-19, 10:34:19 
28-Apr-19, 10:34:21 
28-Apr-19, 10:34:23 
28-Apr-19, 10:34:24 
28-Apr-19, 10:34:26 
28-Apr-19, 10:34:28 
28-Apr-19, 10:34:29 
28-Apr-19, 10:34:31 
28-Apr-19, 10:34:33 
28-Apr-19, 17:10:51 
28-Apr-19, 17:10:52 
28-Apr-19, 17:10:54 
28-Apr-19, 17:10:57 
28-Apr-19, 17:11:04 
28-Apr-19, 17:11:06 
28-Apr-19, 17:11:07 
28-Apr-19, 17:11:09 
28-Apr-19, 17:11:11 
28-Apr-19, 17:11:14 
28-Apr-19, 17:11:19 
28-Apr-19, 17:11:21 
28-Apr-19, 17:11:22 
28-Apr-19, 17:11:24 
28-Apr-19, 17:11:26 
28-Apr-19, 17:11:27 
28-Apr-19, 17:11:29 
28-Apr-19, 17:11:31 
28-Apr-19, 17:11:32 
28-Apr-19, 17:11:34 
28-Apr-19, 17:11:36 
28-Apr-19, 17:11:37 
28-Apr-19, 17:11:39 
28-Apr-19, 17:11:41 
28-Apr-19, 17:11:42 
28-Apr-19, 17:11:46 
28-Apr-19, 17:11:47 
28-Apr-19, 17:11:49 
28-Apr-19, 17:11:51 
28-Apr-19, 17:11:52 
28-Apr-19, 17:11:54 
28-Apr-19, 17:12:02 
28-Apr-19, 17:12:04 
28-Apr-19, 17:12:06 
28-Apr-19, 17:12:07 
28-Apr-19, 17:12:09 
28-Apr-19, 17:12:11 
28-Apr-19, 17:12:12 
28-Apr-19, 17:12:14 
28-Apr-19, 17:12:16 
28-Apr-19, 17:12:17 
28-Apr-19, 17:12:19 
28-Apr-19, 17:12:21 
28-Apr-19, 17:12:22 
28-Apr-19, 17:12:24 
28-Apr-19, 17:12:26 
28-Apr-19, 17:12:27 
28-Apr-19, 17:12:29 
28-Apr-19, 17:12:31 
28-Apr-19, 17:12:32 
28-Apr-19, 17:12:36 
28-Apr-19, 17:12:37 
28-Apr-19, 17:12:39 
28-Apr-19, 17:12:41 
28-Apr-19, 17:12:42 
28-Apr-19, 17:12:44 
28-Apr-19, 17:12:46 
28-Apr-19, 17:12:47 
28-Apr-19, 17:12:49 
28-Apr-19, 17:12:51 
28-Apr-19, 17:12:52 
28-Apr-19, 17:12:54 
28-Apr-19, 17:12:57 
28-Apr-19, 17:13:01 
28-Apr-19, 17:13:04 
28-Apr-19, 17:13:06 
28-Apr-19, 17:13:07 
28-Apr-19, 17:13:09 
28-Apr-19, 17:13:11 
28-Apr-19, 17:13:12 
28-Apr-19, 17:13:14 
28-Apr-19, 17:13:16 
28-Apr-19, 17:13:17 
28-Apr-19, 17:13:19 
28-Apr-19, 17:13:21 
28-Apr-19, 17:13:22 
28-Apr-19, 17:13:24 
28-Apr-19, 17:13:26 
28-Apr-19, 17:13:27 
28-Apr-19, 17:13:29 
28-Apr-19, 17:13:31 
28-Apr-19, 17:13:32 
28-Apr-19, 17:13:34 
28-Apr-19, 17:13:36 
28-Apr-19, 17:13:37 
28-Apr-19, 17:13:41 
28-Apr-19, 17:13:42 
28-Apr-19, 17:13:44 
28-Apr-19, 17:13:46 
28-Apr-19, 17:13:47 
28-Apr-19, 17:13:49 
28-Apr-19, 17:13:51 
28-Apr-19, 17:13:52 
28-Apr-19, 17:13:54 
28-Apr-19, 17:14:01 
28-Apr-19, 17:14:04 
28-Apr-19, 17:14:06 
28-Apr-19, 17:14:07 
28-Apr-19, 17:14:09 
28-Apr-19, 17:14:11 
28-Apr-19, 17:14:12 
28-Apr-19, 17:14:14 
28-Apr-19, 17:14:16 
28-Apr-19, 17:14:17 
28-Apr-19, 17:14:19 
28-Apr-19, 17:14:21 
28-Apr-19, 17:14:22 
28-Apr-19, 17:14:24 
28-Apr-19, 17:14:26 
28-Apr-19, 17:14:27 
28-Apr-19, 17:14:29 
28-Apr-19, 17:14:31 
28-Apr-19, 17:14:32 
28-Apr-19, 17:14:34 
28-Apr-19, 17:14:36 
28-Apr-19, 17:14:37 
28-Apr-19, 17:14:39 
28-Apr-19, 17:14:41 
28-Apr-19, 17:14:42 
28-Apr-19, 17:14:44 
28-Apr-19, 17:14:46 
28-Apr-19, 17:14:47 
28-Apr-19, 17:14:49 
28-Apr-19, 17:14:51 
28-Apr-19, 17:14:52 
28-Apr-19, 17:14:54 
28-Apr-19, 17:14:57 
28-Apr-19, 17:15:04 
28-Apr-19, 17:15:06 
28-Apr-19, 17:15:07 
28-Apr-19, 17:15:11 
28-Apr-19, 17:15:12 
28-Apr-19, 17:15:14 
28-Apr-19, 17:15:16 
28-Apr-19, 17:15:17 
28-Apr-19, 17:15:19 
28-Apr-19, 17:15:21 
28-Apr-19, 17:15:22 
28-Apr-19, 17:15:24 
28-Apr-19, 17:15:26 
28-Apr-19, 17:15:27 
28-Apr-19, 17:15:29 
28-Apr-19, 17:15:31 
28-Apr-19, 17:15:32 
28-Apr-19, 17:15:34 
28-Apr-19, 17:15:36 
28-Apr-19, 17:15:37 
28-Apr-19, 17:15:39 
28-Apr-19, 17:15:41 
28-Apr-19, 17:15:42 
28-Apr-19, 17:15:44 
28-Apr-19, 17:15:46 
28-Apr-19, 17:15:47 
28-Apr-19, 17:15:49 
28-Apr-19, 17:15:51 
28-Apr-19, 17:15:52 
28-Apr-19, 17:15:54 
28-Apr-19, 17:16:02 
28-Apr-19, 17:16:04 
28-Apr-19, 17:16:06 
28-Apr-19, 17:16:07 
28-Apr-19, 17:16:09 
28-Apr-19, 17:16:11 
28-Apr-19, 17:16:12 
28-Apr-19, 17:16:14 
28-Apr-19, 17:16:16 
28-Apr-19, 17:16:17 
28-Apr-19, 17:16:19 
28-Apr-19, 17:16:21 
28-Apr-19, 17:16:22 
28-Apr-19, 17:16:24 
28-Apr-19, 17:16:26 
28-Apr-19, 17:16:27 
28-Apr-19, 17:16:29 
28-Apr-19, 17:16:31 
28-Apr-19, 17:16:32 
28-Apr-19, 17:16:34 
28-Apr-19, 17:16:36 
28-Apr-19, 17:16:37 
28-Apr-19, 17:16:39 
28-Apr-19, 17:16:41 
28-Apr-19, 17:16:42 
28-Apr-19, 17:16:44 
28-Apr-19, 17:16:46 
28-Apr-19, 17:16:47 
28-Apr-19, 17:16:49 
28-Apr-19, 17:16:51 
28-Apr-19, 17:16:52 
28-Apr-19, 17:16:54 
28-Apr-19, 17:17:02 
28-Apr-19, 17:17:04 
28-Apr-19, 17:17:06 
28-Apr-19, 17:17:07 
28-Apr-19, 17:17:09 
28-Apr-19, 17:17:11 
28-Apr-19, 17:17:12 
28-Apr-19, 17:17:14 
28-Apr-19, 17:17:16 
28-Apr-19, 17:17:17 
28-Apr-19, 17:17:19 
28-Apr-19, 17:17:21 
28-Apr-19, 17:17:22 
28-Apr-19, 17:17:24 
28-Apr-19, 17:17:26 
28-Apr-19, 17:17:27 
28-Apr-19, 17:17:29 
28-Apr-19, 17:17:31 
28-Apr-19, 17:17:32 
28-Apr-19, 17:17:34 
28-Apr-19, 17:17:36 
28-Apr-19, 17:17:37 
28-Apr-19, 17:17:39 
28-Apr-19, 17:17:41 
28-Apr-19, 17:17:42 
28-Apr-19, 17:17:44 
28-Apr-19, 17:17:47 
28-Apr-19, 17:17:49 
28-Apr-19, 17:17:51 
28-Apr-19, 17:17:52 
28-Apr-19, 17:17:54 
28-Apr-19, 17:18:02 
28-Apr-19, 17:18:04 
28-Apr-19, 17:18:06 
28-Apr-19, 17:18:07 
28-Apr-19, 17:18:09 
28-Apr-19, 17:18:11 
28-Apr-19, 17:18:12 
28-Apr-19, 17:18:14 
28-Apr-19, 17:18:16 
28-Apr-19, 17:18:17 
28-Apr-19, 17:18:19 
28-Apr-19, 17:18:21 
28-Apr-19, 17:18:22 
28-Apr-19, 17:18:24 
28-Apr-19, 17:18:26 
28-Apr-19, 17:18:27 
28-Apr-19, 17:18:29 
28-Apr-19, 17:18:31 
28-Apr-19, 17:18:32 
28-Apr-19, 17:18:34 
28-Apr-19, 17:18:36 
28-Apr-19, 17:18:37 
28-Apr-19, 17:18:39 
28-Apr-19, 17:18:41 
28-Apr-19, 17:18:42 
28-Apr-19, 17:18:44 
28-Apr-19, 17:18:46 
28-Apr-19, 17:18:47 
28-Apr-19, 17:18:49 
28-Apr-19, 17:18:51 
28-Apr-19, 17:18:52 
28-Apr-19, 17:18:54 
28-Apr-19, 17:19:01 
28-Apr-19, 17:19:02 
28-Apr-19, 17:19:04 
28-Apr-19, 17:19:06 
28-Apr-19, 17:19:07 
28-Apr-19, 17:19:09 
28-Apr-19, 17:19:11 
28-Apr-19, 17:19:12 
28-Apr-19, 17:19:14 
28-Apr-19, 17:19:16 
28-Apr-19, 17:19:17 
28-Apr-19, 17:19:19 
28-Apr-19, 17:19:21 
28-Apr-19, 17:19:22 
28-Apr-19, 17:19:24 
28-Apr-19, 17:19:26 
28-Apr-19, 17:19:27 
28-Apr-19, 17:19:29 
28-Apr-19, 17:19:31 
28-Apr-19, 17:19:32 
28-Apr-19, 17:19:34 
28-Apr-19, 17:19:36 
28-Apr-19, 17:19:37 
28-Apr-19, 17:19:39 
28-Apr-19, 17:19:41 
28-Apr-19, 17:19:42 
28-Apr-19, 17:19:44 
28-Apr-19, 17:19:46 
28-Apr-19, 17:19:47 
28-Apr-19, 17:19:49 
28-Apr-19, 17:19:51 
28-Apr-19, 17:19:52 
28-Apr-19, 17:19:54 
28-Apr-19, 17:19:57 
28-Apr-19, 17:20:04 
28-Apr-19, 17:20:06 
28-Apr-19, 17:20:07 
28-Apr-19, 17:20:09 
28-Apr-19, 17:20:11 
28-Apr-19, 17:20:12 
28-Apr-19, 17:20:14 
28-Apr-19, 17:20:16 
28-Apr-19, 17:20:17 
28-Apr-19, 17:20:19 
28-Apr-19, 17:20:21 
28-Apr-19, 17:20:22 
28-Apr-19, 17:20:24 
28-Apr-19, 17:20:26 
28-Apr-19, 17:20:27 
28-Apr-19, 17:20:29 
28-Apr-19, 17:20:31 
28-Apr-19, 17:20:32 
28-Apr-19, 17:20:34 
28-Apr-19, 17:20:36 
28-Apr-19, 17:20:37 
28-Apr-19, 17:20:39 
28-Apr-19, 17:20:41 
28-Apr-19, 17:20:42 
28-Apr-19, 17:20:46 
28-Apr-19, 17:20:47 
28-Apr-19, 17:20:49 
28-Apr-19, 17:20:51 
28-Apr-19, 17:20:52 
28-Apr-19, 17:20:54 
28-Apr-19, 17:20:59 
28-Apr-19, 17:21:02 
28-Apr-19, 17:21:04 
28-Apr-19, 17:21:06 
28-Apr-19, 17:21:07 
28-Apr-19, 17:21:09 
28-Apr-19, 17:21:11 
28-Apr-19, 17:21:12 
28-Apr-19, 17:21:14 
28-Apr-19, 17:21:16 
28-Apr-19, 17:21:17 
28-Apr-19, 17:21:19 
28-Apr-19, 17:21:21 
28-Apr-19, 17:21:22 
28-Apr-19, 17:21:24 
28-Apr-19, 17:21:26 
28-Apr-19, 17:21:27 
28-Apr-19, 17:21:29 
28-Apr-19, 17:21:31 
28-Apr-19, 17:21:32 
28-Apr-19, 17:21:34 
28-Apr-19, 17:21:36 
28-Apr-19, 17:21:37 
28-Apr-19, 17:21:39 
28-Apr-19, 17:21:41 
28-Apr-19, 17:21:42 
28-Apr-19, 17:21:44 
28-Apr-19, 17:21:46 
28-Apr-19, 17:21:47 
28-Apr-19, 17:21:49 
28-Apr-19, 17:21:52 
28-Apr-19, 17:21:54 
28-Apr-19, 17:22:04 
28-Apr-19, 17:22:06 
28-Apr-19, 17:22:07 
28-Apr-19, 17:22:09 
28-Apr-19, 17:22:11 
28-Apr-19, 17:22:12 
28-Apr-19, 17:22:14 
28-Apr-19, 17:22:16 
28-Apr-19, 17:22:17 
28-Apr-19, 17:22:19 
28-Apr-19, 17:22:21 
28-Apr-19, 17:22:22 
28-Apr-19, 17:22:24 
28-Apr-19, 17:22:26 
28-Apr-19, 17:22:27 
28-Apr-19, 17:22:29 
28-Apr-19, 17:22:31 
28-Apr-19, 17:22:32 
28-Apr-19, 17:22:34 
28-Apr-19, 17:22:36 
28-Apr-19, 17:22:39 
28-Apr-19, 17:22:41 
28-Apr-19, 17:22:42 
28-Apr-19, 17:22:44 
28-Apr-19, 17:22:46 
28-Apr-19, 17:22:47 
28-Apr-19, 17:22:49 
28-Apr-19, 17:22:51 
28-Apr-19, 17:22:52 
28-Apr-19, 17:22:54 
28-Apr-19, 17:22:57 
28-Apr-19, 17:23:04 
28-Apr-19, 17:23:06 
28-Apr-19, 17:23:07 
28-Apr-19, 17:23:09 
28-Apr-19, 17:23:11 
28-Apr-19, 17:23:12 
28-Apr-19, 17:23:14 
28-Apr-19, 17:23:16 
28-Apr-19, 17:23:17 
28-Apr-19, 17:23:19 
28-Apr-19, 17:23:21 
28-Apr-19, 17:23:22 
28-Apr-19, 17:23:24 
28-Apr-19, 17:23:26 
28-Apr-19, 17:23:27 
28-Apr-19, 17:23:29 
28-Apr-19, 17:23:31 
28-Apr-19, 17:23:32 
28-Apr-19, 17:23:34 
28-Apr-19, 17:23:36 
28-Apr-19, 17:23:37 
28-Apr-19, 17:23:39 
28-Apr-19, 17:23:41 
28-Apr-19, 17:23:42 
28-Apr-19, 17:23:44 
28-Apr-19, 17:23:46 
28-Apr-19, 17:23:47 
28-Apr-19, 17:23:49 
28-Apr-19, 17:23:51 
28-Apr-19, 17:23:52 
28-Apr-19, 17:23:54 
28-Apr-19, 17:24:02 
28-Apr-19, 17:24:04 
28-Apr-19, 17:24:06 
28-Apr-19, 17:24:07 
28-Apr-19, 17:24:09 
28-Apr-19, 17:24:11 
28-Apr-19, 17:24:12 
28-Apr-19, 17:24:14 
28-Apr-19, 17:24:16 
28-Apr-19, 17:24:17 
28-Apr-19, 17:24:19 
28-Apr-19, 17:24:21 
28-Apr-19, 17:24:22 
28-Apr-19, 17:24:24 
28-Apr-19, 17:24:26 
28-Apr-19, 17:24:29 
28-Apr-19, 17:24:31 
28-Apr-19, 17:24:32 
28-Apr-19, 17:24:34 
28-Apr-19, 17:24:36 
28-Apr-19, 17:24:37 
28-Apr-19, 17:24:39 
28-Apr-19, 17:24:41 
28-Apr-19, 17:24:42 
28-Apr-19, 17:24:44 
28-Apr-19, 17:24:46 
28-Apr-19, 17:24:47 
28-Apr-19, 17:24:49 
28-Apr-19, 17:24:51 
28-Apr-19, 17:24:52 
28-Apr-19, 17:24:54 
28-Apr-19, 17:25:02 
28-Apr-19, 17:25:04 
28-Apr-19, 17:25:06 
28-Apr-19, 17:25:07 
28-Apr-19, 17:25:09 
28-Apr-19, 17:25:14 
28-Apr-19, 17:25:16 
28-Apr-19, 17:25:17 
28-Apr-19, 17:25:19 
28-Apr-19, 17:25:21 
28-Apr-19, 17:25:22 
28-Apr-19, 17:25:24 
28-Apr-19, 17:25:26 
28-Apr-19, 17:25:27 
28-Apr-19, 17:25:29 
28-Apr-19, 17:25:31 
28-Apr-19, 17:25:32 
28-Apr-19, 17:25:34 
28-Apr-19, 17:25:36 
28-Apr-19, 17:25:37 
28-Apr-19, 17:25:39 
28-Apr-19, 17:25:41 
28-Apr-19, 17:25:42 
28-Apr-19, 17:25:44 
28-Apr-19, 17:25:46 
28-Apr-19, 17:25:47 
28-Apr-19, 17:25:49 
28-Apr-19, 17:25:51 
28-Apr-19, 17:25:52 
28-Apr-19, 17:25:54 
28-Apr-19, 17:26:01 
28-Apr-19, 17:26:04 
28-Apr-19, 17:26:06 
28-Apr-19, 17:26:07 
28-Apr-19, 17:26:09 
28-Apr-19, 17:26:11 
28-Apr-19, 17:26:12 
28-Apr-19, 17:26:14 
28-Apr-19, 17:26:16 
28-Apr-19, 17:26:17 
28-Apr-19, 17:26:19 
28-Apr-19, 17:26:21 
28-Apr-19, 17:26:22 
28-Apr-19, 17:26:24 
28-Apr-19, 17:26:26 
28-Apr-19, 17:26:27 
28-Apr-19, 17:26:29 
28-Apr-19, 17:26:31 
28-Apr-19, 17:26:32 
28-Apr-19, 17:26:34 
28-Apr-19, 17:26:36 
28-Apr-19, 17:26:37 
28-Apr-19, 17:26:39 
28-Apr-19, 17:26:41 
28-Apr-19, 17:26:42 
28-Apr-19, 17:26:44 
28-Apr-19, 17:26:46 
28-Apr-19, 17:26:47 
28-Apr-19, 17:26:49 
28-Apr-19, 17:26:51 
28-Apr-19, 17:26:52 
28-Apr-19, 17:26:54 
28-Apr-19, 17:27:01 
28-Apr-19, 17:27:02 
28-Apr-19, 17:27:04 
28-Apr-19, 17:27:06 
28-Apr-19, 17:27:07 
28-Apr-19, 17:27:09 
28-Apr-19, 17:27:11 
28-Apr-19, 17:27:12 
28-Apr-19, 17:27:14 
28-Apr-19, 17:27:16 
28-Apr-19, 17:27:17 
28-Apr-19, 17:27:19 
28-Apr-19, 17:27:21 
28-Apr-19, 17:27:22 
28-Apr-19, 17:27:24 
28-Apr-19, 17:27:26 
28-Apr-19, 17:27:27 
28-Apr-19, 17:27:29 
28-Apr-19, 17:27:31 
28-Apr-19, 17:27:32 
28-Apr-19, 17:27:36 
28-Apr-19, 17:27:37 
28-Apr-19, 17:27:39 
28-Apr-19, 17:27:41 
28-Apr-19, 17:27:42 
28-Apr-19, 17:27:44 
28-Apr-19, 17:27:46 
28-Apr-19, 17:27:47 
28-Apr-19, 17:27:49 
28-Apr-19, 17:27:51 
28-Apr-19, 17:27:52 
28-Apr-19, 17:27:54 
28-Apr-19, 17:28:01 
28-Apr-19, 17:28:02 
28-Apr-19, 17:28:04 
28-Apr-19, 17:28:06 
28-Apr-19, 17:28:07 
28-Apr-19, 17:28:09 
28-Apr-19, 17:28:11 
28-Apr-19, 17:28:12 
28-Apr-19, 17:28:14 
28-Apr-19, 17:28:16 
28-Apr-19, 17:28:17 
28-Apr-19, 17:28:20 
28-Apr-19, 17:28:21 
28-Apr-19, 17:28:22 
28-Apr-19, 17:28:25 
28-Apr-19, 17:28:26 
28-Apr-19, 17:28:27 
28-Apr-19, 17:28:30 
28-Apr-19, 17:28:31 
28-Apr-19, 17:28:32 
28-Apr-19, 17:28:35 
28-Apr-19, 17:28:36 
28-Apr-19, 17:28:37 
28-Apr-19, 17:28:40 
28-Apr-19, 17:28:41 
28-Apr-19, 17:28:42 
28-Apr-19, 17:28:45 
28-Apr-19, 17:28:46 
28-Apr-19, 17:28:47 
28-Apr-19, 17:28:50 
28-Apr-19, 17:28:51 
28-Apr-19, 17:28:52 
28-Apr-19, 17:28:55 
28-Apr-19, 17:29:02 
28-Apr-19, 17:29:05 
28-Apr-19, 17:29:06 
28-Apr-19, 17:29:07 
28-Apr-19, 17:29:10 
28-Apr-19, 17:29:11 
28-Apr-19, 17:29:12 
28-Apr-19, 17:29:15 
28-Apr-19, 17:29:16 
28-Apr-19, 17:29:17 
28-Apr-19, 17:29:20 
28-Apr-19, 17:29:21 
28-Apr-19, 17:29:22 
28-Apr-19, 17:29:25 
28-Apr-19, 17:29:26 
28-Apr-19, 17:29:27 
28-Apr-19, 17:29:30 
28-Apr-19, 17:29:31 
28-Apr-19, 17:29:32 
28-Apr-19, 17:29:35 
28-Apr-19, 17:29:36 
28-Apr-19, 17:29:37 
28-Apr-19, 17:29:40 
28-Apr-19, 17:29:41 
28-Apr-19, 17:29:42 
28-Apr-19, 17:29:46 
28-Apr-19, 17:29:47 
28-Apr-19, 17:29:50 
28-Apr-19, 17:29:51 
28-Apr-19, 17:29:55 
28-Apr-19, 17:30:05 
28-Apr-19, 17:30:06 
28-Apr-19, 17:30:07 
28-Apr-19, 17:30:10 
28-Apr-19, 17:30:11 
28-Apr-19, 17:30:12 
28-Apr-19, 17:30:15 
28-Apr-19, 17:30:16 
28-Apr-19, 17:30:17 
28-Apr-19, 17:30:20 
28-Apr-19, 17:30:21 
28-Apr-19, 17:30:25 
28-Apr-19, 17:30:26 
28-Apr-19, 17:30:27 
28-Apr-19, 17:30:30 
28-Apr-19, 17:30:31 
28-Apr-19, 17:30:32 
28-Apr-19, 17:30:35 
28-Apr-19, 17:30:36 
28-Apr-19, 17:30:37 
28-Apr-19, 17:30:40 
28-Apr-19, 17:30:41 
28-Apr-19, 17:30:42 
28-Apr-19, 17:30:45 
28-Apr-19, 17:30:46 
28-Apr-19, 17:30:47 
28-Apr-19, 17:30:50 
28-Apr-19, 17:30:51 
28-Apr-19, 17:30:52 
28-Apr-19, 17:30:55 
28-Apr-19, 17:31:02 
28-Apr-19, 17:31:05 
28-Apr-19, 17:31:06 
28-Apr-19, 17:31:07 
28-Apr-19, 17:31:10 
28-Apr-19, 17:31:11 
28-Apr-19, 17:31:12 
28-Apr-19, 17:31:15 
28-Apr-19, 17:31:16 
28-Apr-19, 17:31:17 
28-Apr-19, 17:31:20 
28-Apr-19, 17:31:21 
28-Apr-19, 17:31:22 
28-Apr-19, 17:31:25 
28-Apr-19, 17:31:26 
28-Apr-19, 17:31:27 
28-Apr-19, 17:31:30 
28-Apr-19, 17:31:31 
28-Apr-19, 17:31:32 
28-Apr-19, 17:31:35 
28-Apr-19, 17:31:36 
28-Apr-19, 17:31:37 
28-Apr-19, 17:31:40 
28-Apr-19, 17:31:41 
28-Apr-19, 17:31:42 
28-Apr-19, 17:31:45 
28-Apr-19, 17:31:46 
28-Apr-19, 17:31:47 
28-Apr-19, 17:31:50 
28-Apr-19, 17:31:51 
28-Apr-19, 17:31:52 
28-Apr-19, 17:31:55 
28-Apr-19, 17:32:00 
28-Apr-19, 17:32:02 
28-Apr-19, 17:32:05 
28-Apr-19, 17:32:06 
28-Apr-19, 17:32:07 
28-Apr-19, 17:32:10 
28-Apr-19, 17:32:11 
28-Apr-19, 17:32:12 
28-Apr-19, 17:32:15 
28-Apr-19, 17:32:16 
28-Apr-19, 17:32:17 
28-Apr-19, 17:32:20 
28-Apr-19, 17:32:21 
28-Apr-19, 17:32:22 
28-Apr-19, 17:32:25 
28-Apr-19, 17:32:26 
28-Apr-19, 17:32:27 
28-Apr-19, 17:32:30 
28-Apr-19, 17:32:31 
28-Apr-19, 17:32:32 
28-Apr-19, 17:32:35 
28-Apr-19, 17:32:36 
28-Apr-19, 17:32:37 
28-Apr-19, 17:32:40 
28-Apr-19, 17:32:41 
28-Apr-19, 17:32:42 
28-Apr-19, 17:32:45 
28-Apr-19, 17:32:46 
28-Apr-19, 17:32:47 
28-Apr-19, 17:32:50 
28-Apr-19, 17:32:51 
28-Apr-19, 17:32:52 
28-Apr-19, 17:32:55 
28-Apr-19, 17:33:01 
28-Apr-19, 17:33:02 
28-Apr-19, 17:33:05 
28-Apr-19, 17:33:06 
28-Apr-19, 17:33:07 
28-Apr-19, 17:33:10 
28-Apr-19, 17:33:11 
28-Apr-19, 17:33:12 
28-Apr-19, 17:33:15 
28-Apr-19, 17:33:16 
28-Apr-19, 17:33:17 
28-Apr-19, 17:33:20 
28-Apr-19, 17:33:21 
28-Apr-19, 17:33:22 
28-Apr-19, 17:33:25 
28-Apr-19, 17:33:26 
28-Apr-19, 17:33:27 
28-Apr-19, 17:33:30 
28-Apr-19, 17:33:31 
28-Apr-19, 17:33:32 
28-Apr-19, 17:33:35 
28-Apr-19, 17:33:36 
28-Apr-19, 17:33:37 
28-Apr-19, 17:33:40 
28-Apr-19, 17:33:41 
28-Apr-19, 17:33:42 
28-Apr-19, 17:33:45 
28-Apr-19, 17:33:46 
28-Apr-19, 17:33:47 
28-Apr-19, 17:33:50 
28-Apr-19, 17:33:51 
28-Apr-19, 17:33:52 
28-Apr-19, 17:33:55 
28-Apr-19, 17:34:01 
28-Apr-19, 17:34:02 
28-Apr-19, 17:34:05 
28-Apr-19, 17:34:06 
28-Apr-19, 17:34:07 
28-Apr-19, 17:34:10 
28-Apr-19, 17:34:11 
28-Apr-19, 17:34:12 
28-Apr-19, 17:34:15 
28-Apr-19, 17:34:16 
28-Apr-19, 17:34:17 
28-Apr-19, 17:34:20 
28-Apr-19, 17:34:21 
28-Apr-19, 17:34:22 
28-Apr-19, 17:34:25 
28-Apr-19, 17:34:26 
28-Apr-19, 17:34:27 
28-Apr-19, 17:34:30 
28-Apr-19, 17:34:31 
28-Apr-19, 17:34:32 
28-Apr-19, 17:34:35 
28-Apr-19, 17:34:36 
28-Apr-19, 17:34:37 
28-Apr-19, 17:34:40 
28-Apr-19, 17:34:41 
28-Apr-19, 17:34:42 
28-Apr-19, 17:34:45 
28-Apr-19, 17:34:46 
28-Apr-19, 17:34:47 
28-Apr-19, 17:34:50 
28-Apr-19, 17:34:51 
28-Apr-19, 17:34:52 
28-Apr-19, 17:34:55 
28-Apr-19, 17:35:01 
28-Apr-19, 17:35:02 
28-Apr-19, 17:35:05 
28-Apr-19, 17:35:06 
28-Apr-19, 17:35:07 
28-Apr-19, 17:35:10 
28-Apr-19, 17:35:11 
28-Apr-19, 17:35:12 
28-Apr-19, 17:35:15 
28-Apr-19, 17:35:16 
28-Apr-19, 17:35:17 
28-Apr-19, 17:35:20 
28-Apr-19, 17:35:21 
28-Apr-19, 17:35:22 
28-Apr-19, 17:35:25 
28-Apr-19, 17:35:26 
28-Apr-19, 17:35:27 
28-Apr-19, 17:35:30 
28-Apr-19, 17:35:31 
28-Apr-19, 17:35:32 
28-Apr-19, 17:35:35 
28-Apr-19, 17:35:36 
28-Apr-19, 17:35:37 
28-Apr-19, 17:35:40 
28-Apr-19, 17:35:41 
28-Apr-19, 17:35:42 
28-Apr-19, 17:35:45 
28-Apr-19, 17:35:46 
28-Apr-19, 17:35:47 
28-Apr-19, 17:35:50 
28-Apr-19, 17:35:51 
28-Apr-19, 17:35:52 
28-Apr-19, 17:35:55 
28-Apr-19, 17:36:02 
28-Apr-19, 17:36:05 
28-Apr-19, 17:36:06 
28-Apr-19, 17:36:07 
28-Apr-19, 17:36:10 
28-Apr-19, 17:36:11 
28-Apr-19, 17:36:12 
28-Apr-19, 17:36:15 
28-Apr-19, 17:36:16 
28-Apr-19, 17:36:17 
28-Apr-19, 17:36:20 
28-Apr-19, 17:36:21 
28-Apr-19, 17:36:22 
28-Apr-19, 17:36:25 
28-Apr-19, 17:36:26 
28-Apr-19, 17:36:27 
28-Apr-19, 17:36:30 
28-Apr-19, 17:36:31 
28-Apr-19, 17:36:32 
28-Apr-19, 17:36:35 
28-Apr-19, 17:36:36 
28-Apr-19, 17:36:37 
28-Apr-19, 17:36:40 
28-Apr-19, 17:36:41 
28-Apr-19, 17:36:42 
28-Apr-19, 17:36:45 
28-Apr-19, 17:36:46 
28-Apr-19, 17:36:47 
28-Apr-19, 17:36:50 
28-Apr-19, 17:36:51 
28-Apr-19, 17:36:52 
28-Apr-19, 17:36:55 
28-Apr-19, 17:36:57 
28-Apr-19, 17:37:05 
28-Apr-19, 17:37:06 
28-Apr-19, 17:37:07 
28-Apr-19, 17:37:10 
28-Apr-19, 17:37:11 
28-Apr-19, 17:37:12 
28-Apr-19, 17:37:15 
28-Apr-19, 17:37:16 
28-Apr-19, 17:37:17 
28-Apr-19, 17:37:20 
28-Apr-19, 17:37:21 
28-Apr-19, 17:37:22 
28-Apr-19, 17:37:25 
28-Apr-19, 17:37:26 
28-Apr-19, 17:37:27 
28-Apr-19, 17:37:30 
28-Apr-19, 17:37:31 
28-Apr-19, 17:37:32 
28-Apr-19, 17:37:35 
28-Apr-19, 17:37:36 
28-Apr-19, 17:37:37 
28-Apr-19, 17:37:40 
28-Apr-19, 17:37:41 
28-Apr-19, 17:37:42 
28-Apr-19, 17:37:45 
28-Apr-19, 17:37:46 
28-Apr-19, 17:37:47 
28-Apr-19, 17:37:50 
28-Apr-19, 17:37:51 
28-Apr-19, 17:37:52 
28-Apr-19, 17:37:55 
28-Apr-19, 17:38:02 
28-Apr-19, 17:38:05 
28-Apr-19, 17:38:06 
28-Apr-19, 17:38:07 
28-Apr-19, 17:38:11 
28-Apr-19, 17:38:12 
28-Apr-19, 17:38:15 
28-Apr-19, 17:38:16 
28-Apr-19, 17:38:17 
28-Apr-19, 17:38:20 
28-Apr-19, 17:38:21 
28-Apr-19, 17:38:22 
28-Apr-19, 17:38:25 
28-Apr-19, 17:38:26 
28-Apr-19, 17:38:27 
28-Apr-19, 17:38:30 
28-Apr-19, 17:38:31 
28-Apr-19, 17:38:32 
28-Apr-19, 17:38:35 
28-Apr-19, 17:38:36 
28-Apr-19, 17:38:37 
28-Apr-19, 17:38:40 
28-Apr-19, 17:38:41 
28-Apr-19, 17:38:42 
28-Apr-19, 17:38:45 
28-Apr-19, 17:38:46 
28-Apr-19, 17:38:47 
28-Apr-19, 17:38:50 
28-Apr-19, 17:38:51 
28-Apr-19, 17:38:52 
28-Apr-19, 17:38:55 
28-Apr-19, 17:39:00 
28-Apr-19, 17:39:01 
28-Apr-19, 17:39:02 
28-Apr-19, 17:39:05 
28-Apr-19, 17:39:06 
28-Apr-19, 17:39:07 
28-Apr-19, 17:39:10 
28-Apr-19, 17:39:11 
28-Apr-19, 17:39:12 
28-Apr-19, 17:39:15 
28-Apr-19, 17:39:16 
28-Apr-19, 17:39:17 
28-Apr-19, 17:39:20 
28-Apr-19, 17:39:21 
28-Apr-19, 17:39:22 
28-Apr-19, 17:39:25 
28-Apr-19, 17:39:26 
28-Apr-19, 17:39:27 
28-Apr-19, 17:39:30 
28-Apr-19, 17:39:31 
28-Apr-19, 17:39:32 
28-Apr-19, 17:39:35 
28-Apr-19, 17:39:36 
28-Apr-19, 17:39:37 
28-Apr-19, 17:39:40 
28-Apr-19, 17:39:41 
28-Apr-19, 17:39:42 
28-Apr-19, 17:39:45 
28-Apr-19, 17:39:46 
28-Apr-19, 17:39:47 
28-Apr-19, 17:39:50 
28-Apr-19, 17:39:51 
28-Apr-19, 17:39:52 
28-Apr-19, 17:39:55 
28-Apr-19, 17:40:01 
28-Apr-19, 17:40:02 
28-Apr-19, 17:40:05 
28-Apr-19, 17:40:06 
28-Apr-19, 17:40:07 
28-Apr-19, 17:40:10 
28-Apr-19, 17:40:11 
28-Apr-19, 17:40:12 
28-Apr-19, 17:40:15 
28-Apr-19, 17:40:16 
28-Apr-19, 17:40:17 
28-Apr-19, 17:40:20 
28-Apr-19, 17:40:21 
28-Apr-19, 17:40:22 
28-Apr-19, 17:40:25 
28-Apr-19, 17:40:26 
28-Apr-19, 17:40:27 
28-Apr-19, 17:40:30 
28-Apr-19, 17:40:31 
28-Apr-19, 17:40:32 
28-Apr-19, 17:40:35 
28-Apr-19, 17:40:36 
28-Apr-19, 17:40:37 
28-Apr-19, 17:40:40 
28-Apr-19, 17:40:41 
28-Apr-19, 17:40:42 
28-Apr-19, 17:40:45 
28-Apr-19, 17:40:46 
28-Apr-19, 17:40:47 
28-Apr-19, 17:40:50 
28-Apr-19, 17:40:51 
28-Apr-19, 17:40:52 
28-Apr-19, 17:40:55 
28-Apr-19, 17:41:03 
28-Apr-19, 17:41:05 
28-Apr-19, 17:41:06 
28-Apr-19, 17:41:08 
28-Apr-19, 17:41:11 
28-Apr-19, 17:41:15 
28-Apr-19, 17:41:16 
28-Apr-19, 17:41:18 
28-Apr-19, 17:41:20 
28-Apr-19, 17:41:21 
28-Apr-19, 17:41:23 
28-Apr-19, 17:41:25 
28-Apr-19, 17:41:26 
28-Apr-19, 17:41:28 
28-Apr-19, 17:41:30 
28-Apr-19, 17:41:31 
28-Apr-19, 17:41:33 
28-Apr-19, 17:41:35 
28-Apr-19, 17:41:36 
28-Apr-19, 17:41:38 
28-Apr-19, 17:41:40 
28-Apr-19, 17:41:41 
28-Apr-19, 17:41:43 
28-Apr-19, 17:41:45 
28-Apr-19, 17:41:46 
28-Apr-19, 17:41:48 
28-Apr-19, 17:41:50 
28-Apr-19, 17:41:51 
28-Apr-19, 17:41:55 
28-Apr-19, 17:42:00 
28-Apr-19, 17:42:03 
28-Apr-19, 17:42:05 
28-Apr-19, 17:42:07 
28-Apr-19, 17:42:08 
28-Apr-19, 17:42:10 
28-Apr-19, 17:42:12 
28-Apr-19, 17:42:13 
28-Apr-19, 17:42:15 
28-Apr-19, 17:42:17 
28-Apr-19, 17:42:18 
28-Apr-19, 17:42:20 
28-Apr-19, 17:42:22 
28-Apr-19, 17:42:23 
28-Apr-19, 17:42:25 
28-Apr-19, 17:42:27 
28-Apr-19, 17:42:28 
28-Apr-19, 17:42:30 
28-Apr-19, 17:42:32 
28-Apr-19, 17:42:33 
28-Apr-19, 17:42:35 
28-Apr-19, 17:42:37 
28-Apr-19, 17:42:38 
28-Apr-19, 17:42:40 
28-Apr-19, 17:42:43 
28-Apr-19, 17:42:45 
28-Apr-19, 17:42:47 
28-Apr-19, 17:42:48 
28-Apr-19, 17:42:50 
28-Apr-19, 17:42:52 
28-Apr-19, 17:42:53 
28-Apr-19, 17:42:55 
28-Apr-19, 17:42:57 
28-Apr-19, 17:43:00 
28-Apr-19, 17:43:02 
28-Apr-19, 17:43:03 
28-Apr-19, 17:43:05 
28-Apr-19, 17:43:07 
28-Apr-19, 17:43:08 
28-Apr-19, 17:43:10 
28-Apr-19, 17:43:12 
28-Apr-19, 17:43:13 
28-Apr-19, 17:43:15 
28-Apr-19, 17:43:17 
28-Apr-19, 17:43:18 
28-Apr-19, 17:43:20 
28-Apr-19, 17:43:22 
28-Apr-19, 17:43:23 
28-Apr-19, 17:43:25 
28-Apr-19, 17:43:27 
28-Apr-19, 17:43:28 
28-Apr-19, 17:43:30 
28-Apr-19, 17:43:32 
28-Apr-19, 17:43:33 
28-Apr-19, 17:43:35 
28-Apr-19, 17:43:37 
28-Apr-19, 17:43:38 
28-Apr-19, 17:43:40 
28-Apr-19, 17:43:42 
28-Apr-19, 17:43:43 
28-Apr-19, 17:43:45 
28-Apr-19, 17:43:47 
28-Apr-19, 17:43:48 
28-Apr-19, 17:43:50 
28-Apr-19, 17:43:52 
28-Apr-19, 17:43:53 
28-Apr-19, 17:43:55 
28-Apr-19, 17:44:02 
28-Apr-19, 17:44:03 
28-Apr-19, 17:44:05 
28-Apr-19, 17:44:07 
28-Apr-19, 17:44:08 
28-Apr-19, 17:44:10 
28-Apr-19, 17:44:12 
28-Apr-19, 17:44:13 
28-Apr-19, 17:44:15 
28-Apr-19, 17:44:17 
28-Apr-19, 17:44:18 
28-Apr-19, 17:44:20 
28-Apr-19, 17:44:22 
28-Apr-19, 17:44:23 
28-Apr-19, 17:44:25 
28-Apr-19, 17:44:27 
28-Apr-19, 17:44:28 
28-Apr-19, 17:44:30 
28-Apr-19, 17:44:32 
28-Apr-19, 17:44:33 
28-Apr-19, 17:44:35 
28-Apr-19, 17:44:37 
28-Apr-19, 17:44:38 
28-Apr-19, 17:44:40 
28-Apr-19, 17:44:42 
28-Apr-19, 17:44:43 
28-Apr-19, 17:44:45 
28-Apr-19, 17:44:47 
28-Apr-19, 17:44:48 
28-Apr-19, 17:44:50 
28-Apr-19, 17:44:52 
28-Apr-19, 17:44:53 
28-Apr-19, 17:44:55 
28-Apr-19, 17:44:57 
28-Apr-19, 17:45:02 
28-Apr-19, 17:45:03 
28-Apr-19, 17:45:05 
28-Apr-19, 17:45:07 
28-Apr-19, 17:45:08 
28-Apr-19, 17:45:10 
28-Apr-19, 17:45:12 
28-Apr-19, 17:45:13 
28-Apr-19, 17:45:15 
28-Apr-19, 17:45:17 
28-Apr-19, 17:45:18 
28-Apr-19, 17:45:20 
28-Apr-19, 17:45:22 
28-Apr-19, 17:45:23 
28-Apr-19, 17:45:25 
28-Apr-19, 17:45:27 
28-Apr-19, 17:45:28 
28-Apr-19, 17:45:30 
28-Apr-19, 17:45:32 
28-Apr-19, 17:45:33 
28-Apr-19, 17:45:35 
28-Apr-19, 17:45:37 
28-Apr-19, 17:45:38 
28-Apr-19, 17:45:40 
28-Apr-19, 17:45:42 
28-Apr-19, 17:45:43 
28-Apr-19, 17:45:45 
28-Apr-19, 17:45:47 
28-Apr-19, 17:45:48 
28-Apr-19, 17:45:50 
28-Apr-19, 17:45:52 
28-Apr-19, 17:45:53 
28-Apr-19, 17:45:55 
28-Apr-19, 17:46:03 
28-Apr-19, 17:46:05 
28-Apr-19, 17:46:08 
28-Apr-19, 17:46:10 
28-Apr-19, 17:46:12 
28-Apr-19, 17:46:13 
28-Apr-19, 17:46:15 
28-Apr-19, 17:46:18 
28-Apr-19, 17:46:20 
28-Apr-19, 17:46:22 
28-Apr-19, 17:46:23 
28-Apr-19, 17:46:25 
28-Apr-19, 17:46:27 
28-Apr-19, 17:46:28 
28-Apr-19, 17:46:30 
28-Apr-19, 17:46:32 
28-Apr-19, 17:46:33 
28-Apr-19, 17:46:35 
28-Apr-19, 17:46:37 
28-Apr-19, 17:46:38 
28-Apr-19, 17:46:40 
28-Apr-19, 17:46:42 
28-Apr-19, 17:46:43 
28-Apr-19, 17:46:45 
28-Apr-19, 17:46:47 
28-Apr-19, 17:46:48 
28-Apr-19, 17:46:50 
28-Apr-19, 17:46:52 
28-Apr-19, 17:46:53 
28-Apr-19, 17:46:55 
28-Apr-19, 17:47:02 
28-Apr-19, 17:47:03 
28-Apr-19, 17:47:05 
28-Apr-19, 17:47:07 
28-Apr-19, 17:47:08 
28-Apr-19, 17:47:10 
28-Apr-19, 17:47:12 
28-Apr-19, 17:47:13 
28-Apr-19, 17:47:15 
28-Apr-19, 17:47:17 
28-Apr-19, 17:47:18 
28-Apr-19, 17:47:20 
28-Apr-19, 17:47:22 
28-Apr-19, 17:47:23 
28-Apr-19, 17:47:25 
28-Apr-19, 17:47:27 
28-Apr-19, 17:47:28 
28-Apr-19, 17:47:30 
28-Apr-19, 17:47:32 
28-Apr-19, 17:47:33 
28-Apr-19, 17:47:35 
28-Apr-19, 17:47:37 
28-Apr-19, 17:47:38 
28-Apr-19, 17:47:40 
28-Apr-19, 17:47:42 
28-Apr-19, 17:47:43 
28-Apr-19, 17:47:45 
28-Apr-19, 17:47:47 
28-Apr-19, 17:47:48 
28-Apr-19, 17:47:52 
28-Apr-19, 17:47:53 
28-Apr-19, 17:47:55 
28-Apr-19, 17:47:57 
28-Apr-19, 17:48:02 
28-Apr-19, 17:48:03 
28-Apr-19, 17:48:05 
28-Apr-19, 17:48:07 
28-Apr-19, 17:48:08 
28-Apr-19, 17:48:10 
28-Apr-19, 17:48:12 
28-Apr-19, 17:48:13 
28-Apr-19, 17:48:15 
28-Apr-19, 17:48:17 
28-Apr-19, 17:48:18 
28-Apr-19, 17:48:20 
28-Apr-19, 17:48:22 
28-Apr-19, 17:48:23 
28-Apr-19, 17:48:25 
28-Apr-19, 17:48:27 
28-Apr-19, 17:48:28 
28-Apr-19, 17:48:30 
28-Apr-19, 17:48:32 
28-Apr-19, 17:48:33 
28-Apr-19, 17:48:35 
28-Apr-19, 17:48:37 
28-Apr-19, 17:48:38 
28-Apr-19, 17:48:40 
28-Apr-19, 17:48:42 
28-Apr-19, 17:48:43 
28-Apr-19, 17:48:45 
28-Apr-19, 17:48:47 
28-Apr-19, 17:48:48 
28-Apr-19, 17:48:50 
28-Apr-19, 17:48:52 
28-Apr-19, 17:48:53 
28-Apr-19, 17:48:55 
28-Apr-19, 17:49:03 
28-Apr-19, 17:49:05 
28-Apr-19, 17:49:07 
28-Apr-19, 17:49:08 
28-Apr-19, 17:49:10 
28-Apr-19, 17:49:12 
28-Apr-19, 17:49:13 
28-Apr-19, 17:49:15 
28-Apr-19, 17:49:17 
28-Apr-19, 17:49:18 
28-Apr-19, 17:49:20 
28-Apr-19, 17:49:22 
28-Apr-19, 17:49:23 
28-Apr-19, 17:49:25 
28-Apr-19, 17:49:27 
28-Apr-19, 17:49:28 
28-Apr-19, 17:49:30 
28-Apr-19, 17:49:32 
28-Apr-19, 17:49:33 
28-Apr-19, 17:49:35 
28-Apr-19, 17:49:37 
28-Apr-19, 17:49:38 
28-Apr-19, 17:49:40 
28-Apr-19, 17:49:42 
28-Apr-19, 17:49:43 
28-Apr-19, 17:49:45 
28-Apr-19, 17:49:47 
28-Apr-19, 17:49:48 
28-Apr-19, 17:49:50 
28-Apr-19, 17:49:52 
28-Apr-19, 17:49:53 
28-Apr-19, 17:49:55 
28-Apr-19, 17:49:58 
28-Apr-19, 17:50:03 
28-Apr-19, 17:50:05 
28-Apr-19, 17:50:07 
28-Apr-19, 17:50:08 
28-Apr-19, 17:50:10 
28-Apr-19, 17:50:12 
28-Apr-19, 17:50:13 
28-Apr-19, 17:50:15 
28-Apr-19, 17:50:17 
28-Apr-19, 17:50:18 
28-Apr-19, 17:50:20 
28-Apr-19, 17:50:22 
28-Apr-19, 17:50:23 
28-Apr-19, 17:50:25 
28-Apr-19, 17:50:27 
28-Apr-19, 17:50:28 
28-Apr-19, 17:50:30 
28-Apr-19, 17:50:32 
28-Apr-19, 17:50:33 
28-Apr-19, 17:50:35 
28-Apr-19, 17:50:37 
28-Apr-19, 17:50:38 
28-Apr-19, 17:50:40 
28-Apr-19, 17:50:42 
28-Apr-19, 17:50:43 
28-Apr-19, 17:50:45 
28-Apr-19, 17:50:47 
28-Apr-19, 17:50:48 
28-Apr-19, 17:50:50 
28-Apr-19, 17:50:52 
28-Apr-19, 17:50:53 
28-Apr-19, 17:50:55 
28-Apr-19, 17:51:00 
28-Apr-19, 17:51:02 
28-Apr-19, 17:51:03 
28-Apr-19, 17:51:05 
28-Apr-19, 17:51:07 
28-Apr-19, 17:51:08 
28-Apr-19, 17:51:10 
28-Apr-19, 17:51:12 
28-Apr-19, 17:51:13 
28-Apr-19, 17:51:15 
28-Apr-19, 17:51:17 
28-Apr-19, 17:51:18 
28-Apr-19, 17:51:20 
28-Apr-19, 17:51:22 
28-Apr-19, 17:51:23 
28-Apr-19, 17:51:25 
28-Apr-19, 17:51:27 
28-Apr-19, 17:51:28 
28-Apr-19, 17:51:30 
28-Apr-19, 17:51:32 
28-Apr-19, 17:51:33 
28-Apr-19, 17:51:35 
28-Apr-19, 17:51:37 
28-Apr-19, 17:51:38 
28-Apr-19, 17:51:40 
28-Apr-19, 17:51:42 
28-Apr-19, 17:51:43 
28-Apr-19, 17:51:45 
28-Apr-19, 17:51:47 
28-Apr-19, 17:51:48 
28-Apr-19, 17:51:50 
28-Apr-19, 17:51:52 
28-Apr-19, 17:51:55 
28-Apr-19, 17:52:00 
28-Apr-19, 17:52:03 
28-Apr-19, 17:52:05 
28-Apr-19, 17:52:07 
28-Apr-19, 17:52:08 
28-Apr-19, 17:52:10 
28-Apr-19, 17:52:12 
28-Apr-19, 17:52:13 
28-Apr-19, 17:52:15 
28-Apr-19, 17:52:17 
28-Apr-19, 17:52:18 
28-Apr-19, 17:52:20 
28-Apr-19, 17:52:22 
28-Apr-19, 17:52:23 
28-Apr-19, 17:52:25 
28-Apr-19, 17:52:27 
28-Apr-19, 17:52:32 
28-Apr-19, 17:52:33 
28-Apr-19, 17:52:35 
28-Apr-19, 17:52:37 
28-Apr-19, 17:52:38 
28-Apr-19, 17:52:40 
28-Apr-19, 17:52:42 
28-Apr-19, 17:52:43 
28-Apr-19, 17:52:45 
28-Apr-19, 17:52:47 
28-Apr-19, 17:52:48 
28-Apr-19, 17:52:50 
28-Apr-19, 17:52:52 
28-Apr-19, 17:52:53 
28-Apr-19, 17:52:55 
28-Apr-19, 17:53:02 
28-Apr-19, 17:53:03 
28-Apr-19, 17:53:05 
28-Apr-19, 17:53:07 
28-Apr-19, 17:53:08 
28-Apr-19, 17:53:10 
28-Apr-19, 17:53:12 
28-Apr-19, 17:53:13 
28-Apr-19, 17:53:15 
28-Apr-19, 17:53:17 
28-Apr-19, 17:53:18 
28-Apr-19, 17:53:20 
28-Apr-19, 17:53:22 
28-Apr-19, 17:53:23 
28-Apr-19, 17:53:25 
28-Apr-19, 17:53:27 
28-Apr-19, 17:53:28 
28-Apr-19, 17:53:30 
28-Apr-19, 17:53:32 
28-Apr-19, 17:53:33 
28-Apr-19, 17:53:35 
28-Apr-19, 17:53:37 
28-Apr-19, 17:53:38 
28-Apr-19, 17:53:40 
28-Apr-19, 17:53:42 
28-Apr-19, 17:53:43 
28-Apr-19, 17:53:45 
28-Apr-19, 17:53:47 
28-Apr-19, 17:53:48 
28-Apr-19, 17:53:50 
28-Apr-19, 17:53:52 
28-Apr-19, 17:53:53 
28-Apr-19, 17:53:55 
28-Apr-19, 17:53:57 
28-Apr-19, 17:54:03 
28-Apr-19, 17:54:05 
28-Apr-19, 17:54:07 
28-Apr-19, 17:54:08 
28-Apr-19, 17:54:10 
28-Apr-19, 17:54:12 
28-Apr-19, 17:54:13 
28-Apr-19, 17:54:15 
28-Apr-19, 17:54:17 
28-Apr-19, 17:54:18 
28-Apr-19, 17:54:20 
28-Apr-19, 17:54:22 
28-Apr-19, 17:54:23 
28-Apr-19, 17:54:25 
28-Apr-19, 17:54:27 
28-Apr-19, 17:54:28 
28-Apr-19, 17:54:30 
28-Apr-19, 17:54:32 
28-Apr-19, 17:54:33 
28-Apr-19, 17:54:35 
28-Apr-19, 17:54:37 
28-Apr-19, 17:54:38 
28-Apr-19, 17:54:40 
28-Apr-19, 17:54:42 
28-Apr-19, 17:54:43 
28-Apr-19, 17:54:45 
28-Apr-19, 17:54:47 
28-Apr-19, 17:54:48 
28-Apr-19, 17:54:52 
28-Apr-19, 17:54:53 
28-Apr-19, 17:54:55 
28-Apr-19, 17:55:02 
28-Apr-19, 17:55:03 
28-Apr-19, 17:55:05 
28-Apr-19, 17:55:07 
28-Apr-19, 17:55:08 
28-Apr-19, 17:55:10 
28-Apr-19, 17:55:12 
28-Apr-19, 17:55:13 
28-Apr-19, 17:55:15 
28-Apr-19, 17:55:17 
28-Apr-19, 17:55:18 
28-Apr-19, 17:55:20 
28-Apr-19, 17:55:22 
28-Apr-19, 17:55:23 
28-Apr-19, 17:55:25 
28-Apr-19, 17:55:27 
28-Apr-19, 17:55:28 
28-Apr-19, 17:55:30 
28-Apr-19, 17:55:32 
28-Apr-19, 17:55:33 
28-Apr-19, 17:55:35 
28-Apr-19, 17:55:37 
28-Apr-19, 17:55:38 
28-Apr-19, 17:55:40 
28-Apr-19, 17:55:42 
28-Apr-19, 17:55:43 
28-Apr-19, 17:55:45 
28-Apr-19, 17:55:47 
28-Apr-19, 17:55:48 
28-Apr-19, 17:55:50 
28-Apr-19, 17:55:52 
28-Apr-19, 17:55:53 
28-Apr-19, 17:55:55 
28-Apr-19, 17:55:57 
28-Apr-19, 17:56:02 
28-Apr-19, 17:56:03 
28-Apr-19, 17:56:05 
28-Apr-19, 17:56:07 
28-Apr-19, 17:56:08 
28-Apr-19, 17:56:10 
28-Apr-19, 17:56:12 
28-Apr-19, 17:56:15 
28-Apr-19, 17:56:17 
28-Apr-19, 17:56:18 
28-Apr-19, 17:56:20 
28-Apr-19, 17:56:22 
28-Apr-19, 17:56:23 
28-Apr-19, 17:56:25 
28-Apr-19, 17:56:27 
28-Apr-19, 17:56:30 
28-Apr-19, 17:56:32 
28-Apr-19, 17:56:33 
28-Apr-19, 17:56:35 
28-Apr-19, 17:56:37 
28-Apr-19, 17:56:38 
28-Apr-19, 17:56:40 
28-Apr-19, 17:56:42 
28-Apr-19, 17:56:43 
28-Apr-19, 17:56:45 
28-Apr-19, 17:56:47 
28-Apr-19, 17:56:48 
28-Apr-19, 17:56:50 
28-Apr-19, 17:56:52 
28-Apr-19, 17:56:53 
28-Apr-19, 17:56:55 
28-Apr-19, 17:57:00 
28-Apr-19, 17:57:02 
28-Apr-19, 17:57:03 
28-Apr-19, 17:57:05 
28-Apr-19, 17:57:07 
28-Apr-19, 17:57:08 
28-Apr-19, 17:57:10 
28-Apr-19, 17:57:12 
28-Apr-19, 17:57:13 
28-Apr-19, 17:57:15 
28-Apr-19, 17:57:17 
28-Apr-19, 17:57:18 
28-Apr-19, 17:57:20 
28-Apr-19, 17:57:22 
28-Apr-19, 17:57:23 
28-Apr-19, 17:57:25 
28-Apr-19, 17:57:27 
28-Apr-19, 17:57:28 
28-Apr-19, 17:57:30 
28-Apr-19, 17:57:32 
28-Apr-19, 17:57:33 
28-Apr-19, 17:57:35 
28-Apr-19, 17:57:37 
28-Apr-19, 17:57:38 
28-Apr-19, 17:57:40 
28-Apr-19, 17:57:42 
28-Apr-19, 17:57:43 
28-Apr-19, 17:57:45 
28-Apr-19, 17:57:47 
28-Apr-19, 17:57:48 
28-Apr-19, 17:57:50 
28-Apr-19, 17:57:52 
28-Apr-19, 17:57:53 
28-Apr-19, 17:57:55 
28-Apr-19, 17:57:57 
28-Apr-19, 17:58:00 
28-Apr-19, 17:58:02 
28-Apr-19, 17:58:03 
28-Apr-19, 17:58:05 
28-Apr-19, 17:58:07 
28-Apr-19, 17:58:08 
28-Apr-19, 17:58:10 
28-Apr-19, 17:58:12 
28-Apr-19, 17:58:13 
28-Apr-19, 17:58:15 
28-Apr-19, 17:58:17 
28-Apr-19, 17:58:18 
28-Apr-19, 17:58:20 
28-Apr-19, 17:58:22 
28-Apr-19, 17:58:23 
28-Apr-19, 17:58:25 
28-Apr-19, 17:58:27 
28-Apr-19, 17:58:28 
28-Apr-19, 17:58:30 
28-Apr-19, 17:58:32 
28-Apr-19, 17:58:33 
28-Apr-19, 17:58:35 
28-Apr-19, 17:58:37 
28-Apr-19, 17:58:38 
28-Apr-19, 17:58:40 
28-Apr-19, 17:58:42 
28-Apr-19, 17:58:43 
28-Apr-19, 17:58:45 
28-Apr-19, 17:58:47 
28-Apr-19, 17:58:48 
28-Apr-19, 17:58:50 
28-Apr-19, 17:58:52 
28-Apr-19, 17:58:53 
28-Apr-19, 17:58:55 
28-Apr-19, 17:58:57 
28-Apr-19, 17:59:02 
28-Apr-19, 17:59:03 
28-Apr-19, 17:59:05 
28-Apr-19, 17:59:07 
28-Apr-19, 17:59:08 
28-Apr-19, 17:59:12 
28-Apr-19, 17:59:13 
28-Apr-19, 17:59:15 
28-Apr-19, 17:59:17 
28-Apr-19, 17:59:18 
28-Apr-19, 17:59:20 
28-Apr-19, 17:59:22 
28-Apr-19, 17:59:23 
28-Apr-19, 17:59:25 
28-Apr-19, 17:59:27 
28-Apr-19, 17:59:28 
28-Apr-19, 17:59:30 
28-Apr-19, 17:59:32 
28-Apr-19, 17:59:33 
28-Apr-19, 17:59:35 
28-Apr-19, 17:59:37 
28-Apr-19, 17:59:38 
28-Apr-19, 17:59:40 
28-Apr-19, 17:59:42 
28-Apr-19, 17:59:43 
28-Apr-19, 17:59:45 
28-Apr-19, 17:59:47 
28-Apr-19, 17:59:48 
28-Apr-19, 17:59:50 
28-Apr-19, 17:59:52 
28-Apr-19, 17:59:53 
28-Apr-19, 17:59:55 
28-Apr-19, 17:59:58 
28-Apr-19, 18:00:02 
28-Apr-19, 18:00:03 
28-Apr-19, 18:00:05 
28-Apr-19, 18:00:07 
28-Apr-19, 18:00:08 
28-Apr-19, 18:00:12 
28-Apr-19, 18:00:13 
28-Apr-19, 18:00:15 
28-Apr-19, 18:00:17 
28-Apr-19, 18:00:18 
28-Apr-19, 18:00:20 
28-Apr-19, 18:00:22 
28-Apr-19, 18:00:23 
28-Apr-19, 18:00:25 
28-Apr-19, 18:00:27 
28-Apr-19, 18:00:28 
28-Apr-19, 18:00:30 
28-Apr-19, 18:00:32 
28-Apr-19, 18:00:33 
28-Apr-19, 18:00:35 
28-Apr-19, 18:00:37 
28-Apr-19, 18:00:38 
28-Apr-19, 18:00:40 
28-Apr-19, 18:00:42 
28-Apr-19, 18:00:43 
28-Apr-19, 18:00:45 
28-Apr-19, 18:00:47 
28-Apr-19, 18:00:48 
28-Apr-19, 18:00:50 
28-Apr-19, 18:00:52 
28-Apr-19, 18:00:53 
28-Apr-19, 18:00:55 
28-Apr-19, 18:01:00 
28-Apr-19, 18:01:02 
28-Apr-19, 18:01:03 
28-Apr-19, 18:01:05 
28-Apr-19, 18:01:07 
28-Apr-19, 18:01:08 
28-Apr-19, 18:01:10 
28-Apr-19, 18:01:12 
28-Apr-19, 18:01:13 
28-Apr-19, 18:01:15 
28-Apr-19, 18:01:17 
28-Apr-19, 18:01:18 
28-Apr-19, 18:01:20 
28-Apr-19, 18:01:22 
28-Apr-19, 18:01:23 
28-Apr-19, 18:01:25 
28-Apr-19, 18:01:27 
28-Apr-19, 18:01:28 
28-Apr-19, 18:01:30 
28-Apr-19, 18:01:32 
28-Apr-19, 18:01:33 
28-Apr-19, 18:01:35 
28-Apr-19, 18:01:37 
28-Apr-19, 18:01:38 
28-Apr-19, 18:01:40 
28-Apr-19, 18:01:42 
28-Apr-19, 18:01:43 
28-Apr-19, 18:01:45 
28-Apr-19, 18:01:47 
28-Apr-19, 18:01:48 
28-Apr-19, 18:01:50 
28-Apr-19, 18:01:52 
28-Apr-19, 18:01:53 
28-Apr-19, 18:01:55 
28-Apr-19, 18:01:57 
28-Apr-19, 18:02:02 
28-Apr-19, 18:02:03 
28-Apr-19, 18:02:05 
28-Apr-19, 18:02:07 
28-Apr-19, 18:02:08 
28-Apr-19, 18:02:10 
28-Apr-19, 18:02:12 
28-Apr-19, 18:02:13 
28-Apr-19, 18:02:15 
28-Apr-19, 18:02:17 
28-Apr-19, 18:02:18 
28-Apr-19, 18:02:20 
28-Apr-19, 18:02:22 
28-Apr-19, 18:02:23 
28-Apr-19, 18:02:25 
28-Apr-19, 18:02:27 
28-Apr-19, 18:02:28 
28-Apr-19, 18:02:30 
28-Apr-19, 18:02:32 
28-Apr-19, 18:02:33 
28-Apr-19, 18:02:35 
28-Apr-19, 18:02:37 
28-Apr-19, 18:02:38 
28-Apr-19, 18:02:40 
28-Apr-19, 18:02:42 
28-Apr-19, 18:02:43 
28-Apr-19, 18:02:45 
28-Apr-19, 18:02:48 
28-Apr-19, 18:02:50 
28-Apr-19, 18:02:52 
28-Apr-19, 18:02:53 
28-Apr-19, 18:02:55 
28-Apr-19, 18:02:57 
28-Apr-19, 18:03:02 
28-Apr-19, 18:03:03 
28-Apr-19, 18:03:05 
28-Apr-19, 18:03:07 
28-Apr-19, 18:03:08 
28-Apr-19, 18:03:10 
28-Apr-19, 18:03:12 
28-Apr-19, 18:03:13 
28-Apr-19, 18:03:15 
28-Apr-19, 18:03:17 
28-Apr-19, 18:03:18 
28-Apr-19, 18:03:20 
28-Apr-19, 18:03:22 
28-Apr-19, 18:03:23 
28-Apr-19, 18:03:25 
28-Apr-19, 18:03:27 
28-Apr-19, 18:03:28 
28-Apr-19, 18:03:30 
28-Apr-19, 18:03:32 
28-Apr-19, 18:03:33 
28-Apr-19, 18:03:35 
28-Apr-19, 18:03:37 
28-Apr-19, 18:03:38 
28-Apr-19, 18:03:40 
28-Apr-19, 18:03:43 
28-Apr-19, 18:03:45 
28-Apr-19, 18:03:47 
28-Apr-19, 18:03:48 
28-Apr-19, 18:03:50 
28-Apr-19, 18:03:52 
28-Apr-19, 18:03:53 
28-Apr-19, 18:03:55 
28-Apr-19, 18:04:03 
28-Apr-19, 18:04:05 
28-Apr-19, 18:04:07 
28-Apr-19, 18:04:08 
28-Apr-19, 18:04:10 
28-Apr-19, 18:04:12 
28-Apr-19, 18:04:13 
28-Apr-19, 18:04:15 
28-Apr-19, 18:04:17 
28-Apr-19, 18:04:18 
28-Apr-19, 18:04:20 
28-Apr-19, 18:04:22 
28-Apr-19, 18:04:23 
28-Apr-19, 18:04:25 
28-Apr-19, 18:04:27 
28-Apr-19, 18:04:28 
28-Apr-19, 18:04:30 
28-Apr-19, 18:04:32 
28-Apr-19, 18:04:33 
28-Apr-19, 18:04:35 
28-Apr-19, 18:04:37 
28-Apr-19, 18:04:38 
28-Apr-19, 18:04:40 
28-Apr-19, 18:04:42 
28-Apr-19, 18:04:43 
28-Apr-19, 18:04:45 
28-Apr-19, 18:04:47 
28-Apr-19, 18:04:48 
28-Apr-19, 18:04:50 
28-Apr-19, 18:04:52 
28-Apr-19, 18:04:53 
28-Apr-19, 18:04:55 
28-Apr-19, 18:05:00 
28-Apr-19, 18:05:02 
28-Apr-19, 18:05:03 
28-Apr-19, 18:05:05 
28-Apr-19, 18:05:07 
28-Apr-19, 18:05:08 
28-Apr-19, 18:05:10 
28-Apr-19, 18:05:12 
28-Apr-19, 18:05:13 
28-Apr-19, 18:05:15 
28-Apr-19, 18:05:17 
28-Apr-19, 18:05:18 
28-Apr-19, 18:05:20 
28-Apr-19, 18:05:22 
28-Apr-19, 18:05:23 
28-Apr-19, 18:05:25 
28-Apr-19, 18:05:27 
28-Apr-19, 18:05:28 
28-Apr-19, 18:05:30 
28-Apr-19, 18:05:32 
28-Apr-19, 18:05:33 
28-Apr-19, 18:05:35 
28-Apr-19, 18:05:37 
28-Apr-19, 18:05:38 
28-Apr-19, 18:05:40 
28-Apr-19, 18:05:42 
28-Apr-19, 18:05:43 
28-Apr-19, 18:05:45 
28-Apr-19, 18:05:47 
28-Apr-19, 18:05:48 
28-Apr-19, 18:05:50 
28-Apr-19, 18:05:52 
28-Apr-19, 18:05:53 
28-Apr-19, 18:05:55 
28-Apr-19, 18:06:03 
28-Apr-19, 18:06:05 
28-Apr-19, 18:06:07 
28-Apr-19, 18:06:08 
28-Apr-19, 18:06:10 
28-Apr-19, 18:06:12 
28-Apr-19, 18:06:13 
28-Apr-19, 18:06:15 
28-Apr-19, 18:06:17 
28-Apr-19, 18:06:18 
28-Apr-19, 18:06:20 
28-Apr-19, 18:06:22 
28-Apr-19, 18:06:23 
28-Apr-19, 18:06:25 
28-Apr-19, 18:06:27 
28-Apr-19, 18:06:28 
28-Apr-19, 18:06:30 
28-Apr-19, 18:06:32 
28-Apr-19, 18:06:33 
28-Apr-19, 18:06:35 
28-Apr-19, 18:06:37 
28-Apr-19, 18:06:38 
28-Apr-19, 18:06:40 
28-Apr-19, 18:06:42 
28-Apr-19, 18:06:43 
28-Apr-19, 18:06:45 
28-Apr-19, 18:06:47 
28-Apr-19, 18:06:48 
28-Apr-19, 18:06:50 
28-Apr-19, 18:06:52 
28-Apr-19, 18:06:53 
28-Apr-19, 18:06:55 
28-Apr-19, 18:07:02 
28-Apr-19, 18:07:03 
28-Apr-19, 18:07:05 
28-Apr-19, 18:07:07 
28-Apr-19, 18:07:08 
28-Apr-19, 18:07:10 
28-Apr-19, 18:07:12 
28-Apr-19, 18:07:13 
28-Apr-19, 18:07:15 
28-Apr-19, 18:07:17 
28-Apr-19, 18:07:18 
28-Apr-19, 18:07:20 
28-Apr-19, 18:07:22 
28-Apr-19, 18:07:23 
28-Apr-19, 18:07:25 
28-Apr-19, 18:07:27 
28-Apr-19, 18:07:28 
28-Apr-19, 18:07:30 
28-Apr-19, 18:07:32 
28-Apr-19, 18:07:33 
28-Apr-19, 18:07:35 
28-Apr-19, 18:07:37 
28-Apr-19, 18:07:38 
28-Apr-19, 18:07:40 
28-Apr-19, 18:07:42 
28-Apr-19, 18:07:43 
28-Apr-19, 18:07:45 
28-Apr-19, 18:07:47 
28-Apr-19, 18:07:48 
28-Apr-19, 18:07:50 
28-Apr-19, 18:07:52 
28-Apr-19, 18:07:53 
28-Apr-19, 18:07:55 
28-Apr-19, 18:07:57 
28-Apr-19, 18:08:02 
28-Apr-19, 18:08:03 
28-Apr-19, 18:08:05 
28-Apr-19, 18:08:07 
28-Apr-19, 18:08:08 
28-Apr-19, 18:08:10 
28-Apr-19, 18:08:12 
28-Apr-19, 18:08:13 
28-Apr-19, 18:08:15 
28-Apr-19, 18:08:17 
28-Apr-19, 18:08:18 
28-Apr-19, 18:08:20 
28-Apr-19, 18:08:22 
28-Apr-19, 18:08:23 
28-Apr-19, 18:08:25 
28-Apr-19, 18:08:27 
28-Apr-19, 18:08:28 
28-Apr-19, 18:08:30 
28-Apr-19, 18:08:32 
28-Apr-19, 18:08:33 
28-Apr-19, 18:08:35 
28-Apr-19, 18:08:37 
28-Apr-19, 18:08:38 
28-Apr-19, 18:08:40 
28-Apr-19, 18:08:42 
28-Apr-19, 18:08:43 
28-Apr-19, 18:08:45 
28-Apr-19, 18:08:47 
28-Apr-19, 18:08:48 
28-Apr-19, 18:08:50 
28-Apr-19, 18:08:52 
28-Apr-19, 18:08:53 
28-Apr-19, 18:08:55 
28-Apr-19, 18:09:05 
28-Apr-19, 18:09:07 
28-Apr-19, 18:09:08 
28-Apr-19, 18:09:10 
28-Apr-19, 18:09:12 
28-Apr-19, 18:09:13 
28-Apr-19, 18:09:15 
28-Apr-19, 18:09:17 
28-Apr-19, 18:09:18 
28-Apr-19, 18:09:20 
28-Apr-19, 18:09:22 
28-Apr-19, 18:09:23 
28-Apr-19, 18:09:25 
28-Apr-19, 18:09:27 
28-Apr-19, 18:09:28 
28-Apr-19, 18:09:30 
28-Apr-19, 18:09:32 
28-Apr-19, 18:09:33 
28-Apr-19, 18:09:35 
28-Apr-19, 18:09:37 
28-Apr-19, 18:09:38 
28-Apr-19, 18:09:40 
28-Apr-19, 18:09:42 
28-Apr-19, 18:09:43 
28-Apr-19, 18:09:45 
28-Apr-19, 18:09:47 
28-Apr-19, 18:09:48 
28-Apr-19, 18:09:50 
28-Apr-19, 18:09:52 
28-Apr-19, 18:09:53 
28-Apr-19, 18:09:55 
28-Apr-19, 18:10:03 
28-Apr-19, 18:10:05 
28-Apr-19, 18:10:07 
28-Apr-19, 18:10:08 
28-Apr-19, 18:10:10 
28-Apr-19, 18:10:12 
28-Apr-19, 18:10:13 
28-Apr-19, 18:10:15 
28-Apr-19, 18:10:17 
28-Apr-19, 18:10:18 
28-Apr-19, 18:10:20 
28-Apr-19, 18:10:22 
28-Apr-19, 18:10:23 
28-Apr-19, 18:10:25 
28-Apr-19, 18:10:27 
28-Apr-19, 18:10:28 
28-Apr-19, 18:10:30 
28-Apr-19, 18:10:32 
28-Apr-19, 18:10:33 
28-Apr-19, 18:10:35 
28-Apr-19, 18:10:37 
28-Apr-19, 18:10:38 
28-Apr-19, 18:10:40 
28-Apr-19, 18:10:42 
28-Apr-19, 18:10:43 
28-Apr-19, 18:10:45 
28-Apr-19, 18:10:47 
28-Apr-19, 18:10:48 
28-Apr-19, 18:10:50 
28-Apr-19, 18:10:52 
28-Apr-19, 18:10:53 
28-Apr-19, 18:10:55 
28-Apr-19, 18:11:03 
28-Apr-19, 18:11:05 
28-Apr-19, 18:11:07 
28-Apr-19, 18:11:08 
28-Apr-19, 18:11:10 
28-Apr-19, 18:11:15 
28-Apr-19, 18:11:17 
28-Apr-19, 18:11:18 
28-Apr-19, 18:11:20 
28-Apr-19, 18:11:22 
28-Apr-19, 18:11:23 
28-Apr-19, 18:11:25 
28-Apr-19, 18:11:27 
28-Apr-19, 18:11:28 
28-Apr-19, 18:11:30 
28-Apr-19, 18:11:32 
28-Apr-19, 18:11:33 
28-Apr-19, 18:11:35 
28-Apr-19, 18:11:37 
28-Apr-19, 18:11:38 
28-Apr-19, 18:11:40 
28-Apr-19, 18:11:42 
28-Apr-19, 18:11:43 
28-Apr-19, 18:11:45 
28-Apr-19, 18:11:47 
28-Apr-19, 18:11:48 
28-Apr-19, 18:11:50 
28-Apr-19, 18:11:52 
28-Apr-19, 18:11:53 
28-Apr-19, 18:11:55 
28-Apr-19, 18:11:57 
28-Apr-19, 18:12:02 
28-Apr-19, 18:12:03 
28-Apr-19, 18:12:05 
28-Apr-19, 18:12:07 
28-Apr-19, 18:12:08 
28-Apr-19, 18:12:10 
28-Apr-19, 18:12:12 
28-Apr-19, 18:12:13 
28-Apr-19, 18:12:15 
28-Apr-19, 18:12:17 
28-Apr-19, 18:12:18 
28-Apr-19, 18:12:20 
28-Apr-19, 18:12:22 
28-Apr-19, 18:12:23 
28-Apr-19, 18:12:25 
28-Apr-19, 18:12:27 
28-Apr-19, 18:12:28 
28-Apr-19, 18:12:30 
28-Apr-19, 18:12:32 
28-Apr-19, 18:12:33 
28-Apr-19, 18:12:35 
28-Apr-19, 18:12:37 
28-Apr-19, 18:12:38 
28-Apr-19, 18:12:40 
28-Apr-19, 18:12:42 
28-Apr-19, 18:12:43 
28-Apr-19, 18:12:45 
28-Apr-19, 18:12:47 
28-Apr-19, 18:12:48 
28-Apr-19, 18:12:50 
28-Apr-19, 18:12:52 
28-Apr-19, 18:12:53 
28-Apr-19, 18:12:55 
28-Apr-19, 18:13:03 
28-Apr-19, 18:13:05 
28-Apr-19, 18:13:07 
28-Apr-19, 18:13:08 
28-Apr-19, 18:13:10 
28-Apr-19, 18:13:13 
28-Apr-19, 18:13:15 
28-Apr-19, 18:13:17 
28-Apr-19, 18:13:18 
28-Apr-19, 18:13:20 
28-Apr-19, 18:13:22 
28-Apr-19, 18:13:23 
28-Apr-19, 18:13:25 
28-Apr-19, 18:13:27 
28-Apr-19, 18:13:28 
28-Apr-19, 18:13:30 
28-Apr-19, 18:13:32 
28-Apr-19, 18:13:33 
28-Apr-19, 18:13:35 
28-Apr-19, 18:13:37 
28-Apr-19, 18:13:38 
28-Apr-19, 18:13:40 
28-Apr-19, 18:13:42 
28-Apr-19, 18:13:43 
28-Apr-19, 18:13:45 
28-Apr-19, 18:13:47 
28-Apr-19, 18:13:48 
28-Apr-19, 18:13:50 
28-Apr-19, 18:13:52 
28-Apr-19, 18:13:53 
28-Apr-19, 18:13:55 
28-Apr-19, 18:14:02 
28-Apr-19, 18:14:03 
28-Apr-19, 18:14:05 
28-Apr-19, 18:14:07 
28-Apr-19, 18:14:08 
28-Apr-19, 18:14:10 
28-Apr-19, 18:14:12 
28-Apr-19, 18:14:13 
28-Apr-19, 18:14:15 
28-Apr-19, 18:14:17 
28-Apr-19, 18:14:18 
28-Apr-19, 18:14:20 
28-Apr-19, 18:14:22 
28-Apr-19, 18:14:23 
28-Apr-19, 18:14:25 
28-Apr-19, 18:14:27 
28-Apr-19, 18:14:28 
28-Apr-19, 18:14:30 
28-Apr-19, 18:14:32 
28-Apr-19, 18:14:33 
28-Apr-19, 18:14:35 
28-Apr-19, 18:14:37 
28-Apr-19, 18:14:38 
28-Apr-19, 18:14:40 
28-Apr-19, 18:14:42 
28-Apr-19, 18:14:43 
28-Apr-19, 18:14:45 
28-Apr-19, 18:14:47 
28-Apr-19, 18:14:48 
28-Apr-19, 18:14:50 
28-Apr-19, 18:14:52 
28-Apr-19, 18:14:53 
28-Apr-19, 18:14:55 
28-Apr-19, 18:15:02 
28-Apr-19, 18:15:03 
28-Apr-19, 18:15:05 
28-Apr-19, 18:15:07 
28-Apr-19, 18:15:08 
28-Apr-19, 18:15:10 
28-Apr-19, 18:15:12 
28-Apr-19, 18:15:13 
28-Apr-19, 18:15:15 
28-Apr-19, 18:15:17 
28-Apr-19, 18:15:18 
28-Apr-19, 18:15:20 
28-Apr-19, 18:15:22 
28-Apr-19, 18:15:23 
28-Apr-19, 18:15:25 
28-Apr-19, 18:15:27 
28-Apr-19, 18:15:28 
28-Apr-19, 18:15:30 
28-Apr-19, 18:15:32 
28-Apr-19, 18:15:33 
28-Apr-19, 18:15:35 
28-Apr-19, 18:15:38 
28-Apr-19, 18:15:40 
28-Apr-19, 18:15:42 
28-Apr-19, 18:15:43 
28-Apr-19, 18:15:45 
28-Apr-19, 18:15:47 
28-Apr-19, 18:15:48 
28-Apr-19, 18:15:50 
28-Apr-19, 18:15:52 
28-Apr-19, 18:15:53 
28-Apr-19, 18:15:55 
28-Apr-19, 18:16:03 
28-Apr-19, 18:16:05 
28-Apr-19, 18:16:07 
28-Apr-19, 18:16:08 
28-Apr-19, 18:16:10 
28-Apr-19, 18:16:12 
28-Apr-19, 18:16:13 
28-Apr-19, 18:16:15 
28-Apr-19, 18:16:17 
28-Apr-19, 18:16:18 
28-Apr-19, 18:16:20 
28-Apr-19, 18:16:22 
28-Apr-19, 18:16:23 
28-Apr-19, 18:16:25 
28-Apr-19, 18:16:27 
28-Apr-19, 18:16:28 
28-Apr-19, 18:16:32 
28-Apr-19, 18:16:33 
28-Apr-19, 18:16:35 
28-Apr-19, 18:16:37 
28-Apr-19, 18:16:38 
28-Apr-19, 18:16:40 
28-Apr-19, 18:16:42 
28-Apr-19, 18:16:43 
28-Apr-19, 18:16:45 
28-Apr-19, 18:16:48 
28-Apr-19, 18:16:50 
28-Apr-19, 18:16:52 
28-Apr-19, 18:16:53 
28-Apr-19, 18:16:55 
28-Apr-19, 18:16:57 
28-Apr-19, 18:16:58 
28-Apr-19, 18:17:02 
28-Apr-19, 18:17:03 
28-Apr-19, 18:17:05 
28-Apr-19, 18:17:07 
28-Apr-19, 18:17:08 
28-Apr-19, 18:17:10 
28-Apr-19, 18:17:12 
28-Apr-19, 18:17:13 
28-Apr-19, 18:17:15 
28-Apr-19, 18:17:17 
28-Apr-19, 18:17:18 
28-Apr-19, 18:17:20 
28-Apr-19, 18:17:22 
28-Apr-19, 18:17:23 
28-Apr-19, 18:17:25 
28-Apr-19, 18:17:27 
28-Apr-19, 18:17:28 
28-Apr-19, 18:17:30 
28-Apr-19, 18:17:32 
28-Apr-19, 18:17:33 
28-Apr-19, 18:17:35 
28-Apr-19, 18:17:37 
28-Apr-19, 18:17:38 
28-Apr-19, 18:17:40 
28-Apr-19, 18:17:42 
28-Apr-19, 18:17:43 
28-Apr-19, 18:17:45 
28-Apr-19, 18:17:47 
28-Apr-19, 18:17:48 
28-Apr-19, 18:17:50 
28-Apr-19, 18:17:52 
28-Apr-19, 18:17:53 
28-Apr-19, 18:17:55 
28-Apr-19, 18:18:02 
28-Apr-19, 18:18:03 
28-Apr-19, 18:18:05 
28-Apr-19, 18:18:07 
28-Apr-19, 18:18:08 
28-Apr-19, 18:18:10 
28-Apr-19, 18:18:12 
28-Apr-19, 18:18:13 
28-Apr-19, 18:18:15 
28-Apr-19, 18:18:17 
28-Apr-19, 18:18:18 
28-Apr-19, 18:18:20 
28-Apr-19, 18:18:22 
28-Apr-19, 18:18:23 
28-Apr-19, 18:18:25 
28-Apr-19, 18:18:27 
28-Apr-19, 18:18:28 
28-Apr-19, 18:18:30 
28-Apr-19, 18:18:32 
28-Apr-19, 18:18:33 
28-Apr-19, 18:18:35 
28-Apr-19, 18:18:37 
28-Apr-19, 18:18:38 
28-Apr-19, 18:18:40 
28-Apr-19, 18:18:42 
28-Apr-19, 18:18:43 
28-Apr-19, 18:18:45 
28-Apr-19, 18:18:47 
28-Apr-19, 18:18:48 
28-Apr-19, 18:18:50 
28-Apr-19, 18:18:52 
28-Apr-19, 18:18:53 
28-Apr-19, 18:18:55 
28-Apr-19, 18:19:02 
28-Apr-19, 18:19:03 
28-Apr-19, 18:19:05 
28-Apr-19, 18:19:07 
28-Apr-19, 18:19:08 
28-Apr-19, 18:19:10 
28-Apr-19, 18:19:12 
28-Apr-19, 18:19:13 
28-Apr-19, 18:19:15 
28-Apr-19, 18:19:17 
28-Apr-19, 18:19:18 
28-Apr-19, 18:19:20 
28-Apr-19, 18:19:22 
28-Apr-19, 18:19:23 
28-Apr-19, 18:19:25 
28-Apr-19, 18:19:27 
28-Apr-19, 18:19:28 
28-Apr-19, 18:19:30 
28-Apr-19, 18:19:32 
28-Apr-19, 18:19:33 
28-Apr-19, 18:19:35 
28-Apr-19, 18:19:37 
28-Apr-19, 18:19:38 
28-Apr-19, 18:19:40 
28-Apr-19, 18:19:42 
28-Apr-19, 18:19:43 
28-Apr-19, 18:19:45 
28-Apr-19, 18:19:47 
28-Apr-19, 18:19:48 
28-Apr-19, 18:19:50 
28-Apr-19, 18:19:52 
28-Apr-19, 18:19:53 
28-Apr-19, 18:19:55 
28-Apr-19, 18:19:58 
28-Apr-19, 18:20:02 
28-Apr-19, 18:20:03 
28-Apr-19, 18:20:05 
28-Apr-19, 18:20:07 
28-Apr-19, 18:20:08 
28-Apr-19, 18:20:10 
28-Apr-19, 18:20:12 
28-Apr-19, 18:20:13 
28-Apr-19, 18:20:15 
28-Apr-19, 18:20:17 
28-Apr-19, 18:20:18 
28-Apr-19, 18:20:20 
28-Apr-19, 18:20:22 
28-Apr-19, 18:20:23 
28-Apr-19, 18:20:25 
28-Apr-19, 18:20:27 
28-Apr-19, 18:20:28 
28-Apr-19, 18:20:30 
28-Apr-19, 18:20:32 
28-Apr-19, 18:20:33 
28-Apr-19, 18:20:35 
28-Apr-19, 18:20:37 
28-Apr-19, 18:20:38 
28-Apr-19, 18:20:40 
28-Apr-19, 18:20:42 
28-Apr-19, 18:20:43 
28-Apr-19, 18:20:45 
28-Apr-19, 18:20:48 
28-Apr-19, 18:20:50 
28-Apr-19, 18:20:52 
28-Apr-19, 18:20:53 
28-Apr-19, 18:20:55 
28-Apr-19, 18:21:02 
28-Apr-19, 18:21:03 
28-Apr-19, 18:21:05 
28-Apr-19, 18:21:07 
28-Apr-19, 18:21:08 
28-Apr-19, 18:21:10 
28-Apr-19, 18:21:12 
28-Apr-19, 18:21:13 
28-Apr-19, 18:21:15 
28-Apr-19, 18:21:17 
28-Apr-19, 18:21:18 
28-Apr-19, 18:21:20 
28-Apr-19, 18:21:22 
28-Apr-19, 18:21:23 
28-Apr-19, 18:21:25 
28-Apr-19, 18:21:27 
28-Apr-19, 18:21:28 
28-Apr-19, 18:21:30 
28-Apr-19, 18:21:32 
28-Apr-19, 18:21:33 
28-Apr-19, 18:21:35 
28-Apr-19, 18:21:37 
28-Apr-19, 18:21:38 
28-Apr-19, 18:21:40 
28-Apr-19, 18:21:42 
28-Apr-19, 18:21:43 
28-Apr-19, 18:21:45 
28-Apr-19, 18:21:47 
28-Apr-19, 18:21:48 
28-Apr-19, 18:21:50 
28-Apr-19, 18:21:52 
28-Apr-19, 18:21:53 
28-Apr-19, 18:21:55 
28-Apr-19, 18:21:58 
28-Apr-19, 18:22:02 
28-Apr-19, 18:22:03 
28-Apr-19, 18:22:05 
28-Apr-19, 18:22:07 
28-Apr-19, 18:22:08 
28-Apr-19, 18:22:10 
28-Apr-19, 18:22:12 
28-Apr-19, 18:22:13 
28-Apr-19, 18:22:15 
28-Apr-19, 18:22:17 
28-Apr-19, 18:22:18 
28-Apr-19, 18:22:20 
28-Apr-19, 18:22:22 
28-Apr-19, 18:22:23 
28-Apr-19, 18:22:25 
28-Apr-19, 18:22:27 
28-Apr-19, 18:22:28 
28-Apr-19, 18:22:30 
28-Apr-19, 18:22:32 
28-Apr-19, 18:22:33 
28-Apr-19, 18:22:35 
28-Apr-19, 18:22:37 
28-Apr-19, 18:22:38 
28-Apr-19, 18:22:40 
28-Apr-19, 18:22:42 
28-Apr-19, 18:22:43 
28-Apr-19, 18:22:45 
28-Apr-19, 18:22:48 
28-Apr-19, 18:22:50 
28-Apr-19, 18:22:53 
28-Apr-19, 18:22:55 
28-Apr-19, 18:23:00 
28-Apr-19, 18:23:03 
28-Apr-19, 18:23:05 
28-Apr-19, 18:23:07 
28-Apr-19, 18:23:08 
28-Apr-19, 18:23:10 
28-Apr-19, 18:23:12 
28-Apr-19, 18:23:13 
28-Apr-19, 18:23:15 
28-Apr-19, 18:23:17 
28-Apr-19, 18:23:18 
28-Apr-19, 18:23:20 
28-Apr-19, 18:23:22 
28-Apr-19, 18:23:23 
28-Apr-19, 18:23:25 
28-Apr-19, 18:23:27 
28-Apr-19, 18:23:28 
28-Apr-19, 18:23:30 
28-Apr-19, 18:23:32 
28-Apr-19, 18:23:33 
28-Apr-19, 18:23:35 
28-Apr-19, 18:23:37 
28-Apr-19, 18:23:38 
28-Apr-19, 18:23:40 
28-Apr-19, 18:23:42 
28-Apr-19, 18:23:43 
28-Apr-19, 18:23:45 
28-Apr-19, 18:23:47 
28-Apr-19, 18:23:48 
28-Apr-19, 18:23:50 
28-Apr-19, 18:23:52 
28-Apr-19, 18:23:53 
28-Apr-19, 18:23:55 
28-Apr-19, 18:24:02 
28-Apr-19, 18:24:03 
28-Apr-19, 18:24:05 
28-Apr-19, 18:24:07 
28-Apr-19, 18:24:08 
28-Apr-19, 18:24:10 
28-Apr-19, 18:24:12 
28-Apr-19, 18:24:13 
28-Apr-19, 18:24:15 
28-Apr-19, 18:24:17 
28-Apr-19, 18:24:18 
28-Apr-19, 18:24:20 
28-Apr-19, 18:24:22 
28-Apr-19, 18:24:23 
28-Apr-19, 18:24:25 
28-Apr-19, 18:24:27 
28-Apr-19, 18:24:28 
28-Apr-19, 18:24:30 
28-Apr-19, 18:24:32 
28-Apr-19, 18:24:33 
28-Apr-19, 18:24:35 
28-Apr-19, 18:24:38 
28-Apr-19, 18:24:40 
28-Apr-19, 18:24:42 
28-Apr-19, 18:24:43 
28-Apr-19, 18:24:45 
28-Apr-19, 18:24:47 
28-Apr-19, 18:24:48 
28-Apr-19, 18:24:50 
28-Apr-19, 18:24:52 
28-Apr-19, 18:24:53 
28-Apr-19, 18:24:55 
28-Apr-19, 18:24:57 
28-Apr-19, 18:25:02 
28-Apr-19, 18:25:03 
28-Apr-19, 18:25:05 
28-Apr-19, 18:25:07 
28-Apr-19, 18:25:08 
28-Apr-19, 18:25:10 
28-Apr-19, 18:25:12 
28-Apr-19, 18:25:13 
28-Apr-19, 18:25:15 
28-Apr-19, 18:25:17 
28-Apr-19, 18:25:18 
28-Apr-19, 18:25:20 
28-Apr-19, 18:25:22 
28-Apr-19, 18:25:23 
28-Apr-19, 18:25:25 
28-Apr-19, 18:25:27 
28-Apr-19, 18:25:28 
28-Apr-19, 18:25:30 
28-Apr-19, 18:25:32 
28-Apr-19, 18:25:33 
28-Apr-19, 18:25:35 
28-Apr-19, 18:25:37 
28-Apr-19, 18:25:38 
28-Apr-19, 18:25:40 
28-Apr-19, 18:25:42 
28-Apr-19, 18:25:43 
28-Apr-19, 18:25:45 
28-Apr-19, 18:25:47 
28-Apr-19, 18:25:48 
28-Apr-19, 18:25:50 
28-Apr-19, 18:25:52 
28-Apr-19, 18:25:53 
28-Apr-19, 18:25:55 
28-Apr-19, 18:26:02 
28-Apr-19, 18:26:03 
28-Apr-19, 18:26:05 
28-Apr-19, 18:26:07 
28-Apr-19, 18:26:08 
28-Apr-19, 18:26:10 
28-Apr-19, 18:26:12 
28-Apr-19, 18:26:15 
28-Apr-19, 18:26:17 
28-Apr-19, 18:26:18 
28-Apr-19, 18:26:20 
28-Apr-19, 18:26:22 
28-Apr-19, 18:26:23 
28-Apr-19, 18:26:25 
28-Apr-19, 18:26:27 
28-Apr-19, 18:26:28 
28-Apr-19, 18:26:30 
28-Apr-19, 18:26:32 
28-Apr-19, 18:26:33 
28-Apr-19, 18:26:36 
28-Apr-19, 18:26:37 
28-Apr-19, 18:26:38 
28-Apr-19, 18:26:41 
28-Apr-19, 18:26:42 
28-Apr-19, 18:26:43 
28-Apr-19, 18:26:46 
28-Apr-19, 18:26:47 
28-Apr-19, 18:26:48 
28-Apr-19, 18:26:51 
28-Apr-19, 18:26:52 
28-Apr-19, 18:26:53 
28-Apr-19, 18:27:02 
28-Apr-19, 18:27:03 
28-Apr-19, 18:27:06 
28-Apr-19, 18:27:07 
28-Apr-19, 18:27:08 
28-Apr-19, 18:27:12 
28-Apr-19, 18:27:13 
28-Apr-19, 18:27:16 
28-Apr-19, 18:27:17 
28-Apr-19, 18:27:18 
28-Apr-19, 18:27:21 
28-Apr-19, 18:27:22 
28-Apr-19, 18:27:23 
28-Apr-19, 18:27:26 
28-Apr-19, 18:27:27 
28-Apr-19, 18:27:28 
28-Apr-19, 18:27:31 
28-Apr-19, 18:27:32 
28-Apr-19, 18:27:33 
28-Apr-19, 18:27:36 
28-Apr-19, 18:27:37 
28-Apr-19, 18:27:38 
28-Apr-19, 18:27:41 
28-Apr-19, 18:27:42 
28-Apr-19, 18:27:43 
28-Apr-19, 18:27:46 
28-Apr-19, 18:27:47 
28-Apr-19, 18:27:48 
28-Apr-19, 18:27:51 
28-Apr-19, 18:27:52 
28-Apr-19, 18:27:53 
28-Apr-19, 18:28:02 
28-Apr-19, 18:28:03 
28-Apr-19, 18:28:06 
28-Apr-19, 18:28:07 
28-Apr-19, 18:28:08 
28-Apr-19, 18:28:11 
28-Apr-19, 18:28:12 
28-Apr-19, 18:28:13 
28-Apr-19, 18:28:16 
28-Apr-19, 18:28:17 
28-Apr-19, 18:28:18 
28-Apr-19, 18:28:21 
28-Apr-19, 18:28:22 
28-Apr-19, 18:28:23 
28-Apr-19, 18:28:26 
28-Apr-19, 18:28:27 
28-Apr-19, 18:28:28 
28-Apr-19, 18:28:31 
28-Apr-19, 18:28:32 
28-Apr-19, 18:28:33 
28-Apr-19, 18:28:36 
28-Apr-19, 18:28:37 
28-Apr-19, 18:28:38 
28-Apr-19, 18:28:41 
28-Apr-19, 18:28:42 
28-Apr-19, 18:28:43 
28-Apr-19, 18:28:46 
28-Apr-19, 18:28:47 
28-Apr-19, 18:28:48 
28-Apr-19, 18:28:51 
28-Apr-19, 18:28:52 
28-Apr-19, 18:28:53 
28-Apr-19, 18:29:02 
28-Apr-19, 18:29:03 
28-Apr-19, 18:29:06 
28-Apr-19, 18:29:07 
28-Apr-19, 18:29:08 
28-Apr-19, 18:29:11 
28-Apr-19, 18:29:12 
28-Apr-19, 18:29:13 
28-Apr-19, 18:29:16 
28-Apr-19, 18:29:17 
28-Apr-19, 18:29:18 
28-Apr-19, 18:29:21 
28-Apr-19, 18:29:22 
28-Apr-19, 18:29:23 
28-Apr-19, 18:29:26 
28-Apr-19, 18:29:27 
28-Apr-19, 18:29:28 
28-Apr-19, 18:29:31 
28-Apr-19, 18:29:32 
28-Apr-19, 18:29:33 
28-Apr-19, 18:29:36 
28-Apr-19, 18:29:37 
28-Apr-19, 18:29:38 
28-Apr-19, 18:29:41 
28-Apr-19, 18:29:42 
28-Apr-19, 18:29:43 
28-Apr-19, 18:29:46 
28-Apr-19, 18:29:47 
28-Apr-19, 18:29:48 
28-Apr-19, 18:29:51 
28-Apr-19, 18:29:52 
28-Apr-19, 18:29:53 
28-Apr-19, 18:29:58 
28-Apr-19, 18:30:03 
28-Apr-19, 18:30:06 
28-Apr-19, 18:30:07 
28-Apr-19, 18:30:08 
28-Apr-19, 18:30:11 
28-Apr-19, 18:30:12 
28-Apr-19, 18:30:13 
28-Apr-19, 18:30:16 
28-Apr-19, 18:30:17 
28-Apr-19, 18:30:18 
28-Apr-19, 18:30:21 
28-Apr-19, 18:30:22 
28-Apr-19, 18:30:23 
28-Apr-19, 18:30:26 
28-Apr-19, 18:30:27 
28-Apr-19, 18:30:28 
28-Apr-19, 18:30:31 
28-Apr-19, 18:30:32 
28-Apr-19, 18:30:33 
28-Apr-19, 18:30:36 
28-Apr-19, 18:30:37 
28-Apr-19, 18:30:38 
28-Apr-19, 18:30:41 
28-Apr-19, 18:30:42 
28-Apr-19, 18:30:43 
28-Apr-19, 18:30:46 
28-Apr-19, 18:30:47 
28-Apr-19, 18:30:51 
28-Apr-19, 18:30:52 
28-Apr-19, 18:30:53 
28-Apr-19, 18:31:03 
28-Apr-19, 18:31:06 
28-Apr-19, 18:31:07 
28-Apr-19, 18:31:08 
28-Apr-19, 18:31:11 
28-Apr-19, 18:31:12 
28-Apr-19, 18:31:13 
28-Apr-19, 18:31:16 
28-Apr-19, 18:31:17 
28-Apr-19, 18:31:18 
28-Apr-19, 18:31:21 
28-Apr-19, 18:31:22 
28-Apr-19, 18:31:23 
28-Apr-19, 18:31:26 
28-Apr-19, 18:31:27 
28-Apr-19, 18:31:28 
28-Apr-19, 18:31:31 
28-Apr-19, 18:31:32 
28-Apr-19, 18:31:33 
28-Apr-19, 18:31:36 
28-Apr-19, 18:31:37 
28-Apr-19, 18:31:38 
28-Apr-19, 18:31:41 
28-Apr-19, 18:31:42 
28-Apr-19, 18:31:43 
28-Apr-19, 18:31:46 
28-Apr-19, 18:31:47 
28-Apr-19, 18:31:48 
28-Apr-19, 18:31:51 
28-Apr-19, 18:31:52 
28-Apr-19, 18:31:53 
28-Apr-19, 18:32:03 
28-Apr-19, 18:32:06 
28-Apr-19, 18:32:07 
28-Apr-19, 18:32:08 
28-Apr-19, 18:32:11 
28-Apr-19, 18:32:12 
28-Apr-19, 18:32:13 
28-Apr-19, 18:32:16 
28-Apr-19, 18:32:17 
28-Apr-19, 18:32:18 
28-Apr-19, 18:32:21 
28-Apr-19, 18:32:22 
28-Apr-19, 18:32:23 
28-Apr-19, 18:32:26 
28-Apr-19, 18:32:27 
28-Apr-19, 18:32:28 
28-Apr-19, 18:32:31 
28-Apr-19, 18:32:32 
28-Apr-19, 18:32:33 
28-Apr-19, 18:32:37 
28-Apr-19, 18:32:38 
28-Apr-19, 18:32:41 
28-Apr-19, 18:32:42 
28-Apr-19, 18:32:43 
28-Apr-19, 18:32:48 
28-Apr-19, 18:32:51 
28-Apr-19, 18:32:52 
28-Apr-19, 18:32:53 
28-Apr-19, 18:33:01 
28-Apr-19, 18:33:02 
28-Apr-19, 18:33:03 
28-Apr-19, 18:33:06 
28-Apr-19, 18:33:07 
28-Apr-19, 18:33:08 
28-Apr-19, 18:33:11 
28-Apr-19, 18:33:12 
28-Apr-19, 18:33:13 
28-Apr-19, 18:33:16 
28-Apr-19, 18:33:17 
28-Apr-19, 18:33:18 
28-Apr-19, 18:33:21 
28-Apr-19, 18:33:22 
28-Apr-19, 18:33:23 
28-Apr-19, 18:33:26 
28-Apr-19, 18:33:27 
28-Apr-19, 18:33:28 
28-Apr-19, 18:33:31 
28-Apr-19, 18:33:32 
28-Apr-19, 18:33:33 
28-Apr-19, 18:33:36 
28-Apr-19, 18:33:37 
28-Apr-19, 18:33:38 
28-Apr-19, 18:33:41 
28-Apr-19, 18:33:42 
28-Apr-19, 18:33:43 
28-Apr-19, 18:33:46 
28-Apr-19, 18:33:47 
28-Apr-19, 18:33:48 
28-Apr-19, 18:33:51 
28-Apr-19, 18:33:52 
28-Apr-19, 18:33:53 
28-Apr-19, 18:34:03 
28-Apr-19, 18:34:06 
28-Apr-19, 18:34:07 
28-Apr-19, 18:34:08 
28-Apr-19, 18:34:11 
28-Apr-19, 18:34:12 
28-Apr-19, 18:34:13 
28-Apr-19, 18:34:16 
28-Apr-19, 18:34:17 
28-Apr-19, 18:34:18 
28-Apr-19, 18:34:21 
28-Apr-19, 18:34:22 
28-Apr-19, 18:34:23 
28-Apr-19, 18:34:26 
28-Apr-19, 18:34:27 
28-Apr-19, 18:34:28 
28-Apr-19, 18:34:31 
28-Apr-19, 18:34:32 
28-Apr-19, 18:34:33 
28-Apr-19, 18:34:36 
28-Apr-19, 18:34:37 
28-Apr-19, 18:34:38 
28-Apr-19, 18:34:41 
28-Apr-19, 18:34:42 
28-Apr-19, 18:34:43 
28-Apr-19, 18:34:46 
28-Apr-19, 18:34:47 
28-Apr-19, 18:34:48 
28-Apr-19, 18:34:51 
28-Apr-19, 18:34:52 
28-Apr-19, 18:34:53 
28-Apr-19, 18:35:01 
28-Apr-19, 18:35:02 
28-Apr-19, 18:35:03 
28-Apr-19, 18:35:06 
28-Apr-19, 18:35:07 
28-Apr-19, 18:35:08 
28-Apr-19, 18:35:11 
28-Apr-19, 18:35:12 
28-Apr-19, 18:35:13 
28-Apr-19, 18:35:16 
28-Apr-19, 18:35:17 
28-Apr-19, 18:35:18 
28-Apr-19, 18:35:21 
28-Apr-19, 18:35:22 
28-Apr-19, 18:35:23 
28-Apr-19, 18:35:26 
28-Apr-19, 18:35:27 
28-Apr-19, 18:35:28 
28-Apr-19, 18:35:31 
28-Apr-19, 18:35:32 
28-Apr-19, 18:35:33 
28-Apr-19, 18:35:36 
28-Apr-19, 18:35:37 
28-Apr-19, 18:35:38 
28-Apr-19, 18:35:41 
28-Apr-19, 18:35:42 
28-Apr-19, 18:35:43 
28-Apr-19, 18:35:46 
28-Apr-19, 18:35:47 
28-Apr-19, 18:35:48 
28-Apr-19, 18:35:51 
28-Apr-19, 18:35:52 
28-Apr-19, 18:35:53 
28-Apr-19, 18:36:03 
28-Apr-19, 18:36:06 
28-Apr-19, 18:36:07 
28-Apr-19, 18:36:08 
28-Apr-19, 18:36:11 
28-Apr-19, 18:36:12 
28-Apr-19, 18:36:13 
28-Apr-19, 18:36:16 
28-Apr-19, 18:36:17 
28-Apr-19, 18:36:18 
28-Apr-19, 18:36:21 
28-Apr-19, 18:36:22 
28-Apr-19, 18:36:23 
28-Apr-19, 18:36:26 
28-Apr-19, 18:36:27 
28-Apr-19, 18:36:28 
28-Apr-19, 18:36:31 
28-Apr-19, 18:36:32 
28-Apr-19, 18:36:33 
28-Apr-19, 18:36:36 
28-Apr-19, 18:36:37 
28-Apr-19, 18:36:38 
28-Apr-19, 18:36:41 
28-Apr-19, 18:36:42 
28-Apr-19, 18:36:43 
28-Apr-19, 18:36:46 
28-Apr-19, 18:36:47 
28-Apr-19, 18:36:48 
28-Apr-19, 18:36:51 
28-Apr-19, 18:36:52 
28-Apr-19, 18:36:53 
28-Apr-19, 18:37:01 
28-Apr-19, 18:37:03 
28-Apr-19, 18:37:06 
28-Apr-19, 18:37:07 
28-Apr-19, 18:37:08 
28-Apr-19, 18:37:11 
28-Apr-19, 18:37:12 
28-Apr-19, 18:37:13 
28-Apr-19, 18:37:16 
28-Apr-19, 18:37:17 
28-Apr-19, 18:37:18 
28-Apr-19, 18:37:21 
28-Apr-19, 18:37:22 
28-Apr-19, 18:37:23 
28-Apr-19, 18:37:26 
28-Apr-19, 18:37:27 
28-Apr-19, 18:37:28 
28-Apr-19, 18:37:31 
28-Apr-19, 18:37:32 
28-Apr-19, 18:37:33 
28-Apr-19, 18:37:36 
28-Apr-19, 18:37:37 
28-Apr-19, 18:37:38 
28-Apr-19, 18:37:41 
28-Apr-19, 18:37:42 
28-Apr-19, 18:37:43 
28-Apr-19, 18:37:46 
28-Apr-19, 18:37:47 
28-Apr-19, 18:37:48 
28-Apr-19, 18:37:51 
28-Apr-19, 18:37:52 
28-Apr-19, 18:37:53 
28-Apr-19, 18:38:01 
28-Apr-19, 18:38:02 
28-Apr-19, 18:38:03 
28-Apr-19, 18:38:06 
28-Apr-19, 18:38:07 
28-Apr-19, 18:38:08 
28-Apr-19, 18:38:11 
28-Apr-19, 18:38:12 
28-Apr-19, 18:38:13 
28-Apr-19, 18:38:17 
28-Apr-19, 18:38:18 
28-Apr-19, 18:38:21 
28-Apr-19, 18:38:22 
28-Apr-19, 18:38:23 
28-Apr-19, 18:38:26 
28-Apr-19, 18:38:27 
28-Apr-19, 18:38:28 
28-Apr-19, 18:38:31 
28-Apr-19, 18:38:32 
28-Apr-19, 18:38:33 
28-Apr-19, 18:38:36 
28-Apr-19, 18:38:37 
28-Apr-19, 18:38:38 
28-Apr-19, 18:38:41 
28-Apr-19, 18:38:42 
28-Apr-19, 18:38:43 
28-Apr-19, 18:38:46 
28-Apr-19, 18:38:47 
28-Apr-19, 18:38:48 
28-Apr-19, 18:38:51 
28-Apr-19, 18:38:52 
28-Apr-19, 18:38:53 
28-Apr-19, 18:39:03 
28-Apr-19, 18:39:06 
28-Apr-19, 18:39:07 
28-Apr-19, 18:39:08 
28-Apr-19, 18:39:11 
28-Apr-19, 18:39:12 
28-Apr-19, 18:39:13 
28-Apr-19, 18:39:16 
28-Apr-19, 18:39:17 
28-Apr-19, 18:39:18 
28-Apr-19, 18:39:21 
28-Apr-19, 18:39:22 
28-Apr-19, 18:39:23 
28-Apr-19, 18:39:26 
28-Apr-19, 18:39:27 
28-Apr-19, 18:39:28 
28-Apr-19, 18:39:31 
28-Apr-19, 18:39:32 
28-Apr-19, 18:39:33 
28-Apr-19, 18:39:36 
28-Apr-19, 18:39:37 
28-Apr-19, 18:39:38 
28-Apr-19, 18:39:41 
28-Apr-19, 18:39:42 
28-Apr-19, 18:39:43 
28-Apr-19, 18:39:46 
28-Apr-19, 18:39:47 
28-Apr-19, 18:39:48 
28-Apr-19, 18:39:51 
28-Apr-19, 18:39:52 
28-Apr-19, 18:39:53 
28-Apr-19, 18:40:02 
28-Apr-19, 18:40:03 
28-Apr-19, 18:40:06 
28-Apr-19, 18:40:07 
28-Apr-19, 18:40:08 
28-Apr-19, 18:40:11 
28-Apr-19, 18:40:12 
28-Apr-19, 18:40:13 
28-Apr-19, 18:40:16 
28-Apr-19, 18:40:17 
28-Apr-19, 18:40:18 
28-Apr-19, 18:40:21 
28-Apr-19, 18:40:23 
28-Apr-19, 18:40:26 
28-Apr-19, 18:40:27 
28-Apr-19, 18:40:28 
28-Apr-19, 18:40:31 
28-Apr-19, 18:40:32 
28-Apr-19, 18:40:33 
28-Apr-19, 18:40:36 
28-Apr-19, 18:40:37 
28-Apr-19, 18:40:38 
28-Apr-19, 18:40:41 
28-Apr-19, 18:40:42 
28-Apr-19, 18:40:43 
28-Apr-19, 18:40:46 
28-Apr-19, 18:40:47 
28-Apr-19, 18:40:48 
28-Apr-19, 18:40:51 
28-Apr-19, 18:40:52 
28-Apr-19, 18:40:53 
28-Apr-19, 18:41:02 
28-Apr-19, 18:41:03 
28-Apr-19, 18:41:06 
28-Apr-19, 18:41:07 
28-Apr-19, 18:41:08 
28-Apr-19, 18:41:11 
28-Apr-19, 18:41:12 
28-Apr-19, 18:41:16 
28-Apr-19, 18:41:17 
28-Apr-19, 18:41:18 
28-Apr-19, 18:41:21 
28-Apr-19, 18:41:22 
28-Apr-19, 18:41:23 
28-Apr-19, 18:41:26 
28-Apr-19, 18:41:27 
28-Apr-19, 18:41:28 
28-Apr-19, 18:41:31 
28-Apr-19, 18:41:32 
28-Apr-19, 18:41:33 
28-Apr-19, 18:41:36 
28-Apr-19, 18:41:37 
28-Apr-19, 18:41:38 
28-Apr-19, 18:41:41 
28-Apr-19, 18:41:42 
28-Apr-19, 18:41:43 
28-Apr-19, 18:41:46 
28-Apr-19, 18:41:47 
28-Apr-19, 18:41:48 
28-Apr-19, 18:41:51 
28-Apr-19, 18:41:52 
28-Apr-19, 18:41:53 
28-Apr-19, 18:42:02 
28-Apr-19, 18:42:03 
28-Apr-19, 18:42:06 
28-Apr-19, 18:42:07 
28-Apr-19, 18:42:08 
28-Apr-19, 18:42:11 
28-Apr-19, 18:42:12 
28-Apr-19, 18:42:13 
28-Apr-19, 18:42:16 
28-Apr-19, 18:42:17 
28-Apr-19, 18:42:18 
28-Apr-19, 18:42:21 
28-Apr-19, 18:42:22 
28-Apr-19, 18:42:23 
28-Apr-19, 18:42:26 
28-Apr-19, 18:42:27 
28-Apr-19, 18:42:28 
28-Apr-19, 18:42:31 
28-Apr-19, 18:42:32 
28-Apr-19, 18:42:33 
28-Apr-19, 18:42:36 
28-Apr-19, 18:42:38 
28-Apr-19, 18:42:38 
28-Apr-19, 18:42:41 
28-Apr-19, 18:42:43 
28-Apr-19, 18:42:43 
28-Apr-19, 18:42:46 
28-Apr-19, 18:42:48 
28-Apr-19, 18:42:48 
28-Apr-19, 18:42:51 
28-Apr-19, 18:42:53 
28-Apr-19, 18:42:53 
28-Apr-19, 18:43:03 
28-Apr-19, 18:43:03 
28-Apr-19, 18:43:06 
28-Apr-19, 18:43:08 
28-Apr-19, 18:43:08 
28-Apr-19, 18:43:11 
28-Apr-19, 18:43:13 
28-Apr-19, 18:43:13 
28-Apr-19, 18:43:16 
28-Apr-19, 18:43:18 
28-Apr-19, 18:43:18 
28-Apr-19, 18:43:21 
28-Apr-19, 18:43:23 
28-Apr-19, 18:43:23 
28-Apr-19, 18:43:26 
28-Apr-19, 18:43:28 
28-Apr-19, 18:43:28 
28-Apr-19, 18:43:31 
28-Apr-19, 18:43:33 
28-Apr-19, 18:43:33 
28-Apr-19, 18:43:36 
28-Apr-19, 18:43:38 
28-Apr-19, 18:43:38 
28-Apr-19, 18:43:41 
28-Apr-19, 18:43:43 
28-Apr-19, 18:43:43 
28-Apr-19, 18:43:46 
28-Apr-19, 18:43:48 
28-Apr-19, 18:43:48 
28-Apr-19, 18:43:51 
28-Apr-19, 18:43:53 
28-Apr-19, 18:43:53 
28-Apr-19, 18:44:01 
28-Apr-19, 18:44:03 
28-Apr-19, 18:44:03 
28-Apr-19, 18:44:06 
28-Apr-19, 18:44:08 
28-Apr-19, 18:44:08 
28-Apr-19, 18:44:11 
28-Apr-19, 18:44:13 
28-Apr-19, 18:44:13 
28-Apr-19, 18:44:16 
28-Apr-19, 18:44:18 
28-Apr-19, 18:44:18 
28-Apr-19, 18:44:21 
28-Apr-19, 18:44:23 
28-Apr-19, 18:44:23 
28-Apr-19, 18:44:26 
28-Apr-19, 18:44:28 
28-Apr-19, 18:44:28 
28-Apr-19, 18:44:31 
28-Apr-19, 18:44:33 
28-Apr-19, 18:44:33 
28-Apr-19, 18:44:36 
28-Apr-19, 18:44:38 
28-Apr-19, 18:44:38 
28-Apr-19, 18:44:41 
28-Apr-19, 18:44:43 
28-Apr-19, 18:44:43 
28-Apr-19, 18:44:46 
28-Apr-19, 18:44:48 
28-Apr-19, 18:44:48 
28-Apr-19, 18:44:51 
28-Apr-19, 18:44:53 
28-Apr-19, 18:44:53 
28-Apr-19, 18:45:01 
28-Apr-19, 18:45:03 
28-Apr-19, 18:45:03 
28-Apr-19, 18:45:06 
28-Apr-19, 18:45:08 
28-Apr-19, 18:45:08 
28-Apr-19, 18:45:11 
28-Apr-19, 18:45:13 
28-Apr-19, 18:45:13 
28-Apr-19, 18:45:16 
28-Apr-19, 18:45:18 
28-Apr-19, 18:45:19 
28-Apr-19, 18:45:21 
28-Apr-19, 18:45:23 
28-Apr-19, 18:45:24 
28-Apr-19, 18:45:26 
28-Apr-19, 18:45:28 
28-Apr-19, 18:45:29 
28-Apr-19, 18:45:31 
28-Apr-19, 18:45:33 
28-Apr-19, 18:45:34 
28-Apr-19, 18:45:36 
28-Apr-19, 18:45:38 
28-Apr-19, 18:45:39 
28-Apr-19, 18:45:41 
28-Apr-19, 18:45:43 
28-Apr-19, 18:45:44 
28-Apr-19, 18:45:46 
28-Apr-19, 18:45:48 
28-Apr-19, 18:45:49 
28-Apr-19, 18:45:51 
28-Apr-19, 18:45:53 
28-Apr-19, 18:45:54 
28-Apr-19, 18:46:03 
28-Apr-19, 18:46:04 
28-Apr-19, 18:46:06 
28-Apr-19, 18:46:08 
28-Apr-19, 18:46:09 
28-Apr-19, 18:46:11 
28-Apr-19, 18:46:13 
28-Apr-19, 18:46:14 
28-Apr-19, 18:46:16 
28-Apr-19, 18:46:18 
28-Apr-19, 18:46:19 
28-Apr-19, 18:46:21 
28-Apr-19, 18:46:23 
28-Apr-19, 18:46:24 
28-Apr-19, 18:46:26 
28-Apr-19, 18:46:28 
28-Apr-19, 18:46:29 
28-Apr-19, 18:46:31 
28-Apr-19, 18:46:33 
28-Apr-19, 18:46:34 
28-Apr-19, 18:46:36 
28-Apr-19, 18:46:38 
28-Apr-19, 18:46:39 
28-Apr-19, 18:46:41 
28-Apr-19, 18:46:43 
28-Apr-19, 18:46:44 
28-Apr-19, 18:46:46 
28-Apr-19, 18:46:48 
28-Apr-19, 18:46:49 
28-Apr-19, 18:46:51 
28-Apr-19, 18:46:53 
28-Apr-19, 18:46:54 
28-Apr-19, 18:46:58 
28-Apr-19, 18:47:03 
28-Apr-19, 18:47:04 
28-Apr-19, 18:47:06 
28-Apr-19, 18:47:08 
28-Apr-19, 18:47:09 
28-Apr-19, 18:47:11 
28-Apr-19, 18:47:13 
28-Apr-19, 18:47:14 
28-Apr-19, 18:47:18 
28-Apr-19, 18:47:19 
28-Apr-19, 18:47:21 
28-Apr-19, 18:47:23 
28-Apr-19, 18:47:24 
28-Apr-19, 18:47:26 
28-Apr-19, 18:47:28 
28-Apr-19, 18:47:29 
28-Apr-19, 18:47:31 
28-Apr-19, 18:47:33 
28-Apr-19, 18:47:34 
28-Apr-19, 18:47:36 
28-Apr-19, 18:47:38 
28-Apr-19, 18:47:39 
28-Apr-19, 18:47:41 
28-Apr-19, 18:47:43 
28-Apr-19, 18:47:44 
28-Apr-19, 18:47:46 
28-Apr-19, 18:47:48 
28-Apr-19, 18:47:49 
28-Apr-19, 18:47:51 
28-Apr-19, 18:47:53 
28-Apr-19, 18:47:54 
28-Apr-19, 18:47:59 
28-Apr-19, 18:48:03 
28-Apr-19, 18:48:04 
28-Apr-19, 18:48:06 
28-Apr-19, 18:48:08 
28-Apr-19, 18:48:09 
28-Apr-19, 18:48:11 
28-Apr-19, 18:48:13 
28-Apr-19, 18:48:14 
28-Apr-19, 18:48:16 
28-Apr-19, 18:48:18 
28-Apr-19, 18:48:19 
28-Apr-19, 18:48:21 
28-Apr-19, 18:48:24 
28-Apr-19, 18:48:26 
28-Apr-19, 18:48:28 
28-Apr-19, 18:48:29 
28-Apr-19, 18:48:31 
28-Apr-19, 18:48:33 
28-Apr-19, 18:48:34 
28-Apr-19, 18:48:36 
28-Apr-19, 18:48:38 
28-Apr-19, 18:48:39 
28-Apr-19, 18:48:41 
28-Apr-19, 18:48:43 
28-Apr-19, 18:48:44 
28-Apr-19, 18:48:46 
28-Apr-19, 18:48:48 
28-Apr-19, 18:48:49 
28-Apr-19, 18:48:51 
28-Apr-19, 18:48:53 
28-Apr-19, 18:48:54 
28-Apr-19, 18:49:03 
28-Apr-19, 18:49:06 
28-Apr-19, 18:49:08 
28-Apr-19, 18:49:09 
28-Apr-19, 18:49:11 
28-Apr-19, 18:49:13 
28-Apr-19, 18:49:14 
28-Apr-19, 18:49:16 
28-Apr-19, 18:49:18 
28-Apr-19, 18:49:19 
28-Apr-19, 18:49:21 
28-Apr-19, 18:49:23 
28-Apr-19, 18:49:24 
28-Apr-19, 18:49:26 
28-Apr-19, 18:49:28 
28-Apr-19, 18:49:29 
28-Apr-19, 18:49:31 
28-Apr-19, 18:49:33 
28-Apr-19, 18:49:34 
28-Apr-19, 18:49:36 
28-Apr-19, 18:49:38 
28-Apr-19, 18:49:39 
28-Apr-19, 18:49:41 
28-Apr-19, 18:49:43 
28-Apr-19, 18:49:44 
28-Apr-19, 18:49:46 
28-Apr-19, 18:49:48 
28-Apr-19, 18:49:49 
28-Apr-19, 18:49:51 
28-Apr-19, 18:49:53 
28-Apr-19, 18:49:54 
28-Apr-19, 18:50:01 
28-Apr-19, 18:50:03 
28-Apr-19, 18:50:04 
28-Apr-19, 18:50:06 
28-Apr-19, 18:50:08 
28-Apr-19, 18:50:09 
28-Apr-19, 18:50:11 
28-Apr-19, 18:50:14 
28-Apr-19, 18:50:16 
28-Apr-19, 18:50:18 
28-Apr-19, 18:50:19 
28-Apr-19, 18:50:21 
28-Apr-19, 18:50:23 
28-Apr-19, 18:50:24 
28-Apr-19, 18:50:26 
28-Apr-19, 18:50:28 
28-Apr-19, 18:50:29 
28-Apr-19, 18:50:31 
28-Apr-19, 18:50:33 
28-Apr-19, 18:50:34 
28-Apr-19, 18:50:36 
28-Apr-19, 18:50:38 
28-Apr-19, 18:50:39 
28-Apr-19, 18:50:41 
28-Apr-19, 18:50:43 
28-Apr-19, 18:50:44 
28-Apr-19, 18:50:46 
28-Apr-19, 18:50:48 
28-Apr-19, 18:50:49 
28-Apr-19, 18:50:51 
28-Apr-19, 18:50:53 
28-Apr-19, 18:50:54 
28-Apr-19, 18:50:58 
28-Apr-19, 18:51:03 
28-Apr-19, 18:51:04 
28-Apr-19, 18:51:06 
28-Apr-19, 18:51:08 
28-Apr-19, 18:51:09 
28-Apr-19, 18:51:11 
28-Apr-19, 18:51:13 
28-Apr-19, 18:51:14 
28-Apr-19, 18:51:16 
28-Apr-19, 18:51:18 
28-Apr-19, 18:51:19 
28-Apr-19, 18:51:21 
28-Apr-19, 18:51:23 
28-Apr-19, 18:51:24 
28-Apr-19, 18:51:26 
28-Apr-19, 18:51:28 
28-Apr-19, 18:51:29 
28-Apr-19, 18:51:31 
28-Apr-19, 18:51:33 
28-Apr-19, 18:51:34 
28-Apr-19, 18:51:36 
28-Apr-19, 18:51:38 
28-Apr-19, 18:51:39 
28-Apr-19, 18:51:41 
28-Apr-19, 18:51:43 
28-Apr-19, 18:51:44 
28-Apr-19, 18:51:46 
28-Apr-19, 18:51:49 
28-Apr-19, 18:51:51 
28-Apr-19, 18:51:53 
28-Apr-19, 18:52:03 
28-Apr-19, 18:52:04 
28-Apr-19, 18:52:06 
28-Apr-19, 18:52:08 
28-Apr-19, 18:52:09 
28-Apr-19, 18:52:11 
28-Apr-19, 18:52:13 
28-Apr-19, 18:52:14 
28-Apr-19, 18:52:16 
28-Apr-19, 18:52:18 
28-Apr-19, 18:52:19 
28-Apr-19, 18:52:21 
28-Apr-19, 18:52:23 
28-Apr-19, 18:52:24 
28-Apr-19, 18:52:26 
28-Apr-19, 18:52:28 
28-Apr-19, 18:52:33 
28-Apr-19, 18:52:34 
28-Apr-19, 18:52:36 
28-Apr-19, 18:52:38 
28-Apr-19, 18:52:39 
28-Apr-19, 18:52:41 
28-Apr-19, 18:52:43 
28-Apr-19, 18:52:44 
28-Apr-19, 18:52:46 
28-Apr-19, 18:52:48 
28-Apr-19, 18:52:49 
28-Apr-19, 18:52:51 
28-Apr-19, 18:52:53 
28-Apr-19, 18:52:54 
28-Apr-19, 18:53:03 
28-Apr-19, 18:53:04 
28-Apr-19, 18:53:06 
28-Apr-19, 18:53:08 
28-Apr-19, 18:53:09 
28-Apr-19, 18:53:11 
28-Apr-19, 18:53:13 
28-Apr-19, 18:53:14 
28-Apr-19, 18:53:16 
28-Apr-19, 18:53:18 
28-Apr-19, 18:53:19 
28-Apr-19, 18:53:21 
28-Apr-19, 18:53:23 
28-Apr-19, 18:53:24 
28-Apr-19, 18:53:26 
28-Apr-19, 18:53:28 
28-Apr-19, 18:53:29 
28-Apr-19, 18:53:31 
28-Apr-19, 18:53:33 
28-Apr-19, 18:53:34 
28-Apr-19, 18:53:36 
28-Apr-19, 18:53:38 
28-Apr-19, 18:53:39 
28-Apr-19, 18:53:41 
28-Apr-19, 18:53:43 
28-Apr-19, 18:53:44 
28-Apr-19, 18:53:46 
28-Apr-19, 18:53:48 
28-Apr-19, 18:53:49 
28-Apr-19, 18:53:51 
28-Apr-19, 18:53:53 
28-Apr-19, 18:53:54 
28-Apr-19, 18:53:58 
28-Apr-19, 18:54:01 
28-Apr-19, 18:54:03 
28-Apr-19, 18:54:04 
28-Apr-19, 18:54:06 
28-Apr-19, 18:54:08 
28-Apr-19, 18:54:09 
28-Apr-19, 18:54:13 
28-Apr-19, 18:54:14 
28-Apr-19, 18:54:16 
28-Apr-19, 18:54:18 
28-Apr-19, 18:54:19 
28-Apr-19, 18:54:21 
28-Apr-19, 18:54:23 
28-Apr-19, 18:54:24 
28-Apr-19, 18:54:26 
28-Apr-19, 18:54:28 
28-Apr-19, 18:54:29 
28-Apr-19, 18:54:31 
28-Apr-19, 18:54:33 
28-Apr-19, 18:54:34 
28-Apr-19, 18:54:36 
28-Apr-19, 18:54:38 
28-Apr-19, 22:09:47 
28-Apr-19, 22:09:49 
28-Apr-19, 22:09:51 
28-Apr-19, 22:09:52 
28-Apr-19, 22:09:54 
28-Apr-19, 22:10:04 
28-Apr-19, 22:10:06 
28-Apr-19, 22:10:07 
28-Apr-19, 22:10:09 
28-Apr-19, 22:10:11 
28-Apr-19, 22:10:12 
28-Apr-19, 22:10:14 
28-Apr-19, 22:10:16 
28-Apr-19, 22:10:17 
28-Apr-19, 22:10:19 
28-Apr-19, 22:10:21 
28-Apr-19, 22:10:22 
28-Apr-19, 22:10:24 
28-Apr-19, 22:10:26 
28-Apr-19, 22:10:27 
28-Apr-19, 22:10:29 
28-Apr-19, 22:10:31 
28-Apr-19, 22:10:32 
28-Apr-19, 22:10:34 
28-Apr-19, 22:10:36 
28-Apr-19, 22:10:37 
28-Apr-19, 22:10:39 
28-Apr-19, 22:10:41 
28-Apr-19, 22:10:42 
28-Apr-19, 22:10:44 
28-Apr-19, 22:10:46 
28-Apr-19, 22:10:47 
28-Apr-19, 22:10:49 
28-Apr-19, 22:10:51 
28-Apr-19, 22:10:52 
28-Apr-19, 22:10:54 
28-Apr-19, 22:11:02 
28-Apr-19, 22:11:04 
28-Apr-19, 22:11:06 
28-Apr-19, 22:11:07 
28-Apr-19, 22:11:09 
28-Apr-19, 22:11:11 
28-Apr-19, 22:11:12 
28-Apr-19, 22:11:14 
28-Apr-19, 22:11:16 
28-Apr-19, 22:11:17 
28-Apr-19, 22:11:19 
28-Apr-19, 22:11:21 
28-Apr-19, 22:11:22 
28-Apr-19, 22:11:24 
28-Apr-19, 22:11:26 
28-Apr-19, 22:11:27 
28-Apr-19, 22:11:29 
28-Apr-19, 22:11:31 
28-Apr-19, 22:11:32 
28-Apr-19, 22:11:34 
28-Apr-19, 22:11:36 
28-Apr-19, 22:11:37 
28-Apr-19, 22:11:39 
28-Apr-19, 22:11:41 
28-Apr-19, 22:11:42 
28-Apr-19, 22:11:44 
28-Apr-19, 22:11:46 
28-Apr-19, 22:11:47 
28-Apr-19, 22:11:49 
28-Apr-19, 22:11:51 
28-Apr-19, 22:11:52 
28-Apr-19, 22:11:54 
28-Apr-19, 22:12:02 
28-Apr-19, 22:12:04 
28-Apr-19, 22:12:06 
28-Apr-19, 22:12:07 
28-Apr-19, 22:12:09 
28-Apr-19, 22:12:11 
28-Apr-19, 22:12:12 
28-Apr-19, 22:12:14 
28-Apr-19, 22:12:16 
28-Apr-19, 22:12:17 
28-Apr-19, 22:12:19 
28-Apr-19, 22:12:21 
28-Apr-19, 22:12:22 
28-Apr-19, 22:12:24 
28-Apr-19, 22:12:26 
28-Apr-19, 22:12:27 
28-Apr-19, 22:12:29 
28-Apr-19, 22:12:31 
28-Apr-19, 22:12:32 
28-Apr-19, 22:12:34 
28-Apr-19, 22:12:36 
28-Apr-19, 22:12:37 
28-Apr-19, 22:12:39 
28-Apr-19, 22:12:41 
28-Apr-19, 22:12:42 
28-Apr-19, 22:12:44 
28-Apr-19, 22:12:46 
28-Apr-19, 22:12:47 
28-Apr-19, 22:12:49 
25-Apr-19,9:00:16
25-Apr-19,9:00:16
25-Apr-19,9:00:17
25-Apr-19,9:00:17
25-Apr-19,9:00:18
25-Apr-19,9:00:19
25-Apr-19,9:00:21
25-Apr-19,9:00:21
25-Apr-19,9:00:21
25-Apr-19,9:00:22
25-Apr-19,9:00:22
25-Apr-19,9:00:23
25-Apr-19,9:00:24
25-Apr-19,9:00:26
25-Apr-19,9:00:26
25-Apr-19,9:00:26
25-Apr-19,9:00:28
25-Apr-19,9:00:29
25-Apr-19,9:00:31
25-Apr-19,9:00:31
25-Apr-19,9:00:31
25-Apr-19,9:00:32
25-Apr-19,9:00:32
25-Apr-19,9:00:33
25-Apr-19,9:00:34
25-Apr-19,9:00:36
25-Apr-19,9:00:36
25-Apr-19,9:00:36
25-Apr-19,9:00:37
25-Apr-19,9:00:37
25-Apr-19,9:00:38
25-Apr-19,9:00:39
25-Apr-19,9:00:41
25-Apr-19,9:00:41
25-Apr-19,9:00:42
25-Apr-19,9:00:42
25-Apr-19,9:00:42
25-Apr-19,9:00:43
25-Apr-19,9:00:44
25-Apr-19,9:00:46
25-Apr-19,9:00:47
25-Apr-19,9:00:47
25-Apr-19,9:00:47
25-Apr-19,9:00:47
25-Apr-19,9:00:48
25-Apr-19,9:00:49
25-Apr-19,9:00:51
25-Apr-19,9:00:52
25-Apr-19,9:00:52
25-Apr-19,9:00:52
25-Apr-19,9:00:52
25-Apr-19,9:00:53
25-Apr-19,9:00:56
25-Apr-19,9:00:57
25-Apr-19,9:00:57
25-Apr-19,9:00:57
25-Apr-19,9:00:57
25-Apr-19,9:00:58
25-Apr-19,9:00:59
25-Apr-19,9:01:01
25-Apr-19,9:01:02
25-Apr-19,9:01:02
25-Apr-19,9:01:02
25-Apr-19,9:01:02
25-Apr-19,9:01:03
25-Apr-19,9:01:04
25-Apr-19,9:01:06
25-Apr-19,9:01:07
25-Apr-19,9:01:07
25-Apr-19,9:01:07
25-Apr-19,9:01:07
25-Apr-19,9:01:08
25-Apr-19,9:01:09
25-Apr-19,9:01:11
25-Apr-19,9:01:12
25-Apr-19,9:01:12
25-Apr-19,9:01:12
25-Apr-19,9:01:12
25-Apr-19,9:01:13
25-Apr-19,9:01:14
25-Apr-19,9:01:16
25-Apr-19,9:01:17
25-Apr-19,9:01:17
25-Apr-19,9:01:17
25-Apr-19,8:19:35
25-Apr-19,8:19:35
25-Apr-19,8:19:38
25-Apr-19,8:19:38
25-Apr-19,8:19:38
25-Apr-19,8:19:39
25-Apr-19,8:19:39
25-Apr-19,8:19:40
25-Apr-19,8:19:40
25-Apr-19,8:19:43
25-Apr-19,8:19:43
25-Apr-19,8:19:43
25-Apr-19,8:19:44
25-Apr-19,8:19:44
25-Apr-19,8:19:45
25-Apr-19,8:19:45
25-Apr-19,8:19:48
25-Apr-19,8:19:48
25-Apr-19,8:19:48
25-Apr-19,8:19:49
25-Apr-19,8:19:49
25-Apr-19,8:19:53
25-Apr-19,8:19:53
25-Apr-19,8:19:53
25-Apr-19,8:19:54
25-Apr-19,8:19:54
25-Apr-19,8:19:55
25-Apr-19,8:19:55
25-Apr-19,8:19:58
25-Apr-19,8:19:58
25-Apr-19,8:19:58
25-Apr-19,8:19:59
25-Apr-19,8:19:59
25-Apr-19,8:20:00
25-Apr-19,8:20:00
25-Apr-19,8:20:03
25-Apr-19,8:20:03
25-Apr-19,8:20:03
25-Apr-19,8:20:04
25-Apr-19,8:20:04
25-Apr-19,8:20:05
25-Apr-19,8:20:05
25-Apr-19,8:20:08
25-Apr-19,8:20:08
25-Apr-19,8:20:08
25-Apr-19,8:20:09
25-Apr-19,8:20:09
25-Apr-19,8:20:10
25-Apr-19,8:20:10
25-Apr-19,8:20:13
25-Apr-19,8:20:13
25-Apr-19,8:20:13
25-Apr-19,8:20:15
25-Apr-19,8:20:15
25-Apr-19,8:20:18
25-Apr-19,8:20:18
25-Apr-19,8:20:18
25-Apr-19,8:20:20
25-Apr-19,8:20:20
25-Apr-19,8:20:24
25-Apr-19,8:20:24
25-Apr-19,8:20:25
25-Apr-19,8:20:25
25-Apr-19,8:20:29
25-Apr-19,8:20:29
25-Apr-19,8:20:30
25-Apr-19,8:20:33
25-Apr-19,8:20:33
25-Apr-19,8:20:33
25-Apr-19,8:20:34
25-Apr-19,8:20:34
25-Apr-19,8:20:35
25-Apr-19,8:20:35
25-Apr-19,8:20:39
25-Apr-19,8:20:39
25-Apr-19,8:20:40
25-Apr-19,8:20:40
25-Apr-19,8:20:43
25-Apr-19,8:20:43
25-Apr-19,8:20:43
25-Apr-19,8:20:44
25-Apr-19,8:20:44
25-Apr-19,8:20:45
25-Apr-19,8:20:45
25-Apr-19,8:20:49
25-Apr-19,8:20:49
25-Apr-19,8:20:50
25-Apr-19,8:20:50
25-Apr-19,8:20:53
25-Apr-19,8:20:53
25-Apr-19,8:20:53
25-Apr-19,8:20:54
25-Apr-19,8:20:54
25-Apr-19,8:20:55
25-Apr-19,8:20:55
25-Apr-19,8:20:59
25-Apr-19,8:20:59
25-Apr-19,8:21:00
25-Apr-19,8:21:00
25-Apr-19,8:21:03
25-Apr-19,8:21:03
25-Apr-19,8:21:03
25-Apr-19,8:21:04
25-Apr-19,8:21:04
25-Apr-19,8:21:05
25-Apr-19,8:21:05
25-Apr-19,8:21:08
25-Apr-19,8:21:08
25-Apr-19,8:21:08
25-Apr-19,8:21:09
25-Apr-19,8:21:09
25-Apr-19,8:21:10
25-Apr-19,8:21:10
25-Apr-19,8:21:14
25-Apr-19,8:21:14
25-Apr-19,8:21:15
25-Apr-19,8:21:15
25-Apr-19,8:21:19
25-Apr-19,8:21:19
25-Apr-19,8:21:19
25-Apr-19,8:21:20
25-Apr-19,8:21:21
25-Apr-19,8:21:23
25-Apr-19,8:21:23
25-Apr-19,8:21:24
25-Apr-19,8:21:24
25-Apr-19,8:21:24
25-Apr-19,8:21:25
25-Apr-19,8:21:26
25-Apr-19,8:21:29
25-Apr-19,8:21:29
25-Apr-19,8:21:29
25-Apr-19,8:21:30
25-Apr-19,8:21:31
25-Apr-19,8:21:33
25-Apr-19,8:21:33
25-Apr-19,8:21:34
25-Apr-19,8:21:34
25-Apr-19,8:21:34
25-Apr-19,8:21:35
25-Apr-19,8:21:36
25-Apr-19,8:21:39
25-Apr-19,8:21:39
25-Apr-19,8:21:39
25-Apr-19,8:21:40
25-Apr-19,8:21:41
25-Apr-19,8:21:43
25-Apr-19,8:21:43
25-Apr-19,8:21:44
25-Apr-19,8:21:44
25-Apr-19,8:21:44
25-Apr-19,8:21:45
25-Apr-19,8:21:46
25-Apr-19,8:21:48
25-Apr-19,8:21:48
25-Apr-19,8:21:49
25-Apr-19,8:21:49
25-Apr-19,8:21:49
25-Apr-19,8:21:50
25-Apr-19,8:21:51
25-Apr-19,8:21:53
25-Apr-19,8:21:53
25-Apr-19,8:21:54
25-Apr-19,8:21:54
25-Apr-19,8:21:54
25-Apr-19,8:21:55
25-Apr-19,8:21:56
25-Apr-19,8:21:58
25-Apr-19,8:21:58
25-Apr-19,8:21:59
25-Apr-19,8:21:59
25-Apr-19,8:21:59
25-Apr-19,8:22:00
25-Apr-19,8:22:01
25-Apr-19,8:22:03
25-Apr-19,8:22:03
25-Apr-19,8:22:04
25-Apr-19,8:22:04
25-Apr-19,8:22:04
25-Apr-19,8:22:05
25-Apr-19,8:22:06
25-Apr-19,8:22:08
25-Apr-19,8:22:08
25-Apr-19,8:22:09
25-Apr-19,8:22:09
25-Apr-19,8:22:09
25-Apr-19,8:22:10
25-Apr-19,8:22:11
25-Apr-19,8:22:13
25-Apr-19,8:22:13
25-Apr-19,8:22:14
25-Apr-19,8:22:14
25-Apr-19,8:22:14
25-Apr-19,8:22:15
25-Apr-19,8:22:16
25-Apr-19,8:22:18
25-Apr-19,8:22:18
25-Apr-19,8:22:20
25-Apr-19,8:22:23
25-Apr-19,8:22:23
25-Apr-19,8:22:24
25-Apr-19,8:22:24
25-Apr-19,8:22:24
25-Apr-19,8:22:25
25-Apr-19,8:22:26
25-Apr-19,8:22:29
25-Apr-19,8:22:29
25-Apr-19,8:22:29
25-Apr-19,8:22:30
25-Apr-19,8:22:31
25-Apr-19,8:22:33
25-Apr-19,8:22:33
25-Apr-19,8:22:40
25-Apr-19,8:22:41
25-Apr-19,8:22:43
25-Apr-19,8:22:43
25-Apr-19,8:22:44
25-Apr-19,8:22:44
25-Apr-19,8:22:44
25-Apr-19,8:22:45
25-Apr-19,8:22:46
25-Apr-19,8:22:48
25-Apr-19,8:22:48
25-Apr-19,8:22:49
25-Apr-19,8:22:49
25-Apr-19,8:22:49
25-Apr-19,8:22:51
25-Apr-19,8:22:53
25-Apr-19,8:22:53
25-Apr-19,8:22:54
25-Apr-19,8:22:54
25-Apr-19,8:22:54
25-Apr-19,8:22:55
25-Apr-19,8:22:56
25-Apr-19,8:22:58
25-Apr-19,8:22:58
25-Apr-19,8:22:59
25-Apr-19,8:22:59
25-Apr-19,8:22:59
25-Apr-19,8:23:00
25-Apr-19,8:23:03
25-Apr-19,8:23:03
25-Apr-19,8:23:04
25-Apr-19,8:23:04
25-Apr-19,8:23:04
25-Apr-19,8:23:05
25-Apr-19,8:23:06
25-Apr-19,8:23:08
25-Apr-19,8:23:08
25-Apr-19,8:23:10
25-Apr-19,8:23:11
25-Apr-19,8:23:13
25-Apr-19,8:23:13
25-Apr-19,8:23:14
25-Apr-19,8:23:14
25-Apr-19,8:23:14
25-Apr-19,8:23:15
25-Apr-19,8:23:16
25-Apr-19,8:23:18
25-Apr-19,8:23:18
25-Apr-19,8:23:19
25-Apr-19,8:23:19
25-Apr-19,8:23:19
25-Apr-19,8:23:20
25-Apr-19,8:23:21
25-Apr-19,8:23:23
25-Apr-19,8:23:23
25-Apr-19,8:23:24
25-Apr-19,8:23:24
25-Apr-19,8:23:24
25-Apr-19,8:23:25
25-Apr-19,8:23:26
25-Apr-19,8:23:28
25-Apr-19,8:23:28
25-Apr-19,8:23:29
25-Apr-19,8:23:29
25-Apr-19,8:23:29
25-Apr-19,8:23:30
25-Apr-19,8:23:31
25-Apr-19,8:23:33
25-Apr-19,8:23:33
25-Apr-19,8:23:34
25-Apr-19,8:23:34
25-Apr-19,8:23:34
25-Apr-19,8:23:35
25-Apr-19,8:23:38
25-Apr-19,8:23:38
25-Apr-19,8:23:40
25-Apr-19,8:23:41
25-Apr-19,8:23:43
25-Apr-19,8:23:43
25-Apr-19,8:23:44
25-Apr-19,8:23:44
25-Apr-19,8:23:44
25-Apr-19,8:23:45
25-Apr-19,8:23:46
25-Apr-19,8:23:48
25-Apr-19,8:23:48
25-Apr-19,8:23:50
25-Apr-19,8:23:51
25-Apr-19,8:23:53
25-Apr-19,8:23:53
25-Apr-19,8:23:54
25-Apr-19,8:23:54
25-Apr-19,8:23:54
25-Apr-19,8:23:55
25-Apr-19,8:23:56
25-Apr-19,8:23:58
25-Apr-19,8:23:58
25-Apr-19,8:24:00
25-Apr-19,8:24:01
25-Apr-19,8:24:03
25-Apr-19,8:24:03
25-Apr-19,8:24:04
25-Apr-19,8:24:04
25-Apr-19,8:24:04
25-Apr-19,8:24:05
25-Apr-19,8:24:06
25-Apr-19,8:24:08
25-Apr-19,8:24:08
25-Apr-19,8:24:10
25-Apr-19,8:24:11
25-Apr-19,8:24:13
25-Apr-19,8:24:13
25-Apr-19,8:24:14
25-Apr-19,8:24:14
25-Apr-19,8:24:14
25-Apr-19,8:24:15
25-Apr-19,8:24:16
25-Apr-19,8:24:18
25-Apr-19,8:24:18
25-Apr-19,8:24:19
25-Apr-19,8:24:19
25-Apr-19,8:24:19
25-Apr-19,8:24:20
25-Apr-19,8:24:21
25-Apr-19,8:24:23
25-Apr-19,8:24:23
25-Apr-19,8:24:24
25-Apr-19,8:24:24
25-Apr-19,8:24:24
25-Apr-19,8:24:26
25-Apr-19,8:24:28
25-Apr-19,8:24:28
25-Apr-19,8:24:30
25-Apr-19,8:24:33
25-Apr-19,8:24:33
25-Apr-19,8:24:34
25-Apr-19,8:24:34
25-Apr-19,8:24:34
25-Apr-19,8:24:35
25-Apr-19,8:24:36
25-Apr-19,8:24:38
25-Apr-19,8:24:38
25-Apr-19,8:24:40
25-Apr-19,8:24:41
25-Apr-19,8:24:43
25-Apr-19,8:24:43
25-Apr-19,8:24:44
25-Apr-19,8:24:44
25-Apr-19,8:24:44
25-Apr-19,8:24:45
25-Apr-19,8:24:46
25-Apr-19,8:24:48
25-Apr-19,8:24:48
25-Apr-19,8:24:50
25-Apr-19,8:24:56
25-Apr-19,8:24:59
25-Apr-19,8:24:59
25-Apr-19,8:24:59
25-Apr-19,8:25:00
25-Apr-19,8:25:01
25-Apr-19,8:25:04
25-Apr-19,8:25:04
25-Apr-19,8:25:04
25-Apr-19,8:25:06
25-Apr-19,8:25:08
25-Apr-19,8:25:08
25-Apr-19,8:25:10
25-Apr-19,8:25:13
25-Apr-19,8:25:13
25-Apr-19,8:25:14
25-Apr-19,8:25:14
25-Apr-19,8:25:14
25-Apr-19,8:25:15
25-Apr-19,8:25:16
25-Apr-19,8:25:18
25-Apr-19,8:25:18
25-Apr-19,8:25:20
25-Apr-19,8:25:21
25-Apr-19,8:25:23
25-Apr-19,8:25:23
25-Apr-19,8:25:24
25-Apr-19,8:25:24
25-Apr-19,8:25:24
25-Apr-19,8:25:25
25-Apr-19,8:25:26
25-Apr-19,8:25:28
25-Apr-19,8:25:28
31-Mar-19,12:44:15
31-Mar-19,12:44:15
31-Mar-19,12:44:15
31-Mar-19,12:44:15
31-Mar-19,12:44:15
31-Mar-19,12:44:15
31-Mar-19,12:44:15
31-Mar-19,12:44:15
31-Mar-19,12:44:15
31-Mar-19,12:44:15
31-Mar-19,12:44:15
31-Mar-19,12:44:15
31-Mar-19,12:44:15
31-Mar-19,12:44:15
31-Mar-19,12:44:15
31-Mar-19,12:44:15
31-Mar-19,12:44:15
31-Mar-19,12:44:15
31-Mar-19,12:44:15
31-Mar-19,12:44:15
31-Mar-19,12:44:15
31-Mar-19,12:44:15
31-Mar-19,12:44:15
31-Mar-19,12:44:15
31-Mar-19,12:44:15
31-Mar-19,12:44:15
31-Mar-19,12:44:15
31-Mar-19,12:44:15
31-Mar-19,12:44:15
31-Mar-19,12:44:15
31-Mar-19,12:44:15
31-Mar-19,12:44:15
31-Mar-19,12:44:15
31-Mar-19,12:44:15
31-Mar-19,12:44:15
31-Mar-19,12:44:15
31-Mar-19,12:44:15
31-Mar-19,12:44:15
31-Mar-19,12:44:15
31-Mar-19,12:44:15
31-Mar-19,12:44:15
31-Mar-19,12:44:15
31-Mar-19,12:44:15
31-Mar-19,12:44:16
31-Mar-19,12:44:16
31-Mar-19,12:44:16
31-Mar-19,12:44:16
31-Mar-19,12:44:16
31-Mar-19,12:44:16
31-Mar-19,12:44:16
31-Mar-19,12:44:16
31-Mar-19,12:44:16
31-Mar-19,12:44:16
31-Mar-19,12:44:16
31-Mar-19,12:44:16
31-Mar-19,12:44:16
31-Mar-19,12:44:16
31-Mar-19,12:44:16
31-Mar-19,12:44:16
31-Mar-19,12:44:16
31-Mar-19,12:44:16
31-Mar-19,12:44:16
31-Mar-19,12:44:16
31-Mar-19,12:44:16
31-Mar-19,12:44:16
31-Mar-19,12:44:16
31-Mar-19,12:44:16
31-Mar-19,12:44:16
31-Mar-19,12:44:16
31-Mar-19,12:44:16
31-Mar-19,12:44:16
31-Mar-19,12:44:16
31-Mar-19,12:44:16
31-Mar-19,12:44:16
31-Mar-19,12:44:16
31-Mar-19,12:44:16
31-Mar-19,12:44:16
31-Mar-19,12:44:16
31-Mar-19,12:44:16
31-Mar-19,12:44:16
31-Mar-19,12:44:16
31-Mar-19,12:44:16
31-Mar-19,12:44:16
31-Mar-19,12:44:16
31-Mar-19,12:44:16
31-Mar-19,12:44:16
31-Mar-19,12:44:16
31-Mar-19,12:44:16
31-Mar-19,12:44:16
31-Mar-19,12:44:16
31-Mar-19,12:44:16
31-Mar-19,12:44:16
31-Mar-19,12:44:16
31-Mar-19,12:44:16
31-Mar-19,12:44:16
31-Mar-19,12:44:16
31-Mar-19,12:44:16
31-Mar-19,12:44:16
31-Mar-19,12:44:16
31-Mar-19,12:44:16
31-Mar-19,12:44:17
31-Mar-19,12:44:17
31-Mar-19,12:44:17
31-Mar-19,12:44:17
31-Mar-19,12:44:17
31-Mar-19,12:44:17
31-Mar-19,12:44:17
31-Mar-19,12:44:17
31-Mar-19,12:44:17
31-Mar-19,12:44:17
31-Mar-19,12:44:17
31-Mar-19,12:44:17
31-Mar-19,12:44:17
31-Mar-19,12:44:17
31-Mar-19,12:44:17
31-Mar-19,12:44:17
31-Mar-19,12:44:17
31-Mar-19,12:44:17
31-Mar-19,12:44:17
31-Mar-19,12:44:17
31-Mar-19,12:44:17
31-Mar-19,12:44:17
31-Mar-19,12:44:17
31-Mar-19,12:44:17
31-Mar-19,12:44:17
31-Mar-19,12:44:17
31-Mar-19,12:44:17
31-Mar-19,12:44:17
31-Mar-19,12:44:17
31-Mar-19,12:44:17
31-Mar-19,12:44:17
31-Mar-19,12:44:17
31-Mar-19,12:44:17
31-Mar-19,12:44:17
31-Mar-19,12:44:17
31-Mar-19,12:44:17
31-Mar-19,12:44:17
31-Mar-19,12:44:17
31-Mar-19,12:44:17
31-Mar-19,12:44:17
31-Mar-19,12:44:17
31-Mar-19,12:44:17
31-Mar-19,12:44:17
31-Mar-19,12:44:17
31-Mar-19,12:44:17
31-Mar-19,12:44:17
31-Mar-19,12:44:17
31-Mar-19,12:44:17
31-Mar-19,12:44:17
31-Mar-19,12:44:17
31-Mar-19,12:44:17
31-Mar-19,12:44:17
31-Mar-19,12:44:17
31-Mar-19,12:44:17
31-Mar-19,12:44:17
31-Mar-19,12:44:17
31-Mar-19,12:44:17
31-Mar-19,12:44:17
31-Mar-19,12:44:17
31-Mar-19,12:44:17
31-Mar-19,12:44:17
31-Mar-19,12:44:17
31-Mar-19,12:44:17
31-Mar-19,12:44:17
31-Mar-19,12:44:17
31-Mar-19,12:44:17
31-Mar-19,12:44:17
31-Mar-19,12:44:17
31-Mar-19,12:44:17
31-Mar-19,12:44:18
31-Mar-19,12:44:18
31-Mar-19,12:44:18
31-Mar-19,12:44:18
31-Mar-19,12:44:18
31-Mar-19,12:44:18
31-Mar-19,12:44:18
31-Mar-19,12:44:18
31-Mar-19,12:44:18
31-Mar-19,12:44:18
31-Mar-19,12:44:18
31-Mar-19,12:44:18
31-Mar-19,12:44:18
31-Mar-19,12:44:18
31-Mar-19,12:44:18
31-Mar-19,12:44:18
31-Mar-19,12:44:18
31-Mar-19,12:44:18
31-Mar-19,12:44:18
31-Mar-19,12:44:18
31-Mar-19,12:44:18
31-Mar-19,12:44:18
31-Mar-19,12:44:18
31-Mar-19,12:44:18
31-Mar-19,12:44:18
31-Mar-19,12:44:18
31-Mar-19,12:44:18
31-Mar-19,12:44:18
31-Mar-19,12:44:18
31-Mar-19,12:44:18
31-Mar-19,12:44:18
31-Mar-19,12:44:18
31-Mar-19,12:44:18
31-Mar-19,12:44:18
31-Mar-19,12:44:18
31-Mar-19,12:44:18
31-Mar-19,12:44:18
31-Mar-19,12:44:18
31-Mar-19,12:44:18
31-Mar-19,12:44:18
31-Mar-19,12:44:18
31-Mar-19,12:44:18
31-Mar-19,12:44:18
31-Mar-19,12:44:18
31-Mar-19,12:44:18
31-Mar-19,12:44:18
31-Mar-19,12:44:18
31-Mar-19,12:44:18
31-Mar-19,12:44:18
31-Mar-19,12:44:18
31-Mar-19,12:44:18
31-Mar-19,12:44:18
31-Mar-19,12:44:18
31-Mar-19,12:44:18
31-Mar-19,12:44:18
31-Mar-19,12:44:18
31-Mar-19,12:44:18
31-Mar-19,12:44:18
31-Mar-19,12:44:18
31-Mar-19,12:44:18
31-Mar-19,12:44:18
31-Mar-19,12:44:18
31-Mar-19,12:44:18
31-Mar-19,12:44:18
31-Mar-19,12:44:18
31-Mar-19,12:44:18
31-Mar-19,12:44:18
31-Mar-19,12:44:18
31-Mar-19,12:44:18
31-Mar-19,12:44:18
31-Mar-19,12:44:18
31-Mar-19,12:44:18
31-Mar-19,12:44:18
31-Mar-19,12:44:18
31-Mar-19,12:44:18
31-Mar-19,12:44:19
31-Mar-19,12:44:19
31-Mar-19,12:44:19
31-Mar-19,12:44:19
31-Mar-19,12:44:19
31-Mar-19,12:44:19
31-Mar-19,12:44:19
31-Mar-19,12:44:19
31-Mar-19,12:44:19
31-Mar-19,12:44:19
31-Mar-19,12:44:19
31-Mar-19,12:44:19
31-Mar-19,12:44:19
31-Mar-19,12:44:19
31-Mar-19,12:44:19
31-Mar-19,12:44:19
31-Mar-19,12:44:19
31-Mar-19,12:44:19
31-Mar-19,12:44:19
31-Mar-19,12:44:19
31-Mar-19,12:44:19
31-Mar-19,12:44:19
31-Mar-19,12:44:19
31-Mar-19,12:44:19
31-Mar-19,12:44:19
31-Mar-19,12:44:19
31-Mar-19,12:44:19
31-Mar-19,12:44:19
31-Mar-19,12:44:19
31-Mar-19,12:44:19
31-Mar-19,12:44:19
31-Mar-19,12:44:19
31-Mar-19,12:44:19
31-Mar-19,12:44:19
31-Mar-19,12:44:19
31-Mar-19,12:44:19
31-Mar-19,12:44:19
31-Mar-19,12:44:19
31-Mar-19,12:44:19
31-Mar-19,12:44:19
31-Mar-19,12:44:19
31-Mar-19,12:44:19
31-Mar-19,12:44:19
31-Mar-19,12:44:19
31-Mar-19,12:44:19
31-Mar-19,12:44:19
31-Mar-19,12:44:19
31-Mar-19,12:44:19
31-Mar-19,12:44:19
31-Mar-19,12:44:19
31-Mar-19,12:44:19
31-Mar-19,12:44:19
31-Mar-19,12:44:19
31-Mar-19,12:44:19
31-Mar-19,12:44:19
31-Mar-19,12:44:19
31-Mar-19,12:44:19
31-Mar-19,12:44:19
31-Mar-19,12:44:19
31-Mar-19,12:44:19
31-Mar-19,12:44:19
31-Mar-19,12:44:19
1-Apr-19, 18:52:41 
1-Apr-19, 18:52:43 
1-Apr-19, 18:52:44 
1-Apr-19, 18:52:45 
1-Apr-19, 18:52:48 
1-Apr-19, 18:52:50 
1-Apr-19, 18:52:51 
1-Apr-19, 18:52:53 
1-Apr-19, 18:52:54 
1-Apr-19, 18:52:55 
1-Apr-19, 18:52:56 
1-Apr-19, 18:52:59 
1-Apr-19, 18:53:00 
1-Apr-19, 18:53:02 
1-Apr-19, 18:53:03 
1-Apr-19, 18:53:07 
1-Apr-19, 18:53:08 
1-Apr-19, 18:53:08 
1-Apr-19, 18:53:09 
1-Apr-19, 18:53:13 
1-Apr-19, 18:53:13 
1-Apr-19, 18:53:14 
1-Apr-19, 18:53:16 
1-Apr-19, 18:53:21 
1-Apr-19, 18:53:22 
1-Apr-19, 18:53:22 
1-Apr-19, 18:53:22 
1-Apr-19, 18:53:26 
1-Apr-19, 18:53:27 
1-Apr-19, 18:53:27 
1-Apr-19, 18:53:28 
1-Apr-19, 18:53:32 
1-Apr-19, 18:53:32 
1-Apr-19, 18:53:35 
1-Apr-19, 18:53:36 
1-Apr-19, 18:53:37 
1-Apr-19, 18:53:40 
1-Apr-19, 18:53:41 
1-Apr-19, 18:53:42 
1-Apr-19, 18:53:45 
1-Apr-19, 18:53:46 
1-Apr-19, 18:53:47 
1-Apr-19, 18:53:48 
1-Apr-19, 18:53:50 
1-Apr-19, 18:53:53 
1-Apr-19, 18:53:55 
1-Apr-19, 18:53:55 
1-Apr-19, 18:53:57 
1-Apr-19, 18:53:58 
1-Apr-19, 18:54:00 
1-Apr-19, 18:54:00 
1-Apr-19, 18:54:02 
1-Apr-19, 18:54:03 
1-Apr-19, 18:54:05 
1-Apr-19, 18:54:07 
1-Apr-19, 18:54:11 
1-Apr-19, 18:54:12 
1-Apr-19, 18:54:12 
1-Apr-19, 18:54:15 
1-Apr-19, 18:54:16 
1-Apr-19, 18:54:17 
1-Apr-19, 18:54:20 
1-Apr-19, 18:54:20 
1-Apr-19, 18:54:22 
1-Apr-19, 18:54:23 
1-Apr-19, 18:54:25 
1-Apr-19, 18:54:25 
1-Apr-19, 18:54:27 
1-Apr-19, 18:54:28 
1-Apr-19, 18:54:31 
1-Apr-19, 18:54:33 
1-Apr-19, 18:54:35 
1-Apr-19, 18:54:36 
1-Apr-19, 18:54:36 
1-Apr-19, 18:54:40 
1-Apr-19, 18:54:41 
1-Apr-19, 18:54:42 
1-Apr-19, 18:54:46 
1-Apr-19, 18:54:47 
1-Apr-19, 18:54:49 
1-Apr-19, 18:54:51 
1-Apr-19, 18:54:51 
1-Apr-19, 18:54:52 
1-Apr-19, 18:54:54 
1-Apr-19, 18:54:56 
1-Apr-19, 18:54:58 
1-Apr-19, 18:54:59 
1-Apr-19, 18:55:03 
1-Apr-19, 18:55:04 
1-Apr-19, 18:55:04 
1-Apr-19, 18:55:05 
1-Apr-19, 18:55:08 
1-Apr-19, 18:55:09 
1-Apr-19, 18:55:09 
1-Apr-19, 18:55:10 
1-Apr-19, 18:55:15 
1-Apr-19, 18:55:16 
1-Apr-19, 18:55:16 
1-Apr-19, 18:55:18 
1-Apr-19, 18:55:21 
1-Apr-19, 18:55:21 
1-Apr-19, 18:55:23 
1-Apr-19, 18:55:25 
1-Apr-19, 18:55:26 
1-Apr-19, 18:55:28 
1-Apr-19, 18:55:29 
1-Apr-19, 18:55:30 
1-Apr-19, 18:55:33 
1-Apr-19, 18:55:34 
1-Apr-19, 18:55:35 
1-Apr-19, 18:55:35 
1-Apr-19, 18:55:38 
1-Apr-19, 18:55:40 
1-Apr-19, 18:55:44 
1-Apr-19, 18:55:45 
1-Apr-19, 18:55:46 
1-Apr-19, 18:55:49 
1-Apr-19, 18:55:49 
1-Apr-19, 18:55:50 
1-Apr-19, 18:55:51 
1-Apr-19, 18:55:54 
1-Apr-19, 18:55:56 
1-Apr-19, 18:55:58 
1-Apr-19, 18:55:58 
1-Apr-19, 18:56:01 
1-Apr-19, 18:56:02 
1-Apr-19, 18:56:03 
1-Apr-19, 18:56:03 
1-Apr-19, 18:56:07 
1-Apr-19, 18:56:08 
1-Apr-19, 18:56:08 
1-Apr-19, 18:56:08 
1-Apr-19, 18:56:13 
1-Apr-19, 18:56:15 
1-Apr-19, 18:56:16 
1-Apr-19, 18:56:17 
1-Apr-19, 18:56:20 
1-Apr-19, 18:56:21 
1-Apr-19, 18:56:22 
1-Apr-19, 18:56:23 
1-Apr-19, 18:56:25 
1-Apr-19, 18:56:27 
1-Apr-19, 18:56:28 
1-Apr-19, 18:56:30 
1-Apr-19, 18:56:32 
1-Apr-19, 18:56:35 
1-Apr-19, 18:56:36 
1-Apr-19, 18:56:37 
1-Apr-19, 18:56:38 
1-Apr-19, 18:56:41 
1-Apr-19, 18:56:42 
1-Apr-19, 18:56:42 
1-Apr-19, 18:56:43 
1-Apr-19, 18:56:47 
1-Apr-19, 18:56:48 
1-Apr-19, 18:56:49 
1-Apr-19, 18:56:49 
1-Apr-19, 18:56:54 
1-Apr-19, 18:56:54 
1-Apr-19, 18:56:54 
1-Apr-19, 18:56:55 
1-Apr-19, 18:56:59 
1-Apr-19, 18:57:00 
1-Apr-19, 18:57:00 
1-Apr-19, 18:57:02 
1-Apr-19, 18:57:04 
1-Apr-19, 18:57:05 
1-Apr-19, 18:57:05 
1-Apr-19, 18:57:07 
1-Apr-19, 18:57:09 
1-Apr-19, 18:57:10 
1-Apr-19, 18:57:14 
1-Apr-19, 18:57:15 
1-Apr-19, 18:57:15 
1-Apr-19, 18:57:17 
1-Apr-19, 18:57:20 
1-Apr-19, 18:57:22 
1-Apr-19, 18:57:24 
1-Apr-19, 18:57:25 
1-Apr-19, 18:57:25 
1-Apr-19, 18:57:29 
1-Apr-19, 18:57:30 
1-Apr-19, 18:57:31 
1-Apr-19, 18:57:32 
1-Apr-19, 18:57:36 
1-Apr-19, 18:57:37 
1-Apr-19, 18:57:39 
1-Apr-19, 18:57:41 
1-Apr-19, 18:57:42 
1-Apr-19, 18:57:44 
1-Apr-19, 18:57:46 
1-Apr-19, 18:57:46 
1-Apr-19, 18:57:49 
1-Apr-19, 18:57:51 
1-Apr-19, 18:57:51 
1-Apr-19, 18:57:51 
1-Apr-19, 18:57:54 
1-Apr-19, 18:57:56 
1-Apr-19, 18:57:56 
1-Apr-19, 18:57:58 
1-Apr-19, 18:57:59 
1-Apr-19, 18:58:03 
1-Apr-19, 18:58:03 
1-Apr-19, 18:58:05 
1-Apr-19, 18:58:08 
1-Apr-19, 18:58:08 
1-Apr-19, 18:58:10 
1-Apr-19, 18:58:10 
1-Apr-19, 18:58:15 
1-Apr-19, 18:58:15 
1-Apr-19, 18:58:18 
1-Apr-19, 18:58:19 
1-Apr-19, 18:58:20 
1-Apr-19, 18:58:23 
1-Apr-19, 18:58:24 
1-Apr-19, 18:58:24 
1-Apr-19, 18:58:28 
1-Apr-19, 18:58:29 
1-Apr-19, 18:58:29 
1-Apr-19, 18:58:32 
1-Apr-19, 18:58:33 
1-Apr-19, 18:58:34 
1-Apr-19, 18:58:34 
1-Apr-19, 18:58:37 
1-Apr-19, 18:58:38 
1-Apr-19, 18:58:39 
1-Apr-19, 18:58:42 
1-Apr-19, 18:58:44 
1-Apr-19, 18:58:46 
1-Apr-19, 18:58:47 
1-Apr-19, 18:58:49 
1-Apr-19, 18:58:51 
1-Apr-19, 18:58:52 
1-Apr-19, 18:58:52 
1-Apr-19, 18:58:54 
1-Apr-19, 18:58:57 
1-Apr-19, 18:59:00 
1-Apr-19, 18:59:01 
1-Apr-19, 18:59:01 
1-Apr-19, 18:59:02 
1-Apr-19, 18:59:05 
1-Apr-19, 18:59:06 
1-Apr-19, 18:59:06 
1-Apr-19, 18:59:07 
1-Apr-19, 18:59:11 
1-Apr-19, 18:59:13 
1-Apr-19, 18:59:15 
1-Apr-19, 18:59:18 
1-Apr-19, 18:59:18 
1-Apr-19, 18:59:20 
1-Apr-19, 18:59:20 
1-Apr-19, 18:59:23 
1-Apr-19, 18:59:23 
1-Apr-19, 18:59:25 
1-Apr-19, 18:59:25 
1-Apr-19, 18:59:28 
1-Apr-19, 18:59:33 
1-Apr-19, 18:59:33 
1-Apr-19, 18:59:35 
1-Apr-19, 18:59:36 
1-Apr-19, 18:59:38 
1-Apr-19, 18:59:38 
1-Apr-19, 18:59:40 
1-Apr-19, 18:59:41 
1-Apr-19, 18:59:43 
1-Apr-19, 18:59:43 
1-Apr-19, 18:59:45 
1-Apr-19, 18:59:46 
1-Apr-19, 18:59:50 
1-Apr-19, 18:59:52 
1-Apr-19, 18:59:53 
1-Apr-19, 18:59:54 
1-Apr-19, 18:59:55 
1-Apr-19, 18:59:57 
1-Apr-19, 18:59:58 
1-Apr-19, 18:59:59 
1-Apr-19, 19:00:02 
1-Apr-19, 19:00:04 
1-Apr-19, 19:00:04 
1-Apr-19, 19:00:06 
1-Apr-19, 19:00:07 
1-Apr-19, 19:00:09 
1-Apr-19, 19:00:11 
1-Apr-19, 19:00:11 
1-Apr-19, 19:00:13 
1-Apr-19, 19:00:16 
1-Apr-19, 19:00:18 
1-Apr-19, 19:00:18 
1-Apr-19, 19:00:18 
1-Apr-19, 19:00:22 
1-Apr-19, 19:00:23 
1-Apr-19, 19:00:23 
1-Apr-19, 19:00:27 
1-Apr-19, 19:00:28 
1-Apr-19, 19:00:28 
1-Apr-19, 19:00:29 
1-Apr-19, 19:00:33 
1-Apr-19, 19:00:34 
1-Apr-19, 19:00:34 
1-Apr-19, 19:00:35 
1-Apr-19, 19:00:38 
1-Apr-19, 19:00:39 
1-Apr-19, 19:00:40 
1-Apr-19, 19:00:41 
1-Apr-19, 19:00:45 
1-Apr-19, 19:00:46 
1-Apr-19, 19:00:46 
1-Apr-19, 19:00:48 
1-Apr-19, 19:00:50 
1-Apr-19, 19:00:51 
1-Apr-19, 19:00:53 
1-Apr-19, 19:00:55 
1-Apr-19, 19:00:55 
1-Apr-19, 19:00:56 
1-Apr-19, 19:01:00 
1-Apr-19, 19:01:04 
1-Apr-19, 19:01:04 
1-Apr-19, 19:01:05 
1-Apr-19, 19:01:05 
1-Apr-19, 19:01:09 
1-Apr-19, 19:01:09 
1-Apr-19, 19:01:10 
1-Apr-19, 19:01:10 
1-Apr-19, 19:01:14 
1-Apr-19, 19:01:15 
1-Apr-19, 19:01:16 
1-Apr-19, 19:01:19 
1-Apr-19, 19:01:20 
1-Apr-19, 19:01:21 
1-Apr-19, 19:01:21 
1-Apr-19, 19:01:24 
1-Apr-19, 19:01:26 
1-Apr-19, 19:01:28 
1-Apr-19, 19:01:28 
1-Apr-19, 19:01:29 
1-Apr-19, 19:01:33 
1-Apr-19, 19:01:33 
1-Apr-19, 19:01:33 
1-Apr-19, 19:01:36 
1-Apr-19, 19:01:38 
1-Apr-19, 19:01:38 
1-Apr-19, 19:01:41 
1-Apr-19, 19:01:44 
1-Apr-19, 19:01:44 
1-Apr-19, 19:01:44 
1-Apr-19, 19:01:49 
1-Apr-19, 19:01:49 
1-Apr-19, 19:01:49 
1-Apr-19, 19:01:50 
1-Apr-19, 19:01:54 
1-Apr-19, 19:01:55 
1-Apr-19, 19:01:58 
1-Apr-19, 19:01:58 
1-Apr-19, 19:02:01 
1-Apr-19, 19:02:02 
1-Apr-19, 19:02:03 
1-Apr-19, 19:02:03 
1-Apr-19, 19:02:06 
1-Apr-19, 19:02:07 
1-Apr-19, 19:02:08 
1-Apr-19, 19:02:08 
1-Apr-19, 19:02:13 
1-Apr-19, 19:02:14 
1-Apr-19, 19:02:16 
1-Apr-19, 19:02:17 
1-Apr-19, 19:02:19 
1-Apr-19, 19:02:21 
1-Apr-19, 19:02:21 
1-Apr-19, 19:02:22 
1-Apr-19, 19:02:26 
1-Apr-19, 19:02:28 
1-Apr-19, 19:02:28 
1-Apr-19, 19:02:31 
1-Apr-19, 19:02:31 
1-Apr-19, 19:02:33 
1-Apr-19, 19:02:33 
1-Apr-19, 19:02:36 
1-Apr-19, 19:02:36 
1-Apr-19, 19:02:38 
1-Apr-19, 19:02:42 
1-Apr-19, 19:02:43 
1-Apr-19, 19:02:44 
1-Apr-19, 19:02:47 
1-Apr-19, 19:02:47 
1-Apr-19, 19:02:48 
1-Apr-19, 19:02:49 
1-Apr-19, 19:02:52 
1-Apr-19, 19:02:52 
1-Apr-19, 19:02:54 
1-Apr-19, 19:02:55 
1-Apr-19, 19:02:59 
1-Apr-19, 19:03:00 
1-Apr-19, 19:03:00 
1-Apr-19, 19:03:03 
1-Apr-19, 19:03:04 
1-Apr-19, 19:03:05 
1-Apr-19, 19:03:05 
1-Apr-19, 19:03:08 
1-Apr-19, 19:03:10 
1-Apr-19, 19:03:10 
1-Apr-19, 19:03:13 
1-Apr-19, 19:03:14 
1-Apr-19, 19:03:15 
1-Apr-19, 19:03:15 
1-Apr-19, 19:03:19 
1-Apr-19, 19:03:22 
1-Apr-19, 19:03:22 
1-Apr-19, 19:03:24 
1-Apr-19, 19:03:27 
1-Apr-19, 19:03:27 
1-Apr-19, 19:03:29 
1-Apr-19, 19:03:29 
1-Apr-19, 19:03:32 
1-Apr-19, 19:03:34 
1-Apr-19, 19:03:37 
1-Apr-19, 19:03:37 
1-Apr-19, 19:03:38 
1-Apr-19, 19:03:42 
1-Apr-19, 19:03:42 
1-Apr-19, 19:03:43 
1-Apr-19, 19:03:43 
1-Apr-19, 19:03:47 
1-Apr-19, 19:03:48 
1-Apr-19, 19:03:48 
1-Apr-19, 19:03:50 
1-Apr-19, 19:03:52 
1-Apr-19, 19:03:53 
1-Apr-19, 19:03:55 
1-Apr-19, 19:03:57 
1-Apr-19, 19:03:59 
1-Apr-19, 19:04:01 
1-Apr-19, 19:04:02 
1-Apr-19, 19:04:04 
1-Apr-19, 19:04:05 
1-Apr-19, 19:04:06 
1-Apr-19, 19:04:07 
1-Apr-19, 19:04:10 
1-Apr-19, 19:04:12 
1-Apr-19, 19:04:12 
1-Apr-19, 19:04:15 
1-Apr-19, 19:04:15 
1-Apr-19, 19:04:17 
1-Apr-19, 19:04:20 
1-Apr-19, 19:04:20 
1-Apr-19, 19:04:23 
1-Apr-19, 19:04:25 
1-Apr-19, 19:04:26 
1-Apr-19, 19:04:27 
1-Apr-19, 19:04:28 
1-Apr-19, 19:04:31 
1-Apr-19, 19:04:32 
1-Apr-19, 19:04:33 
1-Apr-19, 19:04:35 
1-Apr-19, 19:04:38 
1-Apr-19, 19:04:39 
1-Apr-19, 19:04:39 
1-Apr-19, 19:04:40 
1-Apr-19, 19:04:43 
1-Apr-19, 19:04:44 
1-Apr-19, 19:04:44 
1-Apr-19, 19:04:47 
1-Apr-19, 19:04:49 
1-Apr-19, 19:04:52 
1-Apr-19, 19:04:53 
1-Apr-19, 19:04:54 
1-Apr-19, 19:04:54 
1-Apr-19, 19:04:57 
1-Apr-19, 19:04:58 
1-Apr-19, 19:04:59 
1-Apr-19, 19:05:01 
1-Apr-19, 19:05:02 
1-Apr-19, 19:05:03 
1-Apr-19, 19:05:06 
1-Apr-19, 19:05:08 
1-Apr-19, 19:05:10 
1-Apr-19, 19:05:11 
1-Apr-19, 19:05:12 
1-Apr-19, 19:05:13 
1-Apr-19, 19:05:15 
1-Apr-19, 19:05:16 
1-Apr-19, 19:05:17 
1-Apr-19, 19:05:18 
1-Apr-19, 19:05:20 
1-Apr-19, 19:05:22 
1-Apr-19, 19:05:25 
1-Apr-19, 19:05:26 
1-Apr-19, 19:05:29 
1-Apr-19, 19:05:30 
1-Apr-19, 19:05:31 
1-Apr-19, 19:05:31 
1-Apr-19, 19:05:34 
1-Apr-19, 19:05:36 
1-Apr-19, 19:05:36 
1-Apr-19, 19:05:39 
1-Apr-19, 19:05:39 
1-Apr-19, 19:05:42 
1-Apr-19, 19:05:44 
1-Apr-19, 19:05:45 
1-Apr-19, 19:05:45 
1-Apr-19, 19:05:47 
1-Apr-19, 19:05:50 
1-Apr-19, 19:05:50 
1-Apr-19, 19:05:51 
1-Apr-19, 19:05:52 
1-Apr-19, 19:05:55 
1-Apr-19, 19:05:56 
1-Apr-19, 19:05:57 
1-Apr-19, 19:05:58 
1-Apr-19, 19:06:02 
1-Apr-19, 19:06:02 
1-Apr-19, 19:06:03 
1-Apr-19, 19:06:04 
1-Apr-19, 19:06:07 
1-Apr-19, 19:06:07 
1-Apr-19, 19:06:09 
1-Apr-19, 19:06:12 
1-Apr-19, 19:06:12 
1-Apr-19, 19:06:14 
1-Apr-19, 19:06:18 
1-Apr-19, 19:06:19 
1-Apr-19, 19:06:21 
1-Apr-19, 19:06:22 
1-Apr-19, 19:06:23 
1-Apr-19, 19:06:26 
1-Apr-19, 19:06:27 
1-Apr-19, 19:06:28 
1-Apr-19, 19:06:30 
1-Apr-19, 19:06:31 
1-Apr-19, 19:06:32 
1-Apr-19, 19:06:33 
1-Apr-19, 19:06:35 
1-Apr-19, 19:06:36 
1-Apr-19, 19:06:37 
1-Apr-19, 19:06:40 
1-Apr-19, 19:06:41 
1-Apr-19, 19:06:42 
1-Apr-19, 19:06:45 
1-Apr-19, 19:06:45 
1-Apr-19, 19:06:50 
1-Apr-19, 19:06:50 
1-Apr-19, 19:06:50 
1-Apr-19, 19:06:51 
1-Apr-19, 19:06:55 
1-Apr-19, 19:06:55 
1-Apr-19, 19:06:56 
1-Apr-19, 19:07:00 
1-Apr-19, 19:07:00 
1-Apr-19, 19:07:02 
1-Apr-19, 19:07:05 
1-Apr-19, 19:07:05 
1-Apr-19, 19:07:06 
1-Apr-19, 19:07:07 
1-Apr-19, 19:07:10 
1-Apr-19, 19:07:11 
1-Apr-19, 19:07:12 
1-Apr-19, 19:07:13 
1-Apr-19, 19:07:16 
1-Apr-19, 19:07:17 
1-Apr-19, 19:07:18 
1-Apr-19, 19:07:19 
1-Apr-19, 19:07:21 
1-Apr-19, 19:07:24 
1-Apr-19, 19:07:24 
1-Apr-19, 19:07:25 
1-Apr-19, 19:07:29 
1-Apr-19, 19:07:30 
1-Apr-19, 19:07:31 
1-Apr-19, 19:07:32 
1-Apr-19, 19:07:34 
1-Apr-19, 19:07:35 
1-Apr-19, 19:07:36 
1-Apr-19, 19:07:37 
1-Apr-19, 19:07:39 
1-Apr-19, 19:07:41 
1-Apr-19, 19:07:42 
1-Apr-19, 19:07:42 
1-Apr-19, 19:07:47 
1-Apr-19, 19:07:49 
1-Apr-19, 19:07:49 
1-Apr-19, 19:07:50 
1-Apr-19, 19:07:54 
1-Apr-19, 19:07:54 
1-Apr-19, 19:07:55 
1-Apr-19, 19:07:58 
1-Apr-19, 19:07:59 
1-Apr-19, 19:08:00 
1-Apr-19, 19:08:03 
1-Apr-19, 19:08:03 
1-Apr-19, 19:08:06 
1-Apr-19, 19:08:06 
1-Apr-19, 19:08:08 
1-Apr-19, 19:08:10 
1-Apr-19, 19:08:11 
1-Apr-19, 19:08:11 
1-Apr-19, 19:08:15 
1-Apr-19, 19:08:15 
1-Apr-19, 19:08:19 
1-Apr-19, 19:08:20 
1-Apr-19, 19:08:21 
1-Apr-19, 19:08:24 
1-Apr-19, 19:08:24 
1-Apr-19, 19:08:26 
1-Apr-19, 19:08:28 
1-Apr-19, 19:08:29 
1-Apr-19, 19:08:31 
1-Apr-19, 19:08:33 
1-Apr-19, 19:08:34 
1-Apr-19, 19:08:35 
1-Apr-19, 19:08:39 
1-Apr-19, 19:08:39 
1-Apr-19, 19:08:40 
1-Apr-19, 19:08:40 
1-Apr-19, 19:08:44 
1-Apr-19, 19:08:45 
1-Apr-19, 19:08:46 
1-Apr-19, 19:08:49 
1-Apr-19, 19:08:49 
1-Apr-19, 19:08:51 
1-Apr-19, 19:08:54 
1-Apr-19, 19:08:55 
1-Apr-19, 19:08:56 
1-Apr-19, 19:08:59 
1-Apr-19, 19:08:59 
1-Apr-19, 19:09:00 
1-Apr-19, 19:09:01 
1-Apr-19, 19:09:04 
1-Apr-19, 19:09:04 
1-Apr-19, 19:09:05 
1-Apr-19, 19:09:08 
1-Apr-19, 19:09:12 
1-Apr-19, 19:09:12 
1-Apr-19, 19:09:13 
1-Apr-19, 19:09:13 
1-Apr-19, 19:09:17 
1-Apr-19, 19:09:17 
1-Apr-19, 19:09:18 
1-Apr-19, 19:09:21 
1-Apr-19, 19:09:23 
1-Apr-19, 19:09:25 
1-Apr-19, 19:09:26 
1-Apr-19, 19:09:27 
1-Apr-19, 19:09:28 
1-Apr-19, 19:09:30 
1-Apr-19, 19:09:32 
1-Apr-19, 19:09:33 
1-Apr-19, 19:09:35 
1-Apr-19, 19:09:36 
1-Apr-19, 19:09:37 
1-Apr-19, 19:09:38 
1-Apr-19, 19:09:40 
1-Apr-19, 19:09:41 
1-Apr-19, 19:09:42 
1-Apr-19, 19:09:43 
1-Apr-19, 19:09:46 
1-Apr-19, 19:09:48 
1-Apr-19, 19:09:48 
1-Apr-19, 19:09:51 
1-Apr-19, 19:09:51 
1-Apr-19, 19:09:53 
1-Apr-19, 19:09:53 
1-Apr-19, 19:09:56 
1-Apr-19, 19:09:58 
1-Apr-19, 19:09:58 
1-Apr-19, 19:10:00 
1-Apr-19, 19:10:01 
1-Apr-19, 19:10:04 
1-Apr-19, 19:10:05 
1-Apr-19, 19:10:09 
1-Apr-19, 19:10:09 
1-Apr-19, 19:10:11 
1-Apr-19, 19:10:11 
1-Apr-19, 19:10:14 
1-Apr-19, 19:10:16 
1-Apr-19, 19:10:16 
1-Apr-19, 19:10:17 
1-Apr-19, 19:10:19 
1-Apr-19, 19:10:22 
1-Apr-19, 19:10:24 
1-Apr-19, 19:10:25 
1-Apr-19, 19:10:28 
1-Apr-19, 19:10:29 
1-Apr-19, 19:10:30 
1-Apr-19, 19:10:31 
1-Apr-19, 19:10:33 
1-Apr-19, 19:10:36 
1-Apr-19, 19:10:36 
1-Apr-19, 19:10:38 
1-Apr-19, 19:10:39 
1-Apr-19, 19:10:41 
1-Apr-19, 19:10:44 
1-Apr-19, 19:10:44 
1-Apr-19, 19:10:46 
1-Apr-19, 19:10:46 
1-Apr-19, 19:10:49 
1-Apr-19, 19:10:51 
1-Apr-19, 19:10:52 
1-Apr-19, 19:10:54 
1-Apr-19, 19:10:56 
1-Apr-19, 19:10:56 
1-Apr-19, 19:10:57 
1-Apr-19, 19:10:59 
1-Apr-19, 19:11:01 
1-Apr-19, 19:11:01 
1-Apr-19, 19:11:04 
1-Apr-19, 19:11:05 
1-Apr-19, 19:11:06 
1-Apr-19, 19:11:06 
1-Apr-19, 19:11:10 
1-Apr-19, 19:11:11 
1-Apr-19, 19:11:14 
1-Apr-19, 19:11:17 
1-Apr-19, 19:11:18 
1-Apr-19, 19:11:19 
1-Apr-19, 19:11:19 
1-Apr-19, 19:11:22 
1-Apr-19, 19:11:23 
1-Apr-19, 19:11:24 
1-Apr-19, 19:11:25 
1-Apr-19, 19:11:29 
1-Apr-19, 19:11:30 
1-Apr-19, 19:11:32 
1-Apr-19, 19:11:33 
1-Apr-19, 19:11:34 
1-Apr-19, 19:11:35 
1-Apr-19, 19:11:37 
1-Apr-19, 19:11:38 
1-Apr-19, 19:11:40 
1-Apr-19, 19:11:42 
1-Apr-19, 19:11:43 
1-Apr-19, 19:11:45 
1-Apr-19, 19:11:45 
1-Apr-19, 19:11:48 
1-Apr-19, 19:11:50 
1-Apr-19, 19:11:51 
1-Apr-19, 19:11:55 
1-Apr-19, 19:11:56 
1-Apr-19, 19:11:57 
1-Apr-19, 19:11:59 
1-Apr-19, 19:12:00 
1-Apr-19, 19:12:01 
1-Apr-19, 19:12:02 
1-Apr-19, 19:12:04 
1-Apr-19, 19:12:08 
1-Apr-19, 19:12:09 
1-Apr-19, 19:12:12 
1-Apr-19, 19:12:13 
1-Apr-19, 19:12:13 
1-Apr-19, 19:12:14 
1-Apr-19, 19:12:17 
1-Apr-19, 19:12:18 
1-Apr-19, 19:12:18 
1-Apr-19, 19:12:21 
1-Apr-19, 19:12:26 
1-Apr-19, 19:12:26 
1-Apr-19, 19:12:26 
1-Apr-19, 19:12:28 
1-Apr-19, 19:12:31 
1-Apr-19, 19:12:31 
1-Apr-19, 19:12:33 
1-Apr-19, 19:12:33 
1-Apr-19, 19:12:36 
1-Apr-19, 19:12:38 
1-Apr-19, 19:12:38 
1-Apr-19, 19:12:42 
1-Apr-19, 19:12:43 
1-Apr-19, 19:12:45 
1-Apr-19, 19:12:47 
1-Apr-19, 19:12:47 
1-Apr-19, 19:12:50 
1-Apr-19, 19:12:52 
1-Apr-19, 19:12:53 
1-Apr-19, 19:12:55 
1-Apr-19, 19:12:55 
1-Apr-19, 19:12:57 
1-Apr-19, 19:12:58 
1-Apr-19, 19:13:00 
1-Apr-19, 19:13:02 
1-Apr-19, 19:13:07 
1-Apr-19, 19:13:07 
1-Apr-19, 19:13:07 
1-Apr-19, 19:13:08 
1-Apr-19, 19:13:12 
1-Apr-19, 19:13:12 
1-Apr-19, 19:13:13 
1-Apr-19, 19:13:17 
1-Apr-19, 19:13:17 
1-Apr-19, 19:13:18 
1-Apr-19, 19:13:22 
1-Apr-19, 19:13:22 
1-Apr-19, 19:13:23 
1-Apr-19, 19:13:23 
1-Apr-19, 19:13:27 
1-Apr-19, 19:13:27 
1-Apr-19, 19:13:28 
1-Apr-19, 19:13:32 
1-Apr-19, 19:13:32 
1-Apr-19, 19:13:32 
1-Apr-19, 19:13:33 
1-Apr-19, 19:13:37 
1-Apr-19, 19:13:37 
1-Apr-19, 19:13:41 
1-Apr-19, 19:13:42 
1-Apr-19, 19:13:44 
1-Apr-19, 19:13:46 
1-Apr-19, 19:13:46 
1-Apr-19, 19:13:47 
1-Apr-19, 19:13:49 
1-Apr-19, 19:13:51 
1-Apr-19, 19:13:52 
1-Apr-19, 19:13:56 
1-Apr-19, 19:13:57 
1-Apr-19, 19:13:57 
1-Apr-19, 19:14:00 
1-Apr-19, 19:14:01 
1-Apr-19, 19:14:02 
1-Apr-19, 19:14:04 
1-Apr-19, 19:14:05 
1-Apr-19, 19:14:09 
1-Apr-19, 19:14:10 
1-Apr-19, 19:14:10 
1-Apr-19, 19:14:12 
1-Apr-19, 19:14:15 
1-Apr-19, 19:14:17 
1-Apr-19, 19:14:18 
1-Apr-19, 19:14:20 
1-Apr-19, 19:14:23 
1-Apr-19, 19:14:25 
1-Apr-19, 19:14:26 
1-Apr-19, 19:14:26 
1-Apr-19, 19:14:30 
1-Apr-19, 19:14:31 
1-Apr-19, 19:14:31 
1-Apr-19, 19:14:33 
1-Apr-19, 19:14:35 
1-Apr-19, 19:14:38 
1-Apr-19, 19:14:39 
1-Apr-19, 19:14:40 
1-Apr-19, 19:14:41 
1-Apr-19, 19:14:44 
1-Apr-19, 19:14:45 
1-Apr-19, 19:14:46 
1-Apr-19, 19:14:50 
1-Apr-19, 19:14:50 
1-Apr-19, 19:14:53 
1-Apr-19, 19:14:53 
1-Apr-19, 19:14:55 
1-Apr-19, 19:14:56 
1-Apr-19, 19:14:58 
1-Apr-19, 19:14:58 
1-Apr-19, 19:15:01 
1-Apr-19, 19:15:03 
1-Apr-19, 19:15:04 
1-Apr-19, 19:15:06 
1-Apr-19, 19:15:06 
1-Apr-19, 19:15:08 
1-Apr-19, 19:15:09 
1-Apr-19, 19:15:11 
1-Apr-19, 19:15:11 
1-Apr-19, 19:15:17 
1-Apr-19, 19:15:19 
1-Apr-19, 19:15:19 
1-Apr-19, 19:15:21 
1-Apr-19, 19:15:22 
1-Apr-19, 19:15:24 
1-Apr-19, 19:15:24 
1-Apr-19, 19:15:26 
1-Apr-19, 19:15:27 
1-Apr-19, 19:15:29 
1-Apr-19, 19:15:32 
1-Apr-19, 19:15:32 
1-Apr-19, 19:15:35 
1-Apr-19, 19:15:36 
1-Apr-19, 19:15:37 
1-Apr-19, 19:15:40 
1-Apr-19, 19:15:41 
1-Apr-19, 19:15:41 
1-Apr-19, 19:15:44 
1-Apr-19, 19:15:46 
1-Apr-19, 19:15:48 
1-Apr-19, 19:15:49 
1-Apr-19, 19:15:52 
1-Apr-19, 19:15:53 
1-Apr-19, 19:15:54 
1-Apr-19, 19:15:56 
1-Apr-19, 19:15:57 
1-Apr-19, 19:15:58 
1-Apr-19, 19:16:01 
1-Apr-19, 19:16:03 
1-Apr-19, 19:16:04 
1-Apr-19, 19:16:06 
1-Apr-19, 19:16:08 
1-Apr-19, 19:16:09 
1-Apr-19, 19:16:10 
1-Apr-19, 19:16:11 
1-Apr-19, 19:16:14 
1-Apr-19, 19:16:15 
1-Apr-19, 19:16:18 
1-Apr-19, 19:16:19 
1-Apr-19, 19:16:19 
1-Apr-19, 19:16:20 
1-Apr-19, 19:16:23 
1-Apr-19, 19:16:24 
1-Apr-19, 19:16:26 
1-Apr-19, 19:16:29 
1-Apr-19, 19:16:29 
1-Apr-19, 19:16:31 
1-Apr-19, 19:16:33 
1-Apr-19, 19:16:34 
1-Apr-19, 19:16:36 
1-Apr-19, 19:16:36 
1-Apr-19, 19:16:38 
1-Apr-19, 19:16:41 
1-Apr-19, 19:16:41 
1-Apr-19, 19:16:41 
1-Apr-19, 19:16:46 
1-Apr-19, 19:16:46 
1-Apr-19, 19:16:47 
1-Apr-19, 19:16:48 
1-Apr-19, 19:16:52 
1-Apr-19, 19:16:53 
1-Apr-19, 19:16:54 
1-Apr-19, 19:16:55 
1-Apr-19, 19:16:58 
1-Apr-19, 19:16:59 
1-Apr-19, 19:17:00 
1-Apr-19, 19:17:03 
1-Apr-19, 19:17:03 
1-Apr-19, 19:17:04 
1-Apr-19, 19:17:07 
1-Apr-19, 19:17:08 
1-Apr-19, 19:17:09 
1-Apr-19, 19:17:10 
1-Apr-19, 19:17:12 
1-Apr-19, 19:17:13 
1-Apr-19, 19:17:15 
1-Apr-19, 19:17:15 
1-Apr-19, 19:17:17 
1-Apr-19, 19:17:18 
1-Apr-19, 19:17:20 
1-Apr-19, 19:17:20 
1-Apr-19, 19:17:23 
1-Apr-19, 19:17:27 
1-Apr-19, 19:17:28 
1-Apr-19, 19:17:28 
1-Apr-19, 19:17:29 
1-Apr-19, 19:17:32 
1-Apr-19, 19:17:33 
1-Apr-19, 19:17:34 
1-Apr-19, 19:17:37 
1-Apr-19, 19:17:38 
1-Apr-19, 19:17:38 
1-Apr-19, 19:17:43 
1-Apr-19, 19:17:43 
1-Apr-19, 19:17:45 
1-Apr-19, 19:17:47 
1-Apr-19, 19:17:48 
1-Apr-19, 19:17:50 
1-Apr-19, 19:17:51 
1-Apr-19, 19:17:52 
1-Apr-19, 19:17:53 
1-Apr-19, 19:17:55 
1-Apr-19, 19:17:56 
1-Apr-19, 19:17:58 
1-Apr-19, 19:17:58 
1-Apr-19, 19:18:01 
1-Apr-19, 19:18:02 
1-Apr-19, 19:18:03 
1-Apr-19, 19:18:06 
1-Apr-19, 19:18:07 
1-Apr-19, 19:18:08 
1-Apr-19, 19:18:09 
1-Apr-19, 19:18:11 
1-Apr-19, 19:18:12 
1-Apr-19, 19:18:14 
1-Apr-19, 19:18:15 
1-Apr-19, 19:18:17 
1-Apr-19, 19:18:20 
1-Apr-19, 19:18:22 
1-Apr-19, 19:18:24 
1-Apr-19, 19:18:24 
1-Apr-19, 19:18:25 
1-Apr-19, 19:18:27 
1-Apr-19, 19:18:29 
1-Apr-19, 19:18:29 
1-Apr-19, 19:18:35 
1-Apr-19, 19:18:35 
1-Apr-19, 19:18:38 
1-Apr-19, 19:18:39 
1-Apr-19, 19:18:40 
1-Apr-19, 19:18:40 
1-Apr-19, 19:18:43 
1-Apr-19, 19:18:44 
1-Apr-19, 19:18:46 
1-Apr-19, 19:18:48 
1-Apr-19, 19:18:49 
1-Apr-19, 19:18:51 
1-Apr-19, 19:18:53 
1-Apr-19, 19:18:53 
1-Apr-19, 19:18:56 
1-Apr-19, 19:18:57 
1-Apr-19, 19:18:58 
1-Apr-19, 19:19:00 
1-Apr-19, 19:19:01 
1-Apr-19, 19:19:02 
1-Apr-19, 19:19:05 
1-Apr-19, 19:19:06 
1-Apr-19, 19:19:07 
1-Apr-19, 19:19:10 
1-Apr-19, 19:19:11 
1-Apr-19, 19:19:11 
1-Apr-19, 19:19:12 
1-Apr-19, 19:19:15 
1-Apr-19, 19:19:16 
1-Apr-19, 19:19:19 
1-Apr-19, 19:19:20 
1-Apr-19, 19:19:22 
1-Apr-19, 19:19:24 
1-Apr-19, 19:19:24 
1-Apr-19, 19:19:27 
1-Apr-19, 19:19:28 
1-Apr-19, 19:19:29 
1-Apr-19, 19:19:33 
1-Apr-19, 19:19:34 
1-Apr-19, 19:19:35 
1-Apr-19, 19:19:36 
1-Apr-19, 19:19:38 
1-Apr-19, 19:19:39 
1-Apr-19, 19:19:40 
1-Apr-19, 19:19:41 
1-Apr-19, 19:19:46 
1-Apr-19, 19:19:48 
1-Apr-19, 19:19:49 
1-Apr-19, 19:19:49 
1-Apr-19, 19:19:53 
1-Apr-19, 19:19:54 
1-Apr-19, 19:19:54 
1-Apr-19, 19:19:54 
1-Apr-19, 19:19:58 
1-Apr-19, 19:19:59 
1-Apr-19, 19:19:59 
1-Apr-19, 19:20:01 
1-Apr-19, 19:20:03 
1-Apr-19, 19:20:04 
1-Apr-19, 19:20:06 
1-Apr-19, 19:20:07 
1-Apr-19, 19:20:10 
1-Apr-19, 19:20:12 
1-Apr-19, 19:20:15 
1-Apr-19, 19:20:15 
1-Apr-19, 19:20:16 
1-Apr-19, 19:20:17 
1-Apr-19, 19:20:20 
1-Apr-19, 19:20:20 
1-Apr-19, 19:20:21 
1-Apr-19, 19:20:24 
1-Apr-19, 19:20:25 
1-Apr-19, 19:20:25 
1-Apr-19, 19:20:29 
1-Apr-19, 19:20:29 
1-Apr-19, 19:20:30 
1-Apr-19, 19:20:32 
1-Apr-19, 19:20:34 
1-Apr-19, 19:20:35 
1-Apr-19, 19:20:35 
1-Apr-19, 19:20:37 
1-Apr-19, 19:20:39 
1-Apr-19, 19:20:40 
1-Apr-19, 19:20:42 
1-Apr-19, 19:20:45 
1-Apr-19, 19:20:48 
1-Apr-19, 19:20:48 
1-Apr-19, 19:20:50 
1-Apr-19, 19:20:51 
1-Apr-19, 19:20:53 
1-Apr-19, 19:20:53 
1-Apr-19, 19:20:56 
1-Apr-19, 19:20:58 
1-Apr-19, 19:21:01 
1-Apr-19, 19:21:01 
1-Apr-19, 19:21:05 
1-Apr-19, 19:21:06 
1-Apr-19, 19:21:06 
1-Apr-19, 19:21:06 
1-Apr-19, 19:21:10 
1-Apr-19, 19:21:11 
1-Apr-19, 19:21:14 
1-Apr-19, 19:21:14 
1-Apr-19, 19:21:16 
1-Apr-19, 19:21:18 
1-Apr-19, 19:21:19 
1-Apr-19, 19:21:19 
1-Apr-19, 19:21:23 
1-Apr-19, 19:21:27 
1-Apr-19, 19:21:27 
1-Apr-19, 19:21:28 
1-Apr-19, 19:21:31 
1-Apr-19, 19:21:32 
1-Apr-19, 19:21:32 
1-Apr-19, 19:21:33 
1-Apr-19, 19:21:36 
1-Apr-19, 19:21:37 
1-Apr-19, 19:21:40 
1-Apr-19, 19:21:41 
1-Apr-19, 19:21:44 
1-Apr-19, 19:21:44 
1-Apr-19, 19:21:45 
1-Apr-19, 19:21:46 
1-Apr-19, 19:21:49 
1-Apr-19, 19:21:49 
1-Apr-19, 19:21:50 
1-Apr-19, 19:21:54 
1-Apr-19, 19:21:55 
1-Apr-19, 19:21:57 
1-Apr-19, 19:21:57 
1-Apr-19, 19:22:00 
1-Apr-19, 19:22:02 
1-Apr-19, 19:22:02 
1-Apr-19, 19:22:03 
1-Apr-19, 19:22:07 
1-Apr-19, 19:22:08 
1-Apr-19, 19:22:11 
1-Apr-19, 19:22:11 
1-Apr-19, 19:22:15 
1-Apr-19, 19:22:16 
1-Apr-19, 19:22:16 
1-Apr-19, 19:22:16 
1-Apr-19, 19:22:20 
1-Apr-19, 19:22:21 
1-Apr-19, 19:22:22 
1-Apr-19, 19:22:26 
1-Apr-19, 19:22:26 
1-Apr-19, 19:22:27 
1-Apr-19, 19:22:27 
1-Apr-19, 19:22:31 
1-Apr-19, 19:22:31 
1-Apr-19, 19:22:32 
1-Apr-19, 19:22:32 
1-Apr-19, 19:22:37 
1-Apr-19, 19:22:38 
1-Apr-19, 19:22:41 
1-Apr-19, 19:22:41 
1-Apr-19, 19:22:43 
1-Apr-19, 19:22:44 
1-Apr-19, 19:22:46 
1-Apr-19, 19:22:46 
1-Apr-19, 19:22:49 
1-Apr-19, 19:22:52 
1-Apr-19, 19:22:53 
1-Apr-19, 19:22:53 
1-Apr-19, 19:22:54 
1-Apr-19, 19:22:57 
1-Apr-19, 19:22:58 
1-Apr-19, 19:22:58 
1-Apr-19, 19:22:59 
1-Apr-19, 19:23:02 
1-Apr-19, 19:23:03 
1-Apr-19, 19:23:03 
1-Apr-19, 19:23:04 
1-Apr-19, 19:23:08 
1-Apr-19, 19:23:09 
1-Apr-19, 19:23:11 
1-Apr-19, 19:23:11 
1-Apr-19, 19:23:14 
1-Apr-19, 19:23:15 
1-Apr-19, 19:23:16 
1-Apr-19, 19:23:16 
1-Apr-19, 19:23:19 
1-Apr-19, 19:23:20 
1-Apr-19, 19:23:24 
1-Apr-19, 19:23:25 
1-Apr-19, 19:23:27 
1-Apr-19, 19:23:28 
1-Apr-19, 19:23:29 
1-Apr-19, 19:23:30 
1-Apr-19, 19:23:32 
1-Apr-19, 19:23:33 
1-Apr-19, 19:23:35 
1-Apr-19, 19:23:37 
1-Apr-19, 19:23:40 
1-Apr-19, 19:23:40 
1-Apr-19, 19:23:42 
1-Apr-19, 19:23:45 
1-Apr-19, 19:23:46 
1-Apr-19, 19:23:47 
1-Apr-19, 19:23:48 
1-Apr-19, 19:23:51 
1-Apr-19, 19:23:53 
1-Apr-19, 19:23:55 
1-Apr-19, 19:23:58 
1-Apr-19, 19:23:58 
1-Apr-19, 19:24:00 
1-Apr-19, 19:24:01 
1-Apr-19, 19:24:03 
1-Apr-19, 19:24:03 
1-Apr-19, 19:24:06 
1-Apr-19, 19:24:06 
1-Apr-19, 19:24:09 
1-Apr-19, 19:24:11 
1-Apr-19, 19:24:11 
1-Apr-19, 19:24:14 
1-Apr-19, 19:24:14 
1-Apr-19, 19:24:16 
1-Apr-19, 19:24:19 
1-Apr-19, 19:24:20 
1-Apr-19, 19:24:21 
1-Apr-19, 19:24:25 
1-Apr-19, 19:24:25 
1-Apr-19, 19:24:26 
1-Apr-19, 19:24:27 
1-Apr-19, 19:24:30 
1-Apr-19, 19:24:30 
1-Apr-19, 19:24:31 
1-Apr-19, 19:24:32 
1-Apr-19, 19:24:35 
1-Apr-19, 19:24:40 
1-Apr-19, 19:24:40 
1-Apr-19, 19:24:40 
1-Apr-19, 19:24:45 
1-Apr-19, 19:24:45 
1-Apr-19, 19:24:45 
1-Apr-19, 19:24:46 
1-Apr-19, 19:24:50 
1-Apr-19, 19:24:50 
1-Apr-19, 19:24:50 
1-Apr-19, 19:24:51 
1-Apr-19, 19:24:57 
1-Apr-19, 19:25:00 
1-Apr-19, 19:25:01 
1-Apr-19, 19:25:01 
1-Apr-19, 19:25:02 
1-Apr-19, 19:25:05 
1-Apr-19, 19:25:06 
1-Apr-19, 19:25:06 
1-Apr-19, 19:25:07 
1-Apr-19, 19:25:11 
1-Apr-19, 19:25:12 
1-Apr-19, 19:25:12 
1-Apr-19, 19:25:13 
1-Apr-19, 19:25:16 
1-Apr-19, 19:25:17 
1-Apr-19, 19:25:17 
1-Apr-19, 19:25:18 
1-Apr-19, 19:25:22 
1-Apr-19, 19:25:23 
1-Apr-19, 19:25:25 
1-Apr-19, 19:25:28 
1-Apr-19, 19:25:28 
1-Apr-19, 19:25:29 
1-Apr-19, 19:25:30 
1-Apr-19, 19:25:33 
1-Apr-19, 19:25:34 
1-Apr-19, 19:25:38 
1-Apr-19, 19:25:39 
1-Apr-19, 19:25:41 
1-Apr-19, 19:25:42 
1-Apr-19, 19:25:43 
1-Apr-19, 19:25:46 
1-Apr-19, 19:25:47 
1-Apr-19, 19:25:47 
1-Apr-19, 19:25:51 
1-Apr-19, 19:25:51 
1-Apr-19, 19:25:52 
1-Apr-19, 19:25:56 
1-Apr-19, 19:25:56 
1-Apr-19, 19:25:57 
1-Apr-19, 19:26:00 
1-Apr-19, 19:26:01 
1-Apr-19, 19:26:02 
1-Apr-19, 19:26:05 
1-Apr-19, 19:26:05 
1-Apr-19, 19:26:06 
1-Apr-19, 19:26:10 
1-Apr-19, 19:26:10 
1-Apr-19, 19:26:12 
1-Apr-19, 19:26:16 
1-Apr-19, 19:26:17 
1-Apr-19, 19:26:17 
1-Apr-19, 19:26:21 
1-Apr-19, 19:26:21 
1-Apr-19, 19:26:22 
1-Apr-19, 19:26:25 
1-Apr-19, 19:26:26 
1-Apr-19, 19:26:27 
1-Apr-19, 19:26:27 
1-Apr-19, 19:26:30 
1-Apr-19, 19:26:32 
1-Apr-19, 19:26:32 
1-Apr-19, 19:26:35 
1-Apr-19, 19:26:36 
1-Apr-19, 19:26:40 
1-Apr-19, 19:26:40 
1-Apr-19, 19:26:41 
1-Apr-19, 19:26:42 
1-Apr-19, 19:26:45 
1-Apr-19, 19:26:45 
1-Apr-19, 19:26:46 
1-Apr-19, 19:26:47 
1-Apr-19, 19:26:52 
1-Apr-19, 19:26:52 
1-Apr-19, 19:26:52 
1-Apr-19, 19:26:57 
1-Apr-19, 19:26:57 
1-Apr-19, 19:26:57 
1-Apr-19, 19:26:58 
1-Apr-19, 19:27:02 
1-Apr-19, 19:27:03 
1-Apr-19, 19:27:04 
1-Apr-19, 19:27:07 
1-Apr-19, 19:27:07 
1-Apr-19, 19:27:09 
1-Apr-19, 19:27:11 
1-Apr-19, 19:27:12 
1-Apr-19, 19:27:16 
1-Apr-19, 19:27:16 
1-Apr-19, 19:27:17 
1-Apr-19, 19:27:18 
1-Apr-19, 19:27:21 
1-Apr-19, 19:27:23 
1-Apr-19, 19:27:23 
1-Apr-19, 19:27:28 
1-Apr-19, 19:27:28 
1-Apr-19, 19:27:31 
1-Apr-19, 19:27:32 
1-Apr-19, 19:27:33 
1-Apr-19, 19:27:36 
1-Apr-19, 19:27:36 
1-Apr-19, 19:27:37 
1-Apr-19, 19:27:41 
1-Apr-19, 19:27:41 
1-Apr-19, 19:27:41 
1-Apr-19, 19:27:46 
1-Apr-19, 19:27:46 
1-Apr-19, 19:27:47 
1-Apr-19, 19:27:51 
1-Apr-19, 19:27:52 
1-Apr-19, 19:27:52 
1-Apr-19, 19:27:53 
1-Apr-19, 19:27:57 
1-Apr-19, 19:27:58 
1-Apr-19, 19:28:00 
1-Apr-19, 19:28:00 
1-Apr-19, 19:28:02 
1-Apr-19, 19:28:05 
1-Apr-19, 19:28:05 
1-Apr-19, 19:28:09 
1-Apr-19, 19:28:09 
1-Apr-19, 19:28:10 
1-Apr-19, 19:28:10 
1-Apr-19, 19:28:14 
1-Apr-19, 19:28:14 
1-Apr-19, 19:28:15 
1-Apr-19, 19:28:16 
1-Apr-19, 19:28:21 
1-Apr-19, 19:28:21 
1-Apr-19, 19:28:23 
1-Apr-19, 19:28:25 
1-Apr-19, 19:28:26 
1-Apr-19, 19:28:28 
1-Apr-19, 19:28:30 
1-Apr-19, 19:28:31 
1-Apr-19, 19:28:32 
1-Apr-19, 19:28:33 
1-Apr-19, 19:28:37 
1-Apr-19, 19:28:37 
1-Apr-19, 19:28:38 
1-Apr-19, 19:28:41 
1-Apr-19, 19:28:42 
1-Apr-19, 19:28:43 
1-Apr-19, 19:28:46 
1-Apr-19, 19:28:46 
1-Apr-19, 19:28:49 
1-Apr-19, 19:28:51 
1-Apr-19, 19:28:51 
1-Apr-19, 19:28:51 
1-Apr-19, 19:28:54 
1-Apr-19, 19:28:56 
1-Apr-19, 19:28:56 
1-Apr-19, 19:28:59 
1-Apr-19, 19:29:02 
1-Apr-19, 19:29:03 
1-Apr-19, 19:29:04 
1-Apr-19, 19:29:05 
1-Apr-19, 19:29:07 
1-Apr-19, 19:29:08 
1-Apr-19, 19:29:09 
1-Apr-19, 19:29:10 
1-Apr-19, 19:29:13 
1-Apr-19, 19:29:15 
1-Apr-19, 19:29:17 
1-Apr-19, 19:29:18 
1-Apr-19, 19:29:18 
1-Apr-19, 19:29:20 
1-Apr-19, 19:29:22 
1-Apr-19, 19:29:23 
1-Apr-19, 19:29:23 
1-Apr-19, 19:29:27 
1-Apr-19, 19:29:28 
1-Apr-19, 19:29:28 
1-Apr-19, 19:29:30 
1-Apr-19, 19:29:32 
1-Apr-19, 19:29:33 
1-Apr-19, 19:29:34 
1-Apr-19, 19:29:35 
1-Apr-19, 19:29:38 
1-Apr-19, 19:29:39 
1-Apr-19, 19:29:42 
1-Apr-19, 19:29:42 
1-Apr-19, 19:29:44 
1-Apr-19, 19:29:47 
1-Apr-19, 19:29:47 
1-Apr-19, 19:29:48 
1-Apr-19, 19:29:52 
1-Apr-19, 19:29:53 
1-Apr-19, 19:29:54 
1-Apr-19, 19:29:54 
1-Apr-19, 19:29:58 
1-Apr-19, 19:29:59 
1-Apr-19, 19:29:59 
1-Apr-19, 19:30:03 
1-Apr-19, 19:30:04 
1-Apr-19, 19:30:08 
1-Apr-19, 19:30:08 
1-Apr-19, 19:30:08 
1-Apr-19, 19:30:09 
1-Apr-19, 19:30:13 
1-Apr-19, 19:30:13 
1-Apr-19, 19:30:15 
1-Apr-19, 19:30:18 
1-Apr-19, 19:30:19 
1-Apr-19, 19:30:20 
1-Apr-19, 19:30:21 
1-Apr-19, 19:30:24 
1-Apr-19, 19:30:26 
1-Apr-19, 19:30:27 
1-Apr-19, 19:30:28 
1-Apr-19, 19:30:32 
1-Apr-19, 19:30:33 
1-Apr-19, 19:30:33 
1-Apr-19, 19:30:36 
1-Apr-19, 19:30:38 
1-Apr-19, 19:30:38 
1-Apr-19, 19:30:41 
1-Apr-19, 19:30:43 
1-Apr-19, 19:30:43 
1-Apr-19, 19:30:43 
1-Apr-19, 19:30:46 
1-Apr-19, 19:30:48 
1-Apr-19, 19:30:50 
1-Apr-19, 19:30:50 
1-Apr-19, 19:30:51 
1-Apr-19, 19:30:55 
1-Apr-19, 19:30:55 
1-Apr-19, 19:30:57 
1-Apr-19, 19:30:58 
1-Apr-19, 19:31:00 
1-Apr-19, 19:31:02 
1-Apr-19, 19:31:03 
1-Apr-19, 19:31:05 
1-Apr-19, 19:31:06 
1-Apr-19, 19:31:09 
1-Apr-19, 19:31:10 
1-Apr-19, 19:31:11 
1-Apr-19, 19:31:12 
1-Apr-19, 19:31:14 
1-Apr-19, 19:31:17 
1-Apr-19, 19:31:18 
1-Apr-19, 19:31:19 
1-Apr-19, 19:31:21 
1-Apr-19, 19:31:22 
1-Apr-19, 19:31:23 
1-Apr-19, 19:31:24 
1-Apr-19, 19:31:26 
1-Apr-19, 19:31:29 
1-Apr-19, 19:31:31 
1-Apr-19, 19:31:33 
1-Apr-19, 19:31:34 
1-Apr-19, 19:31:36 
1-Apr-19, 19:31:36 
1-Apr-19, 19:31:38 
1-Apr-19, 19:31:39 
1-Apr-19, 19:31:41 
1-Apr-19, 19:31:43 
1-Apr-19, 19:31:45 
1-Apr-19, 19:31:47 
1-Apr-19, 19:31:48 
1-Apr-19, 19:31:48 
1-Apr-19, 19:31:50 
1-Apr-19, 19:31:52 
1-Apr-19, 19:31:53 
1-Apr-19, 19:31:55 
1-Apr-19, 19:31:55 
1-Apr-19, 19:31:59 
1-Apr-19, 19:32:00 
1-Apr-19, 19:32:00 
1-Apr-19, 19:32:03 
1-Apr-19, 19:32:04 
1-Apr-19, 19:32:05 
1-Apr-19, 19:32:07 
1-Apr-19, 19:32:08 
1-Apr-19, 19:32:12 
1-Apr-19, 19:32:14 
1-Apr-19, 19:32:16 
1-Apr-19, 19:32:17 
1-Apr-19, 19:32:18 
1-Apr-19, 19:32:19 
1-Apr-19, 19:32:21 
1-Apr-19, 19:32:22 
1-Apr-19, 19:32:23 
1-Apr-19, 19:32:24 
1-Apr-19, 19:32:27 
1-Apr-19, 19:32:28 
1-Apr-19, 19:32:29 
1-Apr-19, 19:32:31 
1-Apr-19, 19:32:33 
1-Apr-19, 19:32:34 
1-Apr-19, 19:32:36 
1-Apr-19, 19:32:36 
1-Apr-19, 19:32:38 
1-Apr-19, 19:32:41 
1-Apr-19, 19:32:43 
1-Apr-19, 19:32:43 
1-Apr-19, 19:32:46 
1-Apr-19, 19:32:47 
1-Apr-19, 19:32:48 
1-Apr-19, 19:32:51 
1-Apr-19, 19:32:52 
1-Apr-19, 19:32:53 
1-Apr-19, 19:32:53 
1-Apr-19, 19:32:57 
1-Apr-19, 19:32:57 
1-Apr-19, 19:32:58 
1-Apr-19, 19:33:02 
1-Apr-19, 19:33:02 
1-Apr-19, 19:33:02 
1-Apr-19, 19:33:04 
1-Apr-19, 19:33:07 
1-Apr-19, 19:33:07 
1-Apr-19, 19:33:09 
1-Apr-19, 19:33:09 
1-Apr-19, 19:33:12 
1-Apr-19, 19:33:12 
1-Apr-19, 19:33:14 
1-Apr-19, 19:33:15 
1-Apr-19, 19:33:17 
1-Apr-19, 19:33:20 
1-Apr-19, 19:33:21 
1-Apr-19, 19:33:22 
1-Apr-19, 19:33:25 
1-Apr-19, 19:33:25 
1-Apr-19, 19:33:26 
1-Apr-19, 19:33:27 
1-Apr-19, 19:33:30 
1-Apr-19, 19:33:35 
1-Apr-19, 19:33:36 
1-Apr-19, 19:33:36 
1-Apr-19, 19:33:37 
1-Apr-19, 19:33:41 
1-Apr-19, 19:33:41 
1-Apr-19, 19:33:42 
1-Apr-19, 19:33:44 
1-Apr-19, 19:33:46 
1-Apr-19, 19:33:47 
1-Apr-19, 19:33:47 
1-Apr-19, 19:33:49 
1-Apr-19, 19:33:51 
1-Apr-19, 19:33:52 
1-Apr-19, 19:33:54 
1-Apr-19, 19:33:54 
1-Apr-19, 19:33:56 
1-Apr-19, 19:33:57 
1-Apr-19, 19:33:59 
1-Apr-19, 19:34:01 
1-Apr-19, 19:34:02 
1-Apr-19, 19:34:03 
1-Apr-19, 19:34:06 
1-Apr-19, 19:34:07 
1-Apr-19, 19:34:08 
1-Apr-19, 19:34:08 
1-Apr-19, 19:34:12 
1-Apr-19, 19:34:13 
1-Apr-19, 19:34:13 
1-Apr-19, 19:34:16 
1-Apr-19, 19:34:17 
1-Apr-19, 19:34:21 
1-Apr-19, 19:34:22 
1-Apr-19, 19:34:23 
1-Apr-19, 19:34:23 
1-Apr-19, 19:34:27 
1-Apr-19, 19:34:28 
1-Apr-19, 19:34:28 
1-Apr-19, 19:34:28 
1-Apr-19, 19:34:33 
1-Apr-19, 19:34:33 
1-Apr-19, 19:34:33 
1-Apr-19, 19:34:36 
1-Apr-19, 19:34:40 
1-Apr-19, 19:34:41 
1-Apr-19, 19:34:41 
1-Apr-19, 19:34:42 
1-Apr-19, 19:34:45 
1-Apr-19, 19:34:46 
1-Apr-19, 19:34:46 
1-Apr-19, 19:34:47 
1-Apr-19, 19:34:50 
1-Apr-19, 19:34:51 
1-Apr-19, 19:34:52 
1-Apr-19, 19:34:53 
1-Apr-19, 19:34:56 
1-Apr-19, 19:34:58 
1-Apr-19, 19:34:59 
1-Apr-19, 19:35:01 
1-Apr-19, 19:35:02 
1-Apr-19, 19:35:03 
1-Apr-19, 19:35:04 
1-Apr-19, 19:35:06 
1-Apr-19, 19:35:07 
1-Apr-19, 19:35:10 
1-Apr-19, 19:35:11 
1-Apr-19, 19:35:13 
1-Apr-19, 19:35:15 
1-Apr-19, 19:35:16 
1-Apr-19, 19:35:16 
1-Apr-19, 19:35:18 
1-Apr-19, 19:35:20 
1-Apr-19, 19:35:21 
1-Apr-19, 19:35:21 
1-Apr-19, 19:35:23 
1-Apr-19, 19:35:25 
1-Apr-19, 19:35:26 
1-Apr-19, 19:35:26 
1-Apr-19, 19:35:32 
1-Apr-19, 19:35:32 
1-Apr-19, 19:35:35 
1-Apr-19, 19:35:36 
1-Apr-19, 19:35:37 
1-Apr-19, 19:35:37 
1-Apr-19, 19:35:40 
1-Apr-19, 19:35:41 
1-Apr-19, 19:35:44 
1-Apr-19, 19:35:44 
1-Apr-19, 19:35:45 
1-Apr-19, 19:35:47 
1-Apr-19, 19:35:49 
1-Apr-19, 19:35:49 
1-Apr-19, 19:35:52 
1-Apr-19, 19:35:53 
1-Apr-19, 19:35:54 
1-Apr-19, 19:35:56 
1-Apr-19, 19:35:58 
1-Apr-19, 19:35:59 
1-Apr-19, 19:36:01 
1-Apr-19, 19:36:02 
1-Apr-19, 19:36:04 
1-Apr-19, 19:36:07 
1-Apr-19, 19:36:08 
1-Apr-19, 19:36:09 
1-Apr-19, 19:36:09 
1-Apr-19, 19:36:13 
1-Apr-19, 19:36:14 
1-Apr-19, 19:36:16 
1-Apr-19, 19:36:17 
1-Apr-19, 19:36:21 
1-Apr-19, 19:36:22 
1-Apr-19, 19:36:23 
1-Apr-19, 19:36:25 
1-Apr-19, 19:36:28 
1-Apr-19, 19:36:29 
1-Apr-19, 19:36:30 
1-Apr-19, 19:36:30 
1-Apr-19, 19:36:34 
1-Apr-19, 19:36:35 
1-Apr-19, 19:36:35 
1-Apr-19, 19:36:39 
1-Apr-19, 19:36:40 
1-Apr-19, 19:36:40 
1-Apr-19, 19:36:42 
1-Apr-19, 19:36:44 
1-Apr-19, 19:36:45 
1-Apr-19, 19:36:47 
1-Apr-19, 19:36:48 
1-Apr-19, 19:36:49 
1-Apr-19, 19:36:52 
1-Apr-19, 19:36:53 
1-Apr-19, 19:36:57 
1-Apr-19, 19:36:57 
1-Apr-19, 19:36:57 
1-Apr-19, 19:36:58 
1-Apr-19, 19:37:02 
1-Apr-19, 19:37:02 
1-Apr-19, 19:37:03 
1-Apr-19, 19:37:06 
1-Apr-19, 19:37:07 
1-Apr-19, 19:37:09 
1-Apr-19, 19:37:11 
1-Apr-19, 19:37:12 
1-Apr-19, 19:37:12 
1-Apr-19, 19:37:14 
1-Apr-19, 19:37:17 
1-Apr-19, 19:37:20 
1-Apr-19, 19:37:21 
1-Apr-19, 19:37:22 
1-Apr-19, 19:37:23 
1-Apr-19, 19:37:25 
1-Apr-19, 19:37:26 
1-Apr-19, 19:37:27 
1-Apr-19, 19:37:28 
1-Apr-19, 19:37:31 
1-Apr-19, 19:37:33 
1-Apr-19, 19:37:34 
1-Apr-19, 19:37:36 
1-Apr-19, 19:37:36 
1-Apr-19, 19:37:38 
1-Apr-19, 19:37:39 
1-Apr-19, 19:37:41 
1-Apr-19, 19:37:43 
1-Apr-19, 19:37:44 
1-Apr-19, 19:37:45 
1-Apr-19, 19:37:48 
1-Apr-19, 19:37:50 
1-Apr-19, 19:37:50 
1-Apr-19, 19:37:52 
1-Apr-19, 19:37:53 
1-Apr-19, 19:37:55 
1-Apr-19, 19:37:55 
1-Apr-19, 19:37:57 
1-Apr-19, 19:37:58 
1-Apr-19, 19:38:00 
1-Apr-19, 19:38:03 
1-Apr-19, 19:38:04 
1-Apr-19, 19:38:04 
1-Apr-19, 19:38:08 
1-Apr-19, 19:38:09 
1-Apr-19, 19:38:09 
1-Apr-19, 19:38:10 
1-Apr-19, 19:38:13 
1-Apr-19, 19:38:15 
1-Apr-19, 19:38:16 
1-Apr-19, 19:38:18 
1-Apr-19, 19:38:19 
1-Apr-19, 19:38:21 
1-Apr-19, 19:38:24 
1-Apr-19, 19:38:26 
1-Apr-19, 19:38:26 
1-Apr-19, 19:38:27 
1-Apr-19, 19:38:31 
1-Apr-19, 19:38:31 
1-Apr-19, 19:38:31 
1-Apr-19, 19:38:32 
1-Apr-19, 19:38:36 
1-Apr-19, 19:38:36 
1-Apr-19, 19:38:37 
1-Apr-19, 19:38:41 
1-Apr-19, 19:38:41 
1-Apr-19, 19:38:42 
1-Apr-19, 19:38:43 
1-Apr-19, 19:38:46 
1-Apr-19, 19:38:48 
1-Apr-19, 19:38:49 
1-Apr-19, 19:38:50 
1-Apr-19, 19:38:53 
1-Apr-19, 19:38:54 
1-Apr-19, 19:38:55 
1-Apr-19, 19:38:56 
1-Apr-19, 19:38:58 
1-Apr-19, 19:38:59 
1-Apr-19, 19:39:01 
1-Apr-19, 19:39:04 
1-Apr-19, 19:39:06 
1-Apr-19, 19:39:08 
1-Apr-19, 19:39:09 
1-Apr-19, 19:39:09 
1-Apr-19, 19:39:11 
1-Apr-19, 19:39:13 
1-Apr-19, 19:39:14 
1-Apr-19, 19:39:16 
1-Apr-19, 19:39:18 
1-Apr-19, 19:39:19 
1-Apr-19, 19:39:22 
1-Apr-19, 19:39:24 
1-Apr-19, 19:39:26 
1-Apr-19, 19:39:27 
1-Apr-19, 19:39:29 
1-Apr-19, 19:39:31 
1-Apr-19, 19:39:32 
1-Apr-19, 19:39:34 
1-Apr-19, 19:39:34 
1-Apr-19, 19:39:36 
1-Apr-19, 19:39:37 
1-Apr-19, 19:39:39 
1-Apr-19, 19:39:41 
1-Apr-19, 19:39:42 
1-Apr-19, 19:39:44 
1-Apr-19, 19:39:46 
1-Apr-19, 19:39:46 
1-Apr-19, 19:39:47 
1-Apr-19, 19:39:49 
1-Apr-19, 19:39:51 
1-Apr-19, 19:39:51 
1-Apr-19, 19:39:52 
1-Apr-19, 19:39:54 
1-Apr-19, 19:39:58 
1-Apr-19, 19:39:59 
1-Apr-19, 19:40:00 
1-Apr-19, 19:40:02 
1-Apr-19, 19:40:03 
1-Apr-19, 19:40:05 
1-Apr-19, 19:40:07 
1-Apr-19, 19:40:08 
1-Apr-19, 19:40:08 
1-Apr-19, 19:40:13 
1-Apr-19, 19:40:13 
1-Apr-19, 19:40:13 
1-Apr-19, 19:40:14 
1-Apr-19, 19:40:18 
1-Apr-19, 19:40:19 
1-Apr-19, 19:40:19 
1-Apr-19, 19:40:20 
1-Apr-19, 19:40:23 
1-Apr-19, 19:40:24 
1-Apr-19, 19:40:25 
1-Apr-19, 19:40:29 
1-Apr-19, 19:40:29 
1-Apr-19, 19:40:31 
1-Apr-19, 19:40:32 
1-Apr-19, 19:40:34 
1-Apr-19, 19:40:34 
1-Apr-19, 19:40:36 
1-Apr-19, 19:40:37 
1-Apr-19, 19:40:42 
1-Apr-19, 19:40:42 
1-Apr-19, 19:40:43 
1-Apr-19, 19:40:43 
1-Apr-19, 19:40:47 
1-Apr-19, 19:40:48 
1-Apr-19, 19:40:48 
1-Apr-19, 19:40:50 
1-Apr-19, 19:40:53 
1-Apr-19, 19:40:53 
1-Apr-19, 19:40:55 
1-Apr-19, 19:40:55 
1-Apr-19, 19:40:58 
1-Apr-19, 19:40:59 
1-Apr-19, 19:41:00 
1-Apr-19, 19:41:01 
1-Apr-19, 19:41:04 
1-Apr-19, 19:41:05 
1-Apr-19, 19:41:06 
1-Apr-19, 19:41:09 
1-Apr-19, 19:41:10 
1-Apr-19, 19:41:11 
1-Apr-19, 19:41:13 
1-Apr-19, 19:41:14 
1-Apr-19, 19:41:18 
1-Apr-19, 19:41:18 
1-Apr-19, 19:41:19 
1-Apr-19, 19:41:20 
1-Apr-19, 19:41:23 
1-Apr-19, 19:41:25 
1-Apr-19, 19:41:26 
1-Apr-19, 19:41:28 
1-Apr-19, 19:41:29 
1-Apr-19, 19:41:30 
1-Apr-19, 19:41:31 
1-Apr-19, 19:41:34 
1-Apr-19, 19:41:34 
1-Apr-19, 19:41:35 
1-Apr-19, 19:41:36 
1-Apr-19, 19:41:39 
1-Apr-19, 19:41:42 
1-Apr-19, 19:41:44 
1-Apr-19, 19:41:47 
1-Apr-19, 19:41:47 
1-Apr-19, 19:41:48 
1-Apr-19, 19:41:49 
1-Apr-19, 19:41:52 
1-Apr-19, 19:41:53 
1-Apr-19, 19:41:54 
1-Apr-19, 19:41:59 
1-Apr-19, 19:41:59 
1-Apr-19, 19:41:59 
1-Apr-19, 19:42:00 
1-Apr-19, 19:42:04 
1-Apr-19, 19:42:04 
1-Apr-19, 19:42:05 
1-Apr-19, 19:42:07 
1-Apr-19, 19:42:09 
1-Apr-19, 19:42:11 
1-Apr-19, 19:42:12 
1-Apr-19, 19:42:14 
1-Apr-19, 19:42:15 
1-Apr-19, 19:42:16 
1-Apr-19, 19:42:17 
1-Apr-19, 19:42:19 
1-Apr-19, 19:42:20 
1-Apr-19, 19:42:22 
1-Apr-19, 19:42:24 
1-Apr-19, 19:42:26 
1-Apr-19, 19:42:27 
1-Apr-19, 19:42:28 
1-Apr-19, 19:42:31 
1-Apr-19, 19:42:32 
1-Apr-19, 19:42:33 
1-Apr-19, 19:42:34 
1-Apr-19, 19:42:37 
1-Apr-19, 19:42:38 
1-Apr-19, 19:42:39 
1-Apr-19, 19:42:39 
1-Apr-19, 19:42:44 
1-Apr-19, 19:42:47 
1-Apr-19, 19:42:48 
1-Apr-19, 19:42:49 
1-Apr-19, 19:42:50 
1-Apr-19, 19:42:52 
1-Apr-19, 19:42:53 
1-Apr-19, 19:42:54 
1-Apr-19, 19:42:55 
1-Apr-19, 19:42:57 
1-Apr-19, 19:43:03 
1-Apr-19, 19:43:03 
1-Apr-19, 19:43:05 
1-Apr-19, 19:43:06 
1-Apr-19, 19:43:08 
1-Apr-19, 19:43:08 
1-Apr-19, 19:43:10 
1-Apr-19, 19:43:11 
1-Apr-19, 19:43:15 
1-Apr-19, 19:43:15 
1-Apr-19, 19:43:16 
1-Apr-19, 19:43:20 
1-Apr-19, 19:43:21 
1-Apr-19, 19:43:21 
1-Apr-19, 19:43:22 
1-Apr-19, 19:43:26 
1-Apr-19, 19:43:26 
1-Apr-19, 19:43:27 
1-Apr-19, 19:43:30 
1-Apr-19, 19:43:32 
1-Apr-19, 19:43:34 
1-Apr-19, 19:43:35 
1-Apr-19, 19:43:36 
1-Apr-19, 19:43:39 
1-Apr-19, 19:43:41 
1-Apr-19, 19:43:41 
1-Apr-19, 19:43:41 
1-Apr-19, 19:43:44 
1-Apr-19, 19:43:46 
1-Apr-19, 19:43:46 
1-Apr-19, 19:43:47 
1-Apr-19, 19:43:49 
1-Apr-19, 19:43:51 
1-Apr-19, 19:43:52 
1-Apr-19, 19:43:56 
1-Apr-19, 19:43:56 
1-Apr-19, 19:43:56 
1-Apr-19, 19:44:01 
1-Apr-19, 19:44:01 
1-Apr-19, 19:44:03 
1-Apr-19, 19:44:04 
1-Apr-19, 19:44:06 
1-Apr-19, 19:44:06 
1-Apr-19, 19:44:08 
1-Apr-19, 19:44:09 
1-Apr-19, 19:44:11 
1-Apr-19, 19:44:16 
1-Apr-19, 19:44:17 
1-Apr-19, 19:44:18 
1-Apr-19, 19:44:18 
1-Apr-19, 19:44:22 
1-Apr-19, 19:44:23 
1-Apr-19, 19:44:23 
1-Apr-19, 19:44:25 
1-Apr-19, 19:44:28 
1-Apr-19, 19:44:29 
1-Apr-19, 19:44:30 
1-Apr-19, 19:44:31 
1-Apr-19, 19:44:33 
1-Apr-19, 19:44:34 
1-Apr-19, 19:44:35 
1-Apr-19, 19:44:36 
1-Apr-19, 19:44:39 
1-Apr-19, 19:44:43 
1-Apr-19, 19:44:43 
1-Apr-19, 19:44:44 
1-Apr-19, 19:44:44 
1-Apr-19, 19:44:48 
1-Apr-19, 19:44:48 
1-Apr-19, 19:44:49 
1-Apr-19, 19:44:51 
1-Apr-19, 19:44:55 
1-Apr-19, 19:44:55 
1-Apr-19, 19:44:56 
1-Apr-19, 19:44:57 
1-Apr-19, 19:45:00 
1-Apr-19, 19:45:00 
1-Apr-19, 19:45:01 
1-Apr-19, 19:45:02 
1-Apr-19, 19:45:05 
1-Apr-19, 19:45:06 
1-Apr-19, 19:45:07 
1-Apr-19, 19:45:11 
1-Apr-19, 19:45:11 
1-Apr-19, 19:45:12 
1-Apr-19, 19:45:16 
1-Apr-19, 19:45:17 
1-Apr-19, 19:45:17 
1-Apr-19, 19:45:21 
1-Apr-19, 19:45:21 
1-Apr-19, 19:45:22 
1-Apr-19, 19:45:25 
1-Apr-19, 19:45:26 
1-Apr-19, 19:45:26 
1-Apr-19, 19:45:27 
1-Apr-19, 19:45:30 
1-Apr-19, 19:45:31 
1-Apr-19, 19:45:32 
1-Apr-19, 19:45:35 
1-Apr-19, 19:45:37 
1-Apr-19, 19:45:38 
1-Apr-19, 19:45:39 
1-Apr-19, 19:45:40 
1-Apr-19, 19:45:42 
1-Apr-19, 19:45:43 
1-Apr-19, 19:45:44 
1-Apr-19, 19:45:48 
1-Apr-19, 19:45:49 
1-Apr-19, 19:45:49 
1-Apr-19, 19:45:50 
1-Apr-19, 19:45:53 
1-Apr-19, 19:45:54 
1-Apr-19, 19:45:54 
1-Apr-19, 19:45:55 
1-Apr-19, 19:45:59 
1-Apr-19, 19:46:02 
1-Apr-19, 19:46:04 
1-Apr-19, 19:46:04 
1-Apr-19, 19:46:04 
1-Apr-19, 19:46:07 
1-Apr-19, 19:46:09 
1-Apr-19, 19:46:09 
1-Apr-19, 19:46:11 
1-Apr-19, 19:46:14 
1-Apr-19, 19:46:15 
1-Apr-19, 19:46:16 
1-Apr-19, 19:46:17 
1-Apr-19, 19:46:19 
1-Apr-19, 19:46:20 
1-Apr-19, 19:46:21 
1-Apr-19, 19:46:22 
1-Apr-19, 19:46:24 
1-Apr-19, 19:46:29 
1-Apr-19, 19:46:29 
1-Apr-19, 19:46:29 
1-Apr-19, 19:46:32 
1-Apr-19, 19:46:34 
1-Apr-19, 19:46:34 
1-Apr-19, 19:46:34 
1-Apr-19, 19:46:37 
1-Apr-19, 19:46:39 
1-Apr-19, 19:46:40 
1-Apr-19, 19:46:44 
1-Apr-19, 19:46:44 
1-Apr-19, 19:46:45 
1-Apr-19, 19:46:46 
1-Apr-19, 19:46:49 
1-Apr-19, 19:46:49 
1-Apr-19, 19:46:51 
1-Apr-19, 19:46:54 
1-Apr-19, 19:46:54 
1-Apr-19, 19:46:56 
1-Apr-19, 19:46:59 
1-Apr-19, 19:46:59 
1-Apr-19, 19:46:59 
1-Apr-19, 19:47:01 
1-Apr-19, 19:47:04 
1-Apr-19, 19:47:04 
1-Apr-19, 19:47:05 
1-Apr-19, 19:47:10 
1-Apr-19, 19:47:10 
1-Apr-19, 19:47:11 
1-Apr-19, 19:47:11 
1-Apr-19, 19:47:15 
1-Apr-19, 19:47:16 
1-Apr-19, 19:47:16 
1-Apr-19, 19:47:20 
1-Apr-19, 19:47:21 
1-Apr-19, 19:47:22 
1-Apr-19, 19:47:23 
1-Apr-19, 19:47:25 
1-Apr-19, 19:47:27 
1-Apr-19, 19:47:28 
1-Apr-19, 19:47:30 
1-Apr-19, 19:47:32 
1-Apr-19, 19:47:32 
1-Apr-19, 19:47:34 
1-Apr-19, 19:47:37 
1-Apr-19, 19:47:38 
1-Apr-19, 19:47:39 
1-Apr-19, 19:47:39 
1-Apr-19, 19:47:43 
1-Apr-19, 19:47:44 
1-Apr-19, 19:47:46 
1-Apr-19, 19:47:49 
1-Apr-19, 19:47:51 
1-Apr-19, 19:47:52 
1-Apr-19, 19:47:54 
1-Apr-19, 19:47:54 
1-Apr-19, 19:47:56 
1-Apr-19, 19:47:57 
1-Apr-19, 19:47:59 
1-Apr-19, 19:48:02 
1-Apr-19, 19:48:03 
1-Apr-19, 19:48:04 
1-Apr-19, 19:48:05 
1-Apr-19, 19:48:07 
1-Apr-19, 19:48:08 
1-Apr-19, 19:48:10 
1-Apr-19, 19:48:12 
1-Apr-19, 19:48:12 
1-Apr-19, 19:48:17 
1-Apr-19, 19:48:17 
1-Apr-19, 19:48:17 
1-Apr-19, 19:48:18 
1-Apr-19, 19:48:22 
1-Apr-19, 19:48:22 
1-Apr-19, 19:48:23 
1-Apr-19, 19:48:26 
1-Apr-19, 19:48:27 
1-Apr-19, 19:48:31 
1-Apr-19, 19:48:32 
1-Apr-19, 19:48:32 
1-Apr-19, 19:48:37 
1-Apr-19, 19:48:37 
1-Apr-19, 19:48:37 
1-Apr-19, 19:48:41 
1-Apr-19, 19:48:42 
1-Apr-19, 19:48:42 
1-Apr-19, 19:48:43 
1-Apr-19, 19:48:46 
1-Apr-19, 19:48:47 
1-Apr-19, 19:48:47 
1-Apr-19, 19:48:48 
1-Apr-19, 19:48:51 
1-Apr-19, 19:48:53 
1-Apr-19, 19:48:55 
1-Apr-19, 19:48:55 
1-Apr-19, 19:48:58 
1-Apr-19, 19:49:00 
1-Apr-19, 19:49:00 
1-Apr-19, 19:49:02 
1-Apr-19, 19:49:03 
1-Apr-19, 19:49:05 
1-Apr-19, 19:49:07 
1-Apr-19, 19:49:07 
1-Apr-19, 19:49:10 
1-Apr-19, 19:49:12 
1-Apr-19, 19:49:14 
1-Apr-19, 19:49:15 
1-Apr-19, 19:49:16 
1-Apr-19, 19:49:17 
1-Apr-19, 19:49:19 
1-Apr-19, 19:49:20 
1-Apr-19, 19:49:21 
1-Apr-19, 19:49:22 
1-Apr-19, 19:49:27 
1-Apr-19, 19:49:29 
1-Apr-19, 19:49:31 
1-Apr-19, 19:49:32 
1-Apr-19, 19:49:33 
1-Apr-19, 19:49:34 
1-Apr-19, 19:49:36 
1-Apr-19, 19:49:38 
1-Apr-19, 19:49:39 
1-Apr-19, 19:49:41 
1-Apr-19, 19:49:44 
1-Apr-19, 19:49:44 
1-Apr-19, 19:49:46 
1-Apr-19, 19:49:48 
1-Apr-19, 19:49:49 
1-Apr-19, 19:49:53 
1-Apr-19, 19:49:53 
1-Apr-19, 19:49:54 
1-Apr-19, 19:49:58 
1-Apr-19, 19:49:59 
1-Apr-19, 19:49:59 
1-Apr-19, 19:50:00 
1-Apr-19, 19:50:04 
1-Apr-19, 19:50:04 
1-Apr-19, 19:50:05 
1-Apr-19, 19:50:05 
1-Apr-19, 19:50:09 
1-Apr-19, 19:50:10 
1-Apr-19, 19:50:10 
1-Apr-19, 19:50:15 
1-Apr-19, 19:50:15 
1-Apr-19, 19:50:18 
1-Apr-19, 19:50:20 
1-Apr-19, 19:50:20 
1-Apr-19, 19:50:20 
1-Apr-19, 19:50:23 
1-Apr-19, 19:50:25 
1-Apr-19, 19:50:28 
1-Apr-19, 19:50:29 
1-Apr-19, 19:50:29 
1-Apr-19, 19:50:33 
1-Apr-19, 19:50:34 
1-Apr-19, 19:50:34 
1-Apr-19, 19:50:38 
1-Apr-19, 19:50:39 
1-Apr-19, 19:50:39 
1-Apr-19, 19:50:41 
1-Apr-19, 19:50:43 
1-Apr-19, 19:50:44 
1-Apr-19, 19:50:46 
1-Apr-19, 19:50:47 
1-Apr-19, 19:50:49 
1-Apr-19, 19:50:51 
1-Apr-19, 19:50:52 
1-Apr-19, 19:50:53 
1-Apr-19, 19:50:56 
1-Apr-19, 19:50:56 
1-Apr-19, 19:50:58 
1-Apr-19, 19:51:01 
1-Apr-19, 19:51:01 
1-Apr-19, 19:51:03 
1-Apr-19, 19:51:03 
1-Apr-19, 19:51:06 
1-Apr-19, 19:51:08 
1-Apr-19, 19:51:08 
1-Apr-19, 19:51:09 
1-Apr-19, 19:51:12 
1-Apr-19, 19:51:13 
1-Apr-19, 19:51:14 
1-Apr-19, 19:51:16 
1-Apr-19, 19:51:17 
1-Apr-19, 19:51:18 
1-Apr-19, 19:51:21 
1-Apr-19, 19:51:21 
1-Apr-19, 19:51:26 
1-Apr-19, 19:51:27 
1-Apr-19, 19:51:29 
1-Apr-19, 19:51:31 
1-Apr-19, 19:51:31 
1-Apr-19, 19:51:32 
1-Apr-19, 19:51:34 
1-Apr-19, 19:51:36 
1-Apr-19, 19:51:36 
1-Apr-19, 19:51:40 
1-Apr-19, 19:51:41 
1-Apr-19, 19:51:44 
1-Apr-19, 19:51:45 
1-Apr-19, 19:51:45 
1-Apr-19, 19:51:46 
1-Apr-19, 19:51:49 
1-Apr-19, 19:51:50 
1-Apr-19, 19:51:53 
1-Apr-19, 19:51:54 
1-Apr-19, 19:51:54 
1-Apr-19, 19:51:55 
1-Apr-19, 19:51:58 
1-Apr-19, 19:51:59 
1-Apr-19, 19:51:59 
1-Apr-19, 19:52:00 
1-Apr-19, 19:52:04 
1-Apr-19, 19:52:04 
1-Apr-19, 19:52:06 
1-Apr-19, 19:52:08 
1-Apr-19, 19:52:09 
1-Apr-19, 19:52:11 
1-Apr-19, 19:52:13 
1-Apr-19, 19:52:14 
1-Apr-19, 19:52:14 
1-Apr-19, 19:52:17 
1-Apr-19, 19:52:18 
1-Apr-19, 19:52:19 
1-Apr-19, 19:52:22 
1-Apr-19, 19:52:23 
1-Apr-19, 19:52:24 
1-Apr-19, 19:52:25 
1-Apr-19, 19:52:27 
1-Apr-19, 19:52:28 
1-Apr-19, 19:52:29 
1-Apr-19, 19:52:30 
1-Apr-19, 19:52:32 
1-Apr-19, 19:52:34 
1-Apr-19, 19:52:36 
1-Apr-19, 19:52:39 
1-Apr-19, 19:52:40 
1-Apr-19, 19:52:41 
1-Apr-19, 19:52:41 
1-Apr-19, 19:52:44 
1-Apr-19, 19:52:45 
1-Apr-19, 19:52:46 
1-Apr-19, 19:52:46 
1-Apr-19, 19:52:51 
1-Apr-19, 19:52:51 
1-Apr-19, 19:52:53 
1-Apr-19, 19:52:54 
1-Apr-19, 19:52:56 
1-Apr-19, 19:52:58 
1-Apr-19, 19:52:58 
1-Apr-19, 19:52:59 
1-Apr-19, 19:53:02 
1-Apr-19, 19:53:03 
1-Apr-19, 19:53:05 
1-Apr-19, 19:53:07 
1-Apr-19, 19:53:08 
1-Apr-19, 19:53:10 
1-Apr-19, 19:53:12 
1-Apr-19, 19:53:12 
1-Apr-19, 19:53:13 
1-Apr-19, 19:53:17 
1-Apr-19, 19:53:17 
1-Apr-19, 19:53:18 
1-Apr-19, 19:53:22 
1-Apr-19, 19:53:23 
1-Apr-19, 19:53:23 
1-Apr-19, 19:53:25 
1-Apr-19, 19:53:27 
1-Apr-19, 19:53:28 
1-Apr-19, 19:53:30 
1-Apr-19, 19:53:31 
1-Apr-19, 19:53:32 
1-Apr-19, 19:53:35 
1-Apr-19, 19:53:36 
1-Apr-19, 19:53:36 
1-Apr-19, 19:53:37 
1-Apr-19, 19:53:41 
1-Apr-19, 19:53:42 
1-Apr-19, 19:53:44 
1-Apr-19, 19:53:47 
1-Apr-19, 19:53:48 
1-Apr-19, 19:53:48 
1-Apr-19, 19:53:49 
1-Apr-19, 19:53:53 
1-Apr-19, 19:53:53 
1-Apr-19, 19:53:54 
1-Apr-19, 19:53:58 
1-Apr-19, 19:53:58 
1-Apr-19, 19:53:59 
1-Apr-19, 19:54:00 
1-Apr-19, 19:54:03 
1-Apr-19, 19:54:05 
1-Apr-19, 19:54:08 
1-Apr-19, 19:54:09 
1-Apr-19, 19:54:13 
1-Apr-19, 19:54:13 
1-Apr-19, 19:54:14 
1-Apr-19, 19:54:16 
1-Apr-19, 19:54:18 
1-Apr-19, 19:54:18 
1-Apr-19, 19:54:19 
1-Apr-19, 19:54:21 
1-Apr-19, 19:54:23 
1-Apr-19, 19:54:28 
1-Apr-19, 19:54:29 
1-Apr-19, 19:54:29 
1-Apr-19, 19:54:29 
1-Apr-19, 19:54:33 
1-Apr-19, 19:54:34 
1-Apr-19, 19:54:34 
1-Apr-19, 19:54:34 
1-Apr-19, 19:54:38 
1-Apr-19, 19:54:39 
1-Apr-19, 19:54:43 
1-Apr-19, 19:54:43 
1-Apr-19, 19:54:48 
1-Apr-19, 19:54:48 
1-Apr-19, 19:54:48 
1-Apr-19, 19:54:48 
1-Apr-19, 19:54:53 
1-Apr-19, 19:54:53 
1-Apr-19, 19:54:53 
1-Apr-19, 19:54:53 
1-Apr-19, 19:54:58 
1-Apr-19, 19:54:58 
1-Apr-19, 19:54:58 
1-Apr-19, 19:55:03 
1-Apr-19, 19:55:03 
1-Apr-19, 19:55:07 
1-Apr-19, 19:55:08 
1-Apr-19, 19:55:08 
1-Apr-19, 19:55:09 
1-Apr-19, 19:55:12 
1-Apr-19, 19:55:13 
1-Apr-19, 19:55:13 
1-Apr-19, 19:55:14 
1-Apr-19, 19:55:18 
1-Apr-19, 19:55:20 
1-Apr-19, 19:55:23 
1-Apr-19, 19:55:23 
1-Apr-19, 19:55:25 
1-Apr-19, 19:55:25 
1-Apr-19, 19:55:28 
1-Apr-19, 19:55:28 
1-Apr-19, 19:55:30 
1-Apr-19, 19:55:30 
1-Apr-19, 19:55:34 
1-Apr-19, 19:55:35 
1-Apr-19, 19:55:36 
1-Apr-19, 19:55:38 
1-Apr-19, 19:55:39 
1-Apr-19, 19:55:41 
1-Apr-19, 19:55:42 
1-Apr-19, 19:55:43 
1-Apr-19, 19:55:46 
1-Apr-19, 19:55:47 
1-Apr-19, 19:55:47 
1-Apr-19, 19:55:51 
1-Apr-19, 19:55:52 
1-Apr-19, 19:55:53 
1-Apr-19, 19:55:56 
1-Apr-19, 19:55:57 
1-Apr-19, 19:55:58 
1-Apr-19, 19:55:58 
1-Apr-19, 19:56:02 
1-Apr-19, 19:56:03 
1-Apr-19, 19:56:07 
1-Apr-19, 19:56:07 
1-Apr-19, 19:56:07 
1-Apr-19, 19:56:10 
1-Apr-19, 19:56:12 
1-Apr-19, 19:56:12 
1-Apr-19, 19:56:12 
1-Apr-19, 19:56:15 
1-Apr-19, 19:56:17 
1-Apr-19, 19:56:17 
1-Apr-19, 19:56:17 
1-Apr-19, 19:56:20 
1-Apr-19, 19:56:25 
1-Apr-19, 19:56:27 
1-Apr-19, 19:56:27 
1-Apr-19, 19:56:27 
1-Apr-19, 19:56:32 
1-Apr-19, 19:56:32 
1-Apr-19, 19:56:32 
1-Apr-19, 19:56:34 
1-Apr-19, 19:56:37 
1-Apr-19, 19:56:39 
1-Apr-19, 19:56:40 
1-Apr-19, 19:56:43 
1-Apr-19, 19:56:45 
1-Apr-19, 19:56:45 
1-Apr-19, 19:56:46 
1-Apr-19, 19:56:48 
1-Apr-19, 19:56:50 
1-Apr-19, 19:56:50 
1-Apr-19, 19:56:51 
1-Apr-19, 19:56:55 
1-Apr-19, 19:56:55 
1-Apr-19, 19:56:56 
1-Apr-19, 19:57:00 
1-Apr-19, 19:57:00 
1-Apr-19, 19:57:00 
1-Apr-19, 19:57:01 
1-Apr-19, 19:57:05 
1-Apr-19, 19:57:05 
1-Apr-19, 19:57:06 
1-Apr-19, 19:57:09 
1-Apr-19, 19:57:10 
1-Apr-19, 19:57:11 
1-Apr-19, 19:57:14 
1-Apr-19, 19:57:16 
1-Apr-19, 19:57:18 
1-Apr-19, 19:57:19 
1-Apr-19, 19:57:20 
1-Apr-19, 19:57:21 
1-Apr-19, 19:57:23 
1-Apr-19, 19:57:25 
1-Apr-19, 19:57:26 
1-Apr-19, 19:57:28 
1-Apr-19, 19:57:30 
1-Apr-19, 19:57:31 
1-Apr-19, 19:57:31 
1-Apr-19, 19:57:33 
1-Apr-19, 19:57:36 
1-Apr-19, 19:57:37 
1-Apr-19, 19:57:40 
1-Apr-19, 19:57:42 
1-Apr-19, 19:57:42 
1-Apr-19, 19:57:44 
1-Apr-19, 19:57:45 
1-Apr-19, 19:57:47 
1-Apr-19, 19:57:47 
1-Apr-19, 19:57:49 
1-Apr-19, 19:57:52 
1-Apr-19, 19:57:52 
1-Apr-19, 19:57:53 
1-Apr-19, 19:57:55 
1-Apr-19, 19:57:57 
1-Apr-19, 19:57:58 
1-Apr-19, 19:57:59 
1-Apr-19, 19:58:00 
1-Apr-19, 19:58:04 
1-Apr-19, 19:58:04 
1-Apr-19, 19:58:05 
1-Apr-19, 19:58:09 
1-Apr-19, 19:58:09 
1-Apr-19, 19:58:10 
1-Apr-19, 19:58:12 
1-Apr-19, 19:58:14 
1-Apr-19, 19:58:16 
1-Apr-19, 19:58:17 
1-Apr-19, 19:58:19 
1-Apr-19, 19:58:20 
1-Apr-19, 19:58:21 
1-Apr-19, 19:58:22 
1-Apr-19, 19:58:25 
1-Apr-19, 19:58:26 
1-Apr-19, 19:58:26 
1-Apr-19, 19:58:27 
1-Apr-19, 19:58:30 
1-Apr-19, 19:58:31 
1-Apr-19, 19:58:31 
1-Apr-19, 19:58:32 
1-Apr-19, 19:58:36 
1-Apr-19, 19:58:37 
1-Apr-19, 19:58:38 
1-Apr-19, 19:58:41 
1-Apr-19, 19:58:43 
1-Apr-19, 19:58:46 
1-Apr-19, 19:58:47 
1-Apr-19, 19:58:48 
1-Apr-19, 19:58:48 
1-Apr-19, 19:58:52 
1-Apr-19, 19:58:53 
1-Apr-19, 19:58:54 
1-Apr-19, 19:58:59 
1-Apr-19, 19:58:59 
1-Apr-19, 19:58:59 
1-Apr-19, 19:59:02 
1-Apr-19, 19:59:04 
1-Apr-19, 19:59:04 
1-Apr-19, 19:59:07 
1-Apr-19, 19:59:08 
1-Apr-19, 19:59:11 
1-Apr-19, 19:59:13 
1-Apr-19, 19:59:14 
1-Apr-19, 19:59:15 
1-Apr-19, 19:59:16 
1-Apr-19, 19:59:18 
1-Apr-19, 19:59:19 
1-Apr-19, 19:59:20 
1-Apr-19, 19:59:21 
1-Apr-19, 19:59:23 
1-Apr-19, 19:59:25 
1-Apr-19, 19:59:26 
1-Apr-19, 19:59:28 
1-Apr-19, 19:59:29 
1-Apr-19, 19:59:31 
1-Apr-19, 19:59:33 
1-Apr-19, 19:59:33 
1-Apr-19, 19:59:34 
1-Apr-19, 19:59:36 
1-Apr-19, 19:59:38 
1-Apr-19, 19:59:41 
1-Apr-19, 19:59:42 
1-Apr-19, 19:59:44 
1-Apr-19, 19:59:45 
1-Apr-19, 19:59:47 
1-Apr-19, 19:59:49 
1-Apr-19, 19:59:50 
1-Apr-19, 19:59:51 
1-Apr-19, 19:59:52 
1-Apr-19, 19:59:55 
1-Apr-19, 19:59:56 
1-Apr-19, 19:59:57 
1-Apr-19, 19:59:59 
1-Apr-19, 20:00:03 
1-Apr-19, 20:00:04 
1-Apr-19, 20:00:05 
1-Apr-19, 20:00:07 
1-Apr-19, 20:00:08 
1-Apr-19, 20:00:10 
1-Apr-19, 20:00:12 
1-Apr-19, 20:00:13 
1-Apr-19, 20:00:15 
1-Apr-19, 20:00:19 
1-Apr-19, 20:00:20 
1-Apr-19, 20:00:21 
1-Apr-19, 20:00:21 
1-Apr-19, 20:00:24 
1-Apr-19, 20:00:26 
1-Apr-19, 20:00:26 
1-Apr-19, 20:00:30 
1-Apr-19, 20:00:31 
1-Apr-19, 20:00:34 
1-Apr-19, 20:00:35 
1-Apr-19, 20:00:35 
1-Apr-19, 20:00:36 
1-Apr-19, 20:00:39 
1-Apr-19, 20:00:40 
1-Apr-19, 20:00:40 
1-Apr-19, 20:00:41 
1-Apr-19, 20:00:46 
1-Apr-19, 20:00:48 
1-Apr-19, 20:00:48 
1-Apr-19, 20:00:50 
1-Apr-19, 20:00:53 
1-Apr-19, 20:00:53 
1-Apr-19, 20:00:55 
1-Apr-19, 20:00:55 
1-Apr-19, 20:01:00 
1-Apr-19, 20:01:00 
1-Apr-19, 20:01:00 
1-Apr-19, 20:01:00 
1-Apr-19, 20:01:05 
1-Apr-19, 20:01:05 
1-Apr-19, 20:01:10 
1-Apr-19, 20:01:10 
1-Apr-19, 20:01:10 
1-Apr-19, 20:01:10 
1-Apr-19, 20:01:15 
1-Apr-19, 20:01:15 
1-Apr-19, 20:01:15 
1-Apr-19, 20:01:20 
1-Apr-19, 20:01:20 
1-Apr-19, 20:01:25 
1-Apr-19, 20:01:25 
1-Apr-19, 20:01:25 
1-Apr-19, 20:01:26 
1-Apr-19, 20:01:30 
1-Apr-19, 20:01:30 
1-Apr-19, 20:01:30 
1-Apr-19, 20:01:31 
1-Apr-19, 20:01:36 
1-Apr-19, 20:01:36 
1-Apr-19, 20:01:38 
1-Apr-19, 20:01:40 
1-Apr-19, 20:01:41 
1-Apr-19, 20:01:41 
1-Apr-19, 20:01:43 
1-Apr-19, 20:01:45 
1-Apr-19, 20:01:46 
1-Apr-19, 20:01:49 
1-Apr-19, 20:01:50 
1-Apr-19, 20:01:51 
1-Apr-19, 20:01:52 
1-Apr-19, 20:01:54 
1-Apr-19, 20:01:55 
1-Apr-19, 20:01:57 
1-Apr-19, 20:01:59 
1-Apr-19, 20:02:00 
1-Apr-19, 20:02:00 
1-Apr-19, 20:02:02 
1-Apr-19, 20:02:05 
1-Apr-19, 20:02:07 
1-Apr-19, 20:02:09 
1-Apr-19, 20:02:11 
1-Apr-19, 20:02:12 
1-Apr-19, 20:02:14 
1-Apr-19, 20:02:15 
1-Apr-19, 20:02:16 
1-Apr-19, 20:02:19 
1-Apr-19, 20:02:20 
1-Apr-19, 20:02:21 
1-Apr-19, 20:02:22 
1-Apr-19, 20:02:24 
1-Apr-19, 20:02:25 
1-Apr-19, 20:02:26 
1-Apr-19, 20:02:27 
1-Apr-19, 20:02:31 
1-Apr-19, 20:02:32 
1-Apr-19, 20:02:32 
1-Apr-19, 20:02:34 
1-Apr-19, 20:02:37 
1-Apr-19, 20:02:38 
1-Apr-19, 20:02:39 
1-Apr-19, 20:02:42 
1-Apr-19, 20:02:42 
1-Apr-19, 20:02:43 
1-Apr-19, 20:02:44 
1-Apr-19, 20:02:47 
1-Apr-19, 20:02:49 
1-Apr-19, 20:02:52 
1-Apr-19, 20:02:52 
1-Apr-19, 20:02:53 
1-Apr-19, 20:02:55 
1-Apr-19, 20:02:57 
1-Apr-19, 20:02:58 
1-Apr-19, 20:03:00 
1-Apr-19, 20:03:01 
1-Apr-19, 20:03:04 
1-Apr-19, 20:03:05 
1-Apr-19, 20:03:06 
1-Apr-19, 20:03:08 
1-Apr-19, 20:03:09 
1-Apr-19, 20:03:11 
1-Apr-19, 20:03:13 
1-Apr-19, 20:03:15 
1-Apr-19, 20:03:18 
1-Apr-19, 20:03:19 
1-Apr-19, 20:03:20 
1-Apr-19, 20:03:22 
1-Apr-19, 20:03:23 
1-Apr-19, 20:03:24 
1-Apr-19, 20:03:25 
1-Apr-19, 20:03:27 
1-Apr-19, 20:03:28 
1-Apr-19, 20:03:29 
1-Apr-19, 20:03:33 
1-Apr-19, 20:03:34 
1-Apr-19, 20:03:34 
1-Apr-19, 20:03:37 
1-Apr-19, 20:03:39 
1-Apr-19, 20:03:39 
1-Apr-19, 20:03:42 
1-Apr-19, 20:03:42 
1-Apr-19, 20:03:46 
1-Apr-19, 20:03:47 
1-Apr-19, 20:03:47 
1-Apr-19, 20:03:48 
1-Apr-19, 20:03:51 
1-Apr-19, 20:03:52 
1-Apr-19, 20:03:53 
1-Apr-19, 20:03:55 
1-Apr-19, 20:03:57 
1-Apr-19, 20:04:00 
1-Apr-19, 20:04:02 
1-Apr-19, 20:04:02 
1-Apr-19, 20:04:04 
1-Apr-19, 20:04:07 
1-Apr-19, 20:04:07 
1-Apr-19, 20:04:08 
1-Apr-19, 20:04:09 
1-Apr-19, 20:04:13 
1-Apr-19, 20:04:13 
1-Apr-19, 20:04:14 
1-Apr-19, 20:04:15 
1-Apr-19, 20:04:18 
1-Apr-19, 20:04:20 
1-Apr-19, 20:04:20 
1-Apr-19, 20:04:23 
1-Apr-19, 20:04:25 
1-Apr-19, 20:04:27 
1-Apr-19, 20:04:28 
1-Apr-19, 20:04:30 
1-Apr-19, 20:04:30 
1-Apr-19, 20:04:32 
1-Apr-19, 20:04:35 
1-Apr-19, 20:04:37 
1-Apr-19, 20:04:38 
1-Apr-19, 20:04:39 
1-Apr-19, 20:04:40 
1-Apr-19, 20:04:42 
1-Apr-19, 20:04:43 
1-Apr-19, 20:04:44 
1-Apr-19, 20:04:48 
1-Apr-19, 20:04:49 
1-Apr-19, 20:04:52 
1-Apr-19, 20:04:52 
1-Apr-19, 20:04:53 
1-Apr-19, 20:04:54 
1-Apr-19, 20:04:57 
1-Apr-19, 20:04:57 
1-Apr-19, 20:05:00 
1-Apr-19, 20:05:04 
1-Apr-19, 20:05:05 
1-Apr-19, 20:05:06 
1-Apr-19, 20:05:07 
1-Apr-19, 20:05:09 
1-Apr-19, 20:05:11 
1-Apr-19, 20:05:12 
1-Apr-19, 20:05:14 
1-Apr-19, 20:05:14 
1-Apr-19, 20:05:16 
1-Apr-19, 20:05:19 
1-Apr-19, 20:05:21 
1-Apr-19, 20:05:21 
1-Apr-19, 20:05:23 
1-Apr-19, 20:05:24 
1-Apr-19, 20:05:26 
1-Apr-19, 20:05:28 
1-Apr-19, 20:05:29 
1-Apr-19, 20:05:29 
1-Apr-19, 20:05:31 
1-Apr-19, 20:05:34 
1-Apr-19, 20:05:37 
1-Apr-19, 20:05:37 
1-Apr-19, 20:05:39 
1-Apr-19, 20:05:39 
1-Apr-19, 20:05:42 
1-Apr-19, 20:05:42 
1-Apr-19, 20:05:44 
1-Apr-19, 20:05:44 
1-Apr-19, 20:05:49 
1-Apr-19, 20:05:51 
1-Apr-19, 20:05:54 
1-Apr-19, 20:05:54 
1-Apr-19, 20:05:55 
1-Apr-19, 20:05:56 
1-Apr-19, 20:05:59 
1-Apr-19, 20:05:59 
1-Apr-19, 20:06:00 
1-Apr-19, 20:06:04 
1-Apr-19, 20:06:05 
1-Apr-19, 20:06:07 
1-Apr-19, 20:06:07 
1-Apr-19, 20:06:09 
1-Apr-19, 20:06:10 
1-Apr-19, 20:06:12 
1-Apr-19, 20:06:12 
1-Apr-19, 20:06:15 
1-Apr-19, 20:06:17 
1-Apr-19, 20:06:18 
1-Apr-19, 20:06:20 
1-Apr-19, 20:06:23 
1-Apr-19, 20:06:23 
1-Apr-19, 20:06:25 
1-Apr-19, 20:06:28 
1-Apr-19, 20:06:28 
1-Apr-19, 20:06:30 
1-Apr-19, 20:06:30 
1-Apr-19, 20:06:33 
1-Apr-19, 20:06:33 
1-Apr-19, 20:06:35 
1-Apr-19, 20:06:38 
1-Apr-19, 20:06:38 
1-Apr-19, 20:06:39 
1-Apr-19, 20:06:40 
1-Apr-19, 20:06:43 
1-Apr-19, 20:06:44 
1-Apr-19, 20:06:44 
1-Apr-19, 20:06:49 
1-Apr-19, 20:06:50 
1-Apr-19, 20:06:52 
1-Apr-19, 20:06:55 
1-Apr-19, 20:06:55 
1-Apr-19, 20:06:56 
1-Apr-19, 20:06:57 
1-Apr-19, 20:07:00 
1-Apr-19, 20:07:01 
1-Apr-19, 20:07:05 
1-Apr-19, 20:07:06 
1-Apr-19, 20:07:06 
1-Apr-19, 20:07:08 
1-Apr-19, 20:07:10 
1-Apr-19, 20:07:11 
1-Apr-19, 20:07:11 
1-Apr-19, 20:07:13 
1-Apr-19, 20:07:16 
1-Apr-19, 20:07:19 
1-Apr-19, 20:07:19 
1-Apr-19, 20:07:21 
1-Apr-19, 20:07:22 
1-Apr-19, 20:07:24 
1-Apr-19, 20:07:24 
1-Apr-19, 20:07:27 
1-Apr-19, 20:07:27 
1-Apr-19, 20:07:29 
1-Apr-19, 20:07:32 
1-Apr-19, 20:07:34 
1-Apr-19, 20:07:36 
1-Apr-19, 20:07:37 
1-Apr-19, 20:07:39 
1-Apr-19, 20:07:41 
1-Apr-19, 20:07:42 
1-Apr-19, 20:07:42 
1-Apr-19, 20:07:47 
1-Apr-19, 20:07:48 
1-Apr-19, 20:07:50 
1-Apr-19, 20:07:52 
1-Apr-19, 20:07:53 
1-Apr-19, 20:07:53 
1-Apr-19, 20:07:55 
1-Apr-19, 20:07:57 
1-Apr-19, 20:07:58 
1-Apr-19, 20:07:58 
1-Apr-19, 20:08:00 
1-Apr-19, 20:08:02 
1-Apr-19, 20:08:03 
1-Apr-19, 20:08:03 
1-Apr-19, 20:08:08 
1-Apr-19, 20:08:08 
1-Apr-19, 20:08:12 
1-Apr-19, 20:08:12 
1-Apr-19, 20:08:13 
1-Apr-19, 20:08:14 
1-Apr-19, 20:08:17 
1-Apr-19, 20:08:17 
1-Apr-19, 20:08:19 
1-Apr-19, 20:08:22 
1-Apr-19, 20:08:23 
1-Apr-19, 20:08:24 
1-Apr-19, 20:08:27 
1-Apr-19, 20:08:27 
1-Apr-19, 20:08:28 
1-Apr-19, 20:08:32 
1-Apr-19, 20:08:33 
1-Apr-19, 20:08:33 
1-Apr-19, 20:08:35 
1-Apr-19, 20:08:37 
1-Apr-19, 20:08:38 
1-Apr-19, 20:08:40 
1-Apr-19, 20:08:42 
1-Apr-19, 20:08:43 
1-Apr-19, 20:08:43 
1-Apr-19, 20:08:45 
1-Apr-19, 20:08:48 
1-Apr-19, 20:08:48 
1-Apr-19, 20:08:50 
1-Apr-19, 20:08:51 
1-Apr-19, 20:08:53 
1-Apr-19, 20:08:56 
1-Apr-19, 20:08:56 
1-Apr-19, 20:09:01 
1-Apr-19, 20:09:01 
1-Apr-19, 20:09:02 
1-Apr-19, 20:09:05 
1-Apr-19, 20:09:06 
1-Apr-19, 20:09:07 
1-Apr-19, 20:09:10 
1-Apr-19, 20:09:11 
1-Apr-19, 20:09:11 
1-Apr-19, 20:09:14 
1-Apr-19, 20:09:16 
1-Apr-19, 20:09:16 
1-Apr-19, 20:09:19 
1-Apr-19, 20:09:19 
1-Apr-19, 20:09:21 
1-Apr-19, 20:09:21 
1-Apr-19, 20:09:24 
1-Apr-19, 20:09:28 
1-Apr-19, 20:09:30 
1-Apr-19, 20:09:30 
1-Apr-19, 20:09:33 
1-Apr-19, 20:09:34 
1-Apr-19, 20:09:35 
1-Apr-19, 20:09:35 
1-Apr-19, 20:09:38 
1-Apr-19, 20:09:39 
1-Apr-19, 20:09:45 
1-Apr-19, 20:09:46 
1-Apr-19, 20:09:48 
1-Apr-19, 20:09:49 
1-Apr-19, 20:09:50 
1-Apr-19, 20:09:51 
1-Apr-19, 20:09:53 
1-Apr-19, 20:09:54 
1-Apr-19, 20:09:58 
1-Apr-19, 20:09:59 
1-Apr-19, 20:09:59 
1-Apr-19, 20:09:59 
1-Apr-19, 20:10:03 
1-Apr-19, 20:10:04 
1-Apr-19, 20:10:04 
1-Apr-19, 20:10:08 
1-Apr-19, 20:10:09 
1-Apr-19, 20:10:10 
1-Apr-19, 20:10:11 
1-Apr-19, 20:10:13 
1-Apr-19, 20:10:15 
1-Apr-19, 20:10:16 
1-Apr-19, 20:10:16 
1-Apr-19, 20:10:18 
1-Apr-19, 20:10:21 
1-Apr-19, 20:10:25 
1-Apr-19, 20:10:26 
1-Apr-19, 20:10:26 
1-Apr-19, 20:10:29 
1-Apr-19, 20:10:30 
1-Apr-19, 20:10:31 
1-Apr-19, 20:10:32 
1-Apr-19, 20:10:34 
1-Apr-19, 20:10:36 
1-Apr-19, 20:10:41 
1-Apr-19, 20:10:42 
1-Apr-19, 20:10:42 
1-Apr-19, 20:10:45 
1-Apr-19, 20:10:46 
1-Apr-19, 20:10:47 
1-Apr-19, 20:10:47 
1-Apr-19, 20:10:50 
1-Apr-19, 20:10:52 
1-Apr-19, 20:10:54 
1-Apr-19, 20:10:55 
1-Apr-19, 20:10:57 
1-Apr-19, 20:10:57 
1-Apr-19, 20:10:59 
1-Apr-19, 20:11:00 
1-Apr-19, 20:11:02 
1-Apr-19, 20:11:02 
1-Apr-19, 20:11:06 
1-Apr-19, 20:11:07 
1-Apr-19, 20:11:07 
1-Apr-19, 20:11:10 
1-Apr-19, 20:11:11 
1-Apr-19, 20:11:12 
1-Apr-19, 20:11:12 
1-Apr-19, 20:11:15 
1-Apr-19, 20:11:16 
1-Apr-19, 20:11:17 
1-Apr-19, 20:11:20 
1-Apr-19, 20:11:21 
1-Apr-19, 20:11:22 
1-Apr-19, 20:11:26 
1-Apr-19, 20:11:27 
1-Apr-19, 20:11:27 
1-Apr-19, 20:11:27 
1-Apr-19, 20:11:31 
1-Apr-19, 20:11:32 
1-Apr-19, 20:11:32 
1-Apr-19, 20:11:36 
1-Apr-19, 20:11:37 
1-Apr-19, 20:11:37 
1-Apr-19, 20:11:40 
1-Apr-19, 20:11:41 
1-Apr-19, 20:11:43 
1-Apr-19, 20:11:43 
1-Apr-19, 20:11:45 
1-Apr-19, 20:11:46 
1-Apr-19, 20:11:48 
1-Apr-19, 20:11:48 
1-Apr-19, 20:11:50 
1-Apr-19, 20:11:51 
1-Apr-19, 20:11:53 
1-Apr-19, 20:11:53 
1-Apr-19, 20:11:55 
1-Apr-19, 20:11:58 
1-Apr-19, 20:11:58 
1-Apr-19, 20:12:00 
1-Apr-19, 20:12:04 
1-Apr-19, 20:12:05 
1-Apr-19, 20:12:06 
1-Apr-19, 20:12:06 
1-Apr-19, 20:12:09 
1-Apr-19, 20:12:11 
1-Apr-19, 20:12:11 
1-Apr-19, 20:12:12 
1-Apr-19, 20:12:17 
1-Apr-19, 20:12:19 
1-Apr-19, 20:12:20 
1-Apr-19, 20:12:21 
1-Apr-19, 20:12:23 
1-Apr-19, 20:12:24 
1-Apr-19, 20:12:25 
1-Apr-19, 20:12:26 
1-Apr-19, 20:12:28 
1-Apr-19, 20:12:31 
1-Apr-19, 20:12:32 
1-Apr-19, 20:12:33 
1-Apr-19, 20:12:35 
1-Apr-19, 20:12:36 
1-Apr-19, 20:12:37 
1-Apr-19, 20:12:40 
1-Apr-19, 20:12:42 
1-Apr-19, 20:12:44 
1-Apr-19, 20:12:45 
1-Apr-19, 20:12:47 
1-Apr-19, 20:12:48 
1-Apr-19, 20:12:49 
1-Apr-19, 20:12:53 
1-Apr-19, 20:12:55 
1-Apr-19, 20:12:55 
1-Apr-19, 20:12:57 
1-Apr-19, 20:13:00 
1-Apr-19, 20:13:00 
1-Apr-19, 20:13:01 
1-Apr-19, 20:13:02 
1-Apr-19, 20:13:05 
1-Apr-19, 20:13:06 
1-Apr-19, 20:13:10 
1-Apr-19, 20:13:11 
1-Apr-19, 20:13:11 
1-Apr-19, 20:13:12 
1-Apr-19, 20:13:16 
1-Apr-19, 20:13:17 
1-Apr-19, 20:13:17 
1-Apr-19, 20:13:17 
1-Apr-19, 20:13:21 
1-Apr-19, 20:13:22 
1-Apr-19, 20:13:22 
1-Apr-19, 20:13:27 
1-Apr-19, 20:13:28 
1-Apr-19, 20:13:28 
1-Apr-19, 20:13:31 
1-Apr-19, 20:13:32 
1-Apr-19, 20:13:33 
1-Apr-19, 20:13:33 
1-Apr-19, 20:13:36 
1-Apr-19, 20:13:38 
1-Apr-19, 20:13:39 
1-Apr-19, 20:13:40 
1-Apr-19, 20:13:41 
1-Apr-19, 20:13:43 
1-Apr-19, 20:13:44 
1-Apr-19, 20:13:45 
1-Apr-19, 20:13:49 
1-Apr-19, 20:13:50 
1-Apr-19, 20:13:50 
1-Apr-19, 20:13:55 
1-Apr-19, 20:13:55 
1-Apr-19, 20:13:56 
1-Apr-19, 20:13:56 
1-Apr-19, 20:14:00 
1-Apr-19, 20:14:01 
1-Apr-19, 20:14:01 
1-Apr-19, 20:14:05 
1-Apr-19, 20:14:05 
1-Apr-19, 20:14:09 
1-Apr-19, 20:14:10 
1-Apr-19, 20:14:10 
1-Apr-19, 20:14:10 
1-Apr-19, 20:14:14 
1-Apr-19, 20:14:15 
1-Apr-19, 20:14:15 
1-Apr-19, 20:14:15 
1-Apr-19, 20:14:19 
1-Apr-19, 20:14:20 
1-Apr-19, 20:14:20 
1-Apr-19, 20:14:23 
1-Apr-19, 20:14:24 
1-Apr-19, 20:14:26 
1-Apr-19, 20:14:28 
1-Apr-19, 20:14:30 
1-Apr-19, 20:14:30 
1-Apr-19, 20:14:31 
1-Apr-19, 20:14:35 
1-Apr-19, 20:14:35 
1-Apr-19, 20:14:35 
1-Apr-19, 20:14:36 
1-Apr-19, 20:14:40 
1-Apr-19, 20:14:41 
1-Apr-19, 20:14:43 
1-Apr-19, 20:14:46 
1-Apr-19, 20:14:48 
1-Apr-19, 20:14:51 
1-Apr-19, 20:14:51 
1-Apr-19, 20:14:51 
1-Apr-19, 20:14:53 
1-Apr-19, 20:14:56 
1-Apr-19, 20:14:56 
1-Apr-19, 20:14:56 
1-Apr-19, 20:15:00 
1-Apr-19, 20:15:01 
1-Apr-19, 20:15:02 
1-Apr-19, 20:15:05 
1-Apr-19, 20:15:05 
1-Apr-19, 20:15:07 
1-Apr-19, 20:15:10 
1-Apr-19, 20:15:10 
1-Apr-19, 20:15:10 
1-Apr-19, 20:15:12 
1-Apr-19, 20:15:15 
1-Apr-19, 20:15:15 
1-Apr-19, 20:15:18 
1-Apr-19, 20:15:19 
1-Apr-19, 20:15:20 
1-Apr-19, 20:15:20 
1-Apr-19, 20:15:23 
1-Apr-19, 20:15:24 
1-Apr-19, 20:15:25 
1-Apr-19, 20:15:28 
1-Apr-19, 20:15:28 
1-Apr-19, 20:15:30 
1-Apr-19, 20:15:32 
1-Apr-19, 20:15:33 
1-Apr-19, 20:15:33 
1-Apr-19, 20:15:35 
1-Apr-19, 20:15:37 
1-Apr-19, 20:15:38 
1-Apr-19, 20:15:42 
1-Apr-19, 20:15:43 
1-Apr-19, 20:15:43 
1-Apr-19, 20:15:45 
1-Apr-19, 20:15:48 
1-Apr-19, 20:15:50 
1-Apr-19, 20:15:50 
1-Apr-19, 20:15:51 
1-Apr-19, 20:15:53 
1-Apr-19, 20:15:55 
1-Apr-19, 20:15:55 
1-Apr-19, 20:15:56 
1-Apr-19, 20:16:00 
1-Apr-19, 20:16:00 
1-Apr-19, 20:16:02 
1-Apr-19, 20:16:05 
1-Apr-19, 20:16:05 
1-Apr-19, 20:16:06 
1-Apr-19, 20:16:07 
1-Apr-19, 20:16:10 
1-Apr-19, 20:16:10 
1-Apr-19, 20:16:11 
1-Apr-19, 20:16:15 
1-Apr-19, 20:16:15 
1-Apr-19, 20:16:20 
1-Apr-19, 20:16:20 
1-Apr-19, 20:16:20 
1-Apr-19, 20:16:20 
1-Apr-19, 20:16:25 
1-Apr-19, 20:16:25 
1-Apr-19, 20:16:25 
1-Apr-19, 20:16:27 
1-Apr-19, 20:16:30 
1-Apr-19, 20:16:31 
1-Apr-19, 20:16:32 
1-Apr-19, 20:16:35 
1-Apr-19, 20:16:36 
1-Apr-19, 20:16:37 
1-Apr-19, 20:16:40 
1-Apr-19, 20:16:41 
1-Apr-19, 20:16:46 
1-Apr-19, 20:16:46 
1-Apr-19, 20:16:47 
1-Apr-19, 20:16:47 
1-Apr-19, 20:16:51 
1-Apr-19, 20:16:52 
1-Apr-19, 20:16:52 
1-Apr-19, 20:16:54 
1-Apr-19, 20:16:57 
1-Apr-19, 20:16:58 
1-Apr-19, 20:16:59 
1-Apr-19, 20:17:01 
1-Apr-19, 20:17:02 
1-Apr-19, 20:17:03 
1-Apr-19, 20:17:06 
1-Apr-19, 20:17:06 
1-Apr-19, 20:17:07 
1-Apr-19, 20:17:08 
1-Apr-19, 20:17:11 
1-Apr-19, 20:17:11 
1-Apr-19, 20:17:16 
1-Apr-19, 20:17:17 
1-Apr-19, 20:17:21 
1-Apr-19, 20:17:21 
1-Apr-19, 20:17:21 
1-Apr-19, 20:17:22 
1-Apr-19, 20:17:26 
1-Apr-19, 20:17:26 
1-Apr-19, 20:17:27 
1-Apr-19, 20:17:31 
1-Apr-19, 20:17:32 
1-Apr-19, 20:17:33 
1-Apr-19, 20:17:37 
1-Apr-19, 20:17:37 
1-Apr-19, 20:17:38 
1-Apr-19, 20:17:39 
1-Apr-19, 20:17:42 
1-Apr-19, 20:17:44 
1-Apr-19, 20:17:45 
1-Apr-19, 20:17:46 
1-Apr-19, 20:17:47 
1-Apr-19, 20:17:50 
1-Apr-19, 20:17:51 
1-Apr-19, 20:17:52 
1-Apr-19, 20:17:53 
1-Apr-19, 20:17:55 
1-Apr-19, 20:17:56 
1-Apr-19, 20:17:58 
1-Apr-19, 20:18:01 
1-Apr-19, 20:18:02 
1-Apr-19, 20:18:03 
1-Apr-19, 20:18:05 
1-Apr-19, 20:18:06 
1-Apr-19, 20:18:07 
1-Apr-19, 20:18:08 
1-Apr-19, 20:18:10 
1-Apr-19, 20:18:12 
1-Apr-19, 20:18:13 
1-Apr-19, 20:18:13 
1-Apr-19, 20:18:15 
1-Apr-19, 20:18:18 
1-Apr-19, 20:18:18 
1-Apr-19, 20:18:18 
1-Apr-19, 20:18:22 
1-Apr-19, 20:18:23 
1-Apr-19, 20:18:23 
1-Apr-19, 20:18:26 
1-Apr-19, 20:18:27 
1-Apr-19, 20:18:28 
1-Apr-19, 20:18:31 
1-Apr-19, 20:18:32 
1-Apr-19, 20:18:33 
1-Apr-19, 20:18:36 
1-Apr-19, 20:18:38 
1-Apr-19, 20:18:39 
1-Apr-19, 20:18:41 
1-Apr-19, 20:18:42 
1-Apr-19, 20:18:44 
1-Apr-19, 20:18:44 
1-Apr-19, 20:18:46 
1-Apr-19, 20:18:47 
1-Apr-19, 20:18:49 
1-Apr-19, 20:18:49 
1-Apr-19, 20:18:54 
1-Apr-19, 20:18:54 
1-Apr-19, 20:18:54 
1-Apr-19, 20:18:54 
1-Apr-19, 20:18:59 
1-Apr-19, 20:18:59 
1-Apr-19, 20:18:59 
1-Apr-19, 20:18:59 
1-Apr-19, 20:19:04 
1-Apr-19, 20:19:04 
1-Apr-19, 20:19:07 
1-Apr-19, 20:19:09 
1-Apr-19, 20:19:09 
1-Apr-19, 20:19:12 
1-Apr-19, 20:19:12 
1-Apr-19, 20:19:14 
1-Apr-19, 20:19:17 
1-Apr-19, 20:19:19 
1-Apr-19, 20:19:19 
1-Apr-19, 20:19:20 
1-Apr-19, 20:19:22 
1-Apr-19, 20:19:24 
1-Apr-19, 20:19:25 
1-Apr-19, 20:19:29 
1-Apr-19, 20:19:30 
1-Apr-19, 20:19:31 
1-Apr-19, 20:19:33 
1-Apr-19, 20:19:34 
1-Apr-19, 20:19:35 
1-Apr-19, 20:19:36 
1-Apr-19, 20:19:38 
1-Apr-19, 20:19:44 
1-Apr-19, 20:19:44 
1-Apr-19, 20:19:45 
1-Apr-19, 20:19:46 
1-Apr-19, 20:19:49 
1-Apr-19, 20:19:49 
1-Apr-19, 20:19:50 
1-Apr-19, 20:19:51 
1-Apr-19, 20:19:56 
1-Apr-19, 20:19:57 
1-Apr-19, 20:19:58 
1-Apr-19, 20:19:59 
1-Apr-19, 20:20:01 
1-Apr-19, 20:20:02 
1-Apr-19, 20:20:03 
1-Apr-19, 20:20:04 
1-Apr-19, 20:20:10 
1-Apr-19, 20:20:10 
1-Apr-19, 20:20:12 
1-Apr-19, 20:20:13 
1-Apr-19, 20:20:15 
1-Apr-19, 20:20:15 
1-Apr-19, 20:20:17 
1-Apr-19, 20:20:18 
1-Apr-19, 20:20:20 
1-Apr-19, 20:20:20 
1-Apr-19, 20:20:23 
1-Apr-19, 20:20:25 
1-Apr-19, 20:20:26 
1-Apr-19, 20:20:27 
1-Apr-19, 20:20:28 
1-Apr-19, 20:20:30 
1-Apr-19, 20:20:31 
1-Apr-19, 20:20:32 
1-Apr-19, 20:20:36 
1-Apr-19, 20:20:36 
1-Apr-19, 20:20:37 
1-Apr-19, 20:20:37 
1-Apr-19, 20:20:41 
1-Apr-19, 20:20:42 
1-Apr-19, 20:20:44 
1-Apr-19, 20:20:46 
1-Apr-19, 20:20:46 
1-Apr-19, 20:20:47 
1-Apr-19, 20:20:49 
1-Apr-19, 20:20:51 
1-Apr-19, 20:20:54 
1-Apr-19, 20:20:56 
1-Apr-19, 20:20:58 
1-Apr-19, 20:20:59 
1-Apr-19, 20:21:01 
1-Apr-19, 20:21:02 
1-Apr-19, 20:21:03 
1-Apr-19, 20:21:04 
1-Apr-19, 20:21:07 
1-Apr-19, 20:21:09 
1-Apr-19, 20:21:10 
1-Apr-19, 20:21:13 
1-Apr-19, 20:21:14 
1-Apr-19, 20:21:15 
1-Apr-19, 20:21:17 
1-Apr-19, 20:21:18 
1-Apr-19, 20:21:19 
1-Apr-19, 20:21:22 
1-Apr-19, 20:21:24 
1-Apr-19, 20:21:25 
1-Apr-19, 20:21:26 
1-Apr-19, 20:21:30 
1-Apr-19, 20:21:31 
1-Apr-19, 20:21:31 
1-Apr-19, 20:21:31 
1-Apr-19, 20:21:36 
1-Apr-19, 20:21:36 
1-Apr-19, 20:21:36 
1-Apr-19, 20:21:39 
1-Apr-19, 20:21:43 
1-Apr-19, 20:21:44 
1-Apr-19, 20:21:44 
1-Apr-19, 20:21:46 
1-Apr-19, 20:21:48 
1-Apr-19, 20:21:49 
1-Apr-19, 20:21:51 
1-Apr-19, 20:21:53 
1-Apr-19, 20:21:54 
1-Apr-19, 20:21:54 
1-Apr-19, 20:21:56 
1-Apr-19, 20:21:59 
1-Apr-19, 20:22:03 
1-Apr-19, 20:22:04 
1-Apr-19, 20:22:04 
1-Apr-19, 20:22:05 
1-Apr-19, 20:22:08 
1-Apr-19, 20:22:09 
1-Apr-19, 20:22:10 
1-Apr-19, 20:22:13 
1-Apr-19, 20:22:14 
1-Apr-19, 20:22:15 
1-Apr-19, 20:22:17 
1-Apr-19, 20:22:19 
1-Apr-19, 20:22:20 
1-Apr-19, 20:22:22 
1-Apr-19, 20:22:22 
1-Apr-19, 20:22:24 
1-Apr-19, 20:22:27 
1-Apr-19, 20:22:27 
1-Apr-19, 20:22:27 
1-Apr-19, 20:22:32 
1-Apr-19, 20:22:34 
1-Apr-19, 20:22:35 
1-Apr-19, 20:22:37 
1-Apr-19, 20:22:37 
1-Apr-19, 20:22:39 
1-Apr-19, 20:22:40 
1-Apr-19, 20:22:42 
1-Apr-19, 20:22:47 
1-Apr-19, 20:22:48 
1-Apr-19, 20:22:49 
1-Apr-19, 20:22:49 
1-Apr-19, 20:22:53 
1-Apr-19, 20:22:54 
1-Apr-19, 20:22:54 
1-Apr-19, 20:22:57 
1-Apr-19, 20:23:00 
1-Apr-19, 20:23:02 
1-Apr-19, 20:23:03 
1-Apr-19, 20:23:05 
1-Apr-19, 20:23:05 
1-Apr-19, 20:23:08 
1-Apr-19, 20:23:10 
1-Apr-19, 20:23:10 
1-Apr-19, 20:23:12 
1-Apr-19, 20:23:13 
1-Apr-19, 20:23:15 
1-Apr-19, 20:23:17 
1-Apr-19, 20:23:18 
1-Apr-19, 20:23:19 
1-Apr-19, 20:23:22 
1-Apr-19, 20:23:24 
1-Apr-19, 20:23:25 
1-Apr-19, 20:23:28 
1-Apr-19, 20:23:30 
1-Apr-19, 20:23:31 
1-Apr-19, 20:23:32 
1-Apr-19, 20:23:33 
1-Apr-19, 20:23:35 
1-Apr-19, 20:23:36 
1-Apr-19, 20:23:37 
1-Apr-19, 20:23:41 
1-Apr-19, 20:23:43 
1-Apr-19, 20:23:44 
1-Apr-19, 20:23:45 
1-Apr-19, 20:23:46 
1-Apr-19, 20:23:48 
1-Apr-19, 20:23:49 
1-Apr-19, 20:23:50 
1-Apr-19, 20:23:51 
1-Apr-19, 20:23:55 
1-Apr-19, 20:23:58 
1-Apr-19, 20:23:59 
1-Apr-19, 20:24:00 
1-Apr-19, 20:24:00 
1-Apr-19, 20:24:03 
1-Apr-19, 20:24:04 
1-Apr-19, 20:24:05 
1-Apr-19, 20:24:08 
1-Apr-19, 20:24:10 
1-Apr-19, 20:24:12 
1-Apr-19, 20:24:13 
1-Apr-19, 20:24:14 
1-Apr-19, 20:24:15 
1-Apr-19, 20:24:17 
1-Apr-19, 20:24:19 
1-Apr-19, 20:24:20 
1-Apr-19, 20:24:24 
1-Apr-19, 20:24:24 
1-Apr-19, 20:24:25 
1-Apr-19, 20:24:26 
1-Apr-19, 20:24:29 
1-Apr-19, 20:24:29 
1-Apr-19, 20:24:31 
1-Apr-19, 20:24:35 
1-Apr-19, 20:24:36 
1-Apr-19, 20:24:38 
1-Apr-19, 20:24:40 
1-Apr-19, 20:24:41 
1-Apr-19, 20:24:41 
1-Apr-19, 20:24:43 
1-Apr-19, 20:24:46 
1-Apr-19, 20:24:48 
1-Apr-19, 20:24:48 
1-Apr-19, 20:24:49 
1-Apr-19, 20:24:53 
1-Apr-19, 20:24:53 
1-Apr-19, 20:24:54 
1-Apr-19, 20:24:54 
1-Apr-19, 20:24:58 
1-Apr-19, 20:24:59 
1-Apr-19, 20:25:01 
1-Apr-19, 20:25:03 
1-Apr-19, 20:25:03 
1-Apr-19, 20:25:06 
1-Apr-19, 20:25:08 
1-Apr-19, 20:25:08 
1-Apr-19, 20:25:11 
1-Apr-19, 20:25:13 
1-Apr-19, 20:25:13 
1-Apr-19, 20:25:16 
1-Apr-19, 20:25:18 
1-Apr-19, 20:25:18 
1-Apr-19, 20:25:21 
1-Apr-19, 20:25:23 
1-Apr-19, 20:25:23 
1-Apr-19, 20:25:23 
1-Apr-19, 20:25:26 
1-Apr-19, 20:25:28 
1-Apr-19, 20:25:29 
1-Apr-19, 20:25:31 
1-Apr-19, 20:25:31 
1-Apr-19, 20:25:33 
1-Apr-19, 20:25:34 
1-Apr-19, 20:25:36 
1-Apr-19, 20:25:36 
1-Apr-19, 20:25:39 
1-Apr-19, 20:25:43 
1-Apr-19, 20:25:43 
1-Apr-19, 20:25:44 
1-Apr-19, 20:25:46 
1-Apr-19, 20:25:48 
1-Apr-19, 20:25:48 
1-Apr-19, 20:25:49 
1-Apr-19, 20:25:51 
1-Apr-19, 20:25:56 
1-Apr-19, 20:25:57 
1-Apr-19, 20:25:58 
1-Apr-19, 20:25:59 
1-Apr-19, 20:26:01 
1-Apr-19, 20:26:02 
1-Apr-19, 20:26:03 
1-Apr-19, 20:26:04 
1-Apr-19, 20:26:07 
1-Apr-19, 20:26:08 
1-Apr-19, 20:26:10 
1-Apr-19, 20:26:11 
1-Apr-19, 20:26:14 
1-Apr-19, 20:26:15 
1-Apr-19, 20:26:16 
1-Apr-19, 20:26:18 
1-Apr-19, 20:26:19 
1-Apr-19, 20:26:20 
1-Apr-19, 20:26:23 
1-Apr-19, 20:26:25 
1-Apr-19, 20:26:27 
1-Apr-19, 20:26:29 
1-Apr-19, 20:26:29 
1-Apr-19, 20:26:32 
1-Apr-19, 20:26:34 
1-Apr-19, 20:26:34 
1-Apr-19, 20:26:35 
1-Apr-19, 20:26:39 
1-Apr-19, 20:26:40 
1-Apr-19, 20:26:42 
1-Apr-19, 20:26:43 
1-Apr-19, 20:26:47 
1-Apr-19, 20:26:48 
1-Apr-19, 20:26:48 
1-Apr-19, 20:26:48 
1-Apr-19, 20:26:53 
1-Apr-19, 20:26:53 
1-Apr-19, 20:26:56 
1-Apr-19, 20:26:57 
1-Apr-19, 20:26:58 
1-Apr-19, 20:26:58 
1-Apr-19, 20:27:01 
1-Apr-19, 20:27:02 
1-Apr-19, 20:27:03 
1-Apr-19, 20:27:05 
1-Apr-19, 20:27:08 
1-Apr-19, 20:27:10 
1-Apr-19, 20:27:11 
1-Apr-19, 20:27:11 
1-Apr-19, 20:27:15 
1-Apr-19, 20:27:16 
1-Apr-19, 20:27:16 
1-Apr-19, 20:27:20 
1-Apr-19, 20:27:21 
1-Apr-19, 20:27:21 
1-Apr-19, 20:27:21 
1-Apr-19, 20:27:25 
1-Apr-19, 20:27:26 
1-Apr-19, 20:27:26 
1-Apr-19, 20:27:27 
1-Apr-19, 20:27:31 
1-Apr-19, 20:27:31 
1-Apr-19, 20:27:32 
1-Apr-19, 20:27:36 
1-Apr-19, 20:27:36 
1-Apr-19, 20:27:38 
1-Apr-19, 20:27:39 
1-Apr-19, 20:27:41 
1-Apr-19, 20:27:43 
1-Apr-19, 20:27:44 
1-Apr-19, 20:27:44 
1-Apr-19, 20:27:48 
1-Apr-19, 20:27:48 
1-Apr-19, 20:27:49 
1-Apr-19, 20:27:49 
1-Apr-19, 20:27:53 
1-Apr-19, 20:27:55 
1-Apr-19, 20:27:57 
1-Apr-19, 20:27:57 
1-Apr-19, 20:28:00 
1-Apr-19, 20:28:02 
1-Apr-19, 20:28:02 
1-Apr-19, 20:28:04 
1-Apr-19, 20:28:06 
1-Apr-19, 20:28:09 
1-Apr-19, 20:28:11 
1-Apr-19, 20:28:11 
1-Apr-19, 20:28:12 
1-Apr-19, 20:28:16 
1-Apr-19, 20:28:16 
1-Apr-19, 20:28:17 
1-Apr-19, 20:28:17 
1-Apr-19, 20:28:21 
1-Apr-19, 20:28:22 
1-Apr-19, 20:28:23 
1-Apr-19, 20:28:24 
1-Apr-19, 20:28:26 
1-Apr-19, 20:28:27 
1-Apr-19, 20:28:28 
1-Apr-19, 20:28:29 
1-Apr-19, 20:28:31 
1-Apr-19, 20:28:34 
1-Apr-19, 20:28:35 
1-Apr-19, 20:28:35 
1-Apr-19, 20:28:39 
1-Apr-19, 20:28:39 
1-Apr-19, 20:28:40 
1-Apr-19, 20:28:40 
1-Apr-19, 20:28:44 
1-Apr-19, 20:28:46 
1-Apr-19, 20:28:49 
1-Apr-19, 20:28:50 
1-Apr-19, 20:28:51 
1-Apr-19, 20:28:52 
1-Apr-19, 20:28:54 
1-Apr-19, 20:28:55 
1-Apr-19, 20:28:56 
1-Apr-19, 20:28:57 
1-Apr-19, 20:29:00 
1-Apr-19, 20:29:01 
1-Apr-19, 20:29:03 
1-Apr-19, 20:29:05 
1-Apr-19, 20:29:06 
1-Apr-19, 20:29:08 
1-Apr-19, 20:29:10 
1-Apr-19, 20:29:10 
1-Apr-19, 20:29:11 
1-Apr-19, 20:29:15 
1-Apr-19, 20:29:15 
1-Apr-19, 20:29:16 
1-Apr-19, 20:29:17 
1-Apr-19, 20:29:20 
1-Apr-19, 20:29:22 
1-Apr-19, 20:29:22 
1-Apr-19, 20:29:24 
1-Apr-19, 20:29:27 
1-Apr-19, 20:29:27 
1-Apr-19, 20:29:29 
1-Apr-19, 20:29:29 
1-Apr-19, 20:29:32 
1-Apr-19, 20:29:32 
1-Apr-19, 20:29:34 
1-Apr-19, 20:29:37 
1-Apr-19, 20:29:38 
1-Apr-19, 20:29:39 
1-Apr-19, 20:29:41 
1-Apr-19, 20:29:43 
1-Apr-19, 20:29:44 
1-Apr-19, 20:29:46 
1-Apr-19, 20:29:48 
1-Apr-19, 20:29:48 
1-Apr-19, 20:29:51 
1-Apr-19, 20:29:53 
1-Apr-19, 20:29:56 
1-Apr-19, 20:29:56 
1-Apr-19, 20:29:57 
1-Apr-19, 20:30:01 
1-Apr-19, 20:30:01 
1-Apr-19, 20:30:02 
1-Apr-19, 20:30:04 
1-Apr-19, 20:30:06 
1-Apr-19, 20:30:08 
1-Apr-19, 20:30:09 
1-Apr-19, 20:30:10 
1-Apr-19, 20:30:13 
1-Apr-19, 20:30:14 
1-Apr-19, 20:30:15 
1-Apr-19, 20:30:18 
1-Apr-19, 20:30:19 
1-Apr-19, 20:30:19 
1-Apr-19, 20:30:24 
1-Apr-19, 20:30:24 
1-Apr-19, 20:30:26 
1-Apr-19, 20:30:26 
1-Apr-19, 20:30:29 
1-Apr-19, 20:30:30 
1-Apr-19, 20:30:31 
1-Apr-19, 20:30:31 
1-Apr-19, 20:30:35 
1-Apr-19, 20:30:37 
1-Apr-19, 20:30:40 
1-Apr-19, 20:30:41 
1-Apr-19, 20:30:42 
1-Apr-19, 20:30:42 
1-Apr-19, 20:30:45 
1-Apr-19, 20:30:46 
1-Apr-19, 20:30:47 
1-Apr-19, 20:30:47 
1-Apr-19, 20:30:51 
1-Apr-19, 20:30:53 
1-Apr-19, 20:30:56 
1-Apr-19, 20:30:57 
1-Apr-19, 20:30:57 
1-Apr-19, 20:30:58 
1-Apr-19, 20:31:01 
1-Apr-19, 20:31:02 
1-Apr-19, 20:31:02 
1-Apr-19, 20:31:06 
1-Apr-19, 20:31:07 
1-Apr-19, 20:31:07 
1-Apr-19, 20:31:09 
1-Apr-19, 20:31:13 
1-Apr-19, 20:31:14 
1-Apr-19, 20:31:14 
1-Apr-19, 20:31:16 
1-Apr-19, 20:31:18 
1-Apr-19, 20:31:19 
1-Apr-19, 20:31:21 
1-Apr-19, 20:31:22 
1-Apr-19, 20:31:24 
1-Apr-19, 20:31:27 
1-Apr-19, 20:31:29 
1-Apr-19, 20:31:29 
1-Apr-19, 20:31:30 
1-Apr-19, 20:31:34 
1-Apr-19, 20:31:34 
1-Apr-19, 20:31:35 
1-Apr-19, 20:31:36 
1-Apr-19, 20:31:40 
1-Apr-19, 20:31:41 
1-Apr-19, 20:31:42 
1-Apr-19, 20:31:42 
1-Apr-19, 20:31:46 
1-Apr-19, 20:31:47 
1-Apr-19, 20:31:47 
1-Apr-19, 20:31:49 
1-Apr-19, 20:31:52 
1-Apr-19, 20:31:54 
1-Apr-19, 20:31:54 
1-Apr-19, 20:31:56 
1-Apr-19, 20:31:57 
1-Apr-19, 20:31:59 
1-Apr-19, 20:32:01 
1-Apr-19, 20:32:02 
1-Apr-19, 20:32:03 
1-Apr-19, 20:32:06 
1-Apr-19, 20:32:07 
1-Apr-19, 20:32:08 
1-Apr-19, 20:32:11 
1-Apr-19, 20:32:11 
1-Apr-19, 20:32:13 
1-Apr-19, 20:32:16 
1-Apr-19, 20:32:18 
1-Apr-19, 20:32:18 
1-Apr-19, 20:32:18 
1-Apr-19, 20:32:23 
1-Apr-19, 20:32:23 
1-Apr-19, 20:32:23 
1-Apr-19, 20:32:24 
1-Apr-19, 20:32:28 
1-Apr-19, 20:32:29 
1-Apr-19, 20:32:29 
1-Apr-19, 20:32:31 
1-Apr-19, 20:32:33 
1-Apr-19, 20:32:34 
1-Apr-19, 20:32:34 
1-Apr-19, 20:32:36 
1-Apr-19, 20:32:40 
1-Apr-19, 20:32:41 
1-Apr-19, 20:32:42 
1-Apr-19, 20:32:45 
1-Apr-19, 20:32:45 
1-Apr-19, 20:32:46 
1-Apr-19, 20:32:47 
1-Apr-19, 20:32:50 
1-Apr-19, 20:32:50 
1-Apr-19, 20:32:51 
1-Apr-19, 20:32:54 
1-Apr-19, 20:32:55 
1-Apr-19, 20:32:56 
1-Apr-19, 20:32:59 
1-Apr-19, 20:33:00 
1-Apr-19, 20:33:03 
1-Apr-19, 20:33:04 
1-Apr-19, 20:33:04 
1-Apr-19, 20:33:05 
1-Apr-19, 20:33:08 
1-Apr-19, 20:33:09 
1-Apr-19, 20:33:14 
1-Apr-19, 20:33:15 
1-Apr-19, 20:33:16 
1-Apr-19, 20:33:16 
1-Apr-19, 20:33:19 
1-Apr-19, 20:33:20 
1-Apr-19, 20:33:21 
1-Apr-19, 20:33:21 
1-Apr-19, 20:33:24 
1-Apr-19, 20:33:27 
1-Apr-19, 20:33:29 
1-Apr-19, 20:33:29 
1-Apr-19, 20:33:31 
1-Apr-19, 20:33:32 
1-Apr-19, 20:33:34 
1-Apr-19, 20:33:36 
1-Apr-19, 20:33:37 
1-Apr-19, 20:33:39 
1-Apr-19, 20:33:40 
1-Apr-19, 20:33:42 
1-Apr-19, 20:33:45 
1-Apr-19, 20:33:45 
1-Apr-19, 20:33:47 
1-Apr-19, 20:33:47 
1-Apr-19, 20:33:50 
1-Apr-19, 20:33:50 
1-Apr-19, 20:33:52 
1-Apr-19, 20:33:55 
1-Apr-19, 20:33:57 
1-Apr-19, 20:33:57 
1-Apr-19, 20:34:00 
1-Apr-19, 20:34:00 
1-Apr-19, 20:34:02 
1-Apr-19, 20:34:02 
1-Apr-19, 20:34:05 
1-Apr-19, 20:34:05 
1-Apr-19, 20:34:09 
1-Apr-19, 20:34:09 
1-Apr-19, 20:34:11 
1-Apr-19, 20:34:11 
1-Apr-19, 20:34:14 
1-Apr-19, 20:34:14 
1-Apr-19, 20:34:16 
1-Apr-19, 20:34:16 
1-Apr-19, 20:34:19 
1-Apr-19, 20:34:19 
1-Apr-19, 20:34:24 
1-Apr-19, 20:34:24 
1-Apr-19, 20:34:25 
1-Apr-19, 20:34:26 
1-Apr-19, 20:34:29 
1-Apr-19, 20:34:29 
1-Apr-19, 20:34:30 
1-Apr-19, 20:34:31 
1-Apr-19, 20:34:35 
1-Apr-19, 20:34:36 
1-Apr-19, 20:34:37 
1-Apr-19, 20:34:38 
1-Apr-19, 20:34:42 
1-Apr-19, 20:34:43 
1-Apr-19, 20:34:45 
1-Apr-19, 20:34:46 
1-Apr-19, 20:34:47 
1-Apr-19, 20:34:50 
1-Apr-19, 20:34:51 
1-Apr-19, 20:34:53 
1-Apr-19, 20:34:55 
1-Apr-19, 20:34:58 
1-Apr-19, 20:34:58 
1-Apr-19, 20:34:59 
1-Apr-19, 20:35:00 
1-Apr-19, 20:35:03 
1-Apr-19, 20:35:04 
1-Apr-19, 20:35:06 
1-Apr-19, 20:35:07 
1-Apr-19, 20:35:10 
1-Apr-19, 20:35:11 
1-Apr-19, 20:35:12 
1-Apr-19, 20:35:12 
1-Apr-19, 20:35:15 
1-Apr-19, 20:35:16 
1-Apr-19, 20:35:17 
1-Apr-19, 20:35:21 
1-Apr-19, 20:35:21 
1-Apr-19, 20:35:24 
1-Apr-19, 20:35:25 
1-Apr-19, 20:35:26 
1-Apr-19, 20:35:29 
1-Apr-19, 20:35:30 
1-Apr-19, 20:35:31 
1-Apr-19, 20:35:33 
1-Apr-19, 20:35:36 
1-Apr-19, 20:35:37 
1-Apr-19, 20:35:38 
1-Apr-19, 20:35:38 
1-Apr-19, 20:35:41 
1-Apr-19, 20:35:42 
1-Apr-19, 20:35:43 
1-Apr-19, 20:35:47 
1-Apr-19, 20:35:48 
1-Apr-19, 20:35:48 
1-Apr-19, 20:35:52 
1-Apr-19, 20:35:53 
1-Apr-19, 20:35:53 
1-Apr-19, 20:35:54 
1-Apr-19, 20:35:58 
1-Apr-19, 20:35:59 
1-Apr-19, 20:36:01 
1-Apr-19, 20:36:03 
1-Apr-19, 20:36:04 
1-Apr-19, 20:36:04 
1-Apr-19, 20:36:06 
1-Apr-19, 20:36:08 
1-Apr-19, 20:36:09 
1-Apr-19, 20:36:10 
1-Apr-19, 20:36:11 
1-Apr-19, 20:36:13 
1-Apr-19, 20:36:15 
1-Apr-19, 20:36:16 
1-Apr-19, 20:36:19 
1-Apr-19, 20:36:20 
1-Apr-19, 20:36:21 
1-Apr-19, 20:36:24 
1-Apr-19, 20:36:24 
1-Apr-19, 20:36:25 
1-Apr-19, 20:36:26 
1-Apr-19, 20:36:29 
1-Apr-19, 20:36:31 
1-Apr-19, 20:36:32 
1-Apr-19, 20:36:35 
1-Apr-19, 20:36:36 
1-Apr-19, 20:36:37 
1-Apr-19, 20:36:38 
1-Apr-19, 20:36:40 
1-Apr-19, 20:36:41 
1-Apr-19, 20:36:43 
1-Apr-19, 20:36:44 
1-Apr-19, 20:36:47 
1-Apr-19, 20:36:48 
1-Apr-19, 20:36:49 
1-Apr-19, 20:36:52 
1-Apr-19, 20:36:52 
1-Apr-19, 20:36:53 
1-Apr-19, 20:36:54 
1-Apr-19, 20:36:57 
1-Apr-19, 20:37:00 
1-Apr-19, 20:37:02 
1-Apr-19, 20:37:02 
1-Apr-19, 20:37:05 
1-Apr-19, 20:37:06 
1-Apr-19, 20:37:07 
1-Apr-19, 20:37:07 
1-Apr-19, 20:37:11 
1-Apr-19, 20:37:12 
1-Apr-19, 20:37:12 
1-Apr-19, 20:37:14 
1-Apr-19, 20:37:17 
1-Apr-19, 20:37:17 
1-Apr-19, 20:37:19 
1-Apr-19, 20:37:20 
1-Apr-19, 20:37:22 
1-Apr-19, 20:37:22 
1-Apr-19, 20:37:25 
1-Apr-19, 20:37:27 
1-Apr-19, 20:37:32 
1-Apr-19, 20:37:32 
1-Apr-19, 20:37:32 
1-Apr-19, 20:37:33 
1-Apr-19, 20:37:37 
1-Apr-19, 20:37:37 
1-Apr-19, 20:37:37 
1-Apr-19, 20:37:38 
1-Apr-19, 20:37:42 
1-Apr-19, 20:37:44 
1-Apr-19, 20:37:46 
1-Apr-19, 20:37:49 
1-Apr-19, 20:37:49 
1-Apr-19, 20:37:50 
1-Apr-19, 20:37:51 
1-Apr-19, 20:37:54 
1-Apr-19, 20:37:55 
1-Apr-19, 20:37:56 
1-Apr-19, 20:37:58 
1-Apr-19, 20:38:01 
1-Apr-19, 20:38:02 
1-Apr-19, 20:38:03 
1-Apr-19, 20:38:03 
1-Apr-19, 20:38:06 
1-Apr-19, 20:38:07 
1-Apr-19, 20:38:08 
1-Apr-19, 20:38:11 
1-Apr-19, 20:38:12 
1-Apr-19, 20:38:16 
1-Apr-19, 20:38:16 
1-Apr-19, 20:38:17 
1-Apr-19, 20:38:19 
1-Apr-19, 20:38:21 
1-Apr-19, 20:38:21 
1-Apr-19, 20:38:24 
1-Apr-19, 20:38:25 
1-Apr-19, 20:38:26 
1-Apr-19, 20:38:26 
1-Apr-19, 20:38:29 
1-Apr-19, 20:38:30 
1-Apr-19, 20:38:31 
1-Apr-19, 20:38:31 
1-Apr-19, 20:38:34 
1-Apr-19, 20:38:35 
1-Apr-19, 20:38:36 
1-Apr-19, 20:38:41 
1-Apr-19, 20:38:43 
1-Apr-19, 20:38:44 
1-Apr-19, 20:38:45 
1-Apr-19, 20:38:46 
1-Apr-19, 20:38:48 
1-Apr-19, 20:38:49 
1-Apr-19, 20:38:50 
1-Apr-19, 20:38:53 
1-Apr-19, 20:38:54 
1-Apr-19, 20:38:55 
1-Apr-19, 20:38:59 
1-Apr-19, 20:39:00 
1-Apr-19, 20:39:01 
1-Apr-19, 20:39:03 
1-Apr-19, 20:39:04 
1-Apr-19, 20:39:05 
1-Apr-19, 20:39:06 
1-Apr-19, 20:39:08 
1-Apr-19, 20:39:10 
1-Apr-19, 20:39:11 
1-Apr-19, 20:39:15 
1-Apr-19, 20:39:15 
1-Apr-19, 20:39:16 
1-Apr-19, 20:39:18 
1-Apr-19, 20:39:20 
1-Apr-19, 20:39:21 
1-Apr-19, 20:39:23 
1-Apr-19, 20:39:23 
1-Apr-19, 20:39:26 
1-Apr-19, 20:39:28 
1-Apr-19, 20:39:28 
1-Apr-19, 20:39:31 
1-Apr-19, 20:39:33 
1-Apr-19, 20:39:33 
1-Apr-19, 20:39:35 
1-Apr-19, 20:39:38 
1-Apr-19, 20:39:38 
1-Apr-19, 20:39:40 
1-Apr-19, 20:39:40 
1-Apr-19, 20:39:45 
1-Apr-19, 20:39:45 
1-Apr-19, 20:39:47 
1-Apr-19, 20:39:47 
1-Apr-19, 20:39:50 
1-Apr-19, 20:39:52 
1-Apr-19, 20:39:52 
1-Apr-19, 20:39:52 
1-Apr-19, 20:39:57 
1-Apr-19, 20:39:58 
1-Apr-19, 20:39:58 
1-Apr-19, 20:40:02 
1-Apr-19, 20:40:03 
1-Apr-19, 20:40:03 
1-Apr-19, 20:40:06 
1-Apr-19, 20:40:07 
1-Apr-19, 20:40:11 
1-Apr-19, 20:40:12 
1-Apr-19, 20:40:13 
1-Apr-19, 20:40:17 
1-Apr-19, 20:40:18 
1-Apr-19, 20:40:18 
1-Apr-19, 20:40:19 
1-Apr-19, 20:40:22 
1-Apr-19, 20:40:23 
1-Apr-19, 20:40:24 
1-Apr-19, 20:40:26 
1-Apr-19, 20:40:30 
1-Apr-19, 20:40:30 
1-Apr-19, 20:40:31 
1-Apr-19, 20:40:32 
1-Apr-19, 20:40:35 
1-Apr-19, 20:40:35 
1-Apr-19, 20:40:36 
1-Apr-19, 20:40:37 
1-Apr-19, 20:40:41 
1-Apr-19, 20:40:42 
1-Apr-19, 20:40:43 
1-Apr-19, 20:40:43 
1-Apr-19, 20:40:48 
1-Apr-19, 20:40:48 
1-Apr-19, 20:40:52 
1-Apr-19, 20:40:52 
1-Apr-19, 20:40:56 
1-Apr-19, 20:40:57 
1-Apr-19, 20:40:57 
1-Apr-19, 20:40:58 
1-Apr-19, 20:41:01 
1-Apr-19, 20:41:02 
1-Apr-19, 20:41:03 
1-Apr-19, 20:41:06 
1-Apr-19, 20:41:07 
1-Apr-19, 20:41:07 
1-Apr-19, 20:41:08 
1-Apr-19, 20:41:11 
1-Apr-19, 20:41:12 
1-Apr-19, 20:41:12 
1-Apr-19, 20:41:16 
1-Apr-19, 20:41:16 
1-Apr-19, 20:41:19 
1-Apr-19, 20:41:19 
1-Apr-19, 20:41:21 
1-Apr-19, 20:41:24 
1-Apr-19, 20:41:24 
1-Apr-19, 20:41:26 
1-Apr-19, 20:41:30 
1-Apr-19, 20:41:31 
1-Apr-19, 20:41:34 
1-Apr-19, 20:41:34 
1-Apr-19, 20:41:35 
1-Apr-19, 20:41:39 
1-Apr-19, 20:41:39 
1-Apr-19, 20:41:39 
1-Apr-19, 20:41:44 
1-Apr-19, 20:41:44 
1-Apr-19, 20:41:45 
1-Apr-19, 20:41:47 
1-Apr-19, 20:41:49 
1-Apr-19, 20:41:49 
1-Apr-19, 20:41:50 
1-Apr-19, 20:41:52 
1-Apr-19, 20:41:54 
1-Apr-19, 20:41:56 
1-Apr-19, 20:41:57 
1-Apr-19, 20:41:59 
1-Apr-19, 20:41:59 
1-Apr-19, 20:42:01 
1-Apr-19, 20:42:04 
1-Apr-19, 20:42:04 
1-Apr-19, 20:42:06 
1-Apr-19, 20:42:07 
1-Apr-19, 20:42:09 
1-Apr-19, 20:42:09 
1-Apr-19, 20:42:12 
1-Apr-19, 20:42:13 
1-Apr-19, 20:42:14 
1-Apr-19, 20:42:14 
1-Apr-19, 20:42:18 
1-Apr-19, 20:42:19 
1-Apr-19, 20:42:19 
1-Apr-19, 20:42:22 
1-Apr-19, 20:42:23 
1-Apr-19, 20:42:25 
1-Apr-19, 20:42:26 
1-Apr-19, 20:42:27 
1-Apr-19, 20:42:28 
1-Apr-19, 20:42:30 
1-Apr-19, 20:42:31 
1-Apr-19, 20:42:35 
1-Apr-19, 20:42:35 
1-Apr-19, 20:42:37 
1-Apr-19, 20:42:39 
1-Apr-19, 20:42:40 
1-Apr-19, 20:42:40 
1-Apr-19, 20:42:42 
1-Apr-19, 20:42:44 
1-Apr-19, 20:42:49 
1-Apr-19, 20:42:49 
1-Apr-19, 20:42:50 
1-Apr-19, 20:42:53 
1-Apr-19, 20:42:54 
1-Apr-19, 20:42:55 
1-Apr-19, 20:42:58 
1-Apr-19, 20:42:58 
1-Apr-19, 20:43:01 
1-Apr-19, 20:43:03 
1-Apr-19, 20:43:04 
1-Apr-19, 20:43:06 
1-Apr-19, 20:43:06 
1-Apr-19, 20:43:09 
1-Apr-19, 20:43:11 
1-Apr-19, 20:43:12 
1-Apr-19, 20:43:13 
1-Apr-19, 20:43:17 
1-Apr-19, 20:43:17 
1-Apr-19, 20:43:18 
1-Apr-19, 20:43:21 
1-Apr-19, 20:43:22 
1-Apr-19, 20:43:22 
1-Apr-19, 20:43:23 
1-Apr-19, 20:43:26 
1-Apr-19, 20:43:27 
1-Apr-19, 20:43:27 
1-Apr-19, 20:43:30 
1-Apr-19, 20:43:32 
1-Apr-19, 20:43:35 
1-Apr-19, 20:43:36 
1-Apr-19, 20:43:37 
1-Apr-19, 20:43:37 
1-Apr-19, 20:43:40 
1-Apr-19, 20:43:41 
1-Apr-19, 20:43:42 
1-Apr-19, 20:43:44 
1-Apr-19, 20:43:45 
1-Apr-19, 20:43:47 
1-Apr-19, 20:43:49 
1-Apr-19, 20:43:51 
1-Apr-19, 20:43:52 
1-Apr-19, 20:43:53 
1-Apr-19, 20:43:56 
1-Apr-19, 20:43:57 
1-Apr-19, 20:43:58 
1-Apr-19, 20:44:00 
1-Apr-19, 20:44:01 
1-Apr-19, 20:44:02 
1-Apr-19, 20:44:03 
1-Apr-19, 20:44:05 
1-Apr-19, 20:44:06 
1-Apr-19, 20:44:08 
1-Apr-19, 20:44:10 
1-Apr-19, 20:44:11 
1-Apr-19, 20:44:12 
1-Apr-19, 20:44:13 
1-Apr-19, 20:44:17 
1-Apr-19, 20:44:18 
1-Apr-19, 20:44:19 
1-Apr-19, 20:44:21 
1-Apr-19, 20:44:22 
1-Apr-19, 20:44:23 
1-Apr-19, 20:44:24 
1-Apr-19, 20:44:26 
1-Apr-19, 20:44:28 
1-Apr-19, 20:44:31 
1-Apr-19, 20:44:33 
1-Apr-19, 20:44:35 
1-Apr-19, 20:44:36 
1-Apr-19, 20:44:38 
1-Apr-19, 20:44:38 
1-Apr-19, 20:44:40 
1-Apr-19, 20:44:41 
1-Apr-19, 20:44:43 
1-Apr-19, 20:44:45 
1-Apr-19, 20:44:46 
1-Apr-19, 20:44:46 
1-Apr-19, 20:44:48 
1-Apr-19, 20:44:51 
1-Apr-19, 20:44:53 
1-Apr-19, 20:44:54 
1-Apr-19, 20:44:55 
1-Apr-19, 20:44:56 
1-Apr-19, 20:44:58 
1-Apr-19, 20:44:59 
1-Apr-19, 20:45:00 
1-Apr-19, 20:45:05 
1-Apr-19, 20:45:07 
1-Apr-19, 20:45:09 
1-Apr-19, 20:45:10 
1-Apr-19, 20:45:10 
1-Apr-19, 20:45:12 
1-Apr-19, 20:45:14 
1-Apr-19, 20:45:15 
1-Apr-19, 20:45:18 
1-Apr-19, 20:45:19 
1-Apr-19, 20:45:21 
1-Apr-19, 20:45:22 
1-Apr-19, 20:45:23 
1-Apr-19, 20:45:24 
1-Apr-19, 20:45:26 
1-Apr-19, 20:45:27 
1-Apr-19, 20:45:31 
1-Apr-19, 20:45:32 
1-Apr-19, 20:45:33 
1-Apr-19, 20:45:34 
1-Apr-19, 20:45:36 
1-Apr-19, 20:45:37 
1-Apr-19, 20:45:38 
1-Apr-19, 20:45:39 
1-Apr-19, 20:45:42 
1-Apr-19, 20:45:44 
1-Apr-19, 20:45:45 
1-Apr-19, 20:45:46 
1-Apr-19, 20:45:47 
1-Apr-19, 20:45:50 
1-Apr-19, 20:45:51 
1-Apr-19, 20:45:55 
1-Apr-19, 20:45:55 
1-Apr-19, 20:45:56 
1-Apr-19, 20:45:56 
1-Apr-19, 20:46:00 
1-Apr-19, 20:46:01 
1-Apr-19, 20:46:01 
1-Apr-19, 20:46:04 
1-Apr-19, 20:46:05 
1-Apr-19, 20:46:06 
1-Apr-19, 20:46:08 
1-Apr-19, 20:46:09 
1-Apr-19, 20:46:13 
1-Apr-19, 20:46:13 
1-Apr-19, 20:46:14 
1-Apr-19, 20:46:18 
1-Apr-19, 20:46:19 
1-Apr-19, 20:46:19 
1-Apr-19, 20:46:20 
1-Apr-19, 20:46:24 
1-Apr-19, 20:46:25 
1-Apr-19, 20:46:26 
1-Apr-19, 20:46:26 
1-Apr-19, 20:46:29 
1-Apr-19, 20:46:30 
1-Apr-19, 20:46:31 
1-Apr-19, 20:46:31 
1-Apr-19, 20:46:38 
1-Apr-19, 20:46:38 
1-Apr-19, 20:46:40 
1-Apr-19, 20:46:41 
1-Apr-19, 20:46:43 
1-Apr-19, 20:46:43 
1-Apr-19, 20:46:45 
1-Apr-19, 20:46:46 
1-Apr-19, 20:46:48 
1-Apr-19, 20:46:48 
1-Apr-19, 20:46:52 
1-Apr-19, 20:46:53 
1-Apr-19, 20:46:56 
1-Apr-19, 20:46:56 
1-Apr-19, 20:46:57 
1-Apr-19, 20:46:58 
1-Apr-19, 20:47:01 
1-Apr-19, 20:47:01 
1-Apr-19, 20:47:03 
1-Apr-19, 20:47:06 
1-Apr-19, 20:47:08 
1-Apr-19, 20:47:11 
1-Apr-19, 20:47:11 
1-Apr-19, 20:47:12 
1-Apr-19, 20:47:13 
1-Apr-19, 20:47:16 
1-Apr-19, 20:47:17 
1-Apr-19, 20:47:20 
1-Apr-19, 20:47:20 
1-Apr-19, 20:47:21 
1-Apr-19, 20:47:23 
1-Apr-19, 20:47:25 
1-Apr-19, 20:47:25 
1-Apr-19, 20:47:28 
1-Apr-19, 20:47:29 
1-Apr-19, 20:47:34 
1-Apr-19, 20:47:34 
1-Apr-19, 20:47:35 
1-Apr-19, 20:47:35 
1-Apr-19, 20:47:39 
1-Apr-19, 20:47:40 
1-Apr-19, 20:47:40 
1-Apr-19, 20:47:43 
1-Apr-19, 20:47:45 
1-Apr-19, 20:47:48 
1-Apr-19, 20:47:50 
1-Apr-19, 20:47:50 
1-Apr-19, 20:47:50 
1-Apr-19, 20:47:55 
1-Apr-19, 20:47:55 
1-Apr-19, 20:47:55 
1-Apr-19, 20:47:55 
1-Apr-19, 20:48:00 
1-Apr-19, 20:48:03 
1-Apr-19, 20:48:04 
1-Apr-19, 20:48:05 
1-Apr-19, 20:48:08 
1-Apr-19, 20:48:09 
1-Apr-19, 20:48:10 
1-Apr-19, 20:48:10 
1-Apr-19, 20:48:13 
1-Apr-19, 20:48:15 
1-Apr-19, 20:48:15 
1-Apr-19, 20:48:18 
1-Apr-19, 20:48:18 
1-Apr-19, 20:48:20 
1-Apr-19, 20:48:23 
1-Apr-19, 20:48:23 
1-Apr-19, 20:48:23 
1-Apr-19, 20:48:28 
1-Apr-19, 20:48:28 
1-Apr-19, 20:48:28 
1-Apr-19, 20:48:28 
1-Apr-19, 20:48:33 
1-Apr-19, 20:48:34 
1-Apr-19, 20:48:35 
1-Apr-19, 20:48:36 
1-Apr-19, 20:48:39 
1-Apr-19, 20:48:40 
1-Apr-19, 20:48:41 
1-Apr-19, 20:48:42 
1-Apr-19, 20:48:44 
1-Apr-19, 20:48:47 
1-Apr-19, 20:48:47 
1-Apr-19, 20:48:49 
1-Apr-19, 20:48:52 
1-Apr-19, 20:48:52 
1-Apr-19, 20:48:54 
1-Apr-19, 20:48:54 
1-Apr-19, 20:48:58 
1-Apr-19, 20:48:59 
1-Apr-19, 20:49:00 
1-Apr-19, 20:49:00 
1-Apr-19, 20:49:03 
1-Apr-19, 20:49:04 
1-Apr-19, 20:49:05 
1-Apr-19, 20:49:05 
1-Apr-19, 20:49:11 
1-Apr-19, 20:49:13 
1-Apr-19, 20:49:13 
1-Apr-19, 20:49:13 
1-Apr-19, 20:49:16 
1-Apr-19, 20:49:18 
1-Apr-19, 20:49:18 
1-Apr-19, 20:49:18 
1-Apr-19, 20:49:22 
1-Apr-19, 20:49:23 
1-Apr-19, 20:49:25 
1-Apr-19, 20:49:27 
1-Apr-19, 20:49:27 
1-Apr-19, 20:49:28 
1-Apr-19, 20:49:30 
1-Apr-19, 20:49:32 
1-Apr-19, 20:49:38 
1-Apr-19, 20:49:38 
1-Apr-19, 20:49:39 
1-Apr-19, 20:49:39 
1-Apr-19, 20:49:43 
1-Apr-19, 20:49:43 
1-Apr-19, 20:49:44 
1-Apr-19, 20:49:44 
1-Apr-19, 20:49:49 
1-Apr-19, 20:49:51 
1-Apr-19, 20:49:51 
1-Apr-19, 20:49:55 
1-Apr-19, 20:49:56 
1-Apr-19, 20:49:56 
1-Apr-19, 20:49:59 
1-Apr-19, 20:50:00 
1-Apr-19, 20:50:01 
1-Apr-19, 20:50:04 
1-Apr-19, 20:50:04 
1-Apr-19, 20:50:05 
1-Apr-19, 20:50:06 
1-Apr-19, 20:50:09 
1-Apr-19, 20:50:10 
1-Apr-19, 20:50:11 
1-Apr-19, 20:50:14 
1-Apr-19, 20:50:14 
1-Apr-19, 20:50:19 
1-Apr-19, 20:50:19 
1-Apr-19, 20:50:20 
1-Apr-19, 20:50:21 
1-Apr-19, 20:50:24 
1-Apr-19, 20:50:25 
1-Apr-19, 20:50:26 
1-Apr-19, 20:50:30 
1-Apr-19, 20:50:31 
1-Apr-19, 20:50:35 
1-Apr-19, 20:50:35 
1-Apr-19, 20:50:36 
1-Apr-19, 20:50:36 
1-Apr-19, 20:50:40 
1-Apr-19, 20:50:41 
1-Apr-19, 20:50:41 
1-Apr-19, 20:50:42 
1-Apr-19, 20:50:46 
1-Apr-19, 20:50:47 
1-Apr-19, 20:50:49 
1-Apr-19, 20:50:51 
1-Apr-19, 20:50:51 
1-Apr-19, 20:50:54 
1-Apr-19, 20:50:56 
1-Apr-19, 20:50:58 
1-Apr-19, 20:50:59 
1-Apr-19, 20:51:00 
1-Apr-19, 20:51:01 
1-Apr-19, 20:51:03 
1-Apr-19, 20:51:04 
1-Apr-19, 20:51:05 
1-Apr-19, 20:51:09 
1-Apr-19, 20:51:10 
1-Apr-19, 20:51:10 
1-Apr-19, 20:51:14 
1-Apr-19, 20:51:15 
1-Apr-19, 20:51:16 
1-Apr-19, 20:51:17 
1-Apr-19, 20:51:19 
1-Apr-19, 20:51:20 
1-Apr-19, 20:51:21 
1-Apr-19, 20:51:22 
1-Apr-19, 20:51:24 
1-Apr-19, 20:51:26 
1-Apr-19, 20:51:27 
1-Apr-19, 20:51:27 
1-Apr-19, 20:51:30 
1-Apr-19, 20:51:32 
1-Apr-19, 20:51:33 
1-Apr-19, 20:51:35 
1-Apr-19, 20:51:36 
1-Apr-19, 20:51:37 
1-Apr-19, 20:51:38 
1-Apr-19, 20:51:40 
1-Apr-19, 20:51:41 
1-Apr-19, 20:51:45 
1-Apr-19, 20:51:45 
1-Apr-19, 20:51:47 
1-Apr-19, 20:51:47 
1-Apr-19, 20:51:50 
25-Apr-19,8:25:30
25-Apr-19,8:25:31
25-Apr-19,8:25:33
25-Apr-19,8:25:33
25-Apr-19,8:25:34
25-Apr-19,8:25:34
25-Apr-19,8:25:34
25-Apr-19,8:25:35
25-Apr-19,8:25:38
25-Apr-19,8:25:38
25-Apr-19,8:25:40
25-Apr-19,8:25:41
25-Apr-19,8:25:43
25-Apr-19,8:25:43
25-Apr-19,8:25:44
25-Apr-19,8:25:44
25-Apr-19,8:25:44
25-Apr-19,8:25:45
25-Apr-19,8:25:46
25-Apr-19,8:25:48
25-Apr-19,8:25:48
25-Apr-19,8:25:50
25-Apr-19,8:25:51
25-Apr-19,8:25:53
25-Apr-19,8:25:53
25-Apr-19,8:25:54
25-Apr-19,8:25:54
25-Apr-19,8:25:54
25-Apr-19,8:25:55
25-Apr-19,8:25:56
25-Apr-19,8:25:58
25-Apr-19,8:25:58
25-Apr-19,8:26:00
25-Apr-19,8:26:01
25-Apr-19,8:26:03
25-Apr-19,8:26:03
25-Apr-19,8:26:04
25-Apr-19,8:26:04
25-Apr-19,8:26:04
25-Apr-19,8:26:05
25-Apr-19,8:26:06
25-Apr-19,8:26:08
25-Apr-19,8:26:08
25-Apr-19,8:26:09
25-Apr-19,8:26:09
25-Apr-19,8:26:09
25-Apr-19,8:26:10
25-Apr-19,8:26:11
25-Apr-19,8:26:13
25-Apr-19,8:26:13
25-Apr-19,8:26:14
25-Apr-19,8:26:14
25-Apr-19,8:26:15
25-Apr-19,8:26:15
25-Apr-19,8:26:18
25-Apr-19,8:26:20
25-Apr-19,8:26:20
25-Apr-19,8:26:21
25-Apr-19,8:26:23
25-Apr-19,8:26:24
25-Apr-19,8:26:24
25-Apr-19,8:26:24
25-Apr-19,8:26:26
25-Apr-19,8:26:28
25-Apr-19,8:26:30
25-Apr-19,8:26:30
25-Apr-19,8:26:31
25-Apr-19,8:26:33
25-Apr-19,8:26:34
25-Apr-19,8:26:34
25-Apr-19,8:26:34
25-Apr-19,8:26:35
25-Apr-19,8:26:35
25-Apr-19,8:26:36
25-Apr-19,8:26:38
25-Apr-19,8:26:40
25-Apr-19,8:26:40
25-Apr-19,8:26:41
25-Apr-19,8:26:43
25-Apr-19,8:26:44
25-Apr-19,8:26:44
25-Apr-19,8:26:44
25-Apr-19,8:26:45
25-Apr-19,8:26:45
25-Apr-19,8:26:46
25-Apr-19,8:26:48
25-Apr-19,8:26:50
25-Apr-19,8:26:50
25-Apr-19,8:26:51
25-Apr-19,8:26:53
25-Apr-19,8:26:54
25-Apr-19,8:26:54
25-Apr-19,8:26:54
25-Apr-19,8:26:55
25-Apr-19,8:26:55
25-Apr-19,8:26:56
25-Apr-19,8:26:58
25-Apr-19,8:26:59
25-Apr-19,8:26:59
25-Apr-19,8:26:59
25-Apr-19,8:27:00
25-Apr-19,8:27:00
25-Apr-19,8:27:01
25-Apr-19,8:27:03
25-Apr-19,8:27:04
25-Apr-19,8:27:04
25-Apr-19,8:27:04
25-Apr-19,8:27:05
25-Apr-19,8:27:05
25-Apr-19,8:27:06
25-Apr-19,8:27:08
25-Apr-19,8:27:09
25-Apr-19,8:27:09
25-Apr-19,8:27:09
25-Apr-19,8:27:10
25-Apr-19,8:27:10
25-Apr-19,8:27:11
25-Apr-19,8:27:14
25-Apr-19,8:27:14
25-Apr-19,8:27:14
25-Apr-19,8:27:15
25-Apr-19,8:27:15
25-Apr-19,8:27:16
25-Apr-19,8:27:18
25-Apr-19,8:27:19
25-Apr-19,8:27:19
25-Apr-19,8:27:19
25-Apr-19,8:27:20
25-Apr-19,8:27:20
25-Apr-19,8:27:21
25-Apr-19,8:27:23
25-Apr-19,8:27:24
25-Apr-19,8:27:24
25-Apr-19,8:27:24
25-Apr-19,8:27:25
25-Apr-19,8:27:25
25-Apr-19,8:27:26
25-Apr-19,8:27:28
25-Apr-19,8:27:29
25-Apr-19,8:27:29
25-Apr-19,8:27:29
25-Apr-19,8:27:30
25-Apr-19,8:27:30
25-Apr-19,8:27:31
25-Apr-19,8:27:33
25-Apr-19,8:27:34
25-Apr-19,8:27:34
25-Apr-19,8:27:34
25-Apr-19,8:27:35
25-Apr-19,8:27:35
25-Apr-19,8:27:36
25-Apr-19,8:27:38
25-Apr-19,8:27:39
25-Apr-19,8:27:39
25-Apr-19,8:27:39
25-Apr-19,8:27:40
25-Apr-19,8:27:40
25-Apr-19,8:27:41
25-Apr-19,8:27:43
25-Apr-19,8:27:44
25-Apr-19,8:27:44
25-Apr-19,8:27:44
25-Apr-19,8:27:45
25-Apr-19,8:27:45
25-Apr-19,8:27:46
25-Apr-19,8:27:48
25-Apr-19,8:27:49
25-Apr-19,8:27:49
25-Apr-19,8:27:49
25-Apr-19,8:27:50
25-Apr-19,8:27:50
25-Apr-19,8:27:51
25-Apr-19,8:27:53
25-Apr-19,8:27:54
25-Apr-19,8:27:54
25-Apr-19,8:27:54
25-Apr-19,8:27:55
25-Apr-19,8:27:55
25-Apr-19,8:27:56
25-Apr-19,8:27:59
25-Apr-19,8:27:59
25-Apr-19,8:27:59
25-Apr-19,8:27:59
25-Apr-19,8:28:00
25-Apr-19,8:28:00
25-Apr-19,8:28:01
25-Apr-19,8:28:04
25-Apr-19,8:28:04
25-Apr-19,8:28:04
25-Apr-19,8:28:04
25-Apr-19,8:28:05
25-Apr-19,8:28:05
25-Apr-19,8:28:06
25-Apr-19,8:28:09
25-Apr-19,8:28:09
25-Apr-19,8:28:09
25-Apr-19,8:28:09
25-Apr-19,8:28:10
25-Apr-19,8:28:10
25-Apr-19,8:28:11
25-Apr-19,8:28:14
25-Apr-19,8:28:14
25-Apr-19,8:28:14
25-Apr-19,8:28:14
25-Apr-19,8:28:15
25-Apr-19,8:28:15
25-Apr-19,8:28:16
25-Apr-19,8:28:19
25-Apr-19,8:28:19
25-Apr-19,8:28:19
25-Apr-19,8:28:19
25-Apr-19,8:28:20
25-Apr-19,8:28:20
25-Apr-19,8:28:21
25-Apr-19,8:28:25
25-Apr-19,8:28:25
25-Apr-19,8:28:26
25-Apr-19,8:28:29
25-Apr-19,8:28:29
25-Apr-19,8:28:29
25-Apr-19,8:28:29
25-Apr-19,8:28:30
25-Apr-19,8:28:30
25-Apr-19,8:28:31
25-Apr-19,8:28:34
25-Apr-19,8:28:34
25-Apr-19,8:28:34
25-Apr-19,8:28:34
25-Apr-19,8:28:35
25-Apr-19,8:28:35
25-Apr-19,8:28:36
25-Apr-19,8:28:39
25-Apr-19,8:28:39
25-Apr-19,8:28:39
25-Apr-19,8:28:39
25-Apr-19,8:28:40
25-Apr-19,8:28:40
25-Apr-19,8:28:41
25-Apr-19,8:28:44
25-Apr-19,8:28:44
25-Apr-19,8:28:44
25-Apr-19,8:28:44
25-Apr-19,8:28:45
25-Apr-19,8:28:45
25-Apr-19,8:28:46
25-Apr-19,8:28:49
25-Apr-19,8:28:49
25-Apr-19,8:28:49
25-Apr-19,8:28:49
25-Apr-19,8:28:50
25-Apr-19,8:28:50
25-Apr-19,8:28:51
25-Apr-19,8:28:54
25-Apr-19,8:28:54
25-Apr-19,8:28:54
25-Apr-19,8:28:54
25-Apr-19,8:28:55
25-Apr-19,8:28:55
25-Apr-19,8:28:56
25-Apr-19,8:28:59
25-Apr-19,8:28:59
25-Apr-19,8:28:59
25-Apr-19,8:28:59
25-Apr-19,8:29:00
25-Apr-19,8:29:00
25-Apr-19,8:29:01
25-Apr-19,8:29:04
25-Apr-19,8:29:04
25-Apr-19,8:29:04
25-Apr-19,8:29:04
25-Apr-19,8:29:05
25-Apr-19,8:29:05
25-Apr-19,8:29:06
25-Apr-19,8:29:10
25-Apr-19,8:29:10
25-Apr-19,8:29:11
25-Apr-19,8:29:14
25-Apr-19,8:29:14
25-Apr-19,8:29:14
25-Apr-19,8:29:14
25-Apr-19,8:29:16
25-Apr-19,8:29:19
25-Apr-19,8:29:19
25-Apr-19,8:29:19
25-Apr-19,8:29:19
25-Apr-19,8:29:20
25-Apr-19,8:29:20
25-Apr-19,8:29:21
25-Apr-19,8:29:24
25-Apr-19,8:29:24
25-Apr-19,8:29:24
25-Apr-19,8:29:24
25-Apr-19,8:29:25
25-Apr-19,8:29:25
25-Apr-19,8:29:26
25-Apr-19,8:29:29
25-Apr-19,8:29:29
25-Apr-19,8:29:29
25-Apr-19,8:29:29
25-Apr-19,8:29:30
25-Apr-19,8:29:30
25-Apr-19,8:29:31
25-Apr-19,8:29:34
25-Apr-19,8:29:34
25-Apr-19,8:29:34
25-Apr-19,8:29:34
25-Apr-19,8:29:35
25-Apr-19,8:29:35
25-Apr-19,8:29:39
25-Apr-19,8:29:39
25-Apr-19,8:29:39
25-Apr-19,8:29:39
25-Apr-19,8:29:40
25-Apr-19,8:29:40
25-Apr-19,8:29:41
25-Apr-19,8:29:44
25-Apr-19,8:29:44
25-Apr-19,8:29:44
25-Apr-19,8:29:44
25-Apr-19,8:29:45
25-Apr-19,8:29:45
25-Apr-19,8:29:46
25-Apr-19,8:29:49
25-Apr-19,8:29:49
25-Apr-19,8:29:49
25-Apr-19,8:29:49
25-Apr-19,8:29:50
25-Apr-19,8:29:50
25-Apr-19,8:29:51
25-Apr-19,8:29:54
25-Apr-19,8:29:54
25-Apr-19,8:29:54
25-Apr-19,8:29:54
25-Apr-19,8:29:55
25-Apr-19,8:29:55
25-Apr-19,8:29:56
25-Apr-19,8:29:59
25-Apr-19,8:29:59
25-Apr-19,8:29:59
25-Apr-19,8:29:59
25-Apr-19,8:30:00
25-Apr-19,8:30:00
25-Apr-19,8:30:01
25-Apr-19,8:30:04
25-Apr-19,8:30:04
25-Apr-19,8:30:04
25-Apr-19,8:30:04
25-Apr-19,8:30:05
25-Apr-19,8:30:05
25-Apr-19,8:30:06
25-Apr-19,8:30:09
25-Apr-19,8:30:09
25-Apr-19,8:30:09
25-Apr-19,8:30:09
25-Apr-19,8:30:10
25-Apr-19,8:30:10
25-Apr-19,8:30:11
25-Apr-19,8:30:14
25-Apr-19,8:30:14
25-Apr-19,8:30:14
25-Apr-19,8:30:14
25-Apr-19,8:30:15
25-Apr-19,8:30:15
25-Apr-19,8:30:16
25-Apr-19,8:30:19
25-Apr-19,8:30:19
25-Apr-19,8:30:19
25-Apr-19,8:30:20
25-Apr-19,8:30:20
25-Apr-19,8:30:20
25-Apr-19,8:30:21
25-Apr-19,8:30:24
25-Apr-19,8:30:24
25-Apr-19,8:30:24
25-Apr-19,8:30:25
25-Apr-19,8:30:25
25-Apr-19,8:30:25
25-Apr-19,8:30:26
25-Apr-19,8:30:29
25-Apr-19,8:30:29
25-Apr-19,8:30:29
25-Apr-19,8:30:30
25-Apr-19,8:30:30
25-Apr-19,8:30:30
25-Apr-19,8:30:31
25-Apr-19,8:30:34
25-Apr-19,8:30:34
25-Apr-19,8:30:34
25-Apr-19,8:30:35
25-Apr-19,8:30:35
25-Apr-19,8:30:35
25-Apr-19,8:30:36
25-Apr-19,8:30:39
25-Apr-19,8:30:39
25-Apr-19,8:30:39
25-Apr-19,8:30:40
25-Apr-19,8:30:40
25-Apr-19,8:30:40
25-Apr-19,8:30:41
25-Apr-19,8:30:44
25-Apr-19,8:30:44
25-Apr-19,8:30:44
25-Apr-19,8:30:45
25-Apr-19,8:30:45
25-Apr-19,8:30:45
25-Apr-19,8:30:46
25-Apr-19,8:30:49
25-Apr-19,8:30:49
25-Apr-19,8:30:49
25-Apr-19,8:30:50
25-Apr-19,8:30:50
25-Apr-19,8:30:50
25-Apr-19,8:30:51
25-Apr-19,8:30:54
25-Apr-19,8:30:54
25-Apr-19,8:30:54
25-Apr-19,8:30:55
25-Apr-19,8:30:55
25-Apr-19,8:30:55
25-Apr-19,8:30:56
25-Apr-19,8:30:59
25-Apr-19,8:30:59
25-Apr-19,8:30:59
25-Apr-19,8:31:00
25-Apr-19,8:31:00
25-Apr-19,8:31:00
25-Apr-19,8:31:01
25-Apr-19,8:31:04
25-Apr-19,8:31:04
25-Apr-19,8:31:04
25-Apr-19,8:31:05
25-Apr-19,8:31:05
25-Apr-19,8:31:05
25-Apr-19,8:31:06
25-Apr-19,8:31:09
25-Apr-19,8:31:09
25-Apr-19,8:31:09
25-Apr-19,8:31:10
25-Apr-19,8:31:10
25-Apr-19,8:31:10
25-Apr-19,8:31:11
25-Apr-19,8:31:14
25-Apr-19,8:31:14
25-Apr-19,8:31:14
25-Apr-19,8:31:15
25-Apr-19,8:31:15
25-Apr-19,8:31:15
25-Apr-19,8:31:16
25-Apr-19,8:31:19
25-Apr-19,8:31:19
25-Apr-19,8:31:19
25-Apr-19,8:31:20
25-Apr-19,8:31:20
25-Apr-19,8:31:21
25-Apr-19,8:31:21
25-Apr-19,8:31:24
25-Apr-19,8:31:24
25-Apr-19,8:31:24
25-Apr-19,8:31:25
25-Apr-19,8:31:25
25-Apr-19,8:31:26
25-Apr-19,8:31:26
25-Apr-19,8:31:29
25-Apr-19,8:31:29
25-Apr-19,8:31:29
25-Apr-19,8:31:30
25-Apr-19,8:31:30
25-Apr-19,8:31:31
25-Apr-19,8:31:31
25-Apr-19,8:31:34
25-Apr-19,8:31:34
25-Apr-19,8:31:34
25-Apr-19,8:31:35
25-Apr-19,8:31:35
25-Apr-19,8:31:36
25-Apr-19,8:31:36
25-Apr-19,8:31:39
25-Apr-19,8:31:39
25-Apr-19,8:31:39
25-Apr-19,8:31:40
25-Apr-19,8:31:40
25-Apr-19,8:31:41
25-Apr-19,8:31:41
25-Apr-19,8:31:44
25-Apr-19,8:31:44
25-Apr-19,8:31:44
25-Apr-19,8:31:45
25-Apr-19,8:31:45
25-Apr-19,8:31:46
25-Apr-19,8:31:46
25-Apr-19,8:31:49
25-Apr-19,8:31:49
25-Apr-19,8:31:49
25-Apr-19,8:31:50
25-Apr-19,8:31:50
25-Apr-19,8:31:51
25-Apr-19,8:31:51
25-Apr-19,8:31:54
25-Apr-19,8:31:54
25-Apr-19,8:31:54
25-Apr-19,8:31:55
25-Apr-19,8:31:55
25-Apr-19,8:31:56
25-Apr-19,8:31:56
25-Apr-19,8:31:59
25-Apr-19,8:31:59
25-Apr-19,8:31:59
25-Apr-19,8:32:00
25-Apr-19,8:32:00
25-Apr-19,8:32:01
25-Apr-19,8:32:01
25-Apr-19,8:32:04
25-Apr-19,8:32:04
25-Apr-19,8:32:04
25-Apr-19,8:32:05
25-Apr-19,8:32:05
25-Apr-19,8:32:06
25-Apr-19,8:32:06
25-Apr-19,8:32:09
25-Apr-19,8:32:09
25-Apr-19,8:32:09
25-Apr-19,8:32:10
25-Apr-19,8:32:10
25-Apr-19,8:32:11
25-Apr-19,8:32:11
25-Apr-19,8:32:14
25-Apr-19,8:32:14
25-Apr-19,8:32:14
25-Apr-19,8:32:15
25-Apr-19,8:32:15
25-Apr-19,8:32:16
25-Apr-19,8:32:16
25-Apr-19,8:32:19
25-Apr-19,8:32:19
25-Apr-19,8:32:19
25-Apr-19,8:32:20
25-Apr-19,8:32:20
25-Apr-19,8:32:24
25-Apr-19,8:32:24
25-Apr-19,8:32:24
25-Apr-19,8:32:25
25-Apr-19,8:32:25
25-Apr-19,8:32:26
25-Apr-19,8:32:27
25-Apr-19,8:32:29
25-Apr-19,8:32:29
25-Apr-19,8:32:29
25-Apr-19,8:32:30
25-Apr-19,8:32:30
25-Apr-19,8:32:31
25-Apr-19,8:32:32
25-Apr-19,8:32:34
25-Apr-19,8:32:34
25-Apr-19,8:32:34
25-Apr-19,8:32:35
25-Apr-19,8:32:35
25-Apr-19,8:32:36
25-Apr-19,8:32:37
25-Apr-19,8:32:39
25-Apr-19,8:32:39
25-Apr-19,8:32:39
25-Apr-19,8:32:40
25-Apr-19,8:32:40
25-Apr-19,8:32:41
25-Apr-19,8:32:42
25-Apr-19,8:32:44
25-Apr-19,8:32:44
25-Apr-19,8:32:44
25-Apr-19,8:32:45
25-Apr-19,8:32:45
25-Apr-19,8:32:46
25-Apr-19,8:32:47
25-Apr-19,8:32:49
25-Apr-19,8:32:49
25-Apr-19,8:32:49
25-Apr-19,8:32:50
25-Apr-19,8:32:50
25-Apr-19,8:32:51
25-Apr-19,8:32:52
25-Apr-19,8:32:54
25-Apr-19,8:32:54
25-Apr-19,8:32:54
25-Apr-19,8:32:55
25-Apr-19,8:32:55
25-Apr-19,8:32:56
25-Apr-19,8:32:57
25-Apr-19,8:32:59
25-Apr-19,8:32:59
25-Apr-19,8:32:59
25-Apr-19,8:33:00
25-Apr-19,8:33:00
25-Apr-19,8:33:01
25-Apr-19,8:33:02
25-Apr-19,8:33:04
25-Apr-19,8:33:04
25-Apr-19,8:33:04
25-Apr-19,8:33:05
25-Apr-19,8:33:05
25-Apr-19,8:33:06
25-Apr-19,8:33:09
25-Apr-19,8:33:09
25-Apr-19,8:33:09
25-Apr-19,8:33:10
25-Apr-19,8:33:10
25-Apr-19,8:33:11
25-Apr-19,8:33:12
25-Apr-19,8:33:14
25-Apr-19,8:33:14
25-Apr-19,8:33:14
25-Apr-19,8:33:15
25-Apr-19,8:33:15
25-Apr-19,8:33:16
25-Apr-19,8:33:17
25-Apr-19,8:33:19
25-Apr-19,8:33:19
25-Apr-19,8:33:19
25-Apr-19,8:33:20
25-Apr-19,8:33:20
25-Apr-19,8:33:21
25-Apr-19,8:33:22
25-Apr-19,8:33:24
25-Apr-19,8:33:24
25-Apr-19,8:33:24
25-Apr-19,8:33:25
25-Apr-19,8:33:25
25-Apr-19,8:33:26
25-Apr-19,8:33:27
25-Apr-19,8:33:29
25-Apr-19,8:33:29
25-Apr-19,8:33:29
25-Apr-19,8:33:30
25-Apr-19,8:33:30
25-Apr-19,8:33:31
25-Apr-19,8:33:32
25-Apr-19,8:33:34
25-Apr-19,8:33:34
25-Apr-19,8:33:34
25-Apr-19,8:33:35
25-Apr-19,8:33:35
25-Apr-19,8:33:37
25-Apr-19,8:33:39
25-Apr-19,8:33:39
25-Apr-19,8:33:39
25-Apr-19,8:33:40
25-Apr-19,8:33:40
25-Apr-19,8:33:41
25-Apr-19,8:33:44
25-Apr-19,8:33:44
25-Apr-19,8:33:44
25-Apr-19,8:33:45
25-Apr-19,8:33:45
25-Apr-19,8:33:46
25-Apr-19,8:33:47
25-Apr-19,8:33:49
25-Apr-19,8:33:49
25-Apr-19,8:33:49
25-Apr-19,8:33:51
25-Apr-19,8:33:52
25-Apr-19,8:33:54
25-Apr-19,8:33:54
25-Apr-19,8:33:54
25-Apr-19,8:33:56
25-Apr-19,8:33:57
25-Apr-19,8:33:59
25-Apr-19,8:33:59
25-Apr-19,8:33:59
25-Apr-19,8:34:00
25-Apr-19,8:34:00
25-Apr-19,8:34:01
25-Apr-19,8:34:02
25-Apr-19,8:34:04
25-Apr-19,8:34:04
25-Apr-19,8:34:04
25-Apr-19,8:34:05
25-Apr-19,8:34:05
25-Apr-19,8:34:06
25-Apr-19,8:34:07
25-Apr-19,8:34:09
25-Apr-19,8:34:09
25-Apr-19,8:34:09
25-Apr-19,8:34:10
25-Apr-19,8:34:10
25-Apr-19,8:34:11
25-Apr-19,8:34:12
25-Apr-19,8:34:14
25-Apr-19,8:34:14
25-Apr-19,8:34:14
25-Apr-19,8:34:15
25-Apr-19,8:34:15
25-Apr-19,8:34:16
25-Apr-19,8:34:17
25-Apr-19,8:34:19
25-Apr-19,8:34:19
25-Apr-19,8:34:19
25-Apr-19,8:34:20
25-Apr-19,8:34:20
25-Apr-19,8:34:21
25-Apr-19,8:34:22
25-Apr-19,8:34:24
25-Apr-19,8:34:24
25-Apr-19,8:34:24
25-Apr-19,8:34:25
25-Apr-19,8:34:25
25-Apr-19,8:34:26
25-Apr-19,8:34:27
25-Apr-19,8:34:29
25-Apr-19,8:34:29
25-Apr-19,8:34:29
25-Apr-19,8:34:30
25-Apr-19,8:34:30
25-Apr-19,8:34:31
25-Apr-19,8:34:32
25-Apr-19,8:34:34
25-Apr-19,8:34:34
25-Apr-19,8:34:34
25-Apr-19,8:34:35
25-Apr-19,8:34:35
25-Apr-19,8:34:36
25-Apr-19,8:34:37
25-Apr-19,8:34:39
25-Apr-19,8:34:39
25-Apr-19,8:34:39
25-Apr-19,8:34:40
25-Apr-19,8:34:40
25-Apr-19,8:34:41
25-Apr-19,8:34:42
25-Apr-19,8:34:44
25-Apr-19,8:34:44
25-Apr-19,8:34:44
25-Apr-19,8:34:45
25-Apr-19,8:34:45
25-Apr-19,8:34:46
25-Apr-19,8:34:47
25-Apr-19,8:34:50
25-Apr-19,8:34:50
25-Apr-19,8:34:54
25-Apr-19,8:34:54
25-Apr-19,8:34:54
25-Apr-19,8:34:55
25-Apr-19,8:34:55
25-Apr-19,8:34:56
25-Apr-19,8:34:57
25-Apr-19,8:35:00
25-Apr-19,8:35:00
25-Apr-19,8:35:01
25-Apr-19,8:35:02
25-Apr-19,8:35:04
25-Apr-19,8:35:04
25-Apr-19,8:35:04
25-Apr-19,8:35:05
25-Apr-19,8:35:05
25-Apr-19,8:35:06
25-Apr-19,8:35:07
25-Apr-19,8:35:09
25-Apr-19,8:35:09
25-Apr-19,8:35:09
25-Apr-19,8:35:10
25-Apr-19,8:35:10
25-Apr-19,8:35:11
25-Apr-19,8:35:12
25-Apr-19,8:35:14
25-Apr-19,8:35:14
25-Apr-19,8:35:14
25-Apr-19,8:35:15
25-Apr-19,8:35:15
25-Apr-19,8:35:16
25-Apr-19,8:35:17
25-Apr-19,8:35:20
25-Apr-19,8:35:20
25-Apr-19,8:35:21
25-Apr-19,8:35:22
25-Apr-19,8:35:27
25-Apr-19,8:35:29
25-Apr-19,8:35:29
25-Apr-19,8:35:29
25-Apr-19,8:35:30
25-Apr-19,8:35:30
25-Apr-19,8:35:31
25-Apr-19,8:35:32
25-Apr-19,8:35:34
25-Apr-19,8:35:34
25-Apr-19,8:35:34
25-Apr-19,8:35:36
25-Apr-19,8:35:37
25-Apr-19,8:35:40
25-Apr-19,8:35:40
25-Apr-19,8:35:41
25-Apr-19,8:35:42
25-Apr-19,8:35:44
25-Apr-19,8:35:44
25-Apr-19,8:35:44
25-Apr-19,8:35:45
25-Apr-19,8:35:45
25-Apr-19,8:35:46
25-Apr-19,8:35:47
25-Apr-19,8:35:49
25-Apr-19,8:35:49
25-Apr-19,8:35:49
25-Apr-19,8:35:50
25-Apr-19,8:35:50
25-Apr-19,8:35:51
25-Apr-19,8:35:52
25-Apr-19,8:35:54
25-Apr-19,8:35:54
25-Apr-19,8:35:54
25-Apr-19,8:35:55
25-Apr-19,8:35:55
25-Apr-19,8:35:56
25-Apr-19,8:35:57
25-Apr-19,8:35:59
25-Apr-19,8:35:59
25-Apr-19,8:35:59
25-Apr-19,8:36:00
25-Apr-19,8:36:00
25-Apr-19,8:36:01
25-Apr-19,8:36:02
25-Apr-19,8:36:04
25-Apr-19,8:36:04
25-Apr-19,8:36:04
25-Apr-19,8:36:05
25-Apr-19,8:36:05
25-Apr-19,8:36:06
25-Apr-19,8:36:07
25-Apr-19,8:36:09
25-Apr-19,8:36:09
25-Apr-19,8:36:09
25-Apr-19,8:36:10
25-Apr-19,8:36:10
25-Apr-19,8:36:11
25-Apr-19,8:36:12
25-Apr-19,8:36:14
25-Apr-19,8:36:14
25-Apr-19,8:36:14
25-Apr-19,8:36:15
25-Apr-19,8:36:15
25-Apr-19,8:36:16
25-Apr-19,8:36:17
25-Apr-19,8:36:19
25-Apr-19,8:36:19
25-Apr-19,8:36:19
25-Apr-19,8:36:20
25-Apr-19,8:36:20
25-Apr-19,8:36:21
25-Apr-19,8:36:22
25-Apr-19,8:36:24
25-Apr-19,8:36:24
25-Apr-19,8:36:24
25-Apr-19,8:36:25
25-Apr-19,8:36:25
25-Apr-19,8:36:26
25-Apr-19,8:36:27
25-Apr-19,8:36:29
25-Apr-19,8:36:29
25-Apr-19,8:36:29
25-Apr-19,8:36:30
25-Apr-19,8:36:30
25-Apr-19,8:36:31
25-Apr-19,8:36:32
25-Apr-19,8:36:34
25-Apr-19,8:36:34
25-Apr-19,8:36:35
25-Apr-19,8:36:35
25-Apr-19,8:36:35
25-Apr-19,8:36:36
25-Apr-19,8:36:37
25-Apr-19,8:36:39
25-Apr-19,8:36:39
25-Apr-19,8:36:40
25-Apr-19,8:36:40
25-Apr-19,8:36:40
25-Apr-19,8:36:41
25-Apr-19,8:36:42
25-Apr-19,8:36:44
25-Apr-19,8:36:44
25-Apr-19,8:36:45
25-Apr-19,8:36:45
25-Apr-19,8:36:45
25-Apr-19,8:36:46
25-Apr-19,8:36:47
25-Apr-19,8:36:49
25-Apr-19,8:36:49
25-Apr-19,8:36:50
25-Apr-19,8:36:50
25-Apr-19,8:36:50
25-Apr-19,8:36:51
25-Apr-19,8:36:52
25-Apr-19,8:36:54
25-Apr-19,8:36:55
25-Apr-19,8:36:55
25-Apr-19,8:36:55
25-Apr-19,8:36:55
25-Apr-19,8:36:56
25-Apr-19,8:36:57
25-Apr-19,8:36:59
25-Apr-19,8:37:00
25-Apr-19,8:37:00
25-Apr-19,8:37:00
25-Apr-19,8:37:00
25-Apr-19,8:37:01
25-Apr-19,8:37:02
25-Apr-19,8:37:04
25-Apr-19,8:37:05
25-Apr-19,8:37:05
25-Apr-19,8:37:05
25-Apr-19,8:37:05
25-Apr-19,8:37:06
25-Apr-19,8:37:07
25-Apr-19,8:37:09
25-Apr-19,8:37:10
25-Apr-19,8:37:10
25-Apr-19,8:37:10
25-Apr-19,8:37:10
25-Apr-19,8:37:11
25-Apr-19,8:37:12
25-Apr-19,8:37:14
25-Apr-19,8:37:15
25-Apr-19,8:37:15
25-Apr-19,8:37:15
25-Apr-19,8:37:15
25-Apr-19,8:37:17
25-Apr-19,8:37:19
25-Apr-19,8:37:20
25-Apr-19,8:37:20
25-Apr-19,8:37:20
25-Apr-19,8:37:20
25-Apr-19,8:37:21
25-Apr-19,8:37:22
25-Apr-19,8:37:24
25-Apr-19,8:37:25
25-Apr-19,8:37:25
25-Apr-19,8:37:25
25-Apr-19,8:37:25
25-Apr-19,8:37:26
25-Apr-19,8:37:27
25-Apr-19,8:37:29
25-Apr-19,8:37:30
25-Apr-19,8:37:30
25-Apr-19,8:37:30
25-Apr-19,8:37:30
25-Apr-19,8:37:31
25-Apr-19,8:37:32
25-Apr-19,8:37:34
25-Apr-19,8:37:36
25-Apr-19,8:37:37
25-Apr-19,8:37:40
25-Apr-19,8:37:40
25-Apr-19,8:37:40
25-Apr-19,8:37:40
25-Apr-19,8:37:45
25-Apr-19,8:37:45
25-Apr-19,8:37:45
25-Apr-19,8:37:45
25-Apr-19,8:37:46
25-Apr-19,8:37:47
25-Apr-19,8:37:49
25-Apr-19,8:37:50
25-Apr-19,8:37:50
25-Apr-19,8:37:50
25-Apr-19,8:37:50
25-Apr-19,8:37:51
25-Apr-19,8:37:52
25-Apr-19,8:37:54
25-Apr-19,8:37:55
25-Apr-19,8:37:55
25-Apr-19,8:37:55
25-Apr-19,8:37:55
25-Apr-19,8:37:56
25-Apr-19,8:37:57
25-Apr-19,8:37:59
25-Apr-19,8:38:00
25-Apr-19,8:38:00
25-Apr-19,8:38:00
25-Apr-19,8:38:00
25-Apr-19,8:38:01
25-Apr-19,8:38:02
25-Apr-19,8:38:04
25-Apr-19,8:38:05
25-Apr-19,8:38:05
25-Apr-19,8:38:05
25-Apr-19,8:38:05
25-Apr-19,8:38:06
25-Apr-19,8:38:07
25-Apr-19,8:38:09
25-Apr-19,8:38:10
25-Apr-19,8:38:10
25-Apr-19,8:38:10
25-Apr-19,8:38:11
25-Apr-19,8:38:12
25-Apr-19,8:38:14
25-Apr-19,8:38:15
25-Apr-19,8:38:15
25-Apr-19,8:38:15
25-Apr-19,8:38:15
25-Apr-19,8:38:16
25-Apr-19,8:38:17
25-Apr-19,8:38:19
25-Apr-19,8:38:20
25-Apr-19,8:38:20
25-Apr-19,8:38:20
25-Apr-19,8:38:20
25-Apr-19,8:38:21
25-Apr-19,8:38:22
25-Apr-19,8:38:24
25-Apr-19,8:38:25
25-Apr-19,8:38:25
25-Apr-19,8:38:25
25-Apr-19,8:38:25
25-Apr-19,8:38:26
25-Apr-19,8:38:27
25-Apr-19,8:38:29
25-Apr-19,8:38:30
25-Apr-19,8:38:30
25-Apr-19,8:38:30
25-Apr-19,8:38:30
25-Apr-19,8:38:31
25-Apr-19,8:38:32
25-Apr-19,8:38:34
25-Apr-19,8:38:35
25-Apr-19,8:38:35
25-Apr-19,8:38:35
25-Apr-19,8:38:35
25-Apr-19,8:38:36
25-Apr-19,8:38:37
25-Apr-19,8:38:39
25-Apr-19,8:38:40
25-Apr-19,8:38:40
25-Apr-19,8:38:40
25-Apr-19,8:38:40
25-Apr-19,8:38:41
25-Apr-19,8:38:42
25-Apr-19,8:38:44
25-Apr-19,8:38:45
25-Apr-19,8:38:45
25-Apr-19,8:38:45
25-Apr-19,8:38:45
25-Apr-19,8:38:46
25-Apr-19,8:38:47
25-Apr-19,8:38:49
25-Apr-19,8:38:50
25-Apr-19,8:38:50
25-Apr-19,8:38:50
25-Apr-19,8:38:50
25-Apr-19,8:38:51
25-Apr-19,8:38:52
25-Apr-19,8:38:54
25-Apr-19,8:38:55
25-Apr-19,8:38:55
25-Apr-19,8:38:55
25-Apr-19,8:38:55
25-Apr-19,8:38:56
25-Apr-19,8:38:57
25-Apr-19,8:38:59
25-Apr-19,8:39:00
25-Apr-19,8:39:00
25-Apr-19,8:39:00
25-Apr-19,8:39:00
25-Apr-19,8:39:01
25-Apr-19,8:39:02
25-Apr-19,8:39:04
25-Apr-19,8:39:05
25-Apr-19,8:39:05
25-Apr-19,8:39:05
25-Apr-19,8:39:05
25-Apr-19,8:39:06
25-Apr-19,8:39:07
25-Apr-19,8:39:09
25-Apr-19,8:39:10
25-Apr-19,8:39:10
25-Apr-19,8:39:10
25-Apr-19,8:39:10
25-Apr-19,8:39:11
25-Apr-19,8:39:12
25-Apr-19,8:39:14
25-Apr-19,8:39:15
25-Apr-19,8:39:15
25-Apr-19,8:39:15
25-Apr-19,8:39:15
25-Apr-19,8:39:16
25-Apr-19,8:39:17
25-Apr-19,8:39:19
25-Apr-19,8:39:20
25-Apr-19,8:39:20
25-Apr-19,8:39:20
25-Apr-19,8:39:20
25-Apr-19,8:39:21
25-Apr-19,8:39:22
25-Apr-19,8:39:24
25-Apr-19,8:39:25
25-Apr-19,8:39:25
25-Apr-19,8:39:25
25-Apr-19,8:39:26
25-Apr-19,8:39:26
25-Apr-19,8:39:27
25-Apr-19,8:39:29
25-Apr-19,8:39:30
25-Apr-19,8:39:30
25-Apr-19,8:39:30
25-Apr-19,8:39:31
25-Apr-19,8:39:31
25-Apr-19,8:39:32
25-Apr-19,8:39:34
25-Apr-19,8:39:35
25-Apr-19,8:39:35
25-Apr-19,8:39:35
25-Apr-19,8:39:36
25-Apr-19,8:39:36
25-Apr-19,8:39:37
25-Apr-19,8:39:39
25-Apr-19,8:39:40
25-Apr-19,8:39:40
25-Apr-19,8:39:40
25-Apr-19,8:39:41
25-Apr-19,8:39:41
25-Apr-19,8:39:42
25-Apr-19,8:39:44
25-Apr-19,8:39:45
25-Apr-19,8:39:45
25-Apr-19,8:39:45
25-Apr-19,8:39:46
25-Apr-19,8:39:46
25-Apr-19,8:39:47
25-Apr-19,8:39:49
25-Apr-19,8:39:50
25-Apr-19,8:39:50
25-Apr-19,8:39:50
25-Apr-19,8:39:51
25-Apr-19,8:39:51
25-Apr-19,8:39:52
25-Apr-19,8:39:54
25-Apr-19,8:39:55
25-Apr-19,8:39:55
25-Apr-19,8:39:55
25-Apr-19,8:39:56
25-Apr-19,8:39:56
25-Apr-19,8:39:57
25-Apr-19,8:39:59
25-Apr-19,8:40:00
25-Apr-19,8:40:00
25-Apr-19,8:40:00
25-Apr-19,8:40:01
25-Apr-19,8:40:01
25-Apr-19,8:40:02
25-Apr-19,8:40:04
25-Apr-19,8:40:05
25-Apr-19,8:40:05
25-Apr-19,8:40:05
25-Apr-19,8:40:06
25-Apr-19,8:40:06
25-Apr-19,8:40:07
25-Apr-19,8:40:09
25-Apr-19,8:40:10
25-Apr-19,8:40:10
25-Apr-19,8:40:10
25-Apr-19,8:40:11
25-Apr-19,8:40:11
25-Apr-19,8:40:12
25-Apr-19,8:40:14
25-Apr-19,8:40:15
25-Apr-19,8:40:15
25-Apr-19,8:40:15
25-Apr-19,8:40:16
25-Apr-19,8:40:16
25-Apr-19,8:40:17
25-Apr-19,8:40:19
25-Apr-19,8:40:20
25-Apr-19,8:40:20
25-Apr-19,8:40:20
25-Apr-19,8:40:21
25-Apr-19,8:40:21
25-Apr-19,8:40:22
25-Apr-19,8:40:24
25-Apr-19,8:40:25
25-Apr-19,8:40:25
25-Apr-19,8:40:25
25-Apr-19,8:40:26
25-Apr-19,8:40:26
25-Apr-19,8:40:27
25-Apr-19,8:40:29
25-Apr-19,8:40:30
25-Apr-19,8:40:30
25-Apr-19,8:40:30
25-Apr-19,8:40:31
25-Apr-19,8:40:31
25-Apr-19,8:40:32
25-Apr-19,8:40:34
25-Apr-19,8:40:35
25-Apr-19,8:40:35
25-Apr-19,8:40:35
25-Apr-19,8:40:36
25-Apr-19,8:40:36
25-Apr-19,8:40:37
25-Apr-19,8:40:39
25-Apr-19,8:40:40
25-Apr-19,8:40:40
25-Apr-19,8:40:40
25-Apr-19,8:40:41
25-Apr-19,8:40:41
25-Apr-19,8:40:42
25-Apr-19,8:40:44
25-Apr-19,8:40:45
25-Apr-19,8:40:45
25-Apr-19,8:40:45
25-Apr-19,8:40:46
25-Apr-19,8:40:46
25-Apr-19,8:40:47
25-Apr-19,8:40:49
25-Apr-19,8:40:50
25-Apr-19,8:40:50
25-Apr-19,8:40:50
25-Apr-19,8:40:51
25-Apr-19,8:40:51
25-Apr-19,8:40:52
25-Apr-19,8:40:54
25-Apr-19,8:40:55
25-Apr-19,8:40:55
25-Apr-19,8:40:55
25-Apr-19,8:40:56
25-Apr-19,8:40:56
25-Apr-19,8:40:57
25-Apr-19,8:40:59
25-Apr-19,8:41:00
25-Apr-19,8:41:00
25-Apr-19,8:41:00
25-Apr-19,8:41:02
25-Apr-19,8:41:04
25-Apr-19,8:41:05
25-Apr-19,8:41:05
25-Apr-19,8:41:05
25-Apr-19,8:41:06
25-Apr-19,8:41:06
25-Apr-19,8:41:07
25-Apr-19,8:41:09
25-Apr-19,8:41:10
25-Apr-19,8:41:10
25-Apr-19,8:41:10
25-Apr-19,8:41:11
25-Apr-19,8:41:11
25-Apr-19,8:41:12
25-Apr-19,8:41:14
25-Apr-19,8:41:15
25-Apr-19,8:41:15
25-Apr-19,8:41:15
25-Apr-19,8:41:16
25-Apr-19,8:41:16
25-Apr-19,8:41:17
25-Apr-19,8:41:19
25-Apr-19,8:41:20
25-Apr-19,8:41:20
25-Apr-19,8:41:20
25-Apr-19,8:41:21
25-Apr-19,8:41:21
25-Apr-19,8:41:22
25-Apr-19,8:41:24
25-Apr-19,8:41:25
25-Apr-19,8:41:25
25-Apr-19,8:41:25
25-Apr-19,8:41:26
25-Apr-19,8:41:26
25-Apr-19,8:41:27
25-Apr-19,8:41:29
25-Apr-19,8:41:30
25-Apr-19,8:41:30
25-Apr-19,8:41:30
25-Apr-19,8:41:31
25-Apr-19,8:41:31
25-Apr-19,8:41:32
25-Apr-19,8:41:34
25-Apr-19,8:41:35
25-Apr-19,8:41:35
25-Apr-19,8:41:35
25-Apr-19,8:41:36
25-Apr-19,8:41:36
25-Apr-19,8:41:37
25-Apr-19,8:41:39
25-Apr-19,8:41:40
25-Apr-19,8:41:40
25-Apr-19,8:41:40
25-Apr-19,8:41:41
25-Apr-19,8:41:41
25-Apr-19,8:41:42
25-Apr-19,8:41:44
25-Apr-19,8:41:45
25-Apr-19,8:41:45
25-Apr-19,8:41:45
25-Apr-19,8:41:46
25-Apr-19,8:41:46
25-Apr-19,8:41:47
25-Apr-19,8:41:49
25-Apr-19,8:41:50
25-Apr-19,8:41:50
25-Apr-19,8:41:50
25-Apr-19,8:41:51
25-Apr-19,8:41:51
25-Apr-19,8:41:52
25-Apr-19,8:41:55
25-Apr-19,8:41:55
25-Apr-19,8:41:55
25-Apr-19,8:41:56
25-Apr-19,8:41:56
25-Apr-19,8:41:57
25-Apr-19,8:41:59
25-Apr-19,8:42:01
25-Apr-19,8:42:01
25-Apr-19,8:42:02
25-Apr-19,8:42:04
25-Apr-19,8:42:05
25-Apr-19,8:42:05
25-Apr-19,8:42:05
25-Apr-19,8:42:06
25-Apr-19,8:42:06
25-Apr-19,8:42:07
25-Apr-19,8:42:09
25-Apr-19,8:42:10
25-Apr-19,8:42:10
25-Apr-19,8:42:10
25-Apr-19,8:42:11
25-Apr-19,8:42:11
25-Apr-19,8:42:12
25-Apr-19,8:42:14
25-Apr-19,8:42:15
25-Apr-19,8:42:15
25-Apr-19,8:42:15
25-Apr-19,8:42:16
25-Apr-19,8:42:16
25-Apr-19,8:42:17
25-Apr-19,8:42:19
25-Apr-19,8:42:20
25-Apr-19,8:42:20
25-Apr-19,8:42:20
25-Apr-19,8:42:21
25-Apr-19,8:42:21
25-Apr-19,8:42:22
25-Apr-19,8:42:24
25-Apr-19,8:42:25
25-Apr-19,8:42:25
25-Apr-19,8:42:25
25-Apr-19,8:42:26
25-Apr-19,8:42:26
25-Apr-19,8:42:27
25-Apr-19,8:42:31
25-Apr-19,8:42:31
25-Apr-19,8:42:34
25-Apr-19,8:42:35
25-Apr-19,8:42:35
25-Apr-19,8:42:35
25-Apr-19,8:42:36
25-Apr-19,8:42:36
25-Apr-19,8:42:37
25-Apr-19,8:42:39
25-Apr-19,8:42:40
25-Apr-19,8:42:40
25-Apr-19,8:42:40
25-Apr-19,8:42:41
25-Apr-19,8:42:41
25-Apr-19,8:42:42
25-Apr-19,8:42:44
25-Apr-19,8:42:45
25-Apr-19,8:42:45
25-Apr-19,8:42:45
25-Apr-19,8:42:46
25-Apr-19,8:42:46
25-Apr-19,8:42:47
25-Apr-19,8:42:49
25-Apr-19,8:42:50
25-Apr-19,8:42:50
25-Apr-19,8:42:50
25-Apr-19,8:42:51
25-Apr-19,8:42:51
25-Apr-19,8:42:52
25-Apr-19,8:42:54
25-Apr-19,8:42:55
25-Apr-19,8:42:55
25-Apr-19,8:42:55
25-Apr-19,8:42:56
25-Apr-19,8:42:56
25-Apr-19,8:42:57
25-Apr-19,8:42:59
25-Apr-19,8:43:00
25-Apr-19,8:43:00
25-Apr-19,8:43:00
25-Apr-19,8:43:01
25-Apr-19,8:43:01
25-Apr-19,8:43:02
25-Apr-19,8:43:04
25-Apr-19,8:43:05
25-Apr-19,8:43:05
25-Apr-19,8:43:05
25-Apr-19,8:43:06
25-Apr-19,8:43:06
25-Apr-19,8:43:07
25-Apr-19,8:43:09
25-Apr-19,8:43:10
25-Apr-19,8:43:10
25-Apr-19,8:43:10
25-Apr-19,8:43:14
25-Apr-19,8:43:15
25-Apr-19,8:43:15
25-Apr-19,8:43:15
25-Apr-19,8:43:16
25-Apr-19,8:43:16
25-Apr-19,8:43:17
25-Apr-19,8:43:19
25-Apr-19,8:43:20
25-Apr-19,8:43:20
25-Apr-19,8:43:20
25-Apr-19,8:43:21
25-Apr-19,8:43:21
25-Apr-19,8:43:22
25-Apr-19,8:43:24
25-Apr-19,8:43:25
25-Apr-19,8:43:25
25-Apr-19,8:43:25
25-Apr-19,8:43:26
25-Apr-19,8:43:26
25-Apr-19,8:43:27
25-Apr-19,8:43:29
25-Apr-19,8:43:30
25-Apr-19,8:43:30
25-Apr-19,8:43:30
25-Apr-19,8:43:31
25-Apr-19,8:43:31
25-Apr-19,8:43:32
25-Apr-19,8:43:34
25-Apr-19,8:43:35
25-Apr-19,8:43:35
25-Apr-19,8:43:35
25-Apr-19,8:43:36
25-Apr-19,8:43:36
25-Apr-19,8:43:37
25-Apr-19,8:43:40
25-Apr-19,8:43:40
25-Apr-19,8:43:40
25-Apr-19,8:43:40
25-Apr-19,8:43:41
25-Apr-19,8:43:41
25-Apr-19,8:43:42
25-Apr-19,8:43:45
25-Apr-19,8:43:45
25-Apr-19,8:43:45
25-Apr-19,8:43:45
25-Apr-19,8:43:46
25-Apr-19,8:43:46
25-Apr-19,8:43:48
25-Apr-19,8:43:50
25-Apr-19,8:43:50
25-Apr-19,8:43:50
25-Apr-19,8:43:50
25-Apr-19,8:43:51
25-Apr-19,8:43:51
25-Apr-19,8:43:53
25-Apr-19,8:43:55
25-Apr-19,8:43:55
25-Apr-19,8:43:55
25-Apr-19,8:43:55
25-Apr-19,8:43:56
25-Apr-19,8:43:56
25-Apr-19,8:43:58
25-Apr-19,8:44:00
25-Apr-19,8:44:00
25-Apr-19,8:44:00
25-Apr-19,8:44:00
25-Apr-19,8:44:03
25-Apr-19,8:44:05
25-Apr-19,8:44:05
25-Apr-19,8:44:05
25-Apr-19,8:44:05
25-Apr-19,8:44:06
25-Apr-19,8:44:06
25-Apr-19,8:44:08
25-Apr-19,8:44:10
25-Apr-19,8:44:10
25-Apr-19,8:44:10
25-Apr-19,8:44:10
25-Apr-19,8:44:11
25-Apr-19,8:44:11
25-Apr-19,8:44:13
25-Apr-19,8:44:15
25-Apr-19,8:44:15
25-Apr-19,8:44:15
25-Apr-19,8:44:15
25-Apr-19,8:44:16
25-Apr-19,8:44:16
25-Apr-19,8:44:18
25-Apr-19,8:44:20
25-Apr-19,8:44:20
25-Apr-19,8:44:20
25-Apr-19,8:44:20
25-Apr-19,8:44:21
25-Apr-19,8:44:22
25-Apr-19,8:44:23
25-Apr-19,8:44:25
25-Apr-19,8:44:25
25-Apr-19,8:44:25
25-Apr-19,8:44:26
25-Apr-19,8:44:26
25-Apr-19,8:44:27
25-Apr-19,8:44:28
25-Apr-19,8:44:30
25-Apr-19,8:44:30
25-Apr-19,8:44:30
25-Apr-19,8:44:31
25-Apr-19,8:44:31
25-Apr-19,8:44:32
25-Apr-19,8:44:33
25-Apr-19,8:44:35
25-Apr-19,8:44:35
25-Apr-19,8:44:35
25-Apr-19,8:44:36
25-Apr-19,8:44:36
25-Apr-19,8:44:37
25-Apr-19,8:44:38
25-Apr-19,8:44:40
25-Apr-19,8:44:40
25-Apr-19,8:44:40
25-Apr-19,8:44:41
25-Apr-19,8:44:41
25-Apr-19,8:44:42
25-Apr-19,8:44:43
25-Apr-19,8:44:45
25-Apr-19,8:44:45
25-Apr-19,8:44:45
25-Apr-19,8:44:46
25-Apr-19,8:44:46
25-Apr-19,8:44:47
25-Apr-19,8:44:48
25-Apr-19,8:44:50
25-Apr-19,8:44:50
25-Apr-19,8:44:50
25-Apr-19,8:44:51
25-Apr-19,8:44:51
25-Apr-19,8:44:52
25-Apr-19,8:44:53
25-Apr-19,8:44:55
25-Apr-19,8:44:55
25-Apr-19,8:44:55
25-Apr-19,8:44:56
25-Apr-19,8:44:56
25-Apr-19,8:44:57
25-Apr-19,8:44:58
25-Apr-19,8:45:00
25-Apr-19,8:45:00
25-Apr-19,8:45:00
25-Apr-19,8:45:01
25-Apr-19,8:45:01
25-Apr-19,8:45:02
25-Apr-19,8:45:03
25-Apr-19,8:45:05
25-Apr-19,8:45:05
25-Apr-19,8:45:05
25-Apr-19,8:45:06
25-Apr-19,8:45:06
25-Apr-19,8:45:07
25-Apr-19,8:45:08
25-Apr-19,8:45:10
25-Apr-19,8:45:10
25-Apr-19,8:45:10
25-Apr-19,8:45:11
25-Apr-19,8:45:11
25-Apr-19,8:45:12
25-Apr-19,8:45:13
25-Apr-19,8:45:15
25-Apr-19,8:45:15
25-Apr-19,8:45:15
25-Apr-19,8:45:16
25-Apr-19,8:45:16
25-Apr-19,8:45:17
25-Apr-19,8:45:18
25-Apr-19,8:45:20
25-Apr-19,8:45:20
25-Apr-19,8:45:20
25-Apr-19,8:45:21
25-Apr-19,8:45:21
25-Apr-19,8:45:22
25-Apr-19,8:45:23
25-Apr-19,8:45:25
25-Apr-19,8:45:25
25-Apr-19,8:45:25
25-Apr-19,8:45:26
25-Apr-19,8:45:26
25-Apr-19,8:45:27
25-Apr-19,8:45:28
25-Apr-19,8:45:30
25-Apr-19,8:45:30
25-Apr-19,8:45:30
25-Apr-19,8:45:31
25-Apr-19,8:45:31
25-Apr-19,8:45:32
25-Apr-19,8:45:33
25-Apr-19,8:45:35
25-Apr-19,8:45:35
25-Apr-19,8:45:35
25-Apr-19,8:45:36
25-Apr-19,8:45:36
25-Apr-19,8:45:37
25-Apr-19,8:45:38
25-Apr-19,8:45:40
25-Apr-19,8:45:40
25-Apr-19,8:45:40
25-Apr-19,8:45:41
25-Apr-19,8:45:41
25-Apr-19,8:45:42
25-Apr-19,8:45:45
25-Apr-19,8:45:45
25-Apr-19,8:45:45
25-Apr-19,8:45:46
25-Apr-19,8:45:46
25-Apr-19,8:45:47
25-Apr-19,8:45:48
25-Apr-19,8:45:50
25-Apr-19,8:45:50
25-Apr-19,8:45:50
25-Apr-19,8:45:51
25-Apr-19,8:45:51
25-Apr-19,8:45:52
25-Apr-19,8:45:53
25-Apr-19,8:45:55
25-Apr-19,8:45:55
25-Apr-19,8:45:55
25-Apr-19,8:45:56
25-Apr-19,8:45:56
25-Apr-19,8:45:57
25-Apr-19,8:45:58
25-Apr-19,8:46:00
25-Apr-19,8:46:00
25-Apr-19,8:46:00
25-Apr-19,8:46:01
25-Apr-19,8:46:01
25-Apr-19,8:46:02
25-Apr-19,8:46:03
25-Apr-19,8:46:05
25-Apr-19,8:46:05
25-Apr-19,8:46:05
25-Apr-19,8:46:06
25-Apr-19,8:46:06
25-Apr-19,8:46:07
25-Apr-19,8:46:08
25-Apr-19,8:46:10
25-Apr-19,8:46:10
25-Apr-19,8:46:10
25-Apr-19,8:46:11
25-Apr-19,8:46:11
25-Apr-19,8:46:12
25-Apr-19,8:46:13
25-Apr-19,8:46:15
25-Apr-19,8:46:15
25-Apr-19,8:46:15
25-Apr-19,8:46:16
25-Apr-19,8:46:16
25-Apr-19,8:46:17
25-Apr-19,8:46:18
25-Apr-19,8:46:20
25-Apr-19,8:46:20
25-Apr-19,8:46:20
25-Apr-19,8:46:21
25-Apr-19,8:46:21
25-Apr-19,8:46:23
25-Apr-19,8:46:25
25-Apr-19,8:46:25
25-Apr-19,8:46:25
25-Apr-19,8:46:26
25-Apr-19,8:46:26
25-Apr-19,8:46:27
25-Apr-19,8:46:28
25-Apr-19,8:46:30
25-Apr-19,8:46:30
25-Apr-19,8:46:30
25-Apr-19,8:46:31
25-Apr-19,8:46:31
25-Apr-19,8:46:35
25-Apr-19,8:46:35
25-Apr-19,8:46:35
25-Apr-19,8:46:36
25-Apr-19,8:46:36
25-Apr-19,8:46:37
25-Apr-19,8:46:38
25-Apr-19,8:46:40
25-Apr-19,8:46:40
25-Apr-19,8:46:40
25-Apr-19,8:46:41
25-Apr-19,8:46:41
25-Apr-19,8:46:42
25-Apr-19,8:46:43
25-Apr-19,8:46:46
25-Apr-19,8:46:46
25-Apr-19,8:46:47
25-Apr-19,8:46:48
25-Apr-19,8:46:50
25-Apr-19,8:46:50
25-Apr-19,8:46:51
25-Apr-19,8:46:51
25-Apr-19,8:46:51
25-Apr-19,8:46:52
25-Apr-19,8:46:53
25-Apr-19,8:46:55
25-Apr-19,8:46:55
25-Apr-19,8:46:56
25-Apr-19,8:46:56
25-Apr-19,8:46:56
25-Apr-19,8:46:57
25-Apr-19,8:46:58
25-Apr-19,8:47:00
25-Apr-19,8:47:00
25-Apr-19,8:47:01
25-Apr-19,8:47:01
25-Apr-19,8:47:01
25-Apr-19,8:47:02
25-Apr-19,8:47:03
25-Apr-19,8:47:05
25-Apr-19,8:47:06
25-Apr-19,8:47:06
25-Apr-19,8:47:06
25-Apr-19,8:47:06
25-Apr-19,8:47:07
25-Apr-19,8:47:08
25-Apr-19,8:47:10
25-Apr-19,8:47:11
25-Apr-19,8:47:11
25-Apr-19,8:47:11
25-Apr-19,8:47:11
25-Apr-19,8:47:12
25-Apr-19,8:47:13
25-Apr-19,8:47:15
25-Apr-19,8:47:16
25-Apr-19,8:47:16
25-Apr-19,8:47:16
25-Apr-19,8:47:16
25-Apr-19,8:47:17
25-Apr-19,8:47:18
25-Apr-19,8:47:20
25-Apr-19,8:47:21
25-Apr-19,8:47:21
25-Apr-19,8:47:21
25-Apr-19,8:47:21
25-Apr-19,8:47:22
25-Apr-19,8:47:23
25-Apr-19,8:47:25
25-Apr-19,8:47:26
25-Apr-19,8:47:26
25-Apr-19,8:47:26
25-Apr-19,8:47:26
25-Apr-19,8:47:28
25-Apr-19,8:47:30
25-Apr-19,8:47:31
25-Apr-19,8:47:31
25-Apr-19,8:47:31
25-Apr-19,8:47:31
25-Apr-19,8:47:32
25-Apr-19,8:47:33
25-Apr-19,8:47:35
25-Apr-19,8:47:36
25-Apr-19,8:47:36
25-Apr-19,8:47:36
25-Apr-19,8:47:36
25-Apr-19,8:47:37
25-Apr-19,8:47:38
25-Apr-19,8:47:40
25-Apr-19,8:47:41
25-Apr-19,8:47:41
25-Apr-19,8:47:41
25-Apr-19,8:47:41
25-Apr-19,8:47:42
25-Apr-19,8:47:43
25-Apr-19,8:47:45
25-Apr-19,8:47:46
25-Apr-19,8:47:46
25-Apr-19,8:47:46
25-Apr-19,8:47:46
25-Apr-19,8:47:47
25-Apr-19,8:47:48
25-Apr-19,8:47:50
25-Apr-19,8:47:51
25-Apr-19,8:47:51
25-Apr-19,8:47:51
25-Apr-19,8:47:51
25-Apr-19,8:47:52
25-Apr-19,8:47:53
25-Apr-19,8:47:55
25-Apr-19,8:47:56
25-Apr-19,8:47:56
25-Apr-19,8:47:56
25-Apr-19,8:47:56
25-Apr-19,8:47:57
25-Apr-19,8:47:58
25-Apr-19,8:48:00
25-Apr-19,8:48:01
25-Apr-19,8:48:01
25-Apr-19,8:48:01
25-Apr-19,8:48:01
25-Apr-19,8:48:02
25-Apr-19,8:48:03
25-Apr-19,8:48:05
25-Apr-19,8:48:06
25-Apr-19,8:48:06
25-Apr-19,8:48:06
25-Apr-19,8:48:06
25-Apr-19,8:48:07
25-Apr-19,8:48:08
25-Apr-19,8:48:10
25-Apr-19,8:48:11
25-Apr-19,8:48:11
25-Apr-19,8:48:11
25-Apr-19,8:48:11
25-Apr-19,8:48:12
25-Apr-19,8:48:13
25-Apr-19,8:48:15
25-Apr-19,8:48:16
25-Apr-19,8:48:16
25-Apr-19,8:48:16
25-Apr-19,8:48:16
25-Apr-19,8:48:17
25-Apr-19,8:48:18
25-Apr-19,8:48:20
25-Apr-19,8:48:21
25-Apr-19,8:48:21
25-Apr-19,8:48:21
25-Apr-19,8:48:21
25-Apr-19,8:48:22
25-Apr-19,8:48:23
25-Apr-19,8:48:25
25-Apr-19,8:48:26
25-Apr-19,8:48:26
25-Apr-19,8:48:26
25-Apr-19,8:48:26
25-Apr-19,8:48:27
25-Apr-19,8:48:28
25-Apr-19,8:48:30
25-Apr-19,8:48:31
25-Apr-19,8:48:31
25-Apr-19,8:48:31
25-Apr-19,8:48:31
25-Apr-19,8:48:32
25-Apr-19,8:48:33
25-Apr-19,8:48:35
25-Apr-19,8:48:36
25-Apr-19,8:48:36
25-Apr-19,8:48:36
25-Apr-19,8:48:36
25-Apr-19,8:48:37
25-Apr-19,8:48:38
25-Apr-19,8:48:40
25-Apr-19,8:48:41
25-Apr-19,8:48:41
25-Apr-19,8:48:41
25-Apr-19,8:48:41
25-Apr-19,8:48:43
25-Apr-19,8:48:45
25-Apr-19,8:48:46
25-Apr-19,8:48:46
25-Apr-19,8:48:46
25-Apr-19,8:48:46
25-Apr-19,8:48:48
25-Apr-19,8:48:51
25-Apr-19,8:48:51
25-Apr-19,8:48:51
25-Apr-19,8:48:52
25-Apr-19,8:48:53
25-Apr-19,8:48:55
25-Apr-19,8:48:56
25-Apr-19,8:48:56
25-Apr-19,8:48:56
25-Apr-19,8:48:56
25-Apr-19,8:48:58
25-Apr-19,8:49:00
25-Apr-19,8:49:02
25-Apr-19,8:49:03
25-Apr-19,8:49:05
25-Apr-19,8:49:06
25-Apr-19,8:49:06
25-Apr-19,8:49:06
25-Apr-19,8:49:06
25-Apr-19,8:49:07
25-Apr-19,8:49:08
25-Apr-19,8:49:10
25-Apr-19,8:49:11
25-Apr-19,8:49:11
25-Apr-19,8:49:11
25-Apr-19,8:49:11
25-Apr-19,8:49:12
25-Apr-19,8:49:13
25-Apr-19,8:49:15
25-Apr-19,8:49:16
25-Apr-19,8:49:16
25-Apr-19,8:49:16
25-Apr-19,8:49:16
25-Apr-19,8:49:17
25-Apr-19,8:49:18
25-Apr-19,8:49:20
25-Apr-19,8:49:21
25-Apr-19,8:49:21
25-Apr-19,8:49:21
25-Apr-19,8:49:21
25-Apr-19,8:49:22
25-Apr-19,8:49:23
25-Apr-19,8:49:25
25-Apr-19,8:49:27
25-Apr-19,8:49:28
25-Apr-19,8:49:30
25-Apr-19,8:49:31
25-Apr-19,8:49:31
25-Apr-19,8:49:31
25-Apr-19,8:49:31
25-Apr-19,8:49:32
25-Apr-19,8:49:33
25-Apr-19,8:49:35
25-Apr-19,8:49:36
25-Apr-19,8:49:36
25-Apr-19,8:49:36
25-Apr-19,8:49:36
25-Apr-19,8:49:37
25-Apr-19,8:49:38
25-Apr-19,8:49:40
25-Apr-19,8:49:41
25-Apr-19,8:49:41
25-Apr-19,8:49:41
25-Apr-19,8:49:41
25-Apr-19,8:49:42
25-Apr-19,8:49:43
25-Apr-19,8:49:45
25-Apr-19,8:49:46
25-Apr-19,8:49:46
25-Apr-19,8:49:46
25-Apr-19,8:49:46
25-Apr-19,8:49:47
25-Apr-19,8:49:51
25-Apr-19,8:49:51
25-Apr-19,8:49:51
25-Apr-19,8:49:51
25-Apr-19,8:49:52
25-Apr-19,8:49:53
25-Apr-19,8:49:55
25-Apr-19,8:49:57
25-Apr-19,8:49:58
25-Apr-19,8:50:00
25-Apr-19,8:50:01
25-Apr-19,8:50:01
25-Apr-19,8:50:01
25-Apr-19,8:50:01
25-Apr-19,8:50:02
25-Apr-19,8:50:03
25-Apr-19,8:50:05
25-Apr-19,8:50:06
25-Apr-19,8:50:06
25-Apr-19,8:50:06
25-Apr-19,8:50:06
25-Apr-19,8:50:07
25-Apr-19,8:50:08
25-Apr-19,8:50:10
25-Apr-19,8:50:11
25-Apr-19,8:50:11
25-Apr-19,8:50:11
25-Apr-19,8:50:12
25-Apr-19,8:50:12
25-Apr-19,8:50:13
25-Apr-19,8:50:15
25-Apr-19,8:50:17
25-Apr-19,8:50:17
25-Apr-19,8:50:18
25-Apr-19,8:50:20
25-Apr-19,8:50:21
25-Apr-19,8:50:21
25-Apr-19,8:50:21
25-Apr-19,8:50:22
25-Apr-19,8:50:22
25-Apr-19,8:50:23
25-Apr-19,8:50:25
25-Apr-19,8:50:26
25-Apr-19,8:50:26
25-Apr-19,8:50:26
25-Apr-19,8:50:27
25-Apr-19,8:50:27
25-Apr-19,8:50:28
25-Apr-19,8:50:30
25-Apr-19,8:50:31
25-Apr-19,8:50:31
25-Apr-19,8:50:31
25-Apr-19,8:50:32
25-Apr-19,8:50:32
25-Apr-19,8:50:33
25-Apr-19,8:50:35
25-Apr-19,8:50:36
25-Apr-19,8:50:36
25-Apr-19,8:50:36
25-Apr-19,8:50:37
25-Apr-19,8:50:37
25-Apr-19,8:50:38
25-Apr-19,8:50:40
25-Apr-19,8:50:41
25-Apr-19,8:50:41
25-Apr-19,8:50:41
25-Apr-19,8:50:42
25-Apr-19,8:50:42
25-Apr-19,8:50:43
25-Apr-19,8:50:45
25-Apr-19,8:50:46
25-Apr-19,8:50:46
25-Apr-19,8:50:46
25-Apr-19,8:50:47
25-Apr-19,8:50:47
25-Apr-19,8:50:48
25-Apr-19,8:50:50
25-Apr-19,8:50:52
25-Apr-19,8:50:52
25-Apr-19,8:50:55
25-Apr-19,8:50:56
25-Apr-19,8:50:56
25-Apr-19,8:50:56
25-Apr-19,8:50:58
25-Apr-19,8:51:00
25-Apr-19,8:51:02
25-Apr-19,8:51:02
25-Apr-19,8:51:03
25-Apr-19,8:51:05
25-Apr-19,8:51:06
25-Apr-19,8:51:06
25-Apr-19,8:51:06
25-Apr-19,8:51:07
25-Apr-19,8:51:07
25-Apr-19,8:51:08
25-Apr-19,8:51:10
25-Apr-19,8:51:12
25-Apr-19,8:51:12
25-Apr-19,8:51:13
25-Apr-19,8:51:15
25-Apr-19,8:51:16
25-Apr-19,8:51:16
25-Apr-19,8:51:16
25-Apr-19,8:51:17
25-Apr-19,8:51:17
25-Apr-19,8:51:18
25-Apr-19,8:51:20
25-Apr-19,8:51:21
25-Apr-19,8:51:21
25-Apr-19,8:51:21
25-Apr-19,8:51:22
25-Apr-19,8:51:22
25-Apr-19,8:51:23
25-Apr-19,8:51:25
25-Apr-19,8:51:26
25-Apr-19,8:51:26
25-Apr-19,8:51:26
25-Apr-19,8:51:27
25-Apr-19,8:51:27
25-Apr-19,8:51:28
25-Apr-19,8:51:30
25-Apr-19,8:51:31
25-Apr-19,8:51:31
25-Apr-19,8:51:31
25-Apr-19,8:51:32
25-Apr-19,8:51:32
25-Apr-19,8:51:33
25-Apr-19,8:51:35
25-Apr-19,8:51:36
25-Apr-19,8:51:36
25-Apr-19,8:51:36
25-Apr-19,8:51:37
25-Apr-19,8:51:37
25-Apr-19,8:51:40
25-Apr-19,8:51:42
25-Apr-19,8:51:42
25-Apr-19,8:51:43
25-Apr-19,8:51:47
25-Apr-19,8:51:47
25-Apr-19,8:51:48
25-Apr-19,8:51:50
25-Apr-19,8:51:51
25-Apr-19,8:51:51
25-Apr-19,8:51:51
25-Apr-19,8:51:52
25-Apr-19,8:51:52
25-Apr-19,8:51:53
25-Apr-19,8:51:55
25-Apr-19,8:51:57
25-Apr-19,8:51:57
25-Apr-19,8:51:58
25-Apr-19,8:52:00
25-Apr-19,8:52:01
25-Apr-19,8:52:01
25-Apr-19,8:52:01
25-Apr-19,8:52:02
25-Apr-19,8:52:02
25-Apr-19,8:52:03
25-Apr-19,8:52:05
25-Apr-19,8:52:06
25-Apr-19,8:52:06
25-Apr-19,8:52:06
25-Apr-19,8:52:07
25-Apr-19,8:52:07
25-Apr-19,8:52:08
25-Apr-19,8:52:10
25-Apr-19,8:52:11
25-Apr-19,8:52:11
25-Apr-19,8:52:11
25-Apr-19,8:52:12
25-Apr-19,8:52:12
25-Apr-19,8:52:13
25-Apr-19,8:52:15
25-Apr-19,8:52:16
25-Apr-19,8:52:16
25-Apr-19,8:52:16
25-Apr-19,8:52:17
25-Apr-19,8:52:17
25-Apr-19,8:52:20
25-Apr-19,8:52:21
25-Apr-19,8:52:21
25-Apr-19,8:52:21
25-Apr-19,8:52:22
25-Apr-19,8:52:22
25-Apr-19,8:52:23
25-Apr-19,8:52:25
25-Apr-19,8:52:26
25-Apr-19,8:52:26
25-Apr-19,8:52:26
25-Apr-19,8:52:27
25-Apr-19,8:52:27
25-Apr-19,8:52:28
25-Apr-19,8:52:30
25-Apr-19,8:52:31
25-Apr-19,8:52:31
25-Apr-19,8:52:32
25-Apr-19,8:52:32
25-Apr-19,8:52:33
25-Apr-19,8:52:35
25-Apr-19,8:52:36
25-Apr-19,8:52:36
25-Apr-19,8:52:36
25-Apr-19,8:52:37
25-Apr-19,8:52:37
25-Apr-19,8:52:38
25-Apr-19,8:52:40
25-Apr-19,8:52:41
25-Apr-19,8:52:41
25-Apr-19,8:52:41
25-Apr-19,8:52:42
25-Apr-19,8:52:42
25-Apr-19,8:52:43
25-Apr-19,8:52:45
25-Apr-19,8:52:46
25-Apr-19,8:52:46
25-Apr-19,8:52:46
25-Apr-19,8:52:47
25-Apr-19,8:52:47
25-Apr-19,8:52:48
25-Apr-19,8:52:50
25-Apr-19,8:52:51
25-Apr-19,8:52:51
25-Apr-19,8:52:51
25-Apr-19,8:52:52
25-Apr-19,8:52:52
25-Apr-19,8:52:53
25-Apr-19,8:52:55
25-Apr-19,8:52:56
25-Apr-19,8:52:56
25-Apr-19,8:52:56
25-Apr-19,8:52:57
25-Apr-19,8:52:57
25-Apr-19,8:52:58
25-Apr-19,8:53:00
25-Apr-19,8:53:02
25-Apr-19,8:53:02
25-Apr-19,8:53:03
25-Apr-19,8:53:06
25-Apr-19,8:53:06
25-Apr-19,8:53:06
25-Apr-19,8:53:07
25-Apr-19,8:53:07
25-Apr-19,8:53:08
25-Apr-19,8:53:10
25-Apr-19,8:53:11
25-Apr-19,8:53:11
25-Apr-19,8:53:11
25-Apr-19,8:53:12
25-Apr-19,8:53:12
25-Apr-19,8:53:13
25-Apr-19,8:53:15
25-Apr-19,8:53:16
25-Apr-19,8:53:16
25-Apr-19,8:53:16
25-Apr-19,8:53:17
25-Apr-19,8:53:17
25-Apr-19,8:53:18
25-Apr-19,8:53:20
25-Apr-19,8:53:21
25-Apr-19,8:53:21
25-Apr-19,8:53:21
25-Apr-19,8:53:22
25-Apr-19,8:53:22
25-Apr-19,8:53:23
25-Apr-19,8:53:25
25-Apr-19,8:53:26
25-Apr-19,8:53:26
25-Apr-19,8:53:26
25-Apr-19,8:53:27
25-Apr-19,8:53:27
25-Apr-19,8:53:28
25-Apr-19,8:53:30
25-Apr-19,8:53:31
25-Apr-19,8:53:31
25-Apr-19,8:53:31
25-Apr-19,8:53:32
25-Apr-19,8:53:32
25-Apr-19,8:53:33
25-Apr-19,8:53:37
25-Apr-19,8:53:37
25-Apr-19,8:53:40
25-Apr-19,8:53:41
25-Apr-19,8:53:41
25-Apr-19,8:53:41
25-Apr-19,8:53:42
25-Apr-19,8:53:42
25-Apr-19,8:53:43
25-Apr-19,8:53:45
25-Apr-19,8:53:46
25-Apr-19,8:53:46
25-Apr-19,8:53:46
25-Apr-19,8:53:47
25-Apr-19,8:53:47
25-Apr-19,8:53:48
25-Apr-19,8:53:50
25-Apr-19,8:53:51
25-Apr-19,8:53:51
25-Apr-19,8:53:51
25-Apr-19,8:53:52
25-Apr-19,8:53:52
25-Apr-19,8:53:53
25-Apr-19,8:53:55
25-Apr-19,8:53:56
25-Apr-19,8:53:56
25-Apr-19,8:53:56
25-Apr-19,8:53:57
25-Apr-19,8:53:57
25-Apr-19,8:53:58
25-Apr-19,8:54:00
25-Apr-19,8:54:01
25-Apr-19,8:54:01
25-Apr-19,8:54:01
25-Apr-19,8:54:02
25-Apr-19,8:54:02
25-Apr-19,8:54:03
25-Apr-19,8:54:05
25-Apr-19,8:54:06
25-Apr-19,8:54:06
25-Apr-19,8:54:06
25-Apr-19,8:54:07
25-Apr-19,8:54:07
25-Apr-19,8:54:08
25-Apr-19,8:54:10
25-Apr-19,8:54:11
25-Apr-19,8:54:11
25-Apr-19,8:54:11
25-Apr-19,8:54:12
25-Apr-19,8:54:12
25-Apr-19,8:54:13
25-Apr-19,8:54:15
25-Apr-19,8:54:16
25-Apr-19,8:54:16
25-Apr-19,8:54:16
25-Apr-19,8:54:17
25-Apr-19,8:54:17
25-Apr-19,8:54:20
25-Apr-19,8:54:21
25-Apr-19,8:54:21
25-Apr-19,8:54:21
25-Apr-19,8:54:22
25-Apr-19,8:54:22
25-Apr-19,8:54:23
25-Apr-19,8:54:25
25-Apr-19,8:54:26
25-Apr-19,8:54:26
25-Apr-19,8:54:26
25-Apr-19,8:54:27
25-Apr-19,8:54:27
25-Apr-19,8:54:28
25-Apr-19,8:54:30
25-Apr-19,8:54:31
25-Apr-19,8:54:31
25-Apr-19,8:54:31
25-Apr-19,8:54:32
25-Apr-19,8:54:32
25-Apr-19,8:54:33
25-Apr-19,8:54:35
25-Apr-19,8:54:36
25-Apr-19,8:54:36
25-Apr-19,8:54:36
25-Apr-19,8:54:37
25-Apr-19,8:54:37
25-Apr-19,8:54:38
25-Apr-19,8:54:40
25-Apr-19,8:54:41
25-Apr-19,8:54:41
25-Apr-19,8:54:41
25-Apr-19,8:54:42
25-Apr-19,8:54:42
25-Apr-19,8:54:43
25-Apr-19,8:54:45
25-Apr-19,8:54:46
25-Apr-19,8:54:46
25-Apr-19,8:54:46
25-Apr-19,8:54:47
25-Apr-19,8:54:47
25-Apr-19,8:54:48
25-Apr-19,8:54:50
25-Apr-19,8:54:51
25-Apr-19,8:54:51
25-Apr-19,8:54:51
25-Apr-19,8:54:52
25-Apr-19,8:54:52
25-Apr-19,8:54:53
25-Apr-19,8:54:55
25-Apr-19,8:54:56
25-Apr-19,8:54:56
25-Apr-19,8:54:56
25-Apr-19,8:54:57
25-Apr-19,8:54:57
25-Apr-19,8:54:58
25-Apr-19,8:55:00
25-Apr-19,8:55:01
25-Apr-19,8:55:01
25-Apr-19,8:55:01
25-Apr-19,8:55:02
25-Apr-19,8:55:02
25-Apr-19,8:55:03
25-Apr-19,8:55:05
25-Apr-19,8:55:07
25-Apr-19,8:55:07
25-Apr-19,8:55:08
25-Apr-19,8:55:10
25-Apr-19,8:55:11
25-Apr-19,8:55:11
25-Apr-19,8:55:11
25-Apr-19,8:55:12
25-Apr-19,8:55:12
25-Apr-19,8:55:15
25-Apr-19,8:55:17
25-Apr-19,8:55:17
25-Apr-19,8:55:18
25-Apr-19,8:55:21
25-Apr-19,8:55:21
25-Apr-19,8:55:21
25-Apr-19,8:55:22
25-Apr-19,8:55:22
25-Apr-19,8:55:23
25-Apr-19,8:55:25
25-Apr-19,8:55:27
25-Apr-19,8:55:27
25-Apr-19,8:55:28
25-Apr-19,8:55:30
25-Apr-19,8:55:32
25-Apr-19,8:55:32
25-Apr-19,8:55:33
25-Apr-19,8:55:35
25-Apr-19,8:55:36
25-Apr-19,8:55:36
25-Apr-19,8:55:36
25-Apr-19,8:55:37
25-Apr-19,8:55:37
25-Apr-19,8:55:38
25-Apr-19,8:55:40
25-Apr-19,8:55:41
25-Apr-19,8:55:41
25-Apr-19,8:55:41
25-Apr-19,8:55:42
25-Apr-19,8:55:42
25-Apr-19,8:55:43
25-Apr-19,8:55:46
25-Apr-19,8:55:46
25-Apr-19,8:55:46
25-Apr-19,8:55:47
25-Apr-19,8:55:47
25-Apr-19,8:55:48
25-Apr-19,8:55:50
25-Apr-19,8:55:51
25-Apr-19,8:55:51
25-Apr-19,8:55:51
25-Apr-19,8:55:52
25-Apr-19,8:55:52
25-Apr-19,8:55:53
25-Apr-19,8:55:55
25-Apr-19,8:55:56
25-Apr-19,8:55:56
25-Apr-19,8:55:56
25-Apr-19,8:55:57
25-Apr-19,8:55:57
25-Apr-19,8:55:58
25-Apr-19,8:56:00
25-Apr-19,8:56:01
25-Apr-19,8:56:01
25-Apr-19,8:56:01
25-Apr-19,8:56:02
25-Apr-19,8:56:02
25-Apr-19,8:56:03
25-Apr-19,8:56:05
25-Apr-19,8:56:06
25-Apr-19,8:56:06
25-Apr-19,8:56:06
25-Apr-19,8:56:07
25-Apr-19,8:56:07
25-Apr-19,8:56:08
25-Apr-19,8:56:10
25-Apr-19,8:56:11
25-Apr-19,8:56:11
25-Apr-19,8:56:11
25-Apr-19,8:56:12
25-Apr-19,8:56:12
25-Apr-19,8:56:13
25-Apr-19,8:56:15
25-Apr-19,8:56:16
25-Apr-19,8:56:16
25-Apr-19,8:56:16
25-Apr-19,8:56:17
25-Apr-19,8:56:17
25-Apr-19,8:56:18
25-Apr-19,8:56:20
25-Apr-19,8:56:21
25-Apr-19,8:56:21
25-Apr-19,8:56:21
25-Apr-19,8:56:22
25-Apr-19,8:56:22
25-Apr-19,8:56:23
25-Apr-19,8:56:25
25-Apr-19,8:56:26
25-Apr-19,8:56:26
25-Apr-19,8:56:26
25-Apr-19,8:56:27
25-Apr-19,8:56:27
25-Apr-19,8:56:28
25-Apr-19,8:56:30
25-Apr-19,8:56:31
25-Apr-19,8:56:31
25-Apr-19,8:56:31
25-Apr-19,8:56:32
25-Apr-19,8:56:32
25-Apr-19,8:56:33
25-Apr-19,8:56:35
25-Apr-19,8:56:36
25-Apr-19,8:56:36
25-Apr-19,8:56:36
25-Apr-19,8:56:37
25-Apr-19,8:56:37
25-Apr-19,8:56:38
25-Apr-19,8:56:40
25-Apr-19,8:56:41
25-Apr-19,8:56:41
25-Apr-19,8:56:41
25-Apr-19,8:56:42
25-Apr-19,8:56:42
25-Apr-19,8:56:43
25-Apr-19,8:56:45
25-Apr-19,8:56:46
25-Apr-19,8:56:46
25-Apr-19,8:56:46
25-Apr-19,8:56:47
25-Apr-19,8:56:47
25-Apr-19,8:56:48
25-Apr-19,8:56:50
25-Apr-19,8:56:51
25-Apr-19,8:56:51
25-Apr-19,8:56:51
25-Apr-19,8:56:52
25-Apr-19,8:56:52
25-Apr-19,8:56:53
25-Apr-19,8:56:56
25-Apr-19,8:56:56
25-Apr-19,8:56:56
25-Apr-19,8:56:57
25-Apr-19,8:56:57
25-Apr-19,8:56:58
25-Apr-19,8:57:00
25-Apr-19,8:57:01
25-Apr-19,8:57:01
25-Apr-19,8:57:01
25-Apr-19,8:57:02
25-Apr-19,8:57:02
25-Apr-19,8:57:03
25-Apr-19,8:57:05
25-Apr-19,8:57:06
25-Apr-19,8:57:06
25-Apr-19,8:57:06
25-Apr-19,8:57:07
25-Apr-19,8:57:07
25-Apr-19,8:57:08
25-Apr-19,8:57:10
25-Apr-19,8:57:11
25-Apr-19,8:57:11
25-Apr-19,8:57:11
25-Apr-19,8:57:12
25-Apr-19,8:57:12
25-Apr-19,8:57:13
25-Apr-19,8:57:15
25-Apr-19,8:57:16
25-Apr-19,8:57:16
25-Apr-19,8:57:17
25-Apr-19,8:57:17
25-Apr-19,8:57:18
25-Apr-19,8:57:20
25-Apr-19,8:57:21
25-Apr-19,8:57:21
25-Apr-19,8:57:21
25-Apr-19,8:57:22
25-Apr-19,8:57:22
25-Apr-19,8:57:23
25-Apr-19,8:57:25
25-Apr-19,8:57:26
25-Apr-19,8:57:26
25-Apr-19,8:57:26
25-Apr-19,8:57:27
25-Apr-19,8:57:27
25-Apr-19,8:57:28
25-Apr-19,8:57:31
25-Apr-19,8:57:31
25-Apr-19,8:57:31
25-Apr-19,8:57:31
25-Apr-19,8:57:32
25-Apr-19,8:57:32
25-Apr-19,8:57:33
25-Apr-19,8:57:36
25-Apr-19,8:57:36
25-Apr-19,8:57:36
25-Apr-19,8:57:36
25-Apr-19,8:57:37
25-Apr-19,8:57:37
25-Apr-19,8:57:38
25-Apr-19,8:57:41
25-Apr-19,8:57:41
25-Apr-19,8:57:41
25-Apr-19,8:57:41
25-Apr-19,8:57:42
25-Apr-19,8:57:42
25-Apr-19,8:57:43
25-Apr-19,8:57:46
25-Apr-19,8:57:46
25-Apr-19,8:57:46
25-Apr-19,8:57:46
25-Apr-19,8:57:47
25-Apr-19,8:57:47
25-Apr-19,8:57:48
25-Apr-19,8:57:51
25-Apr-19,8:57:51
25-Apr-19,8:57:51
25-Apr-19,8:57:51
25-Apr-19,8:57:52
25-Apr-19,8:57:52
25-Apr-19,8:57:53
25-Apr-19,8:57:56
25-Apr-19,8:57:56
25-Apr-19,8:57:56
25-Apr-19,8:57:56
25-Apr-19,8:57:57
25-Apr-19,8:57:57
25-Apr-19,8:57:58
25-Apr-19,8:58:01
25-Apr-19,8:58:01
25-Apr-19,8:58:01
25-Apr-19,8:58:01
25-Apr-19,8:58:02
25-Apr-19,8:58:03
25-Apr-19,8:58:03
25-Apr-19,8:58:06
25-Apr-19,8:58:06
25-Apr-19,8:58:06
25-Apr-19,8:58:06
25-Apr-19,8:58:07
25-Apr-19,8:58:08
25-Apr-19,8:58:08
25-Apr-19,8:58:11
25-Apr-19,8:58:11
25-Apr-19,8:58:11
25-Apr-19,8:58:11
25-Apr-19,8:58:12
25-Apr-19,8:58:13
25-Apr-19,8:58:13
25-Apr-19,8:58:16
25-Apr-19,8:58:16
25-Apr-19,8:58:16
25-Apr-19,8:58:16
25-Apr-19,8:58:17
25-Apr-19,8:58:18
25-Apr-19,8:58:18
25-Apr-19,8:58:21
25-Apr-19,8:58:21
25-Apr-19,8:58:21
25-Apr-19,8:58:21
25-Apr-19,8:58:22
25-Apr-19,8:58:23
25-Apr-19,8:58:23
25-Apr-19,8:58:26
25-Apr-19,8:58:26
25-Apr-19,8:58:26
25-Apr-19,8:58:26
25-Apr-19,8:58:27
25-Apr-19,8:58:28
25-Apr-19,8:58:28
25-Apr-19,8:58:31
25-Apr-19,8:58:31
25-Apr-19,8:58:31
25-Apr-19,8:58:31
25-Apr-19,8:58:32
25-Apr-19,8:58:33
25-Apr-19,8:58:33
25-Apr-19,8:58:36
25-Apr-19,8:58:36
25-Apr-19,8:58:36
25-Apr-19,8:58:36
25-Apr-19,8:58:37
25-Apr-19,8:58:38
25-Apr-19,8:58:38
25-Apr-19,8:58:41
25-Apr-19,8:58:41
25-Apr-19,8:58:41
25-Apr-19,8:58:41
25-Apr-19,8:58:42
25-Apr-19,8:58:43
25-Apr-19,8:58:43
25-Apr-19,8:58:46
25-Apr-19,8:58:46
25-Apr-19,8:58:46
25-Apr-19,8:58:46
25-Apr-19,8:58:48
25-Apr-19,8:58:48
25-Apr-19,8:58:51
25-Apr-19,8:58:51
25-Apr-19,8:58:51
25-Apr-19,8:58:51
25-Apr-19,8:58:52
25-Apr-19,8:58:53
25-Apr-19,8:58:53
25-Apr-19,8:58:56
25-Apr-19,8:58:56
25-Apr-19,8:58:56
25-Apr-19,8:58:56
25-Apr-19,8:58:57
25-Apr-19,8:58:58
25-Apr-19,8:58:58
25-Apr-19,8:59:01
25-Apr-19,8:59:01
25-Apr-19,8:59:01
25-Apr-19,8:59:01
25-Apr-19,9:07:17
25-Apr-19,9:07:17
25-Apr-19,9:07:17
25-Apr-19,9:07:18
25-Apr-19,9:07:18
25-Apr-19,9:07:19
25-Apr-19,9:07:21
25-Apr-19,9:07:22
25-Apr-19,9:07:22
25-Apr-19,9:07:22
25-Apr-19,9:07:23
25-Apr-19,9:07:23
25-Apr-19,9:07:24
25-Apr-19,9:07:26
25-Apr-19,9:07:27
25-Apr-19,9:07:27
25-Apr-19,9:07:27
25-Apr-19,9:07:28
25-Apr-19,9:07:29
25-Apr-19,9:07:31
25-Apr-19,9:07:32
25-Apr-19,9:07:32
25-Apr-19,9:07:32
25-Apr-19,9:07:33
25-Apr-19,9:07:33
25-Apr-19,9:07:34
25-Apr-19,9:07:36
25-Apr-19,9:07:37
25-Apr-19,9:07:37
25-Apr-19,9:07:37
25-Apr-19,9:07:38
25-Apr-19,9:07:38
25-Apr-19,9:07:39
25-Apr-19,9:07:41
25-Apr-19,9:07:42
25-Apr-19,9:07:42
25-Apr-19,9:07:42
25-Apr-19,9:07:43
25-Apr-19,9:07:43
25-Apr-19,9:07:44
25-Apr-19,9:07:46
25-Apr-19,9:07:49
25-Apr-19,9:07:51
25-Apr-19,9:07:52
25-Apr-19,9:07:52
25-Apr-19,9:07:52
25-Apr-19,9:07:53
25-Apr-19,9:07:53
25-Apr-19,9:07:54
25-Apr-19,9:07:56
25-Apr-19,9:07:57
25-Apr-19,9:07:57
25-Apr-19,9:07:57
25-Apr-19,9:07:58
25-Apr-19,9:07:58
25-Apr-19,9:07:59
25-Apr-19,9:08:01
25-Apr-19,9:08:02
25-Apr-19,9:08:02
25-Apr-19,9:08:02
25-Apr-19,9:08:03
25-Apr-19,9:08:03
25-Apr-19,9:08:04
25-Apr-19,9:08:06
25-Apr-19,9:08:07
25-Apr-19,9:08:07
25-Apr-19,9:08:07
25-Apr-19,9:08:08
25-Apr-19,9:08:08
25-Apr-19,9:08:09
25-Apr-19,9:08:11
25-Apr-19,9:08:12
25-Apr-19,9:08:12
25-Apr-19,9:08:12
25-Apr-19,9:08:13
25-Apr-19,9:08:13
25-Apr-19,9:08:14
25-Apr-19,9:08:16
25-Apr-19,9:08:17
25-Apr-19,9:08:17
25-Apr-19,9:08:17
25-Apr-19,9:08:18
25-Apr-19,9:08:18
25-Apr-19,9:08:19
25-Apr-19,9:08:21
25-Apr-19,9:08:22
25-Apr-19,9:08:22
25-Apr-19,9:08:22
25-Apr-19,9:08:23
25-Apr-19,9:08:23
25-Apr-19,9:08:24
25-Apr-19,9:08:26
25-Apr-19,9:08:27
25-Apr-19,9:08:27
25-Apr-19,9:08:27
25-Apr-19,9:08:28
25-Apr-19,9:08:28
25-Apr-19,9:08:29
25-Apr-19,9:08:32
25-Apr-19,9:08:32
25-Apr-19,9:08:32
25-Apr-19,9:08:33
25-Apr-19,9:08:33
25-Apr-19,9:08:34
25-Apr-19,9:08:36
25-Apr-19,9:08:37
25-Apr-19,9:08:37
25-Apr-19,9:08:37
25-Apr-19,9:08:38
25-Apr-19,9:08:38
25-Apr-19,9:08:39
25-Apr-19,9:08:41
25-Apr-19,9:08:42
25-Apr-19,9:08:42
25-Apr-19,9:08:42
25-Apr-19,9:08:43
25-Apr-19,9:08:43
25-Apr-19,9:08:44
25-Apr-19,9:08:46
25-Apr-19,9:08:47
25-Apr-19,9:08:47
25-Apr-19,9:08:47
25-Apr-19,9:08:48
25-Apr-19,9:08:48
25-Apr-19,9:08:49
25-Apr-19,9:08:51
25-Apr-19,9:08:52
25-Apr-19,9:08:52
25-Apr-19,9:08:52
25-Apr-19,9:08:53
25-Apr-19,9:08:53
25-Apr-19,9:08:54
25-Apr-19,9:08:56
25-Apr-19,9:08:57
25-Apr-19,9:08:57
25-Apr-19,9:08:57
25-Apr-19,9:08:58
25-Apr-19,9:08:58
25-Apr-19,9:08:59
25-Apr-19,9:09:01
25-Apr-19,9:09:02
25-Apr-19,9:09:02
25-Apr-19,9:09:02
25-Apr-19,9:09:03
25-Apr-19,9:09:03
25-Apr-19,9:09:04
25-Apr-19,9:09:06
25-Apr-19,9:09:07
25-Apr-19,9:09:07
25-Apr-19,9:09:07
25-Apr-19,9:09:08
25-Apr-19,9:09:08
25-Apr-19,9:09:09
25-Apr-19,9:09:11
25-Apr-19,9:09:12
25-Apr-19,9:09:12
25-Apr-19,9:09:12
25-Apr-19,9:09:13
25-Apr-19,9:09:13
25-Apr-19,9:09:14
25-Apr-19,9:09:16
25-Apr-19,9:09:17
25-Apr-19,9:09:17
25-Apr-19,9:09:17
25-Apr-19,9:09:18
25-Apr-19,9:09:18
25-Apr-19,9:09:19
25-Apr-19,9:09:21
25-Apr-19,9:09:22
25-Apr-19,9:09:22
25-Apr-19,9:09:22
25-Apr-19,9:09:23
25-Apr-19,9:09:23
25-Apr-19,9:09:24
25-Apr-19,9:09:26
25-Apr-19,9:09:27
25-Apr-19,9:09:27
25-Apr-19,9:09:27
25-Apr-19,9:09:28
25-Apr-19,9:09:28
25-Apr-19,9:09:31
25-Apr-19,9:09:33
25-Apr-19,9:09:33
25-Apr-19,9:09:34
25-Apr-19,9:09:36
25-Apr-19,9:09:37
25-Apr-19,9:09:37
25-Apr-19,9:09:37
25-Apr-19,9:09:38
25-Apr-19,9:09:38
25-Apr-19,9:09:39
25-Apr-19,9:09:41
25-Apr-19,9:09:42
25-Apr-19,9:09:42
25-Apr-19,9:09:42
25-Apr-19,9:09:43
25-Apr-19,9:09:43
25-Apr-19,9:09:44
25-Apr-19,9:09:46
25-Apr-19,9:09:47
25-Apr-19,9:09:47
25-Apr-19,9:09:47
25-Apr-19,9:09:48
25-Apr-19,9:09:48
25-Apr-19,9:09:49
25-Apr-19,9:09:51
25-Apr-19,9:09:52
25-Apr-19,9:09:52
25-Apr-19,9:09:52
25-Apr-19,9:09:53
25-Apr-19,9:09:53
25-Apr-19,9:09:54
25-Apr-19,9:09:56
25-Apr-19,9:09:57
25-Apr-19,9:09:57
25-Apr-19,9:09:57
25-Apr-19,9:09:58
25-Apr-19,9:09:58
25-Apr-19,9:09:59
25-Apr-19,9:10:01
25-Apr-19,9:10:02
25-Apr-19,9:10:02
25-Apr-19,9:10:02
25-Apr-19,9:10:03
25-Apr-19,9:10:03
25-Apr-19,9:10:04
25-Apr-19,9:10:06
25-Apr-19,9:10:07
25-Apr-19,9:10:07
25-Apr-19,9:10:07
25-Apr-19,9:10:08
25-Apr-19,9:10:09
25-Apr-19,9:10:09
25-Apr-19,9:10:11
25-Apr-19,9:10:12
25-Apr-19,9:10:12
25-Apr-19,9:10:12
25-Apr-19,9:10:13
25-Apr-19,9:10:14
25-Apr-19,9:10:14
25-Apr-19,9:10:16
25-Apr-19,9:10:17
25-Apr-19,9:10:17
25-Apr-19,9:10:17
25-Apr-19,9:10:18
25-Apr-19,9:10:19
25-Apr-19,9:10:19
25-Apr-19,9:10:21
25-Apr-19,9:10:22
25-Apr-19,9:10:22
25-Apr-19,9:10:22
25-Apr-19,9:10:23
25-Apr-19,9:10:24
25-Apr-19,9:10:24
25-Apr-19,9:10:26
25-Apr-19,9:10:27
25-Apr-19,9:10:27
25-Apr-19,9:10:27
25-Apr-19,9:10:28
25-Apr-19,9:10:29
25-Apr-19,9:10:29
25-Apr-19,9:10:31
25-Apr-19,9:10:32
25-Apr-19,9:10:32
25-Apr-19,9:10:32
25-Apr-19,9:10:33
25-Apr-19,9:10:34
25-Apr-19,9:10:34
25-Apr-19,9:10:36
25-Apr-19,9:10:37
25-Apr-19,9:10:37
25-Apr-19,9:10:37
25-Apr-19,9:10:38
25-Apr-19,9:10:39
25-Apr-19,9:10:39
25-Apr-19,9:10:41
25-Apr-19,9:10:42
25-Apr-19,9:10:42
25-Apr-19,9:10:42
25-Apr-19,9:10:43
25-Apr-19,9:10:44
25-Apr-19,9:10:44
25-Apr-19,9:10:46
25-Apr-19,9:10:47
25-Apr-19,9:10:47
25-Apr-19,9:10:47
25-Apr-19,9:10:48
25-Apr-19,9:10:49
25-Apr-19,9:10:49
25-Apr-19,9:10:51
25-Apr-19,9:10:52
25-Apr-19,9:10:52
25-Apr-19,9:10:52
25-Apr-19,9:10:53
25-Apr-19,9:10:54
25-Apr-19,9:10:54
25-Apr-19,9:10:56
25-Apr-19,9:10:58
25-Apr-19,9:10:59
25-Apr-19,9:10:59
25-Apr-19,9:11:01
25-Apr-19,9:11:02
25-Apr-19,9:11:02
25-Apr-19,9:11:02
25-Apr-19,9:11:03
25-Apr-19,9:11:04
25-Apr-19,9:11:04
25-Apr-19,9:11:07
25-Apr-19,9:11:07
25-Apr-19,9:11:07
25-Apr-19,9:11:08
25-Apr-19,9:11:09
25-Apr-19,9:11:09
25-Apr-19,9:11:11
25-Apr-19,9:11:12
25-Apr-19,9:11:12
25-Apr-19,9:11:12
25-Apr-19,9:11:13
25-Apr-19,9:11:14
25-Apr-19,9:11:14
25-Apr-19,9:11:16
25-Apr-19,9:11:17
25-Apr-19,9:11:17
25-Apr-19,9:11:17
25-Apr-19,9:11:18
25-Apr-19,9:11:19
25-Apr-19,9:11:19
25-Apr-19,9:11:21
25-Apr-19,9:11:22
25-Apr-19,9:11:22
25-Apr-19,9:11:22
25-Apr-19,9:11:23
25-Apr-19,9:11:24
25-Apr-19,9:11:24
25-Apr-19,9:11:26
25-Apr-19,9:11:27
25-Apr-19,9:11:27
25-Apr-19,9:11:27
25-Apr-19,9:11:28
25-Apr-19,9:11:29
25-Apr-19,9:11:29
25-Apr-19,9:11:31
25-Apr-19,9:11:32
25-Apr-19,9:11:32
25-Apr-19,9:11:32
25-Apr-19,9:11:33
25-Apr-19,9:11:34
25-Apr-19,9:11:34
25-Apr-19,9:11:36
25-Apr-19,9:11:37
25-Apr-19,9:11:37
25-Apr-19,9:11:37
25-Apr-19,9:11:38
25-Apr-19,9:11:39
25-Apr-19,9:11:39
25-Apr-19,9:11:41
25-Apr-19,9:11:42
25-Apr-19,9:11:42
25-Apr-19,9:11:42
25-Apr-19,9:11:43
25-Apr-19,9:11:44
25-Apr-19,9:11:44
25-Apr-19,9:11:46
25-Apr-19,9:11:47
25-Apr-19,9:11:47
25-Apr-19,9:11:47
25-Apr-19,9:11:48
25-Apr-19,9:11:49
25-Apr-19,9:11:49
25-Apr-19,9:11:51
25-Apr-19,9:11:52
25-Apr-19,9:11:52
25-Apr-19,9:11:52
25-Apr-19,9:11:53
25-Apr-19,9:11:54
25-Apr-19,9:11:54
25-Apr-19,9:11:56
25-Apr-19,9:11:57
25-Apr-19,9:11:57
25-Apr-19,9:11:57
25-Apr-19,9:11:58
25-Apr-19,9:11:59
25-Apr-19,9:11:59
25-Apr-19,9:12:01
25-Apr-19,9:12:02
25-Apr-19,9:12:02
25-Apr-19,9:12:02
25-Apr-19,9:12:03
25-Apr-19,9:12:04
25-Apr-19,9:12:04
25-Apr-19,9:12:06
25-Apr-19,9:12:07
25-Apr-19,9:12:07
25-Apr-19,9:12:07
25-Apr-19,9:12:08
25-Apr-19,9:12:09
25-Apr-19,9:12:09
25-Apr-19,9:12:11
25-Apr-19,9:12:12
25-Apr-19,9:12:12
25-Apr-19,9:12:12
25-Apr-19,9:12:13
25-Apr-19,9:12:14
25-Apr-19,9:12:14
25-Apr-19,9:12:16
25-Apr-19,9:12:17
25-Apr-19,9:12:17
25-Apr-19,9:12:17
25-Apr-19,9:12:18
25-Apr-19,9:12:19
25-Apr-19,9:12:19
25-Apr-19,9:12:21
25-Apr-19,9:12:22
25-Apr-19,9:12:22
25-Apr-19,9:12:22
25-Apr-19,9:12:23
25-Apr-19,9:12:24
25-Apr-19,9:12:24
25-Apr-19,9:12:26
25-Apr-19,9:12:27
25-Apr-19,9:12:27
25-Apr-19,9:12:27
25-Apr-19,9:12:29
25-Apr-19,9:12:29
25-Apr-19,9:12:31
25-Apr-19,9:12:32
25-Apr-19,9:12:32
25-Apr-19,9:12:32
25-Apr-19,9:12:33
25-Apr-19,9:12:34
25-Apr-19,9:12:34
25-Apr-19,9:12:36
25-Apr-19,9:12:37
25-Apr-19,9:12:37
25-Apr-19,9:12:37
25-Apr-19,9:12:38
25-Apr-19,9:12:41
25-Apr-19,9:12:42
25-Apr-19,9:12:42
25-Apr-19,9:12:42
25-Apr-19,9:12:44
25-Apr-19,9:12:44
25-Apr-19,9:12:46
25-Apr-19,9:12:47
25-Apr-19,9:12:47
25-Apr-19,9:12:47
25-Apr-19,9:12:48
25-Apr-19,9:12:49
25-Apr-19,9:12:49
25-Apr-19,9:12:51
25-Apr-19,9:12:52
25-Apr-19,9:12:52
25-Apr-19,9:12:52
25-Apr-19,9:12:53
25-Apr-19,9:12:54
25-Apr-19,9:12:54
25-Apr-19,9:12:57
25-Apr-19,9:12:57
25-Apr-19,9:12:57
25-Apr-19,9:12:58
25-Apr-19,9:12:59
25-Apr-19,9:12:59
25-Apr-19,9:13:01
25-Apr-19,9:13:02
25-Apr-19,9:13:02
25-Apr-19,9:13:02
25-Apr-19,9:13:04
25-Apr-19,9:13:04
25-Apr-19,9:13:07
25-Apr-19,9:13:07
25-Apr-19,9:13:07
25-Apr-19,9:13:07
25-Apr-19,9:13:08
25-Apr-19,9:13:09
25-Apr-19,9:13:09
25-Apr-19,9:13:12
25-Apr-19,9:13:12
25-Apr-19,9:13:12
25-Apr-19,9:13:12
25-Apr-19,9:13:13
25-Apr-19,9:13:14
25-Apr-19,9:13:14
25-Apr-19,9:13:19
25-Apr-19,9:13:19
25-Apr-19,9:13:22
25-Apr-19,9:13:22
25-Apr-19,9:13:22
25-Apr-19,9:13:22
25-Apr-19,9:13:23
25-Apr-19,9:13:24
25-Apr-19,9:13:24
25-Apr-19,9:13:27
25-Apr-19,9:13:27
25-Apr-19,9:13:27
25-Apr-19,9:13:27
25-Apr-19,9:13:28
25-Apr-19,9:13:29
25-Apr-19,9:13:29
25-Apr-19,9:13:32
25-Apr-19,9:13:32
25-Apr-19,9:13:32
25-Apr-19,9:13:32
25-Apr-19,9:13:33
25-Apr-19,9:13:34
25-Apr-19,9:13:34
25-Apr-19,9:13:37
25-Apr-19,9:13:37
25-Apr-19,9:13:37
25-Apr-19,9:13:37
25-Apr-19,9:13:39
25-Apr-19,9:13:39
25-Apr-19,9:13:42
25-Apr-19,9:13:42
25-Apr-19,9:13:42
25-Apr-19,9:13:42
25-Apr-19,9:13:43
25-Apr-19,9:13:44
25-Apr-19,9:13:44
25-Apr-19,9:13:47
25-Apr-19,9:13:47
25-Apr-19,9:13:47
25-Apr-19,9:13:47
25-Apr-19,9:13:48
25-Apr-19,9:13:49
25-Apr-19,9:13:49
25-Apr-19,9:13:52
25-Apr-19,9:13:52
25-Apr-19,9:13:52
25-Apr-19,9:13:52
25-Apr-19,9:13:53
25-Apr-19,9:13:54
25-Apr-19,9:13:54
25-Apr-19,9:13:57
25-Apr-19,9:13:57
25-Apr-19,9:13:57
25-Apr-19,9:13:57
25-Apr-19,9:13:58
25-Apr-19,9:13:59
25-Apr-19,9:13:59
25-Apr-19,9:14:02
25-Apr-19,9:14:02
25-Apr-19,9:14:02
25-Apr-19,9:14:02
25-Apr-19,9:14:03
25-Apr-19,9:14:04
25-Apr-19,9:14:04
25-Apr-19,9:14:07
25-Apr-19,9:14:07
25-Apr-19,9:14:07
25-Apr-19,9:14:07
25-Apr-19,9:14:08
25-Apr-19,9:14:09
25-Apr-19,9:14:09
25-Apr-19,9:14:12
25-Apr-19,9:14:12
25-Apr-19,9:14:12
25-Apr-19,9:14:12
25-Apr-19,9:14:13
25-Apr-19,9:14:14
25-Apr-19,9:14:14
25-Apr-19,9:14:17
25-Apr-19,9:14:17
25-Apr-19,9:14:17
25-Apr-19,9:14:17
25-Apr-19,9:14:18
25-Apr-19,9:14:19
25-Apr-19,9:14:19
25-Apr-19,9:14:22
25-Apr-19,9:14:22
25-Apr-19,9:14:22
25-Apr-19,9:14:22
25-Apr-19,9:14:23
25-Apr-19,9:14:24
25-Apr-19,9:14:24
25-Apr-19,9:14:27
25-Apr-19,9:14:27
25-Apr-19,9:14:27
25-Apr-19,9:14:27
25-Apr-19,9:14:28
25-Apr-19,9:14:29
25-Apr-19,9:14:29
25-Apr-19,9:14:32
25-Apr-19,9:14:32
25-Apr-19,9:14:32
25-Apr-19,9:14:32
25-Apr-19,9:14:33
25-Apr-19,9:14:34
25-Apr-19,9:14:34
25-Apr-19,9:14:37
25-Apr-19,9:14:37
25-Apr-19,9:14:37
25-Apr-19,9:14:37
25-Apr-19,9:14:38
25-Apr-19,9:14:39
25-Apr-19,9:14:39
25-Apr-19,9:14:42
25-Apr-19,9:14:42
25-Apr-19,9:14:42
25-Apr-19,9:14:42
25-Apr-19,9:14:43
25-Apr-19,9:14:44
25-Apr-19,9:14:44
25-Apr-19,9:14:47
25-Apr-19,9:14:47
25-Apr-19,9:14:47
25-Apr-19,9:14:47
25-Apr-19,9:14:48
25-Apr-19,9:14:49
25-Apr-19,9:14:49
25-Apr-19,9:14:52
25-Apr-19,9:14:52
25-Apr-19,9:14:52
25-Apr-19,9:14:52
25-Apr-19,9:14:53
25-Apr-19,9:14:54
25-Apr-19,9:14:54
25-Apr-19,9:14:57
25-Apr-19,9:14:57
25-Apr-19,9:14:57
25-Apr-19,9:14:57
25-Apr-19,9:14:58
25-Apr-19,9:14:59
25-Apr-19,9:14:59
25-Apr-19,9:15:02
25-Apr-19,9:15:02
25-Apr-19,9:15:02
25-Apr-19,9:15:02
25-Apr-19,9:15:03
25-Apr-19,9:15:04
25-Apr-19,9:15:04
25-Apr-19,9:15:07
25-Apr-19,9:15:07
25-Apr-19,9:15:07
25-Apr-19,9:15:07
25-Apr-19,9:15:08
25-Apr-19,9:15:09
25-Apr-19,9:15:09
25-Apr-19,9:15:12
25-Apr-19,9:15:12
25-Apr-19,9:15:12
25-Apr-19,9:15:12
25-Apr-19,9:15:13
25-Apr-19,9:15:14
25-Apr-19,9:15:14
25-Apr-19,9:15:17
25-Apr-19,9:15:17
25-Apr-19,9:15:17
25-Apr-19,9:15:17
25-Apr-19,9:15:18
25-Apr-19,9:15:19
25-Apr-19,9:15:19
25-Apr-19,9:15:22
25-Apr-19,9:15:22
25-Apr-19,9:15:22
25-Apr-19,9:15:22
25-Apr-19,9:15:23
25-Apr-19,9:15:24
25-Apr-19,9:15:24
25-Apr-19,9:15:27
25-Apr-19,9:15:27
25-Apr-19,9:15:27
25-Apr-19,9:15:27
25-Apr-19,9:15:28
25-Apr-19,9:15:29
25-Apr-19,9:15:29
25-Apr-19,9:15:32
25-Apr-19,9:15:32
25-Apr-19,9:15:32
25-Apr-19,9:15:32
25-Apr-19,9:15:33
25-Apr-19,9:15:34
25-Apr-19,9:15:34
25-Apr-19,9:15:37
25-Apr-19,9:15:37
25-Apr-19,9:15:37
25-Apr-19,9:15:37
25-Apr-19,9:15:38
25-Apr-19,9:15:39
25-Apr-19,9:15:39
25-Apr-19,9:15:42
25-Apr-19,9:15:42
25-Apr-19,9:15:42
25-Apr-19,9:15:42
25-Apr-19,9:15:43
25-Apr-19,9:15:44
25-Apr-19,9:15:44
25-Apr-19,9:15:47
25-Apr-19,9:15:47
25-Apr-19,9:15:47
25-Apr-19,9:15:47
25-Apr-19,9:15:48
25-Apr-19,9:15:49
25-Apr-19,9:15:49
25-Apr-19,9:15:52
25-Apr-19,9:15:52
25-Apr-19,9:15:52
25-Apr-19,9:15:52
25-Apr-19,9:15:53
25-Apr-19,9:15:54
25-Apr-19,9:15:54
25-Apr-19,9:15:57
25-Apr-19,9:15:57
25-Apr-19,9:15:57
25-Apr-19,9:15:57
25-Apr-19,9:15:58
25-Apr-19,9:15:59
25-Apr-19,9:15:59
25-Apr-19,9:16:02
25-Apr-19,9:16:02
25-Apr-19,9:16:02
25-Apr-19,9:16:02
25-Apr-19,9:16:03
25-Apr-19,9:16:04
25-Apr-19,9:16:04
25-Apr-19,9:16:07
25-Apr-19,9:16:07
25-Apr-19,9:16:07
25-Apr-19,9:16:07
25-Apr-19,9:16:08
25-Apr-19,9:16:09
25-Apr-19,9:16:09
25-Apr-19,9:16:12
25-Apr-19,9:16:12
25-Apr-19,9:16:12
25-Apr-19,9:16:12
25-Apr-19,9:16:13
25-Apr-19,9:16:14
25-Apr-19,9:16:14
25-Apr-19,9:16:17
25-Apr-19,9:16:17
25-Apr-19,9:16:17
25-Apr-19,9:16:17
25-Apr-19,9:16:18
25-Apr-19,9:16:19
25-Apr-19,9:16:19
25-Apr-19,9:16:22
25-Apr-19,9:16:22
25-Apr-19,9:16:22
25-Apr-19,9:16:22
25-Apr-19,9:16:23
25-Apr-19,9:16:24
25-Apr-19,9:16:24
25-Apr-19,9:16:27
25-Apr-19,9:16:27
25-Apr-19,9:16:27
25-Apr-19,9:16:27
25-Apr-19,9:16:28
25-Apr-19,9:16:29
25-Apr-19,9:16:29
25-Apr-19,9:16:32
25-Apr-19,9:16:32
25-Apr-19,9:16:32
25-Apr-19,9:16:32
25-Apr-19,9:16:33
25-Apr-19,9:16:34
25-Apr-19,9:16:34
25-Apr-19,9:16:37
25-Apr-19,9:16:37
25-Apr-19,9:16:37
25-Apr-19,9:16:37
25-Apr-19,9:16:38
25-Apr-19,9:16:39
25-Apr-19,9:16:39
25-Apr-19,9:16:42
25-Apr-19,9:16:42
25-Apr-19,9:16:42
25-Apr-19,9:16:42
25-Apr-19,9:16:43
25-Apr-19,9:16:44
25-Apr-19,9:16:44
25-Apr-19,9:16:47
25-Apr-19,9:16:47
25-Apr-19,9:16:47
25-Apr-19,9:16:47
25-Apr-19,9:16:48
25-Apr-19,9:16:49
25-Apr-19,9:16:49
25-Apr-19,9:16:52
25-Apr-19,9:16:52
25-Apr-19,9:16:52
25-Apr-19,9:16:52
25-Apr-19,9:16:53
25-Apr-19,9:16:54
25-Apr-19,9:16:54
25-Apr-19,9:16:57
25-Apr-19,9:16:57
25-Apr-19,9:16:57
25-Apr-19,9:16:57
25-Apr-19,9:16:58
25-Apr-19,9:17:02
25-Apr-19,9:17:02
25-Apr-19,9:17:02
25-Apr-19,9:17:02
25-Apr-19,9:17:07
25-Apr-19,9:17:07
25-Apr-19,9:17:07
25-Apr-19,9:17:07
25-Apr-19,9:17:08
25-Apr-19,9:17:09
25-Apr-19,9:17:09
25-Apr-19,9:17:12
25-Apr-19,9:17:12
25-Apr-19,9:17:12
25-Apr-19,9:17:12
25-Apr-19,9:17:13
25-Apr-19,9:17:14
25-Apr-19,9:17:14
25-Apr-19,9:17:17
25-Apr-19,9:17:17
25-Apr-19,9:17:17
25-Apr-19,9:17:17
25-Apr-19,9:17:18
25-Apr-19,9:17:19
25-Apr-19,9:17:19
25-Apr-19,9:17:22
25-Apr-19,9:17:22
25-Apr-19,9:17:22
25-Apr-19,9:17:22
25-Apr-19,9:17:23
25-Apr-19,9:17:24
25-Apr-19,9:17:24
25-Apr-19,9:17:27
25-Apr-19,9:17:27
25-Apr-19,9:17:27
25-Apr-19,9:17:27
25-Apr-19,9:17:28
25-Apr-19,9:17:32
25-Apr-19,9:17:32
25-Apr-19,9:17:32
25-Apr-19,9:17:32
25-Apr-19,9:17:33
25-Apr-19,9:17:34
25-Apr-19,9:17:34
25-Apr-19,9:17:37
25-Apr-19,9:17:37
25-Apr-19,9:17:37
25-Apr-19,9:17:37
25-Apr-19,9:17:38
25-Apr-19,9:17:39
25-Apr-19,9:17:39
25-Apr-19,9:17:42
25-Apr-19,9:17:42
25-Apr-19,9:17:42
25-Apr-19,9:17:43
25-Apr-19,9:17:43
25-Apr-19,9:17:44
25-Apr-19,9:17:44
25-Apr-19,9:17:47
25-Apr-19,9:17:47
25-Apr-19,9:17:47
25-Apr-19,9:17:48
25-Apr-19,9:17:48
25-Apr-19,9:17:52
25-Apr-19,9:17:52
25-Apr-19,9:17:52
25-Apr-19,9:17:53
25-Apr-19,9:17:53
25-Apr-19,9:17:54
25-Apr-19,9:17:54
25-Apr-19,9:17:57
25-Apr-19,9:17:57
25-Apr-19,9:17:57
25-Apr-19,9:17:58
25-Apr-19,9:17:58
25-Apr-19,9:17:59
25-Apr-19,9:17:59
25-Apr-19,9:18:02
25-Apr-19,9:18:02
25-Apr-19,9:18:02
25-Apr-19,9:18:03
25-Apr-19,9:18:03
25-Apr-19,9:18:04
25-Apr-19,9:18:04
25-Apr-19,9:18:07
25-Apr-19,9:18:07
25-Apr-19,9:18:07
25-Apr-19,9:18:08
25-Apr-19,9:18:08
25-Apr-19,9:18:09
25-Apr-19,9:18:09
25-Apr-19,9:18:12
25-Apr-19,9:18:12
25-Apr-19,9:18:12
25-Apr-19,9:18:13
25-Apr-19,9:18:13
25-Apr-19,9:18:14
25-Apr-19,9:18:14
25-Apr-19,9:18:17
25-Apr-19,9:18:17
25-Apr-19,9:18:17
25-Apr-19,9:18:18
25-Apr-19,9:18:18
25-Apr-19,9:18:19
25-Apr-19,9:18:19
25-Apr-19,9:18:22
25-Apr-19,9:18:22
25-Apr-19,9:18:22
25-Apr-19,9:18:23
25-Apr-19,9:18:23
25-Apr-19,9:18:24
25-Apr-19,9:18:24
25-Apr-19,9:18:27
25-Apr-19,9:18:27
25-Apr-19,9:18:28
25-Apr-19,9:18:28
25-Apr-19,9:18:28
25-Apr-19,9:18:29
25-Apr-19,9:18:29
25-Apr-19,9:18:32
25-Apr-19,9:18:33
25-Apr-19,9:18:33
25-Apr-19,9:18:33
25-Apr-19,9:18:33
25-Apr-19,9:18:34
25-Apr-19,9:18:34
25-Apr-19,9:18:37
25-Apr-19,9:18:38
25-Apr-19,9:18:38
25-Apr-19,9:18:38
25-Apr-19,9:18:38
25-Apr-19,9:18:39
25-Apr-19,9:18:39
25-Apr-19,9:18:42
25-Apr-19,9:18:43
25-Apr-19,9:18:43
25-Apr-19,9:18:43
25-Apr-19,9:18:43
25-Apr-19,9:18:44
25-Apr-19,9:18:44
25-Apr-19,9:18:47
25-Apr-19,9:18:48
25-Apr-19,9:18:48
25-Apr-19,9:18:48
25-Apr-19,9:18:48
25-Apr-19,9:18:49
25-Apr-19,9:18:49
25-Apr-19,9:18:52
25-Apr-19,9:18:53
25-Apr-19,9:18:53
25-Apr-19,9:18:53
25-Apr-19,9:18:53
25-Apr-19,9:18:54
25-Apr-19,9:18:54
25-Apr-19,9:18:57
25-Apr-19,9:18:58
25-Apr-19,9:18:58
25-Apr-19,9:18:58
25-Apr-19,9:18:58
25-Apr-19,9:18:59
25-Apr-19,9:18:59
25-Apr-19,9:19:02
25-Apr-19,9:19:03
25-Apr-19,9:19:03
25-Apr-19,9:19:03
25-Apr-19,9:19:03
25-Apr-19,9:19:04
25-Apr-19,9:19:04
25-Apr-19,9:19:07
25-Apr-19,9:19:08
25-Apr-19,9:19:08
25-Apr-19,9:19:08
25-Apr-19,9:19:08
25-Apr-19,9:19:09
25-Apr-19,9:19:09
25-Apr-19,9:19:12
25-Apr-19,9:19:13
25-Apr-19,9:19:13
25-Apr-19,9:19:13
25-Apr-19,9:19:13
25-Apr-19,9:19:14
25-Apr-19,9:19:14
25-Apr-19,9:19:17
25-Apr-19,9:19:18
25-Apr-19,9:19:18
25-Apr-19,9:19:18
25-Apr-19,9:19:18
25-Apr-19,9:19:19
25-Apr-19,9:19:19
25-Apr-19,9:19:22
25-Apr-19,9:19:23
25-Apr-19,9:19:23
25-Apr-19,9:19:23
25-Apr-19,9:19:23
25-Apr-19,9:19:24
25-Apr-19,9:19:24
25-Apr-19,9:19:27
25-Apr-19,9:19:28
25-Apr-19,9:19:28
25-Apr-19,9:19:28
25-Apr-19,9:19:28
25-Apr-19,9:19:29
25-Apr-19,9:19:29
25-Apr-19,9:19:32
25-Apr-19,9:19:33
25-Apr-19,9:19:33
25-Apr-19,9:19:33
25-Apr-19,9:19:33
25-Apr-19,9:19:34
25-Apr-19,9:19:34
25-Apr-19,9:19:37
25-Apr-19,9:19:38
25-Apr-19,9:19:38
25-Apr-19,9:19:38
25-Apr-19,9:19:38
25-Apr-19,9:19:39
25-Apr-19,9:19:39
25-Apr-19,9:19:42
25-Apr-19,9:19:43
25-Apr-19,9:19:43
25-Apr-19,9:19:43
25-Apr-19,9:19:43
25-Apr-19,9:19:44
25-Apr-19,9:19:44
25-Apr-19,9:19:47
25-Apr-19,9:19:52
25-Apr-19,9:19:53
25-Apr-19,9:19:53
25-Apr-19,9:19:53
25-Apr-19,9:19:53
25-Apr-19,9:19:54
25-Apr-19,9:19:54
25-Apr-19,9:19:57
25-Apr-19,9:19:58
25-Apr-19,9:19:58
25-Apr-19,9:19:58
25-Apr-19,9:19:58
25-Apr-19,9:19:59
25-Apr-19,9:19:59
25-Apr-19,9:20:02
25-Apr-19,9:20:03
25-Apr-19,9:20:03
25-Apr-19,9:20:03
25-Apr-19,9:20:03
25-Apr-19,9:20:04
25-Apr-19,9:20:04
25-Apr-19,9:20:07
25-Apr-19,9:20:08
25-Apr-19,9:20:08
25-Apr-19,9:20:08
25-Apr-19,9:20:08
25-Apr-19,9:20:09
25-Apr-19,9:20:09
25-Apr-19,9:20:12
25-Apr-19,9:20:13
25-Apr-19,9:20:13
25-Apr-19,9:20:13
25-Apr-19,9:20:13
25-Apr-19,9:20:14
25-Apr-19,9:20:14
25-Apr-19,9:20:17
25-Apr-19,9:20:18
25-Apr-19,9:20:18
25-Apr-19,9:20:18
25-Apr-19,9:20:19
25-Apr-19,9:20:19
25-Apr-19,9:20:19
25-Apr-19,9:20:22
25-Apr-19,9:20:23
25-Apr-19,9:20:23
25-Apr-19,9:20:23
25-Apr-19,9:20:24
25-Apr-19,9:20:24
25-Apr-19,9:20:24
25-Apr-19,9:20:27
25-Apr-19,9:20:28
25-Apr-19,9:20:28
25-Apr-19,9:20:28
25-Apr-19,9:20:29
25-Apr-19,9:20:29
25-Apr-19,9:20:29
25-Apr-19,9:20:32
25-Apr-19,9:20:33
25-Apr-19,9:20:33
25-Apr-19,9:20:33
25-Apr-19,9:20:34
31-Mar-19,12:43:33
31-Mar-19,12:43:33
31-Mar-19,12:43:34
31-Mar-19,12:43:34
31-Mar-19,12:43:34
31-Mar-19,12:43:34
31-Mar-19,12:43:34
31-Mar-19,12:43:34
31-Mar-19,12:43:34
31-Mar-19,12:43:34
31-Mar-19,12:43:34
31-Mar-19,12:43:34
31-Mar-19,12:43:34
31-Mar-19,12:43:34
31-Mar-19,12:43:34
31-Mar-19,12:43:34
31-Mar-19,12:43:34
31-Mar-19,12:43:34
31-Mar-19,12:43:34
31-Mar-19,12:43:34
31-Mar-19,12:43:34
31-Mar-19,12:43:34
31-Mar-19,12:43:34
31-Mar-19,12:43:34
31-Mar-19,12:43:34
31-Mar-19,12:43:34
31-Mar-19,12:43:34
31-Mar-19,12:43:34
31-Mar-19,12:43:34
31-Mar-19,12:43:34
31-Mar-19,12:43:34
31-Mar-19,12:43:34
31-Mar-19,12:43:34
31-Mar-19,12:43:34
31-Mar-19,12:43:34
31-Mar-19,12:43:34
31-Mar-19,12:43:34
31-Mar-19,12:43:34
31-Mar-19,12:43:34
31-Mar-19,12:43:34
31-Mar-19,12:43:34
31-Mar-19,12:43:34
31-Mar-19,12:43:34
31-Mar-19,12:43:34
31-Mar-19,12:43:34
31-Mar-19,12:43:34
31-Mar-19,12:43:34
31-Mar-19,12:43:34
31-Mar-19,12:43:34
31-Mar-19,12:43:34
31-Mar-19,12:43:34
31-Mar-19,12:43:34
31-Mar-19,12:43:34
31-Mar-19,12:43:34
31-Mar-19,12:43:34
31-Mar-19,12:43:34
31-Mar-19,12:43:34
31-Mar-19,12:43:34
31-Mar-19,12:43:34
31-Mar-19,12:43:34
31-Mar-19,12:43:34
31-Mar-19,12:43:34
31-Mar-19,12:43:34
31-Mar-19,12:43:35
31-Mar-19,12:43:35
31-Mar-19,12:43:35
31-Mar-19,12:43:35
31-Mar-19,12:43:35
31-Mar-19,12:43:35
31-Mar-19,12:43:35
31-Mar-19,12:43:35
31-Mar-19,12:43:35
31-Mar-19,12:43:35
31-Mar-19,12:43:35
31-Mar-19,12:43:35
31-Mar-19,12:43:35
31-Mar-19,12:43:35
31-Mar-19,12:43:35
31-Mar-19,12:43:35
31-Mar-19,12:43:35
31-Mar-19,12:43:35
31-Mar-19,12:43:35
31-Mar-19,12:43:35
31-Mar-19,12:43:35
31-Mar-19,12:43:35
31-Mar-19,12:43:35
31-Mar-19,12:43:35
31-Mar-19,12:43:35
31-Mar-19,12:43:35
31-Mar-19,12:43:35
31-Mar-19,12:43:35
31-Mar-19,12:43:35
31-Mar-19,12:43:35
31-Mar-19,12:43:35
31-Mar-19,12:43:35
31-Mar-19,12:43:35
31-Mar-19,12:43:35
31-Mar-19,12:43:35
31-Mar-19,12:43:35
31-Mar-19,12:43:35
31-Mar-19,12:43:35
31-Mar-19,12:43:35
31-Mar-19,12:43:35
31-Mar-19,12:43:35
31-Mar-19,12:43:35
31-Mar-19,12:43:35
31-Mar-19,12:43:35
31-Mar-19,12:43:35
31-Mar-19,12:43:35
31-Mar-19,12:43:35
31-Mar-19,12:43:35
31-Mar-19,12:43:35
31-Mar-19,12:43:35
31-Mar-19,12:43:35
31-Mar-19,12:43:35
31-Mar-19,12:43:35
31-Mar-19,12:43:35
31-Mar-19,12:43:35
31-Mar-19,12:43:35
31-Mar-19,12:43:35
31-Mar-19,12:43:35
31-Mar-19,12:43:35
31-Mar-19,12:43:35
31-Mar-19,12:43:35
31-Mar-19,12:43:36
31-Mar-19,12:43:36
31-Mar-19,12:43:36
31-Mar-19,12:43:36
31-Mar-19,12:43:36
31-Mar-19,12:43:36
31-Mar-19,12:43:36
31-Mar-19,12:43:36
31-Mar-19,12:43:36
31-Mar-19,12:43:36
31-Mar-19,12:43:36
31-Mar-19,12:43:36
31-Mar-19,12:43:36
31-Mar-19,12:43:36
31-Mar-19,12:43:36
31-Mar-19,12:43:36
31-Mar-19,12:43:36
31-Mar-19,12:43:36
31-Mar-19,12:43:36
31-Mar-19,12:43:36
31-Mar-19,12:43:36
31-Mar-19,12:43:36
31-Mar-19,12:43:36
31-Mar-19,12:43:36
31-Mar-19,12:43:36
31-Mar-19,12:43:36
31-Mar-19,12:43:36
31-Mar-19,12:43:36
31-Mar-19,12:43:36
31-Mar-19,12:43:36
31-Mar-19,12:43:36
31-Mar-19,12:43:36
31-Mar-19,12:43:36
31-Mar-19,12:43:36
31-Mar-19,12:43:36
31-Mar-19,12:43:36
31-Mar-19,12:43:36
31-Mar-19,12:43:36
31-Mar-19,12:43:36
31-Mar-19,12:43:36
31-Mar-19,12:43:36
31-Mar-19,12:43:36
31-Mar-19,12:43:36
31-Mar-19,12:43:36
31-Mar-19,12:43:36
31-Mar-19,12:43:36
31-Mar-19,12:43:36
31-Mar-19,12:43:36
31-Mar-19,12:43:36
31-Mar-19,12:43:36
31-Mar-19,12:43:36
31-Mar-19,12:43:36
31-Mar-19,12:43:36
31-Mar-19,12:43:36
31-Mar-19,12:43:36
31-Mar-19,12:43:36
31-Mar-19,12:43:36
31-Mar-19,12:43:36
31-Mar-19,12:43:36
31-Mar-19,12:43:36
31-Mar-19,12:43:36
31-Mar-19,12:43:37
31-Mar-19,12:43:37
31-Mar-19,12:43:37
31-Mar-19,12:43:37
31-Mar-19,12:43:37
31-Mar-19,12:43:37
31-Mar-19,12:43:37
31-Mar-19,12:43:37
31-Mar-19,12:43:37
31-Mar-19,12:43:37
31-Mar-19,12:43:37
31-Mar-19,12:43:37
31-Mar-19,12:43:37
31-Mar-19,12:43:37
31-Mar-19,12:43:37
31-Mar-19,12:43:37
31-Mar-19,12:43:37
31-Mar-19,12:43:37
31-Mar-19,12:43:37
31-Mar-19,12:43:37
31-Mar-19,12:43:37
31-Mar-19,12:43:37
31-Mar-19,12:43:37
31-Mar-19,12:43:37
31-Mar-19,12:43:37
31-Mar-19,12:43:37
31-Mar-19,12:43:37
31-Mar-19,12:43:37
31-Mar-19,12:43:37
31-Mar-19,12:43:37
31-Mar-19,12:43:37
31-Mar-19,12:43:37
31-Mar-19,12:43:37
31-Mar-19,12:43:37
31-Mar-19,12:43:37
31-Mar-19,12:43:37
31-Mar-19,12:43:37
31-Mar-19,12:43:37
31-Mar-19,12:43:37
31-Mar-19,12:43:37
31-Mar-19,12:43:37
31-Mar-19,12:43:37
31-Mar-19,12:43:37
31-Mar-19,12:43:37
31-Mar-19,12:43:37
31-Mar-19,12:43:37
31-Mar-19,12:43:37
31-Mar-19,12:43:37
31-Mar-19,12:43:37
31-Mar-19,12:43:37
31-Mar-19,12:43:37
31-Mar-19,12:43:37
31-Mar-19,12:43:37
31-Mar-19,12:43:37
31-Mar-19,12:43:37
31-Mar-19,12:43:37
31-Mar-19,12:43:37
31-Mar-19,12:43:38
31-Mar-19,12:43:38
31-Mar-19,12:43:38
31-Mar-19,12:43:38
31-Mar-19,12:43:38
31-Mar-19,12:43:38
31-Mar-19,12:43:38
31-Mar-19,12:43:38
31-Mar-19,12:43:38
31-Mar-19,12:43:38
31-Mar-19,12:43:38
31-Mar-19,12:43:38
31-Mar-19,12:43:38
31-Mar-19,12:43:38
31-Mar-19,12:43:38
31-Mar-19,12:43:38
31-Mar-19,12:43:38
31-Mar-19,12:43:38
31-Mar-19,12:43:38
31-Mar-19,12:43:38
31-Mar-19,12:43:38
31-Mar-19,12:43:38
31-Mar-19,12:43:38
31-Mar-19,12:43:38
31-Mar-19,12:43:38
31-Mar-19,12:43:38
31-Mar-19,12:43:38
31-Mar-19,12:43:38
31-Mar-19,12:43:38
31-Mar-19,12:43:38
31-Mar-19,12:43:38
31-Mar-19,12:43:38
31-Mar-19,12:43:38
31-Mar-19,12:43:38
31-Mar-19,12:43:38
31-Mar-19,12:43:38
31-Mar-19,12:43:38
31-Mar-19,12:43:38
31-Mar-19,12:43:38
31-Mar-19,12:43:38
31-Mar-19,12:43:38
31-Mar-19,12:43:38
31-Mar-19,12:43:38
31-Mar-19,12:43:38
31-Mar-19,12:43:38
31-Mar-19,12:43:38
31-Mar-19,12:43:38
31-Mar-19,12:43:38
31-Mar-19,12:43:38
31-Mar-19,12:43:38
31-Mar-19,12:43:38
31-Mar-19,12:43:38
31-Mar-19,12:43:38
31-Mar-19,12:43:38
31-Mar-19,12:43:38
31-Mar-19,12:43:38
31-Mar-19,12:43:38
31-Mar-19,12:43:38
31-Mar-19,12:43:38
31-Mar-19,12:43:38
31-Mar-19,12:43:38
31-Mar-19,12:43:39
31-Mar-19,12:43:39
31-Mar-19,12:43:39
31-Mar-19,12:43:39
31-Mar-19,12:43:39
31-Mar-19,12:43:39
31-Mar-19,12:43:39
31-Mar-19,12:43:39
31-Mar-19,12:43:39
31-Mar-19,12:43:39
31-Mar-19,12:43:39
31-Mar-19,12:43:39
31-Mar-19,12:43:39
31-Mar-19,12:43:39
31-Mar-19,12:43:39
31-Mar-19,12:43:39
31-Mar-19,12:43:39
31-Mar-19,12:43:39
31-Mar-19,12:43:39
31-Mar-19,12:43:39
31-Mar-19,12:43:39
31-Mar-19,12:43:39
31-Mar-19,12:43:39
31-Mar-19,12:43:39
31-Mar-19,12:43:39
31-Mar-19,12:43:39
31-Mar-19,12:43:39
31-Mar-19,12:43:39
31-Mar-19,12:43:39
31-Mar-19,12:43:39
31-Mar-19,12:43:39
31-Mar-19,12:43:39
31-Mar-19,12:43:39
31-Mar-19,12:43:39
31-Mar-19,12:43:39
31-Mar-19,12:43:39
31-Mar-19,12:43:39
31-Mar-19,12:43:39
31-Mar-19,12:43:39
31-Mar-19,12:43:39
31-Mar-19,12:43:39
31-Mar-19,12:43:39
31-Mar-19,12:43:39
31-Mar-19,12:43:39
31-Mar-19,12:43:39
31-Mar-19,12:43:39
31-Mar-19,12:43:39
31-Mar-19,12:43:39
31-Mar-19,12:43:39
31-Mar-19,12:43:39
31-Mar-19,12:43:39
31-Mar-19,12:43:39
31-Mar-19,12:43:39
31-Mar-19,12:43:39
31-Mar-19,12:43:39
31-Mar-19,12:43:39
31-Mar-19,12:43:39
31-Mar-19,12:43:39
31-Mar-19,12:43:39
31-Mar-19,12:43:39
31-Mar-19,12:43:39
31-Mar-19,12:43:39
31-Mar-19,12:43:40
31-Mar-19,12:43:40
31-Mar-19,12:43:40
31-Mar-19,12:43:40
31-Mar-19,12:43:40
31-Mar-19,12:43:40
31-Mar-19,12:43:40
31-Mar-19,12:43:40
31-Mar-19,12:43:40
31-Mar-19,12:43:40
31-Mar-19,12:43:40
31-Mar-19,12:43:40
31-Mar-19,12:43:40
31-Mar-19,12:43:40
31-Mar-19,12:43:40
31-Mar-19,12:43:40
31-Mar-19,12:43:40
31-Mar-19,12:43:40
31-Mar-19,12:43:40
31-Mar-19,12:43:40
31-Mar-19,12:43:40
31-Mar-19,12:43:40
31-Mar-19,12:43:40
31-Mar-19,12:43:40
31-Mar-19,12:43:40
31-Mar-19,12:43:40
31-Mar-19,12:43:40
31-Mar-19,12:43:40
31-Mar-19,12:43:40
31-Mar-19,12:43:40
31-Mar-19,12:43:40
31-Mar-19,12:43:40
31-Mar-19,12:43:40
31-Mar-19,12:43:40
31-Mar-19,12:43:40
31-Mar-19,12:43:40
31-Mar-19,12:43:40
31-Mar-19,12:43:40
31-Mar-19,12:43:40
31-Mar-19,12:43:40
31-Mar-19,12:43:40
31-Mar-19,12:43:40
31-Mar-19,12:43:40
31-Mar-19,12:43:40
31-Mar-19,12:43:40
31-Mar-19,12:43:40
31-Mar-19,12:43:40
31-Mar-19,12:43:40
31-Mar-19,12:43:40
31-Mar-19,12:43:40
31-Mar-19,12:43:40
31-Mar-19,12:43:40
31-Mar-19,12:43:40
31-Mar-19,12:43:40
31-Mar-19,12:43:40
31-Mar-19,12:43:40
31-Mar-19,12:43:40
31-Mar-19,12:43:40
31-Mar-19,12:43:40
31-Mar-19,12:43:40
31-Mar-19,12:43:40
31-Mar-19,12:43:40
31-Mar-19,12:43:40
31-Mar-19,12:43:40
31-Mar-19,12:43:40
31-Mar-19,12:43:40
31-Mar-19,12:43:40
31-Mar-19,12:43:41
31-Mar-19,12:43:41
31-Mar-19,12:43:41
31-Mar-19,12:43:41
31-Mar-19,12:43:41
31-Mar-19,12:43:41
31-Mar-19,12:43:41
31-Mar-19,12:43:41
31-Mar-19,12:43:41
31-Mar-19,12:43:41
31-Mar-19,12:43:41
31-Mar-19,12:43:41
31-Mar-19,12:43:41
31-Mar-19,12:43:41
31-Mar-19,12:43:41
31-Mar-19,12:43:41
31-Mar-19,12:43:41
31-Mar-19,12:43:41
31-Mar-19,12:43:41
31-Mar-19,12:43:41
31-Mar-19,12:43:41
31-Mar-19,12:43:41
31-Mar-19,12:43:41
31-Mar-19,12:43:41
31-Mar-19,12:43:41
31-Mar-19,12:43:41
31-Mar-19,12:43:41
31-Mar-19,12:43:41
31-Mar-19,12:43:41
31-Mar-19,12:43:41
31-Mar-19,12:43:41
31-Mar-19,12:43:41
31-Mar-19,12:43:41
31-Mar-19,12:43:41
31-Mar-19,12:43:41
31-Mar-19,12:43:41
31-Mar-19,12:43:41
31-Mar-19,12:43:41
31-Mar-19,12:43:41
31-Mar-19,12:43:41
31-Mar-19,12:43:41
31-Mar-19,12:43:41
31-Mar-19,12:43:41
31-Mar-19,12:43:41
31-Mar-19,12:43:41
31-Mar-19,12:43:41
31-Mar-19,12:43:41
31-Mar-19,12:43:41
31-Mar-19,12:43:41
31-Mar-19,12:43:41
31-Mar-19,12:43:41
31-Mar-19,12:43:41
31-Mar-19,12:43:41
31-Mar-19,12:43:41
31-Mar-19,12:43:41
31-Mar-19,12:43:41
31-Mar-19,12:43:41
31-Mar-19,12:43:41
31-Mar-19,12:43:41
31-Mar-19,12:43:41
31-Mar-19,12:43:41
31-Mar-19,12:43:41
31-Mar-19,12:43:42
31-Mar-19,12:43:42
31-Mar-19,12:43:42
31-Mar-19,12:43:42
31-Mar-19,12:43:42
31-Mar-19,12:43:42
31-Mar-19,12:43:42
31-Mar-19,12:43:42
31-Mar-19,12:43:42
31-Mar-19,12:43:42
31-Mar-19,12:43:42
31-Mar-19,12:43:42
31-Mar-19,12:43:42
31-Mar-19,12:43:42
31-Mar-19,12:43:42
31-Mar-19,12:43:42
31-Mar-19,12:43:42
31-Mar-19,12:43:42
31-Mar-19,12:43:42
31-Mar-19,12:43:42
31-Mar-19,12:43:42
31-Mar-19,12:43:42
31-Mar-19,12:43:42
31-Mar-19,12:43:42
31-Mar-19,12:43:42
31-Mar-19,12:43:42
31-Mar-19,12:43:42
31-Mar-19,12:43:42
31-Mar-19,12:43:42
31-Mar-19,12:43:42
31-Mar-19,12:43:42
31-Mar-19,12:43:42
31-Mar-19,12:43:42
31-Mar-19,12:43:42
31-Mar-19,12:43:42
31-Mar-19,12:43:42
31-Mar-19,12:43:42
31-Mar-19,12:43:42
31-Mar-19,12:43:42
31-Mar-19,12:43:42
31-Mar-19,12:43:42
31-Mar-19,12:43:42
31-Mar-19,12:43:42
31-Mar-19,12:43:42
31-Mar-19,12:43:42
31-Mar-19,12:43:42
31-Mar-19,12:43:42
31-Mar-19,12:43:42
31-Mar-19,12:43:42
31-Mar-19,12:43:42
31-Mar-19,12:43:42
31-Mar-19,12:43:42
31-Mar-19,12:43:42
31-Mar-19,12:43:42
31-Mar-19,12:43:42
31-Mar-19,12:43:42
31-Mar-19,12:43:42
31-Mar-19,12:43:42
31-Mar-19,12:43:42
31-Mar-19,12:43:42
31-Mar-19,12:43:42
31-Mar-19,12:43:42
31-Mar-19,12:43:42
31-Mar-19,12:43:42
31-Mar-19,12:43:42
31-Mar-19,12:43:42
31-Mar-19,12:43:42
31-Mar-19,12:43:42
31-Mar-19,12:43:43
31-Mar-19,12:43:43
31-Mar-19,12:43:43
31-Mar-19,12:43:43
31-Mar-19,12:43:43
31-Mar-19,12:43:43
31-Mar-19,12:43:43
31-Mar-19,12:43:43
31-Mar-19,12:43:43
31-Mar-19,12:43:43
31-Mar-19,12:43:43
31-Mar-19,12:43:43
31-Mar-19,12:43:43
31-Mar-19,12:43:43
31-Mar-19,12:43:43
31-Mar-19,12:43:43
31-Mar-19,12:43:43
31-Mar-19,12:43:43
31-Mar-19,12:43:43
31-Mar-19,12:43:43
31-Mar-19,12:43:43
31-Mar-19,12:43:43
31-Mar-19,12:43:43
31-Mar-19,12:43:43
31-Mar-19,12:43:43
31-Mar-19,12:43:43
31-Mar-19,12:43:43
31-Mar-19,12:43:43
31-Mar-19,12:43:43
31-Mar-19,12:43:43
31-Mar-19,12:43:43
31-Mar-19,12:43:43
31-Mar-19,12:43:43
31-Mar-19,12:43:43
31-Mar-19,12:43:43
31-Mar-19,12:43:43
31-Mar-19,12:43:43
31-Mar-19,12:43:43
31-Mar-19,12:43:43
31-Mar-19,12:43:43
31-Mar-19,12:43:43
31-Mar-19,12:43:43
31-Mar-19,12:43:43
31-Mar-19,12:43:43
31-Mar-19,12:43:43
31-Mar-19,12:43:43
31-Mar-19,12:43:43
31-Mar-19,12:43:43
31-Mar-19,12:43:43
31-Mar-19,12:43:43
31-Mar-19,12:43:43
31-Mar-19,12:43:43
31-Mar-19,12:43:43
31-Mar-19,12:43:43
31-Mar-19,12:43:43
31-Mar-19,12:43:43
31-Mar-19,12:43:44
31-Mar-19,12:43:44
31-Mar-19,12:43:44
31-Mar-19,12:43:44
31-Mar-19,12:43:44
31-Mar-19,12:43:44
31-Mar-19,12:43:44
31-Mar-19,12:43:44
31-Mar-19,12:43:44
31-Mar-19,12:43:44
31-Mar-19,12:43:44
31-Mar-19,12:43:44
31-Mar-19,12:43:44
31-Mar-19,12:43:44
31-Mar-19,12:43:44
31-Mar-19,12:43:44
31-Mar-19,12:43:44
31-Mar-19,12:43:44
31-Mar-19,12:43:44
31-Mar-19,12:43:44
31-Mar-19,12:43:44
31-Mar-19,12:43:44
31-Mar-19,12:43:44
31-Mar-19,12:43:44
31-Mar-19,12:43:44
31-Mar-19,12:43:44
31-Mar-19,12:43:44
31-Mar-19,12:43:44
31-Mar-19,12:43:44
31-Mar-19,12:43:44
31-Mar-19,12:43:44
31-Mar-19,12:43:44
31-Mar-19,12:43:44
31-Mar-19,12:43:44
31-Mar-19,12:43:44
31-Mar-19,12:43:44
31-Mar-19,12:43:44
31-Mar-19,12:43:44
31-Mar-19,12:43:44
31-Mar-19,12:43:44
31-Mar-19,12:43:44
31-Mar-19,12:43:44
31-Mar-19,12:43:44
31-Mar-19,12:43:44
31-Mar-19,12:43:44
31-Mar-19,12:43:44
31-Mar-19,12:43:44
31-Mar-19,12:43:44
31-Mar-19,12:43:44
31-Mar-19,12:43:44
31-Mar-19,12:43:44
31-Mar-19,12:43:44
31-Mar-19,12:43:44
31-Mar-19,12:43:44
31-Mar-19,12:43:44
31-Mar-19,12:43:44
31-Mar-19,12:43:44
31-Mar-19,12:43:44
31-Mar-19,12:43:44
31-Mar-19,12:43:44
31-Mar-19,12:43:45
31-Mar-19,12:43:45
31-Mar-19,12:43:45
31-Mar-19,12:43:45
31-Mar-19,12:43:45
31-Mar-19,12:43:45
31-Mar-19,12:43:45
31-Mar-19,12:43:45
31-Mar-19,12:43:45
31-Mar-19,12:43:45
31-Mar-19,12:43:45
31-Mar-19,12:43:45
31-Mar-19,12:43:45
31-Mar-19,12:43:45
31-Mar-19,12:43:45
31-Mar-19,12:43:45
31-Mar-19,12:43:45
31-Mar-19,12:43:45
31-Mar-19,12:43:45
31-Mar-19,12:43:45
31-Mar-19,12:43:45
31-Mar-19,12:43:45
31-Mar-19,12:43:45
31-Mar-19,12:43:45
31-Mar-19,12:43:45
31-Mar-19,12:43:45
31-Mar-19,12:43:45
31-Mar-19,12:43:45
31-Mar-19,12:43:45
31-Mar-19,12:43:45
31-Mar-19,12:43:45
31-Mar-19,12:43:45
31-Mar-19,12:43:45
31-Mar-19,12:43:45
31-Mar-19,12:43:45
31-Mar-19,12:43:45
31-Mar-19,12:43:45
31-Mar-19,12:43:45
31-Mar-19,12:43:45
31-Mar-19,12:43:45
31-Mar-19,12:43:45
31-Mar-19,12:43:45
31-Mar-19,12:43:45
31-Mar-19,12:43:45
31-Mar-19,12:43:45
31-Mar-19,12:43:45
31-Mar-19,12:43:45
31-Mar-19,12:43:45
31-Mar-19,12:43:45
31-Mar-19,12:43:45
31-Mar-19,12:43:45
31-Mar-19,12:43:45
31-Mar-19,12:43:45
31-Mar-19,12:43:45
31-Mar-19,12:43:45
31-Mar-19,12:43:45
31-Mar-19,12:43:45
31-Mar-19,12:43:45
31-Mar-19,12:43:45
31-Mar-19,12:43:45
31-Mar-19,12:43:45
31-Mar-19,12:43:45
31-Mar-19,12:43:45
31-Mar-19,12:43:45
31-Mar-19,12:43:45
31-Mar-19,12:43:46
31-Mar-19,12:43:46
31-Mar-19,12:43:46
31-Mar-19,12:43:46
31-Mar-19,12:43:46
31-Mar-19,12:43:46
31-Mar-19,12:43:46
31-Mar-19,12:43:46
31-Mar-19,12:43:46
31-Mar-19,12:43:46
31-Mar-19,12:43:46
31-Mar-19,12:43:46
31-Mar-19,12:43:46
31-Mar-19,12:43:46
31-Mar-19,12:43:46
31-Mar-19,12:43:46
31-Mar-19,12:43:46
31-Mar-19,12:43:46
31-Mar-19,12:43:46
31-Mar-19,12:43:46
31-Mar-19,12:43:46
31-Mar-19,12:43:46
31-Mar-19,12:43:46
31-Mar-19,12:43:46
31-Mar-19,12:43:46
31-Mar-19,12:43:46
31-Mar-19,12:43:46
31-Mar-19,12:43:46
31-Mar-19,12:43:46
31-Mar-19,12:43:46
31-Mar-19,12:43:46
31-Mar-19,12:43:46
31-Mar-19,12:43:46
31-Mar-19,12:43:46
31-Mar-19,12:43:46
31-Mar-19,12:43:46
31-Mar-19,12:43:46
31-Mar-19,12:43:46
31-Mar-19,12:43:46
31-Mar-19,12:43:46
31-Mar-19,12:43:46
31-Mar-19,12:43:46
31-Mar-19,12:43:46
31-Mar-19,12:43:46
31-Mar-19,12:43:46
31-Mar-19,12:43:46
31-Mar-19,12:43:46
31-Mar-19,12:43:46
31-Mar-19,12:43:46
31-Mar-19,12:43:46
31-Mar-19,12:43:46
31-Mar-19,12:43:46
31-Mar-19,12:43:46
31-Mar-19,12:43:46
31-Mar-19,12:43:46
31-Mar-19,12:43:46
31-Mar-19,12:43:46
31-Mar-19,12:43:47
31-Mar-19,12:43:47
31-Mar-19,12:43:47
31-Mar-19,12:43:47
31-Mar-19,12:43:47
31-Mar-19,12:43:47
31-Mar-19,12:43:47
31-Mar-19,12:43:47
31-Mar-19,12:43:47
31-Mar-19,12:43:47
31-Mar-19,12:43:47
31-Mar-19,12:43:47
31-Mar-19,12:43:47
31-Mar-19,12:43:47
31-Mar-19,12:43:47
31-Mar-19,12:43:47
31-Mar-19,12:43:47
31-Mar-19,12:43:47
31-Mar-19,12:43:47
31-Mar-19,12:43:47
31-Mar-19,12:43:47
31-Mar-19,12:43:47
31-Mar-19,12:43:47
31-Mar-19,12:43:47
31-Mar-19,12:43:47
31-Mar-19,12:43:47
31-Mar-19,12:43:47
31-Mar-19,12:43:47
31-Mar-19,12:43:47
31-Mar-19,12:43:47
31-Mar-19,12:43:47
31-Mar-19,12:43:47
31-Mar-19,12:43:47
31-Mar-19,12:43:47
31-Mar-19,12:43:47
31-Mar-19,12:43:47
31-Mar-19,12:43:47
31-Mar-19,12:43:47
31-Mar-19,12:43:47
31-Mar-19,12:43:47
31-Mar-19,12:43:47
31-Mar-19,12:43:47
31-Mar-19,12:43:47
31-Mar-19,12:43:47
31-Mar-19,12:43:47
31-Mar-19,12:43:47
31-Mar-19,12:43:47
31-Mar-19,12:43:47
31-Mar-19,12:43:47
31-Mar-19,12:43:47
31-Mar-19,12:43:47
31-Mar-19,12:43:47
31-Mar-19,12:43:47
31-Mar-19,12:43:47
31-Mar-19,12:43:47
31-Mar-19,12:43:47
31-Mar-19,12:43:47
31-Mar-19,12:43:47
31-Mar-19,12:43:47
31-Mar-19,12:43:47
31-Mar-19,12:43:47
31-Mar-19,12:43:47
31-Mar-19,12:43:47
31-Mar-19,12:43:48
31-Mar-19,12:43:48
31-Mar-19,12:43:48
31-Mar-19,12:43:48
31-Mar-19,12:43:48
31-Mar-19,12:43:48
31-Mar-19,12:43:48
31-Mar-19,12:43:48
31-Mar-19,12:43:48
31-Mar-19,12:43:48
31-Mar-19,12:43:48
31-Mar-19,12:43:48
31-Mar-19,12:43:48
31-Mar-19,12:43:48
31-Mar-19,12:43:48
31-Mar-19,12:43:48
31-Mar-19,12:43:48
31-Mar-19,12:43:48
31-Mar-19,12:43:48
31-Mar-19,12:43:48
31-Mar-19,12:43:48
31-Mar-19,12:43:48
31-Mar-19,12:43:48
31-Mar-19,12:43:48
31-Mar-19,12:43:48
31-Mar-19,12:43:48
31-Mar-19,12:43:48
31-Mar-19,12:43:48
31-Mar-19,12:43:48
31-Mar-19,12:43:48
31-Mar-19,12:43:48
31-Mar-19,12:43:48
31-Mar-19,12:43:48
31-Mar-19,12:43:48
31-Mar-19,12:43:48
31-Mar-19,12:43:48
31-Mar-19,12:43:48
31-Mar-19,12:43:48
31-Mar-19,12:43:48
31-Mar-19,12:43:48
31-Mar-19,12:43:48
31-Mar-19,12:43:48
31-Mar-19,12:43:48
31-Mar-19,12:43:48
31-Mar-19,12:43:48
31-Mar-19,12:43:48
31-Mar-19,12:43:48
31-Mar-19,12:43:48
31-Mar-19,12:43:48
31-Mar-19,12:43:48
31-Mar-19,12:43:48
31-Mar-19,12:43:48
31-Mar-19,12:43:48
31-Mar-19,12:43:48
31-Mar-19,12:43:48
31-Mar-19,12:43:48
31-Mar-19,12:43:48
31-Mar-19,12:43:48
31-Mar-19,12:43:48
31-Mar-19,12:43:48
31-Mar-19,12:43:48
31-Mar-19,12:43:49
31-Mar-19,12:43:49
31-Mar-19,12:43:49
31-Mar-19,12:43:49
31-Mar-19,12:43:49
31-Mar-19,12:43:49
31-Mar-19,12:43:49
31-Mar-19,12:43:49
31-Mar-19,12:43:49
31-Mar-19,12:43:49
31-Mar-19,12:43:49
31-Mar-19,12:43:49
31-Mar-19,12:43:49
31-Mar-19,12:43:49
31-Mar-19,12:43:49
31-Mar-19,12:43:49
31-Mar-19,12:43:49
31-Mar-19,12:43:49
31-Mar-19,12:43:49
31-Mar-19,12:43:49
31-Mar-19,12:43:49
31-Mar-19,12:43:49
31-Mar-19,12:43:49
31-Mar-19,12:43:49
31-Mar-19,12:43:49
31-Mar-19,12:43:49
31-Mar-19,12:43:49
31-Mar-19,12:43:49
31-Mar-19,12:43:49
31-Mar-19,12:43:49
31-Mar-19,12:43:49
31-Mar-19,12:43:49
31-Mar-19,12:43:49
31-Mar-19,12:43:49
31-Mar-19,12:43:49
31-Mar-19,12:43:49
31-Mar-19,12:43:49
31-Mar-19,12:43:49
31-Mar-19,12:43:49
31-Mar-19,12:43:49
31-Mar-19,12:43:49
31-Mar-19,12:43:49
31-Mar-19,12:43:49
31-Mar-19,12:43:49
31-Mar-19,12:43:49
31-Mar-19,12:43:49
31-Mar-19,12:43:49
31-Mar-19,12:43:49
31-Mar-19,12:43:49
31-Mar-19,12:43:49
31-Mar-19,12:43:49
31-Mar-19,12:43:49
31-Mar-19,12:43:49
31-Mar-19,12:43:49
31-Mar-19,12:43:49
31-Mar-19,12:43:49
31-Mar-19,12:43:49
31-Mar-19,12:43:49
31-Mar-19,12:43:49
31-Mar-19,12:43:49
31-Mar-19,12:43:49
31-Mar-19,12:43:49
31-Mar-19,12:43:49
31-Mar-19,12:43:49
31-Mar-19,12:43:50
31-Mar-19,12:43:50
31-Mar-19,12:43:50
31-Mar-19,12:43:50
31-Mar-19,12:43:50
31-Mar-19,12:43:50
31-Mar-19,12:43:50
31-Mar-19,12:43:50
31-Mar-19,12:43:50
31-Mar-19,12:43:50
31-Mar-19,12:43:50
31-Mar-19,12:43:50
31-Mar-19,12:43:50
31-Mar-19,12:43:50
31-Mar-19,12:43:50
31-Mar-19,12:43:50
31-Mar-19,12:43:50
31-Mar-19,12:43:50
31-Mar-19,12:43:50
31-Mar-19,12:43:50
31-Mar-19,12:43:50
31-Mar-19,12:43:50
31-Mar-19,12:43:50
31-Mar-19,12:43:50
31-Mar-19,12:43:50
31-Mar-19,12:43:50
31-Mar-19,12:43:50
31-Mar-19,12:43:50
31-Mar-19,12:43:50
31-Mar-19,12:43:50
31-Mar-19,12:43:50
31-Mar-19,12:43:50
31-Mar-19,12:43:50
31-Mar-19,12:43:50
31-Mar-19,12:43:50
31-Mar-19,12:43:50
31-Mar-19,12:43:50
31-Mar-19,12:43:50
31-Mar-19,12:43:50
31-Mar-19,12:43:50
31-Mar-19,12:43:50
31-Mar-19,12:43:50
31-Mar-19,12:43:50
31-Mar-19,12:43:50
31-Mar-19,12:43:50
31-Mar-19,12:43:50
31-Mar-19,12:43:50
31-Mar-19,12:43:50
31-Mar-19,12:43:50
31-Mar-19,12:43:50
31-Mar-19,12:43:50
31-Mar-19,12:43:50
31-Mar-19,12:43:50
31-Mar-19,12:43:50
31-Mar-19,12:43:50
31-Mar-19,12:43:50
31-Mar-19,12:43:50
31-Mar-19,12:43:50
31-Mar-19,12:43:50
31-Mar-19,12:43:50
31-Mar-19,12:43:51
31-Mar-19,12:43:51
31-Mar-19,12:43:51
31-Mar-19,12:43:51
31-Mar-19,12:43:51
31-Mar-19,12:43:51
31-Mar-19,12:43:51
31-Mar-19,12:43:51
31-Mar-19,12:43:51
31-Mar-19,12:43:51
31-Mar-19,12:43:51
31-Mar-19,12:43:51
31-Mar-19,12:43:51
31-Mar-19,12:43:51
31-Mar-19,12:43:51
31-Mar-19,12:43:51
31-Mar-19,12:43:51
31-Mar-19,12:43:51
31-Mar-19,12:43:51
31-Mar-19,12:43:51
31-Mar-19,12:43:51
31-Mar-19,12:43:51
31-Mar-19,12:43:51
31-Mar-19,12:43:51
31-Mar-19,12:43:51
31-Mar-19,12:43:51
31-Mar-19,12:43:51
31-Mar-19,12:43:51
31-Mar-19,12:43:51
31-Mar-19,12:43:51
31-Mar-19,12:43:51
31-Mar-19,12:43:51
31-Mar-19,12:43:51
31-Mar-19,12:43:51
31-Mar-19,12:43:51
31-Mar-19,12:43:51
31-Mar-19,12:43:51
31-Mar-19,12:43:51
31-Mar-19,12:43:51
31-Mar-19,12:43:51
31-Mar-19,12:43:51
31-Mar-19,12:43:51
31-Mar-19,12:43:51
31-Mar-19,12:43:51
31-Mar-19,12:43:51
31-Mar-19,12:43:51
31-Mar-19,12:43:51
31-Mar-19,12:43:51
31-Mar-19,12:43:51
31-Mar-19,12:43:51
31-Mar-19,12:43:51
31-Mar-19,12:43:51
31-Mar-19,12:43:51
31-Mar-19,12:43:51
31-Mar-19,12:43:51
31-Mar-19,12:43:51
31-Mar-19,12:43:51
31-Mar-19,12:43:52
31-Mar-19,12:43:52
31-Mar-19,12:43:52
31-Mar-19,12:43:52
31-Mar-19,12:43:52
31-Mar-19,12:43:52
31-Mar-19,12:43:52
31-Mar-19,12:43:52
31-Mar-19,12:43:52
31-Mar-19,12:43:52
31-Mar-19,12:43:52
31-Mar-19,12:43:52
31-Mar-19,12:43:52
31-Mar-19,12:43:52
31-Mar-19,12:43:52
31-Mar-19,12:43:52
31-Mar-19,12:43:52
31-Mar-19,12:43:52
31-Mar-19,12:43:52
31-Mar-19,12:43:52
31-Mar-19,12:43:52
31-Mar-19,12:43:52
31-Mar-19,12:43:52
31-Mar-19,12:43:52
31-Mar-19,12:43:52
31-Mar-19,12:43:52
31-Mar-19,12:43:52
31-Mar-19,12:43:52
31-Mar-19,12:43:52
31-Mar-19,12:43:52
31-Mar-19,12:43:52
31-Mar-19,12:43:52
31-Mar-19,12:43:52
31-Mar-19,12:43:52
31-Mar-19,12:43:52
31-Mar-19,12:43:52
31-Mar-19,12:43:52
31-Mar-19,12:43:52
31-Mar-19,12:43:52
31-Mar-19,12:43:52
31-Mar-19,12:43:52
31-Mar-19,12:43:52
31-Mar-19,12:43:52
31-Mar-19,12:43:52
31-Mar-19,12:43:52
31-Mar-19,12:43:52
31-Mar-19,12:43:52
31-Mar-19,12:43:52
31-Mar-19,12:43:52
31-Mar-19,12:43:52
31-Mar-19,12:43:52
31-Mar-19,12:43:52
31-Mar-19,12:43:52
31-Mar-19,12:43:52
31-Mar-19,12:43:52
31-Mar-19,12:43:52
31-Mar-19,12:43:52
31-Mar-19,12:43:52
31-Mar-19,12:43:52
31-Mar-19,12:43:52
31-Mar-19,12:43:52
31-Mar-19,12:43:52
31-Mar-19,12:43:52
31-Mar-19,12:43:52
31-Mar-19,12:43:52
31-Mar-19,12:43:52
31-Mar-19,12:43:52
31-Mar-19,12:43:53
31-Mar-19,12:43:53
31-Mar-19,12:43:53
31-Mar-19,12:43:53
31-Mar-19,12:43:53
31-Mar-19,12:43:53
31-Mar-19,12:43:53
31-Mar-19,12:43:53
31-Mar-19,12:43:53
31-Mar-19,12:43:53
31-Mar-19,12:43:53
31-Mar-19,12:43:53
31-Mar-19,12:43:53
31-Mar-19,12:43:53
31-Mar-19,12:43:53
31-Mar-19,12:43:53
31-Mar-19,12:43:53
31-Mar-19,12:43:53
31-Mar-19,12:43:53
31-Mar-19,12:43:53
31-Mar-19,12:43:53
31-Mar-19,12:43:53
31-Mar-19,12:43:53
31-Mar-19,12:43:53
31-Mar-19,12:43:53
31-Mar-19,12:43:53
31-Mar-19,12:43:53
31-Mar-19,12:43:53
31-Mar-19,12:43:53
31-Mar-19,12:43:53
31-Mar-19,12:43:53
31-Mar-19,12:43:53
31-Mar-19,12:43:53
31-Mar-19,12:43:53
31-Mar-19,12:43:53
31-Mar-19,12:43:53
31-Mar-19,12:43:53
31-Mar-19,12:43:53
31-Mar-19,12:43:53
31-Mar-19,12:43:53
31-Mar-19,12:43:53
31-Mar-19,12:43:53
31-Mar-19,12:43:53
31-Mar-19,12:43:53
31-Mar-19,12:43:53
31-Mar-19,12:43:53
31-Mar-19,12:43:53
31-Mar-19,12:43:53
31-Mar-19,12:43:53
31-Mar-19,12:43:53
31-Mar-19,12:43:53
31-Mar-19,12:43:53
31-Mar-19,12:43:53
31-Mar-19,12:43:53
31-Mar-19,12:43:53
31-Mar-19,12:43:53
31-Mar-19,12:43:53
31-Mar-19,12:43:53
31-Mar-19,12:43:53
31-Mar-19,12:43:53
31-Mar-19,12:43:53
31-Mar-19,12:43:53
31-Mar-19,12:43:53
31-Mar-19,12:43:53
31-Mar-19,12:43:53
31-Mar-19,12:43:53
31-Mar-19,12:43:53
31-Mar-19,12:43:53
31-Mar-19,12:43:53
31-Mar-19,12:43:53
31-Mar-19,12:43:53
31-Mar-19,12:43:53
31-Mar-19,12:43:53
31-Mar-19,12:43:53
31-Mar-19,12:43:53
31-Mar-19,12:43:54
31-Mar-19,12:43:54
31-Mar-19,12:43:54
31-Mar-19,12:43:54
31-Mar-19,12:43:54
31-Mar-19,12:43:54
31-Mar-19,12:43:54
31-Mar-19,12:43:54
31-Mar-19,12:43:54
31-Mar-19,12:43:54
31-Mar-19,12:43:54
31-Mar-19,12:43:54
31-Mar-19,12:43:54
31-Mar-19,12:43:54
31-Mar-19,12:43:54
31-Mar-19,12:43:54
31-Mar-19,12:43:54
31-Mar-19,12:43:54
31-Mar-19,12:43:54
31-Mar-19,12:43:54
31-Mar-19,12:43:54
31-Mar-19,12:43:54
31-Mar-19,12:43:54
31-Mar-19,12:43:54
31-Mar-19,12:43:54
31-Mar-19,12:43:54
31-Mar-19,12:43:54
31-Mar-19,12:43:54
31-Mar-19,12:43:54
31-Mar-19,12:43:54
31-Mar-19,12:43:54
31-Mar-19,12:43:54
31-Mar-19,12:43:54
31-Mar-19,12:43:54
31-Mar-19,12:43:54
31-Mar-19,12:43:54
31-Mar-19,12:43:54
31-Mar-19,12:43:54
31-Mar-19,12:43:54
31-Mar-19,12:43:54
31-Mar-19,12:43:54
31-Mar-19,12:43:54
31-Mar-19,12:43:54
31-Mar-19,12:43:54
31-Mar-19,12:43:54
31-Mar-19,12:43:54
31-Mar-19,12:43:54
31-Mar-19,12:43:54
31-Mar-19,12:43:54
31-Mar-19,12:43:54
31-Mar-19,12:43:54
31-Mar-19,12:43:54
31-Mar-19,12:43:54
31-Mar-19,12:43:54
31-Mar-19,12:43:54
31-Mar-19,12:43:54
31-Mar-19,12:43:54
31-Mar-19,12:43:54
31-Mar-19,12:43:54
31-Mar-19,12:43:54
31-Mar-19,12:43:54
31-Mar-19,12:43:54
31-Mar-19,12:43:54
31-Mar-19,12:43:54
31-Mar-19,12:43:55
31-Mar-19,12:43:55
31-Mar-19,12:43:55
31-Mar-19,12:43:55
31-Mar-19,12:43:55
31-Mar-19,12:43:55
31-Mar-19,12:43:55
31-Mar-19,12:43:55
31-Mar-19,12:43:55
31-Mar-19,12:43:55
31-Mar-19,12:43:55
31-Mar-19,12:43:55
31-Mar-19,12:43:55
31-Mar-19,12:43:55
31-Mar-19,12:43:55
31-Mar-19,12:43:55
31-Mar-19,12:43:55
31-Mar-19,12:43:55
31-Mar-19,12:43:55
31-Mar-19,12:43:55
31-Mar-19,12:43:55
31-Mar-19,12:43:55
31-Mar-19,12:43:55
31-Mar-19,12:43:55
31-Mar-19,12:43:55
31-Mar-19,12:43:55
31-Mar-19,12:43:55
31-Mar-19,12:43:55
31-Mar-19,12:43:55
31-Mar-19,12:43:55
31-Mar-19,12:43:55
31-Mar-19,12:43:55
31-Mar-19,12:43:55
31-Mar-19,12:43:55
31-Mar-19,12:43:55
31-Mar-19,12:43:55
31-Mar-19,12:43:55
31-Mar-19,12:43:55
31-Mar-19,12:43:55
31-Mar-19,12:43:55
31-Mar-19,12:43:55
31-Mar-19,12:43:55
31-Mar-19,12:43:55
31-Mar-19,12:43:55
31-Mar-19,12:43:55
31-Mar-19,12:43:55
31-Mar-19,12:43:55
31-Mar-19,12:43:55
31-Mar-19,12:43:55
31-Mar-19,12:43:55
31-Mar-19,12:43:55
31-Mar-19,12:43:55
31-Mar-19,12:43:55
31-Mar-19,12:43:55
31-Mar-19,12:43:55
31-Mar-19,12:43:55
31-Mar-19,12:43:55
31-Mar-19,12:43:55
31-Mar-19,12:43:55
31-Mar-19,12:43:55
31-Mar-19,12:43:55
31-Mar-19,12:43:55
31-Mar-19,12:43:55
31-Mar-19,12:43:56
31-Mar-19,12:43:56
31-Mar-19,12:43:56
31-Mar-19,12:43:56
31-Mar-19,12:43:56
31-Mar-19,12:43:56
31-Mar-19,12:43:56
31-Mar-19,12:43:56
31-Mar-19,12:43:56
31-Mar-19,12:43:56
31-Mar-19,12:43:56
31-Mar-19,12:43:56
31-Mar-19,12:43:56
31-Mar-19,12:43:56
31-Mar-19,12:43:56
31-Mar-19,12:43:56
31-Mar-19,12:43:56
31-Mar-19,12:43:56
31-Mar-19,12:43:56
31-Mar-19,12:43:56
31-Mar-19,12:43:56
31-Mar-19,12:43:56
31-Mar-19,12:43:56
31-Mar-19,12:43:56
31-Mar-19,12:43:56
31-Mar-19,12:43:56
31-Mar-19,12:43:56
31-Mar-19,12:43:56
31-Mar-19,12:43:56
31-Mar-19,12:43:56
31-Mar-19,12:43:56
31-Mar-19,12:43:56
31-Mar-19,12:43:56
31-Mar-19,12:43:56
31-Mar-19,12:43:56
31-Mar-19,12:43:56
31-Mar-19,12:43:56
31-Mar-19,12:43:56
31-Mar-19,12:43:56
31-Mar-19,12:43:56
31-Mar-19,12:43:56
31-Mar-19,12:43:56
31-Mar-19,12:43:56
31-Mar-19,12:43:56
31-Mar-19,12:43:56
31-Mar-19,12:43:56
31-Mar-19,12:43:56
31-Mar-19,12:43:56
31-Mar-19,12:43:56
31-Mar-19,12:43:56
31-Mar-19,12:43:56
31-Mar-19,12:43:56
31-Mar-19,12:43:56
31-Mar-19,12:43:56
31-Mar-19,12:43:56
31-Mar-19,12:43:56
31-Mar-19,12:43:56
31-Mar-19,12:43:56
31-Mar-19,12:43:56
31-Mar-19,12:43:56
31-Mar-19,12:43:56
31-Mar-19,12:43:56
31-Mar-19,12:43:56
31-Mar-19,12:43:56
31-Mar-19,12:43:57
31-Mar-19,12:43:57
31-Mar-19,12:43:57
31-Mar-19,12:43:57
31-Mar-19,12:43:57
31-Mar-19,12:43:57
31-Mar-19,12:43:57
31-Mar-19,12:43:57
31-Mar-19,12:43:57
31-Mar-19,12:43:57
31-Mar-19,12:43:57
31-Mar-19,12:43:57
31-Mar-19,12:43:57
31-Mar-19,12:43:57
31-Mar-19,12:43:57
31-Mar-19,12:43:57
31-Mar-19,12:43:57
31-Mar-19,12:43:57
31-Mar-19,12:43:57
31-Mar-19,12:43:57
31-Mar-19,12:43:57
31-Mar-19,12:43:57
31-Mar-19,12:43:57
31-Mar-19,12:43:57
31-Mar-19,12:43:57
31-Mar-19,12:43:57
31-Mar-19,12:43:57
31-Mar-19,12:43:57
31-Mar-19,12:43:57
31-Mar-19,12:43:57
31-Mar-19,12:43:57
31-Mar-19,12:43:57
31-Mar-19,12:43:57
31-Mar-19,12:43:57
31-Mar-19,12:43:57
31-Mar-19,12:43:57
31-Mar-19,12:43:57
31-Mar-19,12:43:57
31-Mar-19,12:43:57
31-Mar-19,12:43:57
31-Mar-19,12:43:57
31-Mar-19,12:43:57
31-Mar-19,12:43:57
31-Mar-19,12:43:57
31-Mar-19,12:43:57
31-Mar-19,12:43:57
31-Mar-19,12:43:57
31-Mar-19,12:43:57
31-Mar-19,12:43:57
31-Mar-19,12:43:57
31-Mar-19,12:43:57
31-Mar-19,12:43:57
31-Mar-19,12:43:57
31-Mar-19,12:43:57
31-Mar-19,12:43:57
31-Mar-19,12:43:57
31-Mar-19,12:43:57
31-Mar-19,12:43:57
31-Mar-19,12:43:57
31-Mar-19,12:43:57
31-Mar-19,12:43:57
31-Mar-19,12:43:57
31-Mar-19,12:43:57
31-Mar-19,12:43:58
31-Mar-19,12:43:58
31-Mar-19,12:43:58
31-Mar-19,12:43:58
31-Mar-19,12:43:58
31-Mar-19,12:43:58
31-Mar-19,12:43:58
31-Mar-19,12:43:58
31-Mar-19,12:43:58
31-Mar-19,12:43:58
31-Mar-19,12:43:58
31-Mar-19,12:43:58
31-Mar-19,12:43:58
31-Mar-19,12:43:58
31-Mar-19,12:43:58
31-Mar-19,12:43:58
31-Mar-19,12:43:58
31-Mar-19,12:43:58
31-Mar-19,12:43:58
31-Mar-19,12:43:58
31-Mar-19,12:43:58
31-Mar-19,12:43:58
31-Mar-19,12:43:58
31-Mar-19,12:43:58
31-Mar-19,12:43:58
31-Mar-19,12:43:58
31-Mar-19,12:43:58
31-Mar-19,12:43:58
31-Mar-19,12:43:58
31-Mar-19,12:43:58
31-Mar-19,12:43:58
31-Mar-19,12:43:58
31-Mar-19,12:43:58
31-Mar-19,12:43:58
31-Mar-19,12:43:58
31-Mar-19,12:43:58
31-Mar-19,12:43:58
31-Mar-19,12:43:58
31-Mar-19,12:43:58
31-Mar-19,12:43:58
31-Mar-19,12:43:58
31-Mar-19,12:43:58
31-Mar-19,12:43:58
31-Mar-19,12:43:58
31-Mar-19,12:43:58
31-Mar-19,12:43:58
31-Mar-19,12:43:58
31-Mar-19,12:43:58
31-Mar-19,12:43:58
31-Mar-19,12:43:58
31-Mar-19,12:43:58
31-Mar-19,12:43:58
31-Mar-19,12:43:58
31-Mar-19,12:43:58
31-Mar-19,12:43:58
31-Mar-19,12:43:58
31-Mar-19,12:43:58
31-Mar-19,12:43:58
31-Mar-19,12:43:58
31-Mar-19,12:43:58
31-Mar-19,12:43:58
31-Mar-19,12:43:58
31-Mar-19,12:43:58
31-Mar-19,12:43:58
31-Mar-19,12:43:58
31-Mar-19,12:43:58
31-Mar-19,12:43:58
31-Mar-19,12:43:58
31-Mar-19,12:43:58
31-Mar-19,12:43:58
31-Mar-19,12:43:58
31-Mar-19,12:43:58
31-Mar-19,12:43:58
31-Mar-19,12:43:59
31-Mar-19,12:43:59
31-Mar-19,12:43:59
31-Mar-19,12:43:59
31-Mar-19,12:43:59
31-Mar-19,12:43:59
31-Mar-19,12:43:59
31-Mar-19,12:43:59
31-Mar-19,12:43:59
31-Mar-19,12:43:59
31-Mar-19,12:43:59
31-Mar-19,12:43:59
31-Mar-19,12:43:59
31-Mar-19,12:43:59
31-Mar-19,12:43:59
31-Mar-19,12:43:59
31-Mar-19,12:43:59
31-Mar-19,12:43:59
31-Mar-19,12:43:59
31-Mar-19,12:43:59
31-Mar-19,12:43:59
31-Mar-19,12:43:59
31-Mar-19,12:43:59
31-Mar-19,12:43:59
31-Mar-19,12:43:59
31-Mar-19,12:43:59
31-Mar-19,12:43:59
31-Mar-19,12:43:59
31-Mar-19,12:43:59
31-Mar-19,12:43:59
31-Mar-19,12:43:59
31-Mar-19,12:43:59
31-Mar-19,12:43:59
31-Mar-19,12:43:59
31-Mar-19,12:43:59
31-Mar-19,12:43:59
31-Mar-19,12:43:59
31-Mar-19,12:43:59
31-Mar-19,12:43:59
31-Mar-19,12:43:59
31-Mar-19,12:43:59
31-Mar-19,12:43:59
31-Mar-19,12:43:59
31-Mar-19,12:43:59
31-Mar-19,12:43:59
31-Mar-19,12:43:59
31-Mar-19,12:43:59
31-Mar-19,12:43:59
31-Mar-19,12:43:59
31-Mar-19,12:43:59
31-Mar-19,12:43:59
31-Mar-19,12:43:59
31-Mar-19,12:43:59
31-Mar-19,12:43:59
31-Mar-19,12:43:59
31-Mar-19,12:44:00
31-Mar-19,12:44:00
31-Mar-19,12:44:00
31-Mar-19,12:44:00
31-Mar-19,12:44:00
31-Mar-19,12:44:00
31-Mar-19,12:44:00
31-Mar-19,12:44:00
31-Mar-19,12:44:00
31-Mar-19,12:44:00
31-Mar-19,12:44:00
31-Mar-19,12:44:00
31-Mar-19,12:44:00
31-Mar-19,12:44:00
31-Mar-19,12:44:00
31-Mar-19,12:44:00
31-Mar-19,12:44:00
31-Mar-19,12:44:00
31-Mar-19,12:44:00
31-Mar-19,12:44:00
31-Mar-19,12:44:00
31-Mar-19,12:44:00
31-Mar-19,12:44:00
31-Mar-19,12:44:00
31-Mar-19,12:44:00
31-Mar-19,12:44:00
31-Mar-19,12:44:00
31-Mar-19,12:44:00
31-Mar-19,12:44:00
31-Mar-19,12:44:00
31-Mar-19,12:44:00
31-Mar-19,12:44:00
31-Mar-19,12:44:00
31-Mar-19,12:44:00
31-Mar-19,12:44:00
31-Mar-19,12:44:00
31-Mar-19,12:44:00
31-Mar-19,12:44:00
31-Mar-19,12:44:00
31-Mar-19,12:44:00
31-Mar-19,12:44:00
31-Mar-19,12:44:00
31-Mar-19,12:44:00
31-Mar-19,12:44:00
31-Mar-19,12:44:00
31-Mar-19,12:44:00
31-Mar-19,12:44:00
31-Mar-19,12:44:00
31-Mar-19,12:44:00
31-Mar-19,12:44:00
31-Mar-19,12:44:00
31-Mar-19,12:44:00
31-Mar-19,12:44:00
31-Mar-19,12:44:00
31-Mar-19,12:44:00
31-Mar-19,12:44:00
31-Mar-19,12:44:00
31-Mar-19,12:44:00
31-Mar-19,12:44:00
31-Mar-19,12:44:00
31-Mar-19,12:44:00
31-Mar-19,12:44:00
31-Mar-19,12:44:01
31-Mar-19,12:44:01
31-Mar-19,12:44:01
31-Mar-19,12:44:01
31-Mar-19,12:44:01
31-Mar-19,12:44:01
31-Mar-19,12:44:01
31-Mar-19,12:44:01
31-Mar-19,12:44:01
31-Mar-19,12:44:01
31-Mar-19,12:44:01
31-Mar-19,12:44:01
31-Mar-19,12:44:01
31-Mar-19,12:44:01
31-Mar-19,12:44:01
31-Mar-19,12:44:01
31-Mar-19,12:44:01
31-Mar-19,12:44:01
31-Mar-19,12:44:01
31-Mar-19,12:44:01
31-Mar-19,12:44:01
31-Mar-19,12:44:01
31-Mar-19,12:44:01
31-Mar-19,12:44:01
31-Mar-19,12:44:01
31-Mar-19,12:44:01
31-Mar-19,12:44:01
31-Mar-19,12:44:01
31-Mar-19,12:44:01
31-Mar-19,12:44:01
31-Mar-19,12:44:01
31-Mar-19,12:44:01
31-Mar-19,12:44:01
31-Mar-19,12:44:01
31-Mar-19,12:44:01
31-Mar-19,12:44:01
31-Mar-19,12:44:01
31-Mar-19,12:44:01
31-Mar-19,12:44:01
31-Mar-19,12:44:01
31-Mar-19,12:44:01
31-Mar-19,12:44:01
31-Mar-19,12:44:01
31-Mar-19,12:44:01
31-Mar-19,12:44:01
31-Mar-19,12:44:01
31-Mar-19,12:44:01
31-Mar-19,12:44:01
31-Mar-19,12:44:01
31-Mar-19,12:44:01
31-Mar-19,12:44:01
31-Mar-19,12:44:01
31-Mar-19,12:44:01
31-Mar-19,12:44:01
31-Mar-19,12:44:01
31-Mar-19,12:44:02
31-Mar-19,12:44:02
31-Mar-19,12:44:02
31-Mar-19,12:44:02
31-Mar-19,12:44:02
31-Mar-19,12:44:02
31-Mar-19,12:44:02
31-Mar-19,12:44:02
31-Mar-19,12:44:02
31-Mar-19,12:44:02
31-Mar-19,12:44:02
31-Mar-19,12:44:02
31-Mar-19,12:44:02
31-Mar-19,12:44:02
31-Mar-19,12:44:02
31-Mar-19,12:44:02
31-Mar-19,12:44:02
31-Mar-19,12:44:02
31-Mar-19,12:44:02
31-Mar-19,12:44:02
31-Mar-19,12:44:02
31-Mar-19,12:44:02
31-Mar-19,12:44:02
31-Mar-19,12:44:02
31-Mar-19,12:44:02
31-Mar-19,12:44:02
31-Mar-19,12:44:02
31-Mar-19,12:44:02
31-Mar-19,12:44:02
31-Mar-19,12:44:02
31-Mar-19,12:44:02
31-Mar-19,12:44:02
31-Mar-19,12:44:02
31-Mar-19,12:44:02
31-Mar-19,12:44:02
31-Mar-19,12:44:02
31-Mar-19,12:44:02
31-Mar-19,12:44:02
31-Mar-19,12:44:02
31-Mar-19,12:44:02
31-Mar-19,12:44:02
31-Mar-19,12:44:02
31-Mar-19,12:44:02
31-Mar-19,12:44:02
31-Mar-19,12:44:02
31-Mar-19,12:44:02
31-Mar-19,12:44:02
31-Mar-19,12:44:02
31-Mar-19,12:44:02
31-Mar-19,12:44:02
31-Mar-19,12:44:02
31-Mar-19,12:44:02
31-Mar-19,12:44:02
31-Mar-19,12:44:02
31-Mar-19,12:44:02
31-Mar-19,12:44:02
31-Mar-19,12:44:02
31-Mar-19,12:44:02
31-Mar-19,12:44:02
31-Mar-19,12:44:02
31-Mar-19,12:44:02
31-Mar-19,12:44:02
31-Mar-19,12:44:02
31-Mar-19,12:44:02
31-Mar-19,12:44:02
31-Mar-19,12:44:02
31-Mar-19,12:44:03
31-Mar-19,12:44:03
31-Mar-19,12:44:03
31-Mar-19,12:44:03
31-Mar-19,12:44:03
31-Mar-19,12:44:03
31-Mar-19,12:44:03
31-Mar-19,12:44:03
31-Mar-19,12:44:03
31-Mar-19,12:44:03
31-Mar-19,12:44:03
31-Mar-19,12:44:03
31-Mar-19,12:44:03
31-Mar-19,12:44:03
31-Mar-19,12:44:03
31-Mar-19,12:44:03
31-Mar-19,12:44:03
31-Mar-19,12:44:03
31-Mar-19,12:44:03
31-Mar-19,12:44:03
31-Mar-19,12:44:03
31-Mar-19,12:44:03
31-Mar-19,12:44:03
31-Mar-19,12:44:03
31-Mar-19,12:44:03
31-Mar-19,12:44:03
31-Mar-19,12:44:03
31-Mar-19,12:44:03
31-Mar-19,12:44:03
31-Mar-19,12:44:03
31-Mar-19,12:44:03
31-Mar-19,12:44:03
31-Mar-19,12:44:03
31-Mar-19,12:44:03
31-Mar-19,12:44:03
31-Mar-19,12:44:03
31-Mar-19,12:44:03
31-Mar-19,12:44:03
31-Mar-19,12:44:03
31-Mar-19,12:44:03
31-Mar-19,12:44:03
31-Mar-19,12:44:03
31-Mar-19,12:44:03
31-Mar-19,12:44:03
31-Mar-19,12:44:03
31-Mar-19,12:44:03
31-Mar-19,12:44:03
31-Mar-19,12:44:03
31-Mar-19,12:44:03
31-Mar-19,12:44:03
31-Mar-19,12:44:03
31-Mar-19,12:44:03
31-Mar-19,12:44:03
31-Mar-19,12:44:03
31-Mar-19,12:44:03
31-Mar-19,12:44:03
31-Mar-19,12:44:03
31-Mar-19,12:44:03
31-Mar-19,12:44:03
31-Mar-19,12:44:03
31-Mar-19,12:44:03
31-Mar-19,12:44:03
31-Mar-19,12:44:03
31-Mar-19,12:44:03
31-Mar-19,12:44:03
31-Mar-19,12:44:03
31-Mar-19,12:44:03
31-Mar-19,12:44:03
31-Mar-19,12:44:03
31-Mar-19,12:44:03
31-Mar-19,12:44:03
31-Mar-19,12:44:03
31-Mar-19,12:44:03
31-Mar-19,12:44:04
31-Mar-19,12:44:04
31-Mar-19,12:44:04
31-Mar-19,12:44:04
31-Mar-19,12:44:04
31-Mar-19,12:44:04
31-Mar-19,12:44:04
31-Mar-19,12:44:04
31-Mar-19,12:44:04
31-Mar-19,12:44:04
31-Mar-19,12:44:04
31-Mar-19,12:44:04
31-Mar-19,12:44:04
31-Mar-19,12:44:04
31-Mar-19,12:44:04
31-Mar-19,12:44:04
31-Mar-19,12:44:04
31-Mar-19,12:44:04
31-Mar-19,12:44:04
31-Mar-19,12:44:04
31-Mar-19,12:44:04
31-Mar-19,12:44:04
31-Mar-19,12:44:04
31-Mar-19,12:44:04
31-Mar-19,12:44:04
31-Mar-19,12:44:04
31-Mar-19,12:44:04
31-Mar-19,12:44:04
31-Mar-19,12:44:04
31-Mar-19,12:44:04
31-Mar-19,12:44:04
31-Mar-19,12:44:04
31-Mar-19,12:44:04
31-Mar-19,12:44:04
31-Mar-19,12:44:04
31-Mar-19,12:44:04
31-Mar-19,12:44:04
31-Mar-19,12:44:04
31-Mar-19,12:44:04
31-Mar-19,12:44:04
31-Mar-19,12:44:04
31-Mar-19,12:44:04
31-Mar-19,12:44:04
31-Mar-19,12:44:04
31-Mar-19,12:44:04
31-Mar-19,12:44:04
31-Mar-19,12:44:04
31-Mar-19,12:44:04
31-Mar-19,12:44:04
31-Mar-19,12:44:04
31-Mar-19,12:44:04
31-Mar-19,12:44:04
31-Mar-19,12:44:04
31-Mar-19,12:44:04
31-Mar-19,12:44:04
31-Mar-19,12:44:04
31-Mar-19,12:44:04
31-Mar-19,12:44:04
31-Mar-19,12:44:04
31-Mar-19,12:44:04
31-Mar-19,12:44:04
31-Mar-19,12:44:04
31-Mar-19,12:44:04
31-Mar-19,12:44:04
31-Mar-19,12:44:04
31-Mar-19,12:44:04
31-Mar-19,12:44:05
31-Mar-19,12:44:05
31-Mar-19,12:44:05
31-Mar-19,12:44:05
31-Mar-19,12:44:05
31-Mar-19,12:44:05
31-Mar-19,12:44:05
31-Mar-19,12:44:05
31-Mar-19,12:44:05
31-Mar-19,12:44:05
31-Mar-19,12:44:05
31-Mar-19,12:44:05
31-Mar-19,12:44:05
31-Mar-19,12:44:05
31-Mar-19,12:44:05
31-Mar-19,12:44:05
31-Mar-19,12:44:05
31-Mar-19,12:44:05
31-Mar-19,12:44:05
31-Mar-19,12:44:05
31-Mar-19,12:44:05
31-Mar-19,12:44:05
31-Mar-19,12:44:05
31-Mar-19,12:44:05
31-Mar-19,12:44:05
31-Mar-19,12:44:05
31-Mar-19,12:44:05
31-Mar-19,12:44:05
31-Mar-19,12:44:05
31-Mar-19,12:44:05
31-Mar-19,12:44:05
31-Mar-19,12:44:05
31-Mar-19,12:44:05
31-Mar-19,12:44:05
31-Mar-19,12:44:05
31-Mar-19,12:44:05
31-Mar-19,12:44:05
31-Mar-19,12:44:05
31-Mar-19,12:44:05
31-Mar-19,12:44:05
31-Mar-19,12:44:05
31-Mar-19,12:44:05
31-Mar-19,12:44:05
31-Mar-19,12:44:05
31-Mar-19,12:44:05
31-Mar-19,12:44:05
31-Mar-19,12:44:05
31-Mar-19,12:44:05
31-Mar-19,12:44:05
31-Mar-19,12:44:05
31-Mar-19,12:44:05
31-Mar-19,12:44:05
31-Mar-19,12:44:05
31-Mar-19,12:44:05
31-Mar-19,12:44:05
31-Mar-19,12:44:05
31-Mar-19,12:44:05
31-Mar-19,12:44:05
31-Mar-19,12:44:05
31-Mar-19,12:44:05
31-Mar-19,12:44:05
31-Mar-19,12:44:05
31-Mar-19,12:44:05
31-Mar-19,12:44:05
31-Mar-19,12:44:05
31-Mar-19,12:44:05
31-Mar-19,12:44:05
31-Mar-19,12:44:05
31-Mar-19,12:44:05
31-Mar-19,12:44:05
31-Mar-19,12:44:06
31-Mar-19,12:44:06
31-Mar-19,12:44:06
31-Mar-19,12:44:06
31-Mar-19,12:44:06
31-Mar-19,12:44:06
31-Mar-19,12:44:06
31-Mar-19,12:44:06
31-Mar-19,12:44:06
31-Mar-19,12:44:06
31-Mar-19,12:44:06
31-Mar-19,12:44:06
31-Mar-19,12:44:06
31-Mar-19,12:44:06
31-Mar-19,12:44:06
31-Mar-19,12:44:06
31-Mar-19,12:44:06
31-Mar-19,12:44:06
31-Mar-19,12:44:06
31-Mar-19,12:44:06
31-Mar-19,12:44:06
31-Mar-19,12:44:06
31-Mar-19,12:44:06
31-Mar-19,12:44:06
31-Mar-19,12:44:06
31-Mar-19,12:44:06
31-Mar-19,12:44:06
31-Mar-19,12:44:06
31-Mar-19,12:44:06
31-Mar-19,12:44:06
31-Mar-19,12:44:06
31-Mar-19,12:44:06
31-Mar-19,12:44:06
31-Mar-19,12:44:06
31-Mar-19,12:44:06
31-Mar-19,12:44:06
31-Mar-19,12:44:06
31-Mar-19,12:44:06
31-Mar-19,12:44:06
31-Mar-19,12:44:06
31-Mar-19,12:44:06
31-Mar-19,12:44:06
31-Mar-19,12:44:06
31-Mar-19,12:44:06
31-Mar-19,12:44:06
31-Mar-19,12:44:06
31-Mar-19,12:44:06
31-Mar-19,12:44:06
31-Mar-19,12:44:06
31-Mar-19,12:44:06
31-Mar-19,12:44:06
31-Mar-19,12:44:06
31-Mar-19,12:44:06
31-Mar-19,12:44:06
31-Mar-19,12:44:06
31-Mar-19,12:44:06
31-Mar-19,12:44:06
31-Mar-19,12:44:06
31-Mar-19,12:44:07
31-Mar-19,12:44:07
31-Mar-19,12:44:07
31-Mar-19,12:44:07
31-Mar-19,12:44:07
31-Mar-19,12:44:07
31-Mar-19,12:44:07
31-Mar-19,12:44:07
31-Mar-19,12:44:07
31-Mar-19,12:44:07
31-Mar-19,12:44:07
31-Mar-19,12:44:07
31-Mar-19,12:44:07
31-Mar-19,12:44:07
31-Mar-19,12:44:07
31-Mar-19,12:44:07
31-Mar-19,12:44:07
31-Mar-19,12:44:07
31-Mar-19,12:44:07
31-Mar-19,12:44:07
31-Mar-19,12:44:07
31-Mar-19,12:44:07
31-Mar-19,12:44:07
31-Mar-19,12:44:07
31-Mar-19,12:44:07
31-Mar-19,12:44:07
31-Mar-19,12:44:07
31-Mar-19,12:44:07
31-Mar-19,12:44:07
31-Mar-19,12:44:07
31-Mar-19,12:44:07
31-Mar-19,12:44:07
31-Mar-19,12:44:07
31-Mar-19,12:44:07
31-Mar-19,12:44:07
31-Mar-19,12:44:07
31-Mar-19,12:44:07
31-Mar-19,12:44:07
31-Mar-19,12:44:07
31-Mar-19,12:44:07
31-Mar-19,12:44:07
31-Mar-19,12:44:07
31-Mar-19,12:44:07
31-Mar-19,12:44:07
31-Mar-19,12:44:07
31-Mar-19,12:44:07
31-Mar-19,12:44:07
31-Mar-19,12:44:07
31-Mar-19,12:44:07
31-Mar-19,12:44:07
31-Mar-19,12:44:07
31-Mar-19,12:44:07
31-Mar-19,12:44:07
31-Mar-19,12:44:07
31-Mar-19,12:44:07
31-Mar-19,12:44:07
31-Mar-19,12:44:07
31-Mar-19,12:44:07
31-Mar-19,12:44:07
31-Mar-19,12:44:07
31-Mar-19,12:44:07
31-Mar-19,12:44:07
31-Mar-19,12:44:08
31-Mar-19,12:44:08
31-Mar-19,12:44:08
31-Mar-19,12:44:08
31-Mar-19,12:44:08
31-Mar-19,12:44:08
31-Mar-19,12:44:08
31-Mar-19,12:44:08
31-Mar-19,12:44:08
31-Mar-19,12:44:08
31-Mar-19,12:44:08
31-Mar-19,12:44:08
31-Mar-19,12:44:08
31-Mar-19,12:44:08
31-Mar-19,12:44:08
31-Mar-19,12:44:08
31-Mar-19,12:44:08
31-Mar-19,12:44:08
31-Mar-19,12:44:08
31-Mar-19,12:44:08
31-Mar-19,12:44:08
31-Mar-19,12:44:08
31-Mar-19,12:44:08
31-Mar-19,12:44:08
31-Mar-19,12:44:08
31-Mar-19,12:44:08
31-Mar-19,12:44:08
31-Mar-19,12:44:08
31-Mar-19,12:44:08
31-Mar-19,12:44:08
31-Mar-19,12:44:08
31-Mar-19,12:44:08
31-Mar-19,12:44:08
31-Mar-19,12:44:08
31-Mar-19,12:44:08
31-Mar-19,12:44:08
31-Mar-19,12:44:08
31-Mar-19,12:44:08
31-Mar-19,12:44:08
31-Mar-19,12:44:08
31-Mar-19,12:44:08
31-Mar-19,12:44:08
31-Mar-19,12:44:08
31-Mar-19,12:44:08
31-Mar-19,12:44:08
31-Mar-19,12:44:08
31-Mar-19,12:44:08
31-Mar-19,12:44:08
31-Mar-19,12:44:08
31-Mar-19,12:44:08
31-Mar-19,12:44:08
31-Mar-19,12:44:08
31-Mar-19,12:44:08
31-Mar-19,12:44:08
31-Mar-19,12:44:08
31-Mar-19,12:44:08
31-Mar-19,12:44:08
31-Mar-19,12:44:08
31-Mar-19,12:44:08
31-Mar-19,12:44:08
31-Mar-19,12:44:08
31-Mar-19,12:44:08
31-Mar-19,12:44:08
31-Mar-19,12:44:08
31-Mar-19,12:44:08
31-Mar-19,12:44:08
31-Mar-19,12:44:08
31-Mar-19,12:44:08
31-Mar-19,12:44:08
31-Mar-19,12:44:08
31-Mar-19,12:44:08
31-Mar-19,12:44:08
31-Mar-19,12:44:08
31-Mar-19,12:44:09
31-Mar-19,12:44:09
31-Mar-19,12:44:09
31-Mar-19,12:44:09
31-Mar-19,12:44:09
31-Mar-19,12:44:09
31-Mar-19,12:44:09
31-Mar-19,12:44:09
31-Mar-19,12:44:09
31-Mar-19,12:44:09
31-Mar-19,12:44:09
31-Mar-19,12:44:09
31-Mar-19,12:44:09
31-Mar-19,12:44:09
31-Mar-19,12:44:09
31-Mar-19,12:44:09
31-Mar-19,12:44:09
31-Mar-19,12:44:09
31-Mar-19,12:44:09
31-Mar-19,12:44:09
31-Mar-19,12:44:09
31-Mar-19,12:44:09
31-Mar-19,12:44:09
31-Mar-19,12:44:09
31-Mar-19,12:44:09
31-Mar-19,12:44:09
31-Mar-19,12:44:09
31-Mar-19,12:44:09
31-Mar-19,12:44:09
31-Mar-19,12:44:09
31-Mar-19,12:44:09
31-Mar-19,12:44:09
31-Mar-19,12:44:09
31-Mar-19,12:44:09
31-Mar-19,12:44:09
31-Mar-19,12:44:09
31-Mar-19,12:44:09
31-Mar-19,12:44:09
31-Mar-19,12:44:09
31-Mar-19,12:44:09
31-Mar-19,12:44:09
31-Mar-19,12:44:09
31-Mar-19,12:44:09
31-Mar-19,12:44:09
31-Mar-19,12:44:09
31-Mar-19,12:44:09
31-Mar-19,12:44:09
31-Mar-19,12:44:09
31-Mar-19,12:44:09
31-Mar-19,12:44:09
31-Mar-19,12:44:09
31-Mar-19,12:44:09
31-Mar-19,12:44:09
31-Mar-19,12:44:09
31-Mar-19,12:44:09
31-Mar-19,12:44:09
31-Mar-19,12:44:09
31-Mar-19,12:44:09
31-Mar-19,12:44:09
31-Mar-19,12:44:09
31-Mar-19,12:44:09
31-Mar-19,12:44:09
31-Mar-19,12:44:09
31-Mar-19,12:44:09
31-Mar-19,12:44:09
31-Mar-19,12:44:09
31-Mar-19,12:44:09
31-Mar-19,12:44:09
31-Mar-19,12:44:09
31-Mar-19,12:44:09
31-Mar-19,12:44:10
31-Mar-19,12:44:10
31-Mar-19,12:44:10
31-Mar-19,12:44:10
31-Mar-19,12:44:10
31-Mar-19,12:44:10
31-Mar-19,12:44:10
31-Mar-19,12:44:10
31-Mar-19,12:44:10
31-Mar-19,12:44:10
31-Mar-19,12:44:10
31-Mar-19,12:44:10
31-Mar-19,12:44:10
31-Mar-19,12:44:10
31-Mar-19,12:44:10
31-Mar-19,12:44:10
31-Mar-19,12:44:10
31-Mar-19,12:44:10
31-Mar-19,12:44:10
31-Mar-19,12:44:10
31-Mar-19,12:44:10
31-Mar-19,12:44:10
31-Mar-19,12:44:10
31-Mar-19,12:44:10
31-Mar-19,12:44:10
31-Mar-19,12:44:10
31-Mar-19,12:44:10
31-Mar-19,12:44:10
31-Mar-19,12:44:10
31-Mar-19,12:44:10
31-Mar-19,12:44:10
31-Mar-19,12:44:10
31-Mar-19,12:44:10
31-Mar-19,12:44:10
31-Mar-19,12:44:10
31-Mar-19,12:44:10
31-Mar-19,12:44:10
31-Mar-19,12:44:10
31-Mar-19,12:44:10
31-Mar-19,12:44:10
31-Mar-19,12:44:10
31-Mar-19,12:44:10
31-Mar-19,12:44:10
31-Mar-19,12:44:10
31-Mar-19,12:44:10
31-Mar-19,12:44:10
31-Mar-19,12:44:10
31-Mar-19,12:44:10
31-Mar-19,12:44:10
31-Mar-19,12:44:10
31-Mar-19,12:44:10
31-Mar-19,12:44:10
31-Mar-19,12:44:10
31-Mar-19,12:44:10
31-Mar-19,12:44:10
31-Mar-19,12:44:10
31-Mar-19,12:44:10
31-Mar-19,12:44:10
31-Mar-19,12:44:10
31-Mar-19,12:44:10
31-Mar-19,12:44:10
31-Mar-19,12:44:10
31-Mar-19,12:44:10
31-Mar-19,12:44:10
31-Mar-19,12:44:10
31-Mar-19,12:44:10
31-Mar-19,12:44:11
31-Mar-19,12:44:11
31-Mar-19,12:44:11
31-Mar-19,12:44:11
31-Mar-19,12:44:11
31-Mar-19,12:44:11
31-Mar-19,12:44:11
31-Mar-19,12:44:11
31-Mar-19,12:44:11
31-Mar-19,12:44:11
31-Mar-19,12:44:11
31-Mar-19,12:44:11
31-Mar-19,12:44:11
31-Mar-19,12:44:11
31-Mar-19,12:44:11
31-Mar-19,12:44:11
31-Mar-19,12:44:11
31-Mar-19,12:44:11
31-Mar-19,12:44:11
31-Mar-19,12:44:11
31-Mar-19,12:44:11
31-Mar-19,12:44:11
31-Mar-19,12:44:11
31-Mar-19,12:44:11
31-Mar-19,12:44:11
31-Mar-19,12:44:11
31-Mar-19,12:44:11
31-Mar-19,12:44:11
31-Mar-19,12:44:11
31-Mar-19,12:44:11
31-Mar-19,12:44:11
31-Mar-19,12:44:11
31-Mar-19,12:44:11
31-Mar-19,12:44:11
31-Mar-19,12:44:11
31-Mar-19,12:44:11
31-Mar-19,12:44:11
31-Mar-19,12:44:11
31-Mar-19,12:44:11
31-Mar-19,12:44:11
31-Mar-19,12:44:11
31-Mar-19,12:44:11
31-Mar-19,12:44:11
31-Mar-19,12:44:11
31-Mar-19,12:44:11
31-Mar-19,12:44:11
31-Mar-19,12:44:11
31-Mar-19,12:44:11
31-Mar-19,12:44:11
31-Mar-19,12:44:11
31-Mar-19,12:44:11
31-Mar-19,12:44:11
31-Mar-19,12:44:11
31-Mar-19,12:44:11
31-Mar-19,12:44:11
31-Mar-19,12:44:11
31-Mar-19,12:44:11
31-Mar-19,12:44:11
31-Mar-19,12:44:11
31-Mar-19,12:44:11
31-Mar-19,12:44:11
31-Mar-19,12:44:11
31-Mar-19,12:44:11
31-Mar-19,12:44:11
31-Mar-19,12:44:11
31-Mar-19,12:44:11
31-Mar-19,12:44:11
31-Mar-19,12:44:12
31-Mar-19,12:44:12
31-Mar-19,12:44:12
31-Mar-19,12:44:12
31-Mar-19,12:44:12
31-Mar-19,12:44:12
31-Mar-19,12:44:12
31-Mar-19,12:44:12
31-Mar-19,12:44:12
31-Mar-19,12:44:12
31-Mar-19,12:44:12
31-Mar-19,12:44:12
31-Mar-19,12:44:12
31-Mar-19,12:44:12
31-Mar-19,12:44:12
31-Mar-19,12:44:12
31-Mar-19,12:44:12
31-Mar-19,12:44:12
31-Mar-19,12:44:12
31-Mar-19,12:44:12
31-Mar-19,12:44:12
31-Mar-19,12:44:12
31-Mar-19,12:44:12
31-Mar-19,12:44:12
31-Mar-19,12:44:12
31-Mar-19,12:44:12
31-Mar-19,12:44:12
31-Mar-19,12:44:12
31-Mar-19,12:44:12
31-Mar-19,12:44:12
31-Mar-19,12:44:12
31-Mar-19,12:44:12
31-Mar-19,12:44:12
31-Mar-19,12:44:12
31-Mar-19,12:44:12
31-Mar-19,12:44:12
31-Mar-19,12:44:12
31-Mar-19,12:44:12
31-Mar-19,12:44:12
31-Mar-19,12:44:12
31-Mar-19,12:44:12
31-Mar-19,12:44:12
31-Mar-19,12:44:12
31-Mar-19,12:44:12
31-Mar-19,12:44:12
31-Mar-19,12:44:12
31-Mar-19,12:44:12
31-Mar-19,12:44:12
31-Mar-19,12:44:12
31-Mar-19,12:44:12
31-Mar-19,12:44:12
31-Mar-19,12:44:12
31-Mar-19,12:44:12
31-Mar-19,12:44:12
31-Mar-19,12:44:12
31-Mar-19,12:44:12
31-Mar-19,12:44:12
31-Mar-19,12:44:13
31-Mar-19,12:44:13
31-Mar-19,12:44:13
31-Mar-19,12:44:13
31-Mar-19,12:44:13
31-Mar-19,12:44:13
31-Mar-19,12:44:13
31-Mar-19,12:44:13
31-Mar-19,12:44:13
31-Mar-19,12:44:13
31-Mar-19,12:44:13
31-Mar-19,12:44:13
31-Mar-19,12:44:13
31-Mar-19,12:44:13
31-Mar-19,12:44:13
31-Mar-19,12:44:13
31-Mar-19,12:44:13
31-Mar-19,12:44:13
31-Mar-19,12:44:13
31-Mar-19,12:44:13
31-Mar-19,12:44:13
31-Mar-19,12:44:13
31-Mar-19,12:44:13
31-Mar-19,12:44:13
31-Mar-19,12:44:13
31-Mar-19,12:44:13
31-Mar-19,12:44:13
31-Mar-19,12:44:13
31-Mar-19,12:44:13
31-Mar-19,12:44:13
31-Mar-19,12:44:13
31-Mar-19,12:44:13
31-Mar-19,12:44:13
31-Mar-19,12:44:13
31-Mar-19,12:44:13
31-Mar-19,12:44:13
31-Mar-19,12:44:13
31-Mar-19,12:44:13
31-Mar-19,12:44:13
31-Mar-19,12:44:13
31-Mar-19,12:44:13
31-Mar-19,12:44:13
31-Mar-19,12:44:13
31-Mar-19,12:44:13
31-Mar-19,12:44:13
31-Mar-19,12:44:13
31-Mar-19,12:44:13
31-Mar-19,12:44:13
31-Mar-19,12:44:13
31-Mar-19,12:44:13
31-Mar-19,12:44:13
31-Mar-19,12:44:13
31-Mar-19,12:44:13
31-Mar-19,12:44:13
31-Mar-19,12:44:13
31-Mar-19,12:44:13
31-Mar-19,12:44:13
31-Mar-19,12:44:14
31-Mar-19,12:44:14
31-Mar-19,12:44:14
31-Mar-19,12:44:14
31-Mar-19,12:44:14
31-Mar-19,12:44:14
31-Mar-19,12:44:14
31-Mar-19,12:44:14
31-Mar-19,12:44:14
31-Mar-19,12:44:14
31-Mar-19,12:44:14
31-Mar-19,12:44:14
31-Mar-19,12:44:14
31-Mar-19,12:44:14
31-Mar-19,12:44:14
31-Mar-19,12:44:14
31-Mar-19,12:44:14
31-Mar-19,12:44:14
31-Mar-19,12:44:14
31-Mar-19,12:44:14
31-Mar-19,12:44:14
31-Mar-19,12:44:14
31-Mar-19,12:44:14
31-Mar-19,12:44:14
31-Mar-19,12:44:14
31-Mar-19,12:44:14
31-Mar-19,12:44:14
31-Mar-19,12:44:14
31-Mar-19,12:44:14
31-Mar-19,12:44:14
31-Mar-19,12:44:14
31-Mar-19,12:44:14
31-Mar-19,12:44:14
31-Mar-19,12:44:14
31-Mar-19,12:44:14
31-Mar-19,12:44:14
31-Mar-19,12:44:14
31-Mar-19,12:44:14
31-Mar-19,12:44:14
31-Mar-19,12:44:14
31-Mar-19,12:44:14
31-Mar-19,12:44:14
31-Mar-19,12:44:14
31-Mar-19,12:44:14
31-Mar-19,12:44:14
31-Mar-19,12:44:14
31-Mar-19,12:44:14
31-Mar-19,12:44:14
31-Mar-19,12:44:14
31-Mar-19,12:44:14
31-Mar-19,12:44:14
31-Mar-19,12:44:14
31-Mar-19,12:44:14
31-Mar-19,12:44:14
31-Mar-19,12:44:14
31-Mar-19,12:44:14
31-Mar-19,12:44:14
31-Mar-19,12:44:14
31-Mar-19,12:44:14
31-Mar-19,12:44:14
31-Mar-19,12:44:14
31-Mar-19,12:44:14
31-Mar-19,12:44:14
31-Mar-19,12:44:14
31-Mar-19,12:44:14
31-Mar-19,12:44:14
31-Mar-19,12:44:14
31-Mar-19,12:44:14
31-Mar-19,12:44:14
31-Mar-19,12:44:14
31-Mar-19,12:44:14
31-Mar-19,12:44:14
31-Mar-19,12:44:14
31-Mar-19,12:44:14
31-Mar-19,12:44:15
31-Mar-19,12:44:15
31-Mar-19,12:44:15
31-Mar-19,12:44:15
31-Mar-19,12:44:15
31-Mar-19,12:44:15
31-Mar-19,12:44:15
31-Mar-19,12:44:15
31-Mar-19,12:44:15
31-Mar-19,12:44:15
31-Mar-19,12:44:15
31-Mar-19,12:44:15
31-Mar-19,12:44:15
31-Mar-19,12:44:15
31-Mar-19,12:44:15
31-Mar-19,12:44:15
31-Mar-19,12:44:15
31-Mar-19,12:44:15
31-Mar-19,12:44:15
1-Apr-19, 20:51:52 
1-Apr-19, 20:51:52 
1-Apr-19, 20:51:55 
1-Apr-19, 20:51:57 
1-Apr-19, 20:51:58 
1-Apr-19, 20:52:00 
1-Apr-19, 20:52:01 
1-Apr-19, 20:52:03 
1-Apr-19, 20:52:06 
1-Apr-19, 20:52:06 
1-Apr-19, 20:52:09 
1-Apr-19, 20:52:11 
1-Apr-19, 20:52:11 
1-Apr-19, 20:52:11 
1-Apr-19, 20:52:14 
1-Apr-19, 20:52:16 
1-Apr-19, 20:52:17 
1-Apr-19, 20:52:20 
1-Apr-19, 20:52:21 
1-Apr-19, 20:52:22 
1-Apr-19, 20:52:25 
1-Apr-19, 20:52:26 
1-Apr-19, 20:52:26 
1-Apr-19, 20:52:27 
1-Apr-19, 20:52:31 
1-Apr-19, 20:52:35 
1-Apr-19, 20:52:36 
1-Apr-19, 20:52:37 
1-Apr-19, 20:52:40 
1-Apr-19, 20:52:41 
1-Apr-19, 20:52:42 
1-Apr-19, 20:52:42 
1-Apr-19, 20:52:47 
1-Apr-19, 20:52:47 
1-Apr-19, 20:52:48 
1-Apr-19, 20:52:50 
1-Apr-19, 20:52:52 
1-Apr-19, 20:52:53 
1-Apr-19, 20:52:55 
1-Apr-19, 20:52:55 
1-Apr-19, 20:53:00 
1-Apr-19, 20:53:00 
1-Apr-19, 20:53:02 
1-Apr-19, 20:53:05 
1-Apr-19, 20:53:05 
1-Apr-19, 20:53:07 
1-Apr-19, 20:53:10 
1-Apr-19, 20:53:10 
1-Apr-19, 20:53:12 
1-Apr-19, 20:53:15 
1-Apr-19, 20:53:15 
1-Apr-19, 20:53:15 
1-Apr-19, 20:53:19 
1-Apr-19, 20:53:20 
1-Apr-19, 20:53:20 
1-Apr-19, 20:53:20 
1-Apr-19, 20:53:24 
1-Apr-19, 20:53:25 
1-Apr-19, 20:53:25 
1-Apr-19, 20:53:29 
1-Apr-19, 20:53:30 
1-Apr-19, 20:53:30 
1-Apr-19, 20:53:34 
1-Apr-19, 20:53:34 
1-Apr-19, 20:53:35 
1-Apr-19, 20:53:35 
1-Apr-19, 20:53:39 
1-Apr-19, 20:53:40 
1-Apr-19, 20:53:44 
1-Apr-19, 20:53:45 
1-Apr-19, 20:53:46 
1-Apr-19, 20:53:49 
1-Apr-19, 20:53:49 
1-Apr-19, 20:53:50 
1-Apr-19, 20:53:51 
1-Apr-19, 20:53:54 
1-Apr-19, 20:53:54 
1-Apr-19, 20:53:56 
1-Apr-19, 20:53:59 
1-Apr-19, 20:54:00 
1-Apr-19, 20:54:01 
1-Apr-19, 20:54:02 
1-Apr-19, 20:54:05 
1-Apr-19, 20:54:06 
1-Apr-19, 20:54:07 
1-Apr-19, 20:54:10 
1-Apr-19, 20:54:11 
1-Apr-19, 20:54:12 
1-Apr-19, 20:54:15 
1-Apr-19, 20:54:16 
1-Apr-19, 20:54:17 
1-Apr-19, 20:54:20 
1-Apr-19, 20:54:21 
1-Apr-19, 20:54:24 
1-Apr-19, 20:54:25 
1-Apr-19, 20:54:25 
1-Apr-19, 20:54:28 
1-Apr-19, 20:54:29 
1-Apr-19, 20:54:30 
1-Apr-19, 20:54:31 
1-Apr-19, 20:54:33 
1-Apr-19, 20:54:34 
1-Apr-19, 20:54:35 
1-Apr-19, 20:54:36 
1-Apr-19, 20:54:38 
1-Apr-19, 20:54:39 
1-Apr-19, 20:54:42 
1-Apr-19, 20:54:43 
1-Apr-19, 20:54:43 
1-Apr-19, 20:54:44 
1-Apr-19, 20:54:47 
1-Apr-19, 20:54:48 
1-Apr-19, 20:54:51 
1-Apr-19, 20:54:53 
1-Apr-19, 20:54:53 
1-Apr-19, 20:54:55 
1-Apr-19, 20:54:56 
1-Apr-19, 20:54:58 
1-Apr-19, 20:55:00 
1-Apr-19, 20:55:00 
1-Apr-19, 20:55:02 
1-Apr-19, 20:55:03 
1-Apr-19, 20:55:05 
1-Apr-19, 20:55:05 
1-Apr-19, 20:55:07 
1-Apr-19, 20:55:08 
1-Apr-19, 20:55:10 
1-Apr-19, 20:55:12 
1-Apr-19, 20:55:12 
1-Apr-19, 20:55:17 
1-Apr-19, 20:55:17 
1-Apr-19, 20:55:20 
1-Apr-19, 20:55:22 
1-Apr-19, 20:55:22 
1-Apr-19, 20:55:23 
1-Apr-19, 20:55:25 
1-Apr-19, 20:55:27 
1-Apr-19, 20:55:28 
1-Apr-19, 20:55:32 
1-Apr-19, 20:55:35 
1-Apr-19, 20:55:36 
1-Apr-19, 20:55:37 
1-Apr-19, 20:55:37 
1-Apr-19, 20:55:40 
1-Apr-19, 20:55:41 
1-Apr-19, 20:55:42 
1-Apr-19, 20:55:42 
1-Apr-19, 20:55:45 
1-Apr-19, 20:55:47 
1-Apr-19, 20:55:49 
1-Apr-19, 20:55:50 
1-Apr-19, 20:55:54 
1-Apr-19, 20:55:54 
1-Apr-19, 20:55:55 
1-Apr-19, 20:55:56 
1-Apr-19, 20:55:59 
1-Apr-19, 20:55:59 
1-Apr-19, 20:56:00 
1-Apr-19, 20:56:01 
1-Apr-19, 20:56:04 
1-Apr-19, 20:56:04 
1-Apr-19, 20:56:06 
1-Apr-19, 20:56:08 
1-Apr-19, 20:56:09 
1-Apr-19, 20:56:10 
1-Apr-19, 20:56:11 
1-Apr-19, 20:56:13 
1-Apr-19, 20:56:15 
1-Apr-19, 20:56:16 
1-Apr-19, 20:56:19 
1-Apr-19, 20:56:21 
1-Apr-19, 20:56:23 
1-Apr-19, 20:56:24 
1-Apr-19, 20:56:25 
1-Apr-19, 20:56:27 
1-Apr-19, 20:56:28 
1-Apr-19, 20:56:29 
1-Apr-19, 20:56:30 
1-Apr-19, 20:56:32 
1-Apr-19, 20:56:35 
1-Apr-19, 20:56:35 
1-Apr-19, 20:56:37 
1-Apr-19, 20:56:39 
1-Apr-19, 20:56:40 
1-Apr-19, 20:56:42 
1-Apr-19, 20:56:44 
1-Apr-19, 20:56:45 
1-Apr-19, 20:56:46 
1-Apr-19, 20:56:47 
1-Apr-19, 20:56:50 
1-Apr-19, 20:56:51 
1-Apr-19, 20:56:54 
1-Apr-19, 20:56:56 
1-Apr-19, 20:56:58 
1-Apr-19, 20:56:59 
1-Apr-19, 20:57:00 
1-Apr-19, 20:57:03 
1-Apr-19, 20:57:04 
1-Apr-19, 20:57:05 
1-Apr-19, 20:57:06 
1-Apr-19, 20:57:08 
1-Apr-19, 20:57:09 
1-Apr-19, 20:57:11 
1-Apr-19, 20:57:14 
1-Apr-19, 20:57:14 
1-Apr-19, 20:57:15 
1-Apr-19, 20:57:19 
1-Apr-19, 20:57:19 
1-Apr-19, 20:57:19 
1-Apr-19, 20:57:20 
1-Apr-19, 20:57:24 
1-Apr-19, 20:57:26 
1-Apr-19, 20:57:29 
1-Apr-19, 20:57:30 
1-Apr-19, 20:57:31 
1-Apr-19, 20:57:34 
1-Apr-19, 20:57:34 
1-Apr-19, 20:57:35 
1-Apr-19, 20:57:39 
1-Apr-19, 20:57:39 
1-Apr-19, 20:57:42 
1-Apr-19, 20:57:45 
1-Apr-19, 20:57:46 
1-Apr-19, 20:57:47 
1-Apr-19, 20:57:50 
1-Apr-19, 20:57:50 
1-Apr-19, 20:57:51 
1-Apr-19, 20:57:52 
1-Apr-19, 20:57:55 
1-Apr-19, 20:57:55 
1-Apr-19, 20:57:56 
1-Apr-19, 20:58:00 
1-Apr-19, 20:58:01 
1-Apr-19, 20:58:04 
1-Apr-19, 20:58:05 
1-Apr-19, 20:58:06 
1-Apr-19, 20:58:06 
1-Apr-19, 20:58:09 
1-Apr-19, 20:58:11 
1-Apr-19, 20:58:11 
1-Apr-19, 20:58:11 
1-Apr-19, 20:58:14 
1-Apr-19, 20:58:16 
1-Apr-19, 20:58:16 
1-Apr-19, 20:58:18 
1-Apr-19, 20:58:21 
1-Apr-19, 20:58:22 
1-Apr-19, 20:58:23 
1-Apr-19, 20:58:24 
1-Apr-19, 20:58:27 
1-Apr-19, 20:58:29 
1-Apr-19, 20:58:30 
1-Apr-19, 20:58:31 
1-Apr-19, 20:58:34 
1-Apr-19, 20:58:35 
1-Apr-19, 20:58:35 
1-Apr-19, 20:58:36 
1-Apr-19, 20:58:40 
1-Apr-19, 23:48:44 
1-Apr-19, 23:48:44 
1-Apr-19, 23:48:47 
1-Apr-19, 23:48:49 
1-Apr-19, 23:48:49 
1-Apr-19, 23:48:50 
1-Apr-19, 23:48:52 
1-Apr-19, 23:48:55 
1-Apr-19, 23:48:55 
1-Apr-19, 23:48:56 
1-Apr-19, 23:48:59 
1-Apr-19, 23:49:00 
1-Apr-19, 23:49:01 
1-Apr-19, 23:49:04 
1-Apr-19, 23:49:04 
1-Apr-19, 23:49:05 
1-Apr-19, 23:49:06 
1-Apr-19, 23:49:09 
1-Apr-19, 23:49:11 
1-Apr-19, 23:49:12 
1-Apr-19, 23:49:14 
1-Apr-19, 23:49:16 
1-Apr-19, 23:49:16 
1-Apr-19, 23:49:17 
1-Apr-19, 23:49:19 
1-Apr-19, 23:49:21 
1-Apr-19, 23:49:23 
1-Apr-19, 23:49:24 
1-Apr-19, 23:49:25 
1-Apr-19, 23:49:27 
1-Apr-19, 23:49:28 
1-Apr-19, 23:49:30 
1-Apr-19, 23:49:32 
1-Apr-19, 23:49:33 
1-Apr-19, 23:49:35 
1-Apr-19, 23:49:35 
1-Apr-19, 23:49:38 
1-Apr-19, 23:49:40 
1-Apr-19, 23:49:40 
1-Apr-19, 23:49:43 
1-Apr-19, 23:49:43 
1-Apr-19, 23:49:45 
1-Apr-19, 23:49:47 
1-Apr-19, 23:49:48 
1-Apr-19, 23:49:50 
1-Apr-19, 23:49:52 
1-Apr-19, 23:49:53 
1-Apr-19, 23:49:53 
1-Apr-19, 23:49:58 
1-Apr-19, 23:49:58 
1-Apr-19, 23:49:58 
1-Apr-19, 23:49:58 
1-Apr-19, 23:50:03 
1-Apr-19, 23:50:03 
1-Apr-19, 23:50:03 
1-Apr-19, 23:50:04 
1-Apr-19, 23:50:08 
1-Apr-19, 23:50:09 
1-Apr-19, 23:50:09 
1-Apr-19, 23:50:12 
1-Apr-19, 23:50:14 
1-Apr-19, 23:50:14 
1-Apr-19, 23:50:15 
1-Apr-19, 23:50:17 
1-Apr-19, 23:50:19 
1-Apr-19, 23:50:20 
1-Apr-19, 23:50:23 
1-Apr-19, 23:50:24 
1-Apr-19, 23:50:25 
1-Apr-19, 23:50:28 
1-Apr-19, 23:50:28 
1-Apr-19, 23:50:29 
1-Apr-19, 23:50:30 
1-Apr-19, 23:50:33 
1-Apr-19, 23:50:33 
1-Apr-19, 23:50:36 
1-Apr-19, 23:50:38 
1-Apr-19, 23:50:39 
1-Apr-19, 23:50:41 
1-Apr-19, 23:50:41 
1-Apr-19, 23:50:43 
1-Apr-19, 23:50:44 
1-Apr-19, 23:50:46 
1-Apr-19, 23:50:46 
1-Apr-19, 23:50:48 
1-Apr-19, 23:50:51 
1-Apr-19, 23:50:53 
1-Apr-19, 23:50:53 
1-Apr-19, 23:50:53 
1-Apr-19, 23:50:56 
1-Apr-19, 23:50:58 
1-Apr-19, 23:50:58 
1-Apr-19, 23:51:02 
1-Apr-19, 23:51:04 
1-Apr-19, 23:51:07 
1-Apr-19, 23:51:08 
1-Apr-19, 23:51:08 
1-Apr-19, 23:51:09 
1-Apr-19, 23:51:12 
1-Apr-19, 23:51:13 
1-Apr-19, 23:51:13 
1-Apr-19, 23:51:17 
1-Apr-19, 23:51:18 
1-Apr-19, 23:51:20 
1-Apr-19, 23:51:20 
1-Apr-19, 23:51:22 
1-Apr-19, 23:51:25 
1-Apr-19, 23:51:25 
1-Apr-19, 23:51:27 
1-Apr-19, 23:51:27 
1-Apr-19, 23:51:30 
1-Apr-19, 23:51:32 
1-Apr-19, 23:51:32 
1-Apr-19, 23:51:34 
1-Apr-19, 23:51:35 
1-Apr-19, 23:51:37 
1-Apr-19, 23:51:39 
1-Apr-19, 23:51:40 
1-Apr-19, 23:51:42 
1-Apr-19, 23:51:46 
1-Apr-19, 23:51:46 
1-Apr-19, 23:51:47 
1-Apr-19, 23:51:48 
1-Apr-19, 23:51:51 
1-Apr-19, 23:51:51 
1-Apr-19, 23:51:52 
1-Apr-19, 23:51:53 
1-Apr-19, 23:51:57 
1-Apr-19, 23:51:58 
1-Apr-19, 23:51:58 
1-Apr-19, 23:51:58 
1-Apr-19, 23:52:03 
1-Apr-19, 23:52:03 
1-Apr-19, 23:52:03 
1-Apr-19, 23:52:05 
1-Apr-19, 23:52:09 
1-Apr-19, 23:52:10 
1-Apr-19, 23:52:12 
1-Apr-19, 23:52:13 
1-Apr-19, 23:52:14 
1-Apr-19, 23:52:15 
1-Apr-19, 23:52:17 
1-Apr-19, 23:52:18 
1-Apr-19, 23:52:23 
1-Apr-19, 23:52:23 
1-Apr-19, 23:52:26 
1-Apr-19, 23:52:27 
1-Apr-19, 23:52:28 
1-Apr-19, 23:52:29 
1-Apr-19, 23:52:31 
1-Apr-19, 23:52:32 
1-Apr-19, 23:52:33 
1-Apr-19, 23:52:34 
1-Apr-19, 23:52:37 
1-Apr-19, 23:52:39 
1-Apr-19, 23:52:39 
1-Apr-19, 23:52:40 
1-Apr-19, 23:52:44 
1-Apr-19, 23:52:45 
1-Apr-19, 23:52:46 
1-Apr-19, 23:52:48 
1-Apr-19, 23:52:49 
1-Apr-19, 23:52:50 
1-Apr-19, 23:52:51 
1-Apr-19, 23:52:53 
1-Apr-19, 23:52:56 
1-Apr-19, 23:52:57 
1-Apr-19, 23:52:58 
1-Apr-19, 23:53:00 
1-Apr-19, 23:53:01 
1-Apr-19, 23:53:02 
1-Apr-19, 23:53:05 
1-Apr-19, 23:53:07 
1-Apr-19, 23:53:07 
1-Apr-19, 23:53:10 
1-Apr-19, 23:53:10 
1-Apr-19, 23:53:12 
1-Apr-19, 23:53:15 
1-Apr-19, 23:53:15 
1-Apr-19, 23:53:17 
1-Apr-19, 23:53:18 
1-Apr-19, 23:53:20 
1-Apr-19, 23:53:20 
1-Apr-19, 23:53:22 
1-Apr-19, 23:53:23 
1-Apr-19, 23:53:27 
1-Apr-19, 23:53:30 
1-Apr-19, 23:53:30 
1-Apr-19, 23:53:32 
1-Apr-19, 23:53:32 
1-Apr-19, 23:53:35 
1-Apr-19, 23:53:35 
1-Apr-19, 23:53:37 
1-Apr-19, 23:53:40 
1-Apr-19, 23:53:42 
1-Apr-19, 23:53:44 
1-Apr-19, 23:53:45 
1-Apr-19, 23:53:45 
1-Apr-19, 23:53:47 
1-Apr-19, 23:53:49 
1-Apr-19, 23:53:50 
1-Apr-19, 23:53:50 
1-Apr-19, 23:53:52 
1-Apr-19, 23:53:55 
1-Apr-19, 23:53:57 
1-Apr-19, 23:53:59 
1-Apr-19, 23:53:59 
1-Apr-19, 23:54:00 
1-Apr-19, 23:54:02 
1-Apr-19, 23:54:04 
1-Apr-19, 23:54:04 
1-Apr-19, 23:54:07 
1-Apr-19, 23:54:09 
1-Apr-19, 23:54:09 
1-Apr-19, 23:54:12 
1-Apr-19, 23:54:13 
1-Apr-19, 23:54:16 
1-Apr-19, 23:54:18 
1-Apr-19, 23:54:20 
1-Apr-19, 23:54:21 
1-Apr-19, 23:54:22 
1-Apr-19, 23:54:25 
1-Apr-19, 23:54:27 
1-Apr-19, 23:54:27 
1-Apr-19, 23:54:30 
1-Apr-19, 23:54:31 
1-Apr-19, 23:54:32 
1-Apr-19, 23:54:36 
1-Apr-19, 23:54:36 
1-Apr-19, 23:54:37 
1-Apr-19, 23:54:37 
1-Apr-19, 23:54:41 
1-Apr-19, 23:54:42 
1-Apr-19, 23:54:45 
1-Apr-19, 23:54:46 
1-Apr-19, 23:54:47 
1-Apr-19, 23:54:49 
1-Apr-19, 23:54:50 
1-Apr-19, 23:54:51 
1-Apr-19, 23:54:54 
1-Apr-19, 23:54:57 
1-Apr-19, 23:54:58 
1-Apr-19, 23:55:01 
1-Apr-19, 23:55:02 
1-Apr-19, 23:55:03 
1-Apr-19, 23:55:04 
1-Apr-19, 23:55:06 
1-Apr-19, 23:55:08 
1-Apr-19, 23:55:09 
1-Apr-19, 23:55:11 
1-Apr-19, 23:55:12 
1-Apr-19, 23:55:16 
1-Apr-19, 23:55:17 
1-Apr-19, 23:55:19 
1-Apr-19, 23:55:21 
1-Apr-19, 23:55:22 
1-Apr-19, 23:55:24 
1-Apr-19, 23:55:27 
1-Apr-19, 23:55:27 
1-Apr-19, 23:55:29 
1-Apr-19, 23:55:32 
1-Apr-19, 23:55:32 
1-Apr-19, 23:55:34 
1-Apr-19, 23:55:37 
1-Apr-19, 23:55:37 
1-Apr-19, 23:55:39 
1-Apr-19, 23:55:41 
1-Apr-19, 23:55:42 
1-Apr-19, 23:55:42 
1-Apr-19, 23:55:46 
1-Apr-19, 23:55:47 
1-Apr-19, 23:55:47 
1-Apr-19, 23:55:50 
1-Apr-19, 23:55:53 
1-Apr-19, 23:55:53 
1-Apr-19, 23:55:55 
1-Apr-19, 23:55:55 
1-Apr-19, 23:55:58 
1-Apr-19, 23:55:58 
1-Apr-19, 23:56:00 
1-Apr-19, 23:56:03 
1-Apr-19, 23:56:05 
1-Apr-19, 23:56:06 
1-Apr-19, 23:56:07 
1-Apr-19, 23:56:08 
1-Apr-19, 23:56:10 
1-Apr-19, 23:56:11 
1-Apr-19, 23:56:12 
1-Apr-19, 23:56:16 
1-Apr-19, 23:56:16 
1-Apr-19, 23:56:17 
1-Apr-19, 23:56:18 
1-Apr-19, 23:56:21 
1-Apr-19, 23:56:22 
1-Apr-19, 23:56:23 
1-Apr-19, 23:56:25 
1-Apr-19, 23:56:27 
1-Apr-19, 23:56:30 
1-Apr-19, 23:56:30 
1-Apr-19, 23:56:33 
1-Apr-19, 23:56:34 
1-Apr-19, 23:56:35 
1-Apr-19, 23:56:36 
1-Apr-19, 23:56:38 
1-Apr-19, 23:56:39 
1-Apr-19, 23:56:41 
1-Apr-19, 23:56:43 
1-Apr-19, 23:56:44 
1-Apr-19, 23:56:46 
1-Apr-19, 23:56:49 
1-Apr-19, 23:56:49 
1-Apr-19, 23:56:51 
1-Apr-19, 23:56:52 
1-Apr-19, 23:56:54 
1-Apr-19, 23:56:56 
1-Apr-19, 23:56:57 
1-Apr-19, 23:56:58 
1-Apr-19, 23:57:00 
1-Apr-19, 23:57:02 
1-Apr-19, 23:57:03 
1-Apr-19, 23:57:05 
1-Apr-19, 23:57:07 
1-Apr-19, 23:57:08 
1-Apr-19, 23:57:08 
1-Apr-19, 23:57:10 
1-Apr-19, 23:57:12 
1-Apr-19, 23:57:13 
1-Apr-19, 23:57:16 
1-Apr-19, 23:57:17 
1-Apr-19, 23:57:19 
1-Apr-19, 23:57:21 
1-Apr-19, 23:57:23 
1-Apr-19, 23:57:24 
1-Apr-19, 23:57:28 
1-Apr-19, 23:57:28 
1-Apr-19, 23:57:30 
1-Apr-19, 23:57:33 
1-Apr-19, 23:57:34 
1-Apr-19, 23:57:35 
1-Apr-19, 23:57:36 
1-Apr-19, 23:57:38 
1-Apr-19, 23:57:39 
1-Apr-19, 23:57:40 
1-Apr-19, 23:57:41 
1-Apr-19, 23:57:45 
1-Apr-19, 23:57:46 
1-Apr-19, 23:57:46 
1-Apr-19, 23:57:49 
1-Apr-19, 23:57:50 
1-Apr-19, 23:57:51 
1-Apr-19, 23:57:54 
1-Apr-19, 23:57:56 
1-Apr-19, 23:57:56 
1-Apr-19, 23:57:57 
1-Apr-19, 23:58:01 
1-Apr-19, 23:58:02 
1-Apr-19, 23:58:05 
1-Apr-19, 23:58:05 
1-Apr-19, 23:58:07 
1-Apr-19, 23:58:08 
1-Apr-19, 23:58:10 
1-Apr-19, 23:58:10 
1-Apr-19, 23:58:13 
1-Apr-19, 23:58:16 
1-Apr-19, 23:58:18 
1-Apr-19, 23:58:18 
1-Apr-19, 23:58:21 
1-Apr-19, 23:58:23 
1-Apr-19, 23:58:23 
1-Apr-19, 23:58:24 
1-Apr-19, 23:58:28 
1-Apr-19, 23:58:29 
1-Apr-19, 23:58:30 
1-Apr-19, 23:58:32 
1-Apr-19, 23:58:34 
1-Apr-19, 23:58:35 
1-Apr-19, 23:58:37 
1-Apr-19, 23:58:38 
1-Apr-19, 23:58:41 
1-Apr-19, 23:58:43 
1-Apr-19, 23:58:44 
1-Apr-19, 23:58:45 
1-Apr-19, 23:58:46 
1-Apr-19, 23:58:49 
1-Apr-19, 23:58:49 
1-Apr-19, 23:58:50 
1-Apr-19, 23:58:51 
1-Apr-19, 23:58:54 
1-Apr-19, 23:58:56 
1-Apr-19, 23:58:57 
1-Apr-19, 23:58:57 
1-Apr-19, 23:58:59 
1-Apr-19, 23:59:02 
1-Apr-19, 23:59:02 
1-Apr-19, 23:59:02 
1-Apr-19, 23:59:04 
1-Apr-19, 23:59:07 
1-Apr-19, 23:59:07 
1-Apr-19, 23:59:08 
1-Apr-19, 23:59:13 
1-Apr-19, 23:59:13 
1-Apr-19, 23:59:15 
1-Apr-19, 23:59:18 
1-Apr-19, 23:59:18 
1-Apr-19, 23:59:20 
1-Apr-19, 23:59:21 
1-Apr-19, 23:59:23 
1-Apr-19, 23:59:23 
1-Apr-19, 23:59:25 
1-Apr-19, 23:59:26 
1-Apr-19, 23:59:29 
1-Apr-19, 23:59:30 
1-Apr-19, 23:59:31 
1-Apr-19, 23:59:34 
1-Apr-19, 23:59:34 
1-Apr-19, 23:59:35 
1-Apr-19, 23:59:39 
1-Apr-19, 23:59:41 
1-Apr-19, 23:59:42 
1-Apr-19, 23:59:42 
1-Apr-19, 23:59:45 
1-Apr-19, 23:59:46 
1-Apr-19, 23:59:47 
1-Apr-19, 23:59:47 
1-Apr-19, 23:59:50 
1-Apr-19, 23:59:52 
1-Apr-19, 23:59:52 
1-Apr-19, 23:59:56 
1-Apr-19, 23:59:56 
1-Apr-19, 23:59:57 
1-Apr-19, 23:59:59 
2-Apr-19, 00:00:01 
2-Apr-19, 00:00:01 
2-Apr-19, 00:00:02 
2-Apr-19, 00:00:04 
2-Apr-19, 00:00:06 
2-Apr-19, 00:00:07 
2-Apr-19, 00:00:10 
2-Apr-19, 00:00:11 
2-Apr-19, 00:00:12 
2-Apr-19, 00:00:15 
2-Apr-19, 00:00:17 
2-Apr-19, 00:00:17 
2-Apr-19, 00:00:20 
2-Apr-19, 00:00:22 
2-Apr-19, 00:00:24 
2-Apr-19, 00:00:25 
2-Apr-19, 00:00:25 
2-Apr-19, 00:00:27 
2-Apr-19, 00:00:29 
2-Apr-19, 00:00:30 
2-Apr-19, 00:00:35 
2-Apr-19, 00:00:36 
2-Apr-19, 00:00:38 
2-Apr-19, 00:00:38 
2-Apr-19, 00:00:40 
2-Apr-19, 00:00:41 
2-Apr-19, 00:00:43 
2-Apr-19, 00:00:43 
2-Apr-19, 00:00:47 
2-Apr-19, 00:00:50 
2-Apr-19, 00:00:50 
2-Apr-19, 00:00:51 
2-Apr-19, 00:00:52 
2-Apr-19, 00:00:55 
2-Apr-19, 00:00:55 
2-Apr-19, 00:00:56 
2-Apr-19, 00:01:00 
2-Apr-19, 00:01:01 
2-Apr-19, 00:01:03 
2-Apr-19, 00:01:04 
2-Apr-19, 00:01:06 
2-Apr-19, 00:01:08 
2-Apr-19, 00:01:09 
2-Apr-19, 00:01:10 
2-Apr-19, 00:01:14 
2-Apr-19, 00:01:15 
2-Apr-19, 00:01:15 
2-Apr-19, 00:01:18 
2-Apr-19, 00:01:19 
2-Apr-19, 00:01:20 
2-Apr-19, 00:01:23 
2-Apr-19, 00:01:25 
2-Apr-19, 00:01:26 
2-Apr-19, 00:01:28 
2-Apr-19, 00:01:29 
2-Apr-19, 00:01:30 
2-Apr-19, 00:01:31 
2-Apr-19, 00:01:34 
2-Apr-19, 00:01:36 
2-Apr-19, 00:01:37 
2-Apr-19, 00:01:39 
2-Apr-19, 00:01:41 
2-Apr-19, 00:01:41 
2-Apr-19, 00:01:42 
2-Apr-19, 00:01:46 
2-Apr-19, 00:01:46 
2-Apr-19, 00:01:49 
2-Apr-19, 00:01:50 
2-Apr-19, 00:01:51 
2-Apr-19, 00:01:54 
2-Apr-19, 00:01:54 
2-Apr-19, 00:01:55 
2-Apr-19, 00:01:58 
2-Apr-19, 00:01:59 
2-Apr-19, 00:02:00 
2-Apr-19, 00:02:03 
2-Apr-19, 00:02:03 
2-Apr-19, 00:02:06 
2-Apr-19, 00:02:08 
2-Apr-19, 00:02:08 
2-Apr-19, 00:02:08 
2-Apr-19, 00:02:11 
2-Apr-19, 00:02:13 
2-Apr-19, 00:02:13 
2-Apr-19, 00:02:13 
2-Apr-19, 00:02:18 
2-Apr-19, 00:02:19 
2-Apr-19, 00:02:21 
2-Apr-19, 00:02:22 
2-Apr-19, 00:02:24 
2-Apr-19, 00:02:25 
2-Apr-19, 00:02:26 
2-Apr-19, 00:02:27 
2-Apr-19, 00:02:29 
2-Apr-19, 00:02:30 
2-Apr-19, 00:02:31 
2-Apr-19, 00:02:36 
2-Apr-19, 00:02:36 
2-Apr-19, 00:02:37 
2-Apr-19, 00:02:40 
2-Apr-19, 00:02:41 
2-Apr-19, 00:02:41 
2-Apr-19, 00:02:42 
2-Apr-19, 00:02:45 
2-Apr-19, 00:02:46 
2-Apr-19, 00:02:47 
2-Apr-19, 00:02:50 
2-Apr-19, 00:02:51 
2-Apr-19, 00:02:54 
2-Apr-19, 00:02:55 
2-Apr-19, 00:02:56 
2-Apr-19, 00:02:56 
2-Apr-19, 00:02:59 
2-Apr-19, 00:03:01 
2-Apr-19, 00:03:03 
2-Apr-19, 00:03:04 
2-Apr-19, 00:03:04 
2-Apr-19, 00:03:08 
2-Apr-19, 00:03:09 
2-Apr-19, 00:03:09 
2-Apr-19, 00:03:11 
2-Apr-19, 00:03:13 
2-Apr-19, 00:03:14 
2-Apr-19, 00:03:14 
2-Apr-19, 00:03:16 
2-Apr-19, 00:03:18 
2-Apr-19, 00:03:19 
2-Apr-19, 00:03:21 
2-Apr-19, 00:03:25 
2-Apr-19, 00:03:26 
2-Apr-19, 00:03:26 
2-Apr-19, 00:03:30 
2-Apr-19, 00:03:30 
2-Apr-19, 00:03:31 
2-Apr-19, 00:03:31 
2-Apr-19, 00:03:35 
2-Apr-19, 00:03:35 
2-Apr-19, 00:03:36 
2-Apr-19, 00:03:36 
2-Apr-19, 00:03:40 
2-Apr-19, 00:03:41 
2-Apr-19, 00:03:44 
2-Apr-19, 00:03:45 
2-Apr-19, 00:03:49 
2-Apr-19, 00:03:50 
2-Apr-19, 00:03:50 
2-Apr-19, 00:03:50 
2-Apr-19, 00:03:54 
2-Apr-19, 00:03:55 
2-Apr-19, 00:03:55 
2-Apr-19, 00:03:59 
2-Apr-19, 00:04:00 
2-Apr-19, 00:04:04 
2-Apr-19, 00:04:04 
2-Apr-19, 00:04:06 
2-Apr-19, 00:04:09 
2-Apr-19, 00:04:09 
2-Apr-19, 00:04:11 
2-Apr-19, 00:04:12 
2-Apr-19, 00:04:14 
2-Apr-19, 00:04:14 
2-Apr-19, 00:04:16 
2-Apr-19, 00:04:17 
2-Apr-19, 00:04:19 
2-Apr-19, 00:04:19 
2-Apr-19, 00:04:21 
2-Apr-19, 00:04:22 
2-Apr-19, 00:04:24 
2-Apr-19, 00:04:26 
2-Apr-19, 00:04:27 
2-Apr-19, 00:04:28 
2-Apr-19, 00:04:29 
2-Apr-19, 00:04:32 
2-Apr-19, 00:04:32 
2-Apr-19, 00:04:33 
2-Apr-19, 00:04:36 
2-Apr-19, 00:04:37 
2-Apr-19, 00:04:37 
2-Apr-19, 00:04:38 
2-Apr-19, 00:04:41 
2-Apr-19, 00:04:42 
2-Apr-19, 00:04:42 
2-Apr-19, 00:04:46 
2-Apr-19, 00:04:49 
2-Apr-19, 00:04:51 
2-Apr-19, 00:04:51 
2-Apr-19, 00:04:52 
2-Apr-19, 00:04:54 
2-Apr-19, 00:04:56 
2-Apr-19, 00:04:57 
2-Apr-19, 00:04:59 
2-Apr-19, 00:05:01 
2-Apr-19, 00:05:02 
2-Apr-19, 00:05:04 
2-Apr-19, 00:05:04 
2-Apr-19, 00:05:06 
2-Apr-19, 00:05:08 
2-Apr-19, 00:05:09 
2-Apr-19, 00:05:12 
2-Apr-19, 00:05:13 
2-Apr-19, 00:05:14 
2-Apr-19, 00:05:17 
2-Apr-19, 00:05:17 
2-Apr-19, 00:05:19 
2-Apr-19, 00:05:22 
2-Apr-19, 00:05:22 
2-Apr-19, 00:05:27 
2-Apr-19, 00:05:27 
2-Apr-19, 00:05:27 
2-Apr-19, 00:05:28 
2-Apr-19, 00:05:32 
2-Apr-19, 00:05:32 
2-Apr-19, 00:05:33 
2-Apr-19, 00:05:36 
2-Apr-19, 00:05:37 
2-Apr-19, 00:05:38 
2-Apr-19, 00:05:41 
2-Apr-19, 00:05:42 
2-Apr-19, 00:05:44 
2-Apr-19, 00:05:47 
2-Apr-19, 00:05:47 
2-Apr-19, 00:05:48 
2-Apr-19, 00:05:49 
2-Apr-19, 00:05:52 
2-Apr-19, 00:05:53 
2-Apr-19, 00:05:54 
2-Apr-19, 00:05:54 
2-Apr-19, 00:05:57 
2-Apr-19, 00:05:59 
2-Apr-19, 00:06:01 
2-Apr-19, 00:06:04 
2-Apr-19, 00:06:06 
2-Apr-19, 00:06:08 
2-Apr-19, 00:06:09 
2-Apr-19, 00:06:09 
2-Apr-19, 00:06:13 
2-Apr-19, 00:06:14 
2-Apr-19, 00:06:14 
2-Apr-19, 00:06:18 
2-Apr-19, 00:06:19 
2-Apr-19, 00:06:19 
2-Apr-19, 00:06:22 
2-Apr-19, 00:06:24 
2-Apr-19, 00:06:27 
2-Apr-19, 00:06:28 
2-Apr-19, 00:06:30 
2-Apr-19, 00:06:33 
2-Apr-19, 00:06:34 
2-Apr-19, 00:06:35 
2-Apr-19, 00:06:37 
2-Apr-19, 00:06:39 
2-Apr-19, 00:06:40 
2-Apr-19, 00:06:40 
2-Apr-19, 00:06:42 
2-Apr-19, 00:06:45 
2-Apr-19, 00:06:46 
2-Apr-19, 00:06:48 
2-Apr-19, 00:06:49 
2-Apr-19, 00:06:50 
2-Apr-19, 00:06:51 
2-Apr-19, 00:06:53 
2-Apr-19, 00:06:54 
2-Apr-19, 00:06:55 
2-Apr-19, 00:06:56 
2-Apr-19, 00:06:58 
2-Apr-19, 00:07:01 
2-Apr-19, 00:07:03 
2-Apr-19, 00:07:05 
2-Apr-19, 00:07:06 
2-Apr-19, 00:07:06 
2-Apr-19, 00:07:08 
2-Apr-19, 00:07:10 
2-Apr-19, 00:07:11 
2-Apr-19, 00:07:13 
2-Apr-19, 00:07:14 
2-Apr-19, 00:07:16 
2-Apr-19, 00:07:19 
2-Apr-19, 00:07:19 
2-Apr-19, 00:07:21 
2-Apr-19, 00:07:24 
2-Apr-19, 00:07:26 
2-Apr-19, 00:07:26 
2-Apr-19, 00:07:28 
2-Apr-19, 00:07:29 
2-Apr-19, 00:07:31 
2-Apr-19, 00:07:33 
2-Apr-19, 00:07:33 
2-Apr-19, 00:07:34 
2-Apr-19, 00:07:38 
2-Apr-19, 00:07:41 
2-Apr-19, 00:07:42 
2-Apr-19, 00:07:43 
2-Apr-19, 00:07:46 
2-Apr-19, 00:07:47 
2-Apr-19, 00:07:47 
2-Apr-19, 00:07:48 
2-Apr-19, 00:07:52 
2-Apr-19, 00:07:52 
2-Apr-19, 00:07:53 
2-Apr-19, 00:07:54 
2-Apr-19, 00:07:57 
2-Apr-19, 00:07:58 
2-Apr-19, 00:07:59 
2-Apr-19, 00:08:02 
2-Apr-19, 00:08:02 
2-Apr-19, 00:08:07 
2-Apr-19, 00:08:07 
2-Apr-19, 00:08:08 
2-Apr-19, 00:08:10 
2-Apr-19, 00:08:12 
2-Apr-19, 00:08:12 
2-Apr-19, 00:08:13 
2-Apr-19, 00:08:15 
2-Apr-19, 00:08:17 
2-Apr-19, 00:08:17 
2-Apr-19, 00:08:18 
2-Apr-19, 00:08:22 
2-Apr-19, 00:08:25 
2-Apr-19, 00:08:28 
2-Apr-19, 00:08:29 
2-Apr-19, 00:08:29 
2-Apr-19, 00:08:30 
2-Apr-19, 00:08:33 
2-Apr-19, 00:08:34 
2-Apr-19, 00:08:34 
2-Apr-19, 00:08:38 
2-Apr-19, 00:08:40 
2-Apr-19, 00:08:42 
2-Apr-19, 00:08:43 
2-Apr-19, 00:08:43 
2-Apr-19, 00:08:45 
2-Apr-19, 00:08:47 
2-Apr-19, 00:08:48 
2-Apr-19, 00:08:51 
2-Apr-19, 00:08:53 
2-Apr-19, 00:08:54 
2-Apr-19, 00:08:56 
2-Apr-19, 00:08:58 
2-Apr-19, 00:08:59 
2-Apr-19, 00:08:59 
2-Apr-19, 00:09:01 
2-Apr-19, 00:09:04 
2-Apr-19, 00:09:05 
2-Apr-19, 00:09:06 
2-Apr-19, 00:09:09 
2-Apr-19, 00:09:10 
2-Apr-19, 00:09:10 
2-Apr-19, 00:09:11 
2-Apr-19, 00:09:15 
2-Apr-19, 00:09:15 
2-Apr-19, 00:09:16 
2-Apr-19, 00:09:20 
2-Apr-19, 00:09:20 
2-Apr-19, 00:09:21 
2-Apr-19, 00:09:25 
2-Apr-19, 00:09:25 
2-Apr-19, 00:09:26 
2-Apr-19, 00:09:29 
2-Apr-19, 00:09:30 
2-Apr-19, 00:09:30 
2-Apr-19, 00:09:34 
2-Apr-19, 00:09:35 
2-Apr-19, 00:09:36 
2-Apr-19, 00:09:40 
2-Apr-19, 00:09:40 
2-Apr-19, 00:09:41 
2-Apr-19, 00:09:44 
2-Apr-19, 00:09:45 
2-Apr-19, 00:09:46 
2-Apr-19, 00:09:49 
2-Apr-19, 00:09:50 
2-Apr-19, 00:09:54 
2-Apr-19, 00:09:55 
2-Apr-19, 00:09:55 
2-Apr-19, 00:09:58 
2-Apr-19, 00:09:59 
2-Apr-19, 00:10:00 
2-Apr-19, 00:10:03 
2-Apr-19, 00:10:03 
2-Apr-19, 00:10:07 
2-Apr-19, 00:10:07 
2-Apr-19, 00:10:08 
2-Apr-19, 00:10:12 
2-Apr-19, 00:10:12 
2-Apr-19, 00:10:12 
2-Apr-19, 00:10:17 
2-Apr-19, 00:10:17 
2-Apr-19, 00:10:20 
2-Apr-19, 00:10:21 
2-Apr-19, 00:10:22 
2-Apr-19, 00:10:25 
2-Apr-19, 00:10:26 
2-Apr-19, 00:10:27 
2-Apr-19, 00:10:30 
2-Apr-19, 00:10:31 
2-Apr-19, 00:10:32 
2-Apr-19, 00:10:35 
2-Apr-19, 00:10:36 
2-Apr-19, 00:10:37 
2-Apr-19, 00:10:40 
2-Apr-19, 00:10:41 
2-Apr-19, 00:10:45 
2-Apr-19, 00:10:46 
2-Apr-19, 00:10:47 
2-Apr-19, 00:10:51 
2-Apr-19, 00:10:51 
2-Apr-19, 00:10:52 
2-Apr-19, 00:10:55 
2-Apr-19, 00:10:56 
2-Apr-19, 00:10:57 
2-Apr-19, 00:10:59 
2-Apr-19, 00:11:00 
2-Apr-19, 00:11:01 
2-Apr-19, 00:11:02 
2-Apr-19, 00:11:04 
2-Apr-19, 00:11:06 
2-Apr-19, 00:11:06 
2-Apr-19, 00:11:09 
2-Apr-19, 00:11:11 
2-Apr-19, 00:11:12 
2-Apr-19, 00:11:14 
2-Apr-19, 00:11:15 
2-Apr-19, 00:11:17 
2-Apr-19, 00:11:20 
2-Apr-19, 00:11:21 
2-Apr-19, 00:11:22 
2-Apr-19, 00:11:25 
2-Apr-19, 00:11:26 
2-Apr-19, 00:11:27 
2-Apr-19, 00:11:28 
2-Apr-19, 00:11:30 
2-Apr-19, 00:11:33 
2-Apr-19, 00:11:34 
2-Apr-19, 00:11:35 
2-Apr-19, 00:11:35 
2-Apr-19, 00:11:39 
2-Apr-19, 00:11:40 
2-Apr-19, 00:11:41 
2-Apr-19, 00:11:42 
2-Apr-19, 00:11:45 
2-Apr-19, 00:11:46 
2-Apr-19, 00:11:47 
2-Apr-19, 00:11:49 
2-Apr-19, 00:11:51 
2-Apr-19, 00:11:54 
2-Apr-19, 00:11:55 
2-Apr-19, 00:11:56 
2-Apr-19, 00:12:00 
2-Apr-19, 00:12:01 
2-Apr-19, 00:12:01 
2-Apr-19, 00:12:05 
2-Apr-19, 00:12:05 
2-Apr-19, 00:12:06 
2-Apr-19, 00:12:10 
2-Apr-19, 00:12:10 
2-Apr-19, 00:12:10 
2-Apr-19, 00:12:11 
2-Apr-19, 00:12:15 
2-Apr-19, 00:12:15 
2-Apr-19, 00:12:15 
2-Apr-19, 00:12:18 
2-Apr-19, 00:12:21 
2-Apr-19, 00:12:23 
2-Apr-19, 00:12:25 
2-Apr-19, 00:12:26 
2-Apr-19, 00:12:26 
2-Apr-19, 00:12:28 
2-Apr-19, 00:12:30 
2-Apr-19, 00:12:31 
2-Apr-19, 00:12:35 
2-Apr-19, 00:12:38 
2-Apr-19, 00:12:40 
2-Apr-19, 00:12:41 
2-Apr-19, 00:12:41 
2-Apr-19, 00:12:43 
2-Apr-19, 00:12:46 
2-Apr-19, 00:12:46 
2-Apr-19, 00:12:47 
2-Apr-19, 00:12:51 
2-Apr-19, 00:12:52 
2-Apr-19, 00:12:52 
2-Apr-19, 00:12:53 
2-Apr-19, 00:12:56 
2-Apr-19, 00:12:57 
2-Apr-19, 00:12:58 
2-Apr-19, 00:13:01 
2-Apr-19, 00:13:01 
2-Apr-19, 00:13:02 
2-Apr-19, 00:13:03 
2-Apr-19, 00:13:06 
2-Apr-19, 00:13:06 
2-Apr-19, 00:13:09 
2-Apr-19, 00:13:12 
2-Apr-19, 00:13:14 
2-Apr-19, 00:13:16 
2-Apr-19, 00:13:16 
2-Apr-19, 00:13:17 
2-Apr-19, 00:13:19 
2-Apr-19, 00:13:21 
2-Apr-19, 00:13:21 
2-Apr-19, 00:13:24 
2-Apr-19, 00:13:26 
2-Apr-19, 00:13:28 
2-Apr-19, 00:13:29 
2-Apr-19, 00:13:31 
2-Apr-19, 00:13:33 
2-Apr-19, 00:13:33 
2-Apr-19, 00:13:34 
2-Apr-19, 00:13:38 
2-Apr-19, 00:13:38 
2-Apr-19, 00:13:40 
2-Apr-19, 00:13:42 
2-Apr-19, 00:13:43 
2-Apr-19, 00:13:45 
2-Apr-19, 00:13:45 
2-Apr-19, 00:13:47 
2-Apr-19, 00:13:50 
2-Apr-19, 00:13:51 
2-Apr-19, 00:13:53 
2-Apr-19, 00:13:55 
2-Apr-19, 00:13:55 
2-Apr-19, 00:13:56 
2-Apr-19, 00:13:58 
2-Apr-19, 00:14:00 
2-Apr-19, 00:14:01 
2-Apr-19, 00:14:04 
2-Apr-19, 00:14:05 
2-Apr-19, 00:14:07 
2-Apr-19, 00:14:09 
2-Apr-19, 00:14:10 
2-Apr-19, 00:14:11 
2-Apr-19, 00:14:12 
2-Apr-19, 00:14:15 
2-Apr-19, 00:14:16 
2-Apr-19, 00:14:19 
2-Apr-19, 00:14:20 
2-Apr-19, 00:14:21 
2-Apr-19, 00:14:22 
2-Apr-19, 00:14:24 
2-Apr-19, 00:14:26 
2-Apr-19, 00:14:27 
2-Apr-19, 00:14:29 
2-Apr-19, 00:14:31 
2-Apr-19, 00:14:32 
2-Apr-19, 00:14:34 
2-Apr-19, 00:14:36 
2-Apr-19, 00:14:37 
2-Apr-19, 00:14:38 
2-Apr-19, 00:14:39 
2-Apr-19, 00:14:42 
2-Apr-19, 00:14:43 
2-Apr-19, 00:14:45 
2-Apr-19, 00:14:46 
2-Apr-19, 00:14:48 
2-Apr-19, 00:14:49 
2-Apr-19, 00:14:50 
2-Apr-19, 00:14:51 
2-Apr-19, 00:14:54 
2-Apr-19, 00:14:56 
2-Apr-19, 00:14:58 
2-Apr-19, 00:14:59 
2-Apr-19, 00:14:59 
2-Apr-19, 00:15:01 
2-Apr-19, 00:15:03 
2-Apr-19, 00:15:04 
2-Apr-19, 00:15:07 
2-Apr-19, 00:15:09 
2-Apr-19, 00:15:09 
2-Apr-19, 00:15:11 
2-Apr-19, 00:15:12 
2-Apr-19, 00:15:14 
2-Apr-19, 00:15:14 
2-Apr-19, 00:15:16 
2-Apr-19, 00:15:17 
2-Apr-19, 00:15:21 
2-Apr-19, 00:15:21 
2-Apr-19, 00:15:21 
2-Apr-19, 00:15:26 
2-Apr-19, 00:15:26 
2-Apr-19, 00:15:27 
2-Apr-19, 00:15:32 
2-Apr-19, 00:15:32 
2-Apr-19, 00:15:34 
2-Apr-19, 00:15:34 
2-Apr-19, 00:15:37 
2-Apr-19, 00:15:39 
2-Apr-19, 00:15:39 
2-Apr-19, 00:15:43 
2-Apr-19, 00:15:44 
2-Apr-19, 00:15:46 
2-Apr-19, 00:15:47 
2-Apr-19, 00:15:48 
2-Apr-19, 00:15:51 
2-Apr-19, 00:15:51 
2-Apr-19, 00:15:52 
2-Apr-19, 00:15:53 
2-Apr-19, 00:15:56 
2-Apr-19, 00:15:57 
2-Apr-19, 00:15:58 
2-Apr-19, 00:16:01 
2-Apr-19, 00:16:01 
2-Apr-19, 00:16:02 
2-Apr-19, 00:16:06 
2-Apr-19, 00:16:06 
2-Apr-19, 00:16:08 
2-Apr-19, 00:16:09 
2-Apr-19, 00:16:13 
2-Apr-19, 00:16:14 
2-Apr-19, 00:16:15 
2-Apr-19, 00:16:16 
2-Apr-19, 00:16:20 
2-Apr-19, 00:16:20 
2-Apr-19, 00:16:21 
2-Apr-19, 00:16:24 
2-Apr-19, 00:16:25 
2-Apr-19, 00:16:25 
2-Apr-19, 00:16:26 
2-Apr-19, 00:16:29 
2-Apr-19, 00:16:31 
2-Apr-19, 00:16:34 
2-Apr-19, 00:16:35 
2-Apr-19, 00:16:35 
2-Apr-19, 00:16:40 
2-Apr-19, 00:16:40 
2-Apr-19, 00:16:41 
2-Apr-19, 00:16:41 
2-Apr-19, 00:16:45 
2-Apr-19, 00:16:46 
2-Apr-19, 00:16:46 
2-Apr-19, 00:16:49 
2-Apr-19, 00:16:50 
2-Apr-19, 00:16:53 
2-Apr-19, 00:16:54 
2-Apr-19, 00:16:54 
2-Apr-19, 00:16:55 
2-Apr-19, 00:16:58 
2-Apr-19, 00:16:59 
2-Apr-19, 00:16:59 
2-Apr-19, 00:17:00 
2-Apr-19, 00:17:06 
2-Apr-19, 00:17:06 
2-Apr-19, 00:17:09 
2-Apr-19, 00:17:10 
2-Apr-19, 00:17:11 
2-Apr-19, 00:17:11 
2-Apr-19, 00:17:14 
2-Apr-19, 00:17:15 
2-Apr-19, 00:17:18 
2-Apr-19, 00:17:20 
2-Apr-19, 00:17:22 
2-Apr-19, 00:17:22 
2-Apr-19, 00:17:23 
2-Apr-19, 00:17:27 
2-Apr-19, 00:17:27 
2-Apr-19, 00:17:28 
2-Apr-19, 00:17:29 
2-Apr-19, 00:17:32 
2-Apr-19, 00:17:33 
2-Apr-19, 00:17:34 
2-Apr-19, 00:17:36 
2-Apr-19, 00:17:39 
2-Apr-19, 00:17:39 
2-Apr-19, 00:17:40 
2-Apr-19, 00:17:41 
2-Apr-19, 00:17:44 
2-Apr-19, 00:17:45 
2-Apr-19, 00:17:47 
2-Apr-19, 00:17:51 
2-Apr-19, 00:17:51 
2-Apr-19, 00:17:52 
2-Apr-19, 00:17:55 
2-Apr-19, 00:17:56 
2-Apr-19, 00:17:56 
2-Apr-19, 00:18:00 
2-Apr-19, 00:18:00 
2-Apr-19, 00:18:01 
2-Apr-19, 00:18:01 
2-Apr-19, 00:18:05 
2-Apr-19, 00:18:06 
2-Apr-19, 00:18:09 
2-Apr-19, 00:18:10 
2-Apr-19, 00:18:10 
2-Apr-19, 00:18:14 
2-Apr-19, 00:18:15 
2-Apr-19, 00:18:15 
2-Apr-19, 00:18:17 
2-Apr-19, 00:18:20 
2-Apr-19, 00:18:20 
2-Apr-19, 00:18:22 
2-Apr-19, 00:18:22 
2-Apr-19, 00:18:26 
2-Apr-19, 00:18:27 
2-Apr-19, 00:18:27 
2-Apr-19, 00:18:28 
2-Apr-19, 00:18:31 
2-Apr-19, 00:18:32 
2-Apr-19, 00:18:32 
2-Apr-19, 00:18:33 
2-Apr-19, 00:18:39 
2-Apr-19, 00:18:41 
2-Apr-19, 00:18:42 
2-Apr-19, 00:18:42 
2-Apr-19, 00:18:44 
2-Apr-19, 00:18:46 
2-Apr-19, 00:18:47 
2-Apr-19, 00:18:47 
2-Apr-19, 00:18:49 
2-Apr-19, 00:18:51 
2-Apr-19, 00:18:52 
2-Apr-19, 00:18:57 
2-Apr-19, 00:18:58 
2-Apr-19, 00:19:00 
2-Apr-19, 00:19:02 
2-Apr-19, 00:19:03 
2-Apr-19, 00:19:04 
2-Apr-19, 00:19:05 
2-Apr-19, 00:19:07 
2-Apr-19, 00:19:08 
2-Apr-19, 00:19:09 
2-Apr-19, 00:19:14 
2-Apr-19, 00:19:15 
2-Apr-19, 00:19:16 
2-Apr-19, 00:19:16 
2-Apr-19, 00:19:20 
2-Apr-19, 00:19:21 
2-Apr-19, 00:19:21 
2-Apr-19, 00:19:22 
2-Apr-19, 00:19:25 
2-Apr-19, 00:19:26 
2-Apr-19, 00:19:27 
2-Apr-19, 00:19:30 
2-Apr-19, 00:19:31 
2-Apr-19, 00:19:36 
2-Apr-19, 00:19:36 
2-Apr-19, 00:19:37 
2-Apr-19, 00:19:38 
2-Apr-19, 00:19:41 
2-Apr-19, 00:19:42 
2-Apr-19, 00:19:43 
2-Apr-19, 00:19:43 
2-Apr-19, 00:19:46 
2-Apr-19, 00:19:48 
2-Apr-19, 00:19:50 
2-Apr-19, 00:19:53 
2-Apr-19, 00:19:54 
2-Apr-19, 00:19:54 
2-Apr-19, 00:19:55 
2-Apr-19, 00:19:58 
2-Apr-19, 00:19:59 
2-Apr-19, 00:19:59 
2-Apr-19, 00:20:03 
2-Apr-19, 00:20:05 
2-Apr-19, 00:20:06 
2-Apr-19, 00:20:06 
2-Apr-19, 00:20:10 
2-Apr-19, 00:20:11 
2-Apr-19, 00:20:11 
2-Apr-19, 00:20:11 
2-Apr-19, 00:20:16 
2-Apr-19, 00:20:16 
2-Apr-19, 00:20:17 
2-Apr-19, 00:20:19 
2-Apr-19, 00:20:21 
2-Apr-19, 00:20:21 
2-Apr-19, 00:20:22 
2-Apr-19, 00:20:24 
2-Apr-19, 00:20:26 
2-Apr-19, 00:20:26 
2-Apr-19, 00:20:30 
2-Apr-19, 00:20:31 
2-Apr-19, 00:20:31 
2-Apr-19, 00:20:32 
2-Apr-19, 00:20:35 
2-Apr-19, 00:20:36 
2-Apr-19, 00:20:37 
2-Apr-19, 00:20:37 
2-Apr-19, 00:20:41 
2-Apr-19, 00:20:42 
2-Apr-19, 00:20:42 
2-Apr-19, 00:20:44 
2-Apr-19, 00:20:46 
2-Apr-19, 00:20:49 
2-Apr-19, 00:20:49 
2-Apr-19, 00:20:51 
2-Apr-19, 00:20:53 
2-Apr-19, 00:20:54 
2-Apr-19, 00:20:58 
2-Apr-19, 00:20:59 
2-Apr-19, 00:21:01 
2-Apr-19, 00:21:04 
2-Apr-19, 00:21:04 
2-Apr-19, 00:21:06 
2-Apr-19, 00:21:06 
2-Apr-19, 00:21:09 
2-Apr-19, 00:21:11 
2-Apr-19, 00:21:13 
2-Apr-19, 00:21:14 
2-Apr-19, 00:21:14 
2-Apr-19, 00:21:18 
2-Apr-19, 00:21:19 
2-Apr-19, 00:21:21 
2-Apr-19, 00:21:23 
2-Apr-19, 00:21:24 
2-Apr-19, 00:21:26 
2-Apr-19, 00:21:28 
2-Apr-19, 00:21:29 
2-Apr-19, 00:21:30 
2-Apr-19, 00:21:31 
2-Apr-19, 00:21:33 
2-Apr-19, 00:21:34 
2-Apr-19, 00:21:35 
2-Apr-19, 00:21:36 
2-Apr-19, 00:21:38 
2-Apr-19, 00:21:39 
2-Apr-19, 00:21:40 
2-Apr-19, 00:21:44 
2-Apr-19, 00:21:46 
2-Apr-19, 00:21:48 
2-Apr-19, 00:21:49 
2-Apr-19, 00:21:50 
2-Apr-19, 00:21:51 
2-Apr-19, 00:21:53 
2-Apr-19, 00:21:54 
2-Apr-19, 00:21:55 
2-Apr-19, 00:21:58 
2-Apr-19, 00:21:58 
2-Apr-19, 00:22:00 
2-Apr-19, 00:22:03 
2-Apr-19, 00:22:03 
2-Apr-19, 00:22:03 
2-Apr-19, 00:22:05 
2-Apr-19, 00:22:08 
2-Apr-19, 00:22:10 
2-Apr-19, 00:22:12 
2-Apr-19, 00:22:13 
2-Apr-19, 00:22:13 
2-Apr-19, 00:22:17 
2-Apr-19, 00:22:18 
2-Apr-19, 00:22:18 
2-Apr-19, 00:22:21 
2-Apr-19, 00:22:23 
2-Apr-19, 00:22:24 
2-Apr-19, 00:22:26 
2-Apr-19, 00:22:26 
2-Apr-19, 00:22:29 
2-Apr-19, 00:22:31 
2-Apr-19, 00:22:33 
2-Apr-19, 00:22:34 
2-Apr-19, 00:22:35 
2-Apr-19, 00:22:36 
2-Apr-19, 00:22:38 
2-Apr-19, 00:22:39 
2-Apr-19, 00:22:40 
2-Apr-19, 00:22:41 
2-Apr-19, 00:22:44 
2-Apr-19, 00:22:46 
2-Apr-19, 00:22:46 
2-Apr-19, 00:22:46 
2-Apr-19, 00:22:49 
2-Apr-19, 00:22:51 
2-Apr-19, 00:22:51 
2-Apr-19, 00:22:51 
2-Apr-19, 00:22:56 
2-Apr-19, 00:22:56 
2-Apr-19, 00:22:59 
2-Apr-19, 00:22:59 
2-Apr-19, 00:23:01 
2-Apr-19, 00:23:01 
2-Apr-19, 00:23:04 
2-Apr-19, 00:23:04 
2-Apr-19, 00:23:08 
2-Apr-19, 00:23:09 
2-Apr-19, 00:23:11 
2-Apr-19, 00:23:13 
2-Apr-19, 00:23:14 
2-Apr-19, 00:23:16 
2-Apr-19, 00:23:19 
2-Apr-19, 00:23:20 
2-Apr-19, 00:23:23 
2-Apr-19, 00:23:23 
2-Apr-19, 00:23:25 
2-Apr-19, 00:23:25 
2-Apr-19, 00:23:28 
2-Apr-19, 00:23:28 
2-Apr-19, 00:23:30 
2-Apr-19, 00:23:36 
2-Apr-19, 00:23:36 
2-Apr-19, 00:23:37 
2-Apr-19, 00:23:39 
2-Apr-19, 00:23:41 
2-Apr-19, 00:23:41 
2-Apr-19, 00:23:42 
2-Apr-19, 00:23:44 
2-Apr-19, 00:23:46 
2-Apr-19, 00:23:46 
2-Apr-19, 00:23:47 
2-Apr-19, 00:23:51 
2-Apr-19, 00:23:53 
2-Apr-19, 00:23:54 
2-Apr-19, 00:23:56 
2-Apr-19, 00:23:58 
2-Apr-19, 00:23:59 
2-Apr-19, 00:24:00 
2-Apr-19, 00:24:01 
2-Apr-19, 00:24:05 
2-Apr-19, 00:24:05 
2-Apr-19, 00:24:06 
2-Apr-19, 00:24:10 
2-Apr-19, 00:24:10 
2-Apr-19, 00:24:11 
2-Apr-19, 00:24:12 
2-Apr-19, 00:24:15 
2-Apr-19, 00:24:16 
2-Apr-19, 00:24:17 
2-Apr-19, 00:24:17 
2-Apr-19, 00:24:22 
2-Apr-19, 00:24:22 
2-Apr-19, 00:24:23 
2-Apr-19, 00:24:25 
2-Apr-19, 00:24:27 
2-Apr-19, 00:24:27 
2-Apr-19, 00:24:28 
2-Apr-19, 00:24:30 
2-Apr-19, 00:24:32 
2-Apr-19, 00:24:33 
2-Apr-19, 00:24:36 
2-Apr-19, 00:24:38 
2-Apr-19, 00:24:40 
2-Apr-19, 00:24:41 
2-Apr-19, 00:24:41 
2-Apr-19, 00:24:45 
2-Apr-19, 00:24:46 
2-Apr-19, 00:24:46 
2-Apr-19, 00:24:47 
2-Apr-19, 00:24:50 
2-Apr-19, 00:24:51 
2-Apr-19, 00:24:52 
2-Apr-19, 00:24:55 
2-Apr-19, 00:24:55 
2-Apr-19, 00:24:57 
2-Apr-19, 00:25:00 
2-Apr-19, 00:25:00 
2-Apr-19, 00:25:02 
2-Apr-19, 00:25:05 
2-Apr-19, 00:25:06 
2-Apr-19, 00:25:07 
2-Apr-19, 00:25:07 
2-Apr-19, 00:25:11 
2-Apr-19, 00:25:12 
2-Apr-19, 00:25:12 
2-Apr-19, 00:25:16 
2-Apr-19, 00:25:17 
2-Apr-19, 00:25:17 
2-Apr-19, 00:25:21 
2-Apr-19, 00:25:21 
2-Apr-19, 00:25:22 
2-Apr-19, 00:25:25 
2-Apr-19, 00:25:26 
2-Apr-19, 00:25:29 
2-Apr-19, 00:25:30 
2-Apr-19, 00:25:30 
2-Apr-19, 00:25:34 
2-Apr-19, 00:25:34 
2-Apr-19, 00:25:35 
2-Apr-19, 00:25:38 
2-Apr-19, 00:25:39 
2-Apr-19, 00:25:39 
2-Apr-19, 00:25:40 
2-Apr-19, 00:25:43 
2-Apr-19, 00:25:44 
2-Apr-19, 00:25:45 
2-Apr-19, 00:25:50 
2-Apr-19, 00:25:51 
2-Apr-19, 00:25:51 
2-Apr-19, 00:25:53 
2-Apr-19, 00:25:56 
2-Apr-19, 00:25:56 
2-Apr-19, 00:25:57 
2-Apr-19, 00:25:58 
2-Apr-19, 00:26:02 
2-Apr-19, 00:26:03 
2-Apr-19, 00:26:05 
2-Apr-19, 00:26:06 
2-Apr-19, 00:26:07 
2-Apr-19, 00:26:10 
2-Apr-19, 00:26:11 
2-Apr-19, 00:26:12 
2-Apr-19, 00:26:15 
2-Apr-19, 00:26:16 
2-Apr-19, 00:26:17 
2-Apr-19, 00:26:18 
2-Apr-19, 00:26:21 
2-Apr-19, 00:26:23 
2-Apr-19, 00:26:25 
2-Apr-19, 00:26:25 
2-Apr-19, 00:26:26 
2-Apr-19, 00:26:30 
2-Apr-19, 00:26:30 
2-Apr-19, 00:26:34 
2-Apr-19, 00:26:36 
2-Apr-19, 00:26:36 
2-Apr-19, 00:26:38 
2-Apr-19, 00:26:39 
2-Apr-19, 00:26:41 
2-Apr-19, 00:26:41 
2-Apr-19, 00:26:43 
2-Apr-19, 00:26:44 
2-Apr-19, 00:26:48 
2-Apr-19, 00:26:48 
2-Apr-19, 00:26:49 
2-Apr-19, 00:26:49 
2-Apr-19, 00:26:53 
2-Apr-19, 00:26:53 
2-Apr-19, 00:26:54 
2-Apr-19, 00:26:54 
2-Apr-19, 00:26:58 
2-Apr-19, 00:26:59 
2-Apr-19, 00:26:59 
2-Apr-19, 00:27:02 
2-Apr-19, 00:27:04 
2-Apr-19, 00:27:04 
2-Apr-19, 00:27:07 
2-Apr-19, 00:27:09 
2-Apr-19, 00:27:10 
2-Apr-19, 00:27:10 
2-Apr-19, 00:27:14 
2-Apr-19, 00:27:15 
2-Apr-19, 00:27:15 
2-Apr-19, 00:27:18 
2-Apr-19, 00:27:19 
2-Apr-19, 00:27:21 
2-Apr-19, 00:27:21 
2-Apr-19, 00:27:23 
2-Apr-19, 00:27:26 
2-Apr-19, 00:27:26 
2-Apr-19, 00:27:28 
2-Apr-19, 00:27:29 
2-Apr-19, 00:27:31 
2-Apr-19, 00:27:33 
2-Apr-19, 00:27:34 
2-Apr-19, 00:27:36 
2-Apr-19, 00:27:38 
2-Apr-19, 00:27:41 
2-Apr-19, 00:27:42 
2-Apr-19, 00:27:44 
2-Apr-19, 00:27:45 
2-Apr-19, 00:27:47 
2-Apr-19, 00:27:49 
2-Apr-19, 00:27:50 
2-Apr-19, 00:27:52 
2-Apr-19, 00:27:52 
2-Apr-19, 00:27:55 
2-Apr-19, 00:27:56 
2-Apr-19, 00:27:57 
2-Apr-19, 00:27:59 
2-Apr-19, 00:28:00 
2-Apr-19, 00:28:01 
2-Apr-19, 00:28:02 
2-Apr-19, 00:28:04 
2-Apr-19, 00:28:05 
2-Apr-19, 00:28:09 
2-Apr-19, 00:28:10 
2-Apr-19, 00:28:12 
2-Apr-19, 00:28:12 
2-Apr-19, 00:28:15 
2-Apr-19, 00:28:17 
2-Apr-19, 00:28:17 
2-Apr-19, 00:28:20 
2-Apr-19, 00:28:22 
2-Apr-19, 00:28:25 
2-Apr-19, 00:28:26 
2-Apr-19, 00:28:28 
2-Apr-19, 00:28:30 
2-Apr-19, 00:28:31 
2-Apr-19, 00:28:32 
2-Apr-19, 00:28:33 
2-Apr-19, 00:28:37 
2-Apr-19, 00:28:40 
2-Apr-19, 00:28:40 
2-Apr-19, 00:28:42 
2-Apr-19, 00:28:45 
2-Apr-19, 00:28:45 
2-Apr-19, 00:28:46 
2-Apr-19, 00:28:47 
2-Apr-19, 00:28:50 
2-Apr-19, 00:28:50 
2-Apr-19, 00:28:51 
2-Apr-19, 00:28:52 
2-Apr-19, 00:28:55 
2-Apr-19, 00:28:56 
2-Apr-19, 00:28:57 
2-Apr-19, 00:29:00 
2-Apr-19, 00:29:00 
2-Apr-19, 00:29:02 
2-Apr-19, 00:29:04 
2-Apr-19, 00:29:05 
2-Apr-19, 00:29:05 
2-Apr-19, 00:29:07 
2-Apr-19, 00:29:09 
2-Apr-19, 00:29:10 
2-Apr-19, 00:29:12 
2-Apr-19, 00:29:14 
2-Apr-19, 00:29:15 
2-Apr-19, 00:29:19 
2-Apr-19, 00:29:20 
2-Apr-19, 00:29:21 
2-Apr-19, 00:29:24 
2-Apr-19, 00:29:24 
2-Apr-19, 00:29:25 
2-Apr-19, 00:29:26 
2-Apr-19, 00:29:30 
2-Apr-19, 00:29:31 
2-Apr-19, 00:29:32 
2-Apr-19, 00:29:34 
2-Apr-19, 00:29:36 
2-Apr-19, 00:29:37 
2-Apr-19, 00:29:39 
2-Apr-19, 00:29:40 
2-Apr-19, 00:29:42 
2-Apr-19, 00:29:43 
2-Apr-19, 00:29:45 
2-Apr-19, 00:29:45 
2-Apr-19, 00:29:48 
2-Apr-19, 00:29:49 
2-Apr-19, 04:03:41 
2-Apr-19, 04:03:41 
2-Apr-19, 04:03:41 
2-Apr-19, 04:03:41 
2-Apr-19, 04:03:41 
2-Apr-19, 04:03:41 
2-Apr-19, 04:03:41 
2-Apr-19, 04:03:41 
2-Apr-19, 04:03:41 
2-Apr-19, 04:03:41 
2-Apr-19, 04:03:41 
2-Apr-19, 04:03:41 
2-Apr-19, 04:03:41 
2-Apr-19, 04:03:41 
2-Apr-19, 04:03:41 
2-Apr-19, 04:03:41 
2-Apr-19, 04:03:41 
2-Apr-19, 04:03:41 
2-Apr-19, 04:03:41 
2-Apr-19, 04:03:41 
2-Apr-19, 04:03:41 
2-Apr-19, 04:03:41 
2-Apr-19, 04:03:41 
2-Apr-19, 04:03:41 
2-Apr-19, 04:03:41 
2-Apr-19, 04:03:41 
2-Apr-19, 04:03:41 
2-Apr-19, 04:03:41 
2-Apr-19, 04:03:41 
2-Apr-19, 04:03:41 
2-Apr-19, 04:03:41 
2-Apr-19, 04:03:41 
2-Apr-19, 04:03:41 
2-Apr-19, 04:03:41 
2-Apr-19, 04:03:42 
2-Apr-19, 04:03:42 
2-Apr-19, 04:03:42 
2-Apr-19, 04:03:42 
2-Apr-19, 04:03:42 
2-Apr-19, 04:03:42 
2-Apr-19, 04:03:42 
2-Apr-19, 04:03:42 
2-Apr-19, 04:03:42 
2-Apr-19, 04:03:42 
2-Apr-19, 04:03:42 
2-Apr-19, 04:03:42 
2-Apr-19, 04:03:42 
2-Apr-19, 04:03:42 
2-Apr-19, 04:03:42 
2-Apr-19, 04:03:42 
2-Apr-19, 04:03:42 
2-Apr-19, 04:03:42 
2-Apr-19, 04:03:42 
2-Apr-19, 04:03:42 
2-Apr-19, 04:03:42 
2-Apr-19, 04:03:42 
2-Apr-19, 04:03:42 
2-Apr-19, 04:03:42 
2-Apr-19, 04:03:42 
2-Apr-19, 04:03:42 
2-Apr-19, 04:03:42 
2-Apr-19, 04:03:42 
2-Apr-19, 04:03:42 
2-Apr-19, 04:03:42 
2-Apr-19, 04:03:42 
2-Apr-19, 04:03:42 
2-Apr-19, 04:03:42 
2-Apr-19, 04:03:42 
2-Apr-19, 04:03:42 
2-Apr-19, 04:03:42 
2-Apr-19, 04:03:42 
2-Apr-19, 04:03:42 
2-Apr-19, 04:03:42 
2-Apr-19, 04:03:42 
2-Apr-19, 04:03:42 
2-Apr-19, 04:03:42 
2-Apr-19, 04:03:42 
2-Apr-19, 04:03:42 
2-Apr-19, 04:03:42 
2-Apr-19, 04:03:42 
2-Apr-19, 04:03:42 
2-Apr-19, 04:03:42 
2-Apr-19, 04:03:42 
2-Apr-19, 04:03:42 
2-Apr-19, 04:03:42 
2-Apr-19, 04:03:42 
2-Apr-19, 04:03:42 
2-Apr-19, 04:03:42 
2-Apr-19, 04:03:43 
2-Apr-19, 04:03:43 
2-Apr-19, 04:03:43 
2-Apr-19, 04:03:43 
2-Apr-19, 04:03:43 
2-Apr-19, 04:03:43 
2-Apr-19, 04:03:43 
2-Apr-19, 04:03:43 
2-Apr-19, 04:03:43 
2-Apr-19, 04:03:43 
2-Apr-19, 04:03:43 
2-Apr-19, 04:03:43 
2-Apr-19, 04:03:43 
2-Apr-19, 04:03:43 
2-Apr-19, 04:03:43 
2-Apr-19, 04:03:43 
2-Apr-19, 04:03:43 
2-Apr-19, 04:03:43 
2-Apr-19, 04:03:43 
2-Apr-19, 04:03:43 
2-Apr-19, 04:03:43 
2-Apr-19, 04:03:43 
2-Apr-19, 04:03:43 
2-Apr-19, 04:03:43 
2-Apr-19, 04:03:43 
2-Apr-19, 04:03:43 
2-Apr-19, 04:03:43 
2-Apr-19, 04:03:43 
2-Apr-19, 04:03:43 
2-Apr-19, 04:03:43 
2-Apr-19, 04:03:43 
2-Apr-19, 04:03:43 
2-Apr-19, 04:03:43 
2-Apr-19, 04:03:43 
2-Apr-19, 04:03:43 
2-Apr-19, 04:03:43 
2-Apr-19, 04:03:43 
2-Apr-19, 04:03:43 
2-Apr-19, 04:03:43 
2-Apr-19, 04:03:43 
2-Apr-19, 04:03:43 
2-Apr-19, 04:03:43 
2-Apr-19, 04:03:43 
2-Apr-19, 04:03:43 
2-Apr-19, 04:03:43 
2-Apr-19, 04:03:43 
2-Apr-19, 04:03:43 
2-Apr-19, 04:03:43 
2-Apr-19, 04:03:43 
2-Apr-19, 04:03:43 
2-Apr-19, 04:03:43 
2-Apr-19, 04:03:43 
2-Apr-19, 04:03:43 
2-Apr-19, 04:03:43 
2-Apr-19, 04:03:43 
2-Apr-19, 04:03:43 
2-Apr-19, 04:03:43 
2-Apr-19, 04:03:44 
2-Apr-19, 04:03:44 
2-Apr-19, 04:03:44 
2-Apr-19, 04:03:44 
2-Apr-19, 04:03:44 
2-Apr-19, 04:03:44 
2-Apr-19, 04:03:44 
2-Apr-19, 04:03:44 
2-Apr-19, 04:03:44 
2-Apr-19, 04:03:44 
2-Apr-19, 04:03:44 
2-Apr-19, 04:03:44 
2-Apr-19, 04:03:44 
2-Apr-19, 04:03:44 
2-Apr-19, 04:03:44 
2-Apr-19, 04:03:44 
2-Apr-19, 04:03:44 
2-Apr-19, 04:03:44 
2-Apr-19, 04:03:44 
2-Apr-19, 04:03:44 
2-Apr-19, 04:03:44 
2-Apr-19, 04:03:44 
2-Apr-19, 04:03:44 
2-Apr-19, 04:03:44 
2-Apr-19, 04:03:44 
2-Apr-19, 04:03:44 
2-Apr-19, 04:03:44 
2-Apr-19, 04:03:44 
2-Apr-19, 04:03:44 
2-Apr-19, 04:03:44 
2-Apr-19, 04:03:44 
2-Apr-19, 04:03:44 
2-Apr-19, 04:03:44 
2-Apr-19, 04:03:44 
2-Apr-19, 04:03:44 
2-Apr-19, 04:03:44 
2-Apr-19, 04:03:44 
2-Apr-19, 04:03:44 
2-Apr-19, 04:03:44 
2-Apr-19, 04:03:44 
2-Apr-19, 04:03:44 
2-Apr-19, 04:03:44 
2-Apr-19, 04:03:44 
2-Apr-19, 04:03:44 
2-Apr-19, 04:03:44 
2-Apr-19, 04:03:44 
2-Apr-19, 04:03:44 
2-Apr-19, 04:03:44 
2-Apr-19, 04:03:45 
2-Apr-19, 04:03:45 
2-Apr-19, 04:03:45 
2-Apr-19, 04:03:45 
2-Apr-19, 04:03:45 
2-Apr-19, 04:03:45 
2-Apr-19, 04:03:45 
2-Apr-19, 04:03:45 
2-Apr-19, 04:03:45 
2-Apr-19, 04:03:45 
2-Apr-19, 04:03:45 
2-Apr-19, 04:03:45 
2-Apr-19, 04:03:45 
2-Apr-19, 04:03:45 
2-Apr-19, 04:03:45 
2-Apr-19, 04:03:45 
2-Apr-19, 04:03:45 
2-Apr-19, 04:03:45 
2-Apr-19, 04:03:45 
2-Apr-19, 04:03:45 
2-Apr-19, 04:03:45 
2-Apr-19, 04:03:45 
2-Apr-19, 04:03:45 
2-Apr-19, 04:03:45 
2-Apr-19, 04:03:45 
2-Apr-19, 04:03:45 
2-Apr-19, 04:03:45 
2-Apr-19, 04:03:45 
2-Apr-19, 04:03:45 
2-Apr-19, 04:03:45 
2-Apr-19, 04:03:45 
2-Apr-19, 04:03:45 
2-Apr-19, 04:03:45 
2-Apr-19, 04:03:45 
2-Apr-19, 04:03:45 
2-Apr-19, 04:03:45 
2-Apr-19, 04:03:45 
2-Apr-19, 04:03:45 
2-Apr-19, 04:03:45 
2-Apr-19, 04:03:45 
2-Apr-19, 04:03:45 
2-Apr-19, 04:03:45 
2-Apr-19, 04:03:45 
2-Apr-19, 04:03:45 
2-Apr-19, 04:03:45 
2-Apr-19, 04:03:45 
2-Apr-19, 04:03:45 
2-Apr-19, 04:03:45 
2-Apr-19, 04:03:45 
2-Apr-19, 04:03:45 
2-Apr-19, 04:03:45 
2-Apr-19, 04:03:45 
2-Apr-19, 04:03:45 
2-Apr-19, 04:03:45 
2-Apr-19, 04:03:45 
2-Apr-19, 04:03:45 
2-Apr-19, 04:03:46 
2-Apr-19, 04:03:46 
2-Apr-19, 04:03:46 
2-Apr-19, 04:03:46 
2-Apr-19, 04:03:46 
2-Apr-19, 04:03:46 
2-Apr-19, 04:03:46 
2-Apr-19, 04:03:46 
2-Apr-19, 04:03:46 
2-Apr-19, 04:03:46 
2-Apr-19, 04:03:46 
2-Apr-19, 04:03:46 
2-Apr-19, 04:03:46 
2-Apr-19, 04:03:46 
2-Apr-19, 04:03:46 
2-Apr-19, 04:03:46 
2-Apr-19, 04:03:46 
2-Apr-19, 04:03:46 
2-Apr-19, 04:03:46 
2-Apr-19, 04:03:46 
2-Apr-19, 04:03:46 
2-Apr-19, 04:03:46 
2-Apr-19, 04:03:46 
2-Apr-19, 04:03:46 
2-Apr-19, 04:03:46 
2-Apr-19, 04:03:46 
2-Apr-19, 04:03:46 
2-Apr-19, 04:03:46 
2-Apr-19, 04:03:46 
2-Apr-19, 04:03:46 
2-Apr-19, 04:03:46 
2-Apr-19, 04:03:46 
2-Apr-19, 04:03:46 
2-Apr-19, 04:03:46 
2-Apr-19, 04:03:46 
2-Apr-19, 04:03:46 
2-Apr-19, 04:03:46 
2-Apr-19, 04:03:46 
2-Apr-19, 04:03:46 
2-Apr-19, 04:03:46 
2-Apr-19, 04:03:46 
2-Apr-19, 04:03:46 
2-Apr-19, 04:03:46 
2-Apr-19, 04:03:46 
2-Apr-19, 04:03:46 
2-Apr-19, 04:03:46 
2-Apr-19, 04:03:46 
2-Apr-19, 04:03:46 
2-Apr-19, 04:03:46 
2-Apr-19, 04:03:46 
2-Apr-19, 04:03:46 
2-Apr-19, 04:03:46 
2-Apr-19, 04:03:46 
2-Apr-19, 04:03:46 
2-Apr-19, 04:03:46 
2-Apr-19, 04:03:46 
2-Apr-19, 04:03:46 
2-Apr-19, 04:03:47 
2-Apr-19, 04:03:47 
2-Apr-19, 04:03:47 
2-Apr-19, 04:03:47 
2-Apr-19, 04:03:47 
2-Apr-19, 04:03:47 
2-Apr-19, 04:03:47 
2-Apr-19, 04:03:47 
2-Apr-19, 04:03:47 
2-Apr-19, 04:03:47 
2-Apr-19, 04:03:47 
2-Apr-19, 04:03:47 
2-Apr-19, 04:03:47 
2-Apr-19, 04:03:47 
2-Apr-19, 04:03:47 
2-Apr-19, 04:03:47 
2-Apr-19, 04:03:47 
2-Apr-19, 04:03:47 
2-Apr-19, 04:03:47 
2-Apr-19, 04:03:47 
2-Apr-19, 04:03:47 
2-Apr-19, 04:03:47 
2-Apr-19, 04:03:47 
2-Apr-19, 04:03:47 
2-Apr-19, 04:03:47 
2-Apr-19, 04:03:47 
2-Apr-19, 04:03:47 
2-Apr-19, 04:03:47 
2-Apr-19, 04:03:47 
2-Apr-19, 04:03:47 
2-Apr-19, 04:03:47 
2-Apr-19, 04:03:47 
2-Apr-19, 04:03:47 
2-Apr-19, 04:03:47 
2-Apr-19, 04:03:47 
2-Apr-19, 04:03:47 
2-Apr-19, 04:03:47 
2-Apr-19, 04:03:47 
2-Apr-19, 04:03:47 
2-Apr-19, 04:03:47 
2-Apr-19, 04:03:47 
2-Apr-19, 04:03:47 
2-Apr-19, 04:03:47 
2-Apr-19, 04:03:47 
2-Apr-19, 04:03:47 
2-Apr-19, 04:03:47 
2-Apr-19, 04:03:47 
2-Apr-19, 04:03:47 
2-Apr-19, 04:03:47 
2-Apr-19, 04:03:47 
2-Apr-19, 04:03:47 
2-Apr-19, 04:03:47 
2-Apr-19, 04:03:47 
2-Apr-19, 04:03:47 
2-Apr-19, 04:03:48 
2-Apr-19, 04:03:48 
2-Apr-19, 04:03:48 
2-Apr-19, 04:03:48 
2-Apr-19, 04:03:48 
2-Apr-19, 04:03:48 
2-Apr-19, 04:03:48 
2-Apr-19, 04:03:48 
2-Apr-19, 04:03:48 
2-Apr-19, 04:03:48 
2-Apr-19, 04:03:48 
2-Apr-19, 04:03:48 
2-Apr-19, 04:03:48 
2-Apr-19, 04:03:48 
2-Apr-19, 04:03:48 
2-Apr-19, 04:03:48 
2-Apr-19, 04:03:48 
2-Apr-19, 04:03:48 
2-Apr-19, 04:03:48 
2-Apr-19, 04:03:48 
2-Apr-19, 04:03:48 
2-Apr-19, 04:03:48 
2-Apr-19, 04:03:48 
2-Apr-19, 04:03:48 
2-Apr-19, 04:03:48 
2-Apr-19, 04:03:48 
2-Apr-19, 04:03:48 
2-Apr-19, 04:03:48 
2-Apr-19, 04:03:48 
2-Apr-19, 04:03:48 
2-Apr-19, 04:03:48 
2-Apr-19, 04:03:48 
2-Apr-19, 04:03:48 
2-Apr-19, 04:03:48 
2-Apr-19, 04:03:48 
2-Apr-19, 04:03:48 
2-Apr-19, 04:03:48 
2-Apr-19, 04:03:48 
2-Apr-19, 04:03:48 
2-Apr-19, 04:03:48 
2-Apr-19, 04:03:48 
2-Apr-19, 04:03:48 
2-Apr-19, 04:03:48 
2-Apr-19, 04:03:48 
2-Apr-19, 04:03:48 
2-Apr-19, 04:03:48 
2-Apr-19, 04:03:48 
2-Apr-19, 04:03:48 
2-Apr-19, 04:03:48 
2-Apr-19, 04:03:48 
2-Apr-19, 04:03:48 
2-Apr-19, 04:03:48 
2-Apr-19, 04:03:48 
2-Apr-19, 04:03:48 
2-Apr-19, 04:03:48 
2-Apr-19, 04:03:48 
2-Apr-19, 04:03:49 
2-Apr-19, 04:03:49 
2-Apr-19, 04:03:49 
2-Apr-19, 04:03:49 
2-Apr-19, 04:03:49 
2-Apr-19, 04:03:49 
2-Apr-19, 04:03:49 
2-Apr-19, 04:03:49 
2-Apr-19, 04:03:49 
2-Apr-19, 04:03:49 
2-Apr-19, 04:03:49 
2-Apr-19, 04:03:49 
2-Apr-19, 04:03:49 
2-Apr-19, 04:03:49 
2-Apr-19, 04:03:49 
2-Apr-19, 04:03:49 
2-Apr-19, 04:03:49 
2-Apr-19, 04:03:49 
2-Apr-19, 04:03:49 
2-Apr-19, 04:03:49 
2-Apr-19, 04:03:49 
2-Apr-19, 04:03:49 
2-Apr-19, 04:03:49 
2-Apr-19, 04:03:49 
2-Apr-19, 04:03:49 
2-Apr-19, 04:03:49 
2-Apr-19, 04:03:49 
2-Apr-19, 04:03:49 
2-Apr-19, 04:03:49 
2-Apr-19, 04:03:49 
2-Apr-19, 04:03:49 
2-Apr-19, 04:03:49 
2-Apr-19, 04:03:49 
2-Apr-19, 04:03:49 
2-Apr-19, 04:03:49 
2-Apr-19, 04:03:49 
2-Apr-19, 04:03:49 
2-Apr-19, 04:03:49 
2-Apr-19, 04:03:49 
2-Apr-19, 04:03:49 
2-Apr-19, 04:03:49 
2-Apr-19, 04:03:49 
2-Apr-19, 04:03:50 
2-Apr-19, 04:03:50 
2-Apr-19, 04:03:50 
2-Apr-19, 04:03:50 
2-Apr-19, 04:03:50 
2-Apr-19, 04:03:50 
2-Apr-19, 04:03:50 
2-Apr-19, 04:03:50 
2-Apr-19, 04:03:50 
2-Apr-19, 04:03:50 
2-Apr-19, 04:03:50 
2-Apr-19, 04:03:50 
2-Apr-19, 04:03:50 
2-Apr-19, 04:03:50 
2-Apr-19, 04:03:50 
2-Apr-19, 04:03:50 
2-Apr-19, 04:03:50 
2-Apr-19, 04:03:50 
2-Apr-19, 04:03:50 
2-Apr-19, 04:03:50 
2-Apr-19, 04:03:50 
2-Apr-19, 04:03:50 
2-Apr-19, 04:03:50 
2-Apr-19, 04:03:50 
2-Apr-19, 04:03:50 
2-Apr-19, 04:03:50 
2-Apr-19, 04:03:50 
2-Apr-19, 04:03:50 
2-Apr-19, 04:03:50 
2-Apr-19, 04:03:50 
2-Apr-19, 04:03:50 
2-Apr-19, 04:03:50 
2-Apr-19, 04:03:50 
2-Apr-19, 04:03:50 
2-Apr-19, 04:03:50 
2-Apr-19, 04:03:50 
2-Apr-19, 04:03:50 
2-Apr-19, 04:03:50 
2-Apr-19, 04:03:50 
2-Apr-19, 04:03:50 
2-Apr-19, 04:03:50 
2-Apr-19, 04:03:51 
2-Apr-19, 04:03:51 
2-Apr-19, 04:03:51 
2-Apr-19, 04:03:51 
2-Apr-19, 04:03:51 
2-Apr-19, 04:03:51 
2-Apr-19, 04:03:51 
2-Apr-19, 04:03:51 
2-Apr-19, 04:03:51 
2-Apr-19, 04:03:51 
2-Apr-19, 04:03:51 
2-Apr-19, 04:03:51 
2-Apr-19, 04:03:51 
2-Apr-19, 04:03:51 
2-Apr-19, 04:03:51 
2-Apr-19, 04:03:51 
2-Apr-19, 04:03:51 
2-Apr-19, 04:03:51 
2-Apr-19, 04:03:51 
2-Apr-19, 04:03:51 
2-Apr-19, 04:03:51 
2-Apr-19, 04:03:51 
2-Apr-19, 04:03:51 
2-Apr-19, 04:03:51 
2-Apr-19, 04:03:51 
2-Apr-19, 04:03:51 
2-Apr-19, 04:03:51 
2-Apr-19, 04:03:51 
2-Apr-19, 04:03:51 
2-Apr-19, 04:03:51 
2-Apr-19, 04:03:51 
2-Apr-19, 04:03:51 
2-Apr-19, 04:03:51 
2-Apr-19, 04:03:51 
2-Apr-19, 04:03:51 
2-Apr-19, 04:03:51 
2-Apr-19, 04:03:51 
2-Apr-19, 04:03:51 
2-Apr-19, 04:03:51 
2-Apr-19, 04:03:51 
2-Apr-19, 04:03:51 
2-Apr-19, 04:03:51 
2-Apr-19, 04:03:51 
2-Apr-19, 04:03:51 
2-Apr-19, 04:03:51 
2-Apr-19, 04:03:51 
2-Apr-19, 04:03:51 
2-Apr-19, 04:03:51 
2-Apr-19, 04:03:51 
2-Apr-19, 04:03:51 
2-Apr-19, 04:03:51 
2-Apr-19, 04:03:51 
2-Apr-19, 04:03:51 
2-Apr-19, 04:03:51 
2-Apr-19, 04:03:51 
2-Apr-19, 04:03:51 
2-Apr-19, 04:03:51 
2-Apr-19, 04:03:51 
2-Apr-19, 04:03:51 
2-Apr-19, 04:03:51 
2-Apr-19, 04:03:51 
2-Apr-19, 04:03:51 
2-Apr-19, 04:03:51 
2-Apr-19, 04:03:51 
2-Apr-19, 04:03:51 
2-Apr-19, 04:03:51 
2-Apr-19, 04:03:51 
2-Apr-19, 04:03:52 
2-Apr-19, 04:03:52 
2-Apr-19, 04:03:52 
2-Apr-19, 04:03:52 
2-Apr-19, 04:03:52 
2-Apr-19, 04:03:52 
2-Apr-19, 04:03:52 
2-Apr-19, 04:03:52 
2-Apr-19, 04:03:52 
2-Apr-19, 04:03:52 
2-Apr-19, 04:03:52 
2-Apr-19, 04:03:52 
2-Apr-19, 04:03:52 
2-Apr-19, 04:03:52 
2-Apr-19, 04:03:52 
2-Apr-19, 04:03:52 
2-Apr-19, 04:03:52 
2-Apr-19, 04:03:52 
2-Apr-19, 04:03:52 
2-Apr-19, 04:03:52 
2-Apr-19, 04:03:52 
2-Apr-19, 04:03:52 
2-Apr-19, 04:03:52 
2-Apr-19, 04:03:52 
2-Apr-19, 04:03:52 
2-Apr-19, 04:03:52 
2-Apr-19, 04:03:52 
2-Apr-19, 04:03:52 
2-Apr-19, 04:03:52 
2-Apr-19, 04:03:52 
2-Apr-19, 04:03:52 
2-Apr-19, 04:03:52 
2-Apr-19, 04:03:52 
2-Apr-19, 04:03:52 
2-Apr-19, 04:03:52 
2-Apr-19, 04:03:52 
2-Apr-19, 04:03:52 
2-Apr-19, 04:03:52 
2-Apr-19, 04:03:52 
2-Apr-19, 04:03:52 
2-Apr-19, 04:03:52 
2-Apr-19, 04:03:52 
2-Apr-19, 04:03:52 
2-Apr-19, 04:03:52 
2-Apr-19, 04:03:52 
2-Apr-19, 04:03:52 
2-Apr-19, 04:03:53 
2-Apr-19, 04:03:53 
2-Apr-19, 04:03:53 
2-Apr-19, 04:03:53 
2-Apr-19, 04:03:53 
2-Apr-19, 04:03:53 
2-Apr-19, 04:03:53 
2-Apr-19, 04:03:53 
2-Apr-19, 04:03:53 
2-Apr-19, 04:03:53 
2-Apr-19, 04:03:53 
2-Apr-19, 04:03:53 
2-Apr-19, 04:03:53 
2-Apr-19, 04:03:53 
2-Apr-19, 04:03:53 
2-Apr-19, 04:03:53 
2-Apr-19, 04:03:53 
2-Apr-19, 04:03:53 
2-Apr-19, 04:03:53 
2-Apr-19, 04:03:53 
2-Apr-19, 04:03:53 
2-Apr-19, 04:03:53 
2-Apr-19, 04:03:53 
2-Apr-19, 04:03:53 
2-Apr-19, 04:03:53 
2-Apr-19, 04:03:53 
2-Apr-19, 04:03:53 
2-Apr-19, 04:03:53 
2-Apr-19, 04:03:53 
2-Apr-19, 04:03:53 
2-Apr-19, 04:03:53 
2-Apr-19, 04:03:53 
2-Apr-19, 04:03:53 
2-Apr-19, 04:03:53 
2-Apr-19, 04:03:53 
2-Apr-19, 04:03:53 
2-Apr-19, 04:03:53 
2-Apr-19, 04:03:53 
2-Apr-19, 04:03:53 
2-Apr-19, 04:03:53 
2-Apr-19, 04:03:53 
2-Apr-19, 04:03:53 
2-Apr-19, 04:03:53 
2-Apr-19, 04:03:53 
2-Apr-19, 04:03:53 
2-Apr-19, 04:03:53 
2-Apr-19, 04:03:53 
2-Apr-19, 04:03:53 
2-Apr-19, 04:03:53 
2-Apr-19, 04:03:53 
2-Apr-19, 04:03:53 
2-Apr-19, 04:03:53 
2-Apr-19, 04:03:53 
2-Apr-19, 04:03:53 
2-Apr-19, 04:03:53 
2-Apr-19, 04:03:53 
2-Apr-19, 04:03:53 
2-Apr-19, 04:03:53 
2-Apr-19, 04:03:53 
2-Apr-19, 04:03:53 
2-Apr-19, 04:03:53 
2-Apr-19, 04:03:53 
2-Apr-19, 04:03:53 
2-Apr-19, 04:03:53 
2-Apr-19, 04:03:53 
2-Apr-19, 04:03:53 
2-Apr-19, 04:03:53 
2-Apr-19, 04:03:53 
2-Apr-19, 04:03:53 
2-Apr-19, 04:03:53 
2-Apr-19, 04:03:53 
2-Apr-19, 04:03:54 
2-Apr-19, 04:03:54 
2-Apr-19, 04:03:54 
2-Apr-19, 04:03:54 
2-Apr-19, 04:03:54 
2-Apr-19, 04:03:54 
2-Apr-19, 04:03:54 
2-Apr-19, 04:03:54 
2-Apr-19, 04:03:54 
2-Apr-19, 04:03:54 
2-Apr-19, 04:03:54 
2-Apr-19, 04:03:54 
2-Apr-19, 04:03:54 
2-Apr-19, 04:03:54 
2-Apr-19, 04:03:54 
2-Apr-19, 04:03:54 
2-Apr-19, 04:03:54 
2-Apr-19, 04:03:54 
2-Apr-19, 04:03:54 
2-Apr-19, 04:03:54 
2-Apr-19, 04:03:54 
2-Apr-19, 04:03:54 
2-Apr-19, 04:03:54 
2-Apr-19, 04:03:54 
2-Apr-19, 04:03:54 
2-Apr-19, 04:03:54 
2-Apr-19, 04:03:54 
2-Apr-19, 04:03:54 
2-Apr-19, 04:03:54 
2-Apr-19, 04:03:54 
2-Apr-19, 04:03:54 
2-Apr-19, 04:03:54 
2-Apr-19, 04:03:54 
2-Apr-19, 04:03:54 
2-Apr-19, 04:03:54 
2-Apr-19, 04:03:54 
2-Apr-19, 04:03:54 
2-Apr-19, 04:03:54 
2-Apr-19, 04:03:54 
2-Apr-19, 04:03:54 
2-Apr-19, 04:03:54 
2-Apr-19, 04:03:54 
2-Apr-19, 04:03:54 
2-Apr-19, 04:03:54 
2-Apr-19, 04:03:54 
2-Apr-19, 04:03:54 
2-Apr-19, 04:03:54 
2-Apr-19, 04:03:54 
2-Apr-19, 04:03:54 
2-Apr-19, 04:03:54 
2-Apr-19, 04:03:54 
2-Apr-19, 04:03:54 
2-Apr-19, 04:03:55 
2-Apr-19, 04:03:55 
2-Apr-19, 04:03:55 
2-Apr-19, 04:03:55 
2-Apr-19, 04:03:55 
2-Apr-19, 04:03:55 
2-Apr-19, 04:03:55 
2-Apr-19, 04:03:55 
2-Apr-19, 04:03:55 
2-Apr-19, 04:03:55 
2-Apr-19, 04:03:55 
2-Apr-19, 04:03:55 
2-Apr-19, 04:03:55 
2-Apr-19, 04:03:55 
2-Apr-19, 04:03:55 
2-Apr-19, 04:03:55 
2-Apr-19, 04:03:55 
2-Apr-19, 04:03:55 
2-Apr-19, 04:03:55 
2-Apr-19, 04:03:55 
2-Apr-19, 04:03:55 
2-Apr-19, 04:03:55 
2-Apr-19, 04:03:55 
2-Apr-19, 04:03:55 
2-Apr-19, 04:03:55 
2-Apr-19, 04:03:55 
2-Apr-19, 04:03:55 
2-Apr-19, 04:03:55 
2-Apr-19, 04:03:55 
2-Apr-19, 04:03:55 
2-Apr-19, 04:03:55 
2-Apr-19, 04:03:55 
2-Apr-19, 04:03:55 
2-Apr-19, 04:03:55 
2-Apr-19, 04:03:55 
2-Apr-19, 04:03:55 
2-Apr-19, 04:03:55 
2-Apr-19, 04:03:55 
2-Apr-19, 04:03:55 
2-Apr-19, 04:03:55 
2-Apr-19, 04:03:55 
2-Apr-19, 04:03:56 
2-Apr-19, 04:03:56 
2-Apr-19, 04:03:56 
2-Apr-19, 04:03:56 
2-Apr-19, 04:03:56 
2-Apr-19, 04:03:56 
2-Apr-19, 04:03:56 
2-Apr-19, 04:03:56 
2-Apr-19, 04:03:56 
2-Apr-19, 04:03:56 
2-Apr-19, 04:03:56 
2-Apr-19, 04:03:56 
2-Apr-19, 04:03:56 
2-Apr-19, 04:03:56 
2-Apr-19, 04:03:56 
2-Apr-19, 04:03:56 
2-Apr-19, 04:03:56 
2-Apr-19, 04:03:56 
2-Apr-19, 04:03:56 
2-Apr-19, 04:03:56 
2-Apr-19, 04:03:56 
2-Apr-19, 04:03:56 
2-Apr-19, 04:03:56 
2-Apr-19, 04:03:56 
2-Apr-19, 04:03:56 
2-Apr-19, 04:03:56 
2-Apr-19, 04:03:56 
2-Apr-19, 04:03:56 
2-Apr-19, 04:03:56 
2-Apr-19, 04:03:56 
2-Apr-19, 04:03:56 
2-Apr-19, 04:03:56 
2-Apr-19, 04:03:56 
2-Apr-19, 04:03:56 
2-Apr-19, 04:03:56 
2-Apr-19, 04:03:56 
2-Apr-19, 04:03:56 
2-Apr-19, 04:03:56 
2-Apr-19, 04:03:56 
2-Apr-19, 04:03:56 
2-Apr-19, 04:03:56 
2-Apr-19, 04:03:56 
2-Apr-19, 04:03:56 
2-Apr-19, 04:03:56 
2-Apr-19, 04:03:56 
2-Apr-19, 04:03:56 
2-Apr-19, 04:03:56 
2-Apr-19, 04:03:56 
2-Apr-19, 04:03:56 
2-Apr-19, 04:03:56 
2-Apr-19, 04:03:56 
2-Apr-19, 04:03:56 
2-Apr-19, 04:03:56 
2-Apr-19, 04:03:56 
2-Apr-19, 04:03:57 
2-Apr-19, 04:03:57 
2-Apr-19, 04:03:57 
2-Apr-19, 04:03:57 
2-Apr-19, 04:03:57 
2-Apr-19, 04:03:57 
2-Apr-19, 04:03:57 
2-Apr-19, 04:03:57 
2-Apr-19, 04:03:57 
2-Apr-19, 04:03:57 
2-Apr-19, 04:03:57 
2-Apr-19, 04:03:57 
2-Apr-19, 04:03:57 
2-Apr-19, 04:03:57 
2-Apr-19, 04:03:57 
2-Apr-19, 04:03:57 
2-Apr-19, 04:03:57 
2-Apr-19, 04:03:57 
2-Apr-19, 04:03:57 
2-Apr-19, 04:03:57 
2-Apr-19, 04:03:57 
2-Apr-19, 04:03:57 
2-Apr-19, 04:03:57 
2-Apr-19, 04:03:57 
2-Apr-19, 04:03:57 
2-Apr-19, 04:03:57 
2-Apr-19, 04:03:57 
2-Apr-19, 04:03:57 
2-Apr-19, 04:03:57 
2-Apr-19, 04:03:57 
2-Apr-19, 04:03:57 
2-Apr-19, 04:03:57 
2-Apr-19, 04:03:57 
2-Apr-19, 04:03:57 
2-Apr-19, 04:03:57 
2-Apr-19, 04:03:57 
2-Apr-19, 04:03:57 
2-Apr-19, 04:03:57 
2-Apr-19, 04:03:57 
2-Apr-19, 04:03:57 
2-Apr-19, 04:03:57 
2-Apr-19, 04:03:57 
2-Apr-19, 04:03:57 
2-Apr-19, 04:03:57 
2-Apr-19, 04:03:58 
2-Apr-19, 04:03:58 
2-Apr-19, 04:03:58 
2-Apr-19, 04:03:58 
2-Apr-19, 04:03:58 
2-Apr-19, 04:03:58 
2-Apr-19, 04:03:58 
2-Apr-19, 04:03:58 
2-Apr-19, 04:03:58 
2-Apr-19, 04:03:58 
2-Apr-19, 04:03:58 
2-Apr-19, 04:03:58 
2-Apr-19, 04:03:58 
2-Apr-19, 04:03:58 
2-Apr-19, 04:03:58 
2-Apr-19, 04:03:58 
2-Apr-19, 04:03:58 
2-Apr-19, 04:03:58 
2-Apr-19, 04:03:58 
2-Apr-19, 04:03:58 
2-Apr-19, 04:03:58 
2-Apr-19, 04:03:58 
2-Apr-19, 04:03:58 
2-Apr-19, 04:03:58 
2-Apr-19, 04:03:58 
2-Apr-19, 04:03:58 
2-Apr-19, 04:03:58 
2-Apr-19, 04:03:58 
2-Apr-19, 04:03:58 
2-Apr-19, 04:03:58 
2-Apr-19, 04:03:58 
2-Apr-19, 04:03:58 
2-Apr-19, 04:03:58 
2-Apr-19, 04:03:58 
2-Apr-19, 04:03:58 
2-Apr-19, 04:03:58 
2-Apr-19, 04:03:58 
2-Apr-19, 04:03:58 
2-Apr-19, 04:03:58 
2-Apr-19, 04:03:58 
2-Apr-19, 04:03:58 
2-Apr-19, 04:03:58 
2-Apr-19, 04:03:58 
2-Apr-19, 04:03:58 
2-Apr-19, 04:03:58 
2-Apr-19, 04:03:58 
2-Apr-19, 04:03:58 
2-Apr-19, 04:03:58 
2-Apr-19, 04:03:58 
2-Apr-19, 04:03:58 
2-Apr-19, 04:03:58 
2-Apr-19, 04:03:58 
2-Apr-19, 04:03:58 
2-Apr-19, 04:03:58 
2-Apr-19, 04:03:58 
2-Apr-19, 04:03:58 
2-Apr-19, 04:03:58 
2-Apr-19, 04:03:58 
2-Apr-19, 04:03:58 
2-Apr-19, 04:03:58 
2-Apr-19, 04:03:58 
2-Apr-19, 04:03:58 
2-Apr-19, 04:03:58 
2-Apr-19, 04:03:58 
2-Apr-19, 04:03:58 
2-Apr-19, 04:03:58 
2-Apr-19, 04:03:58 
2-Apr-19, 04:03:58 
2-Apr-19, 04:03:58 
2-Apr-19, 04:03:58 
2-Apr-19, 04:03:58 
2-Apr-19, 04:03:58 
2-Apr-19, 04:03:59 
2-Apr-19, 04:03:59 
2-Apr-19, 04:03:59 
2-Apr-19, 04:03:59 
2-Apr-19, 04:03:59 
2-Apr-19, 04:03:59 
2-Apr-19, 04:03:59 
2-Apr-19, 04:03:59 
2-Apr-19, 04:03:59 
2-Apr-19, 04:03:59 
2-Apr-19, 04:03:59 
2-Apr-19, 04:03:59 
2-Apr-19, 04:03:59 
2-Apr-19, 04:03:59 
2-Apr-19, 04:03:59 
2-Apr-19, 04:03:59 
2-Apr-19, 04:03:59 
2-Apr-19, 04:03:59 
2-Apr-19, 04:03:59 
2-Apr-19, 04:03:59 
2-Apr-19, 04:03:59 
2-Apr-19, 04:03:59 
2-Apr-19, 04:03:59 
2-Apr-19, 04:03:59 
2-Apr-19, 04:03:59 
2-Apr-19, 04:03:59 
2-Apr-19, 04:03:59 
2-Apr-19, 04:03:59 
2-Apr-19, 04:03:59 
2-Apr-19, 04:03:59 
2-Apr-19, 04:03:59 
2-Apr-19, 04:03:59 
2-Apr-19, 04:03:59 
2-Apr-19, 04:03:59 
2-Apr-19, 04:03:59 
2-Apr-19, 04:03:59 
2-Apr-19, 04:03:59 
2-Apr-19, 04:03:59 
2-Apr-19, 04:03:59 
2-Apr-19, 04:03:59 
2-Apr-19, 04:03:59 
2-Apr-19, 04:03:59 
2-Apr-19, 04:03:59 
2-Apr-19, 04:03:59 
2-Apr-19, 04:03:59 
2-Apr-19, 04:03:59 
2-Apr-19, 04:03:59 
2-Apr-19, 04:03:59 
2-Apr-19, 04:03:59 
2-Apr-19, 04:03:59 
2-Apr-19, 04:03:59 
2-Apr-19, 04:03:59 
2-Apr-19, 04:03:59 
2-Apr-19, 04:03:59 
2-Apr-19, 04:03:59 
2-Apr-19, 04:03:59 
2-Apr-19, 04:04:00 
2-Apr-19, 04:04:00 
2-Apr-19, 04:04:00 
2-Apr-19, 04:04:00 
2-Apr-19, 04:04:00 
2-Apr-19, 04:04:00 
2-Apr-19, 04:04:00 
2-Apr-19, 04:04:00 
2-Apr-19, 04:04:00 
2-Apr-19, 04:04:00 
2-Apr-19, 04:04:00 
2-Apr-19, 04:04:00 
2-Apr-19, 04:04:00 
2-Apr-19, 04:04:00 
2-Apr-19, 04:04:00 
2-Apr-19, 04:04:00 
2-Apr-19, 04:04:00 
2-Apr-19, 04:04:00 
2-Apr-19, 04:04:00 
2-Apr-19, 04:04:00 
2-Apr-19, 04:04:00 
2-Apr-19, 04:04:00 
2-Apr-19, 04:04:00 
2-Apr-19, 04:04:00 
2-Apr-19, 04:04:00 
2-Apr-19, 04:04:00 
2-Apr-19, 04:04:00 
2-Apr-19, 04:04:00 
2-Apr-19, 04:04:00 
2-Apr-19, 04:04:00 
2-Apr-19, 04:04:00 
2-Apr-19, 04:04:00 
2-Apr-19, 04:04:00 
2-Apr-19, 04:04:00 
2-Apr-19, 04:04:00 
2-Apr-19, 04:04:00 
2-Apr-19, 04:04:00 
2-Apr-19, 04:04:00 
2-Apr-19, 04:04:00 
2-Apr-19, 04:04:00 
2-Apr-19, 04:04:00 
2-Apr-19, 04:04:00 
2-Apr-19, 04:04:00 
2-Apr-19, 04:04:00 
2-Apr-19, 04:04:00 
2-Apr-19, 04:04:00 
2-Apr-19, 04:04:00 
2-Apr-19, 04:04:00 
2-Apr-19, 04:04:00 
2-Apr-19, 04:04:00 
2-Apr-19, 04:04:00 
2-Apr-19, 04:04:00 
2-Apr-19, 04:04:00 
2-Apr-19, 04:04:00 
2-Apr-19, 04:04:00 
2-Apr-19, 04:04:01 
2-Apr-19, 04:04:01 
2-Apr-19, 04:04:01 
2-Apr-19, 04:04:01 
2-Apr-19, 04:04:01 
2-Apr-19, 04:04:01 
2-Apr-19, 04:04:01 
2-Apr-19, 04:04:01 
2-Apr-19, 04:04:01 
2-Apr-19, 04:04:01 
2-Apr-19, 04:04:01 
2-Apr-19, 04:04:01 
2-Apr-19, 04:04:01 
2-Apr-19, 04:04:01 
2-Apr-19, 04:04:01 
2-Apr-19, 04:04:01 
2-Apr-19, 04:04:01 
2-Apr-19, 04:04:01 
2-Apr-19, 04:04:01 
2-Apr-19, 04:04:01 
2-Apr-19, 04:04:01 
2-Apr-19, 04:04:01 
2-Apr-19, 04:04:01 
2-Apr-19, 04:04:01 
2-Apr-19, 04:04:01 
2-Apr-19, 04:04:01 
2-Apr-19, 04:04:01 
2-Apr-19, 04:04:01 
2-Apr-19, 04:04:01 
2-Apr-19, 04:04:01 
2-Apr-19, 04:04:01 
2-Apr-19, 04:04:01 
2-Apr-19, 04:04:01 
2-Apr-19, 04:04:01 
2-Apr-19, 04:04:01 
2-Apr-19, 04:04:01 
2-Apr-19, 04:04:01 
2-Apr-19, 04:04:01 
2-Apr-19, 04:04:01 
2-Apr-19, 04:04:01 
2-Apr-19, 04:04:01 
2-Apr-19, 04:04:01 
2-Apr-19, 04:04:01 
2-Apr-19, 04:04:01 
2-Apr-19, 04:04:01 
2-Apr-19, 04:04:01 
2-Apr-19, 04:04:01 
2-Apr-19, 04:04:01 
2-Apr-19, 04:04:01 
2-Apr-19, 04:04:01 
2-Apr-19, 04:04:01 
2-Apr-19, 04:04:02 
2-Apr-19, 04:04:02 
2-Apr-19, 04:04:02 
2-Apr-19, 04:04:02 
2-Apr-19, 04:04:02 
2-Apr-19, 04:04:02 
2-Apr-19, 04:04:02 
2-Apr-19, 04:04:02 
2-Apr-19, 04:04:02 
2-Apr-19, 04:04:02 
2-Apr-19, 04:04:02 
2-Apr-19, 04:04:02 
2-Apr-19, 04:04:02 
2-Apr-19, 04:04:02 
2-Apr-19, 04:04:02 
2-Apr-19, 04:04:02 
2-Apr-19, 04:04:02 
2-Apr-19, 04:04:02 
2-Apr-19, 04:04:02 
2-Apr-19, 04:04:02 
2-Apr-19, 04:04:02 
2-Apr-19, 04:04:02 
2-Apr-19, 04:04:02 
2-Apr-19, 04:04:02 
2-Apr-19, 04:04:02 
2-Apr-19, 04:04:02 
2-Apr-19, 04:04:02 
2-Apr-19, 04:04:02 
2-Apr-19, 04:04:02 
2-Apr-19, 04:04:02 
2-Apr-19, 04:04:02 
2-Apr-19, 04:04:02 
2-Apr-19, 04:04:02 
2-Apr-19, 04:04:02 
2-Apr-19, 04:04:02 
2-Apr-19, 04:04:02 
2-Apr-19, 04:04:02 
2-Apr-19, 04:04:02 
2-Apr-19, 04:04:02 
2-Apr-19, 04:04:02 
2-Apr-19, 04:04:02 
2-Apr-19, 04:04:02 
2-Apr-19, 04:04:02 
2-Apr-19, 04:04:02 
2-Apr-19, 04:04:02 
2-Apr-19, 04:04:02 
2-Apr-19, 04:04:02 
2-Apr-19, 04:04:02 
2-Apr-19, 04:04:02 
2-Apr-19, 04:04:02 
2-Apr-19, 04:04:02 
2-Apr-19, 04:04:02 
2-Apr-19, 04:04:02 
2-Apr-19, 04:04:02 
2-Apr-19, 04:04:02 
2-Apr-19, 04:04:03 
2-Apr-19, 04:04:03 
2-Apr-19, 04:04:03 
2-Apr-19, 04:04:03 
2-Apr-19, 04:04:03 
2-Apr-19, 04:04:03 
2-Apr-19, 04:04:03 
2-Apr-19, 04:04:03 
2-Apr-19, 04:04:03 
2-Apr-19, 04:04:03 
2-Apr-19, 04:04:03 
2-Apr-19, 04:04:03 
2-Apr-19, 04:04:03 
2-Apr-19, 04:04:03 
2-Apr-19, 04:04:03 
2-Apr-19, 04:04:03 
2-Apr-19, 04:04:03 
2-Apr-19, 04:04:03 
2-Apr-19, 04:04:03 
2-Apr-19, 04:04:03 
2-Apr-19, 04:04:03 
2-Apr-19, 04:04:03 
2-Apr-19, 04:04:03 
2-Apr-19, 04:04:03 
2-Apr-19, 04:04:03 
2-Apr-19, 04:04:03 
2-Apr-19, 04:04:03 
2-Apr-19, 04:04:03 
2-Apr-19, 04:04:03 
2-Apr-19, 04:04:03 
2-Apr-19, 04:04:03 
2-Apr-19, 04:04:03 
2-Apr-19, 04:04:03 
2-Apr-19, 04:04:03 
2-Apr-19, 04:04:03 
2-Apr-19, 04:04:03 
2-Apr-19, 04:04:03 
2-Apr-19, 04:04:03 
2-Apr-19, 04:04:03 
2-Apr-19, 04:04:03 
2-Apr-19, 04:04:03 
2-Apr-19, 04:04:03 
2-Apr-19, 04:04:03 
2-Apr-19, 04:04:03 
2-Apr-19, 04:04:03 
2-Apr-19, 04:04:03 
2-Apr-19, 04:04:03 
2-Apr-19, 04:04:03 
2-Apr-19, 04:04:03 
2-Apr-19, 04:04:03 
2-Apr-19, 04:04:03 
2-Apr-19, 04:04:03 
2-Apr-19, 04:04:03 
2-Apr-19, 04:04:03 
2-Apr-19, 04:04:03 
2-Apr-19, 04:04:03 
2-Apr-19, 04:04:03 
2-Apr-19, 04:04:03 
2-Apr-19, 04:04:03 
2-Apr-19, 04:04:03 
2-Apr-19, 04:04:03 
2-Apr-19, 04:04:04 
2-Apr-19, 04:04:04 
2-Apr-19, 04:04:04 
2-Apr-19, 04:04:04 
2-Apr-19, 04:04:04 
2-Apr-19, 04:04:04 
2-Apr-19, 04:04:04 
2-Apr-19, 04:04:04 
2-Apr-19, 04:04:04 
2-Apr-19, 04:04:04 
2-Apr-19, 04:04:04 
2-Apr-19, 04:04:04 
2-Apr-19, 04:04:04 
2-Apr-19, 04:04:04 
2-Apr-19, 04:04:04 
2-Apr-19, 04:04:04 
2-Apr-19, 04:04:04 
2-Apr-19, 04:04:04 
2-Apr-19, 04:04:04 
2-Apr-19, 04:04:04 
2-Apr-19, 04:04:04 
2-Apr-19, 04:04:04 
2-Apr-19, 04:04:04 
2-Apr-19, 04:04:04 
2-Apr-19, 04:04:04 
2-Apr-19, 04:04:04 
2-Apr-19, 04:04:04 
2-Apr-19, 04:04:04 
2-Apr-19, 04:04:04 
2-Apr-19, 04:04:04 
2-Apr-19, 04:04:04 
2-Apr-19, 04:04:04 
2-Apr-19, 04:04:04 
2-Apr-19, 04:04:04 
2-Apr-19, 04:04:04 
2-Apr-19, 04:04:04 
2-Apr-19, 04:04:04 
2-Apr-19, 04:04:04 
2-Apr-19, 04:04:04 
2-Apr-19, 04:04:04 
2-Apr-19, 04:04:04 
2-Apr-19, 04:04:04 
2-Apr-19, 04:04:04 
2-Apr-19, 04:04:04 
2-Apr-19, 04:04:04 
2-Apr-19, 04:04:04 
2-Apr-19, 04:04:04 
2-Apr-19, 04:04:04 
2-Apr-19, 04:04:05 
2-Apr-19, 04:04:05 
2-Apr-19, 04:04:05 
2-Apr-19, 04:04:05 
2-Apr-19, 04:04:05 
2-Apr-19, 04:04:05 
2-Apr-19, 04:04:05 
2-Apr-19, 04:04:05 
2-Apr-19, 04:04:05 
2-Apr-19, 04:04:05 
2-Apr-19, 04:04:05 
2-Apr-19, 04:04:05 
2-Apr-19, 04:04:05 
2-Apr-19, 04:04:05 
2-Apr-19, 04:04:05 
2-Apr-19, 04:04:05 
2-Apr-19, 04:04:05 
2-Apr-19, 04:04:05 
2-Apr-19, 04:04:05 
2-Apr-19, 04:04:05 
2-Apr-19, 04:04:05 
2-Apr-19, 04:04:05 
2-Apr-19, 04:04:05 
2-Apr-19, 04:04:05 
2-Apr-19, 04:04:05 
2-Apr-19, 04:04:05 
2-Apr-19, 04:04:05 
2-Apr-19, 04:04:05 
2-Apr-19, 04:04:05 
2-Apr-19, 04:04:05 
2-Apr-19, 04:04:05 
2-Apr-19, 04:04:05 
2-Apr-19, 04:04:05 
2-Apr-19, 04:04:05 
2-Apr-19, 04:04:05 
2-Apr-19, 04:04:05 
2-Apr-19, 04:04:05 
2-Apr-19, 04:04:05 
2-Apr-19, 04:04:05 
2-Apr-19, 04:04:05 
2-Apr-19, 04:04:05 
2-Apr-19, 04:04:05 
2-Apr-19, 04:04:05 
2-Apr-19, 04:04:05 
2-Apr-19, 04:04:05 
2-Apr-19, 04:04:05 
2-Apr-19, 04:04:05 
2-Apr-19, 04:04:05 
2-Apr-19, 04:04:05 
2-Apr-19, 04:04:05 
2-Apr-19, 04:04:05 
2-Apr-19, 04:04:05 
2-Apr-19, 04:04:05 
2-Apr-19, 04:04:05 
2-Apr-19, 04:04:05 
2-Apr-19, 04:04:05 
2-Apr-19, 04:04:05 
2-Apr-19, 04:04:05 
2-Apr-19, 04:04:05 
2-Apr-19, 04:04:05 
2-Apr-19, 04:04:05 
2-Apr-19, 04:04:05 
2-Apr-19, 04:04:06 
2-Apr-19, 04:04:06 
2-Apr-19, 04:04:06 
2-Apr-19, 04:04:06 
2-Apr-19, 04:04:06 
2-Apr-19, 04:04:06 
2-Apr-19, 04:04:06 
2-Apr-19, 04:04:06 
2-Apr-19, 04:04:06 
2-Apr-19, 04:04:06 
2-Apr-19, 04:04:06 
2-Apr-19, 04:04:06 
2-Apr-19, 04:04:06 
2-Apr-19, 04:04:06 
2-Apr-19, 04:04:06 
2-Apr-19, 04:04:06 
2-Apr-19, 04:04:06 
2-Apr-19, 04:04:06 
2-Apr-19, 04:04:06 
2-Apr-19, 04:04:06 
2-Apr-19, 04:04:06 
2-Apr-19, 04:04:06 
2-Apr-19, 04:04:06 
2-Apr-19, 04:04:06 
2-Apr-19, 04:04:06 
2-Apr-19, 04:04:06 
2-Apr-19, 04:04:06 
2-Apr-19, 04:04:06 
2-Apr-19, 04:04:06 
2-Apr-19, 04:04:06 
2-Apr-19, 04:04:06 
2-Apr-19, 04:04:06 
2-Apr-19, 04:04:06 
2-Apr-19, 04:04:06 
2-Apr-19, 04:04:06 
2-Apr-19, 04:04:06 
2-Apr-19, 04:04:06 
2-Apr-19, 04:04:06 
2-Apr-19, 04:04:06 
2-Apr-19, 04:04:06 
2-Apr-19, 04:04:06 
2-Apr-19, 04:04:06 
2-Apr-19, 04:04:06 
2-Apr-19, 04:04:06 
2-Apr-19, 04:04:06 
2-Apr-19, 04:04:06 
2-Apr-19, 04:04:06 
2-Apr-19, 04:04:07 
2-Apr-19, 04:04:07 
2-Apr-19, 04:04:07 
2-Apr-19, 04:04:07 
2-Apr-19, 04:04:07 
2-Apr-19, 04:04:07 
2-Apr-19, 04:04:07 
2-Apr-19, 04:04:07 
2-Apr-19, 04:04:07 
2-Apr-19, 04:04:07 
2-Apr-19, 04:04:07 
2-Apr-19, 04:04:07 
2-Apr-19, 04:04:07 
2-Apr-19, 04:04:07 
2-Apr-19, 04:04:07 
2-Apr-19, 04:04:07 
2-Apr-19, 04:04:07 
2-Apr-19, 04:04:07 
2-Apr-19, 04:04:07 
2-Apr-19, 04:04:07 
2-Apr-19, 04:04:07 
2-Apr-19, 04:04:07 
2-Apr-19, 04:04:07 
2-Apr-19, 04:04:07 
2-Apr-19, 04:04:07 
2-Apr-19, 04:04:07 
2-Apr-19, 04:04:07 
2-Apr-19, 04:04:07 
2-Apr-19, 04:04:07 
2-Apr-19, 04:04:07 
2-Apr-19, 04:04:07 
2-Apr-19, 04:04:07 
2-Apr-19, 04:04:07 
2-Apr-19, 04:04:07 
2-Apr-19, 04:04:07 
2-Apr-19, 04:04:07 
2-Apr-19, 04:04:07 
2-Apr-19, 04:04:07 
2-Apr-19, 04:04:07 
2-Apr-19, 04:04:07 
2-Apr-19, 04:04:07 
2-Apr-19, 04:04:07 
2-Apr-19, 04:04:07 
2-Apr-19, 04:04:07 
2-Apr-19, 04:04:07 
2-Apr-19, 04:04:07 
2-Apr-19, 04:04:07 
2-Apr-19, 04:04:07 
2-Apr-19, 04:04:07 
2-Apr-19, 04:04:07 
2-Apr-19, 04:04:08 
2-Apr-19, 04:04:08 
2-Apr-19, 04:04:08 
2-Apr-19, 04:04:08 
2-Apr-19, 04:04:08 
2-Apr-19, 04:04:08 
2-Apr-19, 04:04:08 
2-Apr-19, 04:04:08 
2-Apr-19, 04:04:08 
2-Apr-19, 04:04:08 
2-Apr-19, 04:04:08 
2-Apr-19, 04:04:08 
2-Apr-19, 04:04:08 
2-Apr-19, 04:04:08 
2-Apr-19, 04:04:08 
2-Apr-19, 04:04:08 
2-Apr-19, 04:04:08 
2-Apr-19, 04:04:08 
2-Apr-19, 04:04:08 
2-Apr-19, 04:04:08 
2-Apr-19, 04:04:08 
2-Apr-19, 04:04:08 
2-Apr-19, 04:04:08 
2-Apr-19, 04:04:08 
2-Apr-19, 04:04:08 
2-Apr-19, 04:04:08 
2-Apr-19, 04:04:08 
2-Apr-19, 04:04:08 
2-Apr-19, 04:04:08 
2-Apr-19, 04:04:08 
2-Apr-19, 04:04:08 
2-Apr-19, 04:04:08 
2-Apr-19, 04:04:08 
2-Apr-19, 04:04:08 
2-Apr-19, 04:04:08 
2-Apr-19, 04:04:08 
2-Apr-19, 04:04:08 
2-Apr-19, 04:04:08 
2-Apr-19, 04:04:08 
2-Apr-19, 04:06:06 
2-Apr-19, 04:06:06 
2-Apr-19, 04:06:06 
2-Apr-19, 04:06:06 
2-Apr-19, 04:06:06 
2-Apr-19, 04:06:06 
2-Apr-19, 04:06:07 
2-Apr-19, 04:06:07 
2-Apr-19, 04:06:07 
2-Apr-19, 04:06:07 
2-Apr-19, 04:06:07 
2-Apr-19, 04:06:07 
2-Apr-19, 04:06:07 
2-Apr-19, 04:06:07 
2-Apr-19, 04:06:07 
2-Apr-19, 04:06:07 
2-Apr-19, 04:06:07 
2-Apr-19, 04:06:07 
2-Apr-19, 04:06:07 
2-Apr-19, 04:06:07 
2-Apr-19, 04:06:07 
2-Apr-19, 04:06:07 
2-Apr-19, 04:06:07 
2-Apr-19, 04:06:07 
2-Apr-19, 04:06:07 
2-Apr-19, 04:06:07 
2-Apr-19, 04:06:07 
2-Apr-19, 04:06:07 
2-Apr-19, 04:06:07 
2-Apr-19, 04:06:07 
2-Apr-19, 04:06:07 
2-Apr-19, 04:06:07 
2-Apr-19, 04:06:07 
2-Apr-19, 04:06:07 
2-Apr-19, 04:06:07 
2-Apr-19, 04:06:07 
2-Apr-19, 04:06:07 
2-Apr-19, 04:06:07 
2-Apr-19, 04:06:07 
2-Apr-19, 04:06:07 
2-Apr-19, 04:06:07 
2-Apr-19, 04:06:07 
2-Apr-19, 04:06:07 
2-Apr-19, 04:06:07 
2-Apr-19, 04:06:07 
2-Apr-19, 04:06:07 
2-Apr-19, 04:06:07 
2-Apr-19, 04:06:07 
2-Apr-19, 04:06:07 
2-Apr-19, 04:06:07 
2-Apr-19, 04:06:07 
2-Apr-19, 04:06:07 
2-Apr-19, 04:06:07 
2-Apr-19, 04:06:07 
2-Apr-19, 04:06:07 
2-Apr-19, 04:06:07 
2-Apr-19, 04:06:07 
2-Apr-19, 04:06:07 
2-Apr-19, 04:06:07 
2-Apr-19, 04:06:07 
2-Apr-19, 04:06:07 
2-Apr-19, 04:06:07 
2-Apr-19, 04:06:07 
2-Apr-19, 04:06:07 
2-Apr-19, 04:06:07 
2-Apr-19, 04:06:07 
2-Apr-19, 04:06:07 
2-Apr-19, 04:06:07 
2-Apr-19, 04:06:07 
2-Apr-19, 04:06:07 
2-Apr-19, 04:06:07 
2-Apr-19, 04:06:07 
2-Apr-19, 04:06:07 
2-Apr-19, 04:06:07 
2-Apr-19, 04:06:08 
2-Apr-19, 04:06:08 
2-Apr-19, 04:06:08 
2-Apr-19, 04:06:08 
2-Apr-19, 04:06:08 
2-Apr-19, 04:06:08 
2-Apr-19, 04:06:08 
2-Apr-19, 04:06:08 
2-Apr-19, 04:06:08 
2-Apr-19, 04:06:08 
2-Apr-19, 04:06:08 
2-Apr-19, 04:06:08 
2-Apr-19, 04:06:08 
2-Apr-19, 04:06:08 
2-Apr-19, 04:06:08 
2-Apr-19, 04:06:08 
2-Apr-19, 04:06:08 
2-Apr-19, 04:06:08 
2-Apr-19, 04:06:08 
2-Apr-19, 04:06:08 
2-Apr-19, 04:06:08 
2-Apr-19, 04:06:08 
2-Apr-19, 04:06:08 
2-Apr-19, 04:06:08 
2-Apr-19, 04:06:08 
2-Apr-19, 04:06:08 
2-Apr-19, 04:06:08 
2-Apr-19, 04:06:08 
2-Apr-19, 04:06:08 
2-Apr-19, 04:06:08 
2-Apr-19, 04:06:08 
2-Apr-19, 04:06:08 
2-Apr-19, 04:06:08 
2-Apr-19, 04:06:08 
2-Apr-19, 04:06:08 
2-Apr-19, 04:06:08 
2-Apr-19, 04:06:08 
2-Apr-19, 04:06:08 
2-Apr-19, 04:06:08 
2-Apr-19, 04:06:08 
2-Apr-19, 04:06:08 
2-Apr-19, 04:06:08 
2-Apr-19, 04:06:08 
2-Apr-19, 04:06:08 
2-Apr-19, 04:06:08 
2-Apr-19, 04:06:08 
2-Apr-19, 04:06:08 
2-Apr-19, 04:06:08 
2-Apr-19, 04:06:08 
2-Apr-19, 04:06:08 
2-Apr-19, 04:06:08 
2-Apr-19, 04:06:08 
2-Apr-19, 04:06:08 
2-Apr-19, 04:06:08 
2-Apr-19, 04:06:08 
2-Apr-19, 04:06:08 
2-Apr-19, 04:06:08 
2-Apr-19, 04:06:08 
2-Apr-19, 04:06:08 
2-Apr-19, 04:06:08 
2-Apr-19, 04:06:08 
2-Apr-19, 04:06:08 
2-Apr-19, 04:06:08 
2-Apr-19, 04:06:08 
2-Apr-19, 04:06:08 
2-Apr-19, 04:06:08 
2-Apr-19, 04:06:08 
2-Apr-19, 04:06:08 
2-Apr-19, 04:06:08 
2-Apr-19, 04:06:08 
2-Apr-19, 04:06:08 
2-Apr-19, 04:06:08 
2-Apr-19, 04:06:08 
2-Apr-19, 04:06:08 
2-Apr-19, 04:06:08 
2-Apr-19, 04:06:08 
2-Apr-19, 04:06:08 
2-Apr-19, 04:06:08 
2-Apr-19, 04:06:08 
2-Apr-19, 04:06:08 
2-Apr-19, 04:06:08 
2-Apr-19, 04:06:09 
2-Apr-19, 04:06:09 
2-Apr-19, 04:06:09 
2-Apr-19, 04:06:09 
2-Apr-19, 04:06:09 
2-Apr-19, 04:06:09 
2-Apr-19, 04:06:09 
2-Apr-19, 04:06:09 
2-Apr-19, 04:06:09 
2-Apr-19, 04:06:09 
2-Apr-19, 04:06:09 
2-Apr-19, 04:06:09 
2-Apr-19, 04:06:09 
2-Apr-19, 04:06:09 
2-Apr-19, 04:06:09 
2-Apr-19, 04:06:09 
2-Apr-19, 04:06:09 
2-Apr-19, 04:06:09 
2-Apr-19, 04:06:09 
2-Apr-19, 04:06:09 
2-Apr-19, 04:06:09 
2-Apr-19, 04:06:09 
2-Apr-19, 04:06:09 
2-Apr-19, 04:06:09 
2-Apr-19, 04:06:09 
2-Apr-19, 04:06:09 
2-Apr-19, 04:06:09 
2-Apr-19, 04:06:09 
2-Apr-19, 04:06:09 
2-Apr-19, 04:06:09 
2-Apr-19, 04:06:09 
2-Apr-19, 04:06:09 
2-Apr-19, 04:06:09 
2-Apr-19, 04:06:09 
2-Apr-19, 04:06:09 
2-Apr-19, 04:06:09 
2-Apr-19, 04:06:09 
2-Apr-19, 04:06:09 
2-Apr-19, 04:06:09 
2-Apr-19, 04:06:09 
2-Apr-19, 04:06:09 
2-Apr-19, 04:06:09 
2-Apr-19, 04:06:09 
2-Apr-19, 04:06:09 
2-Apr-19, 04:06:09 
2-Apr-19, 04:06:09 
2-Apr-19, 04:06:09 
2-Apr-19, 04:06:09 
2-Apr-19, 04:06:09 
2-Apr-19, 04:06:09 
2-Apr-19, 04:06:09 
2-Apr-19, 04:06:09 
2-Apr-19, 04:06:09 
2-Apr-19, 04:06:09 
2-Apr-19, 04:06:09 
2-Apr-19, 04:06:09 
2-Apr-19, 04:06:09 
2-Apr-19, 04:06:09 
2-Apr-19, 04:06:09 
2-Apr-19, 04:06:09 
2-Apr-19, 04:06:09 
2-Apr-19, 04:06:09 
2-Apr-19, 04:06:09 
2-Apr-19, 04:06:09 
2-Apr-19, 04:06:09 
2-Apr-19, 04:06:09 
2-Apr-19, 04:06:09 
2-Apr-19, 04:06:09 
2-Apr-19, 04:06:09 
2-Apr-19, 04:06:09 
2-Apr-19, 04:06:09 
2-Apr-19, 04:06:09 
2-Apr-19, 04:06:09 
2-Apr-19, 04:06:09 
2-Apr-19, 04:06:09 
2-Apr-19, 04:06:09 
2-Apr-19, 04:06:09 
2-Apr-19, 04:06:09 
2-Apr-19, 04:06:09 
2-Apr-19, 04:06:09 
2-Apr-19, 04:06:10 
2-Apr-19, 04:06:10 
2-Apr-19, 04:06:10 
2-Apr-19, 04:06:10 
2-Apr-19, 04:06:10 
2-Apr-19, 04:06:10 
2-Apr-19, 04:06:10 
2-Apr-19, 04:06:10 
2-Apr-19, 04:06:10 
2-Apr-19, 04:06:10 
2-Apr-19, 04:06:10 
2-Apr-19, 04:06:10 
2-Apr-19, 04:06:10 
2-Apr-19, 04:06:10 
2-Apr-19, 04:06:10 
2-Apr-19, 04:06:10 
2-Apr-19, 04:06:10 
2-Apr-19, 04:06:10 
2-Apr-19, 04:06:10 
2-Apr-19, 04:06:10 
2-Apr-19, 04:06:10 
2-Apr-19, 04:06:10 
2-Apr-19, 04:06:10 
2-Apr-19, 04:06:10 
2-Apr-19, 04:06:10 
2-Apr-19, 04:06:10 
2-Apr-19, 04:06:10 
2-Apr-19, 04:06:10 
2-Apr-19, 04:06:10 
2-Apr-19, 04:06:10 
2-Apr-19, 04:06:10 
2-Apr-19, 04:06:10 
2-Apr-19, 04:06:10 
2-Apr-19, 04:06:10 
2-Apr-19, 04:06:10 
2-Apr-19, 04:06:10 
2-Apr-19, 04:06:10 
2-Apr-19, 04:06:10 
2-Apr-19, 04:06:10 
2-Apr-19, 04:06:10 
2-Apr-19, 04:06:10 
2-Apr-19, 04:06:10 
2-Apr-19, 04:06:10 
2-Apr-19, 04:06:10 
2-Apr-19, 04:06:10 
2-Apr-19, 04:06:10 
2-Apr-19, 04:06:10 
2-Apr-19, 04:06:10 
2-Apr-19, 04:06:10 
2-Apr-19, 04:06:10 
2-Apr-19, 04:06:10 
2-Apr-19, 04:06:10 
2-Apr-19, 04:06:10 
2-Apr-19, 04:06:10 
2-Apr-19, 04:06:10 
2-Apr-19, 04:06:10 
2-Apr-19, 04:06:10 
2-Apr-19, 04:06:10 
2-Apr-19, 04:06:10 
2-Apr-19, 04:06:10 
2-Apr-19, 04:06:10 
2-Apr-19, 04:06:10 
2-Apr-19, 04:06:10 
2-Apr-19, 04:06:10 
2-Apr-19, 04:06:10 
2-Apr-19, 04:06:10 
2-Apr-19, 04:06:10 
2-Apr-19, 04:06:10 
2-Apr-19, 04:06:10 
2-Apr-19, 04:06:10 
2-Apr-19, 04:06:10 
2-Apr-19, 04:06:10 
2-Apr-19, 04:06:10 
2-Apr-19, 04:06:10 
2-Apr-19, 04:06:10 
2-Apr-19, 04:06:10 
2-Apr-19, 04:06:10 
2-Apr-19, 04:06:10 
2-Apr-19, 04:06:10 
2-Apr-19, 04:06:11 
2-Apr-19, 04:06:11 
2-Apr-19, 04:06:11 
2-Apr-19, 04:06:11 
2-Apr-19, 04:06:11 
2-Apr-19, 04:06:11 
2-Apr-19, 04:06:11 
2-Apr-19, 04:06:11 
2-Apr-19, 04:06:11 
2-Apr-19, 04:06:11 
2-Apr-19, 04:06:11 
2-Apr-19, 04:06:11 
2-Apr-19, 04:06:11 
2-Apr-19, 04:06:11 
2-Apr-19, 04:06:11 
2-Apr-19, 04:06:11 
2-Apr-19, 04:06:11 
2-Apr-19, 04:06:11 
2-Apr-19, 04:06:11 
2-Apr-19, 04:06:11 
2-Apr-19, 04:06:11 
2-Apr-19, 04:06:11 
2-Apr-19, 04:06:11 
2-Apr-19, 04:06:11 
2-Apr-19, 04:06:11 
2-Apr-19, 04:06:11 
2-Apr-19, 04:06:11 
2-Apr-19, 04:06:11 
2-Apr-19, 04:06:11 
2-Apr-19, 04:06:11 
2-Apr-19, 04:06:11 
2-Apr-19, 04:06:11 
2-Apr-19, 04:06:11 
2-Apr-19, 04:06:11 
2-Apr-19, 04:06:11 
2-Apr-19, 04:06:11 
2-Apr-19, 04:06:11 
2-Apr-19, 04:06:11 
2-Apr-19, 04:06:11 
2-Apr-19, 04:06:11 
2-Apr-19, 04:06:11 
2-Apr-19, 04:06:11 
2-Apr-19, 04:06:11 
2-Apr-19, 04:06:11 
2-Apr-19, 04:06:11 
2-Apr-19, 04:06:11 
2-Apr-19, 04:06:11 
2-Apr-19, 04:06:11 
2-Apr-19, 04:06:11 
2-Apr-19, 04:06:11 
2-Apr-19, 04:06:11 
2-Apr-19, 04:06:11 
2-Apr-19, 04:06:11 
2-Apr-19, 04:06:11 
2-Apr-19, 04:06:11 
2-Apr-19, 04:06:11 
2-Apr-19, 04:06:11 
2-Apr-19, 04:06:11 
2-Apr-19, 04:06:11 
2-Apr-19, 04:06:11 
2-Apr-19, 04:06:11 
2-Apr-19, 04:06:11 
2-Apr-19, 04:06:11 
2-Apr-19, 04:06:11 
2-Apr-19, 04:06:11 
2-Apr-19, 04:06:11 
2-Apr-19, 04:06:11 
2-Apr-19, 04:06:11 
2-Apr-19, 04:06:11 
2-Apr-19, 04:06:11 
2-Apr-19, 04:06:11 
2-Apr-19, 04:06:11 
2-Apr-19, 04:06:11 
2-Apr-19, 04:06:11 
2-Apr-19, 04:06:11 
2-Apr-19, 04:06:11 
2-Apr-19, 04:06:11 
2-Apr-19, 04:06:11 
2-Apr-19, 04:06:11 
2-Apr-19, 04:06:11 
2-Apr-19, 04:06:11 
2-Apr-19, 04:06:12 
2-Apr-19, 04:06:12 
2-Apr-19, 04:06:12 
2-Apr-19, 04:06:12 
2-Apr-19, 04:06:12 
2-Apr-19, 04:06:12 
2-Apr-19, 04:06:12 
2-Apr-19, 04:06:12 
2-Apr-19, 04:06:12 
2-Apr-19, 04:06:12 
2-Apr-19, 04:06:12 
2-Apr-19, 04:06:12 
2-Apr-19, 04:06:12 
2-Apr-19, 04:06:12 
2-Apr-19, 04:06:12 
2-Apr-19, 04:06:12 
2-Apr-19, 04:06:12 
2-Apr-19, 04:06:12 
2-Apr-19, 04:06:12 
2-Apr-19, 04:06:12 
2-Apr-19, 04:06:12 
2-Apr-19, 04:06:12 
2-Apr-19, 04:06:12 
2-Apr-19, 04:06:12 
2-Apr-19, 04:06:12 
2-Apr-19, 04:06:12 
2-Apr-19, 04:06:12 
2-Apr-19, 04:06:12 
2-Apr-19, 04:06:12 
2-Apr-19, 04:06:12 
2-Apr-19, 04:06:12 
2-Apr-19, 04:06:12 
2-Apr-19, 04:06:12 
2-Apr-19, 04:06:12 
2-Apr-19, 04:06:12 
2-Apr-19, 04:06:12 
2-Apr-19, 04:06:12 
2-Apr-19, 04:06:12 
2-Apr-19, 04:06:12 
2-Apr-19, 04:06:12 
2-Apr-19, 04:06:12 
2-Apr-19, 04:06:12 
2-Apr-19, 04:06:12 
2-Apr-19, 04:06:12 
2-Apr-19, 04:06:12 
2-Apr-19, 04:06:12 
2-Apr-19, 04:06:12 
2-Apr-19, 04:06:12 
2-Apr-19, 04:06:12 
2-Apr-19, 04:06:12 
2-Apr-19, 04:06:12 
2-Apr-19, 04:06:12 
2-Apr-19, 04:06:12 
2-Apr-19, 04:06:12 
2-Apr-19, 04:06:12 
2-Apr-19, 04:06:12 
2-Apr-19, 04:06:12 
2-Apr-19, 04:06:12 
2-Apr-19, 04:06:12 
2-Apr-19, 04:06:12 
2-Apr-19, 04:06:12 
2-Apr-19, 04:06:12 
2-Apr-19, 04:06:12 
2-Apr-19, 04:06:12 
2-Apr-19, 04:06:13 
2-Apr-19, 04:06:13 
2-Apr-19, 04:06:13 
2-Apr-19, 04:06:13 
2-Apr-19, 04:06:13 
2-Apr-19, 04:06:13 
2-Apr-19, 04:06:13 
2-Apr-19, 04:06:13 
2-Apr-19, 04:06:13 
2-Apr-19, 04:06:13 
2-Apr-19, 04:06:13 
2-Apr-19, 04:06:13 
2-Apr-19, 04:06:13 
2-Apr-19, 04:06:13 
2-Apr-19, 04:06:13 
2-Apr-19, 04:06:13 
2-Apr-19, 04:06:13 
2-Apr-19, 04:06:13 
2-Apr-19, 04:06:13 
2-Apr-19, 04:06:13 
2-Apr-19, 04:06:13 
2-Apr-19, 04:06:13 
2-Apr-19, 04:06:13 
2-Apr-19, 04:06:13 
2-Apr-19, 04:06:13 
2-Apr-19, 04:06:13 
2-Apr-19, 04:06:13 
2-Apr-19, 04:06:13 
2-Apr-19, 04:06:13 
2-Apr-19, 04:06:13 
2-Apr-19, 04:06:13 
2-Apr-19, 04:06:13 
2-Apr-19, 04:06:13 
2-Apr-19, 04:06:13 
2-Apr-19, 04:06:13 
2-Apr-19, 04:06:13 
2-Apr-19, 04:06:13 
2-Apr-19, 04:06:13 
2-Apr-19, 04:06:13 
2-Apr-19, 04:06:13 
2-Apr-19, 04:06:13 
2-Apr-19, 04:06:13 
2-Apr-19, 04:06:13 
2-Apr-19, 04:06:13 
2-Apr-19, 04:06:13 
2-Apr-19, 04:06:13 
2-Apr-19, 04:06:13 
2-Apr-19, 04:06:13 
2-Apr-19, 04:06:13 
2-Apr-19, 04:06:13 
2-Apr-19, 04:06:13 
2-Apr-19, 04:06:13 
2-Apr-19, 04:06:13 
2-Apr-19, 04:06:13 
2-Apr-19, 04:06:13 
2-Apr-19, 04:06:13 
2-Apr-19, 04:06:13 
2-Apr-19, 04:06:13 
2-Apr-19, 04:06:13 
2-Apr-19, 04:06:13 
2-Apr-19, 04:06:13 
2-Apr-19, 04:06:13 
2-Apr-19, 04:06:13 
2-Apr-19, 04:06:13 
2-Apr-19, 04:06:13 
2-Apr-19, 04:06:13 
2-Apr-19, 04:06:13 
2-Apr-19, 04:06:13 
2-Apr-19, 04:06:13 
2-Apr-19, 04:06:13 
2-Apr-19, 04:06:13 
2-Apr-19, 04:06:13 
2-Apr-19, 04:06:13 
2-Apr-19, 04:06:13 
2-Apr-19, 04:06:13 
2-Apr-19, 04:06:14 
2-Apr-19, 04:06:14 
2-Apr-19, 04:06:14 
2-Apr-19, 04:06:14 
2-Apr-19, 04:06:14 
2-Apr-19, 04:06:14 
2-Apr-19, 04:06:14 
2-Apr-19, 04:06:14 
2-Apr-19, 04:06:14 
2-Apr-19, 04:06:14 
2-Apr-19, 04:06:14 
2-Apr-19, 04:06:14 
2-Apr-19, 04:06:14 
2-Apr-19, 04:06:14 
2-Apr-19, 04:06:14 
2-Apr-19, 04:06:14 
2-Apr-19, 04:06:14 
2-Apr-19, 04:06:14 
2-Apr-19, 04:06:14 
2-Apr-19, 04:06:14 
2-Apr-19, 04:06:14 
2-Apr-19, 04:06:14 
2-Apr-19, 04:06:14 
2-Apr-19, 04:06:14 
2-Apr-19, 04:06:14 
2-Apr-19, 04:06:14 
2-Apr-19, 04:06:14 
2-Apr-19, 04:06:14 
2-Apr-19, 04:06:14 
2-Apr-19, 04:06:14 
2-Apr-19, 04:06:14 
2-Apr-19, 04:06:14 
2-Apr-19, 04:06:14 
2-Apr-19, 04:06:14 
2-Apr-19, 04:06:14 
2-Apr-19, 04:06:14 
2-Apr-19, 04:06:14 
2-Apr-19, 04:06:14 
2-Apr-19, 04:06:14 
2-Apr-19, 04:06:14 
2-Apr-19, 04:06:14 
2-Apr-19, 04:06:14 
2-Apr-19, 04:06:14 
2-Apr-19, 04:06:14 
2-Apr-19, 04:06:14 
2-Apr-19, 04:06:14 
2-Apr-19, 04:06:14 
2-Apr-19, 04:06:14 
2-Apr-19, 04:06:14 
2-Apr-19, 04:06:14 
2-Apr-19, 04:06:14 
2-Apr-19, 04:06:14 
2-Apr-19, 04:06:14 
2-Apr-19, 04:06:14 
2-Apr-19, 04:06:14 
2-Apr-19, 04:06:14 
2-Apr-19, 04:06:14 
2-Apr-19, 04:06:14 
2-Apr-19, 04:06:14 
2-Apr-19, 04:06:14 
2-Apr-19, 04:06:14 
2-Apr-19, 04:06:14 
2-Apr-19, 04:06:14 
2-Apr-19, 04:06:14 
2-Apr-19, 04:06:14 
2-Apr-19, 04:06:14 
2-Apr-19, 04:06:14 
2-Apr-19, 04:06:14 
2-Apr-19, 04:06:14 
2-Apr-19, 04:06:14 
2-Apr-19, 04:06:14 
2-Apr-19, 04:06:14 
2-Apr-19, 04:06:14 
2-Apr-19, 04:06:14 
2-Apr-19, 04:06:14 
2-Apr-19, 04:06:14 
2-Apr-19, 04:06:14 
2-Apr-19, 04:06:14 
2-Apr-19, 04:06:14 
2-Apr-19, 04:06:14 
2-Apr-19, 04:06:14 
2-Apr-19, 04:06:14 
2-Apr-19, 04:06:14 
2-Apr-19, 04:06:14 
2-Apr-19, 04:06:14 
2-Apr-19, 04:06:14 
2-Apr-19, 04:06:14 
2-Apr-19, 04:06:15 
2-Apr-19, 04:06:15 
2-Apr-19, 04:06:15 
2-Apr-19, 04:06:15 
2-Apr-19, 04:06:15 
2-Apr-19, 04:06:15 
2-Apr-19, 04:06:15 
2-Apr-19, 04:06:15 
2-Apr-19, 04:06:15 
2-Apr-19, 04:06:15 
2-Apr-19, 04:06:15 
2-Apr-19, 04:06:15 
2-Apr-19, 04:06:15 
2-Apr-19, 04:06:15 
2-Apr-19, 04:06:15 
2-Apr-19, 04:06:15 
2-Apr-19, 04:06:15 
2-Apr-19, 04:06:15 
2-Apr-19, 04:06:15 
2-Apr-19, 04:06:15 
2-Apr-19, 04:06:15 
2-Apr-19, 04:06:15 
2-Apr-19, 04:06:15 
2-Apr-19, 04:06:15 
2-Apr-19, 04:06:15 
2-Apr-19, 04:06:15 
2-Apr-19, 04:06:15 
2-Apr-19, 04:06:15 
2-Apr-19, 04:06:15 
2-Apr-19, 04:06:15 
2-Apr-19, 04:06:15 
2-Apr-19, 04:06:15 
2-Apr-19, 04:06:15 
2-Apr-19, 04:06:15 
2-Apr-19, 04:06:15 
2-Apr-19, 04:06:15 
2-Apr-19, 04:06:15 
2-Apr-19, 04:06:15 
2-Apr-19, 04:06:15 
2-Apr-19, 04:06:15 
2-Apr-19, 04:06:15 
2-Apr-19, 04:06:15 
2-Apr-19, 04:06:15 
2-Apr-19, 04:06:15 
2-Apr-19, 04:06:15 
2-Apr-19, 04:06:15 
2-Apr-19, 04:06:15 
2-Apr-19, 04:06:15 
2-Apr-19, 04:06:15 
2-Apr-19, 04:06:15 
2-Apr-19, 04:06:15 
2-Apr-19, 04:06:15 
2-Apr-19, 04:06:15 
2-Apr-19, 04:06:15 
2-Apr-19, 04:06:15 
2-Apr-19, 04:06:15 
2-Apr-19, 04:06:15 
2-Apr-19, 04:06:15 
2-Apr-19, 04:06:15 
2-Apr-19, 04:06:15 
2-Apr-19, 04:06:15 
2-Apr-19, 04:06:15 
2-Apr-19, 04:06:15 
2-Apr-19, 04:06:15 
2-Apr-19, 04:06:15 
2-Apr-19, 04:06:15 
2-Apr-19, 04:06:15 
2-Apr-19, 04:06:15 
2-Apr-19, 04:06:15 
2-Apr-19, 04:06:15 
2-Apr-19, 04:06:15 
2-Apr-19, 04:06:15 
2-Apr-19, 04:06:15 
2-Apr-19, 04:06:15 
2-Apr-19, 04:06:15 
2-Apr-19, 04:06:16 
2-Apr-19, 04:06:16 
2-Apr-19, 04:06:16 
2-Apr-19, 04:06:16 
2-Apr-19, 04:06:16 
2-Apr-19, 04:06:16 
2-Apr-19, 04:06:16 
2-Apr-19, 04:06:16 
2-Apr-19, 04:06:16 
2-Apr-19, 04:06:16 
2-Apr-19, 04:06:16 
2-Apr-19, 04:06:16 
2-Apr-19, 04:06:16 
2-Apr-19, 04:06:16 
2-Apr-19, 04:06:16 
2-Apr-19, 04:06:16 
2-Apr-19, 04:06:16 
2-Apr-19, 04:06:16 
2-Apr-19, 04:06:16 
2-Apr-19, 04:06:16 
2-Apr-19, 04:06:16 
2-Apr-19, 04:06:16 
2-Apr-19, 04:06:16 
2-Apr-19, 04:06:16 
2-Apr-19, 04:06:16 
2-Apr-19, 04:06:16 
2-Apr-19, 04:06:16 
2-Apr-19, 04:06:16 
2-Apr-19, 04:06:16 
2-Apr-19, 04:06:16 
2-Apr-19, 04:06:16 
2-Apr-19, 04:06:16 
2-Apr-19, 04:06:16 
2-Apr-19, 04:06:16 
2-Apr-19, 04:06:16 
2-Apr-19, 04:06:16 
2-Apr-19, 04:06:16 
2-Apr-19, 04:06:16 
2-Apr-19, 04:06:16 
2-Apr-19, 04:06:16 
2-Apr-19, 04:06:16 
2-Apr-19, 04:06:16 
2-Apr-19, 04:06:16 
2-Apr-19, 04:06:16 
2-Apr-19, 04:06:16 
2-Apr-19, 04:06:16 
2-Apr-19, 04:06:16 
2-Apr-19, 04:06:16 
2-Apr-19, 04:06:16 
2-Apr-19, 04:06:16 
2-Apr-19, 04:06:16 
2-Apr-19, 04:06:16 
2-Apr-19, 04:06:16 
2-Apr-19, 04:06:16 
2-Apr-19, 04:06:16 
2-Apr-19, 04:06:16 
2-Apr-19, 04:06:16 
2-Apr-19, 04:06:16 
2-Apr-19, 04:06:16 
2-Apr-19, 04:06:16 
2-Apr-19, 04:06:16 
2-Apr-19, 04:06:16 
2-Apr-19, 04:06:16 
2-Apr-19, 04:06:16 
2-Apr-19, 04:06:16 
2-Apr-19, 04:06:16 
2-Apr-19, 04:06:16 
2-Apr-19, 04:06:16 
2-Apr-19, 04:06:16 
2-Apr-19, 04:06:17 
2-Apr-19, 04:06:17 
2-Apr-19, 04:06:17 
2-Apr-19, 04:06:17 
2-Apr-19, 04:06:17 
2-Apr-19, 04:06:17 
2-Apr-19, 04:06:17 
2-Apr-19, 04:06:17 
2-Apr-19, 04:06:17 
2-Apr-19, 04:06:17 
2-Apr-19, 04:06:17 
2-Apr-19, 04:06:17 
2-Apr-19, 04:06:17 
2-Apr-19, 04:06:17 
2-Apr-19, 04:06:17 
2-Apr-19, 04:06:17 
2-Apr-19, 04:06:17 
2-Apr-19, 04:06:17 
2-Apr-19, 04:06:17 
2-Apr-19, 04:06:17 
2-Apr-19, 04:06:17 
2-Apr-19, 04:06:17 
2-Apr-19, 04:06:17 
2-Apr-19, 04:06:17 
2-Apr-19, 04:06:17 
2-Apr-19, 04:06:17 
2-Apr-19, 04:06:17 
2-Apr-19, 04:06:17 
2-Apr-19, 04:06:17 
2-Apr-19, 04:06:17 
2-Apr-19, 04:06:17 
2-Apr-19, 04:06:17 
2-Apr-19, 04:06:17 
2-Apr-19, 04:06:17 
2-Apr-19, 04:06:17 
2-Apr-19, 04:06:17 
2-Apr-19, 04:06:17 
2-Apr-19, 04:06:17 
2-Apr-19, 04:06:17 
2-Apr-19, 04:06:17 
2-Apr-19, 04:06:17 
2-Apr-19, 04:06:17 
2-Apr-19, 04:06:17 
2-Apr-19, 04:06:17 
2-Apr-19, 04:06:17 
2-Apr-19, 04:06:17 
2-Apr-19, 04:06:17 
2-Apr-19, 04:06:17 
2-Apr-19, 04:06:17 
2-Apr-19, 04:06:17 
2-Apr-19, 04:06:17 
2-Apr-19, 04:06:17 
2-Apr-19, 04:06:17 
2-Apr-19, 04:06:17 
2-Apr-19, 04:06:17 
2-Apr-19, 04:06:17 
2-Apr-19, 04:06:17 
2-Apr-19, 04:06:17 
2-Apr-19, 04:06:17 
2-Apr-19, 04:06:17 
2-Apr-19, 04:06:17 
2-Apr-19, 04:06:17 
2-Apr-19, 04:06:17 
2-Apr-19, 04:06:17 
2-Apr-19, 04:06:18 
2-Apr-19, 04:06:18 
2-Apr-19, 04:06:18 
2-Apr-19, 04:06:18 
2-Apr-19, 04:06:18 
2-Apr-19, 04:06:18 
2-Apr-19, 04:06:18 
2-Apr-19, 04:06:18 
2-Apr-19, 04:06:18 
2-Apr-19, 04:06:18 
2-Apr-19, 04:06:18 
2-Apr-19, 04:06:18 
2-Apr-19, 04:06:18 
2-Apr-19, 04:06:18 
2-Apr-19, 04:06:18 
2-Apr-19, 04:06:18 
2-Apr-19, 04:06:18 
2-Apr-19, 04:06:18 
2-Apr-19, 04:06:18 
2-Apr-19, 04:06:18 
2-Apr-19, 04:06:18 
2-Apr-19, 04:06:18 
2-Apr-19, 04:06:18 
2-Apr-19, 04:06:18 
2-Apr-19, 04:06:18 
2-Apr-19, 04:06:18 
2-Apr-19, 04:06:18 
2-Apr-19, 04:06:18 
2-Apr-19, 04:06:18 
2-Apr-19, 04:06:18 
2-Apr-19, 04:06:18 
2-Apr-19, 04:06:18 
2-Apr-19, 04:06:18 
2-Apr-19, 04:06:18 
2-Apr-19, 04:06:18 
2-Apr-19, 04:06:18 
2-Apr-19, 04:06:18 
2-Apr-19, 04:06:18 
2-Apr-19, 04:06:18 
2-Apr-19, 04:06:18 
2-Apr-19, 04:06:18 
2-Apr-19, 04:06:18 
2-Apr-19, 04:06:18 
2-Apr-19, 04:06:18 
2-Apr-19, 04:06:18 
2-Apr-19, 04:06:18 
2-Apr-19, 04:06:18 
2-Apr-19, 04:06:18 
2-Apr-19, 04:06:18 
2-Apr-19, 04:06:18 
2-Apr-19, 04:06:18 
2-Apr-19, 04:06:18 
2-Apr-19, 04:06:18 
2-Apr-19, 04:06:18 
2-Apr-19, 04:06:18 
2-Apr-19, 04:06:18 
2-Apr-19, 04:06:18 
2-Apr-19, 04:06:18 
2-Apr-19, 04:06:18 
2-Apr-19, 04:06:18 
2-Apr-19, 04:06:18 
2-Apr-19, 04:06:18 
2-Apr-19, 04:06:18 
2-Apr-19, 04:06:18 
2-Apr-19, 04:06:18 
2-Apr-19, 04:06:18 
2-Apr-19, 04:06:18 
2-Apr-19, 04:06:18 
2-Apr-19, 04:06:18 
2-Apr-19, 04:06:18 
2-Apr-19, 04:06:18 
2-Apr-19, 04:06:19 
2-Apr-19, 04:06:19 
2-Apr-19, 04:06:19 
2-Apr-19, 04:06:19 
2-Apr-19, 04:06:19 
2-Apr-19, 04:06:19 
2-Apr-19, 04:06:19 
2-Apr-19, 04:06:19 
2-Apr-19, 04:06:19 
2-Apr-19, 04:06:19 
2-Apr-19, 04:06:19 
2-Apr-19, 04:06:19 
2-Apr-19, 04:06:19 
2-Apr-19, 04:06:19 
2-Apr-19, 04:06:19 
2-Apr-19, 04:06:19 
2-Apr-19, 04:06:19 
2-Apr-19, 04:06:19 
2-Apr-19, 04:06:19 
2-Apr-19, 04:06:19 
2-Apr-19, 04:06:19 
2-Apr-19, 04:06:19 
2-Apr-19, 04:06:19 
2-Apr-19, 04:06:19 
2-Apr-19, 04:06:19 
2-Apr-19, 04:06:19 
2-Apr-19, 04:06:19 
2-Apr-19, 04:06:19 
2-Apr-19, 04:06:19 
2-Apr-19, 04:06:19 
2-Apr-19, 04:06:19 
2-Apr-19, 04:06:19 
2-Apr-19, 04:06:19 
2-Apr-19, 04:06:19 
2-Apr-19, 04:06:19 
2-Apr-19, 04:06:19 
2-Apr-19, 04:06:19 
2-Apr-19, 04:06:19 
2-Apr-19, 04:06:19 
2-Apr-19, 04:06:19 
2-Apr-19, 04:06:19 
2-Apr-19, 04:06:19 
2-Apr-19, 04:06:19 
2-Apr-19, 04:06:19 
2-Apr-19, 04:06:19 
2-Apr-19, 04:06:19 
2-Apr-19, 04:06:19 
2-Apr-19, 04:06:19 
2-Apr-19, 04:06:19 
2-Apr-19, 04:06:19 
2-Apr-19, 04:06:19 
2-Apr-19, 04:06:19 
2-Apr-19, 04:06:19 
2-Apr-19, 04:06:19 
2-Apr-19, 04:06:19 
2-Apr-19, 04:06:19 
2-Apr-19, 04:06:19 
2-Apr-19, 04:06:19 
2-Apr-19, 04:06:19 
2-Apr-19, 04:06:19 
2-Apr-19, 04:06:19 
2-Apr-19, 04:06:19 
2-Apr-19, 04:06:19 
2-Apr-19, 04:06:19 
2-Apr-19, 04:06:19 
2-Apr-19, 04:06:19 
2-Apr-19, 04:06:19 
2-Apr-19, 04:06:19 
2-Apr-19, 04:06:19 
2-Apr-19, 04:06:19 
2-Apr-19, 04:06:19 
2-Apr-19, 04:06:19 
2-Apr-19, 04:06:19 
2-Apr-19, 04:06:19 
2-Apr-19, 04:06:19 
2-Apr-19, 04:06:19 
2-Apr-19, 04:06:19 
2-Apr-19, 04:06:19 
2-Apr-19, 04:06:19 
2-Apr-19, 04:06:19 
2-Apr-19, 04:06:19 
2-Apr-19, 04:06:19 
2-Apr-19, 04:06:19 
2-Apr-19, 04:06:19 
2-Apr-19, 04:06:19 
2-Apr-19, 04:06:19 
2-Apr-19, 04:06:19 
2-Apr-19, 04:06:19 
2-Apr-19, 04:06:20 
2-Apr-19, 04:06:20 
2-Apr-19, 04:06:20 
2-Apr-19, 04:06:20 
2-Apr-19, 04:06:20 
2-Apr-19, 04:06:20 
2-Apr-19, 04:06:20 
2-Apr-19, 04:06:20 
2-Apr-19, 04:06:20 
2-Apr-19, 04:06:20 
2-Apr-19, 04:06:20 
2-Apr-19, 04:06:20 
2-Apr-19, 04:06:20 
2-Apr-19, 04:06:20 
2-Apr-19, 04:06:20 
2-Apr-19, 04:06:20 
2-Apr-19, 04:06:20 
2-Apr-19, 04:06:20 
2-Apr-19, 04:06:20 
2-Apr-19, 04:06:20 
2-Apr-19, 04:06:20 
2-Apr-19, 04:06:20 
2-Apr-19, 04:06:20 
2-Apr-19, 04:06:20 
2-Apr-19, 04:06:20 
2-Apr-19, 04:06:20 
2-Apr-19, 04:06:20 
2-Apr-19, 04:06:20 
2-Apr-19, 04:06:20 
2-Apr-19, 04:06:20 
2-Apr-19, 04:06:20 
2-Apr-19, 04:06:20 
2-Apr-19, 04:06:20 
2-Apr-19, 04:06:20 
2-Apr-19, 04:06:20 
2-Apr-19, 04:06:20 
2-Apr-19, 04:06:20 
2-Apr-19, 04:06:20 
2-Apr-19, 04:06:20 
2-Apr-19, 04:06:20 
2-Apr-19, 04:06:20 
2-Apr-19, 04:06:20 
2-Apr-19, 04:06:20 
2-Apr-19, 04:06:20 
2-Apr-19, 04:06:20 
2-Apr-19, 04:06:20 
2-Apr-19, 04:06:20 
2-Apr-19, 04:06:20 
2-Apr-19, 04:06:20 
2-Apr-19, 04:06:20 
2-Apr-19, 04:06:20 
2-Apr-19, 04:06:20 
2-Apr-19, 04:06:20 
2-Apr-19, 04:06:20 
2-Apr-19, 04:06:20 
2-Apr-19, 04:06:20 
2-Apr-19, 04:06:20 
2-Apr-19, 04:06:20 
2-Apr-19, 04:06:20 
2-Apr-19, 04:06:20 
2-Apr-19, 04:06:20 
2-Apr-19, 04:06:20 
2-Apr-19, 04:06:20 
2-Apr-19, 04:06:20 
2-Apr-19, 04:06:20 
2-Apr-19, 04:06:20 
2-Apr-19, 04:06:20 
2-Apr-19, 04:06:20 
2-Apr-19, 04:06:21 
2-Apr-19, 04:06:21 
2-Apr-19, 04:06:21 
2-Apr-19, 04:06:21 
2-Apr-19, 04:06:21 
2-Apr-19, 04:06:21 
2-Apr-19, 04:06:21 
2-Apr-19, 04:06:21 
2-Apr-19, 04:06:21 
2-Apr-19, 04:06:21 
2-Apr-19, 04:06:21 
2-Apr-19, 04:06:21 
2-Apr-19, 04:06:21 
2-Apr-19, 04:06:21 
2-Apr-19, 04:06:21 
2-Apr-19, 04:06:21 
2-Apr-19, 04:06:21 
2-Apr-19, 04:06:21 
2-Apr-19, 04:06:21 
2-Apr-19, 04:06:21 
2-Apr-19, 04:06:21 
2-Apr-19, 04:06:21 
2-Apr-19, 04:06:21 
2-Apr-19, 04:06:21 
2-Apr-19, 04:06:21 
2-Apr-19, 04:06:21 
2-Apr-19, 04:06:21 
2-Apr-19, 04:06:21 
2-Apr-19, 04:06:21 
2-Apr-19, 04:06:21 
2-Apr-19, 04:06:21 
2-Apr-19, 04:06:21 
2-Apr-19, 04:06:21 
2-Apr-19, 04:06:21 
2-Apr-19, 04:06:21 
2-Apr-19, 04:06:21 
2-Apr-19, 04:06:21 
2-Apr-19, 04:06:21 
2-Apr-19, 04:06:21 
2-Apr-19, 04:06:21 
2-Apr-19, 04:06:21 
2-Apr-19, 04:06:21 
2-Apr-19, 04:06:21 
2-Apr-19, 04:06:21 
2-Apr-19, 04:06:21 
2-Apr-19, 04:06:21 
2-Apr-19, 04:06:21 
2-Apr-19, 04:06:21 
2-Apr-19, 04:06:21 
2-Apr-19, 04:06:21 
2-Apr-19, 04:06:21 
2-Apr-19, 04:06:21 
2-Apr-19, 04:06:21 
2-Apr-19, 04:06:21 
2-Apr-19, 04:06:21 
2-Apr-19, 04:06:21 
2-Apr-19, 04:06:21 
2-Apr-19, 04:06:21 
2-Apr-19, 04:06:21 
2-Apr-19, 04:06:21 
2-Apr-19, 04:06:21 
2-Apr-19, 04:06:21 
2-Apr-19, 04:06:21 
2-Apr-19, 04:06:21 
2-Apr-19, 04:06:21 
2-Apr-19, 04:06:21 
2-Apr-19, 04:06:21 
2-Apr-19, 04:06:21 
2-Apr-19, 04:06:21 
2-Apr-19, 04:06:21 
2-Apr-19, 04:06:21 
2-Apr-19, 04:06:21 
2-Apr-19, 04:06:21 
2-Apr-19, 04:06:22 
2-Apr-19, 04:06:22 
2-Apr-19, 04:06:22 
2-Apr-19, 04:06:22 
2-Apr-19, 04:06:22 
2-Apr-19, 04:06:22 
2-Apr-19, 04:06:22 
2-Apr-19, 04:06:22 
2-Apr-19, 04:06:22 
2-Apr-19, 04:06:22 
2-Apr-19, 04:06:22 
2-Apr-19, 04:06:22 
2-Apr-19, 04:06:22 
2-Apr-19, 04:06:22 
2-Apr-19, 04:06:22 
2-Apr-19, 04:06:22 
2-Apr-19, 04:06:22 
2-Apr-19, 04:06:22 
2-Apr-19, 04:06:22 
2-Apr-19, 04:06:22 
2-Apr-19, 04:06:22 
2-Apr-19, 04:06:22 
2-Apr-19, 04:06:22 
2-Apr-19, 04:06:22 
2-Apr-19, 04:06:22 
2-Apr-19, 04:06:22 
2-Apr-19, 04:06:22 
2-Apr-19, 04:06:22 
2-Apr-19, 04:06:22 
2-Apr-19, 04:06:22 
2-Apr-19, 04:06:22 
2-Apr-19, 04:06:22 
2-Apr-19, 04:06:22 
2-Apr-19, 04:06:22 
2-Apr-19, 04:06:22 
2-Apr-19, 04:06:22 
2-Apr-19, 04:06:22 
2-Apr-19, 04:06:22 
2-Apr-19, 04:06:22 
2-Apr-19, 04:06:22 
2-Apr-19, 04:06:22 
2-Apr-19, 04:06:22 
2-Apr-19, 04:06:22 
2-Apr-19, 04:06:22 
2-Apr-19, 04:06:22 
2-Apr-19, 04:06:22 
2-Apr-19, 04:06:22 
2-Apr-19, 04:06:22 
2-Apr-19, 04:06:22 
2-Apr-19, 04:06:22 
2-Apr-19, 04:06:22 
2-Apr-19, 04:06:22 
2-Apr-19, 04:06:22 
2-Apr-19, 04:06:22 
2-Apr-19, 04:06:22 
2-Apr-19, 04:06:22 
2-Apr-19, 04:06:22 
2-Apr-19, 04:06:22 
2-Apr-19, 04:06:22 
2-Apr-19, 04:06:22 
2-Apr-19, 04:06:22 
2-Apr-19, 04:06:22 
2-Apr-19, 04:06:22 
2-Apr-19, 04:06:22 
2-Apr-19, 04:06:22 
2-Apr-19, 04:06:22 
2-Apr-19, 04:06:22 
2-Apr-19, 04:06:22 
2-Apr-19, 04:06:22 
2-Apr-19, 04:06:22 
2-Apr-19, 04:06:22 
2-Apr-19, 04:06:22 
2-Apr-19, 04:06:22 
2-Apr-19, 04:06:22 
2-Apr-19, 04:06:22 
2-Apr-19, 04:06:22 
2-Apr-19, 04:06:22 
2-Apr-19, 04:06:22 
2-Apr-19, 04:06:22 
2-Apr-19, 04:06:22 
2-Apr-19, 04:06:22 
2-Apr-19, 04:06:23 
2-Apr-19, 04:06:23 
2-Apr-19, 04:06:23 
2-Apr-19, 04:06:23 
2-Apr-19, 04:06:23 
2-Apr-19, 04:06:23 
2-Apr-19, 04:06:23 
2-Apr-19, 04:06:23 
2-Apr-19, 04:06:23 
2-Apr-19, 04:06:23 
2-Apr-19, 04:06:23 
2-Apr-19, 04:06:23 
2-Apr-19, 04:06:23 
2-Apr-19, 04:06:23 
2-Apr-19, 04:06:23 
2-Apr-19, 04:06:23 
2-Apr-19, 04:06:23 
2-Apr-19, 04:06:23 
2-Apr-19, 04:06:23 
2-Apr-19, 04:06:23 
2-Apr-19, 04:06:23 
2-Apr-19, 04:06:23 
2-Apr-19, 04:06:23 
2-Apr-19, 04:06:23 
2-Apr-19, 04:06:23 
2-Apr-19, 04:06:23 
2-Apr-19, 04:06:23 
2-Apr-19, 04:06:23 
2-Apr-19, 04:06:23 
2-Apr-19, 04:06:23 
2-Apr-19, 04:06:23 
2-Apr-19, 04:06:23 
2-Apr-19, 04:06:23 
2-Apr-19, 04:06:23 
2-Apr-19, 04:06:23 
2-Apr-19, 04:06:23 
2-Apr-19, 04:06:23 
2-Apr-19, 04:06:23 
2-Apr-19, 04:06:23 
2-Apr-19, 04:06:23 
2-Apr-19, 04:06:23 
2-Apr-19, 04:06:23 
2-Apr-19, 04:06:23 
2-Apr-19, 04:06:23 
2-Apr-19, 04:06:23 
2-Apr-19, 04:06:23 
2-Apr-19, 04:06:23 
2-Apr-19, 04:06:23 
2-Apr-19, 04:06:23 
2-Apr-19, 04:06:23 
2-Apr-19, 04:06:23 
2-Apr-19, 04:06:23 
2-Apr-19, 04:06:23 
2-Apr-19, 04:06:23 
2-Apr-19, 04:06:23 
2-Apr-19, 04:06:23 
2-Apr-19, 04:06:23 
2-Apr-19, 04:06:23 
2-Apr-19, 04:06:23 
2-Apr-19, 04:06:23 
2-Apr-19, 04:06:23 
2-Apr-19, 04:06:23 
2-Apr-19, 04:06:23 
2-Apr-19, 04:06:23 
2-Apr-19, 04:06:23 
2-Apr-19, 04:06:23 
2-Apr-19, 04:06:23 
2-Apr-19, 04:06:23 
2-Apr-19, 04:06:23 
2-Apr-19, 04:06:23 
2-Apr-19, 04:06:23 
2-Apr-19, 04:06:23 
2-Apr-19, 04:06:23 
2-Apr-19, 04:06:23 
2-Apr-19, 04:06:23 
2-Apr-19, 04:06:23 
2-Apr-19, 04:06:23 
2-Apr-19, 04:06:23 
2-Apr-19, 04:06:23 
2-Apr-19, 04:06:23 
2-Apr-19, 04:06:24 
2-Apr-19, 04:06:24 
2-Apr-19, 04:06:24 
2-Apr-19, 04:06:24 
2-Apr-19, 04:06:24 
2-Apr-19, 04:06:24 
2-Apr-19, 04:06:24 
2-Apr-19, 04:06:24 
2-Apr-19, 04:06:24 
2-Apr-19, 04:06:24 
2-Apr-19, 04:06:24 
2-Apr-19, 04:06:24 
2-Apr-19, 04:06:24 
2-Apr-19, 04:06:24 
2-Apr-19, 04:06:24 
2-Apr-19, 04:06:24 
2-Apr-19, 04:06:24 
2-Apr-19, 04:06:24 
2-Apr-19, 04:06:24 
2-Apr-19, 04:06:24 
2-Apr-19, 04:06:24 
2-Apr-19, 04:06:24 
2-Apr-19, 04:06:24 
2-Apr-19, 04:06:24 
2-Apr-19, 04:06:24 
2-Apr-19, 04:06:24 
2-Apr-19, 04:06:24 
2-Apr-19, 04:06:24 
2-Apr-19, 04:06:24 
2-Apr-19, 04:06:24 
2-Apr-19, 04:06:24 
2-Apr-19, 04:06:24 
2-Apr-19, 04:06:24 
2-Apr-19, 04:06:24 
2-Apr-19, 04:06:24 
2-Apr-19, 04:06:24 
2-Apr-19, 04:06:24 
2-Apr-19, 04:06:24 
2-Apr-19, 04:06:24 
2-Apr-19, 04:06:24 
2-Apr-19, 04:06:24 
2-Apr-19, 04:06:24 
2-Apr-19, 04:06:24 
2-Apr-19, 04:06:24 
2-Apr-19, 04:06:24 
2-Apr-19, 04:06:24 
2-Apr-19, 04:06:24 
2-Apr-19, 04:06:24 
2-Apr-19, 04:06:24 
2-Apr-19, 04:06:24 
2-Apr-19, 04:06:24 
2-Apr-19, 04:06:24 
2-Apr-19, 04:06:24 
2-Apr-19, 04:06:24 
2-Apr-19, 04:06:24 
2-Apr-19, 04:06:24 
2-Apr-19, 04:06:24 
2-Apr-19, 04:06:24 
2-Apr-19, 04:06:24 
2-Apr-19, 04:06:24 
2-Apr-19, 04:06:24 
2-Apr-19, 04:06:24 
2-Apr-19, 04:06:24 
2-Apr-19, 04:06:24 
2-Apr-19, 04:06:24 
2-Apr-19, 04:06:24 
2-Apr-19, 04:06:24 
2-Apr-19, 04:06:24 
2-Apr-19, 04:06:24 
2-Apr-19, 04:06:24 
2-Apr-19, 04:06:24 
2-Apr-19, 04:06:24 
2-Apr-19, 04:06:24 
2-Apr-19, 04:06:24 
2-Apr-19, 04:06:24 
2-Apr-19, 04:06:24 
2-Apr-19, 04:06:24 
2-Apr-19, 04:06:24 
2-Apr-19, 04:06:24 
2-Apr-19, 04:06:24 
2-Apr-19, 04:06:24 
2-Apr-19, 04:06:24 
2-Apr-19, 04:06:24 
2-Apr-19, 04:06:24 
2-Apr-19, 04:06:24 
2-Apr-19, 04:06:25 
2-Apr-19, 04:06:25 
2-Apr-19, 04:06:25 
2-Apr-19, 04:06:25 
2-Apr-19, 04:06:25 
2-Apr-19, 04:06:25 
2-Apr-19, 04:06:25 
2-Apr-19, 04:06:25 
2-Apr-19, 04:06:25 
2-Apr-19, 04:06:25 
2-Apr-19, 04:06:25 
2-Apr-19, 04:06:25 
2-Apr-19, 04:06:25 
2-Apr-19, 04:06:25 
2-Apr-19, 04:06:25 
2-Apr-19, 04:06:25 
2-Apr-19, 04:06:25 
2-Apr-19, 04:06:25 
2-Apr-19, 04:06:25 
2-Apr-19, 04:06:25 
2-Apr-19, 04:06:25 
2-Apr-19, 04:06:25 
2-Apr-19, 04:06:25 
2-Apr-19, 04:06:25 
2-Apr-19, 04:06:25 
2-Apr-19, 04:06:25 
2-Apr-19, 04:06:25 
2-Apr-19, 04:06:25 
2-Apr-19, 04:06:25 
2-Apr-19, 04:06:25 
2-Apr-19, 04:06:25 
2-Apr-19, 04:06:25 
2-Apr-19, 04:06:25 
2-Apr-19, 04:06:25 
2-Apr-19, 04:06:25 
2-Apr-19, 04:06:25 
2-Apr-19, 04:06:25 
2-Apr-19, 04:06:25 
2-Apr-19, 04:06:25 
2-Apr-19, 04:06:25 
2-Apr-19, 04:06:25 
2-Apr-19, 04:06:25 
2-Apr-19, 04:06:25 
2-Apr-19, 04:06:25 
2-Apr-19, 04:06:25 
2-Apr-19, 04:06:25 
2-Apr-19, 04:06:25 
2-Apr-19, 04:06:25 
2-Apr-19, 04:06:25 
2-Apr-19, 04:06:25 
2-Apr-19, 04:06:25 
2-Apr-19, 04:06:25 
2-Apr-19, 04:06:25 
2-Apr-19, 04:06:25 
2-Apr-19, 04:06:25 
2-Apr-19, 04:06:25 
2-Apr-19, 04:06:25 
2-Apr-19, 04:06:25 
2-Apr-19, 04:06:25 
2-Apr-19, 04:06:25 
2-Apr-19, 04:06:25 
2-Apr-19, 04:06:25 
2-Apr-19, 04:06:25 
2-Apr-19, 04:06:25 
2-Apr-19, 04:06:25 
2-Apr-19, 04:06:26 
2-Apr-19, 04:06:26 
2-Apr-19, 04:06:26 
2-Apr-19, 04:06:26 
2-Apr-19, 04:06:26 
2-Apr-19, 04:06:26 
2-Apr-19, 04:06:26 
2-Apr-19, 04:06:26 
2-Apr-19, 04:06:26 
2-Apr-19, 04:06:26 
2-Apr-19, 04:06:26 
2-Apr-19, 04:06:26 
2-Apr-19, 04:06:26 
2-Apr-19, 04:06:26 
2-Apr-19, 04:06:26 
2-Apr-19, 04:06:26 
2-Apr-19, 04:06:26 
2-Apr-19, 04:06:26 
2-Apr-19, 04:06:26 
2-Apr-19, 04:06:26 
2-Apr-19, 04:06:26 
2-Apr-19, 04:06:26 
2-Apr-19, 04:06:26 
2-Apr-19, 04:06:26 
2-Apr-19, 04:06:26 
2-Apr-19, 04:06:26 
2-Apr-19, 04:06:26 
2-Apr-19, 04:06:26 
2-Apr-19, 04:06:26 
2-Apr-19, 04:06:26 
2-Apr-19, 04:06:26 
2-Apr-19, 04:06:26 
2-Apr-19, 04:06:26 
2-Apr-19, 04:06:26 
2-Apr-19, 04:06:26 
2-Apr-19, 04:06:26 
2-Apr-19, 04:06:26 
2-Apr-19, 04:06:26 
2-Apr-19, 04:06:26 
2-Apr-19, 04:06:26 
2-Apr-19, 04:06:26 
2-Apr-19, 04:06:26 
2-Apr-19, 04:06:26 
2-Apr-19, 04:06:26 
2-Apr-19, 04:06:26 
2-Apr-19, 04:06:26 
2-Apr-19, 04:06:26 
2-Apr-19, 04:06:26 
2-Apr-19, 04:06:26 
2-Apr-19, 04:06:26 
2-Apr-19, 04:06:26 
2-Apr-19, 04:06:26 
2-Apr-19, 04:06:26 
2-Apr-19, 04:06:26 
2-Apr-19, 04:06:26 
2-Apr-19, 04:06:26 
2-Apr-19, 04:06:26 
2-Apr-19, 04:06:26 
2-Apr-19, 04:06:26 
2-Apr-19, 04:06:26 
2-Apr-19, 04:06:26 
2-Apr-19, 04:06:26 
2-Apr-19, 04:06:26 
2-Apr-19, 04:06:26 
2-Apr-19, 04:06:26 
2-Apr-19, 04:06:26 
2-Apr-19, 04:06:26 
2-Apr-19, 04:06:26 
2-Apr-19, 04:06:26 
2-Apr-19, 04:06:26 
2-Apr-19, 04:06:26 
2-Apr-19, 04:06:26 
2-Apr-19, 04:06:26 
2-Apr-19, 04:06:26 
2-Apr-19, 04:06:26 
2-Apr-19, 04:06:26 
2-Apr-19, 04:06:26 
2-Apr-19, 04:06:26 
2-Apr-19, 04:06:26 
2-Apr-19, 04:06:26 
2-Apr-19, 04:06:26 
2-Apr-19, 04:06:26 
2-Apr-19, 04:06:26 
2-Apr-19, 04:06:26 
2-Apr-19, 04:06:27 
2-Apr-19, 04:06:27 
2-Apr-19, 04:06:27 
2-Apr-19, 04:06:27 
2-Apr-19, 04:06:27 
2-Apr-19, 04:06:27 
2-Apr-19, 04:06:27 
2-Apr-19, 04:06:27 
2-Apr-19, 04:06:27 
2-Apr-19, 04:06:27 
2-Apr-19, 04:06:27 
2-Apr-19, 04:06:27 
2-Apr-19, 04:06:27 
2-Apr-19, 04:06:27 
2-Apr-19, 04:06:27 
2-Apr-19, 04:06:27 
2-Apr-19, 04:06:27 
2-Apr-19, 04:06:27 
2-Apr-19, 04:06:27 
2-Apr-19, 04:06:27 
2-Apr-19, 04:06:27 
2-Apr-19, 04:06:27 
2-Apr-19, 04:06:27 
2-Apr-19, 04:06:27 
2-Apr-19, 04:06:27 
2-Apr-19, 04:06:27 
2-Apr-19, 04:06:27 
2-Apr-19, 04:06:27 
2-Apr-19, 04:06:27 
2-Apr-19, 04:06:27 
2-Apr-19, 04:06:27 
2-Apr-19, 04:06:27 
2-Apr-19, 04:06:27 
2-Apr-19, 04:06:27 
2-Apr-19, 04:06:27 
2-Apr-19, 04:06:27 
2-Apr-19, 04:06:27 
2-Apr-19, 04:06:27 
2-Apr-19, 04:06:27 
2-Apr-19, 04:06:27 
2-Apr-19, 04:06:27 
2-Apr-19, 04:06:27 
2-Apr-19, 04:06:27 
2-Apr-19, 04:06:27 
2-Apr-19, 04:06:27 
2-Apr-19, 04:06:27 
2-Apr-19, 04:06:27 
2-Apr-19, 04:06:27 
2-Apr-19, 04:06:27 
2-Apr-19, 04:06:27 
2-Apr-19, 04:06:27 
2-Apr-19, 04:06:27 
2-Apr-19, 04:06:27 
2-Apr-19, 04:06:27 
2-Apr-19, 04:06:27 
2-Apr-19, 04:06:27 
2-Apr-19, 04:06:27 
2-Apr-19, 04:06:27 
2-Apr-19, 04:06:27 
2-Apr-19, 04:06:27 
2-Apr-19, 04:06:27 
2-Apr-19, 04:06:27 
2-Apr-19, 04:06:27 
2-Apr-19, 04:06:27 
2-Apr-19, 04:06:27 
2-Apr-19, 04:06:27 
2-Apr-19, 04:06:27 
2-Apr-19, 04:06:27 
2-Apr-19, 04:06:27 
2-Apr-19, 04:06:27 
2-Apr-19, 04:06:27 
2-Apr-19, 04:06:27 
2-Apr-19, 04:06:27 
2-Apr-19, 04:06:27 
2-Apr-19, 04:06:27 
2-Apr-19, 04:06:27 
2-Apr-19, 04:06:27 
2-Apr-19, 04:06:27 
2-Apr-19, 04:06:27 
2-Apr-19, 04:06:27 
2-Apr-19, 04:06:27 
2-Apr-19, 04:06:28 
2-Apr-19, 04:06:28 
2-Apr-19, 04:06:28 
2-Apr-19, 04:06:28 
2-Apr-19, 04:06:28 
2-Apr-19, 04:06:28 
2-Apr-19, 04:06:28 
2-Apr-19, 04:06:28 
2-Apr-19, 04:06:28 
2-Apr-19, 04:06:28 
2-Apr-19, 04:06:28 
2-Apr-19, 04:06:28 
2-Apr-19, 04:06:28 
2-Apr-19, 04:06:28 
2-Apr-19, 04:06:28 
2-Apr-19, 04:06:28 
2-Apr-19, 04:06:28 
2-Apr-19, 04:06:28 
2-Apr-19, 04:06:28 
2-Apr-19, 04:06:28 
2-Apr-19, 04:06:28 
2-Apr-19, 04:06:28 
2-Apr-19, 04:06:28 
2-Apr-19, 04:06:28 
2-Apr-19, 04:06:28 
2-Apr-19, 04:06:28 
2-Apr-19, 04:06:28 
2-Apr-19, 04:06:28 
2-Apr-19, 04:06:28 
2-Apr-19, 04:06:28 
2-Apr-19, 04:06:28 
2-Apr-19, 04:06:28 
2-Apr-19, 04:06:28 
2-Apr-19, 04:06:28 
2-Apr-19, 04:06:28 
2-Apr-19, 04:06:28 
2-Apr-19, 04:06:28 
2-Apr-19, 04:06:28 
2-Apr-19, 04:06:28 
2-Apr-19, 04:06:28 
2-Apr-19, 04:06:28 
2-Apr-19, 04:06:28 
2-Apr-19, 04:06:28 
2-Apr-19, 04:06:28 
2-Apr-19, 04:06:28 
2-Apr-19, 04:06:28 
2-Apr-19, 04:06:28 
2-Apr-19, 04:06:28 
2-Apr-19, 04:06:28 
2-Apr-19, 04:06:28 
2-Apr-19, 04:06:28 
2-Apr-19, 04:06:28 
2-Apr-19, 04:06:28 
2-Apr-19, 04:06:28 
2-Apr-19, 04:06:28 
2-Apr-19, 04:06:28 
2-Apr-19, 04:06:28 
2-Apr-19, 04:06:28 
2-Apr-19, 04:06:28 
2-Apr-19, 04:06:28 
2-Apr-19, 04:06:28 
2-Apr-19, 04:06:28 
2-Apr-19, 04:06:28 
2-Apr-19, 04:06:29 
2-Apr-19, 04:06:29 
2-Apr-19, 04:06:29 
2-Apr-19, 04:06:29 
2-Apr-19, 04:06:29 
2-Apr-19, 04:06:29 
2-Apr-19, 04:06:29 
2-Apr-19, 04:06:29 
2-Apr-19, 04:06:29 
2-Apr-19, 04:06:29 
2-Apr-19, 04:06:29 
2-Apr-19, 04:06:29 
2-Apr-19, 04:06:29 
2-Apr-19, 04:06:29 
2-Apr-19, 04:06:29 
2-Apr-19, 04:06:29 
2-Apr-19, 04:06:29 
2-Apr-19, 04:06:29 
2-Apr-19, 04:06:29 
2-Apr-19, 04:06:29 
2-Apr-19, 04:06:29 
2-Apr-19, 04:06:29 
2-Apr-19, 04:06:29 
2-Apr-19, 04:06:29 
2-Apr-19, 04:06:29 
2-Apr-19, 04:06:29 
2-Apr-19, 04:06:29 
2-Apr-19, 04:06:29 
2-Apr-19, 04:06:29 
2-Apr-19, 04:06:29 
2-Apr-19, 04:06:29 
2-Apr-19, 04:06:29 
2-Apr-19, 04:06:29 
2-Apr-19, 04:06:29 
2-Apr-19, 04:06:29 
2-Apr-19, 04:06:29 
2-Apr-19, 04:06:29 
2-Apr-19, 04:06:29 
2-Apr-19, 04:06:29 
2-Apr-19, 04:06:29 
2-Apr-19, 04:06:29 
2-Apr-19, 04:06:29 
2-Apr-19, 04:06:29 
2-Apr-19, 04:06:29 
2-Apr-19, 04:06:29 
2-Apr-19, 04:06:29 
2-Apr-19, 04:06:29 
2-Apr-19, 04:06:29 
2-Apr-19, 04:06:29 
2-Apr-19, 04:06:29 
2-Apr-19, 04:06:29 
2-Apr-19, 04:06:29 
2-Apr-19, 04:06:29 
2-Apr-19, 04:06:29 
2-Apr-19, 04:06:29 
2-Apr-19, 04:06:29 
2-Apr-19, 04:06:29 
2-Apr-19, 04:06:29 
2-Apr-19, 04:06:29 
2-Apr-19, 04:06:29 
2-Apr-19, 04:06:29 
2-Apr-19, 04:06:29 
2-Apr-19, 04:06:29 
2-Apr-19, 04:06:29 
2-Apr-19, 04:06:29 
2-Apr-19, 04:06:29 
2-Apr-19, 04:06:29 
2-Apr-19, 04:06:29 
2-Apr-19, 04:06:29 
2-Apr-19, 04:06:29 
2-Apr-19, 04:06:29 
2-Apr-19, 04:06:29 
2-Apr-19, 04:06:29 
2-Apr-19, 04:06:29 
2-Apr-19, 04:06:29 
2-Apr-19, 04:06:29 
2-Apr-19, 04:06:29 
2-Apr-19, 04:06:29 
2-Apr-19, 04:06:29 
2-Apr-19, 04:06:29 
2-Apr-19, 04:06:30 
2-Apr-19, 04:06:30 
2-Apr-19, 04:06:30 
2-Apr-19, 04:06:30 
2-Apr-19, 04:06:30 
2-Apr-19, 04:06:30 
2-Apr-19, 04:06:30 
2-Apr-19, 04:06:30 
2-Apr-19, 04:06:30 
2-Apr-19, 04:06:30 
2-Apr-19, 04:06:30 
2-Apr-19, 04:06:30 
2-Apr-19, 04:06:30 
2-Apr-19, 04:06:30 
2-Apr-19, 04:06:30 
2-Apr-19, 04:06:30 
2-Apr-19, 04:06:30 
2-Apr-19, 04:06:30 
2-Apr-19, 04:06:30 
2-Apr-19, 04:06:30 
2-Apr-19, 04:06:30 
2-Apr-19, 04:06:30 
2-Apr-19, 04:06:30 
2-Apr-19, 04:06:30 
2-Apr-19, 04:06:30 
2-Apr-19, 04:06:30 
2-Apr-19, 04:06:30 
2-Apr-19, 04:06:30 
2-Apr-19, 04:06:30 
2-Apr-19, 04:06:30 
2-Apr-19, 04:06:30 
2-Apr-19, 04:06:30 
2-Apr-19, 04:06:30 
2-Apr-19, 04:06:30 
2-Apr-19, 04:06:30 
2-Apr-19, 04:06:30 
2-Apr-19, 04:06:30 
2-Apr-19, 04:06:30 
2-Apr-19, 04:06:30 
2-Apr-19, 04:06:30 
2-Apr-19, 04:06:30 
2-Apr-19, 04:06:30 
2-Apr-19, 04:06:30 
2-Apr-19, 04:06:30 
2-Apr-19, 04:06:30 
2-Apr-19, 04:06:30 
2-Apr-19, 04:06:30 
2-Apr-19, 04:06:30 
2-Apr-19, 04:06:30 
2-Apr-19, 04:06:30 
2-Apr-19, 04:06:30 
2-Apr-19, 04:06:30 
2-Apr-19, 04:06:30 
2-Apr-19, 04:06:30 
2-Apr-19, 04:06:30 
2-Apr-19, 04:06:30 
2-Apr-19, 04:06:30 
2-Apr-19, 04:06:30 
2-Apr-19, 04:06:30 
2-Apr-19, 04:06:30 
2-Apr-19, 04:06:30 
2-Apr-19, 04:06:30 
2-Apr-19, 04:06:30 
2-Apr-19, 04:06:30 
2-Apr-19, 04:06:30 
2-Apr-19, 04:06:30 
2-Apr-19, 04:06:30 
2-Apr-19, 04:06:30 
2-Apr-19, 04:06:30 
2-Apr-19, 04:06:30 
2-Apr-19, 04:06:30 
2-Apr-19, 04:06:31 
2-Apr-19, 04:06:31 
2-Apr-19, 04:06:31 
2-Apr-19, 04:06:31 
2-Apr-19, 04:06:31 
2-Apr-19, 04:06:31 
2-Apr-19, 04:06:31 
2-Apr-19, 04:06:31 
2-Apr-19, 04:06:31 
2-Apr-19, 04:06:31 
2-Apr-19, 04:06:31 
2-Apr-19, 04:06:31 
2-Apr-19, 04:06:31 
2-Apr-19, 04:06:31 
2-Apr-19, 04:06:31 
2-Apr-19, 04:06:31 
2-Apr-19, 04:06:31 
2-Apr-19, 04:06:31 
2-Apr-19, 04:06:31 
2-Apr-19, 04:06:31 
2-Apr-19, 04:06:31 
2-Apr-19, 04:06:31 
2-Apr-19, 04:06:31 
2-Apr-19, 04:06:31 
2-Apr-19, 04:06:31 
2-Apr-19, 04:06:31 
2-Apr-19, 04:06:31 
2-Apr-19, 04:06:31 
2-Apr-19, 04:06:31 
2-Apr-19, 04:06:31 
2-Apr-19, 04:06:31 
2-Apr-19, 04:06:31 
2-Apr-19, 04:06:31 
2-Apr-19, 04:06:31 
2-Apr-19, 04:06:31 
2-Apr-19, 04:06:31 
2-Apr-19, 04:06:31 
2-Apr-19, 04:06:31 
2-Apr-19, 04:06:31 
2-Apr-19, 04:06:31 
2-Apr-19, 04:06:31 
2-Apr-19, 04:06:31 
2-Apr-19, 04:06:31 
2-Apr-19, 04:06:31 
2-Apr-19, 04:06:31 
2-Apr-19, 04:06:31 
2-Apr-19, 04:06:31 
2-Apr-19, 04:06:31 
2-Apr-19, 04:06:31 
2-Apr-19, 04:06:31 
2-Apr-19, 04:06:31 
2-Apr-19, 04:06:31 
2-Apr-19, 04:06:31 
2-Apr-19, 04:06:31 
2-Apr-19, 04:06:31 
2-Apr-19, 04:06:31 
2-Apr-19, 04:06:31 
2-Apr-19, 04:06:31 
2-Apr-19, 04:06:31 
2-Apr-19, 04:06:31 
2-Apr-19, 04:06:31 
2-Apr-19, 04:06:31 
2-Apr-19, 04:06:31 
2-Apr-19, 04:06:31 
2-Apr-19, 04:06:31 
2-Apr-19, 04:06:31 
2-Apr-19, 04:06:31 
2-Apr-19, 04:06:31 
2-Apr-19, 04:06:31 
2-Apr-19, 04:06:31 
2-Apr-19, 04:06:31 
2-Apr-19, 04:06:31 
2-Apr-19, 04:06:31 
2-Apr-19, 04:06:31 
2-Apr-19, 04:06:31 
2-Apr-19, 04:06:31 
2-Apr-19, 04:06:31 
2-Apr-19, 04:06:31 
2-Apr-19, 04:06:31 
2-Apr-19, 04:06:31 
2-Apr-19, 04:06:31 
2-Apr-19, 04:06:31 
2-Apr-19, 04:06:31 
2-Apr-19, 04:06:31 
2-Apr-19, 04:06:32 
2-Apr-19, 04:06:32 
2-Apr-19, 04:06:32 
2-Apr-19, 04:06:32 
2-Apr-19, 04:06:32 
2-Apr-19, 04:06:32 
2-Apr-19, 04:06:32 
2-Apr-19, 04:06:32 
2-Apr-19, 04:06:32 
2-Apr-19, 04:06:32 
2-Apr-19, 04:06:32 
2-Apr-19, 04:06:32 
2-Apr-19, 04:06:32 
2-Apr-19, 04:06:32 
2-Apr-19, 04:06:32 
2-Apr-19, 04:06:32 
2-Apr-19, 04:06:32 
2-Apr-19, 04:06:32 
2-Apr-19, 04:06:32 
2-Apr-19, 04:06:32 
2-Apr-19, 04:06:32 
2-Apr-19, 04:06:32 
2-Apr-19, 04:06:32 
2-Apr-19, 04:06:32 
2-Apr-19, 04:06:32 
2-Apr-19, 04:06:32 
2-Apr-19, 04:06:32 
2-Apr-19, 04:06:32 
2-Apr-19, 04:06:32 
2-Apr-19, 04:06:32 
2-Apr-19, 04:06:32 
2-Apr-19, 04:06:32 
2-Apr-19, 04:06:32 
2-Apr-19, 04:06:32 
2-Apr-19, 04:06:32 
2-Apr-19, 04:06:32 
2-Apr-19, 04:06:32 
2-Apr-19, 04:06:32 
2-Apr-19, 04:06:32 
2-Apr-19, 04:06:32 
2-Apr-19, 04:06:32 
2-Apr-19, 04:06:32 
2-Apr-19, 04:06:32 
2-Apr-19, 04:06:32 
2-Apr-19, 04:06:32 
2-Apr-19, 04:06:32 
2-Apr-19, 04:06:32 
2-Apr-19, 04:06:32 
2-Apr-19, 04:06:32 
2-Apr-19, 04:06:32 
2-Apr-19, 04:06:32 
2-Apr-19, 04:06:32 
2-Apr-19, 04:06:32 
2-Apr-19, 04:06:32 
2-Apr-19, 04:06:32 
2-Apr-19, 04:06:32 
2-Apr-19, 04:06:32 
2-Apr-19, 04:06:32 
2-Apr-19, 04:06:32 
2-Apr-19, 04:06:32 
2-Apr-19, 04:06:32 
2-Apr-19, 04:06:32 
2-Apr-19, 04:06:32 
2-Apr-19, 04:06:32 
2-Apr-19, 04:06:32 
2-Apr-19, 04:06:32 
2-Apr-19, 04:06:32 
2-Apr-19, 04:06:32 
2-Apr-19, 04:06:32 
2-Apr-19, 04:06:32 
2-Apr-19, 04:06:32 
2-Apr-19, 04:06:32 
2-Apr-19, 04:06:32 
2-Apr-19, 04:06:32 
2-Apr-19, 04:06:32 
2-Apr-19, 04:06:32 
2-Apr-19, 04:06:32 
2-Apr-19, 04:06:32 
2-Apr-19, 04:06:32 
2-Apr-19, 04:06:32 
2-Apr-19, 04:06:33 
2-Apr-19, 04:06:33 
2-Apr-19, 04:06:33 
2-Apr-19, 04:06:33 
2-Apr-19, 04:06:33 
2-Apr-19, 04:06:33 
2-Apr-19, 04:06:33 
2-Apr-19, 04:06:33 
2-Apr-19, 04:06:33 
2-Apr-19, 04:06:33 
2-Apr-19, 04:06:33 
2-Apr-19, 04:06:33 
2-Apr-19, 04:06:33 
2-Apr-19, 04:06:33 
2-Apr-19, 04:06:33 
2-Apr-19, 04:06:33 
2-Apr-19, 04:06:33 
2-Apr-19, 04:06:33 
2-Apr-19, 04:06:33 
2-Apr-19, 04:06:33 
2-Apr-19, 04:06:33 
2-Apr-19, 04:06:33 
2-Apr-19, 04:06:33 
2-Apr-19, 04:06:33 
2-Apr-19, 04:06:33 
2-Apr-19, 04:06:33 
2-Apr-19, 04:06:33 
2-Apr-19, 04:06:33 
2-Apr-19, 04:06:33 
2-Apr-19, 04:06:33 
2-Apr-19, 04:06:33 
2-Apr-19, 04:06:33 
2-Apr-19, 04:06:33 
2-Apr-19, 04:06:33 
2-Apr-19, 04:06:33 
2-Apr-19, 04:06:33 
2-Apr-19, 04:06:33 
2-Apr-19, 04:06:33 
2-Apr-19, 04:06:33 
2-Apr-19, 04:06:33 
2-Apr-19, 04:06:33 
2-Apr-19, 04:06:33 
2-Apr-19, 04:06:33 
2-Apr-19, 04:06:33 
2-Apr-19, 04:06:33 
2-Apr-19, 04:06:33 
2-Apr-19, 04:06:33 
2-Apr-19, 04:06:33 
2-Apr-19, 04:06:33 
2-Apr-19, 04:06:33 
2-Apr-19, 04:06:33 
2-Apr-19, 04:06:33 
2-Apr-19, 04:06:33 
2-Apr-19, 04:06:33 
2-Apr-19, 04:06:33 
2-Apr-19, 04:06:33 
2-Apr-19, 04:06:33 
2-Apr-19, 04:06:33 
2-Apr-19, 04:06:33 
2-Apr-19, 04:06:33 
2-Apr-19, 04:06:33 
2-Apr-19, 04:06:33 
2-Apr-19, 04:06:33 
2-Apr-19, 04:06:33 
2-Apr-19, 04:06:33 
2-Apr-19, 04:06:33 
2-Apr-19, 04:06:33 
2-Apr-19, 04:06:33 
2-Apr-19, 04:06:33 
2-Apr-19, 04:06:33 
2-Apr-19, 04:06:33 
2-Apr-19, 04:06:33 
2-Apr-19, 04:06:33 
2-Apr-19, 04:06:33 
2-Apr-19, 04:06:33 
2-Apr-19, 04:06:34 
2-Apr-19, 04:06:34 
2-Apr-19, 04:06:34 
2-Apr-19, 04:06:34 
2-Apr-19, 04:06:34 
2-Apr-19, 04:06:34 
2-Apr-19, 04:06:34 
2-Apr-19, 04:06:34 
2-Apr-19, 04:06:34 
2-Apr-19, 04:06:34 
2-Apr-19, 04:06:34 
2-Apr-19, 04:06:34 
2-Apr-19, 04:06:34 
2-Apr-19, 04:06:34 
2-Apr-19, 04:06:34 
2-Apr-19, 04:06:34 
2-Apr-19, 04:06:34 
2-Apr-19, 04:06:34 
2-Apr-19, 04:06:34 
2-Apr-19, 04:06:34 
2-Apr-19, 04:06:34 
2-Apr-19, 04:06:34 
2-Apr-19, 04:06:34 
2-Apr-19, 04:06:34 
2-Apr-19, 04:06:34 
2-Apr-19, 04:06:34 
2-Apr-19, 04:06:34 
2-Apr-19, 04:06:34 
2-Apr-19, 04:06:34 
2-Apr-19, 04:06:34 
2-Apr-19, 04:06:34 
2-Apr-19, 04:06:34 
2-Apr-19, 04:06:34 
2-Apr-19, 04:06:34 
2-Apr-19, 04:06:34 
2-Apr-19, 04:06:34 
2-Apr-19, 04:06:34 
2-Apr-19, 04:06:34 
2-Apr-19, 04:06:34 
2-Apr-19, 04:06:34 
2-Apr-19, 04:06:34 
2-Apr-19, 04:06:34 
2-Apr-19, 04:06:34 
2-Apr-19, 04:06:34 
2-Apr-19, 04:06:34 
2-Apr-19, 04:06:34 
2-Apr-19, 04:06:34 
2-Apr-19, 04:06:34 
2-Apr-19, 04:06:34 
2-Apr-19, 04:06:34 
2-Apr-19, 04:06:34 
2-Apr-19, 04:06:34 
2-Apr-19, 04:06:34 
2-Apr-19, 04:06:34 
2-Apr-19, 04:06:34 
2-Apr-19, 04:06:34 
2-Apr-19, 04:06:34 
2-Apr-19, 04:06:34 
2-Apr-19, 04:06:34 
2-Apr-19, 04:06:34 
2-Apr-19, 04:06:34 
2-Apr-19, 04:06:34 
2-Apr-19, 04:06:34 
2-Apr-19, 04:06:34 
2-Apr-19, 04:06:34 
2-Apr-19, 04:06:34 
2-Apr-19, 04:06:34 
2-Apr-19, 04:06:34 
2-Apr-19, 04:06:34 
2-Apr-19, 04:06:34 
2-Apr-19, 04:06:34 
2-Apr-19, 04:06:34 
2-Apr-19, 04:06:34 
2-Apr-19, 04:06:34 
2-Apr-19, 04:06:34 
2-Apr-19, 04:06:34 
2-Apr-19, 04:06:34 
2-Apr-19, 04:06:34 
2-Apr-19, 04:06:34 
2-Apr-19, 04:06:34 
2-Apr-19, 04:06:34 
2-Apr-19, 04:06:34 
2-Apr-19, 04:06:34 
2-Apr-19, 04:06:34 
2-Apr-19, 04:06:34 
2-Apr-19, 04:06:34 
2-Apr-19, 04:06:34 
2-Apr-19, 04:06:35 
2-Apr-19, 04:06:35 
2-Apr-19, 04:06:35 
2-Apr-19, 04:06:35 
2-Apr-19, 04:06:35 
2-Apr-19, 04:06:35 
2-Apr-19, 04:06:35 
2-Apr-19, 04:06:35 
2-Apr-19, 04:06:35 
2-Apr-19, 04:06:35 
2-Apr-19, 04:06:35 
2-Apr-19, 04:06:35 
2-Apr-19, 04:06:35 
2-Apr-19, 04:06:35 
2-Apr-19, 04:06:35 
2-Apr-19, 04:06:35 
2-Apr-19, 04:06:35 
2-Apr-19, 04:06:35 
2-Apr-19, 04:06:35 
2-Apr-19, 04:06:35 
2-Apr-19, 04:06:35 
2-Apr-19, 04:06:35 
2-Apr-19, 04:06:35 
2-Apr-19, 04:06:35 
2-Apr-19, 04:06:35 
2-Apr-19, 04:06:35 
2-Apr-19, 04:06:35 
2-Apr-19, 04:06:35 
2-Apr-19, 04:06:35 
2-Apr-19, 04:06:35 
2-Apr-19, 04:06:35 
2-Apr-19, 04:06:35 
2-Apr-19, 04:06:35 
2-Apr-19, 04:06:35 
2-Apr-19, 04:06:35 
2-Apr-19, 04:06:35 
2-Apr-19, 04:06:35 
2-Apr-19, 04:06:35 
2-Apr-19, 04:06:35 
2-Apr-19, 04:06:35 
2-Apr-19, 04:06:35 
2-Apr-19, 04:06:35 
2-Apr-19, 04:06:35 
2-Apr-19, 04:06:35 
2-Apr-19, 04:06:35 
2-Apr-19, 04:06:35 
2-Apr-19, 04:06:35 
2-Apr-19, 04:06:35 
2-Apr-19, 04:06:35 
2-Apr-19, 04:06:35 
2-Apr-19, 04:06:35 
2-Apr-19, 04:06:35 
2-Apr-19, 04:06:35 
2-Apr-19, 04:06:35 
2-Apr-19, 04:06:35 
2-Apr-19, 04:06:35 
2-Apr-19, 04:06:35 
2-Apr-19, 04:06:35 
2-Apr-19, 04:06:35 
2-Apr-19, 04:06:35 
2-Apr-19, 04:06:35 
2-Apr-19, 04:06:35 
2-Apr-19, 04:06:35 
2-Apr-19, 04:06:35 
2-Apr-19, 04:06:35 
2-Apr-19, 04:06:35 
2-Apr-19, 04:06:35 
2-Apr-19, 04:06:35 
2-Apr-19, 04:06:35 
2-Apr-19, 04:06:35 
2-Apr-19, 04:06:35 
2-Apr-19, 04:06:36 
2-Apr-19, 04:06:36 
2-Apr-19, 04:06:36 
2-Apr-19, 04:06:36 
2-Apr-19, 04:06:36 
2-Apr-19, 04:06:36 
2-Apr-19, 04:06:36 
2-Apr-19, 04:06:36 
2-Apr-19, 04:06:36 
2-Apr-19, 04:06:36 
2-Apr-19, 04:06:36 
2-Apr-19, 04:06:36 
2-Apr-19, 04:06:36 
2-Apr-19, 04:06:36 
2-Apr-19, 04:06:36 
2-Apr-19, 04:06:36 
2-Apr-19, 04:06:36 
2-Apr-19, 04:06:36 
2-Apr-19, 04:06:36 
2-Apr-19, 04:06:36 
2-Apr-19, 04:06:36 
2-Apr-19, 04:06:36 
2-Apr-19, 04:06:36 
2-Apr-19, 04:06:36 
2-Apr-19, 04:06:36 
2-Apr-19, 04:06:36 
2-Apr-19, 04:06:36 
2-Apr-19, 04:06:36 
2-Apr-19, 04:06:36 
2-Apr-19, 04:06:36 
2-Apr-19, 04:06:36 
2-Apr-19, 04:06:36 
2-Apr-19, 04:06:36 
2-Apr-19, 04:06:36 
2-Apr-19, 04:06:36 
2-Apr-19, 04:06:36 
2-Apr-19, 04:06:36 
2-Apr-19, 04:06:36 
2-Apr-19, 04:06:36 
2-Apr-19, 04:06:36 
2-Apr-19, 04:06:36 
2-Apr-19, 04:06:36 
2-Apr-19, 04:06:36 
2-Apr-19, 04:06:36 
2-Apr-19, 04:06:36 
2-Apr-19, 04:06:36 
2-Apr-19, 04:06:36 
2-Apr-19, 04:06:36 
2-Apr-19, 04:06:36 
2-Apr-19, 04:06:36 
2-Apr-19, 04:06:36 
2-Apr-19, 04:06:36 
2-Apr-19, 04:06:36 
2-Apr-19, 04:06:36 
2-Apr-19, 04:06:36 
2-Apr-19, 04:06:36 
2-Apr-19, 04:06:36 
2-Apr-19, 04:06:36 
2-Apr-19, 04:06:36 
2-Apr-19, 04:06:36 
2-Apr-19, 04:06:36 
2-Apr-19, 04:06:36 
2-Apr-19, 04:06:36 
2-Apr-19, 04:06:36 
2-Apr-19, 04:06:36 
2-Apr-19, 04:06:36 
2-Apr-19, 04:06:36 
2-Apr-19, 04:06:36 
2-Apr-19, 04:06:36 
2-Apr-19, 04:06:36 
2-Apr-19, 04:06:36 
2-Apr-19, 04:06:36 
2-Apr-19, 04:06:36 
2-Apr-19, 04:06:36 
2-Apr-19, 04:06:36 
2-Apr-19, 04:06:36 
2-Apr-19, 04:06:36 
2-Apr-19, 04:06:36 
2-Apr-19, 04:06:36 
2-Apr-19, 04:06:36 
2-Apr-19, 04:06:36 
2-Apr-19, 04:06:36 
2-Apr-19, 04:06:36 
2-Apr-19, 04:06:36 
2-Apr-19, 04:06:36 
2-Apr-19, 04:06:36 
2-Apr-19, 04:06:37 
2-Apr-19, 04:06:37 
2-Apr-19, 04:06:37 
2-Apr-19, 04:06:37 
2-Apr-19, 04:06:37 
2-Apr-19, 04:06:37 
2-Apr-19, 04:06:37 
2-Apr-19, 04:06:37 
2-Apr-19, 04:06:37 
2-Apr-19, 04:06:37 
2-Apr-19, 04:06:37 
2-Apr-19, 04:06:37 
2-Apr-19, 04:06:37 
2-Apr-19, 04:06:37 
2-Apr-19, 04:06:37 
2-Apr-19, 04:06:37 
2-Apr-19, 04:06:37 
2-Apr-19, 04:06:37 
2-Apr-19, 04:06:37 
2-Apr-19, 04:06:37 
2-Apr-19, 04:06:37 
2-Apr-19, 04:06:37 
2-Apr-19, 04:06:37 
2-Apr-19, 04:06:37 
2-Apr-19, 04:06:37 
2-Apr-19, 04:06:37 
2-Apr-19, 04:06:37 
2-Apr-19, 04:06:37 
2-Apr-19, 04:06:37 
2-Apr-19, 04:06:37 
2-Apr-19, 04:06:37 
2-Apr-19, 04:06:37 
2-Apr-19, 04:06:37 
2-Apr-19, 04:06:37 
2-Apr-19, 04:06:37 
2-Apr-19, 04:06:37 
2-Apr-19, 04:06:37 
2-Apr-19, 04:06:37 
2-Apr-19, 04:06:37 
2-Apr-19, 04:06:37 
2-Apr-19, 04:06:37 
2-Apr-19, 04:06:37 
2-Apr-19, 04:06:37 
2-Apr-19, 04:06:37 
2-Apr-19, 04:06:37 
2-Apr-19, 04:06:37 
2-Apr-19, 04:06:37 
2-Apr-19, 04:06:37 
2-Apr-19, 04:06:37 
2-Apr-19, 04:06:37 
2-Apr-19, 04:06:37 
2-Apr-19, 04:06:37 
2-Apr-19, 04:06:37 
2-Apr-19, 04:06:37 
2-Apr-19, 04:06:37 
2-Apr-19, 04:06:37 
2-Apr-19, 04:06:37 
2-Apr-19, 04:06:37 
2-Apr-19, 04:06:37 
2-Apr-19, 04:06:37 
2-Apr-19, 04:06:37 
2-Apr-19, 04:06:37 
2-Apr-19, 04:06:37 
2-Apr-19, 04:06:37 
2-Apr-19, 04:06:37 
2-Apr-19, 04:06:37 
2-Apr-19, 04:06:37 
2-Apr-19, 04:06:37 
2-Apr-19, 04:06:37 
2-Apr-19, 04:06:37 
2-Apr-19, 04:06:37 
2-Apr-19, 04:06:37 
2-Apr-19, 04:06:37 
2-Apr-19, 04:06:37 
2-Apr-19, 04:06:37 
2-Apr-19, 04:06:37 
2-Apr-19, 04:06:37 
2-Apr-19, 04:06:37 
2-Apr-19, 04:06:37 
2-Apr-19, 04:06:37 
2-Apr-19, 04:06:38 
2-Apr-19, 04:06:38 
2-Apr-19, 04:06:38 
2-Apr-19, 04:06:38 
2-Apr-19, 04:06:38 
2-Apr-19, 04:06:38 
2-Apr-19, 04:06:38 
2-Apr-19, 04:06:38 
2-Apr-19, 04:06:38 
2-Apr-19, 04:06:38 
2-Apr-19, 04:06:38 
2-Apr-19, 04:06:38 
2-Apr-19, 04:06:38 
2-Apr-19, 04:06:38 
2-Apr-19, 04:06:38 
2-Apr-19, 04:06:38 
2-Apr-19, 04:06:38 
2-Apr-19, 04:06:38 
2-Apr-19, 04:06:38 
2-Apr-19, 04:06:38 
2-Apr-19, 04:06:38 
2-Apr-19, 04:06:38 
2-Apr-19, 04:06:38 
2-Apr-19, 04:06:38 
2-Apr-19, 04:06:38 
2-Apr-19, 04:06:38 
2-Apr-19, 04:06:38 
2-Apr-19, 04:06:38 
2-Apr-19, 04:06:38 
2-Apr-19, 04:06:38 
2-Apr-19, 04:06:38 
2-Apr-19, 04:06:38 
2-Apr-19, 04:06:38 
2-Apr-19, 04:06:38 
2-Apr-19, 04:06:38 
2-Apr-19, 04:06:38 
2-Apr-19, 04:06:38 
2-Apr-19, 04:06:38 
2-Apr-19, 04:06:38 
2-Apr-19, 04:06:38 
2-Apr-19, 04:06:38 
2-Apr-19, 04:06:38 
2-Apr-19, 04:06:38 
2-Apr-19, 04:06:38 
2-Apr-19, 04:06:38 
2-Apr-19, 04:06:38 
2-Apr-19, 04:06:38 
2-Apr-19, 04:06:38 
2-Apr-19, 04:06:38 
2-Apr-19, 04:06:38 
2-Apr-19, 04:06:38 
2-Apr-19, 04:06:38 
2-Apr-19, 04:06:38 
2-Apr-19, 04:06:38 
2-Apr-19, 04:06:38 
2-Apr-19, 04:06:38 
2-Apr-19, 04:06:38 
2-Apr-19, 04:06:38 
2-Apr-19, 04:06:38 
2-Apr-19, 04:06:38 
2-Apr-19, 04:06:38 
2-Apr-19, 04:06:38 
2-Apr-19, 04:06:38 
2-Apr-19, 04:06:38 
2-Apr-19, 04:06:38 
2-Apr-19, 04:06:38 
2-Apr-19, 04:06:38 
2-Apr-19, 04:06:38 
2-Apr-19, 04:06:38 
2-Apr-19, 04:06:38 
2-Apr-19, 04:06:38 
2-Apr-19, 04:06:38 
2-Apr-19, 04:06:38 
2-Apr-19, 04:06:38 
2-Apr-19, 04:06:38 
2-Apr-19, 04:06:38 
2-Apr-19, 04:06:39 
2-Apr-19, 04:06:39 
2-Apr-19, 04:06:39 
2-Apr-19, 04:06:39 
2-Apr-19, 04:06:39 
2-Apr-19, 04:06:39 
2-Apr-19, 04:06:39 
2-Apr-19, 04:06:39 
2-Apr-19, 04:06:39 
2-Apr-19, 04:06:39 
2-Apr-19, 04:06:39 
2-Apr-19, 04:06:39 
2-Apr-19, 04:06:39 
2-Apr-19, 04:06:39 
2-Apr-19, 04:06:39 
2-Apr-19, 04:06:39 
2-Apr-19, 04:06:39 
2-Apr-19, 04:06:39 
2-Apr-19, 04:06:39 
2-Apr-19, 04:06:39 
2-Apr-19, 04:06:39 
2-Apr-19, 04:06:39 
2-Apr-19, 04:06:39 
2-Apr-19, 04:06:39 
2-Apr-19, 04:06:39 
2-Apr-19, 04:06:39 
2-Apr-19, 04:06:39 
2-Apr-19, 04:06:39 
2-Apr-19, 04:06:39 
2-Apr-19, 04:06:39 
2-Apr-19, 04:06:39 
2-Apr-19, 04:06:39 
2-Apr-19, 04:06:39 
2-Apr-19, 04:06:39 
2-Apr-19, 04:06:39 
2-Apr-19, 04:06:39 
2-Apr-19, 04:06:39 
2-Apr-19, 04:06:39 
2-Apr-19, 04:06:39 
2-Apr-19, 04:06:39 
2-Apr-19, 04:06:39 
2-Apr-19, 04:06:39 
2-Apr-19, 04:06:39 
2-Apr-19, 04:06:39 
2-Apr-19, 04:06:39 
2-Apr-19, 04:06:39 
2-Apr-19, 04:06:39 
2-Apr-19, 04:06:39 
2-Apr-19, 04:06:39 
2-Apr-19, 04:06:39 
2-Apr-19, 04:06:39 
2-Apr-19, 04:06:39 
2-Apr-19, 04:06:39 
2-Apr-19, 04:06:39 
2-Apr-19, 04:06:39 
2-Apr-19, 04:06:39 
2-Apr-19, 04:06:39 
2-Apr-19, 04:06:39 
2-Apr-19, 04:06:39 
2-Apr-19, 04:06:39 
2-Apr-19, 04:06:39 
2-Apr-19, 04:06:39 
2-Apr-19, 04:06:39 
2-Apr-19, 04:06:39 
2-Apr-19, 04:06:39 
2-Apr-19, 04:06:39 
2-Apr-19, 04:06:39 
2-Apr-19, 04:06:39 
2-Apr-19, 04:06:39 
2-Apr-19, 04:06:39 
2-Apr-19, 04:06:39 
2-Apr-19, 04:06:39 
2-Apr-19, 04:06:39 
2-Apr-19, 04:06:39 
2-Apr-19, 04:06:39 
2-Apr-19, 04:06:39 
2-Apr-19, 04:06:39 
2-Apr-19, 04:06:39 
2-Apr-19, 04:06:39 
2-Apr-19, 04:06:39 
2-Apr-19, 04:06:39 
2-Apr-19, 04:06:39 
2-Apr-19, 04:06:39 
2-Apr-19, 04:06:39 
2-Apr-19, 04:06:39 
2-Apr-19, 04:06:39 
2-Apr-19, 04:06:39 
2-Apr-19, 04:06:40 
2-Apr-19, 04:06:40 
2-Apr-19, 04:06:40 
2-Apr-19, 04:06:40 
2-Apr-19, 04:06:40 
2-Apr-19, 04:06:40 
2-Apr-19, 04:06:40 
2-Apr-19, 04:06:40 
2-Apr-19, 04:06:40 
2-Apr-19, 04:06:40 
2-Apr-19, 04:06:40 
2-Apr-19, 04:06:40 
2-Apr-19, 04:06:40 
2-Apr-19, 04:06:40 
2-Apr-19, 04:06:40 
2-Apr-19, 04:06:40 
2-Apr-19, 04:06:40 
2-Apr-19, 04:06:40 
2-Apr-19, 04:06:40 
2-Apr-19, 04:06:40 
2-Apr-19, 04:06:40 
2-Apr-19, 04:06:40 
2-Apr-19, 04:06:40 
2-Apr-19, 04:06:40 
2-Apr-19, 04:06:40 
2-Apr-19, 04:06:40 
2-Apr-19, 04:06:40 
2-Apr-19, 04:06:40 
2-Apr-19, 04:06:40 
2-Apr-19, 04:06:40 
2-Apr-19, 04:06:40 
2-Apr-19, 04:06:40 
2-Apr-19, 04:06:40 
2-Apr-19, 04:06:40 
2-Apr-19, 04:06:40 
2-Apr-19, 04:06:40 
2-Apr-19, 04:06:40 
2-Apr-19, 04:06:40 
2-Apr-19, 04:06:40 
2-Apr-19, 04:06:40 
2-Apr-19, 04:06:40 
2-Apr-19, 04:06:40 
2-Apr-19, 04:06:40 
2-Apr-19, 04:06:40 
2-Apr-19, 04:06:40 
2-Apr-19, 04:06:40 
2-Apr-19, 04:06:40 
2-Apr-19, 04:06:40 
2-Apr-19, 04:06:40 
2-Apr-19, 04:06:40 
2-Apr-19, 04:06:40 
2-Apr-19, 04:06:40 
2-Apr-19, 04:06:40 
2-Apr-19, 04:06:40 
2-Apr-19, 04:06:40 
2-Apr-19, 04:06:40 
2-Apr-19, 04:06:40 
2-Apr-19, 04:06:40 
2-Apr-19, 04:06:40 
2-Apr-19, 04:06:40 
2-Apr-19, 04:06:40 
2-Apr-19, 04:06:40 
2-Apr-19, 04:06:40 
2-Apr-19, 04:06:40 
2-Apr-19, 04:06:40 
2-Apr-19, 04:06:40 
2-Apr-19, 04:06:40 
2-Apr-19, 04:06:40 
2-Apr-19, 04:06:40 
2-Apr-19, 04:06:40 
2-Apr-19, 04:06:40 
2-Apr-19, 04:06:40 
2-Apr-19, 04:06:40 
2-Apr-19, 04:06:40 
2-Apr-19, 04:06:40 
2-Apr-19, 04:06:40 
2-Apr-19, 04:06:40 
2-Apr-19, 04:06:40 
2-Apr-19, 04:06:40 
2-Apr-19, 04:06:40 
2-Apr-19, 04:06:40 
2-Apr-19, 04:06:40 
2-Apr-19, 04:06:41 
2-Apr-19, 04:06:41 
2-Apr-19, 04:06:41 
2-Apr-19, 04:06:41 
2-Apr-19, 04:06:41 
2-Apr-19, 04:06:41 
2-Apr-19, 04:06:41 
2-Apr-19, 04:06:41 
2-Apr-19, 04:06:41 
2-Apr-19, 04:06:41 
2-Apr-19, 04:06:41 
2-Apr-19, 04:06:41 
2-Apr-19, 04:06:41 
2-Apr-19, 04:06:41 
2-Apr-19, 04:06:41 
2-Apr-19, 04:06:41 
2-Apr-19, 04:06:41 
2-Apr-19, 04:06:41 
2-Apr-19, 04:06:41 
2-Apr-19, 04:06:41 
2-Apr-19, 04:06:41 
2-Apr-19, 04:06:41 
2-Apr-19, 04:06:41 
2-Apr-19, 04:06:41 
2-Apr-19, 04:06:41 
2-Apr-19, 04:06:41 
2-Apr-19, 04:06:41 
2-Apr-19, 04:06:41 
2-Apr-19, 04:06:41 
2-Apr-19, 04:06:41 
2-Apr-19, 04:06:41 
2-Apr-19, 04:06:41 
2-Apr-19, 04:06:41 
2-Apr-19, 04:06:41 
2-Apr-19, 04:06:41 
2-Apr-19, 04:06:41 
2-Apr-19, 04:06:41 
2-Apr-19, 04:06:41 
2-Apr-19, 04:06:41 
2-Apr-19, 04:06:41 
2-Apr-19, 04:06:41 
2-Apr-19, 04:06:41 
2-Apr-19, 04:06:41 
2-Apr-19, 04:06:41 
2-Apr-19, 04:06:41 
2-Apr-19, 04:06:41 
2-Apr-19, 04:06:41 
2-Apr-19, 04:06:41 
2-Apr-19, 04:06:41 
2-Apr-19, 04:06:41 
2-Apr-19, 04:06:41 
2-Apr-19, 04:06:41 
2-Apr-19, 04:06:41 
2-Apr-19, 04:06:41 
2-Apr-19, 04:06:41 
2-Apr-19, 04:06:41 
2-Apr-19, 04:06:41 
2-Apr-19, 04:06:41 
2-Apr-19, 04:06:41 
2-Apr-19, 04:06:41 
2-Apr-19, 04:06:41 
2-Apr-19, 04:06:41 
2-Apr-19, 04:06:41 
2-Apr-19, 04:06:41 
2-Apr-19, 04:06:41 
2-Apr-19, 04:06:41 
2-Apr-19, 04:06:41 
2-Apr-19, 04:06:41 
2-Apr-19, 04:06:41 
2-Apr-19, 04:06:41 
2-Apr-19, 04:06:41 
2-Apr-19, 04:06:41 
2-Apr-19, 04:06:41 
2-Apr-19, 04:06:41 
2-Apr-19, 04:06:41 
2-Apr-19, 04:06:41 
2-Apr-19, 04:06:42 
2-Apr-19, 04:06:42 
2-Apr-19, 04:06:42 
2-Apr-19, 04:06:42 
2-Apr-19, 04:06:42 
2-Apr-19, 04:06:42 
2-Apr-19, 04:06:42 
2-Apr-19, 04:06:42 
2-Apr-19, 04:06:42 
2-Apr-19, 04:06:42 
2-Apr-19, 04:06:42 
2-Apr-19, 04:06:42 
2-Apr-19, 04:06:42 
2-Apr-19, 04:06:42 
2-Apr-19, 04:06:42 
2-Apr-19, 04:06:42 
2-Apr-19, 04:06:42 
2-Apr-19, 04:06:42 
2-Apr-19, 04:06:42 
2-Apr-19, 04:06:42 
2-Apr-19, 04:06:42 
2-Apr-19, 04:06:42 
2-Apr-19, 04:06:42 
2-Apr-19, 04:06:42 
2-Apr-19, 04:06:42 
2-Apr-19, 04:06:42 
2-Apr-19, 04:06:42 
2-Apr-19, 04:06:42 
2-Apr-19, 04:06:42 
2-Apr-19, 04:06:42 
2-Apr-19, 04:06:42 
2-Apr-19, 04:06:42 
2-Apr-19, 04:06:42 
2-Apr-19, 04:06:42 
2-Apr-19, 04:06:42 
2-Apr-19, 04:06:42 
2-Apr-19, 04:06:42 
2-Apr-19, 04:06:42 
2-Apr-19, 04:06:42 
2-Apr-19, 04:06:42 
2-Apr-19, 04:06:42 
2-Apr-19, 04:06:42 
2-Apr-19, 04:06:42 
2-Apr-19, 04:06:42 
2-Apr-19, 04:06:42 
2-Apr-19, 04:06:42 
2-Apr-19, 04:06:42 
2-Apr-19, 04:06:42 
2-Apr-19, 04:06:42 
2-Apr-19, 04:06:42 
2-Apr-19, 04:06:42 
2-Apr-19, 04:06:42 
2-Apr-19, 04:06:42 
2-Apr-19, 04:06:42 
2-Apr-19, 04:06:42 
2-Apr-19, 04:06:42 
2-Apr-19, 04:06:42 
2-Apr-19, 04:06:42 
2-Apr-19, 04:06:42 
2-Apr-19, 04:06:42 
2-Apr-19, 04:06:42 
2-Apr-19, 04:06:42 
2-Apr-19, 04:06:42 
2-Apr-19, 04:06:42 
2-Apr-19, 04:06:42 
2-Apr-19, 04:06:42 
2-Apr-19, 04:06:42 
2-Apr-19, 04:06:42 
2-Apr-19, 04:06:42 
2-Apr-19, 04:06:42 
2-Apr-19, 04:06:42 
2-Apr-19, 04:06:42 
2-Apr-19, 04:06:42 
2-Apr-19, 04:06:42 
2-Apr-19, 04:06:42 
2-Apr-19, 04:06:42 
2-Apr-19, 04:06:42 
2-Apr-19, 04:06:42 
2-Apr-19, 04:06:42 
2-Apr-19, 04:06:42 
2-Apr-19, 04:06:42 
2-Apr-19, 04:06:42 
2-Apr-19, 04:06:42 
2-Apr-19, 04:06:42 
2-Apr-19, 04:06:42 
2-Apr-19, 04:06:42 
2-Apr-19, 04:06:42 
2-Apr-19, 04:06:42 
2-Apr-19, 04:06:42 
2-Apr-19, 04:06:42 
2-Apr-19, 04:06:43 
2-Apr-19, 04:06:43 
2-Apr-19, 04:06:43 
2-Apr-19, 04:06:43 
2-Apr-19, 04:06:43 
2-Apr-19, 04:06:43 
2-Apr-19, 04:06:43 
2-Apr-19, 04:06:43 
2-Apr-19, 04:06:43 
2-Apr-19, 04:06:43 
2-Apr-19, 04:06:43 
2-Apr-19, 04:06:43 
2-Apr-19, 04:06:43 
2-Apr-19, 04:06:43 
2-Apr-19, 04:06:43 
2-Apr-19, 04:06:43 
2-Apr-19, 04:06:43 
2-Apr-19, 04:06:43 
2-Apr-19, 04:06:43 
2-Apr-19, 04:06:43 
2-Apr-19, 04:06:43 
2-Apr-19, 04:06:43 
2-Apr-19, 04:06:43 
2-Apr-19, 04:06:43 
2-Apr-19, 04:06:43 
2-Apr-19, 04:06:43 
2-Apr-19, 04:06:43 
2-Apr-19, 04:06:43 
2-Apr-19, 04:06:43 
2-Apr-19, 04:06:43 
2-Apr-19, 04:06:43 
2-Apr-19, 04:06:43 
2-Apr-19, 04:06:43 
2-Apr-19, 04:06:43 
2-Apr-19, 04:06:43 
2-Apr-19, 04:06:43 
2-Apr-19, 04:06:43 
2-Apr-19, 04:06:43 
2-Apr-19, 04:06:43 
2-Apr-19, 04:06:43 
2-Apr-19, 04:06:43 
2-Apr-19, 04:06:43 
2-Apr-19, 04:06:43 
2-Apr-19, 04:06:43 
2-Apr-19, 04:06:43 
2-Apr-19, 04:06:43 
2-Apr-19, 04:06:43 
2-Apr-19, 04:06:43 
2-Apr-19, 04:06:43 
2-Apr-19, 04:06:43 
2-Apr-19, 04:06:43 
2-Apr-19, 04:06:43 
2-Apr-19, 04:06:43 
2-Apr-19, 04:06:43 
2-Apr-19, 04:06:43 
2-Apr-19, 04:06:43 
2-Apr-19, 04:06:43 
2-Apr-19, 04:06:43 
2-Apr-19, 04:06:43 
2-Apr-19, 04:06:43 
2-Apr-19, 04:06:43 
2-Apr-19, 04:06:43 
2-Apr-19, 04:06:43 
2-Apr-19, 04:06:43 
2-Apr-19, 04:06:43 
2-Apr-19, 04:06:43 
2-Apr-19, 04:06:43 
2-Apr-19, 04:06:43 
2-Apr-19, 04:06:43 
2-Apr-19, 04:06:43 
2-Apr-19, 04:06:44 
2-Apr-19, 04:06:44 
2-Apr-19, 04:06:44 
2-Apr-19, 04:06:44 
2-Apr-19, 04:06:44 
2-Apr-19, 04:06:44 
2-Apr-19, 04:06:44 
2-Apr-19, 04:06:44 
2-Apr-19, 04:06:44 
2-Apr-19, 04:06:44 
2-Apr-19, 04:06:44 
2-Apr-19, 04:06:44 
2-Apr-19, 04:06:44 
2-Apr-19, 04:06:44 
2-Apr-19, 04:06:44 
2-Apr-19, 04:06:44 
2-Apr-19, 04:06:44 
2-Apr-19, 04:06:44 
2-Apr-19, 04:06:44 
2-Apr-19, 04:06:44 
2-Apr-19, 04:06:44 
2-Apr-19, 04:06:44 
2-Apr-19, 04:06:44 
2-Apr-19, 04:06:44 
2-Apr-19, 04:06:44 
2-Apr-19, 04:06:44 
2-Apr-19, 04:06:44 
2-Apr-19, 04:06:44 
2-Apr-19, 04:06:44 
2-Apr-19, 04:06:44 
2-Apr-19, 04:06:44 
2-Apr-19, 04:06:44 
2-Apr-19, 04:06:44 
2-Apr-19, 04:06:44 
2-Apr-19, 04:06:44 
2-Apr-19, 04:06:44 
2-Apr-19, 04:06:44 
2-Apr-19, 04:06:44 
2-Apr-19, 04:06:44 
2-Apr-19, 04:06:44 
2-Apr-19, 04:06:44 
2-Apr-19, 04:06:44 
2-Apr-19, 04:06:44 
2-Apr-19, 04:06:44 
2-Apr-19, 04:06:44 
2-Apr-19, 04:06:44 
2-Apr-19, 04:06:44 
2-Apr-19, 04:06:44 
2-Apr-19, 04:06:44 
2-Apr-19, 04:06:44 
2-Apr-19, 04:06:44 
2-Apr-19, 04:06:44 
2-Apr-19, 04:06:44 
2-Apr-19, 04:06:44 
2-Apr-19, 04:06:44 
2-Apr-19, 04:06:44 
2-Apr-19, 04:06:44 
2-Apr-19, 04:06:44 
2-Apr-19, 04:06:44 
2-Apr-19, 04:06:44 
2-Apr-19, 04:06:44 
2-Apr-19, 04:06:44 
2-Apr-19, 04:06:44 
2-Apr-19, 04:06:44 
2-Apr-19, 04:06:44 
2-Apr-19, 04:06:44 
2-Apr-19, 04:06:44 
2-Apr-19, 04:06:44 
2-Apr-19, 04:06:44 
2-Apr-19, 04:06:44 
2-Apr-19, 04:06:44 
2-Apr-19, 04:06:44 
2-Apr-19, 04:06:44 
2-Apr-19, 04:06:44 
2-Apr-19, 04:06:44 
2-Apr-19, 04:06:44 
2-Apr-19, 04:06:44 
2-Apr-19, 04:06:44 
2-Apr-19, 04:06:44 
2-Apr-19, 04:06:44 
2-Apr-19, 04:06:44 
2-Apr-19, 04:06:44 
2-Apr-19, 04:06:45 
2-Apr-19, 04:06:45 
2-Apr-19, 04:06:45 
2-Apr-19, 04:06:45 
2-Apr-19, 04:06:45 
2-Apr-19, 04:06:45 
2-Apr-19, 04:06:45 
2-Apr-19, 04:06:45 
2-Apr-19, 04:06:45 
2-Apr-19, 04:06:45 
2-Apr-19, 04:06:45 
2-Apr-19, 04:06:45 
2-Apr-19, 04:06:45 
2-Apr-19, 04:06:45 
2-Apr-19, 04:06:45 
2-Apr-19, 04:06:45 
2-Apr-19, 04:06:45 
2-Apr-19, 04:06:45 
2-Apr-19, 04:06:45 
2-Apr-19, 04:06:45 
2-Apr-19, 04:06:45 
2-Apr-19, 04:06:45 
2-Apr-19, 04:06:45 
2-Apr-19, 04:06:45 
2-Apr-19, 04:06:45 
2-Apr-19, 04:06:45 
2-Apr-19, 04:06:45 
2-Apr-19, 04:06:45 
2-Apr-19, 04:06:45 
2-Apr-19, 04:06:45 
2-Apr-19, 04:06:45 
2-Apr-19, 04:06:45 
2-Apr-19, 04:06:45 
2-Apr-19, 04:06:45 
2-Apr-19, 04:06:45 
2-Apr-19, 04:06:45 
2-Apr-19, 04:06:45 
2-Apr-19, 04:06:45 
2-Apr-19, 04:06:45 
2-Apr-19, 04:06:45 
2-Apr-19, 04:06:45 
2-Apr-19, 04:06:45 
2-Apr-19, 04:06:45 
2-Apr-19, 04:06:45 
2-Apr-19, 04:06:45 
2-Apr-19, 04:06:45 
2-Apr-19, 04:06:45 
2-Apr-19, 04:06:45 
2-Apr-19, 04:06:45 
2-Apr-19, 04:06:45 
2-Apr-19, 04:06:45 
2-Apr-19, 04:06:45 
2-Apr-19, 04:06:45 
2-Apr-19, 04:06:45 
2-Apr-19, 04:06:45 
2-Apr-19, 04:06:45 
2-Apr-19, 04:06:45 
2-Apr-19, 04:06:45 
2-Apr-19, 04:06:45 
2-Apr-19, 04:06:45 
2-Apr-19, 04:06:45 
2-Apr-19, 04:06:45 
2-Apr-19, 04:06:45 
2-Apr-19, 04:06:45 
2-Apr-19, 04:06:45 
2-Apr-19, 04:06:45 
2-Apr-19, 04:06:45 
2-Apr-19, 04:06:46 
2-Apr-19, 04:06:46 
2-Apr-19, 04:06:46 
2-Apr-19, 04:06:46 
2-Apr-19, 04:06:46 
2-Apr-19, 04:06:46 
2-Apr-19, 04:06:46 
2-Apr-19, 04:06:46 
2-Apr-19, 04:06:46 
2-Apr-19, 04:06:46 
2-Apr-19, 04:06:46 
2-Apr-19, 04:06:46 
2-Apr-19, 04:06:46 
2-Apr-19, 04:06:46 
2-Apr-19, 04:06:46 
2-Apr-19, 04:06:46 
2-Apr-19, 04:06:46 
2-Apr-19, 04:06:46 
2-Apr-19, 04:06:46 
2-Apr-19, 04:06:46 
2-Apr-19, 04:06:46 
2-Apr-19, 04:06:46 
2-Apr-19, 04:06:46 
2-Apr-19, 04:06:46 
2-Apr-19, 04:06:46 
2-Apr-19, 04:06:46 
2-Apr-19, 04:06:46 
2-Apr-19, 04:06:46 
2-Apr-19, 04:06:46 
2-Apr-19, 04:06:46 
2-Apr-19, 04:06:46 
2-Apr-19, 04:06:46 
2-Apr-19, 04:06:46 
2-Apr-19, 04:06:46 
2-Apr-19, 04:06:46 
2-Apr-19, 04:06:46 
2-Apr-19, 04:06:46 
2-Apr-19, 04:06:46 
2-Apr-19, 04:06:46 
2-Apr-19, 04:06:46 
2-Apr-19, 04:06:46 
2-Apr-19, 04:06:46 
2-Apr-19, 04:06:46 
2-Apr-19, 04:06:46 
2-Apr-19, 04:06:46 
2-Apr-19, 04:06:46 
2-Apr-19, 04:06:46 
2-Apr-19, 04:06:46 
2-Apr-19, 04:06:46 
2-Apr-19, 04:06:46 
2-Apr-19, 04:06:46 
2-Apr-19, 04:06:46 
2-Apr-19, 04:06:46 
2-Apr-19, 04:06:46 
2-Apr-19, 04:06:46 
2-Apr-19, 04:06:46 
2-Apr-19, 04:06:46 
2-Apr-19, 04:06:46 
2-Apr-19, 04:06:46 
2-Apr-19, 04:06:46 
2-Apr-19, 04:06:46 
2-Apr-19, 04:06:46 
2-Apr-19, 04:06:46 
2-Apr-19, 04:06:46 
2-Apr-19, 04:06:46 
2-Apr-19, 04:06:46 
2-Apr-19, 04:06:46 
2-Apr-19, 04:06:46 
2-Apr-19, 04:06:46 
2-Apr-19, 04:06:46 
2-Apr-19, 04:06:46 
2-Apr-19, 04:06:46 
2-Apr-19, 04:06:46 
2-Apr-19, 04:06:46 
2-Apr-19, 04:06:46 
2-Apr-19, 04:06:46 
2-Apr-19, 04:06:47 
2-Apr-19, 04:06:47 
2-Apr-19, 04:06:47 
2-Apr-19, 04:06:47 
2-Apr-19, 04:06:47 
2-Apr-19, 04:06:47 
2-Apr-19, 04:06:47 
2-Apr-19, 04:06:47 
2-Apr-19, 04:06:47 
2-Apr-19, 04:06:47 
2-Apr-19, 04:06:47 
2-Apr-19, 04:06:47 
2-Apr-19, 04:06:47 
2-Apr-19, 04:06:47 
2-Apr-19, 04:06:47 
2-Apr-19, 04:06:47 
2-Apr-19, 04:06:47 
2-Apr-19, 04:06:47 
2-Apr-19, 04:06:47 
2-Apr-19, 04:06:47 
2-Apr-19, 04:06:47 
2-Apr-19, 04:06:47 
2-Apr-19, 04:06:47 
2-Apr-19, 04:06:47 
2-Apr-19, 04:06:47 
2-Apr-19, 04:06:47 
2-Apr-19, 04:06:47 
2-Apr-19, 04:06:47 
2-Apr-19, 04:06:47 
2-Apr-19, 04:06:47 
2-Apr-19, 04:06:47 
2-Apr-19, 04:06:47 
2-Apr-19, 04:06:47 
2-Apr-19, 04:06:47 
2-Apr-19, 04:06:47 
2-Apr-19, 04:06:47 
2-Apr-19, 04:06:47 
2-Apr-19, 04:06:47 
2-Apr-19, 04:06:47 
2-Apr-19, 04:06:47 
2-Apr-19, 04:06:47 
2-Apr-19, 04:06:47 
2-Apr-19, 04:06:47 
2-Apr-19, 04:06:47 
2-Apr-19, 04:06:47 
2-Apr-19, 04:06:47 
2-Apr-19, 04:06:47 
2-Apr-19, 04:06:47 
2-Apr-19, 04:06:47 
2-Apr-19, 04:06:47 
2-Apr-19, 04:06:47 
2-Apr-19, 04:06:47 
2-Apr-19, 04:06:47 
2-Apr-19, 04:06:47 
2-Apr-19, 04:06:47 
2-Apr-19, 04:06:47 
2-Apr-19, 04:06:47 
2-Apr-19, 04:06:47 
2-Apr-19, 04:06:47 
2-Apr-19, 04:06:47 
2-Apr-19, 04:06:47 
2-Apr-19, 04:06:47 
2-Apr-19, 04:06:47 
2-Apr-19, 04:06:47 
2-Apr-19, 04:06:47 
2-Apr-19, 04:06:47 
2-Apr-19, 04:06:47 
2-Apr-19, 04:06:47 
2-Apr-19, 04:06:47 
2-Apr-19, 04:06:47 
2-Apr-19, 04:06:47 
2-Apr-19, 04:06:47 
2-Apr-19, 04:06:47 
2-Apr-19, 04:06:47 
2-Apr-19, 04:06:47 
2-Apr-19, 04:06:47 
2-Apr-19, 04:06:47 
2-Apr-19, 04:06:47 
2-Apr-19, 04:06:47 
2-Apr-19, 04:06:47 
2-Apr-19, 04:06:47 
2-Apr-19, 04:06:47 
2-Apr-19, 04:06:47 
2-Apr-19, 04:06:47 
2-Apr-19, 04:06:47 
2-Apr-19, 04:06:47 
2-Apr-19, 04:06:47 
2-Apr-19, 04:06:47 
2-Apr-19, 04:06:47 
2-Apr-19, 04:06:47 
2-Apr-19, 04:06:47 
2-Apr-19, 04:06:47 
2-Apr-19, 04:06:47 
2-Apr-19, 04:06:47 
2-Apr-19, 04:06:47 
2-Apr-19, 04:06:47 
2-Apr-19, 04:06:47 
2-Apr-19, 04:06:48 
2-Apr-19, 04:06:48 
2-Apr-19, 04:06:48 
2-Apr-19, 04:06:48 
2-Apr-19, 04:06:48 
2-Apr-19, 04:06:48 
2-Apr-19, 04:06:48 
2-Apr-19, 04:06:48 
2-Apr-19, 04:06:48 
2-Apr-19, 04:06:48 
2-Apr-19, 04:06:48 
2-Apr-19, 04:06:48 
2-Apr-19, 04:06:48 
2-Apr-19, 04:06:48 
2-Apr-19, 04:06:48 
2-Apr-19, 04:06:48 
2-Apr-19, 04:06:48 
2-Apr-19, 04:06:48 
2-Apr-19, 04:06:48 
2-Apr-19, 04:06:48 
2-Apr-19, 04:06:48 
2-Apr-19, 04:06:48 
2-Apr-19, 04:06:48 
2-Apr-19, 04:06:48 
2-Apr-19, 04:06:48 
2-Apr-19, 04:06:48 
2-Apr-19, 04:06:48 
2-Apr-19, 04:06:48 
2-Apr-19, 04:06:48 
2-Apr-19, 04:06:48 
2-Apr-19, 04:06:48 
2-Apr-19, 04:06:48 
2-Apr-19, 04:06:48 
2-Apr-19, 04:06:48 
2-Apr-19, 04:06:48 
2-Apr-19, 04:06:48 
2-Apr-19, 04:06:48 
2-Apr-19, 04:06:48 
2-Apr-19, 04:06:48 
2-Apr-19, 04:06:48 
2-Apr-19, 04:06:48 
2-Apr-19, 04:06:48 
2-Apr-19, 04:06:48 
2-Apr-19, 04:06:48 
2-Apr-19, 04:06:48 
2-Apr-19, 04:06:48 
2-Apr-19, 04:06:48 
2-Apr-19, 04:06:48 
2-Apr-19, 04:06:48 
2-Apr-19, 04:06:48 
2-Apr-19, 04:06:48 
2-Apr-19, 04:06:48 
2-Apr-19, 04:06:48 
2-Apr-19, 04:06:48 
2-Apr-19, 04:06:48 
2-Apr-19, 04:06:48 
2-Apr-19, 04:06:48 
2-Apr-19, 04:06:48 
2-Apr-19, 04:06:48 
2-Apr-19, 04:06:48 
2-Apr-19, 04:06:48 
2-Apr-19, 04:06:48 
2-Apr-19, 04:06:48 
2-Apr-19, 04:06:48 
2-Apr-19, 04:06:48 
2-Apr-19, 04:06:48 
2-Apr-19, 04:06:48 
2-Apr-19, 04:06:48 
2-Apr-19, 04:06:48 
2-Apr-19, 04:06:48 
2-Apr-19, 04:06:48 
2-Apr-19, 04:06:48 
2-Apr-19, 04:06:48 
2-Apr-19, 04:06:48 
2-Apr-19, 04:06:48 
2-Apr-19, 04:06:49 
2-Apr-19, 04:06:49 
2-Apr-19, 04:06:49 
2-Apr-19, 04:06:49 
2-Apr-19, 04:06:49 
2-Apr-19, 04:06:49 
2-Apr-19, 04:06:49 
2-Apr-19, 04:06:49 
2-Apr-19, 04:06:49 
2-Apr-19, 04:06:49 
2-Apr-19, 04:06:49 
2-Apr-19, 04:06:49 
2-Apr-19, 04:06:49 
2-Apr-19, 04:06:49 
2-Apr-19, 04:06:49 
2-Apr-19, 04:06:49 
2-Apr-19, 04:06:49 
2-Apr-19, 04:06:49 
2-Apr-19, 04:06:49 
2-Apr-19, 04:06:49 
2-Apr-19, 04:06:49 
2-Apr-19, 04:06:49 
2-Apr-19, 04:06:49 
2-Apr-19, 04:06:49 
2-Apr-19, 04:06:49 
2-Apr-19, 04:06:49 
2-Apr-19, 04:06:49 
2-Apr-19, 04:06:49 
2-Apr-19, 04:06:49 
2-Apr-19, 04:06:49 
2-Apr-19, 04:06:49 
2-Apr-19, 04:06:49 
2-Apr-19, 04:06:49 
2-Apr-19, 04:06:49 
2-Apr-19, 04:06:49 
2-Apr-19, 04:06:49 
2-Apr-19, 04:06:49 
2-Apr-19, 04:06:49 
2-Apr-19, 04:06:49 
2-Apr-19, 04:06:49 
2-Apr-19, 04:06:49 
2-Apr-19, 04:06:49 
2-Apr-19, 04:06:49 
2-Apr-19, 04:06:49 
2-Apr-19, 04:06:49 
2-Apr-19, 04:06:49 
2-Apr-19, 04:06:49 
2-Apr-19, 04:06:49 
2-Apr-19, 04:06:49 
2-Apr-19, 04:06:49 
2-Apr-19, 04:06:49 
2-Apr-19, 04:06:49 
2-Apr-19, 04:06:49 
2-Apr-19, 04:06:49 
2-Apr-19, 04:06:49 
2-Apr-19, 04:06:49 
2-Apr-19, 04:06:49 
2-Apr-19, 04:06:49 
2-Apr-19, 04:06:49 
2-Apr-19, 04:06:49 
2-Apr-19, 04:06:49 
2-Apr-19, 04:06:49 
2-Apr-19, 04:06:49 
2-Apr-19, 04:06:49 
2-Apr-19, 04:06:49 
2-Apr-19, 04:06:49 
2-Apr-19, 04:06:49 
2-Apr-19, 04:06:49 
2-Apr-19, 04:06:49 
2-Apr-19, 04:06:49 
2-Apr-19, 04:06:49 
2-Apr-19, 04:06:49 
2-Apr-19, 04:06:49 
2-Apr-19, 04:06:49 
2-Apr-19, 04:06:49 
2-Apr-19, 04:06:49 
2-Apr-19, 04:06:49 
2-Apr-19, 04:06:49 
2-Apr-19, 04:06:49 
2-Apr-19, 04:06:49 
2-Apr-19, 04:06:49 
2-Apr-19, 04:06:49 
2-Apr-19, 04:06:49 
2-Apr-19, 04:06:50 
2-Apr-19, 04:06:50 
2-Apr-19, 04:06:50 
2-Apr-19, 04:06:50 
2-Apr-19, 04:06:50 
2-Apr-19, 04:06:50 
2-Apr-19, 04:06:50 
2-Apr-19, 04:06:50 
2-Apr-19, 04:06:50 
2-Apr-19, 04:06:50 
2-Apr-19, 04:06:50 
2-Apr-19, 04:06:50 
2-Apr-19, 04:06:50 
2-Apr-19, 04:06:50 
2-Apr-19, 04:06:50 
2-Apr-19, 04:06:50 
2-Apr-19, 04:06:50 
2-Apr-19, 04:06:50 
2-Apr-19, 04:06:50 
2-Apr-19, 04:06:50 
2-Apr-19, 04:06:50 
2-Apr-19, 04:06:50 
2-Apr-19, 04:06:50 
2-Apr-19, 04:06:50 
2-Apr-19, 04:06:50 
2-Apr-19, 04:06:50 
2-Apr-19, 04:06:50 
2-Apr-19, 04:06:50 
2-Apr-19, 04:06:50 
2-Apr-19, 04:06:50 
2-Apr-19, 04:06:50 
2-Apr-19, 04:06:50 
2-Apr-19, 04:06:50 
2-Apr-19, 04:06:50 
2-Apr-19, 04:06:50 
2-Apr-19, 04:06:50 
2-Apr-19, 04:06:50 
2-Apr-19, 04:06:50 
2-Apr-19, 04:06:50 
2-Apr-19, 04:06:50 
2-Apr-19, 04:06:50 
2-Apr-19, 04:06:50 
2-Apr-19, 04:06:50 
2-Apr-19, 04:06:50 
2-Apr-19, 04:06:50 
2-Apr-19, 04:06:50 
2-Apr-19, 04:06:50 
2-Apr-19, 04:06:50 
2-Apr-19, 04:06:50 
2-Apr-19, 04:06:50 
2-Apr-19, 04:06:50 
2-Apr-19, 04:06:50 
2-Apr-19, 04:06:50 
2-Apr-19, 04:06:50 
2-Apr-19, 04:06:50 
2-Apr-19, 04:06:50 
2-Apr-19, 04:06:50 
2-Apr-19, 04:06:50 
2-Apr-19, 04:06:50 
2-Apr-19, 04:06:50 
2-Apr-19, 04:06:50 
2-Apr-19, 04:06:50 
2-Apr-19, 04:06:50 
2-Apr-19, 04:06:50 
2-Apr-19, 04:06:50 
2-Apr-19, 04:06:50 
2-Apr-19, 04:06:50 
2-Apr-19, 04:06:50 
2-Apr-19, 04:06:50 
2-Apr-19, 04:06:50 
2-Apr-19, 04:06:50 
2-Apr-19, 04:06:50 
2-Apr-19, 04:06:50 
2-Apr-19, 04:06:51 
2-Apr-19, 04:06:51 
2-Apr-19, 04:06:51 
2-Apr-19, 04:06:51 
2-Apr-19, 04:06:51 
2-Apr-19, 04:06:51 
2-Apr-19, 04:06:51 
2-Apr-19, 04:06:51 
2-Apr-19, 04:06:51 
2-Apr-19, 04:06:51 
2-Apr-19, 04:06:51 
2-Apr-19, 04:06:51 
2-Apr-19, 04:06:51 
2-Apr-19, 04:06:51 
2-Apr-19, 04:06:51 
2-Apr-19, 04:06:51 
2-Apr-19, 04:06:51 
2-Apr-19, 04:06:51 
2-Apr-19, 04:06:51 
2-Apr-19, 04:06:51 
2-Apr-19, 04:06:51 
2-Apr-19, 04:06:51 
2-Apr-19, 04:06:51 
2-Apr-19, 04:06:51 
2-Apr-19, 04:06:51 
2-Apr-19, 04:06:51 
2-Apr-19, 04:06:51 
2-Apr-19, 04:06:51 
2-Apr-19, 04:06:51 
2-Apr-19, 04:06:51 
2-Apr-19, 04:06:51 
2-Apr-19, 04:06:51 
2-Apr-19, 04:06:51 
2-Apr-19, 04:06:51 
2-Apr-19, 04:06:51 
2-Apr-19, 04:06:51 
2-Apr-19, 04:06:51 
2-Apr-19, 04:06:51 
2-Apr-19, 04:06:51 
2-Apr-19, 04:06:51 
2-Apr-19, 04:06:51 
2-Apr-19, 04:06:51 
2-Apr-19, 04:06:51 
2-Apr-19, 04:06:51 
2-Apr-19, 04:06:51 
2-Apr-19, 04:06:51 
2-Apr-19, 04:06:51 
2-Apr-19, 04:06:51 
2-Apr-19, 04:06:51 
2-Apr-19, 04:06:51 
2-Apr-19, 04:06:51 
2-Apr-19, 04:06:51 
2-Apr-19, 04:06:51 
2-Apr-19, 04:06:51 
2-Apr-19, 04:06:51 
2-Apr-19, 04:06:51 
2-Apr-19, 04:06:51 
2-Apr-19, 04:06:51 
2-Apr-19, 04:06:51 
2-Apr-19, 04:06:51 
2-Apr-19, 04:06:51 
2-Apr-19, 04:06:51 
2-Apr-19, 04:06:51 
2-Apr-19, 04:06:51 
2-Apr-19, 04:06:51 
2-Apr-19, 04:06:51 
2-Apr-19, 04:06:51 
2-Apr-19, 04:06:51 
2-Apr-19, 04:06:51 
2-Apr-19, 04:06:51 
2-Apr-19, 04:06:51 
2-Apr-19, 04:06:51 
2-Apr-19, 04:06:51 
2-Apr-19, 04:06:51 
2-Apr-19, 04:06:51 
2-Apr-19, 04:06:51 
2-Apr-19, 04:06:51 
2-Apr-19, 04:06:51 
2-Apr-19, 04:06:51 
2-Apr-19, 04:06:51 
2-Apr-19, 04:06:51 
2-Apr-19, 04:06:51 
2-Apr-19, 04:06:51 
2-Apr-19, 04:06:51 
2-Apr-19, 04:06:51 
2-Apr-19, 04:06:51 
2-Apr-19, 04:06:51 
2-Apr-19, 04:06:51 
2-Apr-19, 04:06:51 
2-Apr-19, 04:06:52 
2-Apr-19, 04:06:52 
2-Apr-19, 04:06:52 
2-Apr-19, 04:06:52 
2-Apr-19, 04:06:52 
2-Apr-19, 04:06:52 
2-Apr-19, 04:06:52 
2-Apr-19, 04:06:52 
2-Apr-19, 04:06:52 
2-Apr-19, 04:06:52 
2-Apr-19, 04:06:52 
2-Apr-19, 04:06:52 
2-Apr-19, 04:06:52 
2-Apr-19, 04:06:52 
2-Apr-19, 04:06:52 
2-Apr-19, 04:06:52 
2-Apr-19, 04:06:52 
2-Apr-19, 04:06:52 
2-Apr-19, 04:06:52 
2-Apr-19, 04:06:52 
2-Apr-19, 04:06:52 
2-Apr-19, 04:06:52 
2-Apr-19, 04:06:52 
2-Apr-19, 04:06:52 
2-Apr-19, 04:06:52 
2-Apr-19, 04:06:52 
2-Apr-19, 04:06:52 
2-Apr-19, 04:06:52 
2-Apr-19, 04:06:52 
2-Apr-19, 04:06:52 
2-Apr-19, 04:06:52 
2-Apr-19, 04:06:52 
2-Apr-19, 04:06:52 
2-Apr-19, 04:06:52 
2-Apr-19, 04:06:52 
2-Apr-19, 04:06:52 
2-Apr-19, 04:06:52 
2-Apr-19, 04:06:52 
2-Apr-19, 04:06:52 
2-Apr-19, 04:06:52 
2-Apr-19, 04:06:52 
2-Apr-19, 04:06:52 
2-Apr-19, 04:06:52 
2-Apr-19, 04:06:52 
2-Apr-19, 04:06:52 
2-Apr-19, 04:06:52 
2-Apr-19, 04:06:52 
2-Apr-19, 04:06:52 
2-Apr-19, 04:06:52 
2-Apr-19, 04:06:52 
2-Apr-19, 04:06:52 
2-Apr-19, 04:06:52 
2-Apr-19, 04:06:52 
2-Apr-19, 04:06:52 
2-Apr-19, 04:06:52 
2-Apr-19, 04:06:52 
2-Apr-19, 04:06:52 
2-Apr-19, 04:06:52 
2-Apr-19, 04:06:52 
2-Apr-19, 04:06:52 
2-Apr-19, 04:06:52 
2-Apr-19, 04:06:52 
2-Apr-19, 04:06:52 
2-Apr-19, 04:06:52 
2-Apr-19, 04:06:52 
2-Apr-19, 04:06:52 
2-Apr-19, 04:06:52 
2-Apr-19, 04:06:52 
2-Apr-19, 04:06:52 
2-Apr-19, 04:06:52 
2-Apr-19, 04:06:52 
2-Apr-19, 04:06:52 
2-Apr-19, 04:06:52 
2-Apr-19, 04:06:52 
2-Apr-19, 04:06:52 
2-Apr-19, 04:06:52 
2-Apr-19, 04:06:52 
2-Apr-19, 04:06:52 
2-Apr-19, 04:06:52 
2-Apr-19, 04:06:52 
2-Apr-19, 04:06:53 
2-Apr-19, 04:06:53 
2-Apr-19, 04:06:53 
2-Apr-19, 04:06:53 
2-Apr-19, 04:06:53 
2-Apr-19, 04:06:53 
2-Apr-19, 04:06:53 
2-Apr-19, 04:06:53 
2-Apr-19, 04:06:53 
2-Apr-19, 04:06:53 
2-Apr-19, 04:06:53 
2-Apr-19, 04:06:53 
2-Apr-19, 04:06:53 
2-Apr-19, 04:06:53 
2-Apr-19, 04:06:53 
2-Apr-19, 04:06:53 
2-Apr-19, 04:06:53 
2-Apr-19, 04:06:53 
2-Apr-19, 04:06:53 
2-Apr-19, 04:06:53 
2-Apr-19, 04:06:53 
2-Apr-19, 04:06:53 
2-Apr-19, 04:06:53 
2-Apr-19, 04:06:53 
2-Apr-19, 04:06:53 
2-Apr-19, 04:06:53 
2-Apr-19, 04:06:53 
2-Apr-19, 04:06:53 
2-Apr-19, 04:06:53 
2-Apr-19, 04:06:53 
2-Apr-19, 04:06:53 
2-Apr-19, 04:06:53 
2-Apr-19, 04:06:53 
2-Apr-19, 04:06:53 
2-Apr-19, 04:06:53 
2-Apr-19, 04:06:53 
2-Apr-19, 04:06:53 
2-Apr-19, 04:06:53 
2-Apr-19, 04:06:53 
2-Apr-19, 04:06:53 
2-Apr-19, 04:06:53 
2-Apr-19, 04:06:53 
2-Apr-19, 04:06:53 
2-Apr-19, 04:06:53 
2-Apr-19, 04:06:53 
2-Apr-19, 04:06:53 
2-Apr-19, 04:06:53 
2-Apr-19, 04:06:53 
2-Apr-19, 04:06:53 
2-Apr-19, 04:06:53 
2-Apr-19, 04:06:53 
2-Apr-19, 04:06:53 
2-Apr-19, 04:06:53 
2-Apr-19, 04:06:53 
2-Apr-19, 04:06:53 
2-Apr-19, 04:06:53 
2-Apr-19, 04:06:53 
2-Apr-19, 04:06:53 
2-Apr-19, 04:06:53 
2-Apr-19, 04:06:53 
2-Apr-19, 04:06:53 
2-Apr-19, 04:06:53 
2-Apr-19, 04:06:53 
2-Apr-19, 04:06:53 
2-Apr-19, 04:06:53 
2-Apr-19, 04:06:53 
2-Apr-19, 04:06:53 
2-Apr-19, 04:06:53 
2-Apr-19, 04:06:53 
2-Apr-19, 04:06:53 
2-Apr-19, 04:06:53 
2-Apr-19, 04:06:53 
2-Apr-19, 04:06:53 
2-Apr-19, 04:06:53 
2-Apr-19, 04:06:53 
2-Apr-19, 04:06:53 
2-Apr-19, 04:06:53 
2-Apr-19, 04:06:53 
2-Apr-19, 04:06:53 
2-Apr-19, 04:06:53 
2-Apr-19, 04:06:54 
2-Apr-19, 04:06:54 
2-Apr-19, 04:06:54 
2-Apr-19, 04:06:54 
2-Apr-19, 04:06:54 
2-Apr-19, 04:06:54 
2-Apr-19, 04:06:54 
2-Apr-19, 04:06:54 
2-Apr-19, 04:06:54 
2-Apr-19, 04:06:54 
2-Apr-19, 04:06:54 
2-Apr-19, 04:06:54 
2-Apr-19, 04:06:54 
2-Apr-19, 04:06:54 
2-Apr-19, 04:06:54 
2-Apr-19, 04:06:54 
2-Apr-19, 04:06:54 
2-Apr-19, 04:06:54 
2-Apr-19, 04:06:54 
2-Apr-19, 04:06:54 
2-Apr-19, 04:06:54 
2-Apr-19, 04:06:54 
2-Apr-19, 04:06:54 
2-Apr-19, 04:06:54 
2-Apr-19, 04:06:54 
2-Apr-19, 04:06:54 
2-Apr-19, 04:06:54 
2-Apr-19, 04:06:54 
2-Apr-19, 04:06:54 
2-Apr-19, 04:06:54 
2-Apr-19, 04:06:54 
2-Apr-19, 04:06:54 
2-Apr-19, 04:06:54 
2-Apr-19, 04:06:54 
2-Apr-19, 04:06:54 
2-Apr-19, 04:06:54 
2-Apr-19, 04:06:54 
2-Apr-19, 04:06:54 
2-Apr-19, 04:06:54 
2-Apr-19, 04:06:54 
2-Apr-19, 04:06:54 
2-Apr-19, 04:06:54 
2-Apr-19, 04:06:54 
2-Apr-19, 04:06:54 
2-Apr-19, 04:06:54 
2-Apr-19, 04:06:54 
2-Apr-19, 04:06:54 
2-Apr-19, 04:06:54 
2-Apr-19, 04:06:54 
2-Apr-19, 04:06:54 
2-Apr-19, 04:06:54 
2-Apr-19, 04:06:54 
2-Apr-19, 04:06:54 
2-Apr-19, 04:06:54 
2-Apr-19, 04:06:54 
2-Apr-19, 04:06:54 
2-Apr-19, 04:06:54 
2-Apr-19, 04:06:54 
2-Apr-19, 04:06:54 
2-Apr-19, 04:06:54 
2-Apr-19, 04:06:54 
2-Apr-19, 04:06:54 
2-Apr-19, 04:06:54 
2-Apr-19, 04:06:54 
2-Apr-19, 04:06:54 
2-Apr-19, 04:06:54 
2-Apr-19, 04:06:54 
2-Apr-19, 04:06:54 
2-Apr-19, 04:06:54 
2-Apr-19, 04:06:54 
2-Apr-19, 04:06:54 
2-Apr-19, 04:06:54 
2-Apr-19, 04:06:54 
2-Apr-19, 04:06:54 
2-Apr-19, 04:06:54 
2-Apr-19, 04:06:54 
2-Apr-19, 04:06:54 
2-Apr-19, 04:06:54 
2-Apr-19, 04:06:54 
2-Apr-19, 04:06:54 
2-Apr-19, 04:06:54 
2-Apr-19, 04:06:54 
2-Apr-19, 04:06:54 
2-Apr-19, 04:06:55 
2-Apr-19, 04:06:55 
2-Apr-19, 04:06:55 
2-Apr-19, 04:06:55 
2-Apr-19, 04:06:55 
2-Apr-19, 04:06:55 
2-Apr-19, 04:06:55 
2-Apr-19, 04:06:55 
2-Apr-19, 04:06:55 
2-Apr-19, 04:06:55 
2-Apr-19, 04:06:55 
2-Apr-19, 04:06:55 
2-Apr-19, 04:06:55 
2-Apr-19, 04:06:55 
2-Apr-19, 04:06:55 
2-Apr-19, 04:06:55 
2-Apr-19, 04:06:55 
2-Apr-19, 04:06:55 
2-Apr-19, 04:06:55 
2-Apr-19, 04:06:55 
2-Apr-19, 04:06:55 
2-Apr-19, 04:06:55 
2-Apr-19, 04:06:55 
2-Apr-19, 04:06:55 
2-Apr-19, 04:06:55 
2-Apr-19, 04:06:55 
2-Apr-19, 04:06:55 
2-Apr-19, 04:06:55 
2-Apr-19, 04:06:55 
2-Apr-19, 04:06:55 
2-Apr-19, 04:06:55 
2-Apr-19, 04:06:55 
2-Apr-19, 04:06:55 
2-Apr-19, 04:06:55 
2-Apr-19, 04:06:55 
2-Apr-19, 04:06:55 
2-Apr-19, 04:06:55 
2-Apr-19, 04:06:55 
2-Apr-19, 04:06:55 
2-Apr-19, 04:06:55 
2-Apr-19, 04:06:55 
2-Apr-19, 04:06:55 
2-Apr-19, 04:06:55 
2-Apr-19, 04:06:55 
2-Apr-19, 04:06:55 
2-Apr-19, 04:06:55 
2-Apr-19, 04:06:55 
2-Apr-19, 04:06:55 
2-Apr-19, 04:06:55 
2-Apr-19, 04:06:55 
2-Apr-19, 04:06:55 
2-Apr-19, 04:06:55 
2-Apr-19, 04:06:55 
2-Apr-19, 04:06:55 
2-Apr-19, 04:06:55 
2-Apr-19, 04:06:55 
2-Apr-19, 04:06:55 
2-Apr-19, 04:06:55 
2-Apr-19, 04:06:55 
2-Apr-19, 04:06:55 
2-Apr-19, 04:06:55 
2-Apr-19, 04:06:55 
2-Apr-19, 04:06:55 
2-Apr-19, 04:06:55 
2-Apr-19, 04:06:55 
2-Apr-19, 04:06:55 
2-Apr-19, 04:06:55 
2-Apr-19, 04:06:55 
2-Apr-19, 04:06:55 
2-Apr-19, 04:06:55 
2-Apr-19, 04:06:55 
2-Apr-19, 04:06:55 
2-Apr-19, 04:06:55 
2-Apr-19, 04:06:55 
2-Apr-19, 04:06:55 
2-Apr-19, 04:06:55 
2-Apr-19, 04:06:55 
2-Apr-19, 04:06:55 
2-Apr-19, 04:06:55 
2-Apr-19, 04:06:55 
2-Apr-19, 04:06:56 
2-Apr-19, 04:06:56 
2-Apr-19, 04:06:56 
2-Apr-19, 04:06:56 
2-Apr-19, 04:06:56 
2-Apr-19, 04:06:56 
2-Apr-19, 04:06:56 
2-Apr-19, 04:06:56 
2-Apr-19, 04:06:56 
2-Apr-19, 04:06:56 
2-Apr-19, 04:06:56 
2-Apr-19, 04:06:56 
2-Apr-19, 04:06:56 
26-Apr-19, 18:03:46 
26-Apr-19, 18:03:46 
26-Apr-19, 18:03:47 
26-Apr-19, 18:03:50 
26-Apr-19, 18:03:52 
26-Apr-19, 18:03:53 
26-Apr-19, 18:03:55 
26-Apr-19, 18:03:56 
26-Apr-19, 18:03:56 
26-Apr-19, 18:03:58 
26-Apr-19, 18:04:01 
26-Apr-19, 18:04:01 
26-Apr-19, 18:04:02 
26-Apr-19, 18:04:05 
26-Apr-19, 18:04:06 
26-Apr-19, 18:04:06 
26-Apr-19, 18:04:07 
26-Apr-19, 18:04:08 
26-Apr-19, 18:04:10 
26-Apr-19, 18:04:11 
26-Apr-19, 18:04:11 
26-Apr-19, 18:04:17 
26-Apr-19, 18:04:20 
26-Apr-19, 18:04:22 
26-Apr-19, 18:04:23 
26-Apr-19, 18:04:25 
26-Apr-19, 18:04:26 
26-Apr-19, 18:04:26 
26-Apr-19, 18:04:28 
26-Apr-19, 18:04:29 
26-Apr-19, 18:04:31 
26-Apr-19, 18:04:31 
26-Apr-19, 18:04:32 
26-Apr-19, 18:04:34 
26-Apr-19, 18:04:35 
26-Apr-19, 18:04:37 
26-Apr-19, 18:04:38 
26-Apr-19, 18:04:40 
26-Apr-19, 18:04:41 
26-Apr-19, 18:04:41 
26-Apr-19, 18:04:43 
26-Apr-19, 18:04:46 
26-Apr-19, 18:04:46 
26-Apr-19, 18:04:47 
26-Apr-19, 18:04:49 
26-Apr-19, 18:04:53 
26-Apr-19, 18:04:55 
26-Apr-19, 18:04:56 
26-Apr-19, 18:04:56 
26-Apr-19, 18:04:58 
26-Apr-19, 18:04:59 
26-Apr-19, 18:05:01 
26-Apr-19, 18:05:01 
26-Apr-19, 18:05:02 
26-Apr-19, 18:05:05 
26-Apr-19, 18:05:07 
26-Apr-19, 18:05:08 
26-Apr-19, 18:05:11 
26-Apr-19, 18:05:11 
26-Apr-19, 18:05:16 
26-Apr-19, 18:05:16 
26-Apr-19, 18:05:17 
26-Apr-19, 18:05:19 
26-Apr-19, 18:05:22 
26-Apr-19, 18:05:25 
26-Apr-19, 18:05:26 
26-Apr-19, 18:05:26 
26-Apr-19, 18:05:28 
26-Apr-19, 18:05:29 
26-Apr-19, 18:05:31 
26-Apr-19, 18:05:31 
26-Apr-19, 18:05:32 
26-Apr-19, 18:05:34 
26-Apr-19, 18:05:35 
26-Apr-19, 18:05:37 
26-Apr-19, 18:05:38 
26-Apr-19, 18:05:40 
26-Apr-19, 18:05:41 
26-Apr-19, 18:05:41 
26-Apr-19, 18:05:43 
26-Apr-19, 18:05:46 
26-Apr-19, 18:05:46 
26-Apr-19, 18:05:47 
26-Apr-19, 18:05:49 
26-Apr-19, 18:05:52 
26-Apr-19, 18:05:53 
26-Apr-19, 18:05:54 
26-Apr-19, 18:05:56 
26-Apr-19, 18:05:56 
26-Apr-19, 18:05:58 
26-Apr-19, 18:05:59 
26-Apr-19, 18:06:01 
26-Apr-19, 18:06:01 
26-Apr-19, 18:06:02 
26-Apr-19, 18:06:05 
26-Apr-19, 18:06:07 
26-Apr-19, 18:06:08 
26-Apr-19, 18:06:11 
26-Apr-19, 18:06:11 
26-Apr-19, 18:06:19 
26-Apr-19, 18:06:22 
26-Apr-19, 18:06:23 
26-Apr-19, 18:06:25 
26-Apr-19, 18:06:26 
26-Apr-19, 18:06:26 
26-Apr-19, 18:06:28 
26-Apr-19, 18:06:29 
26-Apr-19, 18:06:31 
26-Apr-19, 18:06:31 
26-Apr-19, 18:06:32 
26-Apr-19, 18:06:34 
26-Apr-19, 18:06:35 
26-Apr-19, 18:06:37 
26-Apr-19, 18:06:38 
26-Apr-19, 18:06:41 
26-Apr-19, 18:06:41 
26-Apr-19, 18:06:43 
26-Apr-19, 18:06:46 
26-Apr-19, 18:06:46 
26-Apr-19, 18:06:47 
26-Apr-19, 18:06:49 
26-Apr-19, 18:06:52 
26-Apr-19, 18:06:53 
26-Apr-19, 18:06:55 
26-Apr-19, 18:06:56 
26-Apr-19, 18:06:56 
26-Apr-19, 18:06:58 
26-Apr-19, 18:06:59 
26-Apr-19, 18:07:01 
26-Apr-19, 18:07:01 
26-Apr-19, 18:07:02 
26-Apr-19, 18:07:05 
26-Apr-19, 18:07:07 
26-Apr-19, 18:07:08 
26-Apr-19, 18:07:11 
26-Apr-19, 18:07:11 
26-Apr-19, 18:07:19 
26-Apr-19, 18:07:22 
26-Apr-19, 18:07:23 
26-Apr-19, 18:07:26 
26-Apr-19, 18:07:26 
26-Apr-19, 18:07:28 
26-Apr-19, 18:07:29 
26-Apr-19, 18:07:31 
26-Apr-19, 18:07:31 
26-Apr-19, 18:07:32 
26-Apr-19, 18:07:35 
26-Apr-19, 18:07:37 
26-Apr-19, 18:07:38 
26-Apr-19, 18:07:41 
26-Apr-19, 18:07:43 
26-Apr-19, 18:07:46 
26-Apr-19, 18:07:47 
26-Apr-19, 18:07:47 
26-Apr-19, 18:07:49 
26-Apr-19, 18:07:52 
26-Apr-19, 18:07:52 
26-Apr-19, 18:07:53 
26-Apr-19, 18:07:55 
26-Apr-19, 18:07:56 
26-Apr-19, 18:07:59 
26-Apr-19, 18:08:01 
26-Apr-19, 18:08:02 
26-Apr-19, 18:08:02 
26-Apr-19, 18:08:05 
26-Apr-19, 18:08:07 
26-Apr-19, 18:08:07 
26-Apr-19, 18:08:08 
26-Apr-19, 18:08:17 
26-Apr-19, 18:08:17 
26-Apr-19, 18:08:17 
26-Apr-19, 18:08:22 
26-Apr-19, 18:08:22 
26-Apr-19, 18:08:22 
26-Apr-19, 18:08:23 
26-Apr-19, 18:08:25 
26-Apr-19, 18:08:28 
26-Apr-19, 18:08:29 
26-Apr-19, 18:08:32 
26-Apr-19, 18:08:32 
26-Apr-19, 18:08:32 
26-Apr-19, 18:08:34 
26-Apr-19, 18:08:35 
26-Apr-19, 18:08:37 
26-Apr-19, 18:08:37 
26-Apr-19, 18:08:37 
26-Apr-19, 18:08:43 
26-Apr-19, 18:08:47 
26-Apr-19, 18:08:47 
26-Apr-19, 18:08:47 
26-Apr-19, 18:08:49 
26-Apr-19, 18:08:52 
26-Apr-19, 18:08:52 
26-Apr-19, 18:08:52 
26-Apr-19, 18:08:53 
26-Apr-19, 18:08:55 
26-Apr-19, 18:08:58 
26-Apr-19, 18:08:59 
26-Apr-19, 13:39:49 
26-Apr-19, 13:39:54 
26-Apr-19, 13:39:59 
26-Apr-19, 13:40:04 
26-Apr-19, 13:40:09 
26-Apr-19, 13:40:19 
26-Apr-19, 13:40:24 
26-Apr-19, 13:40:28 
26-Apr-19, 13:40:29 
26-Apr-19, 13:40:33 
26-Apr-19, 13:40:34 
26-Apr-19, 13:40:38 
26-Apr-19, 13:40:39 
26-Apr-19, 13:40:43 
26-Apr-19, 13:40:44 
26-Apr-19, 13:40:48 
26-Apr-19, 13:40:49 
26-Apr-19, 13:40:53 
26-Apr-19, 13:40:54 
26-Apr-19, 13:40:58 
26-Apr-19, 13:40:59 
26-Apr-19, 13:41:03 
26-Apr-19, 13:41:04 
26-Apr-19, 13:41:08 
26-Apr-19, 13:41:09 
26-Apr-19, 13:41:13 
26-Apr-19, 13:41:19 
26-Apr-19, 13:41:23 
26-Apr-19, 13:41:28 
26-Apr-19, 13:41:29 
26-Apr-19, 13:41:33 
26-Apr-19, 13:41:34 
26-Apr-19, 13:41:38 
26-Apr-19, 13:41:39 
26-Apr-19, 13:41:43 
26-Apr-19, 13:41:44 
26-Apr-19, 13:41:48 
26-Apr-19, 13:41:49 
26-Apr-19, 13:41:53 
26-Apr-19, 13:41:54 
26-Apr-19, 13:41:58 
26-Apr-19, 13:41:59 
26-Apr-19, 13:42:03 
26-Apr-19, 13:42:04 
26-Apr-19, 13:42:09 
26-Apr-19, 13:42:19 
26-Apr-19, 13:42:24 
26-Apr-19, 13:42:28 
26-Apr-19, 13:42:29 
26-Apr-19, 13:42:33 
26-Apr-19, 13:42:38 
26-Apr-19, 13:42:39 
26-Apr-19, 13:42:43 
26-Apr-19, 13:42:44 
26-Apr-19, 13:42:48 
26-Apr-19, 13:42:53 
26-Apr-19, 13:42:54 
26-Apr-19, 13:42:58 
26-Apr-19, 13:42:59 
26-Apr-19, 13:43:03 
26-Apr-19, 13:43:04 
26-Apr-19, 13:43:08 
26-Apr-19, 13:43:09 
26-Apr-19, 13:43:18 
26-Apr-19, 13:43:19 
26-Apr-19, 13:43:23 
26-Apr-19, 13:43:24 
26-Apr-19, 13:43:29 
26-Apr-19, 13:43:33 
26-Apr-19, 13:43:34 
26-Apr-19, 13:43:38 
26-Apr-19, 13:43:39 
26-Apr-19, 13:43:43 
26-Apr-19, 13:43:44 
26-Apr-19, 13:43:48 
26-Apr-19, 13:43:49 
26-Apr-19, 13:43:53 
26-Apr-19, 13:43:54 
26-Apr-19, 13:43:58 
26-Apr-19, 13:43:59 
26-Apr-19, 13:44:03 
26-Apr-19, 13:44:04 
26-Apr-19, 13:44:08 
26-Apr-19, 13:44:09 
26-Apr-19, 13:44:19 
26-Apr-19, 13:44:23 
26-Apr-19, 13:44:24 
26-Apr-19, 13:44:28 
26-Apr-19, 13:44:29 
26-Apr-19, 13:44:33 
26-Apr-19, 13:44:34 
26-Apr-19, 13:44:38 
26-Apr-19, 13:44:39 
26-Apr-19, 13:44:43 
26-Apr-19, 13:44:44 
26-Apr-19, 13:44:48 
26-Apr-19, 13:44:49 
26-Apr-19, 13:44:53 
26-Apr-19, 13:44:54 
26-Apr-19, 13:44:58 
26-Apr-19, 13:44:59 
26-Apr-19, 13:45:03 
26-Apr-19, 13:45:04 
26-Apr-19, 13:45:08 
26-Apr-19, 13:45:09 
26-Apr-19, 13:45:13 
26-Apr-19, 13:45:19 
26-Apr-19, 13:45:23 
26-Apr-19, 13:45:24 
26-Apr-19, 13:45:28 
26-Apr-19, 13:45:29 
26-Apr-19, 13:45:33 
26-Apr-19, 13:45:34 
26-Apr-19, 13:45:38 
26-Apr-19, 13:45:39 
26-Apr-19, 13:45:43 
26-Apr-19, 13:45:48 
26-Apr-19, 13:45:49 
26-Apr-19, 13:45:53 
26-Apr-19, 13:45:54 
26-Apr-19, 13:45:58 
26-Apr-19, 13:45:59 
26-Apr-19, 13:46:03 
26-Apr-19, 13:46:04 
26-Apr-19, 13:46:08 
26-Apr-19, 13:46:09 
26-Apr-19, 13:46:13 
26-Apr-19, 13:46:19 
26-Apr-19, 13:46:23 
26-Apr-19, 13:46:24 
26-Apr-19, 13:46:28 
26-Apr-19, 13:46:29 
26-Apr-19, 13:46:33 
26-Apr-19, 13:46:34 
26-Apr-19, 13:46:38 
26-Apr-19, 13:46:39 
26-Apr-19, 13:46:43 
26-Apr-19, 13:46:44 
26-Apr-19, 13:46:48 
26-Apr-19, 13:46:49 
26-Apr-19, 13:46:53 
26-Apr-19, 13:46:54 
26-Apr-19, 13:46:58 
26-Apr-19, 13:46:59 
26-Apr-19, 13:47:03 
26-Apr-19, 13:47:04 
26-Apr-19, 13:47:08 
26-Apr-19, 13:47:09 
26-Apr-19, 13:47:23 
26-Apr-19, 13:47:24 
26-Apr-19, 13:47:28 
26-Apr-19, 13:47:29 
26-Apr-19, 13:47:33 
26-Apr-19, 13:47:34 
26-Apr-19, 13:47:38 
26-Apr-19, 13:47:39 
26-Apr-19, 13:47:43 
26-Apr-19, 13:47:44 
26-Apr-19, 13:47:48 
26-Apr-19, 13:47:49 
26-Apr-19, 13:47:53 
26-Apr-19, 13:47:54 
26-Apr-19, 13:47:58 
26-Apr-19, 13:47:59 
26-Apr-19, 13:48:03 
26-Apr-19, 13:48:04 
26-Apr-19, 13:48:08 
26-Apr-19, 13:48:09 
26-Apr-19, 13:48:13 
26-Apr-19, 13:48:19 
26-Apr-19, 13:48:23 
26-Apr-19, 13:48:24 
26-Apr-19, 13:48:28 
26-Apr-19, 13:48:29 
26-Apr-19, 13:48:33 
26-Apr-19, 13:48:34 
26-Apr-19, 13:48:38 
26-Apr-19, 13:48:39 
26-Apr-19, 13:48:43 
26-Apr-19, 13:48:44 
26-Apr-19, 13:48:48 
26-Apr-19, 13:48:49 
26-Apr-19, 13:48:53 
26-Apr-19, 13:48:54 
26-Apr-19, 13:48:58 
26-Apr-19, 13:48:59 
26-Apr-19, 13:49:03 
26-Apr-19, 13:49:08 
26-Apr-19, 13:49:09 
26-Apr-19, 13:49:13 
26-Apr-19, 13:49:18 
26-Apr-19, 13:49:19 
26-Apr-19, 13:49:23 
26-Apr-19, 13:49:24 
26-Apr-19, 13:49:28 
26-Apr-19, 13:49:29 
26-Apr-19, 13:49:33 
26-Apr-19, 13:49:34 
26-Apr-19, 13:49:38 
26-Apr-19, 13:49:39 
26-Apr-19, 13:49:43 
26-Apr-19, 13:49:44 
26-Apr-19, 13:49:48 
26-Apr-19, 13:49:49 
26-Apr-19, 13:49:53 
26-Apr-19, 13:49:54 
26-Apr-19, 13:49:58 
26-Apr-19, 13:49:59 
26-Apr-19, 13:50:03 
26-Apr-19, 13:50:04 
26-Apr-19, 13:50:08 
26-Apr-19, 13:50:09 
26-Apr-19, 13:50:13 
26-Apr-19, 13:50:19 
26-Apr-19, 13:50:23 
26-Apr-19, 13:50:24 
26-Apr-19, 13:50:28 
26-Apr-19, 13:50:29 
26-Apr-19, 13:50:33 
26-Apr-19, 13:50:34 
26-Apr-19, 13:50:38 
26-Apr-19, 13:50:39 
26-Apr-19, 13:50:43 
26-Apr-19, 13:50:44 
26-Apr-19, 13:50:48 
26-Apr-19, 13:50:49 
26-Apr-19, 13:50:53 
26-Apr-19, 13:50:54 
26-Apr-19, 13:50:58 
26-Apr-19, 13:50:59 
26-Apr-19, 13:51:03 
26-Apr-19, 13:51:04 
26-Apr-19, 13:51:08 
26-Apr-19, 13:51:09 
26-Apr-19, 13:51:19 
26-Apr-19, 13:51:23 
26-Apr-19, 13:51:24 
26-Apr-19, 13:51:28 
26-Apr-19, 13:51:29 
26-Apr-19, 13:51:33 
26-Apr-19, 13:51:34 
26-Apr-19, 13:51:38 
26-Apr-19, 13:51:39 
26-Apr-19, 13:51:44 
26-Apr-19, 13:51:48 
26-Apr-19, 13:51:50 
26-Apr-19, 13:51:53 
26-Apr-19, 13:51:55 
26-Apr-19, 13:51:58 
26-Apr-19, 13:52:00 
26-Apr-19, 13:52:03 
26-Apr-19, 13:52:05 
26-Apr-19, 13:52:08 
26-Apr-19, 13:52:10 
26-Apr-19, 13:52:13 
26-Apr-19, 13:52:15 
26-Apr-19, 13:52:18 
26-Apr-19, 13:52:20 
26-Apr-19, 13:52:23 
26-Apr-19, 13:52:25 
26-Apr-19, 13:52:28 
26-Apr-19, 13:52:30 
26-Apr-19, 13:52:33 
26-Apr-19, 13:52:35 
26-Apr-19, 13:52:38 
26-Apr-19, 13:52:40 
26-Apr-19, 13:52:43 
26-Apr-19, 13:52:45 
26-Apr-19, 13:52:48 
26-Apr-19, 13:52:50 
26-Apr-19, 13:52:53 
26-Apr-19, 13:52:55 
26-Apr-19, 13:52:58 
26-Apr-19, 13:53:00 
26-Apr-19, 13:53:03 
26-Apr-19, 13:53:05 
26-Apr-19, 13:53:08 
26-Apr-19, 13:53:10 
26-Apr-19, 13:53:18 
26-Apr-19, 13:53:20 
26-Apr-19, 13:53:23 
26-Apr-19, 13:53:28 
26-Apr-19, 13:53:30 
26-Apr-19, 13:53:33 
26-Apr-19, 13:53:35 
26-Apr-19, 13:53:38 
26-Apr-19, 13:53:40 
26-Apr-19, 13:53:43 
26-Apr-19, 13:53:45 
26-Apr-19, 13:53:48 
26-Apr-19, 13:53:50 
26-Apr-19, 13:53:53 
26-Apr-19, 13:53:55 
26-Apr-19, 13:53:58 
26-Apr-19, 13:54:00 
26-Apr-19, 13:54:03 
26-Apr-19, 13:54:05 
26-Apr-19, 13:54:08 
26-Apr-19, 13:54:10 
26-Apr-19, 13:54:20 
26-Apr-19, 13:54:23 
26-Apr-19, 13:54:25 
26-Apr-19, 13:54:28 
26-Apr-19, 13:54:30 
26-Apr-19, 13:54:33 
26-Apr-19, 13:54:35 
26-Apr-19, 13:54:38 
26-Apr-19, 13:54:40 
26-Apr-19, 13:54:43 
26-Apr-19, 13:54:45 
26-Apr-19, 13:54:48 
26-Apr-19, 13:54:50 
26-Apr-19, 13:54:53 
26-Apr-19, 13:54:58 
26-Apr-19, 13:55:00 
26-Apr-19, 13:55:03 
26-Apr-19, 13:55:05 
26-Apr-19, 13:55:08 
26-Apr-19, 13:55:10 
26-Apr-19, 13:55:18 
26-Apr-19, 13:55:20 
26-Apr-19, 13:55:23 
26-Apr-19, 13:55:25 
26-Apr-19, 13:55:28 
26-Apr-19, 13:55:30 
26-Apr-19, 13:55:33 
26-Apr-19, 13:55:35 
26-Apr-19, 13:55:38 
26-Apr-19, 13:55:40 
26-Apr-19, 13:55:43 
26-Apr-19, 13:55:45 
26-Apr-19, 13:55:48 
26-Apr-19, 13:55:50 
26-Apr-19, 13:55:53 
26-Apr-19, 13:55:55 
26-Apr-19, 13:55:58 
26-Apr-19, 13:56:00 
26-Apr-19, 13:56:03 
26-Apr-19, 13:56:05 
26-Apr-19, 13:56:10 
26-Apr-19, 13:56:13 
26-Apr-19, 13:56:20 
26-Apr-19, 13:56:23 
26-Apr-19, 13:56:25 
26-Apr-19, 13:56:30 
26-Apr-19, 13:56:33 
26-Apr-19, 13:56:35 
26-Apr-19, 13:56:38 
26-Apr-19, 13:56:40 
26-Apr-19, 13:56:43 
26-Apr-19, 13:56:45 
26-Apr-19, 13:56:48 
26-Apr-19, 13:56:50 
26-Apr-19, 13:56:53 
26-Apr-19, 13:56:55 
26-Apr-19, 13:56:58 
26-Apr-19, 13:57:00 
26-Apr-19, 13:57:03 
26-Apr-19, 13:57:05 
26-Apr-19, 13:57:08 
26-Apr-19, 13:57:10 
26-Apr-19, 13:57:18 
26-Apr-19, 13:57:20 
26-Apr-19, 13:57:23 
26-Apr-19, 13:57:25 
26-Apr-19, 13:57:28 
26-Apr-19, 13:57:30 
26-Apr-19, 13:57:33 
26-Apr-19, 13:57:35 
26-Apr-19, 13:57:38 
26-Apr-19, 13:57:40 
26-Apr-19, 13:57:43 
26-Apr-19, 13:57:45 
26-Apr-19, 13:57:48 
26-Apr-19, 13:57:50 
26-Apr-19, 13:57:53 
26-Apr-19, 13:57:55 
26-Apr-19, 13:57:58 
26-Apr-19, 13:58:00 
26-Apr-19, 13:58:03 
26-Apr-19, 13:58:05 
26-Apr-19, 13:58:10 
26-Apr-19, 13:58:13 
26-Apr-19, 13:58:20 
26-Apr-19, 13:58:23 
26-Apr-19, 13:58:25 
26-Apr-19, 13:58:30 
26-Apr-19, 13:58:33 
26-Apr-19, 13:58:35 
26-Apr-19, 13:58:38 
26-Apr-19, 13:58:40 
26-Apr-19, 13:58:43 
26-Apr-19, 13:58:45 
26-Apr-19, 13:58:48 
26-Apr-19, 13:58:50 
26-Apr-19, 13:58:53 
26-Apr-19, 13:58:55 
26-Apr-19, 13:58:58 
26-Apr-19, 13:59:00 
26-Apr-19, 13:59:03 
26-Apr-19, 13:59:05 
26-Apr-19, 13:59:08 
26-Apr-19, 13:59:10 
26-Apr-19, 13:59:20 
26-Apr-19, 13:59:23 
26-Apr-19, 13:59:25 
26-Apr-19, 13:59:28 
26-Apr-19, 13:59:30 
26-Apr-19, 13:59:33 
26-Apr-19, 13:59:35 
26-Apr-19, 13:59:38 
26-Apr-19, 13:59:40 
26-Apr-19, 13:59:43 
26-Apr-19, 13:59:45 
26-Apr-19, 13:59:48 
26-Apr-19, 13:59:50 
26-Apr-19, 13:59:53 
26-Apr-19, 13:59:55 
26-Apr-19, 13:59:58 
26-Apr-19, 14:00:00 
26-Apr-19, 14:00:03 
26-Apr-19, 14:00:05 
26-Apr-19, 14:00:08 
26-Apr-19, 14:00:10 
26-Apr-19, 14:00:13 
26-Apr-19, 14:00:18 
26-Apr-19, 14:00:20 
26-Apr-19, 14:00:23 
26-Apr-19, 14:00:25 
26-Apr-19, 14:00:28 
26-Apr-19, 14:00:30 
26-Apr-19, 14:00:33 
26-Apr-19, 14:00:38 
26-Apr-19, 14:00:40 
26-Apr-19, 14:00:43 
26-Apr-19, 14:00:45 
26-Apr-19, 14:00:48 
26-Apr-19, 14:00:50 
26-Apr-19, 14:00:53 
26-Apr-19, 14:00:55 
26-Apr-19, 14:00:58 
26-Apr-19, 14:01:00 
26-Apr-19, 14:01:03 
26-Apr-19, 14:01:05 
26-Apr-19, 14:01:08 
26-Apr-19, 14:01:10 
26-Apr-19, 14:01:13 
26-Apr-19, 14:01:18 
26-Apr-19, 14:01:20 
26-Apr-19, 14:01:23 
26-Apr-19, 14:01:25 
26-Apr-19, 14:01:28 
26-Apr-19, 14:01:30 
26-Apr-19, 14:01:33 
26-Apr-19, 14:01:38 
26-Apr-19, 14:01:40 
26-Apr-19, 14:01:43 
26-Apr-19, 14:01:45 
26-Apr-19, 14:01:48 
26-Apr-19, 14:01:50 
26-Apr-19, 14:01:53 
26-Apr-19, 14:01:55 
26-Apr-19, 14:01:58 
26-Apr-19, 14:02:00 
26-Apr-19, 14:02:03 
26-Apr-19, 14:02:05 
26-Apr-19, 14:02:08 
26-Apr-19, 14:02:10 
26-Apr-19, 14:02:18 
26-Apr-19, 14:02:20 
26-Apr-19, 14:02:23 
26-Apr-19, 14:02:25 
26-Apr-19, 14:02:28 
26-Apr-19, 14:02:30 
26-Apr-19, 14:02:33 
26-Apr-19, 14:02:38 
26-Apr-19, 14:02:40 
26-Apr-19, 14:02:43 
26-Apr-19, 14:02:45 
26-Apr-19, 14:02:48 
26-Apr-19, 14:02:50 
26-Apr-19, 14:02:53 
26-Apr-19, 14:02:55 
26-Apr-19, 14:02:58 
26-Apr-19, 14:03:00 
26-Apr-19, 14:03:03 
26-Apr-19, 14:03:05 
26-Apr-19, 14:03:08 
26-Apr-19, 14:03:10 
26-Apr-19, 14:03:13 
26-Apr-19, 14:03:18 
26-Apr-19, 14:03:20 
26-Apr-19, 14:03:25 
26-Apr-19, 14:03:28 
26-Apr-19, 14:03:30 
26-Apr-19, 14:03:33 
26-Apr-19, 14:03:35 
26-Apr-19, 14:03:38 
26-Apr-19, 14:03:40 
26-Apr-19, 14:03:43 
26-Apr-19, 14:03:45 
26-Apr-19, 14:03:48 
26-Apr-19, 14:03:50 
26-Apr-19, 14:03:53 
26-Apr-19, 14:03:55 
26-Apr-19, 14:03:58 
26-Apr-19, 14:04:00 
26-Apr-19, 14:04:03 
26-Apr-19, 14:04:05 
26-Apr-19, 14:04:08 
26-Apr-19, 14:04:10 
26-Apr-19, 14:04:13 
26-Apr-19, 14:04:20 
26-Apr-19, 14:04:23 
26-Apr-19, 14:04:25 
26-Apr-19, 14:04:28 
26-Apr-19, 14:04:30 
26-Apr-19, 14:04:33 
26-Apr-19, 14:04:35 
26-Apr-19, 14:04:38 
26-Apr-19, 14:04:40 
26-Apr-19, 14:04:43 
26-Apr-19, 14:04:45 
26-Apr-19, 14:04:48 
26-Apr-19, 14:04:50 
26-Apr-19, 14:04:53 
26-Apr-19, 14:04:55 
26-Apr-19, 14:04:58 
26-Apr-19, 14:05:00 
26-Apr-19, 14:05:03 
26-Apr-19, 14:05:05 
26-Apr-19, 14:05:08 
26-Apr-19, 14:05:10 
26-Apr-19, 14:05:13 
26-Apr-19, 14:05:20 
26-Apr-19, 14:05:25 
26-Apr-19, 14:05:28 
26-Apr-19, 14:05:30 
26-Apr-19, 14:05:33 
26-Apr-19, 14:05:35 
26-Apr-19, 14:05:38 
26-Apr-19, 14:05:40 
26-Apr-19, 14:05:43 
26-Apr-19, 14:05:45 
26-Apr-19, 14:05:48 
26-Apr-19, 14:05:50 
26-Apr-19, 14:05:53 
26-Apr-19, 14:05:55 
26-Apr-19, 14:05:58 
26-Apr-19, 14:06:00 
26-Apr-19, 14:06:03 
26-Apr-19, 14:06:05 
26-Apr-19, 14:06:08 
26-Apr-19, 14:06:10 
26-Apr-19, 14:06:19 
26-Apr-19, 14:06:20 
26-Apr-19, 14:06:24 
26-Apr-19, 14:06:25 
26-Apr-19, 14:06:29 
26-Apr-19, 14:06:30 
26-Apr-19, 14:06:34 
26-Apr-19, 14:06:35 
26-Apr-19, 14:06:39 
26-Apr-19, 14:06:40 
26-Apr-19, 14:06:44 
26-Apr-19, 14:06:45 
26-Apr-19, 14:06:49 
26-Apr-19, 14:06:50 
26-Apr-19, 14:06:54 
26-Apr-19, 14:06:55 
26-Apr-19, 14:06:59 
26-Apr-19, 14:07:00 
26-Apr-19, 14:07:04 
26-Apr-19, 14:07:05 
26-Apr-19, 14:07:09 
26-Apr-19, 14:07:10 
26-Apr-19, 14:07:15 
26-Apr-19, 14:07:19 
26-Apr-19, 14:07:20 
26-Apr-19, 14:07:24 
26-Apr-19, 14:07:25 
26-Apr-19, 14:07:29 
26-Apr-19, 14:07:30 
26-Apr-19, 14:07:34 
26-Apr-19, 14:07:35 
26-Apr-19, 14:07:39 
26-Apr-19, 14:07:40 
26-Apr-19, 14:07:44 
26-Apr-19, 14:07:45 
26-Apr-19, 14:07:49 
26-Apr-19, 14:07:50 
26-Apr-19, 14:07:54 
26-Apr-19, 14:07:55 
26-Apr-19, 14:07:59 
26-Apr-19, 14:08:04 
26-Apr-19, 14:08:05 
26-Apr-19, 14:08:09 
26-Apr-19, 14:08:10 
26-Apr-19, 14:08:19 
26-Apr-19, 14:08:20 
26-Apr-19, 14:08:24 
26-Apr-19, 14:08:25 
26-Apr-19, 14:08:29 
26-Apr-19, 14:08:30 
26-Apr-19, 14:08:34 
26-Apr-19, 14:08:35 
26-Apr-19, 14:08:39 
26-Apr-19, 14:08:40 
26-Apr-19, 14:08:44 
26-Apr-19, 14:08:45 
26-Apr-19, 14:08:49 
26-Apr-19, 14:08:50 
26-Apr-19, 14:08:54 
26-Apr-19, 14:08:55 
26-Apr-19, 14:08:59 
26-Apr-19, 14:09:00 
26-Apr-19, 14:09:04 
26-Apr-19, 14:09:05 
26-Apr-19, 14:09:09 
26-Apr-19, 14:09:10 
26-Apr-19, 14:09:19 
26-Apr-19, 14:09:20 
26-Apr-19, 14:09:24 
26-Apr-19, 14:09:25 
26-Apr-19, 14:09:29 
26-Apr-19, 14:09:30 
26-Apr-19, 14:09:34 
26-Apr-19, 14:09:35 
26-Apr-19, 14:09:39 
26-Apr-19, 14:09:40 
26-Apr-19, 14:09:44 
26-Apr-19, 14:09:45 
26-Apr-19, 14:09:49 
26-Apr-19, 14:09:50 
26-Apr-19, 14:09:59 
26-Apr-19, 14:10:00 
26-Apr-19, 14:10:04 
26-Apr-19, 14:10:05 
26-Apr-19, 14:10:09 
26-Apr-19, 14:10:10 
26-Apr-19, 14:10:19 
26-Apr-19, 14:10:20 
26-Apr-19, 14:10:24 
26-Apr-19, 14:10:25 
26-Apr-19, 14:10:29 
26-Apr-19, 14:10:30 
26-Apr-19, 14:10:34 
26-Apr-19, 14:10:35 
26-Apr-19, 14:10:39 
26-Apr-19, 14:10:40 
26-Apr-19, 14:10:44 
26-Apr-19, 14:10:45 
26-Apr-19, 14:10:49 
26-Apr-19, 14:10:50 
26-Apr-19, 14:10:54 
26-Apr-19, 14:10:55 
26-Apr-19, 14:10:59 
26-Apr-19, 14:11:00 
26-Apr-19, 14:11:04 
26-Apr-19, 14:11:05 
26-Apr-19, 14:11:09 
26-Apr-19, 14:11:10 
26-Apr-19, 14:11:19 
26-Apr-19, 14:11:20 
26-Apr-19, 14:11:24 
26-Apr-19, 14:11:25 
26-Apr-19, 14:11:29 
26-Apr-19, 14:11:30 
26-Apr-19, 14:11:35 
26-Apr-19, 14:11:39 
26-Apr-19, 14:11:40 
26-Apr-19, 14:11:44 
26-Apr-19, 14:11:45 
26-Apr-19, 14:11:49 
26-Apr-19, 14:11:50 
26-Apr-19, 14:11:54 
26-Apr-19, 14:11:55 
26-Apr-19, 14:12:00 
26-Apr-19, 14:12:04 
26-Apr-19, 14:12:06 
26-Apr-19, 14:12:09 
26-Apr-19, 14:12:11 
26-Apr-19, 14:12:19 
26-Apr-19, 14:12:21 
26-Apr-19, 14:12:24 
26-Apr-19, 14:12:26 
26-Apr-19, 14:12:29 
26-Apr-19, 14:12:31 
26-Apr-19, 14:12:34 
26-Apr-19, 14:12:36 
26-Apr-19, 14:12:39 
26-Apr-19, 14:12:41 
26-Apr-19, 14:12:44 
26-Apr-19, 14:12:46 
26-Apr-19, 14:12:49 
26-Apr-19, 14:12:51 
26-Apr-19, 14:12:54 
26-Apr-19, 14:12:56 
26-Apr-19, 14:12:59 
26-Apr-19, 14:13:01 
26-Apr-19, 14:13:04 
26-Apr-19, 14:13:06 
26-Apr-19, 14:13:09 
26-Apr-19, 14:13:11 
26-Apr-19, 14:13:19 
26-Apr-19, 14:13:21 
26-Apr-19, 14:13:24 
26-Apr-19, 14:13:26 
26-Apr-19, 14:13:29 
26-Apr-19, 14:13:31 
26-Apr-19, 14:13:34 
26-Apr-19, 14:13:36 
26-Apr-19, 14:13:41 
26-Apr-19, 14:13:44 
26-Apr-19, 14:13:46 
26-Apr-19, 14:13:49 
26-Apr-19, 14:13:51 
26-Apr-19, 14:13:54 
26-Apr-19, 14:13:56 
26-Apr-19, 14:13:59 
26-Apr-19, 14:14:01 
26-Apr-19, 14:14:04 
26-Apr-19, 14:14:06 
26-Apr-19, 14:14:09 
26-Apr-19, 14:14:11 
26-Apr-19, 14:14:16 
26-Apr-19, 14:14:19 
26-Apr-19, 14:14:21 
26-Apr-19, 14:14:24 
26-Apr-19, 14:14:26 
26-Apr-19, 14:14:29 
26-Apr-19, 14:14:31 
26-Apr-19, 14:14:34 
26-Apr-19, 14:14:36 
26-Apr-19, 14:14:39 
26-Apr-19, 14:14:41 
26-Apr-19, 14:14:44 
26-Apr-19, 14:14:46 
26-Apr-19, 14:14:49 
26-Apr-19, 14:14:51 
26-Apr-19, 14:14:54 
26-Apr-19, 14:14:56 
26-Apr-19, 14:14:59 
26-Apr-19, 14:15:01 
26-Apr-19, 14:15:04 
26-Apr-19, 14:15:06 
26-Apr-19, 14:15:11 
26-Apr-19, 14:15:16 
26-Apr-19, 14:15:19 
26-Apr-19, 14:15:21 
26-Apr-19, 14:15:24 
26-Apr-19, 14:15:26 
26-Apr-19, 14:15:29 
26-Apr-19, 14:15:31 
26-Apr-19, 14:15:34 
26-Apr-19, 14:15:36 
26-Apr-19, 14:15:39 
26-Apr-19, 14:15:41 
26-Apr-19, 14:15:44 
26-Apr-19, 14:15:46 
26-Apr-19, 14:15:51 
26-Apr-19, 14:15:54 
26-Apr-19, 14:15:56 
26-Apr-19, 14:16:01 
26-Apr-19, 14:16:04 
26-Apr-19, 14:16:06 
26-Apr-19, 14:16:09 
26-Apr-19, 14:16:11 
26-Apr-19, 14:16:19 
26-Apr-19, 14:16:21 
26-Apr-19, 14:16:24 
26-Apr-19, 14:16:26 
26-Apr-19, 14:16:29 
26-Apr-19, 14:16:31 
26-Apr-19, 14:16:34 
26-Apr-19, 14:16:36 
26-Apr-19, 14:16:39 
26-Apr-19, 14:16:41 
26-Apr-19, 14:16:44 
26-Apr-19, 14:16:46 
26-Apr-19, 14:16:49 
26-Apr-19, 14:16:51 
26-Apr-19, 14:16:54 
26-Apr-19, 14:16:56 
26-Apr-19, 14:16:59 
26-Apr-19, 14:17:01 
26-Apr-19, 14:17:04 
26-Apr-19, 14:17:06 
26-Apr-19, 14:17:09 
26-Apr-19, 14:17:11 
26-Apr-19, 14:17:16 
26-Apr-19, 14:17:20 
26-Apr-19, 14:17:21 
26-Apr-19, 14:17:25 
26-Apr-19, 14:17:26 
26-Apr-19, 14:17:30 
26-Apr-19, 14:17:31 
26-Apr-19, 14:17:35 
26-Apr-19, 14:17:36 
26-Apr-19, 14:17:40 
26-Apr-19, 14:17:41 
26-Apr-19, 14:17:45 
26-Apr-19, 14:17:47 
26-Apr-19, 14:17:50 
26-Apr-19, 14:17:52 
26-Apr-19, 14:17:57 
26-Apr-19, 14:18:00 
26-Apr-19, 14:18:07 
26-Apr-19, 14:18:10 
26-Apr-19, 14:18:20 
26-Apr-19, 14:18:22 
26-Apr-19, 14:18:25 
26-Apr-19, 14:18:27 
26-Apr-19, 14:18:30 
26-Apr-19, 14:18:32 
26-Apr-19, 14:18:35 
26-Apr-19, 14:18:37 
26-Apr-19, 14:18:40 
26-Apr-19, 14:18:42 
26-Apr-19, 14:18:45 
26-Apr-19, 14:18:47 
26-Apr-19, 14:18:50 
26-Apr-19, 14:18:52 
26-Apr-19, 14:18:55 
26-Apr-19, 14:18:57 
26-Apr-19, 14:19:00 
26-Apr-19, 14:19:02 
26-Apr-19, 14:19:05 
26-Apr-19, 14:19:07 
26-Apr-19, 14:19:10 
26-Apr-19, 14:19:20 
26-Apr-19, 14:19:22 
26-Apr-19, 14:19:25 
26-Apr-19, 14:19:27 
26-Apr-19, 14:19:30 
26-Apr-19, 14:19:32 
26-Apr-19, 14:19:35 
26-Apr-19, 14:19:37 
26-Apr-19, 14:19:40 
26-Apr-19, 14:19:42 
26-Apr-19, 14:19:47 
26-Apr-19, 14:19:50 
26-Apr-19, 14:19:52 
26-Apr-19, 14:19:55 
26-Apr-19, 14:19:57 
26-Apr-19, 14:20:00 
26-Apr-19, 14:20:02 
26-Apr-19, 14:20:05 
26-Apr-19, 14:20:07 
26-Apr-19, 14:20:10 
26-Apr-19, 14:20:20 
26-Apr-19, 14:20:22 
26-Apr-19, 14:20:25 
26-Apr-19, 14:20:27 
26-Apr-19, 14:20:30 
26-Apr-19, 14:20:32 
26-Apr-19, 14:20:35 
26-Apr-19, 14:20:37 
26-Apr-19, 14:20:40 
26-Apr-19, 14:20:42 
26-Apr-19, 14:20:45 
26-Apr-19, 14:20:47 
26-Apr-19, 14:20:50 
26-Apr-19, 14:20:52 
26-Apr-19, 14:20:55 
26-Apr-19, 14:20:57 
26-Apr-19, 14:21:00 
26-Apr-19, 14:21:02 
26-Apr-19, 14:21:05 
26-Apr-19, 14:21:07 
26-Apr-19, 14:21:11 
26-Apr-19, 14:21:21 
26-Apr-19, 14:21:22 
26-Apr-19, 14:21:26 
26-Apr-19, 14:21:27 
26-Apr-19, 14:21:31 
26-Apr-19, 14:21:32 
26-Apr-19, 14:21:36 
26-Apr-19, 14:21:37 
26-Apr-19, 14:21:41 
26-Apr-19, 14:21:42 
26-Apr-19, 14:21:46 
26-Apr-19, 14:21:47 
26-Apr-19, 14:21:51 
26-Apr-19, 14:21:56 
26-Apr-19, 14:21:57 
26-Apr-19, 14:22:01 
26-Apr-19, 14:22:02 
26-Apr-19, 14:22:06 
26-Apr-19, 14:22:07 
26-Apr-19, 14:22:11 
26-Apr-19, 14:22:21 
26-Apr-19, 14:22:23 
26-Apr-19, 14:22:26 
26-Apr-19, 14:22:28 
26-Apr-19, 14:22:31 
26-Apr-19, 14:22:33 
26-Apr-19, 14:22:36 
26-Apr-19, 14:22:38 
26-Apr-19, 14:22:41 
26-Apr-19, 14:22:43 
26-Apr-19, 14:22:46 
26-Apr-19, 14:22:48 
26-Apr-19, 14:22:51 
26-Apr-19, 14:22:53 
26-Apr-19, 14:22:56 
26-Apr-19, 14:22:58 
26-Apr-19, 14:23:01 
26-Apr-19, 14:23:03 
26-Apr-19, 14:23:06 
26-Apr-19, 14:23:08 
26-Apr-19, 14:23:11 
26-Apr-19, 14:23:13 
26-Apr-19, 14:23:21 
26-Apr-19, 14:23:23 
26-Apr-19, 14:23:26 
26-Apr-19, 14:23:28 
26-Apr-19, 14:23:31 
26-Apr-19, 14:23:33 
26-Apr-19, 14:23:36 
26-Apr-19, 14:23:38 
26-Apr-19, 14:23:41 
26-Apr-19, 14:23:43 
26-Apr-19, 14:23:46 
26-Apr-19, 14:23:48 
26-Apr-19, 14:23:51 
26-Apr-19, 14:23:53 
26-Apr-19, 14:23:56 
26-Apr-19, 14:23:58 
26-Apr-19, 14:24:01 
26-Apr-19, 14:24:03 
26-Apr-19, 14:24:06 
26-Apr-19, 14:24:08 
26-Apr-19, 14:24:11 
26-Apr-19, 14:24:16 
26-Apr-19, 14:24:18 
26-Apr-19, 14:24:21 
26-Apr-19, 14:24:23 
26-Apr-19, 14:24:26 
26-Apr-19, 14:24:28 
26-Apr-19, 14:24:31 
26-Apr-19, 14:24:33 
26-Apr-19, 14:24:36 
26-Apr-19, 14:24:38 
26-Apr-19, 14:24:41 
26-Apr-19, 14:24:43 
26-Apr-19, 14:24:46 
26-Apr-19, 14:24:48 
26-Apr-19, 14:24:51 
26-Apr-19, 14:24:53 
26-Apr-19, 14:24:56 
26-Apr-19, 14:24:58 
26-Apr-19, 14:25:01 
26-Apr-19, 14:25:03 
26-Apr-19, 14:25:08 
26-Apr-19, 14:25:11 
26-Apr-19, 14:25:13 
26-Apr-19, 14:25:18 
26-Apr-19, 14:25:21 
26-Apr-19, 14:25:23 
26-Apr-19, 14:25:26 
26-Apr-19, 14:25:28 
26-Apr-19, 14:25:32 
26-Apr-19, 14:25:33 
26-Apr-19, 14:25:37 
26-Apr-19, 14:25:38 
26-Apr-19, 14:25:42 
26-Apr-19, 14:25:43 
26-Apr-19, 14:25:47 
26-Apr-19, 14:25:49 
26-Apr-19, 14:25:52 
26-Apr-19, 14:25:54 
26-Apr-19, 14:25:57 
26-Apr-19, 14:25:59 
26-Apr-19, 14:26:02 
26-Apr-19, 14:26:04 
26-Apr-19, 14:26:07 
26-Apr-19, 14:26:09 
26-Apr-19, 14:26:22 
26-Apr-19, 14:26:24 
26-Apr-19, 14:26:27 
26-Apr-19, 14:26:29 
26-Apr-19, 14:26:32 
26-Apr-19, 14:26:34 
26-Apr-19, 14:26:37 
26-Apr-19, 14:26:39 
26-Apr-19, 14:26:42 
26-Apr-19, 14:26:44 
26-Apr-19, 14:26:47 
26-Apr-19, 14:26:49 
26-Apr-19, 14:26:52 
26-Apr-19, 14:26:54 
26-Apr-19, 14:26:57 
26-Apr-19, 14:26:59 
26-Apr-19, 14:27:02 
26-Apr-19, 14:27:04 
26-Apr-19, 14:27:07 
26-Apr-19, 14:27:09 
26-Apr-19, 14:27:19 
26-Apr-19, 14:27:22 
26-Apr-19, 14:27:24 
26-Apr-19, 14:27:27 
26-Apr-19, 14:27:32 
26-Apr-19, 14:27:34 
26-Apr-19, 14:27:37 
26-Apr-19, 14:27:39 
26-Apr-19, 14:27:42 
26-Apr-19, 14:27:44 
26-Apr-19, 14:27:47 
26-Apr-19, 14:27:49 
26-Apr-19, 14:27:52 
26-Apr-19, 14:27:54 
26-Apr-19, 14:27:57 
26-Apr-19, 14:27:59 
26-Apr-19, 14:28:02 
26-Apr-19, 14:28:04 
26-Apr-19, 14:28:07 
26-Apr-19, 14:28:09 
26-Apr-19, 14:28:19 
26-Apr-19, 14:28:22 
26-Apr-19, 14:28:24 
26-Apr-19, 14:28:27 
26-Apr-19, 14:28:32 
26-Apr-19, 14:28:34 
26-Apr-19, 14:28:37 
26-Apr-19, 14:28:39 
26-Apr-19, 14:28:42 
26-Apr-19, 14:28:44 
26-Apr-19, 14:28:47 
26-Apr-19, 14:28:49 
26-Apr-19, 14:28:52 
26-Apr-19, 14:28:54 
26-Apr-19, 14:28:57 
26-Apr-19, 14:28:59 
26-Apr-19, 14:29:02 
26-Apr-19, 14:29:04 
26-Apr-19, 14:29:07 
26-Apr-19, 14:29:09 
26-Apr-19, 14:29:19 
26-Apr-19, 14:29:22 
26-Apr-19, 14:29:24 
26-Apr-19, 14:29:27 
26-Apr-19, 14:29:29 
26-Apr-19, 14:29:32 
26-Apr-19, 14:29:34 
26-Apr-19, 14:29:37 
26-Apr-19, 14:29:39 
26-Apr-19, 14:29:42 
26-Apr-19, 14:29:44 
26-Apr-19, 14:29:47 
26-Apr-19, 14:29:49 
26-Apr-19, 14:29:52 
26-Apr-19, 14:29:54 
26-Apr-19, 14:29:57 
26-Apr-19, 14:29:59 
26-Apr-19, 14:30:02 
26-Apr-19, 14:30:04 
26-Apr-19, 14:30:07 
26-Apr-19, 14:30:09 
26-Apr-19, 14:30:19 
26-Apr-19, 14:30:22 
26-Apr-19, 14:30:24 
26-Apr-19, 14:30:27 
26-Apr-19, 14:30:29 
26-Apr-19, 14:30:32 
26-Apr-19, 14:30:34 
26-Apr-19, 14:30:37 
26-Apr-19, 14:30:39 
26-Apr-19, 14:30:42 
26-Apr-19, 14:30:44 
26-Apr-19, 14:30:47 
26-Apr-19, 14:30:49 
26-Apr-19, 14:30:52 
26-Apr-19, 14:30:54 
26-Apr-19, 14:30:57 
26-Apr-19, 14:30:59 
26-Apr-19, 14:31:02 
26-Apr-19, 14:31:04 
26-Apr-19, 14:31:07 
26-Apr-19, 14:31:09 
26-Apr-19, 14:31:17 
26-Apr-19, 14:31:19 
26-Apr-19, 14:31:22 
26-Apr-19, 14:31:24 
26-Apr-19, 14:31:27 
26-Apr-19, 14:31:29 
26-Apr-19, 14:31:32 
26-Apr-19, 14:31:34 
26-Apr-19, 14:31:37 
26-Apr-19, 14:31:39 
26-Apr-19, 14:31:42 
26-Apr-19, 14:31:44 
26-Apr-19, 14:31:47 
26-Apr-19, 14:31:49 
26-Apr-19, 14:31:52 
26-Apr-19, 14:31:54 
26-Apr-19, 14:31:57 
26-Apr-19, 14:31:59 
26-Apr-19, 14:32:02 
26-Apr-19, 14:32:04 
26-Apr-19, 14:32:07 
26-Apr-19, 14:32:09 
26-Apr-19, 14:32:19 
26-Apr-19, 14:32:22 
26-Apr-19, 14:32:24 
26-Apr-19, 14:32:27 
26-Apr-19, 14:32:29 
26-Apr-19, 14:32:32 
26-Apr-19, 14:32:34 
26-Apr-19, 14:32:37 
26-Apr-19, 14:32:39 
26-Apr-19, 14:32:42 
26-Apr-19, 14:32:44 
26-Apr-19, 14:32:47 
26-Apr-19, 14:32:49 
26-Apr-19, 14:32:52 
26-Apr-19, 14:32:54 
26-Apr-19, 14:32:57 
26-Apr-19, 14:32:59 
26-Apr-19, 14:33:02 
26-Apr-19, 14:33:04 
26-Apr-19, 14:33:07 
26-Apr-19, 14:33:09 
26-Apr-19, 14:33:19 
26-Apr-19, 14:33:22 
26-Apr-19, 14:33:24 
26-Apr-19, 14:33:27 
26-Apr-19, 14:33:29 
26-Apr-19, 14:33:33 
26-Apr-19, 14:33:34 
26-Apr-19, 14:33:38 
26-Apr-19, 14:33:39 
26-Apr-19, 14:33:43 
26-Apr-19, 14:33:44 
26-Apr-19, 14:33:48 
26-Apr-19, 14:33:49 
26-Apr-19, 14:33:53 
26-Apr-19, 14:33:54 
26-Apr-19, 14:33:58 
26-Apr-19, 14:33:59 
26-Apr-19, 14:34:03 
26-Apr-19, 14:34:08 
26-Apr-19, 14:34:09 
26-Apr-19, 14:34:13 
26-Apr-19, 14:34:19 
26-Apr-19, 14:34:23 
26-Apr-19, 14:34:24 
26-Apr-19, 14:34:28 
26-Apr-19, 14:34:29 
26-Apr-19, 14:34:33 
26-Apr-19, 14:34:34 
26-Apr-19, 14:34:38 
26-Apr-19, 14:34:39 
26-Apr-19, 14:34:43 
26-Apr-19, 14:34:44 
26-Apr-19, 14:34:48 
26-Apr-19, 14:34:49 
26-Apr-19, 14:34:53 
26-Apr-19, 14:34:54 
26-Apr-19, 14:34:58 
26-Apr-19, 14:34:59 
26-Apr-19, 14:35:03 
26-Apr-19, 14:35:04 
26-Apr-19, 14:35:08 
26-Apr-19, 14:35:09 
26-Apr-19, 14:35:18 
26-Apr-19, 14:35:19 
26-Apr-19, 14:35:24 
26-Apr-19, 14:35:28 
26-Apr-19, 14:35:29 
26-Apr-19, 14:35:33 
26-Apr-19, 14:35:34 
26-Apr-19, 14:35:38 
26-Apr-19, 14:35:39 
26-Apr-19, 14:35:43 
26-Apr-19, 14:35:44 
26-Apr-19, 14:35:48 
26-Apr-19, 14:35:53 
26-Apr-19, 14:35:54 
26-Apr-19, 14:35:58 
26-Apr-19, 14:35:59 
26-Apr-19, 14:36:03 
26-Apr-19, 14:36:04 
26-Apr-19, 14:36:08 
26-Apr-19, 14:36:09 
26-Apr-19, 14:36:19 
26-Apr-19, 14:36:23 
26-Apr-19, 14:36:24 
26-Apr-19, 14:36:28 
26-Apr-19, 14:36:29 
26-Apr-19, 14:36:33 
26-Apr-19, 14:36:34 
26-Apr-19, 14:36:38 
26-Apr-19, 14:36:39 
26-Apr-19, 14:36:43 
26-Apr-19, 14:36:44 
26-Apr-19, 14:36:48 
26-Apr-19, 14:36:49 
26-Apr-19, 14:36:54 
26-Apr-19, 14:36:58 
26-Apr-19, 14:36:59 
26-Apr-19, 14:37:03 
26-Apr-19, 14:37:04 
26-Apr-19, 14:37:08 
26-Apr-19, 14:37:09 
26-Apr-19, 14:37:13 
26-Apr-19, 14:37:18 
26-Apr-19, 14:37:19 
26-Apr-19, 14:37:23 
26-Apr-19, 14:37:24 
26-Apr-19, 14:37:28 
26-Apr-19, 14:37:29 
26-Apr-19, 14:37:33 
26-Apr-19, 14:37:34 
26-Apr-19, 14:37:38 
26-Apr-19, 14:37:39 
26-Apr-19, 14:37:43 
26-Apr-19, 14:37:44 
26-Apr-19, 14:37:48 
26-Apr-19, 14:37:49 
26-Apr-19, 14:37:53 
26-Apr-19, 14:37:54 
26-Apr-19, 14:37:58 
26-Apr-19, 14:37:59 
26-Apr-19, 14:38:04 
26-Apr-19, 14:38:09 
26-Apr-19, 14:38:18 
26-Apr-19, 14:38:19 
26-Apr-19, 14:38:23 
26-Apr-19, 14:38:24 
26-Apr-19, 14:38:28 
26-Apr-19, 14:38:29 
26-Apr-19, 14:38:33 
26-Apr-19, 14:38:34 
26-Apr-19, 14:38:38 
26-Apr-19, 14:38:39 
26-Apr-19, 14:38:43 
26-Apr-19, 14:38:44 
26-Apr-19, 14:38:48 
26-Apr-19, 14:38:49 
26-Apr-19, 14:38:53 
26-Apr-19, 14:38:54 
26-Apr-19, 14:38:58 
26-Apr-19, 14:38:59 
26-Apr-19, 14:39:04 
26-Apr-19, 14:39:08 
26-Apr-19, 14:39:09 
26-Apr-19, 14:39:13 
26-Apr-19, 14:39:19 
26-Apr-19, 14:39:23 
26-Apr-19, 14:39:24 
26-Apr-19, 14:39:28 
26-Apr-19, 14:39:29 
26-Apr-19, 14:39:33 
26-Apr-19, 14:39:34 
26-Apr-19, 14:39:38 
26-Apr-19, 14:39:39 
26-Apr-19, 14:39:43 
26-Apr-19, 14:39:44 
26-Apr-19, 14:39:48 
26-Apr-19, 14:39:49 
26-Apr-19, 14:39:53 
26-Apr-19, 14:39:54 
26-Apr-19, 14:39:58 
26-Apr-19, 14:39:59 
26-Apr-19, 14:40:03 
26-Apr-19, 14:40:04 
26-Apr-19, 14:40:09 
26-Apr-19, 14:40:18 
26-Apr-19, 14:40:19 
26-Apr-19, 14:40:23 
26-Apr-19, 14:40:24 
26-Apr-19, 14:40:28 
26-Apr-19, 14:40:29 
26-Apr-19, 14:40:33 
26-Apr-19, 14:40:34 
26-Apr-19, 14:40:38 
26-Apr-19, 14:40:39 
26-Apr-19, 14:40:43 
26-Apr-19, 14:40:44 
26-Apr-19, 14:40:48 
26-Apr-19, 14:40:49 
26-Apr-19, 14:40:53 
26-Apr-19, 14:40:54 
26-Apr-19, 14:40:58 
26-Apr-19, 14:40:59 
26-Apr-19, 14:41:03 
26-Apr-19, 14:41:04 
26-Apr-19, 14:41:08 
26-Apr-19, 14:41:09 
26-Apr-19, 14:41:19 
26-Apr-19, 14:41:23 
26-Apr-19, 14:41:24 
26-Apr-19, 14:41:28 
26-Apr-19, 14:41:29 
26-Apr-19, 14:41:33 
26-Apr-19, 14:41:34 
26-Apr-19, 14:41:38 
26-Apr-19, 14:41:39 
26-Apr-19, 14:41:43 
26-Apr-19, 14:41:44 
26-Apr-19, 14:41:48 
26-Apr-19, 14:41:49 
26-Apr-19, 14:41:58 
26-Apr-19, 14:41:59 
26-Apr-19, 14:42:03 
26-Apr-19, 14:42:04 
26-Apr-19, 14:42:08 
26-Apr-19, 14:42:09 
26-Apr-19, 14:42:18 
26-Apr-19, 14:42:20 
26-Apr-19, 14:42:28 
26-Apr-19, 14:42:30 
26-Apr-19, 14:42:33 
26-Apr-19, 14:42:35 
26-Apr-19, 14:42:38 
26-Apr-19, 14:42:40 
26-Apr-19, 14:42:43 
26-Apr-19, 14:42:45 
26-Apr-19, 14:42:48 
26-Apr-19, 14:42:50 
26-Apr-19, 14:42:53 
26-Apr-19, 14:42:55 
26-Apr-19, 14:42:58 
26-Apr-19, 14:43:00 
26-Apr-19, 14:43:03 
26-Apr-19, 14:43:05 
26-Apr-19, 14:43:08 
26-Apr-19, 14:43:10 
26-Apr-19, 14:43:18 
26-Apr-19, 14:43:20 
26-Apr-19, 14:43:23 
26-Apr-19, 14:43:25 
26-Apr-19, 14:43:28 
26-Apr-19, 14:43:30 
26-Apr-19, 14:43:33 
26-Apr-19, 14:43:35 
26-Apr-19, 14:43:38 
26-Apr-19, 14:43:40 
26-Apr-19, 14:43:43 
26-Apr-19, 14:43:45 
26-Apr-19, 14:43:48 
26-Apr-19, 14:43:50 
26-Apr-19, 14:43:53 
26-Apr-19, 14:43:55 
26-Apr-19, 14:43:58 
26-Apr-19, 14:44:00 
26-Apr-19, 14:44:03 
26-Apr-19, 14:44:05 
26-Apr-19, 14:44:08 
26-Apr-19, 14:44:10 
26-Apr-19, 14:44:13 
26-Apr-19, 14:44:18 
26-Apr-19, 14:44:20 
26-Apr-19, 14:44:23 
26-Apr-19, 14:44:25 
26-Apr-19, 14:44:28 
26-Apr-19, 14:44:30 
26-Apr-19, 14:44:33 
26-Apr-19, 14:44:35 
26-Apr-19, 14:44:38 
26-Apr-19, 14:44:40 
26-Apr-19, 14:44:43 
26-Apr-19, 14:44:45 
26-Apr-19, 14:44:48 
26-Apr-19, 14:44:50 
26-Apr-19, 14:44:53 
26-Apr-19, 14:44:55 
26-Apr-19, 14:44:58 
26-Apr-19, 14:45:00 
26-Apr-19, 14:45:03 
26-Apr-19, 14:45:05 
26-Apr-19, 14:45:08 
26-Apr-19, 14:45:10 
26-Apr-19, 14:45:18 
26-Apr-19, 14:45:20 
26-Apr-19, 14:45:23 
26-Apr-19, 14:45:25 
26-Apr-19, 14:45:28 
26-Apr-19, 14:45:30 
26-Apr-19, 14:45:33 
26-Apr-19, 14:45:35 
26-Apr-19, 14:45:38 
26-Apr-19, 14:45:40 
26-Apr-19, 14:45:43 
26-Apr-19, 14:45:45 
26-Apr-19, 14:45:48 
26-Apr-19, 14:45:50 
26-Apr-19, 14:45:53 
26-Apr-19, 14:45:55 
26-Apr-19, 14:45:58 
26-Apr-19, 14:46:00 
26-Apr-19, 14:46:03 
26-Apr-19, 14:46:05 
26-Apr-19, 14:46:08 
26-Apr-19, 14:46:10 
26-Apr-19, 14:46:18 
26-Apr-19, 14:46:20 
26-Apr-19, 14:46:23 
26-Apr-19, 14:46:25 
26-Apr-19, 14:46:28 
26-Apr-19, 14:46:30 
26-Apr-19, 14:46:33 
26-Apr-19, 14:46:35 
26-Apr-19, 14:46:38 
26-Apr-19, 14:46:40 
26-Apr-19, 14:46:43 
26-Apr-19, 14:46:45 
26-Apr-19, 14:46:48 
26-Apr-19, 14:46:50 
26-Apr-19, 14:46:53 
26-Apr-19, 14:46:55 
26-Apr-19, 14:46:58 
26-Apr-19, 14:47:00 
26-Apr-19, 14:47:03 
26-Apr-19, 14:47:05 
26-Apr-19, 14:47:08 
26-Apr-19, 14:47:10 
26-Apr-19, 14:47:20 
26-Apr-19, 14:47:23 
26-Apr-19, 14:47:25 
26-Apr-19, 14:47:28 
26-Apr-19, 14:47:30 
26-Apr-19, 14:47:33 
26-Apr-19, 14:47:35 
26-Apr-19, 14:47:38 
26-Apr-19, 14:47:40 
26-Apr-19, 14:47:43 
26-Apr-19, 14:47:45 
26-Apr-19, 14:47:48 
26-Apr-19, 14:47:50 
26-Apr-19, 14:47:53 
26-Apr-19, 14:47:55 
26-Apr-19, 14:47:58 
26-Apr-19, 14:48:00 
26-Apr-19, 14:48:03 
26-Apr-19, 14:48:05 
26-Apr-19, 14:48:08 
26-Apr-19, 14:48:10 
26-Apr-19, 14:48:13 
26-Apr-19, 14:48:20 
26-Apr-19, 14:48:23 
26-Apr-19, 14:48:25 
26-Apr-19, 14:48:28 
26-Apr-19, 14:48:30 
26-Apr-19, 14:48:33 
26-Apr-19, 14:48:35 
26-Apr-19, 14:48:38 
26-Apr-19, 14:48:40 
26-Apr-19, 14:48:43 
26-Apr-19, 14:48:45 
26-Apr-19, 14:48:48 
26-Apr-19, 14:48:50 
26-Apr-19, 14:48:53 
26-Apr-19, 14:48:55 
26-Apr-19, 14:48:58 
26-Apr-19, 14:49:00 
26-Apr-19, 14:49:05 
26-Apr-19, 14:49:08 
26-Apr-19, 14:49:10 
26-Apr-19, 14:49:18 
26-Apr-19, 14:49:20 
26-Apr-19, 14:49:23 
26-Apr-19, 14:49:25 
26-Apr-19, 14:49:28 
26-Apr-19, 14:49:30 
26-Apr-19, 14:49:33 
26-Apr-19, 14:49:35 
26-Apr-19, 14:49:38 
26-Apr-19, 14:49:40 
26-Apr-19, 14:49:43 
26-Apr-19, 14:49:45 
26-Apr-19, 14:49:48 
26-Apr-19, 14:49:50 
26-Apr-19, 14:49:53 
26-Apr-19, 14:49:55 
26-Apr-19, 14:49:58 
26-Apr-19, 14:50:00 
26-Apr-19, 14:50:03 
26-Apr-19, 14:50:05 
26-Apr-19, 14:50:08 
26-Apr-19, 14:50:10 
26-Apr-19, 14:50:13 
26-Apr-19, 14:50:20 
26-Apr-19, 14:50:23 
26-Apr-19, 14:50:28 
26-Apr-19, 14:50:30 
26-Apr-19, 14:50:33 
26-Apr-19, 14:50:35 
26-Apr-19, 14:50:38 
26-Apr-19, 14:50:40 
26-Apr-19, 14:50:43 
26-Apr-19, 14:50:45 
26-Apr-19, 14:50:48 
26-Apr-19, 14:50:50 
26-Apr-19, 14:50:53 
26-Apr-19, 14:50:55 
26-Apr-19, 14:50:58 
26-Apr-19, 14:51:00 
26-Apr-19, 14:51:03 
26-Apr-19, 14:51:05 
26-Apr-19, 14:51:08 
26-Apr-19, 14:51:10 
26-Apr-19, 14:51:20 
26-Apr-19, 14:51:23 
26-Apr-19, 14:51:25 
26-Apr-19, 14:51:28 
26-Apr-19, 14:51:30 
26-Apr-19, 14:51:33 
26-Apr-19, 14:51:35 
26-Apr-19, 14:51:38 
26-Apr-19, 14:51:40 
26-Apr-19, 14:51:43 
26-Apr-19, 14:51:45 
26-Apr-19, 14:51:48 
26-Apr-19, 14:51:50 
26-Apr-19, 14:51:53 
26-Apr-19, 14:51:55 
26-Apr-19, 14:51:58 
26-Apr-19, 14:52:00 
26-Apr-19, 14:52:03 
26-Apr-19, 14:52:05 
26-Apr-19, 14:52:08 
26-Apr-19, 14:52:10 
26-Apr-19, 14:52:20 
26-Apr-19, 14:52:23 
26-Apr-19, 14:52:25 
26-Apr-19, 14:52:28 
26-Apr-19, 14:52:30 
26-Apr-19, 14:52:33 
26-Apr-19, 14:52:35 
26-Apr-19, 14:52:38 
26-Apr-19, 14:52:40 
26-Apr-19, 14:52:43 
26-Apr-19, 14:52:45 
26-Apr-19, 14:52:48 
26-Apr-19, 14:52:50 
26-Apr-19, 14:52:53 
26-Apr-19, 14:52:55 
26-Apr-19, 14:52:58 
26-Apr-19, 14:53:00 
26-Apr-19, 14:53:03 
26-Apr-19, 14:53:05 
26-Apr-19, 14:53:08 
26-Apr-19, 14:53:10 
26-Apr-19, 14:53:13 
26-Apr-19, 14:53:18 
26-Apr-19, 14:53:20 
26-Apr-19, 14:53:23 
26-Apr-19, 14:53:25 
26-Apr-19, 14:53:28 
26-Apr-19, 14:53:30 
26-Apr-19, 14:53:33 
26-Apr-19, 14:53:35 
26-Apr-19, 14:53:38 
26-Apr-19, 14:53:40 
26-Apr-19, 14:53:43 
26-Apr-19, 14:53:45 
26-Apr-19, 14:53:48 
26-Apr-19, 14:53:50 
26-Apr-19, 14:53:53 
26-Apr-19, 14:53:55 
26-Apr-19, 14:53:58 
26-Apr-19, 14:54:00 
26-Apr-19, 14:54:03 
26-Apr-19, 14:54:05 
26-Apr-19, 14:54:08 
26-Apr-19, 14:54:10 
26-Apr-19, 14:54:18 
26-Apr-19, 14:54:20 
26-Apr-19, 14:54:23 
26-Apr-19, 14:54:25 
26-Apr-19, 14:54:28 
26-Apr-19, 14:54:30 
26-Apr-19, 14:54:33 
26-Apr-19, 14:54:35 
26-Apr-19, 14:54:38 
26-Apr-19, 14:54:40 
26-Apr-19, 14:54:43 
26-Apr-19, 14:54:45 
26-Apr-19, 14:54:48 
26-Apr-19, 14:54:50 
26-Apr-19, 14:54:53 
26-Apr-19, 14:54:58 
26-Apr-19, 14:55:00 
26-Apr-19, 14:55:03 
26-Apr-19, 14:55:05 
26-Apr-19, 14:55:08 
26-Apr-19, 14:55:10 
26-Apr-19, 14:55:13 
26-Apr-19, 14:55:18 
26-Apr-19, 14:55:20 
26-Apr-19, 14:55:23 
26-Apr-19, 14:55:25 
26-Apr-19, 14:55:28 
26-Apr-19, 14:55:30 
26-Apr-19, 14:55:33 
26-Apr-19, 14:55:35 
26-Apr-19, 14:55:38 
26-Apr-19, 14:55:40 
26-Apr-19, 14:55:43 
26-Apr-19, 14:55:45 
26-Apr-19, 14:55:48 
26-Apr-19, 14:55:50 
26-Apr-19, 14:55:53 
26-Apr-19, 14:55:55 
26-Apr-19, 14:55:58 
26-Apr-19, 14:56:00 
26-Apr-19, 14:56:03 
26-Apr-19, 14:56:05 
26-Apr-19, 14:56:08 
26-Apr-19, 14:56:10 
26-Apr-19, 14:56:15 
26-Apr-19, 14:56:20 
26-Apr-19, 14:56:23 
26-Apr-19, 14:56:25 
26-Apr-19, 14:56:28 
26-Apr-19, 14:56:33 
26-Apr-19, 14:56:35 
26-Apr-19, 14:56:38 
26-Apr-19, 14:56:40 
26-Apr-19, 14:56:43 
26-Apr-19, 14:56:45 
26-Apr-19, 14:56:48 
26-Apr-19, 14:56:50 
26-Apr-19, 14:56:53 
26-Apr-19, 14:56:55 
26-Apr-19, 14:56:58 
26-Apr-19, 14:57:00 
26-Apr-19, 14:57:03 
26-Apr-19, 14:57:05 
26-Apr-19, 14:57:08 
26-Apr-19, 14:57:10 
26-Apr-19, 14:57:18 
26-Apr-19, 14:57:20 
26-Apr-19, 14:57:23 
26-Apr-19, 14:57:25 
26-Apr-19, 14:57:28 
26-Apr-19, 14:57:30 
26-Apr-19, 14:57:35 
26-Apr-19, 14:57:38 
26-Apr-19, 14:57:40 
26-Apr-19, 14:57:43 
26-Apr-19, 14:57:45 
26-Apr-19, 14:57:48 
26-Apr-19, 14:57:50 
26-Apr-19, 14:57:53 
26-Apr-19, 14:57:55 
26-Apr-19, 14:57:58 
26-Apr-19, 14:58:00 
26-Apr-19, 14:58:03 
26-Apr-19, 14:58:05 
26-Apr-19, 14:58:10 
26-Apr-19, 14:58:18 
26-Apr-19, 14:58:20 
26-Apr-19, 14:58:23 
26-Apr-19, 14:58:25 
26-Apr-19, 14:58:28 
26-Apr-19, 14:58:30 
26-Apr-19, 14:58:33 
26-Apr-19, 14:58:35 
26-Apr-19, 14:58:38 
26-Apr-19, 14:58:40 
26-Apr-19, 14:58:43 
26-Apr-19, 14:58:45 
26-Apr-19, 14:58:48 
26-Apr-19, 14:58:50 
26-Apr-19, 14:58:53 
26-Apr-19, 14:58:55 
26-Apr-19, 14:58:58 
26-Apr-19, 14:59:00 
26-Apr-19, 14:59:03 
26-Apr-19, 14:59:05 
26-Apr-19, 14:59:08 
26-Apr-19, 14:59:10 
26-Apr-19, 14:59:19 
26-Apr-19, 14:59:20 
26-Apr-19, 14:59:30 
26-Apr-19, 14:59:34 
26-Apr-19, 14:59:35 
26-Apr-19, 14:59:39 
26-Apr-19, 14:59:40 
26-Apr-19, 14:59:44 
26-Apr-19, 14:59:45 
26-Apr-19, 14:59:49 
26-Apr-19, 14:59:50 
26-Apr-19, 14:59:54 
26-Apr-19, 14:59:55 
26-Apr-19, 14:59:59 
26-Apr-19, 15:00:00 
26-Apr-19, 15:00:04 
26-Apr-19, 15:00:05 
26-Apr-19, 15:00:09 
26-Apr-19, 15:00:10 
26-Apr-19, 15:00:19 
26-Apr-19, 15:00:20 
26-Apr-19, 15:00:24 
26-Apr-19, 15:00:25 
26-Apr-19, 15:00:29 
26-Apr-19, 15:00:30 
26-Apr-19, 15:00:34 
26-Apr-19, 15:00:35 
26-Apr-19, 15:00:39 
26-Apr-19, 15:00:40 
26-Apr-19, 15:00:45 
26-Apr-19, 15:00:49 
26-Apr-19, 15:00:50 
26-Apr-19, 15:00:54 
26-Apr-19, 15:00:55 
26-Apr-19, 15:00:59 
26-Apr-19, 15:01:00 
26-Apr-19, 15:01:04 
26-Apr-19, 15:01:05 
26-Apr-19, 15:01:09 
26-Apr-19, 15:01:10 
26-Apr-19, 15:01:14 
26-Apr-19, 15:01:15 
26-Apr-19, 15:01:19 
26-Apr-19, 15:01:20 
26-Apr-19, 15:01:24 
26-Apr-19, 15:01:25 
26-Apr-19, 15:01:29 
26-Apr-19, 15:01:30 
26-Apr-19, 15:01:34 
26-Apr-19, 15:01:35 
26-Apr-19, 15:01:39 
26-Apr-19, 15:01:44 
26-Apr-19, 15:01:45 
26-Apr-19, 15:01:49 
26-Apr-19, 15:01:50 
26-Apr-19, 15:01:54 
26-Apr-19, 15:01:55 
26-Apr-19, 15:01:59 
26-Apr-19, 15:02:00 
26-Apr-19, 15:02:04 
26-Apr-19, 15:02:05 
26-Apr-19, 15:02:09 
26-Apr-19, 15:02:10 
26-Apr-19, 15:02:19 
26-Apr-19, 15:02:20 
26-Apr-19, 15:02:24 
26-Apr-19, 15:02:25 
26-Apr-19, 15:02:29 
26-Apr-19, 15:02:30 
26-Apr-19, 15:02:34 
26-Apr-19, 15:02:35 
26-Apr-19, 15:02:39 
26-Apr-19, 15:02:40 
26-Apr-19, 15:02:44 
26-Apr-19, 15:02:45 
26-Apr-19, 15:02:49 
26-Apr-19, 15:02:50 
26-Apr-19, 15:02:54 
26-Apr-19, 15:02:55 
26-Apr-19, 15:02:59 
26-Apr-19, 15:03:00 
26-Apr-19, 15:03:04 
26-Apr-19, 15:03:05 
26-Apr-19, 15:03:09 
26-Apr-19, 15:03:10 
26-Apr-19, 15:03:19 
26-Apr-19, 15:03:20 
26-Apr-19, 15:03:24 
26-Apr-19, 15:03:25 
26-Apr-19, 15:03:29 
26-Apr-19, 15:03:30 
26-Apr-19, 15:03:34 
26-Apr-19, 15:03:35 
26-Apr-19, 15:03:39 
26-Apr-19, 15:03:40 
26-Apr-19, 15:03:44 
26-Apr-19, 15:03:45 
26-Apr-19, 15:03:49 
26-Apr-19, 15:03:50 
26-Apr-19, 15:03:54 
26-Apr-19, 15:03:55 
26-Apr-19, 15:03:59 
26-Apr-19, 15:04:00 
26-Apr-19, 15:04:04 
26-Apr-19, 15:04:05 
26-Apr-19, 15:04:09 
26-Apr-19, 15:04:10 
26-Apr-19, 15:04:19 
26-Apr-19, 15:04:20 
26-Apr-19, 15:04:24 
26-Apr-19, 15:04:25 
26-Apr-19, 15:04:29 
26-Apr-19, 15:04:30 
26-Apr-19, 15:04:34 
26-Apr-19, 15:04:35 
26-Apr-19, 15:04:39 
26-Apr-19, 15:04:40 
26-Apr-19, 15:04:44 
26-Apr-19, 15:04:45 
26-Apr-19, 15:04:49 
26-Apr-19, 15:04:50 
26-Apr-19, 15:04:54 
26-Apr-19, 15:04:55 
26-Apr-19, 15:04:59 
26-Apr-19, 15:05:00 
26-Apr-19, 15:05:04 
26-Apr-19, 15:05:05 
26-Apr-19, 15:05:09 
26-Apr-19, 15:05:10 
26-Apr-19, 15:05:19 
26-Apr-19, 15:05:20 
26-Apr-19, 15:05:24 
26-Apr-19, 15:05:25 
26-Apr-19, 15:05:29 
26-Apr-19, 15:05:30 
26-Apr-19, 15:05:34 
26-Apr-19, 15:05:35 
26-Apr-19, 15:05:39 
26-Apr-19, 15:05:40 
26-Apr-19, 15:05:44 
26-Apr-19, 15:05:45 
26-Apr-19, 15:05:49 
26-Apr-19, 15:05:50 
26-Apr-19, 15:05:54 
26-Apr-19, 15:05:55 
26-Apr-19, 15:05:59 
26-Apr-19, 15:06:00 
26-Apr-19, 15:06:04 
26-Apr-19, 15:06:05 
26-Apr-19, 15:06:09 
26-Apr-19, 15:06:10 
26-Apr-19, 15:06:19 
26-Apr-19, 15:06:20 
26-Apr-19, 15:06:24 
26-Apr-19, 15:06:25 
26-Apr-19, 15:06:29 
26-Apr-19, 15:06:30 
26-Apr-19, 15:06:34 
26-Apr-19, 15:06:35 
26-Apr-19, 15:06:39 
26-Apr-19, 15:06:40 
26-Apr-19, 15:06:45 
26-Apr-19, 15:06:49 
26-Apr-19, 15:06:50 
26-Apr-19, 15:06:54 
26-Apr-19, 15:06:59 
26-Apr-19, 15:07:00 
26-Apr-19, 15:07:04 
26-Apr-19, 15:07:05 
26-Apr-19, 15:07:09 
26-Apr-19, 15:07:19 
26-Apr-19, 15:07:20 
26-Apr-19, 15:07:24 
26-Apr-19, 15:07:25 
26-Apr-19, 15:07:29 
26-Apr-19, 15:07:30 
26-Apr-19, 15:07:34 
26-Apr-19, 15:07:35 
26-Apr-19, 15:07:40 
26-Apr-19, 15:07:44 
26-Apr-19, 15:07:45 
26-Apr-19, 15:07:49 
26-Apr-19, 15:07:50 
26-Apr-19, 15:07:54 
26-Apr-19, 15:07:55 
26-Apr-19, 15:07:59 
26-Apr-19, 15:08:00 
26-Apr-19, 15:08:04 
26-Apr-19, 15:08:05 
26-Apr-19, 15:08:09 
26-Apr-19, 15:08:10 
26-Apr-19, 15:08:19 
26-Apr-19, 15:08:20 
26-Apr-19, 15:08:24 
26-Apr-19, 15:08:25 
26-Apr-19, 15:08:29 
26-Apr-19, 15:08:30 
26-Apr-19, 15:08:34 
26-Apr-19, 15:08:35 
26-Apr-19, 15:08:39 
26-Apr-19, 15:08:40 
26-Apr-19, 15:08:44 
26-Apr-19, 15:08:45 
26-Apr-19, 15:08:49 
26-Apr-19, 15:08:50 
26-Apr-19, 15:08:54 
26-Apr-19, 15:08:55 
26-Apr-19, 15:08:59 
26-Apr-19, 15:09:00 
26-Apr-19, 15:09:04 
26-Apr-19, 15:09:05 
26-Apr-19, 15:09:09 
26-Apr-19, 15:09:10 
26-Apr-19, 15:09:14 
26-Apr-19, 15:09:20 
26-Apr-19, 15:09:24 
26-Apr-19, 15:09:25 
26-Apr-19, 15:09:29 
26-Apr-19, 15:09:30 
26-Apr-19, 15:09:34 
26-Apr-19, 15:09:35 
26-Apr-19, 15:09:39 
26-Apr-19, 15:09:40 
26-Apr-19, 15:09:44 
26-Apr-19, 15:09:45 
26-Apr-19, 15:09:49 
26-Apr-19, 15:09:50 
26-Apr-19, 15:09:54 
26-Apr-19, 15:09:59 
26-Apr-19, 15:10:00 
26-Apr-19, 15:10:04 
26-Apr-19, 15:10:05 
26-Apr-19, 15:10:09 
26-Apr-19, 15:10:10 
26-Apr-19, 15:10:19 
26-Apr-19, 15:10:20 
26-Apr-19, 15:10:24 
26-Apr-19, 15:10:25 
26-Apr-19, 15:10:29 
26-Apr-19, 15:10:30 
26-Apr-19, 15:10:34 
26-Apr-19, 15:10:35 
26-Apr-19, 15:10:39 
26-Apr-19, 15:10:40 
26-Apr-19, 15:10:44 
26-Apr-19, 15:10:45 
26-Apr-19, 15:10:49 
26-Apr-19, 15:10:50 
26-Apr-19, 15:10:54 
26-Apr-19, 15:10:55 
26-Apr-19, 15:10:59 
26-Apr-19, 15:11:00 
26-Apr-19, 15:11:04 
26-Apr-19, 15:11:05 
26-Apr-19, 15:11:09 
26-Apr-19, 15:11:10 
26-Apr-19, 15:11:14 
26-Apr-19, 15:11:20 
26-Apr-19, 15:11:24 
26-Apr-19, 15:11:25 
26-Apr-19, 15:11:29 
26-Apr-19, 15:11:30 
26-Apr-19, 15:11:34 
26-Apr-19, 15:11:35 
26-Apr-19, 15:11:39 
26-Apr-19, 15:11:40 
26-Apr-19, 15:11:44 
26-Apr-19, 15:11:45 
26-Apr-19, 15:11:49 
26-Apr-19, 15:11:50 
26-Apr-19, 15:11:54 
26-Apr-19, 15:11:55 
26-Apr-19, 15:11:59 
26-Apr-19, 15:12:00 
26-Apr-19, 15:12:05 
26-Apr-19, 15:12:09 
26-Apr-19, 15:12:10 
26-Apr-19, 15:12:19 
26-Apr-19, 15:12:20 
26-Apr-19, 15:12:24 
26-Apr-19, 15:12:25 
26-Apr-19, 15:12:29 
26-Apr-19, 15:12:30 
26-Apr-19, 15:12:34 
26-Apr-19, 15:12:35 
26-Apr-19, 15:12:39 
26-Apr-19, 15:12:40 
26-Apr-19, 15:12:44 
26-Apr-19, 15:12:45 
26-Apr-19, 15:12:49 
26-Apr-19, 15:12:50 
26-Apr-19, 15:12:54 
26-Apr-19, 15:12:55 
26-Apr-19, 15:12:59 
26-Apr-19, 15:13:00 
26-Apr-19, 15:13:04 
26-Apr-19, 15:13:05 
26-Apr-19, 15:13:09 
26-Apr-19, 15:13:10 
26-Apr-19, 15:13:20 
26-Apr-19, 15:13:24 
26-Apr-19, 15:13:25 
26-Apr-19, 15:13:29 
26-Apr-19, 15:13:30 
26-Apr-19, 15:13:34 
26-Apr-19, 15:13:35 
26-Apr-19, 15:13:39 
26-Apr-19, 15:13:40 
26-Apr-19, 15:13:44 
26-Apr-19, 15:13:45 
26-Apr-19, 15:13:49 
26-Apr-19, 15:13:50 
26-Apr-19, 15:13:54 
26-Apr-19, 15:13:55 
26-Apr-19, 15:13:59 
26-Apr-19, 15:14:00 
26-Apr-19, 15:14:04 
26-Apr-19, 15:14:05 
26-Apr-19, 15:14:09 
26-Apr-19, 15:14:10 
26-Apr-19, 15:14:19 
26-Apr-19, 15:14:20 
26-Apr-19, 15:14:24 
26-Apr-19, 15:14:25 
26-Apr-19, 15:14:30 
26-Apr-19, 15:14:34 
26-Apr-19, 15:14:35 
26-Apr-19, 15:14:39 
26-Apr-19, 15:14:40 
26-Apr-19, 15:14:44 
26-Apr-19, 15:14:45 
26-Apr-19, 15:14:49 
26-Apr-19, 15:14:50 
26-Apr-19, 15:14:54 
26-Apr-19, 15:14:55 
26-Apr-19, 15:14:59 
26-Apr-19, 15:15:00 
26-Apr-19, 15:15:04 
26-Apr-19, 15:15:05 
26-Apr-19, 15:15:09 
26-Apr-19, 15:15:10 
26-Apr-19, 15:15:19 
26-Apr-19, 15:15:20 
26-Apr-19, 15:15:24 
26-Apr-19, 15:15:25 
26-Apr-19, 15:15:29 
26-Apr-19, 15:15:30 
26-Apr-19, 15:15:34 
26-Apr-19, 15:15:35 
26-Apr-19, 15:15:39 
26-Apr-19, 15:15:40 
26-Apr-19, 15:15:44 
26-Apr-19, 15:15:45 
26-Apr-19, 15:15:49 
26-Apr-19, 15:15:50 
26-Apr-19, 15:15:54 
26-Apr-19, 15:15:55 
26-Apr-19, 15:15:59 
26-Apr-19, 15:16:00 
26-Apr-19, 15:16:04 
26-Apr-19, 15:16:05 
26-Apr-19, 15:16:09 
26-Apr-19, 15:16:10 
26-Apr-19, 15:16:14 
26-Apr-19, 15:16:20 
26-Apr-19, 15:16:24 
26-Apr-19, 15:16:29 
26-Apr-19, 15:16:30 
26-Apr-19, 15:16:34 
26-Apr-19, 15:16:35 
26-Apr-19, 15:16:39 
26-Apr-19, 15:16:40 
26-Apr-19, 15:16:44 
26-Apr-19, 15:16:45 
26-Apr-19, 15:16:49 
26-Apr-19, 15:16:50 
26-Apr-19, 15:16:54 
26-Apr-19, 15:16:55 
26-Apr-19, 15:16:59 
26-Apr-19, 15:17:00 
26-Apr-19, 15:17:04 
26-Apr-19, 15:17:05 
26-Apr-19, 15:17:09 
26-Apr-19, 15:17:10 
26-Apr-19, 15:17:19 
26-Apr-19, 15:17:20 
26-Apr-19, 15:17:24 
26-Apr-19, 15:17:25 
26-Apr-19, 15:17:30 
26-Apr-19, 15:17:34 
26-Apr-19, 15:17:35 
26-Apr-19, 15:17:39 
26-Apr-19, 15:17:40 
26-Apr-19, 15:17:44 
26-Apr-19, 15:17:45 
26-Apr-19, 15:17:49 
26-Apr-19, 15:17:50 
26-Apr-19, 15:17:54 
26-Apr-19, 15:17:55 
26-Apr-19, 15:17:59 
26-Apr-19, 15:18:00 
26-Apr-19, 15:18:04 
26-Apr-19, 15:18:11 
26-Apr-19, 15:18:19 
26-Apr-19, 15:18:21 
26-Apr-19, 15:18:24 
26-Apr-19, 15:18:26 
26-Apr-19, 15:18:29 
26-Apr-19, 15:18:31 
26-Apr-19, 15:18:34 
26-Apr-19, 15:18:36 
26-Apr-19, 15:18:39 
26-Apr-19, 15:18:41 
26-Apr-19, 15:18:44 
26-Apr-19, 15:18:46 
26-Apr-19, 15:18:49 
26-Apr-19, 15:18:54 
26-Apr-19, 15:18:56 
26-Apr-19, 15:18:59 
26-Apr-19, 15:19:01 
26-Apr-19, 15:19:04 
26-Apr-19, 15:19:06 
26-Apr-19, 15:19:09 
26-Apr-19, 15:19:11 
26-Apr-19, 15:19:14 
26-Apr-19, 15:19:19 
26-Apr-19, 15:19:21 
26-Apr-19, 15:19:24 
26-Apr-19, 15:19:26 
26-Apr-19, 15:19:29 
26-Apr-19, 15:19:31 
26-Apr-19, 15:19:34 
26-Apr-19, 15:19:36 
26-Apr-19, 15:19:39 
26-Apr-19, 15:19:41 
26-Apr-19, 15:19:44 
26-Apr-19, 15:19:46 
26-Apr-19, 15:19:49 
26-Apr-19, 15:19:51 
26-Apr-19, 15:19:54 
26-Apr-19, 15:19:56 
26-Apr-19, 15:19:59 
26-Apr-19, 15:20:01 
26-Apr-19, 15:20:04 
26-Apr-19, 15:20:06 
26-Apr-19, 15:20:09 
26-Apr-19, 15:20:11 
26-Apr-19, 15:20:19 
26-Apr-19, 15:20:21 
26-Apr-19, 15:20:24 
26-Apr-19, 15:20:26 
26-Apr-19, 15:20:29 
26-Apr-19, 15:20:31 
26-Apr-19, 15:20:34 
26-Apr-19, 15:20:36 
26-Apr-19, 15:20:39 
26-Apr-19, 15:20:41 
26-Apr-19, 15:20:44 
26-Apr-19, 15:20:46 
26-Apr-19, 15:20:49 
26-Apr-19, 15:20:51 
26-Apr-19, 15:20:54 
26-Apr-19, 15:20:56 
26-Apr-19, 15:20:59 
26-Apr-19, 15:21:01 
26-Apr-19, 15:21:04 
26-Apr-19, 15:21:06 
26-Apr-19, 15:21:09 
26-Apr-19, 15:21:11 
26-Apr-19, 15:21:14 
26-Apr-19, 15:21:21 
26-Apr-19, 15:21:24 
26-Apr-19, 15:21:26 
26-Apr-19, 15:21:29 
26-Apr-19, 15:21:31 
26-Apr-19, 15:21:34 
26-Apr-19, 15:21:36 
26-Apr-19, 15:21:39 
26-Apr-19, 15:21:41 
26-Apr-19, 15:21:44 
26-Apr-19, 15:21:46 
26-Apr-19, 15:21:49 
26-Apr-19, 15:21:51 
26-Apr-19, 15:21:54 
26-Apr-19, 15:21:56 
26-Apr-19, 15:21:59 
26-Apr-19, 15:22:01 
26-Apr-19, 15:22:04 
26-Apr-19, 15:22:06 
26-Apr-19, 15:22:09 
26-Apr-19, 15:22:11 
26-Apr-19, 15:22:19 
26-Apr-19, 15:22:21 
26-Apr-19, 15:22:24 
26-Apr-19, 15:22:26 
26-Apr-19, 15:22:29 
26-Apr-19, 15:22:31 
26-Apr-19, 15:22:34 
26-Apr-19, 15:22:36 
26-Apr-19, 15:22:39 
26-Apr-19, 15:22:41 
26-Apr-19, 15:22:44 
26-Apr-19, 15:22:46 
26-Apr-19, 15:22:49 
26-Apr-19, 15:22:51 
26-Apr-19, 15:22:54 
26-Apr-19, 15:22:56 
26-Apr-19, 15:22:59 
26-Apr-19, 15:23:01 
26-Apr-19, 15:23:04 
26-Apr-19, 15:23:06 
26-Apr-19, 15:23:09 
26-Apr-19, 15:23:11 
26-Apr-19, 15:23:19 
26-Apr-19, 15:23:21 
26-Apr-19, 15:23:24 
26-Apr-19, 15:23:26 
26-Apr-19, 15:23:29 
26-Apr-19, 15:23:31 
26-Apr-19, 15:23:34 
26-Apr-19, 15:23:36 
26-Apr-19, 15:23:39 
26-Apr-19, 15:23:41 
26-Apr-19, 15:23:45 
26-Apr-19, 15:23:46 
26-Apr-19, 15:23:50 
26-Apr-19, 15:23:51 
26-Apr-19, 15:23:55 
26-Apr-19, 15:24:01 
26-Apr-19, 15:24:05 
26-Apr-19, 15:24:06 
26-Apr-19, 15:24:11 
26-Apr-19, 15:24:21 
26-Apr-19, 15:24:25 
26-Apr-19, 15:24:26 
26-Apr-19, 15:24:30 
26-Apr-19, 15:24:31 
26-Apr-19, 15:24:35 
26-Apr-19, 15:24:36 
26-Apr-19, 15:24:40 
26-Apr-19, 15:24:41 
26-Apr-19, 15:24:45 
26-Apr-19, 15:24:46 
26-Apr-19, 15:24:50 
26-Apr-19, 15:24:51 
26-Apr-19, 15:24:56 
26-Apr-19, 15:25:00 
26-Apr-19, 15:25:05 
26-Apr-19, 15:25:06 
26-Apr-19, 15:25:10 
26-Apr-19, 15:25:11 
26-Apr-19, 15:25:20 
26-Apr-19, 15:25:21 
26-Apr-19, 15:25:25 
26-Apr-19, 15:25:26 
26-Apr-19, 15:25:30 
26-Apr-19, 15:25:31 
26-Apr-19, 15:25:35 
26-Apr-19, 15:25:40 
26-Apr-19, 15:25:45 
26-Apr-19, 15:25:46 
26-Apr-19, 15:25:50 
26-Apr-19, 15:25:51 
26-Apr-19, 15:25:55 
26-Apr-19, 15:25:56 
26-Apr-19, 15:26:00 
26-Apr-19, 15:26:01 
26-Apr-19, 15:26:05 
26-Apr-19, 15:26:06 
26-Apr-19, 15:26:10 
26-Apr-19, 15:26:11 
26-Apr-19, 15:26:16 
26-Apr-19, 15:26:20 
26-Apr-19, 15:26:21 
26-Apr-19, 15:26:25 
26-Apr-19, 15:26:26 
26-Apr-19, 15:26:30 
26-Apr-19, 15:26:31 
26-Apr-19, 15:26:35 
26-Apr-19, 15:26:36 
26-Apr-19, 15:26:40 
26-Apr-19, 15:26:41 
26-Apr-19, 15:26:45 
26-Apr-19, 15:26:46 
26-Apr-19, 15:26:50 
26-Apr-19, 15:26:51 
26-Apr-19, 15:26:55 
26-Apr-19, 15:26:56 
26-Apr-19, 15:27:00 
26-Apr-19, 15:27:01 
26-Apr-19, 15:27:05 
26-Apr-19, 15:27:06 
26-Apr-19, 15:27:10 
26-Apr-19, 15:27:11 
26-Apr-19, 15:27:15 
26-Apr-19, 15:27:16 
26-Apr-19, 15:27:20 
26-Apr-19, 15:27:21 
26-Apr-19, 15:27:25 
26-Apr-19, 15:27:26 
26-Apr-19, 15:27:30 
26-Apr-19, 15:27:31 
26-Apr-19, 15:27:36 
26-Apr-19, 15:27:40 
26-Apr-19, 15:27:41 
26-Apr-19, 15:27:45 
26-Apr-19, 15:27:46 
26-Apr-19, 15:27:50 
26-Apr-19, 15:27:51 
26-Apr-19, 15:27:55 
26-Apr-19, 15:27:56 
26-Apr-19, 15:28:00 
26-Apr-19, 15:28:01 
26-Apr-19, 15:28:05 
26-Apr-19, 15:28:06 
26-Apr-19, 15:28:10 
26-Apr-19, 15:28:11 
26-Apr-19, 15:28:16 
26-Apr-19, 15:28:20 
26-Apr-19, 15:28:21 
26-Apr-19, 15:28:25 
26-Apr-19, 15:28:26 
26-Apr-19, 15:28:30 
26-Apr-19, 15:28:35 
26-Apr-19, 15:28:36 
26-Apr-19, 15:28:40 
26-Apr-19, 15:28:41 
26-Apr-19, 15:28:45 
26-Apr-19, 15:28:46 
26-Apr-19, 15:28:50 
26-Apr-19, 15:28:51 
26-Apr-19, 15:28:55 
26-Apr-19, 15:28:56 
26-Apr-19, 15:29:00 
26-Apr-19, 15:29:01 
26-Apr-19, 15:29:05 
26-Apr-19, 15:29:06 
26-Apr-19, 15:29:10 
26-Apr-19, 15:29:11 
26-Apr-19, 15:29:20 
26-Apr-19, 15:29:21 
26-Apr-19, 15:29:25 
26-Apr-19, 15:29:26 
26-Apr-19, 15:29:30 
26-Apr-19, 15:29:31 
26-Apr-19, 15:29:35 
26-Apr-19, 15:29:36 
26-Apr-19, 15:29:40 
26-Apr-19, 15:29:41 
26-Apr-19, 15:29:45 
26-Apr-19, 15:29:46 
26-Apr-19, 15:29:50 
26-Apr-19, 15:29:51 
26-Apr-19, 15:29:55 
26-Apr-19, 15:29:56 
26-Apr-19, 15:30:00 
26-Apr-19, 15:30:01 
26-Apr-19, 15:30:05 
26-Apr-19, 15:30:10 
26-Apr-19, 15:30:11 
26-Apr-19, 15:30:20 
26-Apr-19, 15:30:21 
26-Apr-19, 15:30:25 
26-Apr-19, 15:30:30 
26-Apr-19, 15:30:31 
26-Apr-19, 15:30:35 
26-Apr-19, 15:30:36 
26-Apr-19, 15:30:40 
26-Apr-19, 15:30:41 
26-Apr-19, 15:30:45 
26-Apr-19, 15:30:46 
26-Apr-19, 15:30:50 
26-Apr-19, 15:30:51 
26-Apr-19, 15:30:55 
26-Apr-19, 15:30:56 
26-Apr-19, 15:31:00 
26-Apr-19, 15:31:01 
26-Apr-19, 15:31:05 
26-Apr-19, 15:31:06 
26-Apr-19, 15:31:10 
26-Apr-19, 15:31:11 
26-Apr-19, 15:31:16 
26-Apr-19, 15:31:20 
26-Apr-19, 15:31:21 
26-Apr-19, 15:31:26 
26-Apr-19, 15:31:30 
26-Apr-19, 15:31:31 
26-Apr-19, 15:31:35 
26-Apr-19, 15:31:36 
26-Apr-19, 15:31:40 
26-Apr-19, 15:31:41 
26-Apr-19, 15:31:46 
26-Apr-19, 15:31:50 
26-Apr-19, 15:31:51 
26-Apr-19, 15:31:55 
26-Apr-19, 15:31:56 
26-Apr-19, 15:32:00 
26-Apr-19, 15:32:01 
26-Apr-19, 15:32:05 
26-Apr-19, 15:32:06 
26-Apr-19, 15:32:10 
26-Apr-19, 15:32:11 
26-Apr-19, 15:32:16 
26-Apr-19, 15:32:20 
26-Apr-19, 15:32:21 
26-Apr-19, 15:32:25 
26-Apr-19, 15:32:26 
26-Apr-19, 15:32:30 
26-Apr-19, 15:32:31 
26-Apr-19, 15:32:35 
26-Apr-19, 15:32:36 
26-Apr-19, 15:32:40 
26-Apr-19, 15:32:41 
26-Apr-19, 15:32:45 
26-Apr-19, 15:32:46 
26-Apr-19, 15:32:50 
26-Apr-19, 15:32:51 
26-Apr-19, 15:32:55 
26-Apr-19, 15:32:56 
26-Apr-19, 15:33:00 
26-Apr-19, 15:33:01 
26-Apr-19, 15:33:05 
26-Apr-19, 15:33:06 
26-Apr-19, 15:33:10 
26-Apr-19, 15:33:16 
26-Apr-19, 15:33:20 
26-Apr-19, 15:33:21 
26-Apr-19, 15:33:25 
26-Apr-19, 15:33:26 
26-Apr-19, 15:33:30 
26-Apr-19, 15:33:31 
26-Apr-19, 15:33:35 
26-Apr-19, 15:33:36 
26-Apr-19, 15:33:40 
26-Apr-19, 15:33:41 
26-Apr-19, 15:33:45 
26-Apr-19, 15:33:46 
26-Apr-19, 15:33:50 
26-Apr-19, 15:33:51 
26-Apr-19, 15:33:55 
26-Apr-19, 15:33:56 
26-Apr-19, 15:34:00 
26-Apr-19, 15:34:01 
26-Apr-19, 15:34:05 
26-Apr-19, 15:34:06 
26-Apr-19, 15:34:10 
26-Apr-19, 15:34:11 
26-Apr-19, 15:34:20 
26-Apr-19, 15:34:21 
26-Apr-19, 15:34:25 
26-Apr-19, 15:34:26 
26-Apr-19, 15:34:30 
26-Apr-19, 15:34:31 
26-Apr-19, 15:34:35 
26-Apr-19, 15:34:36 
26-Apr-19, 15:34:40 
26-Apr-19, 15:34:41 
26-Apr-19, 15:34:45 
26-Apr-19, 15:34:46 
26-Apr-19, 15:34:50 
26-Apr-19, 15:34:51 
26-Apr-19, 15:34:55 
26-Apr-19, 15:34:56 
26-Apr-19, 15:35:00 
26-Apr-19, 15:35:01 
26-Apr-19, 15:35:05 
26-Apr-19, 15:35:06 
26-Apr-19, 15:35:10 
26-Apr-19, 15:35:11 
26-Apr-19, 15:35:20 
26-Apr-19, 15:35:21 
26-Apr-19, 15:35:25 
26-Apr-19, 15:35:26 
26-Apr-19, 15:35:30 
26-Apr-19, 15:35:31 
26-Apr-19, 15:35:35 
26-Apr-19, 15:35:36 
26-Apr-19, 15:35:40 
26-Apr-19, 15:35:41 
26-Apr-19, 15:35:45 
26-Apr-19, 15:35:46 
26-Apr-19, 15:35:50 
26-Apr-19, 15:35:51 
26-Apr-19, 15:35:55 
26-Apr-19, 15:35:56 
26-Apr-19, 15:36:00 
26-Apr-19, 15:36:01 
26-Apr-19, 15:36:05 
26-Apr-19, 15:36:06 
26-Apr-19, 15:36:10 
26-Apr-19, 15:36:11 
26-Apr-19, 15:36:20 
26-Apr-19, 15:36:21 
26-Apr-19, 15:36:26 
26-Apr-19, 15:36:31 
26-Apr-19, 15:36:35 
26-Apr-19, 15:36:36 
26-Apr-19, 15:36:40 
26-Apr-19, 15:36:41 
26-Apr-19, 15:36:45 
26-Apr-19, 15:36:46 
26-Apr-19, 15:36:50 
26-Apr-19, 15:36:51 
26-Apr-19, 15:36:55 
26-Apr-19, 15:36:56 
26-Apr-19, 15:37:00 
26-Apr-19, 15:37:01 
26-Apr-19, 15:37:05 
26-Apr-19, 15:37:06 
26-Apr-19, 15:37:10 
26-Apr-19, 15:37:11 
26-Apr-19, 15:37:20 
26-Apr-19, 15:37:21 
26-Apr-19, 15:37:25 
26-Apr-19, 15:37:26 
26-Apr-19, 15:37:30 
26-Apr-19, 15:37:31 
26-Apr-19, 15:37:35 
26-Apr-19, 15:37:36 
26-Apr-19, 15:37:40 
26-Apr-19, 15:37:41 
26-Apr-19, 15:37:45 
26-Apr-19, 15:37:46 
26-Apr-19, 15:37:50 
26-Apr-19, 15:37:51 
26-Apr-19, 15:37:55 
26-Apr-19, 15:37:56 
26-Apr-19, 15:38:00 
26-Apr-19, 15:38:01 
26-Apr-19, 15:38:05 
26-Apr-19, 15:38:10 
26-Apr-19, 15:38:11 
26-Apr-19, 15:38:16 
26-Apr-19, 15:38:20 
26-Apr-19, 15:38:21 
26-Apr-19, 15:38:25 
26-Apr-19, 15:38:26 
26-Apr-19, 15:38:30 
26-Apr-19, 15:38:31 
26-Apr-19, 15:38:35 
26-Apr-19, 15:38:36 
26-Apr-19, 15:38:40 
26-Apr-19, 15:38:41 
26-Apr-19, 15:38:45 
26-Apr-19, 15:38:46 
26-Apr-19, 15:38:50 
26-Apr-19, 15:38:51 
26-Apr-19, 15:38:55 
26-Apr-19, 15:38:56 
26-Apr-19, 15:39:00 
26-Apr-19, 15:39:01 
26-Apr-19, 15:39:05 
26-Apr-19, 15:39:06 
26-Apr-19, 15:39:10 
26-Apr-19, 15:39:11 
26-Apr-19, 15:39:20 
26-Apr-19, 15:39:21 
26-Apr-19, 15:39:25 
26-Apr-19, 15:39:26 
26-Apr-19, 15:39:30 
26-Apr-19, 15:39:31 
26-Apr-19, 15:39:35 
26-Apr-19, 15:39:36 
26-Apr-19, 15:39:40 
26-Apr-19, 15:39:41 
26-Apr-19, 15:39:45 
26-Apr-19, 15:39:46 
26-Apr-19, 15:39:50 
26-Apr-19, 15:39:51 
26-Apr-19, 15:39:55 
26-Apr-19, 15:39:56 
26-Apr-19, 15:40:00 
26-Apr-19, 15:40:01 
26-Apr-19, 15:40:06 
26-Apr-19, 15:40:10 
26-Apr-19, 15:40:11 
26-Apr-19, 15:40:16 
26-Apr-19, 15:40:20 
26-Apr-19, 15:40:21 
26-Apr-19, 15:40:26 
26-Apr-19, 15:40:30 
26-Apr-19, 15:40:31 
26-Apr-19, 15:40:35 
26-Apr-19, 15:40:36 
26-Apr-19, 15:40:40 
26-Apr-19, 15:40:41 
26-Apr-19, 15:40:45 
26-Apr-19, 15:40:46 
26-Apr-19, 15:40:50 
26-Apr-19, 15:40:51 
26-Apr-19, 15:40:55 
26-Apr-19, 15:40:56 
26-Apr-19, 15:41:00 
26-Apr-19, 15:41:01 
26-Apr-19, 15:41:05 
26-Apr-19, 15:41:06 
26-Apr-19, 15:41:10 
26-Apr-19, 15:41:11 
26-Apr-19, 15:41:16 
26-Apr-19, 15:41:20 
26-Apr-19, 15:41:21 
26-Apr-19, 15:41:25 
26-Apr-19, 15:41:26 
26-Apr-19, 15:41:30 
26-Apr-19, 15:41:31 
26-Apr-19, 15:41:35 
26-Apr-19, 15:41:36 
26-Apr-19, 15:41:40 
26-Apr-19, 15:41:41 
26-Apr-19, 15:41:45 
26-Apr-19, 15:41:46 
26-Apr-19, 15:41:50 
26-Apr-19, 15:41:51 
26-Apr-19, 15:41:55 
26-Apr-19, 15:41:56 
26-Apr-19, 15:42:00 
26-Apr-19, 15:42:01 
26-Apr-19, 15:42:05 
26-Apr-19, 15:42:06 
26-Apr-19, 15:42:10 
26-Apr-19, 15:42:11 
26-Apr-19, 15:42:20 
26-Apr-19, 15:42:21 
26-Apr-19, 15:42:25 
26-Apr-19, 15:42:26 
26-Apr-19, 15:42:30 
26-Apr-19, 15:42:31 
26-Apr-19, 15:42:35 
26-Apr-19, 15:42:36 
26-Apr-19, 15:42:40 
26-Apr-19, 15:42:41 
26-Apr-19, 15:42:45 
26-Apr-19, 15:42:46 
26-Apr-19, 15:42:50 
26-Apr-19, 15:42:51 
26-Apr-19, 15:42:55 
26-Apr-19, 15:42:56 
26-Apr-19, 15:43:00 
26-Apr-19, 15:43:01 
26-Apr-19, 15:43:05 
26-Apr-19, 15:43:06 
26-Apr-19, 15:43:10 
26-Apr-19, 15:43:11 
26-Apr-19, 15:43:15 
26-Apr-19, 15:43:20 
26-Apr-19, 15:43:21 
26-Apr-19, 15:43:25 
26-Apr-19, 15:43:26 
26-Apr-19, 15:43:31 
26-Apr-19, 15:43:35 
26-Apr-19, 15:43:36 
26-Apr-19, 15:43:40 
26-Apr-19, 15:43:41 
26-Apr-19, 15:43:45 
26-Apr-19, 15:43:46 
26-Apr-19, 15:43:50 
26-Apr-19, 15:43:51 
26-Apr-19, 15:43:55 
26-Apr-19, 15:43:56 
26-Apr-19, 15:44:00 
26-Apr-19, 15:44:01 
26-Apr-19, 15:44:05 
26-Apr-19, 15:44:06 
26-Apr-19, 15:44:10 
26-Apr-19, 15:44:11 
26-Apr-19, 15:44:16 
26-Apr-19, 15:44:20 
26-Apr-19, 15:44:21 
26-Apr-19, 15:44:25 
26-Apr-19, 15:44:26 
26-Apr-19, 15:44:30 
26-Apr-19, 15:44:31 
26-Apr-19, 15:44:35 
26-Apr-19, 15:44:36 
26-Apr-19, 15:44:40 
26-Apr-19, 15:44:41 
26-Apr-19, 15:44:45 
26-Apr-19, 15:44:46 
26-Apr-19, 15:44:50 
26-Apr-19, 15:44:51 
26-Apr-19, 15:44:55 
26-Apr-19, 15:44:56 
26-Apr-19, 15:45:00 
26-Apr-19, 15:45:05 
26-Apr-19, 15:45:06 
26-Apr-19, 15:45:10 
26-Apr-19, 15:45:11 
26-Apr-19, 15:45:20 
26-Apr-19, 15:45:21 
26-Apr-19, 15:45:25 
26-Apr-19, 15:45:26 
26-Apr-19, 15:45:30 
26-Apr-19, 15:45:31 
26-Apr-19, 15:45:36 
26-Apr-19, 15:45:40 
26-Apr-19, 15:45:41 
26-Apr-19, 15:45:45 
26-Apr-19, 15:45:46 
26-Apr-19, 15:45:50 
26-Apr-19, 15:45:51 
26-Apr-19, 15:45:55 
26-Apr-19, 15:45:56 
26-Apr-19, 15:46:00 
26-Apr-19, 15:46:01 
26-Apr-19, 15:46:05 
26-Apr-19, 15:46:06 
26-Apr-19, 15:46:10 
26-Apr-19, 15:46:11 
26-Apr-19, 15:46:21 
26-Apr-19, 15:46:25 
26-Apr-19, 15:46:26 
26-Apr-19, 15:46:30 
26-Apr-19, 15:46:31 
26-Apr-19, 15:46:35 
26-Apr-19, 15:46:36 
26-Apr-19, 15:46:40 
26-Apr-19, 15:46:41 
26-Apr-19, 15:46:45 
26-Apr-19, 15:46:46 
26-Apr-19, 15:46:50 
26-Apr-19, 15:46:51 
26-Apr-19, 15:46:55 
26-Apr-19, 15:46:56 
26-Apr-19, 15:47:00 
26-Apr-19, 15:47:01 
26-Apr-19, 15:47:05 
26-Apr-19, 15:47:06 
26-Apr-19, 15:47:10 
26-Apr-19, 15:47:11 
26-Apr-19, 15:47:20 
26-Apr-19, 15:47:25 
26-Apr-19, 15:47:26 
26-Apr-19, 15:47:30 
26-Apr-19, 15:47:31 
26-Apr-19, 15:47:35 
26-Apr-19, 15:47:36 
26-Apr-19, 15:47:40 
26-Apr-19, 15:47:41 
26-Apr-19, 15:47:45 
26-Apr-19, 15:47:46 
26-Apr-19, 15:47:50 
26-Apr-19, 15:47:51 
26-Apr-19, 15:47:55 
26-Apr-19, 15:47:56 
26-Apr-19, 15:48:00 
26-Apr-19, 15:48:01 
26-Apr-19, 15:48:05 
26-Apr-19, 15:48:06 
26-Apr-19, 15:48:10 
26-Apr-19, 15:48:11 
26-Apr-19, 15:48:20 
26-Apr-19, 15:48:21 
26-Apr-19, 15:48:25 
26-Apr-19, 15:48:26 
26-Apr-19, 15:48:30 
26-Apr-19, 15:48:31 
26-Apr-19, 15:48:35 
26-Apr-19, 15:48:36 
26-Apr-19, 15:48:40 
26-Apr-19, 15:48:41 
26-Apr-19, 15:48:45 
26-Apr-19, 15:48:46 
26-Apr-19, 15:48:50 
26-Apr-19, 15:48:51 
26-Apr-19, 15:48:55 
26-Apr-19, 15:48:56 
26-Apr-19, 15:49:00 
26-Apr-19, 15:49:01 
26-Apr-19, 15:49:06 
26-Apr-19, 15:49:10 
26-Apr-19, 15:49:11 
26-Apr-19, 15:49:20 
26-Apr-19, 15:49:21 
26-Apr-19, 15:49:25 
26-Apr-19, 15:49:31 
26-Apr-19, 15:49:35 
26-Apr-19, 15:49:36 
26-Apr-19, 15:49:40 
26-Apr-19, 15:49:46 
26-Apr-19, 15:49:50 
26-Apr-19, 15:49:51 
26-Apr-19, 15:49:55 
26-Apr-19, 15:49:56 
26-Apr-19, 15:50:00 
26-Apr-19, 15:50:01 
26-Apr-19, 15:50:05 
26-Apr-19, 15:50:06 
26-Apr-19, 15:50:10 
26-Apr-19, 15:50:11 
26-Apr-19, 15:50:16 
26-Apr-19, 15:50:20 
26-Apr-19, 15:50:21 
26-Apr-19, 15:50:25 
26-Apr-19, 15:50:26 
26-Apr-19, 15:50:30 
26-Apr-19, 15:50:31 
26-Apr-19, 15:50:35 
26-Apr-19, 15:50:36 
26-Apr-19, 15:50:40 
26-Apr-19, 15:50:41 
26-Apr-19, 15:50:45 
26-Apr-19, 15:50:46 
26-Apr-19, 15:50:50 
26-Apr-19, 15:50:51 
26-Apr-19, 15:50:55 
26-Apr-19, 15:50:56 
26-Apr-19, 15:51:00 
26-Apr-19, 15:51:01 
26-Apr-19, 15:51:05 
26-Apr-19, 15:51:06 
26-Apr-19, 15:51:10 
26-Apr-19, 15:51:11 
26-Apr-19, 15:51:16 
26-Apr-19, 15:51:21 
26-Apr-19, 15:51:25 
26-Apr-19, 15:51:26 
26-Apr-19, 15:51:30 
26-Apr-19, 15:51:31 
26-Apr-19, 15:51:35 
26-Apr-19, 15:51:36 
26-Apr-19, 15:51:40 
26-Apr-19, 15:51:41 
26-Apr-19, 15:51:45 
26-Apr-19, 15:51:46 
26-Apr-19, 15:51:50 
26-Apr-19, 15:51:51 
26-Apr-19, 15:51:55 
26-Apr-19, 15:51:56 
26-Apr-19, 15:52:00 
26-Apr-19, 15:52:01 
26-Apr-19, 15:52:05 
26-Apr-19, 15:52:06 
26-Apr-19, 15:52:10 
26-Apr-19, 15:52:11 
26-Apr-19, 15:52:17 
26-Apr-19, 15:52:20 
26-Apr-19, 15:52:22 
26-Apr-19, 15:52:25 
26-Apr-19, 15:52:27 
26-Apr-19, 15:52:30 
26-Apr-19, 15:52:32 
26-Apr-19, 15:52:35 
26-Apr-19, 15:52:37 
26-Apr-19, 15:52:40 
26-Apr-19, 15:52:42 
26-Apr-19, 15:52:45 
26-Apr-19, 15:52:47 
26-Apr-19, 15:52:50 
26-Apr-19, 15:52:52 
26-Apr-19, 15:52:55 
26-Apr-19, 15:52:57 
26-Apr-19, 15:53:00 
26-Apr-19, 15:53:02 
26-Apr-19, 15:53:05 
26-Apr-19, 15:53:07 
26-Apr-19, 15:53:10 
26-Apr-19, 15:53:20 
26-Apr-19, 15:53:22 
26-Apr-19, 15:53:25 
26-Apr-19, 15:53:27 
26-Apr-19, 15:53:30 
26-Apr-19, 15:53:32 
26-Apr-19, 15:53:35 
26-Apr-19, 15:53:37 
26-Apr-19, 15:53:40 
26-Apr-19, 15:53:42 
26-Apr-19, 15:53:45 
26-Apr-19, 15:53:47 
26-Apr-19, 15:53:50 
26-Apr-19, 15:53:52 
26-Apr-19, 15:53:55 
26-Apr-19, 15:53:57 
26-Apr-19, 15:54:00 
26-Apr-19, 15:54:02 
26-Apr-19, 15:54:05 
26-Apr-19, 15:54:07 
26-Apr-19, 15:54:10 
26-Apr-19, 15:54:20 
26-Apr-19, 15:54:22 
26-Apr-19, 15:54:25 
26-Apr-19, 15:54:27 
26-Apr-19, 15:54:30 
26-Apr-19, 15:54:32 
26-Apr-19, 15:54:35 
26-Apr-19, 15:54:37 
26-Apr-19, 15:54:40 
26-Apr-19, 15:54:42 
26-Apr-19, 15:54:45 
26-Apr-19, 15:54:47 
26-Apr-19, 15:54:50 
26-Apr-19, 15:54:52 
26-Apr-19, 15:54:55 
26-Apr-19, 15:54:57 
26-Apr-19, 15:55:00 
26-Apr-19, 15:55:02 
26-Apr-19, 15:55:05 
26-Apr-19, 15:55:07 
26-Apr-19, 15:55:10 
26-Apr-19, 15:55:17 
26-Apr-19, 15:55:20 
26-Apr-19, 15:55:22 
26-Apr-19, 15:55:25 
26-Apr-19, 15:55:27 
26-Apr-19, 15:55:30 
26-Apr-19, 15:55:32 
26-Apr-19, 15:55:35 
26-Apr-19, 15:55:37 
26-Apr-19, 15:55:40 
26-Apr-19, 15:55:42 
26-Apr-19, 15:55:45 
26-Apr-19, 15:55:47 
26-Apr-19, 15:55:50 
26-Apr-19, 15:55:52 
26-Apr-19, 15:55:57 
26-Apr-19, 15:56:00 
26-Apr-19, 15:56:02 
26-Apr-19, 15:56:05 
26-Apr-19, 15:56:07 
26-Apr-19, 15:56:10 
26-Apr-19, 15:56:17 
26-Apr-19, 15:56:20 
26-Apr-19, 15:56:22 
26-Apr-19, 15:56:25 
26-Apr-19, 15:56:27 
26-Apr-19, 15:56:30 
26-Apr-19, 15:56:32 
26-Apr-19, 15:56:35 
26-Apr-19, 15:56:37 
26-Apr-19, 15:56:40 
26-Apr-19, 15:56:42 
26-Apr-19, 15:56:45 
26-Apr-19, 15:56:47 
26-Apr-19, 15:56:50 
26-Apr-19, 15:56:52 
26-Apr-19, 15:56:55 
26-Apr-19, 15:56:57 
26-Apr-19, 15:57:00 
26-Apr-19, 15:57:02 
26-Apr-19, 15:57:05 
26-Apr-19, 15:57:07 
26-Apr-19, 15:57:11 
26-Apr-19, 15:57:17 
26-Apr-19, 15:57:21 
26-Apr-19, 15:57:22 
26-Apr-19, 15:57:26 
26-Apr-19, 15:57:27 
26-Apr-19, 15:57:31 
26-Apr-19, 15:57:32 
26-Apr-19, 15:57:36 
26-Apr-19, 15:57:37 
26-Apr-19, 15:57:41 
26-Apr-19, 15:57:42 
26-Apr-19, 15:57:46 
26-Apr-19, 15:57:47 
26-Apr-19, 15:57:51 
26-Apr-19, 15:57:52 
26-Apr-19, 15:57:56 
26-Apr-19, 15:57:57 
26-Apr-19, 15:58:01 
26-Apr-19, 15:58:02 
26-Apr-19, 15:58:06 
26-Apr-19, 15:58:07 
26-Apr-19, 15:58:11 
26-Apr-19, 15:58:21 
26-Apr-19, 15:58:22 
26-Apr-19, 15:58:26 
26-Apr-19, 15:58:27 
26-Apr-19, 15:58:31 
26-Apr-19, 15:58:32 
26-Apr-19, 15:58:36 
26-Apr-19, 15:58:37 
26-Apr-19, 15:58:41 
26-Apr-19, 15:58:46 
26-Apr-19, 15:58:47 
26-Apr-19, 15:58:51 
26-Apr-19, 15:58:52 
26-Apr-19, 15:58:56 
26-Apr-19, 15:59:01 
26-Apr-19, 15:59:02 
26-Apr-19, 15:59:06 
26-Apr-19, 15:59:07 
26-Apr-19, 15:59:11 
26-Apr-19, 15:59:16 
26-Apr-19, 15:59:21 
26-Apr-19, 15:59:22 
26-Apr-19, 15:59:26 
26-Apr-19, 15:59:27 
26-Apr-19, 15:59:31 
26-Apr-19, 15:59:32 
26-Apr-19, 15:59:36 
26-Apr-19, 15:59:37 
26-Apr-19, 15:59:41 
26-Apr-19, 15:59:42 
26-Apr-19, 15:59:46 
26-Apr-19, 15:59:47 
26-Apr-19, 15:59:51 
26-Apr-19, 15:59:52 
26-Apr-19, 15:59:56 
26-Apr-19, 15:59:57 
26-Apr-19, 16:00:01 
26-Apr-19, 16:00:02 
26-Apr-19, 16:00:06 
26-Apr-19, 16:00:07 
26-Apr-19, 16:00:11 
26-Apr-19, 16:00:17 
26-Apr-19, 16:00:21 
26-Apr-19, 16:00:22 
26-Apr-19, 16:00:26 
26-Apr-19, 16:00:27 
26-Apr-19, 16:00:31 
26-Apr-19, 16:00:32 
26-Apr-19, 16:00:36 
26-Apr-19, 16:00:37 
26-Apr-19, 16:00:42 
26-Apr-19, 16:00:46 
26-Apr-19, 16:00:47 
26-Apr-19, 16:00:51 
26-Apr-19, 16:00:52 
26-Apr-19, 16:00:56 
26-Apr-19, 16:00:57 
26-Apr-19, 16:01:01 
26-Apr-19, 16:01:02 
26-Apr-19, 16:01:06 
26-Apr-19, 16:01:11 
26-Apr-19, 16:01:16 
26-Apr-19, 16:01:21 
26-Apr-19, 16:01:22 
26-Apr-19, 16:01:26 
26-Apr-19, 16:01:27 
26-Apr-19, 16:01:31 
26-Apr-19, 16:01:32 
26-Apr-19, 16:01:36 
26-Apr-19, 16:01:37 
26-Apr-19, 16:01:41 
26-Apr-19, 16:01:42 
26-Apr-19, 16:01:46 
26-Apr-19, 16:01:51 
26-Apr-19, 16:01:52 
26-Apr-19, 16:01:56 
26-Apr-19, 16:01:57 
26-Apr-19, 16:02:01 
26-Apr-19, 16:02:02 
26-Apr-19, 16:02:06 
26-Apr-19, 16:02:07 
26-Apr-19, 16:02:11 
26-Apr-19, 16:02:17 
26-Apr-19, 16:02:21 
26-Apr-19, 16:02:22 
26-Apr-19, 16:02:26 
26-Apr-19, 16:02:27 
26-Apr-19, 16:02:31 
26-Apr-19, 16:02:32 
26-Apr-19, 16:02:36 
26-Apr-19, 16:02:37 
26-Apr-19, 16:02:41 
26-Apr-19, 16:02:42 
26-Apr-19, 16:02:46 
26-Apr-19, 16:02:47 
26-Apr-19, 16:02:51 
26-Apr-19, 16:02:52 
26-Apr-19, 16:02:56 
26-Apr-19, 16:02:57 
26-Apr-19, 16:03:01 
26-Apr-19, 16:03:02 
26-Apr-19, 16:03:06 
26-Apr-19, 16:03:07 
26-Apr-19, 16:03:11 
26-Apr-19, 16:03:16 
26-Apr-19, 16:03:17 
26-Apr-19, 16:03:21 
26-Apr-19, 16:03:22 
26-Apr-19, 16:03:26 
26-Apr-19, 16:03:27 
26-Apr-19, 16:03:31 
26-Apr-19, 16:03:32 
26-Apr-19, 16:03:36 
26-Apr-19, 16:03:37 
26-Apr-19, 16:03:41 
26-Apr-19, 16:03:42 
26-Apr-19, 16:03:46 
26-Apr-19, 16:03:47 
26-Apr-19, 16:03:51 
26-Apr-19, 16:03:52 
26-Apr-19, 16:03:56 
26-Apr-19, 16:03:57 
26-Apr-19, 16:04:01 
26-Apr-19, 16:04:02 
26-Apr-19, 16:04:06 
26-Apr-19, 16:04:07 
26-Apr-19, 16:04:11 
26-Apr-19, 16:04:17 
26-Apr-19, 16:04:21 
26-Apr-19, 16:04:22 
26-Apr-19, 16:04:26 
26-Apr-19, 16:04:27 
26-Apr-19, 16:04:31 
26-Apr-19, 16:04:32 
26-Apr-19, 16:04:36 
26-Apr-19, 16:04:41 
26-Apr-19, 16:04:42 
26-Apr-19, 16:04:46 
26-Apr-19, 16:04:47 
26-Apr-19, 16:04:51 
26-Apr-19, 16:04:52 
26-Apr-19, 16:04:56 
26-Apr-19, 16:04:57 
26-Apr-19, 16:05:01 
26-Apr-19, 16:05:02 
26-Apr-19, 16:05:07 
26-Apr-19, 16:05:11 
26-Apr-19, 16:05:16 
26-Apr-19, 16:05:21 
26-Apr-19, 16:05:22 
26-Apr-19, 16:05:26 
26-Apr-19, 16:05:27 
26-Apr-19, 16:05:31 
26-Apr-19, 16:05:32 
26-Apr-19, 16:05:36 
26-Apr-19, 16:05:37 
26-Apr-19, 16:05:41 
26-Apr-19, 16:05:42 
26-Apr-19, 16:05:46 
26-Apr-19, 16:05:47 
26-Apr-19, 16:05:51 
26-Apr-19, 16:05:52 
26-Apr-19, 16:05:56 
26-Apr-19, 16:05:57 
26-Apr-19, 16:06:01 
26-Apr-19, 16:06:02 
26-Apr-19, 16:06:06 
26-Apr-19, 16:06:07 
26-Apr-19, 16:06:22 
26-Apr-19, 16:06:26 
26-Apr-19, 16:06:27 
26-Apr-19, 16:06:31 
26-Apr-19, 16:06:32 
26-Apr-19, 16:06:36 
26-Apr-19, 16:06:37 
26-Apr-19, 16:06:41 
26-Apr-19, 16:06:42 
26-Apr-19, 16:06:46 
26-Apr-19, 16:06:47 
26-Apr-19, 16:06:51 
26-Apr-19, 16:06:52 
26-Apr-19, 16:06:56 
26-Apr-19, 16:06:57 
26-Apr-19, 16:07:01 
26-Apr-19, 16:07:02 
26-Apr-19, 16:07:06 
26-Apr-19, 16:07:07 
26-Apr-19, 16:07:11 
26-Apr-19, 16:07:16 
26-Apr-19, 16:07:17 
26-Apr-19, 16:07:21 
26-Apr-19, 16:07:22 
26-Apr-19, 16:07:26 
26-Apr-19, 16:07:27 
26-Apr-19, 16:07:31 
26-Apr-19, 16:07:32 
26-Apr-19, 16:07:36 
26-Apr-19, 16:07:37 
26-Apr-19, 16:07:41 
26-Apr-19, 16:07:42 
26-Apr-19, 16:07:46 
26-Apr-19, 16:07:47 
26-Apr-19, 16:07:56 
26-Apr-19, 16:07:57 
26-Apr-19, 16:08:01 
26-Apr-19, 16:08:02 
26-Apr-19, 16:08:06 
26-Apr-19, 16:08:07 
26-Apr-19, 16:08:11 
26-Apr-19, 16:08:21 
26-Apr-19, 16:08:22 
26-Apr-19, 16:08:26 
26-Apr-19, 16:08:27 
26-Apr-19, 16:08:31 
26-Apr-19, 16:08:32 
26-Apr-19, 16:08:36 
26-Apr-19, 16:08:37 
26-Apr-19, 16:08:41 
26-Apr-19, 16:08:42 
26-Apr-19, 16:08:46 
26-Apr-19, 16:08:47 
26-Apr-19, 16:08:51 
26-Apr-19, 16:08:52 
26-Apr-19, 16:08:56 
26-Apr-19, 16:08:57 
26-Apr-19, 16:09:01 
26-Apr-19, 16:09:02 
26-Apr-19, 16:09:06 
26-Apr-19, 16:09:07 
26-Apr-19, 16:09:11 
26-Apr-19, 16:09:17 
26-Apr-19, 16:09:21 
26-Apr-19, 16:09:22 
26-Apr-19, 16:09:26 
26-Apr-19, 16:09:27 
26-Apr-19, 16:09:31 
26-Apr-19, 16:09:32 
26-Apr-19, 16:09:36 
26-Apr-19, 16:09:37 
26-Apr-19, 16:09:41 
26-Apr-19, 16:09:42 
26-Apr-19, 16:09:46 
26-Apr-19, 16:09:47 
26-Apr-19, 16:09:51 
26-Apr-19, 16:09:56 
26-Apr-19, 16:09:57 
26-Apr-19, 16:10:01 
26-Apr-19, 16:10:02 
26-Apr-19, 16:10:06 
26-Apr-19, 16:10:07 
26-Apr-19, 16:10:11 
26-Apr-19, 16:10:17 
26-Apr-19, 16:10:21 
26-Apr-19, 16:10:22 
26-Apr-19, 16:10:26 
26-Apr-19, 16:10:27 
26-Apr-19, 16:10:31 
26-Apr-19, 16:10:32 
26-Apr-19, 16:10:36 
26-Apr-19, 16:10:37 
26-Apr-19, 16:10:41 
26-Apr-19, 16:10:42 
26-Apr-19, 16:10:46 
26-Apr-19, 16:10:47 
26-Apr-19, 16:10:51 
26-Apr-19, 16:10:52 
26-Apr-19, 16:10:56 
26-Apr-19, 16:10:57 
26-Apr-19, 16:11:01 
26-Apr-19, 16:11:02 
26-Apr-19, 16:11:06 
26-Apr-19, 16:11:07 
26-Apr-19, 16:11:11 
26-Apr-19, 16:11:16 
26-Apr-19, 16:11:22 
26-Apr-19, 16:11:26 
26-Apr-19, 16:11:27 
26-Apr-19, 16:11:31 
26-Apr-19, 16:11:32 
26-Apr-19, 16:11:36 
26-Apr-19, 16:11:37 
26-Apr-19, 16:11:41 
26-Apr-19, 16:11:42 
26-Apr-19, 16:11:46 
26-Apr-19, 16:11:47 
26-Apr-19, 16:11:51 
26-Apr-19, 16:11:52 
26-Apr-19, 16:11:56 
26-Apr-19, 16:11:57 
26-Apr-19, 16:12:01 
26-Apr-19, 16:12:02 
26-Apr-19, 16:12:06 
26-Apr-19, 16:12:07 
26-Apr-19, 16:12:11 
26-Apr-19, 16:12:16 
26-Apr-19, 16:12:21 
26-Apr-19, 16:12:22 
26-Apr-19, 16:12:26 
26-Apr-19, 16:12:27 
26-Apr-19, 16:12:31 
26-Apr-19, 16:12:32 
26-Apr-19, 16:12:36 
26-Apr-19, 16:12:37 
26-Apr-19, 16:12:41 
26-Apr-19, 16:12:42 
26-Apr-19, 16:12:46 
26-Apr-19, 16:12:47 
26-Apr-19, 16:12:51 
26-Apr-19, 16:12:52 
26-Apr-19, 16:12:56 
26-Apr-19, 16:12:57 
26-Apr-19, 16:13:01 
26-Apr-19, 16:13:02 
26-Apr-19, 16:13:06 
26-Apr-19, 16:13:07 
26-Apr-19, 16:13:11 
26-Apr-19, 16:13:16 
26-Apr-19, 16:13:21 
26-Apr-19, 16:13:22 
26-Apr-19, 16:13:26 
26-Apr-19, 16:13:27 
26-Apr-19, 16:13:31 
26-Apr-19, 16:13:32 
26-Apr-19, 16:13:36 
26-Apr-19, 16:13:41 
26-Apr-19, 16:13:42 
26-Apr-19, 16:13:47 
26-Apr-19, 16:13:51 
26-Apr-19, 16:13:52 
26-Apr-19, 16:13:56 
26-Apr-19, 16:13:57 
26-Apr-19, 16:14:02 
26-Apr-19, 16:14:06 
26-Apr-19, 16:14:07 
26-Apr-19, 16:14:11 
26-Apr-19, 16:14:16 
26-Apr-19, 16:14:17 
26-Apr-19, 16:14:21 
26-Apr-19, 16:14:26 
26-Apr-19, 16:14:27 
26-Apr-19, 16:14:31 
26-Apr-19, 16:14:32 
26-Apr-19, 16:14:36 
26-Apr-19, 16:14:37 
26-Apr-19, 16:14:41 
26-Apr-19, 16:14:42 
26-Apr-19, 16:14:46 
26-Apr-19, 16:14:47 
26-Apr-19, 16:14:51 
26-Apr-19, 16:14:52 
26-Apr-19, 16:14:56 
26-Apr-19, 16:14:57 
26-Apr-19, 16:15:01 
26-Apr-19, 16:15:02 
26-Apr-19, 16:15:06 
26-Apr-19, 16:15:07 
26-Apr-19, 16:15:11 
26-Apr-19, 16:15:21 
26-Apr-19, 16:15:22 
26-Apr-19, 16:15:26 
26-Apr-19, 16:15:27 
26-Apr-19, 16:15:31 
26-Apr-19, 16:15:32 
26-Apr-19, 16:15:36 
26-Apr-19, 16:15:37 
26-Apr-19, 16:15:41 
26-Apr-19, 16:15:42 
26-Apr-19, 16:15:46 
26-Apr-19, 16:15:47 
26-Apr-19, 16:15:51 
26-Apr-19, 16:15:52 
26-Apr-19, 16:15:56 
26-Apr-19, 16:15:57 
26-Apr-19, 16:16:01 
26-Apr-19, 16:16:02 
26-Apr-19, 16:16:06 
26-Apr-19, 16:16:07 
26-Apr-19, 16:16:11 
26-Apr-19, 16:16:21 
26-Apr-19, 16:16:26 
26-Apr-19, 16:16:31 
26-Apr-19, 16:16:32 
26-Apr-19, 16:16:36 
26-Apr-19, 16:16:37 
26-Apr-19, 16:16:41 
26-Apr-19, 16:16:42 
26-Apr-19, 16:16:47 
26-Apr-19, 16:16:51 
26-Apr-19, 16:16:52 
26-Apr-19, 16:16:56 
26-Apr-19, 16:16:57 
26-Apr-19, 16:17:01 
26-Apr-19, 16:17:02 
26-Apr-19, 16:17:06 
26-Apr-19, 16:17:07 
26-Apr-19, 16:17:11 
26-Apr-19, 16:17:16 
26-Apr-19, 16:17:17 
26-Apr-19, 16:17:21 
26-Apr-19, 16:17:22 
26-Apr-19, 16:17:26 
26-Apr-19, 16:17:27 
26-Apr-19, 16:17:31 
26-Apr-19, 16:17:32 
26-Apr-19, 16:17:36 
26-Apr-19, 16:17:37 
26-Apr-19, 16:17:41 
26-Apr-19, 16:17:42 
26-Apr-19, 16:17:46 
26-Apr-19, 16:17:47 
26-Apr-19, 16:17:51 
26-Apr-19, 16:17:52 
26-Apr-19, 16:17:56 
26-Apr-19, 16:17:57 
26-Apr-19, 16:18:01 
26-Apr-19, 16:18:02 
26-Apr-19, 16:18:06 
26-Apr-19, 16:18:07 
26-Apr-19, 16:18:16 
26-Apr-19, 16:18:21 
26-Apr-19, 16:18:22 
26-Apr-19, 16:18:26 
26-Apr-19, 16:18:27 
26-Apr-19, 16:18:31 
26-Apr-19, 16:18:32 
26-Apr-19, 16:18:36 
26-Apr-19, 16:18:37 
26-Apr-19, 16:18:41 
26-Apr-19, 16:18:42 
26-Apr-19, 16:18:46 
26-Apr-19, 16:18:47 
26-Apr-19, 16:18:51 
26-Apr-19, 16:18:52 
26-Apr-19, 16:18:56 
26-Apr-19, 16:18:57 
26-Apr-19, 16:19:01 
26-Apr-19, 16:19:02 
26-Apr-19, 16:19:06 
26-Apr-19, 16:19:07 
26-Apr-19, 16:19:11 
26-Apr-19, 16:19:21 
26-Apr-19, 16:19:22 
26-Apr-19, 16:19:26 
26-Apr-19, 16:19:27 
26-Apr-19, 16:19:31 
26-Apr-19, 16:19:32 
26-Apr-19, 16:19:36 
26-Apr-19, 16:19:37 
26-Apr-19, 16:19:41 
26-Apr-19, 16:19:42 
26-Apr-19, 16:19:46 
26-Apr-19, 16:19:47 
26-Apr-19, 16:19:51 
26-Apr-19, 16:19:52 
26-Apr-19, 16:19:56 
26-Apr-19, 16:20:01 
26-Apr-19, 16:20:02 
26-Apr-19, 16:20:06 
26-Apr-19, 16:20:07 
26-Apr-19, 16:20:11 
26-Apr-19, 16:20:18 
26-Apr-19, 16:20:21 
26-Apr-19, 16:20:28 
26-Apr-19, 16:20:31 
26-Apr-19, 16:20:33 
26-Apr-19, 16:20:36 
26-Apr-19, 16:20:38 
26-Apr-19, 16:20:41 
26-Apr-19, 16:20:43 
26-Apr-19, 16:20:46 
26-Apr-19, 16:20:48 
26-Apr-19, 16:20:51 
26-Apr-19, 16:20:53 
26-Apr-19, 16:20:56 
26-Apr-19, 16:20:58 
26-Apr-19, 16:21:01 
26-Apr-19, 16:21:03 
26-Apr-19, 16:21:06 
26-Apr-19, 16:21:08 
26-Apr-19, 16:21:11 
26-Apr-19, 16:21:18 
26-Apr-19, 16:21:21 
26-Apr-19, 16:21:23 
26-Apr-19, 16:21:26 
26-Apr-19, 16:21:28 
26-Apr-19, 16:21:31 
26-Apr-19, 16:21:33 
26-Apr-19, 16:21:37 
26-Apr-19, 16:21:38 
26-Apr-19, 16:21:42 
26-Apr-19, 16:21:43 
26-Apr-19, 16:21:47 
26-Apr-19, 16:21:48 
26-Apr-19, 16:21:52 
26-Apr-19, 16:21:53 
26-Apr-19, 16:21:57 
26-Apr-19, 16:21:58 
26-Apr-19, 16:22:02 
26-Apr-19, 16:22:03 
26-Apr-19, 16:22:07 
26-Apr-19, 16:22:08 
26-Apr-19, 16:22:22 
26-Apr-19, 16:22:23 
26-Apr-19, 16:22:27 
26-Apr-19, 16:22:28 
26-Apr-19, 16:22:32 
26-Apr-19, 16:22:33 
26-Apr-19, 16:22:37 
26-Apr-19, 16:22:38 
26-Apr-19, 16:22:42 
26-Apr-19, 16:22:43 
26-Apr-19, 16:22:47 
26-Apr-19, 16:22:48 
26-Apr-19, 16:22:52 
26-Apr-19, 16:22:53 
26-Apr-19, 16:22:57 
26-Apr-19, 16:22:58 
26-Apr-19, 16:23:02 
26-Apr-19, 16:23:03 
26-Apr-19, 16:23:07 
26-Apr-19, 16:23:08 
26-Apr-19, 16:23:13 
26-Apr-19, 16:23:17 
26-Apr-19, 16:23:18 
26-Apr-19, 16:23:22 
26-Apr-19, 16:23:23 
26-Apr-19, 16:23:27 
26-Apr-19, 16:23:28 
26-Apr-19, 16:23:32 
26-Apr-19, 16:23:33 
26-Apr-19, 16:23:37 
26-Apr-19, 16:23:38 
26-Apr-19, 16:23:42 
26-Apr-19, 16:23:43 
26-Apr-19, 16:23:47 
26-Apr-19, 16:23:48 
26-Apr-19, 16:23:52 
26-Apr-19, 16:23:53 
26-Apr-19, 16:23:57 
26-Apr-19, 16:23:58 
26-Apr-19, 16:24:02 
26-Apr-19, 16:24:03 
26-Apr-19, 16:24:07 
26-Apr-19, 16:24:08 
26-Apr-19, 16:24:22 
26-Apr-19, 16:24:23 
26-Apr-19, 16:24:27 
26-Apr-19, 16:24:28 
26-Apr-19, 16:24:32 
26-Apr-19, 16:24:33 
26-Apr-19, 16:24:37 
26-Apr-19, 16:24:38 
26-Apr-19, 16:24:42 
26-Apr-19, 16:24:43 
26-Apr-19, 16:24:47 
26-Apr-19, 16:24:48 
26-Apr-19, 16:24:52 
26-Apr-19, 16:24:53 
26-Apr-19, 16:24:57 
26-Apr-19, 16:24:58 
26-Apr-19, 16:25:02 
26-Apr-19, 16:25:03 
26-Apr-19, 16:25:07 
26-Apr-19, 16:25:08 
26-Apr-19, 16:25:18 
26-Apr-19, 16:25:22 
26-Apr-19, 16:25:23 
26-Apr-19, 16:25:27 
26-Apr-19, 16:25:28 
26-Apr-19, 16:25:32 
26-Apr-19, 16:25:33 
26-Apr-19, 16:25:37 
26-Apr-19, 16:25:38 
26-Apr-19, 16:25:42 
26-Apr-19, 16:25:43 
26-Apr-19, 16:25:47 
26-Apr-19, 16:25:48 
26-Apr-19, 16:25:52 
26-Apr-19, 16:25:53 
26-Apr-19, 16:25:57 
26-Apr-19, 16:25:58 
26-Apr-19, 16:26:02 
26-Apr-19, 16:26:03 
26-Apr-19, 16:26:07 
26-Apr-19, 16:26:08 
26-Apr-19, 16:26:23 
26-Apr-19, 16:26:27 
26-Apr-19, 16:26:28 
26-Apr-19, 16:26:32 
26-Apr-19, 16:26:33 
26-Apr-19, 16:26:37 
26-Apr-19, 16:26:38 
26-Apr-19, 16:26:42 
26-Apr-19, 16:26:43 
26-Apr-19, 16:26:47 
26-Apr-19, 16:26:48 
26-Apr-19, 16:26:52 
26-Apr-19, 16:26:53 
26-Apr-19, 16:26:57 
26-Apr-19, 16:26:58 
26-Apr-19, 16:27:02 
26-Apr-19, 16:27:03 
26-Apr-19, 16:27:07 
26-Apr-19, 16:27:08 
26-Apr-19, 16:27:18 
26-Apr-19, 16:27:27 
26-Apr-19, 16:27:28 
26-Apr-19, 16:27:32 
26-Apr-19, 16:27:33 
26-Apr-19, 16:27:37 
26-Apr-19, 16:27:38 
26-Apr-19, 16:27:42 
26-Apr-19, 16:27:43 
26-Apr-19, 16:27:47 
26-Apr-19, 16:27:48 
26-Apr-19, 16:27:52 
26-Apr-19, 16:27:53 
26-Apr-19, 16:27:58 
26-Apr-19, 16:28:02 
26-Apr-19, 16:28:03 
26-Apr-19, 16:28:07 
26-Apr-19, 16:28:08 
26-Apr-19, 16:28:17 
26-Apr-19, 16:28:22 
26-Apr-19, 16:28:23 
26-Apr-19, 16:28:27 
26-Apr-19, 16:28:32 
26-Apr-19, 16:28:33 
26-Apr-19, 16:28:37 
26-Apr-19, 16:28:38 
26-Apr-19, 16:28:42 
26-Apr-19, 16:28:43 
26-Apr-19, 16:28:47 
26-Apr-19, 16:28:48 
26-Apr-19, 16:28:52 
26-Apr-19, 16:28:53 
26-Apr-19, 16:28:57 
26-Apr-19, 16:28:58 
26-Apr-19, 16:29:02 
26-Apr-19, 16:29:03 
26-Apr-19, 16:29:07 
26-Apr-19, 16:29:17 
26-Apr-19, 16:29:18 
26-Apr-19, 16:29:22 
26-Apr-19, 16:29:23 
26-Apr-19, 16:29:27 
26-Apr-19, 16:29:28 
26-Apr-19, 16:29:32 
26-Apr-19, 16:29:33 
26-Apr-19, 16:29:37 
26-Apr-19, 16:29:38 
26-Apr-19, 16:29:42 
26-Apr-19, 16:29:43 
26-Apr-19, 16:29:47 
26-Apr-19, 16:29:48 
26-Apr-19, 16:29:52 
26-Apr-19, 16:29:53 
26-Apr-19, 16:29:58 
26-Apr-19, 16:30:02 
26-Apr-19, 16:30:03 
26-Apr-19, 16:30:07 
26-Apr-19, 16:30:08 
26-Apr-19, 16:30:13 
26-Apr-19, 16:30:18 
26-Apr-19, 16:30:22 
26-Apr-19, 16:30:23 
26-Apr-19, 16:30:27 
26-Apr-19, 16:30:28 
26-Apr-19, 16:30:32 
26-Apr-19, 16:30:33 
26-Apr-19, 16:30:37 
26-Apr-19, 16:30:38 
26-Apr-19, 16:30:42 
26-Apr-19, 16:30:43 
26-Apr-19, 16:30:47 
26-Apr-19, 16:30:48 
26-Apr-19, 16:30:52 
26-Apr-19, 16:30:53 
26-Apr-19, 16:30:57 
26-Apr-19, 16:30:58 
26-Apr-19, 16:30:58 
26-Apr-19, 16:30:59 
26-Apr-19, 16:31:02 
26-Apr-19, 16:31:03 
26-Apr-19, 16:31:03 
26-Apr-19, 16:31:04 
26-Apr-19, 16:31:07 
26-Apr-19, 16:31:08 
26-Apr-19, 16:31:08 
26-Apr-19, 16:31:09 
26-Apr-19, 16:31:18 
26-Apr-19, 16:31:18 
26-Apr-19, 16:31:19 
26-Apr-19, 16:31:22 
26-Apr-19, 16:31:23 
26-Apr-19, 16:31:23 
26-Apr-19, 16:31:24 
26-Apr-19, 16:31:27 
26-Apr-19, 16:31:28 
26-Apr-19, 16:31:28 
26-Apr-19, 16:31:29 
26-Apr-19, 16:31:32 
26-Apr-19, 16:31:33 
26-Apr-19, 16:31:33 
26-Apr-19, 16:31:34 
26-Apr-19, 16:31:37 
26-Apr-19, 16:31:38 
26-Apr-19, 16:31:38 
26-Apr-19, 16:31:39 
26-Apr-19, 16:31:42 
26-Apr-19, 16:31:43 
26-Apr-19, 16:31:43 
26-Apr-19, 16:31:44 
26-Apr-19, 16:31:47 
26-Apr-19, 16:31:52 
26-Apr-19, 16:31:54 
26-Apr-19, 16:31:57 
26-Apr-19, 16:31:59 
26-Apr-19, 16:32:02 
26-Apr-19, 16:32:03 
26-Apr-19, 16:32:03 
26-Apr-19, 16:32:04 
26-Apr-19, 16:32:07 
26-Apr-19, 16:32:09 
26-Apr-19, 16:32:19 
26-Apr-19, 16:32:23 
26-Apr-19, 16:32:23 
26-Apr-19, 16:32:24 
26-Apr-19, 16:32:27 
26-Apr-19, 16:32:29 
26-Apr-19, 16:32:32 
26-Apr-19, 16:32:33 
26-Apr-19, 16:32:33 
26-Apr-19, 16:32:37 
26-Apr-19, 16:32:39 
26-Apr-19, 16:32:43 
26-Apr-19, 16:32:43 
26-Apr-19, 16:32:44 
26-Apr-19, 16:32:47 
26-Apr-19, 16:32:49 
26-Apr-19, 16:32:52 
26-Apr-19, 16:32:53 
26-Apr-19, 16:32:53 
26-Apr-19, 16:32:54 
26-Apr-19, 16:32:57 
26-Apr-19, 16:32:59 
26-Apr-19, 16:33:03 
26-Apr-19, 16:33:03 
26-Apr-19, 16:33:04 
26-Apr-19, 16:33:09 
26-Apr-19, 16:33:14 
26-Apr-19, 16:33:17 
26-Apr-19, 16:33:19 
26-Apr-19, 16:33:23 
26-Apr-19, 16:33:23 
26-Apr-19, 16:33:24 
26-Apr-19, 16:33:27 
26-Apr-19, 16:33:29 
26-Apr-19, 16:33:32 
26-Apr-19, 16:33:33 
26-Apr-19, 16:33:33 
26-Apr-19, 16:33:34 
26-Apr-19, 16:33:37 
26-Apr-19, 16:33:39 
26-Apr-19, 16:33:43 
26-Apr-19, 16:33:43 
26-Apr-19, 16:33:44 
26-Apr-19, 16:33:49 
26-Apr-19, 16:33:51 
26-Apr-19, 16:33:52 
26-Apr-19, 16:33:54 
26-Apr-19, 16:33:56 
26-Apr-19, 16:33:57 
26-Apr-19, 16:33:59 
26-Apr-19, 16:34:01 
26-Apr-19, 16:34:06 
26-Apr-19, 16:34:07 
26-Apr-19, 16:34:09 
26-Apr-19, 16:34:11 
26-Apr-19, 16:34:16 
26-Apr-19, 16:34:19 
26-Apr-19, 16:34:21 
26-Apr-19, 16:34:23 
26-Apr-19, 16:34:23 
26-Apr-19, 16:34:24 
26-Apr-19, 16:34:26 
26-Apr-19, 16:34:27 
26-Apr-19, 16:34:29 
26-Apr-19, 16:34:31 
26-Apr-19, 16:34:32 
26-Apr-19, 16:34:33 
26-Apr-19, 16:34:33 
26-Apr-19, 16:34:34 
26-Apr-19, 16:34:36 
26-Apr-19, 16:34:37 
26-Apr-19, 16:34:39 
26-Apr-19, 16:34:41 
26-Apr-19, 16:34:43 
26-Apr-19, 16:34:43 
26-Apr-19, 16:34:44 
26-Apr-19, 16:34:46 
26-Apr-19, 16:34:47 
26-Apr-19, 16:34:47 
26-Apr-19, 16:34:49 
26-Apr-19, 16:34:51 
26-Apr-19, 16:34:52 
26-Apr-19, 16:34:52 
26-Apr-19, 16:34:53 
26-Apr-19, 16:34:53 
26-Apr-19, 16:34:56 
26-Apr-19, 16:34:57 
26-Apr-19, 16:34:57 
26-Apr-19, 16:34:59 
26-Apr-19, 16:35:01 
26-Apr-19, 16:35:03 
26-Apr-19, 16:35:03 
26-Apr-19, 16:35:04 
26-Apr-19, 16:35:06 
26-Apr-19, 16:35:07 
26-Apr-19, 16:35:07 
26-Apr-19, 16:35:09 
26-Apr-19, 16:35:11 
26-Apr-19, 16:35:13 
26-Apr-19, 16:35:13 
26-Apr-19, 16:35:13 
26-Apr-19, 16:35:19 
26-Apr-19, 16:35:21 
26-Apr-19, 16:35:24 
26-Apr-19, 16:35:26 
26-Apr-19, 16:35:27 
26-Apr-19, 16:35:29 
26-Apr-19, 16:35:29 
26-Apr-19, 16:35:31 
26-Apr-19, 16:35:32 
26-Apr-19, 16:35:33 
26-Apr-19, 16:35:33 
26-Apr-19, 16:35:34 
26-Apr-19, 16:35:34 
26-Apr-19, 16:35:36 
26-Apr-19, 16:35:37 
26-Apr-19, 16:35:39 
26-Apr-19, 16:35:39 
26-Apr-19, 16:35:41 
26-Apr-19, 16:35:43 
26-Apr-19, 16:35:43 
26-Apr-19, 16:35:44 
26-Apr-19, 16:35:44 
26-Apr-19, 16:35:46 
26-Apr-19, 16:35:47 
26-Apr-19, 16:35:49 
26-Apr-19, 16:35:49 
26-Apr-19, 16:35:51 
26-Apr-19, 16:35:52 
26-Apr-19, 16:35:53 
26-Apr-19, 16:35:53 
26-Apr-19, 16:35:54 
26-Apr-19, 16:35:54 
26-Apr-19, 16:35:56 
26-Apr-19, 16:35:57 
26-Apr-19, 16:35:59 
26-Apr-19, 16:35:59 
26-Apr-19, 16:36:01 
26-Apr-19, 16:36:03 
26-Apr-19, 16:36:03 
26-Apr-19, 16:36:04 
26-Apr-19, 16:36:04 
26-Apr-19, 16:36:06 
26-Apr-19, 16:36:07 
26-Apr-19, 16:36:09 
26-Apr-19, 16:36:09 
26-Apr-19, 16:36:11 
26-Apr-19, 16:36:13 
26-Apr-19, 16:36:13 
26-Apr-19, 16:36:19 
26-Apr-19, 16:36:19 
26-Apr-19, 16:36:21 
26-Apr-19, 16:36:23 
26-Apr-19, 16:36:23 
26-Apr-19, 16:36:24 
26-Apr-19, 16:36:24 
26-Apr-19, 16:36:26 
26-Apr-19, 16:36:27 
26-Apr-19, 16:36:29 
26-Apr-19, 16:36:29 
26-Apr-19, 16:36:31 
26-Apr-19, 16:36:32 
26-Apr-19, 16:36:33 
26-Apr-19, 16:36:33 
26-Apr-19, 16:36:34 
26-Apr-19, 16:36:34 
26-Apr-19, 16:36:36 
26-Apr-19, 16:36:37 
26-Apr-19, 16:36:39 
26-Apr-19, 16:36:39 
26-Apr-19, 16:36:41 
26-Apr-19, 16:36:43 
26-Apr-19, 16:36:43 
26-Apr-19, 16:36:44 
26-Apr-19, 16:36:44 
26-Apr-19, 16:36:46 
26-Apr-19, 16:36:47 
26-Apr-19, 16:36:49 
26-Apr-19, 16:36:49 
26-Apr-19, 16:36:51 
26-Apr-19, 16:36:52 
26-Apr-19, 16:36:53 
26-Apr-19, 16:36:53 
26-Apr-19, 16:36:54 
26-Apr-19, 16:36:54 
26-Apr-19, 16:36:56 
26-Apr-19, 16:36:57 
26-Apr-19, 16:36:59 
26-Apr-19, 16:36:59 
26-Apr-19, 16:37:01 
26-Apr-19, 16:37:06 
26-Apr-19, 16:37:07 
26-Apr-19, 16:37:09 
26-Apr-19, 16:37:09 
26-Apr-19, 16:37:11 
26-Apr-19, 16:37:14 
26-Apr-19, 16:37:14 
26-Apr-19, 16:37:16 
26-Apr-19, 16:37:19 
26-Apr-19, 16:37:19 
26-Apr-19, 16:37:21 
26-Apr-19, 16:37:24 
26-Apr-19, 16:37:24 
26-Apr-19, 16:37:26 
26-Apr-19, 16:37:27 
26-Apr-19, 16:37:29 
26-Apr-19, 16:37:29 
26-Apr-19, 16:37:31 
26-Apr-19, 16:37:32 
26-Apr-19, 16:37:33 
26-Apr-19, 16:37:33 
26-Apr-19, 16:37:34 
26-Apr-19, 16:37:34 
26-Apr-19, 16:37:36 
26-Apr-19, 16:37:37 
26-Apr-19, 16:37:39 
26-Apr-19, 16:37:40 
26-Apr-19, 16:37:41 
26-Apr-19, 16:37:44 
26-Apr-19, 16:37:45 
26-Apr-19, 16:37:46 
26-Apr-19, 16:37:47 
26-Apr-19, 16:37:49 
26-Apr-19, 16:37:50 
26-Apr-19, 16:37:51 
26-Apr-19, 16:37:52 
26-Apr-19, 16:37:53 
26-Apr-19, 16:37:53 
26-Apr-19, 16:37:54 
26-Apr-19, 16:37:55 
26-Apr-19, 16:37:56 
26-Apr-19, 16:37:57 
26-Apr-19, 16:37:59 
26-Apr-19, 16:38:00 
26-Apr-19, 16:38:01 
26-Apr-19, 16:38:03 
26-Apr-19, 16:38:03 
26-Apr-19, 16:38:04 
26-Apr-19, 16:38:05 
26-Apr-19, 16:38:06 
26-Apr-19, 16:38:07 
26-Apr-19, 16:38:09 
26-Apr-19, 16:38:10 
26-Apr-19, 16:38:11 
26-Apr-19, 16:38:16 
26-Apr-19, 16:38:18 
26-Apr-19, 16:38:18 
26-Apr-19, 16:38:20 
26-Apr-19, 16:38:21 
26-Apr-19, 16:38:23 
26-Apr-19, 16:38:23 
26-Apr-19, 16:38:24 
26-Apr-19, 16:38:25 
26-Apr-19, 16:38:26 
26-Apr-19, 16:38:27 
26-Apr-19, 16:38:29 
26-Apr-19, 16:38:30 
26-Apr-19, 16:38:31 
26-Apr-19, 16:38:32 
26-Apr-19, 16:38:33 
26-Apr-19, 16:38:33 
26-Apr-19, 16:38:34 
26-Apr-19, 16:38:35 
26-Apr-19, 16:38:36 
26-Apr-19, 16:38:37 
26-Apr-19, 16:38:39 
26-Apr-19, 16:38:40 
26-Apr-19, 16:38:41 
26-Apr-19, 16:38:43 
26-Apr-19, 16:38:43 
26-Apr-19, 16:38:44 
26-Apr-19, 16:38:45 
26-Apr-19, 16:38:46 
26-Apr-19, 16:38:47 
26-Apr-19, 16:38:49 
26-Apr-19, 16:38:50 
26-Apr-19, 16:38:51 
26-Apr-19, 16:38:52 
26-Apr-19, 16:38:53 
26-Apr-19, 16:38:53 
26-Apr-19, 16:38:54 
26-Apr-19, 16:38:55 
26-Apr-19, 16:38:56 
26-Apr-19, 16:38:57 
26-Apr-19, 16:38:59 
26-Apr-19, 16:39:00 
26-Apr-19, 16:39:01 
26-Apr-19, 16:39:03 
26-Apr-19, 16:39:03 
26-Apr-19, 16:39:04 
26-Apr-19, 16:39:05 
26-Apr-19, 16:39:06 
26-Apr-19, 16:39:07 
26-Apr-19, 16:39:09 
26-Apr-19, 16:39:10 
26-Apr-19, 16:39:11 
26-Apr-19, 16:39:17 
26-Apr-19, 16:39:19 
26-Apr-19, 16:39:20 
26-Apr-19, 16:39:21 
26-Apr-19, 16:39:23 
26-Apr-19, 16:39:23 
26-Apr-19, 16:39:24 
26-Apr-19, 16:39:25 
26-Apr-19, 16:39:26 
26-Apr-19, 16:39:27 
26-Apr-19, 16:39:29 
26-Apr-19, 16:39:30 
26-Apr-19, 16:39:31 
26-Apr-19, 16:39:32 
26-Apr-19, 16:39:33 
26-Apr-19, 16:39:33 
26-Apr-19, 16:39:34 
26-Apr-19, 16:39:35 
26-Apr-19, 16:39:36 
26-Apr-19, 16:39:37 
26-Apr-19, 16:39:39 
26-Apr-19, 16:39:40 
26-Apr-19, 16:39:41 
26-Apr-19, 16:39:43 
26-Apr-19, 16:39:43 
26-Apr-19, 16:39:44 
26-Apr-19, 16:39:45 
26-Apr-19, 16:39:46 
26-Apr-19, 16:39:47 
26-Apr-19, 16:39:49 
26-Apr-19, 16:39:50 
26-Apr-19, 16:39:51 
26-Apr-19, 16:39:52 
26-Apr-19, 16:39:53 
26-Apr-19, 16:39:53 
26-Apr-19, 16:39:55 
26-Apr-19, 16:39:56 
26-Apr-19, 16:39:57 
26-Apr-19, 16:39:59 
26-Apr-19, 16:40:00 
26-Apr-19, 16:40:01 
26-Apr-19, 16:40:02 
26-Apr-19, 16:40:03 
26-Apr-19, 16:40:03 
26-Apr-19, 16:40:04 
26-Apr-19, 16:40:06 
26-Apr-19, 16:40:07 
26-Apr-19, 16:40:09 
26-Apr-19, 16:40:10 
26-Apr-19, 16:40:11 
26-Apr-19, 16:40:16 
26-Apr-19, 16:40:17 
26-Apr-19, 16:40:19 
26-Apr-19, 16:40:20 
26-Apr-19, 16:40:21 
26-Apr-19, 16:40:23 
26-Apr-19, 16:40:23 
26-Apr-19, 16:40:24 
26-Apr-19, 16:40:26 
26-Apr-19, 16:40:27 
26-Apr-19, 16:40:29 
26-Apr-19, 16:40:29 
26-Apr-19, 16:40:30 
26-Apr-19, 16:40:31 
26-Apr-19, 16:40:32 
26-Apr-19, 16:40:33 
26-Apr-19, 16:40:34 
26-Apr-19, 16:40:34 
26-Apr-19, 16:40:35 
26-Apr-19, 16:40:36 
26-Apr-19, 16:40:39 
26-Apr-19, 16:40:39 
26-Apr-19, 16:40:40 
26-Apr-19, 16:40:41 
26-Apr-19, 16:40:43 
26-Apr-19, 16:40:44 
26-Apr-19, 16:40:44 
26-Apr-19, 16:40:45 
26-Apr-19, 16:40:46 
26-Apr-19, 16:40:47 
26-Apr-19, 16:40:49 
26-Apr-19, 16:40:49 
26-Apr-19, 16:40:50 
26-Apr-19, 16:40:51 
26-Apr-19, 16:40:52 
26-Apr-19, 16:40:54 
26-Apr-19, 16:40:54 
26-Apr-19, 16:40:55 
26-Apr-19, 16:40:56 
26-Apr-19, 16:40:57 
26-Apr-19, 16:40:59 
26-Apr-19, 16:40:59 
26-Apr-19, 16:41:00 
26-Apr-19, 16:41:01 
26-Apr-19, 16:41:03 
26-Apr-19, 16:41:04 
26-Apr-19, 16:41:04 
26-Apr-19, 16:41:05 
26-Apr-19, 16:41:07 
26-Apr-19, 16:41:09 
26-Apr-19, 16:41:09 
26-Apr-19, 16:41:10 
26-Apr-19, 16:41:11 
26-Apr-19, 16:41:13 
26-Apr-19, 16:41:17 
26-Apr-19, 16:41:19 
26-Apr-19, 16:41:19 
26-Apr-19, 16:41:20 
26-Apr-19, 16:41:21 
26-Apr-19, 16:41:24 
26-Apr-19, 16:41:24 
26-Apr-19, 16:41:25 
26-Apr-19, 16:41:26 
26-Apr-19, 16:41:27 
26-Apr-19, 16:41:29 
26-Apr-19, 16:41:29 
26-Apr-19, 16:41:30 
26-Apr-19, 16:41:31 
26-Apr-19, 16:41:32 
26-Apr-19, 16:41:33 
26-Apr-19, 16:41:34 
26-Apr-19, 16:41:34 
26-Apr-19, 16:41:35 
26-Apr-19, 16:41:36 
26-Apr-19, 16:41:37 
26-Apr-19, 16:41:39 
26-Apr-19, 16:41:39 
26-Apr-19, 16:41:40 
26-Apr-19, 16:41:41 
26-Apr-19, 16:41:43 
26-Apr-19, 16:41:44 
26-Apr-19, 16:41:44 
26-Apr-19, 16:41:45 
26-Apr-19, 16:41:46 
26-Apr-19, 16:41:47 
26-Apr-19, 16:41:49 
26-Apr-19, 16:41:49 
26-Apr-19, 16:41:50 
26-Apr-19, 16:41:51 
26-Apr-19, 16:41:53 
26-Apr-19, 16:41:53 
26-Apr-19, 16:41:54 
26-Apr-19, 16:41:54 
26-Apr-19, 16:41:55 
26-Apr-19, 16:41:56 
26-Apr-19, 16:41:59 
26-Apr-19, 16:41:59 
26-Apr-19, 16:42:00 
26-Apr-19, 16:42:01 
26-Apr-19, 16:42:03 
26-Apr-19, 16:42:03 
26-Apr-19, 16:42:04 
26-Apr-19, 16:42:04 
26-Apr-19, 16:42:05 
26-Apr-19, 16:42:06 
26-Apr-19, 16:42:09 
26-Apr-19, 16:42:09 
26-Apr-19, 16:42:10 
26-Apr-19, 16:42:11 
26-Apr-19, 16:42:13 
26-Apr-19, 16:42:13 
26-Apr-19, 16:42:19 
26-Apr-19, 16:42:19 
26-Apr-19, 16:42:20 
26-Apr-19, 16:42:21 
26-Apr-19, 16:42:24 
26-Apr-19, 16:42:24 
26-Apr-19, 16:42:25 
26-Apr-19, 16:42:26 
26-Apr-19, 16:42:29 
26-Apr-19, 16:42:29 
26-Apr-19, 16:42:30 
26-Apr-19, 16:42:31 
26-Apr-19, 16:42:33 
26-Apr-19, 16:42:33 
26-Apr-19, 16:42:34 
26-Apr-19, 16:42:34 
26-Apr-19, 16:42:35 
26-Apr-19, 16:42:36 
26-Apr-19, 16:42:39 
26-Apr-19, 16:42:39 
26-Apr-19, 16:42:40 
26-Apr-19, 16:42:41 
26-Apr-19, 16:42:43 
26-Apr-19, 16:42:43 
26-Apr-19, 16:42:44 
26-Apr-19, 16:42:44 
26-Apr-19, 16:42:45 
26-Apr-19, 16:42:46 
26-Apr-19, 16:42:49 
26-Apr-19, 16:42:49 
26-Apr-19, 16:42:50 
26-Apr-19, 16:42:51 
26-Apr-19, 16:42:53 
26-Apr-19, 16:42:53 
26-Apr-19, 16:42:54 
26-Apr-19, 16:42:54 
26-Apr-19, 16:42:55 
26-Apr-19, 16:42:56 
26-Apr-19, 16:42:59 
26-Apr-19, 16:42:59 
26-Apr-19, 16:43:00 
26-Apr-19, 16:43:01 
26-Apr-19, 16:43:03 
26-Apr-19, 16:43:03 
26-Apr-19, 16:43:04 
26-Apr-19, 16:43:04 
26-Apr-19, 16:43:05 
26-Apr-19, 16:43:06 
26-Apr-19, 16:43:09 
26-Apr-19, 16:43:09 
26-Apr-19, 16:43:10 
26-Apr-19, 16:43:11 
26-Apr-19, 16:43:14 
26-Apr-19, 16:43:14 
26-Apr-19, 16:43:16 
26-Apr-19, 16:43:19 
26-Apr-19, 16:43:19 
26-Apr-19, 16:43:20 
26-Apr-19, 16:43:21 
26-Apr-19, 16:43:23 
26-Apr-19, 16:43:23 
26-Apr-19, 16:43:24 
26-Apr-19, 16:43:24 
26-Apr-19, 16:43:25 
26-Apr-19, 16:43:26 
26-Apr-19, 16:43:29 
26-Apr-19, 16:43:29 
26-Apr-19, 16:43:30 
26-Apr-19, 16:43:31 
26-Apr-19, 16:43:33 
26-Apr-19, 16:43:33 
26-Apr-19, 16:43:34 
26-Apr-19, 16:43:34 
26-Apr-19, 16:43:35 
26-Apr-19, 16:43:36 
26-Apr-19, 16:43:39 
26-Apr-19, 16:43:39 
26-Apr-19, 16:43:40 
26-Apr-19, 16:43:41 
26-Apr-19, 16:43:43 
26-Apr-19, 16:43:43 
26-Apr-19, 16:43:44 
26-Apr-19, 16:43:44 
26-Apr-19, 16:43:45 
26-Apr-19, 16:43:46 
26-Apr-19, 16:43:49 
26-Apr-19, 16:43:49 
26-Apr-19, 16:43:50 
26-Apr-19, 16:43:51 
26-Apr-19, 16:43:53 
26-Apr-19, 16:43:53 
26-Apr-19, 16:43:54 
26-Apr-19, 16:43:54 
26-Apr-19, 16:43:55 
26-Apr-19, 16:43:56 
26-Apr-19, 16:43:59 
26-Apr-19, 16:43:59 
26-Apr-19, 16:44:00 
26-Apr-19, 16:44:01 
26-Apr-19, 16:44:03 
26-Apr-19, 16:44:03 
26-Apr-19, 16:44:06 
26-Apr-19, 16:44:09 
26-Apr-19, 16:44:09 
26-Apr-19, 16:44:10 
26-Apr-19, 16:44:11 
26-Apr-19, 16:44:15 
26-Apr-19, 16:44:16 
26-Apr-19, 16:44:19 
26-Apr-19, 16:44:19 
26-Apr-19, 16:44:20 
26-Apr-19, 16:44:21 
26-Apr-19, 16:44:23 
26-Apr-19, 16:44:23 
26-Apr-19, 16:44:24 
26-Apr-19, 16:44:24 
26-Apr-19, 16:44:25 
26-Apr-19, 16:44:26 
26-Apr-19, 16:44:29 
26-Apr-19, 16:44:29 
26-Apr-19, 16:44:30 
26-Apr-19, 16:44:31 
26-Apr-19, 16:44:33 
26-Apr-19, 16:44:33 
26-Apr-19, 16:44:34 
26-Apr-19, 16:44:34 
26-Apr-19, 16:44:35 
26-Apr-19, 16:44:36 
26-Apr-19, 16:44:39 
26-Apr-19, 16:44:39 
26-Apr-19, 16:44:40 
26-Apr-19, 16:44:41 
26-Apr-19, 16:44:43 
26-Apr-19, 16:44:43 
26-Apr-19, 16:44:44 
26-Apr-19, 16:44:44 
26-Apr-19, 16:44:45 
26-Apr-19, 16:44:46 
26-Apr-19, 16:44:49 
26-Apr-19, 16:44:49 
26-Apr-19, 16:44:50 
26-Apr-19, 16:44:51 
26-Apr-19, 16:44:53 
26-Apr-19, 16:44:53 
26-Apr-19, 16:44:54 
26-Apr-19, 16:44:54 
26-Apr-19, 16:44:55 
26-Apr-19, 16:44:56 
26-Apr-19, 16:44:59 
26-Apr-19, 16:44:59 
26-Apr-19, 16:45:00 
26-Apr-19, 16:45:01 
26-Apr-19, 16:45:03 
26-Apr-19, 16:45:03 
26-Apr-19, 16:45:04 
26-Apr-19, 16:45:04 
26-Apr-19, 16:45:05 
26-Apr-19, 16:45:06 
26-Apr-19, 16:45:09 
26-Apr-19, 16:45:09 
26-Apr-19, 16:45:10 
26-Apr-19, 16:45:11 
26-Apr-19, 16:45:13 
26-Apr-19, 16:45:13 
26-Apr-19, 16:45:20 
26-Apr-19, 16:45:21 
26-Apr-19, 16:45:23 
26-Apr-19, 16:45:23 
26-Apr-19, 16:45:24 
26-Apr-19, 16:45:24 
26-Apr-19, 16:45:25 
26-Apr-19, 16:45:26 
26-Apr-19, 16:45:29 
26-Apr-19, 16:45:29 
26-Apr-19, 16:45:30 
26-Apr-19, 16:45:31 
26-Apr-19, 16:45:33 
26-Apr-19, 16:45:33 
26-Apr-19, 16:45:34 
26-Apr-19, 16:45:34 
26-Apr-19, 16:45:35 
26-Apr-19, 16:45:36 
26-Apr-19, 16:45:39 
26-Apr-19, 16:45:39 
26-Apr-19, 16:45:40 
26-Apr-19, 16:45:41 
26-Apr-19, 16:45:43 
26-Apr-19, 16:45:43 
26-Apr-19, 16:45:44 
26-Apr-19, 16:45:44 
26-Apr-19, 16:45:45 
26-Apr-19, 16:45:46 
26-Apr-19, 16:45:49 
26-Apr-19, 16:45:49 
26-Apr-19, 16:45:50 
26-Apr-19, 16:45:51 
26-Apr-19, 16:45:53 
26-Apr-19, 16:45:53 
26-Apr-19, 16:45:54 
26-Apr-19, 16:45:54 
26-Apr-19, 16:45:55 
26-Apr-19, 16:45:56 
26-Apr-19, 16:45:59 
26-Apr-19, 16:45:59 
26-Apr-19, 16:46:00 
26-Apr-19, 16:46:01 
26-Apr-19, 16:46:03 
26-Apr-19, 16:46:03 
26-Apr-19, 16:46:04 
26-Apr-19, 16:46:04 
26-Apr-19, 16:46:05 
26-Apr-19, 16:46:06 
26-Apr-19, 16:46:09 
26-Apr-19, 16:46:09 
26-Apr-19, 16:46:10 
26-Apr-19, 16:46:11 
26-Apr-19, 16:46:13 
26-Apr-19, 16:46:13 
26-Apr-19, 16:46:19 
26-Apr-19, 16:46:19 
26-Apr-19, 16:46:20 
26-Apr-19, 16:46:21 
26-Apr-19, 16:46:24 
26-Apr-19, 16:46:24 
26-Apr-19, 16:46:25 
26-Apr-19, 16:46:26 
26-Apr-19, 16:46:29 
26-Apr-19, 16:46:29 
26-Apr-19, 16:46:30 
26-Apr-19, 16:46:31 
26-Apr-19, 16:46:33 
26-Apr-19, 16:46:33 
26-Apr-19, 16:46:34 
26-Apr-19, 16:46:34 
26-Apr-19, 16:46:35 
26-Apr-19, 16:46:36 
26-Apr-19, 16:46:39 
26-Apr-19, 16:46:39 
26-Apr-19, 16:46:40 
26-Apr-19, 16:46:41 
26-Apr-19, 16:46:43 
26-Apr-19, 16:46:43 
26-Apr-19, 16:46:44 
26-Apr-19, 16:46:44 
26-Apr-19, 16:46:45 
26-Apr-19, 16:46:46 
26-Apr-19, 16:46:49 
26-Apr-19, 16:46:49 
26-Apr-19, 16:46:50 
26-Apr-19, 16:46:51 
26-Apr-19, 16:46:53 
26-Apr-19, 16:46:53 
26-Apr-19, 16:46:54 
26-Apr-19, 16:46:54 
26-Apr-19, 16:46:55 
26-Apr-19, 16:46:56 
26-Apr-19, 16:46:59 
26-Apr-19, 16:46:59 
26-Apr-19, 16:47:00 
26-Apr-19, 16:47:01 
26-Apr-19, 16:47:03 
26-Apr-19, 16:47:03 
26-Apr-19, 16:47:04 
26-Apr-19, 16:47:04 
26-Apr-19, 16:47:05 
26-Apr-19, 16:47:06 
26-Apr-19, 16:47:09 
26-Apr-19, 16:47:09 
26-Apr-19, 16:47:10 
26-Apr-19, 16:47:11 
26-Apr-19, 16:47:16 
26-Apr-19, 16:47:19 
26-Apr-19, 16:47:19 
26-Apr-19, 16:47:20 
26-Apr-19, 16:47:21 
26-Apr-19, 16:47:23 
26-Apr-19, 16:47:23 
26-Apr-19, 16:47:24 
26-Apr-19, 16:47:24 
26-Apr-19, 16:47:25 
26-Apr-19, 16:47:26 
26-Apr-19, 16:47:30 
26-Apr-19, 16:47:31 
26-Apr-19, 16:47:33 
26-Apr-19, 16:47:33 
26-Apr-19, 16:47:34 
26-Apr-19, 16:47:34 
26-Apr-19, 16:47:35 
26-Apr-19, 16:47:36 
26-Apr-19, 16:47:39 
26-Apr-19, 16:47:39 
26-Apr-19, 16:47:40 
26-Apr-19, 16:47:41 
26-Apr-19, 16:47:43 
26-Apr-19, 16:47:43 
26-Apr-19, 16:47:44 
26-Apr-19, 16:47:44 
26-Apr-19, 16:47:45 
26-Apr-19, 16:47:46 
26-Apr-19, 16:47:49 
26-Apr-19, 16:47:49 
26-Apr-19, 16:47:50 
26-Apr-19, 16:47:51 
26-Apr-19, 16:47:53 
26-Apr-19, 16:47:53 
26-Apr-19, 16:47:54 
26-Apr-19, 16:47:54 
26-Apr-19, 16:47:55 
26-Apr-19, 16:47:56 
26-Apr-19, 16:47:59 
26-Apr-19, 16:47:59 
26-Apr-19, 16:48:00 
26-Apr-19, 16:48:01 
26-Apr-19, 16:48:03 
26-Apr-19, 16:48:03 
26-Apr-19, 16:48:04 
26-Apr-19, 16:48:04 
26-Apr-19, 16:48:05 
26-Apr-19, 16:48:06 
26-Apr-19, 16:48:09 
26-Apr-19, 16:48:09 
26-Apr-19, 16:48:10 
26-Apr-19, 16:48:11 
26-Apr-19, 16:48:19 
26-Apr-19, 16:48:19 
26-Apr-19, 16:48:20 
26-Apr-19, 16:48:21 
26-Apr-19, 16:48:23 
26-Apr-19, 16:48:23 
26-Apr-19, 16:48:24 
26-Apr-19, 16:48:24 
26-Apr-19, 16:48:25 
26-Apr-19, 16:48:26 
26-Apr-19, 16:48:29 
26-Apr-19, 16:48:29 
26-Apr-19, 16:48:30 
26-Apr-19, 16:48:31 
26-Apr-19, 16:48:33 
26-Apr-19, 16:48:33 
26-Apr-19, 16:48:34 
26-Apr-19, 16:48:34 
26-Apr-19, 16:48:35 
26-Apr-19, 16:48:36 
26-Apr-19, 16:48:39 
26-Apr-19, 16:48:39 
26-Apr-19, 16:48:40 
26-Apr-19, 16:48:41 
26-Apr-19, 16:48:43 
26-Apr-19, 16:48:43 
26-Apr-19, 16:48:44 
26-Apr-19, 16:48:44 
26-Apr-19, 16:48:45 
26-Apr-19, 16:48:46 
26-Apr-19, 16:48:49 
26-Apr-19, 16:48:49 
26-Apr-19, 16:48:50 
26-Apr-19, 16:48:51 
26-Apr-19, 16:48:53 
26-Apr-19, 16:48:53 
26-Apr-19, 16:48:54 
26-Apr-19, 16:48:54 
26-Apr-19, 16:48:55 
26-Apr-19, 16:48:56 
26-Apr-19, 16:48:59 
26-Apr-19, 16:48:59 
26-Apr-19, 16:49:01 
26-Apr-19, 16:49:03 
26-Apr-19, 16:49:03 
26-Apr-19, 16:49:04 
26-Apr-19, 16:49:04 
26-Apr-19, 16:49:05 
26-Apr-19, 16:49:06 
26-Apr-19, 16:49:10 
26-Apr-19, 16:49:11 
26-Apr-19, 16:49:15 
26-Apr-19, 16:49:19 
26-Apr-19, 16:49:19 
26-Apr-19, 16:49:20 
26-Apr-19, 16:49:21 
26-Apr-19, 16:49:23 
26-Apr-19, 16:49:23 
26-Apr-19, 16:49:24 
26-Apr-19, 16:49:24 
26-Apr-19, 16:49:25 
26-Apr-19, 16:49:26 
26-Apr-19, 16:49:29 
26-Apr-19, 16:49:29 
26-Apr-19, 16:49:30 
26-Apr-19, 16:49:33 
26-Apr-19, 16:49:33 
26-Apr-19, 16:49:34 
26-Apr-19, 16:49:34 
26-Apr-19, 16:49:35 
26-Apr-19, 16:49:36 
26-Apr-19, 16:49:39 
26-Apr-19, 16:49:39 
26-Apr-19, 16:49:40 
26-Apr-19, 16:49:43 
26-Apr-19, 16:49:43 
26-Apr-19, 16:49:44 
26-Apr-19, 16:49:44 
26-Apr-19, 16:49:45 
26-Apr-19, 16:49:49 
26-Apr-19, 16:49:49 
26-Apr-19, 16:49:50 
26-Apr-19, 16:49:51 
26-Apr-19, 16:49:53 
26-Apr-19, 16:49:53 
26-Apr-19, 16:49:54 
26-Apr-19, 16:49:54 
26-Apr-19, 16:49:55 
26-Apr-19, 16:49:56 
26-Apr-19, 16:49:58 
26-Apr-19, 16:49:58 
26-Apr-19, 16:49:59 
26-Apr-19, 16:49:59 
26-Apr-19, 16:50:00 
26-Apr-19, 16:50:01 
26-Apr-19, 16:50:03 
26-Apr-19, 16:50:03 
26-Apr-19, 16:50:04 
26-Apr-19, 16:50:04 
26-Apr-19, 16:50:05 
26-Apr-19, 16:50:06 
26-Apr-19, 16:50:09 
26-Apr-19, 16:50:09 
26-Apr-19, 16:50:10 
26-Apr-19, 16:50:11 
26-Apr-19, 16:50:13 
26-Apr-19, 16:50:13 
26-Apr-19, 16:50:19 
26-Apr-19, 16:50:19 
26-Apr-19, 16:50:20 
26-Apr-19, 16:50:21 
26-Apr-19, 16:50:23 
26-Apr-19, 16:50:23 
26-Apr-19, 16:50:24 
26-Apr-19, 16:50:24 
26-Apr-19, 16:50:25 
26-Apr-19, 16:50:26 
26-Apr-19, 16:50:29 
26-Apr-19, 16:50:29 
26-Apr-19, 16:50:30 
26-Apr-19, 16:50:31 
26-Apr-19, 16:50:33 
26-Apr-19, 16:50:33 
26-Apr-19, 16:50:34 
26-Apr-19, 16:50:34 
26-Apr-19, 16:50:35 
26-Apr-19, 16:50:36 
26-Apr-19, 16:50:38 
26-Apr-19, 16:50:38 
26-Apr-19, 16:50:40 
26-Apr-19, 16:50:41 
26-Apr-19, 16:50:43 
26-Apr-19, 16:50:43 
26-Apr-19, 16:50:44 
26-Apr-19, 16:50:44 
26-Apr-19, 16:50:45 
26-Apr-19, 16:50:46 
26-Apr-19, 16:50:49 
26-Apr-19, 16:50:49 
26-Apr-19, 16:50:50 
26-Apr-19, 16:50:51 
26-Apr-19, 16:50:53 
26-Apr-19, 16:50:53 
26-Apr-19, 16:50:54 
26-Apr-19, 16:50:54 
26-Apr-19, 16:50:55 
26-Apr-19, 16:50:56 
26-Apr-19, 16:50:59 
26-Apr-19, 16:50:59 
26-Apr-19, 16:51:00 
26-Apr-19, 16:51:01 
26-Apr-19, 16:51:03 
26-Apr-19, 16:51:03 
26-Apr-19, 16:51:04 
26-Apr-19, 16:51:04 
26-Apr-19, 16:51:05 
26-Apr-19, 16:51:06 
26-Apr-19, 16:51:09 
26-Apr-19, 16:51:09 
26-Apr-19, 16:51:10 
26-Apr-19, 16:51:11 
26-Apr-19, 16:51:13 
26-Apr-19, 16:51:13 
26-Apr-19, 16:51:19 
26-Apr-19, 16:51:19 
26-Apr-19, 16:51:20 
26-Apr-19, 16:51:21 
26-Apr-19, 16:51:24 
26-Apr-19, 16:51:24 
26-Apr-19, 16:51:25 
26-Apr-19, 16:51:26 
26-Apr-19, 16:51:29 
26-Apr-19, 16:51:29 
26-Apr-19, 16:51:30 
26-Apr-19, 16:51:31 
26-Apr-19, 16:51:33 
26-Apr-19, 16:51:33 
26-Apr-19, 16:51:34 
26-Apr-19, 16:51:34 
26-Apr-19, 16:51:35 
26-Apr-19, 16:51:36 
26-Apr-19, 16:51:39 
26-Apr-19, 16:51:39 
26-Apr-19, 16:51:40 
26-Apr-19, 16:51:41 
26-Apr-19, 16:51:43 
26-Apr-19, 16:51:43 
26-Apr-19, 16:51:44 
26-Apr-19, 16:51:44 
26-Apr-19, 16:51:45 
26-Apr-19, 16:51:46 
26-Apr-19, 16:51:49 
26-Apr-19, 16:51:49 
26-Apr-19, 16:51:50 
26-Apr-19, 16:51:51 
26-Apr-19, 16:51:53 
26-Apr-19, 16:51:53 
26-Apr-19, 16:51:54 
26-Apr-19, 16:51:54 
26-Apr-19, 16:51:55 
26-Apr-19, 16:51:56 
26-Apr-19, 16:51:59 
26-Apr-19, 16:51:59 
26-Apr-19, 16:52:00 
26-Apr-19, 16:52:01 
26-Apr-19, 16:52:04 
26-Apr-19, 16:52:04 
26-Apr-19, 16:52:05 
26-Apr-19, 16:52:06 
26-Apr-19, 16:52:09 
26-Apr-19, 16:52:09 
26-Apr-19, 16:52:10 
26-Apr-19, 16:52:11 
26-Apr-19, 16:52:14 
26-Apr-19, 16:52:14 
26-Apr-19, 16:52:16 
26-Apr-19, 16:52:19 
26-Apr-19, 16:52:19 
26-Apr-19, 16:52:20 
26-Apr-19, 16:52:21 
26-Apr-19, 16:52:23 
26-Apr-19, 16:52:23 
26-Apr-19, 16:52:24 
26-Apr-19, 16:52:24 
26-Apr-19, 16:52:25 
26-Apr-19, 16:52:26 
26-Apr-19, 16:52:29 
26-Apr-19, 16:52:29 
26-Apr-19, 16:52:30 
26-Apr-19, 16:52:31 
26-Apr-19, 16:52:33 
26-Apr-19, 16:52:33 
26-Apr-19, 16:52:34 
26-Apr-19, 16:52:34 
26-Apr-19, 16:52:35 
26-Apr-19, 16:52:36 
26-Apr-19, 16:52:39 
26-Apr-19, 16:52:39 
26-Apr-19, 16:52:40 
26-Apr-19, 16:52:41 
26-Apr-19, 16:52:44 
26-Apr-19, 16:52:44 
26-Apr-19, 16:52:46 
26-Apr-19, 16:52:49 
26-Apr-19, 16:52:49 
26-Apr-19, 16:52:50 
26-Apr-19, 16:52:51 
26-Apr-19, 16:52:54 
26-Apr-19, 16:52:54 
26-Apr-19, 16:52:55 
26-Apr-19, 16:52:56 
26-Apr-19, 16:52:59 
26-Apr-19, 16:52:59 
26-Apr-19, 16:53:00 
26-Apr-19, 16:53:01 
26-Apr-19, 16:53:04 
26-Apr-19, 16:53:04 
26-Apr-19, 16:53:05 
26-Apr-19, 16:53:06 
26-Apr-19, 16:53:09 
26-Apr-19, 16:53:09 
26-Apr-19, 16:53:10 
26-Apr-19, 16:53:11 
26-Apr-19, 16:53:16 
26-Apr-19, 16:53:20 
26-Apr-19, 16:53:21 
26-Apr-19, 16:53:24 
26-Apr-19, 16:53:24 
26-Apr-19, 16:53:25 
26-Apr-19, 16:53:26 
26-Apr-19, 16:53:29 
26-Apr-19, 16:53:29 
26-Apr-19, 16:53:30 
26-Apr-19, 16:53:31 
26-Apr-19, 16:53:33 
26-Apr-19, 16:53:33 
26-Apr-19, 16:53:34 
26-Apr-19, 16:53:34 
26-Apr-19, 16:53:35 
26-Apr-19, 16:53:36 
26-Apr-19, 16:53:39 
26-Apr-19, 16:53:39 
26-Apr-19, 16:53:40 
26-Apr-19, 16:53:41 
26-Apr-19, 16:53:43 
26-Apr-19, 16:53:43 
26-Apr-19, 16:53:44 
26-Apr-19, 16:53:44 
26-Apr-19, 16:53:45 
26-Apr-19, 16:53:46 
26-Apr-19, 16:53:49 
26-Apr-19, 16:53:49 
26-Apr-19, 16:53:50 
26-Apr-19, 16:53:51 
26-Apr-19, 16:53:53 
26-Apr-19, 16:53:53 
26-Apr-19, 16:53:54 
26-Apr-19, 16:53:54 
26-Apr-19, 16:53:55 
26-Apr-19, 16:53:57 
26-Apr-19, 16:53:59 
26-Apr-19, 16:53:59 
26-Apr-19, 16:54:00 
26-Apr-19, 16:54:02 
26-Apr-19, 16:54:04 
26-Apr-19, 16:54:04 
26-Apr-19, 16:54:05 
26-Apr-19, 16:54:07 
26-Apr-19, 16:54:09 
26-Apr-19, 16:54:09 
26-Apr-19, 16:54:10 
26-Apr-19, 16:54:13 
26-Apr-19, 16:54:13 
26-Apr-19, 16:54:14 
26-Apr-19, 16:54:14 
26-Apr-19, 16:54:19 
26-Apr-19, 16:54:19 
26-Apr-19, 16:54:20 
26-Apr-19, 16:54:22 
26-Apr-19, 16:54:23 
26-Apr-19, 16:54:23 
26-Apr-19, 16:54:24 
26-Apr-19, 16:54:24 
26-Apr-19, 16:54:25 
26-Apr-19, 16:54:27 
26-Apr-19, 16:54:29 
26-Apr-19, 16:54:29 
26-Apr-19, 16:54:30 
26-Apr-19, 16:54:32 
26-Apr-19, 16:54:33 
26-Apr-19, 16:54:33 
26-Apr-19, 16:54:34 
26-Apr-19, 16:54:34 
26-Apr-19, 16:54:35 
26-Apr-19, 16:54:39 
26-Apr-19, 16:54:39 
26-Apr-19, 16:54:40 
26-Apr-19, 16:54:42 
26-Apr-19, 16:54:44 
26-Apr-19, 16:54:44 
26-Apr-19, 16:54:47 
26-Apr-19, 16:54:49 
26-Apr-19, 16:54:49 
26-Apr-19, 16:54:50 
26-Apr-19, 16:54:52 
26-Apr-19, 16:54:53 
26-Apr-19, 16:54:53 
26-Apr-19, 16:54:55 
26-Apr-19, 16:54:57 
26-Apr-19, 16:54:59 
26-Apr-19, 16:54:59 
26-Apr-19, 16:55:00 
26-Apr-19, 16:55:02 
26-Apr-19, 16:55:04 
26-Apr-19, 16:55:04 
26-Apr-19, 16:55:05 
26-Apr-19, 16:55:07 
26-Apr-19, 16:55:09 
26-Apr-19, 16:55:09 
26-Apr-19, 16:55:10 
28-Apr-19, 03:54:33 
28-Apr-19, 03:54:42 
28-Apr-19, 03:54:47 
28-Apr-19, 03:55:18 
28-Apr-19, 03:55:27 
28-Apr-19, 03:55:32 
28-Apr-19, 03:55:40 
28-Apr-19, 03:55:54 
28-Apr-19, 03:56:16 
28-Apr-19, 03:56:21 
28-Apr-19, 03:56:27 
28-Apr-19, 03:56:32 
28-Apr-19, 03:56:41 
28-Apr-19, 03:56:46 
28-Apr-19, 03:56:54 
28-Apr-19, 03:57:04 
28-Apr-19, 03:57:11 
28-Apr-19, 03:57:16 
28-Apr-19, 03:57:21 
28-Apr-19, 03:57:26 
28-Apr-19, 03:57:36 
28-Apr-19, 03:57:41 
28-Apr-19, 03:57:46 
28-Apr-19, 03:58:06 
28-Apr-19, 03:58:11 
28-Apr-19, 03:58:16 
28-Apr-19, 03:58:26 
28-Apr-19, 03:58:35 
28-Apr-19, 03:58:40 
28-Apr-19, 03:58:50 
28-Apr-19, 03:58:55 
28-Apr-19, 03:59:06 
28-Apr-19, 03:59:11 
28-Apr-19, 03:59:21 
28-Apr-19, 03:59:26 
28-Apr-19, 03:59:41 
28-Apr-19, 03:59:46 
28-Apr-19, 03:59:51 
28-Apr-19, 04:00:05 
28-Apr-19, 04:00:15 
28-Apr-19, 04:00:20 
28-Apr-19, 04:00:29 
28-Apr-19, 04:00:34 
28-Apr-19, 04:00:42 
28-Apr-19, 04:01:06 
28-Apr-19, 04:01:17 
28-Apr-19, 04:01:22 
28-Apr-19, 04:01:27 
28-Apr-19, 04:01:34 
28-Apr-19, 04:01:39 
28-Apr-19, 04:01:47 
28-Apr-19, 04:01:52 
28-Apr-19, 04:02:05 
28-Apr-19, 04:02:15 
28-Apr-19, 04:02:20 
28-Apr-19, 04:02:30 
28-Apr-19, 04:02:35 
28-Apr-19, 04:02:42 
28-Apr-19, 04:02:53 
28-Apr-19, 04:03:03 
28-Apr-19, 04:03:08 
28-Apr-19, 04:03:15 
28-Apr-19, 04:03:20 
28-Apr-19, 04:03:31 
28-Apr-19, 04:03:36 
28-Apr-19, 04:03:46 
28-Apr-19, 04:03:51 
28-Apr-19, 04:04:03 
28-Apr-19, 04:04:12 
28-Apr-19, 04:04:17 
28-Apr-19, 04:04:22 
28-Apr-19, 04:04:27 
28-Apr-19, 04:04:42 
28-Apr-19, 04:04:47 
28-Apr-19, 04:04:52 
28-Apr-19, 04:05:04 
28-Apr-19, 04:05:09 
28-Apr-19, 04:05:14 
28-Apr-19, 04:05:23 
28-Apr-19, 04:05:28 
28-Apr-19, 04:05:38 
28-Apr-19, 04:05:43 
28-Apr-19, 04:05:54 
28-Apr-19, 04:06:09 
28-Apr-19, 04:06:18 
28-Apr-19, 04:06:23 
28-Apr-19, 04:06:28 
28-Apr-19, 04:06:36 
28-Apr-19, 04:06:37 
28-Apr-19, 04:06:42 
28-Apr-19, 04:06:42 
28-Apr-19, 04:06:47 
28-Apr-19, 04:06:49 
28-Apr-19, 04:06:52 
28-Apr-19, 04:06:54 
28-Apr-19, 04:07:07 
28-Apr-19, 04:07:12 
28-Apr-19, 04:07:13 
28-Apr-19, 04:07:18 
28-Apr-19, 04:07:19 
28-Apr-19, 04:07:23 
28-Apr-19, 04:07:24 
28-Apr-19, 04:07:32 
28-Apr-19, 04:07:37 
28-Apr-19, 04:07:38 
28-Apr-19, 04:07:44 
28-Apr-19, 04:07:46 
28-Apr-19, 04:07:51 
28-Apr-19, 04:08:04 
28-Apr-19, 04:08:07 
28-Apr-19, 04:08:09 
28-Apr-19, 04:08:14 
28-Apr-19, 04:08:14 
28-Apr-19, 04:08:19 
28-Apr-19, 04:08:21 
28-Apr-19, 04:08:24 
28-Apr-19, 04:08:26 
28-Apr-19, 04:08:29 
28-Apr-19, 04:08:38 
28-Apr-19, 04:08:43 
28-Apr-19, 04:08:45 
28-Apr-19, 04:08:50 
28-Apr-19, 04:09:00 
28-Apr-19, 04:09:05 
28-Apr-19, 04:09:12 
28-Apr-19, 04:09:12 
28-Apr-19, 04:09:17 
28-Apr-19, 04:09:17 
28-Apr-19, 04:09:22 
28-Apr-19, 04:09:27 
28-Apr-19, 04:09:29 
28-Apr-19, 04:09:32 
28-Apr-19, 04:09:34 
28-Apr-19, 04:09:38 
28-Apr-19, 04:09:42 
28-Apr-19, 04:09:43 
28-Apr-19, 04:09:47 
28-Apr-19, 04:09:48 
28-Apr-19, 04:09:53 
28-Apr-19, 04:10:05 
28-Apr-19, 04:10:11 
28-Apr-19, 04:10:15 
28-Apr-19, 04:10:16 
28-Apr-19, 04:10:20 
28-Apr-19, 04:10:25 
28-Apr-19, 04:10:30 
28-Apr-19, 04:10:30 
28-Apr-19, 04:10:35 
28-Apr-19, 04:10:35 
28-Apr-19, 04:10:40 
28-Apr-19, 04:10:42 
28-Apr-19, 04:10:45 
28-Apr-19, 04:10:47 
28-Apr-19, 04:11:01 
28-Apr-19, 04:11:08 
28-Apr-19, 04:11:12 
28-Apr-19, 04:11:17 
28-Apr-19, 04:11:17 
28-Apr-19, 04:11:27 
28-Apr-19, 04:11:37 
28-Apr-19, 04:11:37 
28-Apr-19, 04:11:42 
28-Apr-19, 04:11:42 
28-Apr-19, 04:11:47 
28-Apr-19, 04:11:50 
28-Apr-19, 04:11:53 
28-Apr-19, 04:11:55 
28-Apr-19, 04:12:00 
28-Apr-19, 04:12:05 
28-Apr-19, 04:12:10 
28-Apr-19, 04:12:11 
28-Apr-19, 04:12:15 
28-Apr-19, 04:12:16 
28-Apr-19, 04:12:21 
28-Apr-19, 04:12:23 
28-Apr-19, 04:12:26 
28-Apr-19, 04:12:28 
28-Apr-19, 04:12:31 
28-Apr-19, 04:12:36 
28-Apr-19, 04:12:36 
28-Apr-19, 04:12:41 
28-Apr-19, 04:12:42 
28-Apr-19, 04:12:47 
28-Apr-19, 04:12:53 
28-Apr-19, 04:13:03 
28-Apr-19, 04:13:06 
28-Apr-19, 04:13:11 
28-Apr-19, 04:13:13 
28-Apr-19, 04:13:16 
28-Apr-19, 04:13:18 
28-Apr-19, 04:13:25 
28-Apr-19, 04:13:27 
28-Apr-19, 04:13:30 
28-Apr-19, 04:13:44 
28-Apr-19, 04:13:44 
28-Apr-19, 04:13:49 
28-Apr-19, 04:13:50 
28-Apr-19, 04:13:54 
28-Apr-19, 04:13:55 
28-Apr-19, 04:14:06 
28-Apr-19, 04:14:07 
28-Apr-19, 04:14:11 
28-Apr-19, 04:14:16 
28-Apr-19, 04:14:17 
28-Apr-19, 04:14:22 
28-Apr-19, 04:14:28 
28-Apr-19, 04:14:36 
28-Apr-19, 04:14:36 
28-Apr-19, 04:14:41 
28-Apr-19, 04:14:41 
28-Apr-19, 04:14:46 
28-Apr-19, 04:14:49 
28-Apr-19, 04:14:51 
28-Apr-19, 04:14:54 
28-Apr-19, 04:15:02 
28-Apr-19, 04:15:06 
28-Apr-19, 04:15:07 
28-Apr-19, 04:15:12 
28-Apr-19, 04:15:14 
28-Apr-19, 04:15:17 
28-Apr-19, 04:15:19 
28-Apr-19, 04:15:22 
28-Apr-19, 04:15:24 
28-Apr-19, 04:15:27 
28-Apr-19, 04:15:29 
28-Apr-19, 04:15:34 
28-Apr-19, 04:15:42 
28-Apr-19, 04:15:43 
28-Apr-19, 04:15:48 
28-Apr-19, 04:15:51 
28-Apr-19, 04:16:04 
28-Apr-19, 04:16:08 
28-Apr-19, 04:16:09 
28-Apr-19, 04:16:13 
28-Apr-19, 04:16:18 
28-Apr-19, 04:16:22 
28-Apr-19, 04:16:23 
28-Apr-19, 04:16:27 
28-Apr-19, 04:16:31 
28-Apr-19, 04:16:36 
28-Apr-19, 04:16:37 
28-Apr-19, 04:16:42 
28-Apr-19, 04:16:44 
28-Apr-19, 04:16:49 
28-Apr-19, 04:16:53 
28-Apr-19, 04:17:04 
28-Apr-19, 04:17:07 
28-Apr-19, 04:17:09 
28-Apr-19, 04:17:12 
28-Apr-19, 04:17:14 
28-Apr-19, 04:17:17 
28-Apr-19, 04:17:22 
28-Apr-19, 04:17:22 
28-Apr-19, 04:17:29 
28-Apr-19, 04:17:34 
28-Apr-19, 04:17:39 
28-Apr-19, 04:17:44 
28-Apr-19, 04:17:48 
28-Apr-19, 04:17:49 
28-Apr-19, 04:17:53 
28-Apr-19, 04:17:54 
28-Apr-19, 04:18:11 
28-Apr-19, 04:18:16 
28-Apr-19, 04:18:16 
28-Apr-19, 04:18:21 
28-Apr-19, 04:18:23 
28-Apr-19, 04:18:26 
28-Apr-19, 04:18:28 
28-Apr-19, 04:18:33 
28-Apr-19, 04:18:37 
28-Apr-19, 04:18:38 
28-Apr-19, 04:18:42 
28-Apr-19, 04:18:43 
28-Apr-19, 04:18:48 
28-Apr-19, 04:18:51 
28-Apr-19, 04:18:54 
28-Apr-19, 04:19:05 
28-Apr-19, 04:19:09 
28-Apr-19, 04:19:10 
28-Apr-19, 04:19:14 
28-Apr-19, 04:19:15 
28-Apr-19, 04:19:22 
28-Apr-19, 04:19:23 
28-Apr-19, 04:19:27 
28-Apr-19, 04:19:28 
28-Apr-19, 04:19:34 
28-Apr-19, 04:19:36 
28-Apr-19, 04:19:39 
28-Apr-19, 04:19:41 
28-Apr-19, 04:19:44 
28-Apr-19, 04:19:49 
28-Apr-19, 04:19:49 
28-Apr-19, 04:19:54 
28-Apr-19, 04:19:57 
28-Apr-19, 04:20:02 
28-Apr-19, 04:20:04 
28-Apr-19, 04:20:11 
28-Apr-19, 04:20:11 
28-Apr-19, 04:20:16 
28-Apr-19, 04:20:16 
28-Apr-19, 04:20:21 
28-Apr-19, 04:20:23 
28-Apr-19, 04:20:26 
28-Apr-19, 04:20:28 
28-Apr-19, 04:20:31 
28-Apr-19, 04:20:36 
28-Apr-19, 04:20:37 
28-Apr-19, 04:20:41 
28-Apr-19, 04:20:42 
28-Apr-19, 04:20:46 
28-Apr-19, 04:20:50 
28-Apr-19, 04:20:51 
28-Apr-19, 04:20:55 
28-Apr-19, 04:21:00 
28-Apr-19, 04:21:04 
28-Apr-19, 04:21:05 
28-Apr-19, 04:21:10 
28-Apr-19, 04:21:13 
28-Apr-19, 04:21:15 
28-Apr-19, 04:21:18 
28-Apr-19, 04:21:20 
28-Apr-19, 04:21:29 
28-Apr-19, 04:21:31 
28-Apr-19, 04:21:34 
28-Apr-19, 04:21:36 
28-Apr-19, 04:21:40 
28-Apr-19, 04:21:45 
28-Apr-19, 04:21:45 
28-Apr-19, 04:21:50 
28-Apr-19, 04:21:54 
28-Apr-19, 04:22:01 
28-Apr-19, 04:22:04 
28-Apr-19, 04:22:06 
28-Apr-19, 04:22:11 
28-Apr-19, 04:22:14 
28-Apr-19, 04:22:19 
28-Apr-19, 04:22:27 
28-Apr-19, 04:22:32 
28-Apr-19, 04:22:33 
28-Apr-19, 04:22:37 
28-Apr-19, 04:22:44 
28-Apr-19, 04:22:46 
28-Apr-19, 04:22:49 
28-Apr-19, 04:22:51 
28-Apr-19, 04:23:04 
28-Apr-19, 04:23:09 
28-Apr-19, 04:23:14 
28-Apr-19, 04:23:14 
28-Apr-19, 04:23:19 
28-Apr-19, 04:23:19 
28-Apr-19, 04:23:24 
28-Apr-19, 04:23:26 
28-Apr-19, 04:23:29 
28-Apr-19, 04:23:31 
28-Apr-19, 04:23:34 
28-Apr-19, 04:23:36 
28-Apr-19, 04:23:39 
28-Apr-19, 04:23:42 
28-Apr-19, 04:23:47 
28-Apr-19, 04:23:49 
28-Apr-19, 04:23:52 
28-Apr-19, 04:23:54 
28-Apr-19, 04:24:05 
28-Apr-19, 04:24:05 
28-Apr-19, 04:24:07 
28-Apr-19, 04:24:10 
28-Apr-19, 04:24:10 
28-Apr-19, 04:24:12 
28-Apr-19, 04:24:15 
28-Apr-19, 04:24:17 
28-Apr-19, 04:24:20 
28-Apr-19, 04:24:21 
28-Apr-19, 04:24:26 
28-Apr-19, 04:24:28 
28-Apr-19, 04:24:31 
28-Apr-19, 04:24:32 
28-Apr-19, 04:24:33 
28-Apr-19, 04:24:37 
28-Apr-19, 04:24:39 
28-Apr-19, 04:24:41 
28-Apr-19, 04:24:47 
28-Apr-19, 04:24:51 
28-Apr-19, 04:24:52 
28-Apr-19, 04:25:01 
28-Apr-19, 04:25:07 
28-Apr-19, 04:25:07 
28-Apr-19, 04:25:12 
28-Apr-19, 04:25:16 
28-Apr-19, 04:25:17 
28-Apr-19, 04:25:17 
28-Apr-19, 04:25:21 
28-Apr-19, 04:25:27 
28-Apr-19, 04:25:27 
28-Apr-19, 04:25:33 
28-Apr-19, 04:25:37 
28-Apr-19, 04:25:39 
28-Apr-19, 04:25:39 
28-Apr-19, 04:25:44 
28-Apr-19, 04:25:44 
28-Apr-19, 04:25:49 
28-Apr-19, 04:25:50 
28-Apr-19, 04:25:51 
28-Apr-19, 04:25:54 
28-Apr-19, 04:25:55 
28-Apr-19, 04:26:04 
28-Apr-19, 04:26:06 
28-Apr-19, 04:26:06 
28-Apr-19, 04:26:09 
28-Apr-19, 04:26:11 
28-Apr-19, 04:26:16 
28-Apr-19, 04:26:19 
28-Apr-19, 04:26:20 
28-Apr-19, 04:26:21 
28-Apr-19, 04:26:24 
28-Apr-19, 04:26:25 
28-Apr-19, 04:26:28 
28-Apr-19, 04:26:33 
28-Apr-19, 04:26:35 
28-Apr-19, 04:26:36 
28-Apr-19, 04:26:40 
28-Apr-19, 04:26:41 
28-Apr-19, 04:26:41 
28-Apr-19, 04:26:45 
28-Apr-19, 04:26:46 
28-Apr-19, 04:26:48 
28-Apr-19, 04:26:50 
28-Apr-19, 04:26:53 
28-Apr-19, 04:26:54 
28-Apr-19, 04:27:04 
28-Apr-19, 04:27:05 
28-Apr-19, 04:27:09 
28-Apr-19, 04:27:09 
28-Apr-19, 04:27:10 
28-Apr-19, 04:27:14 
28-Apr-19, 04:27:14 
28-Apr-19, 04:27:15 
28-Apr-19, 04:27:20 
28-Apr-19, 04:27:25 
28-Apr-19, 04:27:28 
28-Apr-19, 04:27:28 
28-Apr-19, 04:27:33 
28-Apr-19, 04:27:35 
28-Apr-19, 04:27:36 
28-Apr-19, 04:27:40 
28-Apr-19, 04:27:41 
28-Apr-19, 04:27:42 
28-Apr-19, 04:27:45 
28-Apr-19, 04:27:47 
28-Apr-19, 04:27:50 
28-Apr-19, 04:27:51 
28-Apr-19, 04:27:55 
28-Apr-19, 04:28:01 
28-Apr-19, 04:28:02 
28-Apr-19, 04:28:03 
28-Apr-19, 04:28:07 
28-Apr-19, 04:28:08 
28-Apr-19, 04:28:10 
28-Apr-19, 04:28:12 
28-Apr-19, 04:28:15 
28-Apr-19, 04:28:18 
28-Apr-19, 04:28:20 
28-Apr-19, 04:28:24 
28-Apr-19, 04:28:25 
28-Apr-19, 04:28:27 
28-Apr-19, 04:28:29 
28-Apr-19, 04:28:32 
28-Apr-19, 04:28:35 
28-Apr-19, 04:28:36 
28-Apr-19, 04:28:40 
28-Apr-19, 04:28:41 
28-Apr-19, 04:28:41 
28-Apr-19, 04:28:45 
28-Apr-19, 04:28:46 
28-Apr-19, 04:28:46 
28-Apr-19, 04:28:51 
28-Apr-19, 04:28:54 
28-Apr-19, 04:28:54 
28-Apr-19, 04:28:59 
28-Apr-19, 04:28:59 
28-Apr-19, 04:29:06 
28-Apr-19, 04:29:09 
28-Apr-19, 04:29:11 
28-Apr-19, 04:29:11 
28-Apr-19, 04:29:14 
28-Apr-19, 04:29:16 
28-Apr-19, 04:29:16 
28-Apr-19, 04:29:19 
28-Apr-19, 04:29:21 
28-Apr-19, 04:29:21 
28-Apr-19, 04:29:24 
28-Apr-19, 04:29:26 
28-Apr-19, 04:29:29 
28-Apr-19, 04:29:35 
28-Apr-19, 04:29:35 
28-Apr-19, 04:29:37 
28-Apr-19, 04:29:40 
28-Apr-19, 04:29:40 
28-Apr-19, 04:29:45 
28-Apr-19, 04:29:45 
28-Apr-19, 04:29:50 
28-Apr-19, 04:29:50 
28-Apr-19, 04:29:51 
28-Apr-19, 04:30:00 
28-Apr-19, 04:30:01 
28-Apr-19, 04:30:05 
28-Apr-19, 04:30:06 
28-Apr-19, 04:30:09 
28-Apr-19, 04:30:13 
28-Apr-19, 04:30:13 
28-Apr-19, 04:30:14 
28-Apr-19, 04:30:18 
28-Apr-19, 04:30:18 
28-Apr-19, 04:30:19 
28-Apr-19, 04:30:24 
28-Apr-19, 04:30:24 
28-Apr-19, 04:30:25 
28-Apr-19, 04:30:29 
28-Apr-19, 04:30:30 
28-Apr-19, 04:30:31 
28-Apr-19, 04:30:36 
28-Apr-19, 04:30:39 
28-Apr-19, 04:30:40 
28-Apr-19, 04:30:42 
28-Apr-19, 04:30:44 
28-Apr-19, 04:30:45 
28-Apr-19, 04:30:47 
28-Apr-19, 04:30:53 
28-Apr-19, 04:30:58 
28-Apr-19, 04:31:03 
28-Apr-19, 04:31:06 
28-Apr-19, 04:31:10 
28-Apr-19, 04:31:11 
28-Apr-19, 04:31:14 
28-Apr-19, 04:31:15 
28-Apr-19, 04:31:16 
28-Apr-19, 04:31:19 
28-Apr-19, 04:31:20 
28-Apr-19, 04:31:21 
28-Apr-19, 04:31:29 
28-Apr-19, 04:31:34 
28-Apr-19, 04:31:37 
28-Apr-19, 04:31:40 
28-Apr-19, 04:31:42 
28-Apr-19, 04:31:44 
28-Apr-19, 04:31:45 
28-Apr-19, 04:31:47 
28-Apr-19, 04:31:49 
28-Apr-19, 04:31:51 
28-Apr-19, 04:32:02 
28-Apr-19, 04:32:02 
28-Apr-19, 04:32:04 
28-Apr-19, 04:32:07 
28-Apr-19, 04:32:09 
28-Apr-19, 04:32:12 
28-Apr-19, 04:32:15 
28-Apr-19, 04:32:17 
28-Apr-19, 04:32:25 
28-Apr-19, 04:32:26 
28-Apr-19, 04:32:27 
28-Apr-19, 04:32:31 
28-Apr-19, 04:32:31 
28-Apr-19, 04:32:32 
28-Apr-19, 04:32:36 
28-Apr-19, 04:32:37 
28-Apr-19, 04:32:41 
28-Apr-19, 04:32:41 
28-Apr-19, 04:32:46 
28-Apr-19, 04:32:46 
28-Apr-19, 04:32:47 
28-Apr-19, 04:32:54 
28-Apr-19, 04:33:02 
28-Apr-19, 04:33:04 
28-Apr-19, 04:33:05 
28-Apr-19, 04:33:07 
28-Apr-19, 04:33:09 
28-Apr-19, 04:33:10 
28-Apr-19, 04:33:12 
28-Apr-19, 04:33:14 
28-Apr-19, 04:33:17 
28-Apr-19, 04:33:22 
28-Apr-19, 04:33:24 
28-Apr-19, 04:33:25 
28-Apr-19, 04:33:27 
28-Apr-19, 04:33:29 
28-Apr-19, 04:33:30 
28-Apr-19, 04:33:37 
28-Apr-19, 04:33:38 
28-Apr-19, 04:33:39 
28-Apr-19, 04:33:42 
28-Apr-19, 04:33:43 
28-Apr-19, 04:33:44 
28-Apr-19, 04:33:47 
28-Apr-19, 04:33:48 
28-Apr-19, 04:33:54 
28-Apr-19, 04:33:55 
28-Apr-19, 04:34:01 
28-Apr-19, 04:34:03 
28-Apr-19, 04:34:08 
28-Apr-19, 04:34:08 
28-Apr-19, 04:34:10 
28-Apr-19, 04:34:13 
28-Apr-19, 04:34:13 
28-Apr-19, 04:34:13 
28-Apr-19, 04:34:17 
28-Apr-19, 04:34:18 
28-Apr-19, 04:34:18 
28-Apr-19, 04:34:18 
28-Apr-19, 04:34:22 
28-Apr-19, 04:34:23 
28-Apr-19, 04:34:26 
28-Apr-19, 04:34:27 
28-Apr-19, 04:34:28 
28-Apr-19, 04:34:29 
28-Apr-19, 04:34:31 
28-Apr-19, 04:34:32 
28-Apr-19, 04:34:34 
28-Apr-19, 04:34:37 
28-Apr-19, 04:34:39 
28-Apr-19, 04:34:41 
28-Apr-19, 04:34:42 
28-Apr-19, 04:34:44 
28-Apr-19, 04:34:45 
28-Apr-19, 04:34:46 
28-Apr-19, 04:34:48 
28-Apr-19, 04:34:50 
28-Apr-19, 04:34:53 
28-Apr-19, 04:34:54 
28-Apr-19, 04:34:55 
28-Apr-19, 04:35:02 
28-Apr-19, 04:35:05 
28-Apr-19, 04:35:06 
28-Apr-19, 04:35:06 
28-Apr-19, 04:35:07 
28-Apr-19, 04:35:10 
28-Apr-19, 04:35:11 
28-Apr-19, 04:35:11 
28-Apr-19, 04:35:18 
28-Apr-19, 04:35:18 
28-Apr-19, 04:35:20 
28-Apr-19, 04:35:23 
28-Apr-19, 04:35:23 
28-Apr-19, 04:35:25 
28-Apr-19, 04:35:27 
28-Apr-19, 04:35:29 
28-Apr-19, 04:35:30 
28-Apr-19, 04:35:34 
28-Apr-19, 04:35:41 
28-Apr-19, 04:35:42 
28-Apr-19, 04:35:44 
28-Apr-19, 04:35:46 
28-Apr-19, 04:35:47 
28-Apr-19, 04:35:47 
28-Apr-19, 04:35:49 
28-Apr-19, 04:35:52 
28-Apr-19, 04:35:52 
28-Apr-19, 04:35:54 
28-Apr-19, 04:36:01 
28-Apr-19, 04:36:05 
28-Apr-19, 04:36:06 
28-Apr-19, 04:36:07 
28-Apr-19, 04:36:08 
28-Apr-19, 04:36:10 
28-Apr-19, 04:36:11 
28-Apr-19, 04:36:12 
28-Apr-19, 04:36:13 
28-Apr-19, 04:36:15 
28-Apr-19, 04:36:18 
28-Apr-19, 04:36:18 
28-Apr-19, 04:36:21 
28-Apr-19, 04:36:23 
28-Apr-19, 04:36:24 
28-Apr-19, 04:36:26 
28-Apr-19, 04:36:28 
28-Apr-19, 04:36:29 
28-Apr-19, 04:36:31 
28-Apr-19, 04:36:33 
28-Apr-19, 04:36:33 
28-Apr-19, 04:36:34 
28-Apr-19, 04:36:36 
28-Apr-19, 04:36:38 
28-Apr-19, 04:36:39 
28-Apr-19, 04:36:44 
28-Apr-19, 04:36:46 
28-Apr-19, 04:36:47 
28-Apr-19, 04:36:48 
28-Apr-19, 04:36:49 
28-Apr-19, 04:36:51 
28-Apr-19, 04:36:52 
28-Apr-19, 04:36:53 
28-Apr-19, 04:36:55 
28-Apr-19, 04:36:58 
28-Apr-19, 04:37:03 
28-Apr-19, 04:37:06 
28-Apr-19, 04:37:06 
28-Apr-19, 04:37:11 
28-Apr-19, 04:37:11 
28-Apr-19, 04:37:11 
28-Apr-19, 04:37:16 
28-Apr-19, 04:37:16 
28-Apr-19, 04:37:20 
28-Apr-19, 04:37:21 
28-Apr-19, 04:37:21 
28-Apr-19, 04:37:25 
28-Apr-19, 04:37:27 
28-Apr-19, 04:37:31 
28-Apr-19, 04:37:35 
28-Apr-19, 04:37:35 
28-Apr-19, 04:37:35 
28-Apr-19, 04:37:40 
28-Apr-19, 04:37:40 
28-Apr-19, 04:37:40 
28-Apr-19, 04:37:42 
28-Apr-19, 04:37:45 
28-Apr-19, 04:37:47 
28-Apr-19, 04:37:47 
28-Apr-19, 04:37:50 
28-Apr-19, 04:37:51 
28-Apr-19, 04:37:52 
28-Apr-19, 04:37:52 
28-Apr-19, 04:38:02 
28-Apr-19, 04:38:02 
28-Apr-19, 04:38:02 
28-Apr-19, 04:38:07 
28-Apr-19, 04:38:10 
28-Apr-19, 04:38:10 
28-Apr-19, 04:38:10 
28-Apr-19, 04:38:12 
28-Apr-19, 04:38:15 
28-Apr-19, 04:38:15 
28-Apr-19, 04:38:15 
28-Apr-19, 04:38:17 
28-Apr-19, 04:38:20 
28-Apr-19, 04:38:22 
28-Apr-19, 04:38:27 
28-Apr-19, 04:38:28 
28-Apr-19, 04:38:28 
28-Apr-19, 04:38:28 
28-Apr-19, 04:38:33 
28-Apr-19, 04:38:38 
28-Apr-19, 04:38:38 
28-Apr-19, 04:38:38 
28-Apr-19, 04:38:43 
28-Apr-19, 04:38:43 
28-Apr-19, 04:38:43 
28-Apr-19, 04:38:43 
28-Apr-19, 04:38:48 
28-Apr-19, 04:38:49 
28-Apr-19, 04:38:51 
28-Apr-19, 04:38:53 
28-Apr-19, 04:39:00 
28-Apr-19, 04:39:02 
28-Apr-19, 04:39:05 
28-Apr-19, 04:39:12 
28-Apr-19, 04:39:12 
28-Apr-19, 04:39:12 
28-Apr-19, 04:39:13 
28-Apr-19, 04:39:17 
28-Apr-19, 04:39:18 
28-Apr-19, 04:39:18 
28-Apr-19, 04:39:22 
28-Apr-19, 04:39:22 
28-Apr-19, 04:39:23 
28-Apr-19, 04:39:23 
28-Apr-19, 04:39:27 
28-Apr-19, 04:39:28 
28-Apr-19, 04:39:28 
28-Apr-19, 04:39:31 
28-Apr-19, 04:39:33 
28-Apr-19, 04:39:33 
28-Apr-19, 04:39:36 
28-Apr-19, 04:39:37 
28-Apr-19, 04:39:41 
28-Apr-19, 04:39:41 
28-Apr-19, 04:39:42 
28-Apr-19, 04:39:45 
28-Apr-19, 04:39:46 
28-Apr-19, 04:39:50 
28-Apr-19, 04:39:50 
28-Apr-19, 04:39:51 
28-Apr-19, 04:39:52 
28-Apr-19, 04:39:55 
28-Apr-19, 04:40:03 
28-Apr-19, 04:40:04 
28-Apr-19, 04:40:05 
28-Apr-19, 04:40:05 
28-Apr-19, 04:40:08 
28-Apr-19, 04:40:09 
28-Apr-19, 04:40:10 
28-Apr-19, 04:40:10 
28-Apr-19, 04:40:15 
28-Apr-19, 04:40:15 
28-Apr-19, 04:40:15 
28-Apr-19, 04:40:16 
28-Apr-19, 04:40:20 
28-Apr-19, 04:40:21 
28-Apr-19, 04:40:25 
28-Apr-19, 04:40:28 
28-Apr-19, 04:40:30 
28-Apr-19, 04:40:30 
28-Apr-19, 04:40:31 
28-Apr-19, 04:40:33 
28-Apr-19, 04:40:35 
28-Apr-19, 04:40:35 
28-Apr-19, 04:40:38 
28-Apr-19, 04:40:43 
28-Apr-19, 04:40:43 
28-Apr-19, 04:40:44 
28-Apr-19, 04:40:45 
28-Apr-19, 04:40:48 
28-Apr-19, 04:40:49 
28-Apr-19, 04:40:58 
28-Apr-19, 04:40:58 
28-Apr-19, 04:41:04 
28-Apr-19, 04:41:06 
28-Apr-19, 04:41:06 
28-Apr-19, 04:41:09 
28-Apr-19, 04:41:11 
28-Apr-19, 04:41:11 
28-Apr-19, 04:41:14 
28-Apr-19, 04:41:14 
28-Apr-19, 04:41:16 
28-Apr-19, 04:41:16 
28-Apr-19, 04:41:19 
28-Apr-19, 04:41:19 
28-Apr-19, 04:41:23 
28-Apr-19, 04:41:24 
28-Apr-19, 04:41:24 
28-Apr-19, 04:41:27 
28-Apr-19, 04:41:28 
28-Apr-19, 04:41:33 
28-Apr-19, 04:41:35 
28-Apr-19, 04:41:37 
28-Apr-19, 04:41:37 
28-Apr-19, 04:41:40 
28-Apr-19, 04:41:45 
28-Apr-19, 04:41:47 
28-Apr-19, 04:41:48 
28-Apr-19, 04:41:48 
28-Apr-19, 04:41:52 
28-Apr-19, 04:41:53 
28-Apr-19, 04:41:53 
28-Apr-19, 04:41:54 
28-Apr-19, 04:42:00 
28-Apr-19, 04:42:01 
28-Apr-19, 04:42:05 
28-Apr-19, 04:42:06 
28-Apr-19, 04:42:06 
28-Apr-19, 04:42:07 
28-Apr-19, 04:42:11 
28-Apr-19, 04:42:13 
28-Apr-19, 04:42:14 
28-Apr-19, 04:42:16 
28-Apr-19, 04:42:17 
28-Apr-19, 04:42:18 
28-Apr-19, 04:42:19 
28-Apr-19, 04:42:22 
28-Apr-19, 04:42:23 
28-Apr-19, 04:42:24 
28-Apr-19, 04:42:27 
28-Apr-19, 04:42:29 
28-Apr-19, 04:42:31 
28-Apr-19, 04:42:32 
28-Apr-19, 04:42:34 
28-Apr-19, 04:42:34 
28-Apr-19, 04:42:37 
28-Apr-19, 04:42:40 
28-Apr-19, 04:42:40 
28-Apr-19, 04:42:42 
28-Apr-19, 04:42:45 
28-Apr-19, 04:42:45 
28-Apr-19, 04:42:46 
28-Apr-19, 04:42:47 
28-Apr-19, 04:42:51 
28-Apr-19, 04:42:55 
28-Apr-19, 04:43:05 
28-Apr-19, 04:43:08 
28-Apr-19, 04:43:09 
28-Apr-19, 04:43:09 
28-Apr-19, 04:43:14 
28-Apr-19, 04:43:14 
28-Apr-19, 04:43:15 
28-Apr-19, 04:43:19 
28-Apr-19, 04:43:20 
28-Apr-19, 04:43:20 
28-Apr-19, 04:43:21 
28-Apr-19, 04:43:25 
28-Apr-19, 04:43:25 
28-Apr-19, 04:43:25 
28-Apr-19, 04:43:26 
28-Apr-19, 04:43:30 
28-Apr-19, 04:43:30 
28-Apr-19, 04:43:31 
28-Apr-19, 04:43:35 
28-Apr-19, 04:43:35 
28-Apr-19, 04:43:40 
28-Apr-19, 04:43:44 
28-Apr-19, 04:43:44 
28-Apr-19, 04:43:46 
28-Apr-19, 04:43:48 
28-Apr-19, 04:43:49 
28-Apr-19, 04:43:49 
28-Apr-19, 04:43:51 
28-Apr-19, 04:44:04 
28-Apr-19, 04:44:05 
28-Apr-19, 04:44:08 
28-Apr-19, 04:44:14 
28-Apr-19, 04:44:16 
28-Apr-19, 04:44:17 
28-Apr-19, 04:44:19 
28-Apr-19, 04:44:20 
28-Apr-19, 04:44:21 
28-Apr-19, 04:44:22 
28-Apr-19, 04:44:24 
28-Apr-19, 04:44:25 
28-Apr-19, 04:44:26 
28-Apr-19, 04:44:29 
28-Apr-19, 04:44:33 
28-Apr-19, 04:44:33 
28-Apr-19, 04:44:35 
28-Apr-19, 04:44:37 
28-Apr-19, 04:44:38 
28-Apr-19, 04:44:38 
28-Apr-19, 04:44:40 
28-Apr-19, 04:44:44 
28-Apr-19, 04:44:45 
28-Apr-19, 04:44:48 
28-Apr-19, 04:44:49 
28-Apr-19, 04:44:49 
28-Apr-19, 04:44:52 
28-Apr-19, 04:44:53 
28-Apr-19, 04:44:54 
28-Apr-19, 04:44:54 
28-Apr-19, 04:44:57 
28-Apr-19, 04:45:00 
28-Apr-19, 04:45:01 
28-Apr-19, 04:45:02 
28-Apr-19, 04:45:04 
28-Apr-19, 04:45:05 
28-Apr-19, 04:45:06 
28-Apr-19, 04:45:07 
28-Apr-19, 04:45:12 
28-Apr-19, 04:45:12 
28-Apr-19, 04:45:13 
28-Apr-19, 04:45:14 
28-Apr-19, 04:45:17 
28-Apr-19, 04:45:17 
28-Apr-19, 04:45:18 
28-Apr-19, 04:45:19 
28-Apr-19, 04:45:22 
28-Apr-19, 04:45:23 
28-Apr-19, 04:45:24 
28-Apr-19, 04:45:27 
28-Apr-19, 04:45:29 
28-Apr-19, 04:45:30 
28-Apr-19, 04:45:33 
28-Apr-19, 04:45:35 
28-Apr-19, 04:45:38 
28-Apr-19, 04:45:38 
28-Apr-19, 04:45:38 
28-Apr-19, 04:45:45 
28-Apr-19, 04:45:45 
28-Apr-19, 04:45:50 
28-Apr-19, 04:45:50 
28-Apr-19, 04:45:52 
28-Apr-19, 04:45:53 
28-Apr-19, 04:45:55 
28-Apr-19, 04:46:02 
28-Apr-19, 04:46:03 
28-Apr-19, 04:46:06 
28-Apr-19, 04:46:07 
28-Apr-19, 04:46:08 
28-Apr-19, 04:46:11 
28-Apr-19, 04:46:11 
28-Apr-19, 04:46:12 
28-Apr-19, 04:46:13 
28-Apr-19, 04:46:16 
28-Apr-19, 04:46:16 
28-Apr-19, 04:46:19 
28-Apr-19, 04:46:23 
28-Apr-19, 04:46:23 
28-Apr-19, 04:46:24 
28-Apr-19, 04:46:26 
28-Apr-19, 04:46:28 
28-Apr-19, 04:46:28 
28-Apr-19, 04:46:31 
28-Apr-19, 04:46:31 
28-Apr-19, 04:46:35 
28-Apr-19, 04:46:36 
28-Apr-19, 04:46:36 
28-Apr-19, 04:46:40 
28-Apr-19, 04:46:40 
28-Apr-19, 04:46:41 
28-Apr-19, 04:46:43 
28-Apr-19, 04:46:45 
28-Apr-19, 04:46:46 
28-Apr-19, 04:46:46 
28-Apr-19, 04:46:48 
28-Apr-19, 04:46:50 
28-Apr-19, 04:46:51 
28-Apr-19, 04:46:51 
28-Apr-19, 04:46:57 
28-Apr-19, 04:47:01 
28-Apr-19, 04:47:01 
28-Apr-19, 04:47:01 
28-Apr-19, 04:47:02 
28-Apr-19, 04:47:06 
28-Apr-19, 04:47:08 
28-Apr-19, 04:47:11 
28-Apr-19, 04:47:12 
28-Apr-19, 04:47:13 
28-Apr-19, 04:47:13 
28-Apr-19, 04:47:16 
28-Apr-19, 04:47:17 
28-Apr-19, 04:47:18 
28-Apr-19, 04:47:21 
28-Apr-19, 04:47:22 
28-Apr-19, 04:47:22 
28-Apr-19, 04:47:23 
28-Apr-19, 04:47:26 
28-Apr-19, 04:47:30 
28-Apr-19, 04:47:31 
28-Apr-19, 04:47:33 
28-Apr-19, 04:47:35 
28-Apr-19, 04:47:36 
28-Apr-19, 04:47:37 
28-Apr-19, 04:47:38 
28-Apr-19, 04:47:41 
28-Apr-19, 04:47:43 
28-Apr-19, 04:47:44 
28-Apr-19, 04:47:48 
28-Apr-19, 04:47:48 
28-Apr-19, 04:47:49 
28-Apr-19, 04:47:53 
28-Apr-19, 04:47:54 
28-Apr-19, 04:48:07 
28-Apr-19, 04:48:08 
28-Apr-19, 04:48:09 
28-Apr-19, 04:48:11 
28-Apr-19, 04:48:13 
28-Apr-19, 04:48:14 
28-Apr-19, 04:48:15 
28-Apr-19, 04:48:16 
28-Apr-19, 04:48:18 
28-Apr-19, 04:48:20 
28-Apr-19, 04:48:25 
28-Apr-19, 04:48:25 
28-Apr-19, 04:48:26 
28-Apr-19, 04:48:30 
28-Apr-19, 04:48:30 
28-Apr-19, 04:48:30 
28-Apr-19, 04:48:31 
28-Apr-19, 04:48:35 
28-Apr-19, 04:48:36 
28-Apr-19, 04:48:38 
28-Apr-19, 04:48:40 
28-Apr-19, 04:48:45 
28-Apr-19, 04:48:45 
28-Apr-19, 04:48:48 
28-Apr-19, 04:48:49 
28-Apr-19, 04:48:50 
28-Apr-19, 04:48:50 
28-Apr-19, 04:48:53 
28-Apr-19, 04:48:54 
28-Apr-19, 04:49:04 
28-Apr-19, 04:49:06 
28-Apr-19, 04:49:07 
28-Apr-19, 04:49:08 
28-Apr-19, 04:49:09 
28-Apr-19, 04:49:14 
28-Apr-19, 04:49:15 
28-Apr-19, 04:49:17 
28-Apr-19, 04:49:19 
28-Apr-19, 04:49:20 
28-Apr-19, 04:49:22 
28-Apr-19, 04:49:26 
28-Apr-19, 04:49:27 
28-Apr-19, 04:49:28 
28-Apr-19, 04:49:31 
28-Apr-19, 04:49:31 
28-Apr-19, 04:49:34 
28-Apr-19, 04:49:36 
28-Apr-19, 04:49:36 
28-Apr-19, 04:49:39 
28-Apr-19, 04:49:41 
28-Apr-19, 04:49:43 
28-Apr-19, 04:49:46 
28-Apr-19, 04:49:46 
28-Apr-19, 04:49:48 
28-Apr-19, 04:49:48 
28-Apr-19, 04:49:51 
28-Apr-19, 04:49:53 
28-Apr-19, 04:49:53 
28-Apr-19, 04:49:55 
28-Apr-19, 04:49:58 
28-Apr-19, 04:50:04 
28-Apr-19, 04:50:05 
28-Apr-19, 04:50:06 
28-Apr-19, 04:50:09 
28-Apr-19, 04:50:10 
28-Apr-19, 04:50:11 
28-Apr-19, 04:50:13 
28-Apr-19, 04:50:15 
28-Apr-19, 04:50:17 
28-Apr-19, 04:50:18 
28-Apr-19, 04:50:18 
28-Apr-19, 04:50:20 
28-Apr-19, 04:50:22 
28-Apr-19, 04:50:23 
28-Apr-19, 04:50:23 
28-Apr-19, 04:50:25 
28-Apr-19, 04:50:30 
28-Apr-19, 04:50:30 
28-Apr-19, 04:50:35 
28-Apr-19, 04:50:36 
28-Apr-19, 04:50:36 
28-Apr-19, 04:50:38 
28-Apr-19, 04:50:41 
28-Apr-19, 04:50:43 
28-Apr-19, 04:50:44 
28-Apr-19, 04:50:44 
28-Apr-19, 04:50:48 
28-Apr-19, 04:50:49 
28-Apr-19, 04:50:49 
28-Apr-19, 04:50:51 
28-Apr-19, 04:50:54 
28-Apr-19, 04:50:57 
28-Apr-19, 04:51:01 
28-Apr-19, 04:51:01 
28-Apr-19, 04:51:06 
28-Apr-19, 04:51:09 
28-Apr-19, 04:51:10 
28-Apr-19, 04:51:13 
28-Apr-19, 04:51:14 
28-Apr-19, 04:51:15 
28-Apr-19, 04:51:16 
28-Apr-19, 04:51:18 
28-Apr-19, 04:51:21 
28-Apr-19, 04:51:23 
28-Apr-19, 04:51:23 
28-Apr-19, 04:51:24 
28-Apr-19, 04:51:28 
28-Apr-19, 04:51:28 
28-Apr-19, 04:51:28 
28-Apr-19, 04:51:29 
28-Apr-19, 04:51:33 
28-Apr-19, 04:51:35 
28-Apr-19, 04:51:38 
28-Apr-19, 04:51:40 
28-Apr-19, 04:51:40 
28-Apr-19, 04:51:43 
28-Apr-19, 04:51:43 
28-Apr-19, 04:51:45 
28-Apr-19, 04:51:48 
28-Apr-19, 04:51:50 
28-Apr-19, 04:51:50 
28-Apr-19, 04:51:52 
28-Apr-19, 04:51:53 
28-Apr-19, 04:51:55 
28-Apr-19, 04:51:55 
28-Apr-19, 04:52:05 
28-Apr-19, 04:52:07 
28-Apr-19, 04:52:07 
28-Apr-19, 04:52:08 
28-Apr-19, 04:52:12 
28-Apr-19, 04:52:13 
28-Apr-19, 04:52:21 
28-Apr-19, 04:52:21 
28-Apr-19, 04:52:22 
28-Apr-19, 04:52:22 
28-Apr-19, 04:52:26 
28-Apr-19, 04:52:27 
28-Apr-19, 04:52:27 
28-Apr-19, 04:52:29 
28-Apr-19, 04:52:32 
28-Apr-19, 04:52:33 
28-Apr-19, 04:52:33 
28-Apr-19, 04:52:34 
28-Apr-19, 04:52:37 
28-Apr-19, 04:52:38 
28-Apr-19, 04:52:38 
28-Apr-19, 04:52:39 
28-Apr-19, 04:52:43 
28-Apr-19, 04:52:47 
28-Apr-19, 04:52:47 
28-Apr-19, 04:52:47 
28-Apr-19, 04:52:49 
28-Apr-19, 04:52:52 
28-Apr-19, 04:52:52 
28-Apr-19, 04:52:52 
28-Apr-19, 04:52:54 
28-Apr-19, 04:52:57 
28-Apr-19, 04:52:57 
28-Apr-19, 04:53:03 
28-Apr-19, 04:53:06 
28-Apr-19, 04:53:07 
28-Apr-19, 04:53:08 
28-Apr-19, 04:53:10 
28-Apr-19, 04:53:12 
28-Apr-19, 04:53:13 
28-Apr-19, 04:53:15 
28-Apr-19, 04:53:17 
28-Apr-19, 04:53:18 
28-Apr-19, 04:53:19 
28-Apr-19, 04:53:23 
28-Apr-19, 04:53:24 
28-Apr-19, 04:53:24 
28-Apr-19, 04:53:26 
28-Apr-19, 04:53:28 
28-Apr-19, 04:53:29 
28-Apr-19, 04:53:29 
28-Apr-19, 04:53:31 
28-Apr-19, 04:53:33 
28-Apr-19, 04:53:36 
28-Apr-19, 04:53:36 
28-Apr-19, 04:53:37 
28-Apr-19, 04:53:38 
28-Apr-19, 04:53:41 
28-Apr-19, 04:53:42 
28-Apr-19, 04:53:44 
28-Apr-19, 04:53:46 
28-Apr-19, 04:53:46 
28-Apr-19, 04:53:49 
28-Apr-19, 04:53:51 
28-Apr-19, 04:53:51 
28-Apr-19, 04:53:53 
28-Apr-19, 04:54:05 
28-Apr-19, 04:54:07 
28-Apr-19, 04:54:08 
28-Apr-19, 04:54:10 
28-Apr-19, 04:54:10 
28-Apr-19, 04:54:12 
28-Apr-19, 04:54:13 
28-Apr-19, 04:54:18 
28-Apr-19, 04:54:19 
28-Apr-19, 04:54:22 
28-Apr-19, 04:54:23 
28-Apr-19, 04:54:24 
28-Apr-19, 04:54:26 
28-Apr-19, 04:54:27 
28-Apr-19, 04:54:28 
28-Apr-19, 04:54:31 
28-Apr-19, 04:54:32 
28-Apr-19, 04:54:33 
28-Apr-19, 04:54:35 
28-Apr-19, 04:54:36 
28-Apr-19, 04:54:38 
28-Apr-19, 04:54:40 
28-Apr-19, 04:54:41 
28-Apr-19, 04:54:41 
28-Apr-19, 04:54:46 
28-Apr-19, 04:54:48 
28-Apr-19, 04:54:48 
28-Apr-19, 04:54:51 
28-Apr-19, 04:54:53 
28-Apr-19, 04:55:02 
28-Apr-19, 04:55:03 
28-Apr-19, 04:55:03 
28-Apr-19, 04:55:04 
28-Apr-19, 04:55:08 
28-Apr-19, 04:55:09 
28-Apr-19, 04:55:10 
28-Apr-19, 04:55:12 
28-Apr-19, 04:55:15 
28-Apr-19, 04:55:16 
28-Apr-19, 04:55:19 
28-Apr-19, 04:55:19 
28-Apr-19, 04:55:21 
28-Apr-19, 04:55:23 
28-Apr-19, 04:55:24 
28-Apr-19, 04:55:27 
28-Apr-19, 04:55:28 
28-Apr-19, 04:55:33 
28-Apr-19, 04:55:35 
28-Apr-19, 04:55:38 
28-Apr-19, 04:55:38 
28-Apr-19, 04:55:40 
28-Apr-19, 04:55:40 
28-Apr-19, 04:55:43 
28-Apr-19, 04:55:43 
28-Apr-19, 04:55:45 
28-Apr-19, 04:55:49 
28-Apr-19, 04:55:50 
28-Apr-19, 04:55:52 
28-Apr-19, 04:55:53 
28-Apr-19, 04:55:54 
28-Apr-19, 04:55:55 
28-Apr-19, 04:56:02 
28-Apr-19, 04:56:06 
28-Apr-19, 04:56:09 
28-Apr-19, 04:56:09 
28-Apr-19, 04:56:10 
28-Apr-19, 04:56:11 
28-Apr-19, 04:56:14 
28-Apr-19, 04:56:14 
28-Apr-19, 04:56:15 
28-Apr-19, 04:56:19 
28-Apr-19, 04:56:20 
28-Apr-19, 04:56:21 
28-Apr-19, 04:56:24 
28-Apr-19, 04:56:24 
28-Apr-19, 04:56:29 
28-Apr-19, 04:56:30 
28-Apr-19, 04:56:30 
28-Apr-19, 04:56:30 
28-Apr-19, 04:56:34 
28-Apr-19, 04:56:35 
28-Apr-19, 04:56:35 
28-Apr-19, 04:56:35 
28-Apr-19, 04:56:39 
28-Apr-19, 04:56:42 
28-Apr-19, 04:56:43 
28-Apr-19, 04:56:44 
28-Apr-19, 04:56:45 
28-Apr-19, 04:56:47 
28-Apr-19, 04:56:48 
28-Apr-19, 04:56:49 
28-Apr-19, 04:56:50 
28-Apr-19, 04:56:53 
28-Apr-19, 04:56:54 
28-Apr-19, 04:56:55 
28-Apr-19, 04:56:55 
28-Apr-19, 04:57:03 
28-Apr-19, 04:57:06 
28-Apr-19, 04:57:11 
28-Apr-19, 04:57:13 
28-Apr-19, 04:57:14 
28-Apr-19, 04:57:18 
28-Apr-19, 04:57:23 
28-Apr-19, 04:57:24 
28-Apr-19, 04:57:25 
28-Apr-19, 04:57:28 
28-Apr-19, 04:57:30 
28-Apr-19, 04:57:35 
28-Apr-19, 04:57:38 
28-Apr-19, 04:57:38 
28-Apr-19, 04:57:38 
28-Apr-19, 04:57:40 
28-Apr-19, 04:57:43 
28-Apr-19, 04:57:43 
28-Apr-19, 04:57:43 
28-Apr-19, 04:57:45 
28-Apr-19, 04:57:50 
28-Apr-19, 04:57:52 
28-Apr-19, 04:57:52 
28-Apr-19, 04:57:53 
28-Apr-19, 04:57:55 
28-Apr-19, 04:57:57 
28-Apr-19, 04:57:57 
28-Apr-19, 04:58:02 
28-Apr-19, 04:58:03 
28-Apr-19, 04:58:03 
28-Apr-19, 04:58:06 
28-Apr-19, 04:58:07 
28-Apr-19, 04:58:08 
28-Apr-19, 04:58:08 
28-Apr-19, 04:58:14 
28-Apr-19, 04:58:16 
28-Apr-19, 04:58:17 
28-Apr-19, 04:58:19 
28-Apr-19, 04:58:19 
28-Apr-19, 04:58:21 
28-Apr-19, 04:58:22 
28-Apr-19, 04:58:24 
28-Apr-19, 04:58:24 
28-Apr-19, 04:58:26 
28-Apr-19, 04:58:27 
28-Apr-19, 04:58:29 
28-Apr-19, 04:58:30 
28-Apr-19, 04:58:31 
28-Apr-19, 04:58:32 
28-Apr-19, 04:58:34 
28-Apr-19, 04:58:35 
28-Apr-19, 04:58:36 
28-Apr-19, 04:58:38 
28-Apr-19, 04:58:41 
28-Apr-19, 04:58:42 
28-Apr-19, 04:58:43 
28-Apr-19, 04:58:44 
28-Apr-19, 04:58:46 
28-Apr-19, 04:58:47 
28-Apr-19, 04:58:48 
28-Apr-19, 04:58:49 
28-Apr-19, 04:59:06 
28-Apr-19, 04:59:08 
28-Apr-19, 04:59:09 
28-Apr-19, 04:59:11 
28-Apr-19, 04:59:13 
28-Apr-19, 04:59:14 
28-Apr-19, 04:59:16 
28-Apr-19, 04:59:16 
28-Apr-19, 04:59:19 
28-Apr-19, 04:59:21 
28-Apr-19, 04:59:21 
28-Apr-19, 04:59:21 
28-Apr-19, 04:59:26 
28-Apr-19, 04:59:26 
28-Apr-19, 04:59:27 
28-Apr-19, 04:59:30 
28-Apr-19, 04:59:34 
28-Apr-19, 04:59:35 
28-Apr-19, 04:59:36 
28-Apr-19, 04:59:39 
28-Apr-19, 04:59:40 
28-Apr-19, 04:59:41 
28-Apr-19, 04:59:41 
28-Apr-19, 04:59:44 
28-Apr-19, 04:59:46 
28-Apr-19, 04:59:46 
28-Apr-19, 04:59:49 
28-Apr-19, 04:59:51 
28-Apr-19, 04:59:54 
28-Apr-19, 04:59:54 
28-Apr-19, 04:59:57 
28-Apr-19, 05:00:07 
28-Apr-19, 05:00:08 
28-Apr-19, 05:00:10 
28-Apr-19, 05:00:10 
28-Apr-19, 05:00:13 
28-Apr-19, 05:00:14 
28-Apr-19, 05:00:15 
28-Apr-19, 05:00:19 
28-Apr-19, 05:00:19 
28-Apr-19, 05:00:20 
28-Apr-19, 05:00:21 
28-Apr-19, 05:00:24 
28-Apr-19, 05:00:25 
28-Apr-19, 05:00:26 
28-Apr-19, 05:00:29 
28-Apr-19, 05:00:30 
28-Apr-19, 05:00:30 
28-Apr-19, 05:00:34 
28-Apr-19, 05:00:35 
28-Apr-19, 05:00:35 
28-Apr-19, 05:00:39 
28-Apr-19, 05:00:40 
28-Apr-19, 05:00:40 
28-Apr-19, 05:00:42 
28-Apr-19, 05:00:44 
28-Apr-19, 05:00:45 
28-Apr-19, 05:00:47 
28-Apr-19, 05:00:48 
28-Apr-19, 05:00:52 
28-Apr-19, 05:00:55 
28-Apr-19, 05:01:00 
28-Apr-19, 05:01:00 
28-Apr-19, 05:01:05 
28-Apr-19, 05:01:05 
28-Apr-19, 05:01:06 
28-Apr-19, 05:01:09 
28-Apr-19, 05:01:10 
28-Apr-19, 05:01:14 
28-Apr-19, 05:01:15 
28-Apr-19, 05:01:15 
28-Apr-19, 05:01:17 
28-Apr-19, 05:01:19 
28-Apr-19, 05:01:20 
28-Apr-19, 05:01:20 
28-Apr-19, 05:01:22 
28-Apr-19, 05:01:25 
28-Apr-19, 05:01:28 
28-Apr-19, 05:01:29 
28-Apr-19, 05:01:30 
28-Apr-19, 05:01:30 
28-Apr-19, 05:01:33 
28-Apr-19, 05:01:34 
28-Apr-19, 05:01:35 
28-Apr-19, 05:01:35 
28-Apr-19, 05:01:38 
28-Apr-19, 05:01:42 
28-Apr-19, 05:01:44 
28-Apr-19, 05:01:45 
28-Apr-19, 05:01:47 
28-Apr-19, 05:01:48 
28-Apr-19, 05:01:49 
28-Apr-19, 05:01:50 
28-Apr-19, 05:01:53 
28-Apr-19, 05:01:53 
28-Apr-19, 05:01:54 
28-Apr-19, 05:02:05 
28-Apr-19, 05:02:06 
28-Apr-19, 05:02:09 
28-Apr-19, 05:02:10 
28-Apr-19, 05:02:11 
28-Apr-19, 05:02:12 
28-Apr-19, 05:02:14 
28-Apr-19, 05:02:15 
28-Apr-19, 05:02:17 
28-Apr-19, 05:02:18 
28-Apr-19, 05:02:20 
28-Apr-19, 05:02:20 
28-Apr-19, 05:02:23 
28-Apr-19, 05:02:25 
28-Apr-19, 05:02:26 
28-Apr-19, 05:02:30 
28-Apr-19, 05:02:31 
28-Apr-19, 05:02:31 
28-Apr-19, 05:02:32 
28-Apr-19, 05:02:36 
28-Apr-19, 05:02:37 
28-Apr-19, 05:02:40 
28-Apr-19, 05:02:41 
28-Apr-19, 05:02:42 
28-Apr-19, 05:02:45 
28-Apr-19, 05:02:47 
28-Apr-19, 05:02:48 
28-Apr-19, 05:02:52 
28-Apr-19, 05:02:53 
28-Apr-19, 05:02:54 
28-Apr-19, 05:02:55 
28-Apr-19, 05:02:59 
28-Apr-19, 05:03:02 
28-Apr-19, 05:03:05 
28-Apr-19, 05:03:08 
28-Apr-19, 05:03:09 
28-Apr-19, 05:03:11 
28-Apr-19, 05:03:13 
28-Apr-19, 05:03:13 
28-Apr-19, 05:03:14 
28-Apr-19, 05:03:16 
28-Apr-19, 05:03:18 
28-Apr-19, 05:03:19 
28-Apr-19, 05:03:21 
28-Apr-19, 05:03:24 
28-Apr-19, 05:03:25 
28-Apr-19, 05:03:26 
28-Apr-19, 05:03:28 
28-Apr-19, 05:03:30 
28-Apr-19, 05:03:33 
28-Apr-19, 05:03:33 
28-Apr-19, 05:03:35 
28-Apr-19, 05:03:38 
28-Apr-19, 05:03:40 
28-Apr-19, 05:03:42 
28-Apr-19, 05:03:45 
28-Apr-19, 05:03:47 
28-Apr-19, 05:03:47 
28-Apr-19, 05:03:49 
28-Apr-19, 05:03:50 
28-Apr-19, 05:03:52 
28-Apr-19, 05:03:52 
28-Apr-19, 05:04:04 
28-Apr-19, 05:04:04 
28-Apr-19, 05:04:05 
28-Apr-19, 05:04:05 
28-Apr-19, 05:04:09 
28-Apr-19, 05:04:10 
28-Apr-19, 05:04:10 
28-Apr-19, 05:04:10 
28-Apr-19, 05:04:15 
28-Apr-19, 05:04:17 
28-Apr-19, 05:04:20 
28-Apr-19, 05:04:20 
28-Apr-19, 05:04:22 
28-Apr-19, 05:04:25 
28-Apr-19, 05:04:26 
28-Apr-19, 05:04:29 
28-Apr-19, 05:04:29 
28-Apr-19, 05:04:32 
28-Apr-19, 05:04:34 
28-Apr-19, 05:04:34 
28-Apr-19, 05:04:34 
28-Apr-19, 05:04:37 
28-Apr-19, 05:04:39 
28-Apr-19, 05:04:41 
28-Apr-19, 05:04:44 
28-Apr-19, 05:04:45 
28-Apr-19, 05:04:46 
28-Apr-19, 05:04:48 
28-Apr-19, 05:04:49 
28-Apr-19, 05:04:50 
28-Apr-19, 05:04:52 
28-Apr-19, 05:04:53 
28-Apr-19, 05:04:55 
28-Apr-19, 05:05:00 
28-Apr-19, 05:05:04 
28-Apr-19, 05:05:05 
28-Apr-19, 05:05:05 
28-Apr-19, 05:05:09 
28-Apr-19, 05:05:10 
28-Apr-19, 05:05:11 
28-Apr-19, 05:05:12 
28-Apr-19, 05:05:16 
28-Apr-19, 05:05:17 
28-Apr-19, 05:05:18 
28-Apr-19, 05:05:20 
28-Apr-19, 05:05:23 
28-Apr-19, 05:05:23 
28-Apr-19, 05:05:26 
28-Apr-19, 05:05:28 
28-Apr-19, 05:05:28 
28-Apr-19, 05:05:31 
28-Apr-19, 05:05:33 
28-Apr-19, 05:05:33 
28-Apr-19, 05:05:34 
28-Apr-19, 05:05:40 
28-Apr-19, 05:05:42 
28-Apr-19, 05:05:44 
28-Apr-19, 05:05:45 
28-Apr-19, 05:05:47 
28-Apr-19, 05:05:47 
28-Apr-19, 05:05:50 
28-Apr-19, 05:05:53 
28-Apr-19, 05:05:59 
28-Apr-19, 05:06:02 
28-Apr-19, 05:06:03 
28-Apr-19, 05:06:04 
28-Apr-19, 05:06:06 
28-Apr-19, 05:06:10 
28-Apr-19, 05:06:13 
28-Apr-19, 05:06:15 
28-Apr-19, 05:06:16 
28-Apr-19, 05:06:17 
28-Apr-19, 05:06:18 
28-Apr-19, 05:06:20 
28-Apr-19, 05:06:21 
28-Apr-19, 05:06:25 
28-Apr-19, 05:06:25 
28-Apr-19, 05:06:29 
28-Apr-19, 05:06:29 
28-Apr-19, 05:06:30 
28-Apr-19, 05:06:30 
28-Apr-19, 05:06:34 
28-Apr-19, 05:06:34 
28-Apr-19, 05:06:38 
28-Apr-19, 05:06:39 
28-Apr-19, 05:06:39 
28-Apr-19, 05:06:40 
28-Apr-19, 05:06:43 
28-Apr-19, 05:06:45 
28-Apr-19, 05:06:46 
28-Apr-19, 05:06:48 
28-Apr-19, 05:06:49 
28-Apr-19, 05:06:51 
28-Apr-19, 05:06:54 
28-Apr-19, 05:07:01 
28-Apr-19, 05:07:02 
28-Apr-19, 05:07:02 
28-Apr-19, 05:07:04 
28-Apr-19, 05:07:06 
28-Apr-19, 05:07:07 
28-Apr-19, 05:07:14 
28-Apr-19, 05:07:15 
28-Apr-19, 05:07:16 
28-Apr-19, 05:07:17 
28-Apr-19, 05:07:19 
28-Apr-19, 05:07:20 
28-Apr-19, 05:07:21 
28-Apr-19, 05:07:22 
28-Apr-19, 05:07:26 
28-Apr-19, 05:07:28 
28-Apr-19, 05:07:29 
28-Apr-19, 05:07:33 
28-Apr-19, 05:07:34 
28-Apr-19, 05:07:35 
28-Apr-19, 05:07:35 
28-Apr-19, 05:07:38 
28-Apr-19, 05:07:42 
28-Apr-19, 05:07:45 
28-Apr-19, 05:07:45 
28-Apr-19, 05:07:47 
28-Apr-19, 05:07:47 
28-Apr-19, 05:07:50 
28-Apr-19, 05:07:50 
28-Apr-19, 05:07:52 
28-Apr-19, 05:07:55 
28-Apr-19, 05:08:00 
28-Apr-19, 05:08:04 
28-Apr-19, 05:08:04 
28-Apr-19, 05:08:05 
28-Apr-19, 05:08:10 
28-Apr-19, 05:08:11 
28-Apr-19, 05:08:13 
28-Apr-19, 05:08:14 
28-Apr-19, 05:08:15 
28-Apr-19, 05:08:16 
28-Apr-19, 05:08:19 
28-Apr-19, 05:08:24 
28-Apr-19, 05:08:25 
28-Apr-19, 05:08:25 
28-Apr-19, 05:08:25 
28-Apr-19, 05:08:30 
28-Apr-19, 05:08:30 
28-Apr-19, 05:08:30 
28-Apr-19, 05:08:35 
28-Apr-19, 05:08:35 
28-Apr-19, 05:08:35 
28-Apr-19, 05:08:38 
28-Apr-19, 05:08:40 
28-Apr-19, 05:08:40 
28-Apr-19, 05:08:40 
28-Apr-19, 05:08:43 
28-Apr-19, 05:08:45 
28-Apr-19, 05:08:48 
28-Apr-19, 05:08:48 
28-Apr-19, 05:08:48 
28-Apr-19, 05:08:50 
28-Apr-19, 05:08:53 
28-Apr-19, 05:08:53 
28-Apr-19, 05:08:53 
28-Apr-19, 05:09:02 
28-Apr-19, 05:09:03 
28-Apr-19, 05:09:03 
28-Apr-19, 05:09:07 
28-Apr-19, 05:09:08 
28-Apr-19, 05:09:08 
28-Apr-19, 05:09:12 
28-Apr-19, 05:09:13 
28-Apr-19, 05:09:15 
28-Apr-19, 05:09:17 
28-Apr-19, 05:09:20 
28-Apr-19, 05:09:20 
28-Apr-19, 05:09:21 
28-Apr-19, 05:09:22 
28-Apr-19, 05:09:25 
28-Apr-19, 05:09:26 
28-Apr-19, 05:09:26 
28-Apr-19, 05:09:30 
28-Apr-19, 05:09:31 
28-Apr-19, 05:09:31 
28-Apr-19, 05:09:34 
28-Apr-19, 05:09:36 
28-Apr-19, 05:09:38 
28-Apr-19, 05:09:39 
28-Apr-19, 05:09:41 
28-Apr-19, 05:09:41 
28-Apr-19, 05:09:43 
28-Apr-19, 05:09:46 
28-Apr-19, 05:09:48 
28-Apr-19, 05:09:50 
28-Apr-19, 05:09:51 
28-Apr-19, 05:09:53 
28-Apr-19, 05:09:53 
28-Apr-19, 05:09:55 
28-Apr-19, 05:10:00 
28-Apr-19, 05:10:00 
28-Apr-19, 05:10:05 
28-Apr-19, 05:10:06 
28-Apr-19, 05:10:06 
28-Apr-19, 05:10:06 
28-Apr-19, 05:10:10 
28-Apr-19, 05:10:11 
28-Apr-19, 05:10:15 
28-Apr-19, 05:10:15 
28-Apr-19, 05:10:16 
28-Apr-19, 05:10:20 
28-Apr-19, 05:10:20 
28-Apr-19, 05:10:21 
28-Apr-19, 05:10:22 
28-Apr-19, 05:10:25 
28-Apr-19, 05:10:26 
28-Apr-19, 05:10:32 
28-Apr-19, 05:10:34 
28-Apr-19, 05:10:34 
28-Apr-19, 05:10:36 
28-Apr-19, 05:10:37 
28-Apr-19, 05:10:39 
28-Apr-19, 05:10:39 
28-Apr-19, 05:10:44 
28-Apr-19, 05:10:45 
28-Apr-19, 05:10:49 
28-Apr-19, 05:10:50 
28-Apr-19, 05:10:50 
28-Apr-19, 05:10:51 
28-Apr-19, 05:10:54 
28-Apr-19, 05:11:00 
28-Apr-19, 05:11:05 
28-Apr-19, 05:11:09 
28-Apr-19, 05:11:10 
28-Apr-19, 05:11:10 
28-Apr-19, 05:11:10 
28-Apr-19, 05:11:14 
28-Apr-19, 05:11:15 
28-Apr-19, 05:11:15 
28-Apr-19, 05:11:15 
28-Apr-19, 05:11:20 
28-Apr-19, 05:11:20 
28-Apr-19, 05:11:21 
28-Apr-19, 05:11:21 
28-Apr-19, 05:11:26 
28-Apr-19, 05:11:26 
28-Apr-19, 05:11:27 
28-Apr-19, 05:11:31 
28-Apr-19, 05:11:31 
28-Apr-19, 05:11:33 
28-Apr-19, 05:11:36 
28-Apr-19, 05:11:37 
28-Apr-19, 05:11:38 
28-Apr-19, 05:11:43 
28-Apr-19, 05:11:44 
28-Apr-19, 05:11:48 
28-Apr-19, 05:11:48 
28-Apr-19, 05:11:51 
28-Apr-19, 05:11:51 
28-Apr-19, 05:11:53 
28-Apr-19, 05:12:02 
28-Apr-19, 05:12:02 
28-Apr-19, 05:12:04 
28-Apr-19, 05:12:07 
28-Apr-19, 05:12:07 
28-Apr-19, 05:12:11 
28-Apr-19, 05:12:14 
28-Apr-19, 05:12:16 
28-Apr-19, 05:12:16 
28-Apr-19, 05:12:19 
28-Apr-19, 05:12:20 
28-Apr-19, 05:12:21 
28-Apr-19, 05:12:21 
28-Apr-19, 05:12:29 
28-Apr-19, 05:12:30 
28-Apr-19, 05:12:31 
28-Apr-19, 05:12:31 
28-Apr-19, 05:12:34 
28-Apr-19, 05:12:36 
28-Apr-19, 05:12:40 
28-Apr-19, 05:12:40 
28-Apr-19, 05:12:41 
28-Apr-19, 05:12:43 
28-Apr-19, 05:12:46 
28-Apr-19, 05:12:48 
28-Apr-19, 05:12:50 
28-Apr-19, 05:12:51 
28-Apr-19, 05:12:55 
28-Apr-19, 05:13:02 
28-Apr-19, 05:13:03 
28-Apr-19, 05:13:07 
28-Apr-19, 05:13:08 
28-Apr-19, 05:13:09 
28-Apr-19, 05:13:10 
28-Apr-19, 05:13:15 
28-Apr-19, 05:13:17 
28-Apr-19, 05:13:19 
28-Apr-19, 05:13:19 
28-Apr-19, 05:13:24 
28-Apr-19, 05:13:24 
28-Apr-19, 05:13:25 
28-Apr-19, 05:13:27 
28-Apr-19, 05:13:30 
28-Apr-19, 05:13:33 
28-Apr-19, 05:13:35 
28-Apr-19, 05:13:35 
28-Apr-19, 05:13:37 
28-Apr-19, 05:13:40 
28-Apr-19, 05:13:42 
28-Apr-19, 05:13:45 
28-Apr-19, 05:13:45 
28-Apr-19, 05:13:47 
28-Apr-19, 05:13:49 
28-Apr-19, 05:13:50 
28-Apr-19, 05:13:52 
28-Apr-19, 05:13:52 
28-Apr-19, 05:13:55 
28-Apr-19, 05:14:02 
28-Apr-19, 05:14:03 
28-Apr-19, 05:14:06 
28-Apr-19, 05:14:06 
28-Apr-19, 05:14:08 
28-Apr-19, 05:14:11 
28-Apr-19, 05:14:13 
28-Apr-19, 05:14:14 
28-Apr-19, 05:14:14 
28-Apr-19, 05:14:16 
28-Apr-19, 05:14:18 
28-Apr-19, 05:14:19 
28-Apr-19, 05:14:19 
28-Apr-19, 05:14:21 
28-Apr-19, 05:14:23 
28-Apr-19, 05:14:24 
28-Apr-19, 05:14:26 
28-Apr-19, 05:14:28 
28-Apr-19, 05:14:33 
28-Apr-19, 05:14:33 
28-Apr-19, 05:14:33 
28-Apr-19, 05:14:34 
28-Apr-19, 05:14:38 
28-Apr-19, 05:14:38 
28-Apr-19, 05:14:39 
28-Apr-19, 05:14:39 
28-Apr-19, 05:14:43 
28-Apr-19, 05:14:44 
28-Apr-19, 05:14:44 
28-Apr-19, 05:14:47 
28-Apr-19, 05:14:49 
28-Apr-19, 05:14:51 
28-Apr-19, 05:14:52 
28-Apr-19, 05:14:54 
28-Apr-19, 05:15:04 
28-Apr-19, 05:15:05 
28-Apr-19, 05:15:06 
28-Apr-19, 05:15:08 
28-Apr-19, 05:15:09 
28-Apr-19, 05:15:10 
28-Apr-19, 05:15:11 
28-Apr-19, 05:15:13 
28-Apr-19, 05:15:15 
28-Apr-19, 05:15:18 
28-Apr-19, 05:15:20 
28-Apr-19, 05:15:22 
28-Apr-19, 05:15:23 
28-Apr-19, 05:15:24 
28-Apr-19, 05:15:25 
28-Apr-19, 05:15:27 
28-Apr-19, 05:15:28 
28-Apr-19, 05:15:29 
28-Apr-19, 05:15:34 
28-Apr-19, 05:15:36 
28-Apr-19, 05:15:37 
28-Apr-19, 05:15:38 
28-Apr-19, 05:15:41 
28-Apr-19, 05:15:41 
28-Apr-19, 05:15:42 
28-Apr-19, 05:15:46 
28-Apr-19, 05:15:46 
28-Apr-19, 05:15:53 
28-Apr-19, 05:16:05 
28-Apr-19, 05:16:07 
28-Apr-19, 05:16:07 
28-Apr-19, 05:16:10 
28-Apr-19, 05:16:10 
28-Apr-19, 05:16:12 
28-Apr-19, 05:16:12 
28-Apr-19, 05:16:15 
28-Apr-19, 05:16:19 
28-Apr-19, 05:16:20 
28-Apr-19, 05:16:21 
28-Apr-19, 05:16:24 
28-Apr-19, 05:16:26 
28-Apr-19, 05:16:28 
28-Apr-19, 05:16:30 
28-Apr-19, 05:16:31 
28-Apr-19, 05:16:33 
28-Apr-19, 05:16:34 
28-Apr-19, 05:16:35 
28-Apr-19, 05:16:36 
28-Apr-19, 05:16:39 
28-Apr-19, 05:16:41 
28-Apr-19, 05:16:42 
28-Apr-19, 05:16:44 
28-Apr-19, 05:16:46 
28-Apr-19, 05:16:46 
28-Apr-19, 05:16:47 
28-Apr-19, 05:16:49 
28-Apr-19, 05:16:51 
28-Apr-19, 05:16:53 
28-Apr-19, 05:16:54 
28-Apr-19, 05:16:58 
28-Apr-19, 05:16:58 
28-Apr-19, 05:17:03 
28-Apr-19, 05:17:03 
28-Apr-19, 05:17:04 
28-Apr-19, 05:17:04 
28-Apr-19, 05:17:08 
28-Apr-19, 05:17:10 
28-Apr-19, 05:17:13 
28-Apr-19, 05:17:14 
28-Apr-19, 05:17:17 
28-Apr-19, 05:17:18 
28-Apr-19, 05:17:19 
28-Apr-19, 05:17:22 
28-Apr-19, 05:17:23 
28-Apr-19, 05:17:23 
28-Apr-19, 05:17:24 
28-Apr-19, 05:17:33 
28-Apr-19, 05:17:33 
28-Apr-19, 05:17:34 
28-Apr-19, 05:17:38 
28-Apr-19, 05:17:38 
28-Apr-19, 05:17:41 
28-Apr-19, 05:17:43 
28-Apr-19, 05:17:43 
28-Apr-19, 05:17:44 
28-Apr-19, 05:17:46 
28-Apr-19, 05:17:49 
28-Apr-19, 05:17:51 
28-Apr-19, 05:17:54 
28-Apr-19, 05:17:54 
28-Apr-19, 05:18:00 
28-Apr-19, 05:18:04 
28-Apr-19, 05:18:05 
28-Apr-19, 05:18:06 
28-Apr-19, 05:18:11 
28-Apr-19, 05:18:11 
28-Apr-19, 05:18:12 
28-Apr-19, 05:18:15 
28-Apr-19, 05:18:16 
28-Apr-19, 05:18:17 
28-Apr-19, 05:18:24 
28-Apr-19, 05:18:26 
28-Apr-19, 05:18:27 
28-Apr-19, 05:18:29 
28-Apr-19, 05:18:30 
28-Apr-19, 05:18:31 
28-Apr-19, 05:18:34 
28-Apr-19, 05:18:34 
28-Apr-19, 05:18:35 
28-Apr-19, 05:18:39 
28-Apr-19, 05:18:43 
28-Apr-19, 05:18:44 
28-Apr-19, 05:18:45 
28-Apr-19, 05:18:48 
28-Apr-19, 05:18:48 
28-Apr-19, 05:18:49 
28-Apr-19, 05:18:52 
28-Apr-19, 05:18:53 
28-Apr-19, 05:19:03 
28-Apr-19, 05:19:06 
28-Apr-19, 05:19:07 
28-Apr-19, 05:19:09 
28-Apr-19, 05:19:10 
28-Apr-19, 05:19:11 
28-Apr-19, 05:19:12 
28-Apr-19, 05:19:15 
28-Apr-19, 05:19:16 
28-Apr-19, 05:19:17 
28-Apr-19, 05:19:19 
28-Apr-19, 05:19:20 
28-Apr-19, 05:19:21 
28-Apr-19, 05:19:24 
28-Apr-19, 05:19:28 
28-Apr-19, 05:19:29 
28-Apr-19, 05:19:29 
28-Apr-19, 05:19:31 
28-Apr-19, 05:19:33 
28-Apr-19, 05:19:34 
28-Apr-19, 05:19:36 
28-Apr-19, 05:19:38 
28-Apr-19, 05:19:38 
28-Apr-19, 05:19:43 
28-Apr-19, 05:19:43 
28-Apr-19, 05:19:43 
28-Apr-19, 05:19:46 
28-Apr-19, 05:19:48 
28-Apr-19, 05:19:48 
28-Apr-19, 05:19:51 
28-Apr-19, 05:19:54 
28-Apr-19, 05:20:02 
28-Apr-19, 05:20:03 
28-Apr-19, 05:20:04 
28-Apr-19, 05:20:06 
28-Apr-19, 05:20:07 
28-Apr-19, 05:20:08 
28-Apr-19, 05:20:09 
28-Apr-19, 05:20:11 
28-Apr-19, 05:20:17 
28-Apr-19, 05:20:22 
28-Apr-19, 05:20:22 
28-Apr-19, 05:20:23 
28-Apr-19, 05:20:23 
28-Apr-19, 05:20:27 
28-Apr-19, 05:20:28 
28-Apr-19, 05:20:28 
28-Apr-19, 05:20:35 
28-Apr-19, 05:20:37 
28-Apr-19, 05:20:38 
28-Apr-19, 05:20:38 
28-Apr-19, 05:20:40 
28-Apr-19, 05:20:42 
28-Apr-19, 05:20:43 
28-Apr-19, 05:20:47 
28-Apr-19, 05:20:48 
28-Apr-19, 05:20:48 
28-Apr-19, 05:20:53 
28-Apr-19, 05:20:53 
28-Apr-19, 05:20:54 
28-Apr-19, 05:20:54 
28-Apr-19, 05:21:05 
28-Apr-19, 05:21:06 
28-Apr-19, 05:21:08 
28-Apr-19, 05:21:08 
28-Apr-19, 05:21:10 
28-Apr-19, 05:21:11 
28-Apr-19, 05:21:13 
28-Apr-19, 05:21:13 
28-Apr-19, 05:21:15 
28-Apr-19, 05:21:16 
28-Apr-19, 05:21:18 
28-Apr-19, 05:21:20 
28-Apr-19, 05:21:23 
28-Apr-19, 05:21:23 
28-Apr-19, 05:21:25 
28-Apr-19, 05:21:28 
28-Apr-19, 05:21:28 
28-Apr-19, 05:21:29 
28-Apr-19, 05:21:33 
28-Apr-19, 05:21:35 
28-Apr-19, 05:21:38 
28-Apr-19, 05:21:39 
28-Apr-19, 05:21:40 
28-Apr-19, 05:21:40 
28-Apr-19, 05:21:43 
28-Apr-19, 05:21:44 
28-Apr-19, 05:21:45 
28-Apr-19, 05:21:45 
28-Apr-19, 05:21:50 
28-Apr-19, 05:21:52 
28-Apr-19, 05:21:54 
28-Apr-19, 05:21:55 
28-Apr-19, 05:21:55 
28-Apr-19, 05:21:57 
28-Apr-19, 05:22:05 
28-Apr-19, 05:22:06 
28-Apr-19, 05:22:07 
28-Apr-19, 05:22:10 
28-Apr-19, 05:22:11 
28-Apr-19, 05:22:15 
28-Apr-19, 05:22:19 
28-Apr-19, 05:22:20 
28-Apr-19, 05:22:21 
28-Apr-19, 05:22:21 
28-Apr-19, 05:22:25 
28-Apr-19, 05:22:26 
28-Apr-19, 05:22:26 
28-Apr-19, 05:22:29 
28-Apr-19, 05:22:30 
28-Apr-19, 05:22:34 
28-Apr-19, 05:22:34 
28-Apr-19, 05:22:35 
28-Apr-19, 05:22:36 
28-Apr-19, 05:22:39 
28-Apr-19, 05:22:39 
28-Apr-19, 05:22:40 
28-Apr-19, 05:22:41 
28-Apr-19, 05:22:46 
28-Apr-19, 05:22:47 
28-Apr-19, 05:22:49 
28-Apr-19, 05:22:49 
28-Apr-19, 05:22:51 
28-Apr-19, 05:22:52 
28-Apr-19, 05:22:54 
28-Apr-19, 05:22:54 
28-Apr-19, 05:23:03 
28-Apr-19, 05:23:04 
28-Apr-19, 05:23:06 
28-Apr-19, 05:23:08 
28-Apr-19, 05:23:09 
28-Apr-19, 05:23:11 
28-Apr-19, 05:23:11 
28-Apr-19, 05:23:13 
28-Apr-19, 05:23:14 
28-Apr-19, 05:23:16 
28-Apr-19, 05:23:16 
28-Apr-19, 05:23:21 
28-Apr-19, 05:23:22 
28-Apr-19, 05:23:23 
28-Apr-19, 05:23:23 
28-Apr-19, 05:23:27 
28-Apr-19, 05:23:28 
28-Apr-19, 05:23:28 
28-Apr-19, 05:23:31 
28-Apr-19, 05:23:35 
28-Apr-19, 05:23:36 
28-Apr-19, 05:23:36 
28-Apr-19, 05:23:37 
28-Apr-19, 05:23:40 
28-Apr-19, 05:23:41 
28-Apr-19, 05:23:42 
28-Apr-19, 05:23:46 
28-Apr-19, 05:23:47 
28-Apr-19, 05:23:48 
28-Apr-19, 05:23:51 
28-Apr-19, 05:23:53 
28-Apr-19, 05:23:54 
28-Apr-19, 05:24:06 
28-Apr-19, 05:24:08 
28-Apr-19, 05:24:08 
28-Apr-19, 05:24:11 
28-Apr-19, 05:24:16 
28-Apr-19, 05:24:16 
28-Apr-19, 05:24:16 
28-Apr-19, 05:24:18 
28-Apr-19, 05:24:21 
28-Apr-19, 05:24:21 
28-Apr-19, 05:24:23 
28-Apr-19, 05:24:24 
28-Apr-19, 05:24:26 
28-Apr-19, 05:24:28 
28-Apr-19, 05:24:29 
28-Apr-19, 05:24:31 
28-Apr-19, 05:24:36 
28-Apr-19, 05:24:36 
28-Apr-19, 05:24:36 
28-Apr-19, 05:24:41 
28-Apr-19, 05:24:41 
28-Apr-19, 05:24:41 
28-Apr-19, 05:24:41 
28-Apr-19, 05:24:46 
28-Apr-19, 05:24:46 
28-Apr-19, 05:24:48 
28-Apr-19, 05:24:50 
28-Apr-19, 05:24:53 
28-Apr-19, 05:24:55 
28-Apr-19, 05:24:55 
28-Apr-19, 05:25:02 
28-Apr-19, 05:25:05 
28-Apr-19, 05:25:06 
28-Apr-19, 05:25:07 
28-Apr-19, 05:25:07 
28-Apr-19, 05:25:11 
28-Apr-19, 05:25:12 
28-Apr-19, 05:25:12 
28-Apr-19, 05:25:14 
28-Apr-19, 05:25:18 
28-Apr-19, 05:25:19 
28-Apr-19, 05:25:23 
28-Apr-19, 05:25:24 
28-Apr-19, 05:25:25 
28-Apr-19, 05:25:26 
28-Apr-19, 05:25:28 
28-Apr-19, 05:25:30 
28-Apr-19, 05:25:33 
28-Apr-19, 05:25:37 
28-Apr-19, 05:25:40 
28-Apr-19, 05:25:40 
28-Apr-19, 05:25:41 
28-Apr-19, 05:25:43 
28-Apr-19, 05:25:45 
28-Apr-19, 05:25:45 
28-Apr-19, 05:25:46 
28-Apr-19, 05:25:50 
28-Apr-19, 05:26:00 
28-Apr-19, 05:26:04 
28-Apr-19, 05:26:05 
28-Apr-19, 05:26:09 
28-Apr-19, 05:26:11 
28-Apr-19, 05:26:14 
28-Apr-19, 05:26:16 
28-Apr-19, 05:26:18 
28-Apr-19, 05:26:18 
28-Apr-19, 05:26:19 
28-Apr-19, 05:26:23 
28-Apr-19, 05:26:26 
28-Apr-19, 05:26:27 
28-Apr-19, 05:26:27 
28-Apr-19, 05:26:31 
28-Apr-19, 05:26:32 
28-Apr-19, 05:26:32 
28-Apr-19, 05:26:33 
28-Apr-19, 05:26:37 
28-Apr-19, 05:26:38 
28-Apr-19, 05:26:39 
28-Apr-19, 05:26:40 
28-Apr-19, 05:26:43 
28-Apr-19, 05:26:44 
28-Apr-19, 05:26:45 
28-Apr-19, 05:26:48 
28-Apr-19, 05:26:48 
28-Apr-19, 05:26:49 
28-Apr-19, 05:26:53 
28-Apr-19, 05:26:53 
28-Apr-19, 05:26:55 
28-Apr-19, 05:27:00 
28-Apr-19, 05:27:04 
28-Apr-19, 05:27:09 
28-Apr-19, 05:27:09 
28-Apr-19, 05:27:12 
28-Apr-19, 05:27:12 
28-Apr-19, 05:27:14 
28-Apr-19, 05:27:14 
28-Apr-19, 05:27:17 
28-Apr-19, 05:27:21 
28-Apr-19, 05:27:24 
28-Apr-19, 05:27:24 
23-Apr-19, 20:20:29 
23-Apr-19, 20:20:39 
23-Apr-19, 20:20:49 
23-Apr-19, 20:20:54 
23-Apr-19, 20:21:04 
23-Apr-19, 20:21:39 
23-Apr-19, 20:21:59 
23-Apr-19, 20:22:19 
23-Apr-19, 20:24:44 
23-Apr-19, 20:27:54 
23-Apr-19, 20:28:39 
23-Apr-19, 20:29:34 
23-Apr-19, 20:29:39 
23-Apr-19, 20:29:49 
23-Apr-19, 20:29:54 
23-Apr-19, 20:29:59 
23-Apr-19, 20:30:34 
23-Apr-19, 20:30:39 
23-Apr-19, 20:30:44 
23-Apr-19, 20:30:49 
23-Apr-19, 20:31:54 
23-Apr-19, 20:33:54 
23-Apr-19, 20:34:29 
23-Apr-19, 20:34:39 
23-Apr-19, 20:34:54 
23-Apr-19, 20:35:14 
23-Apr-19, 20:35:54 
23-Apr-19, 20:36:09 
23-Apr-19, 20:36:19 
23-Apr-19, 20:36:24 
23-Apr-19, 20:36:29 
23-Apr-19, 20:36:59 
23-Apr-19, 20:37:14 
23-Apr-19, 20:37:24 
23-Apr-19, 20:37:34 
23-Apr-19, 20:38:14 
23-Apr-19, 20:38:39 
23-Apr-19, 20:38:49 
23-Apr-19, 20:39:19 
23-Apr-19, 20:40:19 
23-Apr-19, 20:41:29 
23-Apr-19, 20:42:19 
23-Apr-19, 20:42:24 
23-Apr-19, 20:44:39 
23-Apr-19, 20:44:44 
23-Apr-19, 20:50:29 
23-Apr-19, 20:50:49 
23-Apr-19, 20:50:54 
23-Apr-19, 20:50:59 
23-Apr-19, 20:51:04 
23-Apr-19, 20:51:14 
23-Apr-19, 20:51:24 
23-Apr-19, 20:51:29 
23-Apr-19, 20:51:39 
23-Apr-19, 20:51:44 
23-Apr-19, 20:51:49 
23-Apr-19, 20:51:59 
23-Apr-19, 20:52:19 
23-Apr-19, 20:52:39 
23-Apr-19, 20:52:44 
23-Apr-19, 20:52:49 
27-Apr-19, 04:58:07 
27-Apr-19, 04:58:18 
27-Apr-19, 04:58:27 
27-Apr-19, 04:58:28 
27-Apr-19, 04:58:33 
27-Apr-19, 04:58:33 
27-Apr-19, 04:58:42 
27-Apr-19, 04:58:52 
27-Apr-19, 04:58:55 
27-Apr-19, 04:58:58 
27-Apr-19, 04:59:00 
27-Apr-19, 04:59:06 
27-Apr-19, 04:59:18 
27-Apr-19, 04:59:28 
27-Apr-19, 04:59:33 
27-Apr-19, 04:59:34 
27-Apr-19, 04:59:39 
27-Apr-19, 04:59:46 
27-Apr-19, 04:59:51 
27-Apr-19, 04:59:54 
27-Apr-19, 04:59:57 
27-Apr-19, 05:00:04 
27-Apr-19, 05:00:09 
27-Apr-19, 05:00:19 
27-Apr-19, 05:00:19 
27-Apr-19, 05:00:24 
27-Apr-19, 05:00:24 
27-Apr-19, 05:00:31 
27-Apr-19, 05:00:33 
27-Apr-19, 05:00:37 
27-Apr-19, 05:00:45 
27-Apr-19, 05:00:52 
27-Apr-19, 05:00:55 
27-Apr-19, 05:00:58 
27-Apr-19, 05:01:00 
27-Apr-19, 05:01:03 
27-Apr-19, 05:01:10 
27-Apr-19, 05:01:16 
27-Apr-19, 05:01:21 
27-Apr-19, 05:01:25 
27-Apr-19, 05:01:34 
27-Apr-19, 05:01:36 
27-Apr-19, 05:01:43 
27-Apr-19, 05:01:46 
27-Apr-19, 05:01:49 
27-Apr-19, 05:01:55 
27-Apr-19, 05:02:00 
27-Apr-19, 05:02:04 
27-Apr-19, 05:02:09 
27-Apr-19, 05:02:28 
27-Apr-19, 05:02:31 
27-Apr-19, 05:02:33 
27-Apr-19, 05:02:43 
27-Apr-19, 05:02:48 
27-Apr-19, 05:02:51 
27-Apr-19, 05:02:57 
27-Apr-19, 05:03:01 
27-Apr-19, 05:03:10 
27-Apr-19, 05:03:22 
27-Apr-19, 05:03:25 
27-Apr-19, 05:03:30 
27-Apr-19, 05:03:37 
27-Apr-19, 05:03:37 
27-Apr-19, 05:03:42 
27-Apr-19, 05:03:42 
27-Apr-19, 05:03:49 
27-Apr-19, 05:03:52 
27-Apr-19, 05:03:54 
27-Apr-19, 05:03:57 
27-Apr-19, 05:04:04 
27-Apr-19, 05:04:07 
27-Apr-19, 05:04:09 
27-Apr-19, 05:04:19 
27-Apr-19, 05:04:22 
27-Apr-19, 05:04:24 
27-Apr-19, 05:04:27 
27-Apr-19, 05:04:33 
27-Apr-19, 05:04:40 
27-Apr-19, 05:04:43 
27-Apr-19, 05:04:45 
27-Apr-19, 05:04:52 
27-Apr-19, 05:04:55 
27-Apr-19, 05:04:57 
27-Apr-19, 05:05:00 
27-Apr-19, 05:05:03 
27-Apr-19, 05:05:18 
27-Apr-19, 05:05:28 
27-Apr-19, 05:05:28 
27-Apr-19, 05:05:40 
27-Apr-19, 05:05:45 
27-Apr-19, 05:05:46 
27-Apr-19, 05:05:52 
27-Apr-19, 05:05:54 
27-Apr-19, 05:05:57 
27-Apr-19, 05:06:03 
27-Apr-19, 05:06:07 
27-Apr-19, 05:06:18 
27-Apr-19, 05:06:19 
27-Apr-19, 05:06:24 
27-Apr-19, 05:06:28 
27-Apr-19, 05:06:49 
27-Apr-19, 05:06:52 
27-Apr-19, 05:06:54 
27-Apr-19, 05:07:01 
27-Apr-19, 05:07:04 
27-Apr-19, 05:07:06 
27-Apr-19, 05:07:09 
27-Apr-19, 05:07:21 
27-Apr-19, 05:07:24 
27-Apr-19, 05:07:34 
27-Apr-19, 05:07:39 
27-Apr-19, 05:07:45 
27-Apr-19, 05:07:52 
27-Apr-19, 05:07:57 
27-Apr-19, 05:07:57 
27-Apr-19, 05:08:30 
27-Apr-19, 05:08:34 
27-Apr-19, 05:08:39 
27-Apr-19, 05:08:40 
27-Apr-19, 05:08:49 
27-Apr-19, 05:08:54 
27-Apr-19, 05:09:04 
27-Apr-19, 05:09:07 
27-Apr-19, 05:09:09 
27-Apr-19, 05:09:28 
27-Apr-19, 05:09:29 
27-Apr-19, 05:09:34 
27-Apr-19, 05:09:36 
27-Apr-19, 05:09:39 
27-Apr-19, 05:09:51 
27-Apr-19, 05:09:52 
27-Apr-19, 05:10:06 
27-Apr-19, 05:10:07 
27-Apr-19, 05:10:21 
27-Apr-19, 05:10:21 
27-Apr-19, 05:10:31 
27-Apr-19, 05:10:36 
27-Apr-19, 05:10:45 
27-Apr-19, 05:10:46 
27-Apr-19, 05:10:52 
27-Apr-19, 05:10:57 
27-Apr-19, 05:11:00 
27-Apr-19, 05:11:05 
27-Apr-19, 05:11:19 
27-Apr-19, 05:11:21 
27-Apr-19, 05:11:24 
27-Apr-19, 05:11:33 
27-Apr-19, 05:11:40 
27-Apr-19, 05:11:45 
27-Apr-19, 05:11:48 
27-Apr-19, 05:11:58 
27-Apr-19, 05:11:59 
27-Apr-19, 05:12:04 
27-Apr-19, 05:12:10 
27-Apr-19, 05:12:18 
27-Apr-19, 05:12:18 
27-Apr-19, 05:12:34 
27-Apr-19, 05:12:39 
27-Apr-19, 05:12:40 
27-Apr-19, 05:12:45 
27-Apr-19, 05:12:55 
27-Apr-19, 05:12:55 
27-Apr-19, 05:13:00 
27-Apr-19, 05:13:06 
27-Apr-19, 05:13:19 
27-Apr-19, 05:13:24 
27-Apr-19, 05:13:24 
27-Apr-19, 05:13:34 
27-Apr-19, 05:13:34 
27-Apr-19, 05:13:39 
27-Apr-19, 05:13:40 
27-Apr-19, 05:13:45 
27-Apr-19, 05:13:48 
27-Apr-19, 05:13:58 
27-Apr-19, 05:14:03 
27-Apr-19, 05:14:06 
27-Apr-19, 05:14:24 
27-Apr-19, 05:14:28 
27-Apr-19, 05:14:34 
27-Apr-19, 05:14:40 
27-Apr-19, 05:14:43 
27-Apr-19, 05:14:48 
27-Apr-19, 05:14:48 
27-Apr-19, 05:14:58 
27-Apr-19, 05:14:58 
27-Apr-19, 05:15:07 
27-Apr-19, 05:15:09 
27-Apr-19, 05:15:27 
27-Apr-19, 05:15:28 
27-Apr-19, 05:15:37 
27-Apr-19, 05:15:42 
27-Apr-19, 05:15:43 
27-Apr-19, 05:15:48 
27-Apr-19, 05:15:55 
27-Apr-19, 05:16:00 
27-Apr-19, 05:16:01 
27-Apr-19, 05:16:06 
27-Apr-19, 05:16:10 
27-Apr-19, 05:16:21 
27-Apr-19, 05:16:25 
27-Apr-19, 05:16:30 
27-Apr-19, 05:16:33 
27-Apr-19, 05:16:42 
27-Apr-19, 05:16:46 
27-Apr-19, 05:16:51 
27-Apr-19, 05:16:52 
27-Apr-19, 05:16:57 
27-Apr-19, 05:17:00 
27-Apr-19, 05:17:07 
27-Apr-19, 05:17:10 
27-Apr-19, 05:17:22 
27-Apr-19, 05:17:25 
27-Apr-19, 05:17:28 
27-Apr-19, 05:17:33 
27-Apr-19, 05:17:40 
27-Apr-19, 05:17:49 
27-Apr-19, 05:17:54 
27-Apr-19, 05:17:58 
27-Apr-19, 05:18:03 
27-Apr-19, 05:18:06 
27-Apr-19, 05:18:19 
27-Apr-19, 05:18:21 
27-Apr-19, 05:18:24 
27-Apr-19, 05:18:27 
27-Apr-19, 05:18:34 
27-Apr-19, 05:18:37 
27-Apr-19, 05:18:45 
27-Apr-19, 05:18:55 
27-Apr-19, 05:19:00 
27-Apr-19, 05:19:03 
27-Apr-19, 05:19:22 
27-Apr-19, 05:19:25 
27-Apr-19, 05:19:33 
27-Apr-19, 05:19:37 
27-Apr-19, 05:19:48 
27-Apr-19, 05:19:52 
27-Apr-19, 05:19:57 
27-Apr-19, 05:20:09 
27-Apr-19, 05:20:10 
27-Apr-19, 05:20:18 
27-Apr-19, 05:20:21 
27-Apr-19, 05:20:31 
27-Apr-19, 05:20:34 
27-Apr-19, 05:20:36 
27-Apr-19, 05:20:49 
27-Apr-19, 05:20:49 
27-Apr-19, 05:20:54 
27-Apr-19, 05:20:55 
27-Apr-19, 05:21:00 
27-Apr-19, 05:21:07 
27-Apr-19, 05:21:10 
27-Apr-19, 05:21:22 
27-Apr-19, 05:21:25 
27-Apr-19, 05:21:29 
27-Apr-19, 05:21:30 
27-Apr-19, 05:21:34 
27-Apr-19, 05:21:38 
27-Apr-19, 05:21:43 
27-Apr-19, 05:21:46 
27-Apr-19, 05:21:48 
27-Apr-19, 05:21:58 
27-Apr-19, 05:21:58 
27-Apr-19, 05:22:03 
27-Apr-19, 05:22:07 
27-Apr-19, 05:22:28 
27-Apr-19, 05:22:28 
27-Apr-19, 05:22:33 
27-Apr-19, 05:22:38 
27-Apr-19, 05:22:39 
27-Apr-19, 05:22:45 
27-Apr-19, 05:22:49 
27-Apr-19, 05:22:54 
27-Apr-19, 05:23:01 
27-Apr-19, 05:23:04 
27-Apr-19, 05:23:06 
27-Apr-19, 05:23:09 
27-Apr-19, 05:23:21 
27-Apr-19, 05:23:31 
27-Apr-19, 05:23:36 
27-Apr-19, 05:23:37 
27-Apr-19, 05:23:41 
27-Apr-19, 05:23:42 
27-Apr-19, 05:23:52 
27-Apr-19, 05:24:01 
27-Apr-19, 05:24:01 
27-Apr-19, 05:24:21 
27-Apr-19, 05:24:24 
27-Apr-19, 05:24:29 
27-Apr-19, 05:24:31 
27-Apr-19, 05:24:36 
27-Apr-19, 05:24:39 
27-Apr-19, 05:24:49 
27-Apr-19, 05:24:57 
27-Apr-19, 05:25:04 
27-Apr-19, 05:25:07 
27-Apr-19, 05:25:09 
27-Apr-19, 05:25:21 
27-Apr-19, 05:25:28 
27-Apr-19, 05:25:31 
27-Apr-19, 05:25:33 
27-Apr-19, 05:25:36 
27-Apr-19, 05:25:40 
27-Apr-19, 05:25:45 
27-Apr-19, 05:26:00 
27-Apr-19, 05:26:00 
27-Apr-19, 05:26:10 
27-Apr-19, 05:26:21 
27-Apr-19, 05:26:40 
27-Apr-19, 05:26:43 
27-Apr-19, 05:26:48 
27-Apr-19, 05:26:48 
27-Apr-19, 05:26:57 
27-Apr-19, 05:27:01 
27-Apr-19, 05:27:06 
27-Apr-19, 05:27:30 
27-Apr-19, 05:27:34 
27-Apr-19, 05:27:39 
27-Apr-19, 05:27:40 
27-Apr-19, 05:27:46 
27-Apr-19, 05:27:49 
27-Apr-19, 05:27:52 
27-Apr-19, 05:27:54 
27-Apr-19, 05:27:57 
27-Apr-19, 05:28:04 
27-Apr-19, 05:28:19 
27-Apr-19, 05:28:19 
27-Apr-19, 05:28:24 
27-Apr-19, 05:28:24 
27-Apr-19, 05:28:34 
27-Apr-19, 05:28:37 
27-Apr-19, 05:28:39 
27-Apr-19, 05:28:48 
27-Apr-19, 05:28:49 
27-Apr-19, 05:29:04 
27-Apr-19, 05:29:04 
27-Apr-19, 05:29:09 
27-Apr-19, 05:29:36 
27-Apr-19, 05:29:37 
27-Apr-19, 05:29:46 
27-Apr-19, 05:29:49 
27-Apr-19, 05:29:57 
27-Apr-19, 05:30:01 
27-Apr-19, 05:30:06 
27-Apr-19, 05:30:09 
27-Apr-19, 05:30:25 
27-Apr-19, 05:30:27 
27-Apr-19, 05:30:37 
27-Apr-19, 05:30:37 
27-Apr-19, 05:30:45 
27-Apr-19, 05:30:45 
27-Apr-19, 05:30:57 
27-Apr-19, 05:31:04 
27-Apr-19, 05:31:10 
27-Apr-19, 05:31:24 
27-Apr-19, 05:31:31 
27-Apr-19, 05:31:34 
27-Apr-19, 05:31:36 
27-Apr-19, 05:31:46 
27-Apr-19, 05:31:49 
27-Apr-19, 05:31:51 
27-Apr-19, 05:31:55 
27-Apr-19, 05:32:00 
27-Apr-19, 05:32:04 
27-Apr-19, 05:32:10 
27-Apr-19, 05:32:20 
27-Apr-19, 05:32:25 
27-Apr-19, 05:32:27 
27-Apr-19, 05:32:32 
27-Apr-19, 05:32:33 
27-Apr-19, 05:32:37 
27-Apr-19, 05:32:38 
27-Apr-19, 05:32:43 
27-Apr-19, 05:32:45 
27-Apr-19, 05:32:52 
27-Apr-19, 05:32:58 
27-Apr-19, 05:33:24 
27-Apr-19, 05:33:34 
27-Apr-19, 05:33:37 
27-Apr-19, 05:33:43 
27-Apr-19, 05:33:45 
27-Apr-19, 05:33:48 
27-Apr-19, 05:33:57 
27-Apr-19, 05:34:00 
27-Apr-19, 05:34:16 
27-Apr-19, 05:34:21 
27-Apr-19, 05:34:24 
27-Apr-19, 05:34:34 
27-Apr-19, 05:34:39 
27-Apr-19, 05:34:40 
27-Apr-19, 05:34:49 
27-Apr-19, 05:34:52 
27-Apr-19, 05:34:54 
27-Apr-19, 05:35:04 
27-Apr-19, 05:35:09 
27-Apr-19, 05:35:24 
27-Apr-19, 05:35:27 
27-Apr-19, 05:35:30 
27-Apr-19, 05:35:37 
27-Apr-19, 05:35:42 
27-Apr-19, 05:35:49 
27-Apr-19, 05:35:49 
27-Apr-19, 05:35:54 
27-Apr-19, 05:36:04 
27-Apr-19, 05:36:04 
27-Apr-19, 05:36:09 
27-Apr-19, 05:36:28 
27-Apr-19, 05:36:31 
27-Apr-19, 05:36:36 
27-Apr-19, 05:36:40 
27-Apr-19, 05:36:45 
27-Apr-19, 05:36:49 
27-Apr-19, 05:36:54 
27-Apr-19, 05:36:57 
27-Apr-19, 05:37:07 
27-Apr-19, 05:37:09 
27-Apr-19, 05:37:24 
27-Apr-19, 05:37:31 
27-Apr-19, 05:37:36 
27-Apr-19, 05:37:37 
27-Apr-19, 05:37:42 
27-Apr-19, 05:37:52 
27-Apr-19, 05:37:58 
27-Apr-19, 05:38:03 
27-Apr-19, 05:38:06 
27-Apr-19, 05:38:12 
27-Apr-19, 05:38:25 
27-Apr-19, 05:38:34 
27-Apr-19, 05:38:37 
27-Apr-19, 05:38:39 
27-Apr-19, 05:38:42 
27-Apr-19, 05:38:48 
27-Apr-19, 05:38:51 
27-Apr-19, 05:39:01 
27-Apr-19, 05:39:22 
27-Apr-19, 05:39:28 
27-Apr-19, 05:39:36 
27-Apr-19, 05:39:37 
27-Apr-19, 05:39:46 
27-Apr-19, 05:39:49 
27-Apr-19, 05:39:51 
27-Apr-19, 05:39:54 
27-Apr-19, 05:40:06 
27-Apr-19, 05:40:10 
27-Apr-19, 05:40:18 
27-Apr-19, 05:40:25 
27-Apr-19, 05:40:30 
27-Apr-19, 05:40:40 
27-Apr-19, 05:40:43 
27-Apr-19, 05:40:48 
