date,time
25-Apr-19, 18:31:39 
25-Apr-19, 18:31:41 
25-Apr-19, 18:31:46 
25-Apr-19, 18:31:49 
25-Apr-19, 18:31:51 
25-Apr-19, 18:31:54 
25-Apr-19, 18:31:59 
25-Apr-19, 18:32:01 
25-Apr-19, 18:32:04 
25-Apr-19, 18:32:06 
25-Apr-19, 18:32:09 
25-Apr-19, 18:32:11 
25-Apr-19, 18:32:14 
25-Apr-19, 18:32:16 
25-Apr-19, 18:32:19 
25-Apr-19, 18:32:21 
25-Apr-19, 18:32:24 
25-Apr-19, 18:32:29 
25-Apr-19, 18:32:31 
25-Apr-19, 18:32:34 
25-Apr-19, 18:32:36 
25-Apr-19, 18:32:39 
25-Apr-19, 18:32:41 
25-Apr-19, 18:32:46 
25-Apr-19, 18:32:49 
25-Apr-19, 18:32:51 
25-Apr-19, 18:32:54 
25-Apr-19, 18:32:59 
25-Apr-19, 18:33:04 
25-Apr-19, 18:33:06 
25-Apr-19, 18:33:09 
25-Apr-19, 18:33:11 
25-Apr-19, 18:33:16 
25-Apr-19, 18:33:19 
25-Apr-19, 18:33:21 
25-Apr-19, 18:33:24 
25-Apr-19, 18:33:26 
25-Apr-19, 18:33:29 
25-Apr-19, 18:33:31 
25-Apr-19, 18:33:34 
25-Apr-19, 18:33:36 
25-Apr-19, 18:33:39 
25-Apr-19, 18:33:41 
25-Apr-19, 18:33:46 
25-Apr-19, 18:33:49 
25-Apr-19, 18:33:51 
25-Apr-19, 18:33:54 
25-Apr-19, 18:33:59 
25-Apr-19, 18:34:01 
25-Apr-19, 18:34:04 
25-Apr-19, 18:34:06 
25-Apr-19, 18:34:09 
25-Apr-19, 18:34:11 
25-Apr-19, 18:34:16 
25-Apr-19, 18:34:19 
25-Apr-19, 18:34:21 
25-Apr-19, 18:34:24 
25-Apr-19, 18:34:29 
25-Apr-19, 18:34:31 
25-Apr-19, 18:34:34 
25-Apr-19, 18:34:39 
25-Apr-19, 18:34:46 
25-Apr-19, 18:34:51 
25-Apr-19, 18:34:54 
25-Apr-19, 18:34:56 
25-Apr-19, 18:34:59 
25-Apr-19, 18:35:01 
25-Apr-19, 18:35:04 
25-Apr-19, 18:35:06 
25-Apr-19, 18:35:09 
25-Apr-19, 18:35:11 
25-Apr-19, 18:35:21 
25-Apr-19, 18:35:24 
25-Apr-19, 18:35:29 
25-Apr-19, 18:35:34 
25-Apr-19, 18:35:37 
25-Apr-19, 18:35:42 
25-Apr-19, 18:35:47 
25-Apr-19, 18:35:52 
25-Apr-19, 18:35:55 
25-Apr-19, 18:35:57 
25-Apr-19, 18:36:00 
25-Apr-19, 18:36:05 
25-Apr-19, 18:36:07 
25-Apr-19, 18:36:10 
25-Apr-19, 18:36:12 
25-Apr-19, 18:36:15 
25-Apr-19, 18:36:17 
25-Apr-19, 18:36:22 
25-Apr-19, 18:36:25 
25-Apr-19, 18:36:27 
25-Apr-19, 18:38:55 
25-Apr-19, 18:38:57 
25-Apr-19, 18:39:00 
25-Apr-19, 18:39:05 
25-Apr-19, 18:39:07 
25-Apr-19, 18:39:10 
25-Apr-19, 18:39:12 
25-Apr-19, 18:39:15 
25-Apr-19, 18:39:17 
25-Apr-19, 18:39:22 
25-Apr-19, 18:39:25 
25-Apr-19, 18:39:27 
25-Apr-19, 18:39:30 
25-Apr-19, 18:39:35 
25-Apr-19, 18:39:37 
25-Apr-19, 18:39:40 
25-Apr-19, 18:39:42 
25-Apr-19, 18:39:45 
25-Apr-19, 18:39:47 
25-Apr-19, 18:39:52 
25-Apr-19, 18:39:55 
25-Apr-19, 18:39:57 
25-Apr-19, 18:40:00 
25-Apr-19, 18:40:05 
25-Apr-19, 18:40:07 
25-Apr-19, 18:40:10 
25-Apr-19, 18:40:12 
25-Apr-19, 18:40:15 
25-Apr-19, 18:40:17 
25-Apr-19, 18:40:22 
25-Apr-19, 18:40:25 
25-Apr-19, 18:40:27 
25-Apr-19, 18:40:30 
25-Apr-19, 18:40:35 
25-Apr-19, 18:40:37 
25-Apr-19, 18:40:40 
25-Apr-19, 18:40:42 
25-Apr-19, 18:40:45 
25-Apr-19, 18:40:48 
25-Apr-19, 18:40:53 
25-Apr-19, 18:40:55 
25-Apr-19, 18:40:58 
25-Apr-19, 18:41:00 
25-Apr-19, 18:41:03 
25-Apr-19, 18:41:05 
25-Apr-19, 18:41:10 
25-Apr-19, 18:41:13 
25-Apr-19, 18:41:15 
25-Apr-19, 18:41:18 
25-Apr-19, 18:41:21 
25-Apr-19, 18:41:23 
25-Apr-19, 18:41:28 
25-Apr-19, 18:41:31 
25-Apr-19, 18:41:33 
25-Apr-19, 18:41:36 
25-Apr-19, 18:41:38 
25-Apr-19, 18:41:41 
25-Apr-19, 18:41:43 
25-Apr-19, 18:41:46 
25-Apr-19, 18:41:48 
25-Apr-19, 18:41:51 
25-Apr-19, 18:41:53 
25-Apr-19, 18:41:56 
25-Apr-19, 18:41:58 
25-Apr-19, 18:42:01 
25-Apr-19, 18:42:06 
25-Apr-19, 18:42:11 
25-Apr-19, 18:42:13 
25-Apr-19, 18:42:16 
25-Apr-19, 18:42:18 
25-Apr-19, 18:42:21 
25-Apr-19, 18:42:23 
25-Apr-19, 18:42:28 
25-Apr-19, 18:42:31 
25-Apr-19, 18:42:33 
25-Apr-19, 18:42:36 
25-Apr-19, 18:42:38 
25-Apr-19, 18:42:41 
25-Apr-19, 18:42:43 
25-Apr-19, 18:42:46 
25-Apr-19, 18:42:48 
25-Apr-19, 18:42:51 
25-Apr-19, 18:42:53 
25-Apr-19, 18:42:58 
25-Apr-19, 18:43:01 
25-Apr-19, 18:43:03 
25-Apr-19, 18:43:06 
25-Apr-19, 18:43:11 
25-Apr-19, 18:43:13 
25-Apr-19, 18:43:16 
25-Apr-19, 18:43:18 
25-Apr-19, 18:43:21 
25-Apr-19, 18:43:23 
25-Apr-19, 18:43:28 
25-Apr-19, 18:43:31 
25-Apr-19, 18:43:33 
25-Apr-19, 18:43:36 
25-Apr-19, 18:43:41 
25-Apr-19, 18:43:43 
25-Apr-19, 18:43:46 
25-Apr-19, 18:43:48 
25-Apr-19, 18:43:51 
25-Apr-19, 18:43:53 
25-Apr-19, 18:43:58 
25-Apr-19, 18:44:01 
25-Apr-19, 18:44:03 
25-Apr-19, 18:44:06 
25-Apr-19, 18:44:11 
25-Apr-19, 18:44:13 
25-Apr-19, 18:44:16 
25-Apr-19, 18:44:18 
25-Apr-19, 18:44:21 
25-Apr-19, 18:44:23 
25-Apr-19, 18:44:26 
25-Apr-19, 18:44:28 
25-Apr-19, 18:44:31 
25-Apr-19, 18:44:33 
25-Apr-19, 18:44:36 
25-Apr-19, 18:44:41 
25-Apr-19, 18:44:43 
25-Apr-19, 18:44:46 
25-Apr-19, 18:44:48 
25-Apr-19, 18:44:51 
25-Apr-19, 18:44:53 
25-Apr-19, 18:44:58 
25-Apr-19, 18:45:01 
25-Apr-19, 18:45:03 
25-Apr-19, 18:45:06 
25-Apr-19, 18:45:11 
25-Apr-19, 18:45:13 
25-Apr-19, 18:45:16 
25-Apr-19, 18:45:18 
25-Apr-19, 18:45:21 
25-Apr-19, 18:45:23 
25-Apr-19, 18:45:28 
25-Apr-19, 18:45:31 
25-Apr-19, 18:45:33 
25-Apr-19, 18:45:36 
25-Apr-19, 18:45:41 
25-Apr-19, 18:45:43 
25-Apr-19, 18:45:46 
25-Apr-19, 18:45:48 
25-Apr-19, 18:45:51 
25-Apr-19, 18:45:53 
25-Apr-19, 18:45:58 
25-Apr-19, 18:46:01 
25-Apr-19, 18:46:03 
25-Apr-19, 18:46:06 
25-Apr-19, 18:46:11 
25-Apr-19, 18:46:13 
25-Apr-19, 18:46:16 
25-Apr-19, 18:46:19 
25-Apr-19, 18:46:21 
25-Apr-19, 18:46:24 
25-Apr-19, 18:46:29 
25-Apr-19, 18:46:36 
25-Apr-19, 18:46:39 
25-Apr-19, 18:46:41 
25-Apr-19, 18:46:44 
25-Apr-19, 18:46:46 
25-Apr-19, 18:46:49 
25-Apr-19, 18:46:51 
25-Apr-19, 18:46:54 
25-Apr-19, 18:46:59 
25-Apr-19, 18:47:01 
25-Apr-19, 18:47:04 
25-Apr-19, 18:47:06 
25-Apr-19, 18:47:09 
25-Apr-19, 18:47:11 
25-Apr-19, 18:47:16 
25-Apr-19, 18:47:19 
25-Apr-19, 18:47:21 
25-Apr-19, 18:47:24 
25-Apr-19, 18:47:29 
25-Apr-19, 18:47:31 
25-Apr-19, 18:47:34 
25-Apr-19, 18:47:36 
25-Apr-19, 18:47:39 
25-Apr-19, 18:47:41 
25-Apr-19, 18:47:46 
25-Apr-19, 18:47:49 
25-Apr-19, 18:47:52 
25-Apr-19, 18:47:54 
25-Apr-19, 18:47:57 
25-Apr-19, 18:47:59 
25-Apr-19, 18:48:04 
25-Apr-19, 18:48:07 
25-Apr-19, 18:48:09 
25-Apr-19, 18:48:12 
25-Apr-19, 18:48:17 
25-Apr-19, 18:48:19 
25-Apr-19, 18:48:22 
25-Apr-19, 18:48:24 
25-Apr-19, 18:48:27 
25-Apr-19, 18:48:29 
25-Apr-19, 18:48:32 
25-Apr-19, 18:48:34 
25-Apr-19, 18:48:37 
25-Apr-19, 18:48:39 
25-Apr-19, 18:48:42 
25-Apr-19, 18:48:47 
25-Apr-19, 18:48:49 
25-Apr-19, 18:48:52 
25-Apr-19, 18:48:54 
25-Apr-19, 18:48:57 
25-Apr-19, 18:48:59 
25-Apr-19, 18:49:04 
25-Apr-19, 18:49:07 
25-Apr-19, 18:49:09 
25-Apr-19, 18:49:12 
25-Apr-19, 18:49:17 
25-Apr-19, 18:49:19 
25-Apr-19, 18:49:22 
25-Apr-19, 18:49:27 
25-Apr-19, 18:49:29 
25-Apr-19, 18:49:34 
25-Apr-19, 18:49:37 
25-Apr-19, 18:49:39 
25-Apr-19, 18:49:42 
25-Apr-19, 18:49:47 
25-Apr-19, 18:49:52 
25-Apr-19, 18:49:54 
25-Apr-19, 18:49:57 
25-Apr-19, 18:49:59 
25-Apr-19, 18:50:04 
25-Apr-19, 18:50:07 
25-Apr-19, 18:50:09 
25-Apr-19, 18:50:12 
25-Apr-19, 18:50:17 
25-Apr-19, 18:50:19 
25-Apr-19, 18:50:22 
25-Apr-19, 18:50:24 
25-Apr-19, 18:50:27 
25-Apr-19, 18:50:29 
25-Apr-19, 18:50:34 
25-Apr-19, 18:50:37 
25-Apr-19, 18:50:39 
25-Apr-19, 18:50:42 
25-Apr-19, 18:50:47 
25-Apr-19, 18:50:49 
25-Apr-19, 18:50:52 
25-Apr-19, 18:50:54 
25-Apr-19, 18:50:57 
25-Apr-19, 18:50:59 
25-Apr-19, 18:51:04 
25-Apr-19, 18:51:07 
25-Apr-19, 18:51:09 
25-Apr-19, 18:51:12 
25-Apr-19, 18:51:17 
25-Apr-19, 18:51:19 
25-Apr-19, 18:51:22 
25-Apr-19, 18:51:25 
25-Apr-19, 18:51:27 
25-Apr-19, 18:51:30 
25-Apr-19, 18:51:35 
25-Apr-19, 18:51:37 
25-Apr-19, 18:51:40 
25-Apr-19, 18:51:42 
25-Apr-19, 18:51:45 
25-Apr-19, 18:51:47 
25-Apr-19, 18:51:52 
25-Apr-19, 18:51:55 
25-Apr-19, 18:51:57 
25-Apr-19, 18:52:00 
25-Apr-19, 18:52:05 
25-Apr-19, 18:52:10 
25-Apr-19, 18:52:12 
25-Apr-19, 18:52:15 
25-Apr-19, 18:52:17 
25-Apr-19, 18:52:22 
25-Apr-19, 18:52:25 
25-Apr-19, 18:52:27 
25-Apr-19, 18:52:30 
25-Apr-19, 18:52:35 
25-Apr-19, 18:52:37 
25-Apr-19, 18:52:40 
25-Apr-19, 18:52:42 
25-Apr-19, 18:52:45 
25-Apr-19, 18:52:47 
25-Apr-19, 18:52:52 
25-Apr-19, 18:52:55 
25-Apr-19, 18:52:57 
25-Apr-19, 18:53:00 
25-Apr-19, 18:53:05 
25-Apr-19, 18:53:07 
25-Apr-19, 18:53:10 
25-Apr-19, 18:53:12 
25-Apr-19, 18:53:15 
25-Apr-19, 18:53:17 
25-Apr-19, 18:53:22 
25-Apr-19, 18:53:25 
25-Apr-19, 18:53:27 
25-Apr-19, 18:53:30 
25-Apr-19, 18:53:35 
25-Apr-19, 18:53:37 
25-Apr-19, 18:53:40 
25-Apr-19, 18:53:42 
25-Apr-19, 18:53:45 
25-Apr-19, 18:53:47 
25-Apr-19, 18:53:50 
25-Apr-19, 18:53:52 
25-Apr-19, 18:53:55 
25-Apr-19, 18:53:57 
25-Apr-19, 18:54:00 
25-Apr-19, 18:54:05 
25-Apr-19, 18:54:07 
25-Apr-19, 18:54:10 
25-Apr-19, 18:54:12 
25-Apr-19, 18:54:15 
25-Apr-19, 18:54:17 
25-Apr-19, 18:54:22 
25-Apr-19, 18:54:25 
25-Apr-19, 18:54:28 
25-Apr-19, 18:54:30 
25-Apr-19, 18:54:33 
25-Apr-19, 18:54:35 
25-Apr-19, 18:54:43 
25-Apr-19, 18:54:45 
25-Apr-19, 18:54:48 
25-Apr-19, 18:54:53 
25-Apr-19, 18:54:55 
25-Apr-19, 18:54:58 
25-Apr-19, 18:55:00 
25-Apr-19, 18:55:03 
25-Apr-19, 18:55:05 
25-Apr-19, 18:55:10 
25-Apr-19, 18:55:13 
25-Apr-19, 18:55:15 
25-Apr-19, 18:55:18 
25-Apr-19, 18:55:23 
25-Apr-19, 18:55:25 
25-Apr-19, 18:55:28 
25-Apr-19, 18:55:30 
25-Apr-19, 18:55:35 
25-Apr-19, 18:55:40 
25-Apr-19, 18:55:43 
25-Apr-19, 18:55:45 
25-Apr-19, 18:55:48 
25-Apr-19, 18:55:55 
25-Apr-19, 18:55:58 
25-Apr-19, 18:56:00 
25-Apr-19, 18:56:03 
25-Apr-19, 18:56:05 
25-Apr-19, 18:56:10 
25-Apr-19, 18:56:13 
25-Apr-19, 18:56:15 
25-Apr-19, 18:56:18 
25-Apr-19, 18:56:20 
25-Apr-19, 18:56:23 
25-Apr-19, 18:56:25 
25-Apr-19, 18:56:28 
25-Apr-19, 18:56:30 
25-Apr-19, 18:56:33 
25-Apr-19, 18:56:35 
25-Apr-19, 18:56:38 
25-Apr-19, 18:56:40 
25-Apr-19, 18:56:43 
25-Apr-19, 18:56:45 
25-Apr-19, 18:56:48 
25-Apr-19, 18:56:50 
25-Apr-19, 18:56:53 
25-Apr-19, 18:56:55 
25-Apr-19, 18:56:58 
25-Apr-19, 18:57:00 
25-Apr-19, 18:57:03 
25-Apr-19, 18:57:05 
25-Apr-19, 18:57:10 
25-Apr-19, 18:57:15 
25-Apr-19, 18:57:18 
25-Apr-19, 18:57:23 
25-Apr-19, 18:57:28 
25-Apr-19, 18:57:33 
25-Apr-19, 18:57:35 
25-Apr-19, 18:57:40 
25-Apr-19, 18:57:43 
25-Apr-19, 18:57:45 
25-Apr-19, 18:57:48 
25-Apr-19, 18:57:53 
25-Apr-19, 18:57:55 
25-Apr-19, 18:57:58 
25-Apr-19, 18:58:00 
25-Apr-19, 18:58:03 
25-Apr-19, 18:58:05 
25-Apr-19, 18:58:10 
25-Apr-19, 18:58:13 
25-Apr-19, 18:58:15 
25-Apr-19, 18:58:18 
25-Apr-19, 18:58:23 
25-Apr-19, 18:58:25 
25-Apr-19, 18:58:28 
25-Apr-19, 18:58:30 
25-Apr-19, 18:58:33 
25-Apr-19, 18:58:35 
25-Apr-19, 18:58:40 
25-Apr-19, 18:58:43 
25-Apr-19, 18:58:45 
25-Apr-19, 18:58:48 
25-Apr-19, 18:58:53 
25-Apr-19, 18:58:55 
25-Apr-19, 18:58:58 
25-Apr-19, 18:59:00 
25-Apr-19, 18:59:03 
25-Apr-19, 18:59:10 
25-Apr-19, 18:59:13 
25-Apr-19, 18:59:15 
25-Apr-19, 18:59:18 
25-Apr-19, 18:59:23 
25-Apr-19, 18:59:25 
25-Apr-19, 18:59:28 
25-Apr-19, 18:59:30 
25-Apr-19, 18:59:33 
25-Apr-19, 18:59:35 
25-Apr-19, 18:59:40 
25-Apr-19, 18:59:43 
25-Apr-19, 18:59:45 
25-Apr-19, 18:59:48 
25-Apr-19, 18:59:53 
25-Apr-19, 18:59:55 
25-Apr-19, 18:59:58 
25-Apr-19, 19:00:03 
25-Apr-19, 19:00:05 
25-Apr-19, 19:00:10 
25-Apr-19, 19:00:13 
25-Apr-19, 19:00:15 
25-Apr-19, 19:00:18 
25-Apr-19, 19:00:23 
25-Apr-19, 19:00:25 
25-Apr-19, 19:00:28 
25-Apr-19, 19:00:30 
25-Apr-19, 19:00:33 
25-Apr-19, 19:00:35 
25-Apr-19, 19:00:40 
25-Apr-19, 19:00:43 
25-Apr-19, 19:00:45 
25-Apr-19, 19:00:48 
25-Apr-19, 19:00:55 
25-Apr-19, 19:00:58 
25-Apr-19, 19:01:00 
25-Apr-19, 19:01:03 
25-Apr-19, 19:01:05 
25-Apr-19, 19:01:10 
25-Apr-19, 19:01:13 
25-Apr-19, 19:01:15 
25-Apr-19, 19:01:18 
25-Apr-19, 19:01:23 
25-Apr-19, 19:01:25 
25-Apr-19, 19:01:28 
25-Apr-19, 19:01:30 
25-Apr-19, 19:01:33 
25-Apr-19, 19:01:35 
25-Apr-19, 19:01:38 
25-Apr-19, 19:01:40 
25-Apr-19, 19:01:43 
25-Apr-19, 19:01:45 
25-Apr-19, 19:01:48 
25-Apr-19, 19:01:53 
25-Apr-19, 19:01:55 
25-Apr-19, 19:01:58 
25-Apr-19, 19:02:00 
25-Apr-19, 19:02:03 
25-Apr-19, 19:02:06 
25-Apr-19, 19:02:11 
25-Apr-19, 19:02:13 
25-Apr-19, 19:02:16 
25-Apr-19, 19:02:18 
25-Apr-19, 19:02:21 
25-Apr-19, 19:02:23 
25-Apr-19, 19:02:28 
25-Apr-19, 19:02:31 
25-Apr-19, 19:02:33 
25-Apr-19, 19:02:36 
25-Apr-19, 19:02:41 
25-Apr-19, 19:02:43 
25-Apr-19, 19:02:46 
25-Apr-19, 19:02:48 
25-Apr-19, 19:02:51 
25-Apr-19, 19:02:53 
25-Apr-19, 19:02:58 
25-Apr-19, 19:03:01 
25-Apr-19, 19:03:06 
25-Apr-19, 19:03:08 
25-Apr-19, 19:03:11 
25-Apr-19, 19:03:13 
25-Apr-19, 19:03:16 
25-Apr-19, 19:03:18 
25-Apr-19, 19:03:21 
25-Apr-19, 19:03:23 
25-Apr-19, 19:03:28 
25-Apr-19, 19:03:31 
25-Apr-19, 19:03:33 
25-Apr-19, 19:03:36 
25-Apr-19, 19:03:38 
25-Apr-19, 19:03:41 
25-Apr-19, 19:03:43 
25-Apr-19, 19:03:46 
25-Apr-19, 19:03:48 
25-Apr-19, 19:03:51 
25-Apr-19, 19:03:53 
25-Apr-19, 19:03:59 
25-Apr-19, 19:04:01 
25-Apr-19, 19:04:04 
25-Apr-19, 19:04:06 
25-Apr-19, 19:04:09 
25-Apr-19, 19:04:11 
25-Apr-19, 19:04:19 
25-Apr-19, 19:04:21 
25-Apr-19, 19:04:24 
25-Apr-19, 19:04:29 
25-Apr-19, 19:04:31 
25-Apr-19, 19:04:36 
25-Apr-19, 19:04:39 
25-Apr-19, 19:04:41 
25-Apr-19, 19:04:46 
25-Apr-19, 19:04:49 
25-Apr-19, 19:04:51 
25-Apr-19, 19:04:54 
25-Apr-19, 19:04:59 
25-Apr-19, 19:05:01 
25-Apr-19, 19:05:04 
25-Apr-19, 19:05:06 
25-Apr-19, 19:05:09 
25-Apr-19, 19:05:11 
25-Apr-19, 19:05:14 
25-Apr-19, 19:05:19 
25-Apr-19, 19:05:21 
25-Apr-19, 19:05:24 
25-Apr-19, 19:05:29 
25-Apr-19, 19:05:31 
25-Apr-19, 19:05:34 
25-Apr-19, 19:05:36 
25-Apr-19, 19:05:39 
25-Apr-19, 19:05:41 
25-Apr-19, 19:05:46 
25-Apr-19, 19:05:49 
25-Apr-19, 19:05:51 
25-Apr-19, 19:05:54 
25-Apr-19, 19:05:59 
25-Apr-19, 19:06:01 
25-Apr-19, 19:06:04 
25-Apr-19, 19:06:06 
25-Apr-19, 19:06:09 
25-Apr-19, 19:06:11 
25-Apr-19, 19:06:16 
25-Apr-19, 19:06:19 
25-Apr-19, 19:06:21 
25-Apr-19, 19:06:24 
25-Apr-19, 19:06:29 
25-Apr-19, 19:06:31 
25-Apr-19, 19:06:34 
25-Apr-19, 19:06:36 
25-Apr-19, 19:06:39 
25-Apr-19, 19:06:41 
25-Apr-19, 19:06:46 
25-Apr-19, 19:06:49 
25-Apr-19, 19:06:51 
25-Apr-19, 19:06:54 
25-Apr-19, 19:06:59 
25-Apr-19, 19:07:01 
25-Apr-19, 19:07:04 
25-Apr-19, 19:07:06 
25-Apr-19, 19:07:09 
25-Apr-19, 19:07:11 
25-Apr-19, 19:07:14 
25-Apr-19, 19:07:19 
25-Apr-19, 19:07:21 
25-Apr-19, 19:07:24 
25-Apr-19, 19:07:29 
25-Apr-19, 19:07:31 
25-Apr-19, 19:07:34 
25-Apr-19, 19:07:36 
25-Apr-19, 19:07:39 
25-Apr-19, 19:07:41 
25-Apr-19, 19:07:46 
25-Apr-19, 19:07:49 
25-Apr-19, 19:07:51 
25-Apr-19, 19:07:54 
25-Apr-19, 19:07:56 
25-Apr-19, 19:07:59 
25-Apr-19, 19:08:01 
25-Apr-19, 19:08:04 
25-Apr-19, 19:08:06 
25-Apr-19, 19:08:09 
25-Apr-19, 19:08:11 
25-Apr-19, 19:08:16 
25-Apr-19, 19:08:19 
25-Apr-19, 19:08:21 
25-Apr-19, 19:08:24 
25-Apr-19, 19:08:26 
25-Apr-19, 19:08:29 
25-Apr-19, 19:08:31 
25-Apr-19, 19:08:34 
25-Apr-19, 19:08:36 
25-Apr-19, 19:08:39 
25-Apr-19, 19:08:41 
25-Apr-19, 19:08:46 
25-Apr-19, 19:08:49 
25-Apr-19, 19:08:51 
25-Apr-19, 19:08:54 
25-Apr-19, 19:08:59 
25-Apr-19, 19:09:01 
25-Apr-19, 19:09:04 
25-Apr-19, 19:09:06 
25-Apr-19, 19:09:09 
25-Apr-19, 19:09:11 
25-Apr-19, 19:09:16 
25-Apr-19, 19:09:19 
25-Apr-19, 19:09:21 
25-Apr-19, 19:09:24 
25-Apr-19, 19:09:26 
25-Apr-19, 19:09:29 
25-Apr-19, 19:09:31 
25-Apr-19, 19:09:34 
25-Apr-19, 19:09:36 
25-Apr-19, 19:09:39 
25-Apr-19, 19:09:41 
25-Apr-19, 19:09:46 
25-Apr-19, 19:09:49 
25-Apr-19, 19:09:51 
25-Apr-19, 19:09:54 
25-Apr-19, 19:09:59 
25-Apr-19, 19:10:01 
25-Apr-19, 19:10:04 
25-Apr-19, 19:10:06 
25-Apr-19, 19:10:09 
25-Apr-19, 19:10:11 
25-Apr-19, 19:10:16 
25-Apr-19, 19:10:19 
25-Apr-19, 19:10:21 
25-Apr-19, 19:10:24 
25-Apr-19, 19:10:29 
25-Apr-19, 19:10:31 
25-Apr-19, 19:10:34 
25-Apr-19, 19:10:36 
25-Apr-19, 19:10:39 
25-Apr-19, 19:10:41 
25-Apr-19, 19:10:44 
25-Apr-19, 19:10:46 
28-Apr-19, 08:57:17 
28-Apr-19, 08:57:18 
28-Apr-19, 08:57:22 
28-Apr-19, 08:57:23 
28-Apr-19, 08:57:26 
28-Apr-19, 08:57:27 
28-Apr-19, 08:57:28 
28-Apr-19, 08:57:31 
28-Apr-19, 08:57:32 
28-Apr-19, 08:57:36 
28-Apr-19, 08:57:37 
28-Apr-19, 08:57:38 
28-Apr-19, 08:57:41 
28-Apr-19, 08:57:42 
28-Apr-19, 08:57:43 
28-Apr-19, 08:57:46 
28-Apr-19, 08:57:47 
28-Apr-19, 08:57:48 
28-Apr-19, 08:57:51 
28-Apr-19, 08:57:52 
28-Apr-19, 08:57:53 
28-Apr-19, 08:57:58 
28-Apr-19, 08:58:02 
28-Apr-19, 08:58:03 
28-Apr-19, 08:58:06 
28-Apr-19, 08:58:07 
28-Apr-19, 08:58:08 
28-Apr-19, 08:58:11 
28-Apr-19, 08:58:12 
28-Apr-19, 08:58:13 
28-Apr-19, 08:58:16 
28-Apr-19, 08:58:17 
28-Apr-19, 08:58:18 
28-Apr-19, 08:58:21 
28-Apr-19, 08:58:22 
28-Apr-19, 08:58:23 
28-Apr-19, 08:58:26 
28-Apr-19, 08:58:27 
28-Apr-19, 08:58:28 
28-Apr-19, 08:58:31 
28-Apr-19, 08:58:32 
28-Apr-19, 08:58:33 
28-Apr-19, 08:58:36 
28-Apr-19, 08:58:37 
28-Apr-19, 08:58:38 
28-Apr-19, 08:58:41 
28-Apr-19, 08:58:42 
28-Apr-19, 08:58:43 
28-Apr-19, 08:58:46 
28-Apr-19, 08:58:47 
28-Apr-19, 08:58:48 
28-Apr-19, 08:58:51 
28-Apr-19, 08:58:53 
28-Apr-19, 08:59:02 
28-Apr-19, 08:59:03 
28-Apr-19, 08:59:07 
28-Apr-19, 08:59:08 
28-Apr-19, 08:59:11 
28-Apr-19, 08:59:12 
28-Apr-19, 08:59:13 
28-Apr-19, 08:59:16 
28-Apr-19, 08:59:17 
28-Apr-19, 08:59:18 
28-Apr-19, 08:59:21 
28-Apr-19, 08:59:22 
28-Apr-19, 08:59:26 
28-Apr-19, 08:59:27 
28-Apr-19, 08:59:28 
28-Apr-19, 08:59:31 
28-Apr-19, 08:59:32 
28-Apr-19, 08:59:33 
28-Apr-19, 08:59:36 
28-Apr-19, 08:59:37 
28-Apr-19, 08:59:38 
28-Apr-19, 08:59:41 
28-Apr-19, 08:59:42 
28-Apr-19, 08:59:43 
28-Apr-19, 08:59:46 
28-Apr-19, 08:59:47 
28-Apr-19, 08:59:48 
28-Apr-19, 08:59:51 
28-Apr-19, 08:59:52 
28-Apr-19, 08:59:53 
28-Apr-19, 09:00:02 
28-Apr-19, 09:00:03 
28-Apr-19, 09:00:06 
28-Apr-19, 09:00:07 
28-Apr-19, 09:00:08 
28-Apr-19, 09:00:11 
28-Apr-19, 09:00:12 
28-Apr-19, 09:00:13 
28-Apr-19, 09:00:16 
28-Apr-19, 09:00:17 
28-Apr-19, 09:00:18 
28-Apr-19, 09:00:21 
28-Apr-19, 09:00:22 
28-Apr-19, 09:00:23 
28-Apr-19, 09:00:26 
28-Apr-19, 09:00:27 
28-Apr-19, 09:00:28 
28-Apr-19, 09:00:31 
28-Apr-19, 09:00:32 
28-Apr-19, 09:00:33 
28-Apr-19, 09:00:36 
28-Apr-19, 09:00:41 
28-Apr-19, 09:00:42 
28-Apr-19, 09:00:43 
28-Apr-19, 09:00:46 
28-Apr-19, 09:00:47 
28-Apr-19, 09:00:48 
28-Apr-19, 09:00:52 
28-Apr-19, 09:00:53 
28-Apr-19, 09:01:03 
28-Apr-19, 09:01:06 
28-Apr-19, 09:01:07 
28-Apr-19, 09:01:08 
28-Apr-19, 09:01:11 
28-Apr-19, 09:01:12 
28-Apr-19, 09:01:13 
28-Apr-19, 09:01:16 
28-Apr-19, 09:01:17 
28-Apr-19, 09:01:18 
28-Apr-19, 09:01:21 
28-Apr-19, 09:01:22 
28-Apr-19, 09:01:23 
28-Apr-19, 09:01:26 
28-Apr-19, 09:01:27 
28-Apr-19, 09:01:28 
28-Apr-19, 09:01:31 
28-Apr-19, 09:01:32 
28-Apr-19, 09:01:33 
28-Apr-19, 09:01:36 
28-Apr-19, 09:01:37 
28-Apr-19, 09:01:38 
28-Apr-19, 09:01:42 
28-Apr-19, 09:01:43 
28-Apr-19, 09:01:46 
28-Apr-19, 09:01:47 
28-Apr-19, 09:01:48 
28-Apr-19, 09:01:51 
28-Apr-19, 09:01:52 
28-Apr-19, 09:01:53 
28-Apr-19, 09:02:03 
28-Apr-19, 09:02:06 
28-Apr-19, 09:02:07 
28-Apr-19, 09:02:08 
28-Apr-19, 09:02:11 
28-Apr-19, 09:02:12 
28-Apr-19, 09:02:13 
28-Apr-19, 09:02:16 
28-Apr-19, 09:02:18 
28-Apr-19, 09:02:21 
28-Apr-19, 09:02:26 
28-Apr-19, 09:02:27 
28-Apr-19, 09:02:28 
28-Apr-19, 09:02:31 
28-Apr-19, 09:02:32 
28-Apr-19, 09:02:33 
28-Apr-19, 09:02:36 
28-Apr-19, 09:02:37 
28-Apr-19, 09:02:38 
28-Apr-19, 09:02:41 
28-Apr-19, 09:02:42 
28-Apr-19, 09:02:43 
28-Apr-19, 09:02:46 
28-Apr-19, 09:02:47 
28-Apr-19, 09:02:48 
28-Apr-19, 09:02:51 
28-Apr-19, 09:02:52 
28-Apr-19, 09:02:53 
28-Apr-19, 09:03:01 
28-Apr-19, 09:03:03 
28-Apr-19, 09:03:06 
28-Apr-19, 09:03:07 
28-Apr-19, 09:03:08 
28-Apr-19, 09:03:11 
28-Apr-19, 09:03:12 
28-Apr-19, 09:03:13 
28-Apr-19, 09:03:17 
28-Apr-19, 09:03:18 
28-Apr-19, 09:03:21 
28-Apr-19, 09:03:22 
28-Apr-19, 09:03:23 
28-Apr-19, 09:03:26 
28-Apr-19, 09:03:27 
28-Apr-19, 09:03:28 
28-Apr-19, 09:03:31 
28-Apr-19, 09:03:32 
28-Apr-19, 09:03:33 
28-Apr-19, 09:03:36 
28-Apr-19, 09:03:37 
28-Apr-19, 09:03:38 
28-Apr-19, 09:03:41 
28-Apr-19, 09:03:42 
28-Apr-19, 09:03:43 
28-Apr-19, 09:03:46 
28-Apr-19, 09:03:47 
28-Apr-19, 09:03:48 
28-Apr-19, 09:03:51 
28-Apr-19, 09:03:52 
28-Apr-19, 09:03:53 
28-Apr-19, 09:04:01 
28-Apr-19, 09:04:02 
28-Apr-19, 09:04:03 
28-Apr-19, 09:04:06 
28-Apr-19, 09:04:11 
28-Apr-19, 09:04:12 
28-Apr-19, 09:04:13 
28-Apr-19, 09:04:16 
28-Apr-19, 09:04:17 
28-Apr-19, 09:04:18 
28-Apr-19, 09:04:21 
28-Apr-19, 09:04:22 
28-Apr-19, 09:04:23 
28-Apr-19, 09:04:26 
28-Apr-19, 09:04:27 
28-Apr-19, 09:04:28 
28-Apr-19, 09:04:31 
28-Apr-19, 09:04:32 
28-Apr-19, 09:04:33 
28-Apr-19, 09:04:36 
28-Apr-19, 09:04:37 
28-Apr-19, 09:04:38 
28-Apr-19, 09:04:41 
28-Apr-19, 09:04:42 
28-Apr-19, 09:04:43 
28-Apr-19, 09:04:46 
28-Apr-19, 09:04:47 
28-Apr-19, 09:04:48 
28-Apr-19, 09:04:51 
28-Apr-19, 09:04:52 
28-Apr-19, 09:04:53 
28-Apr-19, 09:05:01 
28-Apr-19, 09:05:03 
28-Apr-19, 09:05:06 
28-Apr-19, 09:05:07 
28-Apr-19, 09:05:08 
28-Apr-19, 09:05:11 
28-Apr-19, 09:05:12 
28-Apr-19, 09:05:13 
28-Apr-19, 09:05:16 
28-Apr-19, 09:05:17 
28-Apr-19, 09:05:18 
28-Apr-19, 09:05:21 
28-Apr-19, 09:05:22 
28-Apr-19, 09:05:23 
28-Apr-19, 09:05:27 
28-Apr-19, 09:05:28 
28-Apr-19, 09:05:31 
28-Apr-19, 09:05:32 
28-Apr-19, 09:05:33 
28-Apr-19, 09:05:36 
28-Apr-19, 09:05:37 
28-Apr-19, 09:05:38 
28-Apr-19, 09:05:41 
28-Apr-19, 09:05:42 
28-Apr-19, 09:05:43 
28-Apr-19, 09:05:46 
28-Apr-19, 09:05:47 
28-Apr-19, 09:05:48 
28-Apr-19, 09:05:51 
28-Apr-19, 09:05:52 
28-Apr-19, 09:05:58 
28-Apr-19, 09:06:02 
28-Apr-19, 09:06:03 
28-Apr-19, 09:06:06 
28-Apr-19, 09:06:07 
28-Apr-19, 09:06:08 
28-Apr-19, 09:06:11 
28-Apr-19, 09:06:12 
28-Apr-19, 09:06:13 
28-Apr-19, 09:06:16 
28-Apr-19, 09:06:17 
28-Apr-19, 09:06:18 
28-Apr-19, 09:06:21 
28-Apr-19, 09:06:22 
28-Apr-19, 09:06:23 
28-Apr-19, 09:06:26 
28-Apr-19, 09:06:27 
28-Apr-19, 09:06:28 
28-Apr-19, 09:06:31 
28-Apr-19, 09:06:32 
28-Apr-19, 09:06:33 
28-Apr-19, 09:06:36 
28-Apr-19, 09:06:37 
28-Apr-19, 09:06:38 
28-Apr-19, 09:06:41 
28-Apr-19, 09:06:42 
28-Apr-19, 09:06:43 
28-Apr-19, 09:06:46 
28-Apr-19, 09:06:47 
28-Apr-19, 09:06:48 
28-Apr-19, 09:06:51 
28-Apr-19, 09:06:52 
28-Apr-19, 09:06:53 
28-Apr-19, 09:07:03 
28-Apr-19, 09:07:06 
28-Apr-19, 09:07:07 
28-Apr-19, 09:07:08 
28-Apr-19, 09:07:13 
28-Apr-19, 09:07:16 
28-Apr-19, 09:07:17 
28-Apr-19, 09:07:18 
28-Apr-19, 09:07:21 
28-Apr-19, 09:07:22 
28-Apr-19, 09:07:23 
28-Apr-19, 09:07:26 
28-Apr-19, 09:07:27 
28-Apr-19, 09:07:28 
28-Apr-19, 09:07:31 
28-Apr-19, 09:07:32 
28-Apr-19, 09:07:33 
28-Apr-19, 09:07:36 
28-Apr-19, 09:07:37 
28-Apr-19, 09:07:38 
28-Apr-19, 09:07:41 
28-Apr-19, 09:07:42 
28-Apr-19, 09:07:43 
28-Apr-19, 09:07:46 
28-Apr-19, 09:07:47 
28-Apr-19, 09:07:48 
28-Apr-19, 09:07:51 
28-Apr-19, 09:07:52 
28-Apr-19, 09:07:53 
28-Apr-19, 09:08:01 
28-Apr-19, 09:08:03 
28-Apr-19, 09:08:06 
28-Apr-19, 09:08:07 
28-Apr-19, 09:08:08 
28-Apr-19, 09:08:12 
28-Apr-19, 09:08:13 
28-Apr-19, 09:08:16 
28-Apr-19, 09:08:17 
28-Apr-19, 09:08:18 
28-Apr-19, 09:08:21 
28-Apr-19, 09:08:22 
28-Apr-19, 09:08:23 
28-Apr-19, 09:08:26 
28-Apr-19, 09:08:27 
28-Apr-19, 09:08:28 
28-Apr-19, 09:08:31 
28-Apr-19, 09:08:32 
28-Apr-19, 09:08:33 
28-Apr-19, 09:08:36 
28-Apr-19, 09:08:37 
28-Apr-19, 09:08:38 
28-Apr-19, 09:08:41 
28-Apr-19, 09:08:42 
28-Apr-19, 09:08:46 
28-Apr-19, 09:08:47 
28-Apr-19, 09:08:48 
28-Apr-19, 09:08:51 
28-Apr-19, 09:08:52 
28-Apr-19, 09:08:53 
28-Apr-19, 09:09:03 
28-Apr-19, 09:09:06 
28-Apr-19, 09:09:08 
28-Apr-19, 09:09:16 
28-Apr-19, 09:09:17 
28-Apr-19, 09:09:18 
28-Apr-19, 09:09:21 
28-Apr-19, 09:09:22 
28-Apr-19, 09:09:23 
28-Apr-19, 09:09:26 
28-Apr-19, 09:09:27 
28-Apr-19, 09:09:28 
28-Apr-19, 09:09:31 
28-Apr-19, 09:09:32 
28-Apr-19, 09:09:33 
28-Apr-19, 09:09:36 
28-Apr-19, 09:09:37 
28-Apr-19, 09:09:38 
28-Apr-19, 09:09:41 
28-Apr-19, 09:09:42 
28-Apr-19, 09:09:43 
28-Apr-19, 09:09:46 
28-Apr-19, 09:09:47 
28-Apr-19, 09:09:48 
28-Apr-19, 09:09:51 
28-Apr-19, 09:09:52 
28-Apr-19, 09:10:01 
28-Apr-19, 09:10:03 
28-Apr-19, 09:10:06 
28-Apr-19, 09:10:07 
28-Apr-19, 09:10:08 
28-Apr-19, 09:10:13 
28-Apr-19, 09:10:16 
28-Apr-19, 09:10:17 
28-Apr-19, 09:10:18 
28-Apr-19, 09:10:21 
28-Apr-19, 09:10:22 
28-Apr-19, 09:10:23 
28-Apr-19, 09:10:26 
28-Apr-19, 09:10:27 
28-Apr-19, 09:10:28 
28-Apr-19, 09:10:31 
28-Apr-19, 09:10:32 
28-Apr-19, 09:10:33 
28-Apr-19, 09:10:36 
28-Apr-19, 09:10:37 
28-Apr-19, 09:10:38 
28-Apr-19, 09:10:41 
28-Apr-19, 09:10:42 
28-Apr-19, 09:10:43 
28-Apr-19, 09:10:46 
28-Apr-19, 09:10:47 
28-Apr-19, 09:10:48 
28-Apr-19, 09:10:51 
28-Apr-19, 09:10:52 
28-Apr-19, 09:10:53 
28-Apr-19, 09:11:02 
28-Apr-19, 09:11:03 
28-Apr-19, 09:11:06 
28-Apr-19, 09:11:07 
28-Apr-19, 09:11:08 
28-Apr-19, 09:11:11 
28-Apr-19, 09:11:12 
28-Apr-19, 09:11:16 
28-Apr-19, 09:11:17 
28-Apr-19, 09:11:18 
28-Apr-19, 09:11:21 
28-Apr-19, 09:11:22 
28-Apr-19, 09:11:23 
28-Apr-19, 09:11:26 
28-Apr-19, 09:11:27 
28-Apr-19, 09:11:28 
28-Apr-19, 09:11:31 
28-Apr-19, 09:11:32 
28-Apr-19, 09:11:33 
28-Apr-19, 09:11:36 
28-Apr-19, 09:11:37 
28-Apr-19, 09:11:38 
28-Apr-19, 09:11:41 
28-Apr-19, 09:11:42 
28-Apr-19, 09:11:46 
28-Apr-19, 09:11:47 
28-Apr-19, 09:11:48 
28-Apr-19, 09:11:51 
28-Apr-19, 09:11:52 
28-Apr-19, 09:11:53 
28-Apr-19, 09:12:03 
28-Apr-19, 09:12:06 
28-Apr-19, 09:12:07 
28-Apr-19, 09:12:08 
28-Apr-19, 09:12:11 
28-Apr-19, 09:12:12 
28-Apr-19, 09:12:13 
28-Apr-19, 09:12:16 
28-Apr-19, 09:12:17 
28-Apr-19, 09:12:18 
28-Apr-19, 09:12:21 
28-Apr-19, 09:12:22 
28-Apr-19, 09:12:23 
28-Apr-19, 09:12:26 
28-Apr-19, 09:12:27 
28-Apr-19, 09:12:28 
28-Apr-19, 09:12:31 
28-Apr-19, 09:12:32 
28-Apr-19, 09:12:33 
28-Apr-19, 09:12:36 
28-Apr-19, 09:12:37 
28-Apr-19, 09:12:38 
28-Apr-19, 09:12:41 
28-Apr-19, 09:12:42 
28-Apr-19, 09:12:43 
28-Apr-19, 09:12:46 
28-Apr-19, 09:12:47 
28-Apr-19, 09:12:48 
28-Apr-19, 09:12:51 
28-Apr-19, 09:12:52 
28-Apr-19, 09:12:53 
28-Apr-19, 09:13:02 
28-Apr-19, 09:13:03 
28-Apr-19, 09:13:06 
28-Apr-19, 09:13:07 
28-Apr-19, 09:13:08 
28-Apr-19, 09:13:11 
28-Apr-19, 09:13:12 
28-Apr-19, 09:13:13 
28-Apr-19, 09:13:16 
28-Apr-19, 09:13:17 
28-Apr-19, 09:13:18 
28-Apr-19, 09:13:21 
28-Apr-19, 09:13:22 
28-Apr-19, 09:13:23 
28-Apr-19, 09:13:26 
28-Apr-19, 09:13:27 
28-Apr-19, 09:13:31 
28-Apr-19, 09:13:32 
28-Apr-19, 09:13:33 
28-Apr-19, 09:13:36 
28-Apr-19, 09:13:37 
28-Apr-19, 09:13:38 
28-Apr-19, 09:13:41 
28-Apr-19, 09:13:42 
28-Apr-19, 09:13:46 
28-Apr-19, 09:13:47 
28-Apr-19, 09:13:48 
28-Apr-19, 09:13:51 
28-Apr-19, 09:13:52 
28-Apr-19, 09:13:53 
28-Apr-19, 09:14:01 
28-Apr-19, 09:14:03 
28-Apr-19, 09:14:06 
28-Apr-19, 09:14:07 
28-Apr-19, 09:14:08 
28-Apr-19, 09:14:11 
28-Apr-19, 09:14:12 
28-Apr-19, 09:14:13 
28-Apr-19, 09:14:16 
28-Apr-19, 09:14:17 
28-Apr-19, 09:14:18 
28-Apr-19, 09:14:21 
28-Apr-19, 09:14:22 
28-Apr-19, 09:14:23 
28-Apr-19, 09:14:26 
28-Apr-19, 09:14:27 
28-Apr-19, 09:14:28 
28-Apr-19, 09:14:31 
28-Apr-19, 09:14:32 
28-Apr-19, 09:14:33 
28-Apr-19, 09:14:36 
28-Apr-19, 09:14:37 
28-Apr-19, 09:14:38 
28-Apr-19, 09:14:41 
28-Apr-19, 09:14:42 
28-Apr-19, 09:14:43 
28-Apr-19, 09:14:46 
28-Apr-19, 09:14:47 
28-Apr-19, 09:14:48 
28-Apr-19, 09:14:51 
28-Apr-19, 09:14:52 
28-Apr-19, 09:15:02 
28-Apr-19, 09:15:03 
28-Apr-19, 09:15:06 
28-Apr-19, 09:15:07 
28-Apr-19, 09:15:08 
28-Apr-19, 09:15:11 
28-Apr-19, 09:15:12 
28-Apr-19, 09:15:16 
28-Apr-19, 09:15:17 
28-Apr-19, 09:15:18 
28-Apr-19, 09:15:21 
28-Apr-19, 09:15:22 
28-Apr-19, 09:15:23 
28-Apr-19, 09:15:26 
28-Apr-19, 09:15:27 
28-Apr-19, 09:15:28 
28-Apr-19, 09:15:31 
28-Apr-19, 09:15:32 
28-Apr-19, 09:15:33 
28-Apr-19, 09:15:36 
28-Apr-19, 09:15:37 
28-Apr-19, 09:15:38 
28-Apr-19, 09:15:41 
28-Apr-19, 09:15:42 
28-Apr-19, 09:15:43 
28-Apr-19, 09:15:46 
28-Apr-19, 09:15:47 
28-Apr-19, 09:15:48 
28-Apr-19, 09:15:51 
28-Apr-19, 09:15:52 
28-Apr-19, 09:15:53 
28-Apr-19, 09:16:03 
28-Apr-19, 09:16:06 
28-Apr-19, 09:16:07 
28-Apr-19, 09:16:08 
28-Apr-19, 09:16:11 
28-Apr-19, 09:16:12 
28-Apr-19, 09:16:13 
28-Apr-19, 09:16:16 
28-Apr-19, 09:16:17 
28-Apr-19, 09:16:18 
28-Apr-19, 09:16:21 
28-Apr-19, 09:16:22 
28-Apr-19, 09:16:23 
28-Apr-19, 09:16:26 
28-Apr-19, 09:16:27 
28-Apr-19, 09:16:28 
28-Apr-19, 09:16:31 
28-Apr-19, 09:16:33 
28-Apr-19, 09:16:37 
28-Apr-19, 09:16:38 
28-Apr-19, 09:16:41 
28-Apr-19, 09:16:42 
28-Apr-19, 09:16:43 
28-Apr-19, 09:16:47 
28-Apr-19, 09:16:48 
28-Apr-19, 09:16:51 
28-Apr-19, 09:16:52 
28-Apr-19, 09:16:53 
28-Apr-19, 09:17:02 
28-Apr-19, 09:17:03 
28-Apr-19, 09:17:06 
28-Apr-19, 09:17:07 
28-Apr-19, 09:17:08 
28-Apr-19, 09:17:11 
28-Apr-19, 09:17:12 
28-Apr-19, 09:17:13 
28-Apr-19, 09:17:16 
28-Apr-19, 09:17:18 
28-Apr-19, 09:17:21 
28-Apr-19, 09:17:22 
28-Apr-19, 09:17:23 
28-Apr-19, 09:17:26 
28-Apr-19, 09:17:27 
28-Apr-19, 09:17:28 
28-Apr-19, 09:17:31 
28-Apr-19, 09:17:32 
28-Apr-19, 09:17:33 
28-Apr-19, 09:17:36 
28-Apr-19, 09:17:37 
28-Apr-19, 09:17:38 
28-Apr-19, 09:17:41 
28-Apr-19, 09:17:42 
28-Apr-19, 09:17:43 
28-Apr-19, 09:17:46 
28-Apr-19, 09:17:47 
28-Apr-19, 09:17:48 
28-Apr-19, 09:17:51 
28-Apr-19, 09:17:52 
28-Apr-19, 09:17:53 
28-Apr-19, 09:18:01 
28-Apr-19, 09:18:03 
28-Apr-19, 09:18:06 
28-Apr-19, 09:18:07 
28-Apr-19, 09:18:08 
28-Apr-19, 09:18:11 
28-Apr-19, 09:18:12 
28-Apr-19, 09:18:13 
28-Apr-19, 09:18:16 
28-Apr-19, 09:18:17 
28-Apr-19, 09:18:21 
28-Apr-19, 09:18:22 
28-Apr-19, 09:18:23 
28-Apr-19, 09:18:26 
28-Apr-19, 09:18:27 
28-Apr-19, 09:18:28 
28-Apr-19, 09:18:33 
28-Apr-19, 09:18:36 
28-Apr-19, 09:18:37 
28-Apr-19, 09:18:38 
28-Apr-19, 09:18:41 
28-Apr-19, 09:18:42 
28-Apr-19, 09:18:43 
28-Apr-19, 09:18:46 
28-Apr-19, 09:18:47 
28-Apr-19, 09:18:48 
28-Apr-19, 09:18:51 
28-Apr-19, 09:18:52 
28-Apr-19, 09:18:53 
28-Apr-19, 09:18:58 
28-Apr-19, 09:19:03 
28-Apr-19, 09:19:06 
28-Apr-19, 09:19:07 
28-Apr-19, 09:19:08 
28-Apr-19, 09:19:11 
28-Apr-19, 09:19:12 
28-Apr-19, 09:19:13 
28-Apr-19, 09:19:16 
28-Apr-19, 09:19:17 
28-Apr-19, 09:19:18 
28-Apr-19, 09:19:21 
28-Apr-19, 09:19:22 
28-Apr-19, 09:19:23 
28-Apr-19, 09:19:26 
28-Apr-19, 09:19:27 
28-Apr-19, 09:19:28 
28-Apr-19, 09:19:31 
28-Apr-19, 09:19:36 
28-Apr-19, 09:19:37 
28-Apr-19, 09:19:38 
28-Apr-19, 09:19:41 
28-Apr-19, 09:19:42 
28-Apr-19, 09:19:43 
28-Apr-19, 09:19:46 
28-Apr-19, 09:19:47 
28-Apr-19, 09:19:48 
28-Apr-19, 09:19:51 
28-Apr-19, 09:19:52 
28-Apr-19, 09:19:53 
28-Apr-19, 09:20:02 
28-Apr-19, 09:20:06 
28-Apr-19, 09:20:07 
28-Apr-19, 09:20:08 
28-Apr-19, 09:20:11 
28-Apr-19, 09:20:12 
28-Apr-19, 09:20:13 
28-Apr-19, 09:20:16 
28-Apr-19, 09:20:18 
28-Apr-19, 09:20:21 
28-Apr-19, 09:20:22 
28-Apr-19, 09:20:23 
28-Apr-19, 09:20:26 
28-Apr-19, 09:20:27 
28-Apr-19, 09:20:28 
28-Apr-19, 09:20:31 
28-Apr-19, 09:20:32 
28-Apr-19, 09:20:33 
28-Apr-19, 09:20:36 
28-Apr-19, 09:20:37 
28-Apr-19, 09:20:38 
28-Apr-19, 09:20:41 
28-Apr-19, 09:20:42 
28-Apr-19, 09:20:43 
28-Apr-19, 09:20:46 
28-Apr-19, 09:20:47 
28-Apr-19, 09:20:48 
28-Apr-19, 09:20:51 
28-Apr-19, 09:20:52 
28-Apr-19, 09:20:53 
28-Apr-19, 09:21:03 
28-Apr-19, 09:21:06 
28-Apr-19, 09:21:07 
28-Apr-19, 09:21:11 
28-Apr-19, 09:21:12 
28-Apr-19, 09:21:13 
28-Apr-19, 09:21:16 
28-Apr-19, 09:21:17 
28-Apr-19, 09:21:18 
28-Apr-19, 09:21:21 
28-Apr-19, 09:21:22 
28-Apr-19, 09:21:23 
28-Apr-19, 09:21:26 
28-Apr-19, 09:21:27 
28-Apr-19, 09:21:28 
28-Apr-19, 09:21:31 
28-Apr-19, 09:21:32 
28-Apr-19, 09:21:33 
28-Apr-19, 09:21:37 
28-Apr-19, 09:21:38 
28-Apr-19, 09:21:42 
28-Apr-19, 09:21:43 
28-Apr-19, 09:21:46 
28-Apr-19, 09:21:47 
28-Apr-19, 09:21:51 
28-Apr-19, 09:21:52 
28-Apr-19, 09:21:53 
28-Apr-19, 09:22:02 
28-Apr-19, 09:22:03 
28-Apr-19, 09:22:06 
28-Apr-19, 09:22:07 
28-Apr-19, 09:22:08 
28-Apr-19, 09:22:11 
28-Apr-19, 09:22:12 
28-Apr-19, 09:22:13 
28-Apr-19, 09:22:16 
28-Apr-19, 09:22:17 
28-Apr-19, 09:22:18 
28-Apr-19, 09:22:21 
28-Apr-19, 09:22:22 
28-Apr-19, 09:22:23 
28-Apr-19, 09:22:26 
28-Apr-19, 09:22:27 
28-Apr-19, 09:22:28 
28-Apr-19, 09:22:31 
28-Apr-19, 09:22:32 
28-Apr-19, 09:22:33 
28-Apr-19, 09:22:36 
28-Apr-19, 09:22:37 
28-Apr-19, 09:22:38 
28-Apr-19, 09:22:41 
28-Apr-19, 09:22:42 
28-Apr-19, 09:22:46 
28-Apr-19, 09:22:47 
28-Apr-19, 09:22:48 
28-Apr-19, 09:22:51 
28-Apr-19, 09:22:52 
28-Apr-19, 09:22:53 
28-Apr-19, 09:23:01 
28-Apr-19, 09:23:03 
28-Apr-19, 09:23:03 
28-Apr-19, 09:23:06 
28-Apr-19, 09:23:08 
28-Apr-19, 09:23:08 
28-Apr-19, 09:23:11 
28-Apr-19, 09:23:13 
28-Apr-19, 09:23:13 
28-Apr-19, 09:23:16 
28-Apr-19, 09:23:18 
28-Apr-19, 09:23:18 
28-Apr-19, 09:23:23 
28-Apr-19, 09:23:23 
28-Apr-19, 09:23:26 
28-Apr-19, 09:23:28 
28-Apr-19, 09:23:28 
28-Apr-19, 09:23:31 
28-Apr-19, 09:23:33 
28-Apr-19, 09:23:33 
28-Apr-19, 09:23:36 
28-Apr-19, 09:23:38 
28-Apr-19, 09:23:38 
28-Apr-19, 09:23:41 
28-Apr-19, 09:23:43 
28-Apr-19, 09:23:43 
28-Apr-19, 09:23:46 
28-Apr-19, 09:23:48 
28-Apr-19, 09:23:48 
28-Apr-19, 09:23:51 
28-Apr-19, 09:24:01 
28-Apr-19, 09:24:03 
28-Apr-19, 09:24:03 
28-Apr-19, 09:24:06 
28-Apr-19, 09:24:08 
28-Apr-19, 09:24:08 
28-Apr-19, 09:24:11 
28-Apr-19, 09:24:13 
28-Apr-19, 09:24:13 
28-Apr-19, 09:24:16 
28-Apr-19, 09:24:18 
28-Apr-19, 09:24:18 
28-Apr-19, 09:24:21 
28-Apr-19, 09:24:23 
28-Apr-19, 09:24:23 
28-Apr-19, 09:24:26 
28-Apr-19, 09:24:28 
28-Apr-19, 09:24:28 
28-Apr-19, 09:24:31 
28-Apr-19, 09:24:33 
28-Apr-19, 09:24:33 
28-Apr-19, 09:24:36 
28-Apr-19, 09:24:38 
28-Apr-19, 09:24:38 
28-Apr-19, 09:24:41 
28-Apr-19, 09:24:43 
28-Apr-19, 09:24:43 
28-Apr-19, 09:24:47 
28-Apr-19, 09:24:48 
28-Apr-19, 09:24:48 
28-Apr-19, 09:24:53 
28-Apr-19, 09:24:53 
28-Apr-19, 09:25:02 
28-Apr-19, 09:25:03 
28-Apr-19, 09:25:03 
28-Apr-19, 09:25:07 
28-Apr-19, 09:25:08 
28-Apr-19, 09:25:08 
28-Apr-19, 09:25:12 
28-Apr-19, 09:25:13 
28-Apr-19, 09:25:13 
28-Apr-19, 09:25:17 
28-Apr-19, 09:25:18 
28-Apr-19, 09:25:18 
28-Apr-19, 09:25:22 
28-Apr-19, 09:25:23 
28-Apr-19, 09:25:23 
28-Apr-19, 09:25:27 
28-Apr-19, 09:25:28 
28-Apr-19, 09:25:28 
28-Apr-19, 09:25:32 
28-Apr-19, 09:25:33 
28-Apr-19, 09:25:33 
28-Apr-19, 09:25:37 
28-Apr-19, 09:25:38 
28-Apr-19, 09:25:38 
28-Apr-19, 09:25:43 
28-Apr-19, 09:25:43 
28-Apr-19, 09:25:47 
28-Apr-19, 09:25:48 
28-Apr-19, 09:25:48 
28-Apr-19, 09:25:52 
28-Apr-19, 09:25:53 
28-Apr-19, 09:25:53 
28-Apr-19, 09:26:07 
28-Apr-19, 09:26:08 
28-Apr-19, 09:26:08 
28-Apr-19, 09:26:12 
28-Apr-19, 09:26:17 
28-Apr-19, 09:26:18 
28-Apr-19, 09:26:18 
28-Apr-19, 09:26:22 
28-Apr-19, 09:26:23 
28-Apr-19, 09:26:23 
28-Apr-19, 09:26:27 
28-Apr-19, 09:26:28 
28-Apr-19, 09:26:28 
28-Apr-19, 09:26:32 
28-Apr-19, 09:26:33 
28-Apr-19, 09:26:33 
28-Apr-19, 09:26:42 
28-Apr-19, 09:26:43 
28-Apr-19, 09:26:43 
28-Apr-19, 09:26:47 
28-Apr-19, 09:26:48 
28-Apr-19, 09:26:48 
28-Apr-19, 09:26:52 
28-Apr-19, 09:26:53 
28-Apr-19, 09:26:53 
28-Apr-19, 09:27:07 
28-Apr-19, 09:27:08 
28-Apr-19, 09:27:08 
28-Apr-19, 09:27:12 
28-Apr-19, 09:27:13 
28-Apr-19, 09:27:13 
28-Apr-19, 09:27:18 
28-Apr-19, 09:27:18 
28-Apr-19, 09:27:22 
28-Apr-19, 09:27:23 
28-Apr-19, 09:27:23 
28-Apr-19, 09:27:27 
28-Apr-19, 09:27:28 
28-Apr-19, 09:27:28 
28-Apr-19, 09:27:32 
28-Apr-19, 09:27:33 
28-Apr-19, 09:27:33 
28-Apr-19, 09:27:37 
28-Apr-19, 09:27:38 
28-Apr-19, 09:27:38 
28-Apr-19, 09:27:42 
28-Apr-19, 09:27:43 
28-Apr-19, 09:27:43 
28-Apr-19, 09:27:47 
28-Apr-19, 09:27:48 
28-Apr-19, 09:27:48 
28-Apr-19, 09:27:52 
28-Apr-19, 09:27:53 
28-Apr-19, 09:27:53 
28-Apr-19, 09:28:02 
28-Apr-19, 09:28:03 
28-Apr-19, 09:28:03 
28-Apr-19, 09:28:07 
28-Apr-19, 09:28:08 
28-Apr-19, 09:28:08 
28-Apr-19, 09:28:12 
28-Apr-19, 09:28:13 
28-Apr-19, 09:28:13 
28-Apr-19, 09:28:17 
28-Apr-19, 09:28:18 
28-Apr-19, 09:28:18 
28-Apr-19, 09:28:22 
28-Apr-19, 09:28:23 
28-Apr-19, 09:28:23 
28-Apr-19, 09:28:27 
28-Apr-19, 09:28:28 
28-Apr-19, 09:28:28 
28-Apr-19, 09:28:32 
28-Apr-19, 09:28:33 
28-Apr-19, 09:28:33 
28-Apr-19, 09:28:37 
28-Apr-19, 09:28:38 
28-Apr-19, 09:28:38 
28-Apr-19, 09:28:42 
28-Apr-19, 09:28:43 
28-Apr-19, 09:28:43 
28-Apr-19, 09:28:47 
28-Apr-19, 09:28:52 
28-Apr-19, 09:28:53 
28-Apr-19, 09:28:53 
28-Apr-19, 09:28:58 
28-Apr-19, 09:28:58 
28-Apr-19, 09:29:07 
28-Apr-19, 09:29:08 
28-Apr-19, 09:29:08 
28-Apr-19, 09:29:12 
28-Apr-19, 09:29:13 
28-Apr-19, 09:29:13 
28-Apr-19, 09:29:17 
28-Apr-19, 09:29:18 
28-Apr-19, 09:29:18 
28-Apr-19, 09:29:22 
28-Apr-19, 09:29:23 
28-Apr-19, 09:29:23 
28-Apr-19, 09:29:27 
28-Apr-19, 09:29:28 
28-Apr-19, 09:29:28 
28-Apr-19, 09:29:32 
28-Apr-19, 09:29:33 
28-Apr-19, 09:29:33 
28-Apr-19, 09:29:37 
28-Apr-19, 09:29:38 
28-Apr-19, 09:29:38 
28-Apr-19, 09:29:42 
28-Apr-19, 09:29:43 
28-Apr-19, 09:29:43 
28-Apr-19, 09:29:47 
28-Apr-19, 09:29:48 
28-Apr-19, 09:29:48 
28-Apr-19, 09:29:52 
28-Apr-19, 09:29:53 
28-Apr-19, 09:29:53 
28-Apr-19, 09:30:03 
28-Apr-19, 09:30:03 
28-Apr-19, 09:30:08 
28-Apr-19, 09:30:08 
28-Apr-19, 09:30:12 
28-Apr-19, 09:30:13 
28-Apr-19, 09:30:13 
28-Apr-19, 09:30:17 
28-Apr-19, 09:30:18 
28-Apr-19, 09:30:18 
28-Apr-19, 09:30:23 
28-Apr-19, 09:30:23 
28-Apr-19, 09:30:27 
28-Apr-19, 09:30:28 
28-Apr-19, 09:30:28 
28-Apr-19, 09:30:32 
28-Apr-19, 09:30:33 
28-Apr-19, 09:30:33 
28-Apr-19, 09:30:37 
28-Apr-19, 09:30:38 
28-Apr-19, 09:30:38 
28-Apr-19, 09:30:42 
28-Apr-19, 09:30:43 
28-Apr-19, 09:30:43 
28-Apr-19, 09:30:47 
28-Apr-19, 09:30:48 
28-Apr-19, 09:30:48 
28-Apr-19, 09:30:52 
28-Apr-19, 09:30:53 
28-Apr-19, 09:30:53 
28-Apr-19, 09:31:07 
28-Apr-19, 09:31:08 
28-Apr-19, 09:31:08 
28-Apr-19, 09:31:12 
28-Apr-19, 09:31:13 
28-Apr-19, 09:31:13 
28-Apr-19, 09:31:17 
28-Apr-19, 09:31:18 
28-Apr-19, 09:31:18 
28-Apr-19, 09:31:22 
28-Apr-19, 09:31:23 
28-Apr-19, 09:31:23 
28-Apr-19, 09:31:27 
28-Apr-19, 09:31:28 
28-Apr-19, 09:31:28 
28-Apr-19, 09:31:32 
28-Apr-19, 09:31:33 
28-Apr-19, 09:31:33 
28-Apr-19, 09:31:37 
28-Apr-19, 09:31:38 
28-Apr-19, 09:31:38 
28-Apr-19, 09:31:42 
28-Apr-19, 09:31:43 
28-Apr-19, 09:31:43 
28-Apr-19, 09:31:47 
28-Apr-19, 09:31:48 
28-Apr-19, 09:31:48 
28-Apr-19, 09:32:02 
28-Apr-19, 09:32:03 
28-Apr-19, 09:32:03 
28-Apr-19, 09:32:08 
28-Apr-19, 09:32:08 
28-Apr-19, 09:32:12 
28-Apr-19, 09:32:13 
28-Apr-19, 09:32:13 
28-Apr-19, 09:32:17 
28-Apr-19, 09:32:18 
28-Apr-19, 09:32:18 
28-Apr-19, 09:32:22 
28-Apr-19, 09:32:23 
28-Apr-19, 09:32:23 
28-Apr-19, 09:32:27 
28-Apr-19, 09:32:28 
28-Apr-19, 09:32:28 
28-Apr-19, 09:32:32 
28-Apr-19, 09:32:33 
28-Apr-19, 09:32:33 
28-Apr-19, 09:32:37 
28-Apr-19, 09:32:38 
28-Apr-19, 09:32:38 
28-Apr-19, 09:32:42 
28-Apr-19, 09:32:43 
28-Apr-19, 09:32:43 
28-Apr-19, 09:32:47 
28-Apr-19, 09:32:48 
28-Apr-19, 09:32:48 
28-Apr-19, 09:32:52 
28-Apr-19, 09:32:53 
28-Apr-19, 09:32:53 
28-Apr-19, 09:33:03 
28-Apr-19, 09:33:03 
28-Apr-19, 09:33:07 
28-Apr-19, 09:33:08 
28-Apr-19, 09:33:08 
28-Apr-19, 09:33:12 
28-Apr-19, 09:33:13 
28-Apr-19, 09:33:13 
28-Apr-19, 09:33:17 
28-Apr-19, 09:33:18 
28-Apr-19, 09:33:18 
28-Apr-19, 09:33:22 
28-Apr-19, 09:33:23 
28-Apr-19, 09:33:23 
28-Apr-19, 09:33:27 
28-Apr-19, 09:33:28 
28-Apr-19, 09:33:28 
28-Apr-19, 09:33:32 
28-Apr-19, 09:33:33 
28-Apr-19, 09:33:33 
28-Apr-19, 09:33:37 
28-Apr-19, 09:33:42 
28-Apr-19, 09:33:43 
28-Apr-19, 09:33:43 
28-Apr-19, 09:33:47 
28-Apr-19, 09:33:48 
28-Apr-19, 09:33:48 
28-Apr-19, 09:33:53 
28-Apr-19, 09:33:53 
28-Apr-19, 09:34:02 
28-Apr-19, 09:34:03 
28-Apr-19, 09:34:03 
28-Apr-19, 09:34:07 
28-Apr-19, 09:34:08 
28-Apr-19, 09:34:08 
28-Apr-19, 09:34:12 
28-Apr-19, 09:34:13 
28-Apr-19, 09:34:13 
28-Apr-19, 09:34:17 
28-Apr-19, 09:34:18 
28-Apr-19, 09:34:18 
28-Apr-19, 09:34:22 
28-Apr-19, 09:34:23 
28-Apr-19, 09:34:23 
28-Apr-19, 09:34:27 
28-Apr-19, 09:34:28 
28-Apr-19, 09:34:28 
28-Apr-19, 09:34:32 
28-Apr-19, 09:34:33 
28-Apr-19, 09:34:33 
28-Apr-19, 09:34:37 
28-Apr-19, 09:34:38 
28-Apr-19, 09:34:38 
28-Apr-19, 09:34:42 
28-Apr-19, 09:34:43 
28-Apr-19, 09:34:43 
28-Apr-19, 09:34:47 
28-Apr-19, 09:34:48 
28-Apr-19, 09:34:48 
28-Apr-19, 09:34:52 
28-Apr-19, 09:34:53 
28-Apr-19, 09:34:53 
28-Apr-19, 09:35:03 
28-Apr-19, 09:35:03 
28-Apr-19, 09:35:07 
28-Apr-19, 09:35:08 
28-Apr-19, 09:35:08 
28-Apr-19, 09:35:12 
28-Apr-19, 09:35:13 
28-Apr-19, 09:35:13 
28-Apr-19, 09:35:17 
28-Apr-19, 09:35:18 
28-Apr-19, 09:35:18 
28-Apr-19, 09:35:22 
28-Apr-19, 09:35:27 
28-Apr-19, 09:35:28 
28-Apr-19, 09:35:28 
28-Apr-19, 09:35:32 
28-Apr-19, 09:35:33 
28-Apr-19, 09:35:33 
28-Apr-19, 09:35:37 
28-Apr-19, 09:35:38 
28-Apr-19, 09:35:38 
28-Apr-19, 09:35:42 
28-Apr-19, 09:35:43 
28-Apr-19, 09:35:43 
28-Apr-19, 09:35:47 
28-Apr-19, 09:35:48 
28-Apr-19, 09:35:48 
28-Apr-19, 09:35:52 
28-Apr-19, 09:35:53 
28-Apr-19, 09:35:53 
28-Apr-19, 09:36:07 
28-Apr-19, 09:36:08 
28-Apr-19, 09:36:08 
28-Apr-19, 09:36:12 
28-Apr-19, 09:36:13 
28-Apr-19, 09:36:13 
28-Apr-19, 09:36:17 
28-Apr-19, 09:36:18 
28-Apr-19, 09:36:18 
28-Apr-19, 09:36:22 
28-Apr-19, 09:36:23 
28-Apr-19, 09:36:23 
28-Apr-19, 09:36:27 
28-Apr-19, 09:36:28 
28-Apr-19, 09:36:28 
28-Apr-19, 09:36:32 
28-Apr-19, 09:36:33 
28-Apr-19, 09:36:33 
28-Apr-19, 09:36:42 
28-Apr-19, 09:36:43 
28-Apr-19, 09:36:43 
28-Apr-19, 09:36:47 
28-Apr-19, 09:36:48 
28-Apr-19, 09:36:48 
28-Apr-19, 09:36:52 
28-Apr-19, 09:36:53 
28-Apr-19, 09:36:53 
28-Apr-19, 09:37:02 
28-Apr-19, 09:37:03 
28-Apr-19, 09:37:03 
28-Apr-19, 09:37:08 
28-Apr-19, 09:37:08 
28-Apr-19, 09:37:12 
28-Apr-19, 09:37:13 
28-Apr-19, 09:37:13 
28-Apr-19, 09:37:18 
28-Apr-19, 09:37:18 
28-Apr-19, 09:37:22 
28-Apr-19, 09:37:23 
28-Apr-19, 09:37:23 
28-Apr-19, 09:37:27 
28-Apr-19, 09:37:28 
28-Apr-19, 09:37:28 
28-Apr-19, 09:37:32 
28-Apr-19, 09:37:33 
28-Apr-19, 09:37:33 
28-Apr-19, 09:37:37 
28-Apr-19, 09:37:38 
28-Apr-19, 09:37:38 
28-Apr-19, 09:37:42 
28-Apr-19, 09:37:43 
28-Apr-19, 09:37:43 
28-Apr-19, 09:37:47 
28-Apr-19, 09:37:48 
28-Apr-19, 09:37:48 
28-Apr-19, 09:37:52 
28-Apr-19, 09:37:53 
28-Apr-19, 09:37:53 
28-Apr-19, 09:38:02 
28-Apr-19, 09:38:03 
28-Apr-19, 09:38:03 
28-Apr-19, 09:38:07 
28-Apr-19, 09:38:08 
28-Apr-19, 09:38:08 
28-Apr-19, 09:38:12 
28-Apr-19, 09:38:13 
28-Apr-19, 09:38:13 
28-Apr-19, 09:38:17 
28-Apr-19, 09:38:18 
28-Apr-19, 09:38:18 
28-Apr-19, 09:38:22 
28-Apr-19, 09:38:27 
28-Apr-19, 09:38:28 
28-Apr-19, 09:38:28 
28-Apr-19, 09:38:32 
28-Apr-19, 09:38:33 
28-Apr-19, 09:38:33 
28-Apr-19, 09:38:37 
28-Apr-19, 09:38:38 
28-Apr-19, 09:38:38 
28-Apr-19, 09:38:42 
28-Apr-19, 09:38:43 
28-Apr-19, 09:38:43 
28-Apr-19, 09:38:47 
28-Apr-19, 09:38:48 
28-Apr-19, 09:38:48 
28-Apr-19, 09:38:52 
28-Apr-19, 09:38:53 
28-Apr-19, 09:38:53 
28-Apr-19, 09:38:58 
28-Apr-19, 09:38:58 
28-Apr-19, 09:39:03 
28-Apr-19, 09:39:03 
28-Apr-19, 09:39:07 
28-Apr-19, 09:39:08 
28-Apr-19, 09:39:08 
28-Apr-19, 09:39:12 
28-Apr-19, 09:39:13 
28-Apr-19, 09:39:13 
28-Apr-19, 09:39:17 
28-Apr-19, 09:39:18 
28-Apr-19, 09:39:18 
28-Apr-19, 09:39:22 
28-Apr-19, 09:39:23 
28-Apr-19, 09:39:23 
28-Apr-19, 09:39:27 
28-Apr-19, 09:39:28 
28-Apr-19, 09:39:28 
28-Apr-19, 09:39:32 
28-Apr-19, 09:39:33 
28-Apr-19, 09:39:33 
28-Apr-19, 09:39:37 
28-Apr-19, 09:39:38 
28-Apr-19, 09:39:38 
28-Apr-19, 09:39:43 
28-Apr-19, 09:39:43 
28-Apr-19, 09:39:47 
28-Apr-19, 09:39:48 
28-Apr-19, 09:39:48 
28-Apr-19, 09:39:52 
28-Apr-19, 09:39:53 
28-Apr-19, 09:39:53 
28-Apr-19, 09:40:03 
28-Apr-19, 09:40:03 
28-Apr-19, 09:40:07 
28-Apr-19, 09:40:08 
28-Apr-19, 09:40:08 
28-Apr-19, 09:40:12 
28-Apr-19, 09:40:13 
28-Apr-19, 09:40:13 
28-Apr-19, 09:40:17 
28-Apr-19, 09:40:18 
28-Apr-19, 09:40:18 
28-Apr-19, 09:40:22 
28-Apr-19, 09:40:23 
28-Apr-19, 09:40:23 
28-Apr-19, 09:40:27 
28-Apr-19, 09:40:28 
28-Apr-19, 09:40:28 
28-Apr-19, 09:40:32 
28-Apr-19, 09:40:33 
28-Apr-19, 09:40:33 
28-Apr-19, 09:40:37 
28-Apr-19, 09:40:38 
28-Apr-19, 09:40:38 
28-Apr-19, 09:40:42 
28-Apr-19, 09:40:43 
28-Apr-19, 09:40:43 
28-Apr-19, 09:40:47 
28-Apr-19, 09:40:48 
28-Apr-19, 09:40:48 
28-Apr-19, 09:40:52 
28-Apr-19, 09:40:53 
28-Apr-19, 09:40:53 
28-Apr-19, 09:41:07 
28-Apr-19, 09:41:08 
28-Apr-19, 09:41:08 
28-Apr-19, 09:41:12 
28-Apr-19, 09:41:17 
28-Apr-19, 09:41:18 
28-Apr-19, 09:41:18 
28-Apr-19, 09:41:22 
28-Apr-19, 09:41:23 
28-Apr-19, 09:41:23 
28-Apr-19, 09:41:32 
28-Apr-19, 09:41:33 
28-Apr-19, 09:41:33 
28-Apr-19, 09:41:37 
28-Apr-19, 09:41:38 
28-Apr-19, 09:41:38 
28-Apr-19, 09:41:42 
28-Apr-19, 09:41:43 
28-Apr-19, 09:41:43 
28-Apr-19, 09:41:47 
28-Apr-19, 09:41:48 
28-Apr-19, 09:41:49 
28-Apr-19, 09:41:52 
28-Apr-19, 09:41:53 
28-Apr-19, 09:41:54 
28-Apr-19, 09:42:02 
28-Apr-19, 09:42:03 
28-Apr-19, 09:42:04 
28-Apr-19, 09:42:07 
28-Apr-19, 09:42:08 
28-Apr-19, 09:42:09 
28-Apr-19, 09:42:12 
28-Apr-19, 09:42:13 
28-Apr-19, 09:42:14 
28-Apr-19, 09:42:17 
28-Apr-19, 09:42:18 
28-Apr-19, 09:42:19 
28-Apr-19, 09:42:22 
28-Apr-19, 09:42:23 
28-Apr-19, 09:42:24 
28-Apr-19, 09:42:27 
28-Apr-19, 09:42:28 
28-Apr-19, 09:42:29 
28-Apr-19, 09:42:32 
28-Apr-19, 09:42:33 
28-Apr-19, 09:42:34 
28-Apr-19, 09:42:37 
28-Apr-19, 09:42:38 
28-Apr-19, 09:42:39 
28-Apr-19, 09:42:42 
28-Apr-19, 09:42:43 
28-Apr-19, 09:42:44 
28-Apr-19, 09:42:47 
28-Apr-19, 09:42:48 
28-Apr-19, 09:42:49 
28-Apr-19, 09:42:53 
28-Apr-19, 09:42:54 
28-Apr-19, 09:43:03 
28-Apr-19, 09:43:04 
28-Apr-19, 09:43:07 
28-Apr-19, 09:43:08 
28-Apr-19, 09:43:09 
28-Apr-19, 09:43:14 
28-Apr-19, 09:43:17 
28-Apr-19, 09:43:18 
28-Apr-19, 09:43:19 
28-Apr-19, 09:43:22 
28-Apr-19, 09:43:23 
28-Apr-19, 09:43:24 
28-Apr-19, 09:43:27 
28-Apr-19, 09:43:28 
28-Apr-19, 09:43:29 
28-Apr-19, 09:43:32 
28-Apr-19, 09:43:33 
28-Apr-19, 09:43:34 
28-Apr-19, 09:43:37 
28-Apr-19, 09:43:38 
28-Apr-19, 09:43:42 
28-Apr-19, 09:43:43 
28-Apr-19, 09:43:44 
28-Apr-19, 09:43:47 
28-Apr-19, 09:43:48 
28-Apr-19, 09:43:49 
28-Apr-19, 09:43:52 
28-Apr-19, 09:43:53 
28-Apr-19, 09:43:54 
28-Apr-19, 09:44:03 
28-Apr-19, 09:44:04 
28-Apr-19, 09:44:07 
28-Apr-19, 09:44:08 
28-Apr-19, 09:44:09 
28-Apr-19, 09:44:12 
28-Apr-19, 09:44:13 
28-Apr-19, 09:44:14 
28-Apr-19, 09:44:17 
28-Apr-19, 09:44:18 
28-Apr-19, 09:44:19 
28-Apr-19, 09:44:22 
28-Apr-19, 09:44:23 
28-Apr-19, 09:44:24 
28-Apr-19, 09:44:27 
28-Apr-19, 09:44:28 
28-Apr-19, 09:44:29 
28-Apr-19, 09:44:32 
28-Apr-19, 09:44:33 
28-Apr-19, 09:44:34 
28-Apr-19, 09:44:37 
28-Apr-19, 09:44:38 
28-Apr-19, 09:44:39 
28-Apr-19, 09:44:47 
28-Apr-19, 09:44:48 
28-Apr-19, 09:44:49 
28-Apr-19, 09:44:52 
28-Apr-19, 09:44:53 
28-Apr-19, 09:44:54 
28-Apr-19, 09:44:59 
28-Apr-19, 09:45:07 
28-Apr-19, 09:45:08 
28-Apr-19, 09:45:09 
28-Apr-19, 09:45:12 
28-Apr-19, 09:45:13 
28-Apr-19, 09:45:14 
28-Apr-19, 09:45:17 
28-Apr-19, 09:45:18 
28-Apr-19, 09:45:19 
28-Apr-19, 09:45:22 
28-Apr-19, 09:45:23 
28-Apr-19, 09:45:24 
28-Apr-19, 09:45:27 
28-Apr-19, 09:45:28 
28-Apr-19, 09:45:29 
28-Apr-19, 09:45:32 
28-Apr-19, 09:45:33 
28-Apr-19, 09:45:34 
28-Apr-19, 09:45:37 
28-Apr-19, 09:45:38 
28-Apr-19, 09:45:39 
28-Apr-19, 09:45:42 
28-Apr-19, 09:45:43 
28-Apr-19, 09:45:44 
28-Apr-19, 09:45:47 
28-Apr-19, 09:45:48 
28-Apr-19, 09:45:49 
28-Apr-19, 09:45:52 
28-Apr-19, 09:45:53 
28-Apr-19, 09:45:54 
28-Apr-19, 09:46:02 
28-Apr-19, 09:46:03 
28-Apr-19, 09:46:04 
28-Apr-19, 09:46:07 
28-Apr-19, 09:46:08 
28-Apr-19, 09:46:09 
28-Apr-19, 09:46:12 
28-Apr-19, 09:46:13 
28-Apr-19, 09:46:14 
28-Apr-19, 09:46:18 
28-Apr-19, 09:46:19 
28-Apr-19, 09:46:22 
28-Apr-19, 09:46:23 
28-Apr-19, 09:46:24 
28-Apr-19, 09:46:27 
28-Apr-19, 09:46:28 
28-Apr-19, 09:46:29 
28-Apr-19, 09:46:32 
28-Apr-19, 09:46:33 
28-Apr-19, 09:46:34 
28-Apr-19, 09:46:37 
28-Apr-19, 09:46:38 
28-Apr-19, 09:46:39 
28-Apr-19, 09:46:42 
28-Apr-19, 09:46:43 
28-Apr-19, 09:46:44 
28-Apr-19, 09:46:47 
28-Apr-19, 09:46:48 
28-Apr-19, 09:46:49 
28-Apr-19, 09:46:52 
28-Apr-19, 09:46:53 
28-Apr-19, 09:46:54 
28-Apr-19, 09:47:02 
28-Apr-19, 09:47:03 
28-Apr-19, 09:47:04 
28-Apr-19, 09:47:07 
28-Apr-19, 09:47:08 
28-Apr-19, 09:47:09 
28-Apr-19, 09:47:12 
28-Apr-19, 09:47:13 
28-Apr-19, 09:47:14 
28-Apr-19, 09:47:17 
28-Apr-19, 09:47:18 
28-Apr-19, 09:47:19 
28-Apr-19, 09:47:22 
28-Apr-19, 09:47:23 
28-Apr-19, 09:47:24 
28-Apr-19, 09:47:27 
28-Apr-19, 09:47:28 
28-Apr-19, 09:47:29 
28-Apr-19, 09:47:32 
28-Apr-19, 09:47:33 
28-Apr-19, 09:47:34 
28-Apr-19, 09:47:37 
28-Apr-19, 09:47:38 
28-Apr-19, 09:47:39 
28-Apr-19, 09:47:42 
28-Apr-19, 09:47:43 
28-Apr-19, 09:47:44 
28-Apr-19, 09:47:47 
28-Apr-19, 09:47:49 
28-Apr-19, 09:47:52 
28-Apr-19, 09:47:53 
28-Apr-19, 09:47:54 
28-Apr-19, 09:48:03 
28-Apr-19, 09:48:04 
28-Apr-19, 09:48:07 
28-Apr-19, 09:48:08 
28-Apr-19, 09:48:09 
28-Apr-19, 09:48:12 
28-Apr-19, 09:48:13 
28-Apr-19, 09:48:14 
28-Apr-19, 09:48:17 
28-Apr-19, 09:48:18 
28-Apr-19, 09:48:19 
28-Apr-19, 09:48:22 
28-Apr-19, 09:48:23 
28-Apr-19, 09:48:24 
28-Apr-19, 09:48:27 
28-Apr-19, 09:48:28 
28-Apr-19, 09:48:29 
28-Apr-19, 09:48:32 
28-Apr-19, 09:48:33 
28-Apr-19, 09:48:34 
28-Apr-19, 09:48:37 
28-Apr-19, 09:48:38 
28-Apr-19, 09:48:39 
28-Apr-19, 09:48:42 
28-Apr-19, 09:48:43 
28-Apr-19, 09:48:44 
28-Apr-19, 09:48:47 
28-Apr-19, 09:48:48 
28-Apr-19, 09:48:49 
28-Apr-19, 09:48:52 
28-Apr-19, 09:48:53 
28-Apr-19, 09:48:54 
28-Apr-19, 09:49:08 
28-Apr-19, 09:49:09 
28-Apr-19, 09:49:12 
28-Apr-19, 09:49:13 
28-Apr-19, 09:49:14 
28-Apr-19, 09:49:17 
28-Apr-19, 09:49:18 
28-Apr-19, 09:49:19 
28-Apr-19, 09:49:22 
28-Apr-19, 09:49:23 
28-Apr-19, 09:49:24 
28-Apr-19, 09:49:27 
28-Apr-19, 09:49:28 
28-Apr-19, 09:49:29 
28-Apr-19, 09:49:32 
28-Apr-19, 09:49:37 
28-Apr-19, 09:49:38 
28-Apr-19, 09:49:39 
28-Apr-19, 09:49:42 
28-Apr-19, 09:49:43 
28-Apr-19, 09:49:44 
28-Apr-19, 09:49:48 
28-Apr-19, 09:49:49 
28-Apr-19, 09:49:54 
28-Apr-19, 09:50:02 
28-Apr-19, 09:50:03 
28-Apr-19, 09:50:04 
28-Apr-19, 09:50:07 
28-Apr-19, 09:50:08 
28-Apr-19, 09:50:09 
28-Apr-19, 09:50:12 
28-Apr-19, 09:50:13 
28-Apr-19, 09:50:14 
28-Apr-19, 09:50:17 
28-Apr-19, 09:50:18 
28-Apr-19, 09:50:19 
28-Apr-19, 09:50:22 
28-Apr-19, 09:50:23 
28-Apr-19, 09:50:24 
28-Apr-19, 09:50:27 
28-Apr-19, 09:50:28 
28-Apr-19, 09:50:29 
28-Apr-19, 09:50:32 
28-Apr-19, 09:50:33 
28-Apr-19, 09:50:34 
28-Apr-19, 09:50:37 
28-Apr-19, 09:50:38 
28-Apr-19, 09:50:39 
28-Apr-19, 09:50:42 
28-Apr-19, 09:50:43 
28-Apr-19, 09:50:44 
28-Apr-19, 09:50:47 
28-Apr-19, 09:50:48 
28-Apr-19, 09:50:49 
28-Apr-19, 09:50:52 
28-Apr-19, 09:50:53 
28-Apr-19, 09:50:54 
28-Apr-19, 09:51:02 
28-Apr-19, 09:51:03 
28-Apr-19, 09:51:04 
28-Apr-19, 09:51:07 
28-Apr-19, 09:51:08 
28-Apr-19, 09:51:09 
28-Apr-19, 09:51:12 
28-Apr-19, 09:51:13 
28-Apr-19, 09:51:17 
28-Apr-19, 09:51:22 
28-Apr-19, 09:51:24 
28-Apr-19, 09:51:27 
28-Apr-19, 09:51:28 
28-Apr-19, 09:51:33 
28-Apr-19, 09:51:34 
28-Apr-19, 09:51:37 
28-Apr-19, 09:51:38 
28-Apr-19, 09:51:39 
28-Apr-19, 09:51:42 
28-Apr-19, 09:51:43 
28-Apr-19, 09:51:44 
28-Apr-19, 09:51:48 
28-Apr-19, 09:51:49 
28-Apr-19, 09:51:52 
28-Apr-19, 09:51:53 
28-Apr-19, 09:51:54 
28-Apr-19, 09:52:02 
28-Apr-19, 09:52:03 
28-Apr-19, 09:52:04 
28-Apr-19, 09:52:07 
28-Apr-19, 09:52:08 
28-Apr-19, 09:52:12 
28-Apr-19, 09:52:14 
28-Apr-19, 09:52:17 
28-Apr-19, 09:52:19 
28-Apr-19, 09:52:22 
28-Apr-19, 09:52:23 
28-Apr-19, 09:52:24 
28-Apr-19, 09:52:27 
28-Apr-19, 09:52:28 
28-Apr-19, 09:52:29 
28-Apr-19, 09:52:32 
28-Apr-19, 09:52:33 
28-Apr-19, 09:52:34 
28-Apr-19, 09:52:37 
28-Apr-19, 09:52:38 
28-Apr-19, 09:52:39 
28-Apr-19, 09:52:42 
28-Apr-19, 09:52:43 
28-Apr-19, 09:52:44 
28-Apr-19, 09:52:47 
28-Apr-19, 09:52:48 
28-Apr-19, 09:52:49 
28-Apr-19, 09:52:53 
28-Apr-19, 09:52:54 
28-Apr-19, 09:52:59 
28-Apr-19, 09:53:07 
28-Apr-19, 09:53:08 
28-Apr-19, 09:53:09 
28-Apr-19, 09:53:12 
28-Apr-19, 09:53:13 
28-Apr-19, 09:53:14 
28-Apr-19, 09:53:17 
28-Apr-19, 09:53:19 
28-Apr-19, 09:53:22 
28-Apr-19, 09:53:23 
28-Apr-19, 09:53:27 
28-Apr-19, 09:53:29 
28-Apr-19, 09:53:32 
28-Apr-19, 09:53:33 
28-Apr-19, 09:53:34 
28-Apr-19, 09:53:37 
28-Apr-19, 09:53:38 
28-Apr-19, 09:53:39 
28-Apr-19, 09:53:42 
28-Apr-19, 09:53:43 
28-Apr-19, 09:53:44 
28-Apr-19, 09:53:47 
28-Apr-19, 09:53:52 
28-Apr-19, 09:53:53 
28-Apr-19, 09:53:54 
28-Apr-19, 09:54:02 
28-Apr-19, 09:54:03 
28-Apr-19, 09:54:04 
28-Apr-19, 09:54:07 
28-Apr-19, 09:54:08 
28-Apr-19, 09:54:09 
28-Apr-19, 09:54:12 
28-Apr-19, 09:54:13 
28-Apr-19, 09:54:14 
28-Apr-19, 09:54:17 
28-Apr-19, 09:54:18 
28-Apr-19, 09:54:19 
28-Apr-19, 09:54:22 
28-Apr-19, 09:54:23 
28-Apr-19, 09:54:24 
28-Apr-19, 09:54:27 
28-Apr-19, 09:54:28 
28-Apr-19, 09:54:29 
28-Apr-19, 09:54:32 
28-Apr-19, 09:54:33 
28-Apr-19, 09:54:34 
28-Apr-19, 09:54:37 
28-Apr-19, 09:54:38 
28-Apr-19, 09:54:39 
28-Apr-19, 09:54:42 
28-Apr-19, 09:54:43 
28-Apr-19, 09:54:44 
28-Apr-19, 09:54:47 
28-Apr-19, 09:54:48 
28-Apr-19, 09:54:49 
28-Apr-19, 09:54:52 
28-Apr-19, 09:54:53 
28-Apr-19, 09:54:54 
28-Apr-19, 09:55:02 
28-Apr-19, 09:55:03 
28-Apr-19, 09:55:04 
28-Apr-19, 09:55:07 
28-Apr-19, 09:55:08 
28-Apr-19, 09:55:09 
28-Apr-19, 09:55:12 
28-Apr-19, 09:55:13 
28-Apr-19, 09:55:14 
28-Apr-19, 09:55:17 
28-Apr-19, 09:55:18 
28-Apr-19, 09:55:19 
28-Apr-19, 09:55:22 
28-Apr-19, 09:55:24 
28-Apr-19, 09:55:27 
28-Apr-19, 09:55:28 
28-Apr-19, 09:55:29 
28-Apr-19, 09:55:32 
28-Apr-19, 09:55:33 
28-Apr-19, 09:55:34 
28-Apr-19, 09:55:38 
28-Apr-19, 09:55:39 
28-Apr-19, 09:55:42 
28-Apr-19, 09:55:43 
28-Apr-19, 09:55:44 
28-Apr-19, 09:55:47 
28-Apr-19, 09:55:48 
28-Apr-19, 09:55:49 
28-Apr-19, 09:55:52 
28-Apr-19, 09:55:53 
28-Apr-19, 09:55:54 
28-Apr-19, 09:55:59 
28-Apr-19, 09:56:03 
28-Apr-19, 09:56:04 
28-Apr-19, 09:56:07 
28-Apr-19, 09:56:08 
28-Apr-19, 09:56:09 
28-Apr-19, 09:56:12 
28-Apr-19, 09:56:14 
28-Apr-19, 09:56:17 
28-Apr-19, 09:56:18 
28-Apr-19, 09:56:19 
28-Apr-19, 09:56:22 
28-Apr-19, 09:56:23 
28-Apr-19, 09:56:24 
28-Apr-19, 09:56:27 
28-Apr-19, 09:56:28 
28-Apr-19, 09:56:29 
28-Apr-19, 09:56:32 
28-Apr-19, 09:56:33 
28-Apr-19, 09:56:34 
28-Apr-19, 09:56:37 
28-Apr-19, 09:56:38 
28-Apr-19, 09:56:39 
28-Apr-19, 09:56:42 
28-Apr-19, 09:56:43 
28-Apr-19, 09:56:44 
28-Apr-19, 09:56:47 
28-Apr-19, 09:56:48 
28-Apr-19, 09:56:49 
28-Apr-19, 09:56:52 
28-Apr-19, 09:56:53 
28-Apr-19, 09:56:54 
28-Apr-19, 09:57:03 
28-Apr-19, 09:57:04 
28-Apr-19, 09:57:07 
28-Apr-19, 09:57:12 
28-Apr-19, 09:57:13 
28-Apr-19, 09:57:14 
28-Apr-19, 09:57:17 
28-Apr-19, 09:57:18 
28-Apr-19, 09:57:19 
28-Apr-19, 09:57:23 
28-Apr-19, 09:57:24 
28-Apr-19, 09:57:27 
28-Apr-19, 09:57:28 
28-Apr-19, 09:57:29 
28-Apr-19, 09:57:32 
28-Apr-19, 09:57:33 
28-Apr-19, 09:57:34 
28-Apr-19, 09:57:37 
28-Apr-19, 09:57:38 
28-Apr-19, 09:57:39 
28-Apr-19, 09:57:42 
28-Apr-19, 09:57:43 
28-Apr-19, 09:57:44 
28-Apr-19, 09:57:47 
28-Apr-19, 09:57:48 
28-Apr-19, 09:57:49 
28-Apr-19, 09:57:52 
28-Apr-19, 09:57:53 
28-Apr-19, 09:57:54 
28-Apr-19, 09:58:02 
28-Apr-19, 09:58:03 
28-Apr-19, 09:58:04 
28-Apr-19, 09:58:07 
28-Apr-19, 09:58:08 
28-Apr-19, 09:58:09 
28-Apr-19, 09:58:12 
28-Apr-19, 09:58:13 
28-Apr-19, 09:58:14 
28-Apr-19, 09:58:17 
28-Apr-19, 09:58:18 
28-Apr-19, 09:58:19 
28-Apr-19, 09:58:22 
28-Apr-19, 09:58:23 
28-Apr-19, 09:58:24 
28-Apr-19, 09:58:27 
28-Apr-19, 09:58:28 
28-Apr-19, 09:58:29 
28-Apr-19, 09:58:32 
28-Apr-19, 09:58:33 
28-Apr-19, 09:58:34 
28-Apr-19, 09:58:37 
28-Apr-19, 09:58:38 
28-Apr-19, 09:58:39 
28-Apr-19, 09:58:42 
28-Apr-19, 09:58:43 
28-Apr-19, 09:58:44 
28-Apr-19, 09:58:48 
28-Apr-19, 09:58:49 
28-Apr-19, 09:58:52 
28-Apr-19, 09:59:02 
28-Apr-19, 09:59:03 
28-Apr-19, 09:59:04 
28-Apr-19, 09:59:08 
28-Apr-19, 09:59:09 
28-Apr-19, 09:59:12 
28-Apr-19, 09:59:13 
28-Apr-19, 09:59:14 
28-Apr-19, 09:59:17 
28-Apr-19, 09:59:18 
28-Apr-19, 09:59:19 
28-Apr-19, 09:59:22 
28-Apr-19, 09:59:23 
28-Apr-19, 09:59:24 
28-Apr-19, 09:59:27 
28-Apr-19, 09:59:28 
28-Apr-19, 09:59:29 
28-Apr-19, 09:59:32 
28-Apr-19, 09:59:33 
28-Apr-19, 09:59:34 
28-Apr-19, 09:59:37 
28-Apr-19, 09:59:38 
28-Apr-19, 09:59:39 
28-Apr-19, 09:59:42 
28-Apr-19, 09:59:43 
28-Apr-19, 09:59:44 
28-Apr-19, 09:59:47 
28-Apr-19, 09:59:48 
28-Apr-19, 09:59:49 
28-Apr-19, 09:59:52 
28-Apr-19, 09:59:53 
28-Apr-19, 09:59:54 
28-Apr-19, 10:00:02 
28-Apr-19, 10:00:03 
28-Apr-19, 10:00:04 
28-Apr-19, 10:00:07 
28-Apr-19, 10:00:08 
28-Apr-19, 10:00:09 
28-Apr-19, 10:00:12 
28-Apr-19, 10:00:13 
28-Apr-19, 10:00:14 
28-Apr-19, 10:00:17 
28-Apr-19, 10:00:18 
28-Apr-19, 10:00:19 
28-Apr-19, 10:00:22 
28-Apr-19, 10:00:23 
28-Apr-19, 10:00:27 
28-Apr-19, 10:00:28 
28-Apr-19, 10:00:29 
28-Apr-19, 10:00:32 
28-Apr-19, 10:00:33 
28-Apr-19, 10:00:34 
28-Apr-19, 10:00:37 
28-Apr-19, 10:00:42 
28-Apr-19, 10:00:43 
28-Apr-19, 10:00:44 
28-Apr-19, 10:00:47 
28-Apr-19, 10:00:48 
28-Apr-19, 10:00:49 
28-Apr-19, 10:00:52 
28-Apr-19, 10:00:53 
28-Apr-19, 10:00:54 
28-Apr-19, 10:01:03 
28-Apr-19, 10:01:04 
28-Apr-19, 10:01:07 
28-Apr-19, 10:01:08 
28-Apr-19, 10:01:09 
28-Apr-19, 10:01:12 
28-Apr-19, 10:01:13 
28-Apr-19, 10:01:14 
28-Apr-19, 10:01:17 
28-Apr-19, 10:01:18 
28-Apr-19, 10:01:19 
28-Apr-19, 10:01:22 
28-Apr-19, 10:01:23 
28-Apr-19, 10:01:24 
28-Apr-19, 10:01:27 
28-Apr-19, 10:01:28 
28-Apr-19, 10:01:32 
28-Apr-19, 10:01:33 
28-Apr-19, 10:01:34 
28-Apr-19, 10:01:37 
28-Apr-19, 10:01:38 
28-Apr-19, 10:01:39 
28-Apr-19, 10:01:49 
28-Apr-19, 10:01:52 
28-Apr-19, 10:01:53 
28-Apr-19, 10:01:54 
28-Apr-19, 10:01:58 
28-Apr-19, 10:01:59 
28-Apr-19, 10:02:02 
28-Apr-19, 10:02:13 
28-Apr-19, 10:02:14 
28-Apr-19, 10:02:17 
28-Apr-19, 10:02:18 
28-Apr-19, 10:02:22 
28-Apr-19, 10:02:23 
28-Apr-19, 10:02:27 
28-Apr-19, 10:02:28 
28-Apr-19, 10:02:29 
28-Apr-19, 10:02:32 
28-Apr-19, 10:02:33 
28-Apr-19, 10:02:34 
28-Apr-19, 10:02:37 
28-Apr-19, 10:02:39 
28-Apr-19, 10:02:44 
28-Apr-19, 10:02:47 
28-Apr-19, 10:02:49 
28-Apr-19, 10:02:53 
28-Apr-19, 10:02:54 
28-Apr-19, 10:03:07 
28-Apr-19, 10:03:13 
28-Apr-19, 10:03:14 
28-Apr-19, 10:03:18 
28-Apr-19, 10:03:19 
28-Apr-19, 10:03:22 
28-Apr-19, 10:03:23 
28-Apr-19, 10:03:29 
28-Apr-19, 10:03:32 
28-Apr-19, 10:03:33 
28-Apr-19, 10:03:34 
28-Apr-19, 10:03:37 
28-Apr-19, 10:03:38 
28-Apr-19, 10:03:43 
28-Apr-19, 10:03:44 
28-Apr-19, 10:03:47 
28-Apr-19, 10:03:48 
28-Apr-19, 10:03:49 
28-Apr-19, 10:03:52 
28-Apr-19, 10:03:53 
28-Apr-19, 10:04:02 
28-Apr-19, 10:04:03 
28-Apr-19, 10:04:04 
28-Apr-19, 10:04:07 
28-Apr-19, 10:04:08 
28-Apr-19, 10:04:09 
28-Apr-19, 10:04:14 
28-Apr-19, 10:04:17 
28-Apr-19, 10:04:18 
28-Apr-19, 10:04:19 
28-Apr-19, 10:04:22 
28-Apr-19, 10:04:23 
28-Apr-19, 10:04:24 
28-Apr-19, 10:04:27 
28-Apr-19, 10:04:28 
28-Apr-19, 10:04:29 
28-Apr-19, 10:04:32 
28-Apr-19, 10:04:33 
28-Apr-19, 10:04:34 
28-Apr-19, 10:04:37 
28-Apr-19, 10:04:38 
28-Apr-19, 10:04:39 
28-Apr-19, 10:04:42 
28-Apr-19, 10:04:43 
28-Apr-19, 10:04:44 
28-Apr-19, 10:04:47 
28-Apr-19, 10:04:48 
28-Apr-19, 10:04:49 
28-Apr-19, 10:04:52 
28-Apr-19, 10:04:53 
28-Apr-19, 10:04:54 
28-Apr-19, 10:04:58 
28-Apr-19, 10:05:02 
28-Apr-19, 10:05:03 
28-Apr-19, 10:05:04 
28-Apr-19, 10:05:07 
28-Apr-19, 10:05:08 
28-Apr-19, 10:05:09 
28-Apr-19, 10:05:12 
28-Apr-19, 10:05:13 
28-Apr-19, 10:05:14 
28-Apr-19, 10:05:17 
28-Apr-19, 10:05:18 
28-Apr-19, 10:05:19 
28-Apr-19, 10:05:22 
28-Apr-19, 10:05:23 
28-Apr-19, 10:05:24 
28-Apr-19, 10:05:29 
28-Apr-19, 10:05:32 
28-Apr-19, 10:05:33 
28-Apr-19, 10:05:34 
28-Apr-19, 10:05:37 
28-Apr-19, 10:05:38 
28-Apr-19, 10:05:39 
28-Apr-19, 10:05:43 
28-Apr-19, 10:05:44 
28-Apr-19, 10:05:47 
28-Apr-19, 10:05:48 
28-Apr-19, 10:05:49 
28-Apr-19, 10:05:52 
28-Apr-19, 10:05:53 
28-Apr-19, 10:05:54 
28-Apr-19, 10:06:02 
28-Apr-19, 10:06:03 
28-Apr-19, 10:06:04 
28-Apr-19, 10:06:07 
28-Apr-19, 10:06:08 
28-Apr-19, 10:06:09 
28-Apr-19, 10:06:12 
28-Apr-19, 10:06:13 
28-Apr-19, 10:06:14 
28-Apr-19, 10:06:17 
28-Apr-19, 10:06:18 
28-Apr-19, 10:06:19 
28-Apr-19, 10:06:22 
28-Apr-19, 10:06:23 
28-Apr-19, 10:06:24 
28-Apr-19, 10:06:27 
28-Apr-19, 10:06:28 
28-Apr-19, 10:06:29 
28-Apr-19, 10:06:33 
28-Apr-19, 10:06:34 
28-Apr-19, 10:06:37 
28-Apr-19, 10:06:38 
28-Apr-19, 10:06:39 
28-Apr-19, 10:06:42 
28-Apr-19, 10:06:43 
28-Apr-19, 10:06:44 
28-Apr-19, 10:06:47 
28-Apr-19, 10:06:48 
28-Apr-19, 10:06:49 
28-Apr-19, 10:06:52 
28-Apr-19, 10:06:53 
28-Apr-19, 10:06:54 
28-Apr-19, 10:07:02 
28-Apr-19, 10:07:03 
28-Apr-19, 10:07:04 
28-Apr-19, 10:07:07 
28-Apr-19, 10:07:08 
28-Apr-19, 10:07:09 
28-Apr-19, 10:07:14 
28-Apr-19, 10:07:17 
28-Apr-19, 10:07:18 
28-Apr-19, 10:07:19 
28-Apr-19, 10:07:22 
28-Apr-19, 10:07:23 
28-Apr-19, 10:07:24 
28-Apr-19, 10:07:27 
28-Apr-19, 10:07:28 
28-Apr-19, 10:07:29 
28-Apr-19, 10:07:32 
28-Apr-19, 10:07:33 
28-Apr-19, 10:07:34 
28-Apr-19, 10:07:37 
28-Apr-19, 10:07:38 
28-Apr-19, 10:07:39 
28-Apr-19, 10:07:42 
28-Apr-19, 10:07:43 
28-Apr-19, 10:07:44 
28-Apr-19, 10:07:47 
28-Apr-19, 10:07:48 
28-Apr-19, 10:07:49 
28-Apr-19, 10:07:52 
28-Apr-19, 10:07:53 
28-Apr-19, 10:07:54 
28-Apr-19, 10:08:02 
28-Apr-19, 10:08:03 
28-Apr-19, 10:08:04 
28-Apr-19, 10:08:07 
28-Apr-19, 10:08:08 
28-Apr-19, 10:08:09 
28-Apr-19, 10:08:12 
28-Apr-19, 10:08:13 
28-Apr-19, 10:08:14 
28-Apr-19, 10:08:17 
28-Apr-19, 10:08:18 
28-Apr-19, 10:08:19 
28-Apr-19, 10:08:22 
28-Apr-19, 10:08:23 
28-Apr-19, 10:08:24 
28-Apr-19, 10:08:27 
28-Apr-19, 10:08:28 
28-Apr-19, 10:08:29 
28-Apr-19, 10:08:32 
28-Apr-19, 10:08:33 
28-Apr-19, 10:08:34 
28-Apr-19, 10:08:37 
28-Apr-19, 10:08:38 
28-Apr-19, 10:08:39 
28-Apr-19, 10:08:42 
28-Apr-19, 10:08:43 
28-Apr-19, 10:08:47 
28-Apr-19, 10:08:48 
28-Apr-19, 10:08:49 
28-Apr-19, 10:08:52 
28-Apr-19, 10:08:53 
28-Apr-19, 10:08:54 
28-Apr-19, 10:09:04 
28-Apr-19, 10:09:07 
28-Apr-19, 10:09:08 
28-Apr-19, 10:09:09 
28-Apr-19, 10:09:12 
28-Apr-19, 10:09:13 
28-Apr-19, 10:09:14 
28-Apr-19, 10:09:17 
28-Apr-19, 10:09:18 
28-Apr-19, 10:09:19 
28-Apr-19, 10:09:22 
28-Apr-19, 10:09:23 
28-Apr-19, 10:09:24 
28-Apr-19, 10:09:27 
28-Apr-19, 10:09:28 
28-Apr-19, 10:09:29 
28-Apr-19, 10:09:32 
28-Apr-19, 10:09:33 
28-Apr-19, 10:09:34 
28-Apr-19, 10:09:37 
28-Apr-19, 10:09:38 
28-Apr-19, 10:09:39 
28-Apr-19, 10:09:42 
28-Apr-19, 10:09:43 
28-Apr-19, 10:09:44 
28-Apr-19, 10:09:47 
28-Apr-19, 10:09:48 
28-Apr-19, 10:09:49 
28-Apr-19, 10:09:52 
28-Apr-19, 10:09:53 
28-Apr-19, 10:09:54 
28-Apr-19, 10:10:03 
28-Apr-19, 10:10:04 
28-Apr-19, 10:10:07 
28-Apr-19, 10:10:08 
28-Apr-19, 10:10:09 
28-Apr-19, 10:10:12 
28-Apr-19, 10:10:13 
28-Apr-19, 10:10:14 
28-Apr-19, 10:10:17 
28-Apr-19, 10:10:18 
28-Apr-19, 10:10:19 
28-Apr-19, 10:10:22 
28-Apr-19, 10:10:23 
28-Apr-19, 10:10:24 
28-Apr-19, 10:10:27 
28-Apr-19, 10:10:28 
28-Apr-19, 10:10:29 
28-Apr-19, 10:10:32 
28-Apr-19, 10:10:33 
28-Apr-19, 10:10:34 
28-Apr-19, 10:10:37 
28-Apr-19, 10:10:38 
28-Apr-19, 10:10:39 
28-Apr-19, 10:10:42 
28-Apr-19, 10:10:47 
28-Apr-19, 10:10:48 
28-Apr-19, 10:10:49 
28-Apr-19, 10:10:52 
28-Apr-19, 10:10:53 
28-Apr-19, 10:10:54 
28-Apr-19, 10:11:04 
28-Apr-19, 10:11:07 
28-Apr-19, 10:11:08 
28-Apr-19, 10:11:09 
28-Apr-19, 10:11:13 
28-Apr-19, 10:11:14 
28-Apr-19, 10:11:17 
28-Apr-19, 10:11:18 
28-Apr-19, 10:11:19 
28-Apr-19, 10:11:22 
28-Apr-19, 10:11:23 
28-Apr-19, 10:11:24 
28-Apr-19, 10:11:27 
28-Apr-19, 10:11:28 
28-Apr-19, 10:11:29 
28-Apr-19, 10:11:32 
28-Apr-19, 10:11:33 
28-Apr-19, 10:11:34 
28-Apr-19, 10:11:37 
28-Apr-19, 10:11:38 
28-Apr-19, 10:11:39 
28-Apr-19, 10:11:42 
28-Apr-19, 10:11:43 
28-Apr-19, 10:11:44 
28-Apr-19, 10:11:47 
28-Apr-19, 10:11:48 
28-Apr-19, 10:11:49 
28-Apr-19, 10:11:52 
28-Apr-19, 10:11:53 
28-Apr-19, 10:11:54 
28-Apr-19, 10:12:04 
28-Apr-19, 10:12:07 
28-Apr-19, 10:12:08 
28-Apr-19, 10:12:09 
28-Apr-19, 10:12:12 
28-Apr-19, 10:12:13 
28-Apr-19, 10:12:14 
28-Apr-19, 10:12:17 
28-Apr-19, 10:12:18 
28-Apr-19, 10:12:19 
28-Apr-19, 10:12:22 
28-Apr-19, 10:12:23 
28-Apr-19, 10:12:24 
28-Apr-19, 10:12:27 
28-Apr-19, 10:12:32 
28-Apr-19, 10:12:33 
28-Apr-19, 10:12:34 
28-Apr-19, 10:12:37 
28-Apr-19, 10:12:38 
28-Apr-19, 10:12:39 
28-Apr-19, 10:12:43 
28-Apr-19, 10:12:44 
28-Apr-19, 10:12:47 
28-Apr-19, 10:12:48 
28-Apr-19, 10:12:49 
28-Apr-19, 10:12:52 
28-Apr-19, 10:12:53 
28-Apr-19, 10:13:02 
28-Apr-19, 10:13:03 
28-Apr-19, 10:13:04 
28-Apr-19, 10:13:09 
28-Apr-19, 10:13:12 
28-Apr-19, 10:13:13 
28-Apr-19, 10:13:14 
28-Apr-19, 10:13:17 
28-Apr-19, 10:13:18 
28-Apr-19, 10:13:19 
28-Apr-19, 10:13:23 
28-Apr-19, 10:13:24 
28-Apr-19, 10:13:27 
28-Apr-19, 10:13:28 
28-Apr-19, 10:13:29 
28-Apr-19, 10:13:32 
28-Apr-19, 10:13:33 
28-Apr-19, 10:13:34 
28-Apr-19, 10:13:37 
28-Apr-19, 10:13:38 
28-Apr-19, 10:13:42 
28-Apr-19, 10:13:43 
28-Apr-19, 10:13:44 
28-Apr-19, 10:13:47 
28-Apr-19, 10:13:48 
28-Apr-19, 10:13:49 
28-Apr-19, 10:13:52 
28-Apr-19, 10:13:53 
28-Apr-19, 10:13:54 
28-Apr-19, 10:14:03 
28-Apr-19, 10:14:04 
28-Apr-19, 10:14:07 
28-Apr-19, 10:14:08 
28-Apr-19, 10:14:09 
28-Apr-19, 10:14:12 
28-Apr-19, 10:14:17 
28-Apr-19, 10:14:18 
28-Apr-19, 10:14:19 
28-Apr-19, 10:14:22 
28-Apr-19, 10:14:23 
28-Apr-19, 10:14:24 
28-Apr-19, 10:14:28 
28-Apr-19, 10:14:29 
28-Apr-19, 10:14:32 
28-Apr-19, 10:14:33 
28-Apr-19, 10:14:34 
28-Apr-19, 10:14:37 
28-Apr-19, 10:14:38 
28-Apr-19, 10:14:39 
28-Apr-19, 10:14:42 
28-Apr-19, 10:14:43 
28-Apr-19, 10:14:44 
28-Apr-19, 10:14:47 
28-Apr-19, 10:14:49 
28-Apr-19, 10:14:49 
28-Apr-19, 10:14:52 
28-Apr-19, 10:14:54 
28-Apr-19, 10:14:54 
28-Apr-19, 10:15:04 
28-Apr-19, 10:15:04 
28-Apr-19, 10:15:07 
28-Apr-19, 10:15:09 
28-Apr-19, 10:15:09 
28-Apr-19, 10:15:12 
28-Apr-19, 10:15:14 
28-Apr-19, 10:15:14 
28-Apr-19, 10:15:17 
28-Apr-19, 10:15:19 
28-Apr-19, 10:15:19 
28-Apr-19, 10:15:22 
28-Apr-19, 10:15:24 
28-Apr-19, 10:15:24 
28-Apr-19, 10:15:27 
28-Apr-19, 10:15:29 
28-Apr-19, 10:15:29 
28-Apr-19, 10:15:32 
28-Apr-19, 10:15:34 
28-Apr-19, 10:15:34 
28-Apr-19, 10:15:37 
28-Apr-19, 10:15:39 
28-Apr-19, 10:15:39 
28-Apr-19, 10:15:42 
28-Apr-19, 10:15:44 
28-Apr-19, 10:15:44 
28-Apr-19, 10:15:47 
28-Apr-19, 10:15:49 
28-Apr-19, 10:15:49 
28-Apr-19, 10:15:52 
28-Apr-19, 10:15:54 
28-Apr-19, 10:15:54 
28-Apr-19, 10:16:02 
28-Apr-19, 10:16:04 
28-Apr-19, 10:16:04 
28-Apr-19, 10:16:07 
28-Apr-19, 10:16:09 
28-Apr-19, 10:16:09 
28-Apr-19, 10:16:12 
28-Apr-19, 10:16:14 
28-Apr-19, 10:16:14 
28-Apr-19, 10:16:17 
28-Apr-19, 10:16:19 
28-Apr-19, 10:16:19 
28-Apr-19, 10:16:22 
28-Apr-19, 10:16:24 
28-Apr-19, 10:16:24 
28-Apr-19, 10:16:27 
28-Apr-19, 10:16:29 
28-Apr-19, 10:16:29 
28-Apr-19, 10:16:32 
28-Apr-19, 10:16:34 
28-Apr-19, 10:16:34 
28-Apr-19, 10:16:37 
28-Apr-19, 10:16:39 
28-Apr-19, 10:16:39 
28-Apr-19, 10:16:42 
28-Apr-19, 10:16:44 
28-Apr-19, 10:16:44 
28-Apr-19, 10:16:47 
28-Apr-19, 10:16:49 
28-Apr-19, 10:16:49 
28-Apr-19, 10:16:52 
28-Apr-19, 10:16:54 
28-Apr-19, 10:16:54 
28-Apr-19, 10:17:02 
28-Apr-19, 10:17:04 
28-Apr-19, 10:17:04 
28-Apr-19, 10:17:07 
28-Apr-19, 10:17:09 
28-Apr-19, 10:17:09 
28-Apr-19, 10:17:12 
28-Apr-19, 10:17:14 
28-Apr-19, 10:17:14 
28-Apr-19, 10:17:17 
28-Apr-19, 10:17:19 
28-Apr-19, 10:17:19 
28-Apr-19, 10:17:22 
28-Apr-19, 10:17:24 
28-Apr-19, 10:17:24 
28-Apr-19, 10:17:27 
28-Apr-19, 10:17:29 
28-Apr-19, 10:17:29 
28-Apr-19, 10:17:32 
28-Apr-19, 10:17:34 
28-Apr-19, 10:17:34 
28-Apr-19, 10:17:37 
28-Apr-19, 10:17:39 
28-Apr-19, 10:17:39 
28-Apr-19, 10:17:42 
28-Apr-19, 10:17:47 
28-Apr-19, 10:17:52 
28-Apr-19, 10:17:54 
28-Apr-19, 10:17:54 
28-Apr-19, 10:18:02 
28-Apr-19, 10:18:04 
28-Apr-19, 10:18:04 
28-Apr-19, 10:18:07 
28-Apr-19, 10:18:09 
28-Apr-19, 10:18:09 
28-Apr-19, 10:18:12 
28-Apr-19, 10:18:14 
28-Apr-19, 10:18:14 
28-Apr-19, 10:18:17 
28-Apr-19, 10:18:19 
28-Apr-19, 10:18:19 
28-Apr-19, 10:18:22 
28-Apr-19, 10:18:24 
28-Apr-19, 10:18:24 
28-Apr-19, 10:18:27 
28-Apr-19, 10:18:29 
28-Apr-19, 10:18:29 
28-Apr-19, 10:18:32 
28-Apr-19, 10:18:34 
28-Apr-19, 10:18:34 
28-Apr-19, 10:18:37 
28-Apr-19, 10:18:39 
28-Apr-19, 10:18:39 
28-Apr-19, 10:18:42 
28-Apr-19, 10:18:44 
28-Apr-19, 10:18:44 
28-Apr-19, 10:18:47 
28-Apr-19, 10:18:49 
28-Apr-19, 10:18:49 
28-Apr-19, 10:18:52 
28-Apr-19, 10:18:54 
28-Apr-19, 10:18:54 
28-Apr-19, 10:19:04 
28-Apr-19, 10:19:04 
28-Apr-19, 10:19:07 
28-Apr-19, 10:19:12 
28-Apr-19, 10:19:14 
28-Apr-19, 10:19:14 
28-Apr-19, 10:19:19 
28-Apr-19, 10:19:19 
28-Apr-19, 10:19:22 
28-Apr-19, 10:19:24 
28-Apr-19, 10:19:24 
28-Apr-19, 10:19:27 
28-Apr-19, 10:19:32 
28-Apr-19, 10:19:34 
28-Apr-19, 10:19:34 
28-Apr-19, 10:19:37 
28-Apr-19, 10:19:39 
28-Apr-19, 10:19:39 
28-Apr-19, 10:19:42 
28-Apr-19, 10:19:44 
28-Apr-19, 10:19:44 
28-Apr-19, 10:19:47 
28-Apr-19, 10:19:49 
28-Apr-19, 10:19:49 
28-Apr-19, 10:19:52 
28-Apr-19, 10:19:54 
28-Apr-19, 10:19:54 
28-Apr-19, 10:20:04 
28-Apr-19, 10:20:04 
28-Apr-19, 10:20:07 
28-Apr-19, 10:20:09 
28-Apr-19, 10:20:09 
28-Apr-19, 10:20:12 
28-Apr-19, 10:20:14 
28-Apr-19, 10:20:14 
28-Apr-19, 10:20:17 
28-Apr-19, 10:20:19 
28-Apr-19, 10:20:19 
28-Apr-19, 10:20:22 
28-Apr-19, 10:20:24 
28-Apr-19, 10:20:24 
28-Apr-19, 10:20:27 
28-Apr-19, 10:20:29 
28-Apr-19, 10:20:29 
28-Apr-19, 10:20:32 
28-Apr-19, 10:20:34 
28-Apr-19, 10:20:34 
28-Apr-19, 10:20:37 
28-Apr-19, 10:20:39 
28-Apr-19, 10:20:39 
28-Apr-19, 10:20:42 
28-Apr-19, 10:20:44 
28-Apr-19, 10:20:44 
28-Apr-19, 10:20:47 
28-Apr-19, 10:20:49 
28-Apr-19, 10:20:49 
28-Apr-19, 10:20:52 
28-Apr-19, 10:20:54 
28-Apr-19, 10:20:54 
28-Apr-19, 10:21:04 
28-Apr-19, 10:21:04 
28-Apr-19, 10:21:07 
28-Apr-19, 10:21:09 
28-Apr-19, 10:21:09 
28-Apr-19, 10:21:12 
28-Apr-19, 10:21:14 
28-Apr-19, 10:21:14 
28-Apr-19, 10:21:17 
28-Apr-19, 10:21:19 
28-Apr-19, 10:21:19 
28-Apr-19, 10:21:22 
28-Apr-19, 10:21:24 
28-Apr-19, 10:21:24 
28-Apr-19, 10:21:27 
28-Apr-19, 10:21:29 
28-Apr-19, 10:21:29 
28-Apr-19, 10:21:32 
28-Apr-19, 10:21:34 
28-Apr-19, 10:21:34 
28-Apr-19, 10:21:37 
28-Apr-19, 10:21:39 
28-Apr-19, 10:21:39 
28-Apr-19, 10:21:42 
28-Apr-19, 10:21:44 
28-Apr-19, 10:21:44 
28-Apr-19, 10:21:47 
28-Apr-19, 10:21:49 
28-Apr-19, 10:21:49 
28-Apr-19, 10:21:54 
28-Apr-19, 10:21:54 
28-Apr-19, 10:22:04 
28-Apr-19, 10:22:04 
28-Apr-19, 10:22:07 
28-Apr-19, 10:22:09 
28-Apr-19, 10:22:09 
28-Apr-19, 10:22:12 
28-Apr-19, 10:22:14 
28-Apr-19, 10:22:14 
28-Apr-19, 10:22:17 
28-Apr-19, 10:22:22 
28-Apr-19, 10:22:24 
28-Apr-19, 10:22:24 
28-Apr-19, 10:22:27 
28-Apr-19, 10:22:29 
28-Apr-19, 10:22:29 
28-Apr-19, 10:22:32 
28-Apr-19, 10:22:37 
28-Apr-19, 10:22:39 
28-Apr-19, 10:22:39 
28-Apr-19, 10:22:42 
28-Apr-19, 10:22:44 
28-Apr-19, 10:22:44 
28-Apr-19, 10:22:49 
28-Apr-19, 10:22:49 
28-Apr-19, 10:22:52 
28-Apr-19, 10:22:54 
28-Apr-19, 10:22:54 
28-Apr-19, 10:23:04 
28-Apr-19, 10:23:04 
28-Apr-19, 10:23:07 
28-Apr-19, 10:23:12 
28-Apr-19, 10:23:14 
28-Apr-19, 10:23:14 
28-Apr-19, 10:23:17 
28-Apr-19, 10:23:19 
28-Apr-19, 10:23:19 
28-Apr-19, 10:23:22 
28-Apr-19, 10:23:24 
28-Apr-19, 10:23:24 
28-Apr-19, 10:23:27 
28-Apr-19, 10:23:29 
28-Apr-19, 10:23:29 
28-Apr-19, 10:23:32 
28-Apr-19, 10:23:34 
28-Apr-19, 10:23:34 
28-Apr-19, 10:23:37 
28-Apr-19, 10:23:42 
28-Apr-19, 10:23:44 
28-Apr-19, 10:23:44 
28-Apr-19, 10:23:47 
28-Apr-19, 10:23:49 
28-Apr-19, 10:23:49 
28-Apr-19, 10:23:52 
28-Apr-19, 10:24:04 
28-Apr-19, 10:24:04 
28-Apr-19, 10:24:07 
28-Apr-19, 10:24:09 
28-Apr-19, 10:24:09 
28-Apr-19, 10:24:12 
28-Apr-19, 10:24:14 
28-Apr-19, 10:24:14 
28-Apr-19, 10:24:17 
28-Apr-19, 10:24:19 
28-Apr-19, 10:24:19 
28-Apr-19, 10:24:22 
28-Apr-19, 10:24:24 
28-Apr-19, 10:24:24 
28-Apr-19, 10:24:27 
28-Apr-19, 10:24:29 
28-Apr-19, 10:24:29 
28-Apr-19, 10:24:32 
28-Apr-19, 10:24:34 
28-Apr-19, 10:24:34 
28-Apr-19, 10:24:37 
28-Apr-19, 10:24:39 
28-Apr-19, 10:24:39 
28-Apr-19, 10:24:42 
28-Apr-19, 10:24:44 
28-Apr-19, 10:24:44 
28-Apr-19, 10:24:47 
28-Apr-19, 10:24:49 
28-Apr-19, 10:24:49 
28-Apr-19, 10:24:52 
28-Apr-19, 10:24:54 
28-Apr-19, 10:24:54 
28-Apr-19, 10:24:59 
28-Apr-19, 10:24:59 
28-Apr-19, 10:25:04 
28-Apr-19, 10:25:04 
28-Apr-19, 10:25:07 
28-Apr-19, 10:25:09 
28-Apr-19, 10:25:09 
28-Apr-19, 10:25:14 
28-Apr-19, 10:25:14 
28-Apr-19, 10:25:17 
28-Apr-19, 10:25:19 
28-Apr-19, 10:25:19 
28-Apr-19, 10:25:22 
28-Apr-19, 10:25:24 
28-Apr-19, 10:25:24 
28-Apr-19, 10:25:27 
28-Apr-19, 10:25:29 
28-Apr-19, 10:25:29 
28-Apr-19, 10:25:32 
28-Apr-19, 10:25:34 
28-Apr-19, 10:25:34 
28-Apr-19, 10:25:37 
28-Apr-19, 10:25:39 
28-Apr-19, 10:25:39 
28-Apr-19, 10:25:42 
28-Apr-19, 10:25:44 
28-Apr-19, 10:25:44 
28-Apr-19, 10:25:47 
28-Apr-19, 10:25:49 
28-Apr-19, 10:25:49 
28-Apr-19, 10:25:52 
28-Apr-19, 10:25:54 
28-Apr-19, 10:25:54 
28-Apr-19, 10:26:02 
28-Apr-19, 10:26:04 
28-Apr-19, 10:26:04 
28-Apr-19, 10:26:07 
28-Apr-19, 10:26:09 
28-Apr-19, 10:26:09 
28-Apr-19, 10:26:14 
28-Apr-19, 10:26:14 
28-Apr-19, 10:26:17 
28-Apr-19, 10:26:19 
28-Apr-19, 10:26:19 
28-Apr-19, 10:26:22 
28-Apr-19, 10:26:24 
28-Apr-19, 10:26:24 
28-Apr-19, 10:26:27 
28-Apr-19, 10:26:29 
28-Apr-19, 10:26:29 
28-Apr-19, 10:26:32 
28-Apr-19, 10:26:34 
28-Apr-19, 10:26:34 
28-Apr-19, 10:26:39 
28-Apr-19, 10:26:39 
28-Apr-19, 10:26:42 
28-Apr-19, 10:26:44 
28-Apr-19, 10:26:44 
28-Apr-19, 10:26:47 
28-Apr-19, 10:26:49 
28-Apr-19, 10:26:49 
28-Apr-19, 10:26:52 
28-Apr-19, 10:26:54 
28-Apr-19, 10:26:54 
28-Apr-19, 10:27:04 
28-Apr-19, 10:27:04 
28-Apr-19, 10:27:07 
28-Apr-19, 10:27:09 
28-Apr-19, 10:27:09 
28-Apr-19, 10:27:12 
28-Apr-19, 10:27:14 
28-Apr-19, 10:27:14 
28-Apr-19, 10:27:17 
28-Apr-19, 10:27:19 
28-Apr-19, 10:27:19 
28-Apr-19, 10:27:22 
28-Apr-19, 10:27:24 
28-Apr-19, 10:27:24 
28-Apr-19, 10:27:27 
28-Apr-19, 10:27:29 
28-Apr-19, 10:27:29 
28-Apr-19, 10:27:34 
28-Apr-19, 10:27:34 
28-Apr-19, 10:27:37 
28-Apr-19, 10:27:39 
28-Apr-19, 10:27:39 
28-Apr-19, 10:27:42 
28-Apr-19, 10:27:44 
28-Apr-19, 10:27:44 
28-Apr-19, 10:27:47 
28-Apr-19, 10:27:49 
28-Apr-19, 10:27:49 
28-Apr-19, 10:27:52 
28-Apr-19, 10:27:54 
28-Apr-19, 10:27:54 
28-Apr-19, 10:28:02 
28-Apr-19, 10:28:04 
28-Apr-19, 10:28:04 
28-Apr-19, 10:28:07 
28-Apr-19, 10:28:09 
28-Apr-19, 10:28:09 
28-Apr-19, 10:28:12 
28-Apr-19, 10:28:14 
28-Apr-19, 10:28:14 
28-Apr-19, 10:28:17 
28-Apr-19, 10:28:19 
28-Apr-19, 10:28:19 
28-Apr-19, 10:28:22 
28-Apr-19, 10:28:24 
28-Apr-19, 10:28:24 
28-Apr-19, 10:28:27 
28-Apr-19, 10:28:32 
28-Apr-19, 10:28:34 
28-Apr-19, 10:28:34 
28-Apr-19, 10:28:37 
28-Apr-19, 10:28:39 
28-Apr-19, 10:28:39 
28-Apr-19, 10:28:44 
28-Apr-19, 10:28:44 
28-Apr-19, 10:28:47 
28-Apr-19, 10:28:49 
28-Apr-19, 10:28:49 
28-Apr-19, 10:28:52 
28-Apr-19, 10:28:54 
28-Apr-19, 10:28:54 
28-Apr-19, 10:29:02 
28-Apr-19, 10:29:04 
28-Apr-19, 10:29:04 
28-Apr-19, 10:29:07 
28-Apr-19, 10:29:09 
28-Apr-19, 10:29:09 
28-Apr-19, 10:29:12 
28-Apr-19, 10:29:14 
28-Apr-19, 10:29:14 
28-Apr-19, 10:29:17 
28-Apr-19, 10:29:19 
28-Apr-19, 10:29:19 
28-Apr-19, 10:29:22 
28-Apr-19, 10:29:24 
28-Apr-19, 10:29:24 
28-Apr-19, 10:29:27 
28-Apr-19, 10:29:29 
28-Apr-19, 10:29:29 
28-Apr-19, 10:29:32 
28-Apr-19, 10:29:34 
28-Apr-19, 10:29:34 
28-Apr-19, 10:29:37 
28-Apr-19, 10:29:39 
28-Apr-19, 10:29:39 
28-Apr-19, 10:29:42 
28-Apr-19, 10:29:44 
28-Apr-19, 10:29:44 
28-Apr-19, 10:29:47 
28-Apr-19, 10:29:49 
28-Apr-19, 10:29:49 
28-Apr-19, 10:29:52 
28-Apr-19, 10:29:54 
28-Apr-19, 10:29:54 
28-Apr-19, 10:30:02 
28-Apr-19, 10:30:04 
28-Apr-19, 10:30:04 
28-Apr-19, 10:30:07 
28-Apr-19, 10:30:09 
28-Apr-19, 10:30:09 
28-Apr-19, 10:30:12 
28-Apr-19, 10:30:17 
28-Apr-19, 10:30:19 
28-Apr-19, 10:30:19 
28-Apr-19, 10:30:22 
28-Apr-19, 10:30:24 
28-Apr-19, 10:30:24 
28-Apr-19, 10:30:29 
28-Apr-19, 10:30:29 
28-Apr-19, 10:30:32 
28-Apr-19, 10:30:34 
28-Apr-19, 10:30:34 
28-Apr-19, 10:30:37 
28-Apr-19, 10:30:39 
28-Apr-19, 10:30:39 
28-Apr-19, 10:30:47 
28-Apr-19, 10:30:49 
28-Apr-19, 10:30:49 
28-Apr-19, 10:30:52 
28-Apr-19, 10:30:54 
28-Apr-19, 10:30:54 
28-Apr-19, 10:31:03 
28-Apr-19, 10:31:04 
28-Apr-19, 10:31:04 
28-Apr-19, 10:31:08 
28-Apr-19, 10:31:09 
28-Apr-19, 10:31:09 
28-Apr-19, 10:31:18 
28-Apr-19, 10:31:19 
28-Apr-19, 10:31:19 
28-Apr-19, 10:31:23 
28-Apr-19, 10:31:24 
28-Apr-19, 10:31:24 
28-Apr-19, 10:31:33 
28-Apr-19, 10:31:34 
28-Apr-19, 10:31:34 
28-Apr-19, 10:31:38 
28-Apr-19, 10:31:39 
28-Apr-19, 10:31:39 
28-Apr-19, 10:31:48 
28-Apr-19, 10:31:49 
28-Apr-19, 10:31:49 
28-Apr-19, 10:31:53 
28-Apr-19, 10:31:54 
28-Apr-19, 10:31:54 
28-Apr-19, 10:32:04 
28-Apr-19, 10:32:04 
28-Apr-19, 10:32:08 
28-Apr-19, 10:32:09 
28-Apr-19, 10:32:09 
28-Apr-19, 10:32:13 
28-Apr-19, 10:32:14 
28-Apr-19, 10:32:14 
28-Apr-19, 10:32:18 
28-Apr-19, 10:32:19 
28-Apr-19, 10:32:19 
28-Apr-19, 10:32:23 
28-Apr-19, 10:32:24 
28-Apr-19, 10:32:24 
28-Apr-19, 10:32:28 
28-Apr-19, 10:32:29 
28-Apr-19, 10:32:29 
28-Apr-19, 10:32:33 
28-Apr-19, 10:32:34 
28-Apr-19, 10:32:34 
28-Apr-19, 10:32:38 
28-Apr-19, 10:32:39 
28-Apr-19, 10:32:39 
28-Apr-19, 10:32:43 
28-Apr-19, 10:32:44 
28-Apr-19, 10:32:44 
28-Apr-19, 10:32:48 
28-Apr-19, 10:32:49 
28-Apr-19, 10:32:49 
28-Apr-19, 10:32:53 
28-Apr-19, 10:32:54 
28-Apr-19, 10:32:54 
28-Apr-19, 10:33:08 
28-Apr-19, 10:33:09 
28-Apr-19, 10:33:09 
28-Apr-19, 10:33:13 
28-Apr-19, 10:33:14 
28-Apr-19, 10:33:14 
28-Apr-19, 10:33:18 
28-Apr-19, 10:33:19 
28-Apr-19, 10:33:19 
28-Apr-19, 10:33:23 
28-Apr-19, 10:33:24 
28-Apr-19, 10:33:24 
28-Apr-19, 10:33:28 
28-Apr-19, 10:33:29 
28-Apr-19, 10:33:29 
28-Apr-19, 10:33:33 
28-Apr-19, 10:33:34 
28-Apr-19, 10:33:34 
28-Apr-19, 10:33:38 
28-Apr-19, 10:33:39 
28-Apr-19, 10:33:39 
28-Apr-19, 10:33:43 
28-Apr-19, 10:33:44 
28-Apr-19, 10:33:44 
28-Apr-19, 10:33:48 
28-Apr-19, 10:33:49 
28-Apr-19, 10:33:49 
28-Apr-19, 10:33:53 
28-Apr-19, 10:33:54 
28-Apr-19, 10:33:54 
28-Apr-19, 10:34:03 
28-Apr-19, 10:34:04 
28-Apr-19, 10:34:04 
28-Apr-19, 10:34:08 
28-Apr-19, 10:34:09 
28-Apr-19, 10:34:09 
28-Apr-19, 10:34:13 
28-Apr-19, 10:34:14 
28-Apr-19, 10:34:14 
28-Apr-19, 10:34:18 
28-Apr-19, 10:34:19 
28-Apr-19, 10:34:19 
28-Apr-19, 10:34:23 
28-Apr-19, 10:34:24 
28-Apr-19, 10:34:24 
28-Apr-19, 10:34:28 
28-Apr-19, 10:34:29 
28-Apr-19, 10:34:29 
28-Apr-19, 10:34:33 
28-Apr-19, 10:34:34 
28-Apr-19, 10:34:34 
28-Apr-19, 10:34:38 
28-Apr-19, 10:34:39 
28-Apr-19, 10:34:39 
28-Apr-19, 10:34:43 
28-Apr-19, 10:34:44 
28-Apr-19, 10:34:44 
28-Apr-19, 10:34:53 
28-Apr-19, 10:34:54 
28-Apr-19, 10:34:54 
28-Apr-19, 10:35:03 
28-Apr-19, 10:35:04 
28-Apr-19, 10:35:04 
28-Apr-19, 10:35:08 
28-Apr-19, 10:35:09 
28-Apr-19, 10:35:09 
28-Apr-19, 10:35:13 
28-Apr-19, 10:35:14 
28-Apr-19, 10:35:14 
28-Apr-19, 10:35:18 
28-Apr-19, 10:35:19 
28-Apr-19, 10:35:19 
28-Apr-19, 10:35:23 
28-Apr-19, 10:35:24 
28-Apr-19, 10:35:24 
28-Apr-19, 10:35:28 
28-Apr-19, 10:35:29 
28-Apr-19, 10:35:29 
28-Apr-19, 10:35:33 
28-Apr-19, 10:35:34 
28-Apr-19, 10:35:34 
28-Apr-19, 10:35:38 
28-Apr-19, 10:35:39 
28-Apr-19, 10:35:39 
28-Apr-19, 10:35:43 
28-Apr-19, 10:35:44 
28-Apr-19, 10:35:44 
28-Apr-19, 10:35:48 
28-Apr-19, 10:35:49 
28-Apr-19, 10:35:49 
28-Apr-19, 10:35:53 
28-Apr-19, 10:35:54 
28-Apr-19, 10:35:54 
28-Apr-19, 10:36:03 
28-Apr-19, 10:36:04 
28-Apr-19, 10:36:04 
28-Apr-19, 10:36:08 
28-Apr-19, 10:36:09 
28-Apr-19, 10:36:09 
28-Apr-19, 10:36:13 
28-Apr-19, 10:36:14 
28-Apr-19, 10:36:14 
28-Apr-19, 10:36:18 
28-Apr-19, 10:36:19 
28-Apr-19, 10:36:19 
28-Apr-19, 10:36:23 
28-Apr-19, 10:36:24 
28-Apr-19, 10:36:24 
28-Apr-19, 10:36:28 
28-Apr-19, 10:36:29 
28-Apr-19, 10:36:29 
28-Apr-19, 10:36:38 
28-Apr-19, 10:36:39 
28-Apr-19, 10:36:39 
28-Apr-19, 10:36:43 
28-Apr-19, 10:36:44 
28-Apr-19, 10:36:44 
28-Apr-19, 10:36:48 
28-Apr-19, 10:36:49 
28-Apr-19, 10:36:49 
28-Apr-19, 10:36:53 
28-Apr-19, 10:36:54 
28-Apr-19, 10:36:54 
28-Apr-19, 10:37:03 
28-Apr-19, 10:37:04 
28-Apr-19, 10:37:04 
28-Apr-19, 10:37:08 
28-Apr-19, 10:37:09 
28-Apr-19, 10:37:09 
28-Apr-19, 10:37:13 
28-Apr-19, 10:37:14 
28-Apr-19, 10:37:14 
28-Apr-19, 10:37:18 
28-Apr-19, 10:37:19 
28-Apr-19, 10:37:19 
28-Apr-19, 10:37:23 
28-Apr-19, 10:37:24 
28-Apr-19, 10:37:24 
28-Apr-19, 10:37:28 
28-Apr-19, 10:37:29 
28-Apr-19, 10:37:29 
28-Apr-19, 10:37:33 
28-Apr-19, 10:37:34 
28-Apr-19, 10:37:34 
28-Apr-19, 10:37:38 
28-Apr-19, 10:37:39 
28-Apr-19, 10:37:39 
28-Apr-19, 10:37:43 
28-Apr-19, 10:37:44 
28-Apr-19, 10:37:44 
28-Apr-19, 10:37:48 
28-Apr-19, 10:37:49 
28-Apr-19, 10:37:49 
28-Apr-19, 10:37:53 
28-Apr-19, 10:37:54 
28-Apr-19, 10:37:54 
28-Apr-19, 10:38:03 
28-Apr-19, 10:38:04 
28-Apr-19, 10:38:04 
28-Apr-19, 10:38:08 
28-Apr-19, 10:38:09 
28-Apr-19, 10:38:09 
28-Apr-19, 10:38:13 
28-Apr-19, 10:38:14 
28-Apr-19, 10:38:14 
28-Apr-19, 10:38:18 
28-Apr-19, 10:38:23 
28-Apr-19, 10:38:24 
28-Apr-19, 10:38:24 
28-Apr-19, 10:38:28 
28-Apr-19, 10:38:29 
28-Apr-19, 10:38:29 
28-Apr-19, 10:38:33 
28-Apr-19, 10:38:34 
28-Apr-19, 10:38:34 
28-Apr-19, 10:38:38 
28-Apr-19, 10:38:39 
28-Apr-19, 10:38:39 
28-Apr-19, 10:38:43 
28-Apr-19, 10:38:44 
28-Apr-19, 10:38:44 
28-Apr-19, 10:38:48 
28-Apr-19, 10:38:49 
28-Apr-19, 10:38:49 
28-Apr-19, 10:38:53 
28-Apr-19, 10:38:54 
28-Apr-19, 10:38:54 
28-Apr-19, 10:39:03 
28-Apr-19, 10:39:04 
28-Apr-19, 10:39:04 
28-Apr-19, 10:39:08 
28-Apr-19, 10:39:09 
28-Apr-19, 10:39:09 
28-Apr-19, 10:39:13 
28-Apr-19, 10:39:14 
28-Apr-19, 10:39:14 
28-Apr-19, 10:39:18 
28-Apr-19, 10:39:19 
28-Apr-19, 10:39:19 
28-Apr-19, 10:39:23 
28-Apr-19, 10:39:24 
28-Apr-19, 10:39:24 
28-Apr-19, 10:39:28 
28-Apr-19, 10:39:29 
28-Apr-19, 10:39:29 
28-Apr-19, 10:39:33 
28-Apr-19, 10:39:34 
28-Apr-19, 10:39:34 
28-Apr-19, 10:39:38 
28-Apr-19, 10:39:39 
28-Apr-19, 10:39:39 
28-Apr-19, 10:39:43 
28-Apr-19, 10:39:44 
28-Apr-19, 10:39:44 
28-Apr-19, 10:39:48 
28-Apr-19, 10:39:49 
28-Apr-19, 10:39:49 
28-Apr-19, 10:39:53 
28-Apr-19, 10:39:54 
28-Apr-19, 10:39:54 
28-Apr-19, 10:40:03 
28-Apr-19, 10:40:04 
28-Apr-19, 10:40:04 
28-Apr-19, 10:40:08 
28-Apr-19, 10:40:09 
28-Apr-19, 10:40:09 
28-Apr-19, 10:40:13 
28-Apr-19, 10:40:14 
28-Apr-19, 10:40:14 
28-Apr-19, 10:40:18 
28-Apr-19, 10:40:19 
28-Apr-19, 10:40:19 
28-Apr-19, 10:40:24 
28-Apr-19, 10:40:24 
28-Apr-19, 10:40:28 
28-Apr-19, 10:40:29 
28-Apr-19, 10:40:29 
28-Apr-19, 10:40:33 
28-Apr-19, 10:40:34 
28-Apr-19, 10:40:34 
28-Apr-19, 10:40:39 
28-Apr-19, 10:40:39 
28-Apr-19, 10:40:43 
28-Apr-19, 10:40:44 
28-Apr-19, 10:40:44 
28-Apr-19, 10:40:48 
28-Apr-19, 10:40:49 
28-Apr-19, 10:40:49 
28-Apr-19, 10:40:54 
28-Apr-19, 10:40:54 
28-Apr-19, 10:41:03 
28-Apr-19, 10:41:04 
28-Apr-19, 10:41:04 
28-Apr-19, 10:41:09 
28-Apr-19, 10:41:09 
28-Apr-19, 10:41:14 
28-Apr-19, 10:41:14 
28-Apr-19, 10:41:18 
28-Apr-19, 10:41:19 
28-Apr-19, 10:41:19 
28-Apr-19, 10:41:28 
28-Apr-19, 10:41:29 
28-Apr-19, 10:41:29 
28-Apr-19, 10:41:33 
28-Apr-19, 10:41:34 
28-Apr-19, 10:41:34 
28-Apr-19, 10:41:43 
28-Apr-19, 10:41:44 
28-Apr-19, 10:41:44 
28-Apr-19, 10:41:48 
28-Apr-19, 10:41:49 
28-Apr-19, 10:41:49 
28-Apr-19, 10:42:04 
28-Apr-19, 10:42:04 
28-Apr-19, 10:42:13 
28-Apr-19, 10:42:14 
28-Apr-19, 10:42:14 
28-Apr-19, 10:42:18 
28-Apr-19, 10:42:19 
28-Apr-19, 10:42:19 
28-Apr-19, 10:42:23 
28-Apr-19, 10:42:24 
28-Apr-19, 10:42:24 
28-Apr-19, 10:42:28 
28-Apr-19, 10:42:29 
28-Apr-19, 10:42:29 
28-Apr-19, 10:42:33 
28-Apr-19, 10:42:34 
28-Apr-19, 10:42:34 
28-Apr-19, 10:42:38 
28-Apr-19, 10:42:43 
28-Apr-19, 10:42:44 
28-Apr-19, 10:42:44 
28-Apr-19, 10:42:48 
28-Apr-19, 10:42:49 
28-Apr-19, 10:42:49 
28-Apr-19, 10:42:54 
28-Apr-19, 10:42:54 
28-Apr-19, 10:43:03 
28-Apr-19, 10:43:04 
28-Apr-19, 10:43:04 
28-Apr-19, 10:43:08 
28-Apr-19, 10:43:09 
28-Apr-19, 10:43:09 
28-Apr-19, 10:43:13 
28-Apr-19, 10:43:14 
28-Apr-19, 10:43:14 
28-Apr-19, 10:43:18 
28-Apr-19, 10:43:19 
28-Apr-19, 10:43:19 
28-Apr-19, 10:43:23 
28-Apr-19, 10:43:24 
28-Apr-19, 10:43:24 
28-Apr-19, 10:43:28 
28-Apr-19, 10:43:29 
28-Apr-19, 10:43:29 
28-Apr-19, 10:43:33 
28-Apr-19, 10:43:34 
28-Apr-19, 10:43:34 
28-Apr-19, 10:43:38 
28-Apr-19, 10:43:43 
28-Apr-19, 10:43:44 
28-Apr-19, 10:43:44 
28-Apr-19, 10:43:48 
28-Apr-19, 10:43:49 
28-Apr-19, 10:43:49 
28-Apr-19, 10:43:53 
28-Apr-19, 10:43:54 
28-Apr-19, 10:43:54 
28-Apr-19, 10:43:59 
28-Apr-19, 10:43:59 
28-Apr-19, 10:44:03 
28-Apr-19, 10:44:04 
28-Apr-19, 10:44:04 
28-Apr-19, 10:44:08 
28-Apr-19, 10:44:09 
28-Apr-19, 10:44:09 
28-Apr-19, 10:44:13 
28-Apr-19, 10:44:14 
28-Apr-19, 10:44:14 
28-Apr-19, 10:44:18 
28-Apr-19, 10:44:19 
28-Apr-19, 10:44:19 
28-Apr-19, 10:44:23 
28-Apr-19, 10:44:28 
28-Apr-19, 10:44:29 
28-Apr-19, 10:44:29 
28-Apr-19, 10:44:33 
28-Apr-19, 10:44:34 
28-Apr-19, 10:44:34 
28-Apr-19, 10:44:39 
28-Apr-19, 10:44:39 
28-Apr-19, 10:44:43 
28-Apr-19, 10:44:44 
28-Apr-19, 10:44:44 
28-Apr-19, 10:44:48 
28-Apr-19, 10:44:49 
28-Apr-19, 10:44:49 
28-Apr-19, 10:44:53 
28-Apr-19, 10:44:54 
28-Apr-19, 10:44:54 
28-Apr-19, 10:45:03 
28-Apr-19, 10:45:04 
28-Apr-19, 10:45:05 
28-Apr-19, 10:45:08 
28-Apr-19, 10:45:09 
28-Apr-19, 10:45:10 
28-Apr-19, 10:45:13 
28-Apr-19, 10:45:14 
28-Apr-19, 10:45:15 
28-Apr-19, 10:45:18 
28-Apr-19, 10:45:19 
28-Apr-19, 10:45:20 
28-Apr-19, 10:45:23 
28-Apr-19, 10:45:24 
28-Apr-19, 10:45:25 
28-Apr-19, 10:45:28 
28-Apr-19, 10:45:33 
28-Apr-19, 10:45:34 
28-Apr-19, 10:45:35 
28-Apr-19, 10:45:38 
28-Apr-19, 10:45:39 
28-Apr-19, 10:45:40 
28-Apr-19, 10:45:43 
28-Apr-19, 10:45:44 
28-Apr-19, 10:45:45 
28-Apr-19, 10:45:48 
28-Apr-19, 10:45:49 
28-Apr-19, 10:45:50 
28-Apr-19, 10:45:53 
28-Apr-19, 10:45:54 
28-Apr-19, 10:46:03 
28-Apr-19, 10:46:04 
28-Apr-19, 10:46:05 
28-Apr-19, 10:46:08 
28-Apr-19, 10:46:10 
28-Apr-19, 10:46:13 
28-Apr-19, 10:46:14 
28-Apr-19, 10:46:15 
28-Apr-19, 10:46:18 
28-Apr-19, 10:46:19 
28-Apr-19, 10:46:20 
28-Apr-19, 10:46:23 
28-Apr-19, 10:46:24 
28-Apr-19, 10:46:25 
28-Apr-19, 10:46:28 
28-Apr-19, 10:46:29 
28-Apr-19, 10:46:30 
28-Apr-19, 10:46:33 
28-Apr-19, 10:46:34 
28-Apr-19, 10:46:35 
28-Apr-19, 10:46:38 
28-Apr-19, 10:46:39 
28-Apr-19, 10:46:40 
28-Apr-19, 10:46:43 
28-Apr-19, 10:46:44 
28-Apr-19, 10:46:45 
28-Apr-19, 10:46:48 
28-Apr-19, 10:46:49 
28-Apr-19, 10:46:50 
28-Apr-19, 10:46:53 
28-Apr-19, 10:46:54 
28-Apr-19, 10:46:55 
28-Apr-19, 10:47:00 
28-Apr-19, 10:47:03 
28-Apr-19, 10:47:04 
28-Apr-19, 10:47:05 
28-Apr-19, 10:47:08 
28-Apr-19, 10:47:09 
28-Apr-19, 10:47:10 
28-Apr-19, 10:47:13 
28-Apr-19, 10:47:14 
28-Apr-19, 10:47:15 
28-Apr-19, 10:47:18 
28-Apr-19, 10:47:19 
28-Apr-19, 10:47:20 
28-Apr-19, 10:47:23 
28-Apr-19, 10:47:24 
28-Apr-19, 10:47:25 
28-Apr-19, 10:47:29 
28-Apr-19, 10:47:30 
28-Apr-19, 10:47:33 
28-Apr-19, 10:47:34 
28-Apr-19, 10:47:35 
28-Apr-19, 10:47:38 
28-Apr-19, 10:47:39 
28-Apr-19, 10:47:43 
28-Apr-19, 10:47:44 
28-Apr-19, 10:47:45 
28-Apr-19, 10:47:48 
28-Apr-19, 10:47:49 
28-Apr-19, 10:47:50 
28-Apr-19, 10:47:53 
28-Apr-19, 10:47:54 
28-Apr-19, 10:47:58 
28-Apr-19, 10:48:03 
28-Apr-19, 10:48:04 
28-Apr-19, 10:48:05 
28-Apr-19, 10:48:08 
28-Apr-19, 10:48:09 
28-Apr-19, 10:48:10 
28-Apr-19, 10:48:13 
28-Apr-19, 10:48:14 
28-Apr-19, 10:48:15 
28-Apr-19, 10:48:18 
28-Apr-19, 10:48:19 
28-Apr-19, 10:48:20 
28-Apr-19, 10:48:24 
28-Apr-19, 10:48:25 
28-Apr-19, 10:48:28 
28-Apr-19, 10:48:29 
28-Apr-19, 10:48:30 
28-Apr-19, 10:48:33 
28-Apr-19, 10:48:34 
28-Apr-19, 10:48:35 
28-Apr-19, 10:48:38 
28-Apr-19, 10:48:39 
28-Apr-19, 10:48:40 
28-Apr-19, 10:48:43 
28-Apr-19, 10:48:44 
28-Apr-19, 10:48:45 
28-Apr-19, 10:48:48 
28-Apr-19, 10:48:49 
28-Apr-19, 10:48:50 
28-Apr-19, 10:48:53 
28-Apr-19, 10:48:54 
28-Apr-19, 10:48:55 
28-Apr-19, 10:48:59 
28-Apr-19, 10:49:00 
28-Apr-19, 10:49:03 
28-Apr-19, 10:49:04 
28-Apr-19, 10:49:05 
28-Apr-19, 10:49:08 
28-Apr-19, 10:49:09 
28-Apr-19, 10:49:10 
28-Apr-19, 10:49:15 
28-Apr-19, 10:49:18 
28-Apr-19, 10:49:19 
28-Apr-19, 10:49:20 
28-Apr-19, 10:49:23 
28-Apr-19, 10:49:24 
28-Apr-19, 10:49:25 
28-Apr-19, 10:49:28 
28-Apr-19, 10:49:29 
28-Apr-19, 10:49:30 
28-Apr-19, 10:49:33 
28-Apr-19, 10:49:34 
28-Apr-19, 10:49:35 
28-Apr-19, 10:49:38 
28-Apr-19, 10:49:39 
28-Apr-19, 10:49:40 
28-Apr-19, 10:49:43 
28-Apr-19, 10:49:44 
28-Apr-19, 10:49:45 
28-Apr-19, 10:49:48 
28-Apr-19, 10:49:49 
28-Apr-19, 10:49:50 
28-Apr-19, 10:49:53 
28-Apr-19, 10:49:54 
28-Apr-19, 10:49:55 
28-Apr-19, 10:50:03 
28-Apr-19, 10:50:04 
28-Apr-19, 10:50:05 
28-Apr-19, 10:50:08 
28-Apr-19, 10:50:09 
28-Apr-19, 10:50:10 
28-Apr-19, 10:50:13 
28-Apr-19, 10:50:14 
28-Apr-19, 10:50:15 
28-Apr-19, 10:50:18 
28-Apr-19, 10:50:23 
28-Apr-19, 10:50:24 
28-Apr-19, 10:50:25 
28-Apr-19, 10:50:28 
28-Apr-19, 10:50:29 
28-Apr-19, 10:50:30 
28-Apr-19, 10:50:34 
28-Apr-19, 10:50:35 
28-Apr-19, 10:50:39 
28-Apr-19, 10:50:40 
28-Apr-19, 10:50:43 
28-Apr-19, 10:50:44 
28-Apr-19, 10:50:48 
28-Apr-19, 10:50:49 
28-Apr-19, 10:50:50 
28-Apr-19, 10:50:53 
28-Apr-19, 10:50:54 
28-Apr-19, 10:50:55 
28-Apr-19, 10:51:03 
28-Apr-19, 10:51:04 
28-Apr-19, 10:51:05 
28-Apr-19, 10:51:08 
28-Apr-19, 10:51:09 
28-Apr-19, 10:51:10 
28-Apr-19, 10:51:15 
28-Apr-19, 10:51:18 
28-Apr-19, 10:51:19 
28-Apr-19, 10:51:20 
28-Apr-19, 10:51:23 
28-Apr-19, 10:51:24 
28-Apr-19, 10:51:25 
28-Apr-19, 10:51:28 
28-Apr-19, 10:51:29 
28-Apr-19, 10:51:30 
28-Apr-19, 10:51:33 
28-Apr-19, 10:51:34 
28-Apr-19, 10:51:35 
28-Apr-19, 10:51:38 
28-Apr-19, 10:51:43 
28-Apr-19, 10:51:44 
28-Apr-19, 10:51:45 
28-Apr-19, 10:51:49 
28-Apr-19, 10:51:50 
28-Apr-19, 10:51:54 
28-Apr-19, 10:51:55 
28-Apr-19, 10:52:03 
28-Apr-19, 10:52:05 
28-Apr-19, 10:52:08 
28-Apr-19, 10:52:09 
28-Apr-19, 10:52:13 
28-Apr-19, 10:52:15 
28-Apr-19, 10:52:18 
28-Apr-19, 10:52:19 
28-Apr-19, 10:52:23 
28-Apr-19, 10:52:24 
28-Apr-19, 10:52:25 
28-Apr-19, 10:52:28 
28-Apr-19, 10:52:29 
28-Apr-19, 10:52:30 
28-Apr-19, 10:52:34 
28-Apr-19, 10:52:35 
28-Apr-19, 10:52:38 
28-Apr-19, 10:52:39 
28-Apr-19, 10:52:40 
28-Apr-19, 10:52:43 
28-Apr-19, 10:52:44 
28-Apr-19, 10:52:45 
28-Apr-19, 10:52:48 
28-Apr-19, 10:52:49 
28-Apr-19, 10:52:50 
28-Apr-19, 10:52:53 
28-Apr-19, 10:52:54 
28-Apr-19, 10:52:55 
28-Apr-19, 10:53:03 
28-Apr-19, 10:53:04 
28-Apr-19, 10:53:05 
28-Apr-19, 10:53:08 
28-Apr-19, 10:53:09 
28-Apr-19, 10:53:10 
28-Apr-19, 10:53:13 
28-Apr-19, 10:53:14 
28-Apr-19, 10:53:15 
28-Apr-19, 10:53:18 
28-Apr-19, 10:53:19 
28-Apr-19, 10:53:20 
28-Apr-19, 10:53:23 
28-Apr-19, 10:53:24 
28-Apr-19, 10:53:25 
28-Apr-19, 10:53:28 
28-Apr-19, 10:53:29 
28-Apr-19, 10:53:30 
28-Apr-19, 10:53:33 
28-Apr-19, 10:53:34 
28-Apr-19, 10:53:35 
28-Apr-19, 10:53:38 
28-Apr-19, 10:53:39 
28-Apr-19, 10:53:40 
28-Apr-19, 10:53:45 
28-Apr-19, 10:53:48 
28-Apr-19, 10:53:49 
28-Apr-19, 10:53:50 
28-Apr-19, 10:53:53 
28-Apr-19, 10:53:54 
28-Apr-19, 10:53:55 
28-Apr-19, 10:54:00 
28-Apr-19, 10:54:03 
28-Apr-19, 10:54:04 
28-Apr-19, 10:54:05 
28-Apr-19, 10:54:08 
28-Apr-19, 10:54:09 
28-Apr-19, 10:54:10 
28-Apr-19, 10:54:13 
28-Apr-19, 10:54:14 
28-Apr-19, 10:54:15 
28-Apr-19, 10:54:18 
28-Apr-19, 10:54:19 
28-Apr-19, 10:54:20 
28-Apr-19, 10:54:24 
28-Apr-19, 10:54:25 
28-Apr-19, 10:54:28 
28-Apr-19, 10:54:29 
28-Apr-19, 10:54:30 
28-Apr-19, 10:54:33 
28-Apr-19, 10:54:34 
28-Apr-19, 10:54:35 
28-Apr-19, 10:54:38 
28-Apr-19, 10:54:39 
28-Apr-19, 10:54:40 
28-Apr-19, 10:54:43 
28-Apr-19, 10:54:44 
28-Apr-19, 10:54:45 
28-Apr-19, 10:54:48 
28-Apr-19, 10:54:49 
28-Apr-19, 10:54:50 
28-Apr-19, 10:54:53 
28-Apr-19, 10:54:54 
28-Apr-19, 10:54:55 
28-Apr-19, 10:55:00 
28-Apr-19, 10:55:03 
28-Apr-19, 10:55:04 
28-Apr-19, 10:55:05 
28-Apr-19, 10:55:08 
28-Apr-19, 10:55:09 
28-Apr-19, 10:55:10 
28-Apr-19, 10:55:13 
28-Apr-19, 10:55:14 
28-Apr-19, 10:55:18 
28-Apr-19, 10:55:19 
28-Apr-19, 10:55:20 
28-Apr-19, 10:55:23 
28-Apr-19, 10:55:24 
28-Apr-19, 10:55:25 
28-Apr-19, 10:55:30 
28-Apr-19, 10:55:33 
28-Apr-19, 10:55:34 
28-Apr-19, 10:55:35 
28-Apr-19, 10:55:38 
28-Apr-19, 10:55:39 
28-Apr-19, 10:55:40 
28-Apr-19, 10:55:43 
28-Apr-19, 10:55:44 
28-Apr-19, 10:55:45 
28-Apr-19, 10:55:48 
28-Apr-19, 10:55:49 
28-Apr-19, 10:55:50 
28-Apr-19, 10:55:53 
28-Apr-19, 10:55:54 
28-Apr-19, 10:55:55 
28-Apr-19, 10:56:03 
28-Apr-19, 10:56:04 
28-Apr-19, 10:56:05 
28-Apr-19, 10:56:08 
28-Apr-19, 10:56:09 
28-Apr-19, 10:56:10 
28-Apr-19, 10:56:14 
28-Apr-19, 10:56:15 
28-Apr-19, 10:56:18 
28-Apr-19, 10:56:19 
28-Apr-19, 10:56:20 
28-Apr-19, 10:56:24 
28-Apr-19, 10:56:25 
28-Apr-19, 10:56:28 
28-Apr-19, 10:56:29 
28-Apr-19, 10:56:30 
28-Apr-19, 10:56:33 
28-Apr-19, 10:56:34 
28-Apr-19, 10:56:35 
28-Apr-19, 10:56:38 
28-Apr-19, 10:56:39 
28-Apr-19, 10:56:40 
28-Apr-19, 10:56:43 
28-Apr-19, 10:56:44 
28-Apr-19, 10:56:45 
28-Apr-19, 10:56:48 
28-Apr-19, 10:56:49 
28-Apr-19, 10:56:50 
28-Apr-19, 10:56:53 
28-Apr-19, 10:56:54 
28-Apr-19, 10:56:55 
28-Apr-19, 10:57:03 
28-Apr-19, 10:57:04 
28-Apr-19, 10:57:05 
28-Apr-19, 10:57:08 
28-Apr-19, 10:57:09 
28-Apr-19, 10:57:10 
28-Apr-19, 10:57:13 
28-Apr-19, 10:57:15 
28-Apr-19, 10:57:18 
28-Apr-19, 10:57:19 
28-Apr-19, 10:57:20 
28-Apr-19, 10:57:23 
28-Apr-19, 10:57:24 
28-Apr-19, 10:57:25 
28-Apr-19, 10:57:28 
28-Apr-19, 10:57:29 
28-Apr-19, 10:57:30 
28-Apr-19, 10:57:33 
28-Apr-19, 10:57:34 
28-Apr-19, 10:57:35 
28-Apr-19, 10:57:38 
28-Apr-19, 10:57:39 
28-Apr-19, 10:57:40 
28-Apr-19, 10:57:43 
28-Apr-19, 10:57:44 
28-Apr-19, 10:57:45 
28-Apr-19, 10:57:48 
28-Apr-19, 10:57:49 
28-Apr-19, 10:57:50 
28-Apr-19, 10:57:53 
28-Apr-19, 10:57:54 
28-Apr-19, 10:57:55 
28-Apr-19, 10:58:00 
28-Apr-19, 10:58:03 
28-Apr-19, 10:58:04 
28-Apr-19, 10:58:05 
28-Apr-19, 10:58:08 
28-Apr-19, 10:58:09 
28-Apr-19, 10:58:10 
28-Apr-19, 10:58:13 
28-Apr-19, 10:58:14 
28-Apr-19, 10:58:15 
28-Apr-19, 10:58:18 
28-Apr-19, 10:58:19 
28-Apr-19, 10:58:20 
28-Apr-19, 10:58:23 
28-Apr-19, 10:58:24 
28-Apr-19, 10:58:25 
28-Apr-19, 10:58:28 
28-Apr-19, 10:58:29 
28-Apr-19, 10:58:30 
28-Apr-19, 10:58:34 
28-Apr-19, 10:58:35 
28-Apr-19, 10:58:38 
28-Apr-19, 10:58:39 
28-Apr-19, 10:58:40 
28-Apr-19, 10:58:43 
28-Apr-19, 10:58:44 
28-Apr-19, 10:58:48 
28-Apr-19, 10:58:49 
28-Apr-19, 10:58:50 
28-Apr-19, 10:58:53 
28-Apr-19, 10:58:54 
28-Apr-19, 10:58:55 
28-Apr-19, 10:59:03 
28-Apr-19, 10:59:04 
28-Apr-19, 10:59:05 
28-Apr-19, 10:59:08 
28-Apr-19, 10:59:09 
28-Apr-19, 10:59:13 
28-Apr-19, 10:59:14 
28-Apr-19, 10:59:19 
28-Apr-19, 10:59:20 
28-Apr-19, 10:59:23 
28-Apr-19, 10:59:24 
28-Apr-19, 10:59:25 
28-Apr-19, 10:59:28 
28-Apr-19, 10:59:29 
28-Apr-19, 10:59:34 
28-Apr-19, 10:59:35 
28-Apr-19, 10:59:38 
28-Apr-19, 10:59:39 
28-Apr-19, 10:59:40 
28-Apr-19, 10:59:43 
28-Apr-19, 10:59:44 
28-Apr-19, 10:59:49 
28-Apr-19, 10:59:50 
28-Apr-19, 10:59:53 
28-Apr-19, 10:59:54 
28-Apr-19, 10:59:55 
28-Apr-19, 11:00:04 
28-Apr-19, 11:00:05 
28-Apr-19, 11:00:08 
28-Apr-19, 11:00:09 
28-Apr-19, 11:00:10 
28-Apr-19, 11:00:13 
28-Apr-19, 11:00:14 
28-Apr-19, 11:00:15 
28-Apr-19, 11:00:20 
28-Apr-19, 11:00:23 
28-Apr-19, 11:00:24 
28-Apr-19, 11:00:25 
28-Apr-19, 11:00:28 
28-Apr-19, 11:00:29 
28-Apr-19, 11:00:30 
28-Apr-19, 11:00:35 
28-Apr-19, 11:00:38 
28-Apr-19, 11:00:39 
28-Apr-19, 11:00:40 
28-Apr-19, 11:00:43 
28-Apr-19, 11:00:44 
28-Apr-19, 11:00:45 
28-Apr-19, 11:00:50 
28-Apr-19, 11:00:53 
28-Apr-19, 11:00:54 
28-Apr-19, 11:00:55 
28-Apr-19, 11:01:05 
28-Apr-19, 11:01:08 
28-Apr-19, 11:01:09 
28-Apr-19, 11:01:10 
28-Apr-19, 11:01:13 
28-Apr-19, 11:01:14 
28-Apr-19, 11:01:15 
28-Apr-19, 11:01:18 
28-Apr-19, 11:01:19 
28-Apr-19, 11:01:20 
28-Apr-19, 11:01:23 
28-Apr-19, 11:01:24 
28-Apr-19, 11:01:25 
28-Apr-19, 11:01:28 
28-Apr-19, 11:01:29 
28-Apr-19, 11:01:30 
28-Apr-19, 11:01:33 
28-Apr-19, 11:01:34 
28-Apr-19, 11:01:35 
28-Apr-19, 11:01:38 
28-Apr-19, 11:01:39 
28-Apr-19, 11:01:40 
28-Apr-19, 11:01:43 
28-Apr-19, 11:01:44 
28-Apr-19, 11:01:45 
28-Apr-19, 11:01:48 
28-Apr-19, 11:01:49 
28-Apr-19, 11:01:50 
28-Apr-19, 11:01:53 
28-Apr-19, 11:01:54 
28-Apr-19, 11:01:55 
28-Apr-19, 11:01:58 
28-Apr-19, 11:02:03 
28-Apr-19, 11:02:04 
28-Apr-19, 11:02:05 
28-Apr-19, 11:02:08 
28-Apr-19, 11:02:09 
28-Apr-19, 11:02:10 
28-Apr-19, 11:02:13 
28-Apr-19, 11:02:14 
28-Apr-19, 11:02:15 
28-Apr-19, 11:02:19 
28-Apr-19, 11:02:23 
28-Apr-19, 11:02:24 
28-Apr-19, 11:02:25 
28-Apr-19, 11:02:28 
28-Apr-19, 11:02:29 
28-Apr-19, 11:02:30 
28-Apr-19, 11:02:33 
28-Apr-19, 11:02:38 
28-Apr-19, 11:02:39 
28-Apr-19, 11:02:40 
28-Apr-19, 11:02:43 
28-Apr-19, 11:02:44 
28-Apr-19, 11:02:45 
28-Apr-19, 11:02:48 
28-Apr-19, 11:02:49 
28-Apr-19, 11:02:50 
28-Apr-19, 11:02:53 
28-Apr-19, 11:02:54 
28-Apr-19, 11:02:55 
28-Apr-19, 11:03:00 
28-Apr-19, 11:03:03 
28-Apr-19, 11:03:04 
28-Apr-19, 11:03:05 
28-Apr-19, 11:03:08 
28-Apr-19, 11:03:09 
28-Apr-19, 11:03:10 
28-Apr-19, 11:03:13 
28-Apr-19, 11:03:14 
28-Apr-19, 11:03:15 
28-Apr-19, 11:03:18 
28-Apr-19, 11:03:19 
28-Apr-19, 11:03:20 
28-Apr-19, 11:03:23 
28-Apr-19, 11:03:24 
28-Apr-19, 11:03:25 
28-Apr-19, 11:03:28 
28-Apr-19, 11:03:29 
28-Apr-19, 11:03:35 
28-Apr-19, 11:03:39 
28-Apr-19, 11:03:40 
28-Apr-19, 11:03:43 
28-Apr-19, 11:03:44 
28-Apr-19, 11:03:45 
28-Apr-19, 11:03:48 
28-Apr-19, 11:03:49 
28-Apr-19, 11:03:54 
28-Apr-19, 11:03:55 
28-Apr-19, 11:04:00 
28-Apr-19, 11:04:03 
28-Apr-19, 11:04:04 
28-Apr-19, 11:04:05 
28-Apr-19, 11:04:08 
28-Apr-19, 11:04:09 
28-Apr-19, 11:04:10 
28-Apr-19, 11:04:13 
28-Apr-19, 11:04:14 
28-Apr-19, 11:04:15 
28-Apr-19, 11:04:18 
28-Apr-19, 11:04:19 
28-Apr-19, 11:04:23 
28-Apr-19, 11:04:24 
28-Apr-19, 11:04:25 
28-Apr-19, 11:04:28 
28-Apr-19, 11:04:29 
28-Apr-19, 11:04:30 
28-Apr-19, 11:04:33 
28-Apr-19, 11:04:34 
28-Apr-19, 11:04:35 
28-Apr-19, 11:04:38 
28-Apr-19, 11:04:39 
28-Apr-19, 11:04:40 
28-Apr-19, 11:04:43 
28-Apr-19, 11:04:44 
28-Apr-19, 11:04:45 
28-Apr-19, 11:04:48 
28-Apr-19, 11:04:49 
28-Apr-19, 11:04:50 
28-Apr-19, 11:04:53 
28-Apr-19, 11:04:54 
28-Apr-19, 11:04:55 
28-Apr-19, 11:05:03 
28-Apr-19, 11:05:04 
28-Apr-19, 11:05:05 
28-Apr-19, 11:05:08 
28-Apr-19, 11:05:09 
28-Apr-19, 11:05:10 
28-Apr-19, 11:05:13 
28-Apr-19, 11:05:14 
28-Apr-19, 11:05:15 
28-Apr-19, 11:05:18 
28-Apr-19, 11:05:19 
28-Apr-19, 11:05:20 
28-Apr-19, 11:05:23 
28-Apr-19, 11:05:24 
28-Apr-19, 11:05:25 
28-Apr-19, 11:05:28 
28-Apr-19, 11:05:29 
28-Apr-19, 11:05:30 
28-Apr-19, 11:05:33 
28-Apr-19, 11:05:34 
28-Apr-19, 11:05:35 
28-Apr-19, 11:05:40 
28-Apr-19, 11:05:43 
28-Apr-19, 11:05:44 
28-Apr-19, 11:05:45 
28-Apr-19, 11:05:48 
28-Apr-19, 11:05:49 
28-Apr-19, 11:05:50 
28-Apr-19, 11:05:53 
28-Apr-19, 11:05:54 
28-Apr-19, 11:05:55 
28-Apr-19, 11:06:03 
28-Apr-19, 11:06:04 
28-Apr-19, 11:06:05 
28-Apr-19, 11:06:08 
28-Apr-19, 11:06:09 
28-Apr-19, 11:06:10 
28-Apr-19, 11:06:13 
28-Apr-19, 11:06:14 
28-Apr-19, 11:06:15 
28-Apr-19, 11:06:18 
28-Apr-19, 11:06:19 
28-Apr-19, 11:06:20 
28-Apr-19, 11:06:23 
28-Apr-19, 11:06:24 
28-Apr-19, 11:06:25 
28-Apr-19, 11:06:28 
28-Apr-19, 11:06:29 
28-Apr-19, 11:06:30 
28-Apr-19, 11:06:33 
28-Apr-19, 11:06:35 
28-Apr-19, 11:06:38 
28-Apr-19, 11:06:39 
28-Apr-19, 11:06:40 
28-Apr-19, 11:06:43 
28-Apr-19, 11:06:44 
28-Apr-19, 11:06:45 
28-Apr-19, 11:06:48 
28-Apr-19, 11:06:49 
28-Apr-19, 11:06:50 
28-Apr-19, 11:06:53 
28-Apr-19, 11:06:54 
28-Apr-19, 11:06:55 
28-Apr-19, 11:07:03 
28-Apr-19, 11:07:04 
28-Apr-19, 11:07:05 
28-Apr-19, 11:07:08 
28-Apr-19, 11:07:13 
28-Apr-19, 11:07:14 
28-Apr-19, 11:07:15 
28-Apr-19, 11:07:18 
28-Apr-19, 11:07:19 
28-Apr-19, 11:07:20 
28-Apr-19, 11:07:25 
28-Apr-19, 11:07:28 
28-Apr-19, 11:07:29 
28-Apr-19, 11:07:30 
28-Apr-19, 11:07:33 
28-Apr-19, 11:07:34 
28-Apr-19, 11:07:35 
28-Apr-19, 11:07:38 
28-Apr-19, 11:07:39 
28-Apr-19, 11:07:40 
28-Apr-19, 11:07:43 
28-Apr-19, 11:07:44 
28-Apr-19, 11:07:45 
28-Apr-19, 11:07:48 
28-Apr-19, 11:07:49 
28-Apr-19, 11:07:50 
28-Apr-19, 11:07:53 
28-Apr-19, 11:07:54 
28-Apr-19, 11:07:55 
28-Apr-19, 11:08:03 
28-Apr-19, 11:08:04 
28-Apr-19, 11:08:05 
28-Apr-19, 11:08:08 
28-Apr-19, 11:08:09 
28-Apr-19, 11:08:10 
28-Apr-19, 11:08:13 
28-Apr-19, 11:08:14 
28-Apr-19, 11:08:15 
28-Apr-19, 11:08:18 
28-Apr-19, 11:08:19 
28-Apr-19, 11:08:20 
28-Apr-19, 11:08:23 
28-Apr-19, 11:08:24 
28-Apr-19, 11:08:25 
28-Apr-19, 11:08:28 
28-Apr-19, 11:08:29 
28-Apr-19, 11:08:30 
28-Apr-19, 11:08:33 
28-Apr-19, 11:08:34 
28-Apr-19, 11:08:35 
28-Apr-19, 11:08:38 
28-Apr-19, 11:08:39 
28-Apr-19, 11:08:40 
28-Apr-19, 11:08:43 
28-Apr-19, 11:08:44 
28-Apr-19, 11:08:45 
28-Apr-19, 11:08:48 
28-Apr-19, 11:08:49 
28-Apr-19, 11:08:50 
28-Apr-19, 11:08:53 
28-Apr-19, 11:08:54 
28-Apr-19, 11:09:00 
28-Apr-19, 11:09:03 
28-Apr-19, 11:09:04 
28-Apr-19, 11:09:05 
28-Apr-19, 11:09:10 
28-Apr-19, 11:09:13 
28-Apr-19, 11:09:14 
28-Apr-19, 11:09:15 
28-Apr-19, 11:09:18 
28-Apr-19, 11:09:19 
28-Apr-19, 11:09:20 
28-Apr-19, 11:09:23 
28-Apr-19, 11:09:24 
28-Apr-19, 11:09:25 
28-Apr-19, 11:09:28 
28-Apr-19, 11:09:29 
28-Apr-19, 11:09:30 
28-Apr-19, 11:09:33 
28-Apr-19, 11:09:34 
28-Apr-19, 11:09:38 
28-Apr-19, 11:09:39 
28-Apr-19, 11:09:40 
28-Apr-19, 11:09:43 
28-Apr-19, 11:09:44 
28-Apr-19, 11:09:45 
28-Apr-19, 11:09:50 
28-Apr-19, 11:09:53 
28-Apr-19, 11:09:54 
28-Apr-19, 11:10:03 
28-Apr-19, 11:10:04 
28-Apr-19, 11:10:05 
28-Apr-19, 11:10:08 
28-Apr-19, 11:10:09 
28-Apr-19, 11:10:10 
28-Apr-19, 11:10:13 
28-Apr-19, 11:10:18 
28-Apr-19, 11:10:19 
28-Apr-19, 11:10:20 
28-Apr-19, 11:10:23 
28-Apr-19, 11:10:24 
28-Apr-19, 11:10:25 
28-Apr-19, 11:10:30 
28-Apr-19, 11:10:33 
28-Apr-19, 11:10:34 
28-Apr-19, 11:10:35 
28-Apr-19, 11:10:38 
28-Apr-19, 11:10:39 
28-Apr-19, 11:10:40 
28-Apr-19, 11:10:43 
28-Apr-19, 11:10:44 
28-Apr-19, 11:10:45 
28-Apr-19, 11:10:48 
28-Apr-19, 11:10:49 
28-Apr-19, 11:10:50 
28-Apr-19, 11:10:53 
28-Apr-19, 11:11:03 
28-Apr-19, 11:11:04 
28-Apr-19, 11:11:05 
28-Apr-19, 11:11:08 
28-Apr-19, 11:11:09 
28-Apr-19, 11:11:10 
28-Apr-19, 11:11:14 
28-Apr-19, 11:11:15 
28-Apr-19, 11:11:18 
28-Apr-19, 11:11:19 
28-Apr-19, 11:11:20 
28-Apr-19, 11:11:23 
28-Apr-19, 11:11:24 
28-Apr-19, 11:11:25 
28-Apr-19, 11:11:28 
28-Apr-19, 11:11:29 
28-Apr-19, 11:11:30 
28-Apr-19, 11:11:33 
28-Apr-19, 11:11:34 
28-Apr-19, 11:11:35 
28-Apr-19, 11:11:38 
28-Apr-19, 11:11:39 
28-Apr-19, 11:11:40 
28-Apr-19, 11:11:43 
28-Apr-19, 11:11:44 
28-Apr-19, 11:11:45 
28-Apr-19, 11:11:48 
28-Apr-19, 11:11:49 
28-Apr-19, 11:11:50 
28-Apr-19, 11:11:53 
28-Apr-19, 11:11:54 
28-Apr-19, 11:11:55 
28-Apr-19, 11:12:03 
28-Apr-19, 11:12:04 
28-Apr-19, 11:12:05 
28-Apr-19, 11:12:08 
28-Apr-19, 11:12:09 
28-Apr-19, 11:12:13 
28-Apr-19, 11:12:15 
28-Apr-19, 11:12:18 
28-Apr-19, 11:12:19 
28-Apr-19, 11:12:20 
28-Apr-19, 11:12:23 
28-Apr-19, 11:12:24 
28-Apr-19, 11:12:25 
28-Apr-19, 11:12:28 
28-Apr-19, 11:12:29 
28-Apr-19, 11:12:30 
28-Apr-19, 11:12:33 
28-Apr-19, 11:12:34 
28-Apr-19, 11:12:35 
28-Apr-19, 11:12:39 
28-Apr-19, 11:12:40 
28-Apr-19, 11:12:43 
28-Apr-19, 11:12:44 
28-Apr-19, 11:12:45 
28-Apr-19, 11:12:48 
28-Apr-19, 11:12:49 
28-Apr-19, 11:12:50 
28-Apr-19, 11:12:53 
28-Apr-19, 11:12:54 
28-Apr-19, 11:12:55 
28-Apr-19, 11:13:03 
28-Apr-19, 11:13:04 
28-Apr-19, 11:13:05 
28-Apr-19, 11:13:08 
28-Apr-19, 11:13:09 
28-Apr-19, 11:13:10 
28-Apr-19, 11:13:13 
28-Apr-19, 11:13:14 
28-Apr-19, 11:13:15 
28-Apr-19, 11:13:18 
28-Apr-19, 11:13:19 
28-Apr-19, 11:13:20 
28-Apr-19, 11:13:23 
28-Apr-19, 11:13:24 
28-Apr-19, 11:13:25 
28-Apr-19, 11:13:28 
28-Apr-19, 11:13:29 
28-Apr-19, 11:13:30 
28-Apr-19, 11:13:34 
28-Apr-19, 11:13:35 
28-Apr-19, 11:13:38 
28-Apr-19, 11:13:40 
28-Apr-19, 11:13:43 
28-Apr-19, 11:13:44 
28-Apr-19, 11:13:45 
28-Apr-19, 11:13:48 
28-Apr-19, 11:13:49 
28-Apr-19, 11:13:50 
28-Apr-19, 11:13:53 
28-Apr-19, 11:13:54 
28-Apr-19, 11:13:55 
28-Apr-19, 11:14:03 
28-Apr-19, 11:14:04 
28-Apr-19, 11:14:05 
28-Apr-19, 11:14:08 
28-Apr-19, 11:14:09 
28-Apr-19, 11:14:10 
28-Apr-19, 11:14:13 
28-Apr-19, 11:14:14 
28-Apr-19, 11:14:15 
28-Apr-19, 11:14:18 
28-Apr-19, 11:14:19 
28-Apr-19, 11:14:20 
28-Apr-19, 11:14:23 
28-Apr-19, 11:14:24 
28-Apr-19, 11:14:25 
28-Apr-19, 11:14:28 
28-Apr-19, 11:14:29 
28-Apr-19, 11:14:30 
28-Apr-19, 11:14:33 
28-Apr-19, 11:14:34 
28-Apr-19, 11:14:35 
28-Apr-19, 11:14:38 
28-Apr-19, 11:14:39 
28-Apr-19, 11:14:40 
28-Apr-19, 11:14:43 
28-Apr-19, 11:14:44 
28-Apr-19, 11:14:45 
28-Apr-19, 11:14:48 
28-Apr-19, 11:14:49 
28-Apr-19, 11:14:50 
28-Apr-19, 11:14:53 
28-Apr-19, 11:14:54 
28-Apr-19, 11:14:55 
28-Apr-19, 11:15:00 
28-Apr-19, 11:15:03 
28-Apr-19, 11:15:08 
28-Apr-19, 11:15:09 
28-Apr-19, 11:15:10 
28-Apr-19, 11:15:13 
28-Apr-19, 11:15:14 
28-Apr-19, 11:15:15 
28-Apr-19, 11:15:19 
28-Apr-19, 11:15:20 
28-Apr-19, 11:15:23 
28-Apr-19, 11:15:24 
28-Apr-19, 11:15:25 
28-Apr-19, 11:15:28 
28-Apr-19, 11:15:29 
28-Apr-19, 11:15:30 
28-Apr-19, 11:15:33 
28-Apr-19, 11:15:34 
28-Apr-19, 11:15:35 
28-Apr-19, 11:15:38 
28-Apr-19, 11:15:39 
28-Apr-19, 11:15:40 
28-Apr-19, 11:15:43 
28-Apr-19, 11:15:44 
28-Apr-19, 11:15:45 
28-Apr-19, 11:15:48 
28-Apr-19, 11:15:49 
28-Apr-19, 11:15:50 
28-Apr-19, 11:15:53 
28-Apr-19, 11:15:54 
28-Apr-19, 11:15:55 
28-Apr-19, 11:16:03 
28-Apr-19, 11:16:04 
28-Apr-19, 11:16:05 
28-Apr-19, 11:16:08 
28-Apr-19, 11:16:09 
28-Apr-19, 11:16:10 
28-Apr-19, 11:16:13 
28-Apr-19, 11:16:14 
28-Apr-19, 11:16:15 
28-Apr-19, 11:16:18 
28-Apr-19, 11:16:19 
28-Apr-19, 11:16:20 
28-Apr-19, 11:16:23 
28-Apr-19, 11:16:24 
28-Apr-19, 11:16:25 
28-Apr-19, 11:16:28 
28-Apr-19, 11:16:29 
28-Apr-19, 11:16:30 
28-Apr-19, 11:16:33 
28-Apr-19, 11:16:34 
28-Apr-19, 11:16:35 
28-Apr-19, 11:16:38 
28-Apr-19, 11:16:39 
28-Apr-19, 11:16:40 
28-Apr-19, 11:16:43 
28-Apr-19, 11:16:44 
28-Apr-19, 11:16:45 
28-Apr-19, 11:16:48 
28-Apr-19, 11:16:53 
28-Apr-19, 11:16:54 
28-Apr-19, 11:16:55 
28-Apr-19, 11:17:04 
28-Apr-19, 11:17:05 
28-Apr-19, 11:17:08 
28-Apr-19, 11:17:09 
28-Apr-19, 11:17:10 
28-Apr-19, 11:17:13 
28-Apr-19, 11:17:14 
28-Apr-19, 11:17:15 
28-Apr-19, 11:17:18 
28-Apr-19, 11:17:19 
28-Apr-19, 11:17:20 
28-Apr-19, 11:17:23 
28-Apr-19, 11:17:24 
28-Apr-19, 11:17:25 
28-Apr-19, 11:17:28 
28-Apr-19, 11:17:29 
28-Apr-19, 11:17:30 
28-Apr-19, 11:17:33 
28-Apr-19, 11:17:34 
28-Apr-19, 11:17:35 
28-Apr-19, 11:17:38 
28-Apr-19, 11:17:39 
28-Apr-19, 11:17:40 
28-Apr-19, 11:17:43 
28-Apr-19, 11:17:44 
28-Apr-19, 11:17:45 
28-Apr-19, 11:17:48 
28-Apr-19, 11:17:49 
28-Apr-19, 11:17:50 
28-Apr-19, 11:17:53 
28-Apr-19, 11:17:54 
28-Apr-19, 11:17:55 
28-Apr-19, 11:18:03 
28-Apr-19, 11:18:04 
28-Apr-19, 11:18:05 
28-Apr-19, 11:18:08 
28-Apr-19, 11:18:09 
28-Apr-19, 11:18:10 
28-Apr-19, 11:18:13 
28-Apr-19, 11:18:14 
28-Apr-19, 11:18:15 
28-Apr-19, 11:18:18 
28-Apr-19, 11:18:20 
28-Apr-19, 11:18:20 
28-Apr-19, 11:18:23 
28-Apr-19, 11:18:25 
28-Apr-19, 11:18:25 
28-Apr-19, 11:18:28 
28-Apr-19, 11:18:30 
28-Apr-19, 11:18:30 
28-Apr-19, 11:18:38 
28-Apr-19, 11:18:40 
28-Apr-19, 11:18:40 
28-Apr-19, 11:18:43 
28-Apr-19, 11:18:45 
28-Apr-19, 11:18:45 
28-Apr-19, 11:18:53 
28-Apr-19, 11:18:55 
28-Apr-19, 11:18:55 
28-Apr-19, 11:19:08 
28-Apr-19, 11:19:10 
28-Apr-19, 11:19:10 
28-Apr-19, 11:19:13 
28-Apr-19, 11:19:15 
28-Apr-19, 11:19:15 
28-Apr-19, 11:19:18 
28-Apr-19, 11:19:25 
28-Apr-19, 11:19:25 
28-Apr-19, 11:19:28 
28-Apr-19, 11:19:30 
28-Apr-19, 11:19:30 
28-Apr-19, 11:19:33 
28-Apr-19, 11:19:38 
28-Apr-19, 11:19:40 
28-Apr-19, 11:19:40 
28-Apr-19, 11:19:43 
28-Apr-19, 11:19:45 
28-Apr-19, 11:19:45 
28-Apr-19, 11:19:48 
28-Apr-19, 11:19:53 
28-Apr-19, 11:19:55 
28-Apr-19, 11:19:55 
28-Apr-19, 11:20:03 
28-Apr-19, 11:20:08 
28-Apr-19, 11:20:10 
28-Apr-19, 11:20:10 
28-Apr-19, 11:20:13 
28-Apr-19, 11:20:15 
28-Apr-19, 11:20:15 
28-Apr-19, 11:20:18 
28-Apr-19, 11:20:25 
28-Apr-19, 11:20:25 
28-Apr-19, 11:20:28 
28-Apr-19, 11:20:30 
28-Apr-19, 11:20:30 
28-Apr-19, 11:20:33 
28-Apr-19, 11:20:35 
28-Apr-19, 11:20:35 
28-Apr-19, 11:20:38 
28-Apr-19, 11:20:40 
28-Apr-19, 11:20:40 
28-Apr-19, 11:20:43 
28-Apr-19, 11:20:45 
28-Apr-19, 11:20:45 
28-Apr-19, 11:20:48 
28-Apr-19, 11:20:50 
28-Apr-19, 11:20:50 
28-Apr-19, 11:20:53 
28-Apr-19, 11:20:55 
28-Apr-19, 11:20:55 
28-Apr-19, 11:21:00 
28-Apr-19, 11:21:00 
28-Apr-19, 11:21:03 
28-Apr-19, 11:21:05 
28-Apr-19, 11:21:05 
28-Apr-19, 11:21:08 
28-Apr-19, 11:21:10 
28-Apr-19, 11:21:10 
28-Apr-19, 11:21:13 
28-Apr-19, 11:21:15 
28-Apr-19, 11:21:15 
28-Apr-19, 11:21:18 
28-Apr-19, 11:21:20 
28-Apr-19, 11:21:20 
28-Apr-19, 11:21:23 
28-Apr-19, 11:21:25 
28-Apr-19, 11:21:25 
28-Apr-19, 11:21:28 
28-Apr-19, 11:21:30 
28-Apr-19, 11:21:30 
28-Apr-19, 11:21:33 
28-Apr-19, 11:21:35 
28-Apr-19, 11:21:35 
28-Apr-19, 11:21:40 
28-Apr-19, 11:21:40 
28-Apr-19, 11:21:43 
28-Apr-19, 11:21:45 
28-Apr-19, 11:21:45 
28-Apr-19, 11:21:48 
28-Apr-19, 11:21:53 
28-Apr-19, 11:21:55 
28-Apr-19, 11:21:55 
28-Apr-19, 11:22:00 
28-Apr-19, 11:22:00 
28-Apr-19, 11:22:03 
28-Apr-19, 11:22:05 
28-Apr-19, 11:22:05 
28-Apr-19, 11:22:08 
28-Apr-19, 11:22:10 
28-Apr-19, 11:22:10 
28-Apr-19, 11:22:13 
28-Apr-19, 11:22:15 
28-Apr-19, 11:22:15 
28-Apr-19, 11:22:18 
28-Apr-19, 11:22:20 
28-Apr-19, 11:22:20 
28-Apr-19, 11:22:23 
28-Apr-19, 11:22:25 
28-Apr-19, 11:22:25 
28-Apr-19, 11:22:28 
28-Apr-19, 11:22:30 
28-Apr-19, 11:22:30 
28-Apr-19, 11:22:33 
28-Apr-19, 11:22:35 
28-Apr-19, 11:22:35 
28-Apr-19, 11:22:38 
28-Apr-19, 11:22:40 
28-Apr-19, 11:22:40 
28-Apr-19, 11:22:43 
28-Apr-19, 11:22:45 
28-Apr-19, 11:22:45 
28-Apr-19, 11:22:48 
28-Apr-19, 11:22:50 
28-Apr-19, 11:22:50 
28-Apr-19, 11:22:53 
28-Apr-19, 11:22:55 
28-Apr-19, 11:22:55 
28-Apr-19, 11:23:03 
28-Apr-19, 11:23:05 
28-Apr-19, 11:23:05 
28-Apr-19, 11:23:08 
28-Apr-19, 11:23:10 
28-Apr-19, 11:23:10 
28-Apr-19, 11:23:13 
28-Apr-19, 11:23:15 
28-Apr-19, 11:23:15 
28-Apr-19, 11:23:18 
28-Apr-19, 11:23:20 
28-Apr-19, 11:23:20 
28-Apr-19, 11:23:25 
28-Apr-19, 11:23:25 
28-Apr-19, 11:23:28 
28-Apr-19, 11:23:30 
28-Apr-19, 11:23:30 
28-Apr-19, 11:23:33 
28-Apr-19, 11:23:35 
28-Apr-19, 11:23:35 
28-Apr-19, 11:23:38 
28-Apr-19, 11:23:40 
28-Apr-19, 11:23:40 
28-Apr-19, 11:23:43 
28-Apr-19, 11:23:45 
28-Apr-19, 11:23:45 
28-Apr-19, 11:23:48 
28-Apr-19, 11:23:50 
28-Apr-19, 11:23:50 
28-Apr-19, 11:23:53 
28-Apr-19, 11:23:55 
28-Apr-19, 11:23:55 
28-Apr-19, 11:24:03 
28-Apr-19, 11:24:05 
28-Apr-19, 11:24:05 
28-Apr-19, 11:24:08 
28-Apr-19, 11:24:10 
28-Apr-19, 11:24:10 
28-Apr-19, 11:24:13 
28-Apr-19, 11:24:15 
28-Apr-19, 11:24:15 
28-Apr-19, 11:24:18 
28-Apr-19, 11:24:20 
28-Apr-19, 11:24:20 
28-Apr-19, 11:24:23 
28-Apr-19, 11:24:25 
28-Apr-19, 11:24:25 
28-Apr-19, 11:24:28 
28-Apr-19, 11:24:30 
28-Apr-19, 11:24:30 
28-Apr-19, 11:24:33 
28-Apr-19, 11:24:35 
28-Apr-19, 11:24:35 
28-Apr-19, 11:24:38 
28-Apr-19, 11:24:40 
28-Apr-19, 11:24:40 
28-Apr-19, 11:24:43 
28-Apr-19, 11:24:45 
28-Apr-19, 11:24:45 
28-Apr-19, 11:24:48 
28-Apr-19, 11:24:50 
28-Apr-19, 11:24:50 
28-Apr-19, 11:24:53 
28-Apr-19, 11:25:03 
28-Apr-19, 11:25:05 
28-Apr-19, 11:25:05 
28-Apr-19, 11:25:10 
28-Apr-19, 11:25:10 
28-Apr-19, 11:25:13 
28-Apr-19, 11:25:15 
28-Apr-19, 11:25:15 
28-Apr-19, 11:25:18 
28-Apr-19, 11:25:20 
28-Apr-19, 11:25:20 
28-Apr-19, 11:25:23 
28-Apr-19, 11:25:25 
28-Apr-19, 11:25:25 
28-Apr-19, 11:25:28 
28-Apr-19, 11:25:30 
28-Apr-19, 11:25:30 
28-Apr-19, 11:25:33 
28-Apr-19, 11:25:35 
28-Apr-19, 11:25:35 
28-Apr-19, 11:25:38 
28-Apr-19, 11:25:40 
28-Apr-19, 11:25:40 
28-Apr-19, 11:25:43 
28-Apr-19, 11:25:45 
28-Apr-19, 11:25:45 
28-Apr-19, 11:25:48 
28-Apr-19, 11:25:50 
28-Apr-19, 11:25:50 
28-Apr-19, 11:25:53 
28-Apr-19, 11:25:55 
28-Apr-19, 11:25:55 
28-Apr-19, 11:26:03 
28-Apr-19, 11:26:05 
28-Apr-19, 11:26:05 
28-Apr-19, 11:26:08 
28-Apr-19, 11:26:10 
28-Apr-19, 11:26:10 
28-Apr-19, 11:26:15 
28-Apr-19, 11:26:15 
28-Apr-19, 11:26:18 
28-Apr-19, 11:26:20 
28-Apr-19, 11:26:20 
28-Apr-19, 11:26:23 
28-Apr-19, 11:26:25 
28-Apr-19, 11:26:25 
28-Apr-19, 11:26:28 
28-Apr-19, 11:26:30 
28-Apr-19, 11:26:30 
28-Apr-19, 11:26:33 
28-Apr-19, 11:26:35 
28-Apr-19, 11:26:35 
28-Apr-19, 11:26:38 
28-Apr-19, 11:26:43 
28-Apr-19, 11:26:45 
28-Apr-19, 11:26:45 
28-Apr-19, 11:26:48 
28-Apr-19, 11:26:50 
28-Apr-19, 11:26:50 
28-Apr-19, 11:26:55 
28-Apr-19, 11:26:55 
28-Apr-19, 11:26:58 
28-Apr-19, 11:27:03 
28-Apr-19, 11:27:05 
28-Apr-19, 11:27:05 
28-Apr-19, 11:27:08 
28-Apr-19, 11:27:10 
28-Apr-19, 11:27:10 
28-Apr-19, 11:27:13 
28-Apr-19, 11:27:15 
28-Apr-19, 11:27:15 
28-Apr-19, 11:27:18 
28-Apr-19, 11:27:20 
28-Apr-19, 11:27:20 
28-Apr-19, 11:27:23 
28-Apr-19, 11:27:25 
28-Apr-19, 11:27:25 
28-Apr-19, 11:27:28 
28-Apr-19, 11:27:30 
28-Apr-19, 11:27:30 
28-Apr-19, 11:27:33 
28-Apr-19, 11:27:35 
28-Apr-19, 11:27:35 
28-Apr-19, 11:27:38 
28-Apr-19, 11:27:40 
28-Apr-19, 11:27:40 
28-Apr-19, 11:27:43 
28-Apr-19, 11:27:48 
28-Apr-19, 11:27:50 
28-Apr-19, 11:27:50 
28-Apr-19, 11:27:53 
28-Apr-19, 11:27:55 
28-Apr-19, 11:27:55 
28-Apr-19, 11:28:03 
28-Apr-19, 11:28:05 
28-Apr-19, 11:28:05 
28-Apr-19, 11:28:08 
28-Apr-19, 11:28:13 
28-Apr-19, 11:28:15 
28-Apr-19, 11:28:15 
28-Apr-19, 11:28:18 
28-Apr-19, 11:28:20 
28-Apr-19, 11:28:20 
28-Apr-19, 11:28:23 
28-Apr-19, 11:28:28 
28-Apr-19, 11:28:30 
28-Apr-19, 11:28:30 
28-Apr-19, 11:28:33 
28-Apr-19, 11:28:35 
28-Apr-19, 11:28:35 
28-Apr-19, 11:28:38 
28-Apr-19, 11:28:45 
28-Apr-19, 11:28:45 
28-Apr-19, 11:28:48 
28-Apr-19, 11:28:50 
28-Apr-19, 11:28:50 
28-Apr-19, 11:28:53 
28-Apr-19, 11:29:03 
28-Apr-19, 11:29:05 
28-Apr-19, 11:29:05 
28-Apr-19, 11:29:08 
28-Apr-19, 11:29:10 
28-Apr-19, 11:29:10 
28-Apr-19, 11:29:18 
28-Apr-19, 11:29:20 
28-Apr-19, 11:29:20 
28-Apr-19, 11:29:23 
28-Apr-19, 11:29:25 
28-Apr-19, 11:29:25 
28-Apr-19, 11:29:33 
28-Apr-19, 11:29:35 
28-Apr-19, 11:29:35 
28-Apr-19, 11:29:38 
28-Apr-19, 11:29:40 
28-Apr-19, 11:29:40 
28-Apr-19, 11:29:48 
28-Apr-19, 11:29:50 
28-Apr-19, 11:29:50 
28-Apr-19, 11:29:53 
28-Apr-19, 11:29:55 
28-Apr-19, 11:29:55 
28-Apr-19, 11:30:03 
28-Apr-19, 11:30:05 
28-Apr-19, 11:30:05 
28-Apr-19, 11:30:10 
28-Apr-19, 11:30:10 
28-Apr-19, 11:30:13 
28-Apr-19, 11:30:18 
28-Apr-19, 11:30:20 
28-Apr-19, 11:30:20 
28-Apr-19, 11:30:23 
28-Apr-19, 11:30:25 
28-Apr-19, 11:30:25 
28-Apr-19, 11:30:28 
28-Apr-19, 11:30:30 
28-Apr-19, 11:30:30 
28-Apr-19, 11:30:33 
28-Apr-19, 11:30:35 
28-Apr-19, 11:30:35 
28-Apr-19, 11:30:38 
28-Apr-19, 11:30:40 
28-Apr-19, 11:30:40 
28-Apr-19, 11:30:43 
28-Apr-19, 11:30:45 
28-Apr-19, 11:30:45 
28-Apr-19, 11:30:48 
28-Apr-19, 11:30:50 
28-Apr-19, 11:30:50 
28-Apr-19, 11:30:53 
28-Apr-19, 11:30:55 
28-Apr-19, 11:30:55 
28-Apr-19, 11:31:03 
28-Apr-19, 11:31:05 
28-Apr-19, 11:31:05 
28-Apr-19, 11:31:08 
28-Apr-19, 11:31:10 
28-Apr-19, 11:31:10 
28-Apr-19, 11:31:13 
28-Apr-19, 11:31:15 
28-Apr-19, 11:31:15 
28-Apr-19, 11:31:20 
28-Apr-19, 11:31:20 
28-Apr-19, 11:31:23 
28-Apr-19, 11:31:25 
28-Apr-19, 11:31:25 
28-Apr-19, 11:31:30 
28-Apr-19, 11:31:30 
28-Apr-19, 11:31:35 
28-Apr-19, 11:31:35 
28-Apr-19, 11:31:38 
28-Apr-19, 11:31:40 
28-Apr-19, 11:31:40 
28-Apr-19, 11:31:43 
28-Apr-19, 11:31:45 
28-Apr-19, 11:31:45 
28-Apr-19, 11:31:48 
28-Apr-19, 11:31:50 
28-Apr-19, 11:31:50 
28-Apr-19, 11:31:53 
28-Apr-19, 11:31:55 
28-Apr-19, 11:31:55 
28-Apr-19, 11:32:00 
28-Apr-19, 11:32:00 
28-Apr-19, 11:32:03 
28-Apr-19, 11:32:05 
28-Apr-19, 11:32:05 
28-Apr-19, 11:32:08 
28-Apr-19, 11:32:10 
28-Apr-19, 11:32:10 
28-Apr-19, 11:32:13 
28-Apr-19, 11:32:15 
28-Apr-19, 11:32:15 
28-Apr-19, 11:32:18 
28-Apr-19, 11:32:20 
28-Apr-19, 11:32:20 
28-Apr-19, 11:32:23 
28-Apr-19, 11:32:25 
28-Apr-19, 11:32:25 
28-Apr-19, 11:32:28 
28-Apr-19, 11:32:30 
28-Apr-19, 11:32:30 
28-Apr-19, 11:32:33 
28-Apr-19, 11:32:35 
28-Apr-19, 11:32:35 
28-Apr-19, 11:32:38 
28-Apr-19, 11:32:40 
28-Apr-19, 11:32:40 
28-Apr-19, 11:32:43 
28-Apr-19, 11:32:45 
28-Apr-19, 11:32:45 
28-Apr-19, 11:32:48 
28-Apr-19, 11:32:50 
28-Apr-19, 11:32:50 
28-Apr-19, 11:32:53 
28-Apr-19, 11:32:55 
28-Apr-19, 11:32:55 
28-Apr-19, 11:33:05 
28-Apr-19, 11:33:05 
28-Apr-19, 11:33:08 
28-Apr-19, 11:33:10 
28-Apr-19, 11:33:10 
28-Apr-19, 11:33:13 
28-Apr-19, 11:33:15 
28-Apr-19, 11:33:15 
28-Apr-19, 11:33:18 
28-Apr-19, 11:33:23 
28-Apr-19, 11:33:25 
28-Apr-19, 11:33:25 
28-Apr-19, 11:33:28 
28-Apr-19, 11:33:30 
28-Apr-19, 11:33:30 
28-Apr-19, 11:33:35 
28-Apr-19, 11:33:35 
28-Apr-19, 11:33:38 
28-Apr-19, 11:33:40 
28-Apr-19, 11:33:40 
28-Apr-19, 11:33:43 
28-Apr-19, 11:33:45 
28-Apr-19, 11:33:45 
28-Apr-19, 11:33:48 
28-Apr-19, 11:33:50 
28-Apr-19, 11:33:50 
28-Apr-19, 11:33:53 
28-Apr-19, 11:33:55 
28-Apr-19, 11:33:55 
28-Apr-19, 11:34:03 
28-Apr-19, 11:34:05 
28-Apr-19, 11:34:05 
28-Apr-19, 11:34:08 
28-Apr-19, 11:34:10 
28-Apr-19, 11:34:10 
28-Apr-19, 11:34:14 
28-Apr-19, 11:34:15 
28-Apr-19, 11:34:15 
28-Apr-19, 11:34:19 
28-Apr-19, 11:34:20 
28-Apr-19, 11:34:20 
28-Apr-19, 11:34:24 
28-Apr-19, 11:34:25 
28-Apr-19, 11:34:25 
28-Apr-19, 11:34:29 
28-Apr-19, 11:34:30 
28-Apr-19, 11:34:30 
28-Apr-19, 11:34:34 
28-Apr-19, 11:34:35 
28-Apr-19, 11:34:35 
28-Apr-19, 11:34:40 
28-Apr-19, 11:34:40 
28-Apr-19, 11:34:44 
28-Apr-19, 11:34:45 
28-Apr-19, 11:34:45 
28-Apr-19, 11:34:49 
28-Apr-19, 11:34:50 
28-Apr-19, 11:34:50 
28-Apr-19, 11:34:54 
28-Apr-19, 11:34:55 
28-Apr-19, 11:34:55 
28-Apr-19, 11:35:00 
28-Apr-19, 11:35:00 
28-Apr-19, 11:35:09 
28-Apr-19, 11:35:10 
28-Apr-19, 11:35:10 
28-Apr-19, 11:35:14 
28-Apr-19, 11:35:15 
28-Apr-19, 11:35:15 
28-Apr-19, 11:35:19 
28-Apr-19, 11:35:20 
28-Apr-19, 11:35:20 
28-Apr-19, 11:35:24 
28-Apr-19, 11:35:25 
28-Apr-19, 11:35:25 
28-Apr-19, 11:35:29 
28-Apr-19, 11:35:30 
28-Apr-19, 11:35:30 
28-Apr-19, 11:35:34 
28-Apr-19, 11:35:35 
28-Apr-19, 11:35:35 
28-Apr-19, 11:35:39 
28-Apr-19, 11:35:40 
28-Apr-19, 11:35:40 
28-Apr-19, 11:35:44 
28-Apr-19, 11:35:45 
28-Apr-19, 11:35:45 
28-Apr-19, 11:35:49 
28-Apr-19, 11:35:50 
28-Apr-19, 11:35:50 
28-Apr-19, 11:35:54 
28-Apr-19, 11:35:55 
28-Apr-19, 11:35:55 
28-Apr-19, 11:36:00 
28-Apr-19, 11:36:00 
28-Apr-19, 11:36:04 
28-Apr-19, 11:36:05 
28-Apr-19, 11:36:05 
28-Apr-19, 11:36:09 
28-Apr-19, 11:36:10 
28-Apr-19, 11:36:10 
28-Apr-19, 11:36:14 
28-Apr-19, 11:36:15 
28-Apr-19, 11:36:15 
28-Apr-19, 11:36:19 
28-Apr-19, 11:36:20 
28-Apr-19, 11:36:20 
28-Apr-19, 11:36:24 
28-Apr-19, 11:36:25 
28-Apr-19, 11:36:25 
28-Apr-19, 11:36:29 
28-Apr-19, 11:36:30 
28-Apr-19, 11:36:30 
28-Apr-19, 11:36:34 
28-Apr-19, 11:36:35 
28-Apr-19, 11:36:35 
28-Apr-19, 11:36:39 
28-Apr-19, 11:36:40 
28-Apr-19, 11:36:40 
28-Apr-19, 11:36:44 
28-Apr-19, 11:36:45 
28-Apr-19, 11:36:45 
28-Apr-19, 11:36:54 
28-Apr-19, 11:36:55 
28-Apr-19, 11:36:55 
28-Apr-19, 11:36:59 
28-Apr-19, 11:37:04 
28-Apr-19, 11:37:05 
28-Apr-19, 11:37:05 
28-Apr-19, 11:37:09 
28-Apr-19, 11:37:10 
28-Apr-19, 11:37:10 
28-Apr-19, 11:37:14 
28-Apr-19, 11:37:15 
28-Apr-19, 11:37:15 
28-Apr-19, 11:37:19 
28-Apr-19, 11:37:20 
28-Apr-19, 11:37:20 
28-Apr-19, 11:37:24 
28-Apr-19, 11:37:25 
28-Apr-19, 11:37:25 
28-Apr-19, 11:37:29 
28-Apr-19, 11:37:30 
28-Apr-19, 11:37:30 
28-Apr-19, 11:37:34 
28-Apr-19, 11:37:35 
28-Apr-19, 11:37:35 
28-Apr-19, 11:37:39 
28-Apr-19, 11:37:40 
28-Apr-19, 11:37:40 
28-Apr-19, 11:37:44 
28-Apr-19, 11:37:45 
28-Apr-19, 11:37:45 
28-Apr-19, 11:37:49 
28-Apr-19, 11:37:50 
28-Apr-19, 11:37:50 
28-Apr-19, 11:37:54 
28-Apr-19, 11:38:04 
28-Apr-19, 11:38:05 
28-Apr-19, 11:38:05 
28-Apr-19, 11:38:09 
28-Apr-19, 11:38:14 
28-Apr-19, 11:38:15 
28-Apr-19, 11:38:15 
28-Apr-19, 11:38:19 
28-Apr-19, 11:38:20 
28-Apr-19, 11:38:20 
28-Apr-19, 11:38:29 
28-Apr-19, 11:38:30 
28-Apr-19, 11:38:30 
28-Apr-19, 11:38:34 
28-Apr-19, 11:38:35 
28-Apr-19, 11:38:35 
28-Apr-19, 11:38:39 
28-Apr-19, 11:38:40 
28-Apr-19, 11:38:40 
28-Apr-19, 11:38:44 
28-Apr-19, 11:38:45 
28-Apr-19, 11:38:45 
28-Apr-19, 11:38:54 
28-Apr-19, 11:38:55 
28-Apr-19, 11:38:55 
28-Apr-19, 11:38:59 
28-Apr-19, 11:39:00 
28-Apr-19, 11:39:00 
28-Apr-19, 11:39:05 
28-Apr-19, 11:39:05 
28-Apr-19, 11:39:09 
28-Apr-19, 11:39:10 
28-Apr-19, 11:39:10 
28-Apr-19, 11:39:14 
28-Apr-19, 11:39:15 
28-Apr-19, 11:39:15 
28-Apr-19, 11:39:19 
28-Apr-19, 11:39:20 
28-Apr-19, 11:39:20 
28-Apr-19, 11:39:24 
28-Apr-19, 11:39:25 
28-Apr-19, 11:39:25 
28-Apr-19, 11:39:34 
28-Apr-19, 11:39:35 
28-Apr-19, 11:39:35 
28-Apr-19, 11:39:39 
28-Apr-19, 11:39:40 
28-Apr-19, 11:39:40 
28-Apr-19, 11:39:45 
28-Apr-19, 11:39:45 
28-Apr-19, 11:39:49 
28-Apr-19, 11:39:50 
28-Apr-19, 11:39:50 
28-Apr-19, 11:39:54 
28-Apr-19, 11:39:55 
28-Apr-19, 11:39:55 
28-Apr-19, 11:40:04 
28-Apr-19, 11:40:05 
28-Apr-19, 11:40:05 
28-Apr-19, 11:40:14 
28-Apr-19, 11:40:15 
28-Apr-19, 11:40:15 
28-Apr-19, 11:40:19 
28-Apr-19, 11:40:20 
28-Apr-19, 11:40:20 
28-Apr-19, 11:40:29 
28-Apr-19, 11:40:30 
28-Apr-19, 11:40:30 
28-Apr-19, 11:40:34 
28-Apr-19, 11:40:35 
28-Apr-19, 11:40:35 
28-Apr-19, 11:40:39 
28-Apr-19, 11:40:44 
28-Apr-19, 11:40:45 
28-Apr-19, 11:40:45 
28-Apr-19, 11:40:49 
28-Apr-19, 11:40:50 
28-Apr-19, 11:40:50 
28-Apr-19, 11:41:00 
28-Apr-19, 11:41:00 
28-Apr-19, 11:41:04 
28-Apr-19, 11:41:05 
28-Apr-19, 11:41:05 
28-Apr-19, 11:41:09 
28-Apr-19, 11:41:10 
28-Apr-19, 11:41:10 
28-Apr-19, 11:41:14 
28-Apr-19, 11:41:15 
28-Apr-19, 11:41:15 
28-Apr-19, 11:41:19 
28-Apr-19, 11:41:20 
28-Apr-19, 11:41:20 
28-Apr-19, 11:41:24 
28-Apr-19, 11:41:25 
28-Apr-19, 11:41:25 
28-Apr-19, 11:41:29 
28-Apr-19, 11:41:30 
28-Apr-19, 11:41:30 
28-Apr-19, 11:41:34 
28-Apr-19, 11:41:35 
28-Apr-19, 11:41:35 
28-Apr-19, 11:41:39 
28-Apr-19, 11:41:40 
28-Apr-19, 11:41:40 
28-Apr-19, 11:41:44 
28-Apr-19, 11:41:45 
28-Apr-19, 11:41:45 
28-Apr-19, 11:41:49 
28-Apr-19, 11:41:50 
28-Apr-19, 11:41:50 
28-Apr-19, 11:41:54 
28-Apr-19, 11:41:55 
28-Apr-19, 11:41:55 
28-Apr-19, 11:41:59 
28-Apr-19, 11:42:00 
28-Apr-19, 11:42:00 
28-Apr-19, 11:42:05 
28-Apr-19, 11:42:05 
28-Apr-19, 11:42:09 
28-Apr-19, 11:42:10 
28-Apr-19, 11:42:10 
28-Apr-19, 11:42:14 
28-Apr-19, 11:42:15 
28-Apr-19, 11:42:15 
28-Apr-19, 11:42:19 
28-Apr-19, 11:42:20 
28-Apr-19, 11:42:20 
28-Apr-19, 11:42:24 
28-Apr-19, 11:42:25 
28-Apr-19, 11:42:25 
28-Apr-19, 11:42:29 
28-Apr-19, 11:42:30 
28-Apr-19, 11:42:30 
28-Apr-19, 11:42:34 
28-Apr-19, 11:42:35 
28-Apr-19, 11:42:35 
28-Apr-19, 11:42:39 
28-Apr-19, 11:42:44 
28-Apr-19, 11:42:45 
28-Apr-19, 11:42:45 
28-Apr-19, 11:42:49 
28-Apr-19, 11:42:50 
28-Apr-19, 11:42:50 
28-Apr-19, 11:42:54 
28-Apr-19, 11:42:55 
28-Apr-19, 11:42:55 
28-Apr-19, 11:43:00 
28-Apr-19, 11:43:00 
28-Apr-19, 11:43:09 
28-Apr-19, 11:43:10 
28-Apr-19, 11:43:11 
28-Apr-19, 11:43:14 
28-Apr-19, 11:43:15 
28-Apr-19, 11:43:16 
28-Apr-19, 11:43:19 
28-Apr-19, 11:43:20 
28-Apr-19, 11:43:21 
28-Apr-19, 11:43:24 
28-Apr-19, 11:43:25 
28-Apr-19, 11:43:26 
28-Apr-19, 11:43:29 
28-Apr-19, 11:43:30 
28-Apr-19, 11:43:31 
28-Apr-19, 11:43:34 
28-Apr-19, 11:43:35 
28-Apr-19, 11:43:36 
28-Apr-19, 11:43:40 
28-Apr-19, 11:43:41 
28-Apr-19, 11:43:45 
28-Apr-19, 11:43:46 
28-Apr-19, 11:43:49 
28-Apr-19, 11:43:50 
28-Apr-19, 11:43:51 
28-Apr-19, 11:43:54 
28-Apr-19, 11:43:55 
28-Apr-19, 11:44:00 
28-Apr-19, 11:44:04 
25-Apr-19, 18:36:30 
25-Apr-19, 18:36:35 
25-Apr-19, 18:36:37 
25-Apr-19, 18:36:40 
25-Apr-19, 18:36:42 
25-Apr-19, 18:36:45 
25-Apr-19, 18:36:47 
25-Apr-19, 18:36:52 
25-Apr-19, 18:36:55 
25-Apr-19, 18:36:57 
25-Apr-19, 18:37:00 
25-Apr-19, 18:37:05 
25-Apr-19, 18:37:07 
25-Apr-19, 18:37:10 
25-Apr-19, 18:37:12 
25-Apr-19, 18:37:17 
25-Apr-19, 18:37:22 
25-Apr-19, 18:37:25 
25-Apr-19, 18:37:27 
25-Apr-19, 18:37:30 
25-Apr-19, 18:37:35 
25-Apr-19, 18:37:37 
25-Apr-19, 18:37:40 
25-Apr-19, 18:37:42 
25-Apr-19, 18:37:45 
25-Apr-19, 18:37:47 
25-Apr-19, 18:37:50 
25-Apr-19, 18:37:52 
25-Apr-19, 18:37:55 
25-Apr-19, 18:37:57 
25-Apr-19, 18:38:00 
25-Apr-19, 18:38:05 
25-Apr-19, 18:38:07 
25-Apr-19, 18:38:10 
25-Apr-19, 18:38:12 
25-Apr-19, 18:38:15 
25-Apr-19, 18:38:17 
25-Apr-19, 18:38:22 
25-Apr-19, 18:38:25 
25-Apr-19, 18:38:27 
25-Apr-19, 18:38:30 
25-Apr-19, 18:38:35 
25-Apr-19, 18:38:37 
25-Apr-19, 18:38:40 
25-Apr-19, 18:38:42 
25-Apr-19, 18:38:45 
25-Apr-19, 18:38:47 
25-Apr-19, 18:38:52 
25-Apr-19, 19:10:49 
25-Apr-19, 19:10:51 
25-Apr-19, 19:10:54 
25-Apr-19, 19:10:59 
25-Apr-19, 19:11:01 
25-Apr-19, 19:11:04 
25-Apr-19, 19:11:06 
25-Apr-19, 19:11:09 
25-Apr-19, 19:11:11 
25-Apr-19, 19:11:16 
25-Apr-19, 19:11:19 
25-Apr-19, 19:11:21 
25-Apr-19, 19:11:29 
25-Apr-19, 19:11:31 
25-Apr-19, 19:11:34 
25-Apr-19, 19:11:36 
25-Apr-19, 19:11:39 
25-Apr-19, 19:11:41 
25-Apr-19, 19:11:44 
25-Apr-19, 19:11:46 
25-Apr-19, 19:11:49 
25-Apr-19, 19:11:51 
25-Apr-19, 19:11:54 
25-Apr-19, 19:11:59 
25-Apr-19, 19:12:01 
25-Apr-19, 19:12:04 
25-Apr-19, 19:12:06 
25-Apr-19, 19:12:09 
25-Apr-19, 19:12:11 
25-Apr-19, 19:12:14 
25-Apr-19, 19:12:16 
25-Apr-19, 19:12:19 
25-Apr-19, 19:12:24 
25-Apr-19, 19:12:29 
25-Apr-19, 19:12:31 
25-Apr-19, 19:12:34 
25-Apr-19, 19:12:36 
25-Apr-19, 19:12:39 
25-Apr-19, 19:12:41 
25-Apr-19, 19:12:46 
25-Apr-19, 19:12:49 
25-Apr-19, 19:12:51 
25-Apr-19, 19:12:54 
25-Apr-19, 19:12:56 
25-Apr-19, 19:12:59 
25-Apr-19, 19:13:01 
25-Apr-19, 19:13:04 
25-Apr-19, 19:13:06 
25-Apr-19, 19:13:09 
25-Apr-19, 19:13:11 
25-Apr-19, 19:13:15 
25-Apr-19, 19:13:16 
25-Apr-19, 19:13:22 
25-Apr-19, 19:13:27 
25-Apr-19, 19:13:30 
25-Apr-19, 19:13:35 
25-Apr-19, 19:13:37 
25-Apr-19, 19:13:40 
25-Apr-19, 19:13:42 
25-Apr-19, 19:13:45 
25-Apr-19, 19:13:47 
25-Apr-19, 19:13:52 
25-Apr-19, 19:13:55 
25-Apr-19, 19:13:57 
25-Apr-19, 19:14:00 
25-Apr-19, 19:14:05 
25-Apr-19, 19:14:07 
25-Apr-19, 19:14:10 
25-Apr-19, 19:14:12 
25-Apr-19, 19:14:15 
25-Apr-19, 19:14:17 
25-Apr-19, 19:14:22 
25-Apr-19, 19:14:25 
25-Apr-19, 19:14:27 
25-Apr-19, 19:14:30 
25-Apr-19, 19:14:35 
25-Apr-19, 19:14:37 
25-Apr-19, 19:14:45 
25-Apr-19, 19:14:47 
25-Apr-19, 19:14:52 
25-Apr-19, 19:14:55 
25-Apr-19, 19:14:57 
25-Apr-19, 19:15:00 
25-Apr-19, 19:15:02 
25-Apr-19, 19:15:05 
25-Apr-19, 19:15:07 
25-Apr-19, 19:15:10 
25-Apr-19, 19:15:12 
25-Apr-19, 19:15:15 
25-Apr-19, 19:15:17 
25-Apr-19, 19:15:22 
25-Apr-19, 19:15:25 
25-Apr-19, 19:15:27 
25-Apr-19, 19:15:30 
25-Apr-19, 19:15:35 
25-Apr-19, 19:15:37 
25-Apr-19, 19:15:40 
25-Apr-19, 19:15:42 
25-Apr-19, 19:15:45 
25-Apr-19, 19:15:47 
25-Apr-19, 19:15:52 
25-Apr-19, 19:15:55 
25-Apr-19, 19:15:57 
25-Apr-19, 19:16:00 
25-Apr-19, 19:16:05 
25-Apr-19, 19:16:07 
25-Apr-19, 19:16:10 
25-Apr-19, 19:16:12 
25-Apr-19, 19:16:15 
25-Apr-19, 19:16:17 
25-Apr-19, 19:16:22 
25-Apr-19, 19:16:25 
25-Apr-19, 19:16:30 
25-Apr-19, 19:16:37 
25-Apr-19, 19:16:40 
25-Apr-19, 19:16:42 
25-Apr-19, 19:16:45 
25-Apr-19, 19:16:47 
25-Apr-19, 19:16:52 
25-Apr-19, 19:16:55 
25-Apr-19, 19:16:57 
25-Apr-19, 19:17:00 
25-Apr-19, 19:17:05 
25-Apr-19, 19:17:07 
25-Apr-19, 19:17:10 
25-Apr-19, 19:17:12 
25-Apr-19, 19:17:15 
25-Apr-19, 19:17:17 
25-Apr-19, 19:17:22 
25-Apr-19, 19:17:25 
25-Apr-19, 19:17:27 
25-Apr-19, 19:17:30 
25-Apr-19, 19:17:35 
25-Apr-19, 19:17:37 
25-Apr-19, 19:17:40 
25-Apr-19, 19:17:42 
25-Apr-19, 19:17:45 
25-Apr-19, 19:17:47 
25-Apr-19, 19:17:52 
25-Apr-19, 19:17:55 
25-Apr-19, 19:17:57 
25-Apr-19, 19:18:00 
25-Apr-19, 19:18:05 
25-Apr-19, 19:18:07 
25-Apr-19, 19:18:10 
25-Apr-19, 19:18:12 
25-Apr-19, 19:18:15 
25-Apr-19, 19:18:17 
25-Apr-19, 19:18:20 
25-Apr-19, 19:18:22 
25-Apr-19, 19:18:25 
25-Apr-19, 19:18:27 
25-Apr-19, 19:18:30 
25-Apr-19, 19:18:35 
25-Apr-19, 19:18:37 
25-Apr-19, 19:18:40 
25-Apr-19, 19:18:42 
25-Apr-19, 19:18:45 
25-Apr-19, 19:18:47 
25-Apr-19, 19:18:52 
25-Apr-19, 19:18:55 
25-Apr-19, 19:18:57 
25-Apr-19, 19:19:00 
25-Apr-19, 19:19:05 
25-Apr-19, 19:19:07 
25-Apr-19, 19:19:10 
25-Apr-19, 19:19:12 
25-Apr-19, 19:19:15 
25-Apr-19, 19:19:17 
25-Apr-19, 19:19:22 
25-Apr-19, 19:19:25 
25-Apr-19, 19:19:27 
25-Apr-19, 19:19:35 
25-Apr-19, 19:19:37 
25-Apr-19, 19:19:40 
25-Apr-19, 19:19:42 
25-Apr-19, 19:19:45 
25-Apr-19, 19:19:47 
25-Apr-19, 19:19:52 
25-Apr-19, 19:19:55 
25-Apr-19, 19:19:57 
25-Apr-19, 19:20:00 
25-Apr-19, 19:20:05 
25-Apr-19, 19:20:07 
25-Apr-19, 19:20:10 
25-Apr-19, 19:20:15 
25-Apr-19, 19:20:17 
25-Apr-19, 19:20:20 
25-Apr-19, 19:20:22 
25-Apr-19, 19:20:25 
25-Apr-19, 19:20:27 
25-Apr-19, 19:20:30 
25-Apr-19, 19:20:35 
25-Apr-19, 19:20:37 
25-Apr-19, 19:20:40 
25-Apr-19, 19:20:42 
25-Apr-19, 19:20:45 
25-Apr-19, 19:20:47 
25-Apr-19, 19:20:52 
25-Apr-19, 19:20:55 
25-Apr-19, 19:20:57 
25-Apr-19, 19:21:00 
25-Apr-19, 19:21:02 
25-Apr-19, 19:21:07 
25-Apr-19, 19:21:10 
25-Apr-19, 19:21:12 
25-Apr-19, 19:21:15 
25-Apr-19, 19:21:17 
25-Apr-19, 19:21:22 
25-Apr-19, 19:21:25 
25-Apr-19, 19:21:27 
25-Apr-19, 19:21:30 
25-Apr-19, 19:21:37 
25-Apr-19, 19:21:40 
25-Apr-19, 19:21:42 
25-Apr-19, 19:21:45 
25-Apr-19, 19:21:52 
25-Apr-19, 19:21:55 
25-Apr-19, 19:21:57 
25-Apr-19, 19:22:00 
25-Apr-19, 19:22:05 
25-Apr-19, 19:22:07 
25-Apr-19, 19:22:10 
25-Apr-19, 19:22:12 
25-Apr-19, 19:22:15 
25-Apr-19, 19:22:17 
25-Apr-19, 19:22:22 
25-Apr-19, 19:22:25 
25-Apr-19, 19:22:27 
25-Apr-19, 19:22:30 
25-Apr-19, 19:22:32 
25-Apr-19, 19:22:35 
25-Apr-19, 19:22:37 
25-Apr-19, 19:22:40 
25-Apr-19, 19:22:42 
25-Apr-19, 19:22:45 
25-Apr-19, 19:22:47 
25-Apr-19, 19:22:52 
25-Apr-19, 19:22:55 
25-Apr-19, 19:23:00 
25-Apr-19, 19:23:05 
25-Apr-19, 19:23:07 
25-Apr-19, 19:23:10 
25-Apr-19, 19:23:12 
25-Apr-19, 19:23:15 
25-Apr-19, 19:23:17 
25-Apr-19, 19:23:22 
25-Apr-19, 19:23:25 
25-Apr-19, 19:23:27 
25-Apr-19, 19:23:30 
25-Apr-19, 19:23:35 
25-Apr-19, 19:23:37 
25-Apr-19, 19:23:42 
25-Apr-19, 19:23:45 
25-Apr-19, 19:23:47 
25-Apr-19, 19:23:52 
25-Apr-19, 19:23:55 
25-Apr-19, 19:23:57 
25-Apr-19, 19:24:00 
25-Apr-19, 19:24:02 
25-Apr-19, 19:24:05 
25-Apr-19, 19:24:07 
25-Apr-19, 19:24:10 
25-Apr-19, 19:24:12 
25-Apr-19, 19:24:15 
25-Apr-19, 19:24:17 
25-Apr-19, 19:24:22 
25-Apr-19, 19:24:25 
25-Apr-19, 19:24:27 
25-Apr-19, 19:24:30 
25-Apr-19, 19:24:35 
25-Apr-19, 19:24:37 
25-Apr-19, 19:24:40 
25-Apr-19, 19:24:42 
25-Apr-19, 19:24:45 
25-Apr-19, 19:24:47 
25-Apr-19, 19:24:52 
25-Apr-19, 19:24:55 
25-Apr-19, 19:24:57 
25-Apr-19, 19:25:00 
25-Apr-19, 19:25:05 
25-Apr-19, 19:25:07 
25-Apr-19, 19:25:10 
25-Apr-19, 19:25:12 
25-Apr-19, 19:25:15 
25-Apr-19, 19:25:17 
25-Apr-19, 19:25:22 
25-Apr-19, 19:25:25 
25-Apr-19, 19:25:27 
25-Apr-19, 19:25:30 
25-Apr-19, 19:25:35 
25-Apr-19, 19:25:37 
25-Apr-19, 19:25:40 
25-Apr-19, 19:25:42 
25-Apr-19, 19:25:45 
25-Apr-19, 19:25:47 
25-Apr-19, 19:25:52 
25-Apr-19, 19:25:55 
25-Apr-19, 19:25:57 
25-Apr-19, 19:26:00 
25-Apr-19, 19:26:05 
25-Apr-19, 19:26:07 
25-Apr-19, 19:26:10 
25-Apr-19, 19:26:12 
25-Apr-19, 19:26:15 
25-Apr-19, 19:26:17 
25-Apr-19, 19:26:22 
25-Apr-19, 19:26:25 
25-Apr-19, 19:26:27 
25-Apr-19, 19:26:30 
25-Apr-19, 19:26:35 
25-Apr-19, 19:26:37 
25-Apr-19, 19:26:40 
25-Apr-19, 19:26:42 
25-Apr-19, 19:26:47 
25-Apr-19, 19:26:52 
25-Apr-19, 19:26:55 
25-Apr-19, 19:26:57 
25-Apr-19, 19:27:00 
25-Apr-19, 19:27:05 
25-Apr-19, 19:27:07 
25-Apr-19, 19:27:10 
25-Apr-19, 19:27:12 
25-Apr-19, 19:27:15 
25-Apr-19, 19:27:17 
25-Apr-19, 19:27:22 
25-Apr-19, 19:27:25 
25-Apr-19, 19:27:27 
25-Apr-19, 19:27:30 
25-Apr-19, 19:27:35 
25-Apr-19, 19:27:37 
25-Apr-19, 19:27:40 
25-Apr-19, 19:27:42 
25-Apr-19, 19:27:45 
25-Apr-19, 19:27:47 
25-Apr-19, 19:27:52 
25-Apr-19, 19:27:57 
25-Apr-19, 19:28:00 
25-Apr-19, 19:28:02 
25-Apr-19, 19:28:05 
25-Apr-19, 19:28:07 
25-Apr-19, 19:28:10 
25-Apr-19, 19:28:12 
25-Apr-19, 19:28:15 
25-Apr-19, 19:28:17 
25-Apr-19, 19:28:22 
25-Apr-19, 19:28:25 
25-Apr-19, 19:28:27 
25-Apr-19, 19:28:30 
25-Apr-19, 19:28:36 
25-Apr-19, 19:28:37 
25-Apr-19, 19:28:41 
25-Apr-19, 19:28:42 
25-Apr-19, 19:28:46 
25-Apr-19, 19:28:47 
25-Apr-19, 19:28:51 
25-Apr-19, 19:28:52 
25-Apr-19, 19:28:56 
25-Apr-19, 19:28:57 
25-Apr-19, 19:29:01 
25-Apr-19, 19:29:06 
25-Apr-19, 19:29:07 
25-Apr-19, 19:29:11 
25-Apr-19, 19:29:12 
25-Apr-19, 19:29:16 
25-Apr-19, 19:29:17 
25-Apr-19, 19:29:21 
25-Apr-19, 19:29:22 
25-Apr-19, 19:29:26 
25-Apr-19, 19:29:27 
25-Apr-19, 19:29:31 
25-Apr-19, 19:29:36 
25-Apr-19, 19:29:37 
25-Apr-19, 19:29:41 
25-Apr-19, 19:29:42 
25-Apr-19, 19:29:46 
25-Apr-19, 19:29:47 
25-Apr-19, 19:29:51 
25-Apr-19, 19:29:52 
25-Apr-19, 19:29:56 
25-Apr-19, 19:29:57 
25-Apr-19, 19:30:01 
25-Apr-19, 19:30:02 
25-Apr-19, 19:30:06 
25-Apr-19, 19:30:07 
25-Apr-19, 19:30:11 
25-Apr-19, 19:30:12 
25-Apr-19, 19:30:16 
25-Apr-19, 19:30:17 
25-Apr-19, 19:30:21 
25-Apr-19, 19:30:22 
25-Apr-19, 19:30:28 
25-Apr-19, 19:30:31 
25-Apr-19, 19:30:33 
25-Apr-19, 19:30:36 
25-Apr-19, 19:30:38 
25-Apr-19, 19:30:41 
25-Apr-19, 19:30:43 
25-Apr-19, 19:30:46 
25-Apr-19, 19:30:48 
25-Apr-19, 19:30:51 
25-Apr-19, 19:30:53 
25-Apr-19, 19:30:58 
25-Apr-19, 19:31:01 
25-Apr-19, 19:31:03 
25-Apr-19, 19:31:06 
25-Apr-19, 19:31:11 
25-Apr-19, 19:31:13 
25-Apr-19, 19:31:16 
25-Apr-19, 19:31:18 
25-Apr-19, 19:31:23 
25-Apr-19, 19:31:28 
25-Apr-19, 19:31:31 
25-Apr-19, 19:31:33 
25-Apr-19, 19:31:36 
25-Apr-19, 19:31:41 
25-Apr-19, 19:31:43 
25-Apr-19, 19:31:46 
25-Apr-19, 19:31:48 
25-Apr-19, 19:31:51 
25-Apr-19, 19:31:53 
25-Apr-19, 19:31:56 
25-Apr-19, 19:31:58 
25-Apr-19, 19:32:01 
25-Apr-19, 19:32:03 
25-Apr-19, 19:32:06 
25-Apr-19, 19:32:08 
25-Apr-19, 19:32:11 
25-Apr-19, 19:32:13 
25-Apr-19, 19:32:16 
25-Apr-19, 19:32:18 
25-Apr-19, 19:32:23 
25-Apr-19, 19:32:26 
25-Apr-19, 19:32:28 
25-Apr-19, 19:32:31 
25-Apr-19, 19:32:33 
25-Apr-19, 19:32:38 
25-Apr-19, 19:32:41 
25-Apr-19, 19:32:43 
25-Apr-19, 19:32:48 
25-Apr-19, 19:32:51 
25-Apr-19, 19:32:53 
25-Apr-19, 19:32:58 
25-Apr-19, 19:33:01 
25-Apr-19, 19:33:03 
25-Apr-19, 19:33:06 
25-Apr-19, 19:33:11 
25-Apr-19, 19:33:13 
25-Apr-19, 19:33:16 
25-Apr-19, 19:33:18 
25-Apr-19, 19:33:21 
25-Apr-19, 19:33:23 
25-Apr-19, 19:33:28 
25-Apr-19, 19:33:31 
25-Apr-19, 19:33:33 
25-Apr-19, 19:33:36 
25-Apr-19, 19:33:41 
25-Apr-19, 19:33:43 
25-Apr-19, 19:33:46 
25-Apr-19, 19:33:48 
25-Apr-19, 19:33:51 
25-Apr-19, 19:33:53 
25-Apr-19, 19:33:58 
25-Apr-19, 19:34:01 
25-Apr-19, 19:34:06 
25-Apr-19, 19:34:11 
25-Apr-19, 19:34:13 
25-Apr-19, 19:34:16 
25-Apr-19, 19:34:18 
25-Apr-19, 19:34:21 
25-Apr-19, 19:34:23 
25-Apr-19, 19:34:28 
25-Apr-19, 19:34:31 
25-Apr-19, 19:34:33 
25-Apr-19, 19:34:36 
25-Apr-19, 19:34:38 
25-Apr-19, 19:34:43 
25-Apr-19, 19:34:58 
25-Apr-19, 19:35:01 
25-Apr-19, 19:35:03 
25-Apr-19, 19:35:06 
25-Apr-19, 19:35:08 
25-Apr-19, 19:35:11 
25-Apr-19, 19:35:13 
25-Apr-19, 19:35:18 
25-Apr-19, 19:35:21 
25-Apr-19, 19:35:23 
25-Apr-19, 19:35:26 
25-Apr-19, 19:35:28 
25-Apr-19, 19:35:31 
25-Apr-19, 19:35:36 
25-Apr-19, 19:35:41 
25-Apr-19, 19:35:43 
25-Apr-19, 19:35:46 
25-Apr-19, 19:35:48 
25-Apr-19, 19:35:51 
25-Apr-19, 19:35:53 
25-Apr-19, 19:35:56 
25-Apr-19, 19:35:58 
25-Apr-19, 19:36:01 
25-Apr-19, 19:36:03 
25-Apr-19, 19:36:06 
25-Apr-19, 19:36:08 
25-Apr-19, 19:36:11 
25-Apr-19, 19:36:13 
25-Apr-19, 19:36:16 
25-Apr-19, 19:36:18 
25-Apr-19, 19:36:21 
25-Apr-19, 19:36:23 
25-Apr-19, 19:36:28 
25-Apr-19, 19:36:31 
25-Apr-19, 19:36:33 
25-Apr-19, 19:36:36 
25-Apr-19, 19:36:41 
25-Apr-19, 19:36:43 
25-Apr-19, 19:36:46 
25-Apr-19, 19:36:48 
25-Apr-19, 19:36:51 
25-Apr-19, 19:36:53 
25-Apr-19, 19:36:58 
25-Apr-19, 19:37:01 
25-Apr-19, 19:37:03 
25-Apr-19, 19:37:06 
25-Apr-19, 19:37:08 
25-Apr-19, 19:37:11 
25-Apr-19, 19:37:13 
25-Apr-19, 19:37:16 
25-Apr-19, 19:37:18 
25-Apr-19, 19:37:21 
25-Apr-19, 19:37:23 
25-Apr-19, 19:37:26 
25-Apr-19, 19:37:28 
25-Apr-19, 19:37:31 
25-Apr-19, 19:37:36 
25-Apr-19, 19:37:38 
25-Apr-19, 19:37:41 
25-Apr-19, 19:37:43 
25-Apr-19, 19:37:46 
25-Apr-19, 19:37:58 
25-Apr-19, 19:38:01 
25-Apr-19, 19:38:03 
25-Apr-19, 19:38:06 
25-Apr-19, 19:38:11 
25-Apr-19, 19:38:13 
25-Apr-19, 19:38:16 
25-Apr-19, 19:38:18 
25-Apr-19,8:52:56
25-Apr-19,8:52:57
25-Apr-19,8:52:57
25-Apr-19,8:52:58
25-Apr-19,8:52:58
25-Apr-19,8:53:02
25-Apr-19,8:53:02
25-Apr-19,8:53:03
25-Apr-19,8:53:03
25-Apr-19,8:53:06
25-Apr-19,8:53:07
25-Apr-19,8:53:07
25-Apr-19,8:53:08
25-Apr-19,8:53:08
25-Apr-19,8:53:11
25-Apr-19,8:53:12
25-Apr-19,8:53:12
25-Apr-19,8:53:13
25-Apr-19,8:53:13
25-Apr-19,8:53:16
25-Apr-19,8:53:17
25-Apr-19,8:53:17
25-Apr-19,8:53:18
25-Apr-19,8:53:18
25-Apr-19,8:53:21
25-Apr-19,8:53:22
25-Apr-19,8:53:22
25-Apr-19,8:53:23
25-Apr-19,8:53:23
25-Apr-19,8:53:26
25-Apr-19,8:53:27
25-Apr-19,8:53:27
25-Apr-19,8:53:28
25-Apr-19,8:53:28
25-Apr-19,8:53:31
25-Apr-19,8:53:32
25-Apr-19,8:53:32
25-Apr-19,8:53:33
25-Apr-19,8:53:33
25-Apr-19,8:53:37
25-Apr-19,8:53:37
25-Apr-19,8:53:41
25-Apr-19,8:53:42
25-Apr-19,8:53:42
25-Apr-19,8:53:43
25-Apr-19,8:53:43
25-Apr-19,8:53:46
25-Apr-19,8:53:47
25-Apr-19,8:53:47
25-Apr-19,8:53:48
25-Apr-19,8:53:48
25-Apr-19,8:53:51
25-Apr-19,8:53:52
25-Apr-19,8:53:52
25-Apr-19,8:53:53
25-Apr-19,8:53:53
25-Apr-19,8:53:56
25-Apr-19,8:53:57
25-Apr-19,8:53:57
25-Apr-19,8:53:58
25-Apr-19,8:53:58
25-Apr-19,8:54:01
25-Apr-19,8:54:02
25-Apr-19,8:54:02
25-Apr-19,8:54:03
25-Apr-19,8:54:03
25-Apr-19,8:54:06
25-Apr-19,8:54:07
25-Apr-19,8:54:07
25-Apr-19,8:54:08
25-Apr-19,8:54:08
25-Apr-19,8:54:11
25-Apr-19,8:54:12
25-Apr-19,8:54:12
25-Apr-19,8:54:13
25-Apr-19,8:54:13
25-Apr-19,8:54:16
25-Apr-19,8:54:17
25-Apr-19,8:54:17
25-Apr-19,8:54:21
25-Apr-19,8:54:22
25-Apr-19,8:54:22
25-Apr-19,8:54:23
25-Apr-19,8:54:23
25-Apr-19,8:54:26
25-Apr-19,8:54:27
25-Apr-19,8:54:27
25-Apr-19,8:54:28
25-Apr-19,8:54:28
25-Apr-19,8:54:31
25-Apr-19,8:54:32
25-Apr-19,8:54:32
25-Apr-19,8:54:33
25-Apr-19,8:54:33
25-Apr-19,8:54:36
25-Apr-19,8:54:37
25-Apr-19,8:54:37
25-Apr-19,8:54:38
25-Apr-19,8:54:38
25-Apr-19,8:54:41
25-Apr-19,8:54:42
25-Apr-19,8:54:42
25-Apr-19,8:54:43
25-Apr-19,8:54:43
25-Apr-19,8:54:46
25-Apr-19,8:54:47
25-Apr-19,8:54:47
25-Apr-19,8:54:48
25-Apr-19,8:54:48
25-Apr-19,8:54:51
25-Apr-19,8:54:52
25-Apr-19,8:54:52
25-Apr-19,8:54:53
25-Apr-19,8:54:53
25-Apr-19,8:54:56
25-Apr-19,8:54:57
25-Apr-19,8:54:57
25-Apr-19,8:54:58
25-Apr-19,8:54:58
25-Apr-19,8:55:01
25-Apr-19,8:55:02
25-Apr-19,8:55:02
25-Apr-19,8:55:03
25-Apr-19,8:55:03
25-Apr-19,8:55:07
25-Apr-19,8:55:07
25-Apr-19,8:55:08
25-Apr-19,8:55:08
25-Apr-19,8:55:11
25-Apr-19,8:55:12
25-Apr-19,8:55:12
25-Apr-19,8:55:17
25-Apr-19,8:55:17
25-Apr-19,8:55:18
25-Apr-19,8:55:18
25-Apr-19,8:55:21
25-Apr-19,8:55:22
25-Apr-19,8:55:22
25-Apr-19,8:55:23
25-Apr-19,8:55:23
25-Apr-19,8:55:27
25-Apr-19,8:55:27
25-Apr-19,8:55:28
25-Apr-19,8:55:28
25-Apr-19,8:55:32
25-Apr-19,8:55:32
25-Apr-19,8:55:33
25-Apr-19,8:55:33
25-Apr-19,8:55:36
25-Apr-19,8:55:37
25-Apr-19,8:55:37
25-Apr-19,8:55:38
25-Apr-19,8:55:38
25-Apr-19,8:55:41
25-Apr-19,8:55:42
25-Apr-19,8:55:42
25-Apr-19,8:55:43
25-Apr-19,8:55:43
25-Apr-19,8:55:46
25-Apr-19,8:55:47
25-Apr-19,8:55:47
25-Apr-19,8:55:48
25-Apr-19,8:55:48
25-Apr-19,8:55:51
25-Apr-19,8:55:52
25-Apr-19,8:55:52
25-Apr-19,8:55:53
25-Apr-19,8:55:53
25-Apr-19,8:55:56
25-Apr-19,8:55:57
25-Apr-19,8:55:57
25-Apr-19,8:55:58
25-Apr-19,8:55:58
25-Apr-19,8:56:01
25-Apr-19,8:56:02
25-Apr-19,8:56:02
25-Apr-19,8:56:03
25-Apr-19,8:56:03
25-Apr-19,8:56:06
25-Apr-19,8:56:07
25-Apr-19,8:56:07
25-Apr-19,8:56:08
25-Apr-19,8:56:08
25-Apr-19,8:56:11
25-Apr-19,8:56:12
25-Apr-19,8:56:12
25-Apr-19,8:56:13
25-Apr-19,8:56:13
25-Apr-19,8:56:16
25-Apr-19,8:56:17
25-Apr-19,8:56:17
25-Apr-19,8:56:18
25-Apr-19,8:56:18
25-Apr-19,8:56:21
25-Apr-19,8:56:22
25-Apr-19,8:56:22
25-Apr-19,8:56:23
25-Apr-19,8:56:23
25-Apr-19,8:56:26
25-Apr-19,8:56:27
25-Apr-19,8:56:27
25-Apr-19,8:56:28
25-Apr-19,8:56:28
25-Apr-19,8:56:31
25-Apr-19,8:56:32
25-Apr-19,8:56:32
25-Apr-19,8:56:33
25-Apr-19,8:56:33
25-Apr-19,8:56:36
25-Apr-19,8:56:37
25-Apr-19,8:56:37
25-Apr-19,8:56:38
25-Apr-19,8:56:38
25-Apr-19,8:56:41
25-Apr-19,8:56:42
25-Apr-19,8:56:42
25-Apr-19,8:56:43
25-Apr-19,8:56:43
25-Apr-19,8:56:46
25-Apr-19,8:56:47
25-Apr-19,8:56:47
25-Apr-19,8:56:48
25-Apr-19,8:56:48
25-Apr-19,8:56:51
25-Apr-19,8:56:52
25-Apr-19,8:56:52
25-Apr-19,8:56:53
25-Apr-19,8:56:53
25-Apr-19,8:56:56
25-Apr-19,8:56:57
25-Apr-19,8:56:57
25-Apr-19,8:56:58
25-Apr-19,8:56:58
25-Apr-19,8:57:01
25-Apr-19,8:57:02
25-Apr-19,8:57:02
25-Apr-19,8:57:03
25-Apr-19,8:57:03
25-Apr-19,8:57:06
25-Apr-19,8:57:07
25-Apr-19,8:57:07
25-Apr-19,8:57:08
25-Apr-19,8:57:08
25-Apr-19,8:57:11
25-Apr-19,8:57:12
25-Apr-19,8:57:12
25-Apr-19,8:57:13
25-Apr-19,8:57:14
25-Apr-19,8:57:16
25-Apr-19,8:57:17
25-Apr-19,8:57:17
25-Apr-19,8:57:18
25-Apr-19,8:57:19
25-Apr-19,8:57:21
25-Apr-19,8:57:22
25-Apr-19,8:57:22
25-Apr-19,8:57:23
25-Apr-19,8:57:24
25-Apr-19,8:57:26
25-Apr-19,8:57:27
25-Apr-19,8:57:27
25-Apr-19,8:57:28
25-Apr-19,8:57:29
25-Apr-19,8:57:31
25-Apr-19,8:57:32
25-Apr-19,8:57:32
25-Apr-19,8:57:33
25-Apr-19,8:57:34
25-Apr-19,8:57:36
25-Apr-19,8:57:37
25-Apr-19,8:57:37
25-Apr-19,8:57:38
25-Apr-19,8:57:39
25-Apr-19,8:57:41
25-Apr-19,8:57:42
25-Apr-19,8:57:42
25-Apr-19,8:57:43
25-Apr-19,8:57:44
25-Apr-19,8:57:46
25-Apr-19,8:57:47
25-Apr-19,8:57:47
25-Apr-19,8:57:48
25-Apr-19,8:57:49
25-Apr-19,8:57:51
25-Apr-19,8:57:52
25-Apr-19,8:57:52
25-Apr-19,8:57:53
25-Apr-19,8:57:54
25-Apr-19,8:57:56
25-Apr-19,8:57:57
25-Apr-19,8:57:57
25-Apr-19,8:57:58
25-Apr-19,8:57:59
25-Apr-19,8:58:01
25-Apr-19,8:58:03
25-Apr-19,8:58:03
25-Apr-19,8:58:03
25-Apr-19,8:58:04
25-Apr-19,8:58:06
25-Apr-19,8:58:08
25-Apr-19,8:58:08
25-Apr-19,8:58:08
25-Apr-19,8:58:09
25-Apr-19,8:58:11
25-Apr-19,8:58:13
25-Apr-19,8:58:13
25-Apr-19,8:58:13
25-Apr-19,8:58:14
25-Apr-19,8:58:16
25-Apr-19,8:58:18
25-Apr-19,8:58:18
25-Apr-19,8:58:18
25-Apr-19,8:58:19
25-Apr-19,8:58:21
25-Apr-19,8:58:23
25-Apr-19,8:58:23
25-Apr-19,8:58:23
25-Apr-19,8:58:24
25-Apr-19,8:58:26
25-Apr-19,8:58:28
25-Apr-19,8:58:28
25-Apr-19,8:58:28
25-Apr-19,8:58:29
25-Apr-19,8:58:31
25-Apr-19,8:58:33
25-Apr-19,8:58:33
25-Apr-19,8:58:33
25-Apr-19,8:58:34
25-Apr-19,8:58:36
25-Apr-19,8:58:38
25-Apr-19,8:58:38
25-Apr-19,8:58:38
25-Apr-19,8:58:39
25-Apr-19,8:58:41
25-Apr-19,8:58:43
25-Apr-19,8:58:43
25-Apr-19,8:58:43
25-Apr-19,8:58:46
25-Apr-19,8:58:48
25-Apr-19,8:58:48
25-Apr-19,8:58:48
25-Apr-19,8:58:49
25-Apr-19,8:58:51
25-Apr-19,8:58:53
25-Apr-19,8:58:53
25-Apr-19,8:58:53
25-Apr-19,8:58:54
25-Apr-19,8:58:56
25-Apr-19,8:58:58
25-Apr-19,8:58:58
25-Apr-19,8:58:58
25-Apr-19,8:58:59
25-Apr-19,8:59:01
25-Apr-19,8:59:04
25-Apr-19,8:59:06
25-Apr-19,8:59:08
25-Apr-19,8:59:08
25-Apr-19,8:59:08
25-Apr-19,8:59:09
25-Apr-19,8:59:11
25-Apr-19,8:59:13
25-Apr-19,8:59:13
25-Apr-19,8:59:13
25-Apr-19,8:59:14
25-Apr-19,8:59:16
25-Apr-19,8:59:18
25-Apr-19,8:59:18
25-Apr-19,8:59:18
25-Apr-19,8:59:19
25-Apr-19,8:59:21
25-Apr-19,8:59:23
25-Apr-19,8:59:23
25-Apr-19,8:59:23
25-Apr-19,8:59:24
25-Apr-19,8:59:26
25-Apr-19,8:59:28
25-Apr-19,8:59:28
25-Apr-19,8:59:28
25-Apr-19,8:59:29
25-Apr-19,8:59:31
25-Apr-19,8:59:33
25-Apr-19,8:59:33
25-Apr-19,8:59:33
25-Apr-19,8:59:34
25-Apr-19,8:59:36
25-Apr-19,8:59:38
25-Apr-19,8:59:38
25-Apr-19,8:59:38
25-Apr-19,8:59:39
25-Apr-19,8:59:41
25-Apr-19,8:59:43
25-Apr-19,8:59:43
25-Apr-19,8:59:43
25-Apr-19,8:59:44
25-Apr-19,8:59:46
25-Apr-19,8:59:48
25-Apr-19,8:59:48
25-Apr-19,8:59:48
25-Apr-19,8:59:49
25-Apr-19,8:59:51
25-Apr-19,8:59:53
25-Apr-19,8:59:53
25-Apr-19,8:59:53
25-Apr-19,8:59:54
25-Apr-19,8:59:56
25-Apr-19,8:59:58
25-Apr-19,8:59:58
25-Apr-19,8:59:58
25-Apr-19,8:59:59
25-Apr-19,9:00:01
25-Apr-19,9:00:03
25-Apr-19,9:00:03
25-Apr-19,9:00:03
25-Apr-19,9:00:04
25-Apr-19,9:00:06
25-Apr-19,9:00:08
25-Apr-19,9:00:08
25-Apr-19,9:00:08
25-Apr-19,9:00:09
25-Apr-19,9:00:11
25-Apr-19,9:00:13
25-Apr-19,9:00:13
25-Apr-19,9:00:13
25-Apr-19,9:00:14
25-Apr-19,9:00:16
25-Apr-19,9:00:18
25-Apr-19,9:00:18
25-Apr-19,9:00:18
25-Apr-19,9:00:19
25-Apr-19,9:00:21
25-Apr-19,9:00:23
25-Apr-19,9:00:23
25-Apr-19,9:00:23
25-Apr-19,9:00:24
25-Apr-19,9:00:26
25-Apr-19,9:00:28
25-Apr-19,9:00:28
25-Apr-19,9:00:28
25-Apr-19,9:00:29
25-Apr-19,9:00:31
25-Apr-19,9:00:33
25-Apr-19,9:00:33
25-Apr-19,9:00:33
25-Apr-19,9:00:34
25-Apr-19,9:00:36
25-Apr-19,9:00:38
25-Apr-19,9:00:38
25-Apr-19,9:00:38
25-Apr-19,9:00:39
25-Apr-19,9:00:42
25-Apr-19,9:00:43
25-Apr-19,9:00:43
25-Apr-19,9:00:43
25-Apr-19,9:00:44
25-Apr-19,9:00:47
25-Apr-19,9:00:48
25-Apr-19,9:00:48
25-Apr-19,9:00:48
25-Apr-19,9:00:49
25-Apr-19,9:00:52
25-Apr-19,9:00:53
25-Apr-19,9:00:53
25-Apr-19,9:00:53
25-Apr-19,9:00:57
25-Apr-19,9:00:58
25-Apr-19,9:00:58
25-Apr-19,9:00:58
25-Apr-19,9:00:59
25-Apr-19,9:01:02
25-Apr-19,9:01:03
25-Apr-19,9:01:03
25-Apr-19,9:01:03
25-Apr-19,9:01:04
25-Apr-19,9:01:07
25-Apr-19,9:01:08
25-Apr-19,9:01:08
25-Apr-19,9:01:08
25-Apr-19,9:01:09
25-Apr-19,9:01:12
25-Apr-19,9:01:13
25-Apr-19,9:01:13
25-Apr-19,9:01:13
25-Apr-19,9:01:14
25-Apr-19,9:01:17
25-Apr-19,9:01:18
25-Apr-19,9:01:18
25-Apr-19,9:01:18
25-Apr-19,9:01:22
25-Apr-19,9:01:23
25-Apr-19,9:01:23
25-Apr-19,9:01:23
25-Apr-19,9:01:24
25-Apr-19,9:01:27
25-Apr-19,9:01:28
25-Apr-19,9:01:28
25-Apr-19,9:01:28
25-Apr-19,9:01:29
25-Apr-19,9:01:32
25-Apr-19,9:01:33
25-Apr-19,9:01:33
25-Apr-19,9:01:33
25-Apr-19,9:01:34
25-Apr-19,9:01:37
25-Apr-19,9:01:38
25-Apr-19,9:01:38
25-Apr-19,9:01:38
25-Apr-19,9:01:39
25-Apr-19,9:01:42
25-Apr-19,9:01:43
25-Apr-19,9:01:43
25-Apr-19,9:01:43
25-Apr-19,9:01:44
25-Apr-19,9:01:47
25-Apr-19,9:01:48
25-Apr-19,9:01:48
25-Apr-19,9:01:48
25-Apr-19,9:01:49
25-Apr-19,9:01:52
25-Apr-19,9:01:53
25-Apr-19,9:01:53
25-Apr-19,9:01:53
25-Apr-19,9:01:54
25-Apr-19,9:01:58
25-Apr-19,9:01:58
25-Apr-19,9:01:58
25-Apr-19,9:01:59
25-Apr-19,9:02:02
25-Apr-19,9:02:03
25-Apr-19,9:02:03
25-Apr-19,9:02:03
25-Apr-19,9:02:04
25-Apr-19,9:02:07
25-Apr-19,9:02:08
25-Apr-19,9:02:08
25-Apr-19,9:02:08
25-Apr-19,9:02:09
25-Apr-19,9:02:12
25-Apr-19,9:02:13
25-Apr-19,9:02:13
25-Apr-19,9:02:13
25-Apr-19,9:02:14
25-Apr-19,9:02:17
25-Apr-19,9:02:18
25-Apr-19,9:02:18
25-Apr-19,9:02:18
25-Apr-19,9:02:19
25-Apr-19,9:02:22
25-Apr-19,9:02:23
25-Apr-19,9:02:23
25-Apr-19,9:02:23
25-Apr-19,9:02:24
25-Apr-19,9:02:27
25-Apr-19,9:02:28
25-Apr-19,9:02:28
25-Apr-19,9:02:28
25-Apr-19,9:02:29
25-Apr-19,9:02:32
25-Apr-19,9:02:33
25-Apr-19,9:02:33
25-Apr-19,9:02:33
25-Apr-19,9:02:34
25-Apr-19,9:02:37
25-Apr-19,9:02:38
25-Apr-19,9:02:38
25-Apr-19,9:02:38
25-Apr-19,9:02:39
25-Apr-19,9:02:42
25-Apr-19,9:02:43
25-Apr-19,9:02:43
25-Apr-19,9:02:43
25-Apr-19,9:02:44
25-Apr-19,9:02:47
25-Apr-19,9:02:48
25-Apr-19,9:02:48
25-Apr-19,9:02:48
25-Apr-19,9:02:49
25-Apr-19,9:02:52
25-Apr-19,9:02:53
25-Apr-19,9:02:53
25-Apr-19,9:02:53
25-Apr-19,9:02:54
25-Apr-19,9:02:57
25-Apr-19,9:02:58
25-Apr-19,9:02:58
25-Apr-19,9:02:58
25-Apr-19,9:02:59
25-Apr-19,9:03:02
25-Apr-19,9:03:03
25-Apr-19,9:03:03
25-Apr-19,9:03:03
25-Apr-19,9:03:04
25-Apr-19,9:03:07
25-Apr-19,9:03:08
25-Apr-19,9:03:08
25-Apr-19,9:03:08
25-Apr-19,9:03:09
25-Apr-19,9:03:12
25-Apr-19,9:03:13
25-Apr-19,9:03:13
25-Apr-19,9:03:13
25-Apr-19,9:03:14
25-Apr-19,9:03:17
25-Apr-19,9:03:18
25-Apr-19,9:03:18
25-Apr-19,9:03:18
25-Apr-19,9:03:19
25-Apr-19,9:03:22
25-Apr-19,9:03:23
25-Apr-19,9:03:23
25-Apr-19,9:03:23
25-Apr-19,9:03:24
25-Apr-19,9:03:27
25-Apr-19,9:03:28
25-Apr-19,9:03:28
25-Apr-19,9:03:28
25-Apr-19,9:03:29
25-Apr-19,9:03:32
25-Apr-19,9:03:33
25-Apr-19,9:03:33
25-Apr-19,9:03:33
25-Apr-19,9:03:34
25-Apr-19,9:03:37
25-Apr-19,9:03:38
25-Apr-19,9:03:38
25-Apr-19,9:03:38
25-Apr-19,9:03:39
25-Apr-19,9:03:42
25-Apr-19,9:03:43
25-Apr-19,9:03:43
25-Apr-19,9:03:43
25-Apr-19,9:03:44
25-Apr-19,9:03:47
25-Apr-19,9:03:48
25-Apr-19,9:03:48
25-Apr-19,9:03:49
25-Apr-19,9:03:49
25-Apr-19,9:03:52
25-Apr-19,9:03:54
25-Apr-19,9:03:54
25-Apr-19,9:03:57
25-Apr-19,9:03:58
25-Apr-19,9:03:58
25-Apr-19,9:03:59
25-Apr-19,9:03:59
25-Apr-19,9:04:03
25-Apr-19,9:04:03
25-Apr-19,9:04:04
25-Apr-19,9:04:04
25-Apr-19,9:04:07
25-Apr-19,9:04:08
25-Apr-19,9:04:08
25-Apr-19,9:04:09
25-Apr-19,9:04:09
25-Apr-19,9:04:12
25-Apr-19,9:04:13
25-Apr-19,9:04:13
25-Apr-19,9:04:14
25-Apr-19,9:04:14
25-Apr-19,9:04:17
25-Apr-19,9:04:18
25-Apr-19,9:04:18
25-Apr-19,9:04:19
25-Apr-19,9:04:19
25-Apr-19,9:04:22
25-Apr-19,9:04:24
25-Apr-19,9:04:24
25-Apr-19,9:04:27
25-Apr-19,9:04:28
25-Apr-19,9:04:28
25-Apr-19,9:04:29
25-Apr-19,9:04:29
25-Apr-19,9:04:32
25-Apr-19,9:04:33
25-Apr-19,9:04:33
25-Apr-19,9:04:34
25-Apr-19,9:04:34
25-Apr-19,9:04:37
25-Apr-19,9:04:38
25-Apr-19,9:04:38
25-Apr-19,9:04:39
25-Apr-19,9:04:39
25-Apr-19,9:04:42
25-Apr-19,9:04:43
25-Apr-19,9:04:43
25-Apr-19,9:04:44
25-Apr-19,9:04:44
25-Apr-19,9:04:47
25-Apr-19,9:04:52
25-Apr-19,9:04:54
25-Apr-19,9:04:54
25-Apr-19,9:04:57
25-Apr-19,9:04:58
25-Apr-19,9:04:58
25-Apr-19,9:04:59
25-Apr-19,9:04:59
25-Apr-19,9:05:02
25-Apr-19,9:05:03
25-Apr-19,9:05:03
25-Apr-19,9:05:04
25-Apr-19,9:05:04
25-Apr-19,9:05:07
25-Apr-19,9:05:08
25-Apr-19,9:05:08
25-Apr-19,9:05:12
25-Apr-19,9:05:13
25-Apr-19,9:05:13
25-Apr-19,9:05:14
25-Apr-19,9:05:14
25-Apr-19,9:05:17
25-Apr-19,9:05:18
25-Apr-19,9:05:18
25-Apr-19,9:05:19
25-Apr-19,9:05:19
25-Apr-19,9:05:22
25-Apr-19,9:05:23
25-Apr-19,9:05:23
25-Apr-19,9:05:24
25-Apr-19,9:05:24
25-Apr-19,9:05:27
25-Apr-19,9:05:28
25-Apr-19,9:05:28
25-Apr-19,9:05:29
25-Apr-19,9:05:29
25-Apr-19,9:05:32
25-Apr-19,9:05:33
25-Apr-19,9:05:33
25-Apr-19,9:05:34
25-Apr-19,9:05:34
25-Apr-19,9:05:37
25-Apr-19,9:05:38
25-Apr-19,9:05:38
25-Apr-19,9:05:39
25-Apr-19,9:05:39
25-Apr-19,9:05:42
25-Apr-19,9:05:43
25-Apr-19,9:05:43
25-Apr-19,9:05:44
25-Apr-19,9:05:44
25-Apr-19,9:05:47
25-Apr-19,9:05:48
25-Apr-19,9:05:48
25-Apr-19,9:05:49
25-Apr-19,9:05:49
25-Apr-19,9:05:52
25-Apr-19,9:05:53
25-Apr-19,9:05:53
25-Apr-19,9:05:54
25-Apr-19,9:05:54
25-Apr-19,9:05:57
25-Apr-19,9:05:58
25-Apr-19,9:05:58
25-Apr-19,9:05:59
25-Apr-19,9:05:59
25-Apr-19,9:06:02
25-Apr-19,9:06:03
25-Apr-19,9:06:03
25-Apr-19,9:06:04
25-Apr-19,9:06:04
25-Apr-19,9:06:07
25-Apr-19,9:06:08
25-Apr-19,9:06:08
25-Apr-19,9:06:09
25-Apr-19,9:06:09
25-Apr-19,9:06:12
25-Apr-19,9:06:13
25-Apr-19,9:06:13
25-Apr-19,9:06:14
25-Apr-19,9:06:14
25-Apr-19,9:06:17
25-Apr-19,9:06:18
25-Apr-19,9:06:18
25-Apr-19,9:06:19
25-Apr-19,9:06:19
25-Apr-19,9:06:22
25-Apr-19,9:06:23
25-Apr-19,9:06:23
25-Apr-19,9:06:24
25-Apr-19,9:06:24
25-Apr-19,9:06:27
25-Apr-19,9:06:28
25-Apr-19,9:06:28
25-Apr-19,9:06:29
25-Apr-19,9:06:29
25-Apr-19,9:06:32
25-Apr-19,9:06:33
25-Apr-19,9:06:33
25-Apr-19,9:06:34
25-Apr-19,9:06:34
25-Apr-19,9:06:37
25-Apr-19,9:06:38
25-Apr-19,9:06:38
25-Apr-19,9:06:39
25-Apr-19,9:06:39
25-Apr-19,9:06:42
25-Apr-19,9:06:43
25-Apr-19,9:06:43
25-Apr-19,9:06:44
25-Apr-19,9:06:44
25-Apr-19,9:06:47
25-Apr-19,9:06:48
25-Apr-19,9:06:48
25-Apr-19,9:06:49
25-Apr-19,9:06:49
25-Apr-19,9:06:52
25-Apr-19,9:06:53
25-Apr-19,9:06:53
25-Apr-19,9:06:54
25-Apr-19,9:06:54
25-Apr-19,9:06:57
25-Apr-19,9:06:58
25-Apr-19,9:06:58
25-Apr-19,9:06:59
25-Apr-19,9:06:59
25-Apr-19,9:07:02
25-Apr-19,9:07:03
25-Apr-19,9:07:03
25-Apr-19,9:07:04
25-Apr-19,9:07:04
25-Apr-19,9:07:07
25-Apr-19,9:07:08
25-Apr-19,9:07:08
25-Apr-19,9:07:09
25-Apr-19,9:07:09
25-Apr-19,9:07:12
25-Apr-19,9:07:13
25-Apr-19,9:07:13
25-Apr-19,9:07:14
25-Apr-19,9:07:14
25-Apr-19,9:07:17
25-Apr-19,9:07:18
25-Apr-19,9:07:18
25-Apr-19,9:07:19
25-Apr-19,9:07:19
25-Apr-19,9:07:22
25-Apr-19,9:07:23
25-Apr-19,9:07:23
25-Apr-19,9:07:24
25-Apr-19,9:07:24
25-Apr-19,9:07:27
25-Apr-19,9:07:28
25-Apr-19,9:07:28
25-Apr-19,9:07:29
25-Apr-19,9:07:29
25-Apr-19,9:07:32
25-Apr-19,9:07:33
25-Apr-19,9:07:33
25-Apr-19,9:07:34
25-Apr-19,9:07:34
25-Apr-19,9:07:37
25-Apr-19,9:07:38
25-Apr-19,9:07:38
25-Apr-19,9:07:39
25-Apr-19,9:07:39
25-Apr-19,9:07:42
25-Apr-19,9:07:43
25-Apr-19,9:07:43
25-Apr-19,9:07:44
25-Apr-19,9:07:44
25-Apr-19,9:07:49
25-Apr-19,9:07:49
25-Apr-19,9:07:52
25-Apr-19,9:07:53
25-Apr-19,9:07:53
25-Apr-19,9:07:54
25-Apr-19,9:07:54
25-Apr-19,9:07:57
25-Apr-19,9:07:58
25-Apr-19,9:07:58
25-Apr-19,9:07:59
25-Apr-19,9:07:59
25-Apr-19,9:08:02
25-Apr-19,9:08:03
25-Apr-19,9:08:03
25-Apr-19,9:08:04
25-Apr-19,9:08:04
25-Apr-19,9:08:07
25-Apr-19,9:08:08
25-Apr-19,9:08:08
25-Apr-19,9:08:09
25-Apr-19,9:08:09
25-Apr-19,9:08:12
25-Apr-19,9:08:13
25-Apr-19,9:08:13
25-Apr-19,9:08:14
25-Apr-19,9:08:14
25-Apr-19,9:08:17
25-Apr-19,9:08:18
25-Apr-19,9:08:18
25-Apr-19,9:08:19
25-Apr-19,9:08:19
25-Apr-19,9:08:22
25-Apr-19,9:08:23
25-Apr-19,9:08:23
25-Apr-19,9:08:24
25-Apr-19,9:08:24
25-Apr-19,9:08:27
25-Apr-19,9:08:28
25-Apr-19,9:08:28
25-Apr-19,9:08:29
25-Apr-19,9:08:29
25-Apr-19,9:08:32
25-Apr-19,9:08:33
25-Apr-19,9:08:33
25-Apr-19,9:08:34
25-Apr-19,9:08:34
25-Apr-19,9:08:37
25-Apr-19,9:08:38
25-Apr-19,9:08:38
25-Apr-19,9:08:39
25-Apr-19,9:08:39
25-Apr-19,9:08:42
25-Apr-19,9:08:43
25-Apr-19,9:08:43
25-Apr-19,9:08:44
25-Apr-19,9:08:44
25-Apr-19,9:08:47
25-Apr-19,9:08:48
25-Apr-19,9:08:48
25-Apr-19,9:08:49
25-Apr-19,9:08:49
25-Apr-19,9:08:52
25-Apr-19,9:08:53
25-Apr-19,9:08:53
25-Apr-19,9:08:54
25-Apr-19,9:08:54
25-Apr-19,9:08:57
25-Apr-19,9:08:58
25-Apr-19,9:08:58
25-Apr-19,9:08:59
25-Apr-19,9:08:59
25-Apr-19,9:09:02
25-Apr-19,9:09:03
25-Apr-19,9:09:03
25-Apr-19,9:09:04
25-Apr-19,9:09:04
25-Apr-19,9:09:07
25-Apr-19,9:09:08
25-Apr-19,9:09:08
25-Apr-19,9:09:09
25-Apr-19,9:09:09
25-Apr-19,9:09:12
25-Apr-19,9:09:13
25-Apr-19,9:09:13
25-Apr-19,9:09:14
25-Apr-19,9:09:14
25-Apr-19,9:09:17
25-Apr-19,9:09:18
25-Apr-19,9:09:18
25-Apr-19,9:09:19
25-Apr-19,9:09:19
25-Apr-19,9:09:22
25-Apr-19,9:09:23
25-Apr-19,9:09:23
25-Apr-19,9:09:24
25-Apr-19,9:09:24
25-Apr-19,9:09:27
25-Apr-19,9:09:28
25-Apr-19,9:09:28
25-Apr-19,9:09:33
25-Apr-19,9:09:33
25-Apr-19,9:09:34
25-Apr-19,9:09:34
25-Apr-19,9:09:37
25-Apr-19,9:09:38
25-Apr-19,9:09:38
25-Apr-19,9:09:39
25-Apr-19,9:09:39
25-Apr-19,9:09:42
25-Apr-19,9:09:43
25-Apr-19,9:09:43
25-Apr-19,9:09:44
25-Apr-19,9:09:44
25-Apr-19,9:09:47
25-Apr-19,9:09:48
25-Apr-19,9:09:48
25-Apr-19,9:09:49
25-Apr-19,9:09:49
25-Apr-19,9:09:52
25-Apr-19,9:09:53
25-Apr-19,9:09:53
25-Apr-19,9:09:54
25-Apr-19,9:09:54
25-Apr-19,9:09:57
25-Apr-19,9:09:58
25-Apr-19,9:09:58
25-Apr-19,9:09:59
25-Apr-19,9:09:59
25-Apr-19,9:10:02
25-Apr-19,9:10:03
25-Apr-19,9:10:03
25-Apr-19,9:10:04
25-Apr-19,9:10:04
25-Apr-19,9:10:07
25-Apr-19,9:10:08
25-Apr-19,9:10:08
25-Apr-19,9:10:09
25-Apr-19,9:10:09
25-Apr-19,9:10:12
25-Apr-19,9:10:13
25-Apr-19,9:10:13
25-Apr-19,9:10:14
25-Apr-19,9:10:14
25-Apr-19,9:10:17
25-Apr-19,9:10:18
25-Apr-19,9:10:18
25-Apr-19,9:10:19
25-Apr-19,9:10:19
25-Apr-19,9:10:22
25-Apr-19,9:10:23
25-Apr-19,9:10:23
25-Apr-19,9:10:24
25-Apr-19,9:10:24
25-Apr-19,9:10:27
25-Apr-19,9:10:28
25-Apr-19,9:10:28
25-Apr-19,9:10:29
25-Apr-19,9:10:29
25-Apr-19,9:10:32
25-Apr-19,9:10:33
25-Apr-19,9:10:33
25-Apr-19,9:10:34
25-Apr-19,9:10:34
25-Apr-19,9:10:37
25-Apr-19,9:10:38
25-Apr-19,9:10:38
25-Apr-19,9:10:39
25-Apr-19,9:10:39
25-Apr-19,9:10:42
25-Apr-19,9:10:43
25-Apr-19,9:10:43
25-Apr-19,9:10:44
25-Apr-19,9:10:44
25-Apr-19,9:10:47
25-Apr-19,9:10:48
25-Apr-19,9:10:48
25-Apr-19,9:10:49
25-Apr-19,9:10:49
25-Apr-19,9:10:52
25-Apr-19,9:10:53
25-Apr-19,9:10:53
25-Apr-19,9:10:54
25-Apr-19,9:10:54
25-Apr-19,9:10:58
25-Apr-19,9:10:58
25-Apr-19,9:10:59
25-Apr-19,9:10:59
25-Apr-19,9:11:02
25-Apr-19,9:11:03
25-Apr-19,9:11:04
25-Apr-19,9:11:04
25-Apr-19,9:11:04
25-Apr-19,9:11:07
25-Apr-19,9:11:08
25-Apr-19,9:11:09
25-Apr-19,9:11:09
25-Apr-19,9:11:09
25-Apr-19,9:11:12
25-Apr-19,9:11:13
25-Apr-19,9:11:14
25-Apr-19,9:11:14
25-Apr-19,9:11:14
25-Apr-19,9:11:17
25-Apr-19,9:11:18
25-Apr-19,9:11:19
25-Apr-19,9:11:19
25-Apr-19,9:11:19
25-Apr-19,9:11:22
25-Apr-19,9:11:23
25-Apr-19,9:11:24
25-Apr-19,9:11:24
25-Apr-19,9:11:24
25-Apr-19,9:11:27
25-Apr-19,9:11:29
25-Apr-19,9:11:29
25-Apr-19,9:11:29
25-Apr-19,9:11:29
25-Apr-19,9:11:32
25-Apr-19,9:11:34
25-Apr-19,9:11:34
25-Apr-19,9:11:34
25-Apr-19,9:11:34
25-Apr-19,9:11:37
25-Apr-19,9:11:39
25-Apr-19,9:11:39
25-Apr-19,9:11:39
25-Apr-19,9:11:39
25-Apr-19,9:11:42
25-Apr-19,9:11:44
25-Apr-19,9:11:44
25-Apr-19,9:11:44
25-Apr-19,9:11:44
25-Apr-19,9:11:47
25-Apr-19,9:11:49
25-Apr-19,9:11:49
25-Apr-19,9:11:49
25-Apr-19,9:11:49
25-Apr-19,9:11:52
25-Apr-19,9:11:54
25-Apr-19,9:11:54
25-Apr-19,9:11:54
25-Apr-19,9:11:54
25-Apr-19,9:11:57
25-Apr-19,9:11:59
25-Apr-19,9:11:59
25-Apr-19,9:11:59
25-Apr-19,9:11:59
25-Apr-19,9:12:02
25-Apr-19,9:12:04
25-Apr-19,9:12:04
25-Apr-19,9:12:04
25-Apr-19,9:12:04
25-Apr-19,9:12:07
25-Apr-19,9:12:09
25-Apr-19,9:12:09
25-Apr-19,9:12:09
25-Apr-19,9:12:09
25-Apr-19,9:12:12
25-Apr-19,9:12:14
25-Apr-19,9:12:14
25-Apr-19,9:12:14
25-Apr-19,9:12:14
25-Apr-19,9:12:17
25-Apr-19,9:12:19
25-Apr-19,9:12:19
25-Apr-19,9:12:19
25-Apr-19,9:12:19
25-Apr-19,9:12:22
25-Apr-19,9:12:24
25-Apr-19,9:12:24
25-Apr-19,9:12:24
25-Apr-19,9:12:24
25-Apr-19,9:12:27
25-Apr-19,9:12:29
25-Apr-19,9:12:29
25-Apr-19,9:12:29
25-Apr-19,9:12:29
25-Apr-19,9:12:32
25-Apr-19,9:12:34
25-Apr-19,9:12:34
25-Apr-19,9:12:34
25-Apr-19,9:12:34
25-Apr-19,9:12:37
25-Apr-19,9:12:42
25-Apr-19,9:12:44
25-Apr-19,9:12:44
25-Apr-19,9:12:44
25-Apr-19,9:12:44
25-Apr-19,9:12:47
25-Apr-19,9:12:49
25-Apr-19,9:12:49
25-Apr-19,9:12:49
25-Apr-19,9:12:49
25-Apr-19,9:12:52
25-Apr-19,9:12:54
25-Apr-19,9:12:54
25-Apr-19,9:12:54
25-Apr-19,9:12:54
25-Apr-19,9:12:57
25-Apr-19,9:12:59
25-Apr-19,9:12:59
25-Apr-19,9:12:59
25-Apr-19,9:12:59
25-Apr-19,9:13:02
25-Apr-19,9:13:04
25-Apr-19,9:13:04
25-Apr-19,9:13:04
25-Apr-19,9:13:04
25-Apr-19,9:13:07
25-Apr-19,9:13:09
25-Apr-19,9:13:09
25-Apr-19,9:13:09
25-Apr-19,9:13:09
25-Apr-19,9:13:12
25-Apr-19,9:13:14
25-Apr-19,9:13:14
25-Apr-19,9:13:14
25-Apr-19,9:13:14
25-Apr-19,9:13:19
25-Apr-19,9:13:19
25-Apr-19,9:13:19
25-Apr-19,9:13:19
25-Apr-19,9:13:22
25-Apr-19,9:13:24
25-Apr-19,9:13:24
25-Apr-19,9:13:24
25-Apr-19,9:13:24
25-Apr-19,9:13:27
25-Apr-19,9:13:29
25-Apr-19,9:13:29
25-Apr-19,9:13:29
25-Apr-19,9:13:29
25-Apr-19,9:13:32
25-Apr-19,9:13:34
25-Apr-19,9:13:34
25-Apr-19,9:13:34
25-Apr-19,9:13:34
25-Apr-19,9:13:37
25-Apr-19,9:13:39
25-Apr-19,9:13:39
25-Apr-19,9:13:39
25-Apr-19,9:13:39
25-Apr-19,9:13:42
25-Apr-19,9:13:44
25-Apr-19,9:13:44
25-Apr-19,9:13:44
25-Apr-19,9:13:44
25-Apr-19,9:13:47
25-Apr-19,9:13:49
25-Apr-19,9:13:49
25-Apr-19,9:13:49
25-Apr-19,9:13:49
25-Apr-19,9:13:52
25-Apr-19,9:13:54
25-Apr-19,9:13:54
25-Apr-19,9:13:54
25-Apr-19,9:13:54
25-Apr-19,9:13:57
25-Apr-19,9:13:59
25-Apr-19,9:13:59
25-Apr-19,9:13:59
25-Apr-19,9:13:59
25-Apr-19,9:14:02
25-Apr-19,9:14:04
25-Apr-19,9:14:04
25-Apr-19,9:14:04
25-Apr-19,9:14:04
25-Apr-19,9:14:07
25-Apr-19,9:14:09
25-Apr-19,9:14:09
25-Apr-19,9:14:09
25-Apr-19,9:14:09
25-Apr-19,9:14:12
25-Apr-19,9:14:14
25-Apr-19,9:14:14
25-Apr-19,9:14:14
25-Apr-19,9:14:14
25-Apr-19,9:14:17
25-Apr-19,9:14:19
25-Apr-19,9:14:19
25-Apr-19,9:14:19
25-Apr-19,9:14:19
25-Apr-19,9:14:22
25-Apr-19,9:14:24
25-Apr-19,9:14:24
25-Apr-19,9:14:24
25-Apr-19,9:14:24
25-Apr-19,9:14:27
25-Apr-19,9:14:29
25-Apr-19,9:14:29
25-Apr-19,9:14:29
25-Apr-19,9:14:29
25-Apr-19,9:14:32
25-Apr-19,9:14:34
25-Apr-19,9:14:34
25-Apr-19,9:14:34
25-Apr-19,9:14:34
25-Apr-19,9:14:37
25-Apr-19,9:14:39
25-Apr-19,9:14:39
25-Apr-19,9:14:39
25-Apr-19,9:14:39
25-Apr-19,9:14:42
25-Apr-19,9:14:44
25-Apr-19,9:14:44
25-Apr-19,9:14:44
25-Apr-19,9:14:44
25-Apr-19,9:14:47
25-Apr-19,9:14:49
25-Apr-19,9:14:49
25-Apr-19,9:14:49
25-Apr-19,9:14:49
25-Apr-19,9:14:52
25-Apr-19,9:14:54
25-Apr-19,9:14:54
25-Apr-19,9:14:54
25-Apr-19,9:14:54
25-Apr-19,9:14:57
25-Apr-19,9:14:59
25-Apr-19,9:14:59
25-Apr-19,9:14:59
25-Apr-19,9:14:59
25-Apr-19,9:15:02
25-Apr-19,9:15:04
25-Apr-19,9:15:04
25-Apr-19,9:15:04
25-Apr-19,9:15:04
25-Apr-19,9:15:07
25-Apr-19,9:15:09
25-Apr-19,9:15:09
25-Apr-19,9:15:09
25-Apr-19,9:15:09
25-Apr-19,9:15:12
25-Apr-19,9:15:14
25-Apr-19,9:15:14
25-Apr-19,9:15:14
25-Apr-19,9:15:14
25-Apr-19,9:15:17
25-Apr-19,9:15:19
25-Apr-19,9:15:19
25-Apr-19,9:15:19
25-Apr-19,9:15:19
25-Apr-19,9:15:22
25-Apr-19,9:15:24
25-Apr-19,9:15:24
25-Apr-19,9:15:24
25-Apr-19,9:15:24
25-Apr-19,9:15:27
25-Apr-19,9:15:29
25-Apr-19,9:15:29
25-Apr-19,9:15:29
25-Apr-19,9:15:29
25-Apr-19,9:15:32
25-Apr-19,9:15:34
25-Apr-19,9:15:34
25-Apr-19,9:15:34
25-Apr-19,9:15:34
25-Apr-19,9:15:37
25-Apr-19,9:15:39
25-Apr-19,9:15:39
25-Apr-19,9:15:39
25-Apr-19,9:15:39
25-Apr-19,9:15:42
25-Apr-19,9:15:44
25-Apr-19,9:15:44
25-Apr-19,9:15:44
25-Apr-19,9:15:44
25-Apr-19,9:15:47
25-Apr-19,9:15:49
25-Apr-19,9:15:49
25-Apr-19,9:15:49
25-Apr-19,9:15:49
25-Apr-19,9:15:52
25-Apr-19,9:15:54
25-Apr-19,9:15:54
25-Apr-19,9:15:54
25-Apr-19,9:15:54
25-Apr-19,9:15:57
25-Apr-19,9:15:59
25-Apr-19,9:15:59
25-Apr-19,9:15:59
25-Apr-19,9:15:59
25-Apr-19,9:16:02
25-Apr-19,9:16:04
25-Apr-19,9:16:04
25-Apr-19,9:16:04
25-Apr-19,9:16:04
25-Apr-19,9:16:07
25-Apr-19,9:16:09
25-Apr-19,9:16:09
25-Apr-19,9:16:09
25-Apr-19,9:16:09
25-Apr-19,9:16:12
25-Apr-19,9:16:14
25-Apr-19,9:16:14
25-Apr-19,9:16:14
25-Apr-19,9:16:14
25-Apr-19,9:16:17
25-Apr-19,9:16:19
25-Apr-19,9:16:19
25-Apr-19,9:16:19
25-Apr-19,9:16:19
25-Apr-19,9:16:22
25-Apr-19,9:16:24
25-Apr-19,9:16:24
25-Apr-19,9:16:24
25-Apr-19,9:16:24
25-Apr-19,9:16:27
25-Apr-19,9:16:29
25-Apr-19,9:16:29
25-Apr-19,9:16:29
25-Apr-19,9:16:29
25-Apr-19,9:16:32
25-Apr-19,9:16:34
25-Apr-19,9:16:34
25-Apr-19,9:16:34
25-Apr-19,9:16:34
25-Apr-19,9:16:37
25-Apr-19,9:16:39
25-Apr-19,9:16:39
25-Apr-19,9:16:39
25-Apr-19,9:16:39
25-Apr-19,9:16:42
25-Apr-19,9:16:44
25-Apr-19,9:16:44
25-Apr-19,9:16:44
25-Apr-19,9:16:44
25-Apr-19,9:16:47
25-Apr-19,9:16:49
25-Apr-19,9:16:49
25-Apr-19,9:16:49
25-Apr-19,9:16:49
25-Apr-19,9:16:52
25-Apr-19,9:16:54
25-Apr-19,9:16:54
25-Apr-19,9:16:54
25-Apr-19,9:16:54
25-Apr-19,9:16:57
25-Apr-19,9:17:02
25-Apr-19,9:17:07
25-Apr-19,9:17:09
25-Apr-19,9:17:09
25-Apr-19,9:17:09
25-Apr-19,9:17:09
25-Apr-19,9:17:12
25-Apr-19,9:17:14
25-Apr-19,9:17:14
25-Apr-19,9:17:14
25-Apr-19,9:17:14
25-Apr-19,9:17:17
25-Apr-19,9:17:19
25-Apr-19,9:17:19
25-Apr-19,9:17:19
25-Apr-19,9:17:19
25-Apr-19,9:17:22
25-Apr-19,9:17:24
25-Apr-19,9:17:24
25-Apr-19,9:17:24
25-Apr-19,9:17:24
25-Apr-19,9:17:27
25-Apr-19,9:17:32
25-Apr-19,9:17:34
25-Apr-19,9:17:34
25-Apr-19,9:17:34
25-Apr-19,9:17:34
25-Apr-19,9:17:37
25-Apr-19,9:17:39
25-Apr-19,9:17:39
25-Apr-19,9:17:39
25-Apr-19,9:17:39
25-Apr-19,9:17:42
25-Apr-19,9:17:44
25-Apr-19,9:17:44
25-Apr-19,9:17:44
25-Apr-19,9:17:44
25-Apr-19,9:17:48
25-Apr-19,9:17:53
25-Apr-19,9:17:54
25-Apr-19,9:17:54
25-Apr-19,9:17:54
25-Apr-19,9:17:54
25-Apr-19,9:17:58
25-Apr-19,9:17:59
25-Apr-19,9:17:59
25-Apr-19,9:17:59
25-Apr-19,9:17:59
25-Apr-19,9:18:03
25-Apr-19,9:18:04
25-Apr-19,9:18:04
25-Apr-19,9:18:04
25-Apr-19,9:18:04
25-Apr-19,9:18:08
25-Apr-19,9:18:09
25-Apr-19,9:18:09
25-Apr-19,9:18:09
25-Apr-19,9:18:09
25-Apr-19,9:18:13
25-Apr-19,9:18:14
25-Apr-19,9:18:14
25-Apr-19,9:18:14
25-Apr-19,9:18:14
25-Apr-19,9:18:18
25-Apr-19,9:18:19
25-Apr-19,9:18:19
25-Apr-19,9:18:19
25-Apr-19,9:18:19
25-Apr-19,9:18:23
25-Apr-19,9:18:24
25-Apr-19,9:18:24
25-Apr-19,9:18:24
25-Apr-19,9:18:24
25-Apr-19,9:18:28
25-Apr-19,9:18:29
25-Apr-19,9:18:29
25-Apr-19,9:18:29
25-Apr-19,9:18:29
25-Apr-19,9:18:33
25-Apr-19,9:18:34
25-Apr-19,9:18:34
25-Apr-19,9:18:34
25-Apr-19,9:18:34
25-Apr-19,9:18:38
25-Apr-19,9:18:39
25-Apr-19,9:18:39
25-Apr-19,9:18:39
25-Apr-19,9:18:39
25-Apr-19,9:18:43
25-Apr-19,9:18:44
25-Apr-19,9:18:44
25-Apr-19,9:18:44
25-Apr-19,9:18:44
25-Apr-19,9:18:48
25-Apr-19,9:18:49
25-Apr-19,9:18:49
25-Apr-19,9:18:49
25-Apr-19,9:18:49
25-Apr-19,9:18:53
25-Apr-19,9:18:54
25-Apr-19,9:18:54
25-Apr-19,9:18:54
25-Apr-19,9:18:54
25-Apr-19,9:18:58
25-Apr-19,9:18:59
25-Apr-19,9:18:59
25-Apr-19,9:18:59
25-Apr-19,9:18:59
25-Apr-19,9:19:03
25-Apr-19,9:19:04
25-Apr-19,9:19:04
25-Apr-19,9:19:04
25-Apr-19,9:19:04
25-Apr-19,9:19:08
25-Apr-19,9:19:09
25-Apr-19,9:19:09
25-Apr-19,9:19:09
25-Apr-19,9:19:09
25-Apr-19,9:19:13
25-Apr-19,9:19:14
25-Apr-19,9:19:14
25-Apr-19,9:19:14
25-Apr-19,9:19:14
25-Apr-19,9:19:18
25-Apr-19,9:19:19
25-Apr-19,9:19:19
25-Apr-19,9:19:19
25-Apr-19,9:19:19
25-Apr-19,9:19:23
25-Apr-19,9:19:24
25-Apr-19,9:19:24
25-Apr-19,9:19:24
25-Apr-19,9:19:24
25-Apr-19,9:19:28
25-Apr-19,9:19:29
25-Apr-19,9:19:29
25-Apr-19,9:19:29
25-Apr-19,9:19:29
25-Apr-19,9:19:33
25-Apr-19,9:19:34
25-Apr-19,9:19:34
25-Apr-19,9:19:34
25-Apr-19,9:19:34
25-Apr-19,9:19:38
25-Apr-19,9:19:39
25-Apr-19,9:19:39
25-Apr-19,9:19:39
25-Apr-19,9:19:39
25-Apr-19,9:19:43
25-Apr-19,9:19:44
25-Apr-19,9:19:44
25-Apr-19,9:19:44
25-Apr-19,9:19:44
25-Apr-19,9:19:53
25-Apr-19,9:19:54
25-Apr-19,9:19:54
25-Apr-19,9:19:54
25-Apr-19,9:19:54
25-Apr-19,9:19:58
25-Apr-19,9:19:59
25-Apr-19,9:19:59
25-Apr-19,9:19:59
25-Apr-19,9:19:59
25-Apr-19,9:20:03
25-Apr-19,9:20:04
25-Apr-19,9:20:04
25-Apr-19,9:20:04
25-Apr-19,9:20:04
25-Apr-19,9:20:08
25-Apr-19,9:20:09
25-Apr-19,9:20:09
25-Apr-19,9:20:09
25-Apr-19,9:20:09
25-Apr-19,9:20:13
25-Apr-19,9:20:14
25-Apr-19,9:20:14
25-Apr-19,9:20:14
25-Apr-19,9:20:14
25-Apr-19,9:20:18
25-Apr-19,9:20:19
25-Apr-19,9:20:19
25-Apr-19,9:20:19
25-Apr-19,9:20:19
25-Apr-19,9:20:23
25-Apr-19,9:20:24
25-Apr-19,9:20:24
25-Apr-19,9:20:24
25-Apr-19,9:20:24
25-Apr-19,9:20:28
25-Apr-19,9:20:29
25-Apr-19,9:20:29
25-Apr-19,9:20:29
25-Apr-19,9:20:29
25-Apr-19,9:20:33
25-Apr-19,9:20:34
25-Apr-19,9:20:34
25-Apr-19,9:20:34
25-Apr-19,9:20:34
25-Apr-19,9:20:38
25-Apr-19,9:20:39
25-Apr-19,9:20:39
25-Apr-19,9:20:39
25-Apr-19,9:20:39
25-Apr-19,9:20:43
25-Apr-19,9:20:44
25-Apr-19,9:20:44
25-Apr-19,9:20:44
25-Apr-19,9:20:44
25-Apr-19,9:20:48
25-Apr-19,9:20:49
25-Apr-19,9:20:49
25-Apr-19,9:20:49
25-Apr-19,9:20:49
25-Apr-19,9:20:53
25-Apr-19,9:20:54
25-Apr-19,9:20:54
25-Apr-19,9:20:54
25-Apr-19,9:20:54
25-Apr-19,9:20:58
25-Apr-19,9:20:59
25-Apr-19,9:20:59
25-Apr-19,9:20:59
25-Apr-19,9:20:59
25-Apr-19,9:21:03
25-Apr-19,9:21:04
25-Apr-19,9:21:04
25-Apr-19,9:21:04
25-Apr-19,9:21:04
25-Apr-19,9:21:08
25-Apr-19,9:21:09
25-Apr-19,9:21:09
25-Apr-19,9:21:09
25-Apr-19,9:21:09
25-Apr-19,9:21:13
25-Apr-19,9:21:14
25-Apr-19,9:21:14
25-Apr-19,9:21:14
25-Apr-19,9:21:14
25-Apr-19,9:21:19
25-Apr-19,9:21:19
25-Apr-19,9:21:19
25-Apr-19,9:21:19
25-Apr-19,9:21:23
25-Apr-19,9:21:24
25-Apr-19,9:21:24
25-Apr-19,9:21:24
25-Apr-19,9:21:24
25-Apr-19,9:21:28
25-Apr-19,9:21:29
25-Apr-19,9:21:29
25-Apr-19,9:21:29
25-Apr-19,9:21:29
25-Apr-19,9:21:34
25-Apr-19,9:21:34
25-Apr-19,9:21:34
25-Apr-19,9:21:34
25-Apr-19,9:21:38
25-Apr-19,9:21:39
25-Apr-19,9:21:39
25-Apr-19,9:21:39
25-Apr-19,9:21:39
25-Apr-19,9:21:43
25-Apr-19,9:21:44
25-Apr-19,9:21:44
25-Apr-19,9:21:44
25-Apr-19,9:21:44
25-Apr-19,9:21:48
25-Apr-19,9:21:49
25-Apr-19,9:21:49
25-Apr-19,9:21:49
25-Apr-19,9:21:49
25-Apr-19,9:21:53
25-Apr-19,9:21:54
25-Apr-19,9:21:54
25-Apr-19,9:21:54
25-Apr-19,9:21:54
25-Apr-19,9:21:58
25-Apr-19,9:22:03
25-Apr-19,9:22:04
25-Apr-19,9:22:04
25-Apr-19,9:22:04
25-Apr-19,9:22:04
25-Apr-19,9:22:08
25-Apr-19,9:22:09
25-Apr-19,9:22:09
25-Apr-19,9:22:09
25-Apr-19,9:22:09
25-Apr-19,9:22:13
25-Apr-19,9:22:14
25-Apr-19,9:22:14
25-Apr-19,9:22:14
25-Apr-19,9:22:14
25-Apr-19,9:22:19
25-Apr-19,9:22:19
25-Apr-19,9:22:19
25-Apr-19,9:22:19
25-Apr-19,9:22:23
25-Apr-19,9:22:24
25-Apr-19,9:22:24
25-Apr-19,9:22:24
25-Apr-19,9:22:24
25-Apr-19,9:22:28
25-Apr-19,9:22:29
25-Apr-19,9:22:29
25-Apr-19,9:22:29
25-Apr-19,9:22:30
25-Apr-19,9:22:33
25-Apr-19,9:22:34
25-Apr-19,9:22:34
25-Apr-19,9:22:34
25-Apr-19,9:22:38
25-Apr-19,9:22:40
25-Apr-19,9:22:44
25-Apr-19,9:22:44
25-Apr-19,9:22:44
25-Apr-19,9:22:45
25-Apr-19,9:22:48
25-Apr-19,9:22:53
25-Apr-19,9:22:54
25-Apr-19,9:22:54
25-Apr-19,9:22:54
25-Apr-19,9:22:55
25-Apr-19,9:22:58
25-Apr-19,9:22:59
25-Apr-19,9:22:59
25-Apr-19,9:22:59
25-Apr-19,9:23:00
25-Apr-19,9:23:03
25-Apr-19,9:23:04
25-Apr-19,9:23:04
25-Apr-19,9:23:04
25-Apr-19,9:23:05
25-Apr-19,9:23:08
25-Apr-19,9:23:09
25-Apr-19,9:23:09
25-Apr-19,9:23:09
25-Apr-19,9:23:10
25-Apr-19,9:23:13
25-Apr-19,9:23:14
25-Apr-19,9:23:14
25-Apr-19,9:23:14
25-Apr-19,9:23:15
25-Apr-19,9:23:18
25-Apr-19,9:23:19
25-Apr-19,9:23:19
25-Apr-19,9:23:19
25-Apr-19,9:23:20
25-Apr-19,9:23:23
25-Apr-19,9:23:24
25-Apr-19,9:23:24
25-Apr-19,9:23:24
25-Apr-19,9:23:25
25-Apr-19,9:23:28
25-Apr-19,9:23:30
25-Apr-19,9:23:33
25-Apr-19,9:23:34
25-Apr-19,9:23:34
25-Apr-19,9:23:34
25-Apr-19,9:23:35
25-Apr-19,9:23:38
25-Apr-19,9:23:39
25-Apr-19,9:23:39
25-Apr-19,9:23:39
25-Apr-19,9:23:40
25-Apr-19,9:23:44
25-Apr-19,9:23:44
25-Apr-19,9:23:44
25-Apr-19,9:23:45
25-Apr-19,9:23:48
25-Apr-19,9:23:49
25-Apr-19,9:23:49
25-Apr-19,9:23:49
25-Apr-19,9:23:50
25-Apr-19,9:23:53
25-Apr-19,9:23:55
25-Apr-19,9:23:58
25-Apr-19,9:23:59
25-Apr-19,9:23:59
25-Apr-19,9:23:59
25-Apr-19,9:24:00
25-Apr-19,9:24:03
25-Apr-19,9:24:04
25-Apr-19,9:24:04
25-Apr-19,9:24:04
25-Apr-19,9:24:05
25-Apr-19,9:24:08
25-Apr-19,9:24:09
25-Apr-19,9:24:09
25-Apr-19,9:24:09
25-Apr-19,9:24:10
25-Apr-19,9:24:13
25-Apr-19,9:24:14
25-Apr-19,9:24:14
25-Apr-19,9:24:14
25-Apr-19,9:24:15
25-Apr-19,9:24:18
25-Apr-19,9:24:19
25-Apr-19,9:24:19
25-Apr-19,9:24:19
25-Apr-19,9:24:20
25-Apr-19,9:24:23
25-Apr-19,9:24:24
25-Apr-19,9:24:24
25-Apr-19,9:24:24
25-Apr-19,9:24:25
25-Apr-19,9:24:28
25-Apr-19,9:24:29
25-Apr-19,9:24:29
25-Apr-19,9:24:29
25-Apr-19,9:24:30
25-Apr-19,9:24:33
25-Apr-19,9:24:34
25-Apr-19,9:24:34
25-Apr-19,9:24:34
25-Apr-19,9:24:35
25-Apr-19,9:24:38
25-Apr-19,9:24:39
25-Apr-19,9:24:39
25-Apr-19,9:24:39
25-Apr-19,9:24:40
25-Apr-19,9:24:43
25-Apr-19,9:24:44
25-Apr-19,9:24:44
25-Apr-19,9:24:44
25-Apr-19,9:24:45
25-Apr-19,9:24:48
25-Apr-19,9:24:50
25-Apr-19,9:24:53
25-Apr-19,9:24:54
25-Apr-19,9:24:54
25-Apr-19,9:24:54
25-Apr-19,9:24:55
25-Apr-19,9:24:59
25-Apr-19,9:24:59
25-Apr-19,9:24:59
25-Apr-19,9:25:00
25-Apr-19,9:25:03
25-Apr-19,9:25:04
25-Apr-19,9:25:04
25-Apr-19,9:25:04
25-Apr-19,9:25:05
25-Apr-19,9:25:08
25-Apr-19,9:25:09
25-Apr-19,9:25:09
25-Apr-19,9:25:09
25-Apr-19,9:25:13
25-Apr-19,9:25:14
25-Apr-19,9:25:14
25-Apr-19,9:25:14
25-Apr-19,9:25:15
25-Apr-19,9:25:18
25-Apr-19,9:25:19
25-Apr-19,9:25:19
25-Apr-19,9:25:19
25-Apr-19,9:25:20
25-Apr-19,9:25:23
25-Apr-19,9:25:24
25-Apr-19,9:25:24
25-Apr-19,9:25:24
25-Apr-19,9:25:25
25-Apr-19,9:25:28
25-Apr-19,9:25:29
25-Apr-19,9:25:29
25-Apr-19,9:25:29
25-Apr-19,9:25:30
25-Apr-19,9:25:33
25-Apr-19,9:25:34
25-Apr-19,9:25:34
25-Apr-19,9:25:35
25-Apr-19,9:25:35
25-Apr-19,9:25:38
25-Apr-19,9:25:39
25-Apr-19,9:25:39
25-Apr-19,9:25:40
25-Apr-19,9:25:40
25-Apr-19,9:25:43
25-Apr-19,9:25:44
25-Apr-19,9:25:44
25-Apr-19,9:25:45
25-Apr-19,9:25:45
25-Apr-19,9:25:48
25-Apr-19,9:25:49
25-Apr-19,9:25:49
25-Apr-19,9:25:50
25-Apr-19,9:25:50
25-Apr-19,9:25:53
25-Apr-19,9:25:54
25-Apr-19,9:25:54
25-Apr-19,9:25:55
25-Apr-19,9:25:55
25-Apr-19,9:25:58
25-Apr-19,9:25:59
25-Apr-19,9:25:59
25-Apr-19,9:26:00
25-Apr-19,9:26:00
25-Apr-19,9:26:03
25-Apr-19,9:26:04
25-Apr-19,9:26:04
25-Apr-19,9:26:05
25-Apr-19,9:26:05
25-Apr-19,9:26:08
25-Apr-19,9:26:09
25-Apr-19,9:26:09
25-Apr-19,9:26:10
25-Apr-19,9:26:10
25-Apr-19,9:26:13
25-Apr-19,9:26:14
25-Apr-19,9:26:14
25-Apr-19,9:26:15
25-Apr-19,9:26:15
25-Apr-19,9:26:18
25-Apr-19,9:26:19
25-Apr-19,9:26:19
25-Apr-19,9:26:20
25-Apr-19,9:26:20
25-Apr-19,9:26:23
25-Apr-19,9:26:24
25-Apr-19,9:26:24
25-Apr-19,9:26:25
25-Apr-19,9:26:25
25-Apr-19,9:26:28
25-Apr-19,9:26:29
25-Apr-19,9:26:29
25-Apr-19,9:26:30
25-Apr-19,9:26:30
25-Apr-19,9:26:33
25-Apr-19,9:26:34
25-Apr-19,9:26:34
25-Apr-19,9:26:35
25-Apr-19,9:26:35
25-Apr-19,9:26:38
25-Apr-19,9:26:39
25-Apr-19,9:26:39
25-Apr-19,9:26:40
25-Apr-19,9:26:40
25-Apr-19,9:26:43
25-Apr-19,9:26:44
25-Apr-19,9:26:44
25-Apr-19,9:26:45
25-Apr-19,9:26:45
25-Apr-19,9:26:48
25-Apr-19,9:26:49
25-Apr-19,9:26:49
25-Apr-19,9:26:50
25-Apr-19,9:26:50
25-Apr-19,9:26:53
25-Apr-19,9:26:54
25-Apr-19,9:26:54
25-Apr-19,9:26:55
25-Apr-19,9:26:55
25-Apr-19,9:26:58
25-Apr-19,9:26:59
25-Apr-19,9:26:59
25-Apr-19,9:27:00
25-Apr-19,9:27:00
25-Apr-19,9:27:03
25-Apr-19,9:27:04
25-Apr-19,9:27:04
25-Apr-19,9:27:05
25-Apr-19,9:27:05
25-Apr-19,9:27:08
25-Apr-19,9:27:09
25-Apr-19,9:27:09
25-Apr-19,9:27:10
25-Apr-19,9:27:10
25-Apr-19,9:27:13
25-Apr-19,9:27:14
25-Apr-19,9:27:14
25-Apr-19,9:27:15
25-Apr-19,9:27:15
25-Apr-19,9:27:18
25-Apr-19,9:27:19
25-Apr-19,9:27:19
25-Apr-19,9:27:20
25-Apr-19,9:27:20
25-Apr-19,9:27:23
25-Apr-19,9:27:24
25-Apr-19,9:27:24
25-Apr-19,9:27:25
25-Apr-19,9:27:25
25-Apr-19,9:27:28
25-Apr-19,9:27:29
25-Apr-19,9:27:29
25-Apr-19,9:27:30
25-Apr-19,9:27:30
25-Apr-19,9:27:33
25-Apr-19,9:27:34
25-Apr-19,9:27:34
25-Apr-19,9:27:35
25-Apr-19,9:27:35
25-Apr-19,9:27:38
25-Apr-19,9:27:39
25-Apr-19,9:27:39
25-Apr-19,9:27:40
25-Apr-19,9:27:40
25-Apr-19,9:27:43
25-Apr-19,9:27:44
25-Apr-19,9:27:44
25-Apr-19,9:27:45
25-Apr-19,9:27:45
25-Apr-19,9:27:48
25-Apr-19,9:27:49
25-Apr-19,9:27:49
25-Apr-19,9:27:50
25-Apr-19,9:27:50
25-Apr-19,9:27:53
25-Apr-19,9:27:54
25-Apr-19,9:27:54
25-Apr-19,9:27:55
25-Apr-19,9:27:55
25-Apr-19,9:27:58
25-Apr-19,9:27:59
25-Apr-19,9:27:59
25-Apr-19,9:28:00
25-Apr-19,9:28:00
25-Apr-19,9:28:04
25-Apr-19,9:28:04
25-Apr-19,9:28:05
25-Apr-19,9:28:05
25-Apr-19,9:28:08
25-Apr-19,9:28:09
25-Apr-19,9:28:09
25-Apr-19,9:28:10
25-Apr-19,9:28:10
25-Apr-19,9:28:13
25-Apr-19,9:28:14
25-Apr-19,9:28:14
25-Apr-19,9:28:15
25-Apr-19,9:28:15
25-Apr-19,9:28:18
25-Apr-19,9:28:19
25-Apr-19,9:28:19
25-Apr-19,9:28:20
25-Apr-19,9:28:20
25-Apr-19,9:28:23
25-Apr-19,9:28:24
25-Apr-19,9:28:24
25-Apr-19,9:28:25
25-Apr-19,9:28:25
25-Apr-19,9:28:28
25-Apr-19,9:28:29
25-Apr-19,9:28:29
25-Apr-19,9:28:30
25-Apr-19,9:28:30
25-Apr-19,9:28:33
25-Apr-19,9:28:34
25-Apr-19,9:28:34
25-Apr-19,9:28:35
25-Apr-19,9:28:35
25-Apr-19,9:28:38
25-Apr-19,9:28:39
25-Apr-19,9:28:39
25-Apr-19,9:28:40
25-Apr-19,9:28:40
25-Apr-19,9:28:43
25-Apr-19,9:28:44
25-Apr-19,9:28:44
25-Apr-19,9:28:45
25-Apr-19,9:28:45
25-Apr-19,9:28:48
25-Apr-19,9:28:49
25-Apr-19,9:28:49
25-Apr-19,9:28:50
25-Apr-19,9:28:50
25-Apr-19,9:28:53
25-Apr-19,9:28:54
25-Apr-19,9:28:54
25-Apr-19,9:28:55
25-Apr-19,9:28:55
25-Apr-19,9:28:58
25-Apr-19,9:28:59
25-Apr-19,9:28:59
25-Apr-19,9:29:00
25-Apr-19,9:29:00
25-Apr-19,9:29:03
25-Apr-19,9:29:04
25-Apr-19,9:29:04
25-Apr-19,9:29:05
25-Apr-19,9:29:05
25-Apr-19,9:29:08
25-Apr-19,9:29:09
25-Apr-19,9:29:09
25-Apr-19,9:29:10
25-Apr-19,9:29:10
25-Apr-19,9:29:13
25-Apr-19,9:29:14
25-Apr-19,9:29:14
25-Apr-19,9:29:15
25-Apr-19,9:29:15
25-Apr-19,9:29:18
25-Apr-19,9:29:19
25-Apr-19,9:29:19
25-Apr-19,9:29:20
25-Apr-19,9:29:20
25-Apr-19,9:29:24
25-Apr-19,9:29:24
25-Apr-19,9:29:25
25-Apr-19,9:29:25
25-Apr-19,9:29:28
25-Apr-19,9:29:29
25-Apr-19,9:29:29
25-Apr-19,9:29:30
25-Apr-19,9:29:30
25-Apr-19,9:29:33
25-Apr-19,9:29:34
25-Apr-19,9:29:34
25-Apr-19,9:29:35
25-Apr-19,9:29:35
25-Apr-19,9:29:38
25-Apr-19,9:29:39
25-Apr-19,9:29:39
25-Apr-19,9:29:40
25-Apr-19,9:29:40
25-Apr-19,9:29:43
25-Apr-19,9:29:44
25-Apr-19,9:29:44
25-Apr-19,9:29:45
25-Apr-19,9:29:45
25-Apr-19,9:29:48
25-Apr-19,9:29:49
25-Apr-19,9:29:49
25-Apr-19,9:29:50
25-Apr-19,9:29:50
25-Apr-19,9:29:54
25-Apr-19,9:29:54
25-Apr-19,9:29:55
25-Apr-19,9:29:55
25-Apr-19,9:29:58
25-Apr-19,9:29:59
25-Apr-19,9:29:59
25-Apr-19,9:30:00
25-Apr-19,9:30:00
25-Apr-19,9:30:03
25-Apr-19,9:30:04
25-Apr-19,9:30:04
25-Apr-19,9:30:05
25-Apr-19,9:30:05
25-Apr-19,9:30:08
25-Apr-19,9:30:09
25-Apr-19,9:30:09
25-Apr-19,9:30:10
25-Apr-19,9:30:10
25-Apr-19,9:30:13
25-Apr-19,9:30:14
25-Apr-19,9:30:14
25-Apr-19,9:30:15
25-Apr-19,9:30:15
25-Apr-19,9:30:18
25-Apr-19,9:30:19
25-Apr-19,9:30:19
25-Apr-19,9:30:20
25-Apr-19,9:30:20
25-Apr-19,9:30:23
25-Apr-19,9:30:24
25-Apr-19,9:30:24
25-Apr-19,9:30:25
25-Apr-19,9:30:25
25-Apr-19,9:30:28
25-Apr-19,9:30:29
25-Apr-19,9:30:29
25-Apr-19,9:30:30
25-Apr-19,9:30:30
25-Apr-19,9:30:33
25-Apr-19,9:30:34
25-Apr-19,9:30:34
25-Apr-19,9:30:35
25-Apr-19,9:30:35
25-Apr-19,9:30:38
25-Apr-19,9:30:39
25-Apr-19,9:30:39
25-Apr-19,9:30:40
25-Apr-19,9:30:40
25-Apr-19,9:30:43
25-Apr-19,9:30:44
25-Apr-19,9:30:44
25-Apr-19,9:30:45
25-Apr-19,9:30:45
25-Apr-19,9:30:48
25-Apr-19,9:30:49
25-Apr-19,9:30:49
25-Apr-19,9:30:50
25-Apr-19,9:30:50
25-Apr-19,9:30:53
25-Apr-19,9:30:54
25-Apr-19,9:30:54
25-Apr-19,9:30:55
25-Apr-19,9:30:55
25-Apr-19,9:30:58
25-Apr-19,9:30:59
25-Apr-19,9:31:00
25-Apr-19,9:31:00
25-Apr-19,9:31:00
25-Apr-19,9:31:03
25-Apr-19,9:31:04
25-Apr-19,9:31:05
25-Apr-19,9:31:05
25-Apr-19,9:31:05
25-Apr-19,9:31:08
25-Apr-19,9:31:09
25-Apr-19,9:31:13
25-Apr-19,9:31:14
25-Apr-19,9:31:15
25-Apr-19,9:31:15
25-Apr-19,9:31:15
25-Apr-19,9:31:18
25-Apr-19,9:31:20
25-Apr-19,9:31:20
25-Apr-19,9:31:20
25-Apr-19,9:31:23
25-Apr-19,9:31:24
25-Apr-19,9:31:25
25-Apr-19,9:31:25
25-Apr-19,9:31:25
25-Apr-19,9:31:28
25-Apr-19,9:31:29
25-Apr-19,9:31:30
25-Apr-19,9:31:30
25-Apr-19,9:31:30
25-Apr-19,9:31:33
25-Apr-19,9:31:34
25-Apr-19,9:31:35
25-Apr-19,9:31:35
25-Apr-19,9:31:35
25-Apr-19,9:31:38
25-Apr-19,9:31:39
25-Apr-19,9:31:40
25-Apr-19,9:31:40
25-Apr-19,9:31:40
25-Apr-19,9:31:43
25-Apr-19,9:31:44
25-Apr-19,9:31:45
25-Apr-19,9:31:45
25-Apr-19,9:31:45
25-Apr-19,9:31:48
25-Apr-19,9:31:50
25-Apr-19,9:31:50
25-Apr-19,9:31:50
25-Apr-19,9:31:50
25-Apr-19,9:31:53
25-Apr-19,9:31:55
25-Apr-19,9:31:55
25-Apr-19,9:31:55
25-Apr-19,9:31:55
25-Apr-19,9:31:58
25-Apr-19,9:32:00
25-Apr-19,9:32:00
25-Apr-19,9:32:00
25-Apr-19,9:32:00
25-Apr-19,9:32:03
25-Apr-19,9:32:05
25-Apr-19,9:32:05
25-Apr-19,9:32:05
25-Apr-19,9:32:05
25-Apr-19,9:32:08
25-Apr-19,9:32:10
25-Apr-19,9:32:10
25-Apr-19,9:32:10
25-Apr-19,9:32:10
25-Apr-19,9:32:13
25-Apr-19,9:32:15
25-Apr-19,9:32:15
25-Apr-19,9:32:15
25-Apr-19,9:32:15
25-Apr-19,9:32:18
25-Apr-19,9:32:20
25-Apr-19,9:32:20
25-Apr-19,9:32:20
25-Apr-19,9:32:20
25-Apr-19,9:32:23
25-Apr-19,9:32:25
25-Apr-19,9:32:25
25-Apr-19,9:32:25
25-Apr-19,9:32:25
25-Apr-19,9:32:28
25-Apr-19,9:32:30
25-Apr-19,9:32:30
25-Apr-19,9:32:30
25-Apr-19,9:32:30
25-Apr-19,9:32:33
25-Apr-19,9:32:35
25-Apr-19,9:32:35
25-Apr-19,9:32:35
25-Apr-19,9:32:35
25-Apr-19,9:32:38
25-Apr-19,9:32:40
25-Apr-19,9:32:40
25-Apr-19,9:32:40
25-Apr-19,9:32:40
25-Apr-19,9:32:43
25-Apr-19,9:32:45
25-Apr-19,9:32:45
25-Apr-19,9:32:45
25-Apr-19,9:32:45
25-Apr-19,9:32:48
25-Apr-19,9:32:50
25-Apr-19,9:32:50
25-Apr-19,9:32:50
25-Apr-19,9:32:50
25-Apr-19,9:32:53
25-Apr-19,9:32:55
25-Apr-19,9:32:55
25-Apr-19,9:32:55
25-Apr-19,9:32:55
25-Apr-19,9:32:58
25-Apr-19,9:33:00
25-Apr-19,9:33:00
25-Apr-19,9:33:00
25-Apr-19,9:33:00
25-Apr-19,9:33:03
25-Apr-19,9:33:05
25-Apr-19,9:33:05
25-Apr-19,9:33:05
25-Apr-19,9:33:05
25-Apr-19,9:33:09
25-Apr-19,9:33:10
25-Apr-19,9:33:10
25-Apr-19,9:33:10
25-Apr-19,9:33:10
25-Apr-19,9:33:14
25-Apr-19,9:33:15
25-Apr-19,9:33:15
25-Apr-19,9:33:15
25-Apr-19,9:33:15
25-Apr-19,9:33:19
25-Apr-19,9:33:20
25-Apr-19,9:33:20
25-Apr-19,9:33:20
25-Apr-19,9:33:20
25-Apr-19,9:33:24
25-Apr-19,9:33:25
25-Apr-19,9:33:25
25-Apr-19,9:33:25
25-Apr-19,9:33:25
25-Apr-19,9:33:29
25-Apr-19,9:33:30
25-Apr-19,9:33:30
25-Apr-19,9:33:30
25-Apr-19,9:33:30
25-Apr-19,9:33:34
25-Apr-19,9:33:35
25-Apr-19,9:33:35
25-Apr-19,9:33:35
25-Apr-19,9:33:35
25-Apr-19,9:33:39
25-Apr-19,9:33:44
25-Apr-19,9:33:45
25-Apr-19,9:33:45
25-Apr-19,9:33:45
25-Apr-19,9:33:45
25-Apr-19,9:33:49
25-Apr-19,9:33:50
25-Apr-19,9:33:50
25-Apr-19,9:33:50
25-Apr-19,9:33:50
25-Apr-19,9:33:54
25-Apr-19,9:33:55
25-Apr-19,9:33:55
25-Apr-19,9:33:55
25-Apr-19,9:33:55
25-Apr-19,9:33:59
25-Apr-19,9:34:00
25-Apr-19,9:34:00
25-Apr-19,9:34:00
25-Apr-19,9:34:00
25-Apr-19,9:34:04
25-Apr-19,9:34:05
25-Apr-19,9:34:05
25-Apr-19,9:34:05
25-Apr-19,9:34:05
25-Apr-19,9:34:09
25-Apr-19,9:34:10
25-Apr-19,9:34:10
25-Apr-19,9:34:10
25-Apr-19,9:34:10
25-Apr-19,9:34:14
25-Apr-19,9:34:15
25-Apr-19,9:34:15
25-Apr-19,9:34:15
25-Apr-19,9:34:15
25-Apr-19,9:34:19
25-Apr-19,9:34:24
25-Apr-19,9:34:25
25-Apr-19,9:34:25
25-Apr-19,9:34:25
25-Apr-19,9:34:25
25-Apr-19,9:34:29
25-Apr-19,9:34:34
25-Apr-19,9:34:35
25-Apr-19,9:34:35
25-Apr-19,9:34:35
25-Apr-19,9:34:35
25-Apr-19,9:34:39
25-Apr-19,9:34:40
25-Apr-19,9:34:40
25-Apr-19,9:34:40
25-Apr-19,9:34:40
25-Apr-19,9:34:44
25-Apr-19,9:34:45
25-Apr-19,9:34:45
25-Apr-19,9:34:45
25-Apr-19,9:34:45
25-Apr-19,9:34:54
25-Apr-19,9:34:55
25-Apr-19,9:34:55
25-Apr-19,9:34:55
25-Apr-19,9:34:55
25-Apr-19,9:34:59
25-Apr-19,9:35:00
25-Apr-19,9:35:00
25-Apr-19,9:35:00
25-Apr-19,9:35:00
25-Apr-19,9:35:04
25-Apr-19,9:35:05
25-Apr-19,9:35:05
25-Apr-19,9:35:05
25-Apr-19,9:35:05
25-Apr-19,9:35:09
25-Apr-19,9:35:10
25-Apr-19,9:35:10
25-Apr-19,9:35:10
25-Apr-19,9:35:10
25-Apr-19,9:35:14
25-Apr-19,9:35:15
25-Apr-19,9:35:15
25-Apr-19,9:35:15
25-Apr-19,9:35:15
25-Apr-19,9:35:19
25-Apr-19,9:35:20
25-Apr-19,9:35:20
25-Apr-19,9:35:20
25-Apr-19,9:35:20
25-Apr-19,9:35:24
25-Apr-19,9:35:25
25-Apr-19,9:35:25
25-Apr-19,9:35:25
25-Apr-19,9:35:25
25-Apr-19,9:35:29
25-Apr-19,9:35:30
25-Apr-19,9:35:30
25-Apr-19,9:35:30
25-Apr-19,9:35:30
25-Apr-19,9:35:34
25-Apr-19,9:35:35
25-Apr-19,9:35:35
25-Apr-19,9:35:35
25-Apr-19,9:35:35
25-Apr-19,9:35:39
25-Apr-19,9:35:40
25-Apr-19,9:35:40
25-Apr-19,9:35:40
25-Apr-19,9:35:40
25-Apr-19,9:35:44
25-Apr-19,9:35:45
25-Apr-19,9:35:45
25-Apr-19,9:35:45
25-Apr-19,9:35:45
25-Apr-19,9:35:49
25-Apr-19,9:35:50
25-Apr-19,9:35:50
25-Apr-19,9:35:50
25-Apr-19,9:35:50
25-Apr-19,9:35:54
25-Apr-19,9:35:55
25-Apr-19,9:35:55
25-Apr-19,9:35:55
25-Apr-19,9:35:55
25-Apr-19,9:35:59
25-Apr-19,9:36:00
25-Apr-19,9:36:00
25-Apr-19,9:36:00
25-Apr-19,9:36:00
25-Apr-19,9:36:04
25-Apr-19,9:36:05
25-Apr-19,9:36:05
25-Apr-19,9:36:05
25-Apr-19,9:36:05
25-Apr-19,9:36:09
25-Apr-19,9:36:10
25-Apr-19,9:36:10
25-Apr-19,9:36:10
25-Apr-19,9:36:10
25-Apr-19,9:36:14
25-Apr-19,9:36:15
25-Apr-19,9:36:15
25-Apr-19,9:36:15
25-Apr-19,9:36:15
25-Apr-19,9:36:19
25-Apr-19,9:36:20
25-Apr-19,9:36:20
25-Apr-19,9:36:20
25-Apr-19,9:36:20
25-Apr-19,9:36:24
25-Apr-19,9:36:25
25-Apr-19,9:36:25
25-Apr-19,9:36:25
25-Apr-19,9:36:25
25-Apr-19,9:36:29
25-Apr-19,9:36:30
25-Apr-19,9:36:30
25-Apr-19,9:36:30
25-Apr-19,9:36:30
25-Apr-19,9:36:34
25-Apr-19,9:36:35
25-Apr-19,9:36:35
25-Apr-19,9:36:35
25-Apr-19,9:36:35
25-Apr-19,9:36:39
25-Apr-19,9:36:44
25-Apr-19,9:36:45
25-Apr-19,9:36:45
25-Apr-19,9:36:45
25-Apr-19,9:36:45
25-Apr-19,9:36:49
25-Apr-19,9:36:50
25-Apr-19,9:36:50
25-Apr-19,9:36:50
25-Apr-19,9:36:50
25-Apr-19,9:36:54
25-Apr-19,9:36:55
25-Apr-19,9:36:55
25-Apr-19,9:36:55
25-Apr-19,9:36:55
25-Apr-19,9:36:59
25-Apr-19,9:37:00
25-Apr-19,9:37:00
25-Apr-19,9:37:00
25-Apr-19,9:37:00
25-Apr-19,9:37:04
25-Apr-19,9:37:05
25-Apr-19,9:37:05
25-Apr-19,9:37:05
25-Apr-19,9:37:05
25-Apr-19,9:37:09
25-Apr-19,9:37:10
25-Apr-19,9:37:10
25-Apr-19,9:37:10
25-Apr-19,9:37:10
25-Apr-19,9:37:14
25-Apr-19,9:37:15
25-Apr-19,9:37:15
25-Apr-19,9:37:15
25-Apr-19,9:37:15
25-Apr-19,9:37:20
25-Apr-19,9:37:20
25-Apr-19,9:37:20
25-Apr-19,9:37:20
25-Apr-19,9:37:24
25-Apr-19,9:37:25
25-Apr-19,9:37:25
25-Apr-19,9:37:25
25-Apr-19,9:37:25
25-Apr-19,9:37:29
25-Apr-19,9:37:30
25-Apr-19,9:37:30
25-Apr-19,9:37:30
25-Apr-19,9:37:30
25-Apr-19,9:37:34
25-Apr-19,9:37:35
25-Apr-19,9:37:35
25-Apr-19,9:37:35
25-Apr-19,9:37:35
25-Apr-19,9:37:39
25-Apr-19,9:37:40
25-Apr-19,9:37:40
25-Apr-19,9:37:40
25-Apr-19,9:37:40
25-Apr-19,9:37:44
25-Apr-19,9:37:45
25-Apr-19,9:37:45
25-Apr-19,9:37:45
25-Apr-19,9:37:45
25-Apr-19,9:37:49
25-Apr-19,9:37:50
25-Apr-19,9:37:50
25-Apr-19,9:37:50
25-Apr-19,9:37:50
25-Apr-19,9:37:54
25-Apr-19,9:37:55
25-Apr-19,9:37:55
25-Apr-19,9:37:55
25-Apr-19,9:37:55
25-Apr-19,9:37:59
25-Apr-19,9:38:00
25-Apr-19,9:38:00
25-Apr-19,9:38:00
25-Apr-19,9:38:00
25-Apr-19,9:38:04
25-Apr-19,9:38:05
25-Apr-19,9:38:05
25-Apr-19,9:38:05
25-Apr-19,9:38:05
25-Apr-19,9:38:09
25-Apr-19,9:38:10
25-Apr-19,9:38:10
25-Apr-19,9:38:10
25-Apr-19,9:38:10
25-Apr-19,9:38:14
25-Apr-19,9:38:15
25-Apr-19,9:38:15
25-Apr-19,9:38:15
25-Apr-19,9:38:15
25-Apr-19,9:38:19
25-Apr-19,9:38:20
25-Apr-19,9:38:20
25-Apr-19,9:38:20
25-Apr-19,9:38:20
25-Apr-19,9:38:24
25-Apr-19,9:38:25
25-Apr-19,9:38:25
25-Apr-19,9:38:25
25-Apr-19,9:38:25
25-Apr-19,9:38:29
25-Apr-19,9:38:30
25-Apr-19,9:38:30
25-Apr-19,9:38:30
25-Apr-19,9:38:30
25-Apr-19,9:38:34
25-Apr-19,9:38:35
25-Apr-19,9:38:35
25-Apr-19,9:38:35
25-Apr-19,9:38:35
25-Apr-19,9:38:39
25-Apr-19,9:38:40
25-Apr-19,9:38:40
25-Apr-19,9:38:40
25-Apr-19,9:38:40
25-Apr-19,9:38:44
25-Apr-19,9:38:45
25-Apr-19,9:38:45
25-Apr-19,9:38:45
25-Apr-19,9:38:45
25-Apr-19,9:38:49
25-Apr-19,9:38:54
25-Apr-19,9:38:55
25-Apr-19,9:38:55
25-Apr-19,9:38:55
25-Apr-19,9:38:55
25-Apr-19,9:38:59
25-Apr-19,9:39:00
25-Apr-19,9:39:00
25-Apr-19,9:39:00
25-Apr-19,9:39:00
25-Apr-19,9:39:05
25-Apr-19,9:39:05
25-Apr-19,9:39:05
25-Apr-19,9:39:05
25-Apr-19,9:39:09
25-Apr-19,9:39:10
25-Apr-19,9:39:10
25-Apr-19,9:39:10
25-Apr-19,9:39:10
25-Apr-19,9:39:14
25-Apr-19,9:39:15
25-Apr-19,9:39:15
25-Apr-19,9:39:15
25-Apr-19,9:39:15
25-Apr-19,9:39:19
25-Apr-19,9:39:20
25-Apr-19,9:39:20
25-Apr-19,9:39:20
25-Apr-19,9:39:20
25-Apr-19,9:39:24
25-Apr-19,9:39:25
25-Apr-19,9:39:25
25-Apr-19,9:39:25
25-Apr-19,9:39:25
25-Apr-19,9:39:29
25-Apr-19,9:39:30
25-Apr-19,9:39:30
25-Apr-19,9:39:30
25-Apr-19,9:39:30
25-Apr-19,9:39:35
25-Apr-19,9:39:35
25-Apr-19,9:39:35
25-Apr-19,9:39:35
25-Apr-19,9:39:39
25-Apr-19,9:39:40
25-Apr-19,9:39:40
25-Apr-19,9:39:40
25-Apr-19,9:39:40
25-Apr-19,9:39:44
25-Apr-19,9:39:45
25-Apr-19,9:39:45
25-Apr-19,9:39:45
25-Apr-19,9:39:45
25-Apr-19,9:39:49
25-Apr-19,9:39:50
25-Apr-19,9:39:50
25-Apr-19,9:39:50
25-Apr-19,9:39:50
25-Apr-19,9:39:55
25-Apr-19,9:39:55
25-Apr-19,9:39:55
25-Apr-19,9:39:56
25-Apr-19,9:39:59
25-Apr-19,9:40:00
25-Apr-19,9:40:00
25-Apr-19,9:40:00
25-Apr-19,9:40:01
25-Apr-19,9:40:05
25-Apr-19,9:40:05
25-Apr-19,9:40:05
25-Apr-19,9:40:06
25-Apr-19,9:40:09
25-Apr-19,9:40:10
25-Apr-19,9:40:10
25-Apr-19,9:40:10
25-Apr-19,9:40:11
25-Apr-19,9:40:14
25-Apr-19,9:40:15
25-Apr-19,9:40:15
25-Apr-19,9:40:15
25-Apr-19,9:40:16
25-Apr-19,9:40:19
25-Apr-19,9:40:20
25-Apr-19,9:40:20
25-Apr-19,9:40:20
25-Apr-19,9:40:21
25-Apr-19,9:40:24
25-Apr-19,9:40:25
25-Apr-19,9:40:25
25-Apr-19,9:40:25
25-Apr-19,9:40:26
25-Apr-19,9:40:29
25-Apr-19,9:40:30
25-Apr-19,9:40:30
25-Apr-19,9:40:30
25-Apr-19,9:40:31
25-Apr-19,9:40:34
25-Apr-19,9:40:35
25-Apr-19,9:40:35
25-Apr-19,9:40:35
25-Apr-19,9:40:36
25-Apr-19,9:40:39
25-Apr-19,9:40:40
25-Apr-19,9:40:40
25-Apr-19,9:40:40
25-Apr-19,9:40:41
25-Apr-19,9:40:44
25-Apr-19,9:40:45
25-Apr-19,9:40:45
25-Apr-19,9:40:45
25-Apr-19,9:40:46
25-Apr-19,9:40:49
25-Apr-19,9:40:50
25-Apr-19,9:40:50
25-Apr-19,9:40:50
25-Apr-19,9:40:51
25-Apr-19,9:40:54
25-Apr-19,9:40:55
25-Apr-19,9:40:55
25-Apr-19,9:40:55
25-Apr-19,9:40:56
25-Apr-19,9:40:59
25-Apr-19,9:41:00
25-Apr-19,9:41:00
25-Apr-19,9:41:00
25-Apr-19,9:41:01
25-Apr-19,9:41:04
25-Apr-19,9:41:05
25-Apr-19,9:41:05
25-Apr-19,9:41:06
25-Apr-19,9:41:06
25-Apr-19,9:41:09
25-Apr-19,9:41:10
25-Apr-19,9:41:10
25-Apr-19,9:41:11
25-Apr-19,9:41:11
25-Apr-19,9:41:14
25-Apr-19,9:41:15
25-Apr-19,9:41:15
25-Apr-19,9:41:16
25-Apr-19,9:41:16
25-Apr-19,9:41:19
25-Apr-19,9:41:20
25-Apr-19,9:41:20
25-Apr-19,9:41:21
25-Apr-19,9:41:21
25-Apr-19,9:41:24
25-Apr-19,9:41:25
25-Apr-19,9:41:25
25-Apr-19,9:41:26
25-Apr-19,9:41:26
25-Apr-19,9:41:29
25-Apr-19,9:41:30
25-Apr-19,9:41:30
25-Apr-19,9:41:31
25-Apr-19,9:41:31
25-Apr-19,9:41:34
25-Apr-19,9:41:35
25-Apr-19,9:41:35
25-Apr-19,9:41:36
25-Apr-19,9:41:36
25-Apr-19,9:41:39
25-Apr-19,9:41:40
25-Apr-19,9:41:40
25-Apr-19,9:41:41
25-Apr-19,9:41:41
25-Apr-19,9:41:44
25-Apr-19,9:41:45
25-Apr-19,9:41:45
25-Apr-19,9:41:49
25-Apr-19,9:41:50
25-Apr-19,9:41:50
25-Apr-19,9:41:51
25-Apr-19,9:41:51
25-Apr-19,9:41:56
25-Apr-19,9:41:56
25-Apr-19,9:41:59
25-Apr-19,9:42:00
25-Apr-19,9:42:00
25-Apr-19,9:42:01
25-Apr-19,9:42:01
25-Apr-19,9:42:04
25-Apr-19,9:42:05
25-Apr-19,9:42:05
25-Apr-19,9:42:06
25-Apr-19,9:42:06
25-Apr-19,9:42:09
25-Apr-19,9:42:10
25-Apr-19,9:42:10
25-Apr-19,9:42:11
25-Apr-19,9:42:11
25-Apr-19,9:42:14
25-Apr-19,9:42:15
25-Apr-19,9:42:15
25-Apr-19,9:42:16
25-Apr-19,9:42:16
25-Apr-19,9:42:19
25-Apr-19,9:42:20
25-Apr-19,9:42:20
25-Apr-19,9:42:21
25-Apr-19,9:42:21
25-Apr-19,9:42:24
25-Apr-19,9:42:25
25-Apr-19,9:42:25
25-Apr-19,9:42:26
25-Apr-19,9:42:26
25-Apr-19,9:42:29
25-Apr-19,9:42:30
25-Apr-19,9:42:30
25-Apr-19,9:42:31
25-Apr-19,9:42:31
25-Apr-19,9:42:34
25-Apr-19,9:42:35
25-Apr-19,9:42:35
25-Apr-19,9:42:36
25-Apr-19,9:42:36
25-Apr-19,9:42:39
25-Apr-19,9:42:40
25-Apr-19,9:42:40
25-Apr-19,9:42:41
25-Apr-19,9:42:41
25-Apr-19,9:42:44
25-Apr-19,9:42:45
25-Apr-19,9:42:45
25-Apr-19,9:42:46
25-Apr-19,9:42:46
25-Apr-19,9:42:49
25-Apr-19,9:42:50
25-Apr-19,9:42:50
25-Apr-19,9:42:51
25-Apr-19,9:42:51
25-Apr-19,9:42:54
25-Apr-19,9:42:55
25-Apr-19,9:42:55
25-Apr-19,9:42:56
25-Apr-19,9:42:56
25-Apr-19,9:42:59
25-Apr-19,9:43:00
25-Apr-19,9:43:00
25-Apr-19,9:43:01
25-Apr-19,9:43:01
25-Apr-19,9:43:04
25-Apr-19,9:43:05
25-Apr-19,9:43:05
25-Apr-19,9:43:06
25-Apr-19,9:43:06
25-Apr-19,9:43:09
25-Apr-19,9:43:10
25-Apr-19,9:43:10
25-Apr-19,9:43:11
25-Apr-19,9:43:11
25-Apr-19,9:43:14
25-Apr-19,9:43:15
25-Apr-19,9:43:15
25-Apr-19,9:43:16
25-Apr-19,9:43:16
25-Apr-19,9:43:19
25-Apr-19,9:43:20
25-Apr-19,9:43:20
25-Apr-19,9:43:21
25-Apr-19,9:43:21
25-Apr-19,9:43:24
25-Apr-19,9:43:25
25-Apr-19,9:43:25
25-Apr-19,9:43:26
25-Apr-19,9:43:26
25-Apr-19,9:43:29
25-Apr-19,9:43:30
25-Apr-19,9:43:30
25-Apr-19,9:43:31
25-Apr-19,9:43:31
25-Apr-19,9:43:34
25-Apr-19,9:43:35
25-Apr-19,9:43:35
31-Mar-19,12:41:05
31-Mar-19,12:41:05
31-Mar-19,12:41:05
31-Mar-19,12:41:05
31-Mar-19,12:41:05
31-Mar-19,12:41:05
31-Mar-19,12:41:05
31-Mar-19,12:41:05
31-Mar-19,12:41:05
31-Mar-19,12:41:05
31-Mar-19,12:41:05
31-Mar-19,12:41:05
31-Mar-19,12:41:06
31-Mar-19,12:41:06
31-Mar-19,12:41:06
31-Mar-19,12:41:06
31-Mar-19,12:41:06
31-Mar-19,12:41:06
31-Mar-19,12:41:06
31-Mar-19,12:41:06
31-Mar-19,12:41:06
31-Mar-19,12:41:06
31-Mar-19,12:41:06
31-Mar-19,12:41:06
31-Mar-19,12:41:06
31-Mar-19,12:41:06
31-Mar-19,12:41:06
31-Mar-19,12:41:06
31-Mar-19,12:41:06
31-Mar-19,12:41:06
31-Mar-19,12:41:06
31-Mar-19,12:41:06
31-Mar-19,12:41:06
31-Mar-19,12:41:06
31-Mar-19,12:41:06
31-Mar-19,12:41:06
31-Mar-19,12:41:06
31-Mar-19,12:41:06
31-Mar-19,12:41:06
31-Mar-19,12:41:06
31-Mar-19,12:41:06
31-Mar-19,12:41:06
31-Mar-19,12:41:06
31-Mar-19,12:41:06
31-Mar-19,12:41:06
31-Mar-19,12:41:06
31-Mar-19,12:41:06
31-Mar-19,12:41:06
31-Mar-19,12:41:06
31-Mar-19,12:41:06
31-Mar-19,12:41:06
31-Mar-19,12:41:06
31-Mar-19,12:41:06
31-Mar-19,12:41:06
31-Mar-19,12:41:06
31-Mar-19,12:41:06
31-Mar-19,12:41:06
31-Mar-19,12:41:06
31-Mar-19,12:41:06
31-Mar-19,12:41:06
31-Mar-19,12:41:06
31-Mar-19,12:41:06
31-Mar-19,12:41:06
31-Mar-19,12:41:07
31-Mar-19,12:41:07
31-Mar-19,12:41:07
31-Mar-19,12:41:07
31-Mar-19,12:41:07
31-Mar-19,12:41:07
31-Mar-19,12:41:07
31-Mar-19,12:41:07
31-Mar-19,12:41:07
31-Mar-19,12:41:07
31-Mar-19,12:41:07
31-Mar-19,12:41:07
31-Mar-19,12:41:07
31-Mar-19,12:41:07
31-Mar-19,12:41:07
31-Mar-19,12:41:07
31-Mar-19,12:41:07
31-Mar-19,12:41:07
31-Mar-19,12:41:07
31-Mar-19,12:41:07
31-Mar-19,12:41:07
31-Mar-19,12:41:07
31-Mar-19,12:41:07
31-Mar-19,12:41:07
31-Mar-19,12:41:07
31-Mar-19,12:41:07
31-Mar-19,12:41:07
31-Mar-19,12:41:07
31-Mar-19,12:41:07
31-Mar-19,12:41:07
31-Mar-19,12:41:07
31-Mar-19,12:41:07
31-Mar-19,12:41:07
31-Mar-19,12:41:07
31-Mar-19,12:41:07
31-Mar-19,12:41:07
31-Mar-19,12:41:07
31-Mar-19,12:41:07
31-Mar-19,12:41:07
31-Mar-19,12:41:07
31-Mar-19,12:41:07
31-Mar-19,12:41:07
31-Mar-19,12:41:07
31-Mar-19,12:41:07
31-Mar-19,12:41:07
31-Mar-19,12:41:07
31-Mar-19,12:41:07
31-Mar-19,12:41:07
31-Mar-19,12:41:07
31-Mar-19,12:41:07
31-Mar-19,12:41:07
31-Mar-19,12:41:07
31-Mar-19,12:41:08
31-Mar-19,12:41:08
31-Mar-19,12:41:08
31-Mar-19,12:41:08
31-Mar-19,12:41:08
31-Mar-19,12:41:08
31-Mar-19,12:41:08
31-Mar-19,12:41:08
31-Mar-19,12:41:08
31-Mar-19,12:41:08
31-Mar-19,12:41:08
31-Mar-19,12:41:08
31-Mar-19,12:41:08
31-Mar-19,12:41:08
31-Mar-19,12:41:08
31-Mar-19,12:41:08
31-Mar-19,12:41:08
31-Mar-19,12:41:08
31-Mar-19,12:41:08
31-Mar-19,12:41:08
31-Mar-19,12:41:08
31-Mar-19,12:41:08
31-Mar-19,12:41:08
31-Mar-19,12:41:08
31-Mar-19,12:41:08
31-Mar-19,12:41:08
31-Mar-19,12:41:08
31-Mar-19,12:41:08
31-Mar-19,12:41:08
31-Mar-19,12:41:08
31-Mar-19,12:41:08
31-Mar-19,12:41:08
31-Mar-19,12:41:08
31-Mar-19,12:41:08
31-Mar-19,12:41:08
31-Mar-19,12:41:08
31-Mar-19,12:41:08
31-Mar-19,12:41:08
31-Mar-19,12:41:08
31-Mar-19,12:41:08
31-Mar-19,12:41:08
31-Mar-19,12:41:08
31-Mar-19,12:41:08
31-Mar-19,12:41:08
31-Mar-19,12:41:08
31-Mar-19,12:41:08
31-Mar-19,12:41:08
31-Mar-19,12:41:08
31-Mar-19,12:41:08
31-Mar-19,12:41:08
31-Mar-19,12:41:08
31-Mar-19,12:41:08
31-Mar-19,12:41:09
31-Mar-19,12:41:09
31-Mar-19,12:41:09
31-Mar-19,12:41:09
31-Mar-19,12:41:09
31-Mar-19,12:41:09
31-Mar-19,12:41:09
31-Mar-19,12:41:09
31-Mar-19,12:41:09
31-Mar-19,12:41:09
31-Mar-19,12:41:09
31-Mar-19,12:41:09
31-Mar-19,12:41:09
31-Mar-19,12:41:09
31-Mar-19,12:41:09
31-Mar-19,12:41:09
31-Mar-19,12:41:09
31-Mar-19,12:41:09
31-Mar-19,12:41:09
31-Mar-19,12:41:09
31-Mar-19,12:41:09
31-Mar-19,12:41:09
31-Mar-19,12:41:09
31-Mar-19,12:41:09
31-Mar-19,12:41:09
31-Mar-19,12:41:09
31-Mar-19,12:41:09
31-Mar-19,12:41:09
31-Mar-19,12:41:09
31-Mar-19,12:41:09
31-Mar-19,12:41:09
31-Mar-19,12:41:09
31-Mar-19,12:41:09
31-Mar-19,12:41:09
31-Mar-19,12:41:09
31-Mar-19,12:41:09
31-Mar-19,12:41:09
31-Mar-19,12:41:09
31-Mar-19,12:41:09
31-Mar-19,12:41:09
31-Mar-19,12:41:09
31-Mar-19,12:41:09
31-Mar-19,12:41:09
31-Mar-19,12:41:09
31-Mar-19,12:41:09
31-Mar-19,12:41:09
31-Mar-19,12:41:09
31-Mar-19,12:41:09
31-Mar-19,12:41:09
31-Mar-19,12:41:09
31-Mar-19,12:41:09
31-Mar-19,12:41:09
31-Mar-19,12:41:10
31-Mar-19,12:41:10
31-Mar-19,12:41:10
31-Mar-19,12:41:10
31-Mar-19,12:41:10
31-Mar-19,12:41:10
31-Mar-19,12:41:10
31-Mar-19,12:41:10
31-Mar-19,12:41:10
31-Mar-19,12:41:10
31-Mar-19,12:41:10
31-Mar-19,12:41:10
31-Mar-19,12:41:10
31-Mar-19,12:41:10
31-Mar-19,12:41:10
31-Mar-19,12:41:10
31-Mar-19,12:41:10
31-Mar-19,12:41:10
31-Mar-19,12:41:10
31-Mar-19,12:41:10
31-Mar-19,12:41:10
31-Mar-19,12:41:10
31-Mar-19,12:41:10
31-Mar-19,12:41:10
31-Mar-19,12:41:10
31-Mar-19,12:41:10
31-Mar-19,12:41:10
31-Mar-19,12:41:10
31-Mar-19,12:41:10
31-Mar-19,12:41:10
31-Mar-19,12:41:10
31-Mar-19,12:41:10
31-Mar-19,12:41:10
31-Mar-19,12:41:10
31-Mar-19,12:41:10
31-Mar-19,12:41:10
31-Mar-19,12:41:10
31-Mar-19,12:41:10
31-Mar-19,12:41:10
31-Mar-19,12:41:10
31-Mar-19,12:41:10
31-Mar-19,12:41:10
31-Mar-19,12:41:10
31-Mar-19,12:41:10
31-Mar-19,12:41:10
31-Mar-19,12:41:10
31-Mar-19,12:41:10
31-Mar-19,12:41:10
31-Mar-19,12:41:10
31-Mar-19,12:41:10
31-Mar-19,12:41:10
31-Mar-19,12:41:10
31-Mar-19,12:41:11
31-Mar-19,12:41:11
31-Mar-19,12:41:11
31-Mar-19,12:41:11
31-Mar-19,12:41:11
31-Mar-19,12:41:11
31-Mar-19,12:41:11
31-Mar-19,12:41:11
31-Mar-19,12:41:11
31-Mar-19,12:41:11
31-Mar-19,12:41:11
31-Mar-19,12:41:11
31-Mar-19,12:41:11
31-Mar-19,12:41:11
31-Mar-19,12:41:11
31-Mar-19,12:41:11
31-Mar-19,12:41:11
31-Mar-19,12:41:11
31-Mar-19,12:41:11
31-Mar-19,12:41:11
31-Mar-19,12:41:11
31-Mar-19,12:41:11
31-Mar-19,12:41:11
31-Mar-19,12:41:11
31-Mar-19,12:41:11
31-Mar-19,12:41:11
31-Mar-19,12:41:11
31-Mar-19,12:41:11
31-Mar-19,12:41:11
31-Mar-19,12:41:11
31-Mar-19,12:41:11
31-Mar-19,12:41:11
31-Mar-19,12:41:11
31-Mar-19,12:41:11
31-Mar-19,12:41:11
31-Mar-19,12:41:11
31-Mar-19,12:41:11
31-Mar-19,12:41:11
31-Mar-19,12:41:11
31-Mar-19,12:41:11
31-Mar-19,12:41:11
31-Mar-19,12:41:11
31-Mar-19,12:41:11
31-Mar-19,12:41:11
31-Mar-19,12:41:11
31-Mar-19,12:41:11
31-Mar-19,12:41:11
31-Mar-19,12:41:11
31-Mar-19,12:41:11
31-Mar-19,12:41:11
31-Mar-19,12:41:11
31-Mar-19,12:41:11
31-Mar-19,12:41:12
31-Mar-19,12:41:12
31-Mar-19,12:41:12
31-Mar-19,12:41:12
31-Mar-19,12:41:12
31-Mar-19,12:41:12
31-Mar-19,12:41:12
31-Mar-19,12:41:12
31-Mar-19,12:41:12
31-Mar-19,12:41:12
31-Mar-19,12:41:12
31-Mar-19,12:41:12
31-Mar-19,12:41:12
31-Mar-19,12:41:12
31-Mar-19,12:41:12
31-Mar-19,12:41:12
31-Mar-19,12:41:12
31-Mar-19,12:41:12
31-Mar-19,12:41:12
31-Mar-19,12:41:12
31-Mar-19,12:41:12
31-Mar-19,12:41:12
31-Mar-19,12:41:12
31-Mar-19,12:41:12
31-Mar-19,12:41:12
31-Mar-19,12:41:12
31-Mar-19,12:41:12
31-Mar-19,12:41:12
31-Mar-19,12:41:12
31-Mar-19,12:41:12
31-Mar-19,12:41:12
31-Mar-19,12:41:12
31-Mar-19,12:41:12
31-Mar-19,12:41:12
31-Mar-19,12:41:12
31-Mar-19,12:41:12
31-Mar-19,12:41:12
31-Mar-19,12:41:12
31-Mar-19,12:41:12
31-Mar-19,12:41:12
31-Mar-19,12:41:12
31-Mar-19,12:41:12
31-Mar-19,12:41:12
31-Mar-19,12:41:12
31-Mar-19,12:41:12
31-Mar-19,12:41:12
31-Mar-19,12:41:12
31-Mar-19,12:41:12
31-Mar-19,12:41:12
31-Mar-19,12:41:12
31-Mar-19,12:41:12
31-Mar-19,12:41:12
31-Mar-19,12:41:12
31-Mar-19,12:41:13
31-Mar-19,12:41:13
31-Mar-19,12:41:13
31-Mar-19,12:41:13
31-Mar-19,12:41:13
31-Mar-19,12:41:13
31-Mar-19,12:41:13
31-Mar-19,12:41:13
31-Mar-19,12:41:13
31-Mar-19,12:41:13
31-Mar-19,12:41:13
31-Mar-19,12:41:13
31-Mar-19,12:41:13
31-Mar-19,12:41:13
31-Mar-19,12:41:13
31-Mar-19,12:41:13
31-Mar-19,12:41:13
31-Mar-19,12:41:13
31-Mar-19,12:41:13
31-Mar-19,12:41:13
31-Mar-19,12:41:13
31-Mar-19,12:41:13
31-Mar-19,12:41:13
31-Mar-19,12:41:13
31-Mar-19,12:41:13
31-Mar-19,12:41:13
31-Mar-19,12:41:13
31-Mar-19,12:41:13
31-Mar-19,12:41:13
31-Mar-19,12:41:13
31-Mar-19,12:41:13
31-Mar-19,12:41:13
31-Mar-19,12:41:13
31-Mar-19,12:41:13
31-Mar-19,12:41:13
31-Mar-19,12:41:13
31-Mar-19,12:41:13
31-Mar-19,12:41:13
31-Mar-19,12:41:13
31-Mar-19,12:41:13
31-Mar-19,12:41:13
31-Mar-19,12:41:13
31-Mar-19,12:41:13
31-Mar-19,12:41:13
31-Mar-19,12:41:13
31-Mar-19,12:41:13
31-Mar-19,12:41:13
31-Mar-19,12:41:13
31-Mar-19,12:41:13
31-Mar-19,12:41:13
31-Mar-19,12:41:13
31-Mar-19,12:41:13
31-Mar-19,12:41:13
31-Mar-19,12:41:14
31-Mar-19,12:41:14
31-Mar-19,12:41:14
31-Mar-19,12:41:14
31-Mar-19,12:41:14
31-Mar-19,12:41:14
31-Mar-19,12:41:14
31-Mar-19,12:41:14
31-Mar-19,12:41:14
31-Mar-19,12:41:14
31-Mar-19,12:41:14
31-Mar-19,12:41:14
31-Mar-19,12:41:14
31-Mar-19,12:41:14
31-Mar-19,12:41:14
31-Mar-19,12:41:14
31-Mar-19,12:41:14
31-Mar-19,12:41:14
31-Mar-19,12:41:14
31-Mar-19,12:41:14
31-Mar-19,12:41:14
31-Mar-19,12:41:14
31-Mar-19,12:41:14
31-Mar-19,12:41:14
31-Mar-19,12:41:14
31-Mar-19,12:41:14
31-Mar-19,12:41:14
31-Mar-19,12:41:14
31-Mar-19,12:41:14
31-Mar-19,12:41:14
31-Mar-19,12:41:14
31-Mar-19,12:41:14
31-Mar-19,12:41:14
31-Mar-19,12:41:14
31-Mar-19,12:41:14
31-Mar-19,12:41:14
31-Mar-19,12:41:14
31-Mar-19,12:41:14
31-Mar-19,12:41:14
31-Mar-19,12:41:14
31-Mar-19,12:41:14
31-Mar-19,12:41:14
31-Mar-19,12:41:14
31-Mar-19,12:41:14
31-Mar-19,12:41:14
31-Mar-19,12:41:14
31-Mar-19,12:41:14
31-Mar-19,12:41:14
31-Mar-19,12:41:14
31-Mar-19,12:41:14
31-Mar-19,12:41:14
31-Mar-19,12:41:14
31-Mar-19,12:41:14
31-Mar-19,12:41:15
31-Mar-19,12:41:15
31-Mar-19,12:41:15
31-Mar-19,12:41:15
31-Mar-19,12:41:15
31-Mar-19,12:41:15
31-Mar-19,12:41:15
31-Mar-19,12:41:15
31-Mar-19,12:41:15
31-Mar-19,12:41:15
31-Mar-19,12:41:15
31-Mar-19,12:41:15
31-Mar-19,12:41:15
31-Mar-19,12:41:15
31-Mar-19,12:41:15
31-Mar-19,12:41:15
31-Mar-19,12:41:15
31-Mar-19,12:41:15
31-Mar-19,12:41:15
31-Mar-19,12:41:15
31-Mar-19,12:41:15
31-Mar-19,12:41:15
31-Mar-19,12:41:15
31-Mar-19,12:41:15
31-Mar-19,12:41:15
31-Mar-19,12:41:15
31-Mar-19,12:41:15
31-Mar-19,12:41:15
31-Mar-19,12:41:15
31-Mar-19,12:41:15
31-Mar-19,12:41:15
31-Mar-19,12:41:15
31-Mar-19,12:41:15
31-Mar-19,12:41:15
31-Mar-19,12:41:15
31-Mar-19,12:41:15
31-Mar-19,12:41:15
31-Mar-19,12:41:15
31-Mar-19,12:41:15
31-Mar-19,12:41:15
31-Mar-19,12:41:15
31-Mar-19,12:41:15
31-Mar-19,12:41:15
31-Mar-19,12:41:15
31-Mar-19,12:41:15
31-Mar-19,12:41:15
31-Mar-19,12:41:15
31-Mar-19,12:41:15
31-Mar-19,12:41:15
31-Mar-19,12:41:15
31-Mar-19,12:41:15
31-Mar-19,12:41:15
31-Mar-19,12:41:15
31-Mar-19,12:41:16
31-Mar-19,12:41:16
31-Mar-19,12:41:16
31-Mar-19,12:41:16
31-Mar-19,12:41:16
31-Mar-19,12:41:16
31-Mar-19,12:41:16
31-Mar-19,12:41:16
31-Mar-19,12:41:16
31-Mar-19,12:41:16
31-Mar-19,12:41:16
31-Mar-19,12:41:16
31-Mar-19,12:41:16
31-Mar-19,12:41:16
31-Mar-19,12:41:16
31-Mar-19,12:41:16
31-Mar-19,12:41:16
31-Mar-19,12:41:16
31-Mar-19,12:41:16
31-Mar-19,12:41:16
31-Mar-19,12:41:16
31-Mar-19,12:41:16
31-Mar-19,12:41:16
31-Mar-19,12:41:16
31-Mar-19,12:41:16
31-Mar-19,12:41:16
31-Mar-19,12:41:16
31-Mar-19,12:41:16
31-Mar-19,12:41:16
31-Mar-19,12:41:16
31-Mar-19,12:41:16
31-Mar-19,12:41:16
31-Mar-19,12:41:16
31-Mar-19,12:41:16
31-Mar-19,12:41:16
31-Mar-19,12:41:16
31-Mar-19,12:41:16
31-Mar-19,12:41:16
31-Mar-19,12:41:16
31-Mar-19,12:41:16
31-Mar-19,12:41:16
31-Mar-19,12:41:16
31-Mar-19,12:41:16
31-Mar-19,12:41:16
31-Mar-19,12:41:16
31-Mar-19,12:41:16
31-Mar-19,12:41:16
31-Mar-19,12:41:16
31-Mar-19,12:41:16
31-Mar-19,12:41:16
31-Mar-19,12:41:16
31-Mar-19,12:41:16
31-Mar-19,12:41:16
31-Mar-19,12:41:17
31-Mar-19,12:41:17
31-Mar-19,12:41:17
31-Mar-19,12:41:17
31-Mar-19,12:41:17
31-Mar-19,12:41:17
31-Mar-19,12:41:17
31-Mar-19,12:41:17
31-Mar-19,12:41:17
31-Mar-19,12:41:17
31-Mar-19,12:41:17
31-Mar-19,12:41:17
31-Mar-19,12:41:17
31-Mar-19,12:41:17
31-Mar-19,12:41:17
31-Mar-19,12:41:17
31-Mar-19,12:41:17
31-Mar-19,12:41:17
31-Mar-19,12:41:17
31-Mar-19,12:41:17
31-Mar-19,12:41:17
31-Mar-19,12:41:17
31-Mar-19,12:41:17
31-Mar-19,12:41:17
31-Mar-19,12:41:17
31-Mar-19,12:41:17
31-Mar-19,12:41:17
31-Mar-19,12:41:17
31-Mar-19,12:41:17
31-Mar-19,12:41:17
31-Mar-19,12:41:17
31-Mar-19,12:41:17
31-Mar-19,12:41:17
31-Mar-19,12:41:17
31-Mar-19,12:41:17
31-Mar-19,12:41:17
31-Mar-19,12:41:17
31-Mar-19,12:41:17
31-Mar-19,12:41:17
31-Mar-19,12:41:17
31-Mar-19,12:41:17
31-Mar-19,12:41:17
31-Mar-19,12:41:17
31-Mar-19,12:41:17
31-Mar-19,12:41:17
31-Mar-19,12:41:17
31-Mar-19,12:41:17
31-Mar-19,12:41:17
31-Mar-19,12:41:17
31-Mar-19,12:41:17
31-Mar-19,12:41:17
31-Mar-19,12:41:17
31-Mar-19,12:41:17
31-Mar-19,12:41:17
31-Mar-19,12:41:18
31-Mar-19,12:41:18
31-Mar-19,12:41:18
31-Mar-19,12:41:18
31-Mar-19,12:41:18
31-Mar-19,12:41:18
31-Mar-19,12:41:18
31-Mar-19,12:41:18
31-Mar-19,12:41:18
31-Mar-19,12:41:18
31-Mar-19,12:41:18
31-Mar-19,12:41:18
31-Mar-19,12:41:18
31-Mar-19,12:41:18
31-Mar-19,12:41:18
31-Mar-19,12:41:18
31-Mar-19,12:41:18
31-Mar-19,12:41:18
31-Mar-19,12:41:18
31-Mar-19,12:41:18
31-Mar-19,12:41:18
31-Mar-19,12:41:18
31-Mar-19,12:41:18
31-Mar-19,12:41:18
31-Mar-19,12:41:18
31-Mar-19,12:41:18
31-Mar-19,12:41:18
31-Mar-19,12:41:18
31-Mar-19,12:41:18
31-Mar-19,12:41:18
31-Mar-19,12:41:18
31-Mar-19,12:41:18
31-Mar-19,12:41:18
31-Mar-19,12:41:18
31-Mar-19,12:41:18
31-Mar-19,12:41:18
31-Mar-19,12:41:18
31-Mar-19,12:41:18
31-Mar-19,12:41:18
31-Mar-19,12:41:18
31-Mar-19,12:41:18
31-Mar-19,12:41:18
31-Mar-19,12:41:18
31-Mar-19,12:41:18
31-Mar-19,12:41:18
31-Mar-19,12:41:18
31-Mar-19,12:41:18
31-Mar-19,12:41:18
31-Mar-19,12:41:18
31-Mar-19,12:41:18
31-Mar-19,12:41:18
31-Mar-19,12:41:18
31-Mar-19,12:41:18
31-Mar-19,12:41:18
31-Mar-19,12:41:19
31-Mar-19,12:41:19
31-Mar-19,12:41:19
31-Mar-19,12:41:19
31-Mar-19,12:41:19
31-Mar-19,12:41:19
31-Mar-19,12:41:19
31-Mar-19,12:41:19
31-Mar-19,12:41:19
31-Mar-19,12:41:19
31-Mar-19,12:41:19
31-Mar-19,12:41:19
31-Mar-19,12:41:19
31-Mar-19,12:41:19
31-Mar-19,12:41:19
31-Mar-19,12:41:19
31-Mar-19,12:41:19
31-Mar-19,12:41:19
31-Mar-19,12:41:19
31-Mar-19,12:41:19
31-Mar-19,12:41:19
31-Mar-19,12:41:19
31-Mar-19,12:41:19
31-Mar-19,12:41:19
31-Mar-19,12:41:19
31-Mar-19,12:41:19
31-Mar-19,12:41:19
31-Mar-19,12:41:19
31-Mar-19,12:41:19
31-Mar-19,12:41:19
31-Mar-19,12:41:19
31-Mar-19,12:41:19
31-Mar-19,12:41:19
31-Mar-19,12:41:19
31-Mar-19,12:41:19
31-Mar-19,12:41:19
31-Mar-19,12:41:19
31-Mar-19,12:41:19
31-Mar-19,12:41:19
31-Mar-19,12:41:19
31-Mar-19,12:41:19
31-Mar-19,12:41:19
31-Mar-19,12:41:19
31-Mar-19,12:41:19
31-Mar-19,12:41:19
31-Mar-19,12:41:19
31-Mar-19,12:41:19
31-Mar-19,12:41:19
31-Mar-19,12:41:19
31-Mar-19,12:41:19
31-Mar-19,12:41:19
31-Mar-19,12:41:19
31-Mar-19,12:41:19
31-Mar-19,12:41:19
31-Mar-19,12:41:20
31-Mar-19,12:41:20
31-Mar-19,12:41:20
31-Mar-19,12:41:20
31-Mar-19,12:41:20
31-Mar-19,12:41:20
31-Mar-19,12:41:20
31-Mar-19,12:41:20
31-Mar-19,12:41:20
31-Mar-19,12:41:20
31-Mar-19,12:41:20
31-Mar-19,12:41:20
31-Mar-19,12:41:20
31-Mar-19,12:41:20
31-Mar-19,12:41:20
31-Mar-19,12:41:20
31-Mar-19,12:41:20
31-Mar-19,12:41:20
31-Mar-19,12:41:20
31-Mar-19,12:41:20
31-Mar-19,12:41:20
31-Mar-19,12:41:20
31-Mar-19,12:41:20
31-Mar-19,12:41:20
31-Mar-19,12:41:20
31-Mar-19,12:41:20
31-Mar-19,12:41:20
31-Mar-19,12:41:20
31-Mar-19,12:41:20
31-Mar-19,12:41:20
31-Mar-19,12:41:20
31-Mar-19,12:41:20
31-Mar-19,12:41:20
31-Mar-19,12:41:20
31-Mar-19,12:41:20
31-Mar-19,12:41:20
31-Mar-19,12:41:20
31-Mar-19,12:41:20
31-Mar-19,12:41:20
31-Mar-19,12:41:20
31-Mar-19,12:41:20
31-Mar-19,12:41:20
31-Mar-19,12:41:20
31-Mar-19,12:41:20
31-Mar-19,12:41:20
31-Mar-19,12:41:20
31-Mar-19,12:41:20
31-Mar-19,12:41:20
31-Mar-19,12:41:20
31-Mar-19,12:41:20
31-Mar-19,12:41:20
31-Mar-19,12:41:20
31-Mar-19,12:41:20
31-Mar-19,12:41:20
31-Mar-19,12:41:21
31-Mar-19,12:41:21
31-Mar-19,12:41:21
31-Mar-19,12:41:21
31-Mar-19,12:41:21
31-Mar-19,12:41:21
31-Mar-19,12:41:21
31-Mar-19,12:41:21
31-Mar-19,12:41:21
31-Mar-19,12:41:21
31-Mar-19,12:41:21
31-Mar-19,12:41:21
31-Mar-19,12:41:21
31-Mar-19,12:41:21
31-Mar-19,12:41:21
31-Mar-19,12:41:21
31-Mar-19,12:41:21
31-Mar-19,12:41:21
31-Mar-19,12:41:21
31-Mar-19,12:41:21
31-Mar-19,12:41:21
31-Mar-19,12:41:21
31-Mar-19,12:41:21
31-Mar-19,12:41:21
31-Mar-19,12:41:21
31-Mar-19,12:41:21
31-Mar-19,12:41:21
31-Mar-19,12:41:21
31-Mar-19,12:41:21
31-Mar-19,12:41:21
31-Mar-19,12:41:21
31-Mar-19,12:41:21
31-Mar-19,12:41:21
31-Mar-19,12:41:21
31-Mar-19,12:41:21
31-Mar-19,12:41:21
31-Mar-19,12:41:21
31-Mar-19,12:41:21
31-Mar-19,12:41:21
31-Mar-19,12:41:21
31-Mar-19,12:41:21
31-Mar-19,12:41:21
31-Mar-19,12:41:21
31-Mar-19,12:41:21
31-Mar-19,12:41:21
31-Mar-19,12:41:21
31-Mar-19,12:41:21
31-Mar-19,12:41:21
31-Mar-19,12:41:21
31-Mar-19,12:41:21
31-Mar-19,12:41:21
31-Mar-19,12:41:21
31-Mar-19,12:41:21
31-Mar-19,12:41:21
31-Mar-19,12:41:22
31-Mar-19,12:41:22
31-Mar-19,12:41:22
31-Mar-19,12:41:22
31-Mar-19,12:41:22
31-Mar-19,12:41:22
31-Mar-19,12:41:22
31-Mar-19,12:41:22
31-Mar-19,12:41:22
31-Mar-19,12:41:22
31-Mar-19,12:41:22
31-Mar-19,12:41:22
31-Mar-19,12:41:22
31-Mar-19,12:41:22
31-Mar-19,12:41:22
31-Mar-19,12:41:22
31-Mar-19,12:41:22
31-Mar-19,12:41:22
31-Mar-19,12:41:22
31-Mar-19,12:41:22
31-Mar-19,12:41:22
31-Mar-19,12:41:22
31-Mar-19,12:41:22
31-Mar-19,12:41:22
31-Mar-19,12:41:22
31-Mar-19,12:41:22
31-Mar-19,12:41:22
31-Mar-19,12:41:22
31-Mar-19,12:41:22
31-Mar-19,12:41:22
31-Mar-19,12:41:22
31-Mar-19,12:41:22
31-Mar-19,12:41:22
31-Mar-19,12:41:22
31-Mar-19,12:41:22
31-Mar-19,12:41:22
31-Mar-19,12:41:22
31-Mar-19,12:41:22
31-Mar-19,12:41:22
31-Mar-19,12:41:22
31-Mar-19,12:41:22
31-Mar-19,12:41:22
31-Mar-19,12:41:22
31-Mar-19,12:41:22
31-Mar-19,12:41:22
31-Mar-19,12:41:22
31-Mar-19,12:41:22
31-Mar-19,12:41:22
31-Mar-19,12:41:22
31-Mar-19,12:41:22
31-Mar-19,12:41:22
31-Mar-19,12:41:22
31-Mar-19,12:41:22
31-Mar-19,12:41:22
31-Mar-19,12:41:22
31-Mar-19,12:41:23
31-Mar-19,12:41:23
31-Mar-19,12:41:23
31-Mar-19,12:41:23
31-Mar-19,12:41:23
31-Mar-19,12:41:23
31-Mar-19,12:41:23
31-Mar-19,12:41:23
31-Mar-19,12:41:23
31-Mar-19,12:41:23
31-Mar-19,12:41:23
31-Mar-19,12:41:23
31-Mar-19,12:41:23
31-Mar-19,12:41:23
31-Mar-19,12:41:23
31-Mar-19,12:41:23
31-Mar-19,12:41:23
31-Mar-19,12:41:23
31-Mar-19,12:41:23
31-Mar-19,12:41:23
31-Mar-19,12:41:23
31-Mar-19,12:41:23
31-Mar-19,12:41:23
31-Mar-19,12:41:23
31-Mar-19,12:41:23
31-Mar-19,12:41:23
31-Mar-19,12:41:23
31-Mar-19,12:41:23
31-Mar-19,12:41:23
31-Mar-19,12:41:23
31-Mar-19,12:41:23
31-Mar-19,12:41:23
31-Mar-19,12:41:23
31-Mar-19,12:41:23
31-Mar-19,12:41:23
31-Mar-19,12:41:23
31-Mar-19,12:41:23
31-Mar-19,12:41:23
31-Mar-19,12:41:23
31-Mar-19,12:41:23
31-Mar-19,12:41:23
31-Mar-19,12:41:23
31-Mar-19,12:41:23
31-Mar-19,12:41:23
31-Mar-19,12:41:23
31-Mar-19,12:41:23
31-Mar-19,12:41:23
31-Mar-19,12:41:23
31-Mar-19,12:41:23
31-Mar-19,12:41:23
31-Mar-19,12:41:23
31-Mar-19,12:41:23
31-Mar-19,12:41:23
31-Mar-19,12:41:23
31-Mar-19,12:41:23
31-Mar-19,12:41:24
31-Mar-19,12:41:24
31-Mar-19,12:41:24
31-Mar-19,12:41:24
31-Mar-19,12:41:24
31-Mar-19,12:41:24
31-Mar-19,12:41:24
31-Mar-19,12:41:24
31-Mar-19,12:41:24
31-Mar-19,12:41:24
31-Mar-19,12:41:24
31-Mar-19,12:41:24
31-Mar-19,12:41:24
31-Mar-19,12:41:24
31-Mar-19,12:41:24
31-Mar-19,12:41:24
31-Mar-19,12:41:24
31-Mar-19,12:41:24
31-Mar-19,12:41:24
31-Mar-19,12:41:24
31-Mar-19,12:41:24
31-Mar-19,12:41:24
31-Mar-19,12:41:24
31-Mar-19,12:41:24
31-Mar-19,12:41:24
31-Mar-19,12:41:24
31-Mar-19,12:41:24
31-Mar-19,12:41:24
31-Mar-19,12:41:24
31-Mar-19,12:41:24
31-Mar-19,12:41:24
31-Mar-19,12:41:24
31-Mar-19,12:41:24
31-Mar-19,12:41:24
31-Mar-19,12:41:24
31-Mar-19,12:41:24
31-Mar-19,12:41:24
31-Mar-19,12:41:24
31-Mar-19,12:41:24
31-Mar-19,12:41:24
31-Mar-19,12:41:24
31-Mar-19,12:41:24
31-Mar-19,12:41:24
31-Mar-19,12:41:24
31-Mar-19,12:41:24
31-Mar-19,12:41:24
31-Mar-19,12:41:24
31-Mar-19,12:41:24
31-Mar-19,12:41:24
31-Mar-19,12:41:24
31-Mar-19,12:41:24
31-Mar-19,12:41:24
31-Mar-19,12:41:24
31-Mar-19,12:41:24
31-Mar-19,12:41:24
31-Mar-19,12:41:25
31-Mar-19,12:41:25
31-Mar-19,12:41:25
31-Mar-19,12:41:25
31-Mar-19,12:41:25
31-Mar-19,12:41:25
31-Mar-19,12:41:25
31-Mar-19,12:41:25
31-Mar-19,12:41:25
31-Mar-19,12:41:25
31-Mar-19,12:41:25
31-Mar-19,12:41:25
31-Mar-19,12:41:25
31-Mar-19,12:41:25
31-Mar-19,12:41:25
31-Mar-19,12:41:25
31-Mar-19,12:41:25
31-Mar-19,12:41:25
31-Mar-19,12:41:25
31-Mar-19,12:41:25
31-Mar-19,12:41:25
31-Mar-19,12:41:25
31-Mar-19,12:41:25
31-Mar-19,12:41:25
31-Mar-19,12:41:25
31-Mar-19,12:41:25
31-Mar-19,12:41:25
31-Mar-19,12:41:25
31-Mar-19,12:41:25
31-Mar-19,12:41:25
31-Mar-19,12:41:25
31-Mar-19,12:41:25
31-Mar-19,12:41:25
31-Mar-19,12:41:25
31-Mar-19,12:41:25
31-Mar-19,12:41:25
31-Mar-19,12:41:25
31-Mar-19,12:41:25
31-Mar-19,12:41:25
31-Mar-19,12:41:25
31-Mar-19,12:41:25
31-Mar-19,12:41:25
31-Mar-19,12:41:25
31-Mar-19,12:41:25
31-Mar-19,12:41:25
31-Mar-19,12:41:25
31-Mar-19,12:41:25
31-Mar-19,12:41:25
31-Mar-19,12:41:25
31-Mar-19,12:41:25
31-Mar-19,12:41:25
31-Mar-19,12:41:25
31-Mar-19,12:41:25
31-Mar-19,12:41:25
31-Mar-19,12:41:25
31-Mar-19,12:41:26
31-Mar-19,12:41:26
31-Mar-19,12:41:26
31-Mar-19,12:41:26
31-Mar-19,12:41:26
31-Mar-19,12:41:26
31-Mar-19,12:41:26
31-Mar-19,12:41:26
31-Mar-19,12:41:26
31-Mar-19,12:41:26
31-Mar-19,12:41:26
31-Mar-19,12:41:26
31-Mar-19,12:41:26
31-Mar-19,12:41:26
31-Mar-19,12:41:26
31-Mar-19,12:41:26
31-Mar-19,12:41:26
31-Mar-19,12:41:26
31-Mar-19,12:41:26
31-Mar-19,12:41:26
31-Mar-19,12:41:26
31-Mar-19,12:41:26
31-Mar-19,12:41:26
31-Mar-19,12:41:26
31-Mar-19,12:41:26
31-Mar-19,12:41:26
31-Mar-19,12:41:26
31-Mar-19,12:41:26
31-Mar-19,12:41:26
31-Mar-19,12:41:26
31-Mar-19,12:41:26
31-Mar-19,12:41:26
31-Mar-19,12:41:26
31-Mar-19,12:41:26
31-Mar-19,12:41:26
31-Mar-19,12:41:26
31-Mar-19,12:41:26
31-Mar-19,12:41:26
31-Mar-19,12:41:26
31-Mar-19,12:41:26
31-Mar-19,12:41:26
31-Mar-19,12:41:26
31-Mar-19,12:41:26
31-Mar-19,12:41:26
31-Mar-19,12:41:26
31-Mar-19,12:41:26
31-Mar-19,12:41:26
31-Mar-19,12:41:26
31-Mar-19,12:41:26
31-Mar-19,12:41:26
31-Mar-19,12:41:26
31-Mar-19,12:41:26
31-Mar-19,12:41:26
31-Mar-19,12:41:26
31-Mar-19,12:41:26
31-Mar-19,12:41:27
31-Mar-19,12:41:27
31-Mar-19,12:41:27
31-Mar-19,12:41:27
31-Mar-19,12:41:27
31-Mar-19,12:41:27
31-Mar-19,12:41:27
31-Mar-19,12:41:27
31-Mar-19,12:41:27
31-Mar-19,12:41:27
31-Mar-19,12:41:27
31-Mar-19,12:41:27
31-Mar-19,12:41:27
31-Mar-19,12:41:27
31-Mar-19,12:41:27
31-Mar-19,12:41:27
31-Mar-19,12:41:27
31-Mar-19,12:41:27
31-Mar-19,12:41:27
31-Mar-19,12:41:27
31-Mar-19,12:41:27
31-Mar-19,12:41:27
31-Mar-19,12:41:27
31-Mar-19,12:41:27
31-Mar-19,12:41:27
31-Mar-19,12:41:27
31-Mar-19,12:41:27
31-Mar-19,12:41:27
31-Mar-19,12:41:27
31-Mar-19,12:41:27
31-Mar-19,12:41:27
31-Mar-19,12:41:27
31-Mar-19,12:41:27
31-Mar-19,12:41:27
31-Mar-19,12:41:27
31-Mar-19,12:41:27
31-Mar-19,12:41:27
31-Mar-19,12:41:27
31-Mar-19,12:41:27
31-Mar-19,12:41:27
31-Mar-19,12:41:27
31-Mar-19,12:41:27
31-Mar-19,12:41:27
31-Mar-19,12:41:27
31-Mar-19,12:41:27
31-Mar-19,12:41:27
31-Mar-19,12:41:27
31-Mar-19,12:41:27
31-Mar-19,12:41:27
31-Mar-19,12:41:27
31-Mar-19,12:41:27
31-Mar-19,12:41:27
31-Mar-19,12:41:27
31-Mar-19,12:41:27
31-Mar-19,12:41:27
31-Mar-19,12:41:27
31-Mar-19,12:41:28
31-Mar-19,12:41:28
31-Mar-19,12:41:28
31-Mar-19,12:41:28
31-Mar-19,12:41:28
31-Mar-19,12:41:28
31-Mar-19,12:41:28
31-Mar-19,12:41:28
31-Mar-19,12:41:28
31-Mar-19,12:41:28
31-Mar-19,12:41:28
31-Mar-19,12:41:28
31-Mar-19,12:41:28
31-Mar-19,12:41:28
31-Mar-19,12:41:28
31-Mar-19,12:41:28
31-Mar-19,12:41:28
31-Mar-19,12:41:28
31-Mar-19,12:41:28
31-Mar-19,12:41:28
31-Mar-19,12:41:28
31-Mar-19,12:41:28
31-Mar-19,12:41:28
31-Mar-19,12:41:28
31-Mar-19,12:41:28
31-Mar-19,12:41:28
31-Mar-19,12:41:28
31-Mar-19,12:41:28
31-Mar-19,12:41:28
31-Mar-19,12:41:28
31-Mar-19,12:41:28
31-Mar-19,12:41:28
31-Mar-19,12:41:28
31-Mar-19,12:41:28
31-Mar-19,12:41:28
31-Mar-19,12:41:28
31-Mar-19,12:41:28
31-Mar-19,12:41:28
31-Mar-19,12:41:28
31-Mar-19,12:41:28
31-Mar-19,12:41:28
31-Mar-19,12:41:28
31-Mar-19,12:41:28
31-Mar-19,12:41:28
31-Mar-19,12:41:28
31-Mar-19,12:41:28
31-Mar-19,12:41:28
31-Mar-19,12:41:28
31-Mar-19,12:41:28
31-Mar-19,12:41:28
31-Mar-19,12:41:28
31-Mar-19,12:41:28
31-Mar-19,12:41:28
31-Mar-19,12:41:28
31-Mar-19,12:41:28
31-Mar-19,12:41:28
31-Mar-19,12:41:29
31-Mar-19,12:41:29
31-Mar-19,12:41:29
31-Mar-19,12:41:29
31-Mar-19,12:41:29
31-Mar-19,12:41:29
31-Mar-19,12:41:29
31-Mar-19,12:41:29
31-Mar-19,12:41:29
31-Mar-19,12:41:29
31-Mar-19,12:41:29
31-Mar-19,12:41:29
31-Mar-19,12:41:29
31-Mar-19,12:41:29
31-Mar-19,12:41:29
31-Mar-19,12:41:29
31-Mar-19,12:41:29
31-Mar-19,12:41:29
31-Mar-19,12:41:29
31-Mar-19,12:41:29
31-Mar-19,12:41:29
31-Mar-19,12:41:29
31-Mar-19,12:41:29
31-Mar-19,12:41:29
31-Mar-19,12:41:29
31-Mar-19,12:41:29
31-Mar-19,12:41:29
31-Mar-19,12:41:29
31-Mar-19,12:41:29
31-Mar-19,12:41:29
31-Mar-19,12:41:29
31-Mar-19,12:41:29
31-Mar-19,12:41:29
31-Mar-19,12:41:29
31-Mar-19,12:41:29
31-Mar-19,12:41:29
31-Mar-19,12:41:29
31-Mar-19,12:41:29
31-Mar-19,12:41:29
31-Mar-19,12:41:29
31-Mar-19,12:41:29
31-Mar-19,12:41:29
31-Mar-19,12:41:29
31-Mar-19,12:41:29
31-Mar-19,12:41:29
31-Mar-19,12:41:29
31-Mar-19,12:41:29
31-Mar-19,12:41:29
31-Mar-19,12:41:29
31-Mar-19,12:41:29
31-Mar-19,12:41:29
31-Mar-19,12:41:29
31-Mar-19,12:41:29
31-Mar-19,12:41:29
31-Mar-19,12:41:29
31-Mar-19,12:41:29
31-Mar-19,12:41:30
31-Mar-19,12:41:30
31-Mar-19,12:41:30
31-Mar-19,12:41:30
31-Mar-19,12:41:30
31-Mar-19,12:41:30
31-Mar-19,12:41:30
31-Mar-19,12:41:30
31-Mar-19,12:41:30
31-Mar-19,12:41:30
31-Mar-19,12:41:30
31-Mar-19,12:41:30
31-Mar-19,12:41:30
31-Mar-19,12:41:30
31-Mar-19,12:41:30
31-Mar-19,12:41:30
31-Mar-19,12:41:30
31-Mar-19,12:41:30
31-Mar-19,12:41:30
31-Mar-19,12:41:30
31-Mar-19,12:41:30
31-Mar-19,12:41:30
31-Mar-19,12:41:30
31-Mar-19,12:41:30
31-Mar-19,12:41:30
31-Mar-19,12:41:30
31-Mar-19,12:41:30
31-Mar-19,12:41:30
31-Mar-19,12:41:30
31-Mar-19,12:41:30
31-Mar-19,12:41:30
31-Mar-19,12:41:30
31-Mar-19,12:41:30
31-Mar-19,12:41:30
31-Mar-19,12:41:30
31-Mar-19,12:41:30
31-Mar-19,12:41:30
31-Mar-19,12:41:30
31-Mar-19,12:41:30
31-Mar-19,12:41:30
31-Mar-19,12:41:30
31-Mar-19,12:41:30
31-Mar-19,12:41:30
31-Mar-19,12:41:30
31-Mar-19,12:41:30
31-Mar-19,12:41:30
31-Mar-19,12:41:30
31-Mar-19,12:41:30
31-Mar-19,12:41:30
31-Mar-19,12:41:30
31-Mar-19,12:41:30
31-Mar-19,12:41:30
31-Mar-19,12:41:30
31-Mar-19,12:41:30
31-Mar-19,12:41:30
31-Mar-19,12:41:30
31-Mar-19,12:41:31
31-Mar-19,12:41:31
31-Mar-19,12:41:31
31-Mar-19,12:41:31
31-Mar-19,12:41:31
31-Mar-19,12:41:31
31-Mar-19,12:41:31
31-Mar-19,12:41:31
31-Mar-19,12:41:31
31-Mar-19,12:41:31
31-Mar-19,12:41:31
31-Mar-19,12:41:31
31-Mar-19,12:41:31
31-Mar-19,12:41:31
31-Mar-19,12:41:31
31-Mar-19,12:41:31
31-Mar-19,12:41:31
31-Mar-19,12:41:31
31-Mar-19,12:41:31
31-Mar-19,12:41:31
31-Mar-19,12:41:31
31-Mar-19,12:41:31
31-Mar-19,12:41:31
31-Mar-19,12:41:31
31-Mar-19,12:41:31
31-Mar-19,12:41:31
31-Mar-19,12:41:31
31-Mar-19,12:41:31
31-Mar-19,12:41:31
31-Mar-19,12:41:31
31-Mar-19,12:41:31
31-Mar-19,12:41:31
31-Mar-19,12:41:31
31-Mar-19,12:41:31
31-Mar-19,12:41:31
31-Mar-19,12:41:31
31-Mar-19,12:41:31
31-Mar-19,12:41:31
31-Mar-19,12:41:31
31-Mar-19,12:41:31
31-Mar-19,12:41:31
31-Mar-19,12:41:31
31-Mar-19,12:41:31
25-Apr-19, 19:38:21 
25-Apr-19, 19:38:23 
25-Apr-19, 19:38:28 
25-Apr-19, 19:38:31 
25-Apr-19, 19:38:33 
25-Apr-19, 19:38:36 
25-Apr-19, 19:38:41 
25-Apr-19, 19:38:43 
25-Apr-19, 19:38:46 
25-Apr-19, 19:38:48 
25-Apr-19, 19:38:51 
25-Apr-19, 19:38:53 
25-Apr-19, 19:38:58 
25-Apr-19, 19:39:01 
25-Apr-19, 19:39:06 
25-Apr-19, 19:39:08 
25-Apr-19, 19:39:11 
25-Apr-19, 19:39:13 
25-Apr-19, 19:39:16 
25-Apr-19, 19:39:18 
25-Apr-19, 19:39:23 
25-Apr-19, 19:39:26 
25-Apr-19, 19:39:28 
25-Apr-19, 19:39:31 
25-Apr-19, 19:39:36 
25-Apr-19, 19:39:41 
25-Apr-19, 19:39:43 
25-Apr-19, 19:39:46 
25-Apr-19, 19:39:48 
25-Apr-19, 19:39:51 
25-Apr-19, 19:39:53 
25-Apr-19, 19:39:58 
25-Apr-19, 19:40:01 
25-Apr-19, 19:40:03 
25-Apr-19, 19:40:06 
25-Apr-19, 19:40:11 
25-Apr-19, 19:40:13 
25-Apr-19, 19:40:16 
25-Apr-19, 19:40:18 
25-Apr-19, 19:40:21 
25-Apr-19, 19:40:23 
25-Apr-19, 19:40:28 
25-Apr-19, 19:40:31 
25-Apr-19, 19:40:33 
25-Apr-19, 19:40:36 
25-Apr-19, 19:40:38 
25-Apr-19, 19:40:41 
25-Apr-19, 19:40:43 
25-Apr-19, 19:40:46 
25-Apr-19, 19:40:48 
25-Apr-19, 19:40:51 
25-Apr-19, 19:40:53 
25-Apr-19, 19:40:56 
25-Apr-19, 19:41:01 
25-Apr-19, 19:41:03 
25-Apr-19, 19:41:06 
25-Apr-19, 19:41:11 
25-Apr-19, 19:41:13 
25-Apr-19, 19:41:16 
25-Apr-19, 19:41:18 
25-Apr-19, 19:41:21 
25-Apr-19, 19:41:28 
25-Apr-19, 19:41:31 
25-Apr-19, 19:41:33 
25-Apr-19, 19:41:41 
25-Apr-19, 19:41:43 
25-Apr-19, 19:41:46 
25-Apr-19, 19:41:48 
25-Apr-19, 19:41:51 
25-Apr-19, 19:41:53 
25-Apr-19, 19:41:58 
25-Apr-19, 19:42:01 
25-Apr-19, 19:42:03 
25-Apr-19, 19:42:06 
25-Apr-19, 19:42:11 
25-Apr-19, 19:42:13 
25-Apr-19, 19:42:16 
25-Apr-19, 19:42:18 
25-Apr-19, 19:42:21 
25-Apr-19, 19:42:23 
25-Apr-19, 19:42:28 
25-Apr-19, 19:42:31 
25-Apr-19, 19:42:33 
25-Apr-19, 19:42:36 
25-Apr-19, 19:42:41 
25-Apr-19, 19:42:43 
25-Apr-19, 19:42:46 
25-Apr-19, 19:42:48 
25-Apr-19, 19:42:51 
25-Apr-19, 19:42:53 
25-Apr-19, 19:42:58 
25-Apr-19, 19:43:01 
25-Apr-19, 19:43:03 
25-Apr-19, 19:43:06 
25-Apr-19, 19:43:11 
25-Apr-19, 19:43:13 
25-Apr-19, 19:43:16 
25-Apr-19, 19:43:18 
25-Apr-19, 19:43:21 
25-Apr-19, 19:43:23 
25-Apr-19, 19:43:26 
25-Apr-19, 19:43:28 
25-Apr-19, 19:43:31 
25-Apr-19, 19:43:33 
25-Apr-19, 19:43:36 
25-Apr-19, 19:43:41 
25-Apr-19, 19:43:43 
25-Apr-19, 19:43:46 
25-Apr-19, 19:43:48 
25-Apr-19, 19:43:51 
25-Apr-19, 19:43:53 
25-Apr-19, 19:43:58 
25-Apr-19, 19:44:01 
25-Apr-19, 19:44:03 
25-Apr-19, 19:44:06 
25-Apr-19, 19:44:11 
25-Apr-19, 19:44:13 
25-Apr-19, 19:44:16 
25-Apr-19, 19:44:18 
25-Apr-19, 19:44:21 
25-Apr-19, 19:44:23 
25-Apr-19, 19:44:28 
25-Apr-19, 19:44:31 
25-Apr-19, 19:44:33 
25-Apr-19, 19:44:36 
25-Apr-19, 19:44:41 
25-Apr-19, 19:44:43 
25-Apr-19, 19:44:46 
25-Apr-19, 19:44:48 
25-Apr-19, 19:44:51 
25-Apr-19, 19:44:53 
25-Apr-19, 19:44:58 
25-Apr-19, 19:45:01 
25-Apr-19, 19:45:03 
25-Apr-19, 19:45:06 
25-Apr-19, 19:45:11 
25-Apr-19, 19:45:13 
25-Apr-19, 19:45:16 
25-Apr-19, 19:45:18 
25-Apr-19, 19:45:21 
25-Apr-19, 19:45:23 
25-Apr-19, 19:45:28 
25-Apr-19, 19:45:31 
25-Apr-19, 19:45:33 
25-Apr-19, 19:45:36 
25-Apr-19, 19:45:41 
25-Apr-19, 19:45:43 
25-Apr-19, 19:45:46 
25-Apr-19, 19:45:48 
25-Apr-19, 19:45:51 
25-Apr-19, 19:45:53 
25-Apr-19, 19:45:58 
25-Apr-19, 19:46:01 
25-Apr-19, 19:46:03 
25-Apr-19, 19:46:06 
25-Apr-19, 19:46:11 
25-Apr-19, 19:46:13 
25-Apr-19, 19:46:16 
25-Apr-19, 19:46:18 
25-Apr-19, 19:46:21 
25-Apr-19, 19:46:23 
25-Apr-19, 19:46:28 
25-Apr-19, 19:46:31 
25-Apr-19, 19:46:33 
25-Apr-19, 19:46:36 
25-Apr-19, 19:46:41 
25-Apr-19, 19:46:43 
25-Apr-19, 19:46:46 
25-Apr-19, 19:46:48 
25-Apr-19, 19:46:53 
25-Apr-19, 19:47:01 
25-Apr-19, 19:47:03 
25-Apr-19, 19:47:06 
25-Apr-19, 19:47:11 
25-Apr-19, 19:47:13 
25-Apr-19, 19:47:16 
25-Apr-19, 19:47:18 
25-Apr-19, 19:47:21 
25-Apr-19, 19:47:23 
25-Apr-19, 19:47:28 
25-Apr-19, 19:47:31 
25-Apr-19, 19:47:33 
25-Apr-19, 19:47:36 
25-Apr-19, 19:47:41 
25-Apr-19, 19:47:43 
25-Apr-19, 19:47:46 
25-Apr-19, 19:47:48 
25-Apr-19, 19:47:51 
25-Apr-19, 19:47:53 
25-Apr-19, 19:47:58 
25-Apr-19, 19:48:01 
25-Apr-19, 19:48:03 
25-Apr-19, 19:48:06 
25-Apr-19, 19:48:11 
25-Apr-19, 19:48:13 
25-Apr-19, 19:48:16 
25-Apr-19, 19:48:18 
25-Apr-19, 19:48:21 
25-Apr-19, 19:48:23 
25-Apr-19, 19:48:28 
25-Apr-19, 19:48:31 
25-Apr-19, 19:48:33 
25-Apr-19, 19:48:36 
25-Apr-19, 19:48:41 
25-Apr-19, 19:48:43 
25-Apr-19, 19:48:46 
25-Apr-19, 19:48:48 
25-Apr-19, 19:48:51 
25-Apr-19, 19:48:53 
25-Apr-19, 19:48:58 
25-Apr-19, 19:49:01 
25-Apr-19, 19:49:03 
25-Apr-19, 19:49:06 
25-Apr-19, 19:49:11 
25-Apr-19, 19:49:13 
25-Apr-19, 19:49:16 
25-Apr-19, 19:49:18 
25-Apr-19, 19:49:21 
25-Apr-19, 19:49:23 
25-Apr-19, 19:49:28 
25-Apr-19, 19:49:31 
25-Apr-19, 19:49:36 
25-Apr-19, 19:49:42 
25-Apr-19, 19:49:43 
25-Apr-19, 19:49:47 
25-Apr-19, 19:49:48 
25-Apr-19, 19:49:52 
25-Apr-19, 19:49:53 
25-Apr-19, 19:49:57 
25-Apr-19, 19:49:58 
25-Apr-19, 19:50:02 
25-Apr-19, 19:50:03 
25-Apr-19, 19:50:07 
25-Apr-19, 19:50:12 
25-Apr-19, 19:50:13 
25-Apr-19, 19:50:17 
25-Apr-19, 19:50:18 
25-Apr-19, 19:50:22 
25-Apr-19, 19:50:23 
25-Apr-19, 19:50:27 
25-Apr-19, 19:50:28 
25-Apr-19, 19:50:33 
25-Apr-19, 19:50:37 
25-Apr-19, 19:50:42 
25-Apr-19, 19:50:43 
25-Apr-19, 19:50:47 
25-Apr-19, 19:50:48 
25-Apr-19, 19:50:52 
25-Apr-19, 19:50:53 
25-Apr-19, 19:50:57 
25-Apr-19, 19:50:58 
25-Apr-19, 19:51:02 
25-Apr-19, 19:51:07 
25-Apr-19, 19:51:12 
25-Apr-19, 19:51:13 
25-Apr-19, 19:51:17 
25-Apr-19, 19:51:18 
25-Apr-19, 19:51:22 
25-Apr-19, 19:51:23 
25-Apr-19, 19:51:27 
25-Apr-19, 19:51:28 
25-Apr-19, 19:51:33 
25-Apr-19, 19:51:37 
25-Apr-19, 19:51:42 
25-Apr-19, 19:51:43 
25-Apr-19, 19:51:48 
25-Apr-19, 19:51:52 
25-Apr-19, 19:51:53 
25-Apr-19, 19:51:57 
25-Apr-19, 19:51:59 
25-Apr-19, 19:52:04 
25-Apr-19, 19:52:07 
25-Apr-19, 19:52:09 
25-Apr-19, 19:52:12 
25-Apr-19, 19:52:14 
25-Apr-19, 19:52:17 
25-Apr-19, 19:52:22 
25-Apr-19, 19:52:24 
25-Apr-19, 19:52:27 
25-Apr-19, 19:52:29 
25-Apr-19, 19:52:32 
25-Apr-19, 19:52:34 
25-Apr-19, 19:52:37 
25-Apr-19, 19:52:39 
25-Apr-19, 19:52:42 
25-Apr-19, 19:52:47 
25-Apr-19, 19:52:49 
25-Apr-19, 19:52:52 
25-Apr-19, 19:52:54 
25-Apr-19, 19:52:59 
25-Apr-19, 19:53:04 
25-Apr-19, 19:53:07 
25-Apr-19, 19:53:09 
25-Apr-19, 19:53:12 
25-Apr-19, 19:53:17 
25-Apr-19, 19:53:19 
25-Apr-19, 19:53:22 
25-Apr-19, 19:53:24 
25-Apr-19, 19:53:27 
25-Apr-19, 19:53:29 
25-Apr-19, 19:53:34 
25-Apr-19, 19:53:37 
25-Apr-19, 19:53:39 
25-Apr-19, 19:53:42 
25-Apr-19, 19:53:47 
25-Apr-19, 19:53:49 
25-Apr-19, 19:53:52 
25-Apr-19, 19:53:54 
25-Apr-19, 19:53:57 
25-Apr-19, 19:53:59 
25-Apr-19, 19:54:04 
25-Apr-19, 19:54:07 
25-Apr-19, 19:54:09 
25-Apr-19, 19:54:12 
25-Apr-19, 19:54:17 
25-Apr-19, 19:54:19 
25-Apr-19, 19:54:22 
25-Apr-19, 19:54:24 
25-Apr-19, 19:54:27 
25-Apr-19, 19:54:29 
25-Apr-19, 19:54:34 
25-Apr-19, 19:54:37 
25-Apr-19, 19:54:39 
25-Apr-19, 19:54:42 
25-Apr-19, 19:54:49 
25-Apr-19, 19:54:52 
25-Apr-19, 19:54:54 
25-Apr-19, 19:54:57 
25-Apr-19, 19:54:59 
25-Apr-19, 19:55:04 
25-Apr-19, 19:55:07 
25-Apr-19, 19:55:09 
25-Apr-19, 19:55:12 
25-Apr-19, 19:55:17 
25-Apr-19, 19:55:19 
25-Apr-19, 19:55:22 
25-Apr-19, 19:55:24 
25-Apr-19, 19:55:27 
25-Apr-19, 19:55:29 
25-Apr-19, 19:55:34 
25-Apr-19, 19:55:37 
25-Apr-19, 19:55:39 
25-Apr-19, 19:55:42 
25-Apr-19, 19:55:47 
25-Apr-19, 19:55:49 
25-Apr-19, 19:55:54 
25-Apr-19, 19:55:57 
25-Apr-19, 19:55:59 
25-Apr-19, 19:56:02 
25-Apr-19, 19:56:04 
25-Apr-19, 19:56:07 
25-Apr-19, 19:56:09 
25-Apr-19, 19:56:12 
25-Apr-19, 19:56:17 
25-Apr-19, 19:56:19 
25-Apr-19, 19:56:22 
25-Apr-19, 19:56:24 
25-Apr-19, 19:56:27 
25-Apr-19, 19:56:29 
25-Apr-19, 19:56:34 
25-Apr-19, 19:56:37 
25-Apr-19, 19:56:39 
25-Apr-19, 19:56:42 
25-Apr-19, 19:56:44 
25-Apr-19, 19:56:47 
25-Apr-19, 19:56:52 
25-Apr-19, 19:56:54 
25-Apr-19, 19:56:57 
25-Apr-19, 19:56:59 
25-Apr-19, 19:57:04 
25-Apr-19, 19:57:07 
25-Apr-19, 19:57:09 
25-Apr-19, 19:57:12 
25-Apr-19, 19:57:17 
25-Apr-19, 19:57:19 
25-Apr-19, 19:57:22 
25-Apr-19, 19:57:24 
25-Apr-19, 19:57:27 
25-Apr-19, 19:57:29 
25-Apr-19, 19:57:34 
25-Apr-19, 19:57:37 
25-Apr-19, 19:57:39 
25-Apr-19, 19:57:42 
25-Apr-19, 19:57:47 
25-Apr-19, 19:57:49 
25-Apr-19, 19:57:52 
25-Apr-19, 19:57:54 
25-Apr-19, 19:57:57 
25-Apr-19, 19:57:59 
25-Apr-19, 19:58:02 
25-Apr-19, 19:58:04 
25-Apr-19, 19:58:07 
25-Apr-19, 19:58:09 
25-Apr-19, 19:58:12 
25-Apr-19, 19:58:17 
25-Apr-19, 19:58:19 
25-Apr-19, 19:58:22 
25-Apr-19, 19:58:24 
25-Apr-19, 19:58:29 
25-Apr-19, 19:58:34 
25-Apr-19, 19:58:37 
25-Apr-19, 19:58:39 
25-Apr-19, 19:58:42 
25-Apr-19, 19:58:47 
25-Apr-19, 19:58:49 
25-Apr-19, 19:58:52 
25-Apr-19, 19:58:54 
25-Apr-19, 19:58:57 
25-Apr-19, 19:58:59 
25-Apr-19, 19:59:02 
25-Apr-19, 19:59:04 
25-Apr-19, 19:59:07 
25-Apr-19, 19:59:09 
25-Apr-19, 19:59:12 
25-Apr-19, 19:59:17 
25-Apr-19, 19:59:19 
25-Apr-19, 19:59:22 
25-Apr-19, 19:59:24 
25-Apr-19, 19:59:27 
25-Apr-19, 19:59:29 
25-Apr-19, 19:59:34 
25-Apr-19, 19:59:37 
25-Apr-19, 19:59:39 
25-Apr-19, 19:59:42 
25-Apr-19, 19:59:49 
25-Apr-19, 19:59:52 
25-Apr-19, 19:59:54 
25-Apr-19, 19:59:57 
25-Apr-19, 19:59:59 
25-Apr-19, 20:00:04 
25-Apr-19, 20:00:07 
25-Apr-19, 20:00:09 
25-Apr-19, 20:00:12 
25-Apr-19, 20:00:17 
25-Apr-19, 20:00:19 
25-Apr-19, 20:00:22 
25-Apr-19, 20:00:24 
25-Apr-19, 20:00:27 
25-Apr-19, 20:00:29 
25-Apr-19, 20:00:34 
25-Apr-19, 20:00:37 
25-Apr-19, 20:00:42 
25-Apr-19, 20:00:47 
25-Apr-19, 20:00:49 
25-Apr-19, 20:00:52 
25-Apr-19, 20:00:54 
25-Apr-19, 20:00:57 
25-Apr-19, 20:00:59 
25-Apr-19, 20:01:04 
25-Apr-19, 20:01:07 
25-Apr-19, 20:01:09 
25-Apr-19, 20:01:12 
25-Apr-19, 20:01:17 
25-Apr-19, 20:01:19 
25-Apr-19, 20:01:22 
25-Apr-19, 20:01:24 
25-Apr-19, 20:01:27 
25-Apr-19, 20:01:29 
25-Apr-19, 20:01:34 
25-Apr-19, 20:01:37 
25-Apr-19, 20:01:39 
25-Apr-19, 20:01:42 
25-Apr-19, 20:01:47 
25-Apr-19, 20:01:49 
25-Apr-19, 20:01:52 
25-Apr-19, 20:01:54 
25-Apr-19, 20:01:57 
25-Apr-19, 20:01:59 
25-Apr-19, 20:02:04 
25-Apr-19, 20:02:07 
25-Apr-19, 20:02:09 
25-Apr-19, 20:02:12 
25-Apr-19, 20:02:17 
25-Apr-19, 20:02:19 
25-Apr-19, 20:02:22 
25-Apr-19, 20:02:24 
25-Apr-19, 20:02:27 
25-Apr-19, 20:02:29 
25-Apr-19, 20:02:34 
25-Apr-19, 20:02:37 
25-Apr-19, 20:02:39 
25-Apr-19, 20:02:42 
25-Apr-19, 20:02:44 
25-Apr-19, 20:02:47 
25-Apr-19, 20:02:49 
25-Apr-19, 20:02:52 
25-Apr-19, 20:02:54 
25-Apr-19, 20:02:59 
25-Apr-19, 20:03:02 
25-Apr-19, 20:03:04 
25-Apr-19, 20:03:07 
25-Apr-19, 20:03:09 
25-Apr-19, 20:03:12 
25-Apr-19, 20:03:17 
25-Apr-19, 20:03:19 
25-Apr-19, 20:03:22 
25-Apr-19, 20:03:24 
25-Apr-19, 20:03:29 
25-Apr-19, 20:03:32 
25-Apr-19, 20:03:34 
25-Apr-19, 20:03:37 
25-Apr-19, 20:03:39 
25-Apr-19, 20:03:42 
25-Apr-19, 20:03:47 
25-Apr-19, 20:03:49 
25-Apr-19, 20:03:52 
25-Apr-19, 20:03:54 
25-Apr-19, 20:03:59 
25-Apr-19, 20:04:04 
25-Apr-19, 20:04:07 
25-Apr-19, 20:04:09 
25-Apr-19, 20:04:12 
25-Apr-19, 20:04:17 
25-Apr-19, 20:04:19 
25-Apr-19, 20:04:22 
25-Apr-19, 20:04:24 
25-Apr-19, 20:04:29 
25-Apr-19, 20:04:34 
25-Apr-19, 20:04:37 
25-Apr-19, 20:04:39 
25-Apr-19, 20:04:42 
25-Apr-19, 20:04:44 
25-Apr-19, 20:04:47 
25-Apr-19, 20:04:49 
25-Apr-19, 20:04:52 
25-Apr-19, 20:04:54 
25-Apr-19, 20:04:59 
25-Apr-19, 20:05:02 
25-Apr-19, 20:05:04 
25-Apr-19, 20:05:12 
25-Apr-19, 20:05:14 
25-Apr-19, 20:05:17 
25-Apr-19, 20:05:19 
25-Apr-19, 20:05:22 
25-Apr-19, 20:05:24 
25-Apr-19, 20:05:29 
25-Apr-19, 20:05:32 
25-Apr-19, 20:05:34 
25-Apr-19, 20:05:37 
25-Apr-19, 20:05:39 
25-Apr-19, 20:05:42 
25-Apr-19, 20:05:47 
25-Apr-19, 20:05:49 
25-Apr-19, 20:05:52 
25-Apr-19, 20:05:54 
25-Apr-19, 20:05:59 
25-Apr-19, 20:06:02 
25-Apr-19, 20:06:04 
25-Apr-19, 20:06:07 
25-Apr-19, 20:06:09 
25-Apr-19, 20:06:12 
25-Apr-19, 20:06:14 
25-Apr-19, 20:06:17 
25-Apr-19, 20:06:19 
25-Apr-19, 20:06:22 
25-Apr-19, 20:06:24 
25-Apr-19, 20:06:29 
25-Apr-19, 20:06:33 
25-Apr-19, 20:06:34 
25-Apr-19, 20:06:38 
25-Apr-19, 20:06:48 
25-Apr-19, 20:06:49 
25-Apr-19, 20:06:54 
25-Apr-19, 20:06:58 
25-Apr-19, 20:06:59 
25-Apr-19, 20:07:04 
25-Apr-19, 20:07:08 
25-Apr-19, 20:07:09 
25-Apr-19, 20:07:13 
25-Apr-19, 20:07:14 
25-Apr-19, 20:07:18 
25-Apr-19, 20:07:19 
25-Apr-19, 20:07:23 
25-Apr-19, 20:07:24 
25-Apr-19, 20:07:28 
25-Apr-19, 20:07:29 
25-Apr-19, 20:07:34 
25-Apr-19, 20:07:38 
25-Apr-19, 20:07:43 
25-Apr-19, 20:07:45 
25-Apr-19, 20:07:48 
25-Apr-19, 20:07:53 
25-Apr-19, 20:07:55 
25-Apr-19, 20:07:58 
25-Apr-19, 20:08:00 
25-Apr-19, 20:08:05 
25-Apr-19, 20:08:08 
25-Apr-19, 20:08:10 
25-Apr-19, 20:08:13 
25-Apr-19, 20:08:18 
25-Apr-19, 20:08:23 
25-Apr-19, 20:08:25 
25-Apr-19, 20:08:28 
25-Apr-19, 20:08:30 
25-Apr-19, 20:08:33 
25-Apr-19, 20:08:35 
25-Apr-19, 20:08:38 
25-Apr-19, 20:08:40 
25-Apr-19, 20:08:43 
25-Apr-19, 20:08:45 
25-Apr-19, 20:08:48 
25-Apr-19, 20:08:50 
25-Apr-19, 20:08:53 
25-Apr-19, 20:08:55 
25-Apr-19, 20:08:58 
25-Apr-19, 20:09:03 
25-Apr-19, 20:09:05 
25-Apr-19, 20:09:08 
25-Apr-19, 20:09:10 
25-Apr-19, 20:09:13 
25-Apr-19, 20:09:15 
25-Apr-19, 20:09:18 
25-Apr-19, 20:09:20 
25-Apr-19, 20:09:23 
25-Apr-19, 20:09:25 
25-Apr-19, 20:09:28 
25-Apr-19, 20:09:30 
25-Apr-19, 20:13:20 
25-Apr-19, 20:17:43 
25-Apr-19, 20:20:55 
25-Apr-19, 20:20:58 
25-Apr-19, 20:21:00 
25-Apr-19, 20:21:03 
25-Apr-19, 20:21:05 
25-Apr-19, 20:21:08 
25-Apr-19, 20:23:05 
25-Apr-19, 20:23:23 
25-Apr-19, 20:28:11 
25-Apr-19, 20:34:34 
25-Apr-19, 20:35:01 
25-Apr-19, 20:35:56 
25-Apr-19, 20:37:26 
25-Apr-19, 20:38:01 
25-Apr-19, 20:38:14 
25-Apr-19, 20:38:29 
25-Apr-19, 20:39:04 
25-Apr-19, 20:39:26 
25-Apr-19, 20:39:31 
25-Apr-19, 20:39:41 
25-Apr-19, 20:39:46 
25-Apr-19, 20:39:54 
25-Apr-19, 20:41:14 
25-Apr-19, 20:41:26 
25-Apr-19, 20:41:54 
25-Apr-19, 20:43:36 
25-Apr-19, 20:44:19 
25-Apr-19, 20:46:59 
25-Apr-19, 20:47:02 
25-Apr-19, 20:47:04 
25-Apr-19, 20:50:02 
25-Apr-19, 20:51:35 
25-Apr-19, 20:51:50 
25-Apr-19, 20:52:02 
25-Apr-19, 20:52:07 
25-Apr-19, 20:52:35 
25-Apr-19, 20:53:00 
25-Apr-19, 20:53:05 
25-Apr-19, 20:53:07 
25-Apr-19, 20:53:12 
25-Apr-19, 20:53:20 
25-Apr-19, 20:53:35 
25-Apr-19, 20:53:37 
25-Apr-19, 20:53:47 
25-Apr-19, 20:54:00 
25-Apr-19, 20:54:05 
25-Apr-19, 20:54:07 
25-Apr-19, 20:54:10 
25-Apr-19, 20:54:40 
25-Apr-19, 20:55:15 
25-Apr-19, 20:55:35 
25-Apr-19, 20:55:37 
25-Apr-19, 20:55:47 
25-Apr-19, 20:56:07 
25-Apr-19, 20:56:17 
25-Apr-19, 20:56:20 
25-Apr-19, 20:56:32 
25-Apr-19, 20:56:35 
25-Apr-19, 20:56:37 
25-Apr-19, 20:56:40 
25-Apr-19, 20:56:42 
25-Apr-19, 20:56:47 
25-Apr-19, 20:56:50 
25-Apr-19, 20:56:52 
25-Apr-19, 20:57:00 
25-Apr-19, 20:57:02 
25-Apr-19, 20:57:05 
25-Apr-19, 20:57:10 
25-Apr-19, 20:57:12 
25-Apr-19, 20:57:15 
25-Apr-19, 20:57:17 
25-Apr-19, 20:57:22 
25-Apr-19, 20:57:25 
25-Apr-19, 20:57:30 
25-Apr-19, 20:57:35 
25-Apr-19, 20:57:37 
25-Apr-19, 20:57:40 
25-Apr-19, 20:57:42 
25-Apr-19, 20:57:47 
25-Apr-19, 20:57:50 
25-Apr-19, 20:57:52 
25-Apr-19, 20:57:55 
25-Apr-19, 20:58:00 
25-Apr-19, 20:58:02 
25-Apr-19, 20:58:05 
25-Apr-19, 20:58:07 
25-Apr-19, 20:58:10 
25-Apr-19, 20:58:12 
25-Apr-19, 20:58:17 
25-Apr-19, 20:58:20 
25-Apr-19, 20:58:22 
25-Apr-19, 20:58:30 
25-Apr-19, 20:58:32 
25-Apr-19, 20:58:40 
25-Apr-19, 20:58:42 
25-Apr-19, 20:58:47 
25-Apr-19, 20:58:50 
25-Apr-19, 20:58:52 
25-Apr-19, 20:58:55 
25-Apr-19, 20:59:00 
25-Apr-19, 20:59:02 
25-Apr-19, 20:59:05 
25-Apr-19, 20:59:07 
25-Apr-19, 20:59:10 
25-Apr-19, 20:59:12 
25-Apr-19, 20:59:17 
25-Apr-19, 20:59:20 
25-Apr-19, 20:59:22 
25-Apr-19, 20:59:30 
25-Apr-19, 20:59:32 
25-Apr-19, 20:59:35 
25-Apr-19, 20:59:37 
25-Apr-19, 20:59:40 
25-Apr-19, 20:59:42 
25-Apr-19, 20:59:45 
25-Apr-19, 20:59:47 
25-Apr-19, 20:59:50 
25-Apr-19, 20:59:52 
25-Apr-19, 20:59:55 
25-Apr-19, 21:00:00 
25-Apr-19, 21:00:02 
25-Apr-19, 21:00:05 
25-Apr-19, 21:00:08 
25-Apr-19, 21:00:10 
25-Apr-19, 21:00:13 
25-Apr-19, 21:00:18 
25-Apr-19, 21:00:20 
25-Apr-19, 21:00:23 
25-Apr-19, 21:00:25 
25-Apr-19, 21:00:28 
25-Apr-19, 21:00:30 
25-Apr-19, 21:00:35 
25-Apr-19, 21:00:38 
25-Apr-19, 21:00:40 
25-Apr-19, 21:00:43 
25-Apr-19, 21:00:48 
25-Apr-19, 21:00:50 
25-Apr-19, 21:00:53 
25-Apr-19, 21:00:55 
25-Apr-19, 21:00:58 
25-Apr-19, 21:01:00 
25-Apr-19, 21:01:05 
25-Apr-19, 21:01:08 
25-Apr-19, 21:01:10 
25-Apr-19, 21:01:13 
25-Apr-19, 21:01:15 
25-Apr-19, 21:01:18 
25-Apr-19, 21:01:20 
25-Apr-19, 21:01:23 
25-Apr-19, 21:01:25 
25-Apr-19, 21:01:28 
25-Apr-19, 21:01:30 
25-Apr-19, 21:01:33 
25-Apr-19, 21:01:35 
25-Apr-19, 21:01:41 
25-Apr-19, 21:01:43 
25-Apr-19, 21:01:46 
25-Apr-19, 21:01:48 
25-Apr-19, 21:01:51 
25-Apr-19, 21:01:53 
25-Apr-19, 21:01:56 
25-Apr-19, 21:01:58 
25-Apr-19, 21:02:01 
25-Apr-19, 21:02:06 
25-Apr-19, 21:02:08 
25-Apr-19, 21:02:11 
25-Apr-19, 21:02:13 
25-Apr-19, 21:02:16 
25-Apr-19, 21:02:18 
25-Apr-19, 21:02:23 
25-Apr-19, 21:02:26 
25-Apr-19, 21:02:28 
25-Apr-19, 21:02:36 
25-Apr-19, 21:02:38 
25-Apr-19, 21:02:41 
25-Apr-19, 21:02:43 
25-Apr-19, 21:02:46 
25-Apr-19, 21:02:48 
25-Apr-19, 21:02:53 
25-Apr-19, 21:02:56 
25-Apr-19, 21:02:58 
25-Apr-19, 21:03:01 
25-Apr-19, 21:03:08 
25-Apr-19, 21:03:11 
25-Apr-19, 21:03:13 
25-Apr-19, 21:03:16 
25-Apr-19, 21:03:18 
25-Apr-19, 21:03:23 
25-Apr-19, 21:03:26 
25-Apr-19, 21:03:28 
25-Apr-19, 21:03:31 
25-Apr-19, 21:03:33 
25-Apr-19, 21:03:36 
25-Apr-19, 21:03:38 
25-Apr-19, 21:03:41 
25-Apr-19, 21:03:43 
25-Apr-19, 21:03:46 
25-Apr-19, 21:03:48 
25-Apr-19, 21:03:53 
25-Apr-19, 21:03:58 
25-Apr-19, 21:04:01 
25-Apr-19, 21:04:03 
25-Apr-19, 21:04:06 
25-Apr-19, 21:04:08 
25-Apr-19, 21:04:11 
25-Apr-19, 21:04:13 
25-Apr-19, 21:04:16 
25-Apr-19, 21:04:23 
25-Apr-19, 21:04:26 
25-Apr-19, 21:04:28 
25-Apr-19, 21:04:31 
25-Apr-19, 21:04:33 
25-Apr-19, 21:04:36 
25-Apr-19, 21:04:38 
25-Apr-19, 21:04:41 
25-Apr-19, 21:04:43 
25-Apr-19, 21:04:46 
25-Apr-19, 21:04:48 
25-Apr-19, 21:04:53 
25-Apr-19, 21:04:58 
25-Apr-19, 21:05:01 
25-Apr-19, 21:05:06 
25-Apr-19, 21:05:08 
25-Apr-19, 21:05:11 
25-Apr-19, 21:05:13 
25-Apr-19, 21:05:18 
25-Apr-19, 21:05:23 
25-Apr-19, 21:05:26 
25-Apr-19, 21:05:28 
25-Apr-19, 21:05:31 
25-Apr-19, 21:05:36 
25-Apr-19, 21:05:38 
26-Apr-19, 06:46:51 
26-Apr-19, 06:46:51 
26-Apr-19, 06:47:06 
26-Apr-19, 06:47:06 
26-Apr-19, 06:47:16 
26-Apr-19, 06:47:16 
26-Apr-19, 06:47:21 
26-Apr-19, 06:47:21 
26-Apr-19, 06:47:31 
26-Apr-19, 06:47:31 
26-Apr-19, 06:47:36 
26-Apr-19, 06:47:36 
26-Apr-19, 06:47:46 
26-Apr-19, 06:47:46 
26-Apr-19, 06:48:01 
26-Apr-19, 06:48:01 
26-Apr-19, 06:48:06 
26-Apr-19, 06:48:06 
26-Apr-19, 06:48:16 
26-Apr-19, 06:48:16 
26-Apr-19, 06:48:21 
26-Apr-19, 06:48:21 
26-Apr-19, 06:48:31 
26-Apr-19, 06:48:31 
26-Apr-19, 06:48:36 
26-Apr-19, 06:48:36 
26-Apr-19, 06:48:51 
26-Apr-19, 06:48:51 
26-Apr-19, 06:49:01 
26-Apr-19, 06:49:01 
26-Apr-19, 06:49:06 
26-Apr-19, 06:49:06 
26-Apr-19, 06:49:21 
26-Apr-19, 06:49:21 
26-Apr-19, 06:49:31 
26-Apr-19, 06:49:31 
26-Apr-19, 06:49:36 
26-Apr-19, 06:49:36 
26-Apr-19, 06:49:46 
26-Apr-19, 06:49:46 
26-Apr-19, 06:49:56 
26-Apr-19, 06:49:56 
26-Apr-19, 06:50:16 
26-Apr-19, 06:50:16 
26-Apr-19, 06:50:21 
26-Apr-19, 06:50:21 
26-Apr-19, 06:50:31 
26-Apr-19, 06:50:31 
26-Apr-19, 06:50:36 
26-Apr-19, 06:50:36 
26-Apr-19, 06:50:51 
26-Apr-19, 06:50:51 
26-Apr-19, 06:50:56 
26-Apr-19, 06:50:56 
26-Apr-19, 06:51:01 
26-Apr-19, 06:51:01 
26-Apr-19, 06:51:06 
26-Apr-19, 06:51:06 
26-Apr-19, 06:51:31 
26-Apr-19, 06:51:31 
26-Apr-19, 06:51:36 
26-Apr-19, 06:51:36 
26-Apr-19, 06:51:51 
26-Apr-19, 06:51:51 
26-Apr-19, 06:52:01 
26-Apr-19, 06:52:01 
26-Apr-19, 06:52:11 
26-Apr-19, 06:52:11 
26-Apr-19, 06:52:21 
26-Apr-19, 06:52:21 
26-Apr-19, 06:52:31 
26-Apr-19, 06:52:31 
26-Apr-19, 06:52:36 
26-Apr-19, 06:52:36 
26-Apr-19, 06:52:46 
26-Apr-19, 06:52:46 
26-Apr-19, 06:52:51 
26-Apr-19, 06:52:51 
26-Apr-19, 06:53:01 
26-Apr-19, 06:53:01 
26-Apr-19, 06:53:06 
26-Apr-19, 06:53:06 
26-Apr-19, 06:53:16 
26-Apr-19, 06:53:16 
26-Apr-19, 06:53:21 
26-Apr-19, 06:53:21 
26-Apr-19, 06:53:36 
26-Apr-19, 06:53:36 
26-Apr-19, 06:53:46 
26-Apr-19, 06:53:46 
26-Apr-19, 06:53:51 
26-Apr-19, 06:53:51 
26-Apr-19, 06:54:01 
26-Apr-19, 06:54:01 
26-Apr-19, 06:54:06 
26-Apr-19, 06:54:06 
26-Apr-19, 06:54:16 
26-Apr-19, 06:54:16 
26-Apr-19, 06:54:21 
26-Apr-19, 06:54:21 
26-Apr-19, 06:54:46 
26-Apr-19, 06:54:46 
26-Apr-19, 06:54:51 
26-Apr-19, 06:54:51 
26-Apr-19, 06:55:01 
26-Apr-19, 06:55:01 
26-Apr-19, 06:55:06 
26-Apr-19, 06:55:06 
26-Apr-19, 06:55:21 
26-Apr-19, 06:55:21 
26-Apr-19, 06:55:36 
26-Apr-19, 06:55:36 
26-Apr-19, 06:55:46 
26-Apr-19, 06:55:46 
26-Apr-19, 06:55:51 
26-Apr-19, 06:55:51 
26-Apr-19, 06:56:01 
26-Apr-19, 06:56:01 
26-Apr-19, 06:56:06 
26-Apr-19, 06:56:06 
26-Apr-19, 06:56:21 
26-Apr-19, 06:56:21 
26-Apr-19, 06:56:26 
26-Apr-19, 06:56:26 
26-Apr-19, 06:56:31 
26-Apr-19, 06:56:31 
26-Apr-19, 06:56:36 
26-Apr-19, 06:56:36 
26-Apr-19, 06:56:46 
26-Apr-19, 06:56:46 
26-Apr-19, 06:56:51 
26-Apr-19, 06:56:51 
26-Apr-19, 06:57:01 
26-Apr-19, 06:57:01 
26-Apr-19, 06:57:06 
26-Apr-19, 06:57:06 
26-Apr-19, 06:57:21 
26-Apr-19, 06:57:21 
26-Apr-19, 06:57:36 
26-Apr-19, 06:57:36 
26-Apr-19, 06:57:51 
26-Apr-19, 06:57:51 
26-Apr-19, 06:58:01 
26-Apr-19, 06:58:01 
26-Apr-19, 06:58:06 
26-Apr-19, 06:58:07 
26-Apr-19, 06:58:16 
26-Apr-19, 06:58:21 
26-Apr-19, 06:58:22 
26-Apr-19, 06:58:27 
26-Apr-19, 06:58:31 
26-Apr-19, 06:58:36 
26-Apr-19, 06:58:42 
26-Apr-19, 06:58:46 
26-Apr-19, 06:58:51 
26-Apr-19, 06:58:57 
26-Apr-19, 06:59:01 
26-Apr-19, 06:59:06 
26-Apr-19, 06:59:07 
26-Apr-19, 06:59:21 
26-Apr-19, 06:59:22 
26-Apr-19, 06:59:27 
26-Apr-19, 06:59:31 
26-Apr-19, 06:59:36 
26-Apr-19, 06:59:37 
26-Apr-19, 06:59:42 
26-Apr-19, 06:59:46 
26-Apr-19, 06:59:51 
26-Apr-19, 06:59:52 
26-Apr-19, 06:59:57 
26-Apr-19, 07:00:01 
26-Apr-19, 07:00:02 
26-Apr-19, 07:00:06 
26-Apr-19, 07:00:07 
26-Apr-19, 07:00:21 
26-Apr-19, 07:00:22 
26-Apr-19, 07:00:27 
26-Apr-19, 07:00:31 
26-Apr-19, 07:00:32 
26-Apr-19, 07:00:36 
26-Apr-19, 07:00:37 
26-Apr-19, 07:00:42 
26-Apr-19, 07:00:46 
26-Apr-19, 07:00:52 
26-Apr-19, 07:00:52 
26-Apr-19, 07:01:07 
26-Apr-19, 07:01:07 
26-Apr-19, 07:01:17 
26-Apr-19, 07:01:17 
26-Apr-19, 07:01:22 
26-Apr-19, 07:01:22 
26-Apr-19, 07:01:27 
26-Apr-19, 07:01:27 
26-Apr-19, 07:01:37 
26-Apr-19, 07:01:37 
26-Apr-19, 07:01:42 
26-Apr-19, 07:01:42 
26-Apr-19, 07:01:57 
26-Apr-19, 07:01:57 
26-Apr-19, 07:02:07 
26-Apr-19, 07:02:07 
26-Apr-19, 07:02:22 
26-Apr-19, 07:02:22 
26-Apr-19, 07:02:27 
26-Apr-19, 07:02:27 
26-Apr-19, 07:02:37 
26-Apr-19, 07:02:37 
26-Apr-19, 07:02:42 
26-Apr-19, 07:02:42 
26-Apr-19, 07:02:57 
26-Apr-19, 07:02:57 
26-Apr-19, 07:03:07 
26-Apr-19, 07:03:07 
26-Apr-19, 07:03:22 
26-Apr-19, 07:03:22 
26-Apr-19, 07:03:27 
26-Apr-19, 07:03:27 
26-Apr-19, 07:03:37 
26-Apr-19, 07:03:37 
26-Apr-19, 07:03:42 
26-Apr-19, 07:03:42 
26-Apr-19, 07:03:52 
26-Apr-19, 07:03:52 
26-Apr-19, 07:03:57 
26-Apr-19, 07:03:57 
26-Apr-19, 07:04:07 
26-Apr-19, 07:04:07 
26-Apr-19, 07:04:27 
26-Apr-19, 07:04:27 
26-Apr-19, 07:04:37 
26-Apr-19, 07:04:37 
26-Apr-19, 07:04:42 
26-Apr-19, 07:04:42 
26-Apr-19, 07:04:52 
26-Apr-19, 07:04:52 
26-Apr-19, 07:04:57 
26-Apr-19, 07:04:57 
26-Apr-19, 07:05:07 
26-Apr-19, 07:05:07 
26-Apr-19, 07:05:22 
26-Apr-19, 07:05:22 
26-Apr-19, 07:05:27 
26-Apr-19, 07:05:27 
26-Apr-19, 07:05:37 
26-Apr-19, 07:05:37 
26-Apr-19, 07:05:42 
26-Apr-19, 07:05:42 
26-Apr-19, 07:05:52 
26-Apr-19, 07:05:52 
26-Apr-19, 07:06:07 
26-Apr-19, 07:06:07 
26-Apr-19, 07:06:22 
26-Apr-19, 07:06:22 
26-Apr-19, 07:06:27 
26-Apr-19, 07:06:27 
26-Apr-19, 07:06:37 
26-Apr-19, 07:06:37 
26-Apr-19, 07:06:42 
26-Apr-19, 07:06:42 
26-Apr-19, 07:07:07 
26-Apr-19, 07:07:07 
26-Apr-19, 07:07:22 
26-Apr-19, 07:07:22 
26-Apr-19, 07:07:27 
26-Apr-19, 07:07:27 
26-Apr-19, 07:07:37 
26-Apr-19, 07:07:37 
26-Apr-19, 07:07:52 
26-Apr-19, 07:07:52 
26-Apr-19, 07:08:07 
26-Apr-19, 07:08:07 
26-Apr-19, 07:08:22 
26-Apr-19, 07:08:22 
26-Apr-19, 07:08:27 
26-Apr-19, 07:08:27 
26-Apr-19, 07:08:37 
26-Apr-19, 07:08:37 
26-Apr-19, 07:08:42 
26-Apr-19, 07:08:42 
26-Apr-19, 07:09:07 
26-Apr-19, 07:09:07 
26-Apr-19, 07:09:22 
26-Apr-19, 07:09:22 
26-Apr-19, 07:09:27 
26-Apr-19, 07:09:27 
26-Apr-19, 07:09:37 
26-Apr-19, 07:09:37 
26-Apr-19, 07:09:42 
26-Apr-19, 07:09:42 
26-Apr-19, 07:09:52 
26-Apr-19, 07:09:52 
26-Apr-19, 07:09:57 
26-Apr-19, 07:09:57 
26-Apr-19, 07:10:07 
26-Apr-19, 07:10:07 
26-Apr-19, 07:10:22 
26-Apr-19, 07:10:22 
26-Apr-19, 07:10:27 
26-Apr-19, 07:10:27 
26-Apr-19, 07:10:37 
26-Apr-19, 07:10:37 
26-Apr-19, 07:10:42 
26-Apr-19, 07:10:42 
26-Apr-19, 07:10:52 
26-Apr-19, 07:10:52 
26-Apr-19, 07:10:57 
26-Apr-19, 07:10:57 
26-Apr-19, 07:11:07 
26-Apr-19, 07:11:07 
26-Apr-19, 07:11:27 
26-Apr-19, 07:11:27 
26-Apr-19, 07:11:37 
26-Apr-19, 07:11:37 
26-Apr-19, 07:11:52 
26-Apr-19, 07:11:52 
26-Apr-19, 07:12:07 
26-Apr-19, 07:12:07 
26-Apr-19, 07:12:22 
26-Apr-19, 07:12:22 
26-Apr-19, 07:12:42 
26-Apr-19, 07:12:42 
26-Apr-19, 07:12:52 
26-Apr-19, 07:12:52 
26-Apr-19, 07:12:57 
26-Apr-19, 07:12:57 
26-Apr-19, 07:13:07 
26-Apr-19, 07:13:07 
26-Apr-19, 07:13:22 
26-Apr-19, 07:13:22 
26-Apr-19, 07:13:27 
26-Apr-19, 07:13:27 
26-Apr-19, 07:13:37 
26-Apr-19, 07:13:37 
26-Apr-19, 07:13:42 
26-Apr-19, 07:13:42 
26-Apr-19, 07:13:52 
26-Apr-19, 07:13:52 
26-Apr-19, 07:13:57 
26-Apr-19, 07:13:57 
26-Apr-19, 07:14:07 
26-Apr-19, 07:14:07 
26-Apr-19, 07:14:12 
26-Apr-19, 07:14:12 
26-Apr-19, 07:14:27 
26-Apr-19, 07:14:27 
26-Apr-19, 07:14:52 
26-Apr-19, 07:14:52 
26-Apr-19, 07:15:07 
26-Apr-19, 07:15:07 
26-Apr-19, 07:15:12 
26-Apr-19, 07:15:12 
26-Apr-19, 07:15:37 
26-Apr-19, 07:15:37 
26-Apr-19, 07:15:52 
26-Apr-19, 07:15:52 
26-Apr-19, 07:17:42 
26-Apr-19, 07:17:42 
26-Apr-19, 07:17:52 
26-Apr-19, 07:17:52 
26-Apr-19, 07:17:57 
26-Apr-19, 07:17:57 
26-Apr-19, 07:18:02 
26-Apr-19, 07:18:02 
26-Apr-19, 07:18:07 
26-Apr-19, 07:18:07 
26-Apr-19, 07:18:12 
26-Apr-19, 07:18:12 
26-Apr-19, 07:18:27 
26-Apr-19, 07:18:27 
26-Apr-19, 07:18:37 
26-Apr-19, 07:18:37 
26-Apr-19, 07:18:42 
26-Apr-19, 07:18:42 
26-Apr-19, 07:18:52 
26-Apr-19, 07:18:52 
26-Apr-19, 07:18:57 
26-Apr-19, 07:18:57 
26-Apr-19, 07:19:07 
26-Apr-19, 07:19:07 
26-Apr-19, 07:19:22 
26-Apr-19, 07:19:22 
26-Apr-19, 07:19:27 
26-Apr-19, 07:19:27 
26-Apr-19, 07:19:37 
26-Apr-19, 07:19:37 
26-Apr-19, 07:19:42 
26-Apr-19, 07:19:42 
26-Apr-19, 07:19:52 
26-Apr-19, 07:19:52 
26-Apr-19, 07:19:57 
26-Apr-19, 07:19:57 
26-Apr-19, 07:20:07 
26-Apr-19, 07:20:07 
26-Apr-19, 07:20:27 
26-Apr-19, 07:20:27 
26-Apr-19, 07:20:37 
26-Apr-19, 07:20:37 
26-Apr-19, 07:20:42 
26-Apr-19, 07:20:42 
26-Apr-19, 07:20:52 
26-Apr-19, 07:20:52 
26-Apr-19, 07:21:07 
26-Apr-19, 07:21:07 
26-Apr-19, 07:21:22 
26-Apr-19, 07:21:22 
26-Apr-19, 07:21:37 
26-Apr-19, 07:21:37 
26-Apr-19, 07:21:42 
26-Apr-19, 07:21:42 
26-Apr-19, 07:21:52 
26-Apr-19, 07:21:52 
26-Apr-19, 07:21:57 
26-Apr-19, 07:21:57 
26-Apr-19, 07:22:07 
26-Apr-19, 07:22:07 
26-Apr-19, 07:22:12 
26-Apr-19, 07:22:12 
26-Apr-19, 07:22:37 
26-Apr-19, 07:22:37 
26-Apr-19, 07:22:47 
26-Apr-19, 07:22:47 
26-Apr-19, 07:22:52 
26-Apr-19, 07:22:52 
26-Apr-19, 07:22:57 
26-Apr-19, 07:22:57 
26-Apr-19, 07:23:07 
26-Apr-19, 07:23:07 
26-Apr-19, 07:23:27 
26-Apr-19, 07:23:27 
26-Apr-19, 07:23:37 
26-Apr-19, 07:23:37 
26-Apr-19, 07:23:42 
26-Apr-19, 07:23:42 
26-Apr-19, 07:23:52 
26-Apr-19, 07:23:52 
26-Apr-19, 07:23:57 
26-Apr-19, 07:23:57 
26-Apr-19, 07:24:07 
26-Apr-19, 07:24:07 
26-Apr-19, 07:24:22 
26-Apr-19, 07:24:22 
26-Apr-19, 07:24:27 
26-Apr-19, 07:24:27 
26-Apr-19, 07:24:37 
26-Apr-19, 07:24:37 
26-Apr-19, 07:24:42 
26-Apr-19, 07:24:42 
26-Apr-19, 07:24:52 
26-Apr-19, 07:24:52 
26-Apr-19, 07:25:07 
26-Apr-19, 07:25:07 
26-Apr-19, 07:25:22 
26-Apr-19, 07:25:22 
26-Apr-19, 07:25:37 
26-Apr-19, 07:25:37 
26-Apr-19, 07:26:07 
26-Apr-19, 07:26:07 
26-Apr-19, 07:26:22 
26-Apr-19, 07:26:22 
26-Apr-19, 07:26:27 
26-Apr-19, 07:26:27 
26-Apr-19, 07:26:37 
26-Apr-19, 07:26:37 
26-Apr-19, 07:26:42 
26-Apr-19, 07:26:42 
26-Apr-19, 07:26:47 
26-Apr-19, 07:26:47 
26-Apr-19, 07:26:52 
26-Apr-19, 07:26:52 
26-Apr-19, 07:26:57 
26-Apr-19, 07:26:57 
26-Apr-19, 07:27:07 
26-Apr-19, 07:27:07 
26-Apr-19, 07:27:22 
26-Apr-19, 07:27:22 
26-Apr-19, 07:27:27 
26-Apr-19, 07:27:27 
26-Apr-19, 07:27:37 
26-Apr-19, 07:27:37 
26-Apr-19, 07:27:52 
26-Apr-19, 07:27:52 
26-Apr-19, 07:27:57 
26-Apr-19, 07:27:57 
26-Apr-19, 07:28:07 
26-Apr-19, 07:28:07 
26-Apr-19, 07:28:22 
26-Apr-19, 07:28:22 
26-Apr-19, 07:28:27 
26-Apr-19, 07:28:27 
26-Apr-19, 07:28:37 
26-Apr-19, 07:28:37 
26-Apr-19, 07:28:42 
26-Apr-19, 07:28:42 
26-Apr-19, 07:28:52 
26-Apr-19, 07:28:52 
26-Apr-19, 07:28:57 
26-Apr-19, 07:28:57 
26-Apr-19, 07:29:07 
26-Apr-19, 07:29:07 
26-Apr-19, 07:29:22 
26-Apr-19, 07:29:22 
26-Apr-19, 07:29:27 
26-Apr-19, 07:29:27 
26-Apr-19, 07:29:37 
26-Apr-19, 07:29:37 
26-Apr-19, 07:29:42 
26-Apr-19, 07:29:42 
26-Apr-19, 07:29:52 
26-Apr-19, 07:29:52 
26-Apr-19, 07:30:07 
26-Apr-19, 07:30:07 
26-Apr-19, 07:30:22 
26-Apr-19, 07:30:22 
26-Apr-19, 07:30:37 
26-Apr-19, 07:30:37 
26-Apr-19, 07:30:42 
26-Apr-19, 07:30:42 
26-Apr-19, 07:30:52 
26-Apr-19, 07:30:52 
26-Apr-19, 07:31:07 
26-Apr-19, 07:31:07 
26-Apr-19, 07:31:22 
26-Apr-19, 07:31:22 
26-Apr-19, 07:31:42 
26-Apr-19, 07:31:42 
26-Apr-19, 07:31:47 
26-Apr-19, 07:31:47 
26-Apr-19, 07:32:02 
26-Apr-19, 07:32:02 
26-Apr-19, 07:32:07 
26-Apr-19, 07:32:07 
26-Apr-19, 07:32:22 
26-Apr-19, 07:32:22 
26-Apr-19, 07:32:37 
26-Apr-19, 07:32:37 
26-Apr-19, 07:32:42 
26-Apr-19, 07:32:42 
26-Apr-19, 07:32:47 
26-Apr-19, 07:32:47 
26-Apr-19, 07:32:52 
26-Apr-19, 07:32:52 
26-Apr-19, 07:33:07 
26-Apr-19, 07:33:07 
26-Apr-19, 07:33:22 
26-Apr-19, 07:33:22 
26-Apr-19, 07:33:37 
26-Apr-19, 07:33:37 
26-Apr-19, 07:33:42 
26-Apr-19, 07:33:42 
26-Apr-19, 07:33:47 
26-Apr-19, 07:33:47 
26-Apr-19, 07:33:52 
26-Apr-19, 07:33:52 
25-Apr-19, 14:42:34 
25-Apr-19, 14:42:39 
25-Apr-19, 14:42:44 
25-Apr-19, 14:42:49 
25-Apr-19, 14:42:54 
25-Apr-19, 14:42:59 
25-Apr-19, 14:43:09 
25-Apr-19, 14:43:14 
25-Apr-19, 14:43:19 
25-Apr-19, 14:43:24 
25-Apr-19, 14:43:29 
25-Apr-19, 14:43:34 
25-Apr-19, 14:43:39 
25-Apr-19, 14:43:44 
25-Apr-19, 14:43:49 
25-Apr-19, 14:43:54 
25-Apr-19, 14:43:59 
25-Apr-19, 14:44:04 
25-Apr-19, 14:44:09 
25-Apr-19, 14:44:14 
25-Apr-19, 14:44:24 
25-Apr-19, 14:44:29 
25-Apr-19, 14:44:34 
25-Apr-19, 14:44:39 
25-Apr-19, 14:44:44 
25-Apr-19, 14:44:49 
25-Apr-19, 14:44:54 
25-Apr-19, 14:44:59 
25-Apr-19, 14:45:04 
25-Apr-19, 14:45:09 
25-Apr-19, 14:45:14 
25-Apr-19, 14:45:19 
25-Apr-19, 14:45:24 
25-Apr-19, 14:45:29 
25-Apr-19, 14:45:34 
25-Apr-19, 14:45:39 
25-Apr-19, 14:45:44 
25-Apr-19, 14:45:49 
25-Apr-19, 14:45:54 
25-Apr-19, 14:45:59 
25-Apr-19, 14:46:04 
25-Apr-19, 14:46:09 
25-Apr-19, 14:46:14 
25-Apr-19, 14:46:19 
25-Apr-19, 14:46:24 
25-Apr-19, 14:46:29 
25-Apr-19, 14:46:34 
25-Apr-19, 14:46:39 
25-Apr-19, 14:46:44 
25-Apr-19, 14:46:49 
25-Apr-19, 14:46:54 
25-Apr-19, 14:46:59 
25-Apr-19, 14:47:04 
25-Apr-19, 14:47:09 
25-Apr-19, 14:47:14 
25-Apr-19, 14:47:19 
25-Apr-19, 14:47:24 
25-Apr-19, 14:47:29 
25-Apr-19, 14:47:34 
25-Apr-19, 14:47:39 
25-Apr-19, 14:47:44 
25-Apr-19, 14:47:49 
25-Apr-19, 14:47:54 
25-Apr-19, 14:47:59 
25-Apr-19, 14:48:04 
25-Apr-19, 14:48:09 
25-Apr-19, 14:48:14 
25-Apr-19, 14:48:19 
25-Apr-19, 14:48:24 
25-Apr-19, 14:48:29 
25-Apr-19, 14:48:34 
25-Apr-19, 14:48:39 
25-Apr-19, 14:48:49 
25-Apr-19, 14:48:59 
25-Apr-19, 14:49:04 
25-Apr-19, 14:49:09 
25-Apr-19, 14:49:14 
25-Apr-19, 14:49:24 
25-Apr-19, 14:49:29 
25-Apr-19, 14:49:34 
25-Apr-19, 14:49:39 
25-Apr-19, 14:49:44 
25-Apr-19, 14:49:49 
25-Apr-19, 14:49:54 
25-Apr-19, 14:49:59 
25-Apr-19, 14:50:04 
25-Apr-19, 14:50:09 
25-Apr-19, 14:50:14 
25-Apr-19, 14:50:19 
25-Apr-19, 14:50:24 
25-Apr-19, 14:50:29 
25-Apr-19, 14:50:39 
25-Apr-19, 14:50:44 
25-Apr-19, 14:50:49 
25-Apr-19, 14:50:55 
25-Apr-19, 14:51:00 
25-Apr-19, 14:51:05 
25-Apr-19, 14:51:10 
25-Apr-19, 14:51:15 
25-Apr-19, 14:51:20 
25-Apr-19, 14:51:25 
25-Apr-19, 14:51:30 
25-Apr-19, 14:51:35 
25-Apr-19, 14:51:40 
25-Apr-19, 14:51:45 
25-Apr-19, 14:51:50 
25-Apr-19, 14:51:55 
25-Apr-19, 14:52:00 
25-Apr-19, 14:52:05 
25-Apr-19, 14:52:10 
25-Apr-19, 14:52:15 
25-Apr-19, 14:52:20 
25-Apr-19, 14:52:25 
25-Apr-19, 14:52:30 
25-Apr-19, 14:52:35 
25-Apr-19, 14:52:40 
25-Apr-19, 14:52:45 
25-Apr-19, 14:52:50 
25-Apr-19, 14:52:55 
25-Apr-19, 14:53:00 
25-Apr-19, 14:53:05 
25-Apr-19, 14:53:10 
25-Apr-19, 14:53:15 
25-Apr-19, 14:53:20 
25-Apr-19, 14:53:25 
25-Apr-19, 14:53:30 
25-Apr-19, 14:53:35 
25-Apr-19, 14:53:40 
25-Apr-19, 14:53:45 
25-Apr-19, 14:53:50 
25-Apr-19, 14:53:55 
25-Apr-19, 14:54:00 
25-Apr-19, 14:54:05 
25-Apr-19, 14:54:10 
25-Apr-19, 14:54:15 
25-Apr-19, 14:54:25 
25-Apr-19, 14:54:30 
25-Apr-19, 14:54:35 
25-Apr-19, 14:54:40 
25-Apr-19, 14:54:51 
25-Apr-19, 14:54:56 
25-Apr-19, 14:55:01 
25-Apr-19, 14:55:06 
25-Apr-19, 14:55:11 
25-Apr-19, 14:55:16 
25-Apr-19, 14:55:21 
25-Apr-19, 14:55:25 
25-Apr-19, 14:55:30 
25-Apr-19, 14:55:35 
25-Apr-19, 14:55:36 
25-Apr-19, 14:55:40 
25-Apr-19, 14:55:41 
25-Apr-19, 14:55:45 
25-Apr-19, 14:55:46 
25-Apr-19, 14:55:50 
25-Apr-19, 14:55:51 
25-Apr-19, 14:55:55 
25-Apr-19, 14:55:56 
25-Apr-19, 14:56:00 
25-Apr-19, 14:56:05 
25-Apr-19, 14:56:06 
25-Apr-19, 14:56:10 
25-Apr-19, 14:56:11 
25-Apr-19, 14:56:15 
25-Apr-19, 14:56:16 
25-Apr-19, 14:56:20 
25-Apr-19, 14:56:21 
25-Apr-19, 14:56:25 
25-Apr-19, 14:56:26 
25-Apr-19, 14:56:30 
25-Apr-19, 14:56:31 
25-Apr-19, 14:56:35 
25-Apr-19, 14:56:36 
25-Apr-19, 14:56:40 
25-Apr-19, 14:56:41 
25-Apr-19, 14:56:45 
25-Apr-19, 14:56:46 
25-Apr-19, 14:56:50 
25-Apr-19, 14:56:51 
25-Apr-19, 14:56:56 
25-Apr-19, 14:57:00 
25-Apr-19, 14:57:01 
25-Apr-19, 14:57:05 
25-Apr-19, 14:57:06 
25-Apr-19, 14:57:10 
25-Apr-19, 14:57:15 
25-Apr-19, 14:57:16 
25-Apr-19, 14:57:20 
25-Apr-19, 14:57:21 
25-Apr-19, 14:57:26 
25-Apr-19, 14:57:30 
25-Apr-19, 14:57:31 
25-Apr-19, 14:57:35 
25-Apr-19, 14:57:36 
25-Apr-19, 14:57:41 
25-Apr-19, 14:57:45 
25-Apr-19, 14:57:46 
25-Apr-19, 14:57:50 
25-Apr-19, 14:57:51 
25-Apr-19, 14:57:55 
25-Apr-19, 14:57:56 
25-Apr-19, 14:58:00 
25-Apr-19, 14:58:01 
25-Apr-19, 14:58:05 
25-Apr-19, 14:58:06 
25-Apr-19, 14:58:10 
25-Apr-19, 14:58:11 
25-Apr-19, 14:58:15 
25-Apr-19, 14:58:16 
25-Apr-19, 14:58:20 
25-Apr-19, 14:58:21 
25-Apr-19, 14:58:25 
25-Apr-19, 14:58:26 
25-Apr-19, 14:58:30 
25-Apr-19, 14:58:35 
25-Apr-19, 14:58:36 
25-Apr-19, 14:58:41 
25-Apr-19, 14:58:41 
25-Apr-19, 14:58:46 
25-Apr-19, 14:58:47 
25-Apr-19, 14:58:51 
25-Apr-19, 14:58:52 
25-Apr-19, 14:58:56 
25-Apr-19, 14:58:57 
25-Apr-19, 14:59:01 
25-Apr-19, 14:59:02 
25-Apr-19, 14:59:06 
25-Apr-19, 14:59:07 
25-Apr-19, 14:59:11 
25-Apr-19, 14:59:12 
25-Apr-19, 14:59:16 
25-Apr-19, 14:59:17 
25-Apr-19, 14:59:21 
25-Apr-19, 14:59:22 
25-Apr-19, 14:59:26 
25-Apr-19, 14:59:27 
25-Apr-19, 14:59:31 
25-Apr-19, 14:59:32 
25-Apr-19, 14:59:36 
25-Apr-19, 14:59:37 
25-Apr-19, 14:59:41 
25-Apr-19, 14:59:42 
25-Apr-19, 14:59:46 
25-Apr-19, 14:59:47 
25-Apr-19, 14:59:51 
25-Apr-19, 14:59:52 
25-Apr-19, 14:59:56 
25-Apr-19, 14:59:57 
25-Apr-19, 15:00:01 
25-Apr-19, 15:00:02 
25-Apr-19, 15:00:06 
25-Apr-19, 15:00:07 
25-Apr-19, 15:00:11 
25-Apr-19, 15:00:12 
25-Apr-19, 15:00:16 
25-Apr-19, 15:00:17 
25-Apr-19, 15:00:21 
25-Apr-19, 15:00:22 
25-Apr-19, 15:00:26 
25-Apr-19, 15:00:27 
25-Apr-19, 15:00:31 
25-Apr-19, 15:00:32 
25-Apr-19, 15:00:36 
25-Apr-19, 15:00:37 
25-Apr-19, 15:00:41 
25-Apr-19, 15:00:42 
25-Apr-19, 15:00:46 
25-Apr-19, 15:00:47 
25-Apr-19, 15:00:51 
25-Apr-19, 15:00:52 
25-Apr-19, 15:00:56 
25-Apr-19, 15:00:57 
25-Apr-19, 15:01:01 
25-Apr-19, 15:01:02 
25-Apr-19, 15:01:06 
25-Apr-19, 15:01:07 
25-Apr-19, 15:01:11 
25-Apr-19, 15:01:12 
25-Apr-19, 15:01:16 
25-Apr-19, 15:01:17 
25-Apr-19, 15:01:21 
25-Apr-19, 15:01:22 
25-Apr-19, 15:01:27 
25-Apr-19, 15:01:31 
25-Apr-19, 15:01:32 
25-Apr-19, 15:01:36 
25-Apr-19, 15:01:37 
25-Apr-19, 15:01:41 
25-Apr-19, 15:01:42 
25-Apr-19, 15:01:46 
25-Apr-19, 15:01:47 
25-Apr-19, 15:01:51 
25-Apr-19, 15:01:52 
25-Apr-19, 15:01:56 
25-Apr-19, 15:01:57 
25-Apr-19, 15:02:01 
25-Apr-19, 15:02:02 
25-Apr-19, 15:02:06 
25-Apr-19, 15:02:07 
25-Apr-19, 15:02:11 
25-Apr-19, 15:02:12 
25-Apr-19, 15:02:16 
25-Apr-19, 15:02:17 
25-Apr-19, 15:02:21 
25-Apr-19, 15:02:22 
25-Apr-19, 15:02:26 
25-Apr-19, 15:02:27 
25-Apr-19, 15:02:31 
25-Apr-19, 15:02:32 
25-Apr-19, 15:02:36 
25-Apr-19, 15:02:37 
25-Apr-19, 15:02:41 
25-Apr-19, 15:02:42 
25-Apr-19, 15:02:46 
25-Apr-19, 15:02:47 
25-Apr-19, 15:02:51 
25-Apr-19, 15:02:52 
25-Apr-19, 15:02:56 
25-Apr-19, 15:02:57 
25-Apr-19, 15:03:01 
25-Apr-19, 15:03:02 
25-Apr-19, 15:03:07 
25-Apr-19, 15:03:16 
25-Apr-19, 15:03:17 
25-Apr-19, 15:03:21 
25-Apr-19, 15:03:22 
25-Apr-19, 15:03:26 
25-Apr-19, 15:03:27 
25-Apr-19, 15:03:31 
25-Apr-19, 15:03:32 
25-Apr-19, 15:03:36 
25-Apr-19, 15:03:37 
25-Apr-19, 15:03:41 
25-Apr-19, 15:03:43 
25-Apr-19, 15:03:46 
25-Apr-19, 15:03:48 
25-Apr-19, 15:03:51 
25-Apr-19, 15:03:53 
25-Apr-19, 15:03:56 
25-Apr-19, 15:03:58 
25-Apr-19, 15:04:01 
25-Apr-19, 15:04:03 
25-Apr-19, 15:04:06 
25-Apr-19, 15:04:08 
25-Apr-19, 15:04:11 
25-Apr-19, 15:04:13 
25-Apr-19, 15:04:16 
25-Apr-19, 15:04:18 
25-Apr-19, 15:04:21 
25-Apr-19, 15:04:23 
25-Apr-19, 15:04:26 
25-Apr-19, 15:04:28 
25-Apr-19, 15:04:31 
25-Apr-19, 15:04:33 
25-Apr-19, 15:04:36 
25-Apr-19, 15:04:38 
25-Apr-19, 15:04:41 
25-Apr-19, 15:04:43 
25-Apr-19, 15:04:46 
25-Apr-19, 15:04:48 
25-Apr-19, 15:04:51 
25-Apr-19, 15:04:53 
25-Apr-19, 15:04:56 
25-Apr-19, 15:04:58 
25-Apr-19, 15:05:01 
25-Apr-19, 15:05:03 
25-Apr-19, 15:05:06 
25-Apr-19, 15:05:08 
25-Apr-19, 15:05:11 
25-Apr-19, 15:05:13 
25-Apr-19, 15:05:21 
25-Apr-19, 15:05:23 
25-Apr-19, 15:05:26 
25-Apr-19, 15:05:28 
25-Apr-19, 15:05:32 
25-Apr-19, 15:05:33 
25-Apr-19, 15:05:37 
25-Apr-19, 15:05:38 
25-Apr-19, 15:05:42 
25-Apr-19, 15:05:43 
25-Apr-19, 15:05:47 
25-Apr-19, 15:05:48 
25-Apr-19, 15:05:52 
25-Apr-19, 15:05:53 
25-Apr-19, 15:05:57 
25-Apr-19, 15:05:58 
25-Apr-19, 15:06:02 
25-Apr-19, 15:06:03 
25-Apr-19, 15:06:07 
25-Apr-19, 15:06:08 
25-Apr-19, 15:06:12 
25-Apr-19, 15:06:13 
25-Apr-19, 15:06:17 
25-Apr-19, 15:06:18 
25-Apr-19, 15:06:22 
25-Apr-19, 15:06:23 
25-Apr-19, 15:06:27 
25-Apr-19, 15:06:28 
25-Apr-19, 15:06:32 
25-Apr-19, 15:06:33 
25-Apr-19, 15:06:37 
25-Apr-19, 15:06:38 
25-Apr-19, 15:06:42 
25-Apr-19, 15:06:43 
25-Apr-19, 15:06:47 
25-Apr-19, 15:06:48 
25-Apr-19, 15:06:52 
25-Apr-19, 15:06:53 
25-Apr-19, 15:06:57 
25-Apr-19, 15:06:58 
25-Apr-19, 15:07:02 
25-Apr-19, 15:07:03 
25-Apr-19, 15:07:07 
25-Apr-19, 15:07:08 
25-Apr-19, 15:07:12 
25-Apr-19, 15:07:13 
25-Apr-19, 15:07:17 
25-Apr-19, 15:07:18 
25-Apr-19, 15:07:22 
25-Apr-19, 15:07:23 
25-Apr-19, 15:07:27 
25-Apr-19, 15:07:28 
25-Apr-19, 15:07:32 
25-Apr-19, 15:07:33 
25-Apr-19, 15:07:37 
25-Apr-19, 15:07:39 
25-Apr-19, 15:07:42 
25-Apr-19, 15:07:44 
25-Apr-19, 15:07:47 
25-Apr-19, 15:07:49 
25-Apr-19, 15:07:52 
25-Apr-19, 15:07:54 
25-Apr-19, 15:07:57 
25-Apr-19, 15:07:59 
25-Apr-19, 15:08:02 
25-Apr-19, 15:08:07 
25-Apr-19, 15:08:09 
25-Apr-19, 15:08:12 
25-Apr-19, 15:08:17 
25-Apr-19, 15:08:19 
25-Apr-19, 15:08:22 
25-Apr-19, 15:08:24 
25-Apr-19, 15:08:27 
25-Apr-19, 15:08:29 
25-Apr-19, 15:08:32 
25-Apr-19, 15:08:34 
25-Apr-19, 15:08:37 
25-Apr-19, 15:08:39 
25-Apr-19, 15:08:42 
25-Apr-19, 15:08:44 
25-Apr-19, 15:08:47 
25-Apr-19, 15:08:49 
25-Apr-19, 15:08:52 
25-Apr-19, 15:08:54 
25-Apr-19, 15:08:57 
25-Apr-19, 15:08:59 
25-Apr-19, 15:09:02 
25-Apr-19, 15:09:04 
25-Apr-19, 15:09:07 
25-Apr-19, 15:09:09 
25-Apr-19, 15:09:18 
25-Apr-19, 15:09:19 
25-Apr-19, 15:09:23 
25-Apr-19, 15:09:24 
25-Apr-19, 15:09:28 
25-Apr-19, 15:09:29 
25-Apr-19, 15:09:33 
25-Apr-19, 15:09:34 
25-Apr-19, 15:09:39 
25-Apr-19, 15:09:43 
25-Apr-19, 15:09:44 
25-Apr-19, 15:09:48 
25-Apr-19, 15:09:49 
25-Apr-19, 15:09:53 
25-Apr-19, 15:09:54 
25-Apr-19, 15:09:58 
25-Apr-19, 15:10:03 
25-Apr-19, 15:10:04 
25-Apr-19, 15:10:08 
25-Apr-19, 15:10:09 
25-Apr-19, 15:10:13 
25-Apr-19, 15:10:14 
25-Apr-19, 15:10:18 
25-Apr-19, 15:10:19 
25-Apr-19, 15:10:23 
25-Apr-19, 15:10:24 
25-Apr-19, 15:10:29 
25-Apr-19, 15:10:33 
25-Apr-19, 15:10:34 
25-Apr-19, 15:10:39 
25-Apr-19, 15:10:43 
25-Apr-19, 15:10:44 
25-Apr-19, 15:10:48 
25-Apr-19, 15:10:49 
25-Apr-19, 15:10:53 
25-Apr-19, 15:10:54 
25-Apr-19, 15:10:58 
25-Apr-19, 15:10:59 
25-Apr-19, 15:11:03 
25-Apr-19, 15:11:04 
25-Apr-19, 15:11:08 
25-Apr-19, 15:11:09 
25-Apr-19, 15:11:13 
25-Apr-19, 15:11:14 
25-Apr-19, 15:11:18 
25-Apr-19, 15:11:19 
25-Apr-19, 15:11:23 
25-Apr-19, 15:11:24 
25-Apr-19, 15:11:28 
25-Apr-19, 15:11:30 
25-Apr-19, 15:11:33 
25-Apr-19, 15:11:38 
25-Apr-19, 15:11:40 
25-Apr-19, 15:11:43 
25-Apr-19, 15:11:45 
25-Apr-19, 15:11:48 
25-Apr-19, 15:11:50 
25-Apr-19, 15:11:53 
25-Apr-19, 15:11:55 
25-Apr-19, 15:11:58 
25-Apr-19, 15:12:00 
25-Apr-19, 15:12:03 
25-Apr-19, 15:12:05 
25-Apr-19, 15:12:08 
25-Apr-19, 15:12:10 
25-Apr-19, 15:12:13 
25-Apr-19, 15:12:15 
25-Apr-19, 15:12:18 
25-Apr-19, 15:12:20 
25-Apr-19, 15:12:23 
25-Apr-19, 15:12:25 
25-Apr-19, 15:12:28 
25-Apr-19, 15:12:30 
25-Apr-19, 15:12:33 
25-Apr-19, 15:12:35 
25-Apr-19, 15:12:38 
25-Apr-19, 15:12:40 
25-Apr-19, 15:12:43 
25-Apr-19, 15:12:45 
25-Apr-19, 15:12:48 
25-Apr-19, 15:12:50 
25-Apr-19, 15:12:53 
25-Apr-19, 15:12:55 
25-Apr-19, 15:12:58 
25-Apr-19, 15:13:00 
25-Apr-19, 15:13:03 
25-Apr-19, 15:13:05 
25-Apr-19, 15:13:08 
25-Apr-19, 15:13:10 
25-Apr-19, 15:13:13 
25-Apr-19, 15:13:15 
25-Apr-19, 15:13:18 
25-Apr-19, 15:13:20 
25-Apr-19, 15:13:23 
25-Apr-19, 15:13:28 
25-Apr-19, 15:13:30 
25-Apr-19, 15:13:35 
25-Apr-19, 15:13:38 
25-Apr-19, 15:13:40 
25-Apr-19, 15:13:43 
25-Apr-19, 15:13:45 
25-Apr-19, 15:13:48 
25-Apr-19, 15:13:50 
25-Apr-19, 15:13:53 
25-Apr-19, 15:13:55 
25-Apr-19, 15:13:58 
25-Apr-19, 15:14:00 
25-Apr-19, 15:14:03 
25-Apr-19, 15:14:05 
25-Apr-19, 15:14:08 
25-Apr-19, 15:14:10 
25-Apr-19, 15:14:13 
25-Apr-19, 15:14:15 
25-Apr-19, 15:14:18 
25-Apr-19, 15:14:20 
25-Apr-19, 15:14:23 
25-Apr-19, 15:14:25 
25-Apr-19, 15:14:28 
25-Apr-19, 15:14:30 
25-Apr-19, 15:14:35 
25-Apr-19, 15:14:39 
25-Apr-19, 15:14:40 
25-Apr-19, 15:14:44 
25-Apr-19, 15:14:45 
25-Apr-19, 15:14:49 
25-Apr-19, 15:14:50 
25-Apr-19, 15:14:54 
25-Apr-19, 15:14:55 
25-Apr-19, 15:14:59 
25-Apr-19, 15:15:00 
25-Apr-19, 15:15:04 
25-Apr-19, 15:15:05 
25-Apr-19, 15:15:09 
25-Apr-19, 15:15:10 
25-Apr-19, 15:15:14 
25-Apr-19, 15:15:15 
25-Apr-19, 15:15:20 
25-Apr-19, 15:15:24 
25-Apr-19, 15:15:25 
25-Apr-19, 15:15:29 
25-Apr-19, 15:15:30 
25-Apr-19, 15:15:34 
25-Apr-19, 15:15:35 
25-Apr-19, 15:15:39 
25-Apr-19, 15:15:40 
25-Apr-19, 15:15:44 
25-Apr-19, 15:15:45 
25-Apr-19, 15:15:49 
25-Apr-19, 15:15:50 
25-Apr-19, 15:15:54 
25-Apr-19, 15:15:55 
25-Apr-19, 15:15:59 
25-Apr-19, 15:16:00 
25-Apr-19, 15:16:04 
25-Apr-19, 15:16:05 
25-Apr-19, 15:16:09 
25-Apr-19, 15:16:10 
25-Apr-19, 15:16:14 
25-Apr-19, 15:16:15 
25-Apr-19, 15:16:19 
25-Apr-19, 15:16:20 
25-Apr-19, 15:16:24 
25-Apr-19, 15:16:25 
25-Apr-19, 15:16:29 
25-Apr-19, 15:16:30 
25-Apr-19, 15:16:34 
25-Apr-19, 15:16:35 
25-Apr-19, 15:16:39 
25-Apr-19, 15:16:40 
25-Apr-19, 15:16:44 
25-Apr-19, 15:16:45 
25-Apr-19, 15:16:50 
25-Apr-19, 15:16:54 
25-Apr-19, 15:16:55 
25-Apr-19, 15:16:59 
25-Apr-19, 15:17:00 
25-Apr-19, 15:17:04 
25-Apr-19, 15:17:05 
25-Apr-19, 15:17:09 
25-Apr-19, 15:17:10 
25-Apr-19, 15:17:14 
25-Apr-19, 15:17:15 
25-Apr-19, 15:17:19 
25-Apr-19, 15:17:20 
25-Apr-19, 15:17:25 
25-Apr-19, 15:17:29 
25-Apr-19, 15:17:31 
25-Apr-19, 15:17:34 
25-Apr-19, 15:17:36 
25-Apr-19, 15:17:39 
25-Apr-19, 15:17:41 
25-Apr-19, 15:17:44 
25-Apr-19, 15:17:46 
25-Apr-19, 15:17:49 
25-Apr-19, 15:17:51 
25-Apr-19, 15:17:54 
25-Apr-19, 15:17:56 
25-Apr-19, 15:17:59 
25-Apr-19, 15:18:01 
25-Apr-19, 15:18:04 
25-Apr-19, 15:18:06 
25-Apr-19, 15:18:09 
25-Apr-19, 15:18:11 
25-Apr-19, 15:18:14 
25-Apr-19, 15:18:16 
25-Apr-19, 15:18:21 
25-Apr-19, 15:18:24 
25-Apr-19, 15:18:26 
25-Apr-19, 15:18:34 
25-Apr-19, 15:18:39 
25-Apr-19, 15:18:41 
25-Apr-19, 15:18:44 
25-Apr-19, 15:18:46 
25-Apr-19, 15:18:49 
25-Apr-19, 15:18:51 
25-Apr-19, 15:18:54 
25-Apr-19, 15:18:56 
25-Apr-19, 15:18:59 
25-Apr-19, 15:19:01 
25-Apr-19, 15:19:04 
25-Apr-19, 15:19:06 
25-Apr-19, 15:19:09 
25-Apr-19, 15:19:11 
25-Apr-19, 15:19:14 
25-Apr-19, 15:19:16 
25-Apr-19, 15:19:19 
25-Apr-19, 15:19:21 
25-Apr-19, 15:19:25 
25-Apr-19, 15:19:26 
25-Apr-19, 15:19:30 
25-Apr-19, 15:19:35 
25-Apr-19, 15:19:36 
25-Apr-19, 15:19:40 
25-Apr-19, 15:19:41 
25-Apr-19, 15:19:46 
25-Apr-19, 15:19:55 
25-Apr-19, 15:19:56 
25-Apr-19, 15:20:00 
25-Apr-19, 15:20:01 
25-Apr-19, 15:20:05 
25-Apr-19, 15:20:06 
25-Apr-19, 15:20:10 
25-Apr-19, 15:20:11 
25-Apr-19, 15:20:15 
25-Apr-19, 15:20:16 
25-Apr-19, 15:20:20 
25-Apr-19, 15:20:21 
25-Apr-19, 15:20:25 
25-Apr-19, 15:20:26 
25-Apr-19, 15:20:30 
25-Apr-19, 15:20:31 
25-Apr-19, 15:20:35 
25-Apr-19, 15:20:36 
25-Apr-19, 15:20:40 
25-Apr-19, 15:20:41 
25-Apr-19, 15:20:45 
25-Apr-19, 15:20:46 
25-Apr-19, 15:20:50 
25-Apr-19, 15:20:51 
25-Apr-19, 15:20:55 
25-Apr-19, 15:20:56 
25-Apr-19, 15:21:00 
25-Apr-19, 15:21:01 
25-Apr-19, 15:21:05 
25-Apr-19, 15:21:06 
25-Apr-19, 15:21:10 
25-Apr-19, 15:21:11 
25-Apr-19, 15:21:15 
25-Apr-19, 15:21:16 
25-Apr-19, 15:21:20 
25-Apr-19, 15:21:21 
25-Apr-19, 15:21:25 
25-Apr-19, 15:21:26 
25-Apr-19, 15:21:30 
25-Apr-19, 15:21:31 
25-Apr-19, 15:21:35 
25-Apr-19, 15:21:36 
25-Apr-19, 15:21:40 
25-Apr-19, 15:21:41 
25-Apr-19, 15:21:45 
25-Apr-19, 15:21:46 
25-Apr-19, 15:21:50 
25-Apr-19, 15:21:51 
25-Apr-19, 15:21:55 
25-Apr-19, 15:21:56 
25-Apr-19, 15:22:00 
25-Apr-19, 15:22:01 
25-Apr-19, 15:22:05 
25-Apr-19, 15:22:06 
25-Apr-19, 15:22:10 
25-Apr-19, 15:22:11 
25-Apr-19, 15:22:15 
25-Apr-19, 15:22:17 
25-Apr-19, 15:22:20 
25-Apr-19, 15:22:22 
25-Apr-19, 15:22:25 
25-Apr-19, 15:22:27 
25-Apr-19, 15:22:30 
25-Apr-19, 15:22:32 
25-Apr-19, 15:22:35 
25-Apr-19, 15:22:40 
25-Apr-19, 15:22:42 
25-Apr-19, 15:22:45 
25-Apr-19, 15:22:47 
25-Apr-19, 15:22:50 
25-Apr-19, 15:22:52 
25-Apr-19, 15:22:55 
25-Apr-19, 15:22:57 
25-Apr-19, 15:23:00 
25-Apr-19, 15:23:02 
25-Apr-19, 15:23:05 
25-Apr-19, 15:23:07 
25-Apr-19, 15:23:10 
25-Apr-19, 15:23:12 
25-Apr-19, 15:23:16 
25-Apr-19, 15:23:17 
25-Apr-19, 15:23:21 
25-Apr-19, 15:23:22 
25-Apr-19, 15:23:26 
25-Apr-19, 15:23:27 
25-Apr-19, 15:23:31 
25-Apr-19, 15:23:32 
25-Apr-19, 15:23:36 
25-Apr-19, 15:23:37 
25-Apr-19, 15:23:41 
25-Apr-19, 15:23:42 
25-Apr-19, 15:23:46 
25-Apr-19, 15:23:47 
25-Apr-19, 15:23:51 
25-Apr-19, 15:23:52 
25-Apr-19, 15:23:56 
25-Apr-19, 15:23:57 
25-Apr-19, 15:24:01 
25-Apr-19, 15:24:06 
25-Apr-19, 15:24:07 
25-Apr-19, 15:24:11 
25-Apr-19, 15:24:12 
25-Apr-19, 15:24:16 
25-Apr-19, 15:24:17 
25-Apr-19, 15:24:21 
25-Apr-19, 15:24:22 
25-Apr-19, 15:24:26 
25-Apr-19, 15:24:31 
25-Apr-19, 15:24:32 
25-Apr-19, 15:24:36 
25-Apr-19, 15:24:37 
25-Apr-19, 15:24:41 
25-Apr-19, 15:24:42 
25-Apr-19, 15:24:46 
25-Apr-19, 15:24:47 
25-Apr-19, 15:24:51 
25-Apr-19, 15:24:52 
25-Apr-19, 15:24:56 
25-Apr-19, 15:24:57 
25-Apr-19, 15:25:01 
25-Apr-19, 15:25:02 
25-Apr-19, 15:25:06 
25-Apr-19, 15:25:07 
25-Apr-19, 15:25:11 
25-Apr-19, 15:25:12 
25-Apr-19, 15:25:16 
25-Apr-19, 15:25:17 
25-Apr-19, 15:25:21 
25-Apr-19, 15:25:22 
25-Apr-19, 15:25:26 
25-Apr-19, 15:25:27 
25-Apr-19, 15:25:31 
25-Apr-19, 15:25:32 
25-Apr-19, 15:25:36 
25-Apr-19, 15:25:37 
25-Apr-19, 15:25:41 
25-Apr-19, 15:25:42 
25-Apr-19, 15:25:46 
25-Apr-19, 15:25:47 
25-Apr-19, 15:25:51 
25-Apr-19, 15:25:52 
25-Apr-19, 15:25:56 
25-Apr-19, 15:25:57 
25-Apr-19, 15:26:01 
25-Apr-19, 15:26:03 
25-Apr-19, 15:26:06 
25-Apr-19, 15:26:08 
25-Apr-19, 15:26:11 
25-Apr-19, 15:26:13 
25-Apr-19, 15:26:16 
25-Apr-19, 15:26:18 
25-Apr-19, 15:26:21 
25-Apr-19, 15:26:23 
25-Apr-19, 15:26:27 
25-Apr-19, 15:26:28 
25-Apr-19, 15:26:32 
25-Apr-19, 15:26:33 
25-Apr-19, 15:26:37 
25-Apr-19, 15:26:38 
25-Apr-19, 15:26:42 
25-Apr-19, 15:26:43 
25-Apr-19, 15:26:47 
25-Apr-19, 15:26:48 
25-Apr-19, 15:26:52 
25-Apr-19, 15:26:53 
25-Apr-19, 15:26:57 
25-Apr-19, 15:26:58 
25-Apr-19, 15:27:02 
25-Apr-19, 15:27:03 
25-Apr-19, 15:27:07 
25-Apr-19, 15:27:08 
25-Apr-19, 15:27:12 
25-Apr-19, 15:27:13 
25-Apr-19, 15:27:17 
25-Apr-19, 15:27:18 
25-Apr-19, 15:27:22 
25-Apr-19, 15:27:23 
25-Apr-19, 15:27:27 
25-Apr-19, 15:27:28 
25-Apr-19, 15:27:33 
25-Apr-19, 15:27:37 
25-Apr-19, 15:27:38 
25-Apr-19, 15:27:42 
25-Apr-19, 15:27:43 
25-Apr-19, 15:27:47 
25-Apr-19, 15:27:48 
25-Apr-19, 15:27:52 
25-Apr-19, 15:27:53 
25-Apr-19, 15:27:57 
25-Apr-19, 15:27:58 
25-Apr-19, 15:28:02 
25-Apr-19, 15:28:03 
25-Apr-19, 15:28:07 
25-Apr-19, 15:28:08 
25-Apr-19, 15:28:12 
25-Apr-19, 15:28:13 
25-Apr-19, 15:28:17 
25-Apr-19, 15:28:18 
25-Apr-19, 15:28:22 
25-Apr-19, 15:28:23 
25-Apr-19, 15:28:27 
25-Apr-19, 15:28:28 
25-Apr-19, 15:28:32 
25-Apr-19, 15:28:33 
25-Apr-19, 15:28:37 
25-Apr-19, 15:28:38 
25-Apr-19, 15:28:42 
25-Apr-19, 15:28:43 
25-Apr-19, 15:28:47 
25-Apr-19, 15:28:48 
25-Apr-19, 15:28:52 
25-Apr-19, 15:28:53 
25-Apr-19, 15:28:57 
25-Apr-19, 15:28:58 
25-Apr-19, 15:29:02 
25-Apr-19, 15:29:03 
25-Apr-19, 15:29:07 
25-Apr-19, 15:29:08 
25-Apr-19, 15:29:12 
25-Apr-19, 15:29:13 
25-Apr-19, 15:29:17 
25-Apr-19, 15:29:18 
25-Apr-19, 15:29:22 
25-Apr-19, 15:29:23 
25-Apr-19, 15:29:27 
25-Apr-19, 15:29:28 
25-Apr-19, 15:29:32 
25-Apr-19, 15:29:33 
25-Apr-19, 15:29:37 
25-Apr-19, 15:29:38 
25-Apr-19, 15:29:42 
25-Apr-19, 15:29:43 
25-Apr-19, 15:29:47 
25-Apr-19, 15:29:48 
25-Apr-19, 15:29:52 
25-Apr-19, 15:29:57 
25-Apr-19, 15:29:58 
25-Apr-19, 15:30:02 
25-Apr-19, 15:30:03 
25-Apr-19, 15:30:07 
25-Apr-19, 15:30:08 
25-Apr-19, 15:30:12 
25-Apr-19, 15:30:13 
25-Apr-19, 15:30:17 
25-Apr-19, 15:30:18 
25-Apr-19, 15:30:22 
25-Apr-19, 15:30:23 
25-Apr-19, 15:30:27 
25-Apr-19, 15:30:28 
25-Apr-19, 15:30:32 
25-Apr-19, 15:30:33 
25-Apr-19, 15:30:37 
25-Apr-19, 15:30:38 
25-Apr-19, 15:30:42 
25-Apr-19, 15:30:43 
25-Apr-19, 15:30:47 
25-Apr-19, 15:30:48 
25-Apr-19, 15:30:52 
25-Apr-19, 15:30:53 
25-Apr-19, 15:30:57 
25-Apr-19, 15:30:58 
25-Apr-19, 15:31:02 
25-Apr-19, 15:31:03 
25-Apr-19, 15:31:07 
25-Apr-19, 15:31:08 
25-Apr-19, 15:31:12 
25-Apr-19, 15:31:13 
25-Apr-19, 15:31:17 
25-Apr-19, 15:31:19 
25-Apr-19, 15:31:23 
25-Apr-19, 15:31:24 
25-Apr-19, 15:31:28 
25-Apr-19, 15:31:29 
25-Apr-19, 15:31:33 
25-Apr-19, 15:31:34 
25-Apr-19, 15:31:38 
25-Apr-19, 15:31:39 
25-Apr-19, 15:31:43 
25-Apr-19, 15:31:44 
25-Apr-19, 15:31:48 
25-Apr-19, 15:31:49 
25-Apr-19, 15:31:53 
25-Apr-19, 15:31:54 
25-Apr-19, 15:31:58 
25-Apr-19, 15:31:59 
25-Apr-19, 15:32:03 
25-Apr-19, 15:32:04 
25-Apr-19, 15:32:08 
25-Apr-19, 15:32:09 
25-Apr-19, 15:32:13 
25-Apr-19, 15:32:14 
25-Apr-19, 15:32:18 
25-Apr-19, 15:32:19 
25-Apr-19, 15:32:24 
25-Apr-19, 15:32:28 
25-Apr-19, 15:32:33 
25-Apr-19, 15:32:38 
25-Apr-19, 15:32:39 
25-Apr-19, 15:32:43 
25-Apr-19, 15:32:44 
25-Apr-19, 15:32:48 
25-Apr-19, 15:32:49 
25-Apr-19, 15:32:53 
25-Apr-19, 15:32:54 
25-Apr-19, 15:32:58 
25-Apr-19, 15:32:59 
25-Apr-19, 15:33:03 
25-Apr-19, 15:33:04 
25-Apr-19, 15:33:08 
25-Apr-19, 15:33:09 
25-Apr-19, 15:33:13 
25-Apr-19, 15:33:14 
25-Apr-19, 15:33:18 
25-Apr-19, 15:33:19 
25-Apr-19, 15:33:23 
25-Apr-19, 15:33:24 
25-Apr-19, 15:33:28 
25-Apr-19, 15:33:29 
25-Apr-19, 15:33:33 
25-Apr-19, 15:33:34 
25-Apr-19, 15:33:38 
25-Apr-19, 15:33:43 
25-Apr-19, 15:33:44 
25-Apr-19, 15:33:48 
25-Apr-19, 15:33:49 
25-Apr-19, 15:33:53 
25-Apr-19, 15:33:54 
25-Apr-19, 15:33:58 
25-Apr-19, 15:33:59 
25-Apr-19, 15:34:03 
25-Apr-19, 15:34:04 
25-Apr-19, 15:34:08 
25-Apr-19, 15:34:09 
25-Apr-19, 15:34:13 
25-Apr-19, 15:34:18 
25-Apr-19, 15:34:19 
25-Apr-19, 15:34:23 
25-Apr-19, 15:34:24 
25-Apr-19, 15:34:28 
25-Apr-19, 15:34:29 
25-Apr-19, 15:34:33 
25-Apr-19, 15:34:38 
25-Apr-19, 15:34:39 
25-Apr-19, 15:34:43 
25-Apr-19, 15:34:44 
25-Apr-19, 15:34:48 
25-Apr-19, 15:34:53 
25-Apr-19, 15:34:54 
25-Apr-19, 15:34:58 
25-Apr-19, 15:34:59 
25-Apr-19, 15:35:03 
25-Apr-19, 15:35:04 
25-Apr-19, 15:35:08 
25-Apr-19, 15:35:09 
25-Apr-19, 15:35:13 
25-Apr-19, 15:35:14 
25-Apr-19, 15:35:18 
25-Apr-19, 15:35:20 
25-Apr-19, 15:35:23 
25-Apr-19, 15:35:25 
25-Apr-19, 15:35:28 
25-Apr-19, 15:35:30 
25-Apr-19, 15:35:33 
25-Apr-19, 15:35:35 
25-Apr-19, 15:35:38 
25-Apr-19, 15:35:40 
25-Apr-19, 15:35:43 
25-Apr-19, 15:35:45 
25-Apr-19, 15:35:48 
25-Apr-19, 15:35:50 
25-Apr-19, 15:35:53 
25-Apr-19, 15:35:55 
25-Apr-19, 15:35:58 
25-Apr-19, 15:36:00 
25-Apr-19, 15:36:03 
25-Apr-19, 15:36:05 
25-Apr-19, 15:36:08 
25-Apr-19, 15:36:10 
25-Apr-19, 15:36:13 
25-Apr-19, 15:36:15 
25-Apr-19, 15:36:18 
25-Apr-19, 15:36:20 
25-Apr-19, 15:36:23 
25-Apr-19, 15:36:25 
25-Apr-19, 15:36:29 
25-Apr-19, 15:36:30 
25-Apr-19, 15:36:34 
25-Apr-19, 15:36:35 
25-Apr-19, 15:36:39 
25-Apr-19, 15:36:40 
25-Apr-19, 15:36:44 
25-Apr-19, 15:36:45 
25-Apr-19, 15:36:49 
25-Apr-19, 15:36:50 
25-Apr-19, 15:36:54 
25-Apr-19, 15:36:55 
25-Apr-19, 15:36:59 
25-Apr-19, 15:37:00 
25-Apr-19, 15:37:04 
25-Apr-19, 15:37:05 
25-Apr-19, 15:37:09 
25-Apr-19, 15:37:10 
25-Apr-19, 15:37:14 
25-Apr-19, 15:37:19 
25-Apr-19, 15:37:20 
25-Apr-19, 15:37:24 
25-Apr-19, 15:37:25 
25-Apr-19, 15:37:29 
25-Apr-19, 15:37:30 
25-Apr-19, 15:37:34 
25-Apr-19, 15:37:35 
25-Apr-19, 15:37:39 
25-Apr-19, 15:37:40 
25-Apr-19, 15:37:44 
25-Apr-19, 15:37:45 
25-Apr-19, 15:37:49 
25-Apr-19, 15:37:50 
25-Apr-19, 15:37:54 
25-Apr-19, 15:37:55 
25-Apr-19, 15:37:59 
25-Apr-19, 15:38:00 
25-Apr-19, 15:38:04 
25-Apr-19, 15:38:05 
25-Apr-19, 15:38:09 
25-Apr-19, 15:38:10 
25-Apr-19, 15:38:14 
25-Apr-19, 15:38:15 
25-Apr-19, 15:38:20 
25-Apr-19, 15:38:24 
25-Apr-19, 15:38:25 
25-Apr-19, 15:38:29 
25-Apr-19, 15:38:30 
25-Apr-19, 15:38:34 
25-Apr-19, 15:38:35 
25-Apr-19, 15:38:39 
25-Apr-19, 15:38:40 
25-Apr-19, 15:38:44 
25-Apr-19, 15:38:45 
25-Apr-19, 15:38:49 
25-Apr-19, 15:38:50 
25-Apr-19, 15:38:54 
25-Apr-19, 15:38:55 
25-Apr-19, 15:38:59 
25-Apr-19, 15:39:00 
25-Apr-19, 15:39:04 
25-Apr-19, 15:39:05 
25-Apr-19, 15:39:09 
25-Apr-19, 15:39:10 
25-Apr-19, 15:39:14 
25-Apr-19, 15:39:15 
25-Apr-19, 15:39:19 
25-Apr-19, 15:39:20 
25-Apr-19, 15:39:24 
25-Apr-19, 15:39:25 
25-Apr-19, 15:39:29 
25-Apr-19, 15:39:30 
25-Apr-19, 15:39:34 
25-Apr-19, 15:39:35 
25-Apr-19, 15:39:39 
25-Apr-19, 15:39:40 
25-Apr-19, 15:39:44 
25-Apr-19, 15:39:45 
25-Apr-19, 15:39:49 
25-Apr-19, 15:39:50 
25-Apr-19, 15:39:54 
25-Apr-19, 15:39:59 
25-Apr-19, 15:40:00 
25-Apr-19, 15:40:04 
25-Apr-19, 15:40:05 
25-Apr-19, 15:40:09 
25-Apr-19, 15:40:11 
25-Apr-19, 15:40:14 
25-Apr-19, 15:40:16 
25-Apr-19, 15:40:19 
25-Apr-19, 15:40:21 
25-Apr-19, 15:40:24 
25-Apr-19, 15:40:26 
25-Apr-19, 15:40:29 
25-Apr-19, 15:40:31 
25-Apr-19, 15:40:34 
25-Apr-19, 15:40:36 
25-Apr-19, 15:40:39 
25-Apr-19, 15:40:41 
25-Apr-19, 15:40:44 
25-Apr-19, 15:40:46 
25-Apr-19, 15:40:49 
25-Apr-19, 15:40:51 
25-Apr-19, 15:40:54 
25-Apr-19, 15:40:56 
25-Apr-19, 15:40:59 
25-Apr-19, 15:41:01 
25-Apr-19, 15:41:04 
25-Apr-19, 15:41:06 
25-Apr-19, 15:41:09 
25-Apr-19, 15:41:11 
25-Apr-19, 15:41:14 
25-Apr-19, 15:41:16 
25-Apr-19, 15:41:19 
25-Apr-19, 15:41:21 
25-Apr-19, 15:41:24 
25-Apr-19, 15:41:26 
25-Apr-19, 15:41:29 
25-Apr-19, 15:41:31 
25-Apr-19, 15:41:34 
25-Apr-19, 15:41:36 
25-Apr-19, 15:41:39 
25-Apr-19, 15:41:41 
25-Apr-19, 15:41:44 
25-Apr-19, 15:41:46 
25-Apr-19, 15:41:49 
25-Apr-19, 15:41:51 
25-Apr-19, 15:41:54 
25-Apr-19, 15:41:56 
25-Apr-19, 15:41:59 
25-Apr-19, 15:42:05 
25-Apr-19, 15:42:06 
25-Apr-19, 15:42:10 
25-Apr-19, 15:42:11 
25-Apr-19, 15:42:15 
25-Apr-19, 15:42:16 
25-Apr-19, 15:42:20 
25-Apr-19, 15:42:21 
25-Apr-19, 15:42:25 
25-Apr-19, 15:42:26 
25-Apr-19, 15:42:31 
25-Apr-19, 15:42:35 
25-Apr-19, 15:42:36 
25-Apr-19, 15:42:40 
25-Apr-19, 15:42:41 
25-Apr-19, 15:42:45 
25-Apr-19, 15:42:46 
25-Apr-19, 15:42:50 
25-Apr-19, 15:42:51 
25-Apr-19, 15:42:55 
25-Apr-19, 15:42:56 
25-Apr-19, 15:43:00 
25-Apr-19, 15:43:01 
25-Apr-19, 15:43:05 
25-Apr-19, 15:43:06 
25-Apr-19, 15:43:10 
25-Apr-19, 15:43:11 
25-Apr-19, 15:43:15 
25-Apr-19, 15:43:16 
25-Apr-19, 15:43:20 
25-Apr-19, 15:43:21 
25-Apr-19, 15:43:25 
25-Apr-19, 15:43:26 
25-Apr-19, 15:43:30 
25-Apr-19, 15:43:31 
25-Apr-19, 15:43:35 
25-Apr-19, 15:43:36 
25-Apr-19, 15:43:40 
25-Apr-19, 15:43:41 
25-Apr-19, 15:43:45 
25-Apr-19, 15:43:46 
25-Apr-19, 15:43:50 
25-Apr-19, 15:43:51 
25-Apr-19, 15:43:55 
25-Apr-19, 15:43:56 
25-Apr-19, 15:44:00 
25-Apr-19, 15:44:01 
25-Apr-19, 15:44:05 
25-Apr-19, 15:44:06 
25-Apr-19, 15:44:10 
25-Apr-19, 15:44:11 
25-Apr-19, 15:44:15 
25-Apr-19, 15:44:16 
25-Apr-19, 15:44:20 
25-Apr-19, 15:44:21 
25-Apr-19, 15:44:25 
25-Apr-19, 15:44:26 
25-Apr-19, 15:44:30 
25-Apr-19, 15:44:31 
25-Apr-19, 15:44:35 
25-Apr-19, 15:44:37 
25-Apr-19, 15:44:42 
25-Apr-19, 15:44:47 
25-Apr-19, 15:44:50 
25-Apr-19, 15:44:52 
25-Apr-19, 15:44:55 
25-Apr-19, 15:44:57 
25-Apr-19, 15:45:00 
25-Apr-19, 15:45:02 
25-Apr-19, 15:45:05 
25-Apr-19, 15:45:07 
25-Apr-19, 15:45:10 
25-Apr-19, 15:45:12 
25-Apr-19, 15:45:15 
25-Apr-19, 15:45:17 
25-Apr-19, 15:45:20 
25-Apr-19, 15:45:22 
25-Apr-19, 15:45:25 
25-Apr-19, 15:45:27 
25-Apr-19, 15:45:30 
25-Apr-19, 15:45:32 
25-Apr-19, 15:45:35 
25-Apr-19, 15:45:37 
25-Apr-19, 15:45:40 
25-Apr-19, 15:45:42 
25-Apr-19, 15:45:45 
25-Apr-19, 15:45:47 
25-Apr-19, 15:45:50 
25-Apr-19, 15:45:52 
25-Apr-19, 15:45:55 
25-Apr-19, 15:45:57 
25-Apr-19, 15:46:00 
25-Apr-19, 15:46:02 
25-Apr-19, 15:46:05 
25-Apr-19, 15:46:07 
25-Apr-19, 15:46:10 
25-Apr-19, 15:46:12 
25-Apr-19, 15:46:15 
25-Apr-19, 15:46:17 
25-Apr-19, 15:46:20 
25-Apr-19, 15:46:22 
25-Apr-19, 15:46:25 
25-Apr-19, 15:46:27 
25-Apr-19, 15:46:30 
25-Apr-19, 15:46:32 
25-Apr-19, 15:46:37 
25-Apr-19, 15:46:41 
25-Apr-19, 15:46:42 
25-Apr-19, 15:46:46 
25-Apr-19, 15:46:47 
25-Apr-19, 15:46:51 
25-Apr-19, 15:46:52 
25-Apr-19, 15:46:56 
25-Apr-19, 15:46:57 
25-Apr-19, 15:47:01 
25-Apr-19, 15:47:02 
25-Apr-19, 15:47:06 
25-Apr-19, 15:47:07 
25-Apr-19, 15:47:11 
25-Apr-19, 15:47:12 
25-Apr-19, 15:47:16 
25-Apr-19, 15:47:17 
25-Apr-19, 15:47:21 
25-Apr-19, 15:47:22 
25-Apr-19, 15:47:26 
25-Apr-19, 15:47:27 
25-Apr-19, 15:47:31 
25-Apr-19, 15:47:32 
25-Apr-19, 15:47:36 
25-Apr-19, 15:47:37 
25-Apr-19, 15:47:41 
25-Apr-19, 15:47:42 
25-Apr-19, 15:47:46 
25-Apr-19, 15:47:47 
25-Apr-19, 15:47:51 
25-Apr-19, 15:47:52 
25-Apr-19, 15:47:56 
25-Apr-19, 15:47:57 
25-Apr-19, 15:48:02 
25-Apr-19, 15:48:06 
25-Apr-19, 15:48:07 
25-Apr-19, 15:48:11 
25-Apr-19, 15:48:12 
25-Apr-19, 15:48:16 
25-Apr-19, 15:48:17 
25-Apr-19, 15:48:21 
25-Apr-19, 15:48:22 
25-Apr-19, 15:48:26 
25-Apr-19, 15:48:27 
25-Apr-19, 15:48:31 
25-Apr-19, 15:48:32 
25-Apr-19, 15:48:36 
25-Apr-19, 15:48:37 
25-Apr-19, 15:48:41 
25-Apr-19, 15:48:42 
25-Apr-19, 15:48:46 
25-Apr-19, 15:48:47 
25-Apr-19, 15:48:51 
25-Apr-19, 15:48:53 
25-Apr-19, 15:48:56 
25-Apr-19, 15:48:58 
25-Apr-19, 15:49:01 
25-Apr-19, 15:49:03 
25-Apr-19, 15:49:06 
25-Apr-19, 15:49:08 
25-Apr-19, 15:49:11 
25-Apr-19, 15:49:13 
25-Apr-19, 15:49:16 
25-Apr-19, 15:49:18 
25-Apr-19, 15:49:21 
25-Apr-19, 15:49:23 
25-Apr-19, 15:49:26 
25-Apr-19, 15:49:28 
25-Apr-19, 15:49:31 
25-Apr-19, 15:49:33 
25-Apr-19, 15:49:36 
25-Apr-19, 15:49:38 
25-Apr-19, 15:49:41 
25-Apr-19, 15:49:43 
25-Apr-19, 15:49:46 
25-Apr-19, 15:49:51 
25-Apr-19, 15:49:53 
25-Apr-19, 15:49:56 
25-Apr-19, 15:49:58 
25-Apr-19, 15:50:01 
25-Apr-19, 15:50:03 
25-Apr-19, 15:50:06 
25-Apr-19, 15:50:08 
25-Apr-19, 15:50:11 
25-Apr-19, 15:50:13 
25-Apr-19, 15:50:18 
25-Apr-19, 15:50:21 
25-Apr-19, 15:50:23 
25-Apr-19, 15:50:26 
25-Apr-19, 15:50:28 
25-Apr-19, 15:50:31 
25-Apr-19, 15:50:33 
25-Apr-19, 15:50:36 
25-Apr-19, 15:50:38 
25-Apr-19, 15:50:41 
25-Apr-19, 15:50:43 
25-Apr-19, 15:50:46 
25-Apr-19, 15:50:48 
25-Apr-19, 15:50:51 
25-Apr-19, 15:50:53 
25-Apr-19, 15:50:56 
25-Apr-19, 15:50:58 
25-Apr-19, 15:51:01 
25-Apr-19, 15:51:03 
25-Apr-19, 15:51:06 
25-Apr-19, 15:51:08 
25-Apr-19, 15:51:11 
25-Apr-19, 15:51:13 
25-Apr-19, 15:51:16 
25-Apr-19, 15:51:18 
25-Apr-19, 15:51:21 
25-Apr-19, 15:51:23 
25-Apr-19, 15:51:26 
25-Apr-19, 15:51:28 
25-Apr-19, 15:51:31 
25-Apr-19, 15:51:36 
25-Apr-19, 15:51:38 
25-Apr-19, 15:51:41 
25-Apr-19, 15:51:43 
25-Apr-19, 15:51:46 
25-Apr-19, 15:51:48 
25-Apr-19, 15:51:51 
25-Apr-19, 15:51:53 
25-Apr-19, 15:51:56 
25-Apr-19, 15:51:58 
25-Apr-19, 15:52:01 
25-Apr-19, 15:52:03 
25-Apr-19, 15:52:06 
25-Apr-19, 15:52:08 
25-Apr-19, 15:52:12 
25-Apr-19, 15:52:13 
25-Apr-19, 15:52:17 
25-Apr-19, 15:52:22 
25-Apr-19, 15:52:23 
25-Apr-19, 15:52:27 
25-Apr-19, 15:52:28 
25-Apr-19, 15:52:32 
25-Apr-19, 15:52:33 
25-Apr-19, 15:52:37 
25-Apr-19, 15:52:38 
25-Apr-19, 15:52:42 
25-Apr-19, 15:52:43 
25-Apr-19, 15:52:47 
25-Apr-19, 15:52:48 
25-Apr-19, 15:52:52 
25-Apr-19, 15:52:53 
25-Apr-19, 15:52:57 
25-Apr-19, 15:52:58 
25-Apr-19, 15:53:02 
25-Apr-19, 15:53:03 
25-Apr-19, 15:53:07 
25-Apr-19, 15:53:08 
25-Apr-19, 15:53:12 
25-Apr-19, 15:53:13 
25-Apr-19, 15:53:17 
25-Apr-19, 15:53:18 
25-Apr-19, 15:53:22 
25-Apr-19, 15:53:23 
25-Apr-19, 15:53:27 
25-Apr-19, 15:53:29 
25-Apr-19, 15:53:32 
25-Apr-19, 15:53:34 
25-Apr-19, 15:53:37 
25-Apr-19, 15:53:39 
25-Apr-19, 15:53:42 
25-Apr-19, 15:53:44 
25-Apr-19, 15:53:47 
25-Apr-19, 15:53:49 
25-Apr-19, 15:53:52 
25-Apr-19, 15:53:54 
25-Apr-19, 15:53:57 
25-Apr-19, 15:53:59 
25-Apr-19, 15:54:02 
25-Apr-19, 15:54:04 
25-Apr-19, 15:54:07 
25-Apr-19, 15:54:09 
25-Apr-19, 15:54:12 
25-Apr-19, 15:54:14 
25-Apr-19, 15:54:17 
25-Apr-19, 15:54:19 
25-Apr-19, 15:54:22 
25-Apr-19, 15:54:27 
25-Apr-19, 15:54:29 
25-Apr-19, 15:54:32 
25-Apr-19, 15:54:34 
25-Apr-19, 15:54:37 
25-Apr-19, 15:54:39 
25-Apr-19, 15:54:42 
25-Apr-19, 15:54:44 
25-Apr-19, 15:54:47 
25-Apr-19, 15:54:49 
25-Apr-19, 15:54:52 
25-Apr-19, 15:54:54 
25-Apr-19, 15:54:59 
25-Apr-19, 15:55:02 
25-Apr-19, 15:55:04 
25-Apr-19, 15:55:07 
25-Apr-19, 15:55:09 
25-Apr-19, 15:55:12 
25-Apr-19, 15:55:14 
25-Apr-19, 15:55:17 
25-Apr-19, 15:55:19 
25-Apr-19, 15:55:22 
25-Apr-19, 15:55:24 
25-Apr-19, 15:55:27 
25-Apr-19, 15:55:29 
25-Apr-19, 15:55:34 
25-Apr-19, 15:55:37 
25-Apr-19, 15:55:39 
25-Apr-19, 15:55:42 
25-Apr-19, 15:55:44 
25-Apr-19, 15:55:47 
25-Apr-19, 15:55:49 
25-Apr-19, 15:55:54 
25-Apr-19, 15:55:57 
25-Apr-19, 15:55:59 
25-Apr-19, 15:56:02 
25-Apr-19, 15:56:04 
25-Apr-19, 15:56:07 
25-Apr-19, 15:56:09 
25-Apr-19, 15:56:12 
25-Apr-19, 15:56:14 
25-Apr-19, 15:56:17 
25-Apr-19, 15:56:19 
25-Apr-19, 15:56:22 
25-Apr-19, 15:56:24 
25-Apr-19, 15:56:27 
25-Apr-19, 15:56:29 
25-Apr-19, 15:56:32 
25-Apr-19, 15:56:34 
25-Apr-19, 15:56:37 
25-Apr-19, 15:56:39 
25-Apr-19, 15:56:42 
25-Apr-19, 15:56:44 
25-Apr-19, 15:56:47 
25-Apr-19, 15:56:49 
25-Apr-19, 15:56:52 
25-Apr-19, 15:56:54 
25-Apr-19, 15:56:57 
25-Apr-19, 15:56:59 
25-Apr-19, 15:57:02 
25-Apr-19, 15:57:04 
25-Apr-19, 15:57:07 
25-Apr-19, 15:57:09 
25-Apr-19, 15:57:12 
25-Apr-19, 15:57:15 
25-Apr-19, 15:57:17 
25-Apr-19, 15:57:20 
25-Apr-19, 15:57:22 
25-Apr-19, 15:57:25 
25-Apr-19, 15:57:27 
25-Apr-19, 15:57:30 
25-Apr-19, 15:57:33 
25-Apr-19, 15:57:35 
25-Apr-19, 15:57:38 
25-Apr-19, 15:57:40 
25-Apr-19, 15:57:43 
25-Apr-19, 15:57:45 
25-Apr-19, 15:57:48 
25-Apr-19, 15:57:50 
25-Apr-19, 15:57:53 
25-Apr-19, 15:57:55 
25-Apr-19, 15:57:58 
25-Apr-19, 15:58:00 
25-Apr-19, 15:58:03 
25-Apr-19, 15:58:05 
25-Apr-19, 15:58:08 
25-Apr-19, 15:58:10 
25-Apr-19, 15:58:13 
25-Apr-19, 15:58:15 
25-Apr-19, 15:58:18 
25-Apr-19, 15:58:20 
25-Apr-19, 15:58:23 
25-Apr-19, 15:58:25 
25-Apr-19, 15:58:28 
25-Apr-19, 15:58:30 
25-Apr-19, 15:58:33 
25-Apr-19, 15:58:38 
25-Apr-19, 15:58:40 
25-Apr-19, 15:58:43 
25-Apr-19, 15:58:45 
25-Apr-19, 15:58:48 
25-Apr-19, 15:58:50 
25-Apr-19, 15:58:53 
25-Apr-19, 15:58:55 
25-Apr-19, 15:58:58 
25-Apr-19, 15:59:00 
25-Apr-19, 15:59:03 
25-Apr-19, 15:59:05 
25-Apr-19, 15:59:08 
25-Apr-19, 15:59:10 
25-Apr-19, 15:59:13 
25-Apr-19, 15:59:15 
25-Apr-19, 15:59:18 
25-Apr-19, 15:59:20 
25-Apr-19, 15:59:23 
25-Apr-19, 15:59:25 
25-Apr-19, 15:59:28 
25-Apr-19, 15:59:30 
25-Apr-19, 15:59:33 
25-Apr-19, 15:59:35 
25-Apr-19, 15:59:38 
25-Apr-19, 15:59:40 
25-Apr-19, 15:59:43 
25-Apr-19, 15:59:45 
25-Apr-19, 15:59:50 
25-Apr-19, 15:59:53 
25-Apr-19, 15:59:55 
25-Apr-19, 15:59:58 
25-Apr-19, 16:00:00 
25-Apr-19, 16:00:03 
25-Apr-19, 16:00:05 
25-Apr-19, 16:00:08 
25-Apr-19, 16:00:10 
25-Apr-19, 16:00:13 
25-Apr-19, 16:00:15 
25-Apr-19, 16:00:18 
25-Apr-19, 16:00:20 
25-Apr-19, 16:00:23 
25-Apr-19, 16:00:25 
25-Apr-19, 16:00:28 
25-Apr-19, 16:00:30 
25-Apr-19, 16:00:35 
25-Apr-19, 16:00:38 
25-Apr-19, 16:00:40 
25-Apr-19, 16:00:43 
25-Apr-19, 16:00:45 
25-Apr-19, 16:00:48 
25-Apr-19, 16:00:50 
25-Apr-19, 16:00:53 
25-Apr-19, 16:00:55 
25-Apr-19, 16:00:58 
25-Apr-19, 16:01:00 
25-Apr-19, 16:01:03 
25-Apr-19, 16:01:05 
25-Apr-19, 16:01:08 
25-Apr-19, 16:01:11 
25-Apr-19, 16:01:13 
25-Apr-19, 16:01:16 
25-Apr-19, 16:01:18 
25-Apr-19, 16:01:21 
25-Apr-19, 16:01:23 
25-Apr-19, 16:01:26 
25-Apr-19, 16:01:28 
25-Apr-19, 16:01:31 
25-Apr-19, 16:01:33 
25-Apr-19, 16:01:36 
25-Apr-19, 16:01:38 
25-Apr-19, 16:01:41 
25-Apr-19, 16:01:44 
25-Apr-19, 16:01:46 
25-Apr-19, 16:01:49 
25-Apr-19, 16:01:51 
25-Apr-19, 16:01:54 
25-Apr-19, 16:01:56 
25-Apr-19, 16:01:59 
25-Apr-19, 16:02:01 
25-Apr-19, 16:02:04 
25-Apr-19, 16:02:06 
25-Apr-19, 16:02:09 
25-Apr-19, 16:02:11 
25-Apr-19, 16:02:14 
25-Apr-19, 16:02:16 
25-Apr-19, 16:02:19 
25-Apr-19, 16:02:21 
25-Apr-19, 16:02:26 
25-Apr-19, 16:02:29 
25-Apr-19, 16:02:31 
25-Apr-19, 16:02:34 
25-Apr-19, 16:02:36 
25-Apr-19, 16:02:39 
25-Apr-19, 16:02:41 
25-Apr-19, 16:02:44 
25-Apr-19, 16:02:46 
25-Apr-19, 16:02:49 
25-Apr-19, 16:02:51 
25-Apr-19, 16:02:54 
25-Apr-19, 16:02:56 
25-Apr-19, 16:02:59 
25-Apr-19, 16:03:01 
25-Apr-19, 16:03:04 
25-Apr-19, 16:03:06 
25-Apr-19, 16:03:09 
25-Apr-19, 16:03:11 
25-Apr-19, 16:03:14 
25-Apr-19, 16:03:16 
25-Apr-19, 16:03:19 
25-Apr-19, 16:03:21 
25-Apr-19, 16:03:24 
25-Apr-19, 16:03:26 
25-Apr-19, 16:03:29 
25-Apr-19, 16:03:31 
25-Apr-19, 16:03:34 
25-Apr-19, 16:03:36 
25-Apr-19, 16:03:39 
25-Apr-19, 16:03:41 
25-Apr-19, 16:03:44 
25-Apr-19, 16:03:46 
25-Apr-19, 16:03:49 
25-Apr-19, 16:03:51 
25-Apr-19, 16:03:54 
25-Apr-19, 16:03:56 
25-Apr-19, 16:03:59 
25-Apr-19, 16:04:01 
25-Apr-19, 16:04:06 
25-Apr-19, 16:04:09 
25-Apr-19, 16:04:11 
25-Apr-19, 16:04:14 
25-Apr-19, 16:04:16 
25-Apr-19, 16:04:19 
25-Apr-19, 16:04:21 
25-Apr-19, 16:04:24 
25-Apr-19, 16:04:26 
25-Apr-19, 16:04:29 
25-Apr-19, 16:04:31 
25-Apr-19, 16:04:34 
25-Apr-19, 16:04:36 
25-Apr-19, 16:04:39 
25-Apr-19, 16:04:41 
25-Apr-19, 16:04:44 
25-Apr-19, 16:04:46 
25-Apr-19, 16:04:51 
25-Apr-19, 16:04:54 
25-Apr-19, 16:04:56 
25-Apr-19, 16:04:59 
25-Apr-19, 16:05:01 
25-Apr-19, 16:05:04 
25-Apr-19, 16:05:06 
25-Apr-19, 16:05:09 
25-Apr-19, 16:05:11 
25-Apr-19, 16:05:14 
25-Apr-19, 16:05:19 
25-Apr-19, 16:05:21 
25-Apr-19, 16:05:24 
25-Apr-19, 16:05:26 
25-Apr-19, 16:05:29 
25-Apr-19, 16:05:31 
25-Apr-19, 16:05:34 
25-Apr-19, 16:05:36 
25-Apr-19, 16:05:41 
25-Apr-19, 16:05:44 
25-Apr-19, 16:05:49 
25-Apr-19, 16:05:52 
25-Apr-19, 16:05:54 
25-Apr-19, 16:05:57 
25-Apr-19, 16:06:00 
25-Apr-19, 16:06:02 
25-Apr-19, 16:06:05 
25-Apr-19, 16:06:07 
25-Apr-19, 16:06:10 
25-Apr-19, 16:06:12 
25-Apr-19, 16:06:15 
25-Apr-19, 16:06:17 
25-Apr-19, 16:06:20 
25-Apr-19, 16:06:22 
25-Apr-19, 16:06:25 
25-Apr-19, 16:06:27 
25-Apr-19, 16:06:30 
25-Apr-19, 16:06:32 
25-Apr-19, 16:06:35 
25-Apr-19, 16:06:37 
25-Apr-19, 16:06:40 
25-Apr-19, 16:06:42 
25-Apr-19, 16:06:45 
25-Apr-19, 16:06:47 
25-Apr-19, 16:06:50 
25-Apr-19, 16:06:52 
25-Apr-19, 16:06:55 
25-Apr-19, 16:06:57 
25-Apr-19, 16:07:00 
25-Apr-19, 16:07:02 
25-Apr-19, 16:07:05 
25-Apr-19, 16:07:07 
25-Apr-19, 16:07:10 
25-Apr-19, 16:07:12 
25-Apr-19, 16:07:15 
25-Apr-19, 16:07:17 
25-Apr-19, 16:07:20 
25-Apr-19, 16:07:22 
25-Apr-19, 16:07:25 
25-Apr-19, 16:07:27 
25-Apr-19, 16:07:30 
25-Apr-19, 16:07:32 
25-Apr-19, 16:07:35 
25-Apr-19, 16:07:37 
25-Apr-19, 16:07:40 
25-Apr-19, 16:07:42 
25-Apr-19, 16:07:45 
25-Apr-19, 16:07:47 
25-Apr-19, 16:07:50 
25-Apr-19, 16:07:52 
25-Apr-19, 16:07:57 
25-Apr-19, 16:08:00 
25-Apr-19, 16:08:02 
25-Apr-19, 16:08:05 
25-Apr-19, 16:08:07 
25-Apr-19, 16:08:10 
25-Apr-19, 16:08:12 
25-Apr-19, 16:08:15 
25-Apr-19, 16:08:17 
25-Apr-19, 16:08:20 
25-Apr-19, 16:08:22 
25-Apr-19, 16:08:25 
25-Apr-19, 16:08:27 
25-Apr-19, 16:08:30 
25-Apr-19, 16:08:32 
25-Apr-19, 16:08:35 
25-Apr-19, 16:08:40 
25-Apr-19, 16:08:42 
25-Apr-19, 16:08:45 
25-Apr-19, 16:08:47 
25-Apr-19, 16:08:50 
25-Apr-19, 16:08:55 
25-Apr-19, 16:08:57 
25-Apr-19, 16:09:02 
25-Apr-19, 16:09:05 
25-Apr-19, 16:09:07 
25-Apr-19, 16:09:10 
25-Apr-19, 16:09:12 
25-Apr-19, 16:09:15 
25-Apr-19, 16:09:17 
25-Apr-19, 16:09:20 
25-Apr-19, 16:09:22 
25-Apr-19, 16:09:25 
25-Apr-19, 16:09:27 
25-Apr-19, 16:09:30 
25-Apr-19, 16:09:32 
25-Apr-19, 16:09:35 
25-Apr-19, 16:09:37 
25-Apr-19, 16:09:40 
25-Apr-19, 16:09:42 
25-Apr-19, 16:09:45 
25-Apr-19, 16:09:47 
25-Apr-19, 16:09:50 
25-Apr-19, 16:09:52 
25-Apr-19, 16:09:55 
25-Apr-19, 16:09:57 
25-Apr-19, 16:10:00 
25-Apr-19, 16:10:02 
25-Apr-19, 16:10:05 
25-Apr-19, 16:10:07 
25-Apr-19, 16:10:10 
25-Apr-19, 16:10:12 
25-Apr-19, 16:10:15 
25-Apr-19, 16:10:17 
25-Apr-19, 16:10:20 
25-Apr-19, 16:10:22 
25-Apr-19, 16:10:25 
25-Apr-19, 16:10:27 
25-Apr-19, 16:10:30 
25-Apr-19, 16:10:32 
25-Apr-19, 16:10:35 
25-Apr-19, 16:10:37 
25-Apr-19, 16:10:40 
25-Apr-19, 16:10:42 
25-Apr-19, 16:10:45 
25-Apr-19, 16:10:47 
25-Apr-19, 16:10:50 
25-Apr-19, 16:10:52 
25-Apr-19, 16:10:55 
25-Apr-19, 16:10:57 
25-Apr-19, 16:11:02 
25-Apr-19, 16:11:05 
25-Apr-19, 16:11:10 
25-Apr-19, 16:11:13 
25-Apr-19, 16:11:16 
25-Apr-19, 16:11:21 
25-Apr-19, 16:11:23 
25-Apr-19, 16:11:26 
25-Apr-19, 16:11:28 
25-Apr-19, 16:11:31 
25-Apr-19, 16:11:33 
25-Apr-19, 16:11:36 
25-Apr-19, 16:11:38 
25-Apr-19, 16:11:41 
25-Apr-19, 16:11:43 
25-Apr-19, 16:11:46 
25-Apr-19, 16:11:48 
25-Apr-19, 16:11:51 
25-Apr-19, 16:11:53 
25-Apr-19, 16:11:56 
25-Apr-19, 16:11:58 
25-Apr-19, 16:12:01 
25-Apr-19, 16:12:03 
25-Apr-19, 16:12:06 
25-Apr-19, 16:12:08 
25-Apr-19, 16:12:11 
25-Apr-19, 16:12:13 
25-Apr-19, 16:12:16 
25-Apr-19, 16:12:18 
25-Apr-19, 16:12:21 
25-Apr-19, 16:12:23 
25-Apr-19, 16:12:26 
25-Apr-19, 16:12:28 
25-Apr-19, 16:12:31 
25-Apr-19, 16:12:33 
25-Apr-19, 16:12:36 
25-Apr-19, 16:12:38 
25-Apr-19, 16:12:41 
25-Apr-19, 16:12:43 
25-Apr-19, 16:12:46 
25-Apr-19, 16:12:48 
25-Apr-19, 16:12:51 
25-Apr-19, 16:12:53 
25-Apr-19, 16:12:56 
25-Apr-19, 16:12:58 
25-Apr-19, 16:13:01 
25-Apr-19, 16:13:03 
25-Apr-19, 16:13:06 
25-Apr-19, 16:13:08 
25-Apr-19, 16:13:11 
25-Apr-19, 16:13:13 
25-Apr-19, 16:13:16 
25-Apr-19, 16:13:18 
25-Apr-19, 16:13:21 
25-Apr-19, 16:13:23 
25-Apr-19, 16:13:26 
25-Apr-19, 16:13:28 
25-Apr-19, 16:13:31 
25-Apr-19, 16:13:33 
25-Apr-19, 16:13:36 
25-Apr-19, 16:13:38 
25-Apr-19, 16:13:41 
25-Apr-19, 16:13:43 
25-Apr-19, 16:13:46 
25-Apr-19, 16:13:48 
25-Apr-19, 16:13:51 
25-Apr-19, 16:13:53 
25-Apr-19, 16:13:56 
25-Apr-19, 16:13:58 
25-Apr-19, 16:14:01 
25-Apr-19, 16:14:03 
25-Apr-19, 16:14:06 
25-Apr-19, 16:14:08 
25-Apr-19, 16:14:11 
25-Apr-19, 16:14:13 
25-Apr-19, 16:14:26 
25-Apr-19, 16:14:28 
25-Apr-19, 16:14:31 
25-Apr-19, 16:14:33 
25-Apr-19, 16:14:36 
25-Apr-19, 16:14:38 
25-Apr-19, 16:14:41 
25-Apr-19, 16:14:43 
25-Apr-19, 16:14:46 
25-Apr-19, 16:14:48 
25-Apr-19, 16:14:51 
25-Apr-19, 16:14:53 
25-Apr-19, 16:14:56 
25-Apr-19, 16:14:58 
25-Apr-19, 16:15:01 
25-Apr-19, 16:15:03 
25-Apr-19, 16:15:08 
25-Apr-19, 16:15:13 
25-Apr-19, 16:15:17 
25-Apr-19, 16:15:19 
25-Apr-19, 16:15:22 
25-Apr-19, 16:15:24 
25-Apr-19, 16:15:27 
25-Apr-19, 16:15:29 
25-Apr-19, 16:15:32 
25-Apr-19, 16:15:34 
25-Apr-19, 16:15:37 
25-Apr-19, 16:15:39 
25-Apr-19, 16:15:42 
25-Apr-19, 16:15:44 
25-Apr-19, 16:15:47 
25-Apr-19, 16:15:49 
25-Apr-19, 16:15:52 
25-Apr-19, 16:15:54 
25-Apr-19, 16:15:57 
25-Apr-19, 16:15:59 
25-Apr-19, 16:16:02 
25-Apr-19, 16:16:04 
25-Apr-19, 16:16:07 
25-Apr-19, 16:16:09 
25-Apr-19, 16:16:12 
25-Apr-19, 16:16:14 
25-Apr-19, 16:16:17 
25-Apr-19, 16:16:19 
25-Apr-19, 16:16:22 
25-Apr-19, 16:16:24 
25-Apr-19, 16:16:27 
25-Apr-19, 16:16:29 
25-Apr-19, 16:16:32 
25-Apr-19, 16:16:34 
25-Apr-19, 16:16:37 
25-Apr-19, 16:16:39 
25-Apr-19, 16:16:42 
25-Apr-19, 16:16:44 
25-Apr-19, 16:16:47 
25-Apr-19, 16:16:49 
25-Apr-19, 16:16:52 
25-Apr-19, 16:16:54 
25-Apr-19, 16:16:57 
25-Apr-19, 16:16:59 
25-Apr-19, 16:17:02 
25-Apr-19, 16:17:04 
25-Apr-19, 16:17:07 
25-Apr-19, 16:17:09 
25-Apr-19, 16:17:12 
25-Apr-19, 16:17:14 
25-Apr-19, 16:17:17 
25-Apr-19, 16:17:19 
25-Apr-19, 16:17:22 
25-Apr-19, 16:17:24 
25-Apr-19, 16:17:27 
25-Apr-19, 16:17:29 
25-Apr-19, 16:17:32 
25-Apr-19, 16:17:34 
25-Apr-19, 16:17:37 
25-Apr-19, 16:17:42 
25-Apr-19, 16:17:44 
25-Apr-19, 16:17:47 
25-Apr-19, 16:17:52 
25-Apr-19, 16:17:54 
25-Apr-19, 16:17:57 
25-Apr-19, 16:17:59 
25-Apr-19, 16:18:02 
25-Apr-19, 16:18:04 
25-Apr-19, 16:18:09 
25-Apr-19, 16:18:12 
25-Apr-19, 16:18:14 
25-Apr-19, 16:18:17 
25-Apr-19, 16:18:22 
25-Apr-19, 16:18:24 
25-Apr-19, 16:18:27 
25-Apr-19, 16:18:29 
25-Apr-19, 16:18:32 
25-Apr-19, 16:18:34 
25-Apr-19, 16:18:39 
25-Apr-19, 16:18:42 
25-Apr-19, 16:18:44 
25-Apr-19, 16:18:47 
25-Apr-19, 16:18:52 
25-Apr-19, 16:18:54 
25-Apr-19, 16:18:57 
25-Apr-19, 16:18:59 
25-Apr-19, 16:19:02 
25-Apr-19, 16:19:04 
25-Apr-19, 16:19:09 
25-Apr-19, 16:19:12 
25-Apr-19, 16:19:14 
25-Apr-19, 16:19:17 
25-Apr-19, 16:19:22 
25-Apr-19, 16:19:24 
25-Apr-19, 16:19:27 
25-Apr-19, 16:19:29 
25-Apr-19, 16:19:32 
25-Apr-19, 16:19:34 
25-Apr-19, 16:19:39 
25-Apr-19, 16:19:42 
25-Apr-19, 16:19:44 
25-Apr-19, 16:19:47 
25-Apr-19, 16:19:52 
25-Apr-19, 16:19:54 
25-Apr-19, 16:19:57 
25-Apr-19, 16:19:59 
25-Apr-19, 16:20:04 
25-Apr-19, 16:20:07 
25-Apr-19, 16:20:09 
25-Apr-19, 16:20:14 
25-Apr-19, 16:20:18 
25-Apr-19, 16:20:23 
25-Apr-19, 16:20:24 
25-Apr-19, 16:20:28 
25-Apr-19, 16:20:29 
25-Apr-19, 16:20:33 
25-Apr-19, 16:20:34 
25-Apr-19, 16:20:38 
25-Apr-19, 16:20:39 
25-Apr-19, 16:20:44 
25-Apr-19, 16:20:48 
25-Apr-19, 16:20:53 
25-Apr-19, 16:20:54 
25-Apr-19, 16:20:58 
25-Apr-19, 16:20:59 
25-Apr-19, 16:21:03 
25-Apr-19, 16:21:04 
25-Apr-19, 16:21:08 
25-Apr-19, 16:21:09 
25-Apr-19, 16:21:14 
25-Apr-19, 16:21:18 
25-Apr-19, 16:21:23 
25-Apr-19, 16:21:28 
25-Apr-19, 16:21:30 
25-Apr-19, 16:21:33 
25-Apr-19, 16:21:35 
25-Apr-19, 16:21:40 
25-Apr-19, 16:21:45 
25-Apr-19, 16:21:48 
25-Apr-19, 16:21:50 
25-Apr-19, 16:21:53 
25-Apr-19, 16:21:58 
25-Apr-19, 16:22:00 
25-Apr-19, 16:22:03 
25-Apr-19, 16:22:05 
25-Apr-19, 16:22:08 
25-Apr-19, 16:22:10 
25-Apr-19, 16:22:15 
25-Apr-19, 16:22:20 
25-Apr-19, 16:22:23 
25-Apr-19, 16:22:28 
25-Apr-19, 16:22:30 
25-Apr-19, 16:22:33 
25-Apr-19, 16:22:35 
25-Apr-19, 16:22:38 
25-Apr-19, 16:22:40 
25-Apr-19, 16:22:45 
25-Apr-19, 16:22:48 
25-Apr-19, 16:22:50 
25-Apr-19, 16:22:53 
25-Apr-19, 16:23:00 
25-Apr-19, 16:23:03 
25-Apr-19, 16:23:05 
25-Apr-19, 16:23:08 
25-Apr-19, 16:23:10 
25-Apr-19, 16:23:15 
25-Apr-19, 16:23:18 
25-Apr-19, 16:23:20 
25-Apr-19, 16:23:23 
25-Apr-19, 16:23:28 
25-Apr-19, 16:23:30 
25-Apr-19, 16:23:33 
25-Apr-19, 16:23:35 
25-Apr-19, 16:23:38 
25-Apr-19, 16:23:40 
25-Apr-19, 16:23:45 
25-Apr-19, 16:23:48 
25-Apr-19, 16:23:50 
25-Apr-19, 16:23:53 
25-Apr-19, 16:23:58 
25-Apr-19, 16:24:00 
25-Apr-19, 16:24:03 
25-Apr-19, 16:24:05 
25-Apr-19, 16:24:08 
25-Apr-19, 16:24:10 
25-Apr-19, 16:24:15 
25-Apr-19, 16:24:18 
25-Apr-19, 16:24:20 
25-Apr-19, 16:24:23 
25-Apr-19, 16:24:28 
25-Apr-19, 16:24:30 
25-Apr-19, 16:24:33 
25-Apr-19, 16:24:35 
25-Apr-19, 16:24:38 
25-Apr-19, 16:24:40 
25-Apr-19, 16:24:45 
25-Apr-19, 16:24:48 
25-Apr-19, 16:24:50 
25-Apr-19, 16:24:53 
25-Apr-19, 16:24:58 
25-Apr-19, 16:25:00 
25-Apr-19, 16:25:03 
25-Apr-19, 16:25:05 
25-Apr-19, 16:25:08 
25-Apr-19, 16:25:10 
25-Apr-19, 16:25:15 
25-Apr-19, 16:25:20 
25-Apr-19, 16:25:23 
25-Apr-19, 16:25:29 
25-Apr-19, 16:25:30 
25-Apr-19, 16:25:34 
25-Apr-19, 16:25:35 
25-Apr-19, 16:25:39 
25-Apr-19, 16:25:40 
25-Apr-19, 16:25:45 
25-Apr-19, 16:25:49 
25-Apr-19, 16:25:50 
25-Apr-19, 16:25:54 
25-Apr-19, 16:25:59 
25-Apr-19, 16:26:00 
25-Apr-19, 16:26:04 
25-Apr-19, 16:26:05 
25-Apr-19, 16:26:09 
25-Apr-19, 16:26:10 
25-Apr-19, 16:26:14 
25-Apr-19, 16:26:15 
25-Apr-19, 16:26:20 
25-Apr-19, 16:26:24 
25-Apr-19, 16:26:25 
25-Apr-19, 16:26:29 
25-Apr-19, 16:26:30 
25-Apr-19, 16:26:34 
25-Apr-19, 16:26:36 
25-Apr-19, 16:26:39 
25-Apr-19, 16:26:41 
25-Apr-19, 16:26:44 
25-Apr-19, 16:26:51 
25-Apr-19, 16:26:54 
25-Apr-19, 16:26:56 
25-Apr-19, 16:26:59 
25-Apr-19, 16:27:04 
25-Apr-19, 16:27:06 
25-Apr-19, 16:27:09 
25-Apr-19, 16:27:11 
25-Apr-19, 16:27:14 
25-Apr-19, 16:27:16 
25-Apr-19, 16:27:19 
25-Apr-19, 16:27:21 
25-Apr-19, 16:27:24 
25-Apr-19, 16:27:26 
25-Apr-19, 16:27:29 
25-Apr-19, 16:27:34 
25-Apr-19, 16:27:36 
25-Apr-19, 16:27:39 
25-Apr-19, 16:27:41 
25-Apr-19, 16:27:44 
25-Apr-19, 16:27:46 
25-Apr-19, 16:27:49 
25-Apr-19, 16:27:51 
25-Apr-19, 16:27:54 
25-Apr-19, 16:27:56 
25-Apr-19, 16:27:59 
25-Apr-19, 16:28:04 
25-Apr-19, 16:28:06 
25-Apr-19, 16:28:09 
25-Apr-19, 16:28:11 
25-Apr-19, 16:28:14 
25-Apr-19, 16:28:16 
25-Apr-19, 16:28:21 
25-Apr-19, 16:28:24 
25-Apr-19, 16:28:26 
25-Apr-19, 16:28:29 
25-Apr-19, 16:28:34 
25-Apr-19, 16:28:36 
25-Apr-19, 16:28:39 
25-Apr-19, 16:28:41 
25-Apr-19, 16:28:44 
25-Apr-19, 16:28:46 
25-Apr-19, 16:28:51 
25-Apr-19, 16:28:54 
25-Apr-19, 16:28:56 
25-Apr-19, 16:28:59 
25-Apr-19, 16:29:04 
25-Apr-19, 16:29:06 
25-Apr-19, 16:29:09 
25-Apr-19, 16:29:11 
25-Apr-19, 16:29:14 
25-Apr-19, 16:29:16 
25-Apr-19, 16:29:21 
25-Apr-19, 16:29:24 
25-Apr-19, 16:29:26 
25-Apr-19, 16:29:29 
25-Apr-19, 16:29:34 
25-Apr-19, 16:29:36 
25-Apr-19, 16:29:39 
25-Apr-19, 16:29:41 
25-Apr-19, 16:29:44 
25-Apr-19, 16:29:46 
25-Apr-19, 16:29:51 
25-Apr-19, 16:29:54 
25-Apr-19, 16:29:56 
25-Apr-19, 16:29:59 
25-Apr-19, 16:30:01 
25-Apr-19, 16:30:04 
25-Apr-19, 16:30:06 
25-Apr-19, 16:30:11 
25-Apr-19, 16:30:14 
25-Apr-19, 16:30:16 
25-Apr-19,10:13:53
25-Apr-19,10:13:53
25-Apr-19,10:13:56
25-Apr-19,10:13:56
25-Apr-19,10:13:57
25-Apr-19,10:13:57
25-Apr-19,10:13:58
25-Apr-19,10:13:58
25-Apr-19,10:14:01
25-Apr-19,10:14:01
25-Apr-19,10:14:02
25-Apr-19,10:14:02
25-Apr-19,10:14:03
25-Apr-19,10:14:03
25-Apr-19,10:14:06
25-Apr-19,10:14:06
25-Apr-19,10:14:08
25-Apr-19,10:14:08
25-Apr-19,10:14:11
25-Apr-19,10:14:11
25-Apr-19,10:14:12
25-Apr-19,10:14:12
25-Apr-19,10:14:13
25-Apr-19,10:14:13
25-Apr-19,10:14:16
25-Apr-19,10:14:16
25-Apr-19,10:14:17
25-Apr-19,10:14:17
25-Apr-19,10:14:18
25-Apr-19,10:14:18
25-Apr-19,10:14:21
25-Apr-19,10:14:21
25-Apr-19,10:14:23
25-Apr-19,10:14:23
25-Apr-19,10:14:26
25-Apr-19,10:14:26
25-Apr-19,10:14:27
25-Apr-19,10:14:27
25-Apr-19,10:14:28
25-Apr-19,10:14:28
25-Apr-19,10:14:31
25-Apr-19,10:14:31
25-Apr-19,10:14:32
25-Apr-19,10:14:32
25-Apr-19,10:14:33
25-Apr-19,10:14:33
25-Apr-19,10:14:36
25-Apr-19,10:14:36
25-Apr-19,10:14:37
25-Apr-19,10:14:37
25-Apr-19,10:14:38
25-Apr-19,10:14:38
25-Apr-19,10:14:41
25-Apr-19,10:14:41
25-Apr-19,10:14:42
25-Apr-19,10:14:42
25-Apr-19,10:14:43
25-Apr-19,10:14:43
25-Apr-19,10:14:46
25-Apr-19,10:14:46
25-Apr-19,10:14:48
25-Apr-19,10:14:48
25-Apr-19,10:14:51
25-Apr-19,10:14:51
25-Apr-19,10:14:53
25-Apr-19,10:14:53
25-Apr-19,10:14:56
25-Apr-19,10:14:56
25-Apr-19,10:14:57
25-Apr-19,10:14:57
25-Apr-19,10:14:58
25-Apr-19,10:14:58
25-Apr-19,10:15:01
25-Apr-19,10:15:01
25-Apr-19,10:15:02
25-Apr-19,10:15:02
25-Apr-19,10:15:03
25-Apr-19,10:15:03
25-Apr-19,10:15:06
25-Apr-19,10:15:06
25-Apr-19,10:15:07
25-Apr-19,10:15:07
25-Apr-19,10:15:08
25-Apr-19,10:15:08
25-Apr-19,10:15:11
25-Apr-19,10:15:11
25-Apr-19,7:49:13
25-Apr-19,7:49:13
25-Apr-19,7:49:13
25-Apr-19,7:49:17
25-Apr-19,7:56:17
25-Apr-19,7:56:18
25-Apr-19,7:56:18
25-Apr-19,8:16:24
25-Apr-19,8:16:24
25-Apr-19,8:16:33
25-Apr-19,8:16:43
25-Apr-19,8:16:44
25-Apr-19,8:16:44
25-Apr-19,8:16:59
25-Apr-19,8:16:59
25-Apr-19,8:16:59
25-Apr-19,8:17:00
25-Apr-19,8:17:00
25-Apr-19,8:17:14
25-Apr-19,8:17:14
25-Apr-19,8:17:14
25-Apr-19,8:17:19
25-Apr-19,8:17:19
25-Apr-19,8:17:19
25-Apr-19,8:17:24
25-Apr-19,8:17:24
25-Apr-19,8:17:24
25-Apr-19,8:17:25
25-Apr-19,8:17:25
25-Apr-19,8:17:29
25-Apr-19,8:17:29
25-Apr-19,8:17:29
25-Apr-19,8:17:30
25-Apr-19,8:17:30
25-Apr-19,8:17:34
25-Apr-19,8:17:34
25-Apr-19,8:17:34
25-Apr-19,8:17:39
25-Apr-19,8:17:39
25-Apr-19,8:17:39
25-Apr-19,8:17:40
25-Apr-19,8:17:40
25-Apr-19,8:17:44
25-Apr-19,8:17:44
25-Apr-19,8:17:44
25-Apr-19,8:17:45
25-Apr-19,8:17:45
25-Apr-19,8:17:49
25-Apr-19,8:17:49
25-Apr-19,8:17:49
25-Apr-19,8:17:50
25-Apr-19,8:17:50
25-Apr-19,8:17:54
25-Apr-19,8:17:54
25-Apr-19,8:17:54
25-Apr-19,8:17:55
25-Apr-19,8:17:55
25-Apr-19,8:17:59
25-Apr-19,8:17:59
25-Apr-19,8:17:59
25-Apr-19,8:18:00
25-Apr-19,8:18:00
25-Apr-19,8:18:04
25-Apr-19,8:18:04
25-Apr-19,8:18:04
25-Apr-19,8:18:05
25-Apr-19,8:18:05
25-Apr-19,8:18:09
25-Apr-19,8:18:09
25-Apr-19,8:18:09
25-Apr-19,8:18:10
25-Apr-19,8:18:10
25-Apr-19,8:18:14
25-Apr-19,8:18:14
25-Apr-19,8:18:14
25-Apr-19,8:18:15
25-Apr-19,8:18:15
25-Apr-19,8:18:19
25-Apr-19,8:18:19
25-Apr-19,8:18:19
25-Apr-19,8:18:20
25-Apr-19,8:18:20
25-Apr-19,8:18:24
25-Apr-19,8:18:24
25-Apr-19,8:18:24
25-Apr-19,8:18:25
25-Apr-19,8:18:25
25-Apr-19,8:18:29
25-Apr-19,8:18:29
25-Apr-19,8:18:29
25-Apr-19,8:18:30
25-Apr-19,8:18:30
25-Apr-19,8:18:34
25-Apr-19,8:18:34
25-Apr-19,8:18:34
25-Apr-19,8:18:35
25-Apr-19,8:18:35
25-Apr-19,8:18:39
25-Apr-19,8:18:39
25-Apr-19,8:18:39
25-Apr-19,8:18:40
25-Apr-19,8:18:40
25-Apr-19,8:18:44
25-Apr-19,8:18:44
25-Apr-19,8:18:44
25-Apr-19,8:18:45
25-Apr-19,8:18:45
25-Apr-19,8:18:49
25-Apr-19,8:18:49
25-Apr-19,8:18:49
25-Apr-19,8:18:50
25-Apr-19,8:18:50
25-Apr-19,8:18:54
25-Apr-19,8:18:54
25-Apr-19,8:18:54
25-Apr-19,8:18:55
25-Apr-19,8:18:55
25-Apr-19,8:18:59
25-Apr-19,8:18:59
25-Apr-19,8:18:59
25-Apr-19,8:19:00
25-Apr-19,8:19:00
25-Apr-19,8:19:04
25-Apr-19,8:19:04
25-Apr-19,8:19:04
25-Apr-19,8:19:05
25-Apr-19,8:19:05
25-Apr-19,8:19:09
25-Apr-19,8:19:09
25-Apr-19,8:19:09
25-Apr-19,8:19:10
25-Apr-19,8:19:10
25-Apr-19,8:19:14
25-Apr-19,8:19:14
25-Apr-19,8:19:14
25-Apr-19,8:19:15
25-Apr-19,8:19:15
25-Apr-19,8:19:19
25-Apr-19,8:19:19
25-Apr-19,8:19:19
25-Apr-19,8:19:20
25-Apr-19,8:19:20
25-Apr-19,8:19:24
25-Apr-19,8:19:24
25-Apr-19,8:19:24
25-Apr-19,8:19:25
25-Apr-19,8:19:25
25-Apr-19,8:19:30
25-Apr-19,8:19:30
25-Apr-19,8:19:34
25-Apr-19,8:19:34
25-Apr-19,8:19:34
25-Apr-19,8:19:35
25-Apr-19,8:19:35
25-Apr-19,8:19:39
25-Apr-19,8:19:39
25-Apr-19,8:19:39
25-Apr-19,8:19:40
25-Apr-19,8:19:40
25-Apr-19,8:19:44
25-Apr-19,8:19:44
25-Apr-19,8:19:44
25-Apr-19,8:19:45
25-Apr-19,8:19:45
25-Apr-19,8:19:49
25-Apr-19,8:19:49
25-Apr-19,8:19:49
25-Apr-19,8:19:54
25-Apr-19,8:19:54
25-Apr-19,8:19:54
25-Apr-19,8:19:55
25-Apr-19,8:19:55
25-Apr-19,8:19:59
25-Apr-19,8:19:59
25-Apr-19,8:19:59
25-Apr-19,8:20:00
25-Apr-19,8:20:00
25-Apr-19,8:20:04
25-Apr-19,8:20:04
25-Apr-19,8:20:04
25-Apr-19,8:20:05
25-Apr-19,8:20:05
25-Apr-19,8:20:09
25-Apr-19,8:20:09
25-Apr-19,8:20:09
25-Apr-19,8:20:10
25-Apr-19,8:20:10
25-Apr-19,8:20:15
25-Apr-19,8:20:15
25-Apr-19,8:20:20
25-Apr-19,8:20:20
25-Apr-19,8:20:24
25-Apr-19,8:20:24
25-Apr-19,8:20:24
25-Apr-19,8:20:25
25-Apr-19,8:20:25
25-Apr-19,8:20:29
25-Apr-19,8:20:29
25-Apr-19,8:20:29
25-Apr-19,8:20:30
25-Apr-19,8:20:30
25-Apr-19,8:20:34
25-Apr-19,8:20:34
25-Apr-19,8:20:34
25-Apr-19,8:20:35
25-Apr-19,8:20:35
25-Apr-19,8:20:39
25-Apr-19,8:20:39
25-Apr-19,8:20:39
25-Apr-19,8:20:40
25-Apr-19,8:20:40
25-Apr-19,8:20:44
25-Apr-19,8:20:44
25-Apr-19,8:20:44
25-Apr-19,8:20:45
25-Apr-19,8:20:45
25-Apr-19,8:20:49
25-Apr-19,8:20:49
25-Apr-19,8:20:49
25-Apr-19,8:20:50
25-Apr-19,8:20:50
25-Apr-19,8:20:54
25-Apr-19,8:20:54
25-Apr-19,8:20:54
25-Apr-19,8:20:55
25-Apr-19,8:20:55
25-Apr-19,8:20:59
25-Apr-19,8:20:59
25-Apr-19,8:20:59
25-Apr-19,8:21:00
25-Apr-19,8:21:00
25-Apr-19,8:21:04
25-Apr-19,8:21:04
25-Apr-19,8:21:04
25-Apr-19,8:21:05
25-Apr-19,8:21:05
25-Apr-19,8:21:09
25-Apr-19,8:21:09
25-Apr-19,8:21:09
25-Apr-19,8:21:10
25-Apr-19,8:21:14
25-Apr-19,8:21:14
25-Apr-19,8:21:14
25-Apr-19,8:21:15
25-Apr-19,8:21:16
25-Apr-19,8:21:19
25-Apr-19,8:21:19
25-Apr-19,8:21:19
25-Apr-19,8:21:20
25-Apr-19,8:21:21
25-Apr-19,8:21:24
25-Apr-19,8:21:24
25-Apr-19,8:21:24
25-Apr-19,8:21:25
25-Apr-19,8:21:26
25-Apr-19,8:21:29
25-Apr-19,8:21:29
25-Apr-19,8:21:29
25-Apr-19,8:21:30
25-Apr-19,8:21:31
25-Apr-19,8:21:34
25-Apr-19,8:21:34
25-Apr-19,8:21:34
25-Apr-19,8:21:35
25-Apr-19,8:21:36
25-Apr-19,8:21:39
25-Apr-19,8:21:39
25-Apr-19,8:21:39
25-Apr-19,8:21:40
25-Apr-19,8:21:41
25-Apr-19,8:21:44
25-Apr-19,8:21:44
25-Apr-19,8:21:44
25-Apr-19,8:21:45
25-Apr-19,8:21:46
25-Apr-19,8:21:49
25-Apr-19,8:21:49
25-Apr-19,8:21:49
25-Apr-19,8:21:50
25-Apr-19,8:21:51
25-Apr-19,8:21:54
25-Apr-19,8:21:54
25-Apr-19,8:21:54
25-Apr-19,8:21:55
25-Apr-19,8:21:56
25-Apr-19,8:21:59
25-Apr-19,8:21:59
25-Apr-19,8:21:59
25-Apr-19,8:22:00
25-Apr-19,8:22:01
25-Apr-19,8:22:04
25-Apr-19,8:22:04
25-Apr-19,8:22:04
25-Apr-19,8:22:05
25-Apr-19,8:22:06
25-Apr-19,8:22:09
25-Apr-19,8:22:09
25-Apr-19,8:22:09
25-Apr-19,8:22:10
25-Apr-19,8:22:11
25-Apr-19,8:22:14
25-Apr-19,8:22:14
25-Apr-19,8:22:14
25-Apr-19,8:22:15
25-Apr-19,8:22:16
25-Apr-19,8:22:20
25-Apr-19,8:22:24
25-Apr-19,8:22:24
25-Apr-19,8:22:24
25-Apr-19,8:22:25
25-Apr-19,8:22:26
25-Apr-19,8:22:29
25-Apr-19,8:22:29
25-Apr-19,8:22:29
25-Apr-19,8:22:30
25-Apr-19,8:22:31
25-Apr-19,8:22:40
25-Apr-19,8:22:41
25-Apr-19,8:22:44
25-Apr-19,8:22:44
25-Apr-19,8:22:44
25-Apr-19,8:22:45
25-Apr-19,8:22:46
25-Apr-19,8:22:49
25-Apr-19,8:22:49
25-Apr-19,8:22:49
25-Apr-19,8:22:51
25-Apr-19,8:22:54
25-Apr-19,8:22:54
25-Apr-19,8:22:54
25-Apr-19,8:22:55
25-Apr-19,8:22:56
25-Apr-19,8:22:59
25-Apr-19,8:22:59
25-Apr-19,8:22:59
25-Apr-19,8:23:00
25-Apr-19,8:23:04
25-Apr-19,8:23:04
25-Apr-19,8:23:04
25-Apr-19,8:23:05
25-Apr-19,8:23:06
25-Apr-19,8:23:10
25-Apr-19,8:23:11
25-Apr-19,8:23:14
25-Apr-19,8:23:14
25-Apr-19,8:23:14
25-Apr-19,8:23:15
25-Apr-19,8:23:16
25-Apr-19,8:23:19
25-Apr-19,8:23:19
25-Apr-19,8:23:19
25-Apr-19,8:23:20
25-Apr-19,8:23:21
25-Apr-19,8:23:24
25-Apr-19,8:23:24
25-Apr-19,8:23:24
25-Apr-19,8:23:25
25-Apr-19,8:23:26
25-Apr-19,8:23:29
25-Apr-19,8:23:29
25-Apr-19,8:23:29
25-Apr-19,8:23:30
25-Apr-19,8:23:31
25-Apr-19,8:23:34
25-Apr-19,8:23:35
25-Apr-19,8:23:35
25-Apr-19,8:23:35
25-Apr-19,8:23:40
25-Apr-19,8:23:40
25-Apr-19,8:23:40
25-Apr-19,8:23:41
25-Apr-19,8:23:44
25-Apr-19,8:23:45
25-Apr-19,8:23:45
25-Apr-19,8:23:45
25-Apr-19,8:23:46
25-Apr-19,8:23:50
25-Apr-19,8:23:50
25-Apr-19,8:23:50
25-Apr-19,8:23:51
25-Apr-19,8:23:54
25-Apr-19,8:23:55
25-Apr-19,8:23:55
25-Apr-19,8:23:55
25-Apr-19,8:23:56
25-Apr-19,8:24:00
25-Apr-19,8:24:00
25-Apr-19,8:24:00
25-Apr-19,8:24:01
25-Apr-19,8:24:04
25-Apr-19,8:24:05
25-Apr-19,8:24:05
25-Apr-19,8:24:05
25-Apr-19,8:24:06
25-Apr-19,8:24:10
25-Apr-19,8:24:10
25-Apr-19,8:24:10
25-Apr-19,8:24:11
25-Apr-19,8:24:14
25-Apr-19,8:24:15
25-Apr-19,8:24:15
25-Apr-19,8:24:15
25-Apr-19,8:24:16
25-Apr-19,8:24:19
25-Apr-19,8:24:20
25-Apr-19,8:24:20
25-Apr-19,8:24:20
25-Apr-19,8:24:21
25-Apr-19,8:24:24
25-Apr-19,8:24:26
25-Apr-19,8:24:30
25-Apr-19,8:24:30
25-Apr-19,8:24:30
25-Apr-19,8:24:34
25-Apr-19,8:24:35
25-Apr-19,8:24:35
25-Apr-19,8:24:35
25-Apr-19,8:24:36
25-Apr-19,8:24:40
25-Apr-19,8:24:40
25-Apr-19,8:24:40
25-Apr-19,8:24:41
25-Apr-19,8:24:44
25-Apr-19,8:24:45
25-Apr-19,8:24:45
25-Apr-19,8:24:45
25-Apr-19,8:24:46
25-Apr-19,8:24:50
25-Apr-19,8:24:50
25-Apr-19,8:24:50
25-Apr-19,8:24:56
25-Apr-19,8:24:59
25-Apr-19,8:25:00
25-Apr-19,8:25:00
25-Apr-19,8:25:00
25-Apr-19,8:25:01
25-Apr-19,8:25:04
25-Apr-19,8:25:06
25-Apr-19,8:25:10
25-Apr-19,8:25:10
25-Apr-19,8:25:10
25-Apr-19,8:25:14
25-Apr-19,8:25:15
25-Apr-19,8:25:15
25-Apr-19,8:25:15
25-Apr-19,8:25:16
25-Apr-19,8:25:20
25-Apr-19,8:25:20
25-Apr-19,8:25:20
25-Apr-19,8:25:21
25-Apr-19,8:25:24
25-Apr-19,8:25:25
25-Apr-19,8:25:25
25-Apr-19,8:25:25
25-Apr-19,8:25:26
25-Apr-19,8:25:30
25-Apr-19,8:25:30
25-Apr-19,8:25:30
25-Apr-19,8:25:31
25-Apr-19,8:25:34
25-Apr-19,8:25:35
25-Apr-19,8:25:35
25-Apr-19,8:25:35
25-Apr-19,8:25:40
25-Apr-19,8:25:40
25-Apr-19,8:25:40
25-Apr-19,8:25:41
25-Apr-19,8:25:44
25-Apr-19,8:25:45
25-Apr-19,8:25:45
25-Apr-19,8:25:45
25-Apr-19,8:25:46
25-Apr-19,8:25:50
25-Apr-19,8:25:50
25-Apr-19,8:25:50
25-Apr-19,8:25:51
25-Apr-19,8:25:54
25-Apr-19,8:25:55
25-Apr-19,8:25:55
25-Apr-19,8:25:55
25-Apr-19,8:25:56
25-Apr-19,8:26:00
25-Apr-19,8:26:00
25-Apr-19,8:26:00
25-Apr-19,8:26:01
25-Apr-19,8:26:04
25-Apr-19,8:26:05
25-Apr-19,8:26:05
25-Apr-19,8:26:05
25-Apr-19,8:26:06
25-Apr-19,8:26:09
25-Apr-19,8:26:10
25-Apr-19,8:26:10
25-Apr-19,8:26:10
25-Apr-19,8:26:11
25-Apr-19,8:26:14
25-Apr-19,8:26:15
25-Apr-19,8:26:15
25-Apr-19,8:26:15
25-Apr-19,8:26:20
25-Apr-19,8:26:20
25-Apr-19,8:26:20
25-Apr-19,8:26:21
25-Apr-19,8:26:24
25-Apr-19,8:26:26
25-Apr-19,8:26:30
25-Apr-19,8:26:30
25-Apr-19,8:26:30
25-Apr-19,8:26:31
25-Apr-19,8:26:34
25-Apr-19,8:26:35
25-Apr-19,8:26:35
25-Apr-19,8:26:35
25-Apr-19,8:26:36
25-Apr-19,8:26:40
25-Apr-19,8:26:40
25-Apr-19,8:26:41
25-Apr-19,8:26:41
25-Apr-19,8:26:44
25-Apr-19,8:26:45
25-Apr-19,8:26:45
25-Apr-19,8:26:46
25-Apr-19,8:26:46
25-Apr-19,8:26:50
25-Apr-19,8:26:50
25-Apr-19,8:26:51
25-Apr-19,8:26:51
25-Apr-19,8:26:54
25-Apr-19,8:26:55
25-Apr-19,8:26:55
25-Apr-19,8:26:56
25-Apr-19,8:26:56
25-Apr-19,8:26:59
25-Apr-19,8:27:00
25-Apr-19,8:27:00
25-Apr-19,8:27:01
25-Apr-19,8:27:01
25-Apr-19,8:27:04
25-Apr-19,8:27:05
25-Apr-19,8:27:05
25-Apr-19,8:27:06
25-Apr-19,8:27:06
25-Apr-19,8:27:09
25-Apr-19,8:27:10
25-Apr-19,8:27:10
25-Apr-19,8:27:11
25-Apr-19,8:27:11
25-Apr-19,8:27:14
25-Apr-19,8:27:15
25-Apr-19,8:27:15
25-Apr-19,8:27:16
25-Apr-19,8:27:16
25-Apr-19,8:27:19
25-Apr-19,8:27:20
25-Apr-19,8:27:20
25-Apr-19,8:27:21
25-Apr-19,8:27:21
25-Apr-19,8:27:24
25-Apr-19,8:27:25
25-Apr-19,8:27:25
25-Apr-19,8:27:26
25-Apr-19,8:27:26
25-Apr-19,8:27:29
25-Apr-19,8:27:30
25-Apr-19,8:27:30
25-Apr-19,8:27:31
25-Apr-19,8:27:31
25-Apr-19,8:27:34
25-Apr-19,8:27:35
25-Apr-19,8:27:35
25-Apr-19,8:27:36
25-Apr-19,8:27:36
25-Apr-19,8:27:39
25-Apr-19,8:27:40
25-Apr-19,8:27:40
25-Apr-19,8:27:41
25-Apr-19,8:27:41
25-Apr-19,8:27:44
25-Apr-19,8:27:45
25-Apr-19,8:27:45
25-Apr-19,8:27:46
25-Apr-19,8:27:46
25-Apr-19,8:27:49
25-Apr-19,8:27:50
25-Apr-19,8:27:50
25-Apr-19,8:27:51
25-Apr-19,8:27:51
25-Apr-19,8:27:54
25-Apr-19,8:27:55
25-Apr-19,8:27:55
25-Apr-19,8:27:56
25-Apr-19,8:27:56
25-Apr-19,8:27:59
25-Apr-19,8:28:00
25-Apr-19,8:28:00
25-Apr-19,8:28:01
25-Apr-19,8:28:01
25-Apr-19,8:28:04
25-Apr-19,8:28:05
25-Apr-19,8:28:05
25-Apr-19,8:28:06
25-Apr-19,8:28:06
25-Apr-19,8:28:09
25-Apr-19,8:28:10
25-Apr-19,8:28:10
25-Apr-19,8:28:11
25-Apr-19,8:28:11
25-Apr-19,8:28:14
25-Apr-19,8:28:15
25-Apr-19,8:28:15
25-Apr-19,8:28:16
25-Apr-19,8:28:16
25-Apr-19,8:28:19
25-Apr-19,8:28:20
25-Apr-19,8:28:20
25-Apr-19,8:28:21
25-Apr-19,8:28:21
25-Apr-19,8:28:25
25-Apr-19,8:28:25
25-Apr-19,8:28:26
25-Apr-19,8:28:26
25-Apr-19,8:28:29
25-Apr-19,8:28:30
25-Apr-19,8:28:30
25-Apr-19,8:28:31
25-Apr-19,8:28:31
25-Apr-19,8:28:34
25-Apr-19,8:28:35
25-Apr-19,8:28:35
25-Apr-19,8:28:36
25-Apr-19,8:28:36
25-Apr-19,8:28:39
25-Apr-19,8:28:40
25-Apr-19,8:28:40
25-Apr-19,8:28:41
25-Apr-19,8:28:41
25-Apr-19,8:28:44
25-Apr-19,8:28:45
25-Apr-19,8:28:45
25-Apr-19,8:28:46
25-Apr-19,8:28:46
25-Apr-19,8:28:49
25-Apr-19,8:28:50
25-Apr-19,8:28:50
25-Apr-19,8:28:51
25-Apr-19,8:28:51
25-Apr-19,8:28:54
25-Apr-19,8:28:55
25-Apr-19,8:28:55
25-Apr-19,8:28:56
25-Apr-19,8:28:56
25-Apr-19,8:28:59
25-Apr-19,8:29:00
25-Apr-19,8:29:00
25-Apr-19,8:29:01
25-Apr-19,8:29:01
25-Apr-19,8:29:04
25-Apr-19,8:29:05
25-Apr-19,8:29:05
25-Apr-19,8:29:06
25-Apr-19,8:29:06
25-Apr-19,8:29:10
25-Apr-19,8:29:10
25-Apr-19,8:29:11
25-Apr-19,8:29:11
25-Apr-19,8:29:14
25-Apr-19,8:29:16
25-Apr-19,8:29:16
25-Apr-19,8:29:19
25-Apr-19,8:29:20
25-Apr-19,8:29:20
25-Apr-19,8:29:21
25-Apr-19,8:29:21
25-Apr-19,8:29:24
25-Apr-19,8:29:25
25-Apr-19,8:29:25
25-Apr-19,8:29:26
25-Apr-19,8:29:26
25-Apr-19,8:29:29
25-Apr-19,8:29:30
25-Apr-19,8:29:30
25-Apr-19,8:29:31
25-Apr-19,8:29:31
25-Apr-19,8:29:34
25-Apr-19,8:29:35
25-Apr-19,8:29:35
25-Apr-19,8:29:39
25-Apr-19,8:29:40
25-Apr-19,8:29:40
25-Apr-19,8:29:41
25-Apr-19,8:29:41
25-Apr-19,8:29:44
25-Apr-19,8:29:45
25-Apr-19,8:29:45
25-Apr-19,8:29:46
25-Apr-19,8:29:46
25-Apr-19,8:29:49
25-Apr-19,8:29:50
25-Apr-19,8:29:50
25-Apr-19,8:29:51
25-Apr-19,8:29:51
25-Apr-19,8:29:54
25-Apr-19,8:29:55
25-Apr-19,8:29:55
25-Apr-19,8:29:56
25-Apr-19,8:29:56
25-Apr-19,8:29:59
25-Apr-19,8:30:00
25-Apr-19,8:30:00
25-Apr-19,8:30:01
25-Apr-19,8:30:01
25-Apr-19,8:30:04
25-Apr-19,8:30:05
25-Apr-19,8:30:05
25-Apr-19,8:30:06
25-Apr-19,8:30:06
25-Apr-19,8:30:09
25-Apr-19,8:30:10
25-Apr-19,8:30:10
25-Apr-19,8:30:11
25-Apr-19,8:30:11
25-Apr-19,8:30:14
25-Apr-19,8:30:15
25-Apr-19,8:30:15
25-Apr-19,8:30:16
25-Apr-19,8:30:16
25-Apr-19,8:30:20
25-Apr-19,8:30:20
25-Apr-19,8:30:20
25-Apr-19,8:30:21
25-Apr-19,8:30:21
25-Apr-19,8:30:25
25-Apr-19,8:30:25
25-Apr-19,8:30:25
25-Apr-19,8:30:26
25-Apr-19,8:30:26
25-Apr-19,8:30:30
25-Apr-19,8:30:30
25-Apr-19,8:30:30
25-Apr-19,8:30:31
25-Apr-19,8:30:31
25-Apr-19,8:30:35
25-Apr-19,8:30:35
25-Apr-19,8:30:35
25-Apr-19,8:30:36
25-Apr-19,8:30:36
25-Apr-19,8:30:40
25-Apr-19,8:30:40
25-Apr-19,8:30:40
25-Apr-19,8:30:41
25-Apr-19,8:30:41
25-Apr-19,8:30:45
25-Apr-19,8:30:45
25-Apr-19,8:30:45
25-Apr-19,8:30:46
25-Apr-19,8:30:47
25-Apr-19,8:30:50
25-Apr-19,8:30:50
25-Apr-19,8:30:50
25-Apr-19,8:30:51
25-Apr-19,8:30:52
25-Apr-19,8:30:55
25-Apr-19,8:30:55
25-Apr-19,8:30:55
25-Apr-19,8:30:56
25-Apr-19,8:30:57
25-Apr-19,8:31:00
25-Apr-19,8:31:00
25-Apr-19,8:31:00
25-Apr-19,8:31:01
25-Apr-19,8:31:02
25-Apr-19,8:31:05
25-Apr-19,8:31:05
25-Apr-19,8:31:05
25-Apr-19,8:31:06
25-Apr-19,8:31:07
25-Apr-19,8:31:10
25-Apr-19,8:31:10
25-Apr-19,8:31:10
25-Apr-19,8:31:11
25-Apr-19,8:31:12
25-Apr-19,8:31:15
25-Apr-19,8:31:15
25-Apr-19,8:31:15
25-Apr-19,8:31:16
25-Apr-19,8:31:17
25-Apr-19,8:31:20
25-Apr-19,8:31:20
25-Apr-19,8:31:20
25-Apr-19,8:31:21
25-Apr-19,8:31:22
25-Apr-19,8:31:25
25-Apr-19,8:31:25
25-Apr-19,8:31:25
25-Apr-19,8:31:26
25-Apr-19,8:31:27
25-Apr-19,8:31:30
25-Apr-19,8:31:30
25-Apr-19,8:31:30
25-Apr-19,8:31:31
25-Apr-19,8:31:32
25-Apr-19,8:31:35
25-Apr-19,8:31:35
25-Apr-19,8:31:35
25-Apr-19,8:31:36
25-Apr-19,8:31:37
25-Apr-19,8:31:40
25-Apr-19,8:31:40
25-Apr-19,8:31:40
25-Apr-19,8:31:41
25-Apr-19,8:31:42
25-Apr-19,8:31:45
25-Apr-19,8:31:45
25-Apr-19,8:31:45
25-Apr-19,8:31:46
25-Apr-19,8:31:47
25-Apr-19,8:31:50
25-Apr-19,8:31:50
25-Apr-19,8:31:50
25-Apr-19,8:31:51
25-Apr-19,8:31:52
25-Apr-19,8:31:55
25-Apr-19,8:31:55
25-Apr-19,8:31:55
25-Apr-19,8:31:56
25-Apr-19,8:31:57
25-Apr-19,8:32:00
25-Apr-19,8:32:00
25-Apr-19,8:32:00
25-Apr-19,8:32:01
25-Apr-19,8:32:02
25-Apr-19,8:32:05
25-Apr-19,8:32:05
25-Apr-19,8:32:05
25-Apr-19,8:32:06
25-Apr-19,8:32:07
25-Apr-19,8:32:10
25-Apr-19,8:32:10
25-Apr-19,8:32:10
25-Apr-19,8:32:11
25-Apr-19,8:32:12
25-Apr-19,8:32:15
25-Apr-19,8:32:15
25-Apr-19,8:32:15
25-Apr-19,8:32:16
25-Apr-19,8:32:17
25-Apr-19,8:32:20
25-Apr-19,8:32:20
25-Apr-19,8:32:20
25-Apr-19,8:32:22
25-Apr-19,8:32:25
25-Apr-19,8:32:25
25-Apr-19,8:32:25
25-Apr-19,8:32:26
25-Apr-19,8:32:27
25-Apr-19,8:32:30
25-Apr-19,8:32:30
25-Apr-19,8:32:30
25-Apr-19,8:32:31
25-Apr-19,8:32:32
25-Apr-19,8:32:35
25-Apr-19,8:32:35
25-Apr-19,8:32:35
25-Apr-19,8:32:36
25-Apr-19,8:32:37
25-Apr-19,8:32:40
25-Apr-19,8:32:40
25-Apr-19,8:32:40
25-Apr-19,8:32:41
25-Apr-19,8:32:42
25-Apr-19,8:32:45
25-Apr-19,8:32:45
25-Apr-19,8:32:45
25-Apr-19,8:32:46
25-Apr-19,8:32:47
25-Apr-19,8:32:50
25-Apr-19,8:32:50
25-Apr-19,8:32:50
25-Apr-19,8:32:51
25-Apr-19,8:32:52
25-Apr-19,8:32:55
25-Apr-19,8:32:55
25-Apr-19,8:32:55
25-Apr-19,8:32:56
25-Apr-19,8:32:57
25-Apr-19,8:33:00
25-Apr-19,8:33:01
25-Apr-19,8:33:01
25-Apr-19,8:33:01
25-Apr-19,8:33:02
25-Apr-19,8:33:05
25-Apr-19,8:33:06
25-Apr-19,8:33:06
25-Apr-19,8:33:06
25-Apr-19,8:33:10
25-Apr-19,8:33:11
25-Apr-19,8:33:11
25-Apr-19,8:33:11
25-Apr-19,8:33:12
25-Apr-19,8:33:15
25-Apr-19,8:33:16
25-Apr-19,8:33:16
25-Apr-19,8:33:16
25-Apr-19,8:33:17
25-Apr-19,8:33:20
25-Apr-19,8:33:21
25-Apr-19,8:33:21
25-Apr-19,8:33:21
25-Apr-19,8:33:22
25-Apr-19,8:33:25
25-Apr-19,8:33:26
25-Apr-19,8:33:26
25-Apr-19,8:33:26
25-Apr-19,8:33:27
25-Apr-19,8:33:30
25-Apr-19,8:33:31
25-Apr-19,8:33:31
25-Apr-19,8:33:31
25-Apr-19,8:33:32
25-Apr-19,8:33:35
25-Apr-19,8:33:37
25-Apr-19,8:33:40
25-Apr-19,8:33:41
25-Apr-19,8:33:41
25-Apr-19,8:33:41
25-Apr-19,8:33:45
25-Apr-19,8:33:46
25-Apr-19,8:33:46
25-Apr-19,8:33:46
25-Apr-19,8:33:47
25-Apr-19,8:33:51
25-Apr-19,8:33:51
25-Apr-19,8:33:51
25-Apr-19,8:33:52
25-Apr-19,8:33:56
25-Apr-19,8:33:56
25-Apr-19,8:33:56
25-Apr-19,8:33:57
25-Apr-19,8:34:00
25-Apr-19,8:34:01
25-Apr-19,8:34:01
25-Apr-19,8:34:01
25-Apr-19,8:34:02
25-Apr-19,8:34:05
25-Apr-19,8:34:06
25-Apr-19,8:34:06
25-Apr-19,8:34:06
25-Apr-19,8:34:07
25-Apr-19,8:34:10
25-Apr-19,8:34:11
25-Apr-19,8:34:11
25-Apr-19,8:34:11
25-Apr-19,8:34:12
25-Apr-19,8:34:15
25-Apr-19,8:34:16
25-Apr-19,8:34:16
25-Apr-19,8:34:16
25-Apr-19,8:34:17
25-Apr-19,8:34:20
25-Apr-19,8:34:21
25-Apr-19,8:34:21
25-Apr-19,8:34:21
25-Apr-19,8:34:22
25-Apr-19,8:34:25
25-Apr-19,8:34:26
25-Apr-19,8:34:26
25-Apr-19,8:34:26
25-Apr-19,8:34:27
25-Apr-19,8:34:30
25-Apr-19,8:34:31
25-Apr-19,8:34:31
25-Apr-19,8:34:31
25-Apr-19,8:34:32
25-Apr-19,8:34:35
25-Apr-19,8:34:36
25-Apr-19,8:34:36
25-Apr-19,8:34:36
25-Apr-19,8:34:37
25-Apr-19,8:34:40
25-Apr-19,8:34:41
25-Apr-19,8:34:41
25-Apr-19,8:34:41
25-Apr-19,8:34:42
25-Apr-19,8:34:45
25-Apr-19,8:34:46
25-Apr-19,8:34:46
25-Apr-19,8:34:46
25-Apr-19,8:34:47
25-Apr-19,8:34:50
25-Apr-19,8:34:55
25-Apr-19,8:34:56
25-Apr-19,8:34:56
25-Apr-19,8:34:56
25-Apr-19,8:34:57
25-Apr-19,8:35:00
25-Apr-19,8:35:01
25-Apr-19,8:35:01
25-Apr-19,8:35:01
25-Apr-19,8:35:02
25-Apr-19,8:35:05
25-Apr-19,8:35:06
25-Apr-19,8:35:06
25-Apr-19,8:35:06
25-Apr-19,8:35:07
25-Apr-19,8:35:10
25-Apr-19,8:35:11
25-Apr-19,8:35:11
25-Apr-19,8:35:11
25-Apr-19,8:35:12
25-Apr-19,8:35:15
25-Apr-19,8:35:16
25-Apr-19,8:35:16
25-Apr-19,8:35:16
25-Apr-19,8:35:17
25-Apr-19,8:35:20
25-Apr-19,8:35:21
25-Apr-19,8:35:21
25-Apr-19,8:35:21
25-Apr-19,8:35:22
25-Apr-19,8:35:27
25-Apr-19,8:35:30
25-Apr-19,8:35:31
25-Apr-19,8:35:31
25-Apr-19,8:35:31
25-Apr-19,8:35:32
25-Apr-19,8:35:36
25-Apr-19,8:35:36
25-Apr-19,8:35:36
25-Apr-19,8:35:37
25-Apr-19,8:35:40
25-Apr-19,8:35:41
25-Apr-19,8:35:41
25-Apr-19,8:35:41
25-Apr-19,8:35:42
25-Apr-19,8:35:45
25-Apr-19,8:35:46
25-Apr-19,8:35:46
25-Apr-19,8:35:46
25-Apr-19,8:35:47
25-Apr-19,8:35:50
25-Apr-19,8:35:51
25-Apr-19,8:35:51
25-Apr-19,8:35:51
25-Apr-19,8:35:52
25-Apr-19,8:35:55
25-Apr-19,8:35:56
25-Apr-19,8:35:56
25-Apr-19,8:35:56
25-Apr-19,8:35:57
25-Apr-19,8:36:00
25-Apr-19,8:36:01
25-Apr-19,8:36:01
25-Apr-19,8:36:01
25-Apr-19,8:36:02
25-Apr-19,8:36:05
25-Apr-19,8:36:06
25-Apr-19,8:36:06
25-Apr-19,8:36:06
25-Apr-19,8:36:07
25-Apr-19,8:36:10
25-Apr-19,8:36:11
25-Apr-19,8:36:11
25-Apr-19,8:36:11
25-Apr-19,8:36:12
25-Apr-19,8:36:15
25-Apr-19,8:36:16
25-Apr-19,8:36:16
25-Apr-19,8:36:16
25-Apr-19,8:36:17
25-Apr-19,8:36:20
25-Apr-19,8:36:21
25-Apr-19,8:36:21
25-Apr-19,8:36:21
25-Apr-19,8:36:22
25-Apr-19,8:36:25
25-Apr-19,8:36:26
25-Apr-19,8:36:26
25-Apr-19,8:36:26
25-Apr-19,8:36:27
25-Apr-19,8:36:30
25-Apr-19,8:36:31
25-Apr-19,8:36:31
25-Apr-19,8:36:31
25-Apr-19,8:36:32
25-Apr-19,8:36:35
25-Apr-19,8:36:36
25-Apr-19,8:36:36
25-Apr-19,8:36:36
25-Apr-19,8:36:37
25-Apr-19,8:36:40
25-Apr-19,8:36:41
25-Apr-19,8:36:41
25-Apr-19,8:36:41
25-Apr-19,8:36:42
25-Apr-19,8:36:45
25-Apr-19,8:36:46
25-Apr-19,8:36:46
25-Apr-19,8:36:46
25-Apr-19,8:36:47
25-Apr-19,8:36:50
25-Apr-19,8:36:51
25-Apr-19,8:36:51
25-Apr-19,8:36:51
25-Apr-19,8:36:52
25-Apr-19,8:36:55
25-Apr-19,8:36:56
25-Apr-19,8:36:56
25-Apr-19,8:36:56
25-Apr-19,8:36:57
25-Apr-19,8:37:00
25-Apr-19,8:37:01
25-Apr-19,8:37:01
25-Apr-19,8:37:01
25-Apr-19,8:37:02
25-Apr-19,8:37:05
25-Apr-19,8:37:06
25-Apr-19,8:37:06
25-Apr-19,8:37:07
25-Apr-19,8:37:07
25-Apr-19,8:37:10
25-Apr-19,8:37:11
25-Apr-19,8:37:11
25-Apr-19,8:37:12
25-Apr-19,8:37:12
25-Apr-19,8:37:15
25-Apr-19,8:37:17
25-Apr-19,8:37:17
25-Apr-19,8:37:20
25-Apr-19,8:37:21
25-Apr-19,8:37:21
25-Apr-19,8:37:22
25-Apr-19,8:37:22
25-Apr-19,8:37:25
25-Apr-19,8:37:26
25-Apr-19,8:37:26
25-Apr-19,8:37:27
25-Apr-19,8:37:27
25-Apr-19,8:37:30
25-Apr-19,8:37:31
25-Apr-19,8:37:31
25-Apr-19,8:37:32
25-Apr-19,8:37:32
25-Apr-19,8:37:36
25-Apr-19,8:37:36
25-Apr-19,8:37:37
25-Apr-19,8:37:37
25-Apr-19,8:37:40
25-Apr-19,8:37:45
25-Apr-19,8:37:46
25-Apr-19,8:37:46
25-Apr-19,8:37:47
25-Apr-19,8:37:47
25-Apr-19,8:37:50
25-Apr-19,8:37:51
25-Apr-19,8:37:51
25-Apr-19,8:37:52
25-Apr-19,8:37:52
25-Apr-19,8:37:55
25-Apr-19,8:37:56
25-Apr-19,8:37:56
25-Apr-19,8:37:57
25-Apr-19,8:37:57
25-Apr-19,8:38:00
25-Apr-19,8:38:01
25-Apr-19,8:38:01
25-Apr-19,8:38:02
25-Apr-19,8:38:02
25-Apr-19,8:38:05
25-Apr-19,8:38:06
25-Apr-19,8:38:06
25-Apr-19,8:38:07
25-Apr-19,8:38:07
25-Apr-19,8:38:10
25-Apr-19,8:38:11
25-Apr-19,8:38:11
25-Apr-19,8:38:12
25-Apr-19,8:38:12
25-Apr-19,8:38:15
25-Apr-19,8:38:16
25-Apr-19,8:38:16
25-Apr-19,8:38:17
25-Apr-19,8:38:17
25-Apr-19,8:38:20
25-Apr-19,8:38:21
25-Apr-19,8:38:21
25-Apr-19,8:38:22
25-Apr-19,8:38:22
25-Apr-19,8:38:25
25-Apr-19,8:38:26
25-Apr-19,8:38:26
25-Apr-19,8:38:27
25-Apr-19,8:38:27
25-Apr-19,8:38:30
25-Apr-19,8:38:31
25-Apr-19,8:38:31
25-Apr-19,8:38:32
25-Apr-19,8:38:32
25-Apr-19,8:38:35
25-Apr-19,8:38:36
25-Apr-19,8:38:36
25-Apr-19,8:38:37
25-Apr-19,8:38:37
25-Apr-19,8:38:40
25-Apr-19,8:38:41
25-Apr-19,8:38:41
25-Apr-19,8:38:42
25-Apr-19,8:38:42
25-Apr-19,8:38:45
25-Apr-19,8:38:46
25-Apr-19,8:38:46
25-Apr-19,8:38:47
25-Apr-19,8:38:47
25-Apr-19,8:38:50
25-Apr-19,8:38:51
25-Apr-19,8:38:51
25-Apr-19,8:38:52
25-Apr-19,8:38:52
25-Apr-19,8:38:55
25-Apr-19,8:38:56
25-Apr-19,8:38:56
25-Apr-19,8:38:57
25-Apr-19,8:38:57
25-Apr-19,8:39:00
25-Apr-19,8:39:01
25-Apr-19,8:39:01
25-Apr-19,8:39:02
25-Apr-19,8:39:02
25-Apr-19,8:39:05
25-Apr-19,8:39:06
25-Apr-19,8:39:06
25-Apr-19,8:39:07
25-Apr-19,8:39:07
25-Apr-19,8:39:10
25-Apr-19,8:39:11
25-Apr-19,8:39:11
25-Apr-19,8:39:12
25-Apr-19,8:39:12
25-Apr-19,8:39:15
25-Apr-19,8:39:16
25-Apr-19,8:39:16
25-Apr-19,8:39:17
25-Apr-19,8:39:17
25-Apr-19,8:39:20
25-Apr-19,8:39:21
25-Apr-19,8:39:21
25-Apr-19,8:39:22
25-Apr-19,8:39:22
25-Apr-19,8:39:25
25-Apr-19,8:39:26
25-Apr-19,8:39:26
25-Apr-19,8:39:27
25-Apr-19,8:39:27
25-Apr-19,8:39:30
25-Apr-19,8:39:31
25-Apr-19,8:39:31
25-Apr-19,8:39:32
25-Apr-19,8:39:32
25-Apr-19,8:39:35
25-Apr-19,8:39:36
25-Apr-19,8:39:36
25-Apr-19,8:39:37
25-Apr-19,8:39:37
25-Apr-19,8:39:40
25-Apr-19,8:39:41
25-Apr-19,8:39:41
25-Apr-19,8:39:42
25-Apr-19,8:39:42
25-Apr-19,8:39:45
25-Apr-19,8:39:46
25-Apr-19,8:39:46
25-Apr-19,8:39:47
25-Apr-19,8:39:47
25-Apr-19,8:39:50
25-Apr-19,8:39:51
25-Apr-19,8:39:51
25-Apr-19,8:39:52
25-Apr-19,8:39:52
25-Apr-19,8:39:55
25-Apr-19,8:39:56
25-Apr-19,8:39:56
25-Apr-19,8:39:57
25-Apr-19,8:39:57
25-Apr-19,8:40:00
25-Apr-19,8:40:01
25-Apr-19,8:40:01
25-Apr-19,8:40:02
25-Apr-19,8:40:02
25-Apr-19,8:40:05
25-Apr-19,8:40:06
25-Apr-19,8:40:06
25-Apr-19,8:40:07
25-Apr-19,8:40:07
25-Apr-19,8:40:10
25-Apr-19,8:40:11
25-Apr-19,8:40:11
25-Apr-19,8:40:12
25-Apr-19,8:40:12
25-Apr-19,8:40:15
25-Apr-19,8:40:16
25-Apr-19,8:40:16
25-Apr-19,8:40:17
25-Apr-19,8:40:17
25-Apr-19,8:40:20
25-Apr-19,8:40:21
25-Apr-19,8:40:21
25-Apr-19,8:40:22
25-Apr-19,8:40:22
25-Apr-19,8:40:25
25-Apr-19,8:40:26
25-Apr-19,8:40:26
25-Apr-19,8:40:27
25-Apr-19,8:40:27
25-Apr-19,8:40:30
25-Apr-19,8:40:31
25-Apr-19,8:40:31
25-Apr-19,8:40:32
25-Apr-19,8:40:32
25-Apr-19,8:40:35
25-Apr-19,8:40:36
25-Apr-19,8:40:36
25-Apr-19,8:40:37
25-Apr-19,8:40:37
25-Apr-19,8:40:40
25-Apr-19,8:40:41
25-Apr-19,8:40:41
25-Apr-19,8:40:42
25-Apr-19,8:40:42
25-Apr-19,8:40:45
25-Apr-19,8:40:46
25-Apr-19,8:40:46
25-Apr-19,8:40:47
25-Apr-19,8:40:47
25-Apr-19,8:40:50
25-Apr-19,8:40:51
25-Apr-19,8:40:51
25-Apr-19,8:40:52
25-Apr-19,8:40:52
25-Apr-19,8:40:55
25-Apr-19,8:40:56
25-Apr-19,8:40:56
25-Apr-19,8:40:57
25-Apr-19,8:40:57
25-Apr-19,8:41:00
25-Apr-19,8:41:02
25-Apr-19,8:41:02
25-Apr-19,8:41:05
25-Apr-19,8:41:06
25-Apr-19,8:41:06
25-Apr-19,8:41:07
25-Apr-19,8:41:07
25-Apr-19,8:41:10
25-Apr-19,8:41:11
25-Apr-19,8:41:11
25-Apr-19,8:41:12
25-Apr-19,8:41:12
25-Apr-19,8:41:15
25-Apr-19,8:41:16
25-Apr-19,8:41:16
25-Apr-19,8:41:17
25-Apr-19,8:41:18
25-Apr-19,8:41:20
25-Apr-19,8:41:21
25-Apr-19,8:41:21
25-Apr-19,8:41:22
25-Apr-19,8:41:23
25-Apr-19,8:41:25
25-Apr-19,8:41:26
25-Apr-19,8:41:26
25-Apr-19,8:41:27
25-Apr-19,8:41:28
25-Apr-19,8:41:30
25-Apr-19,8:41:31
25-Apr-19,8:41:31
25-Apr-19,8:41:32
25-Apr-19,8:41:33
25-Apr-19,8:41:35
25-Apr-19,8:41:36
25-Apr-19,8:41:36
25-Apr-19,8:41:37
25-Apr-19,8:41:38
25-Apr-19,8:41:40
25-Apr-19,8:41:41
25-Apr-19,8:41:41
25-Apr-19,8:41:42
25-Apr-19,8:41:43
25-Apr-19,8:41:45
25-Apr-19,8:41:46
25-Apr-19,8:41:46
25-Apr-19,8:41:47
25-Apr-19,8:41:48
25-Apr-19,8:41:50
25-Apr-19,8:41:51
25-Apr-19,8:41:51
25-Apr-19,8:41:52
25-Apr-19,8:41:55
25-Apr-19,8:41:56
25-Apr-19,8:41:56
25-Apr-19,8:41:57
25-Apr-19,8:41:58
25-Apr-19,8:42:01
25-Apr-19,8:42:01
25-Apr-19,8:42:02
25-Apr-19,8:42:03
25-Apr-19,8:42:05
25-Apr-19,8:42:06
25-Apr-19,8:42:06
25-Apr-19,8:42:07
25-Apr-19,8:42:08
25-Apr-19,8:42:10
25-Apr-19,8:42:11
25-Apr-19,8:42:11
25-Apr-19,8:42:12
25-Apr-19,8:42:13
25-Apr-19,8:42:15
25-Apr-19,8:42:16
25-Apr-19,8:42:16
25-Apr-19,8:42:17
25-Apr-19,8:42:18
25-Apr-19,8:42:20
25-Apr-19,8:42:21
25-Apr-19,8:42:21
25-Apr-19,8:42:22
25-Apr-19,8:42:23
25-Apr-19,8:42:25
25-Apr-19,8:42:26
25-Apr-19,8:42:26
25-Apr-19,8:42:27
25-Apr-19,8:42:28
25-Apr-19,8:42:31
25-Apr-19,8:42:31
25-Apr-19,8:42:33
25-Apr-19,8:42:35
25-Apr-19,8:42:36
25-Apr-19,8:42:36
25-Apr-19,8:42:37
25-Apr-19,8:42:38
25-Apr-19,8:42:40
25-Apr-19,8:42:41
25-Apr-19,8:42:41
25-Apr-19,8:42:42
25-Apr-19,8:42:43
25-Apr-19,8:42:45
25-Apr-19,8:42:46
25-Apr-19,8:42:46
25-Apr-19,8:42:47
25-Apr-19,8:42:48
25-Apr-19,8:42:50
25-Apr-19,8:42:51
25-Apr-19,8:42:51
25-Apr-19,8:42:52
25-Apr-19,8:42:53
25-Apr-19,8:42:55
25-Apr-19,8:42:56
25-Apr-19,8:42:56
25-Apr-19,8:42:57
25-Apr-19,8:42:58
25-Apr-19,8:43:00
25-Apr-19,8:43:01
25-Apr-19,8:43:01
25-Apr-19,8:43:02
25-Apr-19,8:43:03
25-Apr-19,8:43:05
25-Apr-19,8:43:06
25-Apr-19,8:43:06
25-Apr-19,8:43:07
25-Apr-19,8:43:08
25-Apr-19,8:43:10
25-Apr-19,8:43:13
25-Apr-19,8:43:15
25-Apr-19,8:43:16
25-Apr-19,8:43:16
25-Apr-19,8:43:17
25-Apr-19,8:43:18
25-Apr-19,8:43:20
25-Apr-19,8:43:21
25-Apr-19,8:43:21
25-Apr-19,8:43:22
25-Apr-19,8:43:23
25-Apr-19,8:43:25
25-Apr-19,8:43:26
25-Apr-19,8:43:26
25-Apr-19,8:43:27
25-Apr-19,8:43:28
25-Apr-19,8:43:30
25-Apr-19,8:43:31
25-Apr-19,8:43:31
25-Apr-19,8:43:32
25-Apr-19,8:43:33
25-Apr-19,8:43:35
25-Apr-19,8:43:36
25-Apr-19,8:43:36
25-Apr-19,8:43:37
25-Apr-19,8:43:38
25-Apr-19,8:43:40
25-Apr-19,8:43:41
25-Apr-19,8:43:41
25-Apr-19,8:43:42
25-Apr-19,8:43:43
25-Apr-19,8:43:45
25-Apr-19,8:43:46
25-Apr-19,8:43:46
25-Apr-19,8:43:47
25-Apr-19,8:43:48
25-Apr-19,8:43:50
25-Apr-19,8:43:51
25-Apr-19,8:43:51
25-Apr-19,8:43:52
25-Apr-19,8:43:53
25-Apr-19,8:43:55
25-Apr-19,8:43:56
25-Apr-19,8:43:56
25-Apr-19,8:43:57
25-Apr-19,8:43:58
25-Apr-19,8:44:00
25-Apr-19,8:44:02
25-Apr-19,8:44:03
25-Apr-19,8:44:05
25-Apr-19,8:44:06
25-Apr-19,8:44:06
25-Apr-19,8:44:07
25-Apr-19,8:44:08
25-Apr-19,8:44:10
25-Apr-19,8:44:11
25-Apr-19,8:44:11
25-Apr-19,8:44:12
25-Apr-19,8:44:13
25-Apr-19,8:44:15
25-Apr-19,8:44:16
25-Apr-19,8:44:16
25-Apr-19,8:44:17
25-Apr-19,8:44:18
25-Apr-19,8:44:20
25-Apr-19,8:44:21
25-Apr-19,8:44:21
25-Apr-19,8:44:22
25-Apr-19,8:44:23
25-Apr-19,8:44:26
25-Apr-19,8:44:26
25-Apr-19,8:44:26
25-Apr-19,8:44:27
25-Apr-19,8:44:28
25-Apr-19,8:44:31
25-Apr-19,8:44:31
25-Apr-19,8:44:31
25-Apr-19,8:44:32
25-Apr-19,8:44:33
25-Apr-19,8:44:36
25-Apr-19,8:44:36
25-Apr-19,8:44:36
25-Apr-19,8:44:37
25-Apr-19,8:44:38
25-Apr-19,8:44:41
25-Apr-19,8:44:41
25-Apr-19,8:44:41
25-Apr-19,8:44:42
25-Apr-19,8:44:43
25-Apr-19,8:44:46
25-Apr-19,8:44:46
25-Apr-19,8:44:46
25-Apr-19,8:44:47
25-Apr-19,8:44:48
25-Apr-19,8:44:51
25-Apr-19,8:44:51
25-Apr-19,8:44:51
25-Apr-19,8:44:52
25-Apr-19,8:44:53
25-Apr-19,8:44:56
25-Apr-19,8:44:56
25-Apr-19,8:44:56
25-Apr-19,8:44:57
25-Apr-19,8:44:58
25-Apr-19,8:45:01
25-Apr-19,8:45:01
25-Apr-19,8:45:01
25-Apr-19,8:45:02
25-Apr-19,8:45:03
25-Apr-19,8:45:06
25-Apr-19,8:45:06
25-Apr-19,8:45:06
25-Apr-19,8:45:07
25-Apr-19,8:45:08
25-Apr-19,8:45:11
25-Apr-19,8:45:11
25-Apr-19,8:45:11
25-Apr-19,8:45:12
25-Apr-19,8:45:13
25-Apr-19,8:45:16
25-Apr-19,8:45:16
25-Apr-19,8:45:16
25-Apr-19,8:45:17
25-Apr-19,8:45:18
25-Apr-19,8:45:21
25-Apr-19,8:45:21
25-Apr-19,8:45:21
25-Apr-19,8:45:22
25-Apr-19,8:45:23
25-Apr-19,8:45:26
25-Apr-19,8:45:26
25-Apr-19,8:45:26
25-Apr-19,8:45:27
25-Apr-19,8:45:28
25-Apr-19,8:45:31
25-Apr-19,8:45:31
25-Apr-19,8:45:31
25-Apr-19,8:45:32
25-Apr-19,8:45:33
25-Apr-19,8:45:36
25-Apr-19,8:45:36
25-Apr-19,8:45:36
25-Apr-19,8:45:37
25-Apr-19,8:45:38
25-Apr-19,8:45:41
25-Apr-19,8:45:41
25-Apr-19,8:45:41
25-Apr-19,8:45:42
25-Apr-19,8:45:46
25-Apr-19,8:45:46
25-Apr-19,8:45:46
25-Apr-19,8:45:47
25-Apr-19,8:45:48
25-Apr-19,8:45:51
25-Apr-19,8:45:51
25-Apr-19,8:45:51
25-Apr-19,8:45:52
25-Apr-19,8:45:53
25-Apr-19,8:45:56
25-Apr-19,8:45:56
25-Apr-19,8:45:56
25-Apr-19,8:45:57
25-Apr-19,8:45:58
25-Apr-19,8:46:01
25-Apr-19,8:46:01
25-Apr-19,8:46:01
25-Apr-19,8:46:02
25-Apr-19,8:46:03
25-Apr-19,8:46:06
25-Apr-19,8:46:06
25-Apr-19,8:46:06
25-Apr-19,8:46:07
25-Apr-19,8:46:08
25-Apr-19,8:46:11
25-Apr-19,8:46:11
25-Apr-19,8:46:11
25-Apr-19,8:46:12
25-Apr-19,8:46:13
25-Apr-19,8:46:16
25-Apr-19,8:46:16
25-Apr-19,8:46:16
25-Apr-19,8:46:17
25-Apr-19,8:46:18
25-Apr-19,8:46:21
25-Apr-19,8:46:21
25-Apr-19,8:46:21
25-Apr-19,8:46:23
25-Apr-19,8:46:26
25-Apr-19,8:46:26
25-Apr-19,8:46:26
25-Apr-19,8:46:27
25-Apr-19,8:46:28
25-Apr-19,8:46:31
25-Apr-19,8:46:31
25-Apr-19,8:46:31
25-Apr-19,8:46:36
25-Apr-19,8:46:36
25-Apr-19,8:46:36
25-Apr-19,8:46:37
25-Apr-19,8:46:38
25-Apr-19,8:46:41
25-Apr-19,8:46:41
25-Apr-19,8:46:41
25-Apr-19,8:46:42
25-Apr-19,8:46:43
25-Apr-19,8:46:46
25-Apr-19,8:46:47
25-Apr-19,8:46:47
25-Apr-19,8:46:47
25-Apr-19,8:46:48
25-Apr-19,8:46:51
25-Apr-19,8:46:52
25-Apr-19,8:46:52
25-Apr-19,8:46:52
25-Apr-19,8:46:53
25-Apr-19,8:46:56
25-Apr-19,8:46:57
25-Apr-19,8:46:57
25-Apr-19,8:46:57
25-Apr-19,8:46:58
25-Apr-19,8:47:01
25-Apr-19,8:47:02
25-Apr-19,8:47:02
25-Apr-19,8:47:02
25-Apr-19,8:47:03
25-Apr-19,8:47:06
25-Apr-19,8:47:07
25-Apr-19,8:47:07
25-Apr-19,8:47:07
25-Apr-19,8:47:08
25-Apr-19,8:47:11
25-Apr-19,8:47:12
25-Apr-19,8:47:12
25-Apr-19,8:47:12
25-Apr-19,8:47:13
25-Apr-19,8:47:16
25-Apr-19,8:47:17
25-Apr-19,8:47:17
25-Apr-19,8:47:17
25-Apr-19,8:47:18
25-Apr-19,8:47:21
25-Apr-19,8:47:22
25-Apr-19,8:47:22
25-Apr-19,8:47:22
25-Apr-19,8:47:23
25-Apr-19,8:47:26
25-Apr-19,8:47:28
25-Apr-19,8:47:31
25-Apr-19,8:47:32
25-Apr-19,8:47:32
25-Apr-19,8:47:32
25-Apr-19,8:47:33
25-Apr-19,8:47:36
25-Apr-19,8:47:37
25-Apr-19,8:47:37
25-Apr-19,8:47:37
25-Apr-19,8:47:38
25-Apr-19,8:47:41
25-Apr-19,8:47:42
25-Apr-19,8:47:42
25-Apr-19,8:47:42
25-Apr-19,8:47:43
25-Apr-19,8:47:46
25-Apr-19,8:47:47
25-Apr-19,8:47:47
25-Apr-19,8:47:47
25-Apr-19,8:47:48
25-Apr-19,8:47:51
25-Apr-19,8:47:52
25-Apr-19,8:47:52
25-Apr-19,8:47:52
25-Apr-19,8:47:53
25-Apr-19,8:47:56
25-Apr-19,8:47:57
25-Apr-19,8:47:57
25-Apr-19,8:47:57
25-Apr-19,8:47:58
25-Apr-19,8:48:01
25-Apr-19,8:48:02
25-Apr-19,8:48:02
25-Apr-19,8:48:02
25-Apr-19,8:48:03
25-Apr-19,8:48:06
25-Apr-19,8:48:07
25-Apr-19,8:48:07
25-Apr-19,8:48:07
25-Apr-19,8:48:08
25-Apr-19,8:48:11
25-Apr-19,8:48:12
25-Apr-19,8:48:12
25-Apr-19,8:48:12
25-Apr-19,8:48:13
25-Apr-19,8:48:16
25-Apr-19,8:48:17
25-Apr-19,8:48:17
25-Apr-19,8:48:17
25-Apr-19,8:48:18
25-Apr-19,8:48:21
25-Apr-19,8:48:22
25-Apr-19,8:48:22
25-Apr-19,8:48:22
25-Apr-19,8:48:23
25-Apr-19,8:48:26
25-Apr-19,8:48:27
25-Apr-19,8:48:27
25-Apr-19,8:48:27
25-Apr-19,8:48:28
25-Apr-19,8:48:31
25-Apr-19,8:48:32
25-Apr-19,8:48:32
25-Apr-19,8:48:32
25-Apr-19,8:48:33
25-Apr-19,8:48:36
25-Apr-19,8:48:37
25-Apr-19,8:48:37
25-Apr-19,8:48:37
25-Apr-19,8:48:38
25-Apr-19,8:48:41
25-Apr-19,8:48:43
25-Apr-19,8:48:46
25-Apr-19,8:48:48
25-Apr-19,8:48:51
25-Apr-19,8:48:52
25-Apr-19,8:48:52
25-Apr-19,8:48:52
25-Apr-19,8:48:53
25-Apr-19,8:48:56
25-Apr-19,8:48:58
25-Apr-19,8:49:02
25-Apr-19,8:49:02
25-Apr-19,8:49:02
25-Apr-19,8:49:03
25-Apr-19,8:49:06
25-Apr-19,8:49:07
25-Apr-19,8:49:07
25-Apr-19,8:49:07
25-Apr-19,8:49:08
25-Apr-19,8:49:11
25-Apr-19,8:49:12
25-Apr-19,8:49:12
25-Apr-19,8:49:12
25-Apr-19,8:49:13
25-Apr-19,8:49:16
25-Apr-19,8:49:17
25-Apr-19,8:49:17
25-Apr-19,8:49:17
25-Apr-19,8:49:18
25-Apr-19,8:49:21
25-Apr-19,8:49:22
25-Apr-19,8:49:22
25-Apr-19,8:49:22
25-Apr-19,8:49:23
25-Apr-19,8:49:27
25-Apr-19,8:49:27
25-Apr-19,8:49:27
25-Apr-19,8:49:28
25-Apr-19,8:49:31
25-Apr-19,8:49:32
25-Apr-19,8:49:32
25-Apr-19,8:49:32
25-Apr-19,8:49:33
25-Apr-19,8:49:36
25-Apr-19,8:49:37
25-Apr-19,8:49:37
25-Apr-19,8:49:37
25-Apr-19,8:49:38
25-Apr-19,8:49:41
25-Apr-19,8:49:42
25-Apr-19,8:49:42
25-Apr-19,8:49:42
25-Apr-19,8:49:43
25-Apr-19,8:49:46
25-Apr-19,8:49:47
25-Apr-19,8:49:47
25-Apr-19,8:49:47
25-Apr-19,8:49:51
25-Apr-19,8:49:52
25-Apr-19,8:49:52
25-Apr-19,8:49:52
25-Apr-19,8:49:53
25-Apr-19,8:49:57
25-Apr-19,8:49:57
25-Apr-19,8:49:58
25-Apr-19,8:49:58
25-Apr-19,8:50:01
25-Apr-19,8:50:02
25-Apr-19,8:50:02
25-Apr-19,8:50:03
25-Apr-19,8:50:03
25-Apr-19,8:50:06
25-Apr-19,8:50:07
25-Apr-19,8:50:07
25-Apr-19,8:50:08
25-Apr-19,8:50:08
25-Apr-19,8:50:11
25-Apr-19,8:50:12
25-Apr-19,8:50:12
25-Apr-19,8:50:13
25-Apr-19,8:50:13
25-Apr-19,8:50:17
25-Apr-19,8:50:17
25-Apr-19,8:50:18
25-Apr-19,8:50:18
25-Apr-19,8:50:21
25-Apr-19,8:50:22
25-Apr-19,8:50:22
25-Apr-19,8:50:23
25-Apr-19,8:50:23
25-Apr-19,8:50:26
25-Apr-19,8:50:27
25-Apr-19,8:50:27
25-Apr-19,8:50:28
25-Apr-19,8:50:28
25-Apr-19,8:50:31
25-Apr-19,8:50:32
25-Apr-19,8:50:32
25-Apr-19,8:50:33
25-Apr-19,8:50:33
25-Apr-19,8:50:36
25-Apr-19,8:50:37
25-Apr-19,8:50:37
25-Apr-19,8:50:38
25-Apr-19,8:50:38
25-Apr-19,8:50:41
25-Apr-19,8:50:42
25-Apr-19,8:50:42
25-Apr-19,8:50:43
25-Apr-19,8:50:43
25-Apr-19,8:50:46
25-Apr-19,8:50:47
25-Apr-19,8:50:47
25-Apr-19,8:50:48
25-Apr-19,8:50:48
25-Apr-19,8:50:52
25-Apr-19,8:50:52
25-Apr-19,8:50:56
25-Apr-19,8:50:58
25-Apr-19,8:50:58
25-Apr-19,8:51:02
25-Apr-19,8:51:02
25-Apr-19,8:51:03
25-Apr-19,8:51:03
25-Apr-19,8:51:06
25-Apr-19,8:51:07
25-Apr-19,8:51:07
25-Apr-19,8:51:08
25-Apr-19,8:51:08
25-Apr-19,8:51:12
25-Apr-19,8:51:12
25-Apr-19,8:51:13
25-Apr-19,8:51:13
25-Apr-19,8:51:16
25-Apr-19,8:51:17
25-Apr-19,8:51:17
25-Apr-19,8:51:18
25-Apr-19,8:51:18
25-Apr-19,8:51:21
25-Apr-19,8:51:22
25-Apr-19,8:51:22
25-Apr-19,8:51:23
25-Apr-19,8:51:23
25-Apr-19,8:51:26
25-Apr-19,8:51:27
25-Apr-19,8:51:27
25-Apr-19,8:51:28
25-Apr-19,8:51:28
25-Apr-19,8:51:31
25-Apr-19,8:51:32
25-Apr-19,8:51:32
25-Apr-19,8:51:33
25-Apr-19,8:51:33
25-Apr-19,8:51:36
25-Apr-19,8:51:37
25-Apr-19,8:51:37
25-Apr-19,8:51:42
25-Apr-19,8:51:42
25-Apr-19,8:51:43
25-Apr-19,8:51:43
25-Apr-19,8:51:47
25-Apr-19,8:51:47
25-Apr-19,8:51:48
25-Apr-19,8:51:48
25-Apr-19,8:51:51
25-Apr-19,8:51:52
25-Apr-19,8:51:52
25-Apr-19,8:51:53
25-Apr-19,8:51:53
25-Apr-19,8:51:57
25-Apr-19,8:51:57
25-Apr-19,8:51:58
25-Apr-19,8:51:58
25-Apr-19,8:52:01
25-Apr-19,8:52:02
25-Apr-19,8:52:02
25-Apr-19,8:52:03
25-Apr-19,8:52:03
25-Apr-19,8:52:06
25-Apr-19,8:52:07
25-Apr-19,8:52:07
25-Apr-19,8:52:08
25-Apr-19,8:52:08
25-Apr-19,8:52:11
25-Apr-19,8:52:12
25-Apr-19,8:52:12
25-Apr-19,8:52:13
25-Apr-19,8:52:13
25-Apr-19,8:52:16
25-Apr-19,8:52:17
25-Apr-19,8:52:17
25-Apr-19,8:52:21
25-Apr-19,8:52:22
25-Apr-19,8:52:22
25-Apr-19,8:52:23
25-Apr-19,8:52:23
25-Apr-19,8:52:26
25-Apr-19,8:52:27
25-Apr-19,8:52:27
25-Apr-19,8:52:28
25-Apr-19,8:52:28
25-Apr-19,8:52:31
25-Apr-19,8:52:32
25-Apr-19,8:52:32
25-Apr-19,8:52:33
25-Apr-19,8:52:33
25-Apr-19,8:52:36
25-Apr-19,8:52:37
25-Apr-19,8:52:37
25-Apr-19,8:52:38
25-Apr-19,8:52:38
25-Apr-19,8:52:41
25-Apr-19,8:52:42
25-Apr-19,8:52:42
25-Apr-19,8:52:43
25-Apr-19,8:52:43
25-Apr-19,8:52:46
25-Apr-19,8:52:47
25-Apr-19,8:52:47
25-Apr-19,8:52:48
25-Apr-19,8:52:48
25-Apr-19,8:52:51
25-Apr-19,8:52:52
25-Apr-19,8:52:52
25-Apr-19,8:52:53
25-Apr-19,8:52:53
31-Mar-19,12:41:31
31-Mar-19,12:41:31
31-Mar-19,12:41:31
31-Mar-19,12:41:31
31-Mar-19,12:41:31
31-Mar-19,12:41:31
31-Mar-19,12:41:31
31-Mar-19,12:41:31
31-Mar-19,12:41:31
31-Mar-19,12:41:31
31-Mar-19,12:41:31
31-Mar-19,12:41:31
31-Mar-19,12:41:31
31-Mar-19,12:41:32
31-Mar-19,12:41:32
31-Mar-19,12:41:32
31-Mar-19,12:41:32
31-Mar-19,12:41:32
31-Mar-19,12:41:32
31-Mar-19,12:41:32
31-Mar-19,12:41:32
31-Mar-19,12:41:32
31-Mar-19,12:41:32
31-Mar-19,12:41:32
31-Mar-19,12:41:32
31-Mar-19,12:41:32
31-Mar-19,12:41:32
31-Mar-19,12:41:32
31-Mar-19,12:41:32
31-Mar-19,12:41:32
31-Mar-19,12:41:32
31-Mar-19,12:41:32
31-Mar-19,12:41:32
31-Mar-19,12:41:32
31-Mar-19,12:41:32
31-Mar-19,12:41:32
31-Mar-19,12:41:32
31-Mar-19,12:41:32
31-Mar-19,12:41:32
31-Mar-19,12:41:32
31-Mar-19,12:41:32
31-Mar-19,12:41:32
31-Mar-19,12:41:32
31-Mar-19,12:41:32
31-Mar-19,12:41:32
31-Mar-19,12:41:32
31-Mar-19,12:41:32
31-Mar-19,12:41:32
31-Mar-19,12:41:32
31-Mar-19,12:41:32
31-Mar-19,12:41:32
31-Mar-19,12:41:32
31-Mar-19,12:41:32
31-Mar-19,12:41:32
31-Mar-19,12:41:32
31-Mar-19,12:41:32
31-Mar-19,12:41:32
31-Mar-19,12:43:48
31-Mar-19,12:43:48
31-Mar-19,12:43:48
31-Mar-19,12:43:48
31-Mar-19,12:43:48
31-Mar-19,12:43:48
31-Mar-19,12:43:48
31-Mar-19,12:43:48
31-Mar-19,12:43:48
31-Mar-19,12:43:48
31-Mar-19,12:43:48
31-Mar-19,12:43:48
31-Mar-19,12:43:48
31-Mar-19,12:43:48
31-Mar-19,12:43:48
31-Mar-19,12:43:48
31-Mar-19,12:43:48
31-Mar-19,12:43:48
31-Mar-19,12:43:48
31-Mar-19,12:43:48
31-Mar-19,12:43:48
31-Mar-19,12:43:48
31-Mar-19,12:43:48
31-Mar-19,12:43:48
31-Mar-19,12:43:48
31-Mar-19,12:43:48
31-Mar-19,12:43:48
31-Mar-19,12:43:48
31-Mar-19,12:43:48
31-Mar-19,12:43:48
31-Mar-19,12:43:48
31-Mar-19,12:43:48
31-Mar-19,12:43:48
31-Mar-19,12:43:48
31-Mar-19,12:43:48
31-Mar-19,12:43:48
31-Mar-19,12:43:48
31-Mar-19,12:43:48
31-Mar-19,12:43:48
31-Mar-19,12:43:48
31-Mar-19,12:43:48
31-Mar-19,12:43:48
31-Mar-19,12:43:48
31-Mar-19,12:43:48
31-Mar-19,12:43:48
31-Mar-19,12:43:48
31-Mar-19,12:43:48
31-Mar-19,12:43:48
31-Mar-19,12:43:48
31-Mar-19,12:43:48
31-Mar-19,12:43:48
31-Mar-19,12:43:48
31-Mar-19,12:43:48
31-Mar-19,12:43:48
31-Mar-19,12:43:48
31-Mar-19,12:43:48
31-Mar-19,12:43:48
31-Mar-19,12:43:48
31-Mar-19,12:43:48
31-Mar-19,12:43:48
31-Mar-19,12:43:48
31-Mar-19,12:43:48
31-Mar-19,12:43:48
31-Mar-19,12:43:48
31-Mar-19,12:43:48
31-Mar-19,12:43:48
31-Mar-19,12:43:48
31-Mar-19,12:43:48
31-Mar-19,12:43:48
31-Mar-19,12:43:48
31-Mar-19,12:43:48
31-Mar-19,12:43:48
31-Mar-19,12:43:48
31-Mar-19,12:43:48
31-Mar-19,12:43:48
31-Mar-19,12:43:48
31-Mar-19,12:43:48
31-Mar-19,12:43:49
31-Mar-19,12:43:49
31-Mar-19,12:43:49
31-Mar-19,12:43:49
31-Mar-19,12:43:49
31-Mar-19,12:43:49
31-Mar-19,12:43:49
31-Mar-19,12:43:49
31-Mar-19,12:43:49
31-Mar-19,12:43:49
31-Mar-19,12:43:49
31-Mar-19,12:43:49
31-Mar-19,12:43:49
31-Mar-19,12:43:49
31-Mar-19,12:43:49
31-Mar-19,12:43:49
31-Mar-19,12:43:49
31-Mar-19,12:43:49
31-Mar-19,12:43:49
31-Mar-19,12:43:49
31-Mar-19,12:43:49
31-Mar-19,12:43:49
31-Mar-19,12:43:49
31-Mar-19,12:43:49
31-Mar-19,12:43:49
31-Mar-19,12:43:49
31-Mar-19,12:43:49
31-Mar-19,12:43:49
31-Mar-19,12:43:49
31-Mar-19,12:43:49
31-Mar-19,12:43:49
31-Mar-19,12:43:49
31-Mar-19,12:43:49
31-Mar-19,12:43:49
31-Mar-19,12:43:49
31-Mar-19,12:43:49
31-Mar-19,12:43:49
31-Mar-19,12:43:49
31-Mar-19,12:43:49
31-Mar-19,12:43:49
31-Mar-19,12:43:49
31-Mar-19,12:43:49
31-Mar-19,12:43:49
31-Mar-19,12:43:49
31-Mar-19,12:43:49
31-Mar-19,12:43:49
31-Mar-19,12:43:49
31-Mar-19,12:43:49
31-Mar-19,12:43:49
31-Mar-19,12:43:49
31-Mar-19,12:43:49
31-Mar-19,12:43:49
31-Mar-19,12:43:49
31-Mar-19,12:43:49
31-Mar-19,12:43:49
31-Mar-19,12:43:49
31-Mar-19,12:43:49
31-Mar-19,12:43:49
31-Mar-19,12:43:49
31-Mar-19,12:43:49
31-Mar-19,12:43:49
31-Mar-19,12:43:49
31-Mar-19,12:43:49
31-Mar-19,12:43:49
31-Mar-19,12:43:49
31-Mar-19,12:43:49
31-Mar-19,12:43:49
31-Mar-19,12:43:49
31-Mar-19,12:43:49
31-Mar-19,12:43:49
31-Mar-19,12:43:49
31-Mar-19,12:43:49
31-Mar-19,12:43:49
31-Mar-19,12:43:49
31-Mar-19,12:43:49
31-Mar-19,12:43:49
31-Mar-19,12:43:49
31-Mar-19,12:43:49
31-Mar-19,12:43:49
31-Mar-19,12:43:49
31-Mar-19,12:43:50
31-Mar-19,12:43:50
31-Mar-19,12:43:50
31-Mar-19,12:43:50
31-Mar-19,12:43:50
31-Mar-19,12:43:50
31-Mar-19,12:43:50
31-Mar-19,12:43:50
31-Mar-19,12:43:50
31-Mar-19,12:43:50
31-Mar-19,12:43:50
31-Mar-19,12:43:50
31-Mar-19,12:43:50
31-Mar-19,12:43:50
31-Mar-19,12:43:50
31-Mar-19,12:43:50
31-Mar-19,12:43:50
31-Mar-19,12:43:50
31-Mar-19,12:43:50
31-Mar-19,12:43:50
31-Mar-19,12:43:50
31-Mar-19,12:43:50
31-Mar-19,12:43:50
31-Mar-19,12:43:50
31-Mar-19,12:43:50
31-Mar-19,12:43:50
31-Mar-19,12:43:50
31-Mar-19,12:43:50
31-Mar-19,12:43:50
31-Mar-19,12:43:50
31-Mar-19,12:43:50
31-Mar-19,12:43:50
31-Mar-19,12:43:50
31-Mar-19,12:43:50
31-Mar-19,12:43:50
31-Mar-19,12:43:50
31-Mar-19,12:43:50
31-Mar-19,12:43:50
31-Mar-19,12:43:50
31-Mar-19,12:43:50
31-Mar-19,12:43:50
31-Mar-19,12:43:50
31-Mar-19,12:43:50
31-Mar-19,12:43:50
31-Mar-19,12:43:50
31-Mar-19,12:43:50
31-Mar-19,12:43:50
31-Mar-19,12:43:50
31-Mar-19,12:43:50
31-Mar-19,12:43:50
31-Mar-19,12:43:50
31-Mar-19,12:43:50
31-Mar-19,12:43:50
31-Mar-19,12:43:50
31-Mar-19,12:43:50
31-Mar-19,12:43:50
31-Mar-19,12:43:50
31-Mar-19,12:43:50
31-Mar-19,12:43:50
31-Mar-19,12:43:50
31-Mar-19,12:43:50
31-Mar-19,12:43:50
31-Mar-19,12:43:50
31-Mar-19,12:43:50
31-Mar-19,12:43:50
31-Mar-19,12:43:50
31-Mar-19,12:43:50
31-Mar-19,12:43:50
31-Mar-19,12:43:50
31-Mar-19,12:43:50
31-Mar-19,12:43:50
31-Mar-19,12:43:50
31-Mar-19,12:43:50
31-Mar-19,12:43:50
31-Mar-19,12:43:50
31-Mar-19,12:43:50
31-Mar-19,12:43:50
31-Mar-19,12:43:50
31-Mar-19,12:43:50
31-Mar-19,12:43:50
31-Mar-19,12:43:50
31-Mar-19,12:43:50
31-Mar-19,12:43:50
31-Mar-19,12:43:50
31-Mar-19,12:43:50
31-Mar-19,12:43:50
31-Mar-19,12:43:50
31-Mar-19,12:43:50
31-Mar-19,12:43:50
31-Mar-19,12:43:51
31-Mar-19,12:43:51
31-Mar-19,12:43:51
31-Mar-19,12:43:51
31-Mar-19,12:43:51
31-Mar-19,12:43:51
31-Mar-19,12:43:51
31-Mar-19,12:43:51
31-Mar-19,12:43:51
31-Mar-19,12:43:51
31-Mar-19,12:43:51
31-Mar-19,12:43:51
31-Mar-19,12:43:51
31-Mar-19,12:43:51
31-Mar-19,12:43:51
31-Mar-19,12:43:51
31-Mar-19,12:43:51
31-Mar-19,12:43:51
31-Mar-19,12:43:51
31-Mar-19,12:43:51
31-Mar-19,12:43:51
31-Mar-19,12:43:51
31-Mar-19,12:43:51
31-Mar-19,12:43:51
31-Mar-19,12:43:51
31-Mar-19,12:43:51
31-Mar-19,12:43:51
31-Mar-19,12:43:51
31-Mar-19,12:43:51
31-Mar-19,12:43:51
31-Mar-19,12:43:51
31-Mar-19,12:43:51
31-Mar-19,12:43:51
31-Mar-19,12:43:51
31-Mar-19,12:43:51
31-Mar-19,12:43:51
31-Mar-19,12:43:51
31-Mar-19,12:43:51
31-Mar-19,12:43:51
31-Mar-19,12:43:51
31-Mar-19,12:43:51
31-Mar-19,12:43:51
31-Mar-19,12:43:51
31-Mar-19,12:43:51
31-Mar-19,12:43:51
31-Mar-19,12:43:51
31-Mar-19,12:43:51
31-Mar-19,12:43:51
31-Mar-19,12:43:51
31-Mar-19,12:43:51
31-Mar-19,12:43:51
31-Mar-19,12:43:51
31-Mar-19,12:43:51
31-Mar-19,12:43:51
31-Mar-19,12:43:51
31-Mar-19,12:43:51
31-Mar-19,12:43:51
31-Mar-19,12:43:51
31-Mar-19,12:43:51
31-Mar-19,12:43:51
31-Mar-19,12:43:51
31-Mar-19,12:43:51
31-Mar-19,12:43:51
31-Mar-19,12:43:51
31-Mar-19,12:43:51
31-Mar-19,12:43:51
31-Mar-19,12:43:51
31-Mar-19,12:43:51
31-Mar-19,12:43:51
31-Mar-19,12:43:51
31-Mar-19,12:43:51
31-Mar-19,12:43:51
31-Mar-19,12:43:51
31-Mar-19,12:43:51
31-Mar-19,12:43:51
31-Mar-19,12:43:51
31-Mar-19,12:43:51
31-Mar-19,12:43:51
31-Mar-19,12:43:52
31-Mar-19,12:43:52
31-Mar-19,12:43:52
31-Mar-19,12:43:52
31-Mar-19,12:43:52
31-Mar-19,12:43:52
31-Mar-19,12:43:52
31-Mar-19,12:43:52
31-Mar-19,12:43:52
31-Mar-19,12:43:52
31-Mar-19,12:43:52
31-Mar-19,12:43:52
31-Mar-19,12:43:52
31-Mar-19,12:43:52
31-Mar-19,12:43:52
31-Mar-19,12:43:52
31-Mar-19,12:43:52
31-Mar-19,12:43:52
31-Mar-19,12:43:52
31-Mar-19,12:43:52
31-Mar-19,12:43:52
31-Mar-19,12:43:52
31-Mar-19,12:43:52
31-Mar-19,12:43:52
31-Mar-19,12:43:52
31-Mar-19,12:43:52
31-Mar-19,12:43:52
31-Mar-19,12:43:52
31-Mar-19,12:43:52
31-Mar-19,12:43:52
31-Mar-19,12:43:52
31-Mar-19,12:43:52
31-Mar-19,12:43:52
31-Mar-19,12:43:52
31-Mar-19,12:43:52
31-Mar-19,12:43:52
31-Mar-19,12:43:52
31-Mar-19,12:43:52
31-Mar-19,12:43:52
31-Mar-19,12:43:52
31-Mar-19,12:43:52
31-Mar-19,12:43:52
31-Mar-19,12:43:52
31-Mar-19,12:43:52
31-Mar-19,12:43:52
31-Mar-19,12:43:52
31-Mar-19,12:43:52
31-Mar-19,12:43:52
31-Mar-19,12:43:52
31-Mar-19,12:43:52
31-Mar-19,12:43:52
31-Mar-19,12:43:52
31-Mar-19,12:43:52
31-Mar-19,12:43:52
31-Mar-19,12:43:52
31-Mar-19,12:43:52
31-Mar-19,12:43:52
31-Mar-19,12:43:52
31-Mar-19,12:43:52
31-Mar-19,12:43:52
31-Mar-19,12:43:52
31-Mar-19,12:43:52
31-Mar-19,12:43:52
31-Mar-19,12:43:52
31-Mar-19,12:43:52
31-Mar-19,12:43:52
31-Mar-19,12:43:52
31-Mar-19,12:43:52
31-Mar-19,12:43:52
31-Mar-19,12:43:52
31-Mar-19,12:43:52
31-Mar-19,12:43:52
31-Mar-19,12:43:52
31-Mar-19,12:43:52
31-Mar-19,12:43:52
31-Mar-19,12:43:52
31-Mar-19,12:43:52
31-Mar-19,12:43:52
31-Mar-19,12:43:52
31-Mar-19,12:43:52
31-Mar-19,12:43:52
31-Mar-19,12:43:52
31-Mar-19,12:43:52
31-Mar-19,12:43:52
31-Mar-19,12:43:52
31-Mar-19,12:43:52
31-Mar-19,12:43:52
31-Mar-19,12:43:52
31-Mar-19,12:43:52
31-Mar-19,12:43:52
31-Mar-19,12:43:53
31-Mar-19,12:43:53
31-Mar-19,12:43:53
31-Mar-19,12:43:53
31-Mar-19,12:43:53
31-Mar-19,12:43:53
31-Mar-19,12:43:53
31-Mar-19,12:43:53
31-Mar-19,12:43:53
31-Mar-19,12:43:53
31-Mar-19,12:43:53
31-Mar-19,12:43:53
31-Mar-19,12:43:53
31-Mar-19,12:43:53
31-Mar-19,12:43:53
31-Mar-19,12:43:53
31-Mar-19,12:43:53
31-Mar-19,12:43:53
31-Mar-19,12:43:53
31-Mar-19,12:43:53
31-Mar-19,12:43:53
31-Mar-19,12:43:53
31-Mar-19,12:43:53
31-Mar-19,12:43:53
31-Mar-19,12:43:53
31-Mar-19,12:43:53
31-Mar-19,12:43:53
31-Mar-19,12:43:53
31-Mar-19,12:43:53
31-Mar-19,12:43:53
31-Mar-19,12:43:53
31-Mar-19,12:43:53
31-Mar-19,12:43:53
31-Mar-19,12:43:53
31-Mar-19,12:43:53
31-Mar-19,12:43:53
31-Mar-19,12:43:53
31-Mar-19,12:43:53
31-Mar-19,12:43:53
31-Mar-19,12:43:53
31-Mar-19,12:43:53
31-Mar-19,12:43:53
31-Mar-19,12:43:53
31-Mar-19,12:43:53
31-Mar-19,12:43:53
31-Mar-19,12:43:53
31-Mar-19,12:43:53
31-Mar-19,12:43:53
31-Mar-19,12:43:53
31-Mar-19,12:43:53
31-Mar-19,12:43:53
31-Mar-19,12:43:53
31-Mar-19,12:43:53
31-Mar-19,12:43:53
31-Mar-19,12:43:53
31-Mar-19,12:43:53
31-Mar-19,12:43:53
31-Mar-19,12:43:53
31-Mar-19,12:43:53
31-Mar-19,12:43:53
31-Mar-19,12:43:53
31-Mar-19,12:43:53
31-Mar-19,12:43:53
31-Mar-19,12:43:53
31-Mar-19,12:43:53
31-Mar-19,12:43:53
31-Mar-19,12:43:53
31-Mar-19,12:43:53
31-Mar-19,12:43:53
31-Mar-19,12:43:53
31-Mar-19,12:43:53
31-Mar-19,12:43:53
31-Mar-19,12:43:53
31-Mar-19,12:43:53
31-Mar-19,12:43:53
31-Mar-19,12:43:53
31-Mar-19,12:43:53
31-Mar-19,12:43:53
31-Mar-19,12:43:53
31-Mar-19,12:43:53
31-Mar-19,12:43:53
31-Mar-19,12:43:53
31-Mar-19,12:43:53
31-Mar-19,12:43:53
31-Mar-19,12:43:54
31-Mar-19,12:43:54
31-Mar-19,12:43:54
31-Mar-19,12:43:54
31-Mar-19,12:43:54
31-Mar-19,12:43:54
31-Mar-19,12:43:54
31-Mar-19,12:43:54
31-Mar-19,12:43:54
31-Mar-19,12:43:54
31-Mar-19,12:43:54
31-Mar-19,12:43:54
31-Mar-19,12:43:54
31-Mar-19,12:43:54
31-Mar-19,12:43:54
31-Mar-19,12:43:54
31-Mar-19,12:43:54
31-Mar-19,12:43:54
31-Mar-19,12:43:54
31-Mar-19,12:43:54
31-Mar-19,12:43:54
31-Mar-19,12:43:54
31-Mar-19,12:43:54
31-Mar-19,12:43:54
31-Mar-19,12:43:54
31-Mar-19,12:43:54
31-Mar-19,12:43:54
31-Mar-19,12:43:54
31-Mar-19,12:43:54
31-Mar-19,12:43:54
31-Mar-19,12:43:54
31-Mar-19,12:43:54
31-Mar-19,12:43:54
31-Mar-19,12:43:54
31-Mar-19,12:43:54
31-Mar-19,12:43:54
31-Mar-19,12:43:54
31-Mar-19,12:43:54
31-Mar-19,12:43:54
31-Mar-19,12:43:54
31-Mar-19,12:43:54
31-Mar-19,12:43:54
31-Mar-19,12:43:54
31-Mar-19,12:43:54
31-Mar-19,12:43:54
31-Mar-19,12:43:54
31-Mar-19,12:43:54
31-Mar-19,12:43:54
31-Mar-19,12:43:54
31-Mar-19,12:43:54
31-Mar-19,12:43:54
31-Mar-19,12:43:54
31-Mar-19,12:43:54
31-Mar-19,12:43:54
31-Mar-19,12:43:54
31-Mar-19,12:43:54
31-Mar-19,12:43:54
31-Mar-19,12:43:54
31-Mar-19,12:43:54
31-Mar-19,12:43:54
31-Mar-19,12:43:54
31-Mar-19,12:43:54
31-Mar-19,12:43:54
31-Mar-19,12:43:54
31-Mar-19,12:43:54
31-Mar-19,12:43:54
31-Mar-19,12:43:54
31-Mar-19,12:43:54
31-Mar-19,12:43:54
31-Mar-19,12:43:54
31-Mar-19,12:43:54
31-Mar-19,12:43:54
31-Mar-19,12:43:54
31-Mar-19,12:43:54
31-Mar-19,12:43:54
31-Mar-19,12:43:54
31-Mar-19,12:43:54
31-Mar-19,12:43:54
31-Mar-19,12:43:54
31-Mar-19,12:43:54
31-Mar-19,12:43:55
31-Mar-19,12:43:55
31-Mar-19,12:43:55
31-Mar-19,12:43:55
31-Mar-19,12:43:55
31-Mar-19,12:43:55
31-Mar-19,12:43:55
31-Mar-19,12:43:55
31-Mar-19,12:43:55
31-Mar-19,12:43:55
31-Mar-19,12:43:55
31-Mar-19,12:43:55
31-Mar-19,12:43:55
31-Mar-19,12:43:55
31-Mar-19,12:43:55
31-Mar-19,12:43:55
31-Mar-19,12:43:55
31-Mar-19,12:43:55
31-Mar-19,12:43:55
31-Mar-19,12:43:55
31-Mar-19,12:43:55
31-Mar-19,12:43:55
31-Mar-19,12:43:55
31-Mar-19,12:43:55
31-Mar-19,12:43:55
31-Mar-19,12:43:55
31-Mar-19,12:43:55
31-Mar-19,12:43:55
31-Mar-19,12:43:55
31-Mar-19,12:43:55
31-Mar-19,12:43:55
31-Mar-19,12:43:55
31-Mar-19,12:43:55
31-Mar-19,12:43:55
31-Mar-19,12:43:55
31-Mar-19,12:43:55
31-Mar-19,12:43:55
31-Mar-19,12:43:55
31-Mar-19,12:43:55
31-Mar-19,12:43:55
31-Mar-19,12:43:55
31-Mar-19,12:43:55
31-Mar-19,12:43:55
31-Mar-19,12:43:55
31-Mar-19,12:43:55
31-Mar-19,12:43:55
31-Mar-19,12:43:55
31-Mar-19,12:43:55
31-Mar-19,12:43:55
31-Mar-19,12:43:55
31-Mar-19,12:43:55
31-Mar-19,12:43:55
31-Mar-19,12:43:55
31-Mar-19,12:43:55
31-Mar-19,12:43:55
31-Mar-19,12:43:55
31-Mar-19,12:43:55
31-Mar-19,12:43:55
31-Mar-19,12:43:55
31-Mar-19,12:43:55
31-Mar-19,12:43:55
31-Mar-19,12:43:55
31-Mar-19,12:43:55
31-Mar-19,12:43:55
31-Mar-19,12:43:55
31-Mar-19,12:43:55
31-Mar-19,12:43:55
31-Mar-19,12:43:55
31-Mar-19,12:43:55
31-Mar-19,12:43:55
31-Mar-19,12:43:55
31-Mar-19,12:43:55
31-Mar-19,12:43:55
31-Mar-19,12:43:55
31-Mar-19,12:43:55
31-Mar-19,12:43:55
31-Mar-19,12:43:55
31-Mar-19,12:43:55
31-Mar-19,12:43:55
31-Mar-19,12:43:55
31-Mar-19,12:43:55
31-Mar-19,12:43:55
31-Mar-19,12:43:55
31-Mar-19,12:43:55
31-Mar-19,12:43:55
31-Mar-19,12:43:55
31-Mar-19,12:43:55
31-Mar-19,12:43:55
31-Mar-19,12:43:55
31-Mar-19,12:43:55
31-Mar-19,12:43:55
31-Mar-19,12:43:56
31-Mar-19,12:43:56
31-Mar-19,12:43:56
31-Mar-19,12:43:56
31-Mar-19,12:43:56
31-Mar-19,12:43:56
31-Mar-19,12:43:56
31-Mar-19,12:43:56
31-Mar-19,12:43:56
31-Mar-19,12:43:56
31-Mar-19,12:43:56
31-Mar-19,12:43:56
31-Mar-19,12:43:56
31-Mar-19,12:43:56
31-Mar-19,12:43:56
31-Mar-19,12:43:56
31-Mar-19,12:43:56
31-Mar-19,12:43:56
31-Mar-19,12:43:56
31-Mar-19,12:43:56
31-Mar-19,12:43:56
31-Mar-19,12:43:56
31-Mar-19,12:43:56
31-Mar-19,12:43:56
31-Mar-19,12:43:56
31-Mar-19,12:43:56
31-Mar-19,12:43:56
31-Mar-19,12:43:56
31-Mar-19,12:43:56
31-Mar-19,12:43:56
31-Mar-19,12:43:56
31-Mar-19,12:43:56
31-Mar-19,12:43:56
31-Mar-19,12:43:56
31-Mar-19,12:43:56
31-Mar-19,12:43:56
31-Mar-19,12:43:56
31-Mar-19,12:43:56
31-Mar-19,12:43:56
31-Mar-19,12:43:56
31-Mar-19,12:43:56
31-Mar-19,12:43:56
31-Mar-19,12:43:56
31-Mar-19,12:43:56
31-Mar-19,12:43:56
31-Mar-19,12:43:56
31-Mar-19,12:43:56
31-Mar-19,12:43:56
31-Mar-19,12:43:56
31-Mar-19,12:43:56
31-Mar-19,12:43:56
31-Mar-19,12:43:56
31-Mar-19,12:43:56
31-Mar-19,12:43:56
31-Mar-19,12:43:56
31-Mar-19,12:43:56
31-Mar-19,12:43:56
31-Mar-19,12:43:56
31-Mar-19,12:43:56
31-Mar-19,12:43:56
31-Mar-19,12:43:56
31-Mar-19,12:43:56
31-Mar-19,12:43:56
31-Mar-19,12:43:56
31-Mar-19,12:43:56
31-Mar-19,12:43:56
31-Mar-19,12:43:56
31-Mar-19,12:43:56
31-Mar-19,12:43:56
31-Mar-19,12:43:56
31-Mar-19,12:43:56
31-Mar-19,12:43:56
31-Mar-19,12:43:56
31-Mar-19,12:43:56
31-Mar-19,12:43:56
31-Mar-19,12:43:56
31-Mar-19,12:43:56
31-Mar-19,12:43:56
31-Mar-19,12:43:57
31-Mar-19,12:43:57
31-Mar-19,12:43:57
31-Mar-19,12:43:57
31-Mar-19,12:43:57
31-Mar-19,12:43:57
31-Mar-19,12:43:57
31-Mar-19,12:43:57
31-Mar-19,12:43:57
31-Mar-19,12:43:57
31-Mar-19,12:43:57
31-Mar-19,12:43:57
31-Mar-19,12:43:57
31-Mar-19,12:43:57
31-Mar-19,12:43:57
31-Mar-19,12:43:57
31-Mar-19,12:43:57
31-Mar-19,12:43:57
31-Mar-19,12:43:57
31-Mar-19,12:43:57
31-Mar-19,12:43:57
31-Mar-19,12:43:57
31-Mar-19,12:43:57
31-Mar-19,12:43:57
31-Mar-19,12:43:57
31-Mar-19,12:43:57
31-Mar-19,12:43:57
31-Mar-19,12:43:57
31-Mar-19,12:43:57
31-Mar-19,12:43:57
31-Mar-19,12:43:57
31-Mar-19,12:43:57
31-Mar-19,12:43:57
31-Mar-19,12:43:57
31-Mar-19,12:43:57
31-Mar-19,12:43:57
31-Mar-19,12:43:57
31-Mar-19,12:43:57
31-Mar-19,12:43:57
31-Mar-19,12:43:57
31-Mar-19,12:43:57
31-Mar-19,12:43:57
31-Mar-19,12:43:57
31-Mar-19,12:43:57
31-Mar-19,12:43:57
31-Mar-19,12:43:57
31-Mar-19,12:43:57
31-Mar-19,12:43:57
31-Mar-19,12:43:57
31-Mar-19,12:43:57
31-Mar-19,12:43:57
31-Mar-19,12:43:57
31-Mar-19,12:43:57
31-Mar-19,12:43:57
31-Mar-19,12:43:57
31-Mar-19,12:43:57
31-Mar-19,12:43:57
31-Mar-19,12:43:57
31-Mar-19,12:43:57
31-Mar-19,12:43:57
31-Mar-19,12:43:57
31-Mar-19,12:43:57
31-Mar-19,12:43:57
31-Mar-19,12:43:57
31-Mar-19,12:43:57
31-Mar-19,12:43:57
31-Mar-19,12:43:57
31-Mar-19,12:43:57
31-Mar-19,12:43:57
31-Mar-19,12:43:57
31-Mar-19,12:43:57
31-Mar-19,12:43:57
31-Mar-19,12:43:57
31-Mar-19,12:43:57
31-Mar-19,12:43:57
31-Mar-19,12:43:57
31-Mar-19,12:43:57
31-Mar-19,12:43:57
31-Mar-19,12:43:57
31-Mar-19,12:43:57
31-Mar-19,12:43:57
31-Mar-19,12:43:57
31-Mar-19,12:43:57
31-Mar-19,12:43:57
31-Mar-19,12:43:57
31-Mar-19,12:43:57
31-Mar-19,12:43:57
31-Mar-19,12:43:57
31-Mar-19,12:43:57
31-Mar-19,12:43:57
31-Mar-19,12:43:58
31-Mar-19,12:43:58
31-Mar-19,12:43:58
31-Mar-19,12:43:58
31-Mar-19,12:43:58
31-Mar-19,12:43:58
31-Mar-19,12:43:58
31-Mar-19,12:43:58
31-Mar-19,12:43:58
31-Mar-19,12:43:58
31-Mar-19,12:43:58
31-Mar-19,12:43:58
31-Mar-19,12:43:58
31-Mar-19,12:43:58
31-Mar-19,12:43:58
31-Mar-19,12:43:58
31-Mar-19,12:43:58
31-Mar-19,12:43:58
31-Mar-19,12:43:58
31-Mar-19,12:43:58
31-Mar-19,12:43:58
31-Mar-19,12:43:58
31-Mar-19,12:43:58
31-Mar-19,12:43:58
31-Mar-19,12:43:58
31-Mar-19,12:43:58
31-Mar-19,12:43:58
31-Mar-19,12:43:58
31-Mar-19,12:43:58
31-Mar-19,12:43:58
31-Mar-19,12:43:58
31-Mar-19,12:43:58
31-Mar-19,12:43:58
31-Mar-19,12:43:58
31-Mar-19,12:43:58
31-Mar-19,12:43:58
31-Mar-19,12:43:58
31-Mar-19,12:43:58
31-Mar-19,12:43:58
31-Mar-19,12:43:58
31-Mar-19,12:43:58
31-Mar-19,12:43:58
31-Mar-19,12:43:58
31-Mar-19,12:43:58
31-Mar-19,12:43:58
31-Mar-19,12:43:58
31-Mar-19,12:43:58
31-Mar-19,12:43:58
31-Mar-19,12:43:58
31-Mar-19,12:43:58
31-Mar-19,12:43:58
31-Mar-19,12:43:58
31-Mar-19,12:43:58
31-Mar-19,12:43:58
31-Mar-19,12:43:58
31-Mar-19,12:43:58
31-Mar-19,12:43:58
31-Mar-19,12:43:58
31-Mar-19,12:43:58
31-Mar-19,12:43:58
31-Mar-19,12:43:58
31-Mar-19,12:43:58
31-Mar-19,12:43:58
31-Mar-19,12:43:58
31-Mar-19,12:43:58
31-Mar-19,12:43:58
31-Mar-19,12:43:58
31-Mar-19,12:43:58
31-Mar-19,12:43:58
31-Mar-19,12:43:58
31-Mar-19,12:43:58
31-Mar-19,12:43:58
31-Mar-19,12:43:58
31-Mar-19,12:43:58
31-Mar-19,12:43:58
31-Mar-19,12:43:58
31-Mar-19,12:43:58
31-Mar-19,12:43:58
31-Mar-19,12:43:58
31-Mar-19,12:43:58
31-Mar-19,12:43:58
31-Mar-19,12:43:58
31-Mar-19,12:43:58
31-Mar-19,12:43:58
31-Mar-19,12:43:58
31-Mar-19,12:43:58
31-Mar-19,12:43:58
31-Mar-19,12:43:59
31-Mar-19,12:43:59
31-Mar-19,12:43:59
31-Mar-19,12:43:59
31-Mar-19,12:43:59
31-Mar-19,12:43:59
31-Mar-19,12:43:59
31-Mar-19,12:43:59
31-Mar-19,12:43:59
31-Mar-19,12:43:59
31-Mar-19,12:43:59
31-Mar-19,12:43:59
31-Mar-19,12:43:59
31-Mar-19,12:43:59
31-Mar-19,12:43:59
31-Mar-19,12:43:59
31-Mar-19,12:43:59
31-Mar-19,12:43:59
31-Mar-19,12:43:59
31-Mar-19,12:43:59
31-Mar-19,12:43:59
31-Mar-19,12:43:59
31-Mar-19,12:43:59
31-Mar-19,12:43:59
31-Mar-19,12:43:59
31-Mar-19,12:43:59
31-Mar-19,12:43:59
31-Mar-19,12:43:59
31-Mar-19,12:43:59
31-Mar-19,12:43:59
31-Mar-19,12:43:59
31-Mar-19,12:43:59
31-Mar-19,12:43:59
31-Mar-19,12:43:59
31-Mar-19,12:43:59
31-Mar-19,12:43:59
31-Mar-19,12:43:59
31-Mar-19,12:43:59
31-Mar-19,12:43:59
31-Mar-19,12:43:59
31-Mar-19,12:43:59
31-Mar-19,12:43:59
31-Mar-19,12:43:59
31-Mar-19,12:43:59
31-Mar-19,12:43:59
31-Mar-19,12:43:59
31-Mar-19,12:43:59
31-Mar-19,12:43:59
31-Mar-19,12:43:59
31-Mar-19,12:43:59
31-Mar-19,12:43:59
31-Mar-19,12:43:59
31-Mar-19,12:43:59
31-Mar-19,12:43:59
31-Mar-19,12:43:59
31-Mar-19,12:43:59
31-Mar-19,12:43:59
31-Mar-19,12:43:59
31-Mar-19,12:43:59
31-Mar-19,12:43:59
31-Mar-19,12:43:59
31-Mar-19,12:43:59
31-Mar-19,12:43:59
31-Mar-19,12:43:59
31-Mar-19,12:43:59
31-Mar-19,12:43:59
31-Mar-19,12:43:59
31-Mar-19,12:43:59
31-Mar-19,12:43:59
31-Mar-19,12:43:59
31-Mar-19,12:43:59
31-Mar-19,12:43:59
31-Mar-19,12:43:59
31-Mar-19,12:43:59
31-Mar-19,12:43:59
31-Mar-19,12:43:59
31-Mar-19,12:43:59
31-Mar-19,12:43:59
31-Mar-19,12:43:59
31-Mar-19,12:43:59
31-Mar-19,12:43:59
31-Mar-19,12:44:00
31-Mar-19,12:44:00
31-Mar-19,12:44:00
31-Mar-19,12:44:00
31-Mar-19,12:44:00
31-Mar-19,12:44:00
31-Mar-19,12:44:00
31-Mar-19,12:44:00
31-Mar-19,12:44:00
31-Mar-19,12:44:00
31-Mar-19,12:44:00
31-Mar-19,12:44:00
31-Mar-19,12:44:00
31-Mar-19,12:44:00
31-Mar-19,12:44:00
31-Mar-19,12:44:00
31-Mar-19,12:44:00
31-Mar-19,12:44:00
31-Mar-19,12:44:00
31-Mar-19,12:44:00
31-Mar-19,12:44:00
31-Mar-19,12:44:00
31-Mar-19,12:44:00
31-Mar-19,12:44:00
31-Mar-19,12:44:00
31-Mar-19,12:44:00
31-Mar-19,12:44:00
31-Mar-19,12:44:00
31-Mar-19,12:44:00
31-Mar-19,12:44:00
31-Mar-19,12:44:00
31-Mar-19,12:44:00
31-Mar-19,12:44:00
31-Mar-19,12:44:00
31-Mar-19,12:44:00
31-Mar-19,12:44:00
31-Mar-19,12:44:00
31-Mar-19,12:44:00
31-Mar-19,12:44:00
31-Mar-19,12:44:00
31-Mar-19,12:44:00
31-Mar-19,12:44:00
31-Mar-19,12:44:00
31-Mar-19,12:44:00
31-Mar-19,12:44:00
31-Mar-19,12:44:00
31-Mar-19,12:44:00
31-Mar-19,12:44:00
31-Mar-19,12:44:00
31-Mar-19,12:44:00
31-Mar-19,12:44:00
31-Mar-19,12:44:00
31-Mar-19,12:44:00
31-Mar-19,12:44:00
31-Mar-19,12:44:00
31-Mar-19,12:44:00
31-Mar-19,12:44:00
31-Mar-19,12:44:00
31-Mar-19,12:44:00
31-Mar-19,12:44:00
31-Mar-19,12:44:00
31-Mar-19,12:44:00
31-Mar-19,12:44:00
31-Mar-19,12:44:00
31-Mar-19,12:44:00
31-Mar-19,12:44:00
31-Mar-19,12:44:00
31-Mar-19,12:44:00
31-Mar-19,12:44:00
31-Mar-19,12:44:00
31-Mar-19,12:44:00
31-Mar-19,12:44:00
31-Mar-19,12:44:00
31-Mar-19,12:44:00
31-Mar-19,12:44:00
31-Mar-19,12:44:00
31-Mar-19,12:44:00
31-Mar-19,12:44:00
31-Mar-19,12:44:00
31-Mar-19,12:44:00
31-Mar-19,12:44:00
31-Mar-19,12:44:00
31-Mar-19,12:44:00
31-Mar-19,12:44:00
31-Mar-19,12:44:00
31-Mar-19,12:44:00
31-Mar-19,12:44:00
31-Mar-19,12:44:00
31-Mar-19,12:44:00
31-Mar-19,12:44:00
31-Mar-19,12:44:00
31-Mar-19,12:44:00
31-Mar-19,12:44:01
31-Mar-19,12:44:01
31-Mar-19,12:44:01
31-Mar-19,12:44:01
31-Mar-19,12:44:01
31-Mar-19,12:44:01
31-Mar-19,12:44:01
31-Mar-19,12:44:01
31-Mar-19,12:44:01
31-Mar-19,12:44:01
31-Mar-19,12:44:01
31-Mar-19,12:44:01
31-Mar-19,12:44:01
31-Mar-19,12:44:01
31-Mar-19,12:44:01
31-Mar-19,12:44:01
31-Mar-19,12:44:01
31-Mar-19,12:44:01
31-Mar-19,12:44:01
31-Mar-19,12:44:01
31-Mar-19,12:44:01
31-Mar-19,12:44:01
31-Mar-19,12:44:01
31-Mar-19,12:44:01
31-Mar-19,12:44:01
31-Mar-19,12:44:01
31-Mar-19,12:44:01
31-Mar-19,12:44:01
31-Mar-19,12:44:01
31-Mar-19,12:44:01
31-Mar-19,12:44:01
31-Mar-19,12:44:01
31-Mar-19,12:44:01
31-Mar-19,12:44:01
31-Mar-19,12:44:01
31-Mar-19,12:44:01
31-Mar-19,12:44:01
31-Mar-19,12:44:01
31-Mar-19,12:44:01
31-Mar-19,12:44:01
31-Mar-19,12:44:01
31-Mar-19,12:44:01
31-Mar-19,12:44:01
31-Mar-19,12:44:01
31-Mar-19,12:44:01
31-Mar-19,12:44:01
31-Mar-19,12:44:01
31-Mar-19,12:44:01
31-Mar-19,12:44:01
31-Mar-19,12:44:01
31-Mar-19,12:44:01
31-Mar-19,12:44:01
31-Mar-19,12:44:01
31-Mar-19,12:44:01
31-Mar-19,12:44:01
31-Mar-19,12:44:01
31-Mar-19,12:44:01
31-Mar-19,12:44:01
31-Mar-19,12:44:01
31-Mar-19,12:44:01
31-Mar-19,12:44:01
31-Mar-19,12:44:01
31-Mar-19,12:44:01
31-Mar-19,12:44:01
31-Mar-19,12:44:01
31-Mar-19,12:44:01
31-Mar-19,12:44:01
31-Mar-19,12:44:01
31-Mar-19,12:44:01
31-Mar-19,12:44:01
31-Mar-19,12:44:01
31-Mar-19,12:44:01
31-Mar-19,12:44:01
31-Mar-19,12:44:01
31-Mar-19,12:44:01
31-Mar-19,12:44:01
31-Mar-19,12:44:01
31-Mar-19,12:44:01
31-Mar-19,12:44:01
31-Mar-19,12:44:02
31-Mar-19,12:44:02
31-Mar-19,12:44:02
31-Mar-19,12:44:02
31-Mar-19,12:44:02
31-Mar-19,12:44:02
31-Mar-19,12:44:02
31-Mar-19,12:44:02
31-Mar-19,12:44:02
31-Mar-19,12:44:02
31-Mar-19,12:44:02
31-Mar-19,12:44:02
31-Mar-19,12:44:02
31-Mar-19,12:44:02
31-Mar-19,12:44:02
31-Mar-19,12:44:02
31-Mar-19,12:44:02
31-Mar-19,12:44:02
31-Mar-19,12:44:02
31-Mar-19,12:44:02
31-Mar-19,12:44:02
31-Mar-19,12:44:02
31-Mar-19,12:44:02
31-Mar-19,12:44:02
31-Mar-19,12:44:02
31-Mar-19,12:44:02
31-Mar-19,12:44:02
31-Mar-19,12:44:02
31-Mar-19,12:44:02
31-Mar-19,12:44:02
31-Mar-19,12:44:02
31-Mar-19,12:44:02
31-Mar-19,12:44:02
31-Mar-19,12:44:02
31-Mar-19,12:44:02
31-Mar-19,12:44:02
31-Mar-19,12:44:02
31-Mar-19,12:44:02
31-Mar-19,12:44:02
31-Mar-19,12:44:02
31-Mar-19,12:44:02
31-Mar-19,12:44:02
31-Mar-19,12:44:02
31-Mar-19,12:44:02
31-Mar-19,12:44:02
31-Mar-19,12:44:02
31-Mar-19,12:44:02
31-Mar-19,12:44:02
31-Mar-19,12:44:02
31-Mar-19,12:44:02
31-Mar-19,12:44:02
31-Mar-19,12:44:02
31-Mar-19,12:44:02
31-Mar-19,12:44:02
31-Mar-19,12:44:02
31-Mar-19,12:44:02
31-Mar-19,12:44:02
31-Mar-19,12:44:02
31-Mar-19,12:44:02
31-Mar-19,12:44:02
31-Mar-19,12:44:02
31-Mar-19,12:44:02
31-Mar-19,12:44:02
31-Mar-19,12:44:02
31-Mar-19,12:44:02
31-Mar-19,12:44:02
31-Mar-19,12:44:02
31-Mar-19,12:44:02
31-Mar-19,12:44:02
31-Mar-19,12:44:02
31-Mar-19,12:44:02
31-Mar-19,12:44:02
31-Mar-19,12:44:02
31-Mar-19,12:44:02
31-Mar-19,12:44:02
31-Mar-19,12:44:02
31-Mar-19,12:44:02
31-Mar-19,12:44:02
31-Mar-19,12:44:02
31-Mar-19,12:44:02
31-Mar-19,12:44:02
31-Mar-19,12:44:02
31-Mar-19,12:44:02
31-Mar-19,12:44:02
31-Mar-19,12:44:02
31-Mar-19,12:44:02
31-Mar-19,12:44:02
31-Mar-19,12:44:02
31-Mar-19,12:44:02
31-Mar-19,12:44:03
31-Mar-19,12:44:03
31-Mar-19,12:44:03
31-Mar-19,12:44:03
31-Mar-19,12:44:03
31-Mar-19,12:44:03
31-Mar-19,12:44:03
31-Mar-19,12:44:03
31-Mar-19,12:44:03
31-Mar-19,12:44:03
31-Mar-19,12:44:03
31-Mar-19,12:44:03
31-Mar-19,12:44:03
31-Mar-19,12:44:03
31-Mar-19,12:44:03
31-Mar-19,12:44:03
31-Mar-19,12:44:03
31-Mar-19,12:44:03
31-Mar-19,12:44:03
31-Mar-19,12:44:03
31-Mar-19,12:44:03
31-Mar-19,12:44:03
31-Mar-19,12:44:03
31-Mar-19,12:44:03
31-Mar-19,12:44:03
31-Mar-19,12:44:03
31-Mar-19,12:44:03
31-Mar-19,12:44:03
31-Mar-19,12:44:03
31-Mar-19,12:44:03
31-Mar-19,12:44:03
31-Mar-19,12:44:03
31-Mar-19,12:44:03
31-Mar-19,12:44:03
31-Mar-19,12:44:03
31-Mar-19,12:44:03
31-Mar-19,12:44:03
31-Mar-19,12:44:03
31-Mar-19,12:44:03
31-Mar-19,12:44:03
31-Mar-19,12:44:03
31-Mar-19,12:44:03
31-Mar-19,12:44:03
31-Mar-19,12:44:03
31-Mar-19,12:44:03
31-Mar-19,12:44:03
31-Mar-19,12:44:03
31-Mar-19,12:44:03
31-Mar-19,12:44:03
31-Mar-19,12:44:03
31-Mar-19,12:44:03
31-Mar-19,12:44:03
31-Mar-19,12:44:03
31-Mar-19,12:44:03
31-Mar-19,12:44:03
31-Mar-19,12:44:03
31-Mar-19,12:44:03
31-Mar-19,12:44:03
31-Mar-19,12:44:03
31-Mar-19,12:44:03
31-Mar-19,12:44:03
31-Mar-19,12:44:03
31-Mar-19,12:44:03
31-Mar-19,12:44:03
31-Mar-19,12:44:03
31-Mar-19,12:44:03
31-Mar-19,12:44:03
31-Mar-19,12:44:03
31-Mar-19,12:44:03
31-Mar-19,12:44:03
31-Mar-19,12:44:03
31-Mar-19,12:44:03
31-Mar-19,12:44:03
31-Mar-19,12:44:03
31-Mar-19,12:44:03
31-Mar-19,12:44:03
31-Mar-19,12:44:03
31-Mar-19,12:44:03
31-Mar-19,12:44:03
31-Mar-19,12:44:03
31-Mar-19,12:44:03
31-Mar-19,12:44:03
31-Mar-19,12:44:03
31-Mar-19,12:44:03
31-Mar-19,12:44:03
31-Mar-19,12:44:03
31-Mar-19,12:44:03
31-Mar-19,12:44:03
31-Mar-19,12:44:03
31-Mar-19,12:44:03
31-Mar-19,12:44:04
31-Mar-19,12:44:04
31-Mar-19,12:44:04
31-Mar-19,12:44:04
31-Mar-19,12:44:04
31-Mar-19,12:44:04
31-Mar-19,12:44:04
31-Mar-19,12:44:04
31-Mar-19,12:44:04
31-Mar-19,12:44:04
31-Mar-19,12:44:04
31-Mar-19,12:44:04
31-Mar-19,12:44:04
31-Mar-19,12:44:04
31-Mar-19,12:44:04
31-Mar-19,12:44:04
31-Mar-19,12:44:04
31-Mar-19,12:44:04
31-Mar-19,12:44:04
31-Mar-19,12:44:04
31-Mar-19,12:44:04
31-Mar-19,12:44:04
31-Mar-19,12:44:04
31-Mar-19,12:44:04
31-Mar-19,12:44:04
31-Mar-19,12:44:04
31-Mar-19,12:44:04
31-Mar-19,12:44:04
31-Mar-19,12:44:04
31-Mar-19,12:44:04
31-Mar-19,12:44:04
31-Mar-19,12:44:04
31-Mar-19,12:44:04
31-Mar-19,12:44:04
31-Mar-19,12:44:04
31-Mar-19,12:44:04
31-Mar-19,12:44:04
31-Mar-19,12:44:04
31-Mar-19,12:44:04
31-Mar-19,12:44:04
31-Mar-19,12:44:04
31-Mar-19,12:44:04
31-Mar-19,12:44:04
31-Mar-19,12:44:04
31-Mar-19,12:44:04
31-Mar-19,12:44:04
31-Mar-19,12:44:04
31-Mar-19,12:44:04
31-Mar-19,12:44:04
31-Mar-19,12:44:04
31-Mar-19,12:44:04
31-Mar-19,12:44:04
31-Mar-19,12:44:04
31-Mar-19,12:44:04
31-Mar-19,12:44:04
31-Mar-19,12:44:04
31-Mar-19,12:44:04
31-Mar-19,12:44:04
31-Mar-19,12:44:04
31-Mar-19,12:44:04
31-Mar-19,12:44:04
31-Mar-19,12:44:04
31-Mar-19,12:44:04
31-Mar-19,12:44:04
31-Mar-19,12:44:04
31-Mar-19,12:44:04
31-Mar-19,12:44:04
31-Mar-19,12:44:04
31-Mar-19,12:44:04
31-Mar-19,12:44:04
31-Mar-19,12:44:04
31-Mar-19,12:44:04
31-Mar-19,12:44:04
31-Mar-19,12:44:04
31-Mar-19,12:44:04
31-Mar-19,12:44:04
31-Mar-19,12:44:04
31-Mar-19,12:44:04
31-Mar-19,12:44:04
31-Mar-19,12:44:04
31-Mar-19,12:44:04
31-Mar-19,12:44:04
31-Mar-19,12:44:05
31-Mar-19,12:44:05
31-Mar-19,12:44:05
31-Mar-19,12:44:05
31-Mar-19,12:44:05
31-Mar-19,12:44:05
31-Mar-19,12:44:05
31-Mar-19,12:44:05
31-Mar-19,12:44:05
31-Mar-19,12:44:05
31-Mar-19,12:44:05
31-Mar-19,12:44:05
31-Mar-19,12:44:05
31-Mar-19,12:44:05
31-Mar-19,12:44:05
31-Mar-19,12:44:05
31-Mar-19,12:44:05
31-Mar-19,12:44:05
31-Mar-19,12:44:05
31-Mar-19,12:44:05
31-Mar-19,12:44:05
31-Mar-19,12:44:05
31-Mar-19,12:44:05
31-Mar-19,12:44:05
31-Mar-19,12:44:05
31-Mar-19,12:44:05
31-Mar-19,12:44:05
31-Mar-19,12:44:05
31-Mar-19,12:44:05
31-Mar-19,12:44:05
31-Mar-19,12:44:05
31-Mar-19,12:44:05
31-Mar-19,12:44:05
31-Mar-19,12:44:05
31-Mar-19,12:44:05
31-Mar-19,12:44:05
31-Mar-19,12:44:05
31-Mar-19,12:44:05
31-Mar-19,12:44:05
31-Mar-19,12:44:05
31-Mar-19,12:44:05
31-Mar-19,12:44:05
31-Mar-19,12:44:05
31-Mar-19,12:44:05
31-Mar-19,12:44:05
31-Mar-19,12:44:05
31-Mar-19,12:44:05
31-Mar-19,12:44:05
31-Mar-19,12:44:05
31-Mar-19,12:44:05
31-Mar-19,12:44:05
31-Mar-19,12:44:05
31-Mar-19,12:44:05
31-Mar-19,12:44:05
31-Mar-19,12:44:05
31-Mar-19,12:44:05
31-Mar-19,12:44:05
31-Mar-19,12:44:05
31-Mar-19,12:44:05
31-Mar-19,12:44:05
31-Mar-19,12:44:05
31-Mar-19,12:44:05
31-Mar-19,12:44:05
31-Mar-19,12:44:05
31-Mar-19,12:44:05
31-Mar-19,12:44:05
31-Mar-19,12:44:05
31-Mar-19,12:44:05
31-Mar-19,12:44:05
31-Mar-19,12:44:05
31-Mar-19,12:44:05
31-Mar-19,12:44:05
31-Mar-19,12:44:05
31-Mar-19,12:44:05
31-Mar-19,12:44:05
31-Mar-19,12:44:05
31-Mar-19,12:44:05
31-Mar-19,12:44:05
31-Mar-19,12:44:05
31-Mar-19,12:44:05
31-Mar-19,12:44:05
31-Mar-19,12:44:05
31-Mar-19,12:44:05
31-Mar-19,12:44:05
31-Mar-19,12:44:05
31-Mar-19,12:44:05
31-Mar-19,12:44:05
31-Mar-19,12:44:05
31-Mar-19,12:44:05
31-Mar-19,12:44:05
31-Mar-19,12:44:05
31-Mar-19,12:44:05
31-Mar-19,12:44:05
31-Mar-19,12:44:06
31-Mar-19,12:44:06
31-Mar-19,12:44:06
31-Mar-19,12:44:06
31-Mar-19,12:44:06
31-Mar-19,12:44:06
31-Mar-19,12:44:06
31-Mar-19,12:44:06
31-Mar-19,12:44:06
31-Mar-19,12:44:06
31-Mar-19,12:44:06
31-Mar-19,12:44:06
31-Mar-19,12:44:06
31-Mar-19,12:44:06
31-Mar-19,12:44:06
31-Mar-19,12:44:06
31-Mar-19,12:44:06
31-Mar-19,12:44:06
31-Mar-19,12:44:06
31-Mar-19,12:44:06
31-Mar-19,12:44:06
31-Mar-19,12:44:06
31-Mar-19,12:44:06
31-Mar-19,12:44:06
31-Mar-19,12:44:06
31-Mar-19,12:44:06
31-Mar-19,12:44:06
31-Mar-19,12:44:06
31-Mar-19,12:44:06
31-Mar-19,12:44:06
31-Mar-19,12:44:06
31-Mar-19,12:44:06
31-Mar-19,12:44:06
31-Mar-19,12:44:06
31-Mar-19,12:44:06
31-Mar-19,12:44:06
31-Mar-19,12:44:06
31-Mar-19,12:44:06
31-Mar-19,12:44:06
31-Mar-19,12:44:06
31-Mar-19,12:44:06
31-Mar-19,12:44:06
31-Mar-19,12:44:06
31-Mar-19,12:44:06
31-Mar-19,12:44:06
31-Mar-19,12:44:06
31-Mar-19,12:44:06
31-Mar-19,12:44:06
31-Mar-19,12:44:06
31-Mar-19,12:44:06
31-Mar-19,12:44:06
31-Mar-19,12:44:06
31-Mar-19,12:44:06
31-Mar-19,12:44:06
31-Mar-19,12:44:06
31-Mar-19,12:44:06
31-Mar-19,12:44:06
31-Mar-19,12:44:06
31-Mar-19,12:44:06
31-Mar-19,12:44:06
31-Mar-19,12:44:06
31-Mar-19,12:44:06
31-Mar-19,12:44:06
31-Mar-19,12:44:06
31-Mar-19,12:44:06
31-Mar-19,12:44:06
31-Mar-19,12:44:06
31-Mar-19,12:44:06
31-Mar-19,12:44:06
31-Mar-19,12:44:06
31-Mar-19,12:44:06
31-Mar-19,12:44:06
31-Mar-19,12:44:06
31-Mar-19,12:44:06
31-Mar-19,12:44:06
31-Mar-19,12:44:06
31-Mar-19,12:44:06
31-Mar-19,12:44:06
31-Mar-19,12:44:06
31-Mar-19,12:44:07
31-Mar-19,12:44:07
31-Mar-19,12:44:07
31-Mar-19,12:44:07
31-Mar-19,12:44:07
31-Mar-19,12:44:07
31-Mar-19,12:44:07
31-Mar-19,12:44:07
31-Mar-19,12:44:07
31-Mar-19,12:44:07
31-Mar-19,12:44:07
31-Mar-19,12:44:07
31-Mar-19,12:44:07
31-Mar-19,12:44:07
31-Mar-19,12:44:07
31-Mar-19,12:44:07
31-Mar-19,12:44:07
31-Mar-19,12:44:07
31-Mar-19,12:44:07
31-Mar-19,12:44:07
31-Mar-19,12:44:07
31-Mar-19,12:44:07
31-Mar-19,12:44:07
31-Mar-19,12:44:07
31-Mar-19,12:44:07
31-Mar-19,12:44:07
31-Mar-19,12:44:07
31-Mar-19,12:44:07
31-Mar-19,12:44:07
31-Mar-19,12:44:07
31-Mar-19,12:44:07
31-Mar-19,12:44:07
31-Mar-19,12:44:07
31-Mar-19,12:44:07
31-Mar-19,12:44:07
31-Mar-19,12:44:07
31-Mar-19,12:44:07
31-Mar-19,12:44:07
31-Mar-19,12:44:07
31-Mar-19,12:44:07
31-Mar-19,12:44:07
31-Mar-19,12:44:07
31-Mar-19,12:44:07
31-Mar-19,12:44:07
31-Mar-19,12:44:07
31-Mar-19,12:44:07
31-Mar-19,12:44:07
31-Mar-19,12:44:07
31-Mar-19,12:44:07
31-Mar-19,12:44:07
31-Mar-19,12:44:07
31-Mar-19,12:44:07
31-Mar-19,12:44:07
31-Mar-19,12:44:07
31-Mar-19,12:44:07
31-Mar-19,12:44:07
31-Mar-19,12:44:07
31-Mar-19,12:44:07
31-Mar-19,12:44:07
31-Mar-19,12:44:07
31-Mar-19,12:44:07
31-Mar-19,12:44:07
31-Mar-19,12:44:07
31-Mar-19,12:44:07
31-Mar-19,12:44:07
31-Mar-19,12:44:07
31-Mar-19,12:44:07
31-Mar-19,12:44:07
31-Mar-19,12:44:07
31-Mar-19,12:44:07
31-Mar-19,12:44:07
31-Mar-19,12:44:07
31-Mar-19,12:44:07
31-Mar-19,12:44:07
31-Mar-19,12:44:07
31-Mar-19,12:44:07
31-Mar-19,12:44:07
31-Mar-19,12:44:07
31-Mar-19,12:44:07
31-Mar-19,12:44:07
31-Mar-19,12:44:07
31-Mar-19,12:44:07
31-Mar-19,12:44:07
31-Mar-19,12:44:07
31-Mar-19,12:44:07
31-Mar-19,12:44:07
31-Mar-19,12:44:07
31-Mar-19,12:44:07
31-Mar-19,12:44:07
31-Mar-19,12:44:07
31-Mar-19,12:44:08
31-Mar-19,12:44:08
31-Mar-19,12:44:08
31-Mar-19,12:44:08
31-Mar-19,12:44:08
31-Mar-19,12:44:08
31-Mar-19,12:44:08
31-Mar-19,12:44:08
31-Mar-19,12:44:08
31-Mar-19,12:44:08
31-Mar-19,12:44:08
31-Mar-19,12:44:08
31-Mar-19,12:44:08
31-Mar-19,12:44:08
31-Mar-19,12:44:08
31-Mar-19,12:44:08
31-Mar-19,12:44:08
31-Mar-19,12:44:08
31-Mar-19,12:44:08
31-Mar-19,12:44:08
31-Mar-19,12:44:08
31-Mar-19,12:44:08
31-Mar-19,12:44:08
31-Mar-19,12:44:08
31-Mar-19,12:44:08
31-Mar-19,12:44:08
31-Mar-19,12:44:08
31-Mar-19,12:44:08
31-Mar-19,12:44:08
31-Mar-19,12:44:08
31-Mar-19,12:44:08
31-Mar-19,12:44:08
31-Mar-19,12:44:08
31-Mar-19,12:44:08
31-Mar-19,12:44:08
31-Mar-19,12:44:08
31-Mar-19,12:44:08
31-Mar-19,12:44:08
31-Mar-19,12:44:08
31-Mar-19,12:44:08
31-Mar-19,12:44:08
31-Mar-19,12:44:08
31-Mar-19,12:44:08
31-Mar-19,12:44:08
31-Mar-19,12:44:08
31-Mar-19,12:44:08
31-Mar-19,12:44:08
31-Mar-19,12:44:08
31-Mar-19,12:44:08
31-Mar-19,12:44:08
31-Mar-19,12:44:08
31-Mar-19,12:44:08
31-Mar-19,12:44:08
31-Mar-19,12:44:08
31-Mar-19,12:44:08
31-Mar-19,12:44:08
31-Mar-19,12:44:08
31-Mar-19,12:44:08
31-Mar-19,12:44:08
31-Mar-19,12:44:08
31-Mar-19,12:44:08
31-Mar-19,12:44:08
31-Mar-19,12:44:08
31-Mar-19,12:44:08
31-Mar-19,12:44:08
31-Mar-19,12:44:08
31-Mar-19,12:44:08
31-Mar-19,12:44:08
31-Mar-19,12:44:08
31-Mar-19,12:44:08
31-Mar-19,12:44:08
31-Mar-19,12:44:08
31-Mar-19,12:44:08
31-Mar-19,12:44:08
31-Mar-19,12:44:08
31-Mar-19,12:44:08
31-Mar-19,12:44:08
31-Mar-19,12:44:08
31-Mar-19,12:44:08
31-Mar-19,12:44:08
31-Mar-19,12:44:08
31-Mar-19,12:44:08
31-Mar-19,12:44:08
31-Mar-19,12:44:08
31-Mar-19,12:44:08
31-Mar-19,12:44:08
31-Mar-19,12:44:08
31-Mar-19,12:44:08
31-Mar-19,12:44:08
31-Mar-19,12:44:08
31-Mar-19,12:44:08
31-Mar-19,12:44:08
31-Mar-19,12:44:09
31-Mar-19,12:44:09
31-Mar-19,12:44:09
31-Mar-19,12:44:09
31-Mar-19,12:44:09
31-Mar-19,12:44:09
31-Mar-19,12:44:09
31-Mar-19,12:44:09
31-Mar-19,12:44:09
31-Mar-19,12:44:09
31-Mar-19,12:44:09
31-Mar-19,12:44:09
31-Mar-19,12:44:09
31-Mar-19,12:44:09
31-Mar-19,12:44:09
31-Mar-19,12:44:09
31-Mar-19,12:44:09
31-Mar-19,12:44:09
31-Mar-19,12:44:09
31-Mar-19,12:44:09
31-Mar-19,12:44:09
31-Mar-19,12:44:09
31-Mar-19,12:44:09
31-Mar-19,12:44:09
31-Mar-19,12:44:09
31-Mar-19,12:44:09
31-Mar-19,12:44:09
31-Mar-19,12:44:09
31-Mar-19,12:44:09
31-Mar-19,12:44:09
31-Mar-19,12:44:09
31-Mar-19,12:44:09
31-Mar-19,12:44:09
31-Mar-19,12:44:09
31-Mar-19,12:44:09
31-Mar-19,12:44:09
31-Mar-19,12:44:09
31-Mar-19,12:44:09
31-Mar-19,12:44:09
31-Mar-19,12:44:09
31-Mar-19,12:44:09
31-Mar-19,12:44:09
31-Mar-19,12:44:09
31-Mar-19,12:44:09
31-Mar-19,12:44:09
31-Mar-19,12:44:09
31-Mar-19,12:44:09
31-Mar-19,12:44:09
31-Mar-19,12:44:09
31-Mar-19,12:44:09
31-Mar-19,12:44:09
31-Mar-19,12:44:09
31-Mar-19,12:44:09
31-Mar-19,12:44:09
31-Mar-19,12:44:09
31-Mar-19,12:44:09
31-Mar-19,12:44:09
31-Mar-19,12:44:09
31-Mar-19,12:44:09
31-Mar-19,12:44:09
31-Mar-19,12:44:09
31-Mar-19,12:44:09
31-Mar-19,12:44:09
31-Mar-19,12:44:09
31-Mar-19,12:44:09
31-Mar-19,12:44:09
31-Mar-19,12:44:09
31-Mar-19,12:44:09
31-Mar-19,12:44:09
31-Mar-19,12:44:09
31-Mar-19,12:44:09
31-Mar-19,12:44:09
31-Mar-19,12:44:09
31-Mar-19,12:44:09
31-Mar-19,12:44:09
31-Mar-19,12:44:09
31-Mar-19,12:44:09
31-Mar-19,12:44:09
31-Mar-19,12:44:09
31-Mar-19,12:44:09
31-Mar-19,12:44:09
31-Mar-19,12:44:09
31-Mar-19,12:44:10
31-Mar-19,12:44:10
31-Mar-19,12:44:10
31-Mar-19,12:44:10
31-Mar-19,12:44:10
31-Mar-19,12:44:10
31-Mar-19,12:44:10
31-Mar-19,12:44:10
31-Mar-19,12:44:10
31-Mar-19,12:44:10
31-Mar-19,12:44:10
31-Mar-19,12:44:10
31-Mar-19,12:44:10
31-Mar-19,12:44:10
31-Mar-19,12:44:10
31-Mar-19,12:44:10
31-Mar-19,12:44:10
31-Mar-19,12:44:10
31-Mar-19,12:44:10
31-Mar-19,12:44:10
31-Mar-19,12:44:10
31-Mar-19,12:44:10
31-Mar-19,12:44:10
31-Mar-19,12:44:10
31-Mar-19,12:44:10
31-Mar-19,12:44:10
31-Mar-19,12:44:10
31-Mar-19,12:44:10
31-Mar-19,12:44:10
31-Mar-19,12:44:10
31-Mar-19,12:44:10
31-Mar-19,12:44:10
31-Mar-19,12:44:10
31-Mar-19,12:44:10
31-Mar-19,12:44:10
31-Mar-19,12:44:10
31-Mar-19,12:44:10
31-Mar-19,12:44:10
31-Mar-19,12:44:10
31-Mar-19,12:44:10
31-Mar-19,12:44:10
31-Mar-19,12:44:10
31-Mar-19,12:44:10
31-Mar-19,12:44:10
31-Mar-19,12:44:10
31-Mar-19,12:44:10
31-Mar-19,12:44:10
31-Mar-19,12:44:10
31-Mar-19,12:44:10
31-Mar-19,12:44:10
31-Mar-19,12:44:10
31-Mar-19,12:44:10
31-Mar-19,12:44:10
31-Mar-19,12:44:10
31-Mar-19,12:44:10
31-Mar-19,12:44:10
31-Mar-19,12:44:10
31-Mar-19,12:44:10
31-Mar-19,12:44:10
31-Mar-19,12:44:10
31-Mar-19,12:44:10
31-Mar-19,12:44:10
31-Mar-19,12:44:10
31-Mar-19,12:44:10
31-Mar-19,12:44:10
31-Mar-19,12:44:10
31-Mar-19,12:44:10
31-Mar-19,12:44:10
31-Mar-19,12:44:10
31-Mar-19,12:44:10
31-Mar-19,12:44:10
31-Mar-19,12:44:10
31-Mar-19,12:44:10
31-Mar-19,12:44:10
31-Mar-19,12:44:10
31-Mar-19,12:44:10
31-Mar-19,12:44:10
31-Mar-19,12:44:10
31-Mar-19,12:44:10
31-Mar-19,12:44:10
31-Mar-19,12:44:10
31-Mar-19,12:44:10
31-Mar-19,12:44:10
31-Mar-19,12:44:10
31-Mar-19,12:44:10
31-Mar-19,12:44:10
31-Mar-19,12:44:10
31-Mar-19,12:44:10
31-Mar-19,12:44:10
31-Mar-19,12:44:10
31-Mar-19,12:44:10
31-Mar-19,12:44:10
31-Mar-19,12:44:10
31-Mar-19,12:44:10
31-Mar-19,12:44:11
31-Mar-19,12:44:11
31-Mar-19,12:44:11
31-Mar-19,12:44:11
31-Mar-19,12:44:11
31-Mar-19,12:44:11
31-Mar-19,12:44:11
31-Mar-19,12:44:11
31-Mar-19,12:44:11
31-Mar-19,12:44:11
31-Mar-19,12:44:11
31-Mar-19,12:44:11
31-Mar-19,12:44:11
31-Mar-19,12:44:11
31-Mar-19,12:44:11
31-Mar-19,12:44:11
31-Mar-19,12:44:11
31-Mar-19,12:44:11
31-Mar-19,12:44:11
31-Mar-19,12:44:11
31-Mar-19,12:44:11
31-Mar-19,12:44:11
31-Mar-19,12:44:11
31-Mar-19,12:44:11
31-Mar-19,12:44:11
31-Mar-19,12:44:11
31-Mar-19,12:44:11
31-Mar-19,12:44:11
31-Mar-19,12:44:11
31-Mar-19,12:44:11
31-Mar-19,12:44:11
31-Mar-19,12:44:11
31-Mar-19,12:44:11
31-Mar-19,12:44:11
31-Mar-19,12:44:11
31-Mar-19,12:44:11
31-Mar-19,12:44:11
31-Mar-19,12:44:11
31-Mar-19,12:44:11
31-Mar-19,12:44:11
31-Mar-19,12:44:11
31-Mar-19,12:44:11
31-Mar-19,12:44:11
31-Mar-19,12:44:11
31-Mar-19,12:44:11
31-Mar-19,12:44:11
31-Mar-19,12:44:11
31-Mar-19,12:44:11
31-Mar-19,12:44:11
31-Mar-19,12:44:11
31-Mar-19,12:44:11
31-Mar-19,12:44:11
31-Mar-19,12:44:11
31-Mar-19,12:44:11
31-Mar-19,12:44:11
31-Mar-19,12:44:11
31-Mar-19,12:44:11
31-Mar-19,12:44:11
31-Mar-19,12:44:11
31-Mar-19,12:44:11
31-Mar-19,12:44:11
31-Mar-19,12:44:11
31-Mar-19,12:44:11
31-Mar-19,12:44:11
31-Mar-19,12:44:11
31-Mar-19,12:44:11
31-Mar-19,12:44:11
31-Mar-19,12:44:11
31-Mar-19,12:44:11
31-Mar-19,12:44:11
31-Mar-19,12:44:11
31-Mar-19,12:44:11
31-Mar-19,12:44:11
31-Mar-19,12:44:11
31-Mar-19,12:44:11
31-Mar-19,12:44:11
31-Mar-19,12:44:11
31-Mar-19,12:44:11
31-Mar-19,12:44:11
31-Mar-19,12:44:11
31-Mar-19,12:44:11
31-Mar-19,12:44:12
31-Mar-19,12:44:12
31-Mar-19,12:44:12
31-Mar-19,12:44:12
31-Mar-19,12:44:12
31-Mar-19,12:44:12
31-Mar-19,12:44:12
31-Mar-19,12:44:12
31-Mar-19,12:44:12
31-Mar-19,12:44:12
31-Mar-19,12:44:12
31-Mar-19,12:44:12
31-Mar-19,12:44:12
31-Mar-19,12:44:12
31-Mar-19,12:44:12
31-Mar-19,12:44:12
31-Mar-19,12:44:12
31-Mar-19,12:44:12
31-Mar-19,12:44:12
31-Mar-19,12:44:12
31-Mar-19,12:44:12
31-Mar-19,12:44:12
31-Mar-19,12:44:12
31-Mar-19,12:44:12
31-Mar-19,12:44:12
31-Mar-19,12:44:12
31-Mar-19,12:44:12
31-Mar-19,12:44:12
31-Mar-19,12:44:12
31-Mar-19,12:44:12
31-Mar-19,12:44:12
31-Mar-19,12:44:12
31-Mar-19,12:44:12
31-Mar-19,12:44:12
31-Mar-19,12:44:12
31-Mar-19,12:44:12
31-Mar-19,12:44:12
31-Mar-19,12:44:12
31-Mar-19,12:44:12
31-Mar-19,12:44:12
31-Mar-19,12:44:12
31-Mar-19,12:44:12
31-Mar-19,12:44:12
31-Mar-19,12:44:12
31-Mar-19,12:44:12
31-Mar-19,12:44:12
31-Mar-19,12:44:12
31-Mar-19,12:44:12
31-Mar-19,12:44:12
31-Mar-19,12:44:12
31-Mar-19,12:44:12
31-Mar-19,12:44:12
31-Mar-19,12:44:12
31-Mar-19,12:44:12
31-Mar-19,12:44:12
31-Mar-19,12:44:12
31-Mar-19,12:44:12
31-Mar-19,12:44:12
31-Mar-19,12:44:12
31-Mar-19,12:44:12
31-Mar-19,12:44:12
31-Mar-19,12:44:12
31-Mar-19,12:44:12
31-Mar-19,12:44:12
31-Mar-19,12:44:12
31-Mar-19,12:44:12
31-Mar-19,12:44:12
31-Mar-19,12:44:12
31-Mar-19,12:44:12
31-Mar-19,12:44:12
31-Mar-19,12:44:12
31-Mar-19,12:44:12
31-Mar-19,12:44:12
31-Mar-19,12:44:12
31-Mar-19,12:44:12
31-Mar-19,12:44:12
31-Mar-19,12:44:12
31-Mar-19,12:44:12
31-Mar-19,12:44:12
31-Mar-19,12:44:12
31-Mar-19,12:44:12
31-Mar-19,12:44:12
31-Mar-19,12:44:12
31-Mar-19,12:44:12
31-Mar-19,12:44:12
31-Mar-19,12:44:12
31-Mar-19,12:44:12
31-Mar-19,12:44:12
31-Mar-19,12:44:12
31-Mar-19,12:44:12
31-Mar-19,12:44:13
31-Mar-19,12:44:13
31-Mar-19,12:44:13
31-Mar-19,12:44:13
31-Mar-19,12:44:13
31-Mar-19,12:44:13
31-Mar-19,12:44:13
31-Mar-19,12:44:13
31-Mar-19,12:44:13
31-Mar-19,12:44:13
31-Mar-19,12:44:13
31-Mar-19,12:44:13
31-Mar-19,12:44:13
31-Mar-19,12:44:13
31-Mar-19,12:44:13
31-Mar-19,12:44:13
31-Mar-19,12:44:13
31-Mar-19,12:44:13
31-Mar-19,12:44:13
31-Mar-19,12:44:13
31-Mar-19,12:44:13
31-Mar-19,12:44:13
31-Mar-19,12:44:13
31-Mar-19,12:44:13
31-Mar-19,12:44:13
31-Mar-19,12:44:13
31-Mar-19,12:44:13
31-Mar-19,12:44:13
31-Mar-19,12:44:13
31-Mar-19,12:44:13
31-Mar-19,12:44:13
31-Mar-19,12:44:13
31-Mar-19,12:44:13
31-Mar-19,12:44:13
31-Mar-19,12:44:13
31-Mar-19,12:44:13
31-Mar-19,12:44:13
31-Mar-19,12:44:13
31-Mar-19,12:44:13
31-Mar-19,12:44:13
31-Mar-19,12:44:13
31-Mar-19,12:44:13
31-Mar-19,12:44:13
31-Mar-19,12:44:13
31-Mar-19,12:44:13
31-Mar-19,12:44:13
31-Mar-19,12:44:13
31-Mar-19,12:44:13
31-Mar-19,12:44:13
31-Mar-19,12:44:13
31-Mar-19,12:44:13
31-Mar-19,12:44:13
31-Mar-19,12:44:13
31-Mar-19,12:44:13
31-Mar-19,12:44:13
31-Mar-19,12:44:13
31-Mar-19,12:44:13
31-Mar-19,12:44:13
31-Mar-19,12:44:13
31-Mar-19,12:44:13
31-Mar-19,12:44:13
31-Mar-19,12:44:13
31-Mar-19,12:44:13
31-Mar-19,12:44:13
31-Mar-19,12:44:13
31-Mar-19,12:44:13
31-Mar-19,12:44:13
31-Mar-19,12:44:13
31-Mar-19,12:44:13
31-Mar-19,12:44:13
31-Mar-19,12:44:13
31-Mar-19,12:44:13
31-Mar-19,12:44:13
31-Mar-19,12:44:13
31-Mar-19,12:44:13
31-Mar-19,12:44:13
31-Mar-19,12:44:13
31-Mar-19,12:44:13
31-Mar-19,12:44:13
31-Mar-19,12:44:13
31-Mar-19,12:44:13
31-Mar-19,12:44:13
31-Mar-19,12:44:13
31-Mar-19,12:44:13
31-Mar-19,12:44:13
31-Mar-19,12:44:13
31-Mar-19,12:44:13
31-Mar-19,12:44:13
31-Mar-19,12:44:13
31-Mar-19,12:44:13
31-Mar-19,12:44:13
31-Mar-19,12:44:13
31-Mar-19,12:44:13
31-Mar-19,12:44:13
31-Mar-19,12:44:14
31-Mar-19,12:44:14
31-Mar-19,12:44:14
31-Mar-19,12:44:14
31-Mar-19,12:44:14
31-Mar-19,12:44:14
31-Mar-19,12:44:14
31-Mar-19,12:44:14
31-Mar-19,12:44:14
31-Mar-19,12:44:14
31-Mar-19,12:44:14
31-Mar-19,12:44:14
31-Mar-19,12:44:14
31-Mar-19,12:44:14
31-Mar-19,12:44:14
31-Mar-19,12:44:14
31-Mar-19,12:44:14
31-Mar-19,12:44:14
31-Mar-19,12:44:14
31-Mar-19,12:44:14
31-Mar-19,12:44:14
31-Mar-19,12:44:14
31-Mar-19,12:44:14
31-Mar-19,12:44:14
31-Mar-19,12:44:14
31-Mar-19,12:44:14
31-Mar-19,12:44:14
31-Mar-19,12:44:14
31-Mar-19,12:44:14
31-Mar-19,12:44:14
31-Mar-19,12:44:14
31-Mar-19,12:44:14
31-Mar-19,12:44:14
31-Mar-19,12:44:14
31-Mar-19,12:44:14
31-Mar-19,12:44:14
31-Mar-19,12:44:14
31-Mar-19,12:44:14
31-Mar-19,12:44:14
31-Mar-19,12:44:14
31-Mar-19,12:44:14
31-Mar-19,12:44:14
31-Mar-19,12:44:14
31-Mar-19,12:44:14
31-Mar-19,12:44:14
31-Mar-19,12:44:14
31-Mar-19,12:44:14
31-Mar-19,12:44:14
31-Mar-19,12:44:14
31-Mar-19,12:44:14
31-Mar-19,12:44:14
31-Mar-19,12:44:14
31-Mar-19,12:44:14
31-Mar-19,12:44:14
31-Mar-19,12:44:14
31-Mar-19,12:44:14
31-Mar-19,12:44:14
31-Mar-19,12:44:14
31-Mar-19,12:44:14
31-Mar-19,12:44:14
31-Mar-19,12:44:14
31-Mar-19,12:44:14
31-Mar-19,12:44:14
31-Mar-19,12:44:14
31-Mar-19,12:44:14
31-Mar-19,12:44:14
31-Mar-19,12:44:14
31-Mar-19,12:44:14
31-Mar-19,12:44:14
31-Mar-19,12:44:14
31-Mar-19,12:44:14
31-Mar-19,12:44:14
31-Mar-19,12:44:14
31-Mar-19,12:44:14
31-Mar-19,12:44:14
31-Mar-19,12:44:14
31-Mar-19,12:44:14
31-Mar-19,12:44:14
31-Mar-19,12:44:14
31-Mar-19,12:44:14
31-Mar-19,12:44:14
31-Mar-19,12:44:14
31-Mar-19,12:44:14
31-Mar-19,12:44:15
31-Mar-19,12:44:15
31-Mar-19,12:44:15
31-Mar-19,12:44:15
31-Mar-19,12:44:15
31-Mar-19,12:44:15
31-Mar-19,12:44:15
31-Mar-19,12:44:15
31-Mar-19,12:44:15
31-Mar-19,12:44:15
31-Mar-19,12:44:15
31-Mar-19,12:44:15
31-Mar-19,12:44:15
31-Mar-19,12:44:15
31-Mar-19,12:44:15
31-Mar-19,12:44:15
31-Mar-19,12:44:15
31-Mar-19,12:44:15
31-Mar-19,12:44:15
31-Mar-19,12:44:15
31-Mar-19,12:44:15
31-Mar-19,12:44:15
31-Mar-19,12:44:15
31-Mar-19,12:44:15
31-Mar-19,12:44:15
31-Mar-19,12:44:15
31-Mar-19,12:44:15
31-Mar-19,12:44:15
31-Mar-19,12:44:15
31-Mar-19,12:44:15
31-Mar-19,12:44:15
31-Mar-19,12:44:15
31-Mar-19,12:44:15
31-Mar-19,12:44:15
31-Mar-19,12:44:15
31-Mar-19,12:44:15
31-Mar-19,12:44:15
31-Mar-19,12:44:15
31-Mar-19,12:44:15
31-Mar-19,12:44:15
31-Mar-19,12:44:15
31-Mar-19,12:44:15
31-Mar-19,12:44:15
31-Mar-19,12:44:15
31-Mar-19,12:44:15
31-Mar-19,12:44:15
31-Mar-19,12:44:15
31-Mar-19,12:44:15
31-Mar-19,12:44:15
31-Mar-19,12:44:15
31-Mar-19,12:44:15
31-Mar-19,12:44:15
31-Mar-19,12:44:15
31-Mar-19,12:44:15
31-Mar-19,12:44:15
31-Mar-19,12:44:15
31-Mar-19,12:44:15
31-Mar-19,12:44:15
31-Mar-19,12:44:15
31-Mar-19,12:44:15
31-Mar-19,12:44:15
31-Mar-19,12:44:15
31-Mar-19,12:44:15
31-Mar-19,12:44:15
31-Mar-19,12:44:15
31-Mar-19,12:44:15
31-Mar-19,12:44:15
31-Mar-19,12:44:15
31-Mar-19,12:44:15
31-Mar-19,12:44:15
31-Mar-19,12:44:15
31-Mar-19,12:44:15
31-Mar-19,12:44:15
31-Mar-19,12:44:15
31-Mar-19,12:44:15
31-Mar-19,12:44:15
31-Mar-19,12:44:15
31-Mar-19,12:44:15
31-Mar-19,12:44:15
31-Mar-19,12:44:15
31-Mar-19,12:44:15
31-Mar-19,12:44:15
31-Mar-19,12:44:15
31-Mar-19,12:44:15
31-Mar-19,12:44:15
31-Mar-19,12:44:15
31-Mar-19,12:44:15
31-Mar-19,12:44:15
31-Mar-19,12:44:15
31-Mar-19,12:44:15
31-Mar-19,12:44:15
31-Mar-19,12:44:15
31-Mar-19,12:44:15
31-Mar-19,12:44:15
31-Mar-19,12:44:15
31-Mar-19,12:44:16
31-Mar-19,12:44:16
31-Mar-19,12:44:16
31-Mar-19,12:44:16
31-Mar-19,12:44:16
31-Mar-19,12:44:16
31-Mar-19,12:44:16
31-Mar-19,12:44:16
31-Mar-19,12:44:16
31-Mar-19,12:44:16
31-Mar-19,12:44:16
31-Mar-19,12:44:16
31-Mar-19,12:44:16
31-Mar-19,12:44:16
31-Mar-19,12:44:16
31-Mar-19,12:44:16
31-Mar-19,12:44:16
31-Mar-19,12:44:16
31-Mar-19,12:44:16
31-Mar-19,12:44:16
31-Mar-19,12:44:16
31-Mar-19,12:44:16
31-Mar-19,12:44:16
31-Mar-19,12:44:16
31-Mar-19,12:44:16
31-Mar-19,12:44:16
31-Mar-19,12:44:16
31-Mar-19,12:44:16
31-Mar-19,12:44:16
31-Mar-19,12:44:16
31-Mar-19,12:44:16
31-Mar-19,12:44:16
31-Mar-19,12:44:16
31-Mar-19,12:44:16
31-Mar-19,12:44:16
31-Mar-19,12:44:16
31-Mar-19,12:44:16
31-Mar-19,12:44:16
31-Mar-19,12:44:16
31-Mar-19,12:44:16
31-Mar-19,12:44:16
31-Mar-19,12:44:16
31-Mar-19,12:44:16
31-Mar-19,12:44:16
31-Mar-19,12:44:16
31-Mar-19,12:44:16
31-Mar-19,12:44:16
31-Mar-19,12:44:16
31-Mar-19,12:44:16
31-Mar-19,12:44:16
31-Mar-19,12:44:16
31-Mar-19,12:44:16
31-Mar-19,12:44:16
31-Mar-19,12:44:16
31-Mar-19,12:44:16
31-Mar-19,12:44:16
31-Mar-19,12:44:16
31-Mar-19,12:44:16
31-Mar-19,12:44:16
31-Mar-19,12:44:16
31-Mar-19,12:44:16
31-Mar-19,12:44:16
31-Mar-19,12:44:16
31-Mar-19,12:44:16
31-Mar-19,12:44:16
31-Mar-19,12:44:16
31-Mar-19,12:44:16
31-Mar-19,12:44:16
31-Mar-19,12:44:16
31-Mar-19,12:44:16
31-Mar-19,12:44:16
31-Mar-19,12:44:16
31-Mar-19,12:44:16
31-Mar-19,12:44:16
31-Mar-19,12:44:16
31-Mar-19,12:44:16
31-Mar-19,12:44:16
31-Mar-19,12:44:16
31-Mar-19,12:44:16
31-Mar-19,12:44:16
31-Mar-19,12:44:16
31-Mar-19,12:44:17
31-Mar-19,12:44:17
31-Mar-19,12:44:17
31-Mar-19,12:44:17
31-Mar-19,12:44:17
31-Mar-19,12:44:17
31-Mar-19,12:44:17
31-Mar-19,12:44:17
31-Mar-19,12:44:17
31-Mar-19,12:44:17
31-Mar-19,12:44:17
31-Mar-19,12:44:17
31-Mar-19,12:44:17
31-Mar-19,12:44:17
31-Mar-19,12:44:17
31-Mar-19,12:44:17
31-Mar-19,12:44:17
31-Mar-19,12:44:17
31-Mar-19,12:44:17
31-Mar-19,12:44:17
31-Mar-19,12:44:17
31-Mar-19,12:44:17
31-Mar-19,12:44:17
31-Mar-19,12:44:17
31-Mar-19,12:44:17
31-Mar-19,12:44:17
31-Mar-19,12:44:17
31-Mar-19,12:44:17
31-Mar-19,12:44:17
31-Mar-19,12:44:17
31-Mar-19,12:44:17
31-Mar-19,12:44:17
31-Mar-19,12:44:17
31-Mar-19,12:44:17
31-Mar-19,12:44:17
31-Mar-19,12:44:17
31-Mar-19,12:44:17
31-Mar-19,12:44:17
31-Mar-19,12:44:17
31-Mar-19,12:44:17
31-Mar-19,12:44:17
31-Mar-19,12:44:17
31-Mar-19,12:44:17
31-Mar-19,12:44:17
31-Mar-19,12:44:17
31-Mar-19,12:44:17
31-Mar-19,12:44:17
31-Mar-19,12:44:17
31-Mar-19,12:44:17
31-Mar-19,12:44:17
31-Mar-19,12:44:17
31-Mar-19,12:44:17
31-Mar-19,12:44:17
31-Mar-19,12:44:17
31-Mar-19,12:44:17
31-Mar-19,12:44:17
31-Mar-19,12:44:17
31-Mar-19,12:44:17
31-Mar-19,12:44:17
31-Mar-19,12:44:17
31-Mar-19,12:44:17
31-Mar-19,12:44:17
31-Mar-19,12:44:17
31-Mar-19,12:44:17
31-Mar-19,12:44:17
31-Mar-19,12:44:17
31-Mar-19,12:44:17
31-Mar-19,12:44:17
31-Mar-19,12:44:17
31-Mar-19,12:44:17
31-Mar-19,12:44:17
31-Mar-19,12:44:17
31-Mar-19,12:44:17
31-Mar-19,12:44:17
31-Mar-19,12:44:17
31-Mar-19,12:44:17
31-Mar-19,12:44:17
31-Mar-19,12:44:17
31-Mar-19,12:44:17
31-Mar-19,12:44:17
31-Mar-19,12:44:17
31-Mar-19,12:44:17
31-Mar-19,12:44:17
31-Mar-19,12:44:17
31-Mar-19,12:44:17
31-Mar-19,12:44:17
31-Mar-19,12:44:17
31-Mar-19,12:44:17
31-Mar-19,12:44:17
31-Mar-19,12:44:17
31-Mar-19,12:44:17
31-Mar-19,12:44:17
31-Mar-19,12:44:18
31-Mar-19,12:44:18
31-Mar-19,12:44:18
31-Mar-19,12:44:18
31-Mar-19,12:44:18
31-Mar-19,12:44:18
31-Mar-19,12:44:18
31-Mar-19,12:44:18
31-Mar-19,12:44:18
31-Mar-19,12:44:18
31-Mar-19,12:44:18
31-Mar-19,12:44:18
31-Mar-19,12:44:18
31-Mar-19,12:44:18
31-Mar-19,12:44:18
31-Mar-19,12:44:18
31-Mar-19,12:44:18
31-Mar-19,12:44:18
31-Mar-19,12:44:18
31-Mar-19,12:44:18
31-Mar-19,12:44:18
31-Mar-19,12:44:18
31-Mar-19,12:44:18
31-Mar-19,12:44:18
31-Mar-19,12:44:18
31-Mar-19,12:44:18
31-Mar-19,12:44:18
31-Mar-19,12:44:18
31-Mar-19,12:44:18
31-Mar-19,12:44:18
31-Mar-19,12:44:18
31-Mar-19,12:44:18
31-Mar-19,12:44:18
31-Mar-19,12:44:18
31-Mar-19,12:44:18
31-Mar-19,12:44:18
31-Mar-19,12:44:18
31-Mar-19,12:44:18
31-Mar-19,12:44:18
31-Mar-19,12:44:18
31-Mar-19,12:44:18
31-Mar-19,12:44:18
31-Mar-19,12:44:18
31-Mar-19,12:44:18
31-Mar-19,12:44:18
31-Mar-19,12:44:18
31-Mar-19,12:44:18
31-Mar-19,12:44:18
31-Mar-19,12:44:18
31-Mar-19,12:44:18
31-Mar-19,12:44:18
31-Mar-19,12:44:18
31-Mar-19,12:44:18
31-Mar-19,12:44:18
31-Mar-19,12:44:18
31-Mar-19,12:44:18
31-Mar-19,12:44:18
31-Mar-19,12:44:18
31-Mar-19,12:44:18
31-Mar-19,12:44:18
31-Mar-19,12:44:18
31-Mar-19,12:44:18
31-Mar-19,12:44:18
31-Mar-19,12:44:18
31-Mar-19,12:44:18
31-Mar-19,12:44:18
31-Mar-19,12:44:18
31-Mar-19,12:44:18
31-Mar-19,12:44:18
31-Mar-19,12:44:18
31-Mar-19,12:44:18
31-Mar-19,12:44:18
31-Mar-19,12:44:18
31-Mar-19,12:44:18
31-Mar-19,12:44:18
31-Mar-19,12:44:18
31-Mar-19,12:44:18
31-Mar-19,12:44:18
31-Mar-19,12:44:18
31-Mar-19,12:44:18
31-Mar-19,12:44:18
31-Mar-19,12:44:18
31-Mar-19,12:44:18
31-Mar-19,12:44:18
31-Mar-19,12:44:18
31-Mar-19,12:44:18
31-Mar-19,12:44:18
31-Mar-19,12:44:18
31-Mar-19,12:44:18
31-Mar-19,12:44:18
31-Mar-19,12:44:18
31-Mar-19,12:44:18
31-Mar-19,12:44:18
31-Mar-19,12:44:18
31-Mar-19,12:44:18
31-Mar-19,12:44:19
31-Mar-19,12:44:19
31-Mar-19,12:44:19
31-Mar-19,12:44:19
31-Mar-19,12:44:19
31-Mar-19,12:44:19
31-Mar-19,12:44:19
31-Mar-19,12:44:19
31-Mar-19,12:44:19
31-Mar-19,12:44:19
31-Mar-19,12:44:19
31-Mar-19,12:44:19
31-Mar-19,12:44:19
31-Mar-19,12:44:19
31-Mar-19,12:44:19
31-Mar-19,12:44:19
31-Mar-19,12:44:19
31-Mar-19,12:44:19
31-Mar-19,12:44:19
31-Mar-19,12:44:19
31-Mar-19,12:44:19
31-Mar-19,12:44:19
31-Mar-19,12:44:19
31-Mar-19,12:44:19
31-Mar-19,12:44:19
31-Mar-19,12:44:19
31-Mar-19,12:44:19
31-Mar-19,12:44:19
31-Mar-19,12:44:19
31-Mar-19,12:44:19
31-Mar-19,12:44:19
31-Mar-19,12:44:19
31-Mar-19,12:44:19
31-Mar-19,12:44:19
31-Mar-19,12:44:19
31-Mar-19,12:44:19
31-Mar-19,12:44:19
31-Mar-19,12:44:19
31-Mar-19,12:44:19
31-Mar-19,12:44:19
31-Mar-19,12:44:19
31-Mar-19,12:44:19
31-Mar-19,12:44:19
31-Mar-19,12:44:19
31-Mar-19,12:44:19
31-Mar-19,12:44:19
31-Mar-19,12:44:19
31-Mar-19,12:44:19
31-Mar-19,12:44:19
31-Mar-19,12:44:19
31-Mar-19,12:44:19
31-Mar-19,12:44:19
31-Mar-19,12:44:19
31-Mar-19,12:44:19
31-Mar-19,12:44:19
31-Mar-19,12:44:19
31-Mar-19,12:44:19
31-Mar-19,12:44:19
31-Mar-19,12:44:19
31-Mar-19,12:44:19
31-Mar-19,12:44:19
31-Mar-19,12:44:19
31-Mar-19,12:44:19
31-Mar-19,12:44:19
31-Mar-19,12:44:19
31-Mar-19,12:44:19
31-Mar-19,12:44:19
31-Mar-19,12:44:19
31-Mar-19,12:44:19
31-Mar-19,12:44:19
31-Mar-19,12:44:19
31-Mar-19,12:44:19
31-Mar-19,12:44:19
31-Mar-19,12:44:19
31-Mar-19,12:44:19
31-Mar-19,12:44:19
31-Mar-19,12:44:19
31-Mar-19,12:44:19
31-Mar-19,12:44:19
31-Mar-19,12:44:19
31-Mar-19,12:44:19
31-Mar-19,12:44:19
31-Mar-19,12:44:19
31-Mar-19,12:44:19
31-Mar-19,12:44:20
31-Mar-19,12:44:20
31-Mar-19,12:44:20
31-Mar-19,12:44:20
31-Mar-19,12:44:20
31-Mar-19,12:44:20
31-Mar-19,12:44:20
31-Mar-19,12:44:20
31-Mar-19,12:44:20
31-Mar-19,12:44:20
31-Mar-19,12:44:20
31-Mar-19,12:44:20
31-Mar-19,12:44:20
31-Mar-19,12:44:20
31-Mar-19,12:44:20
31-Mar-19,12:44:20
31-Mar-19,12:44:20
31-Mar-19,12:44:20
31-Mar-19,12:44:20
31-Mar-19,12:44:20
31-Mar-19,12:44:20
31-Mar-19,12:44:20
31-Mar-19,12:44:20
31-Mar-19,12:44:20
31-Mar-19,12:44:20
31-Mar-19,12:44:20
31-Mar-19,12:44:20
31-Mar-19,12:44:20
31-Mar-19,12:44:20
31-Mar-19,12:44:20
31-Mar-19,12:44:20
31-Mar-19,12:44:20
31-Mar-19,12:44:20
31-Mar-19,12:44:20
31-Mar-19,12:44:20
31-Mar-19,12:44:20
31-Mar-19,12:44:20
31-Mar-19,12:44:20
31-Mar-19,12:44:20
31-Mar-19,12:44:20
31-Mar-19,12:44:20
31-Mar-19,12:44:20
31-Mar-19,12:44:20
31-Mar-19,12:44:20
31-Mar-19,12:44:20
31-Mar-19,12:44:20
31-Mar-19,12:44:20
31-Mar-19,12:44:20
31-Mar-19,12:44:20
31-Mar-19,12:44:20
31-Mar-19,12:44:20
31-Mar-19,12:44:20
31-Mar-19,12:44:20
31-Mar-19,12:44:20
31-Mar-19,12:44:20
31-Mar-19,12:44:20
31-Mar-19,12:44:20
31-Mar-19,12:44:20
31-Mar-19,12:44:20
31-Mar-19,12:44:20
31-Mar-19,12:44:20
31-Mar-19,12:44:20
31-Mar-19,12:44:20
31-Mar-19,12:44:20
31-Mar-19,12:44:20
31-Mar-19,12:44:20
31-Mar-19,12:44:20
31-Mar-19,12:44:20
31-Mar-19,12:44:20
31-Mar-19,12:44:20
31-Mar-19,12:44:20
31-Mar-19,12:44:20
31-Mar-19,12:44:20
31-Mar-19,12:44:20
31-Mar-19,12:44:20
31-Mar-19,12:44:20
31-Mar-19,12:44:20
31-Mar-19,12:44:20
31-Mar-19,12:44:20
31-Mar-19,12:44:20
31-Mar-19,12:44:20
31-Mar-19,12:44:20
31-Mar-19,12:44:20
31-Mar-19,12:44:20
31-Mar-19,12:44:20
31-Mar-19,12:44:20
31-Mar-19,12:44:20
31-Mar-19,12:44:20
31-Mar-19,12:44:20
31-Mar-19,12:44:20
31-Mar-19,12:44:20
31-Mar-19,12:44:20
31-Mar-19,12:44:20
31-Mar-19,12:44:20
31-Mar-19,12:44:20
31-Mar-19,12:44:20
31-Mar-19,12:44:21
31-Mar-19,12:44:21
31-Mar-19,12:44:21
31-Mar-19,12:44:21
31-Mar-19,12:44:21
31-Mar-19,12:44:21
31-Mar-19,12:44:21
31-Mar-19,12:44:21
31-Mar-19,12:44:21
31-Mar-19,12:44:21
31-Mar-19,12:44:21
31-Mar-19,12:44:21
31-Mar-19,12:44:21
31-Mar-19,12:44:21
31-Mar-19,12:44:21
31-Mar-19,12:44:21
31-Mar-19,12:44:21
31-Mar-19,12:44:21
31-Mar-19,12:44:21
31-Mar-19,12:44:21
31-Mar-19,12:44:21
31-Mar-19,12:44:21
31-Mar-19,12:44:21
31-Mar-19,12:44:21
31-Mar-19,12:44:21
31-Mar-19,12:44:21
31-Mar-19,12:44:21
31-Mar-19,12:44:21
31-Mar-19,12:44:21
31-Mar-19,12:44:21
31-Mar-19,12:44:21
31-Mar-19,12:44:21
31-Mar-19,12:44:21
31-Mar-19,12:44:21
31-Mar-19,12:44:21
31-Mar-19,12:44:21
31-Mar-19,12:44:21
31-Mar-19,12:44:21
31-Mar-19,12:44:21
31-Mar-19,12:44:21
31-Mar-19,12:44:21
31-Mar-19,12:44:21
31-Mar-19,12:44:21
31-Mar-19,12:44:21
31-Mar-19,12:44:21
31-Mar-19,12:44:21
31-Mar-19,12:44:21
31-Mar-19,12:44:21
31-Mar-19,12:44:21
31-Mar-19,12:44:21
31-Mar-19,12:44:21
31-Mar-19,12:44:21
31-Mar-19,12:44:21
31-Mar-19,12:44:21
31-Mar-19,12:44:21
31-Mar-19,12:44:21
31-Mar-19,12:44:21
31-Mar-19,12:44:21
31-Mar-19,12:44:21
31-Mar-19,12:44:21
31-Mar-19,12:44:21
31-Mar-19,12:44:21
31-Mar-19,12:44:21
31-Mar-19,12:44:21
31-Mar-19,12:44:21
31-Mar-19,12:44:21
31-Mar-19,12:44:21
31-Mar-19,12:44:21
31-Mar-19,12:44:21
31-Mar-19,12:44:21
31-Mar-19,12:44:21
31-Mar-19,12:44:21
31-Mar-19,12:44:21
31-Mar-19,12:44:21
31-Mar-19,12:44:21
31-Mar-19,12:44:21
31-Mar-19,12:44:21
31-Mar-19,12:44:21
31-Mar-19,12:44:21
31-Mar-19,12:44:21
31-Mar-19,12:44:21
31-Mar-19,12:44:22
31-Mar-19,12:44:22
31-Mar-19,12:44:22
31-Mar-19,12:44:22
31-Mar-19,12:44:22
31-Mar-19,12:44:22
31-Mar-19,12:44:22
31-Mar-19,12:44:22
31-Mar-19,12:44:22
31-Mar-19,12:44:22
31-Mar-19,12:44:22
31-Mar-19,12:44:22
31-Mar-19,12:44:22
31-Mar-19,12:44:22
31-Mar-19,12:44:22
31-Mar-19,12:44:22
31-Mar-19,12:44:22
31-Mar-19,12:44:22
31-Mar-19,12:44:22
31-Mar-19,12:44:22
31-Mar-19,12:44:22
31-Mar-19,12:44:22
31-Mar-19,12:44:22
31-Mar-19,12:44:22
31-Mar-19,12:44:22
31-Mar-19,12:44:22
31-Mar-19,12:44:22
31-Mar-19,12:44:22
31-Mar-19,12:44:22
31-Mar-19,12:44:22
31-Mar-19,12:44:22
31-Mar-19,12:44:22
31-Mar-19,12:44:22
31-Mar-19,12:44:22
31-Mar-19,12:44:22
31-Mar-19,12:44:22
31-Mar-19,12:44:22
31-Mar-19,12:44:22
31-Mar-19,12:44:22
31-Mar-19,12:44:22
31-Mar-19,12:44:22
31-Mar-19,12:44:22
31-Mar-19,12:44:22
31-Mar-19,12:44:22
31-Mar-19,12:44:22
31-Mar-19,12:44:22
31-Mar-19,12:44:22
31-Mar-19,12:44:22
31-Mar-19,12:44:22
31-Mar-19,12:44:22
31-Mar-19,12:44:22
31-Mar-19,12:44:22
31-Mar-19,12:44:22
31-Mar-19,12:44:22
31-Mar-19,12:44:22
31-Mar-19,12:44:22
31-Mar-19,12:44:22
31-Mar-19,12:44:22
31-Mar-19,12:44:22
31-Mar-19,12:44:22
31-Mar-19,12:44:22
31-Mar-19,12:44:22
31-Mar-19,12:44:22
31-Mar-19,12:44:22
31-Mar-19,12:44:22
31-Mar-19,12:44:22
31-Mar-19,12:44:22
31-Mar-19,12:44:22
31-Mar-19,12:44:22
31-Mar-19,12:44:22
31-Mar-19,12:44:22
31-Mar-19,12:44:22
31-Mar-19,12:44:22
31-Mar-19,12:44:22
31-Mar-19,12:44:22
31-Mar-19,12:44:22
31-Mar-19,12:44:22
31-Mar-19,12:44:22
31-Mar-19,12:44:22
31-Mar-19,12:44:22
31-Mar-19,12:44:22
31-Mar-19,12:44:22
31-Mar-19,12:44:22
31-Mar-19,12:44:22
31-Mar-19,12:44:22
31-Mar-19,12:44:22
31-Mar-19,12:44:22
31-Mar-19,12:44:22
31-Mar-19,12:44:22
31-Mar-19,12:44:22
31-Mar-19,12:44:22
31-Mar-19,12:44:22
31-Mar-19,12:44:22
31-Mar-19,12:44:23
31-Mar-19,12:44:23
31-Mar-19,12:44:23
31-Mar-19,12:44:23
31-Mar-19,12:44:23
31-Mar-19,12:44:23
31-Mar-19,12:44:23
31-Mar-19,12:44:23
31-Mar-19,12:44:23
31-Mar-19,12:44:23
31-Mar-19,12:44:23
31-Mar-19,12:44:23
31-Mar-19,12:44:23
31-Mar-19,12:44:23
31-Mar-19,12:44:23
31-Mar-19,12:44:23
31-Mar-19,12:44:23
31-Mar-19,12:44:23
31-Mar-19,12:44:23
31-Mar-19,12:44:23
31-Mar-19,12:44:23
31-Mar-19,12:44:23
31-Mar-19,12:44:23
31-Mar-19,12:44:23
31-Mar-19,12:44:23
31-Mar-19,12:44:23
31-Mar-19,12:44:23
31-Mar-19,12:44:23
31-Mar-19,12:44:23
31-Mar-19,12:44:23
31-Mar-19,12:44:23
31-Mar-19,12:44:23
31-Mar-19,12:44:23
31-Mar-19,12:44:23
31-Mar-19,12:44:23
31-Mar-19,12:44:23
31-Mar-19,12:44:23
31-Mar-19,12:44:23
31-Mar-19,12:44:23
31-Mar-19,12:44:23
31-Mar-19,12:44:23
31-Mar-19,12:44:23
31-Mar-19,12:44:23
31-Mar-19,12:44:23
31-Mar-19,12:44:23
31-Mar-19,12:44:23
31-Mar-19,12:44:23
31-Mar-19,12:44:23
31-Mar-19,12:44:23
31-Mar-19,12:44:23
31-Mar-19,12:44:23
31-Mar-19,12:44:23
31-Mar-19,12:44:23
31-Mar-19,12:44:23
31-Mar-19,12:44:23
31-Mar-19,12:44:23
31-Mar-19,12:44:23
31-Mar-19,12:44:23
31-Mar-19,12:44:23
31-Mar-19,12:44:23
31-Mar-19,12:44:23
31-Mar-19,12:44:23
31-Mar-19,12:44:23
31-Mar-19,12:44:23
31-Mar-19,12:44:23
31-Mar-19,12:44:23
31-Mar-19,12:44:23
31-Mar-19,12:44:23
31-Mar-19,12:44:23
31-Mar-19,12:44:23
31-Mar-19,12:44:23
31-Mar-19,12:44:23
31-Mar-19,12:44:23
31-Mar-19,12:44:23
31-Mar-19,12:44:23
31-Mar-19,12:44:23
31-Mar-19,12:44:23
31-Mar-19,12:44:23
31-Mar-19,12:44:23
31-Mar-19,12:44:23
31-Mar-19,12:44:23
31-Mar-19,12:44:23
31-Mar-19,12:44:23
31-Mar-19,12:44:23
31-Mar-19,12:44:23
31-Mar-19,12:44:23
31-Mar-19,12:44:23
31-Mar-19,12:44:23
31-Mar-19,12:44:23
31-Mar-19,12:44:23
31-Mar-19,12:44:23
31-Mar-19,12:44:23
31-Mar-19,12:44:23
31-Mar-19,12:44:23
31-Mar-19,12:44:23
31-Mar-19,12:44:23
31-Mar-19,12:44:23
31-Mar-19,12:44:24
31-Mar-19,12:44:24
31-Mar-19,12:44:24
31-Mar-19,12:44:24
31-Mar-19,12:44:24
31-Mar-19,12:44:24
31-Mar-19,12:44:24
31-Mar-19,12:44:24
31-Mar-19,12:44:24
31-Mar-19,12:44:24
31-Mar-19,12:44:24
31-Mar-19,12:44:24
31-Mar-19,12:44:24
31-Mar-19,12:44:24
31-Mar-19,12:44:24
31-Mar-19,12:44:24
31-Mar-19,12:44:24
31-Mar-19,12:44:24
31-Mar-19,12:44:24
31-Mar-19,12:44:24
31-Mar-19,12:44:24
31-Mar-19,12:44:24
31-Mar-19,12:44:24
31-Mar-19,12:44:24
31-Mar-19,12:44:24
31-Mar-19,12:44:24
31-Mar-19,12:44:24
31-Mar-19,12:44:24
31-Mar-19,12:44:24
31-Mar-19,12:44:24
31-Mar-19,12:44:24
31-Mar-19,12:44:24
31-Mar-19,12:44:24
31-Mar-19,12:44:24
31-Mar-19,12:44:24
31-Mar-19,12:44:24
31-Mar-19,12:44:24
31-Mar-19,12:44:24
31-Mar-19,12:44:24
31-Mar-19,12:44:24
31-Mar-19,12:44:24
31-Mar-19,12:44:24
31-Mar-19,12:44:24
31-Mar-19,12:44:24
31-Mar-19,12:44:24
31-Mar-19,12:44:24
31-Mar-19,12:44:24
31-Mar-19,12:44:24
31-Mar-19,12:44:24
31-Mar-19,12:44:24
31-Mar-19,12:44:24
31-Mar-19,12:44:24
31-Mar-19,12:44:24
31-Mar-19,12:44:24
31-Mar-19,12:44:24
31-Mar-19,12:44:24
31-Mar-19,12:44:24
31-Mar-19,12:44:24
31-Mar-19,12:44:24
31-Mar-19,12:44:24
31-Mar-19,12:44:24
31-Mar-19,12:44:24
31-Mar-19,12:44:24
31-Mar-19,12:44:24
31-Mar-19,12:44:24
31-Mar-19,12:44:24
31-Mar-19,12:44:24
31-Mar-19,12:44:24
31-Mar-19,12:44:24
31-Mar-19,12:44:24
31-Mar-19,12:44:24
31-Mar-19,12:44:24
31-Mar-19,12:44:24
31-Mar-19,12:44:24
31-Mar-19,12:44:24
31-Mar-19,12:44:24
31-Mar-19,12:44:24
31-Mar-19,12:44:24
31-Mar-19,12:44:24
31-Mar-19,12:44:24
31-Mar-19,12:44:24
31-Mar-19,12:44:24
31-Mar-19,12:44:24
31-Mar-19,12:44:24
31-Mar-19,12:44:24
31-Mar-19,12:44:25
31-Mar-19,12:44:25
31-Mar-19,12:44:25
31-Mar-19,12:44:25
31-Mar-19,12:44:25
31-Mar-19,12:44:25
31-Mar-19,12:44:25
31-Mar-19,12:44:25
31-Mar-19,12:44:25
31-Mar-19,12:44:25
31-Mar-19,12:44:25
31-Mar-19,12:44:25
31-Mar-19,12:44:25
31-Mar-19,12:44:25
31-Mar-19,12:44:25
31-Mar-19,12:44:25
31-Mar-19,12:44:25
31-Mar-19,12:44:25
31-Mar-19,12:44:25
31-Mar-19,12:44:25
31-Mar-19,12:44:25
31-Mar-19,12:44:25
31-Mar-19,12:44:25
31-Mar-19,12:44:25
31-Mar-19,12:44:25
31-Mar-19,12:44:25
31-Mar-19,12:44:25
31-Mar-19,12:44:25
31-Mar-19,12:44:25
31-Mar-19,12:44:25
31-Mar-19,12:44:25
31-Mar-19,12:44:25
31-Mar-19,12:44:25
31-Mar-19,12:44:25
31-Mar-19,12:44:25
31-Mar-19,12:44:25
31-Mar-19,12:44:25
31-Mar-19,12:44:25
31-Mar-19,12:44:25
31-Mar-19,12:44:25
31-Mar-19,12:44:25
31-Mar-19,12:44:25
31-Mar-19,12:44:25
31-Mar-19,12:44:25
31-Mar-19,12:44:25
31-Mar-19,12:44:25
31-Mar-19,12:44:25
31-Mar-19,12:44:25
31-Mar-19,12:44:25
31-Mar-19,12:44:25
31-Mar-19,12:44:25
31-Mar-19,12:44:25
31-Mar-19,12:44:25
31-Mar-19,12:44:25
31-Mar-19,12:44:25
31-Mar-19,12:44:25
31-Mar-19,12:44:25
31-Mar-19,12:44:25
31-Mar-19,12:44:25
31-Mar-19,12:44:25
31-Mar-19,12:44:25
31-Mar-19,12:44:25
31-Mar-19,12:44:25
31-Mar-19,12:44:25
31-Mar-19,12:44:25
31-Mar-19,12:44:25
31-Mar-19,12:44:25
31-Mar-19,12:44:25
31-Mar-19,12:44:25
31-Mar-19,12:44:25
31-Mar-19,12:44:25
31-Mar-19,12:44:25
31-Mar-19,12:44:25
31-Mar-19,12:44:25
31-Mar-19,12:44:25
31-Mar-19,12:44:25
31-Mar-19,12:44:25
31-Mar-19,12:44:25
31-Mar-19,12:44:25
31-Mar-19,12:44:25
31-Mar-19,12:44:25
31-Mar-19,12:44:25
31-Mar-19,12:44:25
31-Mar-19,12:44:25
31-Mar-19,12:44:25
31-Mar-19,12:44:25
31-Mar-19,12:44:25
31-Mar-19,12:44:25
31-Mar-19,12:44:25
31-Mar-19,12:44:25
31-Mar-19,12:44:25
31-Mar-19,12:44:25
31-Mar-19,12:44:25
31-Mar-19,12:44:25
31-Mar-19,12:44:25
31-Mar-19,12:44:25
31-Mar-19,12:44:25
31-Mar-19,12:44:26
31-Mar-19,12:44:26
31-Mar-19,12:44:26
31-Mar-19,12:44:26
31-Mar-19,12:44:26
31-Mar-19,12:44:26
31-Mar-19,12:44:26
31-Mar-19,12:44:26
31-Mar-19,12:44:26
31-Mar-19,12:44:26
31-Mar-19,12:44:26
31-Mar-19,12:44:26
31-Mar-19,12:44:26
31-Mar-19,12:44:26
31-Mar-19,12:44:26
31-Mar-19,12:44:26
31-Mar-19,12:44:26
31-Mar-19,12:44:26
31-Mar-19,12:44:26
31-Mar-19,12:44:26
31-Mar-19,12:44:26
31-Mar-19,12:44:26
31-Mar-19,12:44:26
31-Mar-19,12:44:26
31-Mar-19,12:44:26
31-Mar-19,12:44:26
31-Mar-19,12:44:26
31-Mar-19,12:44:26
31-Mar-19,12:44:26
31-Mar-19,12:44:26
31-Mar-19,12:44:26
31-Mar-19,12:44:26
31-Mar-19,12:44:26
31-Mar-19,12:44:26
31-Mar-19,12:44:26
31-Mar-19,12:44:26
31-Mar-19,12:44:26
31-Mar-19,12:44:26
31-Mar-19,12:44:26
31-Mar-19,12:44:26
31-Mar-19,12:44:26
31-Mar-19,12:44:26
31-Mar-19,12:44:26
31-Mar-19,12:44:26
31-Mar-19,12:44:26
31-Mar-19,12:44:26
31-Mar-19,12:44:26
31-Mar-19,12:44:26
31-Mar-19,12:44:26
31-Mar-19,12:44:26
31-Mar-19,12:44:26
31-Mar-19,12:44:26
31-Mar-19,12:44:26
31-Mar-19,12:44:26
31-Mar-19,12:44:26
31-Mar-19,12:44:26
31-Mar-19,12:44:26
31-Mar-19,12:44:26
31-Mar-19,12:44:26
31-Mar-19,12:44:26
31-Mar-19,12:44:26
31-Mar-19,12:44:26
31-Mar-19,12:44:26
31-Mar-19,12:44:26
31-Mar-19,12:44:26
31-Mar-19,12:44:26
31-Mar-19,12:44:26
31-Mar-19,12:44:26
31-Mar-19,12:44:26
31-Mar-19,12:44:26
31-Mar-19,12:44:26
31-Mar-19,12:44:26
31-Mar-19,12:44:26
31-Mar-19,12:44:26
31-Mar-19,12:44:26
31-Mar-19,12:44:26
31-Mar-19,12:44:26
31-Mar-19,12:44:26
31-Mar-19,12:44:26
31-Mar-19,12:44:26
31-Mar-19,12:44:26
31-Mar-19,12:44:26
31-Mar-19,12:44:27
31-Mar-19,12:44:27
31-Mar-19,12:44:27
31-Mar-19,12:44:27
31-Mar-19,12:44:27
31-Mar-19,12:44:27
31-Mar-19,12:44:27
31-Mar-19,12:44:27
31-Mar-19,12:44:27
31-Mar-19,12:44:27
31-Mar-19,12:44:27
31-Mar-19,12:44:27
31-Mar-19,12:44:27
31-Mar-19,12:44:27
31-Mar-19,12:44:27
31-Mar-19,12:44:27
31-Mar-19,12:44:27
31-Mar-19,12:44:27
31-Mar-19,12:44:27
31-Mar-19,12:44:27
31-Mar-19,12:44:27
31-Mar-19,12:44:27
31-Mar-19,12:44:27
31-Mar-19,12:44:27
31-Mar-19,12:44:27
31-Mar-19,12:44:27
31-Mar-19,12:44:27
31-Mar-19,12:44:27
31-Mar-19,12:44:27
31-Mar-19,12:44:27
31-Mar-19,12:44:27
31-Mar-19,12:44:27
31-Mar-19,12:44:27
31-Mar-19,12:44:27
31-Mar-19,12:44:27
31-Mar-19,12:44:27
31-Mar-19,12:44:27
31-Mar-19,12:44:27
31-Mar-19,12:44:27
31-Mar-19,12:44:27
31-Mar-19,12:44:27
31-Mar-19,12:44:27
31-Mar-19,12:44:27
31-Mar-19,12:44:27
31-Mar-19,12:44:27
31-Mar-19,12:44:27
31-Mar-19,12:44:27
31-Mar-19,12:44:27
31-Mar-19,12:44:27
31-Mar-19,12:44:27
31-Mar-19,12:44:27
31-Mar-19,12:44:27
31-Mar-19,12:44:27
31-Mar-19,12:44:27
31-Mar-19,12:44:27
31-Mar-19,12:44:27
31-Mar-19,12:44:27
31-Mar-19,12:44:27
31-Mar-19,12:44:27
31-Mar-19,12:44:27
31-Mar-19,12:44:27
31-Mar-19,12:44:27
31-Mar-19,12:44:27
31-Mar-19,12:44:27
31-Mar-19,12:44:27
31-Mar-19,12:44:27
31-Mar-19,12:44:27
31-Mar-19,12:44:27
31-Mar-19,12:44:27
31-Mar-19,12:44:27
31-Mar-19,12:44:27
31-Mar-19,12:44:27
31-Mar-19,12:44:27
31-Mar-19,12:44:27
31-Mar-19,12:44:27
31-Mar-19,12:44:27
31-Mar-19,12:44:27
31-Mar-19,12:44:27
31-Mar-19,12:44:27
31-Mar-19,12:44:27
31-Mar-19,12:44:27
31-Mar-19,12:44:27
31-Mar-19,12:44:27
31-Mar-19,12:44:27
31-Mar-19,12:44:27
31-Mar-19,12:44:27
31-Mar-19,12:44:27
31-Mar-19,12:44:27
31-Mar-19,12:44:27
31-Mar-19,12:44:27
31-Mar-19,12:44:27
31-Mar-19,12:44:28
31-Mar-19,12:44:28
31-Mar-19,12:44:28
31-Mar-19,12:44:28
31-Mar-19,12:44:28
31-Mar-19,12:44:28
31-Mar-19,12:44:28
31-Mar-19,12:44:28
31-Mar-19,12:44:28
31-Mar-19,12:44:28
31-Mar-19,12:44:28
31-Mar-19,12:44:28
31-Mar-19,12:44:28
31-Mar-19,12:44:28
31-Mar-19,12:44:28
31-Mar-19,12:44:28
31-Mar-19,12:44:28
31-Mar-19,12:44:28
31-Mar-19,12:44:28
31-Mar-19,12:44:28
31-Mar-19,12:44:28
31-Mar-19,12:44:28
31-Mar-19,12:44:28
31-Mar-19,12:44:28
31-Mar-19,12:44:28
31-Mar-19,12:44:28
31-Mar-19,12:44:28
31-Mar-19,12:44:28
31-Mar-19,12:44:28
31-Mar-19,12:44:28
31-Mar-19,12:44:28
31-Mar-19,12:44:28
31-Mar-19,12:44:28
31-Mar-19,12:44:28
31-Mar-19,12:44:28
31-Mar-19,12:44:28
31-Mar-19,12:44:28
31-Mar-19,12:44:28
31-Mar-19,12:44:28
31-Mar-19,12:44:28
31-Mar-19,12:44:28
31-Mar-19,12:44:28
31-Mar-19,12:44:28
31-Mar-19,12:44:28
31-Mar-19,12:44:28
31-Mar-19,12:44:28
31-Mar-19,12:44:28
31-Mar-19,12:44:28
31-Mar-19,12:44:28
31-Mar-19,12:44:28
31-Mar-19,12:44:28
31-Mar-19,12:44:28
31-Mar-19,12:44:28
31-Mar-19,12:44:28
31-Mar-19,12:44:28
31-Mar-19,12:44:28
31-Mar-19,12:44:28
31-Mar-19,12:44:28
31-Mar-19,12:44:28
31-Mar-19,12:44:28
31-Mar-19,12:44:28
31-Mar-19,12:44:28
31-Mar-19,12:44:28
31-Mar-19,12:44:28
31-Mar-19,12:44:28
31-Mar-19,12:44:28
31-Mar-19,12:44:28
31-Mar-19,12:44:28
31-Mar-19,12:44:28
31-Mar-19,12:44:28
31-Mar-19,12:44:28
31-Mar-19,12:44:28
31-Mar-19,12:44:28
31-Mar-19,12:44:28
31-Mar-19,12:44:28
31-Mar-19,12:44:28
31-Mar-19,12:44:28
31-Mar-19,12:44:28
31-Mar-19,12:44:28
31-Mar-19,12:44:28
31-Mar-19,12:44:28
31-Mar-19,12:44:28
31-Mar-19,12:44:28
31-Mar-19,12:44:28
31-Mar-19,12:44:28
31-Mar-19,12:44:28
31-Mar-19,12:44:28
31-Mar-19,12:44:28
31-Mar-19,12:44:28
31-Mar-19,12:44:28
31-Mar-19,12:44:28
31-Mar-19,12:44:28
31-Mar-19,12:44:28
31-Mar-19,12:44:28
31-Mar-19,12:44:28
31-Mar-19,12:44:28
31-Mar-19,12:44:28
31-Mar-19,12:44:28
31-Mar-19,12:44:28
31-Mar-19,12:44:28
31-Mar-19,12:44:28
31-Mar-19,12:44:29
31-Mar-19,12:44:29
31-Mar-19,12:44:29
31-Mar-19,12:44:29
31-Mar-19,12:44:29
31-Mar-19,12:44:29
31-Mar-19,12:44:29
31-Mar-19,12:44:29
31-Mar-19,12:44:29
31-Mar-19,12:44:29
31-Mar-19,12:44:29
31-Mar-19,12:44:29
31-Mar-19,12:44:29
31-Mar-19,12:44:29
31-Mar-19,12:44:29
31-Mar-19,12:44:29
31-Mar-19,12:44:29
31-Mar-19,12:44:29
31-Mar-19,12:44:29
31-Mar-19,12:44:29
31-Mar-19,12:44:29
31-Mar-19,12:44:29
31-Mar-19,12:44:29
31-Mar-19,12:44:29
31-Mar-19,12:44:29
31-Mar-19,12:44:29
31-Mar-19,12:44:29
31-Mar-19,12:44:29
31-Mar-19,12:44:29
31-Mar-19,12:44:29
31-Mar-19,12:44:29
31-Mar-19,12:44:29
31-Mar-19,12:44:29
31-Mar-19,12:44:29
31-Mar-19,12:44:29
31-Mar-19,12:44:29
31-Mar-19,12:44:29
31-Mar-19,12:44:29
31-Mar-19,12:44:29
31-Mar-19,12:44:29
31-Mar-19,12:44:29
31-Mar-19,12:44:29
31-Mar-19,12:44:29
31-Mar-19,12:44:29
31-Mar-19,12:44:29
31-Mar-19,12:44:29
31-Mar-19,12:44:29
31-Mar-19,12:44:29
31-Mar-19,12:44:29
31-Mar-19,12:44:29
31-Mar-19,12:44:29
31-Mar-19,12:44:29
31-Mar-19,12:44:29
31-Mar-19,12:44:29
31-Mar-19,12:44:29
31-Mar-19,12:44:29
31-Mar-19,12:44:29
31-Mar-19,12:44:29
31-Mar-19,12:44:29
31-Mar-19,12:44:29
31-Mar-19,12:44:29
31-Mar-19,12:44:29
31-Mar-19,12:44:29
31-Mar-19,12:44:29
31-Mar-19,12:44:29
31-Mar-19,12:44:29
31-Mar-19,12:44:29
31-Mar-19,12:44:29
31-Mar-19,12:44:29
31-Mar-19,12:44:29
31-Mar-19,12:44:29
31-Mar-19,12:44:29
31-Mar-19,12:44:29
31-Mar-19,12:44:29
31-Mar-19,12:44:29
31-Mar-19,12:44:29
31-Mar-19,12:44:29
31-Mar-19,12:44:29
31-Mar-19,12:44:29
31-Mar-19,12:44:29
31-Mar-19,12:44:29
31-Mar-19,12:44:29
31-Mar-19,12:44:29
31-Mar-19,12:44:29
31-Mar-19,12:44:29
31-Mar-19,12:44:29
31-Mar-19,12:44:30
31-Mar-19,12:44:30
31-Mar-19,12:44:30
31-Mar-19,12:44:30
31-Mar-19,12:44:30
31-Mar-19,12:44:30
31-Mar-19,12:44:30
31-Mar-19,12:44:30
31-Mar-19,12:44:30
31-Mar-19,12:44:30
31-Mar-19,12:44:30
31-Mar-19,12:44:30
31-Mar-19,12:44:30
31-Mar-19,12:44:30
31-Mar-19,12:44:30
31-Mar-19,12:44:30
31-Mar-19,12:44:30
31-Mar-19,12:44:30
31-Mar-19,12:44:30
31-Mar-19,12:44:30
31-Mar-19,12:44:30
31-Mar-19,12:44:30
31-Mar-19,12:44:30
31-Mar-19,12:44:30
31-Mar-19,12:44:30
31-Mar-19,12:44:30
31-Mar-19,12:44:30
31-Mar-19,12:44:30
31-Mar-19,12:44:30
31-Mar-19,12:44:30
31-Mar-19,12:44:30
31-Mar-19,12:44:30
31-Mar-19,12:44:30
31-Mar-19,12:44:30
31-Mar-19,12:44:30
31-Mar-19,12:44:30
31-Mar-19,12:44:30
31-Mar-19,12:44:30
31-Mar-19,12:44:30
31-Mar-19,12:44:30
31-Mar-19,12:44:30
31-Mar-19,12:44:30
31-Mar-19,12:44:30
31-Mar-19,12:44:30
31-Mar-19,12:44:30
31-Mar-19,12:44:30
31-Mar-19,12:44:30
31-Mar-19,12:44:30
31-Mar-19,12:44:30
31-Mar-19,12:44:30
31-Mar-19,12:44:30
31-Mar-19,12:44:30
31-Mar-19,12:44:30
31-Mar-19,12:44:30
31-Mar-19,12:44:30
31-Mar-19,12:44:30
31-Mar-19,12:44:30
31-Mar-19,12:44:30
31-Mar-19,12:44:30
31-Mar-19,12:44:30
31-Mar-19,12:44:30
31-Mar-19,12:44:30
31-Mar-19,12:44:30
31-Mar-19,12:44:30
31-Mar-19,12:44:30
31-Mar-19,12:44:30
31-Mar-19,12:44:30
31-Mar-19,12:44:30
31-Mar-19,12:44:30
31-Mar-19,12:44:30
31-Mar-19,12:44:30
31-Mar-19,12:44:30
31-Mar-19,12:44:30
31-Mar-19,12:44:30
31-Mar-19,12:44:30
31-Mar-19,12:44:30
31-Mar-19,12:44:30
31-Mar-19,12:44:30
31-Mar-19,12:44:30
31-Mar-19,12:44:30
31-Mar-19,12:44:30
31-Mar-19,12:44:30
31-Mar-19,12:44:30
31-Mar-19,12:44:30
31-Mar-19,12:44:30
31-Mar-19,12:44:30
31-Mar-19,12:44:30
31-Mar-19,12:44:30
31-Mar-19,12:44:30
31-Mar-19,12:44:30
31-Mar-19,12:44:30
31-Mar-19,12:44:30
31-Mar-19,12:44:30
31-Mar-19,12:44:30
31-Mar-19,12:44:30
31-Mar-19,12:44:30
31-Mar-19,12:44:30
31-Mar-19,12:44:30
31-Mar-19,12:44:31
31-Mar-19,12:44:31
31-Mar-19,12:44:31
31-Mar-19,12:44:31
31-Mar-19,12:44:31
31-Mar-19,12:44:31
31-Mar-19,12:44:31
31-Mar-19,12:44:31
31-Mar-19,12:44:31
31-Mar-19,12:44:31
31-Mar-19,12:44:31
31-Mar-19,12:44:31
31-Mar-19,12:44:31
31-Mar-19,12:44:31
31-Mar-19,12:44:31
31-Mar-19,12:44:31
31-Mar-19,12:44:31
31-Mar-19,12:44:31
31-Mar-19,12:44:31
31-Mar-19,12:44:31
31-Mar-19,12:44:31
31-Mar-19,12:44:31
31-Mar-19,12:44:31
31-Mar-19,12:44:31
31-Mar-19,12:44:31
31-Mar-19,12:44:31
31-Mar-19,12:44:31
31-Mar-19,12:44:31
31-Mar-19,12:44:31
31-Mar-19,12:44:31
31-Mar-19,12:44:31
31-Mar-19,12:44:31
31-Mar-19,12:44:31
31-Mar-19,12:44:31
31-Mar-19,12:44:31
31-Mar-19,12:44:31
31-Mar-19,12:44:31
31-Mar-19,12:44:31
31-Mar-19,12:44:31
31-Mar-19,12:44:31
31-Mar-19,12:44:31
31-Mar-19,12:44:31
31-Mar-19,12:44:31
31-Mar-19,12:44:31
31-Mar-19,12:44:31
31-Mar-19,12:44:31
31-Mar-19,12:44:31
31-Mar-19,12:44:31
31-Mar-19,12:44:31
31-Mar-19,12:44:31
31-Mar-19,12:44:31
31-Mar-19,12:44:31
31-Mar-19,12:44:31
31-Mar-19,12:44:31
31-Mar-19,12:44:31
31-Mar-19,12:44:31
31-Mar-19,12:44:31
31-Mar-19,12:44:31
31-Mar-19,12:44:31
31-Mar-19,12:44:31
31-Mar-19,12:44:31
31-Mar-19,12:44:31
31-Mar-19,12:44:31
31-Mar-19,12:44:31
31-Mar-19,12:44:31
31-Mar-19,12:44:31
31-Mar-19,12:44:31
31-Mar-19,12:44:31
31-Mar-19,12:44:31
31-Mar-19,12:44:31
31-Mar-19,12:44:31
31-Mar-19,12:44:31
31-Mar-19,12:44:31
31-Mar-19,12:44:31
31-Mar-19,12:44:31
31-Mar-19,12:44:31
31-Mar-19,12:44:31
31-Mar-19,12:44:31
31-Mar-19,12:44:31
31-Mar-19,12:44:31
31-Mar-19,12:44:31
31-Mar-19,12:44:31
31-Mar-19,12:44:31
31-Mar-19,12:44:32
31-Mar-19,12:44:32
31-Mar-19,12:44:32
31-Mar-19,12:44:32
31-Mar-19,12:44:32
31-Mar-19,12:44:32
31-Mar-19,12:44:32
31-Mar-19,12:44:32
31-Mar-19,12:44:32
31-Mar-19,12:44:32
31-Mar-19,12:44:32
31-Mar-19,12:44:32
31-Mar-19,12:44:32
31-Mar-19,12:44:32
31-Mar-19,12:44:32
31-Mar-19,12:44:32
31-Mar-19,12:44:32
31-Mar-19,12:44:32
31-Mar-19,12:44:32
31-Mar-19,12:44:32
31-Mar-19,12:44:32
31-Mar-19,12:44:32
31-Mar-19,12:44:32
31-Mar-19,12:44:32
31-Mar-19,12:44:32
31-Mar-19,12:44:32
31-Mar-19,12:44:32
31-Mar-19,12:44:32
31-Mar-19,12:44:32
31-Mar-19,12:44:32
31-Mar-19,12:44:32
31-Mar-19,12:44:32
31-Mar-19,12:44:32
31-Mar-19,12:44:32
31-Mar-19,12:44:32
31-Mar-19,12:44:32
31-Mar-19,12:44:32
31-Mar-19,12:44:32
31-Mar-19,12:44:32
31-Mar-19,12:44:32
31-Mar-19,12:44:32
31-Mar-19,12:44:32
31-Mar-19,12:44:32
31-Mar-19,12:44:32
31-Mar-19,12:44:32
31-Mar-19,12:44:32
31-Mar-19,12:44:32
31-Mar-19,12:44:32
31-Mar-19,12:44:32
31-Mar-19,12:44:32
31-Mar-19,12:44:32
31-Mar-19,12:44:32
31-Mar-19,12:44:32
31-Mar-19,12:44:32
31-Mar-19,12:44:32
31-Mar-19,12:44:32
31-Mar-19,12:44:32
31-Mar-19,12:44:32
31-Mar-19,12:44:32
31-Mar-19,12:44:32
31-Mar-19,12:44:32
31-Mar-19,12:44:32
31-Mar-19,12:44:32
31-Mar-19,12:44:32
31-Mar-19,12:44:32
31-Mar-19,12:44:32
31-Mar-19,12:44:32
31-Mar-19,12:44:32
31-Mar-19,12:44:32
31-Mar-19,12:44:32
31-Mar-19,12:44:32
31-Mar-19,12:44:32
31-Mar-19,12:44:32
31-Mar-19,12:44:32
31-Mar-19,12:44:32
31-Mar-19,12:44:32
31-Mar-19,12:44:32
31-Mar-19,12:44:32
31-Mar-19,12:44:32
31-Mar-19,12:44:32
31-Mar-19,12:44:32
31-Mar-19,12:44:32
31-Mar-19,12:44:32
31-Mar-19,12:44:32
31-Mar-19,12:44:32
31-Mar-19,12:44:32
31-Mar-19,12:44:32
31-Mar-19,12:44:32
31-Mar-19,12:44:32
31-Mar-19,12:44:32
31-Mar-19,12:44:32
31-Mar-19,12:44:32
31-Mar-19,12:44:33
31-Mar-19,12:44:33
31-Mar-19,12:44:33
31-Mar-19,12:44:33
31-Mar-19,12:44:33
31-Mar-19,12:44:33
31-Mar-19,12:44:33
31-Mar-19,12:44:33
31-Mar-19,12:44:33
31-Mar-19,12:44:33
31-Mar-19,12:44:33
31-Mar-19,12:44:33
31-Mar-19,12:44:33
31-Mar-19,12:44:33
31-Mar-19,12:44:33
31-Mar-19,12:44:33
31-Mar-19,12:44:33
31-Mar-19,12:44:33
31-Mar-19,12:44:33
31-Mar-19,12:44:33
31-Mar-19,12:44:33
31-Mar-19,12:44:33
31-Mar-19,12:44:33
31-Mar-19,12:44:33
31-Mar-19,12:44:33
31-Mar-19,12:44:33
31-Mar-19,12:44:33
31-Mar-19,12:44:33
31-Mar-19,12:44:33
31-Mar-19,12:44:33
31-Mar-19,12:44:33
31-Mar-19,12:44:33
31-Mar-19,12:44:33
31-Mar-19,12:44:33
31-Mar-19,12:44:33
31-Mar-19,12:44:33
31-Mar-19,12:44:33
31-Mar-19,12:44:33
31-Mar-19,12:44:33
31-Mar-19,12:44:33
31-Mar-19,12:44:33
31-Mar-19,12:44:33
31-Mar-19,12:44:33
31-Mar-19,12:44:33
31-Mar-19,12:44:33
31-Mar-19,12:44:33
31-Mar-19,12:44:33
31-Mar-19,12:44:33
31-Mar-19,12:44:33
31-Mar-19,12:44:33
31-Mar-19,12:44:33
31-Mar-19,12:44:33
31-Mar-19,12:44:33
31-Mar-19,12:44:33
31-Mar-19,12:44:33
31-Mar-19,12:44:33
31-Mar-19,12:44:33
31-Mar-19,12:44:33
31-Mar-19,12:44:33
31-Mar-19,12:44:33
31-Mar-19,12:44:33
31-Mar-19,12:44:33
31-Mar-19,12:44:33
31-Mar-19,12:44:33
31-Mar-19,12:44:33
31-Mar-19,12:44:33
31-Mar-19,12:44:33
31-Mar-19,12:44:33
31-Mar-19,12:44:33
31-Mar-19,12:44:33
31-Mar-19,12:44:33
31-Mar-19,12:44:33
31-Mar-19,12:44:33
31-Mar-19,12:44:33
31-Mar-19,12:44:33
31-Mar-19,12:44:33
31-Mar-19,12:44:33
31-Mar-19,12:44:33
31-Mar-19,12:44:33
31-Mar-19,12:44:33
31-Mar-19,12:44:33
31-Mar-19,12:44:33
31-Mar-19,12:44:33
31-Mar-19,12:44:33
31-Mar-19,12:44:33
31-Mar-19,12:44:33
31-Mar-19,12:44:33
31-Mar-19,12:44:33
31-Mar-19,12:44:33
31-Mar-19,12:44:33
31-Mar-19,12:44:33
31-Mar-19,12:44:33
31-Mar-19,12:44:33
31-Mar-19,12:44:33
31-Mar-19,12:44:33
31-Mar-19,12:44:33
31-Mar-19,12:44:33
31-Mar-19,12:44:33
31-Mar-19,12:44:33
31-Mar-19,12:44:33
31-Mar-19,12:44:33
31-Mar-19,12:44:33
31-Mar-19,12:44:34
31-Mar-19,12:44:34
31-Mar-19,12:44:34
31-Mar-19,12:44:34
31-Mar-19,12:44:34
31-Mar-19,12:44:34
31-Mar-19,12:44:34
31-Mar-19,12:44:34
31-Mar-19,12:44:34
31-Mar-19,12:44:34
31-Mar-19,12:44:34
31-Mar-19,12:44:34
31-Mar-19,12:44:34
31-Mar-19,12:44:34
31-Mar-19,12:44:34
31-Mar-19,12:44:34
31-Mar-19,12:44:34
31-Mar-19,12:44:34
31-Mar-19,12:44:34
31-Mar-19,12:44:34
31-Mar-19,12:44:34
31-Mar-19,12:44:34
31-Mar-19,12:44:34
31-Mar-19,12:44:34
31-Mar-19,12:44:34
31-Mar-19,12:44:34
31-Mar-19,12:44:34
31-Mar-19,12:44:34
31-Mar-19,12:44:34
31-Mar-19,12:44:34
31-Mar-19,12:44:34
31-Mar-19,12:44:34
31-Mar-19,12:44:34
31-Mar-19,12:44:34
31-Mar-19,12:44:34
31-Mar-19,12:44:34
31-Mar-19,12:44:34
31-Mar-19,12:44:34
31-Mar-19,12:44:34
31-Mar-19,12:44:34
31-Mar-19,12:44:34
31-Mar-19,12:44:34
31-Mar-19,12:44:34
31-Mar-19,12:44:34
31-Mar-19,12:44:34
31-Mar-19,12:44:34
31-Mar-19,12:44:34
31-Mar-19,12:44:34
31-Mar-19,12:44:34
31-Mar-19,12:44:34
31-Mar-19,12:44:34
31-Mar-19,12:44:34
31-Mar-19,12:44:34
31-Mar-19,12:44:34
31-Mar-19,12:44:34
31-Mar-19,12:44:34
31-Mar-19,12:44:34
31-Mar-19,12:44:34
31-Mar-19,12:44:34
31-Mar-19,12:44:34
31-Mar-19,12:44:34
31-Mar-19,12:44:34
31-Mar-19,12:44:34
31-Mar-19,12:44:34
31-Mar-19,12:44:34
31-Mar-19,12:44:34
31-Mar-19,12:44:34
31-Mar-19,12:44:34
31-Mar-19,12:44:34
31-Mar-19,12:44:34
31-Mar-19,12:44:34
31-Mar-19,12:44:34
31-Mar-19,12:44:34
31-Mar-19,12:44:34
31-Mar-19,12:44:34
31-Mar-19,12:44:34
31-Mar-19,12:44:34
31-Mar-19,12:44:34
31-Mar-19,12:44:34
31-Mar-19,12:44:34
31-Mar-19,12:44:34
31-Mar-19,12:44:34
31-Mar-19,12:44:34
31-Mar-19,12:44:34
31-Mar-19,12:44:34
31-Mar-19,12:44:34
31-Mar-19,12:44:34
31-Mar-19,12:44:35
31-Mar-19,12:44:35
31-Mar-19,12:44:35
31-Mar-19,12:44:35
31-Mar-19,12:44:35
31-Mar-19,12:44:35
31-Mar-19,12:44:35
31-Mar-19,12:44:35
31-Mar-19,12:44:35
31-Mar-19,12:44:35
31-Mar-19,12:44:35
31-Mar-19,12:44:35
31-Mar-19,12:44:35
31-Mar-19,12:44:35
31-Mar-19,12:44:35
31-Mar-19,12:44:35
31-Mar-19,12:44:35
31-Mar-19,12:44:35
31-Mar-19,12:44:35
31-Mar-19,12:44:35
31-Mar-19,12:44:35
31-Mar-19,12:44:35
31-Mar-19,12:44:35
31-Mar-19,12:44:35
31-Mar-19,12:44:35
31-Mar-19,12:44:35
31-Mar-19,12:44:35
31-Mar-19,12:44:35
31-Mar-19,12:44:35
31-Mar-19,12:44:35
31-Mar-19,12:44:35
31-Mar-19,12:44:35
31-Mar-19,12:44:35
31-Mar-19,12:44:35
31-Mar-19,12:44:35
31-Mar-19,12:44:35
31-Mar-19,12:44:35
31-Mar-19,12:44:35
31-Mar-19,12:44:35
31-Mar-19,12:44:35
31-Mar-19,12:44:35
31-Mar-19,12:44:35
31-Mar-19,12:44:35
31-Mar-19,12:44:35
31-Mar-19,12:44:35
31-Mar-19,12:44:35
31-Mar-19,12:44:35
31-Mar-19,12:44:35
31-Mar-19,12:44:35
31-Mar-19,12:44:35
31-Mar-19,12:44:35
31-Mar-19,12:44:35
31-Mar-19,12:44:35
31-Mar-19,12:44:35
31-Mar-19,12:44:35
31-Mar-19,12:44:35
31-Mar-19,12:44:35
31-Mar-19,12:44:35
31-Mar-19,12:44:35
31-Mar-19,12:44:35
31-Mar-19,12:44:35
31-Mar-19,12:44:35
31-Mar-19,12:44:35
31-Mar-19,12:44:35
31-Mar-19,12:44:35
31-Mar-19,12:44:35
31-Mar-19,12:44:35
31-Mar-19,12:44:35
31-Mar-19,12:44:35
31-Mar-19,12:44:35
31-Mar-19,12:44:35
31-Mar-19,12:44:35
31-Mar-19,12:44:35
31-Mar-19,12:44:35
31-Mar-19,12:44:35
31-Mar-19,12:44:35
31-Mar-19,12:44:35
31-Mar-19,12:44:35
31-Mar-19,12:44:35
31-Mar-19,12:44:35
31-Mar-19,12:44:35
31-Mar-19,12:44:35
31-Mar-19,12:44:35
31-Mar-19,12:44:35
31-Mar-19,12:44:35
31-Mar-19,12:44:35
31-Mar-19,12:44:35
31-Mar-19,12:44:35
31-Mar-19,12:44:35
31-Mar-19,12:44:35
31-Mar-19,12:44:35
31-Mar-19,12:44:35
31-Mar-19,12:44:35
31-Mar-19,12:44:35
31-Mar-19,12:44:35
31-Mar-19,12:44:35
31-Mar-19,12:44:35
31-Mar-19,12:44:35
31-Mar-19,12:44:35
31-Mar-19,12:44:36
31-Mar-19,12:44:36
31-Mar-19,12:44:36
31-Mar-19,12:44:36
31-Mar-19,12:44:36
31-Mar-19,12:44:36
31-Mar-19,12:44:36
31-Mar-19,12:44:36
31-Mar-19,12:44:36
31-Mar-19,12:44:36
31-Mar-19,12:44:36
31-Mar-19,12:44:36
31-Mar-19,12:44:36
31-Mar-19,12:44:36
31-Mar-19,12:44:36
31-Mar-19,12:44:36
31-Mar-19,12:44:36
31-Mar-19,12:44:36
31-Mar-19,12:44:36
31-Mar-19,12:44:36
31-Mar-19,12:44:36
31-Mar-19,12:44:36
31-Mar-19,12:44:36
31-Mar-19,12:44:36
31-Mar-19,12:44:36
31-Mar-19,12:44:36
31-Mar-19,12:44:36
31-Mar-19,12:44:36
31-Mar-19,12:44:36
31-Mar-19,12:44:36
31-Mar-19,12:44:36
31-Mar-19,12:44:36
31-Mar-19,12:44:36
31-Mar-19,12:44:36
31-Mar-19,12:44:36
31-Mar-19,12:44:36
31-Mar-19,12:44:36
31-Mar-19,12:44:36
31-Mar-19,12:44:36
31-Mar-19,12:44:36
31-Mar-19,12:44:36
31-Mar-19,12:44:36
31-Mar-19,12:44:36
31-Mar-19,12:44:36
31-Mar-19,12:44:36
31-Mar-19,12:44:36
31-Mar-19,12:44:36
31-Mar-19,12:44:36
31-Mar-19,12:44:36
31-Mar-19,12:44:36
31-Mar-19,12:44:36
31-Mar-19,12:44:36
31-Mar-19,12:44:36
31-Mar-19,12:44:36
31-Mar-19,12:44:36
31-Mar-19,12:44:36
31-Mar-19,12:44:36
31-Mar-19,12:44:36
31-Mar-19,12:44:36
31-Mar-19,12:44:36
31-Mar-19,12:44:36
31-Mar-19,12:44:36
31-Mar-19,12:44:36
31-Mar-19,12:44:36
31-Mar-19,12:44:36
31-Mar-19,12:44:36
31-Mar-19,12:44:36
31-Mar-19,12:44:36
31-Mar-19,12:44:36
31-Mar-19,12:44:36
31-Mar-19,12:44:36
31-Mar-19,12:44:36
31-Mar-19,12:44:36
31-Mar-19,12:44:36
31-Mar-19,12:44:36
31-Mar-19,12:44:36
31-Mar-19,12:44:36
31-Mar-19,12:44:36
31-Mar-19,12:44:36
31-Mar-19,12:44:36
31-Mar-19,12:44:36
31-Mar-19,12:44:36
31-Mar-19,12:44:36
31-Mar-19,12:44:37
31-Mar-19,12:44:37
31-Mar-19,12:44:37
31-Mar-19,12:44:37
31-Mar-19,12:44:37
31-Mar-19,12:44:37
31-Mar-19,12:44:37
31-Mar-19,12:44:37
31-Mar-19,12:44:37
31-Mar-19,12:44:37
31-Mar-19,12:44:37
31-Mar-19,12:44:37
31-Mar-19,12:44:37
31-Mar-19,12:44:37
31-Mar-19,12:44:37
31-Mar-19,12:44:37
31-Mar-19,12:44:37
31-Mar-19,12:44:37
31-Mar-19,12:44:37
31-Mar-19,12:44:37
31-Mar-19,12:44:37
31-Mar-19,12:44:37
31-Mar-19,12:44:37
31-Mar-19,12:44:37
31-Mar-19,12:44:37
31-Mar-19,12:44:37
31-Mar-19,12:44:37
31-Mar-19,12:44:37
31-Mar-19,12:44:37
31-Mar-19,12:44:37
31-Mar-19,12:44:37
31-Mar-19,12:44:37
31-Mar-19,12:44:37
31-Mar-19,12:44:37
31-Mar-19,12:44:37
31-Mar-19,12:44:37
31-Mar-19,12:44:37
31-Mar-19,12:44:37
31-Mar-19,12:44:37
31-Mar-19,12:44:37
31-Mar-19,12:44:37
31-Mar-19,12:44:37
31-Mar-19,12:44:37
31-Mar-19,12:44:37
31-Mar-19,12:44:37
31-Mar-19,12:44:37
31-Mar-19,12:44:37
31-Mar-19,12:44:37
31-Mar-19,12:44:37
31-Mar-19,12:44:37
31-Mar-19,12:44:37
31-Mar-19,12:44:37
31-Mar-19,12:44:37
31-Mar-19,12:44:37
31-Mar-19,12:44:37
31-Mar-19,12:44:37
31-Mar-19,12:44:37
31-Mar-19,12:44:37
31-Mar-19,12:44:37
31-Mar-19,12:44:37
31-Mar-19,12:44:37
31-Mar-19,12:44:37
31-Mar-19,12:44:37
31-Mar-19,12:44:37
31-Mar-19,12:44:37
31-Mar-19,12:44:37
31-Mar-19,12:44:37
31-Mar-19,12:44:37
31-Mar-19,12:44:37
31-Mar-19,12:44:37
31-Mar-19,12:44:37
31-Mar-19,12:44:37
31-Mar-19,12:44:37
31-Mar-19,12:44:37
31-Mar-19,12:44:37
31-Mar-19,12:44:37
31-Mar-19,12:44:37
31-Mar-19,12:44:37
31-Mar-19,12:44:37
31-Mar-19,12:44:37
31-Mar-19,12:44:37
31-Mar-19,12:44:37
31-Mar-19,12:44:37
31-Mar-19,12:44:37
31-Mar-19,12:44:37
31-Mar-19,12:44:37
31-Mar-19,12:44:37
31-Mar-19,12:44:37
31-Mar-19,12:44:37
31-Mar-19,12:44:37
31-Mar-19,12:44:37
31-Mar-19,12:44:37
31-Mar-19,12:44:37
31-Mar-19,12:44:37
31-Mar-19,12:44:38
31-Mar-19,12:44:38
31-Mar-19,12:44:38
31-Mar-19,12:44:38
31-Mar-19,12:44:38
31-Mar-19,12:44:38
31-Mar-19,12:44:38
31-Mar-19,12:44:38
31-Mar-19,12:44:38
31-Mar-19,12:44:38
31-Mar-19,12:44:38
31-Mar-19,12:44:38
31-Mar-19,12:44:38
31-Mar-19,12:44:38
31-Mar-19,12:44:38
31-Mar-19,12:44:38
31-Mar-19,12:44:38
31-Mar-19,12:44:38
31-Mar-19,12:44:38
31-Mar-19,12:44:38
31-Mar-19,12:44:38
31-Mar-19,12:44:38
31-Mar-19,12:44:38
31-Mar-19,12:44:38
31-Mar-19,12:44:38
31-Mar-19,12:44:38
31-Mar-19,12:44:38
31-Mar-19,12:44:38
31-Mar-19,12:44:38
31-Mar-19,12:44:38
31-Mar-19,12:44:38
31-Mar-19,12:44:38
31-Mar-19,12:44:38
31-Mar-19,12:44:38
31-Mar-19,12:44:38
31-Mar-19,12:44:38
31-Mar-19,12:44:38
31-Mar-19,12:44:38
31-Mar-19,12:44:38
31-Mar-19,12:44:38
31-Mar-19,12:44:38
31-Mar-19,12:44:38
31-Mar-19,12:44:38
31-Mar-19,12:44:38
31-Mar-19,12:44:38
31-Mar-19,12:44:38
31-Mar-19,12:44:38
31-Mar-19,12:44:38
31-Mar-19,12:44:38
31-Mar-19,12:44:38
31-Mar-19,12:44:38
31-Mar-19,12:44:38
31-Mar-19,12:44:38
31-Mar-19,12:44:38
31-Mar-19,12:44:38
31-Mar-19,12:44:38
31-Mar-19,12:44:38
31-Mar-19,12:44:38
31-Mar-19,12:44:38
31-Mar-19,12:44:38
31-Mar-19,12:44:38
31-Mar-19,12:44:38
31-Mar-19,12:44:38
31-Mar-19,12:44:38
31-Mar-19,12:44:38
31-Mar-19,12:44:38
31-Mar-19,12:44:38
31-Mar-19,12:44:38
31-Mar-19,12:44:38
31-Mar-19,12:44:38
31-Mar-19,12:44:38
31-Mar-19,12:44:38
31-Mar-19,12:44:38
31-Mar-19,12:44:38
31-Mar-19,12:44:38
31-Mar-19,12:44:38
31-Mar-19,12:44:38
31-Mar-19,12:44:38
31-Mar-19,12:44:38
31-Mar-19,12:44:38
31-Mar-19,12:44:38
31-Mar-19,12:44:38
31-Mar-19,12:44:38
31-Mar-19,12:44:38
31-Mar-19,12:44:38
31-Mar-19,12:44:38
31-Mar-19,12:44:38
31-Mar-19,12:44:38
31-Mar-19,12:44:38
31-Mar-19,12:44:38
31-Mar-19,12:44:38
31-Mar-19,12:44:38
31-Mar-19,12:44:38
31-Mar-19,12:44:38
31-Mar-19,12:44:38
31-Mar-19,12:44:38
31-Mar-19,12:44:38
31-Mar-19,12:44:38
31-Mar-19,12:44:38
31-Mar-19,12:44:38
31-Mar-19,12:44:38
31-Mar-19,12:44:38
31-Mar-19,12:44:38
31-Mar-19,12:44:39
31-Mar-19,12:44:39
31-Mar-19,12:44:39
31-Mar-19,12:44:39
31-Mar-19,12:44:39
31-Mar-19,12:44:39
31-Mar-19,12:44:39
31-Mar-19,12:44:39
31-Mar-19,12:44:39
31-Mar-19,12:44:39
31-Mar-19,12:44:39
31-Mar-19,12:44:39
31-Mar-19,12:44:39
31-Mar-19,12:44:39
31-Mar-19,12:44:39
31-Mar-19,12:44:39
31-Mar-19,12:44:39
31-Mar-19,12:44:39
31-Mar-19,12:44:39
31-Mar-19,12:44:39
31-Mar-19,12:44:39
31-Mar-19,12:44:39
31-Mar-19,12:44:39
31-Mar-19,12:44:39
31-Mar-19,12:44:39
31-Mar-19,12:44:39
31-Mar-19,12:44:39
31-Mar-19,12:44:39
31-Mar-19,12:44:39
31-Mar-19,12:44:39
31-Mar-19,12:44:39
31-Mar-19,12:44:39
31-Mar-19,12:44:39
31-Mar-19,12:44:39
31-Mar-19,12:44:39
31-Mar-19,12:44:39
31-Mar-19,12:44:39
31-Mar-19,12:44:39
31-Mar-19,12:44:39
31-Mar-19,12:44:39
31-Mar-19,12:44:39
31-Mar-19,12:44:39
31-Mar-19,12:44:39
31-Mar-19,12:44:39
31-Mar-19,12:44:39
31-Mar-19,12:44:39
31-Mar-19,12:44:39
31-Mar-19,12:44:39
31-Mar-19,12:44:39
31-Mar-19,12:44:39
31-Mar-19,12:44:39
31-Mar-19,12:44:39
31-Mar-19,12:44:39
31-Mar-19,12:44:39
31-Mar-19,12:44:39
31-Mar-19,12:44:39
31-Mar-19,12:44:39
31-Mar-19,12:44:39
31-Mar-19,12:44:39
31-Mar-19,12:44:39
31-Mar-19,12:44:39
31-Mar-19,12:44:39
31-Mar-19,12:44:39
31-Mar-19,12:44:39
31-Mar-19,12:44:39
31-Mar-19,12:44:39
31-Mar-19,12:44:39
31-Mar-19,12:44:39
31-Mar-19,12:44:39
31-Mar-19,12:44:39
31-Mar-19,12:44:39
31-Mar-19,12:44:39
31-Mar-19,12:44:39
31-Mar-19,12:44:39
31-Mar-19,12:44:39
31-Mar-19,12:44:39
31-Mar-19,12:44:39
31-Mar-19,12:44:39
31-Mar-19,12:44:39
31-Mar-19,12:44:39
31-Mar-19,12:44:39
31-Mar-19,12:44:39
31-Mar-19,12:44:39
31-Mar-19,12:44:39
31-Mar-19,12:44:39
31-Mar-19,12:44:39
31-Mar-19,12:44:39
31-Mar-19,12:44:40
31-Mar-19,12:44:40
31-Mar-19,12:44:40
31-Mar-19,12:44:40
31-Mar-19,12:44:40
31-Mar-19,12:44:40
31-Mar-19,12:44:40
31-Mar-19,12:44:40
31-Mar-19,12:44:40
31-Mar-19,12:44:40
31-Mar-19,12:44:40
31-Mar-19,12:44:40
31-Mar-19,12:44:40
31-Mar-19,12:44:40
31-Mar-19,12:44:40
31-Mar-19,12:44:40
31-Mar-19,12:44:40
31-Mar-19,12:44:40
31-Mar-19,12:44:40
31-Mar-19,12:44:40
31-Mar-19,12:44:40
31-Mar-19,12:44:40
31-Mar-19,12:44:40
31-Mar-19,12:44:40
31-Mar-19,12:44:40
31-Mar-19,12:44:40
31-Mar-19,12:44:40
31-Mar-19,12:44:40
31-Mar-19,12:44:40
31-Mar-19,12:44:40
31-Mar-19,12:44:40
31-Mar-19,12:44:40
31-Mar-19,12:44:40
31-Mar-19,12:44:40
31-Mar-19,12:44:40
31-Mar-19,12:44:40
31-Mar-19,12:44:40
31-Mar-19,12:44:40
31-Mar-19,12:44:40
31-Mar-19,12:44:40
31-Mar-19,12:44:40
31-Mar-19,12:44:40
31-Mar-19,12:44:40
31-Mar-19,12:44:40
31-Mar-19,12:44:40
31-Mar-19,12:44:40
31-Mar-19,12:44:40
31-Mar-19,12:44:40
31-Mar-19,12:44:40
31-Mar-19,12:44:40
31-Mar-19,12:44:40
31-Mar-19,12:44:40
31-Mar-19,12:44:40
31-Mar-19,12:44:40
31-Mar-19,12:44:40
31-Mar-19,12:44:40
31-Mar-19,12:44:40
31-Mar-19,12:44:40
31-Mar-19,12:44:40
31-Mar-19,12:44:40
31-Mar-19,12:44:40
31-Mar-19,12:44:40
31-Mar-19,12:44:40
31-Mar-19,12:44:40
31-Mar-19,12:44:40
31-Mar-19,12:44:40
31-Mar-19,12:44:40
31-Mar-19,12:44:40
31-Mar-19,12:44:40
31-Mar-19,12:44:40
31-Mar-19,12:44:40
31-Mar-19,12:44:40
31-Mar-19,12:44:40
31-Mar-19,12:44:40
31-Mar-19,12:44:40
31-Mar-19,12:44:40
31-Mar-19,12:44:40
31-Mar-19,12:44:40
31-Mar-19,12:44:40
31-Mar-19,12:44:40
31-Mar-19,12:44:40
31-Mar-19,12:44:40
31-Mar-19,12:44:40
31-Mar-19,12:44:40
31-Mar-19,12:44:40
31-Mar-19,12:44:40
31-Mar-19,12:44:40
31-Mar-19,12:44:40
31-Mar-19,12:44:40
31-Mar-19,12:44:40
31-Mar-19,12:44:40
31-Mar-19,12:44:40
31-Mar-19,12:44:40
31-Mar-19,12:44:40
31-Mar-19,12:44:40
31-Mar-19,12:44:40
31-Mar-19,12:44:40
31-Mar-19,12:44:40
31-Mar-19,12:44:40
31-Mar-19,12:44:40
31-Mar-19,12:44:40
31-Mar-19,12:44:41
31-Mar-19,12:44:41
31-Mar-19,12:44:41
31-Mar-19,12:44:41
31-Mar-19,12:44:41
31-Mar-19,12:44:41
31-Mar-19,12:44:41
31-Mar-19,12:44:41
31-Mar-19,12:44:41
31-Mar-19,12:44:41
31-Mar-19,12:44:41
31-Mar-19,12:44:41
31-Mar-19,12:44:41
31-Mar-19,12:44:41
31-Mar-19,12:44:41
31-Mar-19,12:44:41
31-Mar-19,12:44:41
31-Mar-19,12:44:41
31-Mar-19,12:44:41
31-Mar-19,12:44:41
31-Mar-19,12:44:41
31-Mar-19,12:44:41
31-Mar-19,12:44:41
31-Mar-19,12:44:41
31-Mar-19,12:44:41
31-Mar-19,12:44:41
31-Mar-19,12:44:41
31-Mar-19,12:44:41
31-Mar-19,12:44:41
31-Mar-19,12:44:41
31-Mar-19,12:44:41
31-Mar-19,12:44:41
31-Mar-19,12:44:41
31-Mar-19,12:44:41
31-Mar-19,12:44:41
31-Mar-19,12:44:41
31-Mar-19,12:44:41
31-Mar-19,12:44:41
31-Mar-19,12:44:41
31-Mar-19,12:44:41
31-Mar-19,12:44:41
31-Mar-19,12:44:41
31-Mar-19,12:44:41
31-Mar-19,12:44:41
31-Mar-19,12:44:41
31-Mar-19,12:44:41
31-Mar-19,12:44:41
31-Mar-19,12:44:41
31-Mar-19,12:44:41
31-Mar-19,12:44:41
31-Mar-19,12:44:41
31-Mar-19,12:44:41
31-Mar-19,12:44:41
31-Mar-19,12:44:41
31-Mar-19,12:44:41
31-Mar-19,12:44:41
31-Mar-19,12:44:41
31-Mar-19,12:44:41
31-Mar-19,12:44:41
31-Mar-19,12:44:41
31-Mar-19,12:44:41
31-Mar-19,12:44:41
31-Mar-19,12:44:41
31-Mar-19,12:44:41
31-Mar-19,12:44:41
31-Mar-19,12:44:41
31-Mar-19,12:44:41
31-Mar-19,12:44:41
31-Mar-19,12:44:41
31-Mar-19,12:44:41
31-Mar-19,12:44:41
31-Mar-19,12:44:41
31-Mar-19,12:44:41
31-Mar-19,12:44:41
31-Mar-19,12:44:41
31-Mar-19,12:44:41
31-Mar-19,12:44:41
31-Mar-19,12:44:41
31-Mar-19,12:44:41
31-Mar-19,12:44:41
31-Mar-19,12:44:41
31-Mar-19,12:44:41
31-Mar-19,12:44:41
31-Mar-19,12:44:42
31-Mar-19,12:44:42
31-Mar-19,12:44:42
31-Mar-19,12:44:42
31-Mar-19,12:44:42
31-Mar-19,12:44:42
31-Mar-19,12:44:42
31-Mar-19,12:44:42
31-Mar-19,12:44:42
31-Mar-19,12:44:42
31-Mar-19,12:44:42
31-Mar-19,12:44:42
31-Mar-19,12:44:42
31-Mar-19,12:44:42
31-Mar-19,12:44:42
31-Mar-19,12:44:42
31-Mar-19,12:44:42
31-Mar-19,12:44:42
31-Mar-19,12:44:42
31-Mar-19,12:44:42
31-Mar-19,12:44:42
31-Mar-19,12:44:42
31-Mar-19,12:44:42
31-Mar-19,12:44:42
31-Mar-19,12:44:42
31-Mar-19,12:44:42
31-Mar-19,12:44:42
31-Mar-19,12:44:42
31-Mar-19,12:44:42
31-Mar-19,12:44:42
31-Mar-19,12:44:42
31-Mar-19,12:44:42
31-Mar-19,12:44:42
31-Mar-19,12:44:42
31-Mar-19,12:44:42
31-Mar-19,12:44:42
31-Mar-19,12:44:42
31-Mar-19,12:44:42
31-Mar-19,12:44:42
31-Mar-19,12:44:42
31-Mar-19,12:44:42
31-Mar-19,12:44:42
31-Mar-19,12:44:42
31-Mar-19,12:44:42
31-Mar-19,12:44:42
31-Mar-19,12:44:42
31-Mar-19,12:44:42
31-Mar-19,12:44:42
31-Mar-19,12:44:42
31-Mar-19,12:44:42
31-Mar-19,12:44:42
31-Mar-19,12:44:42
31-Mar-19,12:44:42
31-Mar-19,12:44:42
31-Mar-19,12:44:42
31-Mar-19,12:44:42
31-Mar-19,12:44:42
31-Mar-19,12:44:42
31-Mar-19,12:44:42
31-Mar-19,12:44:42
31-Mar-19,12:44:42
31-Mar-19,12:44:42
31-Mar-19,12:44:42
31-Mar-19,12:44:42
31-Mar-19,12:44:42
31-Mar-19,12:44:42
31-Mar-19,12:44:42
31-Mar-19,12:44:42
31-Mar-19,12:44:42
31-Mar-19,12:44:42
31-Mar-19,12:44:42
31-Mar-19,12:44:42
31-Mar-19,12:44:42
31-Mar-19,12:44:42
31-Mar-19,12:44:42
31-Mar-19,12:44:42
31-Mar-19,12:44:42
31-Mar-19,12:44:42
31-Mar-19,12:44:42
31-Mar-19,12:44:42
31-Mar-19,12:44:42
31-Mar-19,12:44:42
31-Mar-19,12:44:42
31-Mar-19,12:44:42
31-Mar-19,12:44:42
31-Mar-19,12:44:42
31-Mar-19,12:44:42
31-Mar-19,12:44:42
31-Mar-19,12:44:42
31-Mar-19,12:44:42
31-Mar-19,12:44:42
31-Mar-19,12:44:42
31-Mar-19,12:44:42
31-Mar-19,12:44:42
31-Mar-19,12:44:42
31-Mar-19,12:44:43
31-Mar-19,12:44:43
31-Mar-19,12:44:43
31-Mar-19,12:44:43
31-Mar-19,12:44:43
31-Mar-19,12:44:43
31-Mar-19,12:44:43
31-Mar-19,12:44:43
31-Mar-19,12:44:43
31-Mar-19,12:44:43
31-Mar-19,12:44:43
31-Mar-19,12:44:43
31-Mar-19,12:44:43
31-Mar-19,12:44:43
31-Mar-19,12:44:43
31-Mar-19,12:44:43
31-Mar-19,12:44:43
31-Mar-19,12:44:43
31-Mar-19,12:44:43
31-Mar-19,12:44:43
31-Mar-19,12:44:43
31-Mar-19,12:44:43
31-Mar-19,12:44:43
31-Mar-19,12:44:43
31-Mar-19,12:44:43
31-Mar-19,12:44:43
31-Mar-19,12:44:43
31-Mar-19,12:44:43
31-Mar-19,12:44:43
31-Mar-19,12:44:43
31-Mar-19,12:44:43
31-Mar-19,12:44:43
31-Mar-19,12:44:43
31-Mar-19,12:44:43
31-Mar-19,12:44:43
31-Mar-19,12:44:43
31-Mar-19,12:44:43
31-Mar-19,12:44:43
31-Mar-19,12:44:43
31-Mar-19,12:44:43
31-Mar-19,12:44:43
31-Mar-19,12:44:43
31-Mar-19,12:44:43
31-Mar-19,12:44:43
31-Mar-19,12:44:43
31-Mar-19,12:44:43
31-Mar-19,12:44:43
31-Mar-19,12:44:43
31-Mar-19,12:44:43
31-Mar-19,12:44:43
31-Mar-19,12:44:43
31-Mar-19,12:44:43
31-Mar-19,12:44:43
31-Mar-19,12:44:43
31-Mar-19,12:44:43
31-Mar-19,12:44:43
31-Mar-19,12:44:43
31-Mar-19,12:44:43
31-Mar-19,12:44:43
31-Mar-19,12:44:43
31-Mar-19,12:44:43
31-Mar-19,12:44:43
31-Mar-19,12:44:43
31-Mar-19,12:44:43
31-Mar-19,12:44:43
31-Mar-19,12:44:43
31-Mar-19,12:44:43
31-Mar-19,12:44:43
31-Mar-19,12:44:43
31-Mar-19,12:44:43
31-Mar-19,12:44:43
31-Mar-19,12:44:43
31-Mar-19,12:44:43
31-Mar-19,12:44:43
31-Mar-19,12:44:43
31-Mar-19,12:44:43
31-Mar-19,12:44:43
31-Mar-19,12:44:43
31-Mar-19,12:44:43
31-Mar-19,12:44:43
31-Mar-19,12:44:43
31-Mar-19,12:44:43
31-Mar-19,12:44:43
31-Mar-19,12:44:43
31-Mar-19,12:44:43
31-Mar-19,12:44:43
31-Mar-19,12:44:43
31-Mar-19,12:44:43
31-Mar-19,12:44:43
31-Mar-19,12:44:43
31-Mar-19,12:44:43
31-Mar-19,12:44:43
31-Mar-19,12:44:43
31-Mar-19,12:44:43
31-Mar-19,12:44:43
31-Mar-19,12:44:43
31-Mar-19,12:44:43
31-Mar-19,12:44:43
31-Mar-19,12:44:43
31-Mar-19,12:44:43
31-Mar-19,12:44:43
31-Mar-19,12:44:43
31-Mar-19,12:44:43
31-Mar-19,12:44:43
31-Mar-19,12:44:43
31-Mar-19,12:44:44
31-Mar-19,12:44:44
31-Mar-19,12:44:44
31-Mar-19,12:44:44
31-Mar-19,12:44:44
31-Mar-19,12:44:44
31-Mar-19,12:44:44
31-Mar-19,12:44:44
31-Mar-19,12:44:44
31-Mar-19,12:44:44
31-Mar-19,12:44:44
31-Mar-19,12:44:44
31-Mar-19,12:44:44
31-Mar-19,12:44:44
31-Mar-19,12:44:44
31-Mar-19,12:44:44
31-Mar-19,12:44:44
31-Mar-19,12:44:44
31-Mar-19,12:44:44
31-Mar-19,12:44:44
31-Mar-19,12:44:44
31-Mar-19,12:44:44
31-Mar-19,12:44:44
31-Mar-19,12:44:44
31-Mar-19,12:44:44
31-Mar-19,12:44:44
31-Mar-19,12:44:44
31-Mar-19,12:44:44
31-Mar-19,12:44:44
31-Mar-19,12:44:44
31-Mar-19,12:44:44
31-Mar-19,12:44:44
31-Mar-19,12:44:44
31-Mar-19,12:44:44
31-Mar-19,12:44:44
31-Mar-19,12:44:44
31-Mar-19,12:44:44
31-Mar-19,12:44:44
31-Mar-19,12:44:44
31-Mar-19,12:44:44
31-Mar-19,12:44:44
31-Mar-19,12:44:44
31-Mar-19,12:44:44
31-Mar-19,12:44:44
31-Mar-19,12:44:44
31-Mar-19,12:44:44
31-Mar-19,12:44:44
31-Mar-19,12:44:44
31-Mar-19,12:44:44
31-Mar-19,12:44:44
31-Mar-19,12:44:44
31-Mar-19,12:44:44
31-Mar-19,12:44:44
31-Mar-19,12:44:44
31-Mar-19,12:44:44
31-Mar-19,12:44:44
31-Mar-19,12:44:44
31-Mar-19,12:44:44
31-Mar-19,12:44:44
31-Mar-19,12:44:44
31-Mar-19,12:44:44
31-Mar-19,12:44:44
31-Mar-19,12:44:44
31-Mar-19,12:44:44
31-Mar-19,12:44:44
31-Mar-19,12:44:44
31-Mar-19,12:44:44
31-Mar-19,12:44:44
31-Mar-19,12:44:44
31-Mar-19,12:44:44
31-Mar-19,12:44:44
31-Mar-19,12:44:44
31-Mar-19,12:44:44
31-Mar-19,12:44:44
31-Mar-19,12:44:44
31-Mar-19,12:44:44
31-Mar-19,12:44:44
31-Mar-19,12:44:44
31-Mar-19,12:44:44
31-Mar-19,12:44:44
31-Mar-19,12:44:44
31-Mar-19,12:44:44
31-Mar-19,12:44:44
31-Mar-19,12:44:44
31-Mar-19,12:44:44
31-Mar-19,12:44:44
31-Mar-19,12:44:44
31-Mar-19,12:44:44
31-Mar-19,12:44:45
31-Mar-19,12:44:45
31-Mar-19,12:44:45
31-Mar-19,12:44:45
31-Mar-19,12:44:45
31-Mar-19,12:44:45
31-Mar-19,12:44:45
31-Mar-19,12:44:45
31-Mar-19,12:44:45
31-Mar-19,12:44:45
31-Mar-19,12:44:45
31-Mar-19,12:44:45
31-Mar-19,12:44:45
31-Mar-19,12:44:45
31-Mar-19,12:44:45
31-Mar-19,12:44:45
31-Mar-19,12:44:45
31-Mar-19,12:44:45
31-Mar-19,12:44:45
31-Mar-19,12:44:45
31-Mar-19,12:44:45
31-Mar-19,12:44:45
31-Mar-19,12:44:45
31-Mar-19,12:44:45
31-Mar-19,12:44:45
31-Mar-19,12:44:45
31-Mar-19,12:44:45
31-Mar-19,12:44:45
31-Mar-19,12:44:45
31-Mar-19,12:44:45
31-Mar-19,12:44:45
31-Mar-19,12:44:45
31-Mar-19,12:44:45
31-Mar-19,12:44:45
31-Mar-19,12:44:45
31-Mar-19,12:44:45
31-Mar-19,12:44:45
31-Mar-19,12:44:45
31-Mar-19,12:44:45
31-Mar-19,12:44:45
31-Mar-19,12:44:45
31-Mar-19,12:44:45
31-Mar-19,12:44:45
31-Mar-19,12:44:45
31-Mar-19,12:44:45
31-Mar-19,12:44:45
31-Mar-19,12:44:45
31-Mar-19,12:44:45
31-Mar-19,12:44:45
31-Mar-19,12:44:45
31-Mar-19,12:44:45
31-Mar-19,12:44:45
31-Mar-19,12:44:45
31-Mar-19,12:44:45
31-Mar-19,12:44:45
31-Mar-19,12:44:45
31-Mar-19,12:44:45
31-Mar-19,12:44:45
31-Mar-19,12:44:45
31-Mar-19,12:44:45
31-Mar-19,12:44:45
31-Mar-19,12:44:45
31-Mar-19,12:44:45
31-Mar-19,12:44:45
31-Mar-19,12:44:45
31-Mar-19,12:44:45
31-Mar-19,12:44:45
31-Mar-19,12:44:45
31-Mar-19,12:44:45
31-Mar-19,12:44:45
31-Mar-19,12:44:45
31-Mar-19,12:44:45
31-Mar-19,12:44:45
31-Mar-19,12:44:45
31-Mar-19,12:44:45
31-Mar-19,12:44:45
31-Mar-19,12:44:45
31-Mar-19,12:44:45
31-Mar-19,12:44:45
31-Mar-19,12:44:45
31-Mar-19,12:44:45
31-Mar-19,12:44:45
31-Mar-19,12:44:45
31-Mar-19,12:44:45
31-Mar-19,12:44:45
31-Mar-19,12:44:45
31-Mar-19,12:44:45
31-Mar-19,12:44:45
31-Mar-19,12:44:45
31-Mar-19,12:44:45
31-Mar-19,12:44:45
31-Mar-19,12:44:45
31-Mar-19,12:44:45
31-Mar-19,12:44:45
31-Mar-19,12:44:45
31-Mar-19,12:44:45
31-Mar-19,12:44:45
31-Mar-19,12:44:45
31-Mar-19,12:44:45
31-Mar-19,12:44:45
31-Mar-19,12:44:45
31-Mar-19,12:44:46
31-Mar-19,12:44:46
31-Mar-19,12:44:46
31-Mar-19,12:44:46
31-Mar-19,12:44:46
31-Mar-19,12:44:46
31-Mar-19,12:44:46
31-Mar-19,12:44:46
31-Mar-19,12:44:46
31-Mar-19,12:44:46
31-Mar-19,12:44:46
31-Mar-19,12:44:46
31-Mar-19,12:44:46
31-Mar-19,12:44:46
31-Mar-19,12:44:46
31-Mar-19,12:44:46
31-Mar-19,12:44:46
31-Mar-19,12:44:46
31-Mar-19,12:44:46
31-Mar-19,12:44:46
31-Mar-19,12:44:46
31-Mar-19,12:44:46
31-Mar-19,12:44:46
31-Mar-19,12:44:46
31-Mar-19,12:44:46
31-Mar-19,12:44:46
31-Mar-19,12:44:46
31-Mar-19,12:44:46
31-Mar-19,12:44:46
31-Mar-19,12:44:46
31-Mar-19,12:44:46
31-Mar-19,12:44:46
31-Mar-19,12:44:46
31-Mar-19,12:44:46
31-Mar-19,12:44:46
31-Mar-19,12:44:46
31-Mar-19,12:44:46
31-Mar-19,12:44:46
31-Mar-19,12:44:46
31-Mar-19,12:44:46
31-Mar-19,12:44:46
31-Mar-19,12:44:46
31-Mar-19,12:44:46
31-Mar-19,12:44:46
31-Mar-19,12:44:46
31-Mar-19,12:44:46
31-Mar-19,12:44:46
31-Mar-19,12:44:46
31-Mar-19,12:44:46
31-Mar-19,12:44:46
31-Mar-19,12:44:46
31-Mar-19,12:44:46
31-Mar-19,12:44:46
31-Mar-19,12:44:46
31-Mar-19,12:44:46
31-Mar-19,12:44:46
31-Mar-19,12:44:46
31-Mar-19,12:44:46
31-Mar-19,12:44:46
31-Mar-19,12:44:46
31-Mar-19,12:44:46
31-Mar-19,12:44:46
31-Mar-19,12:44:46
31-Mar-19,12:44:46
31-Mar-19,12:44:46
31-Mar-19,12:44:46
31-Mar-19,12:44:46
31-Mar-19,12:44:46
31-Mar-19,12:44:46
31-Mar-19,12:44:46
31-Mar-19,12:44:46
31-Mar-19,12:44:46
31-Mar-19,12:44:46
31-Mar-19,12:44:46
31-Mar-19,12:44:46
31-Mar-19,12:44:46
31-Mar-19,12:44:46
31-Mar-19,12:44:46
31-Mar-19,12:44:46
31-Mar-19,12:44:46
31-Mar-19,12:44:46
31-Mar-19,12:44:46
31-Mar-19,12:44:46
31-Mar-19,12:44:46
31-Mar-19,12:44:46
31-Mar-19,12:44:47
31-Mar-19,12:44:47
31-Mar-19,12:44:47
31-Mar-19,12:44:47
31-Mar-19,12:44:47
31-Mar-19,12:44:47
31-Mar-19,12:44:47
31-Mar-19,12:44:47
31-Mar-19,12:44:47
31-Mar-19,12:44:47
31-Mar-19,12:44:47
31-Mar-19,12:44:47
31-Mar-19,12:44:47
31-Mar-19,12:44:47
31-Mar-19,12:44:47
31-Mar-19,12:44:47
31-Mar-19,12:44:47
31-Mar-19,12:44:47
31-Mar-19,12:44:47
31-Mar-19,12:44:47
31-Mar-19,12:44:47
31-Mar-19,12:44:47
31-Mar-19,12:44:47
31-Mar-19,12:44:47
31-Mar-19,12:44:47
31-Mar-19,12:44:47
31-Mar-19,12:44:47
31-Mar-19,12:44:47
31-Mar-19,12:44:47
31-Mar-19,12:44:47
31-Mar-19,12:44:47
31-Mar-19,12:44:47
31-Mar-19,12:44:47
31-Mar-19,12:44:47
31-Mar-19,12:44:47
31-Mar-19,12:44:47
31-Mar-19,12:44:47
31-Mar-19,12:44:47
31-Mar-19,12:44:47
31-Mar-19,12:44:47
31-Mar-19,12:44:47
31-Mar-19,12:44:47
31-Mar-19,12:44:47
31-Mar-19,12:44:47
31-Mar-19,12:44:47
31-Mar-19,12:44:47
31-Mar-19,12:44:47
31-Mar-19,12:44:47
31-Mar-19,12:44:47
31-Mar-19,12:44:47
31-Mar-19,12:44:47
31-Mar-19,12:44:47
31-Mar-19,12:44:47
31-Mar-19,12:44:47
31-Mar-19,12:44:47
31-Mar-19,12:44:47
31-Mar-19,12:44:47
31-Mar-19,12:44:47
31-Mar-19,12:44:47
31-Mar-19,12:44:47
31-Mar-19,12:44:47
31-Mar-19,12:44:47
31-Mar-19,12:44:47
31-Mar-19,12:44:47
31-Mar-19,12:44:47
31-Mar-19,12:44:47
31-Mar-19,12:44:47
31-Mar-19,12:44:47
31-Mar-19,12:44:47
31-Mar-19,12:44:47
31-Mar-19,12:44:47
31-Mar-19,12:44:47
31-Mar-19,12:44:47
31-Mar-19,12:44:47
31-Mar-19,12:44:47
31-Mar-19,12:44:47
31-Mar-19,12:44:47
31-Mar-19,12:44:47
31-Mar-19,12:44:47
31-Mar-19,12:44:47
31-Mar-19,12:44:47
31-Mar-19,12:44:47
31-Mar-19,12:44:47
31-Mar-19,12:44:47
31-Mar-19,12:44:47
31-Mar-19,12:44:47
31-Mar-19,12:44:47
31-Mar-19,12:44:47
31-Mar-19,12:44:47
31-Mar-19,12:44:47
31-Mar-19,12:44:47
31-Mar-19,12:44:47
31-Mar-19,12:44:47
31-Mar-19,12:44:47
31-Mar-19,12:44:47
31-Mar-19,12:44:47
31-Mar-19,12:44:48
31-Mar-19,12:44:48
31-Mar-19,12:44:48
31-Mar-19,12:44:48
31-Mar-19,12:44:48
31-Mar-19,12:44:48
31-Mar-19,12:44:48
31-Mar-19,12:44:48
31-Mar-19,12:44:48
31-Mar-19,12:44:48
31-Mar-19,12:44:48
31-Mar-19,12:44:48
31-Mar-19,12:44:48
31-Mar-19,12:44:48
31-Mar-19,12:44:48
31-Mar-19,12:44:48
31-Mar-19,12:44:48
31-Mar-19,12:44:48
31-Mar-19,12:44:48
31-Mar-19,12:44:48
31-Mar-19,12:44:48
31-Mar-19,12:44:48
31-Mar-19,12:44:48
31-Mar-19,12:44:48
31-Mar-19,12:44:48
31-Mar-19,12:44:48
31-Mar-19,12:44:48
31-Mar-19,12:44:48
31-Mar-19,12:44:48
31-Mar-19,12:44:48
31-Mar-19,12:44:48
31-Mar-19,12:44:48
31-Mar-19,12:44:48
31-Mar-19,12:44:48
31-Mar-19,12:44:48
31-Mar-19,12:44:48
31-Mar-19,12:44:48
31-Mar-19,12:44:48
31-Mar-19,12:44:48
31-Mar-19,12:44:48
31-Mar-19,12:44:48
31-Mar-19,12:44:48
31-Mar-19,12:44:48
31-Mar-19,12:44:48
31-Mar-19,12:44:48
31-Mar-19,12:44:48
31-Mar-19,12:44:48
31-Mar-19,12:44:48
31-Mar-19,12:44:48
31-Mar-19,12:44:48
31-Mar-19,12:44:48
31-Mar-19,12:44:48
31-Mar-19,12:44:48
31-Mar-19,12:44:48
31-Mar-19,12:44:48
31-Mar-19,12:44:48
31-Mar-19,12:44:48
31-Mar-19,12:44:48
31-Mar-19,12:44:48
31-Mar-19,12:44:48
31-Mar-19,12:44:48
31-Mar-19,12:44:48
31-Mar-19,12:44:48
31-Mar-19,12:44:48
31-Mar-19,12:44:48
31-Mar-19,12:44:48
31-Mar-19,12:44:48
31-Mar-19,12:44:48
31-Mar-19,12:44:48
31-Mar-19,12:44:48
31-Mar-19,12:44:48
31-Mar-19,12:44:48
31-Mar-19,12:44:48
31-Mar-19,12:44:48
31-Mar-19,12:44:48
31-Mar-19,12:44:48
31-Mar-19,12:44:48
31-Mar-19,12:44:48
31-Mar-19,12:44:48
31-Mar-19,12:44:48
31-Mar-19,12:44:48
31-Mar-19,12:44:48
31-Mar-19,12:44:48
31-Mar-19,12:44:48
31-Mar-19,12:44:48
31-Mar-19,12:44:48
31-Mar-19,12:44:48
31-Mar-19,12:44:48
31-Mar-19,12:44:48
31-Mar-19,12:44:48
31-Mar-19,12:44:48
31-Mar-19,12:44:48
31-Mar-19,12:44:48
31-Mar-19,12:44:48
31-Mar-19,12:44:48
31-Mar-19,12:44:48
31-Mar-19,12:44:48
31-Mar-19,12:44:48
31-Mar-19,12:44:48
31-Mar-19,12:44:48
31-Mar-19,12:44:48
31-Mar-19,12:44:48
31-Mar-19,12:44:48
31-Mar-19,12:44:48
31-Mar-19,12:44:48
31-Mar-19,12:44:48
31-Mar-19,12:44:49
31-Mar-19,12:44:49
31-Mar-19,12:44:49
31-Mar-19,12:44:49
31-Mar-19,12:44:49
31-Mar-19,12:44:49
31-Mar-19,12:44:49
31-Mar-19,12:44:49
31-Mar-19,12:44:49
31-Mar-19,12:44:49
31-Mar-19,12:44:49
31-Mar-19,12:44:49
31-Mar-19,12:44:49
31-Mar-19,12:44:49
31-Mar-19,12:44:49
31-Mar-19,12:44:49
31-Mar-19,12:44:49
31-Mar-19,12:44:49
31-Mar-19,12:44:49
31-Mar-19,12:44:49
31-Mar-19,12:44:49
31-Mar-19,12:44:49
31-Mar-19,12:44:49
31-Mar-19,12:44:49
31-Mar-19,12:44:49
31-Mar-19,12:44:49
31-Mar-19,12:44:49
31-Mar-19,12:44:49
31-Mar-19,12:44:49
31-Mar-19,12:44:49
31-Mar-19,12:44:49
31-Mar-19,12:44:49
31-Mar-19,12:44:49
31-Mar-19,12:44:49
31-Mar-19,12:44:49
31-Mar-19,12:44:49
31-Mar-19,12:44:49
31-Mar-19,12:44:49
31-Mar-19,12:44:49
31-Mar-19,12:44:49
31-Mar-19,12:44:49
31-Mar-19,12:44:49
31-Mar-19,12:44:49
31-Mar-19,12:44:49
31-Mar-19,12:44:49
31-Mar-19,12:44:49
31-Mar-19,12:44:49
31-Mar-19,12:44:49
31-Mar-19,12:44:49
31-Mar-19,12:44:49
31-Mar-19,12:44:49
31-Mar-19,12:44:49
31-Mar-19,12:44:49
31-Mar-19,12:44:49
31-Mar-19,12:44:49
31-Mar-19,12:44:49
31-Mar-19,12:44:49
31-Mar-19,12:44:49
31-Mar-19,12:44:49
31-Mar-19,12:44:49
31-Mar-19,12:44:49
31-Mar-19,12:44:49
31-Mar-19,12:44:49
31-Mar-19,12:44:49
31-Mar-19,12:44:49
31-Mar-19,12:44:49
31-Mar-19,12:44:49
31-Mar-19,12:44:49
31-Mar-19,12:44:49
31-Mar-19,12:44:49
31-Mar-19,12:44:49
31-Mar-19,12:44:49
31-Mar-19,12:44:49
31-Mar-19,12:44:49
31-Mar-19,12:44:49
31-Mar-19,12:44:49
31-Mar-19,12:44:49
31-Mar-19,12:44:49
31-Mar-19,12:44:49
31-Mar-19,12:44:49
31-Mar-19,12:44:49
31-Mar-19,12:44:49
31-Mar-19,12:44:49
31-Mar-19,12:44:49
31-Mar-19,12:44:49
31-Mar-19,12:44:49
31-Mar-19,12:44:49
31-Mar-19,12:44:49
31-Mar-19,12:44:50
31-Mar-19,12:44:50
31-Mar-19,12:44:50
31-Mar-19,12:44:50
31-Mar-19,12:44:50
31-Mar-19,12:44:50
31-Mar-19,12:44:50
31-Mar-19,12:44:50
31-Mar-19,12:44:50
31-Mar-19,12:44:50
31-Mar-19,12:44:50
31-Mar-19,12:44:50
31-Mar-19,12:44:50
31-Mar-19,12:44:50
31-Mar-19,12:44:50
31-Mar-19,12:44:50
31-Mar-19,12:44:50
31-Mar-19,12:44:50
31-Mar-19,12:44:50
31-Mar-19,12:44:50
31-Mar-19,12:44:50
31-Mar-19,12:44:50
31-Mar-19,12:44:50
31-Mar-19,12:44:50
31-Mar-19,12:44:50
31-Mar-19,12:44:50
31-Mar-19,12:44:50
31-Mar-19,12:44:50
31-Mar-19,12:44:50
31-Mar-19,12:44:50
31-Mar-19,12:44:50
31-Mar-19,12:44:50
31-Mar-19,12:44:50
31-Mar-19,12:44:50
31-Mar-19,12:44:50
31-Mar-19,12:44:50
31-Mar-19,12:44:50
31-Mar-19,12:44:50
31-Mar-19,12:44:50
31-Mar-19,12:44:50
31-Mar-19,12:44:50
31-Mar-19,12:44:50
31-Mar-19,12:44:50
31-Mar-19,12:44:50
31-Mar-19,12:44:50
31-Mar-19,12:44:50
31-Mar-19,12:44:50
31-Mar-19,12:44:50
31-Mar-19,12:44:50
31-Mar-19,12:44:50
31-Mar-19,12:44:50
31-Mar-19,12:44:50
31-Mar-19,12:44:50
31-Mar-19,12:44:50
31-Mar-19,12:44:50
31-Mar-19,12:44:50
31-Mar-19,12:44:50
31-Mar-19,12:44:50
31-Mar-19,12:44:50
31-Mar-19,12:44:50
31-Mar-19,12:44:50
31-Mar-19,12:44:50
31-Mar-19,12:44:50
31-Mar-19,12:44:50
31-Mar-19,12:44:50
31-Mar-19,12:44:50
31-Mar-19,12:44:50
31-Mar-19,12:44:50
31-Mar-19,12:44:50
31-Mar-19,12:44:50
31-Mar-19,12:44:50
31-Mar-19,12:44:50
31-Mar-19,12:44:50
31-Mar-19,12:44:50
31-Mar-19,12:44:50
31-Mar-19,12:44:50
31-Mar-19,12:44:50
31-Mar-19,12:44:50
31-Mar-19,12:44:50
31-Mar-19,12:44:50
31-Mar-19,12:44:50
31-Mar-19,12:44:50
31-Mar-19,12:44:50
31-Mar-19,12:44:50
31-Mar-19,12:44:50
31-Mar-19,12:44:50
31-Mar-19,12:44:50
31-Mar-19,12:44:50
31-Mar-19,12:44:50
31-Mar-19,12:44:50
31-Mar-19,12:44:50
31-Mar-19,12:44:50
31-Mar-19,12:44:50
31-Mar-19,12:44:50
31-Mar-19,12:44:50
31-Mar-19,12:44:50
31-Mar-19,12:44:50
31-Mar-19,12:44:50
31-Mar-19,12:44:50
31-Mar-19,12:44:50
31-Mar-19,12:44:50
31-Mar-19,12:44:50
31-Mar-19,12:44:50
31-Mar-19,12:44:51
31-Mar-19,12:44:51
31-Mar-19,12:44:51
31-Mar-19,12:44:51
31-Mar-19,12:44:51
31-Mar-19,12:44:51
31-Mar-19,12:44:51
31-Mar-19,12:44:51
31-Mar-19,12:44:51
31-Mar-19,12:44:51
31-Mar-19,12:44:51
31-Mar-19,12:44:51
31-Mar-19,12:44:51
31-Mar-19,12:44:51
31-Mar-19,12:44:51
31-Mar-19,12:44:51
31-Mar-19,12:44:51
31-Mar-19,12:44:51
31-Mar-19,12:44:51
31-Mar-19,12:44:51
1-Apr-19, 14:56:37 
1-Apr-19, 14:56:42 
1-Apr-19, 14:56:47 
1-Apr-19, 14:56:52 
1-Apr-19, 14:56:57 
1-Apr-19, 14:57:02 
1-Apr-19, 14:57:07 
1-Apr-19, 14:57:09 
1-Apr-19, 14:57:12 
1-Apr-19, 14:57:14 
1-Apr-19, 14:57:17 
1-Apr-19, 14:57:19 
1-Apr-19, 14:57:22 
1-Apr-19, 14:57:24 
1-Apr-19, 14:57:27 
1-Apr-19, 14:57:29 
1-Apr-19, 14:57:32 
1-Apr-19, 14:57:34 
1-Apr-19, 14:57:37 
1-Apr-19, 14:57:39 
1-Apr-19, 14:57:42 
1-Apr-19, 14:57:44 
1-Apr-19, 14:57:47 
1-Apr-19, 14:57:49 
1-Apr-19, 14:57:52 
1-Apr-19, 14:57:54 
1-Apr-19, 14:57:57 
1-Apr-19, 14:57:59 
1-Apr-19, 14:58:02 
1-Apr-19, 14:58:04 
1-Apr-19, 14:58:07 
1-Apr-19, 14:58:09 
1-Apr-19, 14:58:12 
1-Apr-19, 14:58:14 
1-Apr-19, 14:58:17 
1-Apr-19, 14:58:19 
1-Apr-19, 14:58:22 
1-Apr-19, 14:58:24 
1-Apr-19, 14:58:27 
1-Apr-19, 14:58:29 
1-Apr-19, 14:58:32 
1-Apr-19, 14:58:34 
1-Apr-19, 14:58:37 
1-Apr-19, 14:58:39 
1-Apr-19, 14:58:42 
1-Apr-19, 14:58:44 
1-Apr-19, 14:58:47 
1-Apr-19, 14:58:49 
1-Apr-19, 14:58:52 
1-Apr-19, 14:58:54 
1-Apr-19, 14:58:57 
1-Apr-19, 14:58:59 
1-Apr-19, 14:59:02 
1-Apr-19, 14:59:04 
1-Apr-19, 14:59:07 
1-Apr-19, 14:59:09 
1-Apr-19, 14:59:10 
1-Apr-19, 14:59:12 
1-Apr-19, 14:59:14 
1-Apr-19, 14:59:15 
1-Apr-19, 14:59:17 
1-Apr-19, 14:59:19 
1-Apr-19, 14:59:20 
1-Apr-19, 14:59:22 
1-Apr-19, 14:59:24 
1-Apr-19, 14:59:25 
1-Apr-19, 14:59:27 
1-Apr-19, 14:59:29 
1-Apr-19, 14:59:30 
1-Apr-19, 14:59:32 
1-Apr-19, 14:59:34 
1-Apr-19, 14:59:35 
1-Apr-19, 14:59:37 
1-Apr-19, 14:59:39 
1-Apr-19, 14:59:40 
1-Apr-19, 14:59:42 
1-Apr-19, 14:59:44 
1-Apr-19, 14:59:45 
1-Apr-19, 14:59:47 
1-Apr-19, 14:59:49 
1-Apr-19, 14:59:50 
1-Apr-19, 14:59:52 
1-Apr-19, 14:59:54 
1-Apr-19, 14:59:55 
1-Apr-19, 14:59:57 
1-Apr-19, 14:59:59 
1-Apr-19, 15:00:00 
1-Apr-19, 15:00:02 
1-Apr-19, 15:00:04 
1-Apr-19, 15:00:05 
1-Apr-19, 15:00:07 
1-Apr-19, 15:00:09 
1-Apr-19, 15:00:10 
1-Apr-19, 15:00:12 
1-Apr-19, 15:00:14 
1-Apr-19, 15:00:15 
1-Apr-19, 15:00:17 
1-Apr-19, 15:00:19 
1-Apr-19, 15:00:20 
1-Apr-19, 15:00:22 
1-Apr-19, 15:00:24 
1-Apr-19, 15:00:25 
1-Apr-19, 15:00:27 
1-Apr-19, 15:00:29 
1-Apr-19, 15:00:30 
1-Apr-19, 15:00:32 
1-Apr-19, 15:00:34 
1-Apr-19, 15:00:35 
1-Apr-19, 15:00:37 
1-Apr-19, 15:00:39 
1-Apr-19, 15:00:40 
1-Apr-19, 15:00:42 
1-Apr-19, 15:00:44 
1-Apr-19, 15:00:45 
1-Apr-19, 15:00:47 
1-Apr-19, 15:00:49 
1-Apr-19, 15:00:50 
1-Apr-19, 15:00:52 
1-Apr-19, 15:00:54 
1-Apr-19, 15:00:55 
1-Apr-19, 15:00:57 
1-Apr-19, 15:00:59 
1-Apr-19, 15:01:00 
1-Apr-19, 15:01:02 
1-Apr-19, 15:01:04 
1-Apr-19, 15:01:05 
1-Apr-19, 15:01:07 
1-Apr-19, 15:01:09 
1-Apr-19, 15:01:10 
1-Apr-19, 15:01:12 
1-Apr-19, 15:01:14 
1-Apr-19, 15:01:15 
1-Apr-19, 15:01:17 
1-Apr-19, 15:01:19 
1-Apr-19, 15:01:20 
1-Apr-19, 15:01:22 
1-Apr-19, 15:01:24 
1-Apr-19, 15:01:25 
1-Apr-19, 15:01:27 
1-Apr-19, 15:01:29 
1-Apr-19, 15:01:30 
1-Apr-19, 15:01:32 
1-Apr-19, 15:01:34 
1-Apr-19, 15:01:35 
1-Apr-19, 15:01:37 
1-Apr-19, 15:01:39 
1-Apr-19, 15:01:40 
1-Apr-19, 15:01:42 
1-Apr-19, 15:01:44 
1-Apr-19, 15:01:45 
1-Apr-19, 15:01:47 
1-Apr-19, 15:01:49 
1-Apr-19, 15:01:50 
1-Apr-19, 15:01:52 
1-Apr-19, 15:01:54 
1-Apr-19, 15:01:55 
1-Apr-19, 15:01:57 
1-Apr-19, 15:01:59 
1-Apr-19, 15:02:00 
1-Apr-19, 15:02:02 
1-Apr-19, 15:02:04 
1-Apr-19, 15:02:05 
1-Apr-19, 15:02:07 
1-Apr-19, 15:02:09 
1-Apr-19, 15:02:10 
1-Apr-19, 15:02:12 
1-Apr-19, 15:02:14 
1-Apr-19, 15:02:15 
1-Apr-19, 15:02:17 
1-Apr-19, 15:02:19 
1-Apr-19, 15:02:20 
1-Apr-19, 15:02:22 
1-Apr-19, 15:02:24 
1-Apr-19, 15:02:25 
1-Apr-19, 15:02:27 
1-Apr-19, 15:02:29 
1-Apr-19, 15:02:30 
1-Apr-19, 15:02:32 
1-Apr-19, 15:02:34 
1-Apr-19, 15:02:35 
1-Apr-19, 15:02:37 
1-Apr-19, 15:02:39 
1-Apr-19, 15:02:40 
1-Apr-19, 15:02:42 
1-Apr-19, 15:02:44 
1-Apr-19, 15:02:45 
1-Apr-19, 15:02:47 
1-Apr-19, 15:02:49 
1-Apr-19, 15:02:50 
1-Apr-19, 15:02:52 
1-Apr-19, 15:02:54 
1-Apr-19, 15:02:55 
1-Apr-19, 15:02:57 
1-Apr-19, 15:02:59 
1-Apr-19, 15:03:00 
1-Apr-19, 15:03:02 
1-Apr-19, 15:03:04 
1-Apr-19, 15:03:05 
1-Apr-19, 15:03:07 
1-Apr-19, 15:03:09 
1-Apr-19, 15:03:10 
1-Apr-19, 15:03:12 
1-Apr-19, 15:03:14 
1-Apr-19, 15:03:15 
1-Apr-19, 15:03:17 
1-Apr-19, 15:03:19 
1-Apr-19, 15:03:20 
1-Apr-19, 15:03:22 
1-Apr-19, 15:03:24 
1-Apr-19, 15:03:25 
1-Apr-19, 15:03:27 
1-Apr-19, 15:03:29 
1-Apr-19, 15:03:30 
1-Apr-19, 15:03:32 
1-Apr-19, 15:03:34 
1-Apr-19, 15:03:35 
1-Apr-19, 15:03:37 
1-Apr-19, 15:03:39 
1-Apr-19, 15:03:40 
1-Apr-19, 15:03:42 
1-Apr-19, 15:03:44 
1-Apr-19, 15:03:45 
1-Apr-19, 15:03:47 
1-Apr-19, 15:03:49 
1-Apr-19, 15:03:50 
1-Apr-19, 15:03:52 
1-Apr-19, 15:03:54 
1-Apr-19, 15:03:55 
1-Apr-19, 15:03:57 
1-Apr-19, 15:03:59 
1-Apr-19, 15:04:00 
1-Apr-19, 15:04:02 
1-Apr-19, 15:04:04 
1-Apr-19, 15:04:05 
1-Apr-19, 15:04:07 
1-Apr-19, 15:04:09 
1-Apr-19, 15:04:10 
1-Apr-19, 15:04:12 
1-Apr-19, 15:04:14 
1-Apr-19, 15:04:15 
1-Apr-19, 15:04:17 
1-Apr-19, 15:04:19 
1-Apr-19, 15:04:20 
1-Apr-19, 15:04:22 
1-Apr-19, 15:04:24 
1-Apr-19, 15:04:25 
1-Apr-19, 15:04:27 
1-Apr-19, 15:04:29 
1-Apr-19, 15:04:30 
1-Apr-19, 15:04:32 
1-Apr-19, 15:04:34 
1-Apr-19, 15:04:35 
1-Apr-19, 15:04:37 
1-Apr-19, 15:04:39 
1-Apr-19, 15:04:40 
1-Apr-19, 15:04:42 
1-Apr-19, 15:04:44 
1-Apr-19, 15:04:45 
1-Apr-19, 15:04:47 
1-Apr-19, 15:04:49 
1-Apr-19, 15:04:50 
1-Apr-19, 15:04:52 
1-Apr-19, 15:04:54 
1-Apr-19, 15:04:55 
1-Apr-19, 15:04:57 
1-Apr-19, 15:04:59 
1-Apr-19, 15:05:00 
1-Apr-19, 15:05:02 
1-Apr-19, 15:05:04 
1-Apr-19, 15:05:05 
1-Apr-19, 15:05:07 
1-Apr-19, 15:05:09 
1-Apr-19, 15:05:10 
1-Apr-19, 15:05:12 
1-Apr-19, 15:05:14 
1-Apr-19, 15:05:15 
1-Apr-19, 15:05:17 
1-Apr-19, 15:05:19 
1-Apr-19, 15:05:20 
1-Apr-19, 15:05:22 
1-Apr-19, 15:05:24 
1-Apr-19, 15:05:25 
1-Apr-19, 15:05:27 
1-Apr-19, 15:05:29 
1-Apr-19, 15:05:30 
1-Apr-19, 15:05:32 
1-Apr-19, 15:05:34 
1-Apr-19, 15:05:35 
1-Apr-19, 15:05:37 
1-Apr-19, 15:05:39 
1-Apr-19, 15:05:40 
1-Apr-19, 15:05:42 
1-Apr-19, 15:05:44 
1-Apr-19, 15:05:45 
1-Apr-19, 15:05:47 
1-Apr-19, 15:05:49 
1-Apr-19, 15:05:50 
1-Apr-19, 15:05:52 
1-Apr-19, 15:05:54 
1-Apr-19, 15:05:55 
1-Apr-19, 15:05:57 
1-Apr-19, 15:05:59 
1-Apr-19, 15:06:00 
1-Apr-19, 15:06:02 
1-Apr-19, 15:06:04 
1-Apr-19, 15:06:05 
1-Apr-19, 15:06:07 
1-Apr-19, 15:06:09 
1-Apr-19, 15:06:10 
1-Apr-19, 15:06:12 
1-Apr-19, 15:06:14 
1-Apr-19, 15:06:15 
1-Apr-19, 15:06:17 
1-Apr-19, 15:06:19 
1-Apr-19, 15:06:20 
1-Apr-19, 15:06:22 
1-Apr-19, 15:06:24 
1-Apr-19, 15:06:25 
1-Apr-19, 15:06:27 
1-Apr-19, 15:06:29 
1-Apr-19, 15:06:30 
1-Apr-19, 15:06:32 
1-Apr-19, 15:06:34 
1-Apr-19, 15:06:35 
1-Apr-19, 15:06:37 
1-Apr-19, 15:06:39 
1-Apr-19, 15:06:40 
1-Apr-19, 15:06:42 
1-Apr-19, 15:06:44 
1-Apr-19, 15:06:45 
1-Apr-19, 15:06:47 
1-Apr-19, 15:06:49 
1-Apr-19, 15:06:50 
1-Apr-19, 15:06:52 
1-Apr-19, 15:06:54 
1-Apr-19, 15:06:55 
1-Apr-19, 15:06:57 
1-Apr-19, 15:06:59 
1-Apr-19, 15:07:00 
1-Apr-19, 15:07:02 
1-Apr-19, 15:07:04 
1-Apr-19, 15:07:05 
1-Apr-19, 15:07:07 
1-Apr-19, 15:07:09 
1-Apr-19, 15:07:10 
1-Apr-19, 15:07:12 
1-Apr-19, 15:07:14 
1-Apr-19, 15:07:15 
1-Apr-19, 15:07:17 
1-Apr-19, 15:07:19 
1-Apr-19, 15:07:20 
1-Apr-19, 15:07:22 
1-Apr-19, 15:07:24 
1-Apr-19, 15:07:26 
1-Apr-19, 15:07:27 
1-Apr-19, 15:07:29 
1-Apr-19, 15:07:31 
1-Apr-19, 15:07:32 
1-Apr-19, 15:07:34 
1-Apr-19, 15:07:36 
1-Apr-19, 15:07:37 
1-Apr-19, 15:07:39 
1-Apr-19, 15:07:41 
1-Apr-19, 15:07:42 
1-Apr-19, 15:07:44 
1-Apr-19, 15:07:46 
1-Apr-19, 15:07:47 
1-Apr-19, 15:07:49 
1-Apr-19, 15:07:51 
1-Apr-19, 15:07:52 
1-Apr-19, 15:07:54 
1-Apr-19, 15:07:56 
1-Apr-19, 15:07:57 
1-Apr-19, 15:07:59 
1-Apr-19, 15:08:01 
1-Apr-19, 15:08:02 
1-Apr-19, 15:08:04 
1-Apr-19, 15:08:06 
1-Apr-19, 15:08:07 
1-Apr-19, 15:08:09 
1-Apr-19, 15:08:11 
1-Apr-19, 15:08:12 
1-Apr-19, 15:08:14 
1-Apr-19, 15:08:16 
1-Apr-19, 15:08:17 
1-Apr-19, 15:08:19 
1-Apr-19, 15:08:21 
1-Apr-19, 15:08:22 
1-Apr-19, 15:08:24 
1-Apr-19, 15:08:26 
1-Apr-19, 15:08:27 
1-Apr-19, 15:08:29 
1-Apr-19, 15:08:31 
1-Apr-19, 15:08:32 
1-Apr-19, 15:08:34 
1-Apr-19, 15:08:36 
1-Apr-19, 15:08:37 
1-Apr-19, 15:08:39 
1-Apr-19, 15:08:41 
1-Apr-19, 15:08:42 
1-Apr-19, 15:08:44 
1-Apr-19, 15:08:46 
1-Apr-19, 15:08:47 
1-Apr-19, 15:08:49 
1-Apr-19, 15:08:51 
1-Apr-19, 15:08:52 
1-Apr-19, 15:08:54 
1-Apr-19, 15:08:56 
1-Apr-19, 15:08:57 
1-Apr-19, 15:08:59 
1-Apr-19, 15:09:01 
1-Apr-19, 15:09:02 
1-Apr-19, 15:09:04 
1-Apr-19, 15:09:06 
1-Apr-19, 15:09:07 
1-Apr-19, 15:09:09 
1-Apr-19, 15:09:11 
1-Apr-19, 15:09:12 
1-Apr-19, 15:09:14 
1-Apr-19, 15:09:16 
1-Apr-19, 15:09:17 
1-Apr-19, 15:09:19 
1-Apr-19, 15:09:21 
1-Apr-19, 15:09:22 
1-Apr-19, 15:09:24 
1-Apr-19, 15:09:26 
1-Apr-19, 15:09:27 
1-Apr-19, 15:09:29 
1-Apr-19, 15:09:31 
1-Apr-19, 15:09:32 
1-Apr-19, 15:09:34 
1-Apr-19, 15:09:36 
1-Apr-19, 15:09:37 
1-Apr-19, 15:09:39 
1-Apr-19, 15:09:41 
1-Apr-19, 15:09:42 
1-Apr-19, 15:09:44 
1-Apr-19, 15:09:46 
1-Apr-19, 15:09:47 
1-Apr-19, 15:09:49 
1-Apr-19, 15:09:51 
1-Apr-19, 15:09:52 
1-Apr-19, 15:09:54 
1-Apr-19, 15:09:56 
1-Apr-19, 15:09:57 
1-Apr-19, 15:09:59 
1-Apr-19, 15:10:01 
1-Apr-19, 15:10:02 
1-Apr-19, 15:10:04 
1-Apr-19, 15:10:06 
1-Apr-19, 15:10:07 
1-Apr-19, 15:10:09 
1-Apr-19, 15:10:11 
1-Apr-19, 15:10:12 
1-Apr-19, 15:10:14 
1-Apr-19, 15:10:16 
1-Apr-19, 15:10:17 
1-Apr-19, 15:10:19 
1-Apr-19, 15:10:21 
1-Apr-19, 15:10:22 
1-Apr-19, 15:10:24 
1-Apr-19, 15:10:26 
1-Apr-19, 15:10:27 
1-Apr-19, 15:10:29 
1-Apr-19, 15:10:31 
1-Apr-19, 15:10:32 
1-Apr-19, 15:10:34 
1-Apr-19, 15:10:36 
1-Apr-19, 15:10:37 
1-Apr-19, 15:10:39 
1-Apr-19, 15:10:41 
1-Apr-19, 15:10:42 
1-Apr-19, 15:10:44 
1-Apr-19, 15:10:46 
1-Apr-19, 15:10:47 
1-Apr-19, 15:10:49 
1-Apr-19, 15:10:51 
1-Apr-19, 15:10:52 
1-Apr-19, 15:10:54 
1-Apr-19, 15:10:56 
1-Apr-19, 15:10:57 
1-Apr-19, 15:10:59 
1-Apr-19, 15:11:01 
1-Apr-19, 15:11:02 
1-Apr-19, 15:11:04 
1-Apr-19, 15:11:06 
1-Apr-19, 15:11:07 
1-Apr-19, 15:11:09 
1-Apr-19, 15:11:11 
1-Apr-19, 15:11:12 
1-Apr-19, 15:11:14 
1-Apr-19, 15:11:16 
1-Apr-19, 15:11:17 
1-Apr-19, 15:11:19 
1-Apr-19, 15:11:21 
1-Apr-19, 15:11:22 
1-Apr-19, 15:11:24 
1-Apr-19, 15:11:26 
1-Apr-19, 15:11:27 
1-Apr-19, 15:11:29 
1-Apr-19, 15:11:31 
1-Apr-19, 15:11:32 
1-Apr-19, 15:11:34 
1-Apr-19, 15:11:36 
1-Apr-19, 15:11:37 
1-Apr-19, 15:11:39 
1-Apr-19, 15:11:41 
1-Apr-19, 15:11:42 
1-Apr-19, 15:11:44 
1-Apr-19, 15:11:46 
1-Apr-19, 15:11:47 
1-Apr-19, 15:11:49 
1-Apr-19, 15:11:51 
1-Apr-19, 15:11:52 
1-Apr-19, 15:11:54 
1-Apr-19, 15:11:56 
1-Apr-19, 15:11:57 
1-Apr-19, 15:11:59 
1-Apr-19, 15:12:01 
1-Apr-19, 15:12:02 
1-Apr-19, 15:12:04 
1-Apr-19, 15:12:06 
1-Apr-19, 15:12:07 
1-Apr-19, 15:12:09 
1-Apr-19, 15:12:11 
1-Apr-19, 15:12:12 
1-Apr-19, 15:12:14 
1-Apr-19, 15:12:16 
1-Apr-19, 15:12:17 
1-Apr-19, 15:12:19 
1-Apr-19, 15:12:21 
1-Apr-19, 15:12:22 
1-Apr-19, 15:12:24 
1-Apr-19, 15:12:26 
1-Apr-19, 15:12:27 
1-Apr-19, 15:12:29 
1-Apr-19, 15:12:31 
1-Apr-19, 15:12:32 
1-Apr-19, 15:12:34 
1-Apr-19, 15:12:36 
1-Apr-19, 15:12:37 
1-Apr-19, 15:12:39 
1-Apr-19, 15:12:41 
1-Apr-19, 15:12:42 
1-Apr-19, 15:12:44 
1-Apr-19, 15:12:46 
1-Apr-19, 15:12:47 
1-Apr-19, 15:12:49 
1-Apr-19, 15:12:51 
1-Apr-19, 15:12:52 
1-Apr-19, 15:12:54 
1-Apr-19, 15:12:56 
1-Apr-19, 15:12:57 
1-Apr-19, 15:12:59 
1-Apr-19, 15:13:01 
1-Apr-19, 15:13:02 
1-Apr-19, 15:13:04 
1-Apr-19, 15:13:06 
1-Apr-19, 15:13:07 
1-Apr-19, 15:13:09 
1-Apr-19, 15:13:11 
1-Apr-19, 15:13:12 
1-Apr-19, 15:13:14 
1-Apr-19, 15:13:16 
1-Apr-19, 15:13:17 
1-Apr-19, 15:13:19 
1-Apr-19, 15:13:21 
1-Apr-19, 15:13:22 
1-Apr-19, 15:13:24 
1-Apr-19, 15:13:26 
1-Apr-19, 15:13:27 
1-Apr-19, 15:13:29 
1-Apr-19, 15:13:31 
1-Apr-19, 15:13:32 
1-Apr-19, 15:13:34 
1-Apr-19, 15:13:36 
1-Apr-19, 15:13:37 
1-Apr-19, 15:13:39 
1-Apr-19, 15:13:41 
1-Apr-19, 15:13:42 
1-Apr-19, 15:13:44 
1-Apr-19, 15:13:46 
1-Apr-19, 15:13:47 
1-Apr-19, 15:13:49 
1-Apr-19, 15:13:51 
1-Apr-19, 15:13:52 
1-Apr-19, 15:13:54 
1-Apr-19, 15:13:56 
1-Apr-19, 15:13:57 
1-Apr-19, 15:13:59 
1-Apr-19, 15:14:01 
1-Apr-19, 15:14:02 
1-Apr-19, 15:14:04 
1-Apr-19, 15:14:06 
1-Apr-19, 15:14:07 
1-Apr-19, 15:14:09 
1-Apr-19, 15:14:11 
1-Apr-19, 15:14:12 
1-Apr-19, 15:14:14 
1-Apr-19, 15:14:16 
1-Apr-19, 15:14:17 
1-Apr-19, 15:14:19 
1-Apr-19, 15:14:21 
1-Apr-19, 15:14:22 
1-Apr-19, 15:14:24 
1-Apr-19, 15:14:26 
1-Apr-19, 15:14:27 
1-Apr-19, 15:14:29 
1-Apr-19, 15:14:31 
1-Apr-19, 15:14:32 
1-Apr-19, 15:14:34 
1-Apr-19, 15:14:36 
1-Apr-19, 15:14:37 
1-Apr-19, 15:14:39 
1-Apr-19, 15:14:41 
1-Apr-19, 15:14:42 
1-Apr-19, 15:14:44 
1-Apr-19, 15:14:46 
1-Apr-19, 15:14:47 
1-Apr-19, 15:14:49 
1-Apr-19, 15:14:51 
1-Apr-19, 15:14:52 
1-Apr-19, 15:14:54 
1-Apr-19, 15:14:56 
1-Apr-19, 15:14:57 
1-Apr-19, 15:14:59 
1-Apr-19, 15:15:01 
1-Apr-19, 15:15:02 
1-Apr-19, 15:15:04 
1-Apr-19, 15:15:06 
1-Apr-19, 15:15:07 
1-Apr-19, 15:15:09 
1-Apr-19, 15:15:11 
1-Apr-19, 15:15:12 
1-Apr-19, 15:15:14 
1-Apr-19, 15:15:16 
1-Apr-19, 15:15:17 
1-Apr-19, 15:15:19 
1-Apr-19, 15:15:21 
1-Apr-19, 15:15:22 
1-Apr-19, 15:15:24 
1-Apr-19, 15:15:26 
1-Apr-19, 15:15:27 
1-Apr-19, 15:15:29 
1-Apr-19, 15:15:31 
1-Apr-19, 15:15:32 
1-Apr-19, 15:15:34 
1-Apr-19, 15:15:36 
1-Apr-19, 15:15:37 
1-Apr-19, 15:15:39 
1-Apr-19, 15:15:41 
1-Apr-19, 15:15:42 
1-Apr-19, 15:15:44 
1-Apr-19, 15:15:46 
1-Apr-19, 15:15:47 
1-Apr-19, 15:15:49 
1-Apr-19, 15:15:51 
1-Apr-19, 15:15:52 
1-Apr-19, 15:15:54 
1-Apr-19, 15:15:56 
1-Apr-19, 15:15:57 
1-Apr-19, 15:15:59 
1-Apr-19, 15:16:01 
1-Apr-19, 15:16:02 
1-Apr-19, 15:16:04 
1-Apr-19, 15:16:06 
1-Apr-19, 15:16:07 
1-Apr-19, 15:16:09 
1-Apr-19, 15:16:11 
1-Apr-19, 15:16:12 
1-Apr-19, 15:16:14 
1-Apr-19, 15:16:16 
1-Apr-19, 15:16:17 
1-Apr-19, 15:16:19 
1-Apr-19, 15:16:21 
1-Apr-19, 15:16:22 
1-Apr-19, 15:16:24 
1-Apr-19, 15:16:26 
1-Apr-19, 15:16:27 
1-Apr-19, 15:16:29 
1-Apr-19, 15:16:31 
1-Apr-19, 15:16:32 
1-Apr-19, 15:16:34 
1-Apr-19, 15:16:36 
1-Apr-19, 15:16:37 
1-Apr-19, 15:16:39 
1-Apr-19, 15:16:41 
1-Apr-19, 15:16:42 
1-Apr-19, 15:16:44 
1-Apr-19, 15:16:46 
1-Apr-19, 15:16:47 
1-Apr-19, 15:16:49 
1-Apr-19, 15:16:51 
1-Apr-19, 15:16:52 
1-Apr-19, 15:16:54 
1-Apr-19, 15:16:56 
1-Apr-19, 15:16:57 
1-Apr-19, 15:16:59 
1-Apr-19, 15:17:01 
1-Apr-19, 15:17:02 
1-Apr-19, 15:17:04 
1-Apr-19, 15:17:06 
1-Apr-19, 15:17:07 
1-Apr-19, 15:17:09 
1-Apr-19, 15:17:11 
1-Apr-19, 15:17:12 
1-Apr-19, 15:17:14 
1-Apr-19, 15:17:16 
1-Apr-19, 15:17:17 
1-Apr-19, 15:17:19 
1-Apr-19, 15:17:21 
1-Apr-19, 15:17:22 
1-Apr-19, 15:17:24 
1-Apr-19, 15:17:26 
1-Apr-19, 15:17:27 
1-Apr-19, 15:17:29 
1-Apr-19, 15:17:31 
1-Apr-19, 15:17:32 
1-Apr-19, 15:17:34 
1-Apr-19, 15:17:36 
1-Apr-19, 15:17:37 
1-Apr-19, 15:17:39 
1-Apr-19, 15:17:41 
1-Apr-19, 15:17:42 
1-Apr-19, 15:17:44 
1-Apr-19, 15:17:46 
1-Apr-19, 15:17:47 
1-Apr-19, 15:17:49 
1-Apr-19, 15:17:51 
1-Apr-19, 15:17:52 
1-Apr-19, 15:17:54 
1-Apr-19, 15:17:56 
1-Apr-19, 15:17:57 
1-Apr-19, 15:17:59 
1-Apr-19, 15:18:01 
1-Apr-19, 15:18:02 
1-Apr-19, 15:18:04 
1-Apr-19, 15:18:06 
1-Apr-19, 15:18:07 
1-Apr-19, 15:18:09 
1-Apr-19, 15:18:11 
1-Apr-19, 15:18:12 
1-Apr-19, 15:18:14 
1-Apr-19, 15:18:16 
1-Apr-19, 15:18:17 
1-Apr-19, 15:18:19 
1-Apr-19, 15:18:21 
1-Apr-19, 15:18:22 
1-Apr-19, 15:18:24 
1-Apr-19, 15:18:26 
1-Apr-19, 15:18:27 
1-Apr-19, 15:18:29 
1-Apr-19, 15:18:31 
1-Apr-19, 15:18:32 
1-Apr-19, 15:18:34 
1-Apr-19, 15:18:36 
1-Apr-19, 15:18:37 
1-Apr-19, 15:18:39 
1-Apr-19, 15:18:41 
1-Apr-19, 15:18:42 
1-Apr-19, 15:18:44 
1-Apr-19, 15:18:46 
1-Apr-19, 15:18:47 
1-Apr-19, 15:18:49 
1-Apr-19, 15:18:51 
1-Apr-19, 15:18:52 
1-Apr-19, 15:18:54 
1-Apr-19, 15:18:56 
1-Apr-19, 15:18:57 
1-Apr-19, 15:18:59 
1-Apr-19, 15:19:01 
1-Apr-19, 15:19:02 
1-Apr-19, 15:19:04 
1-Apr-19, 15:19:06 
1-Apr-19, 15:19:07 
1-Apr-19, 15:19:09 
1-Apr-19, 15:19:11 
1-Apr-19, 15:19:12 
1-Apr-19, 15:19:14 
1-Apr-19, 15:19:16 
1-Apr-19, 15:19:17 
1-Apr-19, 15:19:19 
1-Apr-19, 15:19:21 
1-Apr-19, 15:19:22 
1-Apr-19, 15:19:24 
1-Apr-19, 15:19:26 
1-Apr-19, 15:19:27 
1-Apr-19, 15:19:29 
1-Apr-19, 15:19:31 
1-Apr-19, 15:19:32 
1-Apr-19, 15:19:34 
1-Apr-19, 15:19:36 
1-Apr-19, 15:19:37 
1-Apr-19, 15:19:39 
1-Apr-19, 15:19:41 
1-Apr-19, 15:19:42 
1-Apr-19, 15:19:44 
1-Apr-19, 15:19:46 
1-Apr-19, 15:19:47 
1-Apr-19, 15:19:49 
1-Apr-19, 15:19:51 
1-Apr-19, 15:19:52 
1-Apr-19, 15:19:54 
1-Apr-19, 15:19:56 
1-Apr-19, 15:19:57 
1-Apr-19, 15:19:59 
1-Apr-19, 15:20:01 
1-Apr-19, 15:20:02 
1-Apr-19, 15:20:04 
1-Apr-19, 15:20:06 
1-Apr-19, 15:20:07 
1-Apr-19, 15:20:09 
1-Apr-19, 15:20:11 
1-Apr-19, 15:20:12 
1-Apr-19, 15:20:14 
1-Apr-19, 15:20:16 
1-Apr-19, 15:20:17 
1-Apr-19, 15:20:19 
1-Apr-19, 15:20:21 
1-Apr-19, 15:20:22 
1-Apr-19, 15:20:24 
1-Apr-19, 15:20:26 
1-Apr-19, 15:20:27 
1-Apr-19, 15:20:29 
1-Apr-19, 15:20:31 
1-Apr-19, 15:20:32 
1-Apr-19, 15:20:34 
1-Apr-19, 15:20:36 
1-Apr-19, 15:20:37 
1-Apr-19, 15:20:39 
1-Apr-19, 15:20:41 
1-Apr-19, 15:20:42 
1-Apr-19, 15:20:44 
1-Apr-19, 15:20:46 
1-Apr-19, 15:20:47 
1-Apr-19, 15:20:49 
1-Apr-19, 15:20:51 
1-Apr-19, 15:20:52 
1-Apr-19, 15:20:54 
1-Apr-19, 15:20:56 
1-Apr-19, 15:20:57 
1-Apr-19, 15:20:59 
1-Apr-19, 15:21:01 
1-Apr-19, 15:21:02 
1-Apr-19, 15:21:04 
1-Apr-19, 15:21:06 
1-Apr-19, 15:21:07 
1-Apr-19, 15:21:09 
1-Apr-19, 15:21:11 
1-Apr-19, 15:21:12 
1-Apr-19, 15:21:14 
1-Apr-19, 15:21:16 
1-Apr-19, 15:21:17 
1-Apr-19, 15:21:19 
1-Apr-19, 15:21:21 
1-Apr-19, 15:21:22 
1-Apr-19, 15:21:24 
1-Apr-19, 15:21:26 
1-Apr-19, 15:21:27 
1-Apr-19, 15:21:29 
1-Apr-19, 15:21:31 
1-Apr-19, 15:21:32 
1-Apr-19, 15:21:34 
1-Apr-19, 15:21:36 
1-Apr-19, 15:21:37 
1-Apr-19, 15:21:39 
1-Apr-19, 15:21:41 
1-Apr-19, 15:21:42 
1-Apr-19, 15:21:44 
1-Apr-19, 15:21:46 
1-Apr-19, 15:21:47 
1-Apr-19, 15:21:49 
1-Apr-19, 15:21:51 
1-Apr-19, 15:21:52 
1-Apr-19, 15:21:54 
1-Apr-19, 15:21:56 
1-Apr-19, 15:21:57 
1-Apr-19, 15:21:59 
1-Apr-19, 15:22:01 
1-Apr-19, 15:22:02 
1-Apr-19, 15:22:04 
1-Apr-19, 15:22:06 
1-Apr-19, 15:22:07 
1-Apr-19, 15:22:09 
1-Apr-19, 15:22:11 
1-Apr-19, 15:22:12 
1-Apr-19, 15:22:14 
1-Apr-19, 15:22:16 
1-Apr-19, 15:22:17 
1-Apr-19, 15:22:19 
1-Apr-19, 15:22:21 
1-Apr-19, 15:22:22 
1-Apr-19, 15:22:24 
1-Apr-19, 15:22:26 
1-Apr-19, 15:22:27 
1-Apr-19, 15:22:29 
1-Apr-19, 15:22:31 
1-Apr-19, 15:22:32 
1-Apr-19, 17:02:36 
1-Apr-19, 17:02:37 
1-Apr-19, 17:02:39 
1-Apr-19, 17:02:41 
1-Apr-19, 17:02:42 
1-Apr-19, 17:02:44 
1-Apr-19, 17:02:46 
1-Apr-19, 17:02:47 
1-Apr-19, 17:02:49 
1-Apr-19, 17:02:51 
1-Apr-19, 17:02:52 
1-Apr-19, 17:02:54 
1-Apr-19, 17:02:56 
1-Apr-19, 17:02:57 
1-Apr-19, 17:02:59 
1-Apr-19, 17:03:01 
1-Apr-19, 17:03:02 
1-Apr-19, 17:03:04 
1-Apr-19, 17:03:06 
1-Apr-19, 17:03:07 
1-Apr-19, 17:03:09 
1-Apr-19, 17:03:11 
1-Apr-19, 17:03:12 
1-Apr-19, 17:03:14 
1-Apr-19, 17:03:16 
1-Apr-19, 17:03:17 
1-Apr-19, 17:03:19 
1-Apr-19, 17:03:21 
1-Apr-19, 17:03:22 
1-Apr-19, 17:03:24 
1-Apr-19, 17:03:26 
1-Apr-19, 17:03:27 
1-Apr-19, 17:03:29 
1-Apr-19, 17:03:31 
1-Apr-19, 17:03:32 
1-Apr-19, 17:03:34 
1-Apr-19, 17:03:36 
1-Apr-19, 17:03:37 
1-Apr-19, 17:03:39 
1-Apr-19, 17:03:41 
1-Apr-19, 17:03:42 
1-Apr-19, 17:03:44 
1-Apr-19, 17:03:46 
1-Apr-19, 17:03:47 
1-Apr-19, 17:03:49 
1-Apr-19, 17:03:51 
1-Apr-19, 17:03:52 
1-Apr-19, 17:03:54 
1-Apr-19, 17:03:56 
1-Apr-19, 17:03:57 
1-Apr-19, 17:03:59 
1-Apr-19, 17:04:01 
1-Apr-19, 17:04:02 
1-Apr-19, 17:04:04 
1-Apr-19, 17:04:06 
1-Apr-19, 17:04:07 
1-Apr-19, 17:04:09 
1-Apr-19, 17:04:11 
1-Apr-19, 17:04:12 
1-Apr-19, 17:04:14 
1-Apr-19, 17:04:16 
1-Apr-19, 17:04:17 
1-Apr-19, 17:04:19 
1-Apr-19, 17:04:21 
1-Apr-19, 17:04:22 
1-Apr-19, 17:04:24 
1-Apr-19, 17:04:26 
1-Apr-19, 17:04:27 
1-Apr-19, 17:04:29 
1-Apr-19, 17:04:31 
1-Apr-19, 17:04:32 
1-Apr-19, 17:04:34 
1-Apr-19, 17:04:36 
1-Apr-19, 17:04:37 
1-Apr-19, 17:04:39 
1-Apr-19, 17:04:41 
1-Apr-19, 17:04:42 
1-Apr-19, 17:04:44 
1-Apr-19, 17:04:46 
1-Apr-19, 17:04:47 
1-Apr-19, 17:04:49 
1-Apr-19, 17:04:51 
1-Apr-19, 17:04:52 
1-Apr-19, 17:04:54 
1-Apr-19, 17:04:56 
1-Apr-19, 17:04:57 
1-Apr-19, 17:04:59 
1-Apr-19, 17:05:01 
1-Apr-19, 17:05:02 
1-Apr-19, 17:05:04 
1-Apr-19, 17:05:06 
1-Apr-19, 17:05:07 
1-Apr-19, 17:05:09 
1-Apr-19, 17:05:11 
1-Apr-19, 17:05:12 
1-Apr-19, 17:05:14 
1-Apr-19, 17:05:16 
1-Apr-19, 17:05:17 
1-Apr-19, 17:05:19 
1-Apr-19, 17:05:21 
1-Apr-19, 17:05:22 
1-Apr-19, 17:05:24 
1-Apr-19, 17:05:26 
1-Apr-19, 17:05:27 
1-Apr-19, 17:05:29 
1-Apr-19, 17:05:31 
1-Apr-19, 17:05:32 
1-Apr-19, 17:05:34 
1-Apr-19, 17:05:36 
1-Apr-19, 17:05:37 
1-Apr-19, 17:05:39 
1-Apr-19, 17:05:41 
1-Apr-19, 17:05:42 
1-Apr-19, 17:05:44 
1-Apr-19, 17:05:46 
1-Apr-19, 17:05:47 
1-Apr-19, 17:05:49 
1-Apr-19, 17:05:51 
1-Apr-19, 17:05:52 
1-Apr-19, 17:05:54 
1-Apr-19, 17:05:56 
1-Apr-19, 17:05:57 
1-Apr-19, 17:05:59 
1-Apr-19, 17:06:01 
1-Apr-19, 17:06:02 
1-Apr-19, 17:06:04 
1-Apr-19, 17:06:06 
1-Apr-19, 17:06:07 
1-Apr-19, 17:06:09 
1-Apr-19, 17:06:11 
1-Apr-19, 17:06:12 
1-Apr-19, 17:06:14 
1-Apr-19, 17:06:16 
1-Apr-19, 17:06:17 
1-Apr-19, 17:06:19 
1-Apr-19, 17:06:21 
1-Apr-19, 17:06:22 
1-Apr-19, 17:06:24 
1-Apr-19, 17:06:26 
1-Apr-19, 17:06:27 
1-Apr-19, 17:06:29 
1-Apr-19, 17:06:31 
1-Apr-19, 17:06:32 
1-Apr-19, 17:06:34 
1-Apr-19, 17:06:36 
1-Apr-19, 17:06:37 
1-Apr-19, 17:06:39 
1-Apr-19, 17:06:41 
1-Apr-19, 17:06:42 
1-Apr-19, 17:06:44 
1-Apr-19, 17:06:46 
1-Apr-19, 17:06:47 
1-Apr-19, 17:06:49 
1-Apr-19, 17:06:51 
1-Apr-19, 17:06:52 
1-Apr-19, 17:06:54 
1-Apr-19, 17:06:56 
1-Apr-19, 17:06:57 
1-Apr-19, 17:06:59 
1-Apr-19, 17:07:01 
1-Apr-19, 17:07:02 
1-Apr-19, 17:07:04 
1-Apr-19, 17:07:06 
1-Apr-19, 17:07:07 
1-Apr-19, 17:07:09 
1-Apr-19, 17:07:11 
1-Apr-19, 17:07:12 
1-Apr-19, 17:07:14 
1-Apr-19, 17:07:16 
1-Apr-19, 17:07:17 
1-Apr-19, 17:07:19 
1-Apr-19, 17:07:21 
1-Apr-19, 17:07:22 
1-Apr-19, 17:07:24 
1-Apr-19, 17:07:26 
1-Apr-19, 17:07:27 
1-Apr-19, 17:07:29 
1-Apr-19, 17:07:31 
1-Apr-19, 17:07:32 
1-Apr-19, 17:07:34 
1-Apr-19, 17:07:36 
1-Apr-19, 17:07:37 
1-Apr-19, 17:07:39 
1-Apr-19, 17:07:41 
1-Apr-19, 17:07:42 
1-Apr-19, 17:07:44 
1-Apr-19, 17:07:46 
1-Apr-19, 17:07:47 
1-Apr-19, 17:07:49 
1-Apr-19, 17:07:51 
1-Apr-19, 17:07:52 
1-Apr-19, 17:07:54 
1-Apr-19, 17:07:56 
1-Apr-19, 17:07:57 
1-Apr-19, 17:07:59 
1-Apr-19, 17:08:01 
1-Apr-19, 17:08:02 
1-Apr-19, 17:08:04 
1-Apr-19, 17:08:06 
1-Apr-19, 17:08:07 
1-Apr-19, 17:08:09 
1-Apr-19, 17:08:11 
1-Apr-19, 17:08:12 
1-Apr-19, 17:08:14 
1-Apr-19, 17:08:16 
1-Apr-19, 17:08:17 
1-Apr-19, 17:08:19 
1-Apr-19, 17:08:21 
1-Apr-19, 17:08:22 
1-Apr-19, 17:08:24 
1-Apr-19, 17:08:26 
1-Apr-19, 17:08:27 
1-Apr-19, 17:08:29 
1-Apr-19, 17:08:31 
1-Apr-19, 17:08:32 
1-Apr-19, 17:08:34 
1-Apr-19, 17:08:36 
1-Apr-19, 17:08:37 
1-Apr-19, 17:08:39 
1-Apr-19, 17:08:41 
1-Apr-19, 17:08:42 
1-Apr-19, 17:08:44 
1-Apr-19, 17:08:46 
1-Apr-19, 17:08:47 
1-Apr-19, 17:08:49 
1-Apr-19, 17:08:51 
1-Apr-19, 17:08:52 
1-Apr-19, 17:08:54 
1-Apr-19, 17:08:56 
1-Apr-19, 17:08:57 
1-Apr-19, 17:08:59 
1-Apr-19, 17:09:01 
1-Apr-19, 17:09:02 
1-Apr-19, 17:09:04 
1-Apr-19, 17:09:06 
1-Apr-19, 17:09:07 
1-Apr-19, 17:09:09 
1-Apr-19, 17:09:11 
1-Apr-19, 17:09:12 
1-Apr-19, 17:09:14 
1-Apr-19, 17:09:16 
1-Apr-19, 17:09:17 
1-Apr-19, 17:09:19 
1-Apr-19, 17:09:21 
1-Apr-19, 17:09:23 
1-Apr-19, 17:09:24 
1-Apr-19, 17:09:26 
1-Apr-19, 17:09:28 
1-Apr-19, 17:09:29 
1-Apr-19, 17:09:31 
1-Apr-19, 17:09:33 
1-Apr-19, 17:09:34 
1-Apr-19, 17:09:36 
1-Apr-19, 17:09:38 
1-Apr-19, 17:09:39 
1-Apr-19, 17:09:41 
1-Apr-19, 17:09:43 
1-Apr-19, 17:09:44 
1-Apr-19, 17:09:46 
1-Apr-19, 17:09:48 
1-Apr-19, 17:09:49 
1-Apr-19, 17:09:51 
1-Apr-19, 17:09:53 
1-Apr-19, 17:09:54 
1-Apr-19, 17:09:56 
1-Apr-19, 17:09:58 
1-Apr-19, 17:09:59 
1-Apr-19, 17:10:01 
1-Apr-19, 17:10:03 
1-Apr-19, 17:10:04 
1-Apr-19, 17:10:06 
1-Apr-19, 17:10:08 
1-Apr-19, 17:10:09 
1-Apr-19, 17:10:11 
1-Apr-19, 17:10:13 
1-Apr-19, 17:10:14 
1-Apr-19, 17:10:16 
1-Apr-19, 17:10:18 
1-Apr-19, 17:10:19 
1-Apr-19, 17:10:21 
1-Apr-19, 17:10:23 
1-Apr-19, 17:10:24 
1-Apr-19, 17:10:26 
1-Apr-19, 17:10:28 
1-Apr-19, 17:10:29 
1-Apr-19, 17:10:31 
1-Apr-19, 17:10:33 
1-Apr-19, 17:10:34 
1-Apr-19, 17:10:36 
1-Apr-19, 17:10:38 
1-Apr-19, 17:10:39 
1-Apr-19, 17:10:41 
1-Apr-19, 17:10:43 
1-Apr-19, 17:10:44 
1-Apr-19, 17:10:46 
1-Apr-19, 17:10:48 
1-Apr-19, 17:10:49 
1-Apr-19, 17:10:51 
1-Apr-19, 17:10:53 
1-Apr-19, 17:10:54 
1-Apr-19, 17:10:56 
1-Apr-19, 17:10:58 
1-Apr-19, 17:10:59 
1-Apr-19, 17:11:01 
1-Apr-19, 17:11:03 
1-Apr-19, 17:11:04 
1-Apr-19, 17:11:06 
1-Apr-19, 17:11:08 
1-Apr-19, 17:11:09 
1-Apr-19, 17:11:11 
1-Apr-19, 17:11:13 
1-Apr-19, 17:11:14 
1-Apr-19, 17:11:16 
1-Apr-19, 17:11:18 
1-Apr-19, 17:11:19 
1-Apr-19, 17:11:21 
1-Apr-19, 17:11:23 
1-Apr-19, 17:11:24 
1-Apr-19, 17:11:26 
1-Apr-19, 17:11:28 
1-Apr-19, 17:11:29 
1-Apr-19, 17:11:31 
1-Apr-19, 17:11:33 
1-Apr-19, 17:11:34 
1-Apr-19, 17:11:36 
1-Apr-19, 17:11:38 
1-Apr-19, 17:11:39 
1-Apr-19, 17:11:41 
1-Apr-19, 17:11:43 
1-Apr-19, 17:11:44 
1-Apr-19, 17:11:46 
1-Apr-19, 17:11:48 
1-Apr-19, 17:11:49 
1-Apr-19, 17:11:51 
1-Apr-19, 17:11:53 
1-Apr-19, 17:11:54 
1-Apr-19, 17:11:56 
1-Apr-19, 17:11:58 
1-Apr-19, 17:11:59 
1-Apr-19, 17:12:01 
1-Apr-19, 17:12:03 
1-Apr-19, 17:12:04 
1-Apr-19, 17:12:06 
1-Apr-19, 17:12:08 
1-Apr-19, 17:12:09 
1-Apr-19, 17:12:11 
1-Apr-19, 17:12:13 
1-Apr-19, 17:12:14 
1-Apr-19, 17:12:16 
1-Apr-19, 17:12:18 
1-Apr-19, 17:12:19 
1-Apr-19, 17:12:21 
1-Apr-19, 17:12:23 
1-Apr-19, 17:12:24 
1-Apr-19, 17:12:26 
1-Apr-19, 17:12:28 
1-Apr-19, 17:12:29 
1-Apr-19, 17:12:31 
1-Apr-19, 17:12:33 
1-Apr-19, 17:12:34 
1-Apr-19, 17:12:36 
1-Apr-19, 17:12:38 
1-Apr-19, 17:12:39 
1-Apr-19, 17:12:41 
1-Apr-19, 17:12:43 
1-Apr-19, 17:12:44 
1-Apr-19, 17:12:46 
1-Apr-19, 17:12:48 
1-Apr-19, 17:12:49 
1-Apr-19, 17:12:51 
1-Apr-19, 17:12:53 
1-Apr-19, 17:12:54 
1-Apr-19, 17:12:56 
1-Apr-19, 17:12:58 
1-Apr-19, 17:12:59 
1-Apr-19, 17:13:01 
1-Apr-19, 17:13:03 
1-Apr-19, 17:13:04 
1-Apr-19, 17:13:06 
1-Apr-19, 17:13:08 
1-Apr-19, 17:13:09 
1-Apr-19, 17:13:11 
1-Apr-19, 17:13:13 
1-Apr-19, 17:13:14 
1-Apr-19, 17:13:16 
1-Apr-19, 17:13:18 
1-Apr-19, 17:13:19 
1-Apr-19, 17:13:21 
1-Apr-19, 17:13:23 
1-Apr-19, 17:13:24 
1-Apr-19, 17:13:26 
1-Apr-19, 17:13:28 
1-Apr-19, 17:13:29 
1-Apr-19, 17:13:31 
1-Apr-19, 17:13:33 
1-Apr-19, 17:13:34 
1-Apr-19, 17:13:36 
1-Apr-19, 17:13:38 
1-Apr-19, 17:13:39 
1-Apr-19, 17:13:41 
1-Apr-19, 17:13:43 
1-Apr-19, 17:13:44 
1-Apr-19, 17:13:46 
1-Apr-19, 17:13:48 
1-Apr-19, 17:13:49 
1-Apr-19, 17:13:51 
1-Apr-19, 17:13:53 
1-Apr-19, 17:13:54 
1-Apr-19, 17:13:56 
1-Apr-19, 17:13:58 
1-Apr-19, 17:13:59 
1-Apr-19, 17:14:01 
1-Apr-19, 17:14:03 
1-Apr-19, 17:14:04 
1-Apr-19, 17:14:06 
1-Apr-19, 17:14:08 
1-Apr-19, 17:14:09 
1-Apr-19, 17:14:11 
1-Apr-19, 17:14:13 
1-Apr-19, 17:14:14 
1-Apr-19, 17:14:16 
1-Apr-19, 17:14:18 
1-Apr-19, 17:14:19 
1-Apr-19, 17:14:21 
1-Apr-19, 17:14:23 
1-Apr-19, 17:14:24 
1-Apr-19, 17:14:26 
1-Apr-19, 17:14:28 
1-Apr-19, 17:14:29 
1-Apr-19, 17:14:31 
1-Apr-19, 17:14:33 
1-Apr-19, 17:14:34 
1-Apr-19, 17:14:36 
1-Apr-19, 17:14:38 
1-Apr-19, 17:14:39 
1-Apr-19, 17:14:41 
1-Apr-19, 17:14:43 
1-Apr-19, 17:14:44 
1-Apr-19, 17:14:46 
1-Apr-19, 17:14:48 
1-Apr-19, 17:14:49 
1-Apr-19, 17:14:51 
1-Apr-19, 17:14:53 
1-Apr-19, 17:14:54 
1-Apr-19, 17:14:56 
1-Apr-19, 17:14:58 
1-Apr-19, 17:14:59 
1-Apr-19, 17:15:01 
1-Apr-19, 17:15:03 
1-Apr-19, 17:15:04 
1-Apr-19, 17:15:06 
1-Apr-19, 17:15:08 
1-Apr-19, 17:15:09 
1-Apr-19, 17:15:11 
1-Apr-19, 17:15:13 
1-Apr-19, 17:15:14 
1-Apr-19, 17:15:16 
1-Apr-19, 17:15:18 
1-Apr-19, 17:15:19 
1-Apr-19, 17:15:21 
1-Apr-19, 17:15:23 
1-Apr-19, 17:15:24 
1-Apr-19, 17:15:26 
1-Apr-19, 17:15:28 
1-Apr-19, 17:15:29 
1-Apr-19, 17:15:31 
1-Apr-19, 17:15:33 
1-Apr-19, 17:15:34 
1-Apr-19, 17:15:36 
1-Apr-19, 17:15:38 
1-Apr-19, 17:15:39 
1-Apr-19, 17:15:41 
1-Apr-19, 17:15:43 
1-Apr-19, 17:15:44 
1-Apr-19, 17:15:46 
1-Apr-19, 17:15:48 
1-Apr-19, 17:15:49 
1-Apr-19, 17:15:51 
1-Apr-19, 17:15:53 
1-Apr-19, 17:15:54 
1-Apr-19, 17:15:56 
1-Apr-19, 17:15:58 
1-Apr-19, 17:15:59 
1-Apr-19, 17:16:01 
1-Apr-19, 17:16:03 
1-Apr-19, 17:16:04 
1-Apr-19, 17:16:06 
1-Apr-19, 17:16:08 
1-Apr-19, 17:16:09 
1-Apr-19, 17:16:11 
1-Apr-19, 17:16:13 
1-Apr-19, 17:16:14 
1-Apr-19, 17:16:16 
1-Apr-19, 17:16:18 
1-Apr-19, 17:16:19 
1-Apr-19, 17:16:21 
1-Apr-19, 17:16:23 
1-Apr-19, 17:16:24 
1-Apr-19, 17:16:26 
1-Apr-19, 17:16:28 
1-Apr-19, 17:16:29 
1-Apr-19, 17:16:31 
1-Apr-19, 17:16:33 
1-Apr-19, 17:16:34 
1-Apr-19, 17:16:36 
1-Apr-19, 17:16:38 
1-Apr-19, 17:16:39 
1-Apr-19, 17:16:41 
1-Apr-19, 17:16:43 
1-Apr-19, 17:16:44 
1-Apr-19, 17:16:46 
1-Apr-19, 17:16:48 
1-Apr-19, 17:16:49 
1-Apr-19, 17:16:51 
1-Apr-19, 17:16:53 
1-Apr-19, 17:16:54 
1-Apr-19, 17:16:56 
1-Apr-19, 17:16:58 
1-Apr-19, 17:16:59 
1-Apr-19, 17:17:01 
1-Apr-19, 17:17:03 
1-Apr-19, 17:17:04 
1-Apr-19, 17:17:06 
1-Apr-19, 17:17:08 
1-Apr-19, 17:17:09 
1-Apr-19, 17:17:11 
1-Apr-19, 17:17:13 
1-Apr-19, 17:17:14 
1-Apr-19, 17:17:16 
1-Apr-19, 17:17:18 
1-Apr-19, 17:17:19 
1-Apr-19, 17:17:21 
1-Apr-19, 17:17:23 
1-Apr-19, 17:17:24 
1-Apr-19, 17:17:26 
1-Apr-19, 17:17:28 
1-Apr-19, 17:17:29 
1-Apr-19, 17:17:31 
1-Apr-19, 17:17:33 
1-Apr-19, 17:17:34 
1-Apr-19, 17:17:36 
1-Apr-19, 17:17:38 
1-Apr-19, 17:17:39 
1-Apr-19, 17:17:41 
1-Apr-19, 17:17:43 
1-Apr-19, 17:17:44 
1-Apr-19, 17:17:46 
1-Apr-19, 17:17:48 
1-Apr-19, 17:17:49 
1-Apr-19, 17:17:51 
1-Apr-19, 17:17:53 
1-Apr-19, 17:17:54 
1-Apr-19, 17:17:56 
1-Apr-19, 17:17:58 
1-Apr-19, 17:17:59 
1-Apr-19, 17:18:01 
1-Apr-19, 17:18:03 
1-Apr-19, 17:18:04 
1-Apr-19, 17:18:06 
1-Apr-19, 17:18:08 
1-Apr-19, 17:18:09 
1-Apr-19, 17:18:11 
1-Apr-19, 17:18:13 
1-Apr-19, 17:18:14 
1-Apr-19, 17:18:16 
1-Apr-19, 17:18:18 
1-Apr-19, 17:18:19 
1-Apr-19, 17:18:21 
1-Apr-19, 17:18:23 
1-Apr-19, 17:18:24 
1-Apr-19, 17:18:26 
1-Apr-19, 17:18:28 
1-Apr-19, 17:18:29 
1-Apr-19, 17:18:31 
1-Apr-19, 17:18:33 
1-Apr-19, 17:18:34 
1-Apr-19, 17:18:36 
1-Apr-19, 17:18:38 
1-Apr-19, 17:18:39 
1-Apr-19, 17:18:41 
1-Apr-19, 17:18:43 
1-Apr-19, 17:18:44 
1-Apr-19, 17:18:46 
1-Apr-19, 17:18:48 
1-Apr-19, 17:18:49 
1-Apr-19, 17:18:51 
1-Apr-19, 17:18:53 
1-Apr-19, 17:18:54 
1-Apr-19, 17:18:56 
1-Apr-19, 17:18:58 
1-Apr-19, 17:18:59 
1-Apr-19, 17:19:01 
1-Apr-19, 17:19:03 
1-Apr-19, 17:19:04 
1-Apr-19, 17:19:06 
1-Apr-19, 17:19:08 
1-Apr-19, 17:19:09 
1-Apr-19, 17:19:11 
1-Apr-19, 17:19:13 
1-Apr-19, 17:19:14 
1-Apr-19, 17:19:16 
1-Apr-19, 17:19:18 
1-Apr-19, 17:19:19 
1-Apr-19, 17:19:21 
1-Apr-19, 17:19:23 
1-Apr-19, 17:19:24 
1-Apr-19, 17:19:26 
1-Apr-19, 17:19:28 
1-Apr-19, 17:19:29 
1-Apr-19, 17:19:31 
1-Apr-19, 17:19:33 
1-Apr-19, 17:19:34 
1-Apr-19, 17:19:36 
1-Apr-19, 17:19:38 
1-Apr-19, 17:19:39 
1-Apr-19, 17:19:41 
1-Apr-19, 17:19:43 
1-Apr-19, 17:19:44 
1-Apr-19, 17:19:46 
1-Apr-19, 17:19:48 
1-Apr-19, 17:19:49 
1-Apr-19, 17:19:51 
1-Apr-19, 17:19:53 
1-Apr-19, 17:19:54 
1-Apr-19, 17:19:56 
1-Apr-19, 17:19:58 
1-Apr-19, 17:19:59 
1-Apr-19, 17:20:01 
1-Apr-19, 17:20:03 
1-Apr-19, 17:20:04 
1-Apr-19, 17:20:06 
1-Apr-19, 17:20:08 
1-Apr-19, 17:20:09 
1-Apr-19, 17:20:11 
1-Apr-19, 17:20:13 
1-Apr-19, 17:20:14 
1-Apr-19, 17:20:16 
1-Apr-19, 17:20:18 
1-Apr-19, 17:20:19 
1-Apr-19, 17:20:21 
1-Apr-19, 17:20:23 
1-Apr-19, 17:20:24 
1-Apr-19, 17:20:26 
1-Apr-19, 17:20:28 
1-Apr-19, 17:20:29 
1-Apr-19, 17:20:31 
1-Apr-19, 17:20:33 
1-Apr-19, 17:20:34 
1-Apr-19, 17:20:36 
1-Apr-19, 17:20:38 
1-Apr-19, 17:20:39 
1-Apr-19, 17:20:41 
1-Apr-19, 17:20:43 
1-Apr-19, 17:20:44 
1-Apr-19, 17:20:46 
1-Apr-19, 17:20:48 
1-Apr-19, 17:20:49 
1-Apr-19, 17:20:51 
1-Apr-19, 17:20:53 
1-Apr-19, 17:20:54 
1-Apr-19, 17:20:56 
1-Apr-19, 17:20:58 
1-Apr-19, 17:20:59 
1-Apr-19, 17:21:01 
1-Apr-19, 17:21:03 
1-Apr-19, 17:21:04 
1-Apr-19, 17:21:06 
1-Apr-19, 17:21:08 
1-Apr-19, 17:21:09 
1-Apr-19, 17:21:11 
1-Apr-19, 17:21:13 
1-Apr-19, 17:21:14 
1-Apr-19, 17:21:16 
1-Apr-19, 17:21:18 
1-Apr-19, 17:21:19 
1-Apr-19, 17:21:21 
1-Apr-19, 17:21:23 
1-Apr-19, 17:21:24 
1-Apr-19, 17:21:26 
1-Apr-19, 17:21:28 
1-Apr-19, 17:21:29 
1-Apr-19, 17:21:31 
1-Apr-19, 17:21:33 
1-Apr-19, 17:21:34 
1-Apr-19, 17:21:36 
1-Apr-19, 17:21:38 
1-Apr-19, 17:21:39 
1-Apr-19, 17:21:41 
1-Apr-19, 17:21:43 
1-Apr-19, 17:21:44 
1-Apr-19, 17:21:46 
1-Apr-19, 17:21:48 
1-Apr-19, 17:21:49 
1-Apr-19, 17:21:51 
1-Apr-19, 17:21:53 
1-Apr-19, 17:21:54 
1-Apr-19, 17:21:56 
1-Apr-19, 17:21:58 
1-Apr-19, 17:21:59 
1-Apr-19, 17:22:01 
1-Apr-19, 17:22:03 
1-Apr-19, 17:22:04 
1-Apr-19, 17:22:06 
1-Apr-19, 17:22:08 
1-Apr-19, 17:22:09 
1-Apr-19, 17:22:11 
1-Apr-19, 17:22:13 
1-Apr-19, 17:22:14 
1-Apr-19, 17:22:16 
1-Apr-19, 17:22:18 
1-Apr-19, 17:22:19 
1-Apr-19, 17:22:21 
1-Apr-19, 17:22:23 
1-Apr-19, 17:22:24 
1-Apr-19, 17:22:26 
1-Apr-19, 17:22:28 
1-Apr-19, 17:22:29 
1-Apr-19, 17:22:31 
1-Apr-19, 17:22:33 
1-Apr-19, 17:22:34 
1-Apr-19, 17:22:36 
1-Apr-19, 17:22:38 
1-Apr-19, 17:22:39 
1-Apr-19, 17:22:41 
1-Apr-19, 17:22:43 
1-Apr-19, 17:22:44 
1-Apr-19, 17:22:46 
1-Apr-19, 17:22:48 
1-Apr-19, 17:22:49 
1-Apr-19, 17:22:51 
1-Apr-19, 17:22:53 
1-Apr-19, 17:22:54 
1-Apr-19, 17:22:56 
1-Apr-19, 17:22:58 
1-Apr-19, 17:22:59 
1-Apr-19, 17:23:01 
1-Apr-19, 17:23:03 
1-Apr-19, 17:23:04 
1-Apr-19, 17:23:06 
1-Apr-19, 17:23:08 
1-Apr-19, 17:23:09 
1-Apr-19, 17:23:11 
1-Apr-19, 17:23:13 
1-Apr-19, 17:23:14 
1-Apr-19, 17:23:16 
1-Apr-19, 17:23:18 
1-Apr-19, 17:23:19 
1-Apr-19, 17:23:21 
1-Apr-19, 17:23:23 
1-Apr-19, 17:23:24 
1-Apr-19, 17:23:26 
1-Apr-19, 17:23:28 
1-Apr-19, 17:23:29 
1-Apr-19, 17:23:31 
1-Apr-19, 17:23:33 
1-Apr-19, 17:23:34 
1-Apr-19, 17:23:36 
1-Apr-19, 17:23:38 
1-Apr-19, 17:23:39 
1-Apr-19, 17:23:41 
1-Apr-19, 17:23:43 
1-Apr-19, 17:23:44 
1-Apr-19, 17:23:46 
1-Apr-19, 17:23:48 
1-Apr-19, 17:23:49 
1-Apr-19, 17:23:51 
1-Apr-19, 17:23:53 
1-Apr-19, 17:23:54 
1-Apr-19, 17:23:56 
1-Apr-19, 17:23:58 
1-Apr-19, 17:23:59 
1-Apr-19, 17:24:01 
1-Apr-19, 17:24:03 
1-Apr-19, 17:24:04 
1-Apr-19, 17:24:06 
1-Apr-19, 17:24:08 
1-Apr-19, 17:24:09 
1-Apr-19, 17:24:11 
1-Apr-19, 17:24:13 
1-Apr-19, 17:24:14 
1-Apr-19, 17:24:16 
1-Apr-19, 17:24:18 
1-Apr-19, 17:24:19 
1-Apr-19, 17:24:21 
1-Apr-19, 17:24:23 
1-Apr-19, 17:24:24 
1-Apr-19, 17:24:26 
1-Apr-19, 17:24:28 
1-Apr-19, 17:24:29 
1-Apr-19, 17:24:31 
1-Apr-19, 17:24:33 
1-Apr-19, 17:24:34 
1-Apr-19, 17:24:36 
1-Apr-19, 17:24:38 
1-Apr-19, 17:24:39 
1-Apr-19, 17:24:41 
1-Apr-19, 17:24:43 
1-Apr-19, 17:24:44 
1-Apr-19, 17:24:46 
1-Apr-19, 17:24:48 
1-Apr-19, 17:24:49 
1-Apr-19, 17:24:51 
1-Apr-19, 17:24:53 
1-Apr-19, 17:24:54 
1-Apr-19, 17:24:56 
1-Apr-19, 17:24:58 
1-Apr-19, 17:24:59 
1-Apr-19, 17:25:01 
1-Apr-19, 17:25:03 
1-Apr-19, 17:25:04 
1-Apr-19, 17:25:06 
1-Apr-19, 17:25:08 
1-Apr-19, 17:25:09 
1-Apr-19, 17:25:11 
1-Apr-19, 17:25:13 
1-Apr-19, 17:25:14 
1-Apr-19, 17:25:16 
1-Apr-19, 17:25:18 
1-Apr-19, 17:25:19 
1-Apr-19, 17:25:21 
1-Apr-19, 17:25:23 
1-Apr-19, 17:25:24 
1-Apr-19, 17:25:26 
1-Apr-19, 17:25:28 
1-Apr-19, 17:25:29 
1-Apr-19, 17:25:31 
1-Apr-19, 17:25:33 
1-Apr-19, 17:25:34 
1-Apr-19, 17:25:36 
1-Apr-19, 17:25:38 
1-Apr-19, 17:25:39 
1-Apr-19, 17:25:41 
1-Apr-19, 17:25:43 
1-Apr-19, 17:25:44 
1-Apr-19, 17:25:46 
1-Apr-19, 17:25:48 
1-Apr-19, 17:25:49 
1-Apr-19, 17:25:51 
1-Apr-19, 17:25:53 
1-Apr-19, 17:25:54 
1-Apr-19, 17:25:56 
1-Apr-19, 17:25:58 
1-Apr-19, 17:25:59 
1-Apr-19, 17:26:01 
1-Apr-19, 17:26:03 
1-Apr-19, 17:26:04 
1-Apr-19, 17:26:06 
1-Apr-19, 17:26:08 
1-Apr-19, 17:26:09 
1-Apr-19, 17:26:11 
1-Apr-19, 17:26:13 
1-Apr-19, 17:26:14 
1-Apr-19, 17:26:16 
1-Apr-19, 17:26:18 
1-Apr-19, 17:26:19 
1-Apr-19, 17:26:21 
1-Apr-19, 17:26:23 
1-Apr-19, 17:26:24 
1-Apr-19, 17:26:26 
1-Apr-19, 17:26:28 
1-Apr-19, 17:26:29 
1-Apr-19, 17:26:31 
1-Apr-19, 17:26:33 
1-Apr-19, 17:26:34 
1-Apr-19, 17:26:36 
1-Apr-19, 17:26:38 
1-Apr-19, 17:26:39 
1-Apr-19, 17:26:41 
1-Apr-19, 17:26:43 
1-Apr-19, 17:26:44 
1-Apr-19, 17:26:46 
1-Apr-19, 17:26:48 
1-Apr-19, 17:26:49 
1-Apr-19, 17:26:51 
1-Apr-19, 17:26:53 
1-Apr-19, 17:26:54 
1-Apr-19, 17:26:56 
1-Apr-19, 17:26:58 
1-Apr-19, 17:26:59 
1-Apr-19, 17:27:01 
1-Apr-19, 17:27:03 
1-Apr-19, 17:27:04 
1-Apr-19, 17:27:06 
1-Apr-19, 17:27:08 
1-Apr-19, 17:27:09 
1-Apr-19, 17:27:11 
1-Apr-19, 17:27:13 
1-Apr-19, 17:27:14 
1-Apr-19, 17:27:16 
1-Apr-19, 17:27:18 
1-Apr-19, 17:27:19 
1-Apr-19, 17:27:21 
1-Apr-19, 17:27:23 
1-Apr-19, 17:27:24 
1-Apr-19, 17:27:26 
1-Apr-19, 17:27:28 
1-Apr-19, 17:27:29 
1-Apr-19, 17:27:31 
1-Apr-19, 17:27:33 
1-Apr-19, 17:27:34 
1-Apr-19, 17:27:36 
1-Apr-19, 17:27:38 
1-Apr-19, 17:27:39 
1-Apr-19, 17:27:41 
1-Apr-19, 17:27:43 
1-Apr-19, 17:27:44 
1-Apr-19, 17:27:46 
1-Apr-19, 17:27:48 
1-Apr-19, 17:27:49 
1-Apr-19, 17:27:51 
1-Apr-19, 17:27:53 
1-Apr-19, 17:27:54 
1-Apr-19, 17:27:56 
1-Apr-19, 17:27:58 
1-Apr-19, 17:27:59 
1-Apr-19, 17:28:01 
1-Apr-19, 17:28:03 
1-Apr-19, 17:28:04 
1-Apr-19, 17:28:06 
1-Apr-19, 17:28:08 
1-Apr-19, 17:28:09 
1-Apr-19, 17:28:11 
1-Apr-19, 17:28:13 
1-Apr-19, 17:28:14 
1-Apr-19, 17:28:16 
1-Apr-19, 17:28:18 
1-Apr-19, 17:28:19 
1-Apr-19, 17:28:21 
1-Apr-19, 17:28:23 
1-Apr-19, 17:28:24 
1-Apr-19, 17:28:26 
1-Apr-19, 17:28:28 
1-Apr-19, 17:28:29 
1-Apr-19, 17:28:31 
1-Apr-19, 17:28:33 
1-Apr-19, 17:28:34 
1-Apr-19, 17:28:36 
1-Apr-19, 17:28:38 
1-Apr-19, 17:28:39 
1-Apr-19, 17:28:41 
1-Apr-19, 17:28:43 
1-Apr-19, 17:28:44 
1-Apr-19, 17:28:46 
1-Apr-19, 17:28:48 
1-Apr-19, 17:28:49 
1-Apr-19, 17:28:51 
1-Apr-19, 17:28:53 
1-Apr-19, 17:28:54 
1-Apr-19, 17:28:56 
1-Apr-19, 17:28:58 
1-Apr-19, 17:28:59 
1-Apr-19, 17:29:01 
1-Apr-19, 17:29:03 
1-Apr-19, 17:29:04 
1-Apr-19, 17:29:06 
1-Apr-19, 17:29:08 
1-Apr-19, 17:29:09 
1-Apr-19, 17:29:11 
1-Apr-19, 17:29:13 
1-Apr-19, 17:29:14 
1-Apr-19, 17:29:16 
1-Apr-19, 17:29:18 
1-Apr-19, 17:29:19 
1-Apr-19, 17:29:21 
1-Apr-19, 17:29:23 
1-Apr-19, 17:29:24 
1-Apr-19, 17:29:26 
1-Apr-19, 17:29:28 
1-Apr-19, 17:29:29 
1-Apr-19, 17:29:31 
1-Apr-19, 17:29:33 
1-Apr-19, 17:29:34 
1-Apr-19, 17:29:36 
1-Apr-19, 17:29:38 
1-Apr-19, 17:29:39 
1-Apr-19, 17:29:41 
1-Apr-19, 17:29:43 
1-Apr-19, 17:29:44 
1-Apr-19, 17:29:46 
1-Apr-19, 17:29:48 
1-Apr-19, 17:29:49 
1-Apr-19, 17:29:51 
1-Apr-19, 17:29:53 
1-Apr-19, 17:29:54 
1-Apr-19, 17:29:56 
1-Apr-19, 17:29:58 
1-Apr-19, 17:29:59 
1-Apr-19, 17:30:01 
1-Apr-19, 17:30:03 
1-Apr-19, 17:30:04 
1-Apr-19, 17:30:06 
1-Apr-19, 17:30:08 
1-Apr-19, 17:30:09 
1-Apr-19, 17:30:11 
1-Apr-19, 17:30:13 
1-Apr-19, 17:30:14 
1-Apr-19, 17:30:16 
1-Apr-19, 17:30:18 
1-Apr-19, 17:30:19 
1-Apr-19, 17:30:21 
1-Apr-19, 17:30:23 
1-Apr-19, 17:30:24 
1-Apr-19, 17:30:26 
1-Apr-19, 17:30:28 
1-Apr-19, 17:30:29 
1-Apr-19, 17:30:31 
1-Apr-19, 17:30:33 
1-Apr-19, 17:30:34 
1-Apr-19, 17:30:36 
1-Apr-19, 17:30:38 
1-Apr-19, 17:30:39 
1-Apr-19, 17:30:41 
1-Apr-19, 17:30:43 
1-Apr-19, 17:30:44 
1-Apr-19, 17:30:46 
1-Apr-19, 17:30:48 
1-Apr-19, 17:30:49 
1-Apr-19, 17:30:51 
1-Apr-19, 17:30:53 
1-Apr-19, 17:30:54 
1-Apr-19, 17:30:56 
1-Apr-19, 17:30:58 
1-Apr-19, 17:30:59 
1-Apr-19, 17:31:01 
1-Apr-19, 17:31:03 
1-Apr-19, 17:31:04 
1-Apr-19, 17:31:06 
1-Apr-19, 17:31:08 
1-Apr-19, 17:31:09 
1-Apr-19, 17:31:11 
1-Apr-19, 17:31:13 
1-Apr-19, 17:31:14 
1-Apr-19, 17:31:16 
1-Apr-19, 17:31:18 
1-Apr-19, 17:31:19 
1-Apr-19, 17:31:21 
1-Apr-19, 17:31:23 
1-Apr-19, 17:31:24 
1-Apr-19, 17:31:26 
1-Apr-19, 17:31:28 
1-Apr-19, 17:31:29 
1-Apr-19, 17:31:31 
1-Apr-19, 17:31:33 
1-Apr-19, 17:31:34 
1-Apr-19, 17:31:36 
1-Apr-19, 17:31:38 
1-Apr-19, 17:31:39 
1-Apr-19, 17:31:41 
1-Apr-19, 17:31:43 
1-Apr-19, 17:31:44 
1-Apr-19, 17:31:46 
1-Apr-19, 17:31:48 
1-Apr-19, 17:31:49 
1-Apr-19, 17:31:52 
1-Apr-19, 17:31:53 
1-Apr-19, 17:31:54 
1-Apr-19, 17:31:57 
1-Apr-19, 17:31:58 
1-Apr-19, 17:31:59 
1-Apr-19, 17:32:02 
1-Apr-19, 17:32:03 
1-Apr-19, 17:32:04 
1-Apr-19, 17:32:07 
1-Apr-19, 17:32:08 
1-Apr-19, 17:32:09 
1-Apr-19, 17:32:12 
1-Apr-19, 17:32:13 
1-Apr-19, 17:32:14 
1-Apr-19, 17:32:17 
1-Apr-19, 17:32:18 
1-Apr-19, 17:32:19 
1-Apr-19, 17:32:22 
1-Apr-19, 17:32:23 
1-Apr-19, 17:32:24 
1-Apr-19, 17:32:27 
1-Apr-19, 17:32:28 
1-Apr-19, 17:32:29 
1-Apr-19, 17:32:32 
1-Apr-19, 17:32:33 
1-Apr-19, 17:32:34 
1-Apr-19, 17:32:37 
1-Apr-19, 17:32:38 
1-Apr-19, 17:32:39 
1-Apr-19, 17:32:42 
1-Apr-19, 17:32:43 
1-Apr-19, 17:32:44 
1-Apr-19, 17:32:47 
1-Apr-19, 17:32:48 
1-Apr-19, 17:32:49 
1-Apr-19, 17:32:52 
1-Apr-19, 17:32:53 
1-Apr-19, 17:32:54 
1-Apr-19, 17:32:57 
1-Apr-19, 17:32:58 
1-Apr-19, 17:32:59 
1-Apr-19, 17:33:02 
1-Apr-19, 17:33:03 
1-Apr-19, 17:33:04 
1-Apr-19, 17:33:07 
1-Apr-19, 17:33:08 
1-Apr-19, 17:33:09 
1-Apr-19, 17:33:12 
1-Apr-19, 17:33:13 
1-Apr-19, 17:33:14 
1-Apr-19, 17:33:17 
1-Apr-19, 17:33:18 
1-Apr-19, 17:33:19 
1-Apr-19, 17:33:22 
1-Apr-19, 17:33:23 
1-Apr-19, 17:33:24 
1-Apr-19, 17:33:27 
1-Apr-19, 17:33:28 
1-Apr-19, 17:33:29 
1-Apr-19, 17:33:32 
1-Apr-19, 17:33:33 
1-Apr-19, 17:33:34 
1-Apr-19, 17:33:37 
1-Apr-19, 17:33:38 
1-Apr-19, 17:33:39 
1-Apr-19, 17:33:42 
1-Apr-19, 17:33:43 
1-Apr-19, 17:33:44 
1-Apr-19, 17:33:47 
1-Apr-19, 17:33:48 
1-Apr-19, 17:33:49 
1-Apr-19, 17:33:52 
1-Apr-19, 17:33:53 
1-Apr-19, 17:33:54 
1-Apr-19, 17:33:57 
1-Apr-19, 17:33:58 
1-Apr-19, 17:33:59 
1-Apr-19, 17:34:02 
1-Apr-19, 17:34:03 
1-Apr-19, 17:34:04 
1-Apr-19, 17:34:07 
1-Apr-19, 17:34:08 
1-Apr-19, 17:34:09 
1-Apr-19, 17:34:12 
1-Apr-19, 17:34:13 
1-Apr-19, 17:34:14 
1-Apr-19, 17:34:17 
1-Apr-19, 17:34:18 
1-Apr-19, 17:34:19 
1-Apr-19, 17:34:22 
1-Apr-19, 17:34:23 
1-Apr-19, 17:34:24 
1-Apr-19, 17:34:27 
1-Apr-19, 17:34:28 
1-Apr-19, 17:34:29 
1-Apr-19, 17:34:32 
1-Apr-19, 17:34:33 
1-Apr-19, 17:34:34 
1-Apr-19, 17:34:37 
1-Apr-19, 17:34:38 
1-Apr-19, 17:34:39 
1-Apr-19, 17:34:42 
1-Apr-19, 17:34:43 
1-Apr-19, 17:34:44 
1-Apr-19, 17:34:47 
1-Apr-19, 17:34:48 
1-Apr-19, 17:34:49 
1-Apr-19, 17:34:52 
1-Apr-19, 17:34:53 
1-Apr-19, 17:34:54 
1-Apr-19, 17:34:57 
1-Apr-19, 17:34:58 
1-Apr-19, 17:34:59 
1-Apr-19, 17:35:02 
1-Apr-19, 17:35:03 
1-Apr-19, 17:35:04 
1-Apr-19, 17:35:07 
1-Apr-19, 17:35:08 
1-Apr-19, 17:35:09 
1-Apr-19, 17:35:12 
1-Apr-19, 17:35:13 
1-Apr-19, 17:35:14 
1-Apr-19, 17:35:17 
1-Apr-19, 17:35:18 
1-Apr-19, 17:35:19 
1-Apr-19, 17:35:22 
1-Apr-19, 17:35:23 
1-Apr-19, 17:35:24 
1-Apr-19, 17:35:27 
1-Apr-19, 17:35:28 
1-Apr-19, 17:35:29 
1-Apr-19, 17:35:32 
1-Apr-19, 17:35:33 
1-Apr-19, 17:35:34 
1-Apr-19, 17:35:37 
1-Apr-19, 17:35:38 
1-Apr-19, 17:35:39 
1-Apr-19, 17:35:42 
1-Apr-19, 17:35:43 
1-Apr-19, 17:35:44 
1-Apr-19, 17:35:47 
1-Apr-19, 17:35:48 
1-Apr-19, 17:35:49 
1-Apr-19, 17:35:52 
1-Apr-19, 17:35:53 
1-Apr-19, 17:35:54 
1-Apr-19, 17:35:57 
1-Apr-19, 17:35:58 
1-Apr-19, 17:35:59 
1-Apr-19, 17:36:02 
1-Apr-19, 17:36:03 
1-Apr-19, 17:36:04 
1-Apr-19, 17:36:07 
1-Apr-19, 17:36:08 
1-Apr-19, 17:36:09 
1-Apr-19, 17:36:12 
1-Apr-19, 17:36:13 
1-Apr-19, 17:36:14 
1-Apr-19, 17:36:17 
1-Apr-19, 17:36:18 
1-Apr-19, 17:36:19 
1-Apr-19, 17:36:22 
1-Apr-19, 17:36:23 
1-Apr-19, 17:36:24 
1-Apr-19, 17:36:27 
1-Apr-19, 17:36:28 
1-Apr-19, 17:36:29 
1-Apr-19, 17:36:32 
1-Apr-19, 17:36:33 
1-Apr-19, 17:36:34 
1-Apr-19, 17:36:37 
1-Apr-19, 17:36:38 
1-Apr-19, 17:36:39 
1-Apr-19, 17:36:42 
1-Apr-19, 17:36:43 
1-Apr-19, 17:36:44 
1-Apr-19, 17:36:47 
1-Apr-19, 17:36:48 
1-Apr-19, 17:36:49 
1-Apr-19, 17:36:52 
1-Apr-19, 17:36:53 
1-Apr-19, 17:36:54 
1-Apr-19, 17:36:57 
1-Apr-19, 17:36:58 
1-Apr-19, 17:36:59 
1-Apr-19, 17:37:02 
1-Apr-19, 17:37:03 
1-Apr-19, 17:37:04 
1-Apr-19, 17:37:07 
1-Apr-19, 17:37:08 
1-Apr-19, 17:37:09 
1-Apr-19, 17:37:12 
1-Apr-19, 17:37:13 
1-Apr-19, 17:37:14 
1-Apr-19, 17:37:17 
1-Apr-19, 17:37:18 
1-Apr-19, 17:37:19 
1-Apr-19, 17:37:22 
1-Apr-19, 17:37:23 
1-Apr-19, 17:37:24 
1-Apr-19, 17:37:27 
1-Apr-19, 17:37:28 
1-Apr-19, 17:37:29 
1-Apr-19, 17:37:32 
1-Apr-19, 17:37:33 
1-Apr-19, 17:37:34 
1-Apr-19, 17:37:37 
1-Apr-19, 17:37:38 
1-Apr-19, 17:37:39 
1-Apr-19, 17:37:42 
1-Apr-19, 17:37:43 
1-Apr-19, 17:37:44 
1-Apr-19, 17:37:47 
1-Apr-19, 17:37:48 
1-Apr-19, 17:37:49 
1-Apr-19, 17:37:52 
1-Apr-19, 17:37:53 
1-Apr-19, 17:37:54 
1-Apr-19, 17:37:57 
1-Apr-19, 17:37:58 
1-Apr-19, 17:37:59 
1-Apr-19, 17:38:02 
1-Apr-19, 17:38:03 
1-Apr-19, 17:38:04 
1-Apr-19, 17:38:07 
1-Apr-19, 17:38:08 
1-Apr-19, 17:38:09 
1-Apr-19, 17:38:12 
1-Apr-19, 17:38:13 
1-Apr-19, 17:38:14 
1-Apr-19, 17:38:17 
1-Apr-19, 17:38:18 
1-Apr-19, 17:38:19 
1-Apr-19, 17:38:22 
1-Apr-19, 17:38:23 
1-Apr-19, 17:38:24 
1-Apr-19, 17:38:27 
1-Apr-19, 17:38:28 
1-Apr-19, 17:38:29 
1-Apr-19, 17:38:32 
1-Apr-19, 17:38:33 
1-Apr-19, 17:38:34 
1-Apr-19, 17:38:37 
1-Apr-19, 17:38:38 
1-Apr-19, 17:38:39 
1-Apr-19, 17:38:42 
1-Apr-19, 17:38:43 
1-Apr-19, 17:38:44 
1-Apr-19, 17:38:47 
1-Apr-19, 17:38:48 
1-Apr-19, 17:38:49 
1-Apr-19, 17:38:52 
1-Apr-19, 17:38:53 
1-Apr-19, 17:38:54 
1-Apr-19, 17:38:57 
1-Apr-19, 17:38:58 
1-Apr-19, 17:38:59 
1-Apr-19, 17:39:02 
1-Apr-19, 17:39:03 
1-Apr-19, 17:39:04 
1-Apr-19, 17:39:07 
1-Apr-19, 17:39:08 
1-Apr-19, 17:39:09 
1-Apr-19, 17:39:12 
1-Apr-19, 17:39:13 
1-Apr-19, 17:39:14 
1-Apr-19, 17:39:17 
1-Apr-19, 17:39:18 
1-Apr-19, 17:39:19 
1-Apr-19, 17:39:22 
1-Apr-19, 17:39:23 
1-Apr-19, 17:39:24 
1-Apr-19, 17:39:27 
1-Apr-19, 17:39:28 
1-Apr-19, 17:39:29 
1-Apr-19, 17:39:32 
1-Apr-19, 17:39:33 
1-Apr-19, 17:39:34 
1-Apr-19, 17:39:37 
1-Apr-19, 17:39:38 
1-Apr-19, 17:39:39 
1-Apr-19, 17:39:42 
1-Apr-19, 17:39:43 
1-Apr-19, 17:39:44 
1-Apr-19, 17:39:47 
1-Apr-19, 17:39:48 
1-Apr-19, 17:39:49 
1-Apr-19, 17:39:52 
1-Apr-19, 17:39:53 
1-Apr-19, 17:39:54 
1-Apr-19, 17:39:57 
1-Apr-19, 17:39:58 
1-Apr-19, 17:39:59 
1-Apr-19, 17:40:02 
1-Apr-19, 17:40:03 
1-Apr-19, 17:40:04 
1-Apr-19, 17:40:07 
1-Apr-19, 17:40:08 
1-Apr-19, 17:40:09 
1-Apr-19, 17:40:12 
1-Apr-19, 17:40:13 
1-Apr-19, 17:40:14 
1-Apr-19, 17:40:17 
1-Apr-19, 17:40:18 
1-Apr-19, 17:40:19 
1-Apr-19, 17:40:22 
1-Apr-19, 17:40:23 
1-Apr-19, 17:40:24 
1-Apr-19, 17:40:27 
1-Apr-19, 17:40:28 
1-Apr-19, 17:40:29 
1-Apr-19, 17:40:32 
1-Apr-19, 17:40:33 
1-Apr-19, 17:40:34 
1-Apr-19, 17:40:37 
1-Apr-19, 17:40:38 
1-Apr-19, 17:40:39 
1-Apr-19, 17:40:42 
1-Apr-19, 17:40:43 
1-Apr-19, 17:40:44 
1-Apr-19, 17:40:47 
1-Apr-19, 17:40:48 
1-Apr-19, 17:40:49 
1-Apr-19, 17:40:52 
1-Apr-19, 17:40:53 
1-Apr-19, 17:40:54 
1-Apr-19, 17:40:57 
1-Apr-19, 17:40:58 
1-Apr-19, 17:40:59 
1-Apr-19, 17:41:02 
1-Apr-19, 17:41:03 
1-Apr-19, 17:41:04 
1-Apr-19, 17:41:07 
1-Apr-19, 17:41:08 
1-Apr-19, 17:41:09 
1-Apr-19, 17:41:12 
1-Apr-19, 17:41:13 
1-Apr-19, 17:41:14 
1-Apr-19, 17:41:17 
1-Apr-19, 17:41:18 
1-Apr-19, 17:41:19 
1-Apr-19, 17:41:22 
1-Apr-19, 17:41:23 
1-Apr-19, 17:41:24 
1-Apr-19, 17:41:27 
1-Apr-19, 17:41:28 
1-Apr-19, 17:41:29 
1-Apr-19, 17:41:32 
1-Apr-19, 17:41:33 
1-Apr-19, 17:41:34 
1-Apr-19, 17:41:37 
1-Apr-19, 17:41:38 
1-Apr-19, 17:41:39 
1-Apr-19, 17:41:42 
1-Apr-19, 17:41:43 
1-Apr-19, 17:41:44 
1-Apr-19, 17:41:47 
1-Apr-19, 17:41:48 
1-Apr-19, 17:41:49 
1-Apr-19, 17:41:52 
1-Apr-19, 17:41:53 
1-Apr-19, 17:41:54 
1-Apr-19, 17:41:57 
1-Apr-19, 17:41:58 
1-Apr-19, 17:41:59 
1-Apr-19, 17:42:02 
1-Apr-19, 17:42:03 
1-Apr-19, 17:42:04 
1-Apr-19, 17:42:07 
1-Apr-19, 17:42:08 
1-Apr-19, 17:42:09 
1-Apr-19, 17:42:12 
1-Apr-19, 17:42:13 
1-Apr-19, 17:42:14 
1-Apr-19, 17:42:17 
1-Apr-19, 17:42:18 
1-Apr-19, 17:42:19 
1-Apr-19, 17:42:22 
1-Apr-19, 17:42:23 
1-Apr-19, 17:42:24 
1-Apr-19, 17:42:27 
1-Apr-19, 17:42:28 
1-Apr-19, 17:42:29 
1-Apr-19, 17:42:32 
1-Apr-19, 17:42:33 
1-Apr-19, 17:42:34 
1-Apr-19, 17:42:37 
1-Apr-19, 17:42:38 
1-Apr-19, 17:42:39 
1-Apr-19, 17:42:42 
1-Apr-19, 17:42:43 
1-Apr-19, 17:42:44 
1-Apr-19, 17:42:47 
1-Apr-19, 17:42:48 
1-Apr-19, 17:42:49 
1-Apr-19, 17:42:52 
1-Apr-19, 17:42:53 
1-Apr-19, 17:42:54 
1-Apr-19, 17:42:57 
1-Apr-19, 17:42:58 
1-Apr-19, 17:42:59 
1-Apr-19, 17:43:02 
1-Apr-19, 17:43:03 
1-Apr-19, 17:43:04 
1-Apr-19, 17:43:07 
1-Apr-19, 17:43:08 
1-Apr-19, 17:43:09 
1-Apr-19, 17:43:12 
1-Apr-19, 17:43:13 
1-Apr-19, 17:43:14 
1-Apr-19, 17:43:17 
1-Apr-19, 17:43:18 
1-Apr-19, 17:43:19 
1-Apr-19, 17:43:22 
1-Apr-19, 17:43:23 
1-Apr-19, 17:43:24 
1-Apr-19, 17:43:27 
1-Apr-19, 17:43:28 
1-Apr-19, 17:43:29 
1-Apr-19, 17:43:32 
1-Apr-19, 17:43:33 
1-Apr-19, 17:43:34 
1-Apr-19, 17:43:37 
1-Apr-19, 17:43:38 
1-Apr-19, 17:43:39 
1-Apr-19, 17:43:42 
1-Apr-19, 17:43:43 
1-Apr-19, 17:43:44 
1-Apr-19, 17:43:47 
1-Apr-19, 17:43:48 
1-Apr-19, 17:43:49 
1-Apr-19, 17:43:52 
1-Apr-19, 17:43:53 
1-Apr-19, 17:43:54 
1-Apr-19, 17:43:57 
1-Apr-19, 17:43:58 
1-Apr-19, 17:43:59 
1-Apr-19, 17:44:02 
1-Apr-19, 17:44:03 
1-Apr-19, 17:44:04 
1-Apr-19, 17:44:07 
1-Apr-19, 17:44:08 
1-Apr-19, 17:44:09 
1-Apr-19, 17:44:12 
1-Apr-19, 17:44:13 
1-Apr-19, 17:44:14 
1-Apr-19, 17:44:17 
1-Apr-19, 17:44:18 
1-Apr-19, 17:44:19 
1-Apr-19, 17:44:22 
1-Apr-19, 17:44:23 
1-Apr-19, 17:44:24 
1-Apr-19, 17:44:27 
1-Apr-19, 17:44:28 
1-Apr-19, 17:44:29 
1-Apr-19, 17:44:32 
1-Apr-19, 17:44:33 
1-Apr-19, 17:44:34 
1-Apr-19, 17:44:37 
1-Apr-19, 17:44:38 
1-Apr-19, 17:44:39 
1-Apr-19, 17:44:42 
1-Apr-19, 17:44:43 
1-Apr-19, 17:44:44 
1-Apr-19, 17:44:47 
1-Apr-19, 17:44:48 
1-Apr-19, 17:44:49 
1-Apr-19, 17:44:52 
1-Apr-19, 17:44:53 
1-Apr-19, 17:44:54 
1-Apr-19, 17:44:57 
1-Apr-19, 17:44:58 
1-Apr-19, 17:44:59 
1-Apr-19, 17:45:02 
1-Apr-19, 17:45:03 
1-Apr-19, 17:45:04 
1-Apr-19, 17:45:07 
1-Apr-19, 17:45:08 
1-Apr-19, 17:45:09 
1-Apr-19, 17:45:12 
1-Apr-19, 17:45:13 
1-Apr-19, 17:45:14 
1-Apr-19, 17:45:17 
1-Apr-19, 17:45:18 
1-Apr-19, 17:45:19 
1-Apr-19, 17:45:22 
1-Apr-19, 17:45:23 
1-Apr-19, 17:45:24 
1-Apr-19, 17:45:27 
1-Apr-19, 17:45:28 
1-Apr-19, 17:45:29 
1-Apr-19, 17:45:32 
1-Apr-19, 17:45:33 
1-Apr-19, 17:45:34 
1-Apr-19, 17:45:37 
1-Apr-19, 17:45:38 
1-Apr-19, 17:45:39 
1-Apr-19, 17:45:42 
1-Apr-19, 17:45:43 
1-Apr-19, 17:45:44 
1-Apr-19, 17:45:47 
1-Apr-19, 17:45:48 
1-Apr-19, 17:45:49 
1-Apr-19, 17:45:52 
1-Apr-19, 17:45:53 
1-Apr-19, 17:45:54 
1-Apr-19, 17:45:57 
1-Apr-19, 17:45:58 
1-Apr-19, 17:45:59 
1-Apr-19, 17:46:02 
1-Apr-19, 17:46:03 
1-Apr-19, 17:46:04 
1-Apr-19, 17:46:07 
1-Apr-19, 17:46:08 
1-Apr-19, 17:46:09 
1-Apr-19, 17:46:12 
1-Apr-19, 17:46:13 
1-Apr-19, 17:46:14 
1-Apr-19, 17:46:17 
1-Apr-19, 17:46:18 
1-Apr-19, 17:46:19 
1-Apr-19, 17:46:22 
1-Apr-19, 17:46:23 
1-Apr-19, 17:46:24 
1-Apr-19, 17:46:27 
1-Apr-19, 17:46:28 
1-Apr-19, 17:46:29 
1-Apr-19, 17:46:32 
1-Apr-19, 17:46:33 
1-Apr-19, 17:46:34 
1-Apr-19, 17:46:37 
1-Apr-19, 17:46:38 
1-Apr-19, 17:46:39 
1-Apr-19, 17:46:42 
1-Apr-19, 17:46:43 
1-Apr-19, 17:46:44 
1-Apr-19, 17:46:47 
1-Apr-19, 17:46:48 
1-Apr-19, 17:46:49 
1-Apr-19, 17:46:52 
1-Apr-19, 17:46:53 
1-Apr-19, 17:46:54 
1-Apr-19, 17:46:57 
1-Apr-19, 17:46:58 
1-Apr-19, 17:46:59 
1-Apr-19, 17:47:02 
1-Apr-19, 17:47:03 
1-Apr-19, 17:47:04 
1-Apr-19, 17:47:07 
1-Apr-19, 17:47:08 
1-Apr-19, 17:47:09 
1-Apr-19, 17:47:12 
1-Apr-19, 17:47:13 
1-Apr-19, 17:47:14 
1-Apr-19, 17:47:17 
1-Apr-19, 17:47:18 
1-Apr-19, 17:47:19 
1-Apr-19, 17:47:22 
1-Apr-19, 17:47:23 
1-Apr-19, 17:47:24 
1-Apr-19, 17:47:27 
1-Apr-19, 17:47:28 
1-Apr-19, 17:47:29 
1-Apr-19, 17:47:32 
1-Apr-19, 17:47:33 
1-Apr-19, 17:47:34 
1-Apr-19, 17:47:37 
1-Apr-19, 17:47:38 
1-Apr-19, 17:47:39 
1-Apr-19, 17:47:42 
1-Apr-19, 17:47:43 
1-Apr-19, 17:47:44 
1-Apr-19, 17:47:47 
1-Apr-19, 17:47:48 
1-Apr-19, 17:47:49 
1-Apr-19, 17:47:52 
1-Apr-19, 17:47:53 
1-Apr-19, 17:47:54 
1-Apr-19, 17:47:57 
1-Apr-19, 17:47:58 
1-Apr-19, 17:47:59 
1-Apr-19, 17:48:02 
1-Apr-19, 17:48:03 
1-Apr-19, 17:48:04 
1-Apr-19, 17:48:07 
1-Apr-19, 17:48:08 
1-Apr-19, 17:48:09 
1-Apr-19, 17:48:12 
1-Apr-19, 17:48:13 
1-Apr-19, 17:48:14 
1-Apr-19, 17:48:17 
1-Apr-19, 17:48:18 
1-Apr-19, 17:48:19 
1-Apr-19, 17:48:22 
1-Apr-19, 17:48:23 
1-Apr-19, 17:48:24 
1-Apr-19, 17:48:27 
1-Apr-19, 17:48:28 
1-Apr-19, 17:48:29 
1-Apr-19, 17:48:32 
1-Apr-19, 17:48:33 
1-Apr-19, 17:48:34 
1-Apr-19, 17:48:37 
1-Apr-19, 17:48:38 
1-Apr-19, 17:48:39 
1-Apr-19, 17:48:42 
1-Apr-19, 17:48:43 
1-Apr-19, 17:48:44 
1-Apr-19, 17:48:47 
1-Apr-19, 17:48:48 
1-Apr-19, 17:48:49 
1-Apr-19, 17:48:52 
1-Apr-19, 17:48:53 
1-Apr-19, 17:48:54 
1-Apr-19, 17:48:57 
1-Apr-19, 17:48:58 
1-Apr-19, 17:48:59 
1-Apr-19, 17:49:02 
1-Apr-19, 17:49:03 
1-Apr-19, 17:49:04 
1-Apr-19, 17:49:07 
1-Apr-19, 17:49:08 
1-Apr-19, 17:49:09 
1-Apr-19, 17:49:12 
1-Apr-19, 17:49:13 
1-Apr-19, 17:49:14 
1-Apr-19, 17:49:17 
1-Apr-19, 17:49:18 
1-Apr-19, 17:49:19 
1-Apr-19, 17:49:22 
1-Apr-19, 17:49:23 
1-Apr-19, 17:49:24 
1-Apr-19, 17:49:27 
1-Apr-19, 17:49:28 
1-Apr-19, 17:49:29 
1-Apr-19, 17:49:32 
1-Apr-19, 17:49:33 
1-Apr-19, 17:49:34 
1-Apr-19, 17:49:37 
1-Apr-19, 17:49:38 
1-Apr-19, 17:49:39 
1-Apr-19, 17:49:42 
1-Apr-19, 17:49:43 
1-Apr-19, 17:49:44 
1-Apr-19, 17:49:47 
1-Apr-19, 17:49:48 
1-Apr-19, 17:49:49 
1-Apr-19, 17:49:52 
1-Apr-19, 17:49:53 
1-Apr-19, 17:49:54 
1-Apr-19, 17:49:57 
1-Apr-19, 17:49:58 
1-Apr-19, 17:49:59 
1-Apr-19, 17:50:02 
1-Apr-19, 17:50:03 
1-Apr-19, 17:50:04 
1-Apr-19, 17:50:07 
1-Apr-19, 17:50:08 
1-Apr-19, 17:50:09 
1-Apr-19, 17:50:12 
1-Apr-19, 17:50:13 
1-Apr-19, 17:50:14 
1-Apr-19, 17:50:17 
1-Apr-19, 17:50:18 
1-Apr-19, 17:50:19 
1-Apr-19, 17:50:22 
1-Apr-19, 17:50:23 
1-Apr-19, 17:50:24 
1-Apr-19, 17:50:27 
1-Apr-19, 17:50:28 
1-Apr-19, 17:50:29 
1-Apr-19, 17:50:32 
1-Apr-19, 17:50:33 
1-Apr-19, 17:50:34 
1-Apr-19, 17:50:37 
1-Apr-19, 17:50:38 
1-Apr-19, 17:50:39 
1-Apr-19, 17:50:42 
1-Apr-19, 17:50:43 
1-Apr-19, 17:50:44 
1-Apr-19, 17:50:47 
1-Apr-19, 17:50:48 
1-Apr-19, 17:50:49 
1-Apr-19, 17:50:52 
1-Apr-19, 17:50:53 
1-Apr-19, 17:50:54 
1-Apr-19, 17:50:57 
1-Apr-19, 17:50:58 
1-Apr-19, 17:50:59 
1-Apr-19, 17:51:02 
1-Apr-19, 17:51:03 
1-Apr-19, 17:51:04 
1-Apr-19, 17:51:07 
1-Apr-19, 17:51:08 
1-Apr-19, 17:51:09 
1-Apr-19, 17:51:12 
1-Apr-19, 17:51:13 
1-Apr-19, 17:51:14 
1-Apr-19, 17:51:17 
1-Apr-19, 17:51:18 
1-Apr-19, 17:51:19 
1-Apr-19, 17:51:22 
1-Apr-19, 17:51:23 
1-Apr-19, 17:51:24 
1-Apr-19, 17:51:27 
1-Apr-19, 17:51:28 
1-Apr-19, 17:51:29 
1-Apr-19, 17:51:32 
1-Apr-19, 17:51:33 
1-Apr-19, 17:51:34 
1-Apr-19, 17:51:37 
1-Apr-19, 17:51:38 
1-Apr-19, 17:51:39 
1-Apr-19, 17:51:42 
1-Apr-19, 17:51:43 
1-Apr-19, 17:51:44 
1-Apr-19, 17:51:47 
1-Apr-19, 17:51:48 
1-Apr-19, 17:51:49 
1-Apr-19, 17:51:52 
1-Apr-19, 17:51:53 
1-Apr-19, 17:51:54 
1-Apr-19, 17:51:57 
1-Apr-19, 17:51:58 
1-Apr-19, 17:51:59 
1-Apr-19, 17:52:02 
1-Apr-19, 17:52:03 
1-Apr-19, 17:52:04 
1-Apr-19, 17:52:07 
1-Apr-19, 17:52:08 
1-Apr-19, 17:52:09 
1-Apr-19, 17:52:12 
1-Apr-19, 17:52:13 
1-Apr-19, 17:52:14 
1-Apr-19, 17:52:17 
1-Apr-19, 17:52:18 
1-Apr-19, 17:52:19 
1-Apr-19, 17:52:22 
1-Apr-19, 17:52:23 
1-Apr-19, 17:52:24 
1-Apr-19, 17:52:27 
1-Apr-19, 17:52:28 
1-Apr-19, 17:52:29 
1-Apr-19, 17:52:32 
1-Apr-19, 17:52:33 
1-Apr-19, 17:52:34 
1-Apr-19, 17:52:37 
1-Apr-19, 17:52:38 
1-Apr-19, 17:52:39 
1-Apr-19, 17:52:42 
1-Apr-19, 17:52:43 
1-Apr-19, 17:52:44 
1-Apr-19, 17:52:47 
1-Apr-19, 17:52:48 
1-Apr-19, 17:52:49 
1-Apr-19, 17:52:52 
1-Apr-19, 17:52:53 
1-Apr-19, 17:52:54 
1-Apr-19, 17:52:57 
1-Apr-19, 17:52:58 
1-Apr-19, 17:52:59 
1-Apr-19, 17:53:02 
1-Apr-19, 17:53:03 
1-Apr-19, 17:53:04 
1-Apr-19, 17:53:07 
1-Apr-19, 17:53:08 
1-Apr-19, 17:53:09 
1-Apr-19, 17:53:12 
1-Apr-19, 17:53:13 
1-Apr-19, 17:53:14 
1-Apr-19, 17:53:17 
1-Apr-19, 17:53:18 
1-Apr-19, 17:53:19 
1-Apr-19, 17:53:22 
1-Apr-19, 17:53:23 
1-Apr-19, 17:53:24 
1-Apr-19, 17:53:27 
1-Apr-19, 17:53:28 
1-Apr-19, 17:53:29 
1-Apr-19, 17:53:32 
1-Apr-19, 17:53:33 
1-Apr-19, 17:53:34 
1-Apr-19, 17:53:37 
1-Apr-19, 17:53:38 
1-Apr-19, 17:53:39 
1-Apr-19, 17:53:42 
1-Apr-19, 17:53:43 
1-Apr-19, 17:53:44 
1-Apr-19, 17:53:47 
1-Apr-19, 17:53:48 
1-Apr-19, 17:53:49 
1-Apr-19, 17:53:52 
1-Apr-19, 17:53:53 
1-Apr-19, 17:53:54 
1-Apr-19, 17:53:57 
1-Apr-19, 17:53:58 
1-Apr-19, 17:53:59 
1-Apr-19, 17:54:02 
1-Apr-19, 17:54:03 
1-Apr-19, 17:54:04 
1-Apr-19, 17:54:07 
1-Apr-19, 17:54:08 
1-Apr-19, 17:54:09 
1-Apr-19, 17:54:12 
1-Apr-19, 17:54:13 
1-Apr-19, 17:54:14 
1-Apr-19, 17:54:17 
1-Apr-19, 17:54:18 
1-Apr-19, 17:54:19 
1-Apr-19, 17:54:22 
1-Apr-19, 17:54:23 
1-Apr-19, 17:54:24 
1-Apr-19, 17:54:27 
1-Apr-19, 17:54:28 
1-Apr-19, 17:54:29 
1-Apr-19, 17:54:32 
1-Apr-19, 17:54:33 
1-Apr-19, 17:54:34 
1-Apr-19, 17:54:37 
1-Apr-19, 17:54:38 
1-Apr-19, 17:54:39 
1-Apr-19, 17:54:42 
1-Apr-19, 17:54:43 
1-Apr-19, 17:54:44 
1-Apr-19, 17:54:47 
1-Apr-19, 17:54:48 
1-Apr-19, 17:54:49 
1-Apr-19, 17:54:52 
1-Apr-19, 17:54:53 
1-Apr-19, 17:54:54 
1-Apr-19, 17:54:57 
1-Apr-19, 17:54:58 
1-Apr-19, 17:54:59 
1-Apr-19, 17:55:02 
1-Apr-19, 17:55:03 
1-Apr-19, 17:55:04 
1-Apr-19, 17:55:07 
1-Apr-19, 17:55:08 
1-Apr-19, 17:55:09 
1-Apr-19, 17:55:12 
1-Apr-19, 17:55:13 
1-Apr-19, 17:55:14 
1-Apr-19, 17:55:17 
1-Apr-19, 17:55:18 
1-Apr-19, 17:55:19 
1-Apr-19, 17:55:22 
1-Apr-19, 17:55:23 
1-Apr-19, 17:55:24 
1-Apr-19, 17:55:27 
1-Apr-19, 17:55:28 
1-Apr-19, 17:55:29 
1-Apr-19, 17:55:32 
1-Apr-19, 17:55:33 
1-Apr-19, 17:55:34 
1-Apr-19, 17:55:37 
1-Apr-19, 17:55:38 
1-Apr-19, 17:55:39 
1-Apr-19, 17:55:42 
1-Apr-19, 17:55:43 
1-Apr-19, 17:55:44 
1-Apr-19, 17:55:47 
1-Apr-19, 17:55:48 
1-Apr-19, 17:55:49 
1-Apr-19, 17:55:52 
1-Apr-19, 17:55:53 
1-Apr-19, 17:55:54 
1-Apr-19, 17:55:57 
1-Apr-19, 17:55:58 
1-Apr-19, 17:55:59 
1-Apr-19, 17:56:02 
1-Apr-19, 17:56:03 
1-Apr-19, 17:56:04 
1-Apr-19, 17:56:07 
1-Apr-19, 17:56:08 
1-Apr-19, 17:56:09 
1-Apr-19, 17:56:12 
1-Apr-19, 17:56:13 
1-Apr-19, 17:56:14 
1-Apr-19, 17:56:17 
1-Apr-19, 17:56:18 
1-Apr-19, 17:56:19 
1-Apr-19, 17:56:22 
1-Apr-19, 17:56:23 
1-Apr-19, 17:56:24 
1-Apr-19, 17:56:27 
1-Apr-19, 17:56:28 
1-Apr-19, 17:56:29 
1-Apr-19, 17:56:32 
1-Apr-19, 17:56:33 
1-Apr-19, 17:56:34 
1-Apr-19, 17:56:37 
1-Apr-19, 17:56:38 
1-Apr-19, 17:56:39 
1-Apr-19, 17:56:42 
1-Apr-19, 17:56:43 
1-Apr-19, 17:56:44 
1-Apr-19, 17:56:47 
1-Apr-19, 17:56:48 
1-Apr-19, 17:56:49 
1-Apr-19, 17:56:52 
1-Apr-19, 17:56:53 
1-Apr-19, 17:56:54 
1-Apr-19, 17:56:57 
1-Apr-19, 17:56:58 
1-Apr-19, 17:56:59 
1-Apr-19, 17:57:02 
1-Apr-19, 17:57:03 
1-Apr-19, 17:57:04 
1-Apr-19, 17:57:07 
1-Apr-19, 17:57:08 
1-Apr-19, 17:57:09 
1-Apr-19, 17:57:12 
1-Apr-19, 17:57:13 
1-Apr-19, 17:57:14 
1-Apr-19, 17:57:17 
1-Apr-19, 17:57:18 
1-Apr-19, 17:57:19 
1-Apr-19, 17:57:22 
1-Apr-19, 17:57:23 
1-Apr-19, 17:57:24 
1-Apr-19, 17:57:27 
1-Apr-19, 17:57:28 
1-Apr-19, 17:57:29 
1-Apr-19, 17:57:32 
1-Apr-19, 17:57:33 
1-Apr-19, 17:57:34 
1-Apr-19, 17:57:37 
1-Apr-19, 17:57:38 
1-Apr-19, 17:57:39 
1-Apr-19, 17:57:42 
1-Apr-19, 17:57:43 
1-Apr-19, 17:57:44 
1-Apr-19, 17:57:47 
1-Apr-19, 17:57:48 
1-Apr-19, 17:57:49 
1-Apr-19, 17:57:52 
1-Apr-19, 17:57:53 
1-Apr-19, 17:57:54 
1-Apr-19, 17:57:57 
1-Apr-19, 17:57:58 
1-Apr-19, 17:57:59 
1-Apr-19, 17:58:02 
1-Apr-19, 17:58:03 
1-Apr-19, 17:58:04 
1-Apr-19, 17:58:07 
1-Apr-19, 17:58:08 
1-Apr-19, 17:58:09 
1-Apr-19, 17:58:12 
1-Apr-19, 17:58:13 
1-Apr-19, 17:58:14 
1-Apr-19, 17:58:17 
1-Apr-19, 17:58:18 
1-Apr-19, 17:58:19 
1-Apr-19, 17:58:22 
1-Apr-19, 17:58:23 
1-Apr-19, 17:58:24 
1-Apr-19, 17:58:27 
1-Apr-19, 17:58:28 
1-Apr-19, 17:58:29 
1-Apr-19, 17:58:32 
1-Apr-19, 17:58:33 
1-Apr-19, 17:58:34 
1-Apr-19, 17:58:37 
1-Apr-19, 17:58:38 
1-Apr-19, 17:58:39 
1-Apr-19, 17:58:42 
1-Apr-19, 17:58:43 
1-Apr-19, 17:58:44 
1-Apr-19, 17:58:47 
1-Apr-19, 17:58:48 
1-Apr-19, 17:58:49 
1-Apr-19, 17:58:52 
1-Apr-19, 17:58:53 
1-Apr-19, 17:58:54 
1-Apr-19, 17:58:57 
1-Apr-19, 17:58:58 
1-Apr-19, 17:58:59 
1-Apr-19, 17:59:02 
1-Apr-19, 17:59:03 
1-Apr-19, 17:59:04 
1-Apr-19, 17:59:07 
1-Apr-19, 17:59:08 
1-Apr-19, 17:59:09 
1-Apr-19, 17:59:12 
1-Apr-19, 17:59:13 
1-Apr-19, 17:59:14 
1-Apr-19, 17:59:17 
1-Apr-19, 17:59:18 
1-Apr-19, 17:59:19 
1-Apr-19, 17:59:22 
1-Apr-19, 17:59:23 
1-Apr-19, 17:59:24 
1-Apr-19, 17:59:27 
1-Apr-19, 17:59:28 
1-Apr-19, 17:59:29 
1-Apr-19, 17:59:32 
1-Apr-19, 17:59:33 
1-Apr-19, 17:59:34 
1-Apr-19, 17:59:37 
1-Apr-19, 17:59:38 
1-Apr-19, 17:59:39 
1-Apr-19, 17:59:42 
1-Apr-19, 17:59:43 
1-Apr-19, 17:59:44 
1-Apr-19, 17:59:47 
1-Apr-19, 17:59:48 
1-Apr-19, 17:59:49 
1-Apr-19, 17:59:52 
1-Apr-19, 17:59:53 
1-Apr-19, 17:59:54 
1-Apr-19, 17:59:57 
1-Apr-19, 17:59:58 
1-Apr-19, 17:59:59 
1-Apr-19, 18:00:02 
1-Apr-19, 18:00:03 
1-Apr-19, 18:00:04 
1-Apr-19, 18:00:07 
1-Apr-19, 18:00:08 
1-Apr-19, 18:00:09 
1-Apr-19, 18:00:12 
1-Apr-19, 18:00:13 
1-Apr-19, 18:00:14 
1-Apr-19, 18:00:17 
1-Apr-19, 18:00:18 
1-Apr-19, 18:00:19 
1-Apr-19, 18:00:22 
1-Apr-19, 18:00:23 
1-Apr-19, 18:00:24 
1-Apr-19, 18:00:27 
1-Apr-19, 18:00:28 
1-Apr-19, 18:00:29 
1-Apr-19, 18:00:32 
1-Apr-19, 18:00:33 
1-Apr-19, 18:00:34 
1-Apr-19, 18:00:37 
1-Apr-19, 18:00:38 
1-Apr-19, 18:00:39 
1-Apr-19, 18:00:42 
1-Apr-19, 18:00:43 
1-Apr-19, 18:00:44 
1-Apr-19, 18:00:47 
1-Apr-19, 18:00:48 
1-Apr-19, 18:00:49 
1-Apr-19, 18:00:52 
1-Apr-19, 18:00:53 
1-Apr-19, 18:00:54 
1-Apr-19, 18:00:57 
1-Apr-19, 18:00:58 
1-Apr-19, 18:00:59 
1-Apr-19, 18:01:02 
1-Apr-19, 18:01:03 
1-Apr-19, 18:01:04 
1-Apr-19, 18:01:07 
1-Apr-19, 18:01:08 
1-Apr-19, 18:01:09 
1-Apr-19, 18:01:12 
1-Apr-19, 18:01:13 
1-Apr-19, 18:01:14 
1-Apr-19, 18:01:17 
1-Apr-19, 18:01:18 
1-Apr-19, 18:01:19 
1-Apr-19, 18:01:22 
1-Apr-19, 18:01:23 
1-Apr-19, 18:01:24 
1-Apr-19, 18:01:27 
1-Apr-19, 18:01:28 
1-Apr-19, 18:01:29 
1-Apr-19, 18:01:32 
1-Apr-19, 18:01:33 
1-Apr-19, 18:01:34 
1-Apr-19, 18:01:37 
1-Apr-19, 18:01:38 
1-Apr-19, 18:01:39 
1-Apr-19, 18:01:42 
1-Apr-19, 18:01:43 
1-Apr-19, 18:01:44 
1-Apr-19, 18:01:47 
1-Apr-19, 18:01:48 
1-Apr-19, 18:01:49 
1-Apr-19, 18:01:52 
1-Apr-19, 18:01:53 
1-Apr-19, 18:01:54 
1-Apr-19, 18:01:57 
1-Apr-19, 18:01:58 
1-Apr-19, 18:01:59 
1-Apr-19, 18:02:02 
1-Apr-19, 18:02:03 
1-Apr-19, 18:02:04 
1-Apr-19, 18:02:07 
1-Apr-19, 18:02:08 
1-Apr-19, 18:02:09 
1-Apr-19, 18:02:12 
1-Apr-19, 18:02:13 
1-Apr-19, 18:02:14 
1-Apr-19, 18:02:17 
1-Apr-19, 18:02:18 
1-Apr-19, 18:02:19 
1-Apr-19, 18:02:22 
1-Apr-19, 18:02:23 
1-Apr-19, 18:02:24 
1-Apr-19, 18:02:27 
1-Apr-19, 18:02:28 
1-Apr-19, 18:02:29 
1-Apr-19, 18:02:32 
1-Apr-19, 18:02:33 
1-Apr-19, 18:02:34 
1-Apr-19, 18:02:37 
1-Apr-19, 18:02:38 
1-Apr-19, 18:02:39 
1-Apr-19, 18:02:42 
1-Apr-19, 18:02:43 
1-Apr-19, 18:02:44 
1-Apr-19, 18:02:47 
1-Apr-19, 18:02:48 
1-Apr-19, 18:02:49 
1-Apr-19, 18:02:52 
1-Apr-19, 18:02:53 
1-Apr-19, 18:02:54 
1-Apr-19, 18:02:57 
1-Apr-19, 18:02:58 
1-Apr-19, 18:02:59 
1-Apr-19, 18:03:02 
1-Apr-19, 18:03:03 
1-Apr-19, 18:03:04 
1-Apr-19, 18:03:07 
1-Apr-19, 18:03:08 
1-Apr-19, 18:03:09 
1-Apr-19, 18:03:12 
1-Apr-19, 18:03:13 
1-Apr-19, 18:03:14 
1-Apr-19, 18:03:17 
1-Apr-19, 18:03:18 
1-Apr-19, 18:03:19 
1-Apr-19, 18:03:22 
1-Apr-19, 18:03:23 
1-Apr-19, 18:03:24 
1-Apr-19, 18:03:27 
1-Apr-19, 18:03:28 
1-Apr-19, 18:03:29 
1-Apr-19, 18:03:32 
1-Apr-19, 18:03:33 
1-Apr-19, 18:03:34 
1-Apr-19, 18:03:37 
1-Apr-19, 18:03:38 
1-Apr-19, 18:03:39 
1-Apr-19, 18:03:42 
1-Apr-19, 18:03:43 
1-Apr-19, 18:03:44 
1-Apr-19, 18:03:47 
1-Apr-19, 18:03:48 
1-Apr-19, 18:03:49 
1-Apr-19, 18:03:52 
1-Apr-19, 18:03:53 
1-Apr-19, 18:03:54 
1-Apr-19, 18:03:57 
1-Apr-19, 18:03:58 
1-Apr-19, 18:03:59 
1-Apr-19, 18:04:02 
1-Apr-19, 18:04:03 
1-Apr-19, 18:04:04 
1-Apr-19, 18:04:07 
1-Apr-19, 18:04:08 
1-Apr-19, 18:04:09 
1-Apr-19, 18:04:12 
1-Apr-19, 18:04:13 
1-Apr-19, 18:04:14 
1-Apr-19, 18:04:17 
1-Apr-19, 18:04:18 
1-Apr-19, 18:04:19 
1-Apr-19, 18:04:22 
1-Apr-19, 18:04:23 
1-Apr-19, 18:04:24 
1-Apr-19, 18:04:27 
1-Apr-19, 18:04:28 
1-Apr-19, 18:04:29 
1-Apr-19, 18:04:32 
1-Apr-19, 18:04:33 
1-Apr-19, 18:04:34 
1-Apr-19, 18:04:37 
1-Apr-19, 18:04:38 
1-Apr-19, 18:04:39 
1-Apr-19, 18:04:42 
1-Apr-19, 18:04:43 
1-Apr-19, 18:04:44 
1-Apr-19, 18:04:47 
1-Apr-19, 18:04:48 
1-Apr-19, 18:04:49 
1-Apr-19, 18:04:52 
1-Apr-19, 18:04:53 
1-Apr-19, 18:04:54 
1-Apr-19, 18:04:57 
1-Apr-19, 18:04:58 
1-Apr-19, 18:04:59 
1-Apr-19, 18:05:02 
1-Apr-19, 18:05:03 
1-Apr-19, 18:05:04 
1-Apr-19, 18:05:07 
1-Apr-19, 18:05:08 
1-Apr-19, 18:05:09 
1-Apr-19, 18:05:12 
1-Apr-19, 18:05:13 
1-Apr-19, 18:05:14 
1-Apr-19, 18:05:17 
1-Apr-19, 18:05:18 
1-Apr-19, 18:05:19 
1-Apr-19, 18:05:22 
1-Apr-19, 18:05:23 
1-Apr-19, 18:05:24 
1-Apr-19, 18:05:27 
1-Apr-19, 18:05:28 
1-Apr-19, 18:05:29 
1-Apr-19, 18:05:32 
1-Apr-19, 18:05:33 
1-Apr-19, 18:05:34 
1-Apr-19, 18:05:37 
1-Apr-19, 18:05:38 
1-Apr-19, 18:05:39 
1-Apr-19, 18:05:42 
1-Apr-19, 18:05:43 
1-Apr-19, 18:05:44 
1-Apr-19, 18:05:47 
1-Apr-19, 18:05:48 
1-Apr-19, 18:05:49 
1-Apr-19, 18:05:52 
1-Apr-19, 18:05:53 
1-Apr-19, 18:05:54 
1-Apr-19, 18:05:57 
1-Apr-19, 18:05:58 
1-Apr-19, 18:05:59 
1-Apr-19, 18:06:02 
1-Apr-19, 18:06:03 
1-Apr-19, 18:06:04 
1-Apr-19, 18:06:07 
1-Apr-19, 18:06:08 
1-Apr-19, 18:06:09 
1-Apr-19, 18:06:12 
1-Apr-19, 18:06:13 
1-Apr-19, 18:06:14 
1-Apr-19, 18:06:17 
1-Apr-19, 18:06:18 
1-Apr-19, 18:06:19 
1-Apr-19, 18:06:22 
1-Apr-19, 18:06:23 
1-Apr-19, 18:06:24 
1-Apr-19, 18:06:27 
1-Apr-19, 18:06:28 
1-Apr-19, 18:06:29 
1-Apr-19, 18:06:32 
1-Apr-19, 18:06:33 
1-Apr-19, 18:06:34 
1-Apr-19, 18:06:37 
1-Apr-19, 18:06:38 
1-Apr-19, 18:06:39 
1-Apr-19, 18:06:42 
1-Apr-19, 18:06:43 
1-Apr-19, 18:06:44 
1-Apr-19, 18:06:47 
1-Apr-19, 18:06:48 
1-Apr-19, 18:06:49 
1-Apr-19, 18:06:52 
1-Apr-19, 18:06:53 
1-Apr-19, 18:06:54 
1-Apr-19, 18:06:57 
1-Apr-19, 18:06:58 
1-Apr-19, 18:06:59 
1-Apr-19, 18:07:02 
1-Apr-19, 18:07:03 
1-Apr-19, 18:07:04 
1-Apr-19, 18:07:07 
1-Apr-19, 18:07:08 
1-Apr-19, 18:07:09 
1-Apr-19, 18:07:12 
1-Apr-19, 18:07:13 
1-Apr-19, 18:07:14 
1-Apr-19, 18:07:17 
1-Apr-19, 18:07:18 
1-Apr-19, 18:07:19 
1-Apr-19, 18:07:22 
1-Apr-19, 18:07:23 
1-Apr-19, 18:07:24 
1-Apr-19, 18:07:27 
1-Apr-19, 18:07:28 
1-Apr-19, 18:07:29 
1-Apr-19, 18:07:32 
1-Apr-19, 18:07:33 
1-Apr-19, 18:07:34 
1-Apr-19, 18:07:37 
1-Apr-19, 18:07:38 
1-Apr-19, 18:07:39 
1-Apr-19, 18:07:42 
1-Apr-19, 18:07:43 
1-Apr-19, 18:07:44 
1-Apr-19, 18:07:47 
1-Apr-19, 18:07:48 
1-Apr-19, 18:07:49 
1-Apr-19, 18:07:52 
1-Apr-19, 18:07:53 
1-Apr-19, 18:07:54 
1-Apr-19, 18:07:57 
1-Apr-19, 18:07:58 
1-Apr-19, 18:07:59 
1-Apr-19, 18:08:02 
1-Apr-19, 18:08:03 
1-Apr-19, 18:08:04 
1-Apr-19, 18:08:07 
1-Apr-19, 18:08:08 
1-Apr-19, 18:08:09 
1-Apr-19, 18:08:12 
1-Apr-19, 18:08:13 
1-Apr-19, 18:08:14 
1-Apr-19, 18:08:17 
1-Apr-19, 18:08:18 
1-Apr-19, 18:08:19 
1-Apr-19, 18:08:22 
1-Apr-19, 18:08:23 
1-Apr-19, 18:08:24 
1-Apr-19, 18:08:27 
1-Apr-19, 18:08:28 
1-Apr-19, 18:08:29 
1-Apr-19, 18:08:32 
1-Apr-19, 18:08:33 
1-Apr-19, 18:08:34 
1-Apr-19, 18:08:37 
1-Apr-19, 18:08:38 
1-Apr-19, 18:08:39 
1-Apr-19, 18:08:42 
1-Apr-19, 18:08:43 
1-Apr-19, 18:08:44 
1-Apr-19, 18:08:47 
1-Apr-19, 18:08:48 
1-Apr-19, 18:08:49 
1-Apr-19, 18:08:52 
1-Apr-19, 18:08:53 
1-Apr-19, 18:08:54 
1-Apr-19, 18:08:57 
1-Apr-19, 18:08:58 
1-Apr-19, 18:08:59 
1-Apr-19, 18:09:02 
1-Apr-19, 18:09:03 
1-Apr-19, 18:09:04 
1-Apr-19, 18:09:07 
1-Apr-19, 18:09:08 
1-Apr-19, 18:09:09 
1-Apr-19, 18:09:12 
1-Apr-19, 18:09:13 
1-Apr-19, 18:09:14 
1-Apr-19, 18:09:17 
1-Apr-19, 18:09:18 
1-Apr-19, 18:09:19 
1-Apr-19, 18:09:22 
1-Apr-19, 18:09:23 
1-Apr-19, 18:09:24 
1-Apr-19, 18:09:27 
1-Apr-19, 18:09:28 
1-Apr-19, 18:09:29 
1-Apr-19, 18:09:32 
1-Apr-19, 18:09:33 
1-Apr-19, 18:09:34 
1-Apr-19, 18:09:37 
1-Apr-19, 18:09:38 
1-Apr-19, 18:09:39 
1-Apr-19, 18:09:42 
1-Apr-19, 18:09:43 
1-Apr-19, 18:09:44 
1-Apr-19, 18:09:47 
1-Apr-19, 18:09:48 
1-Apr-19, 18:09:49 
1-Apr-19, 18:09:52 
1-Apr-19, 18:09:53 
1-Apr-19, 18:09:54 
1-Apr-19, 18:09:57 
1-Apr-19, 18:09:58 
1-Apr-19, 18:09:59 
1-Apr-19, 18:10:02 
1-Apr-19, 18:10:03 
1-Apr-19, 18:10:04 
1-Apr-19, 18:10:07 
1-Apr-19, 18:10:08 
1-Apr-19, 18:10:09 
1-Apr-19, 18:10:12 
1-Apr-19, 18:10:13 
1-Apr-19, 18:10:14 
1-Apr-19, 18:10:17 
1-Apr-19, 18:10:18 
1-Apr-19, 18:10:19 
1-Apr-19, 18:10:22 
1-Apr-19, 18:10:23 
1-Apr-19, 18:10:24 
1-Apr-19, 18:10:27 
1-Apr-19, 18:10:28 
1-Apr-19, 18:10:29 
1-Apr-19, 18:10:32 
1-Apr-19, 18:10:33 
1-Apr-19, 18:10:34 
1-Apr-19, 18:10:37 
1-Apr-19, 18:10:38 
1-Apr-19, 18:10:39 
1-Apr-19, 18:10:42 
1-Apr-19, 18:10:43 
1-Apr-19, 18:10:44 
1-Apr-19, 18:10:47 
1-Apr-19, 18:10:48 
1-Apr-19, 18:10:49 
1-Apr-19, 18:10:52 
1-Apr-19, 18:10:53 
1-Apr-19, 18:10:54 
1-Apr-19, 18:10:57 
1-Apr-19, 18:10:58 
1-Apr-19, 18:10:59 
1-Apr-19, 18:11:02 
1-Apr-19, 18:11:03 
1-Apr-19, 18:11:04 
1-Apr-19, 18:11:07 
1-Apr-19, 18:11:08 
1-Apr-19, 18:11:09 
1-Apr-19, 18:11:12 
1-Apr-19, 18:11:13 
1-Apr-19, 18:11:14 
1-Apr-19, 18:11:17 
1-Apr-19, 18:11:18 
1-Apr-19, 18:11:19 
1-Apr-19, 18:11:22 
1-Apr-19, 18:11:23 
1-Apr-19, 18:11:24 
1-Apr-19, 18:11:27 
1-Apr-19, 18:11:28 
1-Apr-19, 18:11:29 
1-Apr-19, 18:11:32 
1-Apr-19, 18:11:33 
1-Apr-19, 18:11:34 
1-Apr-19, 18:11:37 
1-Apr-19, 18:11:38 
1-Apr-19, 18:11:39 
1-Apr-19, 18:11:42 
1-Apr-19, 18:11:43 
1-Apr-19, 18:11:44 
1-Apr-19, 18:11:47 
1-Apr-19, 18:11:48 
1-Apr-19, 18:11:49 
1-Apr-19, 18:11:52 
1-Apr-19, 18:11:53 
1-Apr-19, 18:11:54 
1-Apr-19, 18:11:57 
1-Apr-19, 18:11:58 
1-Apr-19, 18:11:59 
1-Apr-19, 18:12:02 
1-Apr-19, 18:12:03 
1-Apr-19, 18:12:04 
1-Apr-19, 18:12:07 
1-Apr-19, 18:12:08 
1-Apr-19, 18:12:09 
1-Apr-19, 18:12:12 
1-Apr-19, 18:12:13 
1-Apr-19, 18:12:14 
1-Apr-19, 18:12:17 
1-Apr-19, 18:12:18 
1-Apr-19, 18:12:19 
1-Apr-19, 18:12:22 
1-Apr-19, 18:12:23 
1-Apr-19, 18:12:24 
1-Apr-19, 18:12:27 
1-Apr-19, 18:12:28 
1-Apr-19, 18:12:29 
1-Apr-19, 18:12:32 
1-Apr-19, 18:12:33 
1-Apr-19, 18:12:34 
1-Apr-19, 18:12:37 
1-Apr-19, 18:12:38 
1-Apr-19, 18:12:39 
1-Apr-19, 18:12:42 
1-Apr-19, 18:12:43 
1-Apr-19, 18:12:44 
1-Apr-19, 18:12:47 
1-Apr-19, 18:12:48 
1-Apr-19, 18:12:49 
1-Apr-19, 18:12:52 
1-Apr-19, 18:12:53 
1-Apr-19, 18:12:54 
1-Apr-19, 18:12:57 
1-Apr-19, 18:12:58 
1-Apr-19, 18:12:59 
1-Apr-19, 18:13:02 
1-Apr-19, 18:13:03 
1-Apr-19, 18:13:04 
1-Apr-19, 18:13:07 
1-Apr-19, 18:13:08 
1-Apr-19, 18:13:09 
1-Apr-19, 18:13:12 
1-Apr-19, 18:13:13 
1-Apr-19, 18:13:14 
1-Apr-19, 18:13:17 
1-Apr-19, 18:13:18 
1-Apr-19, 18:13:19 
1-Apr-19, 18:13:22 
1-Apr-19, 18:13:23 
1-Apr-19, 18:13:24 
1-Apr-19, 18:13:27 
1-Apr-19, 18:13:28 
1-Apr-19, 18:13:29 
1-Apr-19, 18:13:32 
1-Apr-19, 18:13:33 
1-Apr-19, 18:13:34 
1-Apr-19, 18:13:37 
1-Apr-19, 18:13:38 
1-Apr-19, 18:13:39 
1-Apr-19, 18:13:42 
1-Apr-19, 18:13:43 
1-Apr-19, 18:13:44 
1-Apr-19, 18:13:47 
1-Apr-19, 18:13:48 
1-Apr-19, 18:13:49 
1-Apr-19, 18:13:52 
1-Apr-19, 18:13:53 
1-Apr-19, 18:13:54 
1-Apr-19, 18:13:57 
1-Apr-19, 18:13:58 
1-Apr-19, 18:13:59 
1-Apr-19, 18:14:02 
1-Apr-19, 18:14:03 
1-Apr-19, 18:14:04 
1-Apr-19, 18:14:07 
1-Apr-19, 18:14:08 
1-Apr-19, 18:14:09 
1-Apr-19, 18:14:12 
1-Apr-19, 18:14:13 
1-Apr-19, 18:14:14 
1-Apr-19, 18:14:17 
1-Apr-19, 18:14:18 
1-Apr-19, 18:14:19 
1-Apr-19, 18:14:22 
1-Apr-19, 18:14:23 
1-Apr-19, 18:14:24 
1-Apr-19, 18:14:27 
1-Apr-19, 18:14:28 
1-Apr-19, 18:14:29 
1-Apr-19, 18:14:32 
1-Apr-19, 18:14:33 
1-Apr-19, 18:14:34 
1-Apr-19, 18:14:37 
1-Apr-19, 18:14:38 
1-Apr-19, 18:14:39 
1-Apr-19, 18:14:42 
1-Apr-19, 18:14:43 
1-Apr-19, 18:14:44 
1-Apr-19, 18:14:47 
1-Apr-19, 18:14:48 
1-Apr-19, 18:14:49 
1-Apr-19, 18:14:52 
1-Apr-19, 18:14:53 
1-Apr-19, 18:14:54 
1-Apr-19, 18:14:57 
1-Apr-19, 18:14:58 
1-Apr-19, 18:14:59 
1-Apr-19, 18:15:02 
1-Apr-19, 18:15:03 
1-Apr-19, 18:15:04 
1-Apr-19, 18:15:07 
1-Apr-19, 18:15:08 
1-Apr-19, 18:15:09 
1-Apr-19, 18:15:12 
1-Apr-19, 18:15:13 
1-Apr-19, 18:15:14 
1-Apr-19, 18:15:17 
1-Apr-19, 18:15:18 
1-Apr-19, 18:15:19 
1-Apr-19, 18:15:22 
1-Apr-19, 18:15:23 
1-Apr-19, 18:15:24 
1-Apr-19, 18:15:27 
1-Apr-19, 18:15:28 
1-Apr-19, 18:15:29 
1-Apr-19, 18:15:32 
1-Apr-19, 18:15:33 
1-Apr-19, 18:15:34 
1-Apr-19, 18:15:37 
1-Apr-19, 18:15:38 
1-Apr-19, 18:15:40 
1-Apr-19, 18:15:42 
1-Apr-19, 18:15:43 
1-Apr-19, 18:15:45 
1-Apr-19, 18:15:47 
1-Apr-19, 18:15:48 
1-Apr-19, 18:15:50 
1-Apr-19, 18:15:52 
1-Apr-19, 18:15:53 
1-Apr-19, 18:15:55 
1-Apr-19, 18:15:57 
1-Apr-19, 18:15:58 
1-Apr-19, 18:16:00 
1-Apr-19, 18:16:02 
1-Apr-19, 18:16:03 
1-Apr-19, 18:16:05 
1-Apr-19, 18:16:07 
1-Apr-19, 18:16:08 
1-Apr-19, 18:16:10 
1-Apr-19, 18:16:12 
1-Apr-19, 18:16:13 
1-Apr-19, 18:16:15 
1-Apr-19, 18:16:17 
1-Apr-19, 18:16:18 
1-Apr-19, 18:16:20 
1-Apr-19, 18:16:22 
1-Apr-19, 18:16:23 
1-Apr-19, 18:16:25 
1-Apr-19, 18:16:27 
1-Apr-19, 18:16:28 
1-Apr-19, 18:16:30 
1-Apr-19, 18:16:32 
1-Apr-19, 18:16:33 
1-Apr-19, 18:16:35 
1-Apr-19, 18:16:37 
1-Apr-19, 18:16:38 
1-Apr-19, 18:16:40 
1-Apr-19, 18:16:42 
1-Apr-19, 18:16:43 
1-Apr-19, 18:16:45 
1-Apr-19, 18:16:47 
1-Apr-19, 18:16:48 
1-Apr-19, 18:16:50 
1-Apr-19, 18:16:52 
1-Apr-19, 18:16:53 
1-Apr-19, 18:16:55 
1-Apr-19, 18:16:57 
1-Apr-19, 18:16:58 
1-Apr-19, 18:17:00 
1-Apr-19, 18:17:02 
1-Apr-19, 18:17:03 
1-Apr-19, 18:17:05 
1-Apr-19, 18:17:07 
1-Apr-19, 18:17:08 
1-Apr-19, 18:17:10 
1-Apr-19, 18:17:12 
1-Apr-19, 18:17:13 
1-Apr-19, 18:17:15 
1-Apr-19, 18:17:17 
1-Apr-19, 18:17:18 
1-Apr-19, 18:17:20 
1-Apr-19, 18:17:22 
1-Apr-19, 18:17:23 
1-Apr-19, 18:17:25 
1-Apr-19, 18:17:27 
1-Apr-19, 18:17:28 
1-Apr-19, 18:17:30 
1-Apr-19, 18:17:32 
1-Apr-19, 18:17:33 
1-Apr-19, 18:17:35 
1-Apr-19, 18:17:37 
1-Apr-19, 18:17:38 
1-Apr-19, 18:17:40 
1-Apr-19, 18:17:42 
1-Apr-19, 18:17:43 
1-Apr-19, 18:17:45 
1-Apr-19, 18:17:47 
1-Apr-19, 18:17:48 
1-Apr-19, 18:17:50 
1-Apr-19, 18:17:52 
1-Apr-19, 18:17:53 
1-Apr-19, 18:17:55 
1-Apr-19, 18:17:57 
1-Apr-19, 18:17:59 
1-Apr-19, 18:18:00 
1-Apr-19, 18:18:02 
1-Apr-19, 18:18:04 
1-Apr-19, 18:18:05 
1-Apr-19, 18:18:07 
1-Apr-19, 18:18:09 
1-Apr-19, 18:18:10 
1-Apr-19, 18:18:12 
1-Apr-19, 18:18:14 
1-Apr-19, 18:18:15 
1-Apr-19, 18:18:17 
1-Apr-19, 18:18:19 
1-Apr-19, 18:18:20 
1-Apr-19, 18:18:22 
1-Apr-19, 18:18:24 
1-Apr-19, 18:18:25 
1-Apr-19, 18:18:27 
1-Apr-19, 18:18:29 
1-Apr-19, 18:18:30 
1-Apr-19, 18:18:32 
1-Apr-19, 18:18:34 
1-Apr-19, 18:18:35 
1-Apr-19, 18:18:37 
1-Apr-19, 18:18:39 
1-Apr-19, 18:18:40 
1-Apr-19, 18:18:42 
1-Apr-19, 18:18:44 
1-Apr-19, 18:18:45 
1-Apr-19, 18:18:47 
1-Apr-19, 18:18:49 
1-Apr-19, 18:18:50 
1-Apr-19, 18:18:52 
1-Apr-19, 18:18:54 
1-Apr-19, 18:18:55 
1-Apr-19, 18:18:57 
1-Apr-19, 18:18:59 
1-Apr-19, 18:19:00 
1-Apr-19, 18:19:02 
1-Apr-19, 18:19:04 
1-Apr-19, 18:19:05 
1-Apr-19, 18:19:07 
1-Apr-19, 18:19:09 
1-Apr-19, 18:19:10 
1-Apr-19, 18:19:12 
1-Apr-19, 18:19:14 
1-Apr-19, 18:19:15 
1-Apr-19, 18:19:17 
1-Apr-19, 18:19:19 
1-Apr-19, 18:19:20 
1-Apr-19, 18:19:22 
1-Apr-19, 18:19:24 
1-Apr-19, 18:19:25 
1-Apr-19, 18:19:27 
1-Apr-19, 18:19:29 
1-Apr-19, 18:19:30 
1-Apr-19, 18:19:32 
1-Apr-19, 18:19:34 
1-Apr-19, 18:19:35 
1-Apr-19, 18:19:37 
1-Apr-19, 18:19:39 
1-Apr-19, 18:19:40 
1-Apr-19, 18:19:42 
1-Apr-19, 18:19:44 
1-Apr-19, 18:19:45 
1-Apr-19, 18:19:47 
1-Apr-19, 18:19:49 
1-Apr-19, 18:19:50 
1-Apr-19, 18:19:52 
1-Apr-19, 18:19:54 
1-Apr-19, 18:19:55 
1-Apr-19, 18:19:57 
1-Apr-19, 18:19:59 
1-Apr-19, 18:20:00 
1-Apr-19, 18:20:02 
1-Apr-19, 18:20:04 
1-Apr-19, 18:20:05 
1-Apr-19, 18:20:07 
1-Apr-19, 18:20:09 
1-Apr-19, 18:20:10 
1-Apr-19, 18:20:12 
1-Apr-19, 18:20:14 
1-Apr-19, 18:20:15 
1-Apr-19, 18:20:17 
1-Apr-19, 18:20:19 
1-Apr-19, 18:20:20 
1-Apr-19, 18:20:22 
1-Apr-19, 18:20:24 
1-Apr-19, 18:20:25 
1-Apr-19, 18:20:27 
1-Apr-19, 18:20:29 
1-Apr-19, 18:20:30 
1-Apr-19, 18:20:32 
1-Apr-19, 18:20:34 
1-Apr-19, 18:20:35 
1-Apr-19, 18:20:37 
1-Apr-19, 18:20:39 
1-Apr-19, 18:20:40 
1-Apr-19, 18:20:42 
1-Apr-19, 18:20:44 
1-Apr-19, 18:20:45 
1-Apr-19, 18:20:47 
1-Apr-19, 18:20:49 
1-Apr-19, 18:20:50 
1-Apr-19, 18:20:52 
1-Apr-19, 18:20:54 
1-Apr-19, 18:20:55 
1-Apr-19, 18:20:57 
1-Apr-19, 18:20:59 
1-Apr-19, 18:21:00 
1-Apr-19, 18:21:02 
1-Apr-19, 18:21:04 
1-Apr-19, 18:21:05 
1-Apr-19, 18:21:07 
1-Apr-19, 18:21:09 
1-Apr-19, 18:21:10 
1-Apr-19, 18:21:12 
1-Apr-19, 18:21:14 
1-Apr-19, 18:21:15 
1-Apr-19, 18:21:17 
1-Apr-19, 18:21:19 
1-Apr-19, 18:21:20 
1-Apr-19, 18:21:22 
1-Apr-19, 18:21:24 
1-Apr-19, 18:21:25 
1-Apr-19, 18:21:27 
1-Apr-19, 18:21:29 
1-Apr-19, 18:21:30 
1-Apr-19, 18:21:32 
1-Apr-19, 18:21:34 
1-Apr-19, 18:21:35 
1-Apr-19, 18:21:37 
1-Apr-19, 18:21:39 
1-Apr-19, 18:21:40 
1-Apr-19, 18:21:42 
1-Apr-19, 18:21:44 
1-Apr-19, 18:21:45 
1-Apr-19, 18:21:47 
1-Apr-19, 18:21:49 
1-Apr-19, 18:21:50 
1-Apr-19, 18:21:52 
1-Apr-19, 18:21:54 
1-Apr-19, 18:21:55 
1-Apr-19, 18:21:57 
1-Apr-19, 18:21:59 
1-Apr-19, 18:22:00 
1-Apr-19, 18:22:02 
1-Apr-19, 18:22:04 
1-Apr-19, 18:22:05 
1-Apr-19, 18:22:07 
1-Apr-19, 18:22:09 
1-Apr-19, 18:22:10 
1-Apr-19, 18:22:12 
1-Apr-19, 18:22:14 
1-Apr-19, 18:22:15 
1-Apr-19, 18:22:17 
1-Apr-19, 18:22:19 
1-Apr-19, 18:22:20 
1-Apr-19, 18:22:22 
1-Apr-19, 18:22:24 
1-Apr-19, 18:22:25 
1-Apr-19, 18:22:27 
1-Apr-19, 18:22:29 
1-Apr-19, 18:22:30 
1-Apr-19, 18:22:32 
1-Apr-19, 18:22:34 
1-Apr-19, 18:22:35 
31-Mar-19,12:36:52
31-Mar-19,12:36:53
31-Mar-19,12:36:54
31-Mar-19,12:36:55
31-Mar-19,12:36:56
31-Mar-19,12:36:57
31-Mar-19,12:36:57
31-Mar-19,12:36:58
31-Mar-19,12:36:58
31-Mar-19,12:36:59
31-Mar-19,12:36:59
31-Mar-19,12:37:00
31-Mar-19,12:37:00
31-Mar-19,12:37:01
31-Mar-19,12:37:01
31-Mar-19,12:37:02
31-Mar-19,12:37:02
31-Mar-19,12:37:02
31-Mar-19,12:37:03
31-Mar-19,12:37:03
31-Mar-19,12:37:03
31-Mar-19,12:37:04
31-Mar-19,12:37:04
31-Mar-19,12:37:04
31-Mar-19,12:37:05
31-Mar-19,12:37:05
31-Mar-19,12:37:05
31-Mar-19,12:37:06
31-Mar-19,12:37:06
31-Mar-19,12:37:06
31-Mar-19,12:37:07
31-Mar-19,12:37:07
31-Mar-19,12:37:07
31-Mar-19,12:37:07
31-Mar-19,12:37:08
31-Mar-19,12:37:08
31-Mar-19,12:37:08
31-Mar-19,12:37:08
31-Mar-19,12:37:09
31-Mar-19,12:37:09
31-Mar-19,12:37:09
31-Mar-19,12:37:09
31-Mar-19,12:37:10
31-Mar-19,12:37:10
31-Mar-19,12:37:10
31-Mar-19,12:37:10
31-Mar-19,12:37:11
31-Mar-19,12:37:11
31-Mar-19,12:37:11
31-Mar-19,12:37:11
31-Mar-19,12:37:12
31-Mar-19,12:37:12
31-Mar-19,12:37:12
31-Mar-19,12:37:12
31-Mar-19,12:37:12
31-Mar-19,12:37:13
31-Mar-19,12:37:13
31-Mar-19,12:37:13
31-Mar-19,12:37:13
31-Mar-19,12:37:13
31-Mar-19,12:37:14
31-Mar-19,12:37:14
31-Mar-19,12:37:14
31-Mar-19,12:37:14
31-Mar-19,12:37:14
31-Mar-19,12:37:15
31-Mar-19,12:37:15
31-Mar-19,12:37:15
31-Mar-19,12:37:15
31-Mar-19,12:37:15
31-Mar-19,12:37:16
31-Mar-19,12:37:16
31-Mar-19,12:37:16
31-Mar-19,12:37:16
31-Mar-19,12:37:16
31-Mar-19,12:37:17
31-Mar-19,12:37:17
31-Mar-19,12:37:17
31-Mar-19,12:37:17
31-Mar-19,12:37:17
31-Mar-19,12:37:17
31-Mar-19,12:37:18
31-Mar-19,12:37:18
31-Mar-19,12:37:18
31-Mar-19,12:37:18
31-Mar-19,12:37:18
31-Mar-19,12:37:18
31-Mar-19,12:37:19
31-Mar-19,12:37:19
31-Mar-19,12:37:19
31-Mar-19,12:37:19
31-Mar-19,12:37:19
31-Mar-19,12:37:19
31-Mar-19,12:37:20
31-Mar-19,12:37:20
31-Mar-19,12:37:20
31-Mar-19,12:37:20
31-Mar-19,12:37:20
31-Mar-19,12:37:20
31-Mar-19,12:37:21
31-Mar-19,12:37:21
31-Mar-19,12:37:21
31-Mar-19,12:37:21
31-Mar-19,12:37:21
31-Mar-19,12:37:21
31-Mar-19,12:37:22
31-Mar-19,12:37:22
31-Mar-19,12:37:22
31-Mar-19,12:37:22
31-Mar-19,12:37:22
31-Mar-19,12:37:22
31-Mar-19,12:37:22
31-Mar-19,12:37:23
31-Mar-19,12:37:23
31-Mar-19,12:37:23
31-Mar-19,12:37:23
31-Mar-19,12:37:23
31-Mar-19,12:37:23
31-Mar-19,12:37:23
31-Mar-19,12:37:24
31-Mar-19,12:37:24
31-Mar-19,12:37:24
31-Mar-19,12:37:24
31-Mar-19,12:37:24
31-Mar-19,12:37:24
31-Mar-19,12:37:24
31-Mar-19,12:37:25
31-Mar-19,12:37:25
31-Mar-19,12:37:25
31-Mar-19,12:37:25
31-Mar-19,12:37:25
31-Mar-19,12:37:25
31-Mar-19,12:37:25
31-Mar-19,12:37:26
31-Mar-19,12:37:26
31-Mar-19,12:37:26
31-Mar-19,12:37:26
31-Mar-19,12:37:26
31-Mar-19,12:37:26
31-Mar-19,12:37:26
31-Mar-19,12:37:27
31-Mar-19,12:37:27
31-Mar-19,12:37:27
31-Mar-19,12:37:27
31-Mar-19,12:37:27
31-Mar-19,12:37:27
31-Mar-19,12:37:27
31-Mar-19,12:37:27
31-Mar-19,12:37:28
31-Mar-19,12:37:28
31-Mar-19,12:37:28
31-Mar-19,12:37:28
31-Mar-19,12:37:28
31-Mar-19,12:37:28
31-Mar-19,12:37:28
31-Mar-19,12:37:28
31-Mar-19,12:37:29
31-Mar-19,12:37:29
31-Mar-19,12:37:29
31-Mar-19,12:37:29
31-Mar-19,12:37:29
31-Mar-19,12:37:29
31-Mar-19,12:37:29
31-Mar-19,12:37:29
31-Mar-19,12:37:30
31-Mar-19,12:37:30
31-Mar-19,12:37:30
31-Mar-19,12:37:30
31-Mar-19,12:37:30
31-Mar-19,12:37:30
31-Mar-19,12:37:30
31-Mar-19,12:37:30
31-Mar-19,12:37:31
31-Mar-19,12:37:31
31-Mar-19,12:37:31
31-Mar-19,12:37:31
31-Mar-19,12:37:31
31-Mar-19,12:37:31
31-Mar-19,12:37:31
31-Mar-19,12:37:31
31-Mar-19,12:37:32
31-Mar-19,12:37:32
31-Mar-19,12:37:32
31-Mar-19,12:37:32
31-Mar-19,12:37:32
31-Mar-19,12:37:32
31-Mar-19,12:37:32
31-Mar-19,12:37:32
31-Mar-19,12:37:32
31-Mar-19,12:37:33
31-Mar-19,12:37:33
31-Mar-19,12:37:33
31-Mar-19,12:37:33
31-Mar-19,12:37:33
31-Mar-19,12:37:33
31-Mar-19,12:37:33
31-Mar-19,12:37:33
31-Mar-19,12:37:33
31-Mar-19,12:37:34
31-Mar-19,12:37:34
31-Mar-19,12:37:34
31-Mar-19,12:37:34
31-Mar-19,12:37:34
31-Mar-19,12:37:34
31-Mar-19,12:37:34
31-Mar-19,12:37:34
31-Mar-19,12:37:34
31-Mar-19,12:37:35
31-Mar-19,12:37:35
31-Mar-19,12:37:35
31-Mar-19,12:37:35
31-Mar-19,12:37:35
31-Mar-19,12:37:35
31-Mar-19,12:37:35
31-Mar-19,12:37:35
31-Mar-19,12:37:35
31-Mar-19,12:37:36
31-Mar-19,12:37:36
31-Mar-19,12:37:36
31-Mar-19,12:37:36
31-Mar-19,12:37:36
31-Mar-19,12:37:36
31-Mar-19,12:37:36
31-Mar-19,12:37:36
31-Mar-19,12:37:36
31-Mar-19,12:37:37
31-Mar-19,12:37:37
31-Mar-19,12:37:37
31-Mar-19,12:37:37
31-Mar-19,12:37:37
31-Mar-19,12:37:37
31-Mar-19,12:37:37
31-Mar-19,12:37:37
31-Mar-19,12:37:37
31-Mar-19,12:37:37
31-Mar-19,12:37:38
31-Mar-19,12:37:38
31-Mar-19,12:37:38
31-Mar-19,12:37:38
31-Mar-19,12:37:38
31-Mar-19,12:37:38
31-Mar-19,12:37:38
31-Mar-19,12:37:38
31-Mar-19,12:37:38
31-Mar-19,12:37:38
31-Mar-19,12:37:39
31-Mar-19,12:37:39
31-Mar-19,12:37:39
31-Mar-19,12:37:39
31-Mar-19,12:37:39
31-Mar-19,12:37:39
31-Mar-19,12:37:39
31-Mar-19,12:37:39
31-Mar-19,12:37:39
31-Mar-19,12:37:39
31-Mar-19,12:37:40
31-Mar-19,12:37:40
31-Mar-19,12:37:40
31-Mar-19,12:37:40
31-Mar-19,12:37:40
31-Mar-19,12:37:40
31-Mar-19,12:37:40
31-Mar-19,12:37:40
31-Mar-19,12:37:40
31-Mar-19,12:37:40
31-Mar-19,12:37:41
31-Mar-19,12:37:41
31-Mar-19,12:37:41
31-Mar-19,12:37:41
31-Mar-19,12:37:41
31-Mar-19,12:37:41
31-Mar-19,12:37:41
31-Mar-19,12:37:41
31-Mar-19,12:37:41
31-Mar-19,12:37:41
31-Mar-19,12:37:42
31-Mar-19,12:37:42
31-Mar-19,12:37:42
31-Mar-19,12:37:42
31-Mar-19,12:37:42
31-Mar-19,12:37:42
31-Mar-19,12:37:42
31-Mar-19,12:37:42
31-Mar-19,12:37:42
31-Mar-19,12:37:42
31-Mar-19,12:37:42
31-Mar-19,12:37:43
31-Mar-19,12:37:43
31-Mar-19,12:37:43
31-Mar-19,12:37:43
31-Mar-19,12:37:43
31-Mar-19,12:37:43
31-Mar-19,12:37:43
31-Mar-19,12:37:43
31-Mar-19,12:37:43
31-Mar-19,12:37:43
31-Mar-19,12:37:43
31-Mar-19,12:37:44
31-Mar-19,12:37:44
31-Mar-19,12:37:44
31-Mar-19,12:37:44
31-Mar-19,12:37:44
31-Mar-19,12:37:44
31-Mar-19,12:37:44
31-Mar-19,12:37:44
31-Mar-19,12:37:44
31-Mar-19,12:37:44
31-Mar-19,12:37:44
31-Mar-19,12:37:45
31-Mar-19,12:37:45
31-Mar-19,12:37:45
31-Mar-19,12:37:45
31-Mar-19,12:37:45
31-Mar-19,12:37:45
31-Mar-19,12:37:45
31-Mar-19,12:37:45
31-Mar-19,12:37:45
31-Mar-19,12:37:45
31-Mar-19,12:37:45
31-Mar-19,12:37:46
31-Mar-19,12:37:46
31-Mar-19,12:37:46
31-Mar-19,12:37:46
31-Mar-19,12:37:46
31-Mar-19,12:37:46
31-Mar-19,12:37:46
31-Mar-19,12:37:46
31-Mar-19,12:37:46
31-Mar-19,12:37:46
31-Mar-19,12:37:46
31-Mar-19,12:37:47
31-Mar-19,12:37:47
31-Mar-19,12:37:47
31-Mar-19,12:37:47
31-Mar-19,12:37:47
31-Mar-19,12:37:47
31-Mar-19,12:37:47
31-Mar-19,12:37:47
31-Mar-19,12:37:47
31-Mar-19,12:37:47
31-Mar-19,12:37:47
31-Mar-19,12:37:47
31-Mar-19,12:37:48
31-Mar-19,12:37:48
31-Mar-19,12:37:48
31-Mar-19,12:37:48
31-Mar-19,12:37:48
31-Mar-19,12:37:48
31-Mar-19,12:37:48
31-Mar-19,12:37:48
31-Mar-19,12:37:48
31-Mar-19,12:37:48
31-Mar-19,12:37:48
31-Mar-19,12:37:48
31-Mar-19,12:37:49
31-Mar-19,12:37:49
31-Mar-19,12:37:49
31-Mar-19,12:37:49
31-Mar-19,12:37:49
31-Mar-19,12:37:49
31-Mar-19,12:37:49
31-Mar-19,12:37:49
31-Mar-19,12:37:49
31-Mar-19,12:37:49
31-Mar-19,12:37:49
31-Mar-19,12:37:49
31-Mar-19,12:37:50
31-Mar-19,12:37:50
31-Mar-19,12:37:50
31-Mar-19,12:37:50
31-Mar-19,12:37:50
31-Mar-19,12:37:50
31-Mar-19,12:37:50
31-Mar-19,12:37:50
31-Mar-19,12:37:50
31-Mar-19,12:37:50
31-Mar-19,12:37:50
31-Mar-19,12:37:50
31-Mar-19,12:37:51
31-Mar-19,12:37:51
31-Mar-19,12:37:51
31-Mar-19,12:37:51
31-Mar-19,12:37:51
31-Mar-19,12:37:51
31-Mar-19,12:37:51
31-Mar-19,12:37:51
31-Mar-19,12:37:51
31-Mar-19,12:37:51
31-Mar-19,12:37:51
31-Mar-19,12:37:51
31-Mar-19,12:37:52
31-Mar-19,12:37:52
31-Mar-19,12:37:52
31-Mar-19,12:37:52
31-Mar-19,12:37:52
31-Mar-19,12:37:52
31-Mar-19,12:37:52
31-Mar-19,12:37:52
31-Mar-19,12:37:52
31-Mar-19,12:37:52
31-Mar-19,12:37:52
31-Mar-19,12:37:52
31-Mar-19,12:37:52
31-Mar-19,12:37:53
31-Mar-19,12:37:53
31-Mar-19,12:37:53
31-Mar-19,12:37:53
31-Mar-19,12:37:53
31-Mar-19,12:37:53
31-Mar-19,12:37:53
31-Mar-19,12:37:53
31-Mar-19,12:37:53
31-Mar-19,12:37:53
31-Mar-19,12:37:53
31-Mar-19,12:37:53
31-Mar-19,12:37:53
31-Mar-19,12:37:54
31-Mar-19,12:37:54
31-Mar-19,12:37:54
31-Mar-19,12:37:54
31-Mar-19,12:37:54
31-Mar-19,12:37:54
31-Mar-19,12:37:54
31-Mar-19,12:37:54
31-Mar-19,12:37:54
31-Mar-19,12:37:54
31-Mar-19,12:37:54
31-Mar-19,12:37:54
31-Mar-19,12:37:54
31-Mar-19,12:37:55
31-Mar-19,12:37:55
31-Mar-19,12:37:55
31-Mar-19,12:37:55
31-Mar-19,12:37:55
31-Mar-19,12:37:55
31-Mar-19,12:37:55
31-Mar-19,12:37:55
31-Mar-19,12:37:55
31-Mar-19,12:37:55
31-Mar-19,12:37:55
31-Mar-19,12:37:55
31-Mar-19,12:37:55
31-Mar-19,12:37:56
31-Mar-19,12:37:56
31-Mar-19,12:37:56
31-Mar-19,12:37:56
31-Mar-19,12:37:56
31-Mar-19,12:37:56
31-Mar-19,12:37:56
31-Mar-19,12:37:56
31-Mar-19,12:37:56
31-Mar-19,12:37:56
31-Mar-19,12:37:56
31-Mar-19,12:37:56
31-Mar-19,12:37:56
31-Mar-19,12:37:57
31-Mar-19,12:37:57
31-Mar-19,12:37:57
31-Mar-19,12:37:57
31-Mar-19,12:37:57
31-Mar-19,12:37:57
31-Mar-19,12:37:57
31-Mar-19,12:37:57
31-Mar-19,12:37:57
31-Mar-19,12:37:57
31-Mar-19,12:37:57
31-Mar-19,12:37:57
31-Mar-19,12:37:57
31-Mar-19,12:37:57
31-Mar-19,12:37:58
31-Mar-19,12:37:58
31-Mar-19,12:37:58
31-Mar-19,12:37:58
31-Mar-19,12:37:58
31-Mar-19,12:37:58
31-Mar-19,12:37:58
31-Mar-19,12:37:58
31-Mar-19,12:37:58
31-Mar-19,12:37:58
31-Mar-19,12:37:58
31-Mar-19,12:37:58
31-Mar-19,12:37:58
31-Mar-19,12:37:58
31-Mar-19,12:37:59
31-Mar-19,12:37:59
31-Mar-19,12:37:59
31-Mar-19,12:37:59
31-Mar-19,12:37:59
31-Mar-19,12:37:59
31-Mar-19,12:37:59
31-Mar-19,12:37:59
31-Mar-19,12:37:59
31-Mar-19,12:37:59
31-Mar-19,12:37:59
31-Mar-19,12:37:59
31-Mar-19,12:37:59
31-Mar-19,12:37:59
31-Mar-19,12:38:00
31-Mar-19,12:38:00
31-Mar-19,12:38:00
31-Mar-19,12:38:00
31-Mar-19,12:38:00
31-Mar-19,12:38:00
31-Mar-19,12:38:00
31-Mar-19,12:38:00
31-Mar-19,12:38:00
31-Mar-19,12:38:00
31-Mar-19,12:38:00
31-Mar-19,12:38:00
31-Mar-19,12:38:00
31-Mar-19,12:38:00
31-Mar-19,12:38:01
31-Mar-19,12:38:01
31-Mar-19,12:38:01
31-Mar-19,12:38:01
31-Mar-19,12:38:01
31-Mar-19,12:38:01
31-Mar-19,12:38:01
31-Mar-19,12:38:01
31-Mar-19,12:38:01
31-Mar-19,12:38:01
31-Mar-19,12:38:01
31-Mar-19,12:38:01
31-Mar-19,12:38:01
31-Mar-19,12:38:01
31-Mar-19,12:38:02
31-Mar-19,12:38:02
31-Mar-19,12:38:02
31-Mar-19,12:38:02
31-Mar-19,12:38:02
31-Mar-19,12:38:02
31-Mar-19,12:38:02
31-Mar-19,12:38:02
31-Mar-19,12:38:02
31-Mar-19,12:38:02
31-Mar-19,12:38:02
31-Mar-19,12:38:02
31-Mar-19,12:38:02
31-Mar-19,12:38:02
31-Mar-19,12:38:02
31-Mar-19,12:38:03
31-Mar-19,12:38:03
31-Mar-19,12:38:03
31-Mar-19,12:38:03
31-Mar-19,12:38:03
31-Mar-19,12:38:03
31-Mar-19,12:38:03
31-Mar-19,12:38:03
31-Mar-19,12:38:03
31-Mar-19,12:38:03
31-Mar-19,12:38:03
31-Mar-19,12:38:03
31-Mar-19,12:38:03
31-Mar-19,12:38:03
31-Mar-19,12:38:03
31-Mar-19,12:38:04
31-Mar-19,12:38:04
31-Mar-19,12:38:04
31-Mar-19,12:38:04
31-Mar-19,12:38:04
31-Mar-19,12:38:04
31-Mar-19,12:38:04
31-Mar-19,12:38:04
31-Mar-19,12:38:04
31-Mar-19,12:38:04
31-Mar-19,12:38:04
31-Mar-19,12:38:04
31-Mar-19,12:38:04
31-Mar-19,12:38:04
31-Mar-19,12:38:04
31-Mar-19,12:38:05
31-Mar-19,12:38:05
31-Mar-19,12:38:05
31-Mar-19,12:38:05
31-Mar-19,12:38:05
31-Mar-19,12:38:05
31-Mar-19,12:38:05
31-Mar-19,12:38:05
31-Mar-19,12:38:05
31-Mar-19,12:38:05
31-Mar-19,12:38:05
31-Mar-19,12:38:05
31-Mar-19,12:38:05
31-Mar-19,12:38:05
31-Mar-19,12:38:05
31-Mar-19,12:38:06
31-Mar-19,12:38:06
31-Mar-19,12:38:06
31-Mar-19,12:38:06
31-Mar-19,12:38:06
31-Mar-19,12:38:06
31-Mar-19,12:38:06
31-Mar-19,12:38:06
31-Mar-19,12:38:06
31-Mar-19,12:38:06
31-Mar-19,12:38:06
31-Mar-19,12:38:06
31-Mar-19,12:38:06
31-Mar-19,12:38:06
31-Mar-19,12:38:06
31-Mar-19,12:38:07
31-Mar-19,12:38:07
31-Mar-19,12:38:07
31-Mar-19,12:38:07
31-Mar-19,12:38:07
31-Mar-19,12:38:07
31-Mar-19,12:38:07
31-Mar-19,12:38:07
31-Mar-19,12:38:07
31-Mar-19,12:38:07
31-Mar-19,12:38:07
31-Mar-19,12:38:07
31-Mar-19,12:38:07
31-Mar-19,12:38:07
31-Mar-19,12:38:07
31-Mar-19,12:38:07
31-Mar-19,12:38:08
31-Mar-19,12:38:08
31-Mar-19,12:38:08
31-Mar-19,12:38:08
31-Mar-19,12:38:08
31-Mar-19,12:38:08
31-Mar-19,12:38:08
31-Mar-19,12:38:08
31-Mar-19,12:38:08
31-Mar-19,12:38:08
31-Mar-19,12:38:08
31-Mar-19,12:38:08
31-Mar-19,12:38:08
31-Mar-19,12:38:08
31-Mar-19,12:38:08
31-Mar-19,12:38:08
31-Mar-19,12:38:09
31-Mar-19,12:38:09
31-Mar-19,12:38:09
31-Mar-19,12:38:09
31-Mar-19,12:38:09
31-Mar-19,12:38:09
31-Mar-19,12:38:09
31-Mar-19,12:38:09
31-Mar-19,12:38:09
31-Mar-19,12:38:09
31-Mar-19,12:38:09
31-Mar-19,12:38:09
31-Mar-19,12:38:09
31-Mar-19,12:38:09
31-Mar-19,12:38:09
31-Mar-19,12:38:09
31-Mar-19,12:38:10
31-Mar-19,12:38:10
31-Mar-19,12:38:10
31-Mar-19,12:38:10
31-Mar-19,12:38:10
31-Mar-19,12:38:10
31-Mar-19,12:38:10
31-Mar-19,12:38:10
31-Mar-19,12:38:10
31-Mar-19,12:38:10
31-Mar-19,12:38:10
31-Mar-19,12:38:10
31-Mar-19,12:38:10
31-Mar-19,12:38:10
31-Mar-19,12:38:10
31-Mar-19,12:38:10
31-Mar-19,12:38:11
31-Mar-19,12:38:11
31-Mar-19,12:38:11
31-Mar-19,12:38:11
31-Mar-19,12:38:11
31-Mar-19,12:38:11
31-Mar-19,12:38:11
31-Mar-19,12:38:11
31-Mar-19,12:38:11
31-Mar-19,12:38:11
31-Mar-19,12:38:11
31-Mar-19,12:38:11
31-Mar-19,12:38:11
31-Mar-19,12:38:11
31-Mar-19,12:38:11
31-Mar-19,12:38:11
31-Mar-19,12:38:12
31-Mar-19,12:38:12
31-Mar-19,12:38:12
31-Mar-19,12:38:12
31-Mar-19,12:38:12
31-Mar-19,12:38:12
31-Mar-19,12:38:12
31-Mar-19,12:38:12
31-Mar-19,12:38:12
31-Mar-19,12:38:12
31-Mar-19,12:38:12
31-Mar-19,12:38:12
31-Mar-19,12:38:12
31-Mar-19,12:38:12
31-Mar-19,12:38:12
31-Mar-19,12:38:12
31-Mar-19,12:38:12
31-Mar-19,12:38:13
31-Mar-19,12:38:13
31-Mar-19,12:38:13
31-Mar-19,12:38:13
31-Mar-19,12:38:13
31-Mar-19,12:38:13
31-Mar-19,12:38:13
31-Mar-19,12:38:13
31-Mar-19,12:38:13
31-Mar-19,12:38:13
31-Mar-19,12:38:13
31-Mar-19,12:38:13
31-Mar-19,12:38:13
31-Mar-19,12:38:13
31-Mar-19,12:38:13
31-Mar-19,12:38:13
31-Mar-19,12:38:13
31-Mar-19,12:38:14
31-Mar-19,12:38:14
31-Mar-19,12:38:14
31-Mar-19,12:38:14
31-Mar-19,12:38:14
31-Mar-19,12:38:14
31-Mar-19,12:38:14
31-Mar-19,12:38:14
31-Mar-19,12:38:14
31-Mar-19,12:38:14
31-Mar-19,12:38:14
31-Mar-19,12:38:14
31-Mar-19,12:38:14
31-Mar-19,12:38:14
31-Mar-19,12:38:14
31-Mar-19,12:38:14
31-Mar-19,12:38:14
31-Mar-19,12:38:15
31-Mar-19,12:38:15
31-Mar-19,12:38:15
31-Mar-19,12:38:15
31-Mar-19,12:38:15
31-Mar-19,12:38:15
31-Mar-19,12:38:15
31-Mar-19,12:38:15
31-Mar-19,12:38:15
31-Mar-19,12:38:15
31-Mar-19,12:38:15
31-Mar-19,12:38:15
31-Mar-19,12:38:15
31-Mar-19,12:38:15
31-Mar-19,12:38:15
31-Mar-19,12:38:15
31-Mar-19,12:38:15
31-Mar-19,12:38:16
31-Mar-19,12:38:16
31-Mar-19,12:38:16
31-Mar-19,12:38:16
31-Mar-19,12:38:16
31-Mar-19,12:38:16
31-Mar-19,12:38:16
31-Mar-19,12:38:16
31-Mar-19,12:38:16
31-Mar-19,12:38:16
31-Mar-19,12:38:16
31-Mar-19,12:38:16
31-Mar-19,12:38:16
31-Mar-19,12:38:16
31-Mar-19,12:38:16
31-Mar-19,12:38:16
31-Mar-19,12:38:16
31-Mar-19,12:38:17
31-Mar-19,12:38:17
31-Mar-19,12:38:17
31-Mar-19,12:38:17
31-Mar-19,12:38:17
31-Mar-19,12:38:17
31-Mar-19,12:38:17
31-Mar-19,12:38:17
31-Mar-19,12:38:17
31-Mar-19,12:38:17
31-Mar-19,12:38:17
31-Mar-19,12:38:17
31-Mar-19,12:38:17
31-Mar-19,12:38:17
31-Mar-19,12:38:17
31-Mar-19,12:38:17
31-Mar-19,12:38:17
31-Mar-19,12:38:17
31-Mar-19,12:38:18
31-Mar-19,12:38:18
31-Mar-19,12:38:18
31-Mar-19,12:38:18
31-Mar-19,12:38:18
31-Mar-19,12:38:18
31-Mar-19,12:38:18
31-Mar-19,12:38:18
31-Mar-19,12:38:18
31-Mar-19,12:38:18
31-Mar-19,12:38:18
31-Mar-19,12:38:18
31-Mar-19,12:38:18
31-Mar-19,12:38:18
31-Mar-19,12:38:18
31-Mar-19,12:38:18
31-Mar-19,12:38:18
31-Mar-19,12:38:18
31-Mar-19,12:38:19
31-Mar-19,12:38:19
31-Mar-19,12:38:19
31-Mar-19,12:38:19
31-Mar-19,12:38:19
31-Mar-19,12:38:19
31-Mar-19,12:38:19
31-Mar-19,12:38:19
31-Mar-19,12:38:19
31-Mar-19,12:38:19
31-Mar-19,12:38:19
31-Mar-19,12:38:19
31-Mar-19,12:38:19
31-Mar-19,12:38:19
31-Mar-19,12:38:19
31-Mar-19,12:38:19
31-Mar-19,12:38:19
31-Mar-19,12:38:19
31-Mar-19,12:38:20
31-Mar-19,12:38:20
31-Mar-19,12:38:20
31-Mar-19,12:38:20
31-Mar-19,12:38:20
31-Mar-19,12:38:20
31-Mar-19,12:38:20
31-Mar-19,12:38:20
31-Mar-19,12:38:20
31-Mar-19,12:38:20
31-Mar-19,12:38:20
31-Mar-19,12:38:20
31-Mar-19,12:38:20
31-Mar-19,12:38:20
31-Mar-19,12:38:20
31-Mar-19,12:38:20
31-Mar-19,12:38:20
31-Mar-19,12:38:20
31-Mar-19,12:38:21
31-Mar-19,12:38:21
31-Mar-19,12:38:21
31-Mar-19,12:38:21
31-Mar-19,12:38:21
31-Mar-19,12:38:21
31-Mar-19,12:38:21
31-Mar-19,12:38:21
31-Mar-19,12:38:21
31-Mar-19,12:38:21
31-Mar-19,12:38:21
31-Mar-19,12:38:21
31-Mar-19,12:38:21
31-Mar-19,12:38:21
31-Mar-19,12:38:21
31-Mar-19,12:38:21
31-Mar-19,12:38:21
31-Mar-19,12:38:21
31-Mar-19,12:38:22
31-Mar-19,12:38:22
31-Mar-19,12:38:22
31-Mar-19,12:38:22
31-Mar-19,12:38:22
31-Mar-19,12:38:22
31-Mar-19,12:38:22
31-Mar-19,12:38:22
31-Mar-19,12:38:22
31-Mar-19,12:38:22
31-Mar-19,12:38:22
31-Mar-19,12:38:22
31-Mar-19,12:38:22
31-Mar-19,12:38:22
31-Mar-19,12:38:22
31-Mar-19,12:38:22
31-Mar-19,12:38:22
31-Mar-19,12:38:22
31-Mar-19,12:38:22
31-Mar-19,12:38:23
31-Mar-19,12:38:23
31-Mar-19,12:38:23
31-Mar-19,12:38:23
31-Mar-19,12:38:23
31-Mar-19,12:38:23
31-Mar-19,12:38:23
31-Mar-19,12:38:23
31-Mar-19,12:38:23
31-Mar-19,12:38:23
31-Mar-19,12:38:23
31-Mar-19,12:38:23
31-Mar-19,12:38:23
31-Mar-19,12:38:23
31-Mar-19,12:38:23
31-Mar-19,12:38:23
31-Mar-19,12:38:23
31-Mar-19,12:38:23
31-Mar-19,12:38:23
31-Mar-19,12:38:24
31-Mar-19,12:38:24
31-Mar-19,12:38:24
31-Mar-19,12:38:24
31-Mar-19,12:38:24
31-Mar-19,12:38:24
31-Mar-19,12:38:24
31-Mar-19,12:38:24
31-Mar-19,12:38:24
31-Mar-19,12:38:24
31-Mar-19,12:38:24
31-Mar-19,12:38:24
31-Mar-19,12:38:24
31-Mar-19,12:38:24
31-Mar-19,12:38:24
31-Mar-19,12:38:24
31-Mar-19,12:38:24
31-Mar-19,12:38:24
31-Mar-19,12:38:24
31-Mar-19,12:38:25
31-Mar-19,12:38:25
31-Mar-19,12:38:25
31-Mar-19,12:38:25
31-Mar-19,12:38:25
31-Mar-19,12:38:25
31-Mar-19,12:38:25
31-Mar-19,12:38:25
31-Mar-19,12:38:25
31-Mar-19,12:38:25
31-Mar-19,12:38:25
31-Mar-19,12:38:25
31-Mar-19,12:38:25
31-Mar-19,12:38:25
31-Mar-19,12:38:25
31-Mar-19,12:38:25
31-Mar-19,12:38:25
31-Mar-19,12:38:25
31-Mar-19,12:38:25
31-Mar-19,12:38:26
31-Mar-19,12:38:26
31-Mar-19,12:38:26
31-Mar-19,12:38:26
31-Mar-19,12:38:26
31-Mar-19,12:38:26
31-Mar-19,12:38:26
31-Mar-19,12:38:26
31-Mar-19,12:38:26
31-Mar-19,12:38:26
31-Mar-19,12:38:26
31-Mar-19,12:38:26
31-Mar-19,12:38:26
31-Mar-19,12:38:26
31-Mar-19,12:38:26
31-Mar-19,12:38:26
31-Mar-19,12:38:26
31-Mar-19,12:38:26
31-Mar-19,12:38:26
31-Mar-19,12:38:27
31-Mar-19,12:38:27
31-Mar-19,12:38:27
31-Mar-19,12:38:27
31-Mar-19,12:38:27
31-Mar-19,12:38:27
31-Mar-19,12:38:27
31-Mar-19,12:38:27
31-Mar-19,12:38:27
31-Mar-19,12:38:27
31-Mar-19,12:38:27
31-Mar-19,12:38:27
31-Mar-19,12:38:27
31-Mar-19,12:38:27
31-Mar-19,12:38:27
31-Mar-19,12:38:27
31-Mar-19,12:38:27
31-Mar-19,12:38:27
31-Mar-19,12:38:27
31-Mar-19,12:38:27
31-Mar-19,12:38:28
31-Mar-19,12:38:28
31-Mar-19,12:38:28
31-Mar-19,12:38:28
31-Mar-19,12:38:28
31-Mar-19,12:38:28
31-Mar-19,12:38:28
31-Mar-19,12:38:28
31-Mar-19,12:38:28
31-Mar-19,12:38:28
31-Mar-19,12:38:28
31-Mar-19,12:38:28
31-Mar-19,12:38:28
31-Mar-19,12:38:28
31-Mar-19,12:38:28
31-Mar-19,12:38:28
31-Mar-19,12:38:28
31-Mar-19,12:38:28
31-Mar-19,12:38:28
31-Mar-19,12:38:28
31-Mar-19,12:38:29
31-Mar-19,12:38:29
31-Mar-19,12:38:29
31-Mar-19,12:38:29
31-Mar-19,12:38:29
31-Mar-19,12:38:29
31-Mar-19,12:38:29
31-Mar-19,12:38:29
31-Mar-19,12:38:29
31-Mar-19,12:38:29
31-Mar-19,12:38:29
31-Mar-19,12:38:29
31-Mar-19,12:38:29
31-Mar-19,12:38:29
31-Mar-19,12:38:29
31-Mar-19,12:38:29
31-Mar-19,12:38:29
31-Mar-19,12:38:29
31-Mar-19,12:38:29
31-Mar-19,12:38:29
31-Mar-19,12:38:30
31-Mar-19,12:38:30
31-Mar-19,12:38:30
31-Mar-19,12:38:30
31-Mar-19,12:38:30
31-Mar-19,12:38:30
31-Mar-19,12:38:30
31-Mar-19,12:38:30
31-Mar-19,12:38:30
31-Mar-19,12:38:30
31-Mar-19,12:38:30
31-Mar-19,12:38:30
31-Mar-19,12:38:30
31-Mar-19,12:38:30
31-Mar-19,12:38:30
31-Mar-19,12:38:30
31-Mar-19,12:38:30
31-Mar-19,12:38:30
31-Mar-19,12:38:30
31-Mar-19,12:38:30
31-Mar-19,12:38:31
31-Mar-19,12:38:31
31-Mar-19,12:38:31
31-Mar-19,12:38:31
31-Mar-19,12:38:31
31-Mar-19,12:38:31
31-Mar-19,12:38:31
31-Mar-19,12:38:31
31-Mar-19,12:38:31
31-Mar-19,12:38:31
31-Mar-19,12:38:31
31-Mar-19,12:38:31
31-Mar-19,12:38:31
31-Mar-19,12:38:31
31-Mar-19,12:38:31
31-Mar-19,12:38:31
31-Mar-19,12:38:31
31-Mar-19,12:38:31
31-Mar-19,12:38:31
31-Mar-19,12:38:31
31-Mar-19,12:38:32
31-Mar-19,12:38:32
31-Mar-19,12:38:32
31-Mar-19,12:38:32
31-Mar-19,12:38:32
31-Mar-19,12:38:32
31-Mar-19,12:38:32
31-Mar-19,12:38:32
31-Mar-19,12:38:32
31-Mar-19,12:38:32
31-Mar-19,12:38:32
31-Mar-19,12:38:32
31-Mar-19,12:38:32
31-Mar-19,12:38:32
31-Mar-19,12:38:32
31-Mar-19,12:38:32
31-Mar-19,12:38:32
31-Mar-19,12:38:32
31-Mar-19,12:38:32
31-Mar-19,12:38:32
31-Mar-19,12:38:32
31-Mar-19,12:38:33
31-Mar-19,12:38:33
31-Mar-19,12:38:33
31-Mar-19,12:38:33
31-Mar-19,12:38:33
31-Mar-19,12:38:33
31-Mar-19,12:38:33
31-Mar-19,12:38:33
31-Mar-19,12:38:33
31-Mar-19,12:38:33
31-Mar-19,12:38:33
31-Mar-19,12:38:33
31-Mar-19,12:38:33
31-Mar-19,12:38:33
31-Mar-19,12:38:33
31-Mar-19,12:38:33
31-Mar-19,12:38:33
31-Mar-19,12:38:33
31-Mar-19,12:38:33
31-Mar-19,12:38:33
31-Mar-19,12:38:33
31-Mar-19,12:38:34
31-Mar-19,12:38:34
31-Mar-19,12:38:34
31-Mar-19,12:38:34
31-Mar-19,12:38:34
31-Mar-19,12:38:34
31-Mar-19,12:38:34
31-Mar-19,12:38:34
31-Mar-19,12:38:34
31-Mar-19,12:38:34
31-Mar-19,12:38:34
31-Mar-19,12:38:34
31-Mar-19,12:38:34
31-Mar-19,12:38:34
31-Mar-19,12:38:34
31-Mar-19,12:38:34
31-Mar-19,12:38:34
31-Mar-19,12:38:34
31-Mar-19,12:38:34
31-Mar-19,12:38:34
31-Mar-19,12:38:34
31-Mar-19,12:38:35
31-Mar-19,12:38:35
31-Mar-19,12:38:35
31-Mar-19,12:38:35
31-Mar-19,12:38:35
31-Mar-19,12:38:35
31-Mar-19,12:38:35
31-Mar-19,12:38:35
31-Mar-19,12:38:35
31-Mar-19,12:38:35
31-Mar-19,12:38:35
31-Mar-19,12:38:35
31-Mar-19,12:38:35
31-Mar-19,12:38:35
31-Mar-19,12:38:35
31-Mar-19,12:38:35
31-Mar-19,12:38:35
31-Mar-19,12:38:35
31-Mar-19,12:38:35
31-Mar-19,12:38:35
31-Mar-19,12:38:35
31-Mar-19,12:38:36
31-Mar-19,12:38:36
31-Mar-19,12:38:36
31-Mar-19,12:38:36
31-Mar-19,12:38:36
31-Mar-19,12:38:36
31-Mar-19,12:38:36
31-Mar-19,12:38:36
31-Mar-19,12:38:36
31-Mar-19,12:38:36
31-Mar-19,12:38:36
31-Mar-19,12:38:36
31-Mar-19,12:38:36
31-Mar-19,12:38:36
31-Mar-19,12:38:36
31-Mar-19,12:38:36
31-Mar-19,12:38:36
31-Mar-19,12:38:36
31-Mar-19,12:38:36
31-Mar-19,12:38:36
31-Mar-19,12:38:36
31-Mar-19,12:38:37
31-Mar-19,12:38:37
31-Mar-19,12:38:37
31-Mar-19,12:38:37
31-Mar-19,12:38:37
31-Mar-19,12:38:37
31-Mar-19,12:38:37
31-Mar-19,12:38:37
31-Mar-19,12:38:37
31-Mar-19,12:38:37
31-Mar-19,12:38:37
31-Mar-19,12:38:37
31-Mar-19,12:38:37
31-Mar-19,12:38:37
31-Mar-19,12:38:37
31-Mar-19,12:38:37
31-Mar-19,12:38:37
31-Mar-19,12:38:37
31-Mar-19,12:38:37
31-Mar-19,12:38:37
31-Mar-19,12:38:37
31-Mar-19,12:38:37
31-Mar-19,12:38:38
31-Mar-19,12:38:38
31-Mar-19,12:38:38
31-Mar-19,12:38:38
31-Mar-19,12:38:38
31-Mar-19,12:38:38
31-Mar-19,12:38:38
31-Mar-19,12:38:38
31-Mar-19,12:38:38
31-Mar-19,12:38:38
31-Mar-19,12:38:38
31-Mar-19,12:38:38
31-Mar-19,12:38:38
31-Mar-19,12:38:38
31-Mar-19,12:38:38
31-Mar-19,12:38:38
31-Mar-19,12:38:38
31-Mar-19,12:38:38
31-Mar-19,12:38:38
31-Mar-19,12:38:38
31-Mar-19,12:38:38
31-Mar-19,12:38:38
31-Mar-19,12:38:39
31-Mar-19,12:38:39
31-Mar-19,12:38:39
31-Mar-19,12:38:39
31-Mar-19,12:38:39
31-Mar-19,12:38:39
31-Mar-19,12:38:39
31-Mar-19,12:38:39
31-Mar-19,12:38:39
31-Mar-19,12:38:39
31-Mar-19,12:38:39
31-Mar-19,12:38:39
31-Mar-19,12:38:39
31-Mar-19,12:38:39
31-Mar-19,12:38:39
31-Mar-19,12:38:39
31-Mar-19,12:38:39
31-Mar-19,12:38:39
31-Mar-19,12:38:39
31-Mar-19,12:38:39
31-Mar-19,12:38:39
31-Mar-19,12:38:39
31-Mar-19,12:38:40
31-Mar-19,12:38:40
31-Mar-19,12:38:40
31-Mar-19,12:38:40
31-Mar-19,12:38:40
31-Mar-19,12:38:40
31-Mar-19,12:38:40
31-Mar-19,12:38:40
31-Mar-19,12:38:40
31-Mar-19,12:38:40
31-Mar-19,12:38:40
31-Mar-19,12:38:40
31-Mar-19,12:38:40
31-Mar-19,12:38:40
31-Mar-19,12:38:40
31-Mar-19,12:38:40
31-Mar-19,12:38:40
31-Mar-19,12:38:40
31-Mar-19,12:38:40
31-Mar-19,12:38:40
31-Mar-19,12:38:40
31-Mar-19,12:38:40
31-Mar-19,12:38:41
31-Mar-19,12:38:41
31-Mar-19,12:38:41
31-Mar-19,12:38:41
31-Mar-19,12:38:41
31-Mar-19,12:38:41
31-Mar-19,12:38:41
31-Mar-19,12:38:41
31-Mar-19,12:38:41
31-Mar-19,12:38:41
31-Mar-19,12:38:41
31-Mar-19,12:38:41
31-Mar-19,12:38:41
31-Mar-19,12:38:41
31-Mar-19,12:38:41
31-Mar-19,12:38:41
31-Mar-19,12:38:41
31-Mar-19,12:38:41
31-Mar-19,12:38:41
31-Mar-19,12:38:41
31-Mar-19,12:38:41
31-Mar-19,12:38:41
31-Mar-19,12:38:42
31-Mar-19,12:38:42
31-Mar-19,12:38:42
31-Mar-19,12:38:42
31-Mar-19,12:38:42
31-Mar-19,12:38:42
31-Mar-19,12:38:42
31-Mar-19,12:38:42
31-Mar-19,12:38:42
31-Mar-19,12:38:42
31-Mar-19,12:38:42
31-Mar-19,12:38:42
31-Mar-19,12:38:42
31-Mar-19,12:38:42
31-Mar-19,12:38:42
31-Mar-19,12:38:42
31-Mar-19,12:38:42
31-Mar-19,12:38:42
31-Mar-19,12:38:42
31-Mar-19,12:38:42
31-Mar-19,12:38:42
31-Mar-19,12:38:42
31-Mar-19,12:38:42
31-Mar-19,12:38:43
31-Mar-19,12:38:43
31-Mar-19,12:38:43
31-Mar-19,12:38:43
31-Mar-19,12:38:43
31-Mar-19,12:38:43
31-Mar-19,12:38:43
31-Mar-19,12:38:43
31-Mar-19,12:38:43
31-Mar-19,12:38:43
31-Mar-19,12:38:43
31-Mar-19,12:38:43
31-Mar-19,12:38:43
31-Mar-19,12:38:43
31-Mar-19,12:38:43
31-Mar-19,12:38:43
31-Mar-19,12:38:43
31-Mar-19,12:38:43
31-Mar-19,12:38:43
31-Mar-19,12:38:43
31-Mar-19,12:38:43
31-Mar-19,12:38:43
31-Mar-19,12:38:43
31-Mar-19,12:38:44
31-Mar-19,12:38:44
31-Mar-19,12:38:44
31-Mar-19,12:38:44
31-Mar-19,12:38:44
31-Mar-19,12:38:44
31-Mar-19,12:38:44
31-Mar-19,12:38:44
31-Mar-19,12:38:44
31-Mar-19,12:38:44
31-Mar-19,12:38:44
31-Mar-19,12:38:44
31-Mar-19,12:38:44
31-Mar-19,12:38:44
31-Mar-19,12:38:44
31-Mar-19,12:38:44
31-Mar-19,12:38:44
31-Mar-19,12:38:44
31-Mar-19,12:38:44
31-Mar-19,12:38:44
31-Mar-19,12:38:44
31-Mar-19,12:38:44
31-Mar-19,12:38:44
31-Mar-19,12:38:45
31-Mar-19,12:38:45
31-Mar-19,12:38:45
31-Mar-19,12:38:45
31-Mar-19,12:38:45
31-Mar-19,12:38:45
31-Mar-19,12:38:45
31-Mar-19,12:38:45
31-Mar-19,12:38:45
31-Mar-19,12:38:45
31-Mar-19,12:38:45
31-Mar-19,12:38:45
31-Mar-19,12:38:45
31-Mar-19,12:38:45
31-Mar-19,12:38:45
31-Mar-19,12:38:45
31-Mar-19,12:38:45
31-Mar-19,12:38:45
31-Mar-19,12:38:45
31-Mar-19,12:38:45
31-Mar-19,12:38:45
31-Mar-19,12:38:45
31-Mar-19,12:38:45
31-Mar-19,12:38:46
31-Mar-19,12:38:46
31-Mar-19,12:38:46
31-Mar-19,12:38:46
31-Mar-19,12:38:46
31-Mar-19,12:38:46
31-Mar-19,12:38:46
31-Mar-19,12:38:46
31-Mar-19,12:38:46
31-Mar-19,12:38:46
31-Mar-19,12:38:46
31-Mar-19,12:38:46
31-Mar-19,12:38:46
31-Mar-19,12:38:46
31-Mar-19,12:38:46
31-Mar-19,12:38:46
31-Mar-19,12:38:46
31-Mar-19,12:38:46
31-Mar-19,12:38:46
31-Mar-19,12:38:46
31-Mar-19,12:38:46
31-Mar-19,12:38:46
31-Mar-19,12:38:46
31-Mar-19,12:38:47
31-Mar-19,12:38:47
31-Mar-19,12:38:47
31-Mar-19,12:38:47
31-Mar-19,12:38:47
31-Mar-19,12:38:47
31-Mar-19,12:38:47
31-Mar-19,12:38:47
31-Mar-19,12:38:47
31-Mar-19,12:38:47
31-Mar-19,12:38:47
31-Mar-19,12:38:47
31-Mar-19,12:38:47
31-Mar-19,12:38:47
31-Mar-19,12:38:47
31-Mar-19,12:38:47
31-Mar-19,12:38:47
31-Mar-19,12:38:47
31-Mar-19,12:38:47
31-Mar-19,12:38:47
31-Mar-19,12:38:47
31-Mar-19,12:38:47
31-Mar-19,12:38:47
31-Mar-19,12:38:47
31-Mar-19,12:38:48
31-Mar-19,12:38:48
31-Mar-19,12:38:48
31-Mar-19,12:38:48
31-Mar-19,12:38:48
31-Mar-19,12:38:48
31-Mar-19,12:38:48
31-Mar-19,12:38:48
31-Mar-19,12:38:48
31-Mar-19,12:38:48
31-Mar-19,12:38:48
31-Mar-19,12:38:48
31-Mar-19,12:38:48
31-Mar-19,12:38:48
31-Mar-19,12:38:48
31-Mar-19,12:38:48
31-Mar-19,12:38:48
31-Mar-19,12:38:48
31-Mar-19,12:38:48
31-Mar-19,12:38:48
31-Mar-19,12:38:48
31-Mar-19,12:38:48
31-Mar-19,12:38:48
31-Mar-19,12:38:48
31-Mar-19,12:38:49
31-Mar-19,12:38:49
31-Mar-19,12:38:49
31-Mar-19,12:38:49
31-Mar-19,12:38:49
31-Mar-19,12:38:49
31-Mar-19,12:38:49
31-Mar-19,12:38:49
31-Mar-19,12:38:49
31-Mar-19,12:38:49
31-Mar-19,12:38:49
31-Mar-19,12:38:49
31-Mar-19,12:38:49
31-Mar-19,12:38:49
31-Mar-19,12:38:49
31-Mar-19,12:38:49
31-Mar-19,12:38:49
31-Mar-19,12:38:49
31-Mar-19,12:38:49
31-Mar-19,12:38:49
31-Mar-19,12:38:49
31-Mar-19,12:38:49
31-Mar-19,12:38:49
31-Mar-19,12:38:49
31-Mar-19,12:38:50
31-Mar-19,12:38:50
31-Mar-19,12:38:50
31-Mar-19,12:38:50
31-Mar-19,12:38:50
31-Mar-19,12:38:50
31-Mar-19,12:38:50
31-Mar-19,12:38:50
31-Mar-19,12:38:50
31-Mar-19,12:38:50
31-Mar-19,12:38:50
31-Mar-19,12:38:50
31-Mar-19,12:38:50
31-Mar-19,12:38:50
31-Mar-19,12:38:50
31-Mar-19,12:38:50
31-Mar-19,12:38:50
31-Mar-19,12:38:50
31-Mar-19,12:38:50
31-Mar-19,12:38:50
31-Mar-19,12:38:50
31-Mar-19,12:38:50
31-Mar-19,12:38:50
31-Mar-19,12:38:50
31-Mar-19,12:38:51
31-Mar-19,12:38:51
31-Mar-19,12:38:51
31-Mar-19,12:38:51
31-Mar-19,12:38:51
31-Mar-19,12:38:51
31-Mar-19,12:38:51
31-Mar-19,12:38:51
31-Mar-19,12:38:51
31-Mar-19,12:38:51
31-Mar-19,12:38:51
31-Mar-19,12:38:51
31-Mar-19,12:38:51
31-Mar-19,12:38:51
31-Mar-19,12:38:51
31-Mar-19,12:38:51
31-Mar-19,12:38:51
31-Mar-19,12:38:51
31-Mar-19,12:38:51
31-Mar-19,12:38:51
31-Mar-19,12:38:51
31-Mar-19,12:38:51
31-Mar-19,12:38:51
31-Mar-19,12:38:51
31-Mar-19,12:38:52
31-Mar-19,12:38:52
31-Mar-19,12:38:52
31-Mar-19,12:38:52
31-Mar-19,12:38:52
31-Mar-19,12:38:52
31-Mar-19,12:38:52
31-Mar-19,12:38:52
31-Mar-19,12:38:52
31-Mar-19,12:38:52
31-Mar-19,12:38:52
31-Mar-19,12:38:52
31-Mar-19,12:38:52
31-Mar-19,12:38:52
31-Mar-19,12:38:52
31-Mar-19,12:38:52
31-Mar-19,12:38:52
31-Mar-19,12:38:52
31-Mar-19,12:38:52
31-Mar-19,12:38:52
31-Mar-19,12:38:52
31-Mar-19,12:38:52
31-Mar-19,12:38:52
31-Mar-19,12:38:52
31-Mar-19,12:38:52
31-Mar-19,12:38:53
31-Mar-19,12:38:53
31-Mar-19,12:38:53
31-Mar-19,12:38:53
31-Mar-19,12:38:53
31-Mar-19,12:38:53
31-Mar-19,12:38:53
31-Mar-19,12:38:53
31-Mar-19,12:38:53
31-Mar-19,12:38:53
31-Mar-19,12:38:53
31-Mar-19,12:38:53
31-Mar-19,12:38:53
31-Mar-19,12:38:53
31-Mar-19,12:38:53
31-Mar-19,12:38:53
31-Mar-19,12:38:53
31-Mar-19,12:38:53
31-Mar-19,12:38:53
31-Mar-19,12:38:53
31-Mar-19,12:38:53
31-Mar-19,12:38:53
31-Mar-19,12:38:53
31-Mar-19,12:38:53
31-Mar-19,12:38:53
31-Mar-19,12:38:54
31-Mar-19,12:38:54
31-Mar-19,12:38:54
31-Mar-19,12:38:54
31-Mar-19,12:38:54
31-Mar-19,12:38:54
31-Mar-19,12:38:54
31-Mar-19,12:38:54
31-Mar-19,12:38:54
31-Mar-19,12:38:54
31-Mar-19,12:38:54
31-Mar-19,12:38:54
31-Mar-19,12:38:54
31-Mar-19,12:38:54
31-Mar-19,12:38:54
31-Mar-19,12:38:54
31-Mar-19,12:38:54
31-Mar-19,12:38:54
31-Mar-19,12:38:54
31-Mar-19,12:38:54
31-Mar-19,12:38:54
31-Mar-19,12:38:54
31-Mar-19,12:38:54
31-Mar-19,12:38:54
31-Mar-19,12:38:54
31-Mar-19,12:38:55
31-Mar-19,12:38:55
31-Mar-19,12:38:55
31-Mar-19,12:38:55
31-Mar-19,12:38:55
31-Mar-19,12:38:55
31-Mar-19,12:38:55
31-Mar-19,12:38:55
31-Mar-19,12:38:55
31-Mar-19,12:38:55
31-Mar-19,12:38:55
31-Mar-19,12:38:55
31-Mar-19,12:38:55
31-Mar-19,12:38:55
31-Mar-19,12:38:55
31-Mar-19,12:38:55
31-Mar-19,12:38:55
31-Mar-19,12:38:55
31-Mar-19,12:38:55
31-Mar-19,12:38:55
31-Mar-19,12:38:55
31-Mar-19,12:38:55
31-Mar-19,12:38:55
31-Mar-19,12:38:55
31-Mar-19,12:38:55
31-Mar-19,12:38:56
31-Mar-19,12:38:56
31-Mar-19,12:38:56
31-Mar-19,12:38:56
31-Mar-19,12:38:56
31-Mar-19,12:38:56
31-Mar-19,12:38:56
31-Mar-19,12:38:56
31-Mar-19,12:38:56
31-Mar-19,12:38:56
31-Mar-19,12:38:56
31-Mar-19,12:38:56
31-Mar-19,12:38:56
31-Mar-19,12:38:56
31-Mar-19,12:38:56
31-Mar-19,12:38:56
31-Mar-19,12:38:56
31-Mar-19,12:38:56
31-Mar-19,12:38:56
31-Mar-19,12:38:56
31-Mar-19,12:38:56
31-Mar-19,12:38:56
31-Mar-19,12:38:56
31-Mar-19,12:38:56
31-Mar-19,12:38:56
31-Mar-19,12:38:57
31-Mar-19,12:38:57
31-Mar-19,12:38:57
31-Mar-19,12:38:57
31-Mar-19,12:38:57
31-Mar-19,12:38:57
31-Mar-19,12:38:57
31-Mar-19,12:38:57
31-Mar-19,12:38:57
31-Mar-19,12:38:57
31-Mar-19,12:38:57
31-Mar-19,12:38:57
31-Mar-19,12:38:57
31-Mar-19,12:38:57
31-Mar-19,12:38:57
31-Mar-19,12:38:57
31-Mar-19,12:38:57
31-Mar-19,12:38:57
31-Mar-19,12:38:57
31-Mar-19,12:38:57
31-Mar-19,12:38:57
31-Mar-19,12:38:57
31-Mar-19,12:38:57
31-Mar-19,12:38:57
31-Mar-19,12:38:57
31-Mar-19,12:38:57
31-Mar-19,12:38:58
31-Mar-19,12:38:58
31-Mar-19,12:38:58
31-Mar-19,12:38:58
31-Mar-19,12:38:58
31-Mar-19,12:38:58
31-Mar-19,12:38:58
31-Mar-19,12:38:58
31-Mar-19,12:38:58
31-Mar-19,12:38:58
31-Mar-19,12:38:58
31-Mar-19,12:38:58
31-Mar-19,12:38:58
31-Mar-19,12:38:58
31-Mar-19,12:38:58
31-Mar-19,12:38:58
31-Mar-19,12:38:58
31-Mar-19,12:38:58
31-Mar-19,12:38:58
31-Mar-19,12:38:58
31-Mar-19,12:38:58
31-Mar-19,12:38:58
31-Mar-19,12:38:58
31-Mar-19,12:38:58
31-Mar-19,12:38:58
31-Mar-19,12:38:58
31-Mar-19,12:38:59
31-Mar-19,12:38:59
31-Mar-19,12:38:59
31-Mar-19,12:38:59
31-Mar-19,12:38:59
31-Mar-19,12:38:59
31-Mar-19,12:38:59
31-Mar-19,12:38:59
31-Mar-19,12:38:59
31-Mar-19,12:38:59
31-Mar-19,12:38:59
31-Mar-19,12:38:59
31-Mar-19,12:38:59
31-Mar-19,12:38:59
31-Mar-19,12:38:59
31-Mar-19,12:38:59
31-Mar-19,12:38:59
31-Mar-19,12:38:59
31-Mar-19,12:38:59
31-Mar-19,12:38:59
31-Mar-19,12:38:59
31-Mar-19,12:38:59
31-Mar-19,12:38:59
31-Mar-19,12:38:59
31-Mar-19,12:38:59
31-Mar-19,12:38:59
31-Mar-19,12:39:00
31-Mar-19,12:39:00
31-Mar-19,12:39:00
31-Mar-19,12:39:00
31-Mar-19,12:39:00
31-Mar-19,12:39:00
31-Mar-19,12:39:00
31-Mar-19,12:39:00
31-Mar-19,12:39:00
31-Mar-19,12:39:00
31-Mar-19,12:39:00
31-Mar-19,12:39:00
31-Mar-19,12:39:00
31-Mar-19,12:39:00
31-Mar-19,12:39:00
31-Mar-19,12:39:00
31-Mar-19,12:39:00
31-Mar-19,12:39:00
31-Mar-19,12:39:00
31-Mar-19,12:39:00
31-Mar-19,12:39:00
31-Mar-19,12:39:00
31-Mar-19,12:39:00
31-Mar-19,12:39:00
31-Mar-19,12:39:00
31-Mar-19,12:39:00
31-Mar-19,12:39:01
31-Mar-19,12:39:01
31-Mar-19,12:39:01
31-Mar-19,12:39:01
31-Mar-19,12:39:01
31-Mar-19,12:39:01
31-Mar-19,12:39:01
31-Mar-19,12:39:01
31-Mar-19,12:39:01
31-Mar-19,12:39:01
31-Mar-19,12:39:01
31-Mar-19,12:39:01
31-Mar-19,12:39:01
31-Mar-19,12:39:01
31-Mar-19,12:39:01
31-Mar-19,12:39:01
31-Mar-19,12:39:01
31-Mar-19,12:39:01
31-Mar-19,12:39:01
31-Mar-19,12:39:01
31-Mar-19,12:39:01
31-Mar-19,12:39:01
31-Mar-19,12:39:01
31-Mar-19,12:39:01
31-Mar-19,12:39:01
31-Mar-19,12:39:01
31-Mar-19,12:39:02
31-Mar-19,12:39:02
31-Mar-19,12:39:02
31-Mar-19,12:39:02
31-Mar-19,12:39:02
31-Mar-19,12:39:02
31-Mar-19,12:39:02
31-Mar-19,12:39:02
31-Mar-19,12:39:02
31-Mar-19,12:39:02
31-Mar-19,12:39:02
31-Mar-19,12:39:02
31-Mar-19,12:39:02
31-Mar-19,12:39:02
31-Mar-19,12:39:02
31-Mar-19,12:39:02
31-Mar-19,12:39:02
31-Mar-19,12:39:02
31-Mar-19,12:39:02
31-Mar-19,12:39:02
31-Mar-19,12:39:02
31-Mar-19,12:39:02
31-Mar-19,12:39:02
31-Mar-19,12:39:02
31-Mar-19,12:39:02
31-Mar-19,12:39:02
31-Mar-19,12:39:02
31-Mar-19,12:39:03
31-Mar-19,12:39:03
31-Mar-19,12:39:03
31-Mar-19,12:39:03
31-Mar-19,12:39:03
31-Mar-19,12:39:03
31-Mar-19,12:39:03
31-Mar-19,12:39:03
31-Mar-19,12:39:03
31-Mar-19,12:39:03
31-Mar-19,12:39:03
31-Mar-19,12:39:03
31-Mar-19,12:39:03
31-Mar-19,12:39:03
31-Mar-19,12:39:03
31-Mar-19,12:39:03
31-Mar-19,12:39:03
31-Mar-19,12:39:03
31-Mar-19,12:39:03
31-Mar-19,12:39:03
31-Mar-19,12:39:03
31-Mar-19,12:39:03
31-Mar-19,12:39:03
31-Mar-19,12:39:03
31-Mar-19,12:39:03
31-Mar-19,12:39:03
31-Mar-19,12:39:03
31-Mar-19,12:39:04
31-Mar-19,12:39:04
31-Mar-19,12:39:04
31-Mar-19,12:39:04
31-Mar-19,12:39:04
31-Mar-19,12:39:04
31-Mar-19,12:39:04
31-Mar-19,12:39:04
31-Mar-19,12:39:04
31-Mar-19,12:39:04
31-Mar-19,12:39:04
31-Mar-19,12:39:04
31-Mar-19,12:39:04
31-Mar-19,12:39:04
31-Mar-19,12:39:04
31-Mar-19,12:39:04
31-Mar-19,12:39:04
31-Mar-19,12:39:04
31-Mar-19,12:39:04
31-Mar-19,12:39:04
31-Mar-19,12:39:04
31-Mar-19,12:39:04
31-Mar-19,12:39:04
31-Mar-19,12:39:04
31-Mar-19,12:39:04
31-Mar-19,12:39:04
31-Mar-19,12:39:04
31-Mar-19,12:39:05
31-Mar-19,12:39:05
31-Mar-19,12:39:05
31-Mar-19,12:39:05
31-Mar-19,12:39:05
31-Mar-19,12:39:05
31-Mar-19,12:39:05
31-Mar-19,12:39:05
31-Mar-19,12:39:05
31-Mar-19,12:39:05
31-Mar-19,12:39:05
31-Mar-19,12:39:05
31-Mar-19,12:39:05
31-Mar-19,12:39:05
31-Mar-19,12:39:05
31-Mar-19,12:39:05
31-Mar-19,12:39:05
31-Mar-19,12:39:05
31-Mar-19,12:39:05
31-Mar-19,12:39:05
31-Mar-19,12:39:05
31-Mar-19,12:39:05
31-Mar-19,12:39:05
31-Mar-19,12:39:05
31-Mar-19,12:39:05
31-Mar-19,12:39:05
31-Mar-19,12:39:05
31-Mar-19,12:39:06
31-Mar-19,12:39:06
31-Mar-19,12:39:06
31-Mar-19,12:39:06
31-Mar-19,12:39:06
31-Mar-19,12:39:06
31-Mar-19,12:39:06
31-Mar-19,12:39:06
31-Mar-19,12:39:06
31-Mar-19,12:39:06
31-Mar-19,12:39:06
31-Mar-19,12:39:06
31-Mar-19,12:39:06
31-Mar-19,12:39:06
31-Mar-19,12:39:06
31-Mar-19,12:39:06
31-Mar-19,12:39:06
31-Mar-19,12:39:06
31-Mar-19,12:39:06
31-Mar-19,12:39:06
31-Mar-19,12:39:06
31-Mar-19,12:39:06
31-Mar-19,12:39:06
31-Mar-19,12:39:06
31-Mar-19,12:39:06
31-Mar-19,12:39:06
31-Mar-19,12:39:06
31-Mar-19,12:39:07
31-Mar-19,12:39:07
31-Mar-19,12:39:07
31-Mar-19,12:39:07
31-Mar-19,12:39:07
31-Mar-19,12:39:07
31-Mar-19,12:39:07
31-Mar-19,12:39:07
31-Mar-19,12:39:07
31-Mar-19,12:39:07
31-Mar-19,12:39:07
31-Mar-19,12:39:07
31-Mar-19,12:39:07
31-Mar-19,12:39:07
31-Mar-19,12:39:07
31-Mar-19,12:39:07
31-Mar-19,12:39:07
31-Mar-19,12:39:07
31-Mar-19,12:39:07
31-Mar-19,12:39:07
31-Mar-19,12:39:07
31-Mar-19,12:39:07
31-Mar-19,12:39:07
31-Mar-19,12:39:07
31-Mar-19,12:39:07
31-Mar-19,12:39:07
31-Mar-19,12:39:07
31-Mar-19,12:39:07
31-Mar-19,12:39:08
31-Mar-19,12:39:08
31-Mar-19,12:39:08
31-Mar-19,12:39:08
31-Mar-19,12:39:08
31-Mar-19,12:39:08
31-Mar-19,12:39:08
31-Mar-19,12:39:08
31-Mar-19,12:39:08
31-Mar-19,12:39:08
31-Mar-19,12:39:08
31-Mar-19,12:39:08
31-Mar-19,12:39:08
31-Mar-19,12:39:08
31-Mar-19,12:39:08
31-Mar-19,12:39:08
31-Mar-19,12:39:08
31-Mar-19,12:39:08
31-Mar-19,12:39:08
31-Mar-19,12:39:08
31-Mar-19,12:39:08
31-Mar-19,12:39:08
31-Mar-19,12:39:08
31-Mar-19,12:39:08
31-Mar-19,12:39:08
31-Mar-19,12:39:08
31-Mar-19,12:39:08
31-Mar-19,12:39:08
31-Mar-19,12:39:09
31-Mar-19,12:39:09
31-Mar-19,12:39:09
31-Mar-19,12:39:09
31-Mar-19,12:39:09
31-Mar-19,12:39:09
31-Mar-19,12:39:09
31-Mar-19,12:39:09
31-Mar-19,12:39:09
31-Mar-19,12:39:09
31-Mar-19,12:39:09
31-Mar-19,12:39:09
31-Mar-19,12:39:09
31-Mar-19,12:39:09
31-Mar-19,12:39:09
31-Mar-19,12:39:09
31-Mar-19,12:39:09
31-Mar-19,12:39:09
31-Mar-19,12:39:09
31-Mar-19,12:39:09
31-Mar-19,12:39:09
31-Mar-19,12:39:09
31-Mar-19,12:39:09
31-Mar-19,12:39:09
31-Mar-19,12:39:09
31-Mar-19,12:39:09
31-Mar-19,12:39:09
31-Mar-19,12:39:09
31-Mar-19,12:39:10
31-Mar-19,12:39:10
31-Mar-19,12:39:10
31-Mar-19,12:39:10
31-Mar-19,12:39:10
31-Mar-19,12:39:10
31-Mar-19,12:39:10
31-Mar-19,12:39:10
31-Mar-19,12:39:10
31-Mar-19,12:39:10
31-Mar-19,12:39:10
31-Mar-19,12:39:10
31-Mar-19,12:39:10
31-Mar-19,12:39:10
31-Mar-19,12:39:10
31-Mar-19,12:39:10
31-Mar-19,12:39:10
31-Mar-19,12:39:10
31-Mar-19,12:39:10
31-Mar-19,12:39:10
31-Mar-19,12:39:10
31-Mar-19,12:39:10
31-Mar-19,12:39:10
31-Mar-19,12:39:10
31-Mar-19,12:39:10
31-Mar-19,12:39:10
31-Mar-19,12:39:10
31-Mar-19,12:39:10
31-Mar-19,12:39:11
31-Mar-19,12:39:11
31-Mar-19,12:39:11
31-Mar-19,12:39:11
31-Mar-19,12:39:11
31-Mar-19,12:39:11
31-Mar-19,12:39:11
31-Mar-19,12:39:11
31-Mar-19,12:39:11
31-Mar-19,12:39:11
31-Mar-19,12:39:11
31-Mar-19,12:39:11
31-Mar-19,12:39:11
31-Mar-19,12:39:11
31-Mar-19,12:39:11
31-Mar-19,12:39:11
31-Mar-19,12:39:11
31-Mar-19,12:39:11
31-Mar-19,12:39:11
31-Mar-19,12:39:11
31-Mar-19,12:39:11
31-Mar-19,12:39:11
31-Mar-19,12:39:11
31-Mar-19,12:39:11
31-Mar-19,12:39:11
31-Mar-19,12:39:11
31-Mar-19,12:39:11
31-Mar-19,12:39:11
31-Mar-19,12:39:12
31-Mar-19,12:39:12
31-Mar-19,12:39:12
31-Mar-19,12:39:12
31-Mar-19,12:39:12
31-Mar-19,12:39:12
31-Mar-19,12:39:12
31-Mar-19,12:39:12
31-Mar-19,12:39:12
31-Mar-19,12:39:12
31-Mar-19,12:39:12
31-Mar-19,12:39:12
31-Mar-19,12:39:12
31-Mar-19,12:39:12
31-Mar-19,12:39:12
31-Mar-19,12:39:12
31-Mar-19,12:39:12
31-Mar-19,12:39:12
31-Mar-19,12:39:12
31-Mar-19,12:39:12
31-Mar-19,12:39:12
31-Mar-19,12:39:12
31-Mar-19,12:39:12
31-Mar-19,12:39:12
31-Mar-19,12:39:12
31-Mar-19,12:39:12
31-Mar-19,12:39:12
31-Mar-19,12:39:12
31-Mar-19,12:39:12
31-Mar-19,12:39:13
31-Mar-19,12:39:13
31-Mar-19,12:39:13
31-Mar-19,12:39:13
31-Mar-19,12:39:13
31-Mar-19,12:39:13
31-Mar-19,12:39:13
31-Mar-19,12:39:13
31-Mar-19,12:39:13
31-Mar-19,12:39:13
31-Mar-19,12:39:13
31-Mar-19,12:39:13
31-Mar-19,12:39:13
31-Mar-19,12:39:13
31-Mar-19,12:39:13
31-Mar-19,12:39:13
31-Mar-19,12:39:13
31-Mar-19,12:39:13
31-Mar-19,12:39:13
31-Mar-19,12:39:13
31-Mar-19,12:39:13
31-Mar-19,12:39:13
31-Mar-19,12:39:13
31-Mar-19,12:39:13
31-Mar-19,12:39:13
31-Mar-19,12:39:13
31-Mar-19,12:39:13
31-Mar-19,12:39:13
31-Mar-19,12:39:13
31-Mar-19,12:39:14
31-Mar-19,12:39:14
31-Mar-19,12:39:14
31-Mar-19,12:39:14
31-Mar-19,12:39:14
31-Mar-19,12:39:14
31-Mar-19,12:39:14
31-Mar-19,12:39:14
31-Mar-19,12:39:14
31-Mar-19,12:39:14
31-Mar-19,12:39:14
31-Mar-19,12:39:14
31-Mar-19,12:39:14
31-Mar-19,12:39:14
31-Mar-19,12:39:14
31-Mar-19,12:39:14
31-Mar-19,12:39:14
31-Mar-19,12:39:14
31-Mar-19,12:39:14
31-Mar-19,12:39:14
31-Mar-19,12:39:14
31-Mar-19,12:39:14
31-Mar-19,12:39:14
31-Mar-19,12:39:14
31-Mar-19,12:39:14
31-Mar-19,12:39:14
31-Mar-19,12:39:14
31-Mar-19,12:39:14
31-Mar-19,12:39:14
31-Mar-19,12:39:15
31-Mar-19,12:39:15
31-Mar-19,12:39:15
31-Mar-19,12:39:15
31-Mar-19,12:39:15
31-Mar-19,12:39:15
31-Mar-19,12:39:15
31-Mar-19,12:39:15
31-Mar-19,12:39:15
31-Mar-19,12:39:15
31-Mar-19,12:39:15
31-Mar-19,12:39:15
31-Mar-19,12:39:15
31-Mar-19,12:39:15
31-Mar-19,12:39:15
31-Mar-19,12:39:15
31-Mar-19,12:39:15
31-Mar-19,12:39:15
31-Mar-19,12:39:15
31-Mar-19,12:39:15
31-Mar-19,12:39:15
31-Mar-19,12:39:15
31-Mar-19,12:39:15
31-Mar-19,12:39:15
31-Mar-19,12:39:15
31-Mar-19,12:39:15
31-Mar-19,12:39:15
31-Mar-19,12:39:15
31-Mar-19,12:39:15
31-Mar-19,12:39:16
31-Mar-19,12:39:16
31-Mar-19,12:39:16
31-Mar-19,12:39:16
31-Mar-19,12:39:16
31-Mar-19,12:39:16
31-Mar-19,12:39:16
31-Mar-19,12:39:16
31-Mar-19,12:39:16
31-Mar-19,12:39:16
31-Mar-19,12:39:16
31-Mar-19,12:39:16
31-Mar-19,12:39:16
31-Mar-19,12:39:16
31-Mar-19,12:39:16
31-Mar-19,12:39:16
31-Mar-19,12:39:16
31-Mar-19,12:39:16
31-Mar-19,12:39:16
31-Mar-19,12:39:16
31-Mar-19,12:39:16
31-Mar-19,12:39:16
31-Mar-19,12:39:16
31-Mar-19,12:39:16
31-Mar-19,12:39:16
31-Mar-19,12:39:16
31-Mar-19,12:39:16
31-Mar-19,12:39:16
31-Mar-19,12:39:16
31-Mar-19,12:39:17
31-Mar-19,12:39:17
31-Mar-19,12:39:17
31-Mar-19,12:39:17
31-Mar-19,12:39:17
31-Mar-19,12:39:17
31-Mar-19,12:39:17
31-Mar-19,12:39:17
31-Mar-19,12:39:17
31-Mar-19,12:39:17
31-Mar-19,12:39:17
31-Mar-19,12:39:17
31-Mar-19,12:39:17
31-Mar-19,12:39:17
31-Mar-19,12:39:17
31-Mar-19,12:39:17
31-Mar-19,12:39:17
31-Mar-19,12:39:17
31-Mar-19,12:39:17
31-Mar-19,12:39:17
31-Mar-19,12:39:17
31-Mar-19,12:39:17
31-Mar-19,12:39:17
31-Mar-19,12:39:17
31-Mar-19,12:39:17
31-Mar-19,12:39:17
31-Mar-19,12:39:17
31-Mar-19,12:39:17
31-Mar-19,12:39:17
31-Mar-19,12:39:17
31-Mar-19,12:39:18
31-Mar-19,12:39:18
31-Mar-19,12:39:18
31-Mar-19,12:39:18
31-Mar-19,12:39:18
31-Mar-19,12:39:18
31-Mar-19,12:39:18
31-Mar-19,12:39:18
31-Mar-19,12:39:18
31-Mar-19,12:39:18
31-Mar-19,12:39:18
31-Mar-19,12:39:18
31-Mar-19,12:39:18
31-Mar-19,12:39:18
31-Mar-19,12:39:18
31-Mar-19,12:39:18
31-Mar-19,12:39:18
31-Mar-19,12:39:18
31-Mar-19,12:39:18
31-Mar-19,12:39:18
31-Mar-19,12:39:18
31-Mar-19,12:39:18
31-Mar-19,12:39:18
31-Mar-19,12:39:18
31-Mar-19,12:39:18
31-Mar-19,12:39:18
31-Mar-19,12:39:18
31-Mar-19,12:39:18
31-Mar-19,12:39:18
31-Mar-19,12:39:18
31-Mar-19,12:39:19
31-Mar-19,12:39:19
31-Mar-19,12:39:19
31-Mar-19,12:39:19
31-Mar-19,12:39:19
31-Mar-19,12:39:19
31-Mar-19,12:39:19
31-Mar-19,12:39:19
31-Mar-19,12:39:19
31-Mar-19,12:39:19
31-Mar-19,12:39:19
31-Mar-19,12:39:19
31-Mar-19,12:39:19
31-Mar-19,12:39:19
31-Mar-19,12:39:19
31-Mar-19,12:39:19
31-Mar-19,12:39:19
31-Mar-19,12:39:19
31-Mar-19,12:39:19
31-Mar-19,12:39:19
31-Mar-19,12:39:19
31-Mar-19,12:39:19
31-Mar-19,12:39:19
31-Mar-19,12:39:19
31-Mar-19,12:39:19
31-Mar-19,12:39:19
31-Mar-19,12:39:19
31-Mar-19,12:39:19
31-Mar-19,12:39:19
31-Mar-19,12:39:19
31-Mar-19,12:39:20
31-Mar-19,12:39:20
31-Mar-19,12:39:20
31-Mar-19,12:39:20
31-Mar-19,12:39:20
31-Mar-19,12:39:20
31-Mar-19,12:39:20
31-Mar-19,12:39:20
31-Mar-19,12:39:20
31-Mar-19,12:39:20
31-Mar-19,12:39:20
31-Mar-19,12:39:20
31-Mar-19,12:39:20
31-Mar-19,12:39:20
31-Mar-19,12:39:20
31-Mar-19,12:39:20
31-Mar-19,12:39:20
31-Mar-19,12:39:20
31-Mar-19,12:39:20
31-Mar-19,12:39:20
31-Mar-19,12:39:20
31-Mar-19,12:39:20
31-Mar-19,12:39:20
31-Mar-19,12:39:20
31-Mar-19,12:39:20
31-Mar-19,12:39:20
31-Mar-19,12:39:20
31-Mar-19,12:39:20
31-Mar-19,12:39:20
31-Mar-19,12:39:20
31-Mar-19,12:39:21
31-Mar-19,12:39:21
31-Mar-19,12:39:21
31-Mar-19,12:39:21
31-Mar-19,12:39:21
31-Mar-19,12:39:21
31-Mar-19,12:39:21
31-Mar-19,12:39:21
31-Mar-19,12:39:21
31-Mar-19,12:39:21
31-Mar-19,12:39:21
31-Mar-19,12:39:21
31-Mar-19,12:39:21
31-Mar-19,12:39:21
31-Mar-19,12:39:21
31-Mar-19,12:39:21
31-Mar-19,12:39:21
31-Mar-19,12:39:21
31-Mar-19,12:39:21
31-Mar-19,12:39:21
31-Mar-19,12:39:21
31-Mar-19,12:39:21
31-Mar-19,12:39:21
31-Mar-19,12:39:21
31-Mar-19,12:39:21
31-Mar-19,12:39:21
31-Mar-19,12:39:21
31-Mar-19,12:39:21
31-Mar-19,12:39:21
31-Mar-19,12:39:21
31-Mar-19,12:39:22
31-Mar-19,12:39:22
31-Mar-19,12:39:22
31-Mar-19,12:39:22
31-Mar-19,12:39:22
31-Mar-19,12:39:22
31-Mar-19,12:39:22
31-Mar-19,12:39:22
31-Mar-19,12:39:22
31-Mar-19,12:39:22
31-Mar-19,12:39:22
31-Mar-19,12:39:22
31-Mar-19,12:39:22
31-Mar-19,12:39:22
31-Mar-19,12:39:22
31-Mar-19,12:39:22
31-Mar-19,12:39:22
31-Mar-19,12:39:22
31-Mar-19,12:39:22
31-Mar-19,12:39:22
31-Mar-19,12:39:22
31-Mar-19,12:39:22
31-Mar-19,12:39:22
31-Mar-19,12:39:22
31-Mar-19,12:39:22
31-Mar-19,12:39:22
31-Mar-19,12:39:22
31-Mar-19,12:39:22
31-Mar-19,12:39:22
31-Mar-19,12:39:22
31-Mar-19,12:39:22
31-Mar-19,12:39:23
31-Mar-19,12:39:23
31-Mar-19,12:39:23
31-Mar-19,12:39:23
31-Mar-19,12:39:23
31-Mar-19,12:39:23
31-Mar-19,12:39:23
31-Mar-19,12:39:23
31-Mar-19,12:39:23
31-Mar-19,12:39:23
31-Mar-19,12:39:23
31-Mar-19,12:39:23
31-Mar-19,12:39:23
31-Mar-19,12:39:23
31-Mar-19,12:39:23
31-Mar-19,12:39:23
31-Mar-19,12:39:23
31-Mar-19,12:39:23
31-Mar-19,12:39:23
31-Mar-19,12:39:23
31-Mar-19,12:39:23
31-Mar-19,12:39:23
31-Mar-19,12:39:23
31-Mar-19,12:39:23
31-Mar-19,12:39:23
31-Mar-19,12:39:23
31-Mar-19,12:39:23
31-Mar-19,12:39:23
31-Mar-19,12:39:23
31-Mar-19,12:39:23
31-Mar-19,12:39:23
31-Mar-19,12:39:24
31-Mar-19,12:39:24
31-Mar-19,12:39:24
31-Mar-19,12:39:24
31-Mar-19,12:39:24
31-Mar-19,12:39:24
31-Mar-19,12:39:24
31-Mar-19,12:39:24
31-Mar-19,12:39:24
31-Mar-19,12:39:24
31-Mar-19,12:39:24
31-Mar-19,12:39:24
31-Mar-19,12:39:24
31-Mar-19,12:39:24
31-Mar-19,12:39:24
31-Mar-19,12:39:24
31-Mar-19,12:39:24
31-Mar-19,12:39:24
31-Mar-19,12:39:24
31-Mar-19,12:39:24
31-Mar-19,12:39:24
31-Mar-19,12:39:24
31-Mar-19,12:39:24
31-Mar-19,12:39:24
31-Mar-19,12:39:24
31-Mar-19,12:39:24
31-Mar-19,12:39:24
31-Mar-19,12:39:24
31-Mar-19,12:39:24
31-Mar-19,12:39:24
31-Mar-19,12:39:24
31-Mar-19,12:39:25
31-Mar-19,12:39:25
31-Mar-19,12:39:25
31-Mar-19,12:39:25
31-Mar-19,12:39:25
31-Mar-19,12:39:25
31-Mar-19,12:39:25
31-Mar-19,12:39:25
31-Mar-19,12:39:25
31-Mar-19,12:39:25
31-Mar-19,12:39:25
31-Mar-19,12:39:25
31-Mar-19,12:39:25
31-Mar-19,12:39:25
31-Mar-19,12:39:25
31-Mar-19,12:39:25
31-Mar-19,12:39:25
31-Mar-19,12:39:25
31-Mar-19,12:39:25
31-Mar-19,12:39:25
31-Mar-19,12:39:25
31-Mar-19,12:39:25
31-Mar-19,12:39:25
31-Mar-19,12:39:25
31-Mar-19,12:39:25
31-Mar-19,12:39:25
31-Mar-19,12:39:25
31-Mar-19,12:39:25
31-Mar-19,12:39:25
31-Mar-19,12:39:25
31-Mar-19,12:39:25
31-Mar-19,12:39:26
31-Mar-19,12:39:26
31-Mar-19,12:39:26
31-Mar-19,12:39:26
31-Mar-19,12:39:26
31-Mar-19,12:39:26
31-Mar-19,12:39:26
31-Mar-19,12:39:26
31-Mar-19,12:39:26
31-Mar-19,12:39:26
31-Mar-19,12:39:26
31-Mar-19,12:39:26
31-Mar-19,12:39:26
31-Mar-19,12:39:26
31-Mar-19,12:39:26
31-Mar-19,12:39:26
31-Mar-19,12:39:26
31-Mar-19,12:39:26
31-Mar-19,12:39:26
31-Mar-19,12:39:26
31-Mar-19,12:39:26
31-Mar-19,12:39:26
31-Mar-19,12:39:26
31-Mar-19,12:39:26
31-Mar-19,12:39:26
31-Mar-19,12:39:26
31-Mar-19,12:39:26
31-Mar-19,12:39:26
31-Mar-19,12:39:26
31-Mar-19,12:39:26
31-Mar-19,12:39:26
31-Mar-19,12:39:27
31-Mar-19,12:39:27
31-Mar-19,12:39:27
31-Mar-19,12:39:27
31-Mar-19,12:39:27
31-Mar-19,12:39:27
31-Mar-19,12:39:27
31-Mar-19,12:39:27
31-Mar-19,12:39:27
31-Mar-19,12:39:27
31-Mar-19,12:39:27
31-Mar-19,12:39:27
31-Mar-19,12:39:27
31-Mar-19,12:39:27
31-Mar-19,12:39:27
31-Mar-19,12:39:27
31-Mar-19,12:39:27
31-Mar-19,12:39:27
31-Mar-19,12:39:27
31-Mar-19,12:39:27
31-Mar-19,12:39:27
31-Mar-19,12:39:27
31-Mar-19,12:39:27
31-Mar-19,12:39:27
31-Mar-19,12:39:27
31-Mar-19,12:39:27
31-Mar-19,12:39:27
31-Mar-19,12:39:27
31-Mar-19,12:39:27
31-Mar-19,12:39:27
31-Mar-19,12:39:27
31-Mar-19,12:39:27
31-Mar-19,12:39:28
31-Mar-19,12:39:28
31-Mar-19,12:39:28
31-Mar-19,12:39:28
31-Mar-19,12:39:28
31-Mar-19,12:39:28
31-Mar-19,12:39:28
31-Mar-19,12:39:28
31-Mar-19,12:39:28
31-Mar-19,12:39:28
31-Mar-19,12:39:28
31-Mar-19,12:39:28
31-Mar-19,12:39:28
31-Mar-19,12:39:28
31-Mar-19,12:39:28
31-Mar-19,12:39:28
31-Mar-19,12:39:28
31-Mar-19,12:39:28
31-Mar-19,12:39:28
31-Mar-19,12:39:28
31-Mar-19,12:39:28
31-Mar-19,12:39:28
31-Mar-19,12:39:28
31-Mar-19,12:39:28
31-Mar-19,12:39:28
31-Mar-19,12:39:28
31-Mar-19,12:39:28
31-Mar-19,12:39:28
31-Mar-19,12:39:28
31-Mar-19,12:39:28
31-Mar-19,12:39:28
31-Mar-19,12:39:28
31-Mar-19,12:39:29
31-Mar-19,12:39:29
31-Mar-19,12:39:29
31-Mar-19,12:39:29
31-Mar-19,12:39:29
31-Mar-19,12:39:29
31-Mar-19,12:39:29
31-Mar-19,12:39:29
31-Mar-19,12:39:29
31-Mar-19,12:39:29
31-Mar-19,12:39:29
31-Mar-19,12:39:29
31-Mar-19,12:39:29
31-Mar-19,12:39:29
31-Mar-19,12:39:29
31-Mar-19,12:39:29
31-Mar-19,12:39:29
31-Mar-19,12:39:29
31-Mar-19,12:39:29
31-Mar-19,12:39:29
31-Mar-19,12:39:29
31-Mar-19,12:39:29
31-Mar-19,12:39:29
31-Mar-19,12:39:29
31-Mar-19,12:39:29
31-Mar-19,12:39:29
31-Mar-19,12:39:29
31-Mar-19,12:39:29
31-Mar-19,12:39:29
31-Mar-19,12:39:29
31-Mar-19,12:39:29
31-Mar-19,12:39:29
31-Mar-19,12:39:30
31-Mar-19,12:39:30
31-Mar-19,12:39:30
31-Mar-19,12:39:30
31-Mar-19,12:39:30
31-Mar-19,12:39:30
31-Mar-19,12:39:30
31-Mar-19,12:39:30
31-Mar-19,12:39:30
31-Mar-19,12:39:30
31-Mar-19,12:39:30
31-Mar-19,12:39:30
31-Mar-19,12:39:30
31-Mar-19,12:39:30
31-Mar-19,12:39:30
31-Mar-19,12:39:30
31-Mar-19,12:39:30
31-Mar-19,12:39:30
31-Mar-19,12:39:30
31-Mar-19,12:39:30
31-Mar-19,12:39:30
31-Mar-19,12:39:30
31-Mar-19,12:39:30
31-Mar-19,12:39:30
31-Mar-19,12:39:30
31-Mar-19,12:39:30
31-Mar-19,12:39:30
31-Mar-19,12:39:30
31-Mar-19,12:39:30
31-Mar-19,12:39:30
31-Mar-19,12:39:30
31-Mar-19,12:39:30
31-Mar-19,12:39:31
31-Mar-19,12:39:31
31-Mar-19,12:39:31
31-Mar-19,12:39:31
31-Mar-19,12:39:31
31-Mar-19,12:39:31
31-Mar-19,12:39:31
31-Mar-19,12:39:31
31-Mar-19,12:39:31
31-Mar-19,12:39:31
31-Mar-19,12:39:31
31-Mar-19,12:39:31
31-Mar-19,12:39:31
31-Mar-19,12:39:31
31-Mar-19,12:39:31
31-Mar-19,12:39:31
31-Mar-19,12:39:31
31-Mar-19,12:39:31
31-Mar-19,12:39:31
31-Mar-19,12:39:31
31-Mar-19,12:39:31
31-Mar-19,12:39:31
31-Mar-19,12:39:31
31-Mar-19,12:39:31
31-Mar-19,12:39:31
31-Mar-19,12:39:31
31-Mar-19,12:39:31
31-Mar-19,12:39:31
31-Mar-19,12:39:31
31-Mar-19,12:39:31
31-Mar-19,12:39:31
31-Mar-19,12:39:31
31-Mar-19,12:39:32
31-Mar-19,12:39:32
31-Mar-19,12:39:32
31-Mar-19,12:39:32
31-Mar-19,12:39:32
31-Mar-19,12:39:32
31-Mar-19,12:39:32
31-Mar-19,12:39:32
31-Mar-19,12:39:32
31-Mar-19,12:39:32
31-Mar-19,12:39:32
31-Mar-19,12:39:32
31-Mar-19,12:39:32
31-Mar-19,12:39:32
31-Mar-19,12:39:32
31-Mar-19,12:39:32
31-Mar-19,12:39:32
31-Mar-19,12:39:32
31-Mar-19,12:39:32
31-Mar-19,12:39:32
31-Mar-19,12:39:32
31-Mar-19,12:39:32
31-Mar-19,12:39:32
31-Mar-19,12:39:32
31-Mar-19,12:39:32
31-Mar-19,12:39:32
31-Mar-19,12:39:32
31-Mar-19,12:39:32
31-Mar-19,12:39:32
31-Mar-19,12:39:32
31-Mar-19,12:39:32
31-Mar-19,12:39:32
31-Mar-19,12:39:32
31-Mar-19,12:39:33
31-Mar-19,12:39:33
31-Mar-19,12:39:33
31-Mar-19,12:39:33
31-Mar-19,12:39:33
31-Mar-19,12:39:33
31-Mar-19,12:39:33
31-Mar-19,12:39:33
31-Mar-19,12:39:33
31-Mar-19,12:39:33
31-Mar-19,12:39:33
31-Mar-19,12:39:33
31-Mar-19,12:39:33
31-Mar-19,12:39:33
31-Mar-19,12:39:33
31-Mar-19,12:39:33
31-Mar-19,12:39:33
31-Mar-19,12:39:33
31-Mar-19,12:39:33
31-Mar-19,12:39:33
31-Mar-19,12:39:33
31-Mar-19,12:39:33
31-Mar-19,12:39:33
31-Mar-19,12:39:33
31-Mar-19,12:39:33
31-Mar-19,12:39:33
31-Mar-19,12:39:33
31-Mar-19,12:39:33
31-Mar-19,12:39:33
31-Mar-19,12:39:33
31-Mar-19,12:39:33
31-Mar-19,12:39:33
31-Mar-19,12:39:33
31-Mar-19,12:39:34
31-Mar-19,12:39:34
31-Mar-19,12:39:34
31-Mar-19,12:39:34
31-Mar-19,12:39:34
31-Mar-19,12:39:34
31-Mar-19,12:39:34
31-Mar-19,12:39:34
31-Mar-19,12:39:34
31-Mar-19,12:39:34
31-Mar-19,12:39:34
31-Mar-19,12:39:34
31-Mar-19,12:39:34
31-Mar-19,12:39:34
31-Mar-19,12:39:34
31-Mar-19,12:39:34
31-Mar-19,12:39:34
31-Mar-19,12:39:34
31-Mar-19,12:39:34
31-Mar-19,12:39:34
31-Mar-19,12:39:34
31-Mar-19,12:39:34
31-Mar-19,12:39:34
31-Mar-19,12:39:34
31-Mar-19,12:39:34
31-Mar-19,12:39:34
31-Mar-19,12:39:34
31-Mar-19,12:39:34
31-Mar-19,12:39:34
31-Mar-19,12:39:34
31-Mar-19,12:39:34
31-Mar-19,12:39:34
31-Mar-19,12:39:34
31-Mar-19,12:39:35
31-Mar-19,12:39:35
31-Mar-19,12:39:35
31-Mar-19,12:39:35
31-Mar-19,12:39:35
31-Mar-19,12:39:35
31-Mar-19,12:39:35
31-Mar-19,12:39:35
31-Mar-19,12:39:35
31-Mar-19,12:39:35
31-Mar-19,12:39:35
31-Mar-19,12:39:35
31-Mar-19,12:39:35
31-Mar-19,12:39:35
31-Mar-19,12:39:35
31-Mar-19,12:39:35
31-Mar-19,12:39:35
31-Mar-19,12:39:35
31-Mar-19,12:39:35
31-Mar-19,12:39:35
31-Mar-19,12:39:35
31-Mar-19,12:39:35
31-Mar-19,12:39:35
31-Mar-19,12:39:35
31-Mar-19,12:39:35
31-Mar-19,12:39:35
31-Mar-19,12:39:35
31-Mar-19,12:39:35
31-Mar-19,12:39:35
31-Mar-19,12:39:35
31-Mar-19,12:39:35
31-Mar-19,12:39:35
31-Mar-19,12:39:35
31-Mar-19,12:39:36
31-Mar-19,12:39:36
31-Mar-19,12:39:36
31-Mar-19,12:39:36
31-Mar-19,12:39:36
31-Mar-19,12:39:36
31-Mar-19,12:39:36
31-Mar-19,12:39:36
31-Mar-19,12:39:36
31-Mar-19,12:39:36
31-Mar-19,12:39:36
31-Mar-19,12:39:36
31-Mar-19,12:39:36
31-Mar-19,12:39:36
31-Mar-19,12:39:36
31-Mar-19,12:39:36
31-Mar-19,12:39:36
31-Mar-19,12:39:36
31-Mar-19,12:39:36
31-Mar-19,12:39:36
31-Mar-19,12:39:36
31-Mar-19,12:39:36
31-Mar-19,12:39:36
31-Mar-19,12:39:36
31-Mar-19,12:39:36
31-Mar-19,12:39:36
31-Mar-19,12:39:36
31-Mar-19,12:39:36
31-Mar-19,12:39:36
31-Mar-19,12:39:36
31-Mar-19,12:39:36
31-Mar-19,12:39:36
31-Mar-19,12:39:36
31-Mar-19,12:39:37
31-Mar-19,12:39:37
31-Mar-19,12:39:37
31-Mar-19,12:39:37
31-Mar-19,12:39:37
31-Mar-19,12:39:37
31-Mar-19,12:39:37
31-Mar-19,12:39:37
31-Mar-19,12:39:37
31-Mar-19,12:39:37
31-Mar-19,12:39:37
31-Mar-19,12:39:37
31-Mar-19,12:39:37
31-Mar-19,12:39:37
31-Mar-19,12:39:37
31-Mar-19,12:39:37
31-Mar-19,12:39:37
31-Mar-19,12:39:37
31-Mar-19,12:39:37
31-Mar-19,12:39:37
31-Mar-19,12:39:37
31-Mar-19,12:39:37
31-Mar-19,12:39:37
31-Mar-19,12:39:37
31-Mar-19,12:39:37
31-Mar-19,12:39:37
31-Mar-19,12:39:37
31-Mar-19,12:39:37
31-Mar-19,12:39:37
31-Mar-19,12:39:37
31-Mar-19,12:39:37
31-Mar-19,12:39:37
31-Mar-19,12:39:37
31-Mar-19,12:39:37
31-Mar-19,12:39:38
31-Mar-19,12:39:38
31-Mar-19,12:39:38
31-Mar-19,12:39:38
31-Mar-19,12:39:38
31-Mar-19,12:39:38
31-Mar-19,12:39:38
31-Mar-19,12:39:38
31-Mar-19,12:39:38
31-Mar-19,12:39:38
31-Mar-19,12:39:38
31-Mar-19,12:39:38
31-Mar-19,12:39:38
31-Mar-19,12:39:38
31-Mar-19,12:39:38
31-Mar-19,12:39:38
31-Mar-19,12:39:38
31-Mar-19,12:39:38
31-Mar-19,12:39:38
31-Mar-19,12:39:38
31-Mar-19,12:39:38
31-Mar-19,12:39:38
31-Mar-19,12:39:38
31-Mar-19,12:39:38
31-Mar-19,12:39:38
31-Mar-19,12:39:38
31-Mar-19,12:39:38
31-Mar-19,12:39:38
31-Mar-19,12:39:38
31-Mar-19,12:39:38
31-Mar-19,12:39:38
31-Mar-19,12:39:38
31-Mar-19,12:39:38
31-Mar-19,12:39:38
31-Mar-19,12:39:39
31-Mar-19,12:39:39
31-Mar-19,12:39:39
31-Mar-19,12:39:39
31-Mar-19,12:39:39
31-Mar-19,12:39:39
31-Mar-19,12:39:39
31-Mar-19,12:39:39
31-Mar-19,12:39:39
31-Mar-19,12:39:39
31-Mar-19,12:39:39
31-Mar-19,12:39:39
31-Mar-19,12:39:39
31-Mar-19,12:39:39
31-Mar-19,12:39:39
31-Mar-19,12:39:39
31-Mar-19,12:39:39
31-Mar-19,12:39:39
31-Mar-19,12:39:39
31-Mar-19,12:39:39
31-Mar-19,12:39:39
31-Mar-19,12:39:39
31-Mar-19,12:39:39
31-Mar-19,12:39:39
31-Mar-19,12:39:39
31-Mar-19,12:39:39
31-Mar-19,12:39:39
31-Mar-19,12:39:39
31-Mar-19,12:39:39
31-Mar-19,12:39:39
31-Mar-19,12:39:39
31-Mar-19,12:39:39
31-Mar-19,12:39:39
31-Mar-19,12:39:39
31-Mar-19,12:39:40
31-Mar-19,12:39:40
31-Mar-19,12:39:40
31-Mar-19,12:39:40
31-Mar-19,12:39:40
31-Mar-19,12:39:40
31-Mar-19,12:39:40
31-Mar-19,12:39:40
31-Mar-19,12:39:40
31-Mar-19,12:39:40
31-Mar-19,12:39:40
31-Mar-19,12:39:40
31-Mar-19,12:39:40
31-Mar-19,12:39:40
31-Mar-19,12:39:40
31-Mar-19,12:39:40
31-Mar-19,12:39:40
31-Mar-19,12:39:40
31-Mar-19,12:39:40
31-Mar-19,12:39:40
31-Mar-19,12:39:40
31-Mar-19,12:39:40
31-Mar-19,12:39:40
31-Mar-19,12:39:40
31-Mar-19,12:39:40
31-Mar-19,12:39:40
31-Mar-19,12:39:40
31-Mar-19,12:39:40
31-Mar-19,12:39:40
31-Mar-19,12:39:40
31-Mar-19,12:39:40
31-Mar-19,12:39:40
31-Mar-19,12:39:40
31-Mar-19,12:39:40
31-Mar-19,12:39:41
31-Mar-19,12:39:41
31-Mar-19,12:39:41
31-Mar-19,12:39:41
31-Mar-19,12:39:41
31-Mar-19,12:39:41
31-Mar-19,12:39:41
31-Mar-19,12:39:41
31-Mar-19,12:39:41
31-Mar-19,12:39:41
31-Mar-19,12:39:41
31-Mar-19,12:39:41
31-Mar-19,12:39:41
31-Mar-19,12:39:41
31-Mar-19,12:39:41
31-Mar-19,12:39:41
31-Mar-19,12:39:41
31-Mar-19,12:39:41
31-Mar-19,12:39:41
31-Mar-19,12:39:41
31-Mar-19,12:39:41
31-Mar-19,12:39:41
31-Mar-19,12:39:41
31-Mar-19,12:39:41
31-Mar-19,12:39:41
31-Mar-19,12:39:41
31-Mar-19,12:39:41
31-Mar-19,12:39:41
31-Mar-19,12:39:41
31-Mar-19,12:39:41
31-Mar-19,12:39:41
31-Mar-19,12:39:41
31-Mar-19,12:39:41
31-Mar-19,12:39:41
31-Mar-19,12:39:42
31-Mar-19,12:39:42
31-Mar-19,12:39:42
31-Mar-19,12:39:42
31-Mar-19,12:39:42
31-Mar-19,12:39:42
31-Mar-19,12:39:42
31-Mar-19,12:39:42
31-Mar-19,12:39:42
31-Mar-19,12:39:42
31-Mar-19,12:39:42
31-Mar-19,12:39:42
31-Mar-19,12:39:42
31-Mar-19,12:39:42
31-Mar-19,12:39:42
31-Mar-19,12:39:42
31-Mar-19,12:39:42
31-Mar-19,12:39:42
31-Mar-19,12:39:42
31-Mar-19,12:39:42
31-Mar-19,12:39:42
31-Mar-19,12:39:42
31-Mar-19,12:39:42
31-Mar-19,12:39:42
31-Mar-19,12:39:42
31-Mar-19,12:39:42
31-Mar-19,12:39:42
31-Mar-19,12:39:42
31-Mar-19,12:39:42
31-Mar-19,12:39:42
31-Mar-19,12:39:42
31-Mar-19,12:39:42
31-Mar-19,12:39:42
31-Mar-19,12:39:42
31-Mar-19,12:39:42
31-Mar-19,12:39:43
31-Mar-19,12:39:43
31-Mar-19,12:39:43
31-Mar-19,12:39:43
31-Mar-19,12:39:43
31-Mar-19,12:39:43
31-Mar-19,12:39:43
31-Mar-19,12:39:43
31-Mar-19,12:39:43
31-Mar-19,12:39:43
31-Mar-19,12:39:43
31-Mar-19,12:39:43
31-Mar-19,12:39:43
31-Mar-19,12:39:43
31-Mar-19,12:39:43
31-Mar-19,12:39:43
31-Mar-19,12:39:43
31-Mar-19,12:39:43
31-Mar-19,12:39:43
31-Mar-19,12:39:43
31-Mar-19,12:39:43
31-Mar-19,12:39:43
31-Mar-19,12:39:43
31-Mar-19,12:39:43
31-Mar-19,12:39:43
31-Mar-19,12:39:43
31-Mar-19,12:39:43
31-Mar-19,12:39:43
31-Mar-19,12:39:43
31-Mar-19,12:39:43
31-Mar-19,12:39:43
31-Mar-19,12:39:43
31-Mar-19,12:39:43
31-Mar-19,12:39:43
31-Mar-19,12:39:43
31-Mar-19,12:39:44
31-Mar-19,12:39:44
31-Mar-19,12:39:44
31-Mar-19,12:39:44
31-Mar-19,12:39:44
31-Mar-19,12:39:44
31-Mar-19,12:39:44
31-Mar-19,12:39:44
31-Mar-19,12:39:44
31-Mar-19,12:39:44
31-Mar-19,12:39:44
31-Mar-19,12:39:44
31-Mar-19,12:39:44
31-Mar-19,12:39:44
31-Mar-19,12:39:44
31-Mar-19,12:39:44
31-Mar-19,12:39:44
31-Mar-19,12:39:44
31-Mar-19,12:39:44
31-Mar-19,12:39:44
31-Mar-19,12:39:44
31-Mar-19,12:39:44
31-Mar-19,12:39:44
31-Mar-19,12:39:44
31-Mar-19,12:39:44
31-Mar-19,12:39:44
31-Mar-19,12:39:44
31-Mar-19,12:39:44
31-Mar-19,12:39:44
31-Mar-19,12:39:44
31-Mar-19,12:39:44
31-Mar-19,12:39:44
31-Mar-19,12:39:44
31-Mar-19,12:39:44
31-Mar-19,12:39:44
31-Mar-19,12:39:45
31-Mar-19,12:39:45
31-Mar-19,12:39:45
31-Mar-19,12:39:45
31-Mar-19,12:39:45
31-Mar-19,12:39:45
31-Mar-19,12:39:45
31-Mar-19,12:39:45
31-Mar-19,12:39:45
31-Mar-19,12:39:45
31-Mar-19,12:39:45
31-Mar-19,12:39:45
31-Mar-19,12:39:45
31-Mar-19,12:39:45
31-Mar-19,12:39:45
31-Mar-19,12:39:45
31-Mar-19,12:39:45
31-Mar-19,12:39:45
31-Mar-19,12:39:45
31-Mar-19,12:39:45
31-Mar-19,12:39:45
31-Mar-19,12:39:45
31-Mar-19,12:39:45
31-Mar-19,12:39:45
31-Mar-19,12:39:45
31-Mar-19,12:39:45
31-Mar-19,12:39:45
31-Mar-19,12:39:45
31-Mar-19,12:39:45
31-Mar-19,12:39:45
31-Mar-19,12:39:45
31-Mar-19,12:39:45
31-Mar-19,12:39:45
31-Mar-19,12:39:45
31-Mar-19,12:39:45
31-Mar-19,12:39:46
31-Mar-19,12:39:46
31-Mar-19,12:39:46
31-Mar-19,12:39:46
31-Mar-19,12:39:46
31-Mar-19,12:39:46
31-Mar-19,12:39:46
31-Mar-19,12:39:46
31-Mar-19,12:39:46
31-Mar-19,12:39:46
31-Mar-19,12:39:46
31-Mar-19,12:39:46
31-Mar-19,12:39:46
31-Mar-19,12:39:46
31-Mar-19,12:39:46
31-Mar-19,12:39:46
31-Mar-19,12:39:46
31-Mar-19,12:39:46
31-Mar-19,12:39:46
31-Mar-19,12:39:46
31-Mar-19,12:39:46
31-Mar-19,12:39:46
31-Mar-19,12:39:46
31-Mar-19,12:39:46
31-Mar-19,12:39:46
31-Mar-19,12:39:46
31-Mar-19,12:39:46
31-Mar-19,12:39:46
31-Mar-19,12:39:46
31-Mar-19,12:39:46
31-Mar-19,12:39:46
31-Mar-19,12:39:46
31-Mar-19,12:39:46
31-Mar-19,12:39:46
31-Mar-19,12:39:46
31-Mar-19,12:39:47
31-Mar-19,12:39:47
31-Mar-19,12:39:47
31-Mar-19,12:39:47
31-Mar-19,12:39:47
31-Mar-19,12:39:47
31-Mar-19,12:39:47
31-Mar-19,12:39:47
31-Mar-19,12:39:47
31-Mar-19,12:39:47
31-Mar-19,12:39:47
31-Mar-19,12:39:47
31-Mar-19,12:39:47
31-Mar-19,12:39:47
31-Mar-19,12:39:47
31-Mar-19,12:39:47
31-Mar-19,12:39:47
31-Mar-19,12:39:47
31-Mar-19,12:39:47
31-Mar-19,12:39:47
31-Mar-19,12:39:47
31-Mar-19,12:39:47
31-Mar-19,12:39:47
31-Mar-19,12:39:47
31-Mar-19,12:39:47
31-Mar-19,12:39:47
31-Mar-19,12:39:47
31-Mar-19,12:39:47
31-Mar-19,12:39:47
31-Mar-19,12:39:47
31-Mar-19,12:39:47
31-Mar-19,12:39:47
31-Mar-19,12:39:47
31-Mar-19,12:39:47
31-Mar-19,12:39:47
31-Mar-19,12:39:47
31-Mar-19,12:39:48
31-Mar-19,12:39:48
31-Mar-19,12:39:48
31-Mar-19,12:39:48
31-Mar-19,12:39:48
31-Mar-19,12:39:48
31-Mar-19,12:39:48
31-Mar-19,12:39:48
31-Mar-19,12:39:48
31-Mar-19,12:39:48
31-Mar-19,12:39:48
31-Mar-19,12:39:48
31-Mar-19,12:39:48
31-Mar-19,12:39:48
31-Mar-19,12:39:48
31-Mar-19,12:39:48
31-Mar-19,12:39:48
31-Mar-19,12:39:48
31-Mar-19,12:39:48
31-Mar-19,12:39:48
31-Mar-19,12:39:48
31-Mar-19,12:39:48
31-Mar-19,12:39:48
31-Mar-19,12:39:48
31-Mar-19,12:39:48
31-Mar-19,12:39:48
31-Mar-19,12:39:48
31-Mar-19,12:39:48
31-Mar-19,12:39:48
31-Mar-19,12:39:48
31-Mar-19,12:39:48
31-Mar-19,12:39:48
31-Mar-19,12:39:48
31-Mar-19,12:39:48
31-Mar-19,12:39:48
31-Mar-19,12:39:48
31-Mar-19,12:39:49
31-Mar-19,12:39:49
31-Mar-19,12:39:49
31-Mar-19,12:39:49
31-Mar-19,12:39:49
31-Mar-19,12:39:49
31-Mar-19,12:39:49
31-Mar-19,12:39:49
31-Mar-19,12:39:49
31-Mar-19,12:39:49
31-Mar-19,12:39:49
31-Mar-19,12:39:49
31-Mar-19,12:39:49
31-Mar-19,12:39:49
31-Mar-19,12:39:49
31-Mar-19,12:39:49
31-Mar-19,12:39:49
31-Mar-19,12:39:49
31-Mar-19,12:39:49
31-Mar-19,12:39:49
31-Mar-19,12:39:49
31-Mar-19,12:39:49
31-Mar-19,12:39:49
31-Mar-19,12:39:49
31-Mar-19,12:39:49
31-Mar-19,12:39:49
31-Mar-19,12:39:49
31-Mar-19,12:39:49
31-Mar-19,12:39:49
31-Mar-19,12:39:49
31-Mar-19,12:39:49
31-Mar-19,12:39:49
31-Mar-19,12:39:49
31-Mar-19,12:39:49
31-Mar-19,12:39:49
31-Mar-19,12:39:49
31-Mar-19,12:39:50
31-Mar-19,12:39:50
31-Mar-19,12:39:50
31-Mar-19,12:39:50
31-Mar-19,12:39:50
31-Mar-19,12:39:50
31-Mar-19,12:39:50
31-Mar-19,12:39:50
31-Mar-19,12:39:50
31-Mar-19,12:39:50
31-Mar-19,12:39:50
31-Mar-19,12:39:50
31-Mar-19,12:39:50
31-Mar-19,12:39:50
31-Mar-19,12:39:50
31-Mar-19,12:39:50
31-Mar-19,12:39:50
31-Mar-19,12:39:50
31-Mar-19,12:39:50
31-Mar-19,12:39:50
31-Mar-19,12:39:50
31-Mar-19,12:39:50
31-Mar-19,12:39:50
31-Mar-19,12:39:50
31-Mar-19,12:39:50
31-Mar-19,12:39:50
31-Mar-19,12:39:50
31-Mar-19,12:39:50
31-Mar-19,12:39:50
31-Mar-19,12:39:50
31-Mar-19,12:39:50
31-Mar-19,12:39:50
31-Mar-19,12:39:50
31-Mar-19,12:39:50
31-Mar-19,12:39:50
31-Mar-19,12:39:50
31-Mar-19,12:39:51
31-Mar-19,12:39:51
31-Mar-19,12:39:51
31-Mar-19,12:39:51
31-Mar-19,12:39:51
31-Mar-19,12:39:51
31-Mar-19,12:39:51
31-Mar-19,12:39:51
31-Mar-19,12:39:51
31-Mar-19,12:39:51
31-Mar-19,12:39:51
31-Mar-19,12:39:51
31-Mar-19,12:39:51
31-Mar-19,12:39:51
31-Mar-19,12:39:51
31-Mar-19,12:39:51
31-Mar-19,12:39:51
31-Mar-19,12:39:51
31-Mar-19,12:39:51
31-Mar-19,12:39:51
31-Mar-19,12:39:51
31-Mar-19,12:39:51
31-Mar-19,12:39:51
31-Mar-19,12:39:51
31-Mar-19,12:39:51
31-Mar-19,12:39:51
31-Mar-19,12:39:51
31-Mar-19,12:39:51
31-Mar-19,12:39:51
31-Mar-19,12:39:51
31-Mar-19,12:39:51
31-Mar-19,12:39:51
31-Mar-19,12:39:51
31-Mar-19,12:39:51
31-Mar-19,12:39:51
31-Mar-19,12:39:51
31-Mar-19,12:39:52
31-Mar-19,12:39:52
31-Mar-19,12:39:52
31-Mar-19,12:39:52
31-Mar-19,12:39:52
31-Mar-19,12:39:52
31-Mar-19,12:39:52
31-Mar-19,12:39:52
31-Mar-19,12:39:52
31-Mar-19,12:39:52
31-Mar-19,12:39:52
31-Mar-19,12:39:52
31-Mar-19,12:39:52
31-Mar-19,12:39:52
31-Mar-19,12:39:52
31-Mar-19,12:39:52
31-Mar-19,12:39:52
31-Mar-19,12:39:52
31-Mar-19,12:39:52
31-Mar-19,12:39:52
31-Mar-19,12:39:52
31-Mar-19,12:39:52
31-Mar-19,12:39:52
31-Mar-19,12:39:52
31-Mar-19,12:39:52
31-Mar-19,12:39:52
31-Mar-19,12:39:52
31-Mar-19,12:39:52
31-Mar-19,12:39:52
31-Mar-19,12:39:52
31-Mar-19,12:39:52
31-Mar-19,12:39:52
31-Mar-19,12:39:52
31-Mar-19,12:39:52
31-Mar-19,12:39:52
31-Mar-19,12:39:52
31-Mar-19,12:39:52
31-Mar-19,12:39:53
31-Mar-19,12:39:53
31-Mar-19,12:39:53
31-Mar-19,12:39:53
31-Mar-19,12:39:53
31-Mar-19,12:39:53
31-Mar-19,12:39:53
31-Mar-19,12:39:53
31-Mar-19,12:39:53
31-Mar-19,12:39:53
31-Mar-19,12:39:53
31-Mar-19,12:39:53
31-Mar-19,12:39:53
31-Mar-19,12:39:53
31-Mar-19,12:39:53
31-Mar-19,12:39:53
31-Mar-19,12:39:53
31-Mar-19,12:39:53
31-Mar-19,12:39:53
31-Mar-19,12:39:53
31-Mar-19,12:39:53
31-Mar-19,12:39:53
31-Mar-19,12:39:53
31-Mar-19,12:39:53
31-Mar-19,12:39:53
31-Mar-19,12:39:53
31-Mar-19,12:39:53
31-Mar-19,12:39:53
31-Mar-19,12:39:53
31-Mar-19,12:39:53
31-Mar-19,12:39:53
31-Mar-19,12:39:53
31-Mar-19,12:39:53
31-Mar-19,12:39:53
31-Mar-19,12:39:53
31-Mar-19,12:39:53
31-Mar-19,12:39:53
31-Mar-19,12:39:54
31-Mar-19,12:39:54
31-Mar-19,12:39:54
31-Mar-19,12:39:54
31-Mar-19,12:39:54
31-Mar-19,12:39:54
31-Mar-19,12:39:54
31-Mar-19,12:39:54
31-Mar-19,12:39:54
31-Mar-19,12:39:54
31-Mar-19,12:39:54
31-Mar-19,12:39:54
31-Mar-19,12:39:54
31-Mar-19,12:39:54
31-Mar-19,12:39:54
31-Mar-19,12:39:54
31-Mar-19,12:39:54
31-Mar-19,12:39:54
31-Mar-19,12:39:54
31-Mar-19,12:39:54
31-Mar-19,12:39:54
31-Mar-19,12:39:54
31-Mar-19,12:39:54
31-Mar-19,12:39:54
31-Mar-19,12:39:54
31-Mar-19,12:39:54
31-Mar-19,12:39:54
31-Mar-19,12:39:54
31-Mar-19,12:39:54
31-Mar-19,12:39:54
31-Mar-19,12:39:54
31-Mar-19,12:39:54
31-Mar-19,12:39:54
31-Mar-19,12:39:54
31-Mar-19,12:39:54
31-Mar-19,12:39:54
31-Mar-19,12:39:54
31-Mar-19,12:39:55
31-Mar-19,12:39:55
31-Mar-19,12:39:55
31-Mar-19,12:39:55
31-Mar-19,12:39:55
31-Mar-19,12:39:55
31-Mar-19,12:39:55
31-Mar-19,12:39:55
31-Mar-19,12:39:55
31-Mar-19,12:39:55
31-Mar-19,12:39:55
31-Mar-19,12:39:55
31-Mar-19,12:39:55
31-Mar-19,12:39:55
31-Mar-19,12:39:55
31-Mar-19,12:39:55
31-Mar-19,12:39:55
31-Mar-19,12:39:55
31-Mar-19,12:39:55
31-Mar-19,12:39:55
31-Mar-19,12:39:55
31-Mar-19,12:39:55
31-Mar-19,12:39:55
31-Mar-19,12:39:55
31-Mar-19,12:39:55
31-Mar-19,12:39:55
31-Mar-19,12:39:55
31-Mar-19,12:39:55
31-Mar-19,12:39:55
31-Mar-19,12:39:55
31-Mar-19,12:39:55
31-Mar-19,12:39:55
31-Mar-19,12:39:55
31-Mar-19,12:39:55
31-Mar-19,12:39:55
31-Mar-19,12:39:55
31-Mar-19,12:39:55
31-Mar-19,12:39:56
31-Mar-19,12:39:56
31-Mar-19,12:39:56
31-Mar-19,12:39:56
31-Mar-19,12:39:56
31-Mar-19,12:39:56
31-Mar-19,12:39:56
31-Mar-19,12:39:56
31-Mar-19,12:39:56
31-Mar-19,12:39:56
31-Mar-19,12:39:56
31-Mar-19,12:39:56
31-Mar-19,12:39:56
31-Mar-19,12:39:56
31-Mar-19,12:39:56
31-Mar-19,12:39:56
31-Mar-19,12:39:56
31-Mar-19,12:39:56
31-Mar-19,12:39:56
31-Mar-19,12:39:56
31-Mar-19,12:39:56
31-Mar-19,12:39:56
31-Mar-19,12:39:56
31-Mar-19,12:39:56
31-Mar-19,12:39:56
31-Mar-19,12:39:56
31-Mar-19,12:39:56
31-Mar-19,12:39:56
31-Mar-19,12:39:56
31-Mar-19,12:39:56
31-Mar-19,12:39:56
31-Mar-19,12:39:56
31-Mar-19,12:39:56
31-Mar-19,12:39:56
31-Mar-19,12:39:56
31-Mar-19,12:39:56
31-Mar-19,12:39:56
31-Mar-19,12:39:57
31-Mar-19,12:39:57
31-Mar-19,12:39:57
31-Mar-19,12:39:57
31-Mar-19,12:39:57
31-Mar-19,12:39:57
31-Mar-19,12:39:57
31-Mar-19,12:39:57
31-Mar-19,12:39:57
31-Mar-19,12:39:57
31-Mar-19,12:39:57
31-Mar-19,12:39:57
31-Mar-19,12:39:57
31-Mar-19,12:39:57
31-Mar-19,12:39:57
31-Mar-19,12:39:57
31-Mar-19,12:39:57
31-Mar-19,12:39:57
31-Mar-19,12:39:57
31-Mar-19,12:39:57
31-Mar-19,12:39:57
31-Mar-19,12:39:57
31-Mar-19,12:39:57
31-Mar-19,12:39:57
31-Mar-19,12:39:57
31-Mar-19,12:39:57
31-Mar-19,12:39:57
31-Mar-19,12:39:57
31-Mar-19,12:39:57
31-Mar-19,12:39:57
31-Mar-19,12:39:57
31-Mar-19,12:39:57
31-Mar-19,12:39:57
31-Mar-19,12:39:57
31-Mar-19,12:39:57
31-Mar-19,12:39:57
31-Mar-19,12:39:57
31-Mar-19,12:39:57
31-Mar-19,12:39:58
31-Mar-19,12:39:58
31-Mar-19,12:39:58
31-Mar-19,12:39:58
31-Mar-19,12:39:58
31-Mar-19,12:39:58
31-Mar-19,12:39:58
31-Mar-19,12:39:58
31-Mar-19,12:39:58
31-Mar-19,12:39:58
31-Mar-19,12:39:58
31-Mar-19,12:39:58
31-Mar-19,12:39:58
31-Mar-19,12:39:58
31-Mar-19,12:39:58
31-Mar-19,12:39:58
31-Mar-19,12:39:58
31-Mar-19,12:39:58
31-Mar-19,12:39:58
31-Mar-19,12:39:58
31-Mar-19,12:39:58
31-Mar-19,12:39:58
31-Mar-19,12:39:58
31-Mar-19,12:39:58
31-Mar-19,12:39:58
31-Mar-19,12:39:58
31-Mar-19,12:39:58
31-Mar-19,12:39:58
31-Mar-19,12:39:58
31-Mar-19,12:39:58
31-Mar-19,12:39:58
31-Mar-19,12:39:58
31-Mar-19,12:39:58
31-Mar-19,12:39:58
31-Mar-19,12:39:58
31-Mar-19,12:39:58
31-Mar-19,12:39:58
31-Mar-19,12:39:58
31-Mar-19,12:39:59
31-Mar-19,12:39:59
31-Mar-19,12:39:59
31-Mar-19,12:39:59
31-Mar-19,12:39:59
31-Mar-19,12:39:59
31-Mar-19,12:39:59
31-Mar-19,12:39:59
31-Mar-19,12:39:59
31-Mar-19,12:39:59
31-Mar-19,12:39:59
31-Mar-19,12:39:59
31-Mar-19,12:39:59
31-Mar-19,12:39:59
31-Mar-19,12:39:59
31-Mar-19,12:39:59
31-Mar-19,12:39:59
31-Mar-19,12:39:59
31-Mar-19,12:39:59
31-Mar-19,12:39:59
31-Mar-19,12:39:59
31-Mar-19,12:39:59
31-Mar-19,12:39:59
31-Mar-19,12:39:59
31-Mar-19,12:39:59
31-Mar-19,12:39:59
31-Mar-19,12:39:59
31-Mar-19,12:39:59
31-Mar-19,12:39:59
31-Mar-19,12:39:59
31-Mar-19,12:39:59
31-Mar-19,12:39:59
31-Mar-19,12:39:59
31-Mar-19,12:39:59
31-Mar-19,12:39:59
31-Mar-19,12:39:59
31-Mar-19,12:39:59
31-Mar-19,12:39:59
31-Mar-19,12:40:00
31-Mar-19,12:40:00
31-Mar-19,12:40:00
31-Mar-19,12:40:00
31-Mar-19,12:40:00
31-Mar-19,12:40:00
31-Mar-19,12:40:00
31-Mar-19,12:40:00
31-Mar-19,12:40:00
31-Mar-19,12:40:00
31-Mar-19,12:40:00
31-Mar-19,12:40:00
31-Mar-19,12:40:00
31-Mar-19,12:40:00
31-Mar-19,12:40:00
31-Mar-19,12:40:00
31-Mar-19,12:40:00
31-Mar-19,12:40:00
31-Mar-19,12:40:00
31-Mar-19,12:40:00
31-Mar-19,12:40:00
31-Mar-19,12:40:00
31-Mar-19,12:40:00
31-Mar-19,12:40:00
31-Mar-19,12:40:00
31-Mar-19,12:40:00
31-Mar-19,12:40:00
31-Mar-19,12:40:00
31-Mar-19,12:40:00
31-Mar-19,12:40:00
31-Mar-19,12:40:00
31-Mar-19,12:40:00
31-Mar-19,12:40:00
31-Mar-19,12:40:00
31-Mar-19,12:40:00
31-Mar-19,12:40:00
31-Mar-19,12:40:00
31-Mar-19,12:40:00
31-Mar-19,12:40:01
31-Mar-19,12:40:01
31-Mar-19,12:40:01
31-Mar-19,12:40:01
31-Mar-19,12:40:01
31-Mar-19,12:40:01
31-Mar-19,12:40:01
31-Mar-19,12:40:01
31-Mar-19,12:40:01
31-Mar-19,12:40:01
31-Mar-19,12:40:01
31-Mar-19,12:40:01
31-Mar-19,12:40:01
31-Mar-19,12:40:01
31-Mar-19,12:40:01
31-Mar-19,12:40:01
31-Mar-19,12:40:01
31-Mar-19,12:40:01
31-Mar-19,12:40:01
31-Mar-19,12:40:01
31-Mar-19,12:40:01
31-Mar-19,12:40:01
31-Mar-19,12:40:01
31-Mar-19,12:40:01
31-Mar-19,12:40:01
31-Mar-19,12:40:01
31-Mar-19,12:40:01
31-Mar-19,12:40:01
31-Mar-19,12:40:01
31-Mar-19,12:40:01
31-Mar-19,12:40:01
31-Mar-19,12:40:01
31-Mar-19,12:40:01
31-Mar-19,12:40:01
31-Mar-19,12:40:01
31-Mar-19,12:40:01
31-Mar-19,12:40:01
31-Mar-19,12:40:01
31-Mar-19,12:40:02
31-Mar-19,12:40:02
31-Mar-19,12:40:02
31-Mar-19,12:40:02
31-Mar-19,12:40:02
31-Mar-19,12:40:02
31-Mar-19,12:40:02
31-Mar-19,12:40:02
31-Mar-19,12:40:02
31-Mar-19,12:40:02
31-Mar-19,12:40:02
31-Mar-19,12:40:02
31-Mar-19,12:40:02
31-Mar-19,12:40:02
31-Mar-19,12:40:02
31-Mar-19,12:40:02
31-Mar-19,12:40:02
31-Mar-19,12:40:02
31-Mar-19,12:40:02
31-Mar-19,12:40:02
31-Mar-19,12:40:02
31-Mar-19,12:40:02
31-Mar-19,12:40:02
31-Mar-19,12:40:02
31-Mar-19,12:40:02
31-Mar-19,12:40:02
31-Mar-19,12:40:02
31-Mar-19,12:40:02
31-Mar-19,12:40:02
31-Mar-19,12:40:02
31-Mar-19,12:40:02
31-Mar-19,12:40:02
31-Mar-19,12:40:02
31-Mar-19,12:40:02
31-Mar-19,12:40:02
31-Mar-19,12:40:02
31-Mar-19,12:40:02
31-Mar-19,12:40:02
31-Mar-19,12:40:02
31-Mar-19,12:40:03
31-Mar-19,12:40:03
31-Mar-19,12:40:03
31-Mar-19,12:40:03
31-Mar-19,12:40:03
31-Mar-19,12:40:03
31-Mar-19,12:40:03
31-Mar-19,12:40:03
31-Mar-19,12:40:03
31-Mar-19,12:40:03
31-Mar-19,12:40:03
31-Mar-19,12:40:03
31-Mar-19,12:40:03
31-Mar-19,12:40:03
31-Mar-19,12:40:03
31-Mar-19,12:40:03
31-Mar-19,12:40:03
31-Mar-19,12:40:03
31-Mar-19,12:40:03
31-Mar-19,12:40:03
31-Mar-19,12:40:03
31-Mar-19,12:40:03
31-Mar-19,12:40:03
31-Mar-19,12:40:03
31-Mar-19,12:40:03
31-Mar-19,12:40:03
31-Mar-19,12:40:03
31-Mar-19,12:40:03
31-Mar-19,12:40:03
31-Mar-19,12:40:03
31-Mar-19,12:40:03
31-Mar-19,12:40:03
31-Mar-19,12:40:03
31-Mar-19,12:40:03
31-Mar-19,12:40:03
31-Mar-19,12:40:03
31-Mar-19,12:40:03
31-Mar-19,12:40:03
31-Mar-19,12:40:03
31-Mar-19,12:40:04
31-Mar-19,12:40:04
31-Mar-19,12:40:04
31-Mar-19,12:40:04
31-Mar-19,12:40:04
31-Mar-19,12:40:04
31-Mar-19,12:40:04
31-Mar-19,12:40:04
31-Mar-19,12:40:04
31-Mar-19,12:40:04
31-Mar-19,12:40:04
31-Mar-19,12:40:04
31-Mar-19,12:40:04
31-Mar-19,12:40:04
31-Mar-19,12:40:04
31-Mar-19,12:40:04
31-Mar-19,12:40:04
31-Mar-19,12:40:04
31-Mar-19,12:40:04
31-Mar-19,12:40:04
31-Mar-19,12:40:04
31-Mar-19,12:40:04
31-Mar-19,12:40:04
31-Mar-19,12:40:04
31-Mar-19,12:40:04
31-Mar-19,12:40:04
31-Mar-19,12:40:04
31-Mar-19,12:40:04
31-Mar-19,12:40:04
31-Mar-19,12:40:04
31-Mar-19,12:40:04
31-Mar-19,12:40:04
31-Mar-19,12:40:04
31-Mar-19,12:40:04
31-Mar-19,12:40:04
31-Mar-19,12:40:04
31-Mar-19,12:40:04
31-Mar-19,12:40:04
31-Mar-19,12:40:04
31-Mar-19,12:40:05
31-Mar-19,12:40:05
31-Mar-19,12:40:05
31-Mar-19,12:40:05
31-Mar-19,12:40:05
31-Mar-19,12:40:05
31-Mar-19,12:40:05
31-Mar-19,12:40:05
31-Mar-19,12:40:05
31-Mar-19,12:40:05
31-Mar-19,12:40:05
31-Mar-19,12:40:05
31-Mar-19,12:40:05
31-Mar-19,12:40:05
31-Mar-19,12:40:05
31-Mar-19,12:40:05
31-Mar-19,12:40:05
31-Mar-19,12:40:05
31-Mar-19,12:40:05
31-Mar-19,12:40:05
31-Mar-19,12:40:05
31-Mar-19,12:40:05
31-Mar-19,12:40:05
31-Mar-19,12:40:05
31-Mar-19,12:40:05
31-Mar-19,12:40:05
31-Mar-19,12:40:05
31-Mar-19,12:40:05
31-Mar-19,12:40:05
31-Mar-19,12:40:05
31-Mar-19,12:40:05
31-Mar-19,12:40:05
31-Mar-19,12:40:05
31-Mar-19,12:40:05
31-Mar-19,12:40:05
31-Mar-19,12:40:05
31-Mar-19,12:40:05
31-Mar-19,12:40:05
31-Mar-19,12:40:05
31-Mar-19,12:40:06
31-Mar-19,12:40:06
31-Mar-19,12:40:06
31-Mar-19,12:40:06
31-Mar-19,12:40:06
31-Mar-19,12:40:06
31-Mar-19,12:40:06
31-Mar-19,12:40:06
31-Mar-19,12:40:06
31-Mar-19,12:40:06
31-Mar-19,12:40:06
31-Mar-19,12:40:06
31-Mar-19,12:40:06
31-Mar-19,12:40:06
31-Mar-19,12:40:06
31-Mar-19,12:40:06
31-Mar-19,12:40:06
31-Mar-19,12:40:06
31-Mar-19,12:40:06
31-Mar-19,12:40:06
31-Mar-19,12:40:06
31-Mar-19,12:40:06
31-Mar-19,12:40:06
31-Mar-19,12:40:06
31-Mar-19,12:40:06
31-Mar-19,12:40:06
31-Mar-19,12:40:06
31-Mar-19,12:40:06
31-Mar-19,12:40:06
31-Mar-19,12:40:06
31-Mar-19,12:40:06
31-Mar-19,12:40:06
31-Mar-19,12:40:06
31-Mar-19,12:40:06
31-Mar-19,12:40:06
31-Mar-19,12:40:06
31-Mar-19,12:40:06
31-Mar-19,12:40:06
31-Mar-19,12:40:06
31-Mar-19,12:40:07
31-Mar-19,12:40:07
31-Mar-19,12:40:07
31-Mar-19,12:40:07
31-Mar-19,12:40:07
31-Mar-19,12:40:07
31-Mar-19,12:40:07
31-Mar-19,12:40:07
31-Mar-19,12:40:07
31-Mar-19,12:40:07
31-Mar-19,12:40:07
31-Mar-19,12:40:07
31-Mar-19,12:40:07
31-Mar-19,12:40:07
31-Mar-19,12:40:07
31-Mar-19,12:40:07
31-Mar-19,12:40:07
31-Mar-19,12:40:07
31-Mar-19,12:40:07
31-Mar-19,12:40:07
31-Mar-19,12:40:07
31-Mar-19,12:40:07
31-Mar-19,12:40:07
31-Mar-19,12:40:07
31-Mar-19,12:40:07
31-Mar-19,12:40:07
31-Mar-19,12:40:07
31-Mar-19,12:40:07
31-Mar-19,12:40:07
31-Mar-19,12:40:07
31-Mar-19,12:40:07
31-Mar-19,12:40:07
31-Mar-19,12:40:07
31-Mar-19,12:40:07
31-Mar-19,12:40:07
31-Mar-19,12:40:07
31-Mar-19,12:40:07
31-Mar-19,12:40:07
31-Mar-19,12:40:07
31-Mar-19,12:40:07
31-Mar-19,12:40:08
31-Mar-19,12:40:08
31-Mar-19,12:40:08
31-Mar-19,12:40:08
31-Mar-19,12:40:08
31-Mar-19,12:40:08
31-Mar-19,12:40:08
31-Mar-19,12:40:08
31-Mar-19,12:40:08
31-Mar-19,12:40:08
31-Mar-19,12:40:08
31-Mar-19,12:40:08
31-Mar-19,12:40:08
31-Mar-19,12:40:08
31-Mar-19,12:40:08
31-Mar-19,12:40:08
31-Mar-19,12:40:08
31-Mar-19,12:40:08
31-Mar-19,12:40:08
31-Mar-19,12:40:08
31-Mar-19,12:40:08
31-Mar-19,12:40:08
31-Mar-19,12:40:08
31-Mar-19,12:40:08
31-Mar-19,12:40:08
31-Mar-19,12:40:08
31-Mar-19,12:40:08
31-Mar-19,12:40:08
31-Mar-19,12:40:08
31-Mar-19,12:40:08
31-Mar-19,12:40:08
31-Mar-19,12:40:08
31-Mar-19,12:40:08
31-Mar-19,12:40:08
31-Mar-19,12:40:08
31-Mar-19,12:40:08
31-Mar-19,12:40:08
31-Mar-19,12:40:08
31-Mar-19,12:40:08
31-Mar-19,12:40:08
31-Mar-19,12:40:09
31-Mar-19,12:40:09
31-Mar-19,12:40:09
31-Mar-19,12:40:09
31-Mar-19,12:40:09
31-Mar-19,12:40:09
31-Mar-19,12:40:09
31-Mar-19,12:40:09
31-Mar-19,12:40:09
31-Mar-19,12:40:09
31-Mar-19,12:40:09
31-Mar-19,12:40:09
31-Mar-19,12:40:09
31-Mar-19,12:40:09
31-Mar-19,12:40:09
31-Mar-19,12:40:09
31-Mar-19,12:40:09
31-Mar-19,12:40:09
31-Mar-19,12:40:09
31-Mar-19,12:40:09
31-Mar-19,12:40:09
31-Mar-19,12:40:09
31-Mar-19,12:40:09
31-Mar-19,12:40:09
31-Mar-19,12:40:09
31-Mar-19,12:40:09
31-Mar-19,12:40:09
31-Mar-19,12:40:09
31-Mar-19,12:40:09
31-Mar-19,12:40:09
31-Mar-19,12:40:09
31-Mar-19,12:40:09
31-Mar-19,12:40:09
31-Mar-19,12:40:09
31-Mar-19,12:40:09
31-Mar-19,12:40:09
31-Mar-19,12:40:09
31-Mar-19,12:40:09
31-Mar-19,12:40:09
31-Mar-19,12:40:09
31-Mar-19,12:40:10
31-Mar-19,12:40:10
31-Mar-19,12:40:10
31-Mar-19,12:40:10
31-Mar-19,12:40:10
31-Mar-19,12:40:10
31-Mar-19,12:40:10
31-Mar-19,12:40:10
31-Mar-19,12:40:10
31-Mar-19,12:40:10
31-Mar-19,12:40:10
31-Mar-19,12:40:10
31-Mar-19,12:40:10
31-Mar-19,12:40:10
31-Mar-19,12:40:10
31-Mar-19,12:40:10
31-Mar-19,12:40:10
31-Mar-19,12:40:10
31-Mar-19,12:40:10
31-Mar-19,12:40:10
31-Mar-19,12:40:10
31-Mar-19,12:40:10
31-Mar-19,12:40:10
31-Mar-19,12:40:10
31-Mar-19,12:40:10
31-Mar-19,12:40:10
31-Mar-19,12:40:10
31-Mar-19,12:40:10
31-Mar-19,12:40:10
31-Mar-19,12:40:10
31-Mar-19,12:40:10
31-Mar-19,12:40:10
31-Mar-19,12:40:10
31-Mar-19,12:40:10
31-Mar-19,12:40:10
31-Mar-19,12:40:10
31-Mar-19,12:40:10
31-Mar-19,12:40:10
31-Mar-19,12:40:10
31-Mar-19,12:40:10
31-Mar-19,12:40:11
31-Mar-19,12:40:11
31-Mar-19,12:40:11
31-Mar-19,12:40:11
31-Mar-19,12:40:11
31-Mar-19,12:40:11
31-Mar-19,12:40:11
31-Mar-19,12:40:11
31-Mar-19,12:40:11
31-Mar-19,12:40:11
31-Mar-19,12:40:11
31-Mar-19,12:40:11
31-Mar-19,12:40:11
31-Mar-19,12:40:11
31-Mar-19,12:40:11
31-Mar-19,12:40:11
31-Mar-19,12:40:11
31-Mar-19,12:40:11
31-Mar-19,12:40:11
31-Mar-19,12:40:11
31-Mar-19,12:40:11
31-Mar-19,12:40:11
31-Mar-19,12:40:11
31-Mar-19,12:40:11
31-Mar-19,12:40:11
31-Mar-19,12:40:11
31-Mar-19,12:40:11
31-Mar-19,12:40:11
31-Mar-19,12:40:11
31-Mar-19,12:40:11
31-Mar-19,12:40:11
31-Mar-19,12:40:11
31-Mar-19,12:40:11
31-Mar-19,12:40:11
31-Mar-19,12:40:11
26-Apr-19, 13:39:51 
26-Apr-19, 13:39:56 
26-Apr-19, 13:40:01 
26-Apr-19, 13:40:06 
26-Apr-19, 13:40:11 
26-Apr-19, 13:40:21 
26-Apr-19, 13:40:26 
26-Apr-19, 13:40:31 
26-Apr-19, 13:40:32 
26-Apr-19, 13:40:36 
26-Apr-19, 13:40:37 
26-Apr-19, 13:40:41 
26-Apr-19, 13:40:42 
26-Apr-19, 13:40:46 
26-Apr-19, 13:40:47 
26-Apr-19, 13:40:51 
26-Apr-19, 13:40:52 
26-Apr-19, 13:40:56 
26-Apr-19, 13:40:57 
26-Apr-19, 13:41:01 
26-Apr-19, 13:41:02 
26-Apr-19, 13:41:06 
26-Apr-19, 13:41:07 
26-Apr-19, 13:41:11 
26-Apr-19, 13:41:16 
26-Apr-19, 13:41:21 
26-Apr-19, 13:41:22 
26-Apr-19, 13:41:26 
26-Apr-19, 13:41:27 
26-Apr-19, 13:41:31 
26-Apr-19, 13:41:32 
26-Apr-19, 13:41:36 
26-Apr-19, 13:41:37 
26-Apr-19, 13:41:41 
26-Apr-19, 13:41:46 
26-Apr-19, 13:41:47 
26-Apr-19, 13:41:51 
26-Apr-19, 13:41:52 
26-Apr-19, 13:41:56 
26-Apr-19, 13:41:57 
26-Apr-19, 13:42:01 
26-Apr-19, 13:42:02 
26-Apr-19, 13:42:06 
26-Apr-19, 13:42:07 
26-Apr-19, 13:42:11 
26-Apr-19, 13:42:17 
26-Apr-19, 13:42:21 
26-Apr-19, 13:42:22 
26-Apr-19, 13:42:26 
26-Apr-19, 13:42:27 
26-Apr-19, 13:42:31 
26-Apr-19, 13:42:32 
26-Apr-19, 13:42:36 
26-Apr-19, 13:42:37 
26-Apr-19, 13:42:41 
26-Apr-19, 13:42:42 
26-Apr-19, 13:42:46 
26-Apr-19, 13:42:47 
26-Apr-19, 13:42:51 
26-Apr-19, 13:42:52 
26-Apr-19, 13:42:56 
26-Apr-19, 13:42:57 
26-Apr-19, 13:43:01 
26-Apr-19, 13:43:02 
26-Apr-19, 13:43:06 
26-Apr-19, 13:43:07 
26-Apr-19, 13:43:11 
26-Apr-19, 13:43:16 
26-Apr-19, 13:43:21 
26-Apr-19, 13:43:22 
26-Apr-19, 13:43:26 
26-Apr-19, 13:43:27 
26-Apr-19, 13:43:31 
26-Apr-19, 13:43:32 
26-Apr-19, 13:43:36 
26-Apr-19, 13:43:37 
26-Apr-19, 13:43:41 
26-Apr-19, 13:43:46 
26-Apr-19, 13:43:47 
26-Apr-19, 13:43:51 
26-Apr-19, 13:43:52 
26-Apr-19, 13:43:56 
26-Apr-19, 13:43:57 
26-Apr-19, 13:44:01 
26-Apr-19, 13:44:02 
26-Apr-19, 13:44:06 
26-Apr-19, 13:44:07 
26-Apr-19, 13:44:11 
26-Apr-19, 13:44:16 
26-Apr-19, 13:44:21 
26-Apr-19, 13:44:22 
26-Apr-19, 13:44:26 
26-Apr-19, 13:44:27 
26-Apr-19, 13:44:31 
26-Apr-19, 13:44:32 
26-Apr-19, 13:44:36 
26-Apr-19, 13:44:41 
26-Apr-19, 13:44:42 
26-Apr-19, 13:44:46 
26-Apr-19, 13:44:47 
26-Apr-19, 13:44:51 
26-Apr-19, 13:44:52 
26-Apr-19, 13:44:56 
26-Apr-19, 13:44:57 
26-Apr-19, 13:45:01 
26-Apr-19, 13:45:02 
26-Apr-19, 13:45:06 
26-Apr-19, 13:45:07 
26-Apr-19, 13:45:11 
26-Apr-19, 13:45:17 
26-Apr-19, 13:45:21 
26-Apr-19, 13:45:22 
26-Apr-19, 13:45:26 
26-Apr-19, 13:45:27 
26-Apr-19, 13:45:31 
26-Apr-19, 13:45:32 
26-Apr-19, 13:45:36 
26-Apr-19, 13:45:37 
26-Apr-19, 13:45:42 
26-Apr-19, 13:45:42 
26-Apr-19, 13:45:47 
26-Apr-19, 13:45:47 
26-Apr-19, 13:45:52 
26-Apr-19, 13:45:52 
26-Apr-19, 13:45:57 
26-Apr-19, 13:45:57 
26-Apr-19, 13:46:02 
26-Apr-19, 13:46:02 
26-Apr-19, 13:46:07 
26-Apr-19, 13:46:07 
26-Apr-19, 13:46:22 
26-Apr-19, 13:46:22 
26-Apr-19, 13:46:27 
26-Apr-19, 13:46:27 
26-Apr-19, 13:46:32 
26-Apr-19, 13:46:32 
26-Apr-19, 13:46:37 
26-Apr-19, 13:46:37 
26-Apr-19, 13:46:42 
26-Apr-19, 13:46:42 
26-Apr-19, 13:46:47 
26-Apr-19, 13:46:47 
26-Apr-19, 13:46:52 
26-Apr-19, 13:46:52 
26-Apr-19, 13:46:57 
26-Apr-19, 13:46:57 
26-Apr-19, 13:47:02 
26-Apr-19, 13:47:02 
26-Apr-19, 13:47:07 
26-Apr-19, 13:47:07 
26-Apr-19, 13:47:22 
26-Apr-19, 13:47:22 
26-Apr-19, 13:47:27 
26-Apr-19, 13:47:27 
26-Apr-19, 13:47:32 
26-Apr-19, 13:47:32 
26-Apr-19, 13:47:37 
26-Apr-19, 13:47:37 
26-Apr-19, 13:47:42 
26-Apr-19, 13:47:42 
26-Apr-19, 13:47:47 
26-Apr-19, 13:47:47 
26-Apr-19, 13:47:52 
26-Apr-19, 13:47:52 
26-Apr-19, 13:47:57 
26-Apr-19, 13:47:57 
26-Apr-19, 13:48:02 
26-Apr-19, 13:48:02 
26-Apr-19, 13:48:07 
26-Apr-19, 13:48:07 
26-Apr-19, 13:48:22 
26-Apr-19, 13:48:22 
26-Apr-19, 13:48:27 
26-Apr-19, 13:48:27 
26-Apr-19, 13:48:32 
26-Apr-19, 13:48:32 
26-Apr-19, 13:48:37 
26-Apr-19, 13:48:37 
26-Apr-19, 13:48:42 
26-Apr-19, 13:48:42 
26-Apr-19, 13:48:47 
26-Apr-19, 13:48:47 
26-Apr-19, 13:48:52 
26-Apr-19, 13:48:52 
26-Apr-19, 13:48:57 
26-Apr-19, 13:48:57 
26-Apr-19, 13:49:02 
26-Apr-19, 13:49:03 
26-Apr-19, 13:49:07 
26-Apr-19, 13:49:08 
26-Apr-19, 13:49:13 
26-Apr-19, 13:49:18 
26-Apr-19, 13:49:22 
26-Apr-19, 13:49:23 
26-Apr-19, 13:49:27 
26-Apr-19, 13:49:28 
26-Apr-19, 13:49:32 
26-Apr-19, 13:49:33 
26-Apr-19, 13:49:37 
26-Apr-19, 13:49:38 
26-Apr-19, 13:49:42 
26-Apr-19, 13:49:43 
26-Apr-19, 13:49:47 
26-Apr-19, 13:49:48 
26-Apr-19, 13:49:53 
26-Apr-19, 13:49:57 
26-Apr-19, 13:49:58 
26-Apr-19, 13:50:02 
26-Apr-19, 13:50:03 
26-Apr-19, 13:50:07 
26-Apr-19, 13:50:08 
26-Apr-19, 13:50:13 
26-Apr-19, 13:50:22 
26-Apr-19, 13:50:23 
26-Apr-19, 13:50:27 
26-Apr-19, 13:50:28 
26-Apr-19, 13:50:32 
26-Apr-19, 13:50:33 
26-Apr-19, 13:50:37 
26-Apr-19, 13:50:38 
26-Apr-19, 13:50:42 
26-Apr-19, 13:50:43 
26-Apr-19, 13:50:47 
26-Apr-19, 13:50:48 
26-Apr-19, 13:50:52 
26-Apr-19, 13:50:53 
26-Apr-19, 13:50:57 
26-Apr-19, 13:50:58 
26-Apr-19, 13:51:02 
26-Apr-19, 13:51:03 
26-Apr-19, 13:51:07 
26-Apr-19, 13:51:08 
26-Apr-19, 13:51:22 
26-Apr-19, 13:51:23 
26-Apr-19, 13:51:27 
26-Apr-19, 13:51:28 
26-Apr-19, 13:51:32 
26-Apr-19, 13:51:33 
26-Apr-19, 13:51:37 
26-Apr-19, 13:51:38 
26-Apr-19, 13:51:42 
26-Apr-19, 13:51:47 
26-Apr-19, 13:51:48 
26-Apr-19, 13:51:52 
26-Apr-19, 13:51:53 
26-Apr-19, 13:51:57 
26-Apr-19, 13:51:58 
26-Apr-19, 13:52:02 
26-Apr-19, 13:52:03 
26-Apr-19, 13:52:07 
26-Apr-19, 13:52:08 
26-Apr-19, 13:52:13 
26-Apr-19, 13:52:18 
26-Apr-19, 13:52:22 
26-Apr-19, 13:52:23 
26-Apr-19, 13:52:27 
26-Apr-19, 13:52:28 
26-Apr-19, 13:52:32 
26-Apr-19, 13:52:33 
26-Apr-19, 13:52:37 
26-Apr-19, 13:52:38 
26-Apr-19, 13:52:42 
26-Apr-19, 13:52:43 
26-Apr-19, 13:52:47 
26-Apr-19, 13:52:48 
26-Apr-19, 13:52:52 
26-Apr-19, 13:52:53 
26-Apr-19, 13:52:57 
26-Apr-19, 13:52:58 
26-Apr-19, 13:53:03 
26-Apr-19, 13:53:07 
26-Apr-19, 13:53:08 
26-Apr-19, 13:53:17 
26-Apr-19, 13:53:18 
26-Apr-19, 13:53:22 
26-Apr-19, 13:53:23 
26-Apr-19, 13:53:27 
26-Apr-19, 13:53:28 
26-Apr-19, 13:53:33 
26-Apr-19, 13:53:37 
26-Apr-19, 13:53:38 
26-Apr-19, 13:53:42 
26-Apr-19, 13:53:43 
26-Apr-19, 13:53:47 
26-Apr-19, 13:53:48 
26-Apr-19, 13:53:52 
26-Apr-19, 13:53:53 
26-Apr-19, 13:53:57 
26-Apr-19, 13:53:58 
26-Apr-19, 13:54:02 
26-Apr-19, 13:54:03 
26-Apr-19, 13:54:07 
26-Apr-19, 13:54:08 
26-Apr-19, 13:54:17 
26-Apr-19, 13:54:22 
26-Apr-19, 13:54:23 
26-Apr-19, 13:54:27 
26-Apr-19, 13:54:28 
26-Apr-19, 13:54:32 
26-Apr-19, 13:54:33 
26-Apr-19, 13:54:37 
26-Apr-19, 13:54:38 
26-Apr-19, 13:54:42 
26-Apr-19, 13:54:43 
26-Apr-19, 13:54:47 
26-Apr-19, 13:54:48 
26-Apr-19, 13:54:52 
26-Apr-19, 13:54:53 
26-Apr-19, 13:54:57 
26-Apr-19, 13:54:58 
26-Apr-19, 13:55:02 
26-Apr-19, 13:55:03 
26-Apr-19, 13:55:07 
26-Apr-19, 13:55:08 
26-Apr-19, 13:55:18 
26-Apr-19, 13:55:22 
26-Apr-19, 13:55:23 
26-Apr-19, 13:55:27 
26-Apr-19, 13:55:28 
26-Apr-19, 13:55:32 
26-Apr-19, 13:55:33 
26-Apr-19, 13:55:37 
26-Apr-19, 13:55:38 
26-Apr-19, 13:55:42 
26-Apr-19, 13:55:43 
26-Apr-19, 13:55:47 
26-Apr-19, 13:55:48 
26-Apr-19, 13:55:52 
26-Apr-19, 13:55:53 
26-Apr-19, 13:55:57 
26-Apr-19, 13:55:58 
26-Apr-19, 13:56:02 
26-Apr-19, 13:56:03 
26-Apr-19, 13:56:07 
26-Apr-19, 13:56:13 
26-Apr-19, 13:56:22 
26-Apr-19, 13:56:23 
26-Apr-19, 13:56:27 
26-Apr-19, 13:56:32 
26-Apr-19, 13:56:33 
26-Apr-19, 13:56:37 
26-Apr-19, 13:56:38 
26-Apr-19, 13:56:42 
26-Apr-19, 13:56:43 
26-Apr-19, 13:56:47 
26-Apr-19, 13:56:48 
26-Apr-19, 13:56:52 
26-Apr-19, 13:56:53 
26-Apr-19, 13:56:57 
26-Apr-19, 13:56:58 
26-Apr-19, 13:57:02 
26-Apr-19, 13:57:03 
26-Apr-19, 13:57:07 
26-Apr-19, 13:57:08 
26-Apr-19, 13:57:17 
26-Apr-19, 13:57:18 
26-Apr-19, 13:57:22 
26-Apr-19, 13:57:23 
26-Apr-19, 13:57:27 
26-Apr-19, 13:57:28 
26-Apr-19, 13:57:32 
26-Apr-19, 13:57:33 
26-Apr-19, 13:57:37 
26-Apr-19, 13:57:38 
26-Apr-19, 13:57:42 
26-Apr-19, 13:57:43 
26-Apr-19, 13:57:47 
26-Apr-19, 13:57:48 
26-Apr-19, 13:57:52 
26-Apr-19, 13:57:53 
26-Apr-19, 13:57:57 
26-Apr-19, 13:57:58 
26-Apr-19, 13:58:02 
26-Apr-19, 13:58:03 
26-Apr-19, 13:58:07 
26-Apr-19, 13:58:13 
26-Apr-19, 13:58:22 
26-Apr-19, 13:58:23 
26-Apr-19, 13:58:27 
26-Apr-19, 13:58:32 
26-Apr-19, 13:58:33 
26-Apr-19, 13:58:37 
26-Apr-19, 13:58:38 
26-Apr-19, 13:58:42 
26-Apr-19, 13:58:43 
26-Apr-19, 13:58:47 
26-Apr-19, 13:58:48 
26-Apr-19, 13:58:52 
26-Apr-19, 13:58:53 
26-Apr-19, 13:58:57 
26-Apr-19, 13:58:58 
26-Apr-19, 13:59:02 
26-Apr-19, 13:59:03 
26-Apr-19, 13:59:07 
26-Apr-19, 13:59:08 
26-Apr-19, 13:59:17 
26-Apr-19, 13:59:22 
26-Apr-19, 13:59:23 
26-Apr-19, 13:59:28 
26-Apr-19, 13:59:32 
26-Apr-19, 13:59:33 
26-Apr-19, 13:59:37 
26-Apr-19, 13:59:38 
26-Apr-19, 13:59:42 
26-Apr-19, 13:59:43 
26-Apr-19, 13:59:47 
26-Apr-19, 13:59:48 
26-Apr-19, 13:59:52 
26-Apr-19, 13:59:53 
26-Apr-19, 13:59:57 
26-Apr-19, 13:59:58 
26-Apr-19, 14:00:02 
26-Apr-19, 14:00:03 
26-Apr-19, 14:00:07 
26-Apr-19, 14:00:08 
26-Apr-19, 14:00:13 
26-Apr-19, 14:00:18 
26-Apr-19, 14:00:22 
26-Apr-19, 14:00:23 
26-Apr-19, 14:00:27 
26-Apr-19, 14:00:28 
26-Apr-19, 14:00:32 
26-Apr-19, 14:00:33 
26-Apr-19, 14:00:37 
26-Apr-19, 14:00:38 
26-Apr-19, 14:00:42 
26-Apr-19, 14:00:43 
26-Apr-19, 14:00:47 
26-Apr-19, 14:00:48 
26-Apr-19, 14:00:52 
26-Apr-19, 14:00:53 
26-Apr-19, 14:00:57 
26-Apr-19, 14:00:58 
26-Apr-19, 14:01:02 
26-Apr-19, 14:01:03 
26-Apr-19, 14:01:07 
26-Apr-19, 14:01:08 
26-Apr-19, 14:01:13 
26-Apr-19, 14:01:18 
26-Apr-19, 14:01:22 
26-Apr-19, 14:01:23 
26-Apr-19, 14:01:27 
26-Apr-19, 14:01:28 
26-Apr-19, 14:01:32 
26-Apr-19, 14:01:33 
26-Apr-19, 14:01:37 
26-Apr-19, 14:01:38 
26-Apr-19, 14:01:42 
26-Apr-19, 14:01:43 
26-Apr-19, 14:01:47 
26-Apr-19, 14:01:48 
26-Apr-19, 14:01:52 
26-Apr-19, 14:01:53 
26-Apr-19, 14:01:57 
26-Apr-19, 14:01:58 
26-Apr-19, 14:02:02 
26-Apr-19, 14:02:03 
26-Apr-19, 14:02:07 
26-Apr-19, 14:02:08 
26-Apr-19, 14:02:18 
26-Apr-19, 14:02:22 
26-Apr-19, 14:02:23 
26-Apr-19, 14:02:27 
26-Apr-19, 14:02:28 
26-Apr-19, 14:02:32 
26-Apr-19, 14:02:33 
26-Apr-19, 14:02:37 
26-Apr-19, 14:02:38 
26-Apr-19, 14:02:42 
26-Apr-19, 14:02:43 
26-Apr-19, 14:02:47 
26-Apr-19, 14:02:48 
26-Apr-19, 14:02:52 
26-Apr-19, 14:02:53 
26-Apr-19, 14:02:57 
26-Apr-19, 14:02:58 
26-Apr-19, 14:03:02 
26-Apr-19, 14:03:03 
26-Apr-19, 14:03:07 
26-Apr-19, 14:03:08 
26-Apr-19, 14:03:13 
26-Apr-19, 14:03:18 
26-Apr-19, 14:03:22 
26-Apr-19, 14:03:27 
26-Apr-19, 14:03:28 
26-Apr-19, 14:03:32 
26-Apr-19, 14:03:33 
26-Apr-19, 14:03:38 
26-Apr-19, 14:03:38 
26-Apr-19, 14:03:43 
26-Apr-19, 14:03:43 
26-Apr-19, 14:03:48 
26-Apr-19, 14:03:48 
26-Apr-19, 14:03:53 
26-Apr-19, 14:03:53 
26-Apr-19, 14:03:58 
26-Apr-19, 14:03:58 
26-Apr-19, 14:04:03 
26-Apr-19, 14:04:03 
26-Apr-19, 14:04:08 
26-Apr-19, 14:04:08 
26-Apr-19, 14:04:13 
26-Apr-19, 14:04:13 
26-Apr-19, 14:04:23 
26-Apr-19, 14:04:23 
26-Apr-19, 14:04:28 
26-Apr-19, 14:04:28 
26-Apr-19, 14:04:33 
26-Apr-19, 14:04:33 
26-Apr-19, 14:04:38 
26-Apr-19, 14:04:38 
26-Apr-19, 14:04:43 
26-Apr-19, 14:04:43 
26-Apr-19, 14:04:48 
26-Apr-19, 14:04:48 
26-Apr-19, 14:04:53 
26-Apr-19, 14:04:53 
26-Apr-19, 14:04:58 
26-Apr-19, 14:04:58 
26-Apr-19, 14:05:03 
26-Apr-19, 14:05:03 
26-Apr-19, 14:05:08 
26-Apr-19, 14:05:08 
26-Apr-19, 14:05:13 
26-Apr-19, 14:05:13 
26-Apr-19, 14:05:28 
26-Apr-19, 14:05:28 
26-Apr-19, 14:05:33 
26-Apr-19, 14:05:33 
26-Apr-19, 14:05:38 
26-Apr-19, 14:05:38 
26-Apr-19, 14:05:43 
26-Apr-19, 14:05:43 
26-Apr-19, 14:05:48 
26-Apr-19, 14:05:48 
26-Apr-19, 14:05:53 
26-Apr-19, 14:05:53 
26-Apr-19, 14:05:58 
26-Apr-19, 14:05:58 
26-Apr-19, 14:06:03 
26-Apr-19, 14:06:03 
26-Apr-19, 14:06:08 
26-Apr-19, 14:06:08 
26-Apr-19, 14:06:13 
26-Apr-19, 14:06:13 
26-Apr-19, 14:06:18 
26-Apr-19, 14:06:18 
26-Apr-19, 14:06:23 
26-Apr-19, 14:06:23 
26-Apr-19, 14:06:28 
26-Apr-19, 14:06:28 
26-Apr-19, 14:06:33 
26-Apr-19, 14:06:33 
26-Apr-19, 14:06:38 
26-Apr-19, 14:06:38 
26-Apr-19, 14:06:43 
26-Apr-19, 14:06:43 
26-Apr-19, 14:06:48 
26-Apr-19, 14:06:48 
26-Apr-19, 14:06:53 
26-Apr-19, 14:06:53 
26-Apr-19, 14:06:58 
26-Apr-19, 14:06:58 
26-Apr-19, 14:07:03 
26-Apr-19, 14:07:03 
26-Apr-19, 14:07:08 
26-Apr-19, 14:07:08 
26-Apr-19, 14:07:23 
26-Apr-19, 14:07:23 
26-Apr-19, 14:07:28 
26-Apr-19, 14:07:28 
26-Apr-19, 14:07:33 
26-Apr-19, 14:07:33 
26-Apr-19, 14:07:38 
26-Apr-19, 14:07:38 
26-Apr-19, 14:07:43 
26-Apr-19, 14:07:43 
26-Apr-19, 14:07:48 
26-Apr-19, 14:07:48 
26-Apr-19, 14:07:53 
26-Apr-19, 14:07:53 
26-Apr-19, 14:07:58 
26-Apr-19, 14:07:58 
26-Apr-19, 14:08:03 
26-Apr-19, 14:08:03 
26-Apr-19, 14:08:08 
26-Apr-19, 14:08:08 
26-Apr-19, 14:08:23 
26-Apr-19, 14:08:23 
26-Apr-19, 14:08:28 
26-Apr-19, 14:08:28 
26-Apr-19, 14:08:33 
26-Apr-19, 14:08:33 
26-Apr-19, 14:08:38 
26-Apr-19, 14:08:38 
26-Apr-19, 14:08:43 
26-Apr-19, 14:08:43 
26-Apr-19, 14:08:48 
26-Apr-19, 14:08:48 
26-Apr-19, 14:08:53 
26-Apr-19, 14:08:53 
26-Apr-19, 14:08:58 
26-Apr-19, 14:08:58 
26-Apr-19, 14:09:03 
26-Apr-19, 14:09:03 
26-Apr-19, 14:09:08 
26-Apr-19, 14:09:08 
26-Apr-19, 14:09:23 
26-Apr-19, 14:09:23 
26-Apr-19, 14:09:28 
26-Apr-19, 14:09:28 
26-Apr-19, 14:09:33 
26-Apr-19, 14:09:33 
26-Apr-19, 14:09:38 
26-Apr-19, 14:09:38 
26-Apr-19, 14:09:43 
26-Apr-19, 14:09:43 
26-Apr-19, 14:09:48 
26-Apr-19, 14:09:48 
26-Apr-19, 14:09:53 
26-Apr-19, 14:09:53 
26-Apr-19, 14:09:58 
26-Apr-19, 14:09:58 
26-Apr-19, 14:10:03 
26-Apr-19, 14:10:04 
26-Apr-19, 14:10:08 
26-Apr-19, 14:10:09 
26-Apr-19, 14:10:13 
26-Apr-19, 14:10:18 
26-Apr-19, 14:10:19 
26-Apr-19, 14:10:23 
26-Apr-19, 14:10:24 
26-Apr-19, 14:10:28 
26-Apr-19, 14:10:29 
26-Apr-19, 14:10:33 
26-Apr-19, 14:10:34 
26-Apr-19, 14:10:38 
26-Apr-19, 14:10:39 
26-Apr-19, 14:10:43 
26-Apr-19, 14:10:44 
26-Apr-19, 14:10:48 
26-Apr-19, 14:10:49 
26-Apr-19, 14:10:53 
26-Apr-19, 14:10:54 
26-Apr-19, 14:10:58 
26-Apr-19, 14:10:59 
26-Apr-19, 14:11:03 
26-Apr-19, 14:11:04 
26-Apr-19, 14:11:08 
26-Apr-19, 14:11:09 
26-Apr-19, 14:11:13 
26-Apr-19, 14:11:18 
26-Apr-19, 14:11:19 
26-Apr-19, 14:11:23 
26-Apr-19, 14:11:24 
26-Apr-19, 14:11:28 
26-Apr-19, 14:11:29 
26-Apr-19, 14:11:33 
26-Apr-19, 14:11:38 
26-Apr-19, 14:11:39 
26-Apr-19, 14:11:43 
26-Apr-19, 14:11:44 
26-Apr-19, 14:11:48 
26-Apr-19, 14:11:49 
26-Apr-19, 14:11:53 
26-Apr-19, 14:11:54 
26-Apr-19, 14:11:58 
26-Apr-19, 14:12:03 
26-Apr-19, 14:12:04 
26-Apr-19, 14:12:08 
26-Apr-19, 14:12:09 
26-Apr-19, 14:12:19 
26-Apr-19, 14:12:24 
26-Apr-19, 14:12:28 
26-Apr-19, 14:12:29 
26-Apr-19, 14:12:33 
26-Apr-19, 14:12:34 
26-Apr-19, 14:12:38 
26-Apr-19, 14:12:39 
26-Apr-19, 14:12:43 
26-Apr-19, 14:12:44 
26-Apr-19, 14:12:48 
26-Apr-19, 14:12:49 
26-Apr-19, 14:12:53 
26-Apr-19, 14:12:54 
26-Apr-19, 14:12:58 
26-Apr-19, 14:12:59 
26-Apr-19, 14:13:03 
26-Apr-19, 14:13:04 
26-Apr-19, 14:13:09 
26-Apr-19, 14:13:19 
26-Apr-19, 14:13:23 
26-Apr-19, 14:13:24 
26-Apr-19, 14:13:28 
26-Apr-19, 14:13:29 
26-Apr-19, 14:13:33 
26-Apr-19, 14:13:34 
26-Apr-19, 14:13:38 
26-Apr-19, 14:13:43 
26-Apr-19, 14:13:44 
26-Apr-19, 14:13:48 
26-Apr-19, 14:13:49 
26-Apr-19, 14:13:53 
26-Apr-19, 14:13:54 
26-Apr-19, 14:13:59 
26-Apr-19, 14:14:03 
26-Apr-19, 14:14:04 
26-Apr-19, 14:14:08 
26-Apr-19, 14:14:09 
26-Apr-19, 14:14:19 
26-Apr-19, 14:14:23 
26-Apr-19, 14:14:24 
26-Apr-19, 14:14:28 
26-Apr-19, 14:14:29 
26-Apr-19, 14:14:33 
26-Apr-19, 14:14:34 
26-Apr-19, 14:14:38 
26-Apr-19, 14:14:39 
26-Apr-19, 14:14:43 
26-Apr-19, 14:14:44 
26-Apr-19, 14:14:48 
26-Apr-19, 14:14:49 
26-Apr-19, 14:14:54 
26-Apr-19, 14:14:54 
26-Apr-19, 14:14:59 
26-Apr-19, 14:14:59 
26-Apr-19, 14:15:04 
26-Apr-19, 14:15:04 
26-Apr-19, 14:15:19 
26-Apr-19, 14:15:19 
26-Apr-19, 14:15:24 
26-Apr-19, 14:15:24 
26-Apr-19, 14:15:29 
26-Apr-19, 14:15:29 
26-Apr-19, 14:15:34 
26-Apr-19, 14:15:34 
26-Apr-19, 14:15:39 
26-Apr-19, 14:15:39 
26-Apr-19, 14:15:44 
26-Apr-19, 14:15:44 
26-Apr-19, 14:15:54 
26-Apr-19, 14:15:54 
26-Apr-19, 14:16:04 
26-Apr-19, 14:16:04 
26-Apr-19, 14:16:09 
26-Apr-19, 14:16:09 
26-Apr-19, 14:16:19 
26-Apr-19, 14:16:19 
26-Apr-19, 14:16:24 
26-Apr-19, 14:16:24 
26-Apr-19, 14:16:29 
26-Apr-19, 14:16:29 
26-Apr-19, 14:16:34 
26-Apr-19, 14:16:34 
26-Apr-19, 14:16:39 
26-Apr-19, 14:16:39 
26-Apr-19, 14:16:44 
26-Apr-19, 14:16:44 
26-Apr-19, 14:16:49 
26-Apr-19, 14:16:49 
26-Apr-19, 14:16:54 
26-Apr-19, 14:16:54 
26-Apr-19, 14:16:59 
26-Apr-19, 14:16:59 
26-Apr-19, 14:17:04 
26-Apr-19, 14:17:04 
26-Apr-19, 14:17:09 
26-Apr-19, 14:17:09 
26-Apr-19, 14:17:19 
26-Apr-19, 14:17:19 
26-Apr-19, 14:17:24 
26-Apr-19, 14:17:25 
26-Apr-19, 14:17:29 
26-Apr-19, 14:17:30 
26-Apr-19, 14:17:34 
26-Apr-19, 14:17:35 
26-Apr-19, 14:17:39 
26-Apr-19, 14:17:40 
26-Apr-19, 14:17:44 
26-Apr-19, 14:17:45 
26-Apr-19, 14:17:49 
26-Apr-19, 14:17:50 
26-Apr-19, 14:17:54 
26-Apr-19, 14:17:59 
26-Apr-19, 14:18:00 
26-Apr-19, 14:18:04 
26-Apr-19, 14:18:10 
26-Apr-19, 14:18:20 
26-Apr-19, 14:18:24 
26-Apr-19, 14:18:25 
26-Apr-19, 14:18:29 
26-Apr-19, 14:18:30 
26-Apr-19, 14:18:34 
26-Apr-19, 14:18:35 
26-Apr-19, 14:18:39 
26-Apr-19, 14:18:40 
26-Apr-19, 14:18:44 
26-Apr-19, 14:18:45 
26-Apr-19, 14:18:49 
26-Apr-19, 14:18:50 
26-Apr-19, 14:18:54 
26-Apr-19, 14:18:55 
26-Apr-19, 14:18:59 
26-Apr-19, 14:19:00 
26-Apr-19, 14:19:04 
26-Apr-19, 14:19:05 
26-Apr-19, 14:19:09 
26-Apr-19, 14:19:10 
26-Apr-19, 14:19:19 
26-Apr-19, 14:19:20 
26-Apr-19, 14:19:24 
26-Apr-19, 14:19:25 
26-Apr-19, 14:19:29 
26-Apr-19, 14:19:30 
26-Apr-19, 14:19:34 
26-Apr-19, 14:19:35 
26-Apr-19, 14:19:40 
26-Apr-19, 14:19:40 
26-Apr-19, 14:19:50 
26-Apr-19, 14:19:50 
26-Apr-19, 14:19:55 
26-Apr-19, 14:19:55 
26-Apr-19, 14:20:00 
26-Apr-19, 14:20:00 
26-Apr-19, 14:20:05 
26-Apr-19, 14:20:05 
26-Apr-19, 14:20:10 
26-Apr-19, 14:20:10 
26-Apr-19, 14:20:20 
26-Apr-19, 14:20:20 
26-Apr-19, 14:20:25 
26-Apr-19, 14:20:25 
26-Apr-19, 14:20:30 
26-Apr-19, 14:20:30 
26-Apr-19, 14:20:35 
26-Apr-19, 14:20:35 
26-Apr-19, 14:20:40 
26-Apr-19, 14:20:40 
26-Apr-19, 14:20:45 
26-Apr-19, 14:20:45 
26-Apr-19, 14:20:50 
26-Apr-19, 14:20:50 
26-Apr-19, 14:20:55 
26-Apr-19, 14:20:55 
26-Apr-19, 14:21:00 
26-Apr-19, 14:21:00 
26-Apr-19, 14:21:05 
26-Apr-19, 14:21:05 
26-Apr-19, 14:21:10 
26-Apr-19, 14:21:10 
26-Apr-19, 14:21:20 
26-Apr-19, 14:21:21 
26-Apr-19, 14:21:25 
26-Apr-19, 14:21:26 
26-Apr-19, 14:21:30 
26-Apr-19, 14:21:31 
26-Apr-19, 14:21:35 
26-Apr-19, 14:21:36 
26-Apr-19, 14:21:40 
26-Apr-19, 14:21:41 
26-Apr-19, 14:21:45 
26-Apr-19, 14:21:46 
26-Apr-19, 14:21:50 
26-Apr-19, 14:21:51 
26-Apr-19, 14:21:55 
26-Apr-19, 14:21:56 
26-Apr-19, 14:22:00 
26-Apr-19, 14:22:01 
26-Apr-19, 14:22:05 
26-Apr-19, 14:22:06 
26-Apr-19, 14:22:10 
26-Apr-19, 14:22:11 
26-Apr-19, 14:22:20 
26-Apr-19, 14:22:21 
26-Apr-19, 14:22:25 
26-Apr-19, 14:22:26 
26-Apr-19, 14:22:30 
26-Apr-19, 14:22:31 
26-Apr-19, 14:22:35 
26-Apr-19, 14:22:36 
26-Apr-19, 14:22:40 
26-Apr-19, 14:22:41 
26-Apr-19, 14:22:45 
26-Apr-19, 14:22:46 
26-Apr-19, 14:22:50 
26-Apr-19, 14:22:51 
26-Apr-19, 14:22:56 
26-Apr-19, 14:23:00 
26-Apr-19, 14:23:01 
26-Apr-19, 14:23:05 
26-Apr-19, 14:23:06 
26-Apr-19, 14:23:10 
26-Apr-19, 14:23:11 
26-Apr-19, 14:23:20 
26-Apr-19, 14:23:21 
26-Apr-19, 14:23:25 
26-Apr-19, 14:23:26 
26-Apr-19, 14:23:30 
26-Apr-19, 14:23:31 
26-Apr-19, 14:23:35 
26-Apr-19, 14:23:36 
26-Apr-19, 14:23:40 
26-Apr-19, 14:23:41 
26-Apr-19, 14:23:45 
26-Apr-19, 14:23:46 
26-Apr-19, 14:23:50 
26-Apr-19, 14:23:51 
26-Apr-19, 14:23:55 
26-Apr-19, 14:23:56 
26-Apr-19, 14:24:00 
26-Apr-19, 14:24:01 
26-Apr-19, 14:24:05 
26-Apr-19, 14:24:06 
26-Apr-19, 14:24:10 
26-Apr-19, 14:24:11 
26-Apr-19, 14:24:16 
26-Apr-19, 14:24:20 
26-Apr-19, 14:24:21 
26-Apr-19, 14:24:25 
26-Apr-19, 14:24:26 
26-Apr-19, 14:24:30 
26-Apr-19, 14:24:31 
26-Apr-19, 14:24:35 
26-Apr-19, 14:24:36 
26-Apr-19, 14:24:40 
26-Apr-19, 14:24:41 
26-Apr-19, 14:24:45 
26-Apr-19, 14:24:46 
26-Apr-19, 14:24:50 
26-Apr-19, 14:24:51 
26-Apr-19, 14:24:56 
26-Apr-19, 14:25:01 
26-Apr-19, 14:25:01 
26-Apr-19, 14:25:11 
26-Apr-19, 14:25:11 
26-Apr-19, 14:25:21 
26-Apr-19, 14:25:21 
26-Apr-19, 14:25:26 
26-Apr-19, 14:25:26 
26-Apr-19, 14:25:31 
26-Apr-19, 14:25:32 
26-Apr-19, 14:25:36 
26-Apr-19, 14:25:37 
26-Apr-19, 14:25:42 
26-Apr-19, 14:25:46 
26-Apr-19, 14:25:47 
26-Apr-19, 14:25:51 
26-Apr-19, 14:25:52 
26-Apr-19, 14:25:56 
26-Apr-19, 14:25:57 
26-Apr-19, 14:26:01 
26-Apr-19, 14:26:02 
26-Apr-19, 14:26:06 
26-Apr-19, 14:26:07 
26-Apr-19, 14:26:11 
26-Apr-19, 14:26:21 
26-Apr-19, 14:26:22 
26-Apr-19, 14:26:26 
26-Apr-19, 14:26:27 
26-Apr-19, 14:26:31 
26-Apr-19, 14:26:32 
26-Apr-19, 14:26:36 
26-Apr-19, 14:26:37 
26-Apr-19, 14:26:41 
26-Apr-19, 14:26:42 
26-Apr-19, 14:26:46 
26-Apr-19, 14:26:47 
26-Apr-19, 14:26:51 
26-Apr-19, 14:26:52 
26-Apr-19, 14:26:56 
26-Apr-19, 14:26:57 
26-Apr-19, 14:27:01 
26-Apr-19, 14:27:02 
26-Apr-19, 14:27:06 
26-Apr-19, 14:27:07 
26-Apr-19, 14:27:11 
26-Apr-19, 14:27:16 
26-Apr-19, 14:27:21 
26-Apr-19, 14:27:22 
26-Apr-19, 14:27:26 
26-Apr-19, 14:27:27 
26-Apr-19, 14:27:31 
26-Apr-19, 14:27:32 
26-Apr-19, 14:27:36 
26-Apr-19, 14:27:37 
26-Apr-19, 14:27:41 
26-Apr-19, 14:27:42 
26-Apr-19, 14:27:46 
26-Apr-19, 14:27:47 
26-Apr-19, 14:27:51 
26-Apr-19, 14:27:52 
26-Apr-19, 14:27:56 
26-Apr-19, 14:27:57 
26-Apr-19, 14:28:02 
26-Apr-19, 14:28:06 
26-Apr-19, 14:28:07 
26-Apr-19, 14:28:11 
26-Apr-19, 14:28:16 
26-Apr-19, 14:28:21 
26-Apr-19, 14:28:22 
26-Apr-19, 14:28:26 
26-Apr-19, 14:28:27 
26-Apr-19, 14:28:31 
26-Apr-19, 14:28:32 
26-Apr-19, 14:28:36 
26-Apr-19, 14:28:37 
26-Apr-19, 14:28:41 
26-Apr-19, 14:28:42 
26-Apr-19, 14:28:46 
26-Apr-19, 14:28:47 
26-Apr-19, 14:28:51 
26-Apr-19, 14:28:52 
26-Apr-19, 14:28:56 
26-Apr-19, 14:28:57 
26-Apr-19, 14:29:01 
26-Apr-19, 14:29:02 
26-Apr-19, 14:29:06 
26-Apr-19, 14:29:07 
26-Apr-19, 14:29:11 
26-Apr-19, 14:29:16 
26-Apr-19, 14:29:21 
26-Apr-19, 14:29:22 
26-Apr-19, 14:29:26 
26-Apr-19, 14:29:27 
26-Apr-19, 14:29:31 
26-Apr-19, 14:29:32 
26-Apr-19, 14:29:36 
26-Apr-19, 14:29:37 
26-Apr-19, 14:29:41 
26-Apr-19, 14:29:42 
26-Apr-19, 14:29:46 
26-Apr-19, 14:29:47 
26-Apr-19, 14:29:51 
26-Apr-19, 14:29:52 
26-Apr-19, 14:29:56 
26-Apr-19, 14:29:57 
26-Apr-19, 14:30:01 
26-Apr-19, 14:30:02 
26-Apr-19, 14:30:06 
26-Apr-19, 14:30:07 
26-Apr-19, 14:30:11 
26-Apr-19, 14:30:16 
26-Apr-19, 14:30:21 
26-Apr-19, 14:30:22 
26-Apr-19, 14:30:26 
26-Apr-19, 14:30:27 
26-Apr-19, 14:30:31 
26-Apr-19, 14:30:32 
26-Apr-19, 14:30:36 
26-Apr-19, 14:30:37 
26-Apr-19, 14:30:42 
26-Apr-19, 14:30:46 
26-Apr-19, 14:30:47 
26-Apr-19, 14:30:51 
26-Apr-19, 14:30:52 
26-Apr-19, 14:30:56 
26-Apr-19, 14:30:57 
26-Apr-19, 14:31:01 
26-Apr-19, 14:31:02 
26-Apr-19, 14:31:06 
26-Apr-19, 14:31:07 
26-Apr-19, 14:31:11 
26-Apr-19, 14:31:16 
26-Apr-19, 14:31:17 
26-Apr-19, 14:31:21 
26-Apr-19, 14:31:22 
26-Apr-19, 14:31:26 
26-Apr-19, 14:31:27 
26-Apr-19, 14:31:31 
26-Apr-19, 14:31:32 
26-Apr-19, 14:31:36 
26-Apr-19, 14:31:37 
26-Apr-19, 14:31:41 
26-Apr-19, 14:31:42 
26-Apr-19, 14:31:46 
26-Apr-19, 14:31:47 
26-Apr-19, 14:31:52 
26-Apr-19, 14:31:56 
26-Apr-19, 14:31:57 
26-Apr-19, 14:32:01 
26-Apr-19, 14:32:02 
26-Apr-19, 14:32:06 
26-Apr-19, 14:32:07 
26-Apr-19, 14:32:11 
26-Apr-19, 14:32:21 
26-Apr-19, 14:32:22 
26-Apr-19, 14:32:26 
26-Apr-19, 14:32:27 
26-Apr-19, 14:32:31 
26-Apr-19, 14:32:32 
26-Apr-19, 14:32:36 
26-Apr-19, 14:32:37 
26-Apr-19, 14:32:41 
26-Apr-19, 14:32:42 
26-Apr-19, 14:32:46 
26-Apr-19, 14:32:47 
26-Apr-19, 14:32:52 
26-Apr-19, 14:32:56 
26-Apr-19, 14:32:57 
26-Apr-19, 14:33:01 
26-Apr-19, 14:33:02 
26-Apr-19, 14:33:06 
26-Apr-19, 14:33:07 
26-Apr-19, 14:33:11 
26-Apr-19, 14:33:21 
26-Apr-19, 14:33:22 
26-Apr-19, 14:33:26 
26-Apr-19, 14:33:27 
26-Apr-19, 14:33:31 
26-Apr-19, 14:33:32 
26-Apr-19, 14:33:37 
26-Apr-19, 14:33:38 
26-Apr-19, 14:33:42 
26-Apr-19, 14:33:43 
26-Apr-19, 14:33:47 
26-Apr-19, 14:33:48 
26-Apr-19, 14:33:53 
26-Apr-19, 14:33:57 
26-Apr-19, 14:33:58 
26-Apr-19, 14:34:02 
26-Apr-19, 14:34:03 
26-Apr-19, 14:34:07 
26-Apr-19, 14:34:08 
26-Apr-19, 14:34:13 
26-Apr-19, 14:34:22 
26-Apr-19, 14:34:23 
26-Apr-19, 14:34:27 
26-Apr-19, 14:34:28 
26-Apr-19, 14:34:32 
26-Apr-19, 14:34:33 
26-Apr-19, 14:34:37 
26-Apr-19, 14:34:38 
26-Apr-19, 14:34:42 
26-Apr-19, 14:34:43 
26-Apr-19, 14:34:47 
26-Apr-19, 14:34:48 
26-Apr-19, 14:34:52 
26-Apr-19, 14:34:53 
26-Apr-19, 14:34:57 
26-Apr-19, 14:34:58 
26-Apr-19, 14:35:02 
26-Apr-19, 14:35:03 
26-Apr-19, 14:35:07 
26-Apr-19, 14:35:08 
26-Apr-19, 14:35:17 
26-Apr-19, 14:35:18 
26-Apr-19, 14:35:22 
26-Apr-19, 14:35:27 
26-Apr-19, 14:35:28 
26-Apr-19, 14:35:32 
26-Apr-19, 14:35:33 
26-Apr-19, 14:35:37 
26-Apr-19, 14:35:38 
26-Apr-19, 14:35:42 
26-Apr-19, 14:35:43 
26-Apr-19, 14:35:47 
26-Apr-19, 14:35:48 
26-Apr-19, 14:35:52 
26-Apr-19, 14:35:53 
26-Apr-19, 14:35:57 
26-Apr-19, 14:35:58 
26-Apr-19, 14:36:02 
26-Apr-19, 14:36:03 
26-Apr-19, 14:36:07 
26-Apr-19, 14:36:08 
26-Apr-19, 14:36:22 
26-Apr-19, 14:36:23 
26-Apr-19, 14:36:27 
26-Apr-19, 14:36:28 
26-Apr-19, 14:36:32 
26-Apr-19, 14:36:33 
26-Apr-19, 14:36:37 
26-Apr-19, 14:36:38 
26-Apr-19, 14:36:42 
26-Apr-19, 14:36:43 
26-Apr-19, 14:36:47 
26-Apr-19, 14:36:48 
26-Apr-19, 14:36:52 
26-Apr-19, 14:36:57 
26-Apr-19, 14:36:58 
26-Apr-19, 14:37:02 
26-Apr-19, 14:37:03 
26-Apr-19, 14:37:07 
26-Apr-19, 14:37:08 
26-Apr-19, 14:37:13 
26-Apr-19, 14:37:17 
26-Apr-19, 14:37:18 
26-Apr-19, 14:37:22 
26-Apr-19, 14:37:23 
26-Apr-19, 14:37:27 
26-Apr-19, 14:37:28 
26-Apr-19, 14:37:32 
26-Apr-19, 14:37:33 
26-Apr-19, 14:37:37 
26-Apr-19, 14:37:38 
26-Apr-19, 14:37:42 
26-Apr-19, 14:37:43 
26-Apr-19, 14:37:47 
26-Apr-19, 14:37:48 
26-Apr-19, 14:37:52 
26-Apr-19, 14:37:53 
26-Apr-19, 14:37:57 
26-Apr-19, 14:37:58 
26-Apr-19, 14:38:02 
26-Apr-19, 14:38:07 
26-Apr-19, 14:38:18 
26-Apr-19, 14:38:22 
26-Apr-19, 14:38:23 
26-Apr-19, 14:38:27 
26-Apr-19, 14:38:28 
26-Apr-19, 14:38:32 
26-Apr-19, 14:38:33 
26-Apr-19, 14:38:37 
26-Apr-19, 14:38:38 
26-Apr-19, 14:38:42 
26-Apr-19, 14:38:43 
26-Apr-19, 14:38:47 
26-Apr-19, 14:38:48 
26-Apr-19, 14:38:52 
26-Apr-19, 14:38:53 
26-Apr-19, 14:38:58 
26-Apr-19, 14:39:02 
26-Apr-19, 14:39:07 
26-Apr-19, 14:39:08 
26-Apr-19, 14:39:13 
26-Apr-19, 14:39:22 
26-Apr-19, 14:39:23 
26-Apr-19, 14:39:27 
26-Apr-19, 14:39:28 
26-Apr-19, 14:39:32 
26-Apr-19, 14:39:33 
26-Apr-19, 14:39:37 
26-Apr-19, 14:39:38 
26-Apr-19, 14:39:42 
26-Apr-19, 14:39:43 
26-Apr-19, 14:39:47 
26-Apr-19, 14:39:48 
26-Apr-19, 14:39:52 
26-Apr-19, 14:39:53 
26-Apr-19, 14:39:57 
26-Apr-19, 14:39:58 
26-Apr-19, 14:40:02 
26-Apr-19, 14:40:03 
26-Apr-19, 14:40:07 
26-Apr-19, 14:40:18 
26-Apr-19, 14:40:22 
26-Apr-19, 14:40:23 
26-Apr-19, 14:40:27 
26-Apr-19, 14:40:28 
26-Apr-19, 14:40:32 
26-Apr-19, 14:40:33 
26-Apr-19, 14:40:37 
26-Apr-19, 14:40:38 
26-Apr-19, 14:40:42 
26-Apr-19, 14:40:43 
26-Apr-19, 14:40:47 
26-Apr-19, 14:40:48 
26-Apr-19, 14:40:52 
26-Apr-19, 14:40:53 
26-Apr-19, 14:40:57 
26-Apr-19, 14:40:58 
26-Apr-19, 14:41:02 
26-Apr-19, 14:41:03 
26-Apr-19, 14:41:07 
26-Apr-19, 14:41:08 
26-Apr-19, 14:41:17 
26-Apr-19, 14:41:22 
26-Apr-19, 14:41:23 
26-Apr-19, 14:41:27 
26-Apr-19, 14:41:28 
26-Apr-19, 14:41:32 
26-Apr-19, 14:41:33 
26-Apr-19, 14:41:37 
26-Apr-19, 14:41:38 
26-Apr-19, 14:41:42 
26-Apr-19, 14:41:43 
26-Apr-19, 14:41:47 
26-Apr-19, 14:41:48 
26-Apr-19, 14:41:52 
26-Apr-19, 14:41:57 
26-Apr-19, 14:41:58 
26-Apr-19, 14:42:02 
26-Apr-19, 14:42:03 
26-Apr-19, 14:42:07 
26-Apr-19, 14:42:08 
26-Apr-19, 14:42:17 
26-Apr-19, 14:42:18 
26-Apr-19, 14:42:22 
26-Apr-19, 14:42:27 
26-Apr-19, 14:42:28 
26-Apr-19, 14:42:32 
26-Apr-19, 14:42:33 
26-Apr-19, 14:42:37 
26-Apr-19, 14:42:38 
26-Apr-19, 14:42:42 
26-Apr-19, 14:42:43 
26-Apr-19, 14:42:47 
26-Apr-19, 14:42:48 
26-Apr-19, 14:42:52 
26-Apr-19, 14:42:53 
26-Apr-19, 14:42:57 
26-Apr-19, 14:42:58 
26-Apr-19, 14:43:02 
26-Apr-19, 14:43:03 
26-Apr-19, 14:43:07 
26-Apr-19, 14:43:08 
26-Apr-19, 14:43:18 
26-Apr-19, 14:43:22 
26-Apr-19, 14:43:23 
26-Apr-19, 14:43:27 
26-Apr-19, 14:43:28 
26-Apr-19, 14:43:32 
26-Apr-19, 14:43:33 
26-Apr-19, 14:43:37 
26-Apr-19, 14:43:38 
26-Apr-19, 14:43:42 
26-Apr-19, 14:43:43 
26-Apr-19, 14:43:47 
26-Apr-19, 14:43:48 
26-Apr-19, 14:43:52 
26-Apr-19, 14:43:53 
26-Apr-19, 14:43:57 
26-Apr-19, 14:43:58 
26-Apr-19, 14:44:02 
26-Apr-19, 14:44:03 
26-Apr-19, 14:44:07 
26-Apr-19, 14:44:08 
26-Apr-19, 14:44:13 
26-Apr-19, 14:44:18 
26-Apr-19, 14:44:22 
26-Apr-19, 14:44:23 
26-Apr-19, 14:44:28 
26-Apr-19, 14:44:32 
26-Apr-19, 14:44:33 
26-Apr-19, 14:44:37 
26-Apr-19, 14:44:38 
26-Apr-19, 14:44:42 
26-Apr-19, 14:44:43 
26-Apr-19, 14:44:47 
26-Apr-19, 14:44:48 
26-Apr-19, 14:44:52 
26-Apr-19, 14:44:53 
26-Apr-19, 14:44:57 
26-Apr-19, 14:44:58 
26-Apr-19, 14:45:02 
26-Apr-19, 14:45:03 
26-Apr-19, 14:45:07 
26-Apr-19, 14:45:08 
26-Apr-19, 14:45:18 
26-Apr-19, 14:45:22 
26-Apr-19, 14:45:23 
26-Apr-19, 14:45:27 
26-Apr-19, 14:45:28 
26-Apr-19, 14:45:32 
26-Apr-19, 14:45:33 
26-Apr-19, 14:45:37 
26-Apr-19, 14:45:38 
26-Apr-19, 14:45:42 
26-Apr-19, 14:45:43 
26-Apr-19, 14:45:47 
26-Apr-19, 14:45:48 
26-Apr-19, 14:45:52 
26-Apr-19, 14:45:53 
26-Apr-19, 14:45:57 
26-Apr-19, 14:45:58 
26-Apr-19, 14:46:02 
26-Apr-19, 14:46:03 
26-Apr-19, 14:46:07 
26-Apr-19, 14:46:08 
26-Apr-19, 14:46:18 
26-Apr-19, 14:46:22 
26-Apr-19, 14:46:23 
26-Apr-19, 14:46:27 
26-Apr-19, 14:46:28 
26-Apr-19, 14:46:32 
26-Apr-19, 14:46:33 
26-Apr-19, 14:46:37 
26-Apr-19, 14:46:38 
26-Apr-19, 14:46:43 
26-Apr-19, 14:46:47 
26-Apr-19, 14:46:48 
26-Apr-19, 14:46:52 
26-Apr-19, 14:46:53 
26-Apr-19, 14:46:57 
26-Apr-19, 14:46:58 
26-Apr-19, 14:47:02 
26-Apr-19, 14:47:03 
26-Apr-19, 14:47:07 
26-Apr-19, 14:47:08 
26-Apr-19, 14:47:22 
26-Apr-19, 14:47:23 
26-Apr-19, 14:47:27 
26-Apr-19, 14:47:28 
26-Apr-19, 14:47:32 
26-Apr-19, 14:47:33 
26-Apr-19, 14:47:37 
26-Apr-19, 14:47:38 
26-Apr-19, 14:47:42 
26-Apr-19, 14:47:43 
26-Apr-19, 14:47:47 
26-Apr-19, 14:47:48 
26-Apr-19, 14:47:52 
26-Apr-19, 14:47:53 
26-Apr-19, 14:47:57 
26-Apr-19, 14:47:58 
26-Apr-19, 14:48:02 
26-Apr-19, 14:48:03 
26-Apr-19, 14:48:07 
26-Apr-19, 14:48:08 
26-Apr-19, 14:48:13 
26-Apr-19, 14:48:22 
26-Apr-19, 14:48:23 
26-Apr-19, 14:48:27 
26-Apr-19, 14:48:28 
26-Apr-19, 14:48:32 
26-Apr-19, 14:48:33 
26-Apr-19, 14:48:37 
26-Apr-19, 14:48:38 
26-Apr-19, 14:48:42 
26-Apr-19, 14:48:43 
26-Apr-19, 14:48:47 
26-Apr-19, 14:48:48 
26-Apr-19, 14:48:52 
26-Apr-19, 14:48:53 
26-Apr-19, 14:48:57 
26-Apr-19, 14:48:58 
26-Apr-19, 14:49:02 
26-Apr-19, 14:49:07 
26-Apr-19, 14:49:08 
26-Apr-19, 14:49:18 
26-Apr-19, 14:49:22 
26-Apr-19, 14:49:23 
26-Apr-19, 14:49:27 
26-Apr-19, 14:49:28 
26-Apr-19, 14:49:32 
26-Apr-19, 14:49:33 
26-Apr-19, 14:49:37 
26-Apr-19, 14:49:38 
26-Apr-19, 14:49:42 
26-Apr-19, 14:49:43 
26-Apr-19, 14:49:47 
26-Apr-19, 14:49:48 
26-Apr-19, 14:49:52 
26-Apr-19, 14:49:53 
26-Apr-19, 14:49:57 
26-Apr-19, 14:49:58 
26-Apr-19, 14:50:02 
26-Apr-19, 14:50:03 
26-Apr-19, 14:50:07 
26-Apr-19, 14:50:08 
26-Apr-19, 14:50:13 
26-Apr-19, 14:50:22 
26-Apr-19, 14:50:23 
26-Apr-19, 14:50:27 
26-Apr-19, 14:50:28 
26-Apr-19, 14:50:32 
26-Apr-19, 14:50:33 
26-Apr-19, 14:50:37 
26-Apr-19, 14:50:38 
26-Apr-19, 14:50:42 
26-Apr-19, 14:50:43 
26-Apr-19, 14:50:47 
26-Apr-19, 14:50:48 
26-Apr-19, 14:50:52 
26-Apr-19, 14:50:53 
26-Apr-19, 14:50:57 
26-Apr-19, 14:50:58 
26-Apr-19, 14:51:02 
26-Apr-19, 14:51:03 
26-Apr-19, 14:51:07 
26-Apr-19, 14:51:08 
26-Apr-19, 14:51:22 
26-Apr-19, 14:51:23 
26-Apr-19, 14:51:27 
26-Apr-19, 14:51:28 
26-Apr-19, 14:51:32 
26-Apr-19, 14:51:33 
26-Apr-19, 14:51:37 
26-Apr-19, 14:51:38 
26-Apr-19, 14:51:42 
26-Apr-19, 14:51:43 
26-Apr-19, 14:51:47 
26-Apr-19, 14:51:48 
26-Apr-19, 14:51:52 
26-Apr-19, 14:51:53 
26-Apr-19, 14:51:57 
26-Apr-19, 14:51:58 
26-Apr-19, 14:52:02 
26-Apr-19, 14:52:03 
26-Apr-19, 14:52:07 
26-Apr-19, 14:52:08 
26-Apr-19, 14:52:17 
26-Apr-19, 14:52:22 
26-Apr-19, 14:52:23 
26-Apr-19, 14:52:27 
26-Apr-19, 14:52:28 
26-Apr-19, 14:52:32 
26-Apr-19, 14:52:33 
26-Apr-19, 14:52:37 
26-Apr-19, 14:52:38 
26-Apr-19, 14:52:42 
26-Apr-19, 14:52:43 
26-Apr-19, 14:52:47 
26-Apr-19, 14:52:48 
26-Apr-19, 14:52:52 
26-Apr-19, 14:52:53 
26-Apr-19, 14:52:57 
26-Apr-19, 14:52:58 
26-Apr-19, 14:53:02 
26-Apr-19, 14:53:03 
26-Apr-19, 14:53:07 
26-Apr-19, 14:53:08 
26-Apr-19, 14:53:13 
26-Apr-19, 14:53:18 
26-Apr-19, 14:53:22 
26-Apr-19, 14:53:23 
26-Apr-19, 14:53:27 
26-Apr-19, 14:53:28 
26-Apr-19, 14:53:32 
26-Apr-19, 14:53:33 
26-Apr-19, 14:53:37 
26-Apr-19, 14:53:38 
26-Apr-19, 14:53:42 
26-Apr-19, 14:53:43 
26-Apr-19, 14:53:47 
26-Apr-19, 14:53:48 
26-Apr-19, 14:53:52 
26-Apr-19, 14:53:53 
26-Apr-19, 14:53:57 
26-Apr-19, 14:53:58 
26-Apr-19, 14:54:03 
26-Apr-19, 14:54:03 
26-Apr-19, 14:54:08 
26-Apr-19, 14:54:08 
26-Apr-19, 14:54:18 
26-Apr-19, 14:54:18 
26-Apr-19, 14:54:23 
26-Apr-19, 14:54:23 
26-Apr-19, 14:54:28 
26-Apr-19, 14:54:28 
26-Apr-19, 14:54:33 
26-Apr-19, 14:54:33 
26-Apr-19, 14:54:38 
26-Apr-19, 14:54:38 
26-Apr-19, 14:54:43 
26-Apr-19, 14:54:43 
26-Apr-19, 14:54:48 
26-Apr-19, 14:54:48 
26-Apr-19, 14:54:53 
26-Apr-19, 14:54:53 
26-Apr-19, 14:54:58 
26-Apr-19, 14:54:58 
26-Apr-19, 14:55:03 
26-Apr-19, 14:55:03 
26-Apr-19, 14:55:08 
26-Apr-19, 14:55:08 
26-Apr-19, 14:55:13 
26-Apr-19, 14:55:13 
26-Apr-19, 14:55:18 
26-Apr-19, 14:55:18 
26-Apr-19, 14:55:23 
26-Apr-19, 14:55:23 
26-Apr-19, 14:55:28 
26-Apr-19, 14:55:28 
26-Apr-19, 14:55:33 
26-Apr-19, 14:55:33 
26-Apr-19, 14:55:38 
26-Apr-19, 14:55:38 
26-Apr-19, 14:55:43 
26-Apr-19, 14:55:43 
26-Apr-19, 14:55:48 
26-Apr-19, 14:55:48 
26-Apr-19, 14:55:53 
26-Apr-19, 14:55:53 
26-Apr-19, 14:55:58 
26-Apr-19, 14:55:58 
26-Apr-19, 14:56:03 
26-Apr-19, 14:56:03 
26-Apr-19, 14:56:08 
26-Apr-19, 14:56:08 
26-Apr-19, 14:56:23 
26-Apr-19, 14:56:23 
26-Apr-19, 14:56:28 
26-Apr-19, 14:56:28 
26-Apr-19, 14:56:33 
26-Apr-19, 14:56:33 
26-Apr-19, 14:56:38 
26-Apr-19, 14:56:38 
26-Apr-19, 14:56:43 
26-Apr-19, 14:56:43 
26-Apr-19, 14:56:48 
26-Apr-19, 14:56:48 
26-Apr-19, 14:56:53 
26-Apr-19, 14:56:53 
26-Apr-19, 14:56:58 
26-Apr-19, 14:56:58 
26-Apr-19, 14:57:03 
26-Apr-19, 14:57:03 
26-Apr-19, 14:57:08 
26-Apr-19, 14:57:08 
26-Apr-19, 14:57:18 
26-Apr-19, 14:57:18 
26-Apr-19, 14:57:23 
26-Apr-19, 14:57:23 
26-Apr-19, 14:57:28 
26-Apr-19, 14:57:28 
26-Apr-19, 14:57:38 
26-Apr-19, 14:57:38 
26-Apr-19, 14:57:43 
26-Apr-19, 14:57:43 
26-Apr-19, 14:57:48 
26-Apr-19, 14:57:48 
26-Apr-19, 14:57:53 
26-Apr-19, 14:57:53 
26-Apr-19, 14:57:58 
26-Apr-19, 14:57:58 
26-Apr-19, 14:58:03 
26-Apr-19, 14:58:03 
26-Apr-19, 14:58:18 
26-Apr-19, 14:58:18 
26-Apr-19, 14:58:23 
26-Apr-19, 14:58:23 
26-Apr-19, 14:58:28 
26-Apr-19, 14:58:28 
26-Apr-19, 14:58:33 
26-Apr-19, 14:58:33 
26-Apr-19, 14:58:38 
26-Apr-19, 14:58:38 
26-Apr-19, 14:58:43 
26-Apr-19, 14:58:43 
26-Apr-19, 14:58:48 
26-Apr-19, 14:58:48 
26-Apr-19, 14:58:53 
26-Apr-19, 14:58:53 
26-Apr-19, 14:58:58 
26-Apr-19, 14:58:58 
26-Apr-19, 14:59:03 
26-Apr-19, 14:59:03 
26-Apr-19, 14:59:08 
26-Apr-19, 14:59:08 
26-Apr-19, 14:59:23 
26-Apr-19, 14:59:23 
26-Apr-19, 14:59:28 
26-Apr-19, 14:59:28 
26-Apr-19, 14:59:33 
26-Apr-19, 14:59:33 
26-Apr-19, 14:59:38 
26-Apr-19, 14:59:38 
26-Apr-19, 14:59:43 
26-Apr-19, 14:59:43 
26-Apr-19, 14:59:48 
26-Apr-19, 14:59:48 
26-Apr-19, 14:59:53 
26-Apr-19, 14:59:53 
26-Apr-19, 14:59:58 
26-Apr-19, 14:59:58 
26-Apr-19, 15:00:08 
26-Apr-19, 15:00:08 
26-Apr-19, 15:00:18 
26-Apr-19, 15:00:18 
26-Apr-19, 15:00:23 
26-Apr-19, 15:00:23 
26-Apr-19, 15:00:28 
26-Apr-19, 15:00:28 
26-Apr-19, 15:00:33 
26-Apr-19, 15:00:33 
26-Apr-19, 15:00:38 
26-Apr-19, 15:00:38 
26-Apr-19, 15:00:43 
26-Apr-19, 15:00:43 
26-Apr-19, 15:00:48 
26-Apr-19, 15:00:49 
26-Apr-19, 15:00:53 
26-Apr-19, 15:00:54 
26-Apr-19, 15:00:58 
26-Apr-19, 15:00:59 
26-Apr-19, 15:01:03 
26-Apr-19, 15:01:04 
26-Apr-19, 15:01:08 
26-Apr-19, 15:01:09 
26-Apr-19, 15:01:14 
26-Apr-19, 15:01:18 
26-Apr-19, 15:01:19 
26-Apr-19, 15:01:23 
26-Apr-19, 15:01:24 
26-Apr-19, 15:01:28 
26-Apr-19, 15:01:29 
26-Apr-19, 15:01:33 
26-Apr-19, 15:01:34 
26-Apr-19, 15:01:38 
26-Apr-19, 15:01:39 
26-Apr-19, 15:01:43 
26-Apr-19, 15:01:44 
26-Apr-19, 15:01:48 
26-Apr-19, 15:01:49 
26-Apr-19, 15:01:53 
26-Apr-19, 15:01:54 
26-Apr-19, 15:01:58 
26-Apr-19, 15:01:59 
26-Apr-19, 15:02:03 
26-Apr-19, 15:02:04 
26-Apr-19, 15:02:08 
26-Apr-19, 15:02:09 
26-Apr-19, 15:02:13 
26-Apr-19, 15:02:19 
26-Apr-19, 15:02:23 
26-Apr-19, 15:02:24 
26-Apr-19, 15:02:28 
26-Apr-19, 15:02:29 
26-Apr-19, 15:02:33 
26-Apr-19, 15:02:34 
26-Apr-19, 15:02:38 
26-Apr-19, 15:02:39 
26-Apr-19, 15:02:43 
26-Apr-19, 15:02:44 
26-Apr-19, 15:02:48 
26-Apr-19, 15:02:49 
26-Apr-19, 15:02:53 
26-Apr-19, 15:02:54 
26-Apr-19, 15:02:58 
26-Apr-19, 15:02:59 
26-Apr-19, 15:03:03 
26-Apr-19, 15:03:04 
26-Apr-19, 15:03:08 
26-Apr-19, 15:03:09 
26-Apr-19, 15:03:19 
26-Apr-19, 15:03:23 
26-Apr-19, 15:03:24 
26-Apr-19, 15:03:28 
26-Apr-19, 15:03:29 
26-Apr-19, 15:03:33 
26-Apr-19, 15:03:34 
26-Apr-19, 15:03:38 
26-Apr-19, 15:03:39 
26-Apr-19, 15:03:43 
26-Apr-19, 15:03:44 
26-Apr-19, 15:03:48 
26-Apr-19, 15:03:49 
26-Apr-19, 15:03:53 
26-Apr-19, 15:03:54 
26-Apr-19, 15:03:58 
26-Apr-19, 15:03:59 
26-Apr-19, 15:04:03 
26-Apr-19, 15:04:04 
26-Apr-19, 15:04:08 
26-Apr-19, 15:04:09 
26-Apr-19, 15:04:18 
26-Apr-19, 15:04:19 
26-Apr-19, 15:04:23 
26-Apr-19, 15:04:24 
26-Apr-19, 15:04:28 
26-Apr-19, 15:04:29 
26-Apr-19, 15:04:33 
26-Apr-19, 15:04:34 
26-Apr-19, 15:04:38 
26-Apr-19, 15:04:39 
26-Apr-19, 15:04:43 
26-Apr-19, 15:04:44 
26-Apr-19, 15:04:48 
26-Apr-19, 15:04:49 
26-Apr-19, 15:04:53 
26-Apr-19, 15:04:54 
26-Apr-19, 15:04:58 
26-Apr-19, 15:04:59 
26-Apr-19, 15:05:03 
26-Apr-19, 15:05:04 
26-Apr-19, 15:05:08 
26-Apr-19, 15:05:09 
26-Apr-19, 15:05:13 
26-Apr-19, 15:05:19 
26-Apr-19, 15:05:24 
26-Apr-19, 15:05:28 
26-Apr-19, 15:05:29 
26-Apr-19, 15:05:33 
26-Apr-19, 15:05:34 
26-Apr-19, 15:05:38 
26-Apr-19, 15:05:39 
26-Apr-19, 15:05:43 
26-Apr-19, 15:05:44 
26-Apr-19, 15:05:48 
26-Apr-19, 15:05:49 
26-Apr-19, 15:05:53 
26-Apr-19, 15:05:54 
26-Apr-19, 15:05:58 
26-Apr-19, 15:05:59 
26-Apr-19, 15:06:03 
26-Apr-19, 15:06:04 
26-Apr-19, 15:06:08 
26-Apr-19, 15:06:09 
26-Apr-19, 15:06:18 
26-Apr-19, 15:06:19 
26-Apr-19, 15:06:23 
26-Apr-19, 15:06:24 
26-Apr-19, 15:06:28 
26-Apr-19, 15:06:29 
26-Apr-19, 15:06:33 
26-Apr-19, 15:06:34 
26-Apr-19, 15:06:38 
26-Apr-19, 15:06:39 
26-Apr-19, 15:06:43 
26-Apr-19, 15:06:48 
26-Apr-19, 15:06:49 
26-Apr-19, 15:06:53 
26-Apr-19, 15:06:54 
26-Apr-19, 15:06:58 
26-Apr-19, 15:06:59 
26-Apr-19, 15:07:03 
26-Apr-19, 15:07:04 
26-Apr-19, 15:07:08 
26-Apr-19, 15:07:09 
26-Apr-19, 15:07:18 
26-Apr-19, 15:07:19 
26-Apr-19, 15:07:23 
26-Apr-19, 15:07:24 
26-Apr-19, 15:07:28 
26-Apr-19, 15:07:29 
26-Apr-19, 15:07:33 
26-Apr-19, 15:07:34 
26-Apr-19, 15:07:38 
26-Apr-19, 15:07:43 
26-Apr-19, 15:07:44 
26-Apr-19, 15:07:48 
26-Apr-19, 15:07:49 
26-Apr-19, 15:07:53 
26-Apr-19, 15:07:54 
26-Apr-19, 15:07:59 
26-Apr-19, 15:08:03 
26-Apr-19, 15:08:04 
26-Apr-19, 15:08:08 
26-Apr-19, 15:08:09 
26-Apr-19, 15:08:18 
26-Apr-19, 15:08:19 
26-Apr-19, 15:08:23 
26-Apr-19, 15:08:24 
26-Apr-19, 15:08:28 
26-Apr-19, 15:08:29 
26-Apr-19, 15:08:33 
26-Apr-19, 15:08:34 
26-Apr-19, 15:08:38 
26-Apr-19, 15:08:39 
26-Apr-19, 15:08:43 
26-Apr-19, 15:08:44 
26-Apr-19, 15:08:48 
26-Apr-19, 15:08:49 
26-Apr-19, 15:08:53 
26-Apr-19, 15:08:54 
26-Apr-19, 15:08:58 
26-Apr-19, 15:08:59 
26-Apr-19, 15:09:03 
26-Apr-19, 15:09:04 
26-Apr-19, 15:09:08 
26-Apr-19, 15:09:09 
26-Apr-19, 15:09:13 
26-Apr-19, 15:09:14 
26-Apr-19, 15:09:23 
26-Apr-19, 15:09:24 
26-Apr-19, 15:09:28 
26-Apr-19, 15:09:29 
26-Apr-19, 15:09:33 
26-Apr-19, 15:09:34 
26-Apr-19, 15:09:38 
26-Apr-19, 15:09:39 
26-Apr-19, 15:09:43 
26-Apr-19, 15:09:44 
26-Apr-19, 15:09:48 
26-Apr-19, 15:09:49 
26-Apr-19, 15:09:53 
26-Apr-19, 15:09:54 
26-Apr-19, 15:09:58 
26-Apr-19, 15:09:59 
26-Apr-19, 15:10:03 
26-Apr-19, 15:10:04 
26-Apr-19, 15:10:08 
26-Apr-19, 15:10:09 
26-Apr-19, 15:10:18 
26-Apr-19, 15:10:19 
26-Apr-19, 15:10:23 
26-Apr-19, 15:10:24 
26-Apr-19, 15:10:28 
26-Apr-19, 15:10:29 
26-Apr-19, 15:10:33 
26-Apr-19, 15:10:34 
26-Apr-19, 15:10:38 
26-Apr-19, 15:10:39 
26-Apr-19, 15:10:43 
26-Apr-19, 15:10:44 
26-Apr-19, 15:10:48 
26-Apr-19, 15:10:49 
26-Apr-19, 15:10:53 
26-Apr-19, 15:10:54 
26-Apr-19, 15:10:58 
26-Apr-19, 15:10:59 
26-Apr-19, 15:11:03 
26-Apr-19, 15:11:04 
26-Apr-19, 15:11:08 
26-Apr-19, 15:11:09 
26-Apr-19, 15:11:14 
26-Apr-19, 15:11:18 
26-Apr-19, 15:11:23 
26-Apr-19, 15:11:24 
26-Apr-19, 15:11:28 
26-Apr-19, 15:11:29 
26-Apr-19, 15:11:33 
26-Apr-19, 15:11:34 
26-Apr-19, 15:11:38 
26-Apr-19, 15:11:39 
26-Apr-19, 15:11:43 
26-Apr-19, 15:11:44 
26-Apr-19, 15:11:48 
26-Apr-19, 15:11:49 
26-Apr-19, 15:11:53 
26-Apr-19, 15:11:54 
26-Apr-19, 15:11:58 
26-Apr-19, 15:11:59 
26-Apr-19, 15:12:03 
26-Apr-19, 15:12:08 
26-Apr-19, 15:12:09 
26-Apr-19, 15:12:13 
26-Apr-19, 15:12:18 
26-Apr-19, 15:12:19 
26-Apr-19, 15:12:24 
26-Apr-19, 15:12:28 
26-Apr-19, 15:12:29 
26-Apr-19, 15:12:33 
26-Apr-19, 15:12:34 
26-Apr-19, 15:12:38 
26-Apr-19, 15:12:39 
26-Apr-19, 15:12:43 
26-Apr-19, 15:12:44 
26-Apr-19, 15:12:48 
26-Apr-19, 15:12:49 
26-Apr-19, 15:12:53 
26-Apr-19, 15:12:54 
26-Apr-19, 15:12:58 
26-Apr-19, 15:12:59 
26-Apr-19, 15:13:03 
26-Apr-19, 15:13:04 
26-Apr-19, 15:13:08 
26-Apr-19, 15:13:09 
26-Apr-19, 15:13:13 
26-Apr-19, 15:13:18 
26-Apr-19, 15:13:23 
26-Apr-19, 15:13:24 
26-Apr-19, 15:13:28 
26-Apr-19, 15:13:29 
26-Apr-19, 15:13:33 
26-Apr-19, 15:13:34 
26-Apr-19, 15:13:38 
26-Apr-19, 15:13:39 
26-Apr-19, 15:13:43 
26-Apr-19, 15:13:44 
26-Apr-19, 15:13:48 
26-Apr-19, 15:13:49 
26-Apr-19, 15:13:53 
26-Apr-19, 15:13:54 
26-Apr-19, 15:13:59 
26-Apr-19, 15:14:03 
26-Apr-19, 15:14:04 
26-Apr-19, 15:14:09 
26-Apr-19, 15:14:18 
26-Apr-19, 15:14:19 
26-Apr-19, 15:14:23 
26-Apr-19, 15:14:24 
26-Apr-19, 15:14:33 
26-Apr-19, 15:14:34 
26-Apr-19, 15:14:38 
26-Apr-19, 15:14:39 
26-Apr-19, 15:14:43 
26-Apr-19, 15:14:44 
26-Apr-19, 15:14:48 
26-Apr-19, 15:14:49 
26-Apr-19, 15:14:53 
26-Apr-19, 15:14:54 
26-Apr-19, 15:14:58 
26-Apr-19, 15:14:59 
26-Apr-19, 15:15:03 
26-Apr-19, 15:15:04 
26-Apr-19, 15:15:08 
26-Apr-19, 15:15:09 
26-Apr-19, 15:15:19 
26-Apr-19, 15:15:23 
26-Apr-19, 15:15:24 
26-Apr-19, 15:15:28 
26-Apr-19, 15:15:29 
26-Apr-19, 15:15:33 
26-Apr-19, 15:15:34 
26-Apr-19, 15:15:38 
26-Apr-19, 15:15:39 
26-Apr-19, 15:15:43 
26-Apr-19, 15:15:44 
26-Apr-19, 15:15:48 
26-Apr-19, 15:15:49 
26-Apr-19, 15:15:53 
26-Apr-19, 15:15:54 
26-Apr-19, 15:15:58 
26-Apr-19, 15:15:59 
26-Apr-19, 15:16:03 
26-Apr-19, 15:16:04 
26-Apr-19, 15:16:08 
26-Apr-19, 15:16:09 
26-Apr-19, 15:16:13 
26-Apr-19, 15:16:14 
26-Apr-19, 15:16:18 
26-Apr-19, 15:16:24 
26-Apr-19, 15:16:28 
26-Apr-19, 15:16:29 
26-Apr-19, 15:16:33 
26-Apr-19, 15:16:34 
26-Apr-19, 15:16:38 
26-Apr-19, 15:16:39 
26-Apr-19, 15:16:43 
26-Apr-19, 15:16:44 
26-Apr-19, 15:16:48 
26-Apr-19, 15:16:49 
26-Apr-19, 15:16:53 
26-Apr-19, 15:16:54 
26-Apr-19, 15:16:58 
26-Apr-19, 15:16:59 
26-Apr-19, 15:17:03 
26-Apr-19, 15:17:04 
26-Apr-19, 15:17:08 
26-Apr-19, 15:17:09 
26-Apr-19, 15:17:13 
26-Apr-19, 15:17:18 
26-Apr-19, 15:17:19 
26-Apr-19, 15:17:23 
26-Apr-19, 15:17:24 
26-Apr-19, 15:17:28 
26-Apr-19, 15:17:33 
26-Apr-19, 15:17:34 
26-Apr-19, 15:17:38 
26-Apr-19, 15:17:39 
26-Apr-19, 15:17:43 
26-Apr-19, 15:17:44 
26-Apr-19, 15:17:48 
26-Apr-19, 15:17:49 
26-Apr-19, 15:17:53 
26-Apr-19, 15:17:54 
26-Apr-19, 15:17:58 
26-Apr-19, 15:17:59 
26-Apr-19, 15:18:03 
26-Apr-19, 15:18:04 
26-Apr-19, 15:18:08 
26-Apr-19, 15:18:18 
26-Apr-19, 15:18:19 
26-Apr-19, 15:18:23 
26-Apr-19, 15:18:24 
26-Apr-19, 15:18:28 
26-Apr-19, 15:18:29 
26-Apr-19, 15:18:33 
26-Apr-19, 15:18:34 
26-Apr-19, 15:18:38 
26-Apr-19, 15:18:39 
26-Apr-19, 15:18:43 
26-Apr-19, 15:18:44 
26-Apr-19, 15:18:48 
26-Apr-19, 15:18:49 
26-Apr-19, 15:18:53 
26-Apr-19, 15:18:54 
26-Apr-19, 15:18:58 
26-Apr-19, 15:18:59 
26-Apr-19, 15:19:03 
26-Apr-19, 15:19:04 
26-Apr-19, 15:19:08 
26-Apr-19, 15:19:09 
26-Apr-19, 15:19:14 
26-Apr-19, 15:19:19 
26-Apr-19, 15:19:23 
26-Apr-19, 15:19:24 
26-Apr-19, 15:19:28 
26-Apr-19, 15:19:29 
26-Apr-19, 15:19:33 
26-Apr-19, 15:19:34 
26-Apr-19, 15:19:38 
26-Apr-19, 15:19:39 
26-Apr-19, 15:19:43 
26-Apr-19, 15:19:44 
26-Apr-19, 15:19:48 
26-Apr-19, 15:19:49 
26-Apr-19, 15:19:53 
26-Apr-19, 15:19:54 
26-Apr-19, 15:19:58 
26-Apr-19, 15:19:59 
26-Apr-19, 15:20:03 
26-Apr-19, 15:20:04 
26-Apr-19, 15:20:08 
26-Apr-19, 15:20:09 
26-Apr-19, 15:20:18 
26-Apr-19, 15:20:19 
26-Apr-19, 15:20:24 
26-Apr-19, 15:20:28 
26-Apr-19, 15:20:29 
26-Apr-19, 15:20:33 
26-Apr-19, 15:20:34 
26-Apr-19, 15:20:38 
26-Apr-19, 15:20:39 
26-Apr-19, 15:20:43 
26-Apr-19, 15:20:44 
26-Apr-19, 15:20:48 
26-Apr-19, 15:20:49 
26-Apr-19, 15:20:54 
26-Apr-19, 15:20:54 
26-Apr-19, 15:20:59 
26-Apr-19, 15:20:59 
26-Apr-19, 15:21:04 
26-Apr-19, 15:21:04 
26-Apr-19, 15:21:09 
26-Apr-19, 15:21:09 
26-Apr-19, 15:21:14 
26-Apr-19, 15:21:14 
26-Apr-19, 15:21:24 
26-Apr-19, 15:21:24 
26-Apr-19, 15:21:29 
26-Apr-19, 15:21:29 
26-Apr-19, 15:21:34 
26-Apr-19, 15:21:34 
26-Apr-19, 15:21:39 
26-Apr-19, 15:21:39 
26-Apr-19, 15:21:44 
26-Apr-19, 15:21:44 
26-Apr-19, 15:21:49 
26-Apr-19, 15:21:49 
26-Apr-19, 15:21:54 
26-Apr-19, 15:21:54 
26-Apr-19, 15:21:59 
26-Apr-19, 15:21:59 
26-Apr-19, 15:22:04 
26-Apr-19, 15:22:04 
26-Apr-19, 15:22:09 
26-Apr-19, 15:22:09 
26-Apr-19, 15:22:19 
26-Apr-19, 15:22:19 
26-Apr-19, 15:22:24 
26-Apr-19, 15:22:24 
26-Apr-19, 15:22:29 
26-Apr-19, 15:22:29 
26-Apr-19, 15:22:34 
26-Apr-19, 15:22:34 
26-Apr-19, 15:22:39 
26-Apr-19, 15:22:39 
26-Apr-19, 15:22:44 
26-Apr-19, 15:22:44 
26-Apr-19, 15:22:49 
26-Apr-19, 15:22:49 
26-Apr-19, 15:22:54 
26-Apr-19, 15:22:54 
26-Apr-19, 15:22:59 
26-Apr-19, 15:22:59 
26-Apr-19, 15:23:04 
26-Apr-19, 15:23:04 
26-Apr-19, 15:23:09 
26-Apr-19, 15:23:09 
26-Apr-19, 15:23:19 
26-Apr-19, 15:23:19 
26-Apr-19, 15:23:24 
26-Apr-19, 15:23:24 
26-Apr-19, 15:23:29 
26-Apr-19, 15:23:29 
26-Apr-19, 15:23:34 
26-Apr-19, 15:23:34 
26-Apr-19, 15:23:39 
26-Apr-19, 15:23:39 
26-Apr-19, 15:23:44 
26-Apr-19, 15:23:44 
26-Apr-19, 15:23:49 
26-Apr-19, 15:23:49 
26-Apr-19, 15:23:54 
26-Apr-19, 15:23:54 
26-Apr-19, 15:23:59 
26-Apr-19, 15:23:59 
26-Apr-19, 15:24:04 
26-Apr-19, 15:24:04 
26-Apr-19, 15:24:09 
26-Apr-19, 15:24:09 
26-Apr-19, 15:24:19 
26-Apr-19, 15:24:19 
26-Apr-19, 15:24:24 
26-Apr-19, 15:24:24 
26-Apr-19, 15:24:29 
26-Apr-19, 15:24:29 
26-Apr-19, 15:24:39 
26-Apr-19, 15:24:39 
26-Apr-19, 15:24:44 
26-Apr-19, 15:24:44 
26-Apr-19, 15:24:49 
26-Apr-19, 15:24:50 
26-Apr-19, 15:24:54 
26-Apr-19, 15:24:59 
26-Apr-19, 15:25:00 
26-Apr-19, 15:25:04 
26-Apr-19, 15:25:05 
26-Apr-19, 15:25:09 
26-Apr-19, 15:25:10 
26-Apr-19, 15:25:19 
26-Apr-19, 15:25:20 
26-Apr-19, 15:25:24 
26-Apr-19, 15:25:25 
26-Apr-19, 15:25:29 
26-Apr-19, 15:25:30 
26-Apr-19, 15:25:34 
26-Apr-19, 15:25:35 
26-Apr-19, 15:25:39 
26-Apr-19, 15:25:40 
26-Apr-19, 15:25:44 
26-Apr-19, 15:25:45 
26-Apr-19, 15:25:49 
26-Apr-19, 15:25:50 
26-Apr-19, 15:25:54 
26-Apr-19, 15:25:55 
26-Apr-19, 15:25:59 
26-Apr-19, 15:26:00 
26-Apr-19, 15:26:04 
26-Apr-19, 15:26:05 
26-Apr-19, 15:26:09 
26-Apr-19, 15:26:10 
26-Apr-19, 15:26:20 
26-Apr-19, 15:26:24 
26-Apr-19, 15:26:25 
26-Apr-19, 15:26:29 
26-Apr-19, 15:26:30 
26-Apr-19, 15:26:34 
26-Apr-19, 15:26:35 
26-Apr-19, 15:26:39 
26-Apr-19, 15:26:40 
26-Apr-19, 15:26:44 
26-Apr-19, 15:26:45 
26-Apr-19, 15:26:49 
26-Apr-19, 15:26:50 
26-Apr-19, 15:26:54 
26-Apr-19, 15:26:55 
26-Apr-19, 15:26:59 
26-Apr-19, 15:27:00 
26-Apr-19, 15:27:04 
26-Apr-19, 15:27:05 
26-Apr-19, 15:27:09 
26-Apr-19, 15:27:10 
26-Apr-19, 15:27:15 
26-Apr-19, 15:27:19 
26-Apr-19, 15:27:20 
26-Apr-19, 15:27:24 
26-Apr-19, 15:27:25 
26-Apr-19, 15:27:29 
26-Apr-19, 15:27:30 
26-Apr-19, 15:27:34 
26-Apr-19, 15:27:39 
26-Apr-19, 15:27:40 
26-Apr-19, 15:27:44 
26-Apr-19, 15:27:45 
26-Apr-19, 15:27:49 
26-Apr-19, 15:27:50 
26-Apr-19, 15:27:54 
26-Apr-19, 15:27:55 
26-Apr-19, 15:27:59 
26-Apr-19, 15:28:00 
26-Apr-19, 15:28:04 
26-Apr-19, 15:28:05 
26-Apr-19, 15:28:09 
26-Apr-19, 15:28:10 
26-Apr-19, 15:28:19 
26-Apr-19, 15:28:20 
26-Apr-19, 15:28:24 
26-Apr-19, 15:28:25 
26-Apr-19, 15:28:29 
26-Apr-19, 15:28:30 
26-Apr-19, 15:28:34 
26-Apr-19, 15:28:35 
26-Apr-19, 15:28:39 
26-Apr-19, 15:28:40 
26-Apr-19, 15:28:44 
26-Apr-19, 15:28:45 
26-Apr-19, 15:28:49 
26-Apr-19, 15:28:50 
26-Apr-19, 15:28:54 
26-Apr-19, 15:28:55 
26-Apr-19, 15:28:59 
26-Apr-19, 15:29:00 
26-Apr-19, 15:29:04 
26-Apr-19, 15:29:05 
26-Apr-19, 15:29:09 
26-Apr-19, 15:29:10 
26-Apr-19, 15:29:19 
26-Apr-19, 15:29:20 
26-Apr-19, 15:29:24 
26-Apr-19, 15:29:25 
26-Apr-19, 15:29:30 
26-Apr-19, 15:29:34 
26-Apr-19, 15:29:35 
26-Apr-19, 15:29:39 
26-Apr-19, 15:29:40 
26-Apr-19, 15:29:44 
26-Apr-19, 15:29:45 
26-Apr-19, 15:29:49 
26-Apr-19, 15:29:50 
26-Apr-19, 15:29:54 
26-Apr-19, 15:29:55 
26-Apr-19, 15:29:59 
26-Apr-19, 15:30:00 
26-Apr-19, 15:30:04 
26-Apr-19, 15:30:05 
26-Apr-19, 15:30:09 
26-Apr-19, 15:30:10 
26-Apr-19, 15:30:19 
26-Apr-19, 15:30:20 
26-Apr-19, 15:30:24 
26-Apr-19, 15:30:25 
26-Apr-19, 15:30:29 
26-Apr-19, 15:30:30 
26-Apr-19, 15:30:34 
26-Apr-19, 15:30:35 
26-Apr-19, 15:30:39 
26-Apr-19, 15:30:40 
26-Apr-19, 15:30:44 
26-Apr-19, 15:30:45 
26-Apr-19, 15:30:49 
26-Apr-19, 15:30:50 
26-Apr-19, 15:30:54 
26-Apr-19, 15:30:55 
26-Apr-19, 15:30:59 
26-Apr-19, 15:31:00 
26-Apr-19, 15:31:04 
26-Apr-19, 15:31:05 
26-Apr-19, 15:31:09 
26-Apr-19, 15:31:10 
26-Apr-19, 15:31:19 
26-Apr-19, 15:31:20 
26-Apr-19, 15:31:24 
26-Apr-19, 15:31:29 
26-Apr-19, 15:31:30 
26-Apr-19, 15:31:34 
26-Apr-19, 15:31:35 
26-Apr-19, 15:31:39 
26-Apr-19, 15:31:40 
26-Apr-19, 15:31:44 
26-Apr-19, 15:31:49 
26-Apr-19, 15:31:50 
26-Apr-19, 15:31:54 
26-Apr-19, 15:31:55 
26-Apr-19, 15:31:59 
26-Apr-19, 15:32:00 
26-Apr-19, 15:32:04 
26-Apr-19, 15:32:05 
26-Apr-19, 15:32:09 
26-Apr-19, 15:32:10 
26-Apr-19, 15:32:19 
26-Apr-19, 15:32:20 
26-Apr-19, 15:32:24 
26-Apr-19, 15:32:25 
26-Apr-19, 15:32:29 
26-Apr-19, 15:32:30 
26-Apr-19, 15:32:34 
26-Apr-19, 15:32:35 
26-Apr-19, 15:32:39 
26-Apr-19, 15:32:40 
26-Apr-19, 15:32:44 
26-Apr-19, 15:32:45 
26-Apr-19, 15:32:49 
26-Apr-19, 15:32:50 
26-Apr-19, 15:32:54 
26-Apr-19, 15:32:55 
26-Apr-19, 15:32:59 
26-Apr-19, 15:33:00 
26-Apr-19, 15:33:04 
26-Apr-19, 15:33:05 
26-Apr-19, 15:33:09 
26-Apr-19, 15:33:10 
26-Apr-19, 15:33:19 
26-Apr-19, 15:33:20 
26-Apr-19, 15:33:24 
26-Apr-19, 15:33:25 
26-Apr-19, 15:33:29 
26-Apr-19, 15:33:30 
26-Apr-19, 15:33:34 
26-Apr-19, 15:33:35 
26-Apr-19, 15:33:39 
26-Apr-19, 15:33:40 
26-Apr-19, 15:33:44 
26-Apr-19, 15:33:45 
26-Apr-19, 15:33:49 
26-Apr-19, 15:33:50 
26-Apr-19, 15:33:54 
26-Apr-19, 15:33:55 
26-Apr-19, 15:33:59 
26-Apr-19, 15:34:00 
26-Apr-19, 15:34:05 
26-Apr-19, 15:34:09 
26-Apr-19, 15:34:10 
26-Apr-19, 15:34:19 
26-Apr-19, 15:34:20 
26-Apr-19, 15:34:24 
26-Apr-19, 15:34:25 
26-Apr-19, 15:34:29 
26-Apr-19, 15:34:30 
26-Apr-19, 15:34:34 
26-Apr-19, 15:34:35 
26-Apr-19, 15:34:39 
26-Apr-19, 15:34:40 
26-Apr-19, 15:34:44 
26-Apr-19, 15:34:45 
26-Apr-19, 15:34:49 
26-Apr-19, 15:34:50 
26-Apr-19, 15:34:54 
26-Apr-19, 15:34:55 
26-Apr-19, 15:34:59 
26-Apr-19, 15:35:00 
26-Apr-19, 15:35:04 
26-Apr-19, 15:35:05 
26-Apr-19, 15:35:09 
26-Apr-19, 15:35:10 
26-Apr-19, 15:35:20 
26-Apr-19, 15:35:24 
26-Apr-19, 15:35:25 
26-Apr-19, 15:35:29 
26-Apr-19, 15:35:30 
26-Apr-19, 15:35:34 
26-Apr-19, 15:35:35 
26-Apr-19, 15:35:39 
26-Apr-19, 15:35:40 
26-Apr-19, 15:35:44 
26-Apr-19, 15:35:45 
26-Apr-19, 15:35:49 
26-Apr-19, 15:35:50 
26-Apr-19, 15:35:54 
26-Apr-19, 15:35:55 
26-Apr-19, 15:35:59 
26-Apr-19, 15:36:00 
26-Apr-19, 15:36:04 
26-Apr-19, 15:36:05 
26-Apr-19, 15:36:09 
26-Apr-19, 15:36:10 
26-Apr-19, 15:36:19 
26-Apr-19, 15:36:20 
26-Apr-19, 15:36:24 
26-Apr-19, 15:36:29 
26-Apr-19, 15:36:34 
26-Apr-19, 15:36:35 
26-Apr-19, 15:36:39 
26-Apr-19, 15:36:40 
26-Apr-19, 15:36:44 
26-Apr-19, 15:36:45 
26-Apr-19, 15:36:49 
26-Apr-19, 15:36:50 
26-Apr-19, 15:36:54 
26-Apr-19, 15:36:55 
26-Apr-19, 15:36:59 
26-Apr-19, 15:37:00 
26-Apr-19, 15:37:04 
26-Apr-19, 15:37:05 
26-Apr-19, 15:37:09 
26-Apr-19, 15:37:10 
26-Apr-19, 15:37:19 
26-Apr-19, 15:37:20 
26-Apr-19, 15:37:24 
26-Apr-19, 15:37:25 
26-Apr-19, 15:37:29 
26-Apr-19, 15:37:30 
26-Apr-19, 15:37:34 
26-Apr-19, 15:37:35 
26-Apr-19, 15:37:39 
26-Apr-19, 15:37:40 
26-Apr-19, 15:37:44 
26-Apr-19, 15:37:45 
26-Apr-19, 15:37:49 
26-Apr-19, 15:37:50 
26-Apr-19, 15:37:54 
26-Apr-19, 15:37:55 
26-Apr-19, 15:37:59 
26-Apr-19, 15:38:00 
26-Apr-19, 15:38:04 
26-Apr-19, 15:38:05 
26-Apr-19, 15:38:09 
26-Apr-19, 15:38:10 
26-Apr-19, 15:38:19 
26-Apr-19, 15:38:20 
26-Apr-19, 15:38:24 
26-Apr-19, 15:38:25 
26-Apr-19, 15:38:29 
26-Apr-19, 15:38:30 
26-Apr-19, 15:38:34 
26-Apr-19, 15:38:35 
26-Apr-19, 15:38:39 
26-Apr-19, 15:38:40 
26-Apr-19, 15:38:44 
26-Apr-19, 15:38:45 
26-Apr-19, 15:38:49 
26-Apr-19, 15:38:50 
26-Apr-19, 15:38:54 
26-Apr-19, 15:38:55 
26-Apr-19, 15:38:59 
26-Apr-19, 15:39:00 
26-Apr-19, 15:39:04 
26-Apr-19, 15:39:05 
26-Apr-19, 15:39:09 
26-Apr-19, 15:39:10 
26-Apr-19, 15:39:14 
26-Apr-19, 15:39:19 
26-Apr-19, 15:39:20 
26-Apr-19, 15:39:24 
26-Apr-19, 15:39:25 
26-Apr-19, 15:39:29 
26-Apr-19, 15:39:30 
26-Apr-19, 15:39:34 
26-Apr-19, 15:39:35 
26-Apr-19, 15:39:39 
26-Apr-19, 15:39:40 
26-Apr-19, 15:39:44 
26-Apr-19, 15:39:45 
26-Apr-19, 15:39:49 
26-Apr-19, 15:39:50 
26-Apr-19, 15:39:55 
26-Apr-19, 15:39:59 
26-Apr-19, 15:40:00 
26-Apr-19, 15:40:04 
26-Apr-19, 15:40:09 
26-Apr-19, 15:40:10 
26-Apr-19, 15:40:19 
26-Apr-19, 15:40:20 
26-Apr-19, 15:40:24 
26-Apr-19, 15:40:29 
26-Apr-19, 15:40:30 
26-Apr-19, 15:40:34 
26-Apr-19, 15:40:35 
26-Apr-19, 15:40:39 
26-Apr-19, 15:40:40 
26-Apr-19, 15:40:44 
26-Apr-19, 15:40:45 
26-Apr-19, 15:40:49 
26-Apr-19, 15:40:50 
26-Apr-19, 15:40:54 
26-Apr-19, 15:40:55 
26-Apr-19, 15:40:59 
26-Apr-19, 15:41:00 
26-Apr-19, 15:41:04 
26-Apr-19, 15:41:05 
26-Apr-19, 15:41:09 
26-Apr-19, 15:41:10 
26-Apr-19, 15:41:19 
26-Apr-19, 15:41:20 
26-Apr-19, 15:41:24 
26-Apr-19, 15:41:25 
26-Apr-19, 15:41:29 
26-Apr-19, 15:41:30 
26-Apr-19, 15:41:34 
26-Apr-19, 15:41:35 
26-Apr-19, 15:41:39 
26-Apr-19, 15:41:40 
26-Apr-19, 15:41:44 
26-Apr-19, 15:41:45 
26-Apr-19, 15:41:49 
26-Apr-19, 15:41:50 
26-Apr-19, 15:41:54 
26-Apr-19, 15:41:55 
26-Apr-19, 15:42:00 
26-Apr-19, 15:42:04 
26-Apr-19, 15:42:05 
26-Apr-19, 15:42:09 
26-Apr-19, 15:42:10 
26-Apr-19, 15:42:19 
26-Apr-19, 15:42:20 
26-Apr-19, 15:42:24 
26-Apr-19, 15:42:25 
26-Apr-19, 15:42:29 
26-Apr-19, 15:42:30 
26-Apr-19, 15:42:34 
26-Apr-19, 15:42:35 
26-Apr-19, 15:42:39 
26-Apr-19, 15:42:40 
26-Apr-19, 15:42:44 
26-Apr-19, 15:42:45 
26-Apr-19, 15:42:49 
26-Apr-19, 15:42:50 
26-Apr-19, 15:42:54 
26-Apr-19, 15:42:55 
26-Apr-19, 15:42:59 
26-Apr-19, 15:43:00 
26-Apr-19, 15:43:04 
26-Apr-19, 15:43:05 
26-Apr-19, 15:43:09 
26-Apr-19, 15:43:10 
26-Apr-19, 15:43:15 
26-Apr-19, 15:43:19 
26-Apr-19, 15:43:20 
26-Apr-19, 15:43:24 
26-Apr-19, 15:43:25 
26-Apr-19, 15:43:29 
26-Apr-19, 15:43:34 
26-Apr-19, 15:43:35 
26-Apr-19, 15:43:39 
26-Apr-19, 15:43:40 
26-Apr-19, 15:43:44 
26-Apr-19, 15:43:45 
26-Apr-19, 15:43:49 
26-Apr-19, 15:43:50 
26-Apr-19, 15:43:54 
26-Apr-19, 15:43:55 
26-Apr-19, 15:43:59 
26-Apr-19, 15:44:00 
26-Apr-19, 15:44:04 
26-Apr-19, 15:44:05 
26-Apr-19, 15:44:09 
26-Apr-19, 15:44:10 
26-Apr-19, 15:44:14 
26-Apr-19, 15:44:19 
26-Apr-19, 15:44:20 
26-Apr-19, 15:44:24 
26-Apr-19, 15:44:25 
26-Apr-19, 15:44:29 
26-Apr-19, 15:44:30 
26-Apr-19, 15:44:34 
26-Apr-19, 15:44:35 
26-Apr-19, 15:44:39 
26-Apr-19, 15:44:40 
26-Apr-19, 15:44:44 
26-Apr-19, 15:44:45 
26-Apr-19, 15:44:49 
26-Apr-19, 15:44:50 
26-Apr-19, 15:44:54 
26-Apr-19, 15:44:55 
26-Apr-19, 15:44:59 
26-Apr-19, 15:45:00 
26-Apr-19, 15:45:04 
26-Apr-19, 15:45:05 
26-Apr-19, 15:45:09 
26-Apr-19, 15:45:10 
26-Apr-19, 15:45:20 
26-Apr-19, 15:45:24 
26-Apr-19, 15:45:25 
26-Apr-19, 15:45:29 
26-Apr-19, 15:45:30 
26-Apr-19, 15:45:34 
26-Apr-19, 15:45:39 
26-Apr-19, 15:45:40 
26-Apr-19, 15:45:44 
26-Apr-19, 15:45:45 
26-Apr-19, 15:45:49 
26-Apr-19, 15:45:50 
26-Apr-19, 15:45:54 
26-Apr-19, 15:45:55 
26-Apr-19, 15:45:59 
26-Apr-19, 15:46:00 
26-Apr-19, 15:46:04 
26-Apr-19, 15:46:05 
26-Apr-19, 15:46:09 
26-Apr-19, 15:46:10 
26-Apr-19, 15:46:19 
26-Apr-19, 15:46:24 
26-Apr-19, 15:46:25 
26-Apr-19, 15:46:29 
26-Apr-19, 15:46:30 
26-Apr-19, 15:46:34 
26-Apr-19, 15:46:35 
26-Apr-19, 15:46:39 
26-Apr-19, 15:46:40 
26-Apr-19, 15:46:44 
26-Apr-19, 15:46:45 
26-Apr-19, 15:46:49 
26-Apr-19, 15:46:50 
26-Apr-19, 15:46:54 
26-Apr-19, 15:46:55 
26-Apr-19, 15:46:59 
26-Apr-19, 15:47:00 
26-Apr-19, 15:47:04 
26-Apr-19, 15:47:05 
26-Apr-19, 15:47:09 
26-Apr-19, 15:47:10 
26-Apr-19, 15:47:19 
26-Apr-19, 15:47:20 
26-Apr-19, 15:47:24 
26-Apr-19, 15:47:25 
26-Apr-19, 15:47:29 
26-Apr-19, 15:47:30 
26-Apr-19, 15:47:34 
26-Apr-19, 15:47:35 
26-Apr-19, 15:47:39 
26-Apr-19, 15:47:40 
26-Apr-19, 15:47:44 
26-Apr-19, 15:47:45 
26-Apr-19, 15:47:49 
26-Apr-19, 15:47:50 
26-Apr-19, 15:47:54 
26-Apr-19, 15:47:55 
26-Apr-19, 15:47:59 
26-Apr-19, 15:48:00 
26-Apr-19, 15:48:04 
26-Apr-19, 15:48:05 
26-Apr-19, 15:48:09 
26-Apr-19, 15:48:10 
26-Apr-19, 15:48:19 
26-Apr-19, 15:48:20 
26-Apr-19, 15:48:24 
26-Apr-19, 15:48:25 
26-Apr-19, 15:48:30 
26-Apr-19, 15:48:35 
26-Apr-19, 15:48:39 
26-Apr-19, 15:48:40 
26-Apr-19, 15:48:44 
26-Apr-19, 15:48:45 
26-Apr-19, 15:48:49 
26-Apr-19, 15:48:50 
26-Apr-19, 15:48:54 
26-Apr-19, 15:48:55 
26-Apr-19, 15:48:59 
26-Apr-19, 15:49:00 
26-Apr-19, 15:49:04 
26-Apr-19, 15:49:09 
26-Apr-19, 15:49:10 
26-Apr-19, 15:49:14 
26-Apr-19, 15:49:19 
26-Apr-19, 15:49:20 
26-Apr-19, 15:49:24 
26-Apr-19, 15:49:25 
26-Apr-19, 15:49:29 
26-Apr-19, 15:49:34 
26-Apr-19, 15:49:35 
26-Apr-19, 15:49:39 
26-Apr-19, 15:49:40 
26-Apr-19, 15:49:44 
26-Apr-19, 15:49:49 
26-Apr-19, 15:49:50 
26-Apr-19, 15:49:54 
26-Apr-19, 15:49:55 
26-Apr-19, 15:49:59 
26-Apr-19, 15:50:00 
26-Apr-19, 15:50:04 
26-Apr-19, 15:50:05 
26-Apr-19, 15:50:09 
26-Apr-19, 15:50:10 
26-Apr-19, 15:50:19 
26-Apr-19, 15:50:20 
26-Apr-19, 15:50:24 
26-Apr-19, 15:50:25 
26-Apr-19, 15:50:29 
26-Apr-19, 15:50:30 
26-Apr-19, 15:50:34 
26-Apr-19, 15:50:35 
26-Apr-19, 15:50:40 
26-Apr-19, 15:50:40 
26-Apr-19, 15:50:45 
26-Apr-19, 15:50:45 
26-Apr-19, 15:50:50 
26-Apr-19, 15:50:50 
26-Apr-19, 15:50:55 
26-Apr-19, 15:50:55 
26-Apr-19, 15:51:00 
26-Apr-19, 15:51:00 
26-Apr-19, 15:51:05 
26-Apr-19, 15:51:05 
26-Apr-19, 15:51:10 
26-Apr-19, 15:51:10 
26-Apr-19, 15:51:25 
26-Apr-19, 15:51:25 
26-Apr-19, 15:51:30 
26-Apr-19, 15:51:30 
26-Apr-19, 15:51:35 
26-Apr-19, 15:51:35 
26-Apr-19, 15:51:40 
26-Apr-19, 15:51:40 
26-Apr-19, 15:51:45 
26-Apr-19, 15:51:45 
26-Apr-19, 15:51:50 
26-Apr-19, 15:51:50 
26-Apr-19, 15:51:55 
26-Apr-19, 15:51:55 
26-Apr-19, 15:52:00 
26-Apr-19, 15:52:00 
26-Apr-19, 15:52:05 
26-Apr-19, 15:52:05 
26-Apr-19, 15:52:10 
26-Apr-19, 15:52:10 
26-Apr-19, 15:52:20 
26-Apr-19, 15:52:20 
26-Apr-19, 15:52:25 
26-Apr-19, 15:52:25 
26-Apr-19, 15:52:30 
26-Apr-19, 15:52:30 
26-Apr-19, 15:52:35 
26-Apr-19, 15:52:35 
26-Apr-19, 15:52:40 
26-Apr-19, 15:52:40 
26-Apr-19, 15:52:45 
26-Apr-19, 15:52:45 
26-Apr-19, 15:52:50 
26-Apr-19, 15:52:50 
26-Apr-19, 15:52:55 
26-Apr-19, 15:52:55 
26-Apr-19, 15:53:00 
26-Apr-19, 15:53:00 
26-Apr-19, 15:53:05 
26-Apr-19, 15:53:05 
26-Apr-19, 15:53:10 
26-Apr-19, 15:53:10 
26-Apr-19, 15:53:20 
26-Apr-19, 15:53:20 
26-Apr-19, 15:53:25 
26-Apr-19, 15:53:25 
26-Apr-19, 15:53:30 
26-Apr-19, 15:53:30 
26-Apr-19, 15:53:35 
26-Apr-19, 15:53:35 
26-Apr-19, 15:53:40 
26-Apr-19, 15:53:40 
26-Apr-19, 15:53:45 
26-Apr-19, 15:53:45 
26-Apr-19, 15:53:50 
26-Apr-19, 15:53:50 
26-Apr-19, 15:53:55 
26-Apr-19, 15:53:55 
26-Apr-19, 15:54:00 
26-Apr-19, 15:54:00 
26-Apr-19, 15:54:05 
26-Apr-19, 15:54:05 
26-Apr-19, 15:54:10 
26-Apr-19, 15:54:10 
26-Apr-19, 15:54:20 
26-Apr-19, 15:54:20 
26-Apr-19, 15:54:25 
26-Apr-19, 15:54:25 
26-Apr-19, 15:54:30 
26-Apr-19, 15:54:30 
26-Apr-19, 15:54:35 
26-Apr-19, 15:54:35 
26-Apr-19, 15:54:40 
26-Apr-19, 15:54:40 
26-Apr-19, 15:54:45 
26-Apr-19, 15:54:45 
26-Apr-19, 15:54:50 
26-Apr-19, 15:54:50 
26-Apr-19, 15:54:55 
26-Apr-19, 15:54:55 
26-Apr-19, 15:55:00 
26-Apr-19, 15:55:00 
26-Apr-19, 15:55:05 
26-Apr-19, 15:55:05 
26-Apr-19, 15:55:10 
26-Apr-19, 15:55:10 
26-Apr-19, 15:55:20 
26-Apr-19, 15:55:20 
26-Apr-19, 15:55:25 
26-Apr-19, 15:55:25 
26-Apr-19, 15:55:30 
26-Apr-19, 15:55:30 
26-Apr-19, 15:55:35 
26-Apr-19, 15:55:35 
26-Apr-19, 15:55:40 
26-Apr-19, 15:55:40 
26-Apr-19, 15:55:45 
26-Apr-19, 15:55:45 
26-Apr-19, 15:55:50 
26-Apr-19, 15:55:50 
26-Apr-19, 15:56:00 
26-Apr-19, 15:56:00 
26-Apr-19, 15:56:05 
26-Apr-19, 15:56:05 
26-Apr-19, 15:56:10 
26-Apr-19, 15:56:10 
26-Apr-19, 15:56:20 
26-Apr-19, 15:56:20 
26-Apr-19, 15:56:25 
26-Apr-19, 15:56:25 
26-Apr-19, 15:56:30 
26-Apr-19, 15:56:30 
26-Apr-19, 15:56:35 
26-Apr-19, 15:56:35 
26-Apr-19, 15:56:40 
26-Apr-19, 15:56:40 
26-Apr-19, 15:56:45 
26-Apr-19, 15:56:45 
26-Apr-19, 15:56:50 
26-Apr-19, 15:56:50 
26-Apr-19, 15:56:55 
26-Apr-19, 15:56:55 
26-Apr-19, 15:57:00 
26-Apr-19, 15:57:00 
26-Apr-19, 15:57:05 
26-Apr-19, 15:57:05 
26-Apr-19, 15:57:10 
26-Apr-19, 15:57:10 
26-Apr-19, 15:57:20 
26-Apr-19, 15:57:21 
26-Apr-19, 15:57:25 
26-Apr-19, 15:57:26 
26-Apr-19, 15:57:30 
26-Apr-19, 15:57:31 
26-Apr-19, 15:57:35 
26-Apr-19, 15:57:36 
26-Apr-19, 15:57:40 
26-Apr-19, 15:57:41 
26-Apr-19, 15:57:45 
26-Apr-19, 15:57:46 
26-Apr-19, 15:57:50 
26-Apr-19, 15:57:51 
26-Apr-19, 15:57:55 
26-Apr-19, 15:57:56 
26-Apr-19, 15:58:00 
26-Apr-19, 15:58:01 
26-Apr-19, 15:58:05 
26-Apr-19, 15:58:06 
26-Apr-19, 15:58:10 
26-Apr-19, 15:58:11 
26-Apr-19, 15:58:20 
26-Apr-19, 15:58:21 
26-Apr-19, 15:58:25 
26-Apr-19, 15:58:26 
26-Apr-19, 15:58:30 
26-Apr-19, 15:58:31 
26-Apr-19, 15:58:35 
26-Apr-19, 15:58:36 
26-Apr-19, 15:58:40 
26-Apr-19, 15:58:41 
26-Apr-19, 15:58:45 
26-Apr-19, 15:58:46 
26-Apr-19, 15:58:50 
26-Apr-19, 15:58:51 
26-Apr-19, 15:58:55 
26-Apr-19, 15:58:56 
26-Apr-19, 15:59:00 
26-Apr-19, 15:59:01 
26-Apr-19, 15:59:05 
26-Apr-19, 15:59:06 
26-Apr-19, 15:59:10 
26-Apr-19, 15:59:11 
26-Apr-19, 15:59:16 
26-Apr-19, 15:59:20 
26-Apr-19, 15:59:21 
26-Apr-19, 15:59:25 
26-Apr-19, 15:59:26 
26-Apr-19, 15:59:30 
26-Apr-19, 15:59:31 
26-Apr-19, 15:59:35 
26-Apr-19, 15:59:36 
26-Apr-19, 15:59:40 
26-Apr-19, 15:59:41 
26-Apr-19, 15:59:45 
26-Apr-19, 15:59:46 
26-Apr-19, 15:59:50 
26-Apr-19, 15:59:51 
26-Apr-19, 15:59:56 
26-Apr-19, 16:00:00 
26-Apr-19, 16:00:01 
26-Apr-19, 16:00:05 
26-Apr-19, 16:00:06 
26-Apr-19, 16:00:10 
26-Apr-19, 16:00:11 
26-Apr-19, 16:00:20 
26-Apr-19, 16:00:21 
26-Apr-19, 16:00:25 
26-Apr-19, 16:00:26 
26-Apr-19, 16:00:30 
26-Apr-19, 16:00:31 
26-Apr-19, 16:00:35 
26-Apr-19, 16:00:36 
26-Apr-19, 16:00:40 
26-Apr-19, 16:00:45 
26-Apr-19, 16:00:46 
26-Apr-19, 16:00:50 
26-Apr-19, 16:00:51 
26-Apr-19, 16:00:55 
26-Apr-19, 16:00:56 
26-Apr-19, 16:01:00 
26-Apr-19, 16:01:01 
26-Apr-19, 16:01:05 
26-Apr-19, 16:01:06 
26-Apr-19, 16:01:10 
26-Apr-19, 16:01:11 
26-Apr-19, 16:01:16 
26-Apr-19, 16:01:20 
26-Apr-19, 16:01:21 
26-Apr-19, 16:01:25 
26-Apr-19, 16:01:26 
26-Apr-19, 16:01:30 
26-Apr-19, 16:01:31 
26-Apr-19, 16:01:35 
26-Apr-19, 16:01:36 
26-Apr-19, 16:01:40 
26-Apr-19, 16:01:41 
26-Apr-19, 16:01:45 
26-Apr-19, 16:01:46 
26-Apr-19, 16:01:50 
26-Apr-19, 16:01:51 
26-Apr-19, 16:01:55 
26-Apr-19, 16:01:56 
26-Apr-19, 16:02:00 
26-Apr-19, 16:02:01 
26-Apr-19, 16:02:05 
26-Apr-19, 16:02:06 
26-Apr-19, 16:02:10 
26-Apr-19, 16:02:11 
26-Apr-19, 16:02:20 
26-Apr-19, 16:02:21 
26-Apr-19, 16:02:25 
26-Apr-19, 16:02:26 
26-Apr-19, 16:02:30 
26-Apr-19, 16:02:31 
26-Apr-19, 16:02:35 
26-Apr-19, 16:02:36 
26-Apr-19, 16:02:40 
26-Apr-19, 16:02:41 
26-Apr-19, 16:02:45 
26-Apr-19, 16:02:46 
26-Apr-19, 16:02:50 
26-Apr-19, 16:02:51 
26-Apr-19, 16:02:56 
26-Apr-19, 16:03:00 
26-Apr-19, 16:03:01 
26-Apr-19, 16:03:05 
26-Apr-19, 16:03:06 
26-Apr-19, 16:03:10 
26-Apr-19, 16:03:11 
26-Apr-19, 16:03:16 
26-Apr-19, 16:03:20 
26-Apr-19, 16:03:21 
26-Apr-19, 16:03:25 
26-Apr-19, 16:03:26 
26-Apr-19, 16:03:30 
26-Apr-19, 16:03:31 
26-Apr-19, 16:03:36 
26-Apr-19, 16:03:40 
26-Apr-19, 16:03:41 
26-Apr-19, 16:03:45 
26-Apr-19, 16:03:46 
26-Apr-19, 16:03:50 
26-Apr-19, 16:03:51 
26-Apr-19, 16:03:55 
26-Apr-19, 16:03:56 
26-Apr-19, 16:04:00 
26-Apr-19, 16:04:01 
26-Apr-19, 16:04:05 
26-Apr-19, 16:04:06 
26-Apr-19, 16:04:10 
26-Apr-19, 16:04:11 
26-Apr-19, 16:04:20 
26-Apr-19, 16:04:21 
26-Apr-19, 16:04:25 
26-Apr-19, 16:04:26 
26-Apr-19, 16:04:30 
26-Apr-19, 16:04:31 
26-Apr-19, 16:04:35 
26-Apr-19, 16:04:36 
26-Apr-19, 16:04:40 
26-Apr-19, 16:04:41 
26-Apr-19, 16:04:45 
26-Apr-19, 16:04:46 
26-Apr-19, 16:04:50 
26-Apr-19, 16:04:51 
26-Apr-19, 16:04:55 
26-Apr-19, 16:04:56 
26-Apr-19, 16:05:00 
26-Apr-19, 16:05:01 
26-Apr-19, 16:05:05 
26-Apr-19, 16:05:10 
26-Apr-19, 16:05:11 
26-Apr-19, 16:05:16 
26-Apr-19, 16:05:20 
26-Apr-19, 16:05:21 
26-Apr-19, 16:05:25 
26-Apr-19, 16:05:26 
26-Apr-19, 16:05:30 
26-Apr-19, 16:05:31 
26-Apr-19, 16:05:35 
26-Apr-19, 16:05:36 
26-Apr-19, 16:05:40 
26-Apr-19, 16:05:41 
26-Apr-19, 16:05:46 
26-Apr-19, 16:05:50 
26-Apr-19, 16:05:51 
26-Apr-19, 16:05:55 
26-Apr-19, 16:05:56 
26-Apr-19, 16:06:00 
26-Apr-19, 16:06:01 
26-Apr-19, 16:06:05 
26-Apr-19, 16:06:06 
26-Apr-19, 16:06:10 
26-Apr-19, 16:06:20 
26-Apr-19, 16:06:25 
26-Apr-19, 16:06:26 
26-Apr-19, 16:06:30 
26-Apr-19, 16:06:31 
26-Apr-19, 16:06:36 
26-Apr-19, 16:06:40 
26-Apr-19, 16:06:41 
26-Apr-19, 16:06:45 
26-Apr-19, 16:06:46 
26-Apr-19, 16:06:50 
26-Apr-19, 16:06:51 
26-Apr-19, 16:06:56 
26-Apr-19, 16:07:00 
26-Apr-19, 16:07:01 
26-Apr-19, 16:07:05 
26-Apr-19, 16:07:06 
26-Apr-19, 16:07:10 
26-Apr-19, 16:07:11 
26-Apr-19, 16:07:16 
26-Apr-19, 16:07:20 
26-Apr-19, 16:07:21 
26-Apr-19, 16:07:25 
26-Apr-19, 16:07:26 
26-Apr-19, 16:07:30 
26-Apr-19, 16:07:31 
26-Apr-19, 16:07:35 
26-Apr-19, 16:07:36 
26-Apr-19, 16:07:40 
26-Apr-19, 16:07:41 
26-Apr-19, 16:07:45 
26-Apr-19, 16:07:46 
26-Apr-19, 16:07:50 
26-Apr-19, 16:07:55 
26-Apr-19, 16:07:56 
26-Apr-19, 16:08:00 
26-Apr-19, 16:08:01 
26-Apr-19, 16:08:05 
26-Apr-19, 16:08:06 
26-Apr-19, 16:08:10 
26-Apr-19, 16:08:11 
26-Apr-19, 16:08:20 
26-Apr-19, 16:08:21 
26-Apr-19, 16:08:25 
26-Apr-19, 16:08:26 
26-Apr-19, 16:08:30 
26-Apr-19, 16:08:31 
26-Apr-19, 16:08:35 
26-Apr-19, 16:08:36 
26-Apr-19, 16:08:40 
26-Apr-19, 16:08:41 
26-Apr-19, 16:08:45 
26-Apr-19, 16:08:46 
26-Apr-19, 16:08:50 
26-Apr-19, 16:08:51 
26-Apr-19, 16:08:55 
26-Apr-19, 16:08:56 
26-Apr-19, 16:09:00 
26-Apr-19, 16:09:01 
26-Apr-19, 16:09:05 
26-Apr-19, 16:09:06 
26-Apr-19, 16:09:10 
26-Apr-19, 16:09:11 
26-Apr-19, 16:09:20 
26-Apr-19, 16:09:21 
26-Apr-19, 16:09:25 
26-Apr-19, 16:09:26 
26-Apr-19, 16:09:30 
26-Apr-19, 16:09:31 
26-Apr-19, 16:09:35 
26-Apr-19, 16:09:36 
26-Apr-19, 16:09:40 
26-Apr-19, 16:09:41 
26-Apr-19, 16:09:45 
26-Apr-19, 16:09:46 
26-Apr-19, 16:09:50 
26-Apr-19, 16:09:51 
26-Apr-19, 16:09:55 
26-Apr-19, 16:09:56 
26-Apr-19, 16:10:00 
26-Apr-19, 16:10:01 
26-Apr-19, 16:10:05 
26-Apr-19, 16:10:06 
26-Apr-19, 16:10:10 
26-Apr-19, 16:10:11 
26-Apr-19, 16:10:20 
26-Apr-19, 16:10:21 
26-Apr-19, 16:10:25 
26-Apr-19, 16:10:26 
26-Apr-19, 16:10:30 
26-Apr-19, 16:10:31 
26-Apr-19, 16:10:35 
26-Apr-19, 16:10:36 
26-Apr-19, 16:10:40 
26-Apr-19, 16:10:41 
26-Apr-19, 16:10:45 
26-Apr-19, 16:10:46 
26-Apr-19, 16:10:50 
26-Apr-19, 16:10:51 
26-Apr-19, 16:10:55 
26-Apr-19, 16:10:56 
26-Apr-19, 16:11:00 
26-Apr-19, 16:11:01 
26-Apr-19, 16:11:05 
26-Apr-19, 16:11:06 
26-Apr-19, 16:11:10 
26-Apr-19, 16:11:11 
26-Apr-19, 16:11:16 
26-Apr-19, 16:11:20 
26-Apr-19, 16:11:25 
26-Apr-19, 16:11:26 
26-Apr-19, 16:11:30 
26-Apr-19, 16:11:31 
26-Apr-19, 16:11:35 
26-Apr-19, 16:11:36 
26-Apr-19, 16:11:40 
26-Apr-19, 16:11:41 
26-Apr-19, 16:11:45 
26-Apr-19, 16:11:46 
26-Apr-19, 16:11:50 
26-Apr-19, 16:11:51 
26-Apr-19, 16:11:55 
26-Apr-19, 16:11:56 
26-Apr-19, 16:12:00 
26-Apr-19, 16:12:01 
26-Apr-19, 16:12:05 
26-Apr-19, 16:12:06 
26-Apr-19, 16:12:10 
26-Apr-19, 16:12:11 
26-Apr-19, 16:12:16 
26-Apr-19, 16:12:20 
26-Apr-19, 16:12:21 
26-Apr-19, 16:12:25 
26-Apr-19, 16:12:26 
26-Apr-19, 16:12:30 
26-Apr-19, 16:12:31 
26-Apr-19, 16:12:35 
26-Apr-19, 16:12:36 
26-Apr-19, 16:12:40 
26-Apr-19, 16:12:41 
26-Apr-19, 16:12:45 
26-Apr-19, 16:12:46 
26-Apr-19, 16:12:50 
26-Apr-19, 16:12:51 
26-Apr-19, 16:12:55 
26-Apr-19, 16:12:56 
26-Apr-19, 16:13:00 
26-Apr-19, 16:13:01 
26-Apr-19, 16:13:05 
26-Apr-19, 16:13:06 
26-Apr-19, 16:13:10 
26-Apr-19, 16:13:11 
26-Apr-19, 16:13:16 
26-Apr-19, 16:13:20 
26-Apr-19, 16:13:21 
26-Apr-19, 16:13:25 
26-Apr-19, 16:13:26 
26-Apr-19, 16:13:30 
26-Apr-19, 16:13:31 
26-Apr-19, 16:13:35 
26-Apr-19, 16:13:36 
26-Apr-19, 16:13:40 
26-Apr-19, 16:13:41 
26-Apr-19, 16:13:45 
26-Apr-19, 16:13:50 
26-Apr-19, 16:13:51 
26-Apr-19, 16:13:55 
26-Apr-19, 16:13:56 
26-Apr-19, 16:14:00 
26-Apr-19, 16:14:05 
26-Apr-19, 16:14:06 
26-Apr-19, 16:14:10 
26-Apr-19, 16:14:11 
26-Apr-19, 16:14:16 
26-Apr-19, 16:14:20 
26-Apr-19, 16:14:21 
26-Apr-19, 16:14:25 
26-Apr-19, 16:14:26 
26-Apr-19, 16:14:30 
26-Apr-19, 16:14:31 
26-Apr-19, 16:14:35 
26-Apr-19, 16:14:36 
26-Apr-19, 16:14:40 
26-Apr-19, 16:14:41 
26-Apr-19, 16:14:45 
26-Apr-19, 16:14:46 
26-Apr-19, 16:14:50 
26-Apr-19, 16:14:51 
26-Apr-19, 16:14:55 
26-Apr-19, 16:14:56 
26-Apr-19, 16:15:00 
26-Apr-19, 16:15:01 
26-Apr-19, 16:15:05 
26-Apr-19, 16:15:06 
26-Apr-19, 16:15:10 
26-Apr-19, 16:15:11 
26-Apr-19, 16:15:20 
26-Apr-19, 16:15:21 
26-Apr-19, 16:15:25 
26-Apr-19, 16:15:26 
26-Apr-19, 16:15:30 
26-Apr-19, 16:15:31 
26-Apr-19, 16:15:35 
26-Apr-19, 16:15:36 
26-Apr-19, 16:15:40 
26-Apr-19, 16:15:41 
26-Apr-19, 16:15:45 
26-Apr-19, 16:15:46 
26-Apr-19, 16:15:50 
26-Apr-19, 16:15:51 
26-Apr-19, 16:15:55 
26-Apr-19, 16:15:56 
26-Apr-19, 16:16:00 
26-Apr-19, 16:16:01 
26-Apr-19, 16:16:05 
26-Apr-19, 16:16:06 
26-Apr-19, 16:16:10 
26-Apr-19, 16:16:11 
26-Apr-19, 16:16:20 
26-Apr-19, 16:16:21 
26-Apr-19, 16:16:25 
26-Apr-19, 16:16:26 
26-Apr-19, 16:16:30 
26-Apr-19, 16:16:31 
26-Apr-19, 16:16:35 
26-Apr-19, 16:16:36 
26-Apr-19, 16:16:40 
26-Apr-19, 16:16:41 
26-Apr-19, 16:16:45 
26-Apr-19, 16:16:50 
26-Apr-19, 16:16:51 
26-Apr-19, 16:16:55 
26-Apr-19, 16:16:56 
26-Apr-19, 16:17:00 
26-Apr-19, 16:17:01 
26-Apr-19, 16:17:05 
26-Apr-19, 16:17:06 
26-Apr-19, 16:17:10 
26-Apr-19, 16:17:11 
26-Apr-19, 16:17:16 
26-Apr-19, 16:17:20 
26-Apr-19, 16:17:21 
26-Apr-19, 16:17:26 
26-Apr-19, 16:17:30 
26-Apr-19, 16:17:31 
26-Apr-19, 16:17:35 
26-Apr-19, 16:17:36 
26-Apr-19, 16:17:40 
26-Apr-19, 16:17:41 
26-Apr-19, 16:17:46 
26-Apr-19, 16:17:50 
26-Apr-19, 16:17:51 
26-Apr-19, 16:17:55 
26-Apr-19, 16:17:56 
26-Apr-19, 16:18:00 
26-Apr-19, 16:18:01 
26-Apr-19, 16:18:05 
26-Apr-19, 16:18:06 
26-Apr-19, 16:18:10 
26-Apr-19, 16:18:16 
26-Apr-19, 16:18:20 
26-Apr-19, 16:18:21 
26-Apr-19, 16:18:26 
26-Apr-19, 16:18:30 
26-Apr-19, 16:18:31 
26-Apr-19, 16:18:35 
26-Apr-19, 16:18:36 
26-Apr-19, 16:18:40 
26-Apr-19, 16:18:41 
26-Apr-19, 16:18:45 
26-Apr-19, 16:18:46 
26-Apr-19, 16:18:50 
26-Apr-19, 16:18:51 
26-Apr-19, 16:18:56 
26-Apr-19, 16:19:00 
26-Apr-19, 16:19:01 
26-Apr-19, 16:19:05 
26-Apr-19, 16:19:06 
26-Apr-19, 16:19:10 
26-Apr-19, 16:19:11 
26-Apr-19, 16:19:20 
26-Apr-19, 16:19:21 
26-Apr-19, 16:19:25 
26-Apr-19, 16:19:26 
26-Apr-19, 16:19:30 
26-Apr-19, 16:19:31 
26-Apr-19, 16:19:35 
26-Apr-19, 16:19:36 
26-Apr-19, 16:19:40 
26-Apr-19, 16:19:41 
26-Apr-19, 16:19:45 
26-Apr-19, 16:19:46 
26-Apr-19, 16:19:50 
26-Apr-19, 16:19:51 
26-Apr-19, 16:19:55 
26-Apr-19, 16:19:56 
26-Apr-19, 16:20:00 
26-Apr-19, 16:20:01 
26-Apr-19, 16:20:05 
26-Apr-19, 16:20:06 
26-Apr-19, 16:20:10 
26-Apr-19, 16:20:11 
26-Apr-19, 16:20:20 
26-Apr-19, 16:20:21 
26-Apr-19, 16:20:25 
26-Apr-19, 16:20:30 
26-Apr-19, 16:20:31 
26-Apr-19, 16:20:35 
26-Apr-19, 16:20:36 
26-Apr-19, 16:20:40 
26-Apr-19, 16:20:41 
26-Apr-19, 16:20:45 
26-Apr-19, 16:20:46 
26-Apr-19, 16:20:50 
26-Apr-19, 16:20:51 
26-Apr-19, 16:20:55 
26-Apr-19, 16:20:56 
26-Apr-19, 16:21:00 
26-Apr-19, 16:21:01 
26-Apr-19, 16:21:05 
26-Apr-19, 16:21:06 
26-Apr-19, 16:21:10 
26-Apr-19, 16:21:11 
26-Apr-19, 16:21:20 
26-Apr-19, 16:21:21 
26-Apr-19, 16:21:25 
26-Apr-19, 16:21:26 
26-Apr-19, 16:21:30 
26-Apr-19, 16:21:31 
26-Apr-19, 16:21:35 
26-Apr-19, 16:21:36 
26-Apr-19, 16:21:41 
26-Apr-19, 16:21:41 
26-Apr-19, 16:21:46 
26-Apr-19, 16:21:46 
26-Apr-19, 16:21:51 
26-Apr-19, 16:21:51 
26-Apr-19, 16:22:01 
26-Apr-19, 16:22:01 
26-Apr-19, 16:22:06 
26-Apr-19, 16:22:07 
26-Apr-19, 16:22:11 
26-Apr-19, 16:22:21 
26-Apr-19, 16:22:22 
26-Apr-19, 16:22:26 
26-Apr-19, 16:22:27 
26-Apr-19, 16:22:32 
26-Apr-19, 16:22:36 
26-Apr-19, 16:22:37 
26-Apr-19, 16:22:41 
26-Apr-19, 16:22:42 
26-Apr-19, 16:22:46 
26-Apr-19, 16:22:47 
26-Apr-19, 16:22:51 
26-Apr-19, 16:22:52 
26-Apr-19, 16:22:56 
26-Apr-19, 16:22:57 
26-Apr-19, 16:23:01 
26-Apr-19, 16:23:02 
26-Apr-19, 16:23:06 
26-Apr-19, 16:23:07 
26-Apr-19, 16:23:11 
26-Apr-19, 16:23:17 
26-Apr-19, 16:23:21 
26-Apr-19, 16:23:22 
26-Apr-19, 16:23:26 
26-Apr-19, 16:23:27 
26-Apr-19, 16:23:31 
26-Apr-19, 16:23:32 
26-Apr-19, 16:23:36 
26-Apr-19, 16:23:37 
26-Apr-19, 16:23:41 
26-Apr-19, 16:23:42 
26-Apr-19, 16:23:46 
26-Apr-19, 16:23:47 
26-Apr-19, 16:23:51 
26-Apr-19, 16:23:52 
26-Apr-19, 16:23:56 
26-Apr-19, 16:23:57 
26-Apr-19, 16:24:01 
26-Apr-19, 16:24:02 
26-Apr-19, 16:24:06 
26-Apr-19, 16:24:07 
26-Apr-19, 16:24:11 
26-Apr-19, 16:24:21 
26-Apr-19, 16:24:22 
26-Apr-19, 16:24:26 
26-Apr-19, 16:24:27 
26-Apr-19, 16:24:31 
26-Apr-19, 16:24:32 
26-Apr-19, 16:24:36 
26-Apr-19, 16:24:37 
26-Apr-19, 16:24:41 
26-Apr-19, 16:24:42 
26-Apr-19, 16:24:46 
26-Apr-19, 16:24:47 
26-Apr-19, 16:24:51 
26-Apr-19, 16:24:52 
26-Apr-19, 16:24:56 
26-Apr-19, 16:24:57 
26-Apr-19, 16:25:01 
26-Apr-19, 16:25:02 
26-Apr-19, 16:25:06 
26-Apr-19, 16:25:07 
26-Apr-19, 16:25:11 
26-Apr-19, 16:25:16 
26-Apr-19, 16:25:21 
26-Apr-19, 16:25:22 
26-Apr-19, 16:25:26 
26-Apr-19, 16:25:27 
26-Apr-19, 16:25:31 
26-Apr-19, 16:25:32 
26-Apr-19, 16:25:36 
26-Apr-19, 16:25:37 
26-Apr-19, 16:25:41 
26-Apr-19, 16:25:42 
26-Apr-19, 16:25:47 
26-Apr-19, 16:25:51 
26-Apr-19, 16:25:52 
26-Apr-19, 16:25:56 
26-Apr-19, 16:25:57 
26-Apr-19, 16:26:01 
26-Apr-19, 16:26:02 
26-Apr-19, 16:26:06 
26-Apr-19, 16:26:07 
26-Apr-19, 16:26:11 
26-Apr-19, 16:26:21 
26-Apr-19, 16:26:26 
26-Apr-19, 16:26:27 
26-Apr-19, 16:26:31 
26-Apr-19, 16:26:32 
26-Apr-19, 16:26:36 
26-Apr-19, 16:26:37 
26-Apr-19, 16:26:41 
26-Apr-19, 16:26:42 
26-Apr-19, 16:26:46 
26-Apr-19, 16:26:47 
26-Apr-19, 16:26:51 
26-Apr-19, 16:26:52 
26-Apr-19, 16:26:56 
26-Apr-19, 16:26:57 
26-Apr-19, 16:27:01 
26-Apr-19, 16:27:02 
26-Apr-19, 16:27:06 
26-Apr-19, 16:27:07 
26-Apr-19, 16:27:11 
26-Apr-19, 16:27:26 
26-Apr-19, 16:27:27 
26-Apr-19, 16:27:31 
26-Apr-19, 16:27:32 
26-Apr-19, 16:27:36 
26-Apr-19, 16:27:37 
26-Apr-19, 16:27:41 
26-Apr-19, 16:27:42 
26-Apr-19, 16:27:46 
26-Apr-19, 16:27:47 
26-Apr-19, 16:27:51 
26-Apr-19, 16:27:52 
26-Apr-19, 16:27:56 
26-Apr-19, 16:28:01 
26-Apr-19, 16:28:02 
26-Apr-19, 16:28:06 
26-Apr-19, 16:28:07 
26-Apr-19, 16:28:11 
26-Apr-19, 16:28:16 
26-Apr-19, 16:28:17 
26-Apr-19, 16:28:21 
26-Apr-19, 16:28:22 
26-Apr-19, 16:28:26 
26-Apr-19, 16:28:27 
26-Apr-19, 16:28:31 
26-Apr-19, 16:28:32 
26-Apr-19, 16:28:36 
26-Apr-19, 16:28:37 
26-Apr-19, 16:28:41 
26-Apr-19, 16:28:42 
26-Apr-19, 16:28:46 
26-Apr-19, 16:28:47 
26-Apr-19, 16:28:51 
26-Apr-19, 16:28:52 
26-Apr-19, 16:28:56 
26-Apr-19, 16:28:57 
26-Apr-19, 16:29:01 
26-Apr-19, 16:29:02 
26-Apr-19, 16:29:06 
26-Apr-19, 16:29:07 
26-Apr-19, 16:29:11 
26-Apr-19, 16:29:17 
26-Apr-19, 16:29:21 
26-Apr-19, 16:29:22 
26-Apr-19, 16:29:27 
26-Apr-19, 16:29:31 
26-Apr-19, 16:29:32 
26-Apr-19, 16:29:36 
26-Apr-19, 16:29:37 
26-Apr-19, 16:29:41 
26-Apr-19, 16:29:42 
26-Apr-19, 16:29:46 
26-Apr-19, 16:29:47 
26-Apr-19, 16:29:51 
26-Apr-19, 16:29:52 
26-Apr-19, 16:29:56 
26-Apr-19, 16:30:01 
26-Apr-19, 16:30:02 
26-Apr-19, 16:30:06 
26-Apr-19, 16:30:07 
26-Apr-19, 16:30:11 
26-Apr-19, 16:30:21 
26-Apr-19, 16:30:22 
26-Apr-19, 16:30:26 
26-Apr-19, 16:30:27 
26-Apr-19, 16:30:31 
26-Apr-19, 16:30:32 
26-Apr-19, 16:30:36 
26-Apr-19, 16:30:37 
26-Apr-19, 16:30:41 
26-Apr-19, 16:30:42 
26-Apr-19, 16:30:46 
26-Apr-19, 16:30:47 
26-Apr-19, 16:30:51 
26-Apr-19, 16:30:52 
26-Apr-19, 16:30:56 
26-Apr-19, 16:30:57 
26-Apr-19, 16:31:02 
26-Apr-19, 16:31:06 
26-Apr-19, 16:31:07 
26-Apr-19, 16:31:09 
26-Apr-19, 16:31:11 
26-Apr-19, 16:31:19 
26-Apr-19, 16:31:21 
26-Apr-19, 16:31:22 
26-Apr-19, 16:31:24 
26-Apr-19, 16:31:27 
26-Apr-19, 16:31:29 
26-Apr-19, 16:31:31 
26-Apr-19, 16:31:32 
26-Apr-19, 16:31:34 
26-Apr-19, 16:31:36 
26-Apr-19, 16:31:37 
26-Apr-19, 16:31:39 
26-Apr-19, 16:31:41 
26-Apr-19, 16:31:42 
26-Apr-19, 16:31:44 
26-Apr-19, 16:31:46 
26-Apr-19, 16:31:47 
26-Apr-19, 16:31:51 
26-Apr-19, 16:31:52 
26-Apr-19, 16:31:54 
26-Apr-19, 16:31:56 
26-Apr-19, 16:31:57 
26-Apr-19, 16:31:59 
26-Apr-19, 16:32:01 
26-Apr-19, 16:32:02 
26-Apr-19, 16:32:04 
26-Apr-19, 16:32:06 
26-Apr-19, 16:32:07 
26-Apr-19, 16:32:09 
26-Apr-19, 16:32:11 
26-Apr-19, 16:32:19 
26-Apr-19, 16:32:21 
26-Apr-19, 16:32:24 
26-Apr-19, 16:32:27 
26-Apr-19, 16:32:29 
26-Apr-19, 16:32:31 
26-Apr-19, 16:32:32 
26-Apr-19, 16:32:36 
26-Apr-19, 16:32:37 
26-Apr-19, 16:32:39 
26-Apr-19, 16:32:41 
26-Apr-19, 16:32:44 
26-Apr-19, 16:32:46 
26-Apr-19, 16:32:47 
26-Apr-19, 16:32:49 
26-Apr-19, 16:32:52 
26-Apr-19, 16:32:54 
26-Apr-19, 16:32:56 
26-Apr-19, 16:32:57 
26-Apr-19, 16:32:59 
26-Apr-19, 16:33:01 
26-Apr-19, 16:33:04 
26-Apr-19, 16:33:06 
26-Apr-19, 16:33:09 
26-Apr-19, 16:33:11 
26-Apr-19, 16:33:14 
26-Apr-19, 16:33:16 
26-Apr-19, 16:33:17 
26-Apr-19, 16:33:19 
26-Apr-19, 16:33:21 
26-Apr-19, 16:33:24 
26-Apr-19, 16:33:26 
26-Apr-19, 16:33:27 
26-Apr-19, 16:33:29 
26-Apr-19, 16:33:31 
26-Apr-19, 16:33:32 
26-Apr-19, 16:33:34 
26-Apr-19, 16:33:36 
26-Apr-19, 16:33:37 
26-Apr-19, 16:33:39 
26-Apr-19, 16:33:41 
26-Apr-19, 16:33:44 
26-Apr-19, 16:33:46 
26-Apr-19, 16:33:49 
26-Apr-19, 16:33:51 
26-Apr-19, 16:33:52 
26-Apr-19, 16:33:54 
26-Apr-19, 16:33:56 
26-Apr-19, 16:33:56 
26-Apr-19, 16:33:57 
26-Apr-19, 16:33:59 
26-Apr-19, 16:34:01 
26-Apr-19, 16:34:01 
26-Apr-19, 16:34:06 
26-Apr-19, 16:34:06 
26-Apr-19, 16:34:07 
26-Apr-19, 16:34:09 
26-Apr-19, 16:34:11 
26-Apr-19, 16:34:11 
26-Apr-19, 16:34:16 
26-Apr-19, 16:34:16 
26-Apr-19, 16:34:19 
26-Apr-19, 16:34:21 
26-Apr-19, 16:34:21 
26-Apr-19, 16:34:24 
26-Apr-19, 16:34:26 
26-Apr-19, 16:34:26 
26-Apr-19, 16:34:27 
26-Apr-19, 16:34:29 
26-Apr-19, 16:34:31 
26-Apr-19, 16:34:31 
26-Apr-19, 16:34:32 
26-Apr-19, 16:34:34 
26-Apr-19, 16:34:36 
26-Apr-19, 16:34:36 
26-Apr-19, 16:34:37 
26-Apr-19, 16:34:39 
26-Apr-19, 16:34:41 
26-Apr-19, 16:34:41 
26-Apr-19, 16:34:44 
26-Apr-19, 16:34:46 
26-Apr-19, 16:34:46 
26-Apr-19, 16:34:47 
26-Apr-19, 16:34:49 
26-Apr-19, 16:34:51 
26-Apr-19, 16:34:51 
26-Apr-19, 16:34:52 
26-Apr-19, 16:34:52 
26-Apr-19, 16:34:53 
26-Apr-19, 16:34:56 
26-Apr-19, 16:34:56 
26-Apr-19, 16:34:57 
26-Apr-19, 16:34:57 
26-Apr-19, 16:34:59 
26-Apr-19, 16:35:01 
26-Apr-19, 16:35:01 
26-Apr-19, 16:35:03 
26-Apr-19, 16:35:04 
26-Apr-19, 16:35:06 
26-Apr-19, 16:35:06 
26-Apr-19, 16:35:07 
26-Apr-19, 16:35:07 
26-Apr-19, 16:35:09 
26-Apr-19, 16:35:11 
26-Apr-19, 16:35:11 
26-Apr-19, 16:35:13 
26-Apr-19, 16:35:19 
26-Apr-19, 16:35:21 
26-Apr-19, 16:35:21 
26-Apr-19, 16:35:24 
26-Apr-19, 16:35:26 
26-Apr-19, 16:35:26 
26-Apr-19, 16:35:27 
26-Apr-19, 16:35:27 
26-Apr-19, 16:35:29 
26-Apr-19, 16:35:31 
26-Apr-19, 16:35:31 
26-Apr-19, 16:35:32 
26-Apr-19, 16:35:32 
26-Apr-19, 16:35:33 
26-Apr-19, 16:35:34 
26-Apr-19, 16:35:36 
26-Apr-19, 16:35:36 
26-Apr-19, 16:35:37 
26-Apr-19, 16:35:37 
26-Apr-19, 16:35:39 
26-Apr-19, 16:35:41 
26-Apr-19, 16:35:41 
26-Apr-19, 16:35:43 
26-Apr-19, 16:35:44 
26-Apr-19, 16:35:46 
26-Apr-19, 16:35:46 
26-Apr-19, 16:35:47 
26-Apr-19, 16:35:47 
26-Apr-19, 16:35:49 
26-Apr-19, 16:35:51 
26-Apr-19, 16:35:51 
26-Apr-19, 16:35:52 
26-Apr-19, 16:35:53 
26-Apr-19, 16:35:53 
26-Apr-19, 16:35:54 
26-Apr-19, 16:35:56 
26-Apr-19, 16:35:56 
26-Apr-19, 16:35:57 
26-Apr-19, 16:35:59 
26-Apr-19, 16:36:01 
26-Apr-19, 16:36:01 
26-Apr-19, 16:36:03 
26-Apr-19, 16:36:03 
26-Apr-19, 16:36:04 
26-Apr-19, 16:36:06 
26-Apr-19, 16:36:06 
26-Apr-19, 16:36:07 
26-Apr-19, 16:36:09 
26-Apr-19, 16:36:11 
26-Apr-19, 16:36:11 
26-Apr-19, 16:36:13 
26-Apr-19, 16:36:13 
26-Apr-19, 16:36:19 
26-Apr-19, 16:36:21 
26-Apr-19, 16:36:21 
26-Apr-19, 16:36:23 
26-Apr-19, 16:36:23 
26-Apr-19, 16:36:24 
26-Apr-19, 16:36:26 
26-Apr-19, 16:36:26 
26-Apr-19, 16:36:27 
26-Apr-19, 16:36:29 
26-Apr-19, 16:36:31 
26-Apr-19, 16:36:31 
26-Apr-19, 16:36:32 
26-Apr-19, 16:36:33 
26-Apr-19, 16:36:33 
26-Apr-19, 16:36:34 
26-Apr-19, 16:36:36 
26-Apr-19, 16:36:36 
26-Apr-19, 16:36:37 
26-Apr-19, 16:36:39 
26-Apr-19, 16:36:41 
26-Apr-19, 16:36:41 
26-Apr-19, 16:36:43 
26-Apr-19, 16:36:43 
26-Apr-19, 16:36:44 
26-Apr-19, 16:36:46 
26-Apr-19, 16:36:46 
26-Apr-19, 16:36:47 
26-Apr-19, 16:36:49 
26-Apr-19, 16:36:51 
26-Apr-19, 16:36:51 
26-Apr-19, 16:36:52 
26-Apr-19, 16:36:53 
26-Apr-19, 16:36:53 
26-Apr-19, 16:36:54 
26-Apr-19, 16:36:56 
26-Apr-19, 16:36:56 
26-Apr-19, 16:36:57 
26-Apr-19, 16:36:59 
26-Apr-19, 16:37:01 
26-Apr-19, 16:37:01 
26-Apr-19, 16:37:06 
26-Apr-19, 16:37:06 
26-Apr-19, 16:37:07 
26-Apr-19, 16:37:09 
26-Apr-19, 16:37:11 
26-Apr-19, 16:37:11 
26-Apr-19, 16:37:14 
26-Apr-19, 16:37:16 
26-Apr-19, 16:37:16 
26-Apr-19, 16:37:19 
26-Apr-19, 16:37:21 
26-Apr-19, 16:37:21 
26-Apr-19, 16:37:24 
26-Apr-19, 16:37:26 
26-Apr-19, 16:37:26 
26-Apr-19, 16:37:27 
26-Apr-19, 16:37:29 
26-Apr-19, 16:37:31 
26-Apr-19, 16:37:32 
26-Apr-19, 16:37:32 
26-Apr-19, 16:37:33 
26-Apr-19, 16:37:33 
26-Apr-19, 16:37:34 
26-Apr-19, 16:37:36 
26-Apr-19, 16:37:37 
26-Apr-19, 16:37:37 
26-Apr-19, 16:37:39 
26-Apr-19, 16:37:41 
26-Apr-19, 16:37:44 
26-Apr-19, 16:37:46 
26-Apr-19, 16:37:47 
26-Apr-19, 16:37:47 
26-Apr-19, 16:37:49 
26-Apr-19, 16:37:51 
26-Apr-19, 16:37:52 
26-Apr-19, 16:37:52 
26-Apr-19, 16:37:53 
26-Apr-19, 16:37:53 
26-Apr-19, 16:37:54 
26-Apr-19, 16:37:56 
26-Apr-19, 16:37:57 
26-Apr-19, 16:37:57 
26-Apr-19, 16:37:59 
26-Apr-19, 16:38:01 
26-Apr-19, 16:38:03 
26-Apr-19, 16:38:03 
26-Apr-19, 16:38:04 
26-Apr-19, 16:38:06 
26-Apr-19, 16:38:07 
26-Apr-19, 16:38:07 
26-Apr-19, 16:38:09 
26-Apr-19, 16:38:11 
26-Apr-19, 16:38:16 
26-Apr-19, 16:38:18 
26-Apr-19, 16:38:18 
26-Apr-19, 16:38:21 
26-Apr-19, 16:38:23 
26-Apr-19, 16:38:23 
26-Apr-19, 16:38:24 
26-Apr-19, 16:38:26 
26-Apr-19, 16:38:27 
26-Apr-19, 16:38:27 
26-Apr-19, 16:38:29 
26-Apr-19, 16:38:31 
26-Apr-19, 16:38:32 
26-Apr-19, 16:38:32 
26-Apr-19, 16:38:33 
26-Apr-19, 16:38:33 
26-Apr-19, 16:38:34 
26-Apr-19, 16:38:36 
26-Apr-19, 16:38:37 
26-Apr-19, 16:38:37 
26-Apr-19, 16:38:39 
26-Apr-19, 16:38:41 
26-Apr-19, 16:38:43 
26-Apr-19, 16:38:43 
26-Apr-19, 16:38:44 
26-Apr-19, 16:38:46 
26-Apr-19, 16:38:47 
26-Apr-19, 16:38:47 
26-Apr-19, 16:38:49 
26-Apr-19, 16:38:51 
26-Apr-19, 16:38:52 
26-Apr-19, 16:38:52 
26-Apr-19, 16:38:53 
26-Apr-19, 16:38:53 
26-Apr-19, 16:38:54 
26-Apr-19, 16:38:56 
26-Apr-19, 16:38:57 
26-Apr-19, 16:38:57 
26-Apr-19, 16:38:59 
26-Apr-19, 16:39:01 
26-Apr-19, 16:39:03 
26-Apr-19, 16:39:03 
26-Apr-19, 16:39:04 
26-Apr-19, 16:39:06 
26-Apr-19, 16:39:07 
26-Apr-19, 16:39:07 
26-Apr-19, 16:39:09 
26-Apr-19, 16:39:11 
26-Apr-19, 16:39:17 
26-Apr-19, 16:39:17 
26-Apr-19, 16:39:19 
26-Apr-19, 16:39:21 
26-Apr-19, 16:39:23 
26-Apr-19, 16:39:23 
26-Apr-19, 16:39:24 
26-Apr-19, 16:39:26 
26-Apr-19, 16:39:27 
26-Apr-19, 16:39:27 
26-Apr-19, 16:39:29 
26-Apr-19, 16:39:31 
26-Apr-19, 16:39:32 
26-Apr-19, 16:39:32 
26-Apr-19, 16:39:33 
26-Apr-19, 16:39:33 
26-Apr-19, 16:39:34 
26-Apr-19, 16:39:36 
26-Apr-19, 16:39:37 
26-Apr-19, 16:39:37 
26-Apr-19, 16:39:39 
26-Apr-19, 16:39:41 
26-Apr-19, 16:39:43 
26-Apr-19, 16:39:43 
26-Apr-19, 16:39:44 
26-Apr-19, 16:39:46 
26-Apr-19, 16:39:47 
26-Apr-19, 16:39:47 
26-Apr-19, 16:39:49 
26-Apr-19, 16:39:51 
26-Apr-19, 16:39:52 
26-Apr-19, 16:39:52 
26-Apr-19, 16:39:53 
26-Apr-19, 16:39:53 
26-Apr-19, 16:39:56 
26-Apr-19, 16:39:57 
26-Apr-19, 16:39:57 
26-Apr-19, 16:39:59 
26-Apr-19, 16:40:01 
26-Apr-19, 16:40:02 
26-Apr-19, 16:40:02 
26-Apr-19, 16:40:03 
26-Apr-19, 16:40:03 
26-Apr-19, 16:40:04 
26-Apr-19, 16:40:06 
26-Apr-19, 16:40:07 
26-Apr-19, 16:40:07 
26-Apr-19, 16:40:09 
26-Apr-19, 16:40:11 
26-Apr-19, 16:40:16 
26-Apr-19, 16:40:17 
26-Apr-19, 16:40:17 
26-Apr-19, 16:40:20 
26-Apr-19, 16:40:21 
26-Apr-19, 16:40:23 
26-Apr-19, 16:40:23 
26-Apr-19, 16:40:26 
26-Apr-19, 16:40:27 
26-Apr-19, 16:40:27 
26-Apr-19, 16:40:29 
26-Apr-19, 16:40:30 
26-Apr-19, 16:40:31 
26-Apr-19, 16:40:32 
26-Apr-19, 16:40:32 
26-Apr-19, 16:40:33 
26-Apr-19, 16:40:34 
26-Apr-19, 16:40:35 
26-Apr-19, 16:40:36 
26-Apr-19, 16:40:39 
26-Apr-19, 16:40:40 
26-Apr-19, 16:40:41 
26-Apr-19, 16:40:43 
26-Apr-19, 16:40:44 
26-Apr-19, 16:40:45 
26-Apr-19, 16:40:46 
26-Apr-19, 16:40:47 
26-Apr-19, 16:40:47 
26-Apr-19, 16:40:49 
26-Apr-19, 16:40:50 
26-Apr-19, 16:40:51 
26-Apr-19, 16:40:52 
26-Apr-19, 16:40:52 
26-Apr-19, 16:40:54 
26-Apr-19, 16:40:55 
26-Apr-19, 16:40:56 
26-Apr-19, 16:40:57 
26-Apr-19, 16:40:57 
26-Apr-19, 16:40:59 
26-Apr-19, 16:41:00 
26-Apr-19, 16:41:01 
26-Apr-19, 16:41:03 
26-Apr-19, 16:41:04 
26-Apr-19, 16:41:05 
26-Apr-19, 16:41:07 
26-Apr-19, 16:41:07 
26-Apr-19, 16:41:09 
26-Apr-19, 16:41:10 
26-Apr-19, 16:41:11 
26-Apr-19, 16:41:13 
26-Apr-19, 16:41:17 
26-Apr-19, 16:41:17 
26-Apr-19, 16:41:19 
26-Apr-19, 16:41:20 
26-Apr-19, 16:41:21 
26-Apr-19, 16:41:24 
26-Apr-19, 16:41:25 
26-Apr-19, 16:41:26 
26-Apr-19, 16:41:27 
26-Apr-19, 16:41:27 
26-Apr-19, 16:41:29 
26-Apr-19, 16:41:30 
26-Apr-19, 16:41:31 
26-Apr-19, 16:41:32 
26-Apr-19, 16:41:32 
26-Apr-19, 16:41:33 
26-Apr-19, 16:41:34 
26-Apr-19, 16:41:35 
26-Apr-19, 16:41:36 
26-Apr-19, 16:41:37 
26-Apr-19, 16:41:37 
26-Apr-19, 16:41:39 
26-Apr-19, 16:41:40 
26-Apr-19, 16:41:41 
26-Apr-19, 16:41:43 
26-Apr-19, 16:41:44 
26-Apr-19, 16:41:45 
26-Apr-19, 16:41:46 
26-Apr-19, 16:41:47 
26-Apr-19, 16:41:47 
26-Apr-19, 16:41:49 
26-Apr-19, 16:41:50 
26-Apr-19, 16:41:51 
26-Apr-19, 16:41:52 
26-Apr-19, 16:41:52 
26-Apr-19, 16:41:53 
26-Apr-19, 16:41:54 
26-Apr-19, 16:41:55 
26-Apr-19, 16:41:56 
26-Apr-19, 16:41:57 
26-Apr-19, 16:41:57 
26-Apr-19, 16:41:59 
26-Apr-19, 16:42:00 
26-Apr-19, 16:42:01 
26-Apr-19, 16:42:03 
26-Apr-19, 16:42:04 
26-Apr-19, 16:42:05 
26-Apr-19, 16:42:06 
26-Apr-19, 16:42:07 
26-Apr-19, 16:42:07 
26-Apr-19, 16:42:09 
26-Apr-19, 16:42:10 
26-Apr-19, 16:42:11 
26-Apr-19, 16:42:13 
26-Apr-19, 16:42:17 
26-Apr-19, 16:42:17 
26-Apr-19, 16:42:19 
26-Apr-19, 16:42:20 
26-Apr-19, 16:42:21 
26-Apr-19, 16:42:24 
26-Apr-19, 16:42:25 
26-Apr-19, 16:42:26 
26-Apr-19, 16:42:27 
26-Apr-19, 16:42:27 
26-Apr-19, 16:42:29 
26-Apr-19, 16:42:30 
26-Apr-19, 16:42:31 
26-Apr-19, 16:42:32 
26-Apr-19, 16:42:32 
26-Apr-19, 16:42:33 
26-Apr-19, 16:42:34 
26-Apr-19, 16:42:35 
26-Apr-19, 16:42:36 
26-Apr-19, 16:42:37 
26-Apr-19, 16:42:37 
26-Apr-19, 16:42:39 
26-Apr-19, 16:42:40 
26-Apr-19, 16:42:41 
26-Apr-19, 16:42:43 
26-Apr-19, 16:42:44 
26-Apr-19, 16:42:45 
26-Apr-19, 16:42:46 
26-Apr-19, 16:42:47 
26-Apr-19, 16:42:47 
26-Apr-19, 16:42:49 
26-Apr-19, 16:42:50 
26-Apr-19, 16:42:51 
26-Apr-19, 16:42:52 
26-Apr-19, 16:42:52 
26-Apr-19, 16:42:53 
26-Apr-19, 16:42:54 
26-Apr-19, 16:42:55 
26-Apr-19, 16:42:56 
26-Apr-19, 16:42:57 
26-Apr-19, 16:42:57 
26-Apr-19, 16:42:59 
26-Apr-19, 16:43:00 
26-Apr-19, 16:43:01 
26-Apr-19, 16:43:03 
26-Apr-19, 16:43:04 
26-Apr-19, 16:43:05 
26-Apr-19, 16:43:06 
26-Apr-19, 16:43:07 
26-Apr-19, 16:43:07 
26-Apr-19, 16:43:09 
26-Apr-19, 16:43:10 
26-Apr-19, 16:43:11 
26-Apr-19, 16:43:14 
26-Apr-19, 16:43:16 
26-Apr-19, 16:43:19 
26-Apr-19, 16:43:20 
26-Apr-19, 16:43:21 
26-Apr-19, 16:43:23 
26-Apr-19, 16:43:24 
26-Apr-19, 16:43:25 
26-Apr-19, 16:43:26 
26-Apr-19, 16:43:27 
26-Apr-19, 16:43:27 
26-Apr-19, 16:43:29 
26-Apr-19, 16:43:30 
26-Apr-19, 16:43:31 
26-Apr-19, 16:43:32 
26-Apr-19, 16:43:32 
26-Apr-19, 16:43:33 
26-Apr-19, 16:43:34 
26-Apr-19, 16:43:35 
26-Apr-19, 16:43:36 
26-Apr-19, 16:43:37 
26-Apr-19, 16:43:37 
26-Apr-19, 16:43:39 
26-Apr-19, 16:43:40 
26-Apr-19, 16:43:41 
26-Apr-19, 16:43:43 
26-Apr-19, 16:43:44 
26-Apr-19, 16:43:45 
26-Apr-19, 16:43:46 
26-Apr-19, 16:43:47 
26-Apr-19, 16:43:47 
26-Apr-19, 16:43:49 
26-Apr-19, 16:43:50 
26-Apr-19, 16:43:51 
26-Apr-19, 16:43:52 
26-Apr-19, 16:43:52 
26-Apr-19, 16:43:53 
26-Apr-19, 16:43:54 
26-Apr-19, 16:43:55 
26-Apr-19, 16:43:56 
26-Apr-19, 16:43:57 
26-Apr-19, 16:43:57 
26-Apr-19, 16:43:59 
26-Apr-19, 16:44:00 
26-Apr-19, 16:44:01 
26-Apr-19, 16:44:03 
26-Apr-19, 16:44:06 
26-Apr-19, 16:44:07 
26-Apr-19, 16:44:07 
26-Apr-19, 16:44:09 
26-Apr-19, 16:44:10 
26-Apr-19, 16:44:11 
26-Apr-19, 16:44:15 
26-Apr-19, 16:44:16 
26-Apr-19, 16:44:19 
26-Apr-19, 16:44:20 
26-Apr-19, 16:44:21 
26-Apr-19, 16:44:22 
26-Apr-19, 16:44:22 
26-Apr-19, 16:44:23 
26-Apr-19, 16:44:24 
26-Apr-19, 16:44:25 
26-Apr-19, 16:44:26 
26-Apr-19, 16:44:27 
26-Apr-19, 16:44:27 
26-Apr-19, 16:44:29 
26-Apr-19, 16:44:30 
26-Apr-19, 16:44:31 
26-Apr-19, 16:44:32 
26-Apr-19, 16:44:32 
26-Apr-19, 16:44:33 
26-Apr-19, 16:44:34 
26-Apr-19, 16:44:35 
26-Apr-19, 16:44:36 
26-Apr-19, 16:44:37 
26-Apr-19, 16:44:37 
26-Apr-19, 16:44:39 
26-Apr-19, 16:44:40 
26-Apr-19, 16:44:41 
26-Apr-19, 16:44:43 
26-Apr-19, 16:44:44 
26-Apr-19, 16:44:45 
26-Apr-19, 16:44:46 
26-Apr-19, 16:44:47 
26-Apr-19, 16:44:47 
26-Apr-19, 16:44:49 
26-Apr-19, 16:44:50 
26-Apr-19, 16:44:52 
26-Apr-19, 16:44:52 
26-Apr-19, 16:44:52 
26-Apr-19, 16:44:53 
26-Apr-19, 16:44:54 
26-Apr-19, 16:44:55 
26-Apr-19, 16:44:59 
26-Apr-19, 16:45:00 
26-Apr-19, 16:45:03 
26-Apr-19, 16:45:04 
26-Apr-19, 16:45:05 
26-Apr-19, 16:45:07 
26-Apr-19, 16:45:07 
26-Apr-19, 16:45:07 
26-Apr-19, 16:45:09 
26-Apr-19, 16:45:10 
26-Apr-19, 16:45:13 
26-Apr-19, 16:45:20 
26-Apr-19, 16:45:23 
26-Apr-19, 16:45:24 
26-Apr-19, 16:45:25 
26-Apr-19, 16:45:27 
26-Apr-19, 16:45:27 
26-Apr-19, 16:45:27 
26-Apr-19, 16:45:29 
26-Apr-19, 16:45:30 
26-Apr-19, 16:45:32 
26-Apr-19, 16:45:32 
26-Apr-19, 16:45:32 
26-Apr-19, 16:45:33 
26-Apr-19, 16:45:34 
26-Apr-19, 16:45:35 
26-Apr-19, 16:45:37 
26-Apr-19, 16:45:37 
26-Apr-19, 16:45:37 
26-Apr-19, 16:45:39 
26-Apr-19, 16:45:40 
26-Apr-19, 16:45:43 
26-Apr-19, 16:45:44 
26-Apr-19, 16:45:45 
26-Apr-19, 16:45:47 
26-Apr-19, 16:45:47 
26-Apr-19, 16:45:47 
26-Apr-19, 16:45:49 
26-Apr-19, 16:45:50 
26-Apr-19, 16:45:52 
26-Apr-19, 16:45:52 
26-Apr-19, 16:45:52 
26-Apr-19, 16:45:53 
26-Apr-19, 16:45:54 
26-Apr-19, 16:45:55 
26-Apr-19, 16:45:57 
26-Apr-19, 16:45:57 
26-Apr-19, 16:45:57 
26-Apr-19, 16:45:59 
26-Apr-19, 16:46:00 
26-Apr-19, 16:46:03 
26-Apr-19, 16:46:04 
26-Apr-19, 16:46:05 
26-Apr-19, 16:46:07 
26-Apr-19, 16:46:07 
26-Apr-19, 16:46:07 
26-Apr-19, 16:46:09 
26-Apr-19, 16:46:10 
26-Apr-19, 16:46:13 
26-Apr-19, 16:46:19 
26-Apr-19, 16:46:20 
26-Apr-19, 16:46:24 
26-Apr-19, 16:46:25 
26-Apr-19, 16:46:27 
26-Apr-19, 16:46:27 
26-Apr-19, 16:46:27 
26-Apr-19, 16:46:29 
26-Apr-19, 16:46:30 
26-Apr-19, 16:46:32 
26-Apr-19, 16:46:32 
26-Apr-19, 16:46:32 
26-Apr-19, 16:46:33 
26-Apr-19, 16:46:34 
26-Apr-19, 16:46:35 
26-Apr-19, 16:46:37 
26-Apr-19, 16:46:37 
26-Apr-19, 16:46:37 
26-Apr-19, 16:46:39 
26-Apr-19, 16:46:40 
26-Apr-19, 16:46:43 
26-Apr-19, 16:46:44 
26-Apr-19, 16:46:45 
26-Apr-19, 16:46:47 
26-Apr-19, 16:46:47 
26-Apr-19, 16:46:47 
26-Apr-19, 16:46:49 
26-Apr-19, 16:46:50 
26-Apr-19, 16:46:52 
26-Apr-19, 16:46:52 
26-Apr-19, 16:46:52 
26-Apr-19, 16:46:53 
26-Apr-19, 16:46:54 
26-Apr-19, 16:46:55 
26-Apr-19, 16:46:57 
26-Apr-19, 16:46:57 
26-Apr-19, 16:46:57 
26-Apr-19, 16:46:59 
26-Apr-19, 16:47:00 
26-Apr-19, 16:47:03 
26-Apr-19, 16:47:04 
26-Apr-19, 16:47:05 
26-Apr-19, 16:47:07 
26-Apr-19, 16:47:07 
26-Apr-19, 16:47:07 
26-Apr-19, 16:47:09 
26-Apr-19, 16:47:10 
26-Apr-19, 16:47:19 
26-Apr-19, 16:47:20 
26-Apr-19, 16:47:23 
26-Apr-19, 16:47:24 
26-Apr-19, 16:47:25 
26-Apr-19, 16:47:27 
26-Apr-19, 16:47:27 
26-Apr-19, 16:47:27 
26-Apr-19, 16:47:30 
26-Apr-19, 16:47:32 
26-Apr-19, 16:47:32 
26-Apr-19, 16:47:32 
26-Apr-19, 16:47:33 
26-Apr-19, 16:47:34 
26-Apr-19, 16:47:35 
26-Apr-19, 16:47:37 
26-Apr-19, 16:47:37 
26-Apr-19, 16:47:37 
26-Apr-19, 16:47:39 
26-Apr-19, 16:47:40 
26-Apr-19, 16:47:43 
26-Apr-19, 16:47:44 
26-Apr-19, 16:47:45 
26-Apr-19, 16:47:47 
26-Apr-19, 16:47:47 
26-Apr-19, 16:47:47 
26-Apr-19, 16:47:49 
26-Apr-19, 16:47:50 
26-Apr-19, 16:47:52 
26-Apr-19, 16:47:52 
26-Apr-19, 16:47:52 
26-Apr-19, 16:47:53 
26-Apr-19, 16:47:54 
26-Apr-19, 16:47:55 
26-Apr-19, 16:47:57 
26-Apr-19, 16:47:57 
26-Apr-19, 16:47:57 
26-Apr-19, 16:47:59 
26-Apr-19, 16:48:00 
26-Apr-19, 16:48:03 
26-Apr-19, 16:48:04 
26-Apr-19, 16:48:05 
26-Apr-19, 16:48:07 
26-Apr-19, 16:48:07 
26-Apr-19, 16:48:07 
26-Apr-19, 16:48:09 
26-Apr-19, 16:48:10 
26-Apr-19, 16:48:19 
26-Apr-19, 16:48:20 
26-Apr-19, 16:48:23 
26-Apr-19, 16:48:24 
26-Apr-19, 16:48:25 
26-Apr-19, 16:48:27 
26-Apr-19, 16:48:27 
26-Apr-19, 16:48:27 
26-Apr-19, 16:48:29 
26-Apr-19, 16:48:30 
26-Apr-19, 16:48:32 
26-Apr-19, 16:48:32 
26-Apr-19, 16:48:32 
26-Apr-19, 16:48:33 
26-Apr-19, 16:48:34 
26-Apr-19, 16:48:35 
26-Apr-19, 16:48:37 
26-Apr-19, 16:48:37 
26-Apr-19, 16:48:37 
26-Apr-19, 16:48:39 
26-Apr-19, 16:48:40 
26-Apr-19, 16:48:43 
26-Apr-19, 16:48:44 
26-Apr-19, 16:48:45 
26-Apr-19, 16:48:47 
26-Apr-19, 16:48:47 
26-Apr-19, 16:48:47 
26-Apr-19, 16:48:49 
26-Apr-19, 16:48:50 
26-Apr-19, 16:48:52 
26-Apr-19, 16:48:52 
26-Apr-19, 16:48:52 
26-Apr-19, 16:48:53 
26-Apr-19, 16:48:54 
26-Apr-19, 16:48:55 
26-Apr-19, 16:48:57 
26-Apr-19, 16:48:57 
26-Apr-19, 16:48:57 
26-Apr-19, 16:48:59 
26-Apr-19, 16:49:03 
26-Apr-19, 16:49:04 
26-Apr-19, 16:49:05 
26-Apr-19, 16:49:07 
26-Apr-19, 16:49:07 
26-Apr-19, 16:49:07 
26-Apr-19, 16:49:10 
26-Apr-19, 16:49:15 
26-Apr-19, 16:49:19 
26-Apr-19, 16:49:20 
26-Apr-19, 16:49:23 
26-Apr-19, 16:49:24 
26-Apr-19, 16:49:25 
26-Apr-19, 16:49:27 
26-Apr-19, 16:49:27 
26-Apr-19, 16:49:27 
26-Apr-19, 16:49:29 
26-Apr-19, 16:49:30 
26-Apr-19, 16:49:32 
26-Apr-19, 16:49:32 
26-Apr-19, 16:49:32 
26-Apr-19, 16:49:33 
26-Apr-19, 16:49:34 
26-Apr-19, 16:49:35 
26-Apr-19, 16:49:37 
26-Apr-19, 16:49:37 
26-Apr-19, 16:49:37 
26-Apr-19, 16:49:39 
26-Apr-19, 16:49:40 
26-Apr-19, 16:49:42 
26-Apr-19, 16:49:42 
26-Apr-19, 16:49:42 
26-Apr-19, 16:49:43 
26-Apr-19, 16:49:44 
26-Apr-19, 16:49:45 
26-Apr-19, 16:49:47 
26-Apr-19, 16:49:47 
26-Apr-19, 16:49:47 
26-Apr-19, 16:49:49 
26-Apr-19, 16:49:50 
26-Apr-19, 16:49:52 
26-Apr-19, 16:49:52 
26-Apr-19, 16:49:52 
26-Apr-19, 16:49:53 
26-Apr-19, 16:49:54 
26-Apr-19, 16:49:55 
26-Apr-19, 16:49:57 
26-Apr-19, 16:49:57 
26-Apr-19, 16:49:57 
26-Apr-19, 16:49:58 
26-Apr-19, 16:49:59 
26-Apr-19, 16:50:00 
26-Apr-19, 16:50:02 
26-Apr-19, 16:50:02 
26-Apr-19, 16:50:02 
26-Apr-19, 16:50:03 
26-Apr-19, 16:50:04 
26-Apr-19, 16:50:05 
26-Apr-19, 16:50:07 
26-Apr-19, 16:50:07 
26-Apr-19, 16:50:07 
26-Apr-19, 16:50:09 
26-Apr-19, 16:50:10 
26-Apr-19, 16:50:13 
26-Apr-19, 16:50:17 
26-Apr-19, 16:50:17 
26-Apr-19, 16:50:17 
26-Apr-19, 16:50:19 
26-Apr-19, 16:50:20 
26-Apr-19, 16:50:22 
26-Apr-19, 16:50:22 
26-Apr-19, 16:50:22 
26-Apr-19, 16:50:23 
26-Apr-19, 16:50:24 
26-Apr-19, 16:50:25 
26-Apr-19, 16:50:27 
26-Apr-19, 16:50:27 
26-Apr-19, 16:50:27 
26-Apr-19, 16:50:29 
26-Apr-19, 16:50:30 
26-Apr-19, 16:50:32 
26-Apr-19, 16:50:32 
26-Apr-19, 16:50:32 
26-Apr-19, 16:50:33 
26-Apr-19, 16:50:34 
26-Apr-19, 16:50:35 
26-Apr-19, 16:50:37 
26-Apr-19, 16:50:37 
26-Apr-19, 16:50:37 
26-Apr-19, 16:50:38 
26-Apr-19, 16:50:40 
26-Apr-19, 16:50:43 
26-Apr-19, 16:50:44 
26-Apr-19, 16:50:45 
26-Apr-19, 16:50:47 
26-Apr-19, 16:50:47 
26-Apr-19, 16:50:47 
26-Apr-19, 16:50:49 
26-Apr-19, 16:50:50 
26-Apr-19, 16:50:52 
26-Apr-19, 16:50:52 
26-Apr-19, 16:50:52 
26-Apr-19, 16:50:53 
26-Apr-19, 16:50:54 
26-Apr-19, 16:50:55 
26-Apr-19, 16:50:57 
26-Apr-19, 16:50:57 
26-Apr-19, 16:50:57 
26-Apr-19, 16:50:59 
26-Apr-19, 16:51:00 
26-Apr-19, 16:51:02 
26-Apr-19, 16:51:02 
26-Apr-19, 16:51:02 
26-Apr-19, 16:51:03 
26-Apr-19, 16:51:04 
26-Apr-19, 16:51:05 
26-Apr-19, 16:51:07 
26-Apr-19, 16:51:07 
26-Apr-19, 16:51:07 
26-Apr-19, 16:51:09 
26-Apr-19, 16:51:10 
26-Apr-19, 16:51:13 
26-Apr-19, 16:51:19 
26-Apr-19, 16:51:20 
26-Apr-19, 16:51:24 
26-Apr-19, 16:51:25 
26-Apr-19, 16:51:27 
26-Apr-19, 16:51:27 
26-Apr-19, 16:51:27 
26-Apr-19, 16:51:29 
26-Apr-19, 16:51:30 
26-Apr-19, 16:51:33 
26-Apr-19, 16:51:34 
26-Apr-19, 16:51:35 
26-Apr-19, 16:51:37 
26-Apr-19, 16:51:37 
26-Apr-19, 16:51:37 
26-Apr-19, 16:51:39 
26-Apr-19, 16:51:40 
26-Apr-19, 16:51:42 
26-Apr-19, 16:51:42 
26-Apr-19, 16:51:42 
26-Apr-19, 16:51:43 
26-Apr-19, 16:51:44 
26-Apr-19, 16:51:45 
26-Apr-19, 16:51:47 
26-Apr-19, 16:51:47 
26-Apr-19, 16:51:47 
26-Apr-19, 16:51:49 
26-Apr-19, 16:51:50 
26-Apr-19, 16:51:52 
26-Apr-19, 16:51:52 
26-Apr-19, 16:51:52 
26-Apr-19, 16:51:53 
26-Apr-19, 16:51:54 
26-Apr-19, 16:51:55 
26-Apr-19, 16:51:57 
26-Apr-19, 16:51:57 
26-Apr-19, 16:51:57 
26-Apr-19, 16:51:59 
26-Apr-19, 16:52:00 
26-Apr-19, 16:52:02 
26-Apr-19, 16:52:02 
26-Apr-19, 16:52:02 
26-Apr-19, 16:52:04 
26-Apr-19, 16:52:05 
26-Apr-19, 16:52:07 
26-Apr-19, 16:52:07 
26-Apr-19, 16:52:07 
26-Apr-19, 16:52:09 
26-Apr-19, 16:52:10 
26-Apr-19, 16:52:14 
26-Apr-19, 16:52:19 
26-Apr-19, 16:52:20 
26-Apr-19, 16:52:22 
26-Apr-19, 16:52:22 
26-Apr-19, 16:52:22 
26-Apr-19, 16:52:23 
26-Apr-19, 16:52:24 
26-Apr-19, 16:52:25 
26-Apr-19, 16:52:27 
26-Apr-19, 16:52:27 
26-Apr-19, 16:52:27 
26-Apr-19, 16:52:29 
26-Apr-19, 16:52:30 
26-Apr-19, 16:52:32 
26-Apr-19, 16:52:32 
26-Apr-19, 16:52:32 
26-Apr-19, 16:52:33 
26-Apr-19, 16:52:34 
26-Apr-19, 16:52:35 
26-Apr-19, 16:52:37 
26-Apr-19, 16:52:37 
26-Apr-19, 16:52:37 
26-Apr-19, 16:52:39 
26-Apr-19, 16:52:40 
26-Apr-19, 16:52:42 
26-Apr-19, 16:52:42 
26-Apr-19, 16:52:42 
26-Apr-19, 16:52:44 
26-Apr-19, 16:52:47 
26-Apr-19, 16:52:47 
26-Apr-19, 16:52:47 
26-Apr-19, 16:52:49 
26-Apr-19, 16:52:50 
26-Apr-19, 16:52:52 
26-Apr-19, 16:52:52 
26-Apr-19, 16:52:52 
26-Apr-19, 16:52:54 
26-Apr-19, 16:52:55 
26-Apr-19, 16:52:57 
26-Apr-19, 16:52:57 
26-Apr-19, 16:52:57 
26-Apr-19, 16:52:59 
26-Apr-19, 16:53:00 
26-Apr-19, 16:53:02 
26-Apr-19, 16:53:02 
26-Apr-19, 16:53:02 
26-Apr-19, 16:53:04 
26-Apr-19, 16:53:05 
26-Apr-19, 16:53:07 
26-Apr-19, 16:53:07 
26-Apr-19, 16:53:07 
26-Apr-19, 16:53:09 
26-Apr-19, 16:53:10 
26-Apr-19, 16:53:17 
26-Apr-19, 16:53:17 
26-Apr-19, 16:53:17 
26-Apr-19, 16:53:20 
26-Apr-19, 16:53:22 
26-Apr-19, 16:53:22 
26-Apr-19, 16:53:22 
26-Apr-19, 16:53:24 
26-Apr-19, 16:53:25 
26-Apr-19, 16:53:27 
26-Apr-19, 16:53:27 
26-Apr-19, 16:53:27 
26-Apr-19, 16:53:29 
26-Apr-19, 16:53:30 
26-Apr-19, 16:53:32 
26-Apr-19, 16:53:32 
26-Apr-19, 16:53:32 
26-Apr-19, 16:53:33 
26-Apr-19, 16:53:34 
26-Apr-19, 16:53:35 
26-Apr-19, 16:53:37 
26-Apr-19, 16:53:37 
26-Apr-19, 16:53:37 
26-Apr-19, 16:53:39 
26-Apr-19, 16:53:40 
26-Apr-19, 16:53:42 
26-Apr-19, 16:53:42 
26-Apr-19, 16:53:42 
26-Apr-19, 16:53:43 
26-Apr-19, 16:53:44 
26-Apr-19, 16:53:45 
26-Apr-19, 16:53:47 
26-Apr-19, 16:53:47 
26-Apr-19, 16:53:47 
26-Apr-19, 16:53:49 
26-Apr-19, 16:53:50 
26-Apr-19, 16:53:52 
26-Apr-19, 16:53:52 
26-Apr-19, 16:53:52 
26-Apr-19, 16:53:53 
26-Apr-19, 16:53:54 
26-Apr-19, 16:53:55 
26-Apr-19, 16:53:57 
26-Apr-19, 16:53:57 
26-Apr-19, 16:53:57 
26-Apr-19, 16:53:59 
26-Apr-19, 16:54:00 
26-Apr-19, 16:54:02 
26-Apr-19, 16:54:02 
26-Apr-19, 16:54:02 
26-Apr-19, 16:54:04 
26-Apr-19, 16:54:05 
26-Apr-19, 16:54:07 
26-Apr-19, 16:54:07 
26-Apr-19, 16:54:07 
26-Apr-19, 16:54:09 
26-Apr-19, 16:54:10 
26-Apr-19, 16:54:13 
26-Apr-19, 16:54:14 
26-Apr-19, 16:54:19 
26-Apr-19, 16:54:20 
26-Apr-19, 16:54:22 
26-Apr-19, 16:54:22 
26-Apr-19, 16:54:22 
26-Apr-19, 16:54:23 
26-Apr-19, 16:54:24 
26-Apr-19, 16:54:25 
26-Apr-19, 16:54:27 
26-Apr-19, 16:54:27 
26-Apr-19, 16:54:27 
26-Apr-19, 16:54:29 
26-Apr-19, 16:54:30 
26-Apr-19, 16:54:32 
26-Apr-19, 16:54:32 
26-Apr-19, 16:54:33 
26-Apr-19, 16:54:33 
26-Apr-19, 16:54:34 
26-Apr-19, 16:54:35 
26-Apr-19, 16:54:39 
26-Apr-19, 16:54:40 
26-Apr-19, 16:54:42 
26-Apr-19, 16:54:42 
26-Apr-19, 16:54:44 
26-Apr-19, 16:54:47 
26-Apr-19, 16:54:47 
26-Apr-19, 16:54:49 
26-Apr-19, 16:54:50 
26-Apr-19, 16:54:52 
26-Apr-19, 16:54:52 
26-Apr-19, 16:54:53 
26-Apr-19, 16:54:53 
26-Apr-19, 16:54:55 
26-Apr-19, 16:54:57 
26-Apr-19, 16:54:57 
26-Apr-19, 16:54:59 
26-Apr-19, 16:55:00 
26-Apr-19, 16:55:02 
26-Apr-19, 16:55:02 
26-Apr-19, 16:55:04 
26-Apr-19, 16:55:05 
26-Apr-19, 16:55:07 
26-Apr-19, 16:55:07 
26-Apr-19, 16:55:09 
26-Apr-19, 16:55:10 
26-Apr-19, 16:55:17 
26-Apr-19, 16:55:17 
26-Apr-19, 16:55:19 
26-Apr-19, 16:55:20 
26-Apr-19, 16:55:22 
26-Apr-19, 18:28:26 
26-Apr-19, 18:28:26 
26-Apr-19, 18:28:27 
26-Apr-19, 18:28:27 
26-Apr-19, 18:28:30 
26-Apr-19, 18:28:32 
26-Apr-19, 18:28:32 
26-Apr-19, 18:28:35 
26-Apr-19, 18:28:36 
26-Apr-19, 18:28:36 
26-Apr-19, 18:28:38 
26-Apr-19, 18:28:41 
26-Apr-19, 18:28:41 
26-Apr-19, 18:28:43 
26-Apr-19, 18:28:45 
26-Apr-19, 18:28:47 
26-Apr-19, 18:28:47 
26-Apr-19, 18:28:48 
26-Apr-19, 18:28:50 
26-Apr-19, 18:28:51 
26-Apr-19, 18:28:51 
26-Apr-19, 18:28:53 
26-Apr-19, 18:28:55 
26-Apr-19, 18:28:56 
26-Apr-19, 18:28:56 
26-Apr-19, 18:28:57 
26-Apr-19, 18:28:57 
26-Apr-19, 18:29:00 
26-Apr-19, 18:29:02 
26-Apr-19, 18:29:02 
26-Apr-19, 18:29:05 
26-Apr-19, 18:29:06 
26-Apr-19, 18:29:06 
26-Apr-19, 18:29:08 
26-Apr-19, 18:29:11 
26-Apr-19, 18:29:11 
26-Apr-19, 18:29:18 
26-Apr-19, 18:29:20 
26-Apr-19, 18:29:21 
26-Apr-19, 18:29:21 
26-Apr-19, 18:29:23 
26-Apr-19, 18:29:25 
26-Apr-19, 18:29:26 
26-Apr-19, 18:29:26 
26-Apr-19, 18:29:27 
26-Apr-19, 18:29:27 
26-Apr-19, 18:29:30 
26-Apr-19, 18:29:32 
26-Apr-19, 18:29:32 
26-Apr-19, 18:29:35 
26-Apr-19, 18:29:36 
26-Apr-19, 18:29:36 
26-Apr-19, 18:29:38 
26-Apr-19, 18:29:41 
26-Apr-19, 18:29:41 
26-Apr-19, 18:29:42 
26-Apr-19, 18:29:42 
26-Apr-19, 18:29:45 
26-Apr-19, 18:29:47 
26-Apr-19, 18:29:47 
26-Apr-19, 18:29:48 
26-Apr-19, 18:29:50 
26-Apr-19, 18:29:51 
26-Apr-19, 18:29:51 
26-Apr-19, 18:29:53 
26-Apr-19, 18:29:55 
26-Apr-19, 18:29:56 
26-Apr-19, 18:29:56 
26-Apr-19, 18:29:57 
26-Apr-19, 18:29:57 
26-Apr-19, 18:30:00 
26-Apr-19, 18:30:02 
26-Apr-19, 18:30:02 
26-Apr-19, 18:30:05 
26-Apr-19, 18:30:06 
26-Apr-19, 18:30:08 
26-Apr-19, 18:30:11 
26-Apr-19, 18:30:18 
26-Apr-19, 18:30:20 
26-Apr-19, 18:30:21 
26-Apr-19, 18:30:23 
26-Apr-19, 18:30:25 
26-Apr-19, 18:30:26 
26-Apr-19, 18:30:27 
26-Apr-19, 18:30:27 
26-Apr-19, 18:30:27 
26-Apr-19, 18:30:30 
26-Apr-19, 18:30:32 
26-Apr-19, 18:30:32 
26-Apr-19, 18:30:32 
26-Apr-19, 18:30:33 
26-Apr-19, 18:30:35 
26-Apr-19, 18:30:36 
26-Apr-19, 18:30:38 
26-Apr-19, 18:30:41 
26-Apr-19, 18:30:42 
26-Apr-19, 18:30:42 
26-Apr-19, 18:30:42 
26-Apr-19, 18:30:45 
26-Apr-19, 18:30:47 
26-Apr-19, 18:30:47 
26-Apr-19, 18:30:47 
26-Apr-19, 18:30:48 
26-Apr-19, 18:30:50 
26-Apr-19, 18:30:51 
26-Apr-19, 18:30:53 
26-Apr-19, 18:30:56 
26-Apr-19, 18:30:57 
26-Apr-19, 18:30:57 
26-Apr-19, 18:30:57 
26-Apr-19, 18:31:00 
26-Apr-19, 18:31:02 
26-Apr-19, 18:31:02 
26-Apr-19, 18:31:02 
26-Apr-19, 18:31:03 
26-Apr-19, 18:31:05 
26-Apr-19, 18:31:06 
26-Apr-19, 18:31:08 
26-Apr-19, 18:31:11 
26-Apr-19, 18:31:18 
26-Apr-19, 18:31:20 
26-Apr-19, 18:31:21 
26-Apr-19, 18:31:23 
26-Apr-19, 18:31:25 
26-Apr-19, 18:31:26 
26-Apr-19, 18:31:30 
26-Apr-19, 18:31:32 
26-Apr-19, 18:31:32 
26-Apr-19, 18:31:32 
26-Apr-19, 18:31:33 
26-Apr-19, 18:31:35 
26-Apr-19, 18:31:36 
26-Apr-19, 18:31:38 
26-Apr-19, 18:31:38 
26-Apr-19, 18:31:41 
26-Apr-19, 18:31:42 
26-Apr-19, 18:31:42 
26-Apr-19, 18:31:45 
26-Apr-19, 18:31:47 
26-Apr-19, 18:31:47 
26-Apr-19, 18:31:48 
26-Apr-19, 18:31:48 
26-Apr-19, 18:31:50 
26-Apr-19, 18:31:51 
26-Apr-19, 18:31:56 
26-Apr-19, 18:31:57 
26-Apr-19, 18:31:57 
26-Apr-19, 18:32:00 
26-Apr-19, 18:32:02 
26-Apr-19, 18:32:02 
26-Apr-19, 18:32:03 
26-Apr-19, 18:32:03 
26-Apr-19, 18:32:05 
26-Apr-19, 18:32:06 
26-Apr-19, 18:32:08 
26-Apr-19, 18:32:08 
26-Apr-19, 18:32:11 
26-Apr-19, 18:32:20 
26-Apr-19, 18:32:21 
26-Apr-19, 18:32:23 
26-Apr-19, 18:32:23 
26-Apr-19, 18:32:26 
26-Apr-19, 18:32:27 
26-Apr-19, 18:32:27 
26-Apr-19, 18:32:30 
26-Apr-19, 18:32:32 
26-Apr-19, 18:32:32 
26-Apr-19, 18:32:33 
26-Apr-19, 18:32:33 
26-Apr-19, 18:32:35 
26-Apr-19, 18:32:36 
26-Apr-19, 18:32:38 
26-Apr-19, 18:32:39 
26-Apr-19, 18:32:41 
26-Apr-19, 18:32:42 
26-Apr-19, 18:32:42 
26-Apr-19, 18:32:43 
26-Apr-19, 18:32:44 
26-Apr-19, 18:32:45 
26-Apr-19, 18:32:47 
26-Apr-19, 18:32:47 
26-Apr-19, 18:32:48 
26-Apr-19, 18:32:50 
26-Apr-19, 18:32:51 
26-Apr-19, 18:32:53 
26-Apr-19, 18:32:54 
26-Apr-19, 18:32:56 
26-Apr-19, 18:32:57 
26-Apr-19, 18:32:57 
26-Apr-19, 18:32:59 
26-Apr-19, 18:33:00 
26-Apr-19, 18:33:02 
26-Apr-19, 18:33:02 
26-Apr-19, 18:33:03 
26-Apr-19, 18:33:05 
26-Apr-19, 18:33:06 
26-Apr-19, 18:33:08 
26-Apr-19, 18:33:09 
26-Apr-19, 18:33:11 
26-Apr-19, 18:33:17 
26-Apr-19, 18:33:17 
26-Apr-19, 18:33:20 
26-Apr-19, 18:33:21 
26-Apr-19, 18:33:23 
26-Apr-19, 18:33:24 
26-Apr-19, 18:33:26 
26-Apr-19, 18:33:27 
26-Apr-19, 18:33:27 
26-Apr-19, 18:33:29 
26-Apr-19, 18:33:32 
26-Apr-19, 18:33:32 
26-Apr-19, 18:33:33 
26-Apr-19, 18:33:35 
26-Apr-19, 18:33:36 
26-Apr-19, 18:33:38 
26-Apr-19, 18:33:39 
26-Apr-19, 18:33:41 
26-Apr-19, 18:33:42 
26-Apr-19, 18:33:42 
26-Apr-19, 18:33:44 
26-Apr-19, 18:33:45 
26-Apr-19, 18:33:47 
26-Apr-19, 18:33:47 
26-Apr-19, 18:33:48 
26-Apr-19, 18:33:50 
26-Apr-19, 18:33:51 
26-Apr-19, 18:33:54 
26-Apr-19, 18:33:55 
26-Apr-19, 18:33:56 
26-Apr-19, 18:33:57 
26-Apr-19, 18:33:57 
26-Apr-19, 18:33:59 
26-Apr-19, 18:34:00 
26-Apr-19, 18:34:05 
26-Apr-19, 18:34:06 
26-Apr-19, 18:34:08 
26-Apr-19, 18:34:09 
26-Apr-19, 18:34:11 
26-Apr-19, 18:34:18 
26-Apr-19, 18:34:20 
26-Apr-19, 18:34:21 
26-Apr-19, 18:34:23 
26-Apr-19, 18:34:24 
26-Apr-19, 18:34:26 
26-Apr-19, 18:34:27 
26-Apr-19, 18:34:27 
26-Apr-19, 18:34:29 
28-Apr-19, 03:54:31 
28-Apr-19, 03:54:36 
28-Apr-19, 03:54:41 
28-Apr-19, 03:54:46 
28-Apr-19, 03:54:51 
28-Apr-19, 03:55:11 
28-Apr-19, 03:55:16 
28-Apr-19, 03:55:21 
28-Apr-19, 03:55:26 
28-Apr-19, 03:55:31 
28-Apr-19, 03:55:36 
28-Apr-19, 03:55:41 
28-Apr-19, 03:55:46 
28-Apr-19, 03:55:51 
28-Apr-19, 03:56:01 
28-Apr-19, 03:56:16 
28-Apr-19, 03:56:21 
28-Apr-19, 03:56:26 
28-Apr-19, 03:56:31 
28-Apr-19, 03:56:36 
28-Apr-19, 03:56:41 
28-Apr-19, 03:56:46 
28-Apr-19, 03:56:51 
28-Apr-19, 03:57:06 
28-Apr-19, 03:57:11 
28-Apr-19, 03:57:16 
28-Apr-19, 03:57:21 
28-Apr-19, 03:57:26 
28-Apr-19, 03:57:36 
28-Apr-19, 03:57:41 
28-Apr-19, 03:57:46 
28-Apr-19, 03:57:51 
28-Apr-19, 03:58:06 
28-Apr-19, 03:58:11 
28-Apr-19, 03:58:16 
28-Apr-19, 03:58:26 
28-Apr-19, 03:58:31 
28-Apr-19, 03:58:36 
28-Apr-19, 03:58:41 
28-Apr-19, 03:58:46 
28-Apr-19, 03:58:51 
28-Apr-19, 03:59:06 
28-Apr-19, 03:59:11 
28-Apr-19, 03:59:21 
28-Apr-19, 03:59:26 
28-Apr-19, 03:59:31 
28-Apr-19, 03:59:36 
28-Apr-19, 03:59:41 
28-Apr-19, 03:59:46 
28-Apr-19, 03:59:51 
28-Apr-19, 04:00:06 
28-Apr-19, 04:00:11 
28-Apr-19, 04:00:16 
28-Apr-19, 04:00:21 
28-Apr-19, 04:00:26 
28-Apr-19, 04:00:31 
28-Apr-19, 04:00:36 
28-Apr-19, 04:00:41 
28-Apr-19, 04:00:46 
28-Apr-19, 04:00:51 
28-Apr-19, 04:01:06 
28-Apr-19, 04:01:11 
28-Apr-19, 04:01:16 
28-Apr-19, 04:01:31 
28-Apr-19, 04:01:36 
28-Apr-19, 04:01:41 
28-Apr-19, 04:01:46 
28-Apr-19, 04:01:51 
28-Apr-19, 04:02:01 
28-Apr-19, 04:02:06 
28-Apr-19, 04:02:11 
28-Apr-19, 04:02:16 
28-Apr-19, 04:02:21 
28-Apr-19, 04:02:26 
28-Apr-19, 04:02:31 
28-Apr-19, 04:02:36 
28-Apr-19, 04:02:41 
28-Apr-19, 04:02:51 
28-Apr-19, 04:03:06 
28-Apr-19, 04:03:11 
28-Apr-19, 04:03:16 
28-Apr-19, 04:03:21 
28-Apr-19, 04:03:26 
28-Apr-19, 04:03:31 
28-Apr-19, 04:03:36 
28-Apr-19, 04:03:41 
28-Apr-19, 04:03:46 
28-Apr-19, 04:03:51 
28-Apr-19, 04:04:01 
28-Apr-19, 04:04:06 
28-Apr-19, 04:04:11 
28-Apr-19, 04:04:16 
28-Apr-19, 04:04:21 
28-Apr-19, 04:04:26 
28-Apr-19, 04:04:31 
28-Apr-19, 04:04:36 
28-Apr-19, 04:04:41 
28-Apr-19, 04:04:46 
28-Apr-19, 04:04:51 
28-Apr-19, 04:05:06 
28-Apr-19, 04:05:11 
28-Apr-19, 04:05:16 
28-Apr-19, 04:05:21 
28-Apr-19, 04:05:26 
28-Apr-19, 04:05:41 
28-Apr-19, 04:05:46 
28-Apr-19, 04:06:11 
28-Apr-19, 04:06:16 
28-Apr-19, 04:06:21 
28-Apr-19, 04:06:26 
28-Apr-19, 04:06:31 
28-Apr-19, 04:06:34 
28-Apr-19, 04:06:36 
28-Apr-19, 04:06:39 
28-Apr-19, 04:06:41 
28-Apr-19, 04:06:44 
28-Apr-19, 04:06:46 
28-Apr-19, 04:06:49 
28-Apr-19, 04:06:51 
28-Apr-19, 04:06:54 
28-Apr-19, 04:07:06 
28-Apr-19, 04:07:09 
28-Apr-19, 04:07:11 
28-Apr-19, 04:07:14 
28-Apr-19, 04:07:16 
28-Apr-19, 04:07:19 
28-Apr-19, 04:07:21 
28-Apr-19, 04:07:24 
28-Apr-19, 04:07:26 
28-Apr-19, 04:07:29 
28-Apr-19, 04:07:31 
28-Apr-19, 04:07:34 
28-Apr-19, 04:07:39 
28-Apr-19, 04:07:44 
28-Apr-19, 04:07:46 
28-Apr-19, 04:07:51 
28-Apr-19, 04:07:54 
28-Apr-19, 04:08:04 
28-Apr-19, 04:08:06 
28-Apr-19, 04:08:09 
28-Apr-19, 04:08:11 
28-Apr-19, 04:08:14 
28-Apr-19, 04:08:19 
28-Apr-19, 04:08:21 
28-Apr-19, 04:08:24 
28-Apr-19, 04:08:26 
28-Apr-19, 04:08:29 
28-Apr-19, 04:08:36 
28-Apr-19, 04:08:41 
28-Apr-19, 04:08:44 
28-Apr-19, 04:08:46 
28-Apr-19, 04:08:49 
28-Apr-19, 04:08:51 
28-Apr-19, 04:08:54 
28-Apr-19, 04:09:01 
28-Apr-19, 04:09:04 
28-Apr-19, 04:09:09 
28-Apr-19, 04:09:11 
28-Apr-19, 04:09:14 
28-Apr-19, 04:09:16 
28-Apr-19, 04:09:19 
28-Apr-19, 04:09:24 
28-Apr-19, 04:09:26 
28-Apr-19, 04:09:29 
28-Apr-19, 04:09:31 
28-Apr-19, 04:09:34 
28-Apr-19, 04:09:36 
28-Apr-19, 04:09:39 
28-Apr-19, 04:09:41 
28-Apr-19, 04:09:44 
28-Apr-19, 04:09:46 
28-Apr-19, 04:09:49 
28-Apr-19, 04:09:51 
28-Apr-19, 04:09:54 
28-Apr-19, 04:10:04 
28-Apr-19, 04:10:06 
28-Apr-19, 04:10:09 
28-Apr-19, 04:10:11 
28-Apr-19, 04:10:14 
28-Apr-19, 04:10:16 
28-Apr-19, 04:10:19 
28-Apr-19, 04:10:21 
28-Apr-19, 04:10:24 
28-Apr-19, 04:10:26 
28-Apr-19, 04:10:29 
28-Apr-19, 04:10:31 
28-Apr-19, 04:10:34 
28-Apr-19, 04:10:36 
28-Apr-19, 04:10:41 
28-Apr-19, 04:10:44 
28-Apr-19, 04:10:46 
28-Apr-19, 04:10:49 
28-Apr-19, 04:10:51 
28-Apr-19, 04:10:54 
28-Apr-19, 04:11:01 
28-Apr-19, 04:11:04 
28-Apr-19, 04:11:09 
28-Apr-19, 04:11:11 
28-Apr-19, 04:11:14 
28-Apr-19, 04:11:16 
28-Apr-19, 04:11:19 
28-Apr-19, 04:11:24 
28-Apr-19, 04:11:26 
28-Apr-19, 04:11:31 
28-Apr-19, 04:11:34 
28-Apr-19, 04:11:36 
28-Apr-19, 04:11:39 
28-Apr-19, 04:11:41 
28-Apr-19, 04:11:44 
28-Apr-19, 04:11:46 
28-Apr-19, 04:11:49 
28-Apr-19, 04:11:51 
28-Apr-19, 04:11:54 
28-Apr-19, 04:12:01 
28-Apr-19, 04:12:04 
28-Apr-19, 04:12:06 
28-Apr-19, 04:12:09 
28-Apr-19, 04:12:11 
28-Apr-19, 04:12:14 
28-Apr-19, 04:12:16 
28-Apr-19, 04:12:19 
28-Apr-19, 04:12:21 
28-Apr-19, 04:12:26 
28-Apr-19, 04:12:29 
28-Apr-19, 04:12:31 
28-Apr-19, 04:12:34 
28-Apr-19, 04:12:36 
28-Apr-19, 04:12:39 
28-Apr-19, 04:12:41 
28-Apr-19, 04:12:44 
28-Apr-19, 04:12:46 
28-Apr-19, 04:12:49 
28-Apr-19, 04:12:54 
28-Apr-19, 04:13:04 
28-Apr-19, 04:13:06 
28-Apr-19, 04:13:09 
28-Apr-19, 04:13:11 
28-Apr-19, 04:13:14 
28-Apr-19, 04:13:16 
28-Apr-19, 04:13:19 
28-Apr-19, 04:13:24 
28-Apr-19, 04:13:26 
28-Apr-19, 04:13:29 
28-Apr-19, 04:13:31 
28-Apr-19, 04:13:34 
28-Apr-19, 04:13:36 
28-Apr-19, 04:13:41 
28-Apr-19, 04:13:44 
28-Apr-19, 04:13:46 
28-Apr-19, 04:13:49 
28-Apr-19, 04:13:51 
28-Apr-19, 04:13:54 
28-Apr-19, 04:14:04 
28-Apr-19, 04:14:06 
28-Apr-19, 04:14:11 
28-Apr-19, 04:14:14 
28-Apr-19, 04:14:16 
28-Apr-19, 04:14:19 
28-Apr-19, 04:14:21 
28-Apr-19, 04:14:24 
28-Apr-19, 04:14:26 
28-Apr-19, 04:14:29 
28-Apr-19, 04:14:34 
28-Apr-19, 04:14:36 
28-Apr-19, 04:14:39 
28-Apr-19, 04:14:41 
28-Apr-19, 04:14:44 
28-Apr-19, 04:14:46 
28-Apr-19, 04:14:49 
28-Apr-19, 04:14:51 
28-Apr-19, 04:14:54 
28-Apr-19, 04:15:05 
28-Apr-19, 04:15:06 
28-Apr-19, 04:15:10 
28-Apr-19, 04:15:11 
28-Apr-19, 04:15:15 
28-Apr-19, 04:15:16 
28-Apr-19, 04:15:20 
28-Apr-19, 04:15:21 
28-Apr-19, 04:15:25 
28-Apr-19, 04:15:26 
28-Apr-19, 04:15:30 
28-Apr-19, 04:15:31 
28-Apr-19, 04:15:35 
28-Apr-19, 04:15:36 
28-Apr-19, 04:15:40 
28-Apr-19, 04:15:45 
28-Apr-19, 04:15:46 
28-Apr-19, 04:15:50 
28-Apr-19, 04:15:51 
28-Apr-19, 04:16:01 
28-Apr-19, 04:16:05 
28-Apr-19, 04:16:06 
28-Apr-19, 04:16:10 
28-Apr-19, 04:16:11 
28-Apr-19, 04:16:15 
28-Apr-19, 04:16:16 
28-Apr-19, 04:16:20 
28-Apr-19, 04:16:21 
28-Apr-19, 04:16:25 
28-Apr-19, 04:16:26 
28-Apr-19, 04:16:30 
28-Apr-19, 04:16:31 
28-Apr-19, 04:16:35 
28-Apr-19, 04:16:36 
28-Apr-19, 04:16:40 
28-Apr-19, 04:16:41 
28-Apr-19, 04:16:45 
28-Apr-19, 04:16:46 
28-Apr-19, 04:16:50 
28-Apr-19, 04:16:51 
28-Apr-19, 04:16:55 
28-Apr-19, 04:17:05 
28-Apr-19, 04:17:06 
28-Apr-19, 04:17:10 
28-Apr-19, 04:17:11 
28-Apr-19, 04:17:15 
28-Apr-19, 04:17:16 
28-Apr-19, 04:17:20 
28-Apr-19, 04:17:21 
28-Apr-19, 04:17:25 
28-Apr-19, 04:17:30 
28-Apr-19, 04:17:31 
28-Apr-19, 04:17:35 
28-Apr-19, 04:17:36 
28-Apr-19, 04:17:41 
28-Apr-19, 04:17:45 
28-Apr-19, 04:17:46 
28-Apr-19, 04:17:50 
28-Apr-19, 04:17:51 
28-Apr-19, 04:17:55 
28-Apr-19, 04:18:05 
28-Apr-19, 04:18:06 
28-Apr-19, 04:18:10 
28-Apr-19, 04:18:11 
28-Apr-19, 04:18:15 
28-Apr-19, 04:18:16 
28-Apr-19, 04:18:20 
28-Apr-19, 04:18:21 
28-Apr-19, 04:18:25 
28-Apr-19, 04:18:26 
28-Apr-19, 04:18:30 
28-Apr-19, 04:18:31 
28-Apr-19, 04:18:35 
28-Apr-19, 04:18:36 
28-Apr-19, 04:18:40 
28-Apr-19, 04:18:41 
28-Apr-19, 04:18:45 
28-Apr-19, 04:18:46 
28-Apr-19, 04:18:50 
28-Apr-19, 04:18:51 
28-Apr-19, 04:18:55 
28-Apr-19, 04:19:05 
28-Apr-19, 04:19:06 
28-Apr-19, 04:19:10 
28-Apr-19, 04:19:15 
28-Apr-19, 04:19:16 
28-Apr-19, 04:19:20 
28-Apr-19, 04:19:21 
28-Apr-19, 04:19:25 
28-Apr-19, 04:19:30 
28-Apr-19, 04:19:31 
28-Apr-19, 04:19:35 
28-Apr-19, 04:19:36 
28-Apr-19, 04:19:40 
28-Apr-19, 04:19:41 
28-Apr-19, 04:19:45 
28-Apr-19, 04:19:46 
28-Apr-19, 04:19:50 
28-Apr-19, 04:19:51 
28-Apr-19, 04:20:05 
28-Apr-19, 04:20:06 
28-Apr-19, 04:20:10 
28-Apr-19, 04:20:11 
28-Apr-19, 04:20:15 
28-Apr-19, 04:20:16 
28-Apr-19, 04:20:20 
28-Apr-19, 04:20:21 
28-Apr-19, 04:20:25 
28-Apr-19, 04:20:26 
28-Apr-19, 04:20:32 
28-Apr-19, 04:20:35 
28-Apr-19, 04:20:37 
28-Apr-19, 04:20:40 
28-Apr-19, 04:20:42 
28-Apr-19, 04:20:45 
28-Apr-19, 04:20:47 
28-Apr-19, 04:20:50 
28-Apr-19, 04:20:52 
28-Apr-19, 04:20:55 
28-Apr-19, 04:21:00 
28-Apr-19, 04:21:05 
28-Apr-19, 04:21:07 
28-Apr-19, 04:21:10 
28-Apr-19, 04:21:12 
28-Apr-19, 04:21:15 
28-Apr-19, 04:21:17 
28-Apr-19, 04:21:20 
28-Apr-19, 04:21:22 
28-Apr-19, 04:21:30 
28-Apr-19, 04:21:32 
28-Apr-19, 04:21:35 
28-Apr-19, 04:21:37 
28-Apr-19, 04:21:40 
28-Apr-19, 04:21:42 
28-Apr-19, 04:21:45 
28-Apr-19, 04:21:47 
28-Apr-19, 04:21:50 
28-Apr-19, 04:21:52 
28-Apr-19, 04:21:55 
28-Apr-19, 04:22:02 
28-Apr-19, 04:22:05 
28-Apr-19, 04:22:07 
28-Apr-19, 04:22:10 
28-Apr-19, 04:22:12 
28-Apr-19, 04:22:17 
28-Apr-19, 04:22:20 
28-Apr-19, 04:22:22 
28-Apr-19, 04:22:25 
28-Apr-19, 04:22:27 
28-Apr-19, 04:22:30 
28-Apr-19, 04:22:32 
28-Apr-19, 04:22:37 
28-Apr-19, 04:22:40 
28-Apr-19, 04:22:42 
28-Apr-19, 04:22:45 
28-Apr-19, 04:22:47 
28-Apr-19, 04:22:50 
28-Apr-19, 04:22:52 
28-Apr-19, 04:22:55 
28-Apr-19, 04:23:00 
28-Apr-19, 04:23:02 
28-Apr-19, 04:23:05 
28-Apr-19, 04:23:07 
28-Apr-19, 04:23:10 
28-Apr-19, 04:23:12 
28-Apr-19, 04:23:15 
28-Apr-19, 04:48:42 
28-Apr-19, 04:48:45 
28-Apr-19, 04:48:46 
28-Apr-19, 04:48:47 
28-Apr-19, 04:48:48 
28-Apr-19, 04:48:50 
28-Apr-19, 04:48:51 
28-Apr-19, 04:48:52 
28-Apr-19, 04:48:53 
28-Apr-19, 04:48:55 
28-Apr-19, 04:49:03 
28-Apr-19, 04:49:05 
28-Apr-19, 04:49:06 
28-Apr-19, 04:49:07 
28-Apr-19, 04:49:08 
28-Apr-19, 04:49:10 
28-Apr-19, 04:49:11 
28-Apr-19, 04:49:15 
28-Apr-19, 04:49:16 
28-Apr-19, 04:49:17 
28-Apr-19, 04:49:20 
28-Apr-19, 04:49:21 
28-Apr-19, 04:49:22 
28-Apr-19, 04:49:23 
28-Apr-19, 04:49:25 
28-Apr-19, 04:49:26 
28-Apr-19, 04:49:27 
28-Apr-19, 04:49:28 
28-Apr-19, 04:49:30 
28-Apr-19, 04:49:31 
28-Apr-19, 04:49:32 
28-Apr-19, 04:49:35 
28-Apr-19, 04:49:36 
28-Apr-19, 04:49:37 
28-Apr-19, 04:49:40 
28-Apr-19, 04:49:41 
28-Apr-19, 04:49:42 
28-Apr-19, 04:49:43 
28-Apr-19, 04:49:45 
28-Apr-19, 04:49:46 
28-Apr-19, 04:49:47 
28-Apr-19, 04:49:48 
28-Apr-19, 04:49:50 
28-Apr-19, 04:49:51 
28-Apr-19, 04:49:52 
28-Apr-19, 04:49:53 
28-Apr-19, 04:49:55 
28-Apr-19, 04:49:57 
28-Apr-19, 04:49:58 
28-Apr-19, 04:50:02 
28-Apr-19, 04:50:03 
28-Apr-19, 04:50:05 
28-Apr-19, 04:50:06 
28-Apr-19, 04:50:07 
28-Apr-19, 04:50:08 
28-Apr-19, 04:50:10 
28-Apr-19, 04:50:11 
28-Apr-19, 04:50:12 
28-Apr-19, 04:50:13 
28-Apr-19, 04:50:15 
28-Apr-19, 04:50:16 
28-Apr-19, 04:50:17 
28-Apr-19, 04:50:18 
28-Apr-19, 04:50:20 
28-Apr-19, 04:50:21 
28-Apr-19, 04:50:22 
28-Apr-19, 04:50:23 
28-Apr-19, 04:50:25 
28-Apr-19, 04:50:26 
28-Apr-19, 04:50:27 
28-Apr-19, 04:50:28 
28-Apr-19, 04:50:30 
28-Apr-19, 04:23:17 
28-Apr-19, 04:23:20 
28-Apr-19, 04:23:22 
28-Apr-19, 04:23:25 
28-Apr-19, 04:23:27 
28-Apr-19, 04:23:30 
28-Apr-19, 04:23:35 
28-Apr-19, 04:23:37 
28-Apr-19, 04:23:40 
28-Apr-19, 04:23:42 
28-Apr-19, 04:23:47 
28-Apr-19, 04:23:50 
28-Apr-19, 04:23:52 
28-Apr-19, 04:23:55 
28-Apr-19, 04:24:05 
28-Apr-19, 04:24:07 
28-Apr-19, 04:24:07 
28-Apr-19, 04:24:10 
28-Apr-19, 04:24:12 
28-Apr-19, 04:24:12 
28-Apr-19, 04:24:15 
28-Apr-19, 04:24:17 
28-Apr-19, 04:24:17 
28-Apr-19, 04:24:20 
28-Apr-19, 04:24:25 
28-Apr-19, 04:24:30 
28-Apr-19, 04:24:32 
28-Apr-19, 04:24:32 
28-Apr-19, 04:24:35 
28-Apr-19, 04:24:37 
28-Apr-19, 04:24:37 
28-Apr-19, 04:24:40 
28-Apr-19, 04:24:47 
28-Apr-19, 04:24:47 
28-Apr-19, 04:24:50 
28-Apr-19, 04:24:52 
28-Apr-19, 04:24:52 
28-Apr-19, 04:24:55 
28-Apr-19, 04:25:05 
28-Apr-19, 04:25:07 
28-Apr-19, 04:25:07 
28-Apr-19, 04:25:10 
28-Apr-19, 04:25:12 
28-Apr-19, 04:25:12 
28-Apr-19, 04:25:15 
28-Apr-19, 04:25:17 
28-Apr-19, 04:25:17 
28-Apr-19, 04:25:20 
28-Apr-19, 04:25:25 
28-Apr-19, 04:25:27 
28-Apr-19, 04:25:27 
28-Apr-19, 04:25:30 
28-Apr-19, 04:25:35 
28-Apr-19, 04:25:37 
28-Apr-19, 04:25:37 
28-Apr-19, 04:25:40 
28-Apr-19, 04:25:42 
28-Apr-19, 04:25:42 
28-Apr-19, 04:25:47 
28-Apr-19, 04:25:47 
28-Apr-19, 04:25:50 
28-Apr-19, 04:25:52 
28-Apr-19, 04:25:52 
28-Apr-19, 04:25:55 
28-Apr-19, 04:26:05 
28-Apr-19, 04:26:07 
28-Apr-19, 04:26:07 
28-Apr-19, 04:26:10 
28-Apr-19, 04:26:12 
28-Apr-19, 04:26:12 
28-Apr-19, 04:26:15 
28-Apr-19, 04:26:17 
28-Apr-19, 04:26:17 
28-Apr-19, 04:26:20 
28-Apr-19, 04:26:22 
28-Apr-19, 04:26:22 
28-Apr-19, 04:26:25 
28-Apr-19, 04:26:27 
28-Apr-19, 04:26:27 
28-Apr-19, 04:26:30 
28-Apr-19, 04:26:32 
28-Apr-19, 04:26:32 
28-Apr-19, 04:26:35 
28-Apr-19, 04:26:37 
28-Apr-19, 04:26:37 
28-Apr-19, 04:26:40 
28-Apr-19, 04:26:42 
28-Apr-19, 04:26:42 
28-Apr-19, 04:26:45 
28-Apr-19, 04:26:47 
28-Apr-19, 04:26:47 
28-Apr-19, 04:26:50 
28-Apr-19, 04:26:52 
28-Apr-19, 04:26:52 
28-Apr-19, 04:26:55 
28-Apr-19, 04:27:02 
28-Apr-19, 04:27:02 
28-Apr-19, 04:27:05 
28-Apr-19, 04:27:07 
28-Apr-19, 04:27:07 
28-Apr-19, 04:27:10 
28-Apr-19, 04:27:12 
28-Apr-19, 04:27:12 
28-Apr-19, 04:27:15 
28-Apr-19, 04:27:20 
28-Apr-19, 04:27:22 
28-Apr-19, 04:27:22 
28-Apr-19, 04:27:25 
28-Apr-19, 04:27:27 
28-Apr-19, 04:27:27 
28-Apr-19, 04:27:30 
28-Apr-19, 04:27:35 
28-Apr-19, 04:27:37 
28-Apr-19, 04:27:37 
28-Apr-19, 04:27:40 
28-Apr-19, 04:27:42 
28-Apr-19, 04:27:42 
28-Apr-19, 04:27:45 
28-Apr-19, 04:27:47 
28-Apr-19, 04:27:47 
28-Apr-19, 04:27:50 
28-Apr-19, 04:27:52 
28-Apr-19, 04:27:52 
28-Apr-19, 04:27:55 
28-Apr-19, 04:28:02 
28-Apr-19, 04:28:02 
28-Apr-19, 04:28:05 
28-Apr-19, 04:28:07 
28-Apr-19, 04:28:07 
28-Apr-19, 04:28:10 
28-Apr-19, 04:28:12 
28-Apr-19, 04:28:12 
28-Apr-19, 04:28:15 
28-Apr-19, 04:28:17 
28-Apr-19, 04:28:17 
28-Apr-19, 04:28:20 
28-Apr-19, 04:28:25 
28-Apr-19, 04:28:27 
28-Apr-19, 04:28:27 
28-Apr-19, 04:28:30 
28-Apr-19, 04:28:32 
28-Apr-19, 04:28:32 
28-Apr-19, 04:28:35 
28-Apr-19, 04:28:37 
28-Apr-19, 04:28:37 
28-Apr-19, 04:28:40 
28-Apr-19, 04:28:42 
28-Apr-19, 04:28:42 
28-Apr-19, 04:28:45 
28-Apr-19, 04:28:47 
28-Apr-19, 04:28:47 
28-Apr-19, 04:28:50 
28-Apr-19, 04:28:52 
28-Apr-19, 04:28:52 
28-Apr-19, 04:28:55 
28-Apr-19, 04:29:02 
28-Apr-19, 04:29:02 
28-Apr-19, 04:29:05 
28-Apr-19, 04:29:07 
28-Apr-19, 04:29:07 
28-Apr-19, 04:29:10 
28-Apr-19, 04:29:12 
28-Apr-19, 04:29:12 
28-Apr-19, 04:29:15 
28-Apr-19, 04:29:20 
28-Apr-19, 04:29:22 
28-Apr-19, 04:29:22 
28-Apr-19, 04:29:25 
28-Apr-19, 04:29:27 
28-Apr-19, 04:29:27 
28-Apr-19, 04:29:30 
28-Apr-19, 04:29:35 
28-Apr-19, 04:29:37 
28-Apr-19, 04:29:37 
28-Apr-19, 04:29:40 
28-Apr-19, 04:29:42 
28-Apr-19, 04:29:42 
28-Apr-19, 04:29:45 
28-Apr-19, 04:29:47 
28-Apr-19, 04:29:47 
28-Apr-19, 04:29:50 
28-Apr-19, 04:29:52 
28-Apr-19, 04:29:52 
28-Apr-19, 04:29:55 
28-Apr-19, 04:30:00 
28-Apr-19, 04:30:05 
28-Apr-19, 04:30:07 
28-Apr-19, 04:30:07 
28-Apr-19, 04:30:10 
28-Apr-19, 04:30:12 
28-Apr-19, 04:30:12 
28-Apr-19, 04:30:15 
28-Apr-19, 04:30:17 
28-Apr-19, 04:30:17 
28-Apr-19, 04:30:20 
28-Apr-19, 04:30:25 
28-Apr-19, 04:30:27 
28-Apr-19, 04:30:27 
28-Apr-19, 04:30:30 
28-Apr-19, 04:30:32 
28-Apr-19, 04:30:32 
28-Apr-19, 04:30:37 
28-Apr-19, 04:30:37 
28-Apr-19, 04:30:40 
28-Apr-19, 04:30:42 
28-Apr-19, 04:30:42 
28-Apr-19, 04:30:45 
28-Apr-19, 04:30:47 
28-Apr-19, 04:30:47 
28-Apr-19, 04:30:50 
28-Apr-19, 04:30:52 
28-Apr-19, 04:30:52 
28-Apr-19, 04:30:55 
28-Apr-19, 04:31:05 
28-Apr-19, 04:31:07 
28-Apr-19, 04:31:07 
28-Apr-19, 04:31:10 
28-Apr-19, 04:31:12 
28-Apr-19, 04:31:12 
28-Apr-19, 04:31:15 
28-Apr-19, 04:31:17 
28-Apr-19, 04:31:17 
28-Apr-19, 04:31:20 
28-Apr-19, 04:31:22 
28-Apr-19, 04:31:22 
28-Apr-19, 04:31:25 
28-Apr-19, 04:31:30 
28-Apr-19, 04:31:35 
28-Apr-19, 04:31:37 
28-Apr-19, 04:31:37 
28-Apr-19, 04:31:40 
28-Apr-19, 04:31:42 
28-Apr-19, 04:31:42 
28-Apr-19, 04:31:45 
28-Apr-19, 04:31:47 
28-Apr-19, 04:31:47 
28-Apr-19, 04:31:50 
28-Apr-19, 04:31:52 
28-Apr-19, 04:31:52 
28-Apr-19, 04:31:55 
28-Apr-19, 04:32:02 
28-Apr-19, 04:32:02 
28-Apr-19, 04:32:05 
28-Apr-19, 04:32:07 
28-Apr-19, 04:32:07 
28-Apr-19, 04:32:10 
28-Apr-19, 04:32:12 
28-Apr-19, 04:32:12 
28-Apr-19, 04:32:15 
28-Apr-19, 04:32:17 
28-Apr-19, 04:32:17 
28-Apr-19, 04:32:22 
28-Apr-19, 04:32:22 
28-Apr-19, 04:32:25 
28-Apr-19, 04:32:27 
28-Apr-19, 04:32:27 
28-Apr-19, 04:32:30 
28-Apr-19, 04:32:32 
28-Apr-19, 04:32:32 
28-Apr-19, 04:32:35 
28-Apr-19, 04:32:37 
28-Apr-19, 04:32:37 
28-Apr-19, 04:32:40 
28-Apr-19, 04:32:42 
28-Apr-19, 04:32:42 
28-Apr-19, 04:32:45 
28-Apr-19, 04:32:47 
28-Apr-19, 04:32:47 
28-Apr-19, 04:32:50 
28-Apr-19, 04:32:55 
28-Apr-19, 04:33:00 
28-Apr-19, 04:33:02 
28-Apr-19, 04:33:02 
28-Apr-19, 04:33:05 
28-Apr-19, 04:33:07 
28-Apr-19, 04:33:07 
28-Apr-19, 04:33:10 
28-Apr-19, 04:33:12 
28-Apr-19, 04:33:12 
28-Apr-19, 04:33:15 
28-Apr-19, 04:33:17 
28-Apr-19, 04:33:17 
28-Apr-19, 04:33:22 
28-Apr-19, 04:33:22 
28-Apr-19, 04:33:25 
28-Apr-19, 04:33:27 
28-Apr-19, 04:33:27 
28-Apr-19, 04:33:30 
28-Apr-19, 04:33:35 
28-Apr-19, 04:33:37 
28-Apr-19, 04:33:37 
28-Apr-19, 04:33:40 
28-Apr-19, 04:33:42 
28-Apr-19, 04:33:42 
28-Apr-19, 04:33:45 
28-Apr-19, 04:33:47 
28-Apr-19, 04:33:47 
28-Apr-19, 04:33:50 
28-Apr-19, 04:33:55 
28-Apr-19, 04:33:57 
28-Apr-19, 04:33:57 
28-Apr-19, 04:34:01 
28-Apr-19, 04:34:07 
28-Apr-19, 04:34:07 
28-Apr-19, 04:34:10 
28-Apr-19, 04:34:11 
28-Apr-19, 04:34:12 
28-Apr-19, 04:34:12 
28-Apr-19, 04:34:15 
28-Apr-19, 04:34:16 
28-Apr-19, 04:34:17 
28-Apr-19, 04:34:17 
28-Apr-19, 04:34:21 
28-Apr-19, 04:34:22 
28-Apr-19, 04:34:22 
28-Apr-19, 04:34:25 
28-Apr-19, 04:34:26 
28-Apr-19, 04:34:27 
28-Apr-19, 04:34:27 
28-Apr-19, 04:34:30 
28-Apr-19, 04:34:31 
28-Apr-19, 04:34:32 
28-Apr-19, 04:34:32 
28-Apr-19, 04:34:35 
28-Apr-19, 04:34:37 
28-Apr-19, 04:34:37 
28-Apr-19, 04:34:40 
28-Apr-19, 04:34:41 
28-Apr-19, 04:34:42 
28-Apr-19, 04:34:42 
28-Apr-19, 04:34:45 
28-Apr-19, 04:34:46 
28-Apr-19, 04:34:50 
28-Apr-19, 04:34:51 
28-Apr-19, 04:34:52 
28-Apr-19, 04:34:52 
28-Apr-19, 04:34:55 
28-Apr-19, 04:35:02 
28-Apr-19, 04:35:02 
28-Apr-19, 04:35:05 
28-Apr-19, 04:35:06 
28-Apr-19, 04:35:07 
28-Apr-19, 04:35:07 
28-Apr-19, 04:35:10 
28-Apr-19, 04:35:11 
28-Apr-19, 04:35:12 
28-Apr-19, 04:35:12 
28-Apr-19, 04:35:15 
28-Apr-19, 04:35:17 
28-Apr-19, 04:35:17 
28-Apr-19, 04:35:20 
28-Apr-19, 04:35:21 
28-Apr-19, 04:35:25 
28-Apr-19, 04:35:26 
28-Apr-19, 04:35:27 
28-Apr-19, 04:35:27 
28-Apr-19, 04:35:30 
28-Apr-19, 04:35:31 
28-Apr-19, 04:35:35 
28-Apr-19, 04:35:40 
28-Apr-19, 04:35:41 
28-Apr-19, 04:35:42 
28-Apr-19, 04:35:42 
28-Apr-19, 04:35:45 
28-Apr-19, 04:35:46 
28-Apr-19, 04:35:47 
28-Apr-19, 04:35:47 
28-Apr-19, 04:35:52 
28-Apr-19, 04:35:52 
28-Apr-19, 04:35:55 
28-Apr-19, 04:36:00 
28-Apr-19, 04:36:01 
28-Apr-19, 04:36:02 
28-Apr-19, 04:36:02 
28-Apr-19, 04:36:05 
28-Apr-19, 04:36:06 
28-Apr-19, 04:36:07 
28-Apr-19, 04:36:07 
28-Apr-19, 04:36:10 
28-Apr-19, 04:36:11 
28-Apr-19, 04:36:12 
28-Apr-19, 04:36:12 
28-Apr-19, 04:36:15 
28-Apr-19, 04:36:16 
28-Apr-19, 04:36:17 
28-Apr-19, 04:36:17 
28-Apr-19, 04:36:20 
28-Apr-19, 04:36:21 
28-Apr-19, 04:36:22 
28-Apr-19, 04:36:22 
28-Apr-19, 04:36:25 
28-Apr-19, 04:36:26 
28-Apr-19, 04:36:27 
28-Apr-19, 04:36:27 
28-Apr-19, 04:36:30 
28-Apr-19, 04:36:31 
28-Apr-19, 04:36:32 
28-Apr-19, 04:36:32 
28-Apr-19, 04:36:35 
28-Apr-19, 04:36:36 
28-Apr-19, 04:36:37 
28-Apr-19, 04:36:37 
28-Apr-19, 04:36:40 
28-Apr-19, 04:36:41 
28-Apr-19, 04:36:42 
28-Apr-19, 04:36:42 
28-Apr-19, 04:36:45 
28-Apr-19, 04:36:46 
28-Apr-19, 04:36:47 
28-Apr-19, 04:36:47 
28-Apr-19, 04:36:50 
28-Apr-19, 04:36:51 
28-Apr-19, 04:36:52 
28-Apr-19, 04:36:52 
28-Apr-19, 04:36:55 
28-Apr-19, 04:37:05 
28-Apr-19, 04:37:06 
28-Apr-19, 04:37:07 
28-Apr-19, 04:37:07 
28-Apr-19, 04:37:10 
28-Apr-19, 04:37:11 
28-Apr-19, 04:37:12 
28-Apr-19, 04:37:12 
28-Apr-19, 04:37:15 
28-Apr-19, 04:37:16 
28-Apr-19, 04:37:17 
28-Apr-19, 04:37:17 
28-Apr-19, 04:37:20 
28-Apr-19, 04:37:21 
28-Apr-19, 04:37:25 
28-Apr-19, 04:37:27 
28-Apr-19, 04:37:27 
28-Apr-19, 04:37:30 
28-Apr-19, 04:37:31 
28-Apr-19, 04:37:35 
28-Apr-19, 04:37:37 
28-Apr-19, 04:37:37 
28-Apr-19, 04:37:40 
28-Apr-19, 04:37:41 
28-Apr-19, 04:37:42 
28-Apr-19, 04:37:42 
28-Apr-19, 04:37:45 
28-Apr-19, 04:37:46 
28-Apr-19, 04:37:47 
28-Apr-19, 04:37:47 
28-Apr-19, 04:37:50 
28-Apr-19, 04:37:51 
28-Apr-19, 04:37:52 
28-Apr-19, 04:37:52 
28-Apr-19, 04:37:55 
28-Apr-19, 04:38:02 
28-Apr-19, 04:38:02 
28-Apr-19, 04:38:05 
28-Apr-19, 04:38:06 
28-Apr-19, 04:38:07 
28-Apr-19, 04:38:07 
28-Apr-19, 04:38:10 
28-Apr-19, 04:38:11 
28-Apr-19, 04:38:12 
28-Apr-19, 04:38:12 
28-Apr-19, 04:38:15 
28-Apr-19, 04:38:16 
28-Apr-19, 04:38:17 
28-Apr-19, 04:38:17 
28-Apr-19, 04:38:20 
28-Apr-19, 04:38:21 
28-Apr-19, 04:38:22 
28-Apr-19, 04:38:22 
28-Apr-19, 04:38:25 
28-Apr-19, 04:38:26 
28-Apr-19, 04:38:27 
28-Apr-19, 04:38:27 
28-Apr-19, 04:38:30 
28-Apr-19, 04:38:31 
28-Apr-19, 04:38:32 
28-Apr-19, 04:38:32 
28-Apr-19, 04:38:35 
28-Apr-19, 04:38:36 
28-Apr-19, 04:38:37 
28-Apr-19, 04:38:37 
28-Apr-19, 04:38:40 
28-Apr-19, 04:38:41 
28-Apr-19, 04:38:42 
28-Apr-19, 04:38:42 
28-Apr-19, 04:38:46 
28-Apr-19, 04:38:47 
28-Apr-19, 04:38:47 
28-Apr-19, 04:38:50 
28-Apr-19, 04:38:51 
28-Apr-19, 04:38:52 
28-Apr-19, 04:38:52 
28-Apr-19, 04:39:00 
28-Apr-19, 04:39:01 
28-Apr-19, 04:39:02 
28-Apr-19, 04:39:02 
28-Apr-19, 04:39:05 
28-Apr-19, 04:39:06 
28-Apr-19, 04:39:10 
28-Apr-19, 04:39:11 
28-Apr-19, 04:39:12 
28-Apr-19, 04:39:12 
28-Apr-19, 04:39:15 
28-Apr-19, 04:39:17 
28-Apr-19, 04:39:17 
28-Apr-19, 04:39:20 
28-Apr-19, 04:39:21 
28-Apr-19, 04:39:22 
28-Apr-19, 04:39:22 
28-Apr-19, 04:39:25 
28-Apr-19, 04:39:26 
28-Apr-19, 04:39:27 
28-Apr-19, 04:39:27 
28-Apr-19, 04:39:30 
28-Apr-19, 04:39:31 
28-Apr-19, 04:39:35 
28-Apr-19, 04:39:36 
28-Apr-19, 04:39:37 
28-Apr-19, 04:39:37 
28-Apr-19, 04:39:41 
28-Apr-19, 04:39:42 
28-Apr-19, 04:39:42 
28-Apr-19, 04:39:45 
28-Apr-19, 04:39:46 
28-Apr-19, 04:39:47 
28-Apr-19, 04:39:47 
28-Apr-19, 04:39:50 
28-Apr-19, 04:39:51 
28-Apr-19, 04:39:52 
28-Apr-19, 04:39:52 
28-Apr-19, 04:39:55 
28-Apr-19, 04:40:01 
28-Apr-19, 04:40:05 
28-Apr-19, 04:40:06 
28-Apr-19, 04:40:07 
28-Apr-19, 04:40:07 
28-Apr-19, 04:40:10 
28-Apr-19, 04:40:12 
28-Apr-19, 04:40:12 
28-Apr-19, 04:40:15 
28-Apr-19, 04:40:16 
28-Apr-19, 04:40:17 
28-Apr-19, 04:40:17 
28-Apr-19, 04:40:20 
28-Apr-19, 04:40:21 
28-Apr-19, 04:40:22 
28-Apr-19, 04:40:22 
28-Apr-19, 04:40:25 
28-Apr-19, 04:40:27 
28-Apr-19, 04:40:27 
28-Apr-19, 04:40:30 
28-Apr-19, 04:40:31 
28-Apr-19, 04:40:32 
28-Apr-19, 04:40:32 
28-Apr-19, 04:40:35 
28-Apr-19, 04:40:36 
28-Apr-19, 04:40:37 
28-Apr-19, 04:40:37 
28-Apr-19, 04:40:42 
28-Apr-19, 04:40:42 
28-Apr-19, 04:40:45 
28-Apr-19, 04:40:46 
28-Apr-19, 04:40:47 
28-Apr-19, 04:40:47 
28-Apr-19, 04:40:50 
28-Apr-19, 04:40:51 
28-Apr-19, 04:40:55 
28-Apr-19, 04:41:05 
28-Apr-19, 04:41:06 
28-Apr-19, 04:41:07 
28-Apr-19, 04:41:07 
28-Apr-19, 04:41:10 
28-Apr-19, 04:41:11 
28-Apr-19, 04:41:12 
28-Apr-19, 04:41:12 
28-Apr-19, 04:41:15 
28-Apr-19, 04:41:16 
28-Apr-19, 04:41:17 
28-Apr-19, 04:41:17 
28-Apr-19, 04:41:20 
28-Apr-19, 04:41:21 
28-Apr-19, 04:41:22 
28-Apr-19, 04:41:22 
28-Apr-19, 04:41:25 
28-Apr-19, 04:41:27 
28-Apr-19, 04:41:27 
28-Apr-19, 04:41:30 
28-Apr-19, 04:41:31 
28-Apr-19, 04:41:35 
28-Apr-19, 04:41:36 
28-Apr-19, 04:41:37 
28-Apr-19, 04:41:37 
28-Apr-19, 04:41:40 
28-Apr-19, 04:41:41 
28-Apr-19, 04:41:42 
28-Apr-19, 04:41:42 
28-Apr-19, 04:41:45 
28-Apr-19, 04:41:46 
28-Apr-19, 04:41:47 
28-Apr-19, 04:41:47 
28-Apr-19, 04:41:50 
28-Apr-19, 04:41:52 
28-Apr-19, 04:41:52 
28-Apr-19, 04:41:55 
28-Apr-19, 04:42:00 
28-Apr-19, 04:42:01 
28-Apr-19, 04:42:05 
28-Apr-19, 04:42:06 
28-Apr-19, 04:42:07 
28-Apr-19, 04:42:07 
28-Apr-19, 04:42:11 
28-Apr-19, 04:42:12 
28-Apr-19, 04:42:12 
28-Apr-19, 04:42:15 
28-Apr-19, 04:42:16 
28-Apr-19, 04:42:17 
28-Apr-19, 04:42:17 
28-Apr-19, 04:42:20 
28-Apr-19, 04:42:21 
28-Apr-19, 04:42:22 
28-Apr-19, 04:42:22 
28-Apr-19, 04:42:27 
28-Apr-19, 04:42:27 
28-Apr-19, 04:42:30 
28-Apr-19, 04:42:31 
28-Apr-19, 04:42:32 
28-Apr-19, 04:42:32 
28-Apr-19, 04:42:35 
28-Apr-19, 04:42:36 
28-Apr-19, 04:42:37 
28-Apr-19, 04:42:37 
28-Apr-19, 04:42:40 
28-Apr-19, 04:42:41 
28-Apr-19, 04:42:42 
28-Apr-19, 04:42:42 
28-Apr-19, 04:42:45 
28-Apr-19, 04:42:46 
28-Apr-19, 04:42:47 
28-Apr-19, 04:42:47 
28-Apr-19, 04:42:50 
28-Apr-19, 04:42:51 
28-Apr-19, 04:42:52 
28-Apr-19, 04:42:52 
28-Apr-19, 04:42:55 
28-Apr-19, 04:43:02 
28-Apr-19, 04:43:02 
28-Apr-19, 04:43:05 
28-Apr-19, 04:43:06 
28-Apr-19, 04:43:07 
28-Apr-19, 04:43:07 
28-Apr-19, 04:43:10 
28-Apr-19, 04:43:11 
28-Apr-19, 04:43:12 
28-Apr-19, 04:43:12 
28-Apr-19, 04:43:15 
28-Apr-19, 04:43:16 
28-Apr-19, 04:43:17 
28-Apr-19, 04:43:17 
28-Apr-19, 04:43:20 
28-Apr-19, 04:43:21 
28-Apr-19, 04:43:22 
28-Apr-19, 04:43:22 
28-Apr-19, 04:43:25 
28-Apr-19, 04:43:26 
28-Apr-19, 04:43:27 
28-Apr-19, 04:43:27 
28-Apr-19, 04:43:30 
28-Apr-19, 04:43:31 
28-Apr-19, 04:43:35 
28-Apr-19, 04:43:36 
28-Apr-19, 04:43:37 
28-Apr-19, 04:43:37 
28-Apr-19, 04:43:40 
28-Apr-19, 04:43:41 
28-Apr-19, 04:43:42 
28-Apr-19, 04:43:42 
28-Apr-19, 04:43:45 
28-Apr-19, 04:43:46 
28-Apr-19, 04:43:47 
28-Apr-19, 04:43:47 
28-Apr-19, 04:43:50 
28-Apr-19, 04:43:51 
28-Apr-19, 04:43:52 
28-Apr-19, 04:43:52 
28-Apr-19, 04:43:55 
28-Apr-19, 04:44:01 
28-Apr-19, 04:44:05 
28-Apr-19, 04:44:06 
28-Apr-19, 04:44:07 
28-Apr-19, 04:44:07 
28-Apr-19, 04:44:12 
28-Apr-19, 04:44:12 
28-Apr-19, 04:44:16 
28-Apr-19, 04:44:17 
28-Apr-19, 04:44:17 
28-Apr-19, 04:44:20 
28-Apr-19, 04:44:21 
28-Apr-19, 04:44:22 
28-Apr-19, 04:44:22 
28-Apr-19, 04:44:25 
28-Apr-19, 04:44:26 
28-Apr-19, 04:44:27 
28-Apr-19, 04:44:27 
28-Apr-19, 04:44:30 
28-Apr-19, 04:44:31 
28-Apr-19, 04:44:32 
28-Apr-19, 04:44:32 
28-Apr-19, 04:44:35 
28-Apr-19, 04:44:36 
28-Apr-19, 04:44:37 
28-Apr-19, 04:44:37 
28-Apr-19, 04:44:40 
28-Apr-19, 04:44:41 
28-Apr-19, 04:44:45 
28-Apr-19, 04:44:46 
28-Apr-19, 04:44:47 
28-Apr-19, 04:44:47 
28-Apr-19, 04:44:50 
28-Apr-19, 04:44:51 
28-Apr-19, 04:44:52 
28-Apr-19, 04:44:52 
28-Apr-19, 04:44:55 
28-Apr-19, 04:44:57 
28-Apr-19, 04:44:57 
28-Apr-19, 04:45:00 
28-Apr-19, 04:45:01 
28-Apr-19, 04:45:02 
28-Apr-19, 04:45:02 
28-Apr-19, 04:45:05 
28-Apr-19, 04:45:06 
28-Apr-19, 04:45:07 
28-Apr-19, 04:45:07 
28-Apr-19, 04:45:10 
28-Apr-19, 04:45:11 
28-Apr-19, 04:45:12 
28-Apr-19, 04:45:12 
28-Apr-19, 04:45:15 
28-Apr-19, 04:45:16 
28-Apr-19, 04:45:17 
28-Apr-19, 04:45:17 
28-Apr-19, 04:45:21 
28-Apr-19, 04:45:22 
28-Apr-19, 04:45:22 
28-Apr-19, 04:45:25 
28-Apr-19, 04:45:26 
28-Apr-19, 04:45:27 
28-Apr-19, 04:45:27 
28-Apr-19, 04:45:30 
28-Apr-19, 04:45:31 
28-Apr-19, 04:45:35 
28-Apr-19, 04:45:36 
28-Apr-19, 04:45:37 
28-Apr-19, 04:45:37 
28-Apr-19, 04:45:40 
28-Apr-19, 04:45:41 
28-Apr-19, 04:45:45 
28-Apr-19, 04:45:46 
28-Apr-19, 04:45:47 
28-Apr-19, 04:45:47 
28-Apr-19, 04:45:50 
28-Apr-19, 04:45:51 
28-Apr-19, 04:45:52 
28-Apr-19, 04:45:52 
28-Apr-19, 04:45:55 
28-Apr-19, 04:46:02 
28-Apr-19, 04:46:02 
28-Apr-19, 04:46:05 
28-Apr-19, 04:46:06 
28-Apr-19, 04:46:07 
28-Apr-19, 04:46:07 
28-Apr-19, 04:46:10 
28-Apr-19, 04:46:11 
28-Apr-19, 04:46:12 
28-Apr-19, 04:46:12 
28-Apr-19, 04:46:15 
28-Apr-19, 04:46:16 
28-Apr-19, 04:46:17 
28-Apr-19, 04:46:17 
28-Apr-19, 04:46:20 
28-Apr-19, 04:46:21 
28-Apr-19, 04:46:22 
28-Apr-19, 04:46:22 
28-Apr-19, 04:46:25 
28-Apr-19, 04:46:26 
28-Apr-19, 04:46:30 
28-Apr-19, 04:46:31 
28-Apr-19, 04:46:32 
28-Apr-19, 04:46:32 
28-Apr-19, 04:46:35 
28-Apr-19, 04:46:36 
28-Apr-19, 04:46:37 
28-Apr-19, 04:46:37 
28-Apr-19, 04:46:40 
28-Apr-19, 04:46:41 
28-Apr-19, 04:46:42 
28-Apr-19, 04:46:42 
28-Apr-19, 04:46:45 
28-Apr-19, 04:46:46 
28-Apr-19, 04:46:47 
28-Apr-19, 04:46:47 
28-Apr-19, 04:46:50 
28-Apr-19, 04:46:51 
28-Apr-19, 04:46:52 
28-Apr-19, 04:46:52 
28-Apr-19, 04:46:55 
28-Apr-19, 04:46:57 
28-Apr-19, 04:46:57 
28-Apr-19, 04:47:01 
28-Apr-19, 04:47:02 
28-Apr-19, 04:47:02 
28-Apr-19, 04:47:05 
28-Apr-19, 04:47:06 
28-Apr-19, 04:47:07 
28-Apr-19, 04:47:07 
28-Apr-19, 04:47:10 
28-Apr-19, 04:47:11 
28-Apr-19, 04:47:12 
28-Apr-19, 04:47:12 
28-Apr-19, 04:47:15 
28-Apr-19, 04:47:16 
28-Apr-19, 04:47:17 
28-Apr-19, 04:47:17 
28-Apr-19, 04:47:20 
28-Apr-19, 04:47:21 
28-Apr-19, 04:47:22 
28-Apr-19, 04:47:22 
28-Apr-19, 04:47:25 
28-Apr-19, 04:47:26 
28-Apr-19, 04:47:30 
28-Apr-19, 04:47:31 
28-Apr-19, 04:47:35 
28-Apr-19, 04:47:36 
28-Apr-19, 04:47:37 
28-Apr-19, 04:47:37 
28-Apr-19, 04:47:40 
28-Apr-19, 04:47:41 
28-Apr-19, 04:47:42 
28-Apr-19, 04:47:42 
28-Apr-19, 04:47:45 
28-Apr-19, 04:47:47 
28-Apr-19, 04:47:47 
28-Apr-19, 04:47:50 
28-Apr-19, 04:47:51 
28-Apr-19, 04:47:52 
28-Apr-19, 04:47:52 
28-Apr-19, 04:47:55 
28-Apr-19, 04:48:00 
28-Apr-19, 04:48:05 
28-Apr-19, 04:48:06 
28-Apr-19, 04:48:07 
28-Apr-19, 04:48:07 
28-Apr-19, 04:48:10 
28-Apr-19, 04:48:11 
28-Apr-19, 04:48:12 
28-Apr-19, 04:48:12 
28-Apr-19, 04:48:15 
28-Apr-19, 04:48:16 
28-Apr-19, 04:48:17 
28-Apr-19, 04:48:17 
28-Apr-19, 04:48:20 
28-Apr-19, 04:48:21 
28-Apr-19, 04:48:22 
28-Apr-19, 04:48:22 
28-Apr-19, 04:48:25 
28-Apr-19, 04:48:26 
28-Apr-19, 04:48:27 
28-Apr-19, 04:48:27 
28-Apr-19, 04:48:30 
28-Apr-19, 04:48:31 
28-Apr-19, 04:48:33 
28-Apr-19, 04:48:35 
28-Apr-19, 04:48:36 
28-Apr-19, 04:48:37 
28-Apr-19, 04:48:38 
28-Apr-19, 04:48:40 
28-Apr-19, 04:48:41 
28-Apr-19, 04:50:32 
28-Apr-19, 04:50:33 
28-Apr-19, 04:50:35 
28-Apr-19, 04:50:36 
28-Apr-19, 04:50:37 
28-Apr-19, 04:50:38 
28-Apr-19, 04:50:41 
28-Apr-19, 04:50:42 
28-Apr-19, 04:50:43 
28-Apr-19, 04:50:47 
28-Apr-19, 04:50:48 
28-Apr-19, 04:50:50 
28-Apr-19, 04:50:51 
28-Apr-19, 04:50:52 
28-Apr-19, 04:50:53 
28-Apr-19, 04:50:55 
28-Apr-19, 04:50:57 
28-Apr-19, 04:51:00 
28-Apr-19, 04:51:01 
28-Apr-19, 04:51:03 
28-Apr-19, 04:51:05 
28-Apr-19, 04:51:06 
28-Apr-19, 04:51:07 
28-Apr-19, 04:51:08 
28-Apr-19, 04:51:10 
28-Apr-19, 04:51:11 
28-Apr-19, 04:51:12 
28-Apr-19, 04:51:13 
28-Apr-19, 04:51:15 
28-Apr-19, 04:51:16 
28-Apr-19, 04:51:17 
28-Apr-19, 04:51:18 
28-Apr-19, 04:51:20 
28-Apr-19, 04:51:21 
28-Apr-19, 04:51:22 
28-Apr-19, 04:51:23 
28-Apr-19, 04:51:25 
28-Apr-19, 04:51:26 
28-Apr-19, 04:51:27 
28-Apr-19, 04:51:28 
28-Apr-19, 04:51:30 
28-Apr-19, 04:51:31 
28-Apr-19, 04:51:33 
28-Apr-19, 04:51:35 
28-Apr-19, 04:51:36 
28-Apr-19, 04:51:37 
28-Apr-19, 04:51:38 
28-Apr-19, 04:51:40 
28-Apr-19, 04:51:41 
28-Apr-19, 04:51:43 
28-Apr-19, 04:51:45 
28-Apr-19, 04:51:46 
28-Apr-19, 04:51:47 
28-Apr-19, 04:51:48 
28-Apr-19, 04:51:50 
28-Apr-19, 04:51:51 
28-Apr-19, 04:51:52 
28-Apr-19, 04:51:53 
28-Apr-19, 04:51:55 
28-Apr-19, 04:52:05 
28-Apr-19, 04:52:06 
28-Apr-19, 04:52:07 
28-Apr-19, 04:52:08 
28-Apr-19, 04:52:11 
28-Apr-19, 04:52:12 
28-Apr-19, 04:52:13 
28-Apr-19, 04:52:15 
28-Apr-19, 04:52:18 
28-Apr-19, 04:52:20 
28-Apr-19, 04:52:21 
28-Apr-19, 04:52:22 
28-Apr-19, 04:52:23 
28-Apr-19, 04:52:25 
28-Apr-19, 04:52:26 
28-Apr-19, 04:52:27 
28-Apr-19, 04:52:28 
28-Apr-19, 04:52:31 
28-Apr-19, 04:52:32 
28-Apr-19, 04:52:33 
28-Apr-19, 04:52:35 
28-Apr-19, 04:52:36 
28-Apr-19, 04:52:37 
28-Apr-19, 04:52:38 
28-Apr-19, 04:52:40 
28-Apr-19, 04:52:41 
28-Apr-19, 04:52:42 
28-Apr-19, 04:52:43 
28-Apr-19, 04:52:45 
28-Apr-19, 04:52:46 
28-Apr-19, 04:52:47 
28-Apr-19, 04:52:48 
28-Apr-19, 04:52:50 
28-Apr-19, 04:52:51 
28-Apr-19, 04:52:52 
28-Apr-19, 04:52:53 
28-Apr-19, 04:52:55 
28-Apr-19, 04:52:57 
28-Apr-19, 04:53:00 
28-Apr-19, 04:53:03 
28-Apr-19, 04:53:05 
28-Apr-19, 04:53:06 
28-Apr-19, 04:53:07 
28-Apr-19, 04:53:08 
28-Apr-19, 04:53:10 
28-Apr-19, 04:53:11 
28-Apr-19, 04:53:12 
28-Apr-19, 04:53:13 
28-Apr-19, 04:53:15 
28-Apr-19, 04:53:16 
28-Apr-19, 04:53:17 
28-Apr-19, 04:53:18 
28-Apr-19, 04:53:20 
28-Apr-19, 04:53:21 
28-Apr-19, 04:53:22 
28-Apr-19, 04:53:23 
28-Apr-19, 04:53:25 
28-Apr-19, 04:53:26 
28-Apr-19, 04:53:27 
28-Apr-19, 04:53:28 
28-Apr-19, 04:53:30 
28-Apr-19, 04:53:31 
28-Apr-19, 04:53:33 
28-Apr-19, 04:53:35 
28-Apr-19, 04:53:36 
28-Apr-19, 04:53:37 
28-Apr-19, 04:53:38 
28-Apr-19, 04:53:40 
28-Apr-19, 04:53:41 
28-Apr-19, 04:53:42 
28-Apr-19, 04:53:43 
28-Apr-19, 04:53:45 
28-Apr-19, 04:53:46 
28-Apr-19, 04:53:47 
28-Apr-19, 04:53:50 
28-Apr-19, 04:53:51 
28-Apr-19, 04:53:52 
28-Apr-19, 04:53:53 
28-Apr-19, 04:53:55 
28-Apr-19, 04:54:05 
28-Apr-19, 04:54:06 
28-Apr-19, 04:54:07 
28-Apr-19, 04:54:08 
28-Apr-19, 04:54:10 
28-Apr-19, 04:54:11 
28-Apr-19, 04:54:12 
28-Apr-19, 04:54:13 
28-Apr-19, 04:54:17 
28-Apr-19, 04:54:18 
28-Apr-19, 04:54:20 
28-Apr-19, 04:54:21 
28-Apr-19, 04:54:22 
28-Apr-19, 04:54:23 
28-Apr-19, 04:54:25 
28-Apr-19, 04:54:26 
28-Apr-19, 04:54:27 
28-Apr-19, 04:54:28 
28-Apr-19, 04:54:30 
28-Apr-19, 04:54:31 
28-Apr-19, 04:54:32 
28-Apr-19, 04:54:33 
28-Apr-19, 04:54:35 
28-Apr-19, 04:54:36 
28-Apr-19, 04:54:38 
28-Apr-19, 04:54:40 
28-Apr-19, 04:54:41 
28-Apr-19, 04:54:42 
28-Apr-19, 04:54:45 
28-Apr-19, 04:54:46 
28-Apr-19, 04:54:47 
28-Apr-19, 04:54:48 
28-Apr-19, 04:54:50 
28-Apr-19, 04:54:51 
28-Apr-19, 04:54:52 
28-Apr-19, 04:54:53 
28-Apr-19, 04:54:55 
28-Apr-19, 04:55:02 
28-Apr-19, 04:55:03 
28-Apr-19, 04:55:05 
28-Apr-19, 04:55:06 
28-Apr-19, 04:55:08 
28-Apr-19, 04:55:10 
28-Apr-19, 04:55:11 
28-Apr-19, 04:55:12 
28-Apr-19, 04:55:13 
28-Apr-19, 04:55:15 
28-Apr-19, 04:55:16 
28-Apr-19, 04:55:17 
28-Apr-19, 04:55:18 
28-Apr-19, 04:55:20 
28-Apr-19, 04:55:21 
28-Apr-19, 04:55:22 
28-Apr-19, 04:55:23 
28-Apr-19, 04:55:25 
28-Apr-19, 04:55:26 
28-Apr-19, 04:55:27 
28-Apr-19, 04:55:28 
28-Apr-19, 04:55:30 
28-Apr-19, 04:55:31 
28-Apr-19, 04:55:33 
28-Apr-19, 04:55:35 
28-Apr-19, 04:55:36 
28-Apr-19, 04:55:37 
28-Apr-19, 04:55:38 
28-Apr-19, 04:55:40 
28-Apr-19, 04:55:41 
28-Apr-19, 04:55:42 
28-Apr-19, 04:55:43 
28-Apr-19, 04:55:45 
28-Apr-19, 04:55:46 
28-Apr-19, 04:55:50 
28-Apr-19, 04:55:51 
28-Apr-19, 04:55:52 
28-Apr-19, 04:55:53 
28-Apr-19, 04:55:55 
28-Apr-19, 04:56:02 
28-Apr-19, 04:56:03 
28-Apr-19, 04:56:05 
28-Apr-19, 04:56:06 
28-Apr-19, 04:56:07 
28-Apr-19, 04:56:08 
28-Apr-19, 04:56:10 
28-Apr-19, 04:56:11 
28-Apr-19, 04:56:12 
28-Apr-19, 04:56:15 
28-Apr-19, 04:56:17 
28-Apr-19, 04:56:18 
28-Apr-19, 04:56:20 
28-Apr-19, 04:56:21 
28-Apr-19, 04:56:22 
28-Apr-19, 04:56:23 
28-Apr-19, 04:56:25 
28-Apr-19, 04:56:26 
28-Apr-19, 04:56:27 
28-Apr-19, 04:56:28 
28-Apr-19, 04:56:30 
28-Apr-19, 04:56:31 
28-Apr-19, 04:56:32 
28-Apr-19, 04:56:33 
28-Apr-19, 04:56:35 
28-Apr-19, 04:56:36 
28-Apr-19, 04:56:37 
28-Apr-19, 04:56:38 
28-Apr-19, 04:56:40 
28-Apr-19, 04:56:41 
28-Apr-19, 04:56:42 
28-Apr-19, 04:56:43 
28-Apr-19, 04:56:45 
28-Apr-19, 04:56:46 
28-Apr-19, 04:56:47 
28-Apr-19, 04:56:48 
28-Apr-19, 04:56:50 
28-Apr-19, 04:56:51 
28-Apr-19, 04:56:52 
28-Apr-19, 04:56:53 
28-Apr-19, 04:56:55 
28-Apr-19, 04:57:02 
28-Apr-19, 04:57:03 
28-Apr-19, 04:57:06 
28-Apr-19, 04:57:10 
28-Apr-19, 04:57:11 
28-Apr-19, 04:57:12 
28-Apr-19, 04:57:13 
28-Apr-19, 04:57:15 
28-Apr-19, 04:57:16 
28-Apr-19, 04:57:17 
28-Apr-19, 04:57:18 
28-Apr-19, 04:57:21 
28-Apr-19, 04:57:22 
28-Apr-19, 04:57:23 
28-Apr-19, 04:57:25 
28-Apr-19, 04:57:26 
28-Apr-19, 04:57:27 
28-Apr-19, 04:57:28 
28-Apr-19, 04:57:30 
28-Apr-19, 04:57:31 
28-Apr-19, 04:57:35 
28-Apr-19, 04:57:36 
28-Apr-19, 04:57:37 
28-Apr-19, 04:57:38 
28-Apr-19, 04:57:40 
28-Apr-19, 04:57:41 
28-Apr-19, 04:57:42 
28-Apr-19, 04:57:43 
28-Apr-19, 04:57:45 
28-Apr-19, 04:57:46 
28-Apr-19, 04:57:48 
28-Apr-19, 04:57:50 
28-Apr-19, 04:57:51 
28-Apr-19, 04:57:52 
28-Apr-19, 04:57:53 
28-Apr-19, 04:57:55 
28-Apr-19, 04:57:57 
28-Apr-19, 04:58:02 
28-Apr-19, 04:58:03 
28-Apr-19, 04:58:05 
28-Apr-19, 04:58:06 
28-Apr-19, 04:58:07 
28-Apr-19, 04:58:08 
28-Apr-19, 04:58:12 
28-Apr-19, 04:58:15 
28-Apr-19, 04:58:16 
28-Apr-19, 04:58:17 
28-Apr-19, 04:58:18 
28-Apr-19, 04:58:20 
28-Apr-19, 04:58:21 
28-Apr-19, 04:58:22 
28-Apr-19, 04:58:25 
28-Apr-19, 04:58:26 
28-Apr-19, 04:58:27 
28-Apr-19, 04:58:28 
28-Apr-19, 04:58:30 
28-Apr-19, 04:58:31 
28-Apr-19, 04:58:32 
28-Apr-19, 04:58:33 
28-Apr-19, 04:58:35 
28-Apr-19, 04:58:36 
28-Apr-19, 04:58:37 
28-Apr-19, 04:58:38 
28-Apr-19, 04:58:40 
28-Apr-19, 04:58:41 
28-Apr-19, 04:58:42 
28-Apr-19, 04:58:43 
28-Apr-19, 04:58:45 
28-Apr-19, 04:58:46 
28-Apr-19, 04:58:47 
28-Apr-19, 04:58:48 
28-Apr-19, 04:59:02 
28-Apr-19, 04:59:03 
28-Apr-19, 04:59:06 
28-Apr-19, 04:59:07 
28-Apr-19, 04:59:08 
28-Apr-19, 04:59:10 
28-Apr-19, 04:59:11 
28-Apr-19, 04:59:12 
28-Apr-19, 04:59:13 
28-Apr-19, 04:59:15 
28-Apr-19, 04:59:16 
28-Apr-19, 04:59:17 
28-Apr-19, 04:59:20 
28-Apr-19, 04:59:21 
28-Apr-19, 04:59:22 
28-Apr-19, 04:59:23 
28-Apr-19, 04:59:25 
28-Apr-19, 04:59:26 
28-Apr-19, 04:59:27 
28-Apr-19, 04:59:28 
28-Apr-19, 04:59:30 
28-Apr-19, 04:59:31 
28-Apr-19, 04:59:33 
28-Apr-19, 04:59:35 
28-Apr-19, 04:59:36 
28-Apr-19, 04:59:37 
28-Apr-19, 04:59:38 
28-Apr-19, 04:59:40 
28-Apr-19, 04:59:41 
28-Apr-19, 04:59:42 
28-Apr-19, 04:59:43 
28-Apr-19, 04:59:45 
28-Apr-19, 04:59:46 
28-Apr-19, 04:59:47 
28-Apr-19, 04:59:48 
28-Apr-19, 04:59:50 
28-Apr-19, 04:59:51 
28-Apr-19, 04:59:52 
28-Apr-19, 04:59:53 
28-Apr-19, 04:59:55 
28-Apr-19, 04:59:57 
28-Apr-19, 05:00:03 
28-Apr-19, 05:00:06 
28-Apr-19, 05:00:07 
28-Apr-19, 05:00:08 
28-Apr-19, 05:00:10 
28-Apr-19, 05:00:11 
28-Apr-19, 05:00:12 
28-Apr-19, 05:00:13 
28-Apr-19, 05:00:15 
28-Apr-19, 05:00:16 
28-Apr-19, 05:00:17 
28-Apr-19, 05:00:18 
28-Apr-19, 05:00:20 
28-Apr-19, 05:00:21 
28-Apr-19, 05:00:22 
28-Apr-19, 05:00:23 
28-Apr-19, 05:00:25 
28-Apr-19, 05:00:26 
28-Apr-19, 05:00:27 
28-Apr-19, 05:00:28 
28-Apr-19, 05:00:30 
28-Apr-19, 05:00:32 
28-Apr-19, 05:00:33 
28-Apr-19, 05:00:35 
28-Apr-19, 05:00:38 
28-Apr-19, 05:00:40 
28-Apr-19, 05:00:41 
28-Apr-19, 05:00:42 
28-Apr-19, 05:00:43 
28-Apr-19, 05:00:45 
28-Apr-19, 05:00:46 
28-Apr-19, 05:00:47 
28-Apr-19, 05:00:48 
28-Apr-19, 05:00:51 
28-Apr-19, 05:00:52 
28-Apr-19, 05:00:55 
28-Apr-19, 05:00:58 
28-Apr-19, 05:01:00 
28-Apr-19, 05:01:02 
28-Apr-19, 05:01:03 
28-Apr-19, 05:01:05 
28-Apr-19, 05:01:06 
28-Apr-19, 05:01:07 
28-Apr-19, 05:01:08 
28-Apr-19, 05:01:10 
28-Apr-19, 05:01:11 
28-Apr-19, 05:01:12 
28-Apr-19, 05:01:13 
28-Apr-19, 05:01:15 
28-Apr-19, 05:01:16 
28-Apr-19, 05:01:17 
28-Apr-19, 05:01:18 
28-Apr-19, 05:01:20 
28-Apr-19, 05:01:21 
28-Apr-19, 05:01:22 
28-Apr-19, 05:01:23 
28-Apr-19, 05:01:25 
28-Apr-19, 05:01:28 
28-Apr-19, 05:01:30 
28-Apr-19, 05:01:31 
28-Apr-19, 05:01:33 
28-Apr-19, 05:01:35 
28-Apr-19, 05:01:36 
28-Apr-19, 05:01:37 
28-Apr-19, 05:01:38 
28-Apr-19, 05:01:40 
28-Apr-19, 05:01:41 
28-Apr-19, 05:01:42 
28-Apr-19, 05:01:43 
28-Apr-19, 05:01:45 
28-Apr-19, 05:01:46 
28-Apr-19, 05:01:47 
28-Apr-19, 05:01:48 
28-Apr-19, 05:01:50 
28-Apr-19, 05:01:51 
28-Apr-19, 05:01:52 
28-Apr-19, 05:01:53 
28-Apr-19, 05:01:55 
28-Apr-19, 05:02:00 
28-Apr-19, 05:02:02 
28-Apr-19, 05:02:03 
28-Apr-19, 05:02:05 
28-Apr-19, 05:02:06 
28-Apr-19, 05:02:07 
28-Apr-19, 05:02:10 
28-Apr-19, 05:02:11 
28-Apr-19, 05:02:12 
28-Apr-19, 05:02:13 
28-Apr-19, 05:02:15 
28-Apr-19, 05:02:16 
28-Apr-19, 05:02:17 
28-Apr-19, 05:02:18 
28-Apr-19, 05:02:20 
28-Apr-19, 05:02:23 
28-Apr-19, 05:02:25 
28-Apr-19, 05:02:26 
28-Apr-19, 05:02:27 
28-Apr-19, 05:02:28 
28-Apr-19, 05:02:30 
28-Apr-19, 05:02:31 
28-Apr-19, 05:02:32 
28-Apr-19, 05:02:33 
28-Apr-19, 05:02:36 
28-Apr-19, 05:02:37 
28-Apr-19, 05:02:38 
28-Apr-19, 05:02:40 
28-Apr-19, 05:02:41 
28-Apr-19, 05:02:42 
28-Apr-19, 05:02:43 
28-Apr-19, 05:02:45 
28-Apr-19, 05:02:46 
28-Apr-19, 05:02:47 
28-Apr-19, 05:02:48 
28-Apr-19, 05:02:50 
28-Apr-19, 05:02:51 
28-Apr-19, 05:02:52 
28-Apr-19, 05:02:53 
28-Apr-19, 05:02:55 
28-Apr-19, 05:03:02 
28-Apr-19, 05:03:03 
28-Apr-19, 05:03:05 
28-Apr-19, 05:03:06 
28-Apr-19, 05:03:07 
28-Apr-19, 05:03:08 
28-Apr-19, 05:03:10 
28-Apr-19, 05:03:11 
28-Apr-19, 05:03:12 
28-Apr-19, 05:03:13 
28-Apr-19, 05:03:15 
28-Apr-19, 05:03:16 
28-Apr-19, 05:03:17 
28-Apr-19, 05:03:18 
28-Apr-19, 05:03:20 
28-Apr-19, 05:03:21 
28-Apr-19, 05:03:22 
28-Apr-19, 05:03:23 
28-Apr-19, 05:03:25 
28-Apr-19, 05:03:26 
28-Apr-19, 05:03:27 
28-Apr-19, 05:03:28 
28-Apr-19, 05:03:30 
28-Apr-19, 05:03:31 
28-Apr-19, 05:03:33 
28-Apr-19, 05:03:35 
28-Apr-19, 05:03:36 
28-Apr-19, 05:03:38 
28-Apr-19, 05:03:40 
28-Apr-19, 05:03:41 
28-Apr-19, 05:03:42 
28-Apr-19, 05:03:43 
28-Apr-19, 05:03:45 
28-Apr-19, 05:03:46 
28-Apr-19, 05:03:47 
28-Apr-19, 05:03:48 
28-Apr-19, 05:03:50 
28-Apr-19, 05:03:52 
28-Apr-19, 05:03:55 
28-Apr-19, 05:04:02 
28-Apr-19, 05:04:03 
28-Apr-19, 05:04:05 
28-Apr-19, 05:04:08 
28-Apr-19, 05:04:10 
28-Apr-19, 05:04:11 
28-Apr-19, 05:04:12 
28-Apr-19, 05:04:13 
28-Apr-19, 05:04:15 
28-Apr-19, 05:04:16 
28-Apr-19, 05:04:17 
28-Apr-19, 05:04:18 
28-Apr-19, 05:04:20 
28-Apr-19, 05:04:22 
28-Apr-19, 05:04:23 
28-Apr-19, 05:04:25 
28-Apr-19, 05:04:26 
28-Apr-19, 05:04:27 
28-Apr-19, 05:04:28 
28-Apr-19, 05:04:30 
28-Apr-19, 05:04:31 
28-Apr-19, 05:04:32 
28-Apr-19, 05:04:33 
28-Apr-19, 05:04:35 
28-Apr-19, 05:04:36 
28-Apr-19, 05:04:37 
28-Apr-19, 05:04:38 
28-Apr-19, 05:04:40 
28-Apr-19, 05:04:41 
28-Apr-19, 05:04:42 
28-Apr-19, 05:04:43 
28-Apr-19, 05:04:45 
28-Apr-19, 05:04:46 
28-Apr-19, 05:04:47 
28-Apr-19, 05:04:48 
28-Apr-19, 05:04:50 
28-Apr-19, 05:04:51 
28-Apr-19, 05:04:52 
28-Apr-19, 05:04:53 
28-Apr-19, 05:04:55 
28-Apr-19, 05:05:00 
28-Apr-19, 05:05:01 
28-Apr-19, 05:05:03 
28-Apr-19, 05:05:05 
28-Apr-19, 05:05:06 
28-Apr-19, 05:05:07 
28-Apr-19, 05:05:08 
28-Apr-19, 05:05:10 
28-Apr-19, 05:05:11 
28-Apr-19, 05:05:12 
28-Apr-19, 05:05:13 
28-Apr-19, 05:05:15 
28-Apr-19, 05:05:16 
28-Apr-19, 05:05:17 
28-Apr-19, 05:05:18 
28-Apr-19, 05:05:20 
28-Apr-19, 05:05:21 
28-Apr-19, 05:05:22 
28-Apr-19, 05:05:23 
28-Apr-19, 05:05:26 
28-Apr-19, 05:05:27 
28-Apr-19, 05:05:28 
28-Apr-19, 05:05:30 
28-Apr-19, 05:05:31 
28-Apr-19, 05:05:33 
28-Apr-19, 05:05:35 
28-Apr-19, 05:05:36 
28-Apr-19, 05:05:37 
28-Apr-19, 05:05:40 
28-Apr-19, 05:05:41 
28-Apr-19, 05:05:42 
28-Apr-19, 05:05:43 
28-Apr-19, 05:05:45 
28-Apr-19, 05:05:46 
28-Apr-19, 05:05:47 
28-Apr-19, 05:05:48 
28-Apr-19, 05:05:50 
28-Apr-19, 05:05:51 
28-Apr-19, 05:05:53 
28-Apr-19, 05:05:55 
28-Apr-19, 05:06:00 
28-Apr-19, 05:06:02 
28-Apr-19, 05:06:03 
28-Apr-19, 05:06:05 
28-Apr-19, 05:06:06 
28-Apr-19, 05:06:07 
28-Apr-19, 05:06:08 
28-Apr-19, 05:06:10 
28-Apr-19, 05:06:11 
28-Apr-19, 05:06:13 
28-Apr-19, 05:06:15 
28-Apr-19, 05:06:16 
28-Apr-19, 05:06:17 
28-Apr-19, 05:06:18 
28-Apr-19, 05:06:20 
28-Apr-19, 05:06:21 
28-Apr-19, 05:06:22 
28-Apr-19, 05:06:23 
28-Apr-19, 05:06:25 
28-Apr-19, 05:06:26 
28-Apr-19, 05:06:27 
28-Apr-19, 05:06:28 
28-Apr-19, 05:06:30 
28-Apr-19, 05:06:31 
28-Apr-19, 05:06:32 
28-Apr-19, 05:06:33 
28-Apr-19, 05:06:35 
28-Apr-19, 05:06:36 
28-Apr-19, 05:06:37 
28-Apr-19, 05:06:38 
28-Apr-19, 05:06:40 
28-Apr-19, 05:06:41 
28-Apr-19, 05:06:42 
28-Apr-19, 05:06:43 
28-Apr-19, 05:06:45 
28-Apr-19, 05:06:46 
28-Apr-19, 05:06:47 
28-Apr-19, 05:06:48 
28-Apr-19, 05:06:51 
28-Apr-19, 05:06:52 
28-Apr-19, 05:06:53 
28-Apr-19, 05:06:55 
28-Apr-19, 05:06:58 
28-Apr-19, 05:07:01 
28-Apr-19, 05:07:02 
28-Apr-19, 05:07:03 
28-Apr-19, 05:07:05 
28-Apr-19, 05:07:06 
28-Apr-19, 05:07:07 
28-Apr-19, 05:07:08 
28-Apr-19, 05:07:12 
28-Apr-19, 05:07:13 
28-Apr-19, 05:07:15 
28-Apr-19, 05:07:16 
28-Apr-19, 05:07:17 
28-Apr-19, 05:07:18 
28-Apr-19, 05:07:20 
28-Apr-19, 05:07:21 
28-Apr-19, 05:07:22 
28-Apr-19, 05:07:25 
28-Apr-19, 05:07:26 
28-Apr-19, 05:07:27 
28-Apr-19, 05:07:28 
28-Apr-19, 05:07:30 
28-Apr-19, 05:07:31 
28-Apr-19, 05:07:33 
28-Apr-19, 05:07:35 
28-Apr-19, 05:07:36 
28-Apr-19, 05:07:37 
28-Apr-19, 05:07:38 
28-Apr-19, 05:07:41 
28-Apr-19, 05:07:42 
28-Apr-19, 05:07:43 
28-Apr-19, 05:07:45 
28-Apr-19, 05:07:46 
28-Apr-19, 05:07:47 
28-Apr-19, 05:07:48 
28-Apr-19, 05:07:50 
28-Apr-19, 05:07:51 
28-Apr-19, 05:07:52 
28-Apr-19, 05:07:53 
28-Apr-19, 05:07:55 
28-Apr-19, 05:07:58 
28-Apr-19, 05:08:00 
28-Apr-19, 05:08:02 
28-Apr-19, 05:08:03 
28-Apr-19, 05:08:05 
28-Apr-19, 05:08:06 
28-Apr-19, 05:08:07 
28-Apr-19, 05:08:08 
28-Apr-19, 05:08:10 
28-Apr-19, 05:08:11 
28-Apr-19, 05:08:12 
28-Apr-19, 05:08:13 
28-Apr-19, 05:08:15 
28-Apr-19, 05:08:16 
28-Apr-19, 05:08:17 
28-Apr-19, 05:08:21 
28-Apr-19, 05:08:22 
28-Apr-19, 05:08:25 
28-Apr-19, 05:08:26 
28-Apr-19, 05:08:27 
28-Apr-19, 05:08:28 
28-Apr-19, 05:08:30 
28-Apr-19, 05:08:31 
28-Apr-19, 05:08:32 
28-Apr-19, 05:08:33 
28-Apr-19, 05:08:35 
28-Apr-19, 05:08:36 
28-Apr-19, 05:08:38 
28-Apr-19, 05:08:40 
28-Apr-19, 05:08:41 
28-Apr-19, 05:08:43 
28-Apr-19, 05:08:45 
28-Apr-19, 05:08:46 
28-Apr-19, 05:08:47 
28-Apr-19, 05:08:48 
28-Apr-19, 05:08:50 
28-Apr-19, 05:08:51 
28-Apr-19, 05:08:52 
28-Apr-19, 05:08:53 
28-Apr-19, 05:09:00 
28-Apr-19, 05:09:01 
28-Apr-19, 05:09:02 
28-Apr-19, 05:09:03 
28-Apr-19, 05:09:06 
28-Apr-19, 05:09:07 
28-Apr-19, 05:09:08 
28-Apr-19, 05:09:11 
28-Apr-19, 05:09:12 
28-Apr-19, 05:09:13 
28-Apr-19, 05:09:15 
28-Apr-19, 05:09:16 
28-Apr-19, 05:09:17 
28-Apr-19, 05:09:18 
28-Apr-19, 05:09:20 
28-Apr-19, 05:09:21 
28-Apr-19, 05:09:22 
28-Apr-19, 05:09:23 
28-Apr-19, 05:09:25 
28-Apr-19, 05:09:26 
28-Apr-19, 05:09:27 
28-Apr-19, 05:09:28 
28-Apr-19, 05:09:30 
28-Apr-19, 05:09:31 
28-Apr-19, 05:09:33 
28-Apr-19, 05:09:35 
28-Apr-19, 05:09:36 
28-Apr-19, 05:09:37 
28-Apr-19, 05:09:38 
28-Apr-19, 05:09:40 
28-Apr-19, 05:09:41 
28-Apr-19, 05:09:42 
28-Apr-19, 05:09:43 
28-Apr-19, 05:09:46 
28-Apr-19, 05:09:47 
28-Apr-19, 05:09:48 
28-Apr-19, 05:09:50 
28-Apr-19, 05:09:51 
28-Apr-19, 05:09:52 
28-Apr-19, 05:09:53 
28-Apr-19, 05:09:55 
28-Apr-19, 05:10:00 
28-Apr-19, 05:10:02 
28-Apr-19, 05:10:03 
28-Apr-19, 05:10:05 
28-Apr-19, 05:10:06 
28-Apr-19, 05:10:07 
28-Apr-19, 05:10:08 
28-Apr-19, 05:10:10 
28-Apr-19, 05:10:11 
28-Apr-19, 05:10:12 
28-Apr-19, 05:10:13 
28-Apr-19, 05:10:15 
28-Apr-19, 05:10:16 
28-Apr-19, 05:10:17 
28-Apr-19, 05:10:18 
28-Apr-19, 05:10:20 
28-Apr-19, 05:10:21 
28-Apr-19, 05:10:22 
28-Apr-19, 05:10:23 
28-Apr-19, 05:10:25 
28-Apr-19, 05:10:26 
28-Apr-19, 05:10:28 
28-Apr-19, 05:10:30 
28-Apr-19, 05:10:31 
28-Apr-19, 05:10:32 
28-Apr-19, 05:10:33 
28-Apr-19, 05:10:35 
28-Apr-19, 05:10:36 
28-Apr-19, 05:10:37 
28-Apr-19, 05:10:38 
28-Apr-19, 05:10:40 
28-Apr-19, 05:10:43 
28-Apr-19, 05:10:45 
28-Apr-19, 05:10:46 
28-Apr-19, 05:10:47 
28-Apr-19, 05:10:48 
28-Apr-19, 05:10:50 
28-Apr-19, 05:10:51 
28-Apr-19, 05:10:52 
28-Apr-19, 05:10:53 
28-Apr-19, 05:10:57 
28-Apr-19, 05:11:06 
28-Apr-19, 05:11:06 
28-Apr-19, 05:11:07 
28-Apr-19, 05:11:08 
28-Apr-19, 05:11:11 
28-Apr-19, 05:11:11 
28-Apr-19, 05:11:12 
28-Apr-19, 05:11:17 
28-Apr-19, 05:11:18 
28-Apr-19, 05:11:21 
28-Apr-19, 05:11:21 
28-Apr-19, 05:11:22 
28-Apr-19, 05:11:23 
28-Apr-19, 05:11:26 
28-Apr-19, 05:11:26 
28-Apr-19, 05:11:27 
28-Apr-19, 05:11:28 
28-Apr-19, 05:11:31 
28-Apr-19, 05:11:31 
28-Apr-19, 05:11:33 
28-Apr-19, 05:11:36 
28-Apr-19, 05:11:36 
28-Apr-19, 05:11:37 
28-Apr-19, 05:11:38 
28-Apr-19, 05:11:42 
28-Apr-19, 05:11:43 
28-Apr-19, 05:11:46 
28-Apr-19, 05:11:46 
28-Apr-19, 05:11:47 
28-Apr-19, 05:11:48 
28-Apr-19, 05:11:51 
28-Apr-19, 05:11:51 
28-Apr-19, 05:11:52 
28-Apr-19, 05:11:53 
28-Apr-19, 05:12:02 
28-Apr-19, 05:12:03 
28-Apr-19, 05:12:06 
28-Apr-19, 05:12:06 
28-Apr-19, 05:12:07 
28-Apr-19, 05:12:08 
28-Apr-19, 05:12:11 
28-Apr-19, 05:12:11 
28-Apr-19, 05:12:16 
28-Apr-19, 05:12:16 
28-Apr-19, 05:12:17 
28-Apr-19, 05:12:18 
28-Apr-19, 05:12:21 
28-Apr-19, 05:12:21 
28-Apr-19, 05:12:23 
28-Apr-19, 05:12:28 
28-Apr-19, 05:12:31 
28-Apr-19, 05:12:31 
28-Apr-19, 05:12:32 
28-Apr-19, 05:12:33 
28-Apr-19, 05:12:36 
28-Apr-19, 05:12:36 
28-Apr-19, 05:12:37 
28-Apr-19, 05:12:38 
28-Apr-19, 05:12:41 
28-Apr-19, 05:12:41 
28-Apr-19, 05:12:42 
28-Apr-19, 05:12:43 
28-Apr-19, 05:12:46 
28-Apr-19, 05:12:46 
28-Apr-19, 05:12:47 
28-Apr-19, 05:12:48 
28-Apr-19, 05:12:51 
28-Apr-19, 05:12:51 
28-Apr-19, 05:12:52 
28-Apr-19, 05:13:02 
28-Apr-19, 05:13:03 
28-Apr-19, 05:13:06 
28-Apr-19, 05:13:06 
28-Apr-19, 05:13:07 
28-Apr-19, 05:13:08 
28-Apr-19, 05:13:11 
28-Apr-19, 05:13:11 
28-Apr-19, 05:13:16 
28-Apr-19, 05:13:16 
28-Apr-19, 05:13:17 
28-Apr-19, 05:13:18 
28-Apr-19, 05:13:21 
28-Apr-19, 05:13:21 
28-Apr-19, 05:13:22 
28-Apr-19, 05:13:23 
28-Apr-19, 05:13:26 
28-Apr-19, 05:13:26 
28-Apr-19, 05:13:27 
28-Apr-19, 05:13:28 
28-Apr-19, 05:13:31 
28-Apr-19, 05:13:31 
28-Apr-19, 05:13:33 
28-Apr-19, 05:13:36 
28-Apr-19, 05:13:36 
28-Apr-19, 05:13:37 
28-Apr-19, 05:13:41 
28-Apr-19, 05:13:41 
28-Apr-19, 05:13:42 
28-Apr-19, 05:13:43 
28-Apr-19, 05:13:46 
28-Apr-19, 05:13:46 
28-Apr-19, 05:13:48 
28-Apr-19, 05:13:48 
28-Apr-19, 05:13:51 
28-Apr-19, 05:13:51 
28-Apr-19, 05:13:53 
28-Apr-19, 05:13:53 
28-Apr-19, 05:14:03 
28-Apr-19, 05:14:03 
28-Apr-19, 05:14:06 
28-Apr-19, 05:14:06 
28-Apr-19, 05:14:08 
28-Apr-19, 05:14:08 
28-Apr-19, 05:14:11 
28-Apr-19, 05:14:11 
28-Apr-19, 05:14:13 
28-Apr-19, 05:14:13 
28-Apr-19, 05:14:16 
28-Apr-19, 05:14:16 
28-Apr-19, 05:14:18 
28-Apr-19, 05:14:18 
28-Apr-19, 05:14:21 
28-Apr-19, 05:14:21 
28-Apr-19, 05:14:23 
28-Apr-19, 05:14:23 
28-Apr-19, 05:14:26 
28-Apr-19, 05:14:26 
28-Apr-19, 05:14:28 
28-Apr-19, 05:14:28 
28-Apr-19, 05:14:31 
28-Apr-19, 05:14:31 
28-Apr-19, 05:14:33 
28-Apr-19, 05:14:33 
28-Apr-19, 05:14:36 
28-Apr-19, 05:14:36 
28-Apr-19, 05:14:38 
28-Apr-19, 05:14:38 
28-Apr-19, 05:14:41 
28-Apr-19, 05:14:41 
28-Apr-19, 05:14:43 
28-Apr-19, 05:14:43 
28-Apr-19, 05:14:46 
28-Apr-19, 05:14:46 
28-Apr-19, 05:14:48 
28-Apr-19, 05:14:48 
28-Apr-19, 05:14:51 
28-Apr-19, 05:14:51 
28-Apr-19, 05:14:53 
28-Apr-19, 05:14:53 
28-Apr-19, 05:15:03 
28-Apr-19, 05:15:03 
28-Apr-19, 05:15:06 
28-Apr-19, 05:15:06 
28-Apr-19, 05:15:08 
28-Apr-19, 05:15:08 
28-Apr-19, 05:15:11 
28-Apr-19, 05:15:11 
28-Apr-19, 05:15:13 
28-Apr-19, 05:15:13 
28-Apr-19, 05:15:16 
28-Apr-19, 05:15:16 
28-Apr-19, 05:15:18 
28-Apr-19, 05:15:18 
28-Apr-19, 05:15:21 
28-Apr-19, 05:15:21 
28-Apr-19, 05:15:23 
28-Apr-19, 05:15:23 
28-Apr-19, 05:15:26 
28-Apr-19, 05:15:26 
28-Apr-19, 05:15:28 
28-Apr-19, 05:15:28 
28-Apr-19, 05:15:31 
28-Apr-19, 05:15:31 
28-Apr-19, 05:15:33 
28-Apr-19, 05:15:33 
28-Apr-19, 05:15:36 
28-Apr-19, 05:15:36 
28-Apr-19, 05:15:38 
28-Apr-19, 05:15:38 
28-Apr-19, 05:15:41 
28-Apr-19, 05:15:41 
28-Apr-19, 05:15:46 
28-Apr-19, 05:15:46 
28-Apr-19, 05:15:48 
28-Apr-19, 05:15:48 
28-Apr-19, 05:15:53 
28-Apr-19, 05:15:53 
28-Apr-19, 05:16:03 
28-Apr-19, 05:16:03 
28-Apr-19, 05:16:06 
28-Apr-19, 05:16:06 
28-Apr-19, 05:16:08 
28-Apr-19, 05:16:08 
28-Apr-19, 05:16:11 
28-Apr-19, 05:16:11 
28-Apr-19, 05:16:13 
28-Apr-19, 05:16:13 
28-Apr-19, 05:16:16 
28-Apr-19, 05:16:16 
28-Apr-19, 05:16:18 
28-Apr-19, 05:16:18 
28-Apr-19, 05:16:21 
28-Apr-19, 05:16:21 
28-Apr-19, 05:16:26 
28-Apr-19, 05:16:26 
28-Apr-19, 05:16:28 
28-Apr-19, 05:16:28 
28-Apr-19, 05:16:31 
28-Apr-19, 05:16:31 
28-Apr-19, 05:16:33 
28-Apr-19, 05:16:33 
28-Apr-19, 05:16:36 
28-Apr-19, 05:16:36 
28-Apr-19, 05:16:38 
28-Apr-19, 05:16:38 
28-Apr-19, 05:16:41 
28-Apr-19, 05:16:41 
28-Apr-19, 05:16:43 
28-Apr-19, 05:16:43 
28-Apr-19, 05:16:46 
28-Apr-19, 05:16:46 
28-Apr-19, 05:16:48 
28-Apr-19, 05:16:48 
28-Apr-19, 05:16:51 
28-Apr-19, 05:16:51 
28-Apr-19, 05:16:53 
28-Apr-19, 05:16:53 
28-Apr-19, 05:16:58 
28-Apr-19, 05:16:58 
28-Apr-19, 05:17:03 
28-Apr-19, 05:17:03 
28-Apr-19, 05:17:06 
28-Apr-19, 05:17:06 
28-Apr-19, 05:17:08 
28-Apr-19, 05:17:08 
28-Apr-19, 05:17:11 
28-Apr-19, 05:17:11 
28-Apr-19, 05:17:13 
28-Apr-19, 05:17:13 
28-Apr-19, 05:17:18 
28-Apr-19, 05:17:18 
28-Apr-19, 05:17:21 
28-Apr-19, 05:17:21 
28-Apr-19, 05:17:23 
28-Apr-19, 05:17:23 
28-Apr-19, 05:17:26 
28-Apr-19, 05:17:26 
28-Apr-19, 05:17:31 
28-Apr-19, 05:17:31 
28-Apr-19, 05:17:33 
28-Apr-19, 05:17:33 
28-Apr-19, 05:17:36 
28-Apr-19, 05:17:36 
28-Apr-19, 05:17:38 
28-Apr-19, 05:17:38 
28-Apr-19, 05:17:41 
28-Apr-19, 05:17:41 
28-Apr-19, 05:17:43 
28-Apr-19, 05:17:43 
28-Apr-19, 05:17:46 
28-Apr-19, 05:17:46 
28-Apr-19, 05:17:48 
28-Apr-19, 05:17:48 
28-Apr-19, 05:17:51 
28-Apr-19, 05:17:51 
28-Apr-19, 05:17:53 
28-Apr-19, 05:17:53 
28-Apr-19, 05:17:58 
28-Apr-19, 05:17:58 
28-Apr-19, 05:18:06 
28-Apr-19, 05:18:06 
28-Apr-19, 05:18:08 
28-Apr-19, 05:18:08 
28-Apr-19, 05:18:11 
28-Apr-19, 05:18:11 
28-Apr-19, 05:18:13 
28-Apr-19, 05:18:13 
28-Apr-19, 05:18:16 
28-Apr-19, 05:18:16 
28-Apr-19, 05:18:18 
28-Apr-19, 05:18:18 
28-Apr-19, 05:18:21 
28-Apr-19, 05:18:21 
28-Apr-19, 05:18:26 
28-Apr-19, 05:18:26 
28-Apr-19, 05:18:28 
28-Apr-19, 05:18:28 
28-Apr-19, 05:18:31 
28-Apr-19, 05:18:31 
28-Apr-19, 05:18:33 
28-Apr-19, 05:18:33 
28-Apr-19, 05:18:36 
28-Apr-19, 05:18:36 
28-Apr-19, 05:18:38 
28-Apr-19, 05:18:38 
28-Apr-19, 05:18:41 
28-Apr-19, 05:18:41 
28-Apr-19, 05:18:43 
28-Apr-19, 05:18:43 
28-Apr-19, 05:18:46 
28-Apr-19, 05:18:46 
28-Apr-19, 05:18:48 
28-Apr-19, 05:18:48 
28-Apr-19, 05:18:51 
28-Apr-19, 05:18:51 
28-Apr-19, 05:18:53 
28-Apr-19, 05:18:53 
28-Apr-19, 05:19:03 
28-Apr-19, 05:19:03 
28-Apr-19, 05:19:06 
28-Apr-19, 05:19:06 
28-Apr-19, 05:19:08 
28-Apr-19, 05:19:08 
28-Apr-19, 05:19:11 
28-Apr-19, 05:19:11 
28-Apr-19, 05:19:13 
28-Apr-19, 05:19:13 
28-Apr-19, 05:19:16 
28-Apr-19, 05:19:16 
28-Apr-19, 05:19:18 
28-Apr-19, 05:19:18 
28-Apr-19, 05:19:21 
28-Apr-19, 05:19:21 
28-Apr-19, 05:19:23 
28-Apr-19, 05:19:23 
28-Apr-19, 05:19:26 
28-Apr-19, 05:19:26 
28-Apr-19, 05:19:28 
28-Apr-19, 05:19:28 
28-Apr-19, 05:19:31 
28-Apr-19, 05:19:31 
28-Apr-19, 05:19:33 
28-Apr-19, 05:19:33 
28-Apr-19, 05:19:36 
28-Apr-19, 05:19:36 
28-Apr-19, 05:19:38 
28-Apr-19, 05:19:38 
28-Apr-19, 05:19:41 
28-Apr-19, 05:19:41 
28-Apr-19, 05:19:43 
28-Apr-19, 05:19:43 
28-Apr-19, 05:19:46 
28-Apr-19, 05:19:46 
28-Apr-19, 05:19:48 
28-Apr-19, 05:19:48 
28-Apr-19, 05:19:51 
28-Apr-19, 05:19:51 
28-Apr-19, 05:19:53 
28-Apr-19, 05:19:53 
28-Apr-19, 05:19:58 
28-Apr-19, 05:19:58 
28-Apr-19, 05:20:02 
28-Apr-19, 05:20:03 
28-Apr-19, 05:20:03 
28-Apr-19, 05:20:06 
28-Apr-19, 05:20:07 
28-Apr-19, 05:20:08 
28-Apr-19, 05:20:08 
28-Apr-19, 05:20:11 
28-Apr-19, 05:20:12 
28-Apr-19, 05:20:13 
28-Apr-19, 05:20:13 
28-Apr-19, 05:20:17 
28-Apr-19, 05:20:21 
28-Apr-19, 05:20:22 
28-Apr-19, 05:20:23 
28-Apr-19, 05:20:23 
28-Apr-19, 05:20:26 
28-Apr-19, 05:20:27 
28-Apr-19, 05:20:28 
28-Apr-19, 05:20:28 
28-Apr-19, 05:20:31 
28-Apr-19, 05:20:36 
28-Apr-19, 05:20:37 
28-Apr-19, 05:20:38 
28-Apr-19, 05:20:38 
28-Apr-19, 05:20:41 
28-Apr-19, 05:20:42 
28-Apr-19, 05:20:43 
28-Apr-19, 05:20:43 
28-Apr-19, 05:20:47 
28-Apr-19, 05:20:48 
28-Apr-19, 05:20:48 
28-Apr-19, 05:20:51 
28-Apr-19, 05:20:52 
28-Apr-19, 05:20:53 
28-Apr-19, 05:20:53 
28-Apr-19, 05:21:03 
28-Apr-19, 05:21:03 
28-Apr-19, 05:21:06 
28-Apr-19, 05:21:07 
28-Apr-19, 05:21:08 
28-Apr-19, 05:21:08 
28-Apr-19, 05:21:11 
28-Apr-19, 05:21:12 
28-Apr-19, 05:21:13 
28-Apr-19, 05:21:13 
28-Apr-19, 05:21:16 
28-Apr-19, 05:21:17 
28-Apr-19, 05:21:18 
28-Apr-19, 05:21:18 
28-Apr-19, 05:21:21 
28-Apr-19, 05:21:22 
28-Apr-19, 05:21:23 
28-Apr-19, 05:21:23 
28-Apr-19, 05:21:26 
28-Apr-19, 05:21:27 
28-Apr-19, 05:21:28 
28-Apr-19, 05:21:28 
28-Apr-19, 05:21:33 
28-Apr-19, 05:21:33 
28-Apr-19, 05:21:36 
28-Apr-19, 05:21:37 
28-Apr-19, 05:21:38 
28-Apr-19, 05:21:38 
28-Apr-19, 05:21:41 
28-Apr-19, 05:21:42 
28-Apr-19, 05:21:43 
28-Apr-19, 05:21:43 
28-Apr-19, 05:21:46 
28-Apr-19, 05:21:47 
28-Apr-19, 05:21:48 
28-Apr-19, 05:21:48 
28-Apr-19, 05:21:51 
28-Apr-19, 05:21:52 
28-Apr-19, 05:21:53 
28-Apr-19, 05:21:53 
28-Apr-19, 05:21:57 
28-Apr-19, 05:22:03 
28-Apr-19, 05:22:03 
28-Apr-19, 05:22:06 
28-Apr-19, 05:22:07 
28-Apr-19, 05:22:08 
28-Apr-19, 05:22:08 
28-Apr-19, 05:22:11 
28-Apr-19, 05:22:12 
28-Apr-19, 05:22:13 
28-Apr-19, 05:22:13 
28-Apr-19, 05:22:16 
28-Apr-19, 05:22:21 
28-Apr-19, 05:22:22 
28-Apr-19, 05:22:23 
28-Apr-19, 05:22:23 
28-Apr-19, 05:22:26 
28-Apr-19, 05:22:27 
28-Apr-19, 05:22:28 
28-Apr-19, 05:22:28 
28-Apr-19, 05:22:32 
28-Apr-19, 05:22:33 
28-Apr-19, 05:22:33 
28-Apr-19, 05:22:36 
28-Apr-19, 05:22:37 
28-Apr-19, 05:22:38 
28-Apr-19, 05:22:38 
28-Apr-19, 05:22:41 
28-Apr-19, 05:22:42 
28-Apr-19, 05:22:43 
28-Apr-19, 05:22:43 
28-Apr-19, 05:22:46 
28-Apr-19, 05:22:47 
28-Apr-19, 05:22:48 
28-Apr-19, 05:22:48 
28-Apr-19, 05:22:51 
28-Apr-19, 05:22:52 
28-Apr-19, 05:22:53 
28-Apr-19, 05:22:53 
28-Apr-19, 05:23:03 
28-Apr-19, 05:23:03 
28-Apr-19, 05:23:06 
28-Apr-19, 05:23:07 
28-Apr-19, 05:23:08 
28-Apr-19, 05:23:08 
28-Apr-19, 05:23:11 
28-Apr-19, 05:23:12 
28-Apr-19, 05:23:13 
28-Apr-19, 05:23:13 
28-Apr-19, 05:23:16 
28-Apr-19, 05:23:17 
28-Apr-19, 05:23:18 
28-Apr-19, 05:23:18 
28-Apr-19, 05:23:21 
28-Apr-19, 05:23:22 
28-Apr-19, 05:23:23 
28-Apr-19, 05:23:23 
28-Apr-19, 05:23:26 
28-Apr-19, 05:23:27 
28-Apr-19, 05:23:28 
28-Apr-19, 05:23:28 
28-Apr-19, 05:23:31 
28-Apr-19, 05:23:33 
28-Apr-19, 05:23:33 
28-Apr-19, 05:23:36 
28-Apr-19, 05:23:37 
28-Apr-19, 05:23:38 
28-Apr-19, 05:23:38 
28-Apr-19, 05:23:41 
28-Apr-19, 05:23:42 
28-Apr-19, 05:23:43 
28-Apr-19, 05:23:43 
28-Apr-19, 05:23:46 
28-Apr-19, 05:23:47 
28-Apr-19, 05:23:48 
28-Apr-19, 05:23:48 
28-Apr-19, 05:23:51 
28-Apr-19, 05:23:52 
28-Apr-19, 05:23:53 
28-Apr-19, 05:23:53 
28-Apr-19, 05:24:06 
28-Apr-19, 05:24:07 
28-Apr-19, 05:24:08 
28-Apr-19, 05:24:08 
28-Apr-19, 05:24:11 
28-Apr-19, 05:24:12 
28-Apr-19, 05:24:13 
28-Apr-19, 05:24:13 
28-Apr-19, 05:24:16 
28-Apr-19, 05:24:17 
28-Apr-19, 05:24:18 
28-Apr-19, 05:24:18 
28-Apr-19, 05:24:21 
28-Apr-19, 05:24:22 
28-Apr-19, 05:24:23 
28-Apr-19, 05:24:23 
28-Apr-19, 05:24:26 
28-Apr-19, 05:24:27 
28-Apr-19, 05:24:28 
28-Apr-19, 05:24:28 
28-Apr-19, 05:24:31 
28-Apr-19, 05:24:32 
28-Apr-19, 05:24:33 
28-Apr-19, 05:24:33 
28-Apr-19, 05:24:36 
28-Apr-19, 05:24:37 
28-Apr-19, 05:24:38 
28-Apr-19, 05:24:38 
28-Apr-19, 05:24:41 
28-Apr-19, 05:24:42 
28-Apr-19, 05:24:43 
28-Apr-19, 05:24:43 
28-Apr-19, 05:24:46 
28-Apr-19, 05:24:47 
28-Apr-19, 05:24:48 
28-Apr-19, 05:24:48 
28-Apr-19, 05:24:51 
28-Apr-19, 05:24:52 
28-Apr-19, 05:24:53 
28-Apr-19, 05:24:53 
28-Apr-19, 05:25:02 
28-Apr-19, 05:25:03 
28-Apr-19, 05:25:03 
28-Apr-19, 05:25:06 
28-Apr-19, 05:25:07 
28-Apr-19, 05:25:08 
28-Apr-19, 05:25:08 
28-Apr-19, 05:25:11 
28-Apr-19, 05:25:12 
28-Apr-19, 05:25:13 
28-Apr-19, 05:25:13 
28-Apr-19, 05:25:16 
28-Apr-19, 05:25:17 
28-Apr-19, 05:25:18 
28-Apr-19, 05:25:18 
28-Apr-19, 05:25:22 
28-Apr-19, 05:25:23 
28-Apr-19, 05:25:23 
28-Apr-19, 05:25:26 
28-Apr-19, 05:25:27 
28-Apr-19, 05:25:28 
28-Apr-19, 05:25:28 
28-Apr-19, 05:25:31 
28-Apr-19, 05:25:33 
28-Apr-19, 05:25:33 
28-Apr-19, 05:25:36 
28-Apr-19, 05:25:37 
28-Apr-19, 05:25:38 
28-Apr-19, 05:25:38 
28-Apr-19, 05:25:41 
28-Apr-19, 05:25:42 
28-Apr-19, 05:25:43 
28-Apr-19, 05:25:43 
28-Apr-19, 05:25:46 
28-Apr-19, 05:25:47 
28-Apr-19, 05:25:51 
28-Apr-19, 05:25:53 
28-Apr-19, 05:25:53 
28-Apr-19, 05:25:58 
28-Apr-19, 05:25:58 
28-Apr-19, 05:26:06 
28-Apr-19, 05:26:07 
28-Apr-19, 05:26:08 
28-Apr-19, 05:26:08 
28-Apr-19, 05:26:11 
28-Apr-19, 05:26:12 
28-Apr-19, 05:26:16 
28-Apr-19, 05:26:17 
28-Apr-19, 05:26:18 
28-Apr-19, 05:26:18 
28-Apr-19, 05:26:21 
28-Apr-19, 05:26:22 
28-Apr-19, 05:26:23 
28-Apr-19, 05:26:23 
28-Apr-19, 05:26:26 
28-Apr-19, 05:26:27 
28-Apr-19, 05:26:28 
28-Apr-19, 05:26:28 
28-Apr-19, 05:26:31 
28-Apr-19, 05:26:32 
28-Apr-19, 05:26:33 
28-Apr-19, 05:26:33 
28-Apr-19, 05:26:36 
28-Apr-19, 05:26:37 
28-Apr-19, 05:26:38 
28-Apr-19, 05:26:38 
28-Apr-19, 05:26:41 
28-Apr-19, 05:26:42 
28-Apr-19, 05:26:43 
28-Apr-19, 05:26:43 
28-Apr-19, 05:26:46 
28-Apr-19, 05:26:47 
28-Apr-19, 05:26:48 
28-Apr-19, 05:26:48 
28-Apr-19, 05:26:51 
28-Apr-19, 05:26:52 
28-Apr-19, 05:26:53 
28-Apr-19, 05:26:53 
28-Apr-19, 05:27:03 
28-Apr-19, 05:27:03 
28-Apr-19, 05:27:08 
28-Apr-19, 05:27:08 
28-Apr-19, 05:27:11 
28-Apr-19, 05:27:12 
28-Apr-19, 05:27:13 
28-Apr-19, 05:27:13 
28-Apr-19, 05:27:16 
28-Apr-19, 05:27:17 
28-Apr-19, 05:27:18 
28-Apr-19, 05:27:18 
28-Apr-19, 05:27:21 
28-Apr-19, 05:27:22 
28-Apr-19, 05:27:23 
28-Apr-19, 05:27:23 
28-Apr-19, 05:27:26 
23-Apr-19, 20:20:29 
23-Apr-19, 20:20:39 
23-Apr-19, 20:20:49 
23-Apr-19, 20:20:54 
23-Apr-19, 20:21:04 
23-Apr-19, 20:21:39 
23-Apr-19, 20:21:59 
23-Apr-19, 20:22:19 
23-Apr-19, 20:24:44 
23-Apr-19, 20:27:54 
23-Apr-19, 20:28:39 
23-Apr-19, 20:29:34 
23-Apr-19, 20:29:39 
23-Apr-19, 20:29:49 
23-Apr-19, 20:29:54 
23-Apr-19, 20:29:59 
23-Apr-19, 20:30:34 
23-Apr-19, 20:30:39 
23-Apr-19, 20:30:44 
23-Apr-19, 20:30:49 
23-Apr-19, 20:31:54 
23-Apr-19, 20:33:54 
23-Apr-19, 20:34:29 
23-Apr-19, 20:34:39 
23-Apr-19, 20:34:54 
23-Apr-19, 20:35:14 
23-Apr-19, 20:35:54 
23-Apr-19, 20:36:09 
23-Apr-19, 20:36:19 
23-Apr-19, 20:36:24 
23-Apr-19, 20:36:29 
23-Apr-19, 20:36:59 
23-Apr-19, 20:37:14 
23-Apr-19, 20:37:24 
23-Apr-19, 20:37:34 
23-Apr-19, 20:38:14 
23-Apr-19, 20:38:39 
23-Apr-19, 20:38:49 
23-Apr-19, 20:39:19 
23-Apr-19, 20:40:19 
23-Apr-19, 20:41:29 
23-Apr-19, 20:42:19 
23-Apr-19, 20:42:24 
23-Apr-19, 20:44:39 
23-Apr-19, 20:44:44 
23-Apr-19, 20:50:29 
23-Apr-19, 20:50:49 
23-Apr-19, 20:50:54 
23-Apr-19, 20:50:59 
23-Apr-19, 20:51:04 
23-Apr-19, 20:51:14 
23-Apr-19, 20:51:24 
23-Apr-19, 20:51:29 
23-Apr-19, 20:51:39 
23-Apr-19, 20:51:44 
23-Apr-19, 20:51:49 
23-Apr-19, 20:51:59 
23-Apr-19, 20:52:19 
23-Apr-19, 20:52:39 
23-Apr-19, 20:52:44 
23-Apr-19, 20:52:49 
23-Apr-19, 20:52:54 
23-Apr-19, 20:53:04 
23-Apr-19, 20:53:19 
23-Apr-19, 20:53:44 
23-Apr-19, 20:53:49 
23-Apr-19, 20:53:59 
23-Apr-19, 20:54:09 
23-Apr-19, 20:59:29 
23-Apr-19, 20:59:34 
23-Apr-19, 20:59:44 
23-Apr-19, 20:59:49 
23-Apr-19, 21:00:25 
23-Apr-19, 21:00:40 
23-Apr-19, 21:00:50 
23-Apr-19, 21:00:55 
23-Apr-19, 21:01:10 
23-Apr-19, 21:01:20 
23-Apr-19, 21:01:25 
23-Apr-19, 21:01:40 
23-Apr-19, 21:01:55 
23-Apr-19, 21:02:05 
23-Apr-19, 21:02:15 
23-Apr-19, 21:02:45 
23-Apr-19, 21:03:15 
23-Apr-19, 21:03:25 
23-Apr-19, 21:03:30 
23-Apr-19, 21:03:35 
23-Apr-19, 21:03:40 
23-Apr-19, 21:03:45 
23-Apr-19, 21:03:55 
23-Apr-19, 21:04:10 
23-Apr-19, 21:04:20 
23-Apr-19, 21:04:25 
23-Apr-19, 21:04:30 
23-Apr-19, 21:04:50 
23-Apr-19, 21:05:15 
23-Apr-19, 21:05:20 
23-Apr-19, 21:05:30 
23-Apr-19, 21:05:35 
23-Apr-19, 21:05:55 
23-Apr-19, 21:06:00 
23-Apr-19, 21:06:15 
23-Apr-19, 21:06:25 
23-Apr-19, 21:06:30 
23-Apr-19, 21:08:55 
23-Apr-19, 21:09:00 
23-Apr-19, 21:15:20 
23-Apr-19, 21:15:35 
23-Apr-19, 21:15:45 
23-Apr-19, 21:15:50 
23-Apr-19, 21:16:00 
23-Apr-19, 21:16:15 
23-Apr-19, 21:23:00 
23-Apr-19, 21:23:15 
23-Apr-19, 21:23:20 
23-Apr-19, 21:23:30 
23-Apr-19, 21:23:50 
23-Apr-19, 21:24:15 
23-Apr-19, 21:24:35 
23-Apr-19, 21:24:45 
23-Apr-19, 21:24:50 
23-Apr-19, 21:25:00 
23-Apr-19, 21:25:15 
23-Apr-19, 21:25:20 
23-Apr-19, 21:25:30 
23-Apr-19, 21:25:45 
23-Apr-19, 21:26:00 
23-Apr-19, 21:26:15 
23-Apr-19, 21:26:35 
23-Apr-19, 21:26:50 
23-Apr-19, 21:27:00 
23-Apr-19, 21:27:20 
23-Apr-19, 21:27:30 
23-Apr-19, 21:27:35 
23-Apr-19, 21:27:45 
23-Apr-19, 21:27:50 
23-Apr-19, 21:28:15 
23-Apr-19, 21:28:30 
23-Apr-19, 21:28:35 
23-Apr-19, 21:28:45 
23-Apr-19, 21:28:50 
23-Apr-19, 21:29:00 
23-Apr-19, 21:29:15 
23-Apr-19, 21:29:30 
23-Apr-19, 21:29:35 
23-Apr-19, 21:29:45 
23-Apr-19, 21:34:15 
23-Apr-19, 21:34:30 
23-Apr-19, 21:34:35 
23-Apr-19, 21:34:45 
23-Apr-19, 21:34:50 
23-Apr-19, 21:35:00 
23-Apr-19, 21:35:15 
23-Apr-19, 21:35:30 
23-Apr-19, 21:35:45 
23-Apr-19, 21:35:50 
23-Apr-19, 21:36:00 
23-Apr-19, 21:36:35 
23-Apr-19, 21:36:50 
23-Apr-19, 21:37:15 
23-Apr-19, 21:37:30 
23-Apr-19, 21:37:35 
23-Apr-19, 21:37:40 
23-Apr-19, 21:37:45 
23-Apr-19, 21:37:50 
23-Apr-19, 21:38:00 
23-Apr-19, 21:38:15 
23-Apr-19, 21:38:30 
23-Apr-19, 21:38:45 
23-Apr-19, 21:39:20 
23-Apr-19, 21:39:30 
23-Apr-19, 21:39:35 
23-Apr-19, 21:39:50 
23-Apr-19, 21:40:00 
23-Apr-19, 21:42:50 
23-Apr-19, 21:43:00 
23-Apr-19, 21:43:20 
23-Apr-19, 21:43:30 
23-Apr-19, 21:43:35 
23-Apr-19, 21:43:45 
23-Apr-19, 21:43:50 
23-Apr-19, 21:44:00 
23-Apr-19, 21:44:15 
23-Apr-19, 21:44:45 
23-Apr-19, 21:44:50 
23-Apr-19, 21:45:00 
23-Apr-19, 21:45:35 
23-Apr-19, 21:45:50 
23-Apr-19, 21:46:15 
23-Apr-19, 21:46:20 
23-Apr-19, 21:46:35 
23-Apr-19, 21:46:45 
23-Apr-19, 21:46:50 
23-Apr-19, 21:47:00 
23-Apr-19, 21:47:15 
23-Apr-19, 21:49:45 
23-Apr-19, 21:49:50 
23-Apr-19, 21:50:00 
23-Apr-19, 21:50:15 
23-Apr-19, 21:50:30 
23-Apr-19, 21:50:45 
23-Apr-19, 21:51:00 
23-Apr-19, 21:51:15 
23-Apr-19, 21:51:50 
23-Apr-19, 21:52:00 
23-Apr-19, 21:52:30 
23-Apr-19, 21:52:50 
23-Apr-19, 21:53:00 
23-Apr-19, 21:53:15 
23-Apr-19, 21:53:30 
23-Apr-19, 21:53:45 
23-Apr-19, 21:53:50 
23-Apr-19, 21:54:35 
23-Apr-19, 21:54:50 
23-Apr-19, 21:55:20 
23-Apr-19, 21:57:15 
23-Apr-19, 21:57:20 
23-Apr-19, 21:57:30 
23-Apr-19, 21:57:50 
23-Apr-19, 21:58:15 
23-Apr-19, 21:58:35 
23-Apr-19, 21:58:45 
23-Apr-19, 21:58:50 
23-Apr-19, 21:59:00 
23-Apr-19, 21:59:15 
23-Apr-19, 21:59:20 
23-Apr-19, 21:59:30 
23-Apr-19, 21:59:45 
23-Apr-19, 22:00:00 
23-Apr-19, 22:00:35 
23-Apr-19, 22:01:00 
23-Apr-19, 22:01:20 
23-Apr-19, 22:01:35 
23-Apr-19, 22:01:45 
23-Apr-19, 22:01:50 
23-Apr-19, 22:02:00 
23-Apr-19, 22:02:15 
23-Apr-19, 22:02:30 
23-Apr-19, 22:02:45 
23-Apr-19, 22:02:50 
23-Apr-19, 22:03:00 
23-Apr-19, 22:04:30 
23-Apr-19, 22:04:35 
23-Apr-19, 22:04:50 
23-Apr-19, 22:05:00 
23-Apr-19, 22:05:15 
23-Apr-19, 22:05:20 
23-Apr-19, 22:05:30 
23-Apr-19, 22:05:35 
23-Apr-19, 22:06:00 
23-Apr-19, 22:06:15 
23-Apr-19, 22:06:30 
23-Apr-19, 22:06:50 
23-Apr-19, 22:07:15 
23-Apr-19, 22:07:20 
23-Apr-19, 22:07:35 
23-Apr-19, 22:07:45 
23-Apr-19, 22:07:50 
23-Apr-19, 22:12:30 
23-Apr-19, 22:12:35 
23-Apr-19, 22:12:45 
23-Apr-19, 22:13:20 
23-Apr-19, 22:13:35 
23-Apr-19, 22:13:50 
23-Apr-19, 22:14:00 
23-Apr-19, 22:14:15 
23-Apr-19, 22:14:30 
23-Apr-19, 22:14:35 
23-Apr-19, 22:14:45 
23-Apr-19, 22:15:00 
23-Apr-19, 22:15:30 
23-Apr-19, 22:16:15 
23-Apr-19, 22:16:50 
23-Apr-19, 22:17:00 
23-Apr-19, 22:17:30 
23-Apr-19, 22:17:35 
23-Apr-19, 22:17:45 
23-Apr-19, 22:17:50 
23-Apr-19, 22:18:00 
23-Apr-19, 22:18:10 
23-Apr-19, 22:18:15 
23-Apr-19, 22:18:55 
23-Apr-19, 22:19:00 
23-Apr-19, 22:19:20 
23-Apr-19, 22:19:30 
23-Apr-19, 22:19:35 
23-Apr-19, 22:19:40 
23-Apr-19, 22:19:45 
23-Apr-19, 22:19:50 
23-Apr-19, 22:21:55 
23-Apr-19, 22:22:35 
23-Apr-19, 22:22:50 
23-Apr-19, 22:22:55 
23-Apr-19, 22:23:05 
23-Apr-19, 22:23:20 
23-Apr-19, 22:23:35 
23-Apr-19, 22:23:41 
23-Apr-19, 22:23:56 
23-Apr-19, 22:24:01 
23-Apr-19, 22:24:26 
23-Apr-19, 22:24:41 
23-Apr-19, 22:24:56 
23-Apr-19, 22:25:01 
23-Apr-19, 22:25:06 
23-Apr-19, 22:28:51 
23-Apr-19, 22:29:01 
23-Apr-19, 22:29:21 
23-Apr-19, 22:29:36 
23-Apr-19, 22:29:46 
23-Apr-19, 22:29:51 
23-Apr-19, 22:30:01 
23-Apr-19, 22:31:51 
23-Apr-19, 22:31:56 
23-Apr-19, 22:32:01 
23-Apr-19, 22:32:06 
23-Apr-19, 22:32:21 
23-Apr-19, 22:32:36 
23-Apr-19, 22:32:41 
23-Apr-19, 22:32:46 
23-Apr-19, 22:32:51 
23-Apr-19, 22:32:56 
23-Apr-19, 22:33:16 
23-Apr-19, 22:33:21 
23-Apr-19, 22:33:31 
23-Apr-19, 22:33:36 
23-Apr-19, 22:33:41 
23-Apr-19, 22:33:46 
23-Apr-19, 22:33:51 
23-Apr-19, 22:34:01 
23-Apr-19, 22:34:16 
23-Apr-19, 22:36:51 
23-Apr-19, 22:37:01 
23-Apr-19, 22:37:06 
23-Apr-19, 22:37:31 
23-Apr-19, 22:37:41 
23-Apr-19, 22:37:46 
23-Apr-19, 22:37:56 
23-Apr-19, 22:38:01 
23-Apr-19, 22:38:16 
23-Apr-19, 22:40:46 
23-Apr-19, 22:40:51 
23-Apr-19, 22:41:01 
23-Apr-19, 22:41:16 
23-Apr-19, 22:41:26 
23-Apr-19, 22:41:31 
23-Apr-19, 22:41:41 
23-Apr-19, 22:41:46 
23-Apr-19, 22:41:56 
23-Apr-19, 22:42:21 
23-Apr-19, 22:42:26 
23-Apr-19, 22:42:31 
23-Apr-19, 22:42:36 
23-Apr-19, 22:42:41 
23-Apr-19, 22:42:51 
23-Apr-19, 22:43:01 
23-Apr-19, 22:43:06 
23-Apr-19, 22:43:21 
23-Apr-19, 22:43:26 
23-Apr-19, 22:43:31 
23-Apr-19, 22:43:36 
23-Apr-19, 22:43:46 
23-Apr-19, 22:43:56 
23-Apr-19, 22:44:01 
23-Apr-19, 22:44:16 
23-Apr-19, 22:44:21 
23-Apr-19, 22:44:26 
23-Apr-19, 22:44:41 
23-Apr-19, 22:44:51 
23-Apr-19, 22:44:56 
23-Apr-19, 22:45:06 
23-Apr-19, 22:45:16 
23-Apr-19, 22:45:21 
23-Apr-19, 22:45:26 
23-Apr-19, 22:45:36 
23-Apr-19, 22:45:51 
23-Apr-19, 22:45:56 
23-Apr-19, 22:46:01 
23-Apr-19, 22:46:21 
23-Apr-19, 22:46:36 
23-Apr-19, 22:46:51 
23-Apr-19, 22:46:56 
23-Apr-19, 22:47:01 
23-Apr-19, 22:49:51 
23-Apr-19, 22:49:56 
23-Apr-19, 22:50:21 
23-Apr-19, 22:50:26 
23-Apr-19, 22:50:31 
23-Apr-19, 22:50:36 
23-Apr-19, 22:50:41 
23-Apr-19, 22:50:51 
23-Apr-19, 22:51:01 
23-Apr-19, 22:51:06 
23-Apr-19, 22:51:16 
23-Apr-19, 22:51:21 
23-Apr-19, 22:51:26 
23-Apr-19, 22:51:31 
23-Apr-19, 22:51:36 
23-Apr-19, 22:51:46 
23-Apr-19, 22:52:21 
23-Apr-19, 22:52:31 
23-Apr-19, 22:52:51 
23-Apr-19, 22:52:56 
23-Apr-19, 22:53:46 
23-Apr-19, 22:53:51 
23-Apr-19, 22:54:01 
23-Apr-19, 22:55:26 
23-Apr-19, 22:55:31 
23-Apr-19, 22:55:46 
23-Apr-19, 22:55:51 
23-Apr-19, 22:55:56 
23-Apr-19, 22:56:01 
23-Apr-19, 22:56:21 
23-Apr-19, 22:56:26 
23-Apr-19, 22:56:36 
23-Apr-19, 22:56:41 
23-Apr-19, 22:56:46 
23-Apr-19, 22:57:11 
23-Apr-19, 22:57:16 
23-Apr-19, 22:57:21 
23-Apr-19, 22:57:31 
23-Apr-19, 22:57:41 
23-Apr-19, 22:57:46 
23-Apr-19, 22:57:56 
23-Apr-19, 22:58:11 
23-Apr-19, 22:58:26 
23-Apr-19, 22:58:36 
23-Apr-19, 22:58:41 
23-Apr-19, 22:58:51 
23-Apr-19, 22:58:56 
23-Apr-19, 22:59:11 
23-Apr-19, 22:59:21 
23-Apr-19, 22:59:31 
23-Apr-19, 22:59:36 
23-Apr-19, 22:59:46 
23-Apr-19, 22:59:51 
23-Apr-19, 22:59:56 
23-Apr-19, 23:00:01 
23-Apr-19, 23:00:06 
23-Apr-19, 23:02:51 
23-Apr-19, 23:03:06 
23-Apr-19, 23:03:26 
23-Apr-19, 23:03:31 
23-Apr-19, 23:03:36 
23-Apr-19, 23:03:46 
23-Apr-19, 23:03:56 
23-Apr-19, 23:04:11 
23-Apr-19, 23:04:16 
23-Apr-19, 23:04:21 
23-Apr-19, 23:04:31 
23-Apr-19, 23:04:41 
23-Apr-19, 23:04:51 
23-Apr-19, 23:04:56 
23-Apr-19, 23:05:06 
23-Apr-19, 23:05:46 
23-Apr-19, 23:05:56 
23-Apr-19, 23:08:06 
23-Apr-19, 23:08:46 
23-Apr-19, 23:08:56 
23-Apr-19, 23:09:01 
23-Apr-19, 23:09:36 
23-Apr-19, 23:09:41 
23-Apr-19, 23:09:51 
23-Apr-19, 23:09:56 
23-Apr-19, 23:10:01 
23-Apr-19, 23:10:21 
23-Apr-19, 23:10:26 
23-Apr-19, 23:10:31 
23-Apr-19, 23:10:36 
23-Apr-19, 23:10:41 
23-Apr-19, 23:11:01 
23-Apr-19, 23:11:26 
23-Apr-19, 23:11:31 
23-Apr-19, 23:12:51 
23-Apr-19, 23:20:31 
23-Apr-19, 23:20:36 
23-Apr-19, 23:20:41 
23-Apr-19, 23:20:46 
23-Apr-19, 23:20:51 
23-Apr-19, 23:20:56 
23-Apr-19, 23:21:01 
23-Apr-19, 23:21:21 
23-Apr-19, 23:21:26 
23-Apr-19, 23:21:31 
23-Apr-19, 23:21:41 
23-Apr-19, 23:21:56 
23-Apr-19, 23:22:21 
23-Apr-19, 23:22:26 
23-Apr-19, 23:22:41 
23-Apr-19, 23:23:16 
23-Apr-19, 23:23:26 
23-Apr-19, 23:23:31 
23-Apr-19, 23:23:36 
23-Apr-19, 23:23:41 
23-Apr-19, 23:23:46 
23-Apr-19, 23:23:51 
23-Apr-19, 23:23:56 
23-Apr-19, 23:24:06 
23-Apr-19, 23:24:21 
23-Apr-19, 23:24:26 
23-Apr-19, 23:24:36 
23-Apr-19, 23:24:41 
23-Apr-19, 23:25:21 
23-Apr-19, 23:25:26 
23-Apr-19, 23:25:31 
23-Apr-19, 23:25:36 
23-Apr-19, 23:25:41 
23-Apr-19, 23:25:46 
23-Apr-19, 23:25:51 
23-Apr-19, 23:25:56 
23-Apr-19, 23:26:01 
23-Apr-19, 23:26:06 
23-Apr-19, 23:26:11 
23-Apr-19, 23:26:21 
23-Apr-19, 23:26:31 
23-Apr-19, 23:26:36 
23-Apr-19, 23:26:46 
23-Apr-19, 23:49:27 
23-Apr-19, 23:49:37 
23-Apr-19, 23:49:52 
23-Apr-19, 23:49:57 
23-Apr-19, 23:50:02 
23-Apr-19, 23:50:27 
23-Apr-19, 23:50:42 
23-Apr-19, 23:50:57 
23-Apr-19, 23:51:02 
23-Apr-19, 23:51:07 
23-Apr-19, 23:51:12 
23-Apr-19, 23:51:17 
23-Apr-19, 23:51:22 
23-Apr-19, 23:51:27 
23-Apr-19, 23:51:32 
23-Apr-19, 23:51:37 
23-Apr-19, 23:51:42 
23-Apr-19, 23:51:47 
23-Apr-19, 23:52:12 
23-Apr-19, 23:52:17 
23-Apr-19, 23:52:27 
23-Apr-19, 23:52:37 
23-Apr-19, 23:52:42 
23-Apr-19, 23:52:52 
23-Apr-19, 23:52:57 
23-Apr-19, 23:53:02 
23-Apr-19, 23:53:12 
23-Apr-19, 23:53:17 
23-Apr-19, 23:53:22 
23-Apr-19, 23:53:27 
23-Apr-19, 23:53:32 
23-Apr-19, 23:53:37 
23-Apr-19, 23:53:52 
27-Apr-19, 04:57:51 
27-Apr-19, 04:58:01 
27-Apr-19, 04:58:06 
27-Apr-19, 04:58:21 
27-Apr-19, 04:58:25 
27-Apr-19, 04:58:26 
27-Apr-19, 04:58:30 
27-Apr-19, 04:58:31 
27-Apr-19, 04:58:36 
27-Apr-19, 04:58:40 
27-Apr-19, 04:58:45 
27-Apr-19, 04:58:46 
27-Apr-19, 04:58:51 
27-Apr-19, 04:58:55 
27-Apr-19, 04:58:56 
27-Apr-19, 04:59:00 
27-Apr-19, 04:59:01 
27-Apr-19, 04:59:06 
27-Apr-19, 04:59:21 
27-Apr-19, 04:59:25 
27-Apr-19, 04:59:30 
27-Apr-19, 04:59:31 
27-Apr-19, 04:59:35 
27-Apr-19, 04:59:36 
27-Apr-19, 04:59:40 
27-Apr-19, 04:59:46 
27-Apr-19, 04:59:51 
27-Apr-19, 04:59:55 
27-Apr-19, 05:00:00 
27-Apr-19, 05:00:01 
27-Apr-19, 05:00:10 
27-Apr-19, 05:00:16 
27-Apr-19, 05:00:30 
27-Apr-19, 05:00:31 
27-Apr-19, 05:00:36 
27-Apr-19, 05:00:40 
27-Apr-19, 05:00:45 
27-Apr-19, 05:00:46 
27-Apr-19, 05:00:51 
27-Apr-19, 05:00:55 
27-Apr-19, 05:01:00 
27-Apr-19, 05:01:01 
27-Apr-19, 05:01:06 
27-Apr-19, 05:01:10 
27-Apr-19, 05:01:16 
27-Apr-19, 05:01:21 
27-Apr-19, 05:01:25 
27-Apr-19, 05:01:30 
27-Apr-19, 05:01:31 
27-Apr-19, 05:01:36 
27-Apr-19, 05:01:40 
27-Apr-19, 05:01:45 
27-Apr-19, 05:01:46 
27-Apr-19, 05:01:51 
27-Apr-19, 05:02:01 
27-Apr-19, 05:02:06 
27-Apr-19, 05:02:07 
27-Apr-19, 05:02:22 
27-Apr-19, 05:02:27 
27-Apr-19, 05:02:31 
27-Apr-19, 05:02:36 
27-Apr-19, 05:02:37 
27-Apr-19, 05:02:42 
27-Apr-19, 05:02:46 
27-Apr-19, 05:02:51 
27-Apr-19, 05:02:52 
27-Apr-19, 05:02:57 
27-Apr-19, 05:03:01 
27-Apr-19, 05:03:06 
27-Apr-19, 05:03:07 
27-Apr-19, 05:03:21 
27-Apr-19, 05:03:22 
27-Apr-19, 05:03:31 
27-Apr-19, 05:03:36 
27-Apr-19, 05:03:37 
27-Apr-19, 05:03:42 
27-Apr-19, 05:03:46 
27-Apr-19, 05:03:51 
27-Apr-19, 05:03:52 
27-Apr-19, 05:03:57 
27-Apr-19, 05:03:57 
27-Apr-19, 05:04:07 
27-Apr-19, 05:04:07 
27-Apr-19, 05:04:22 
27-Apr-19, 05:04:22 
27-Apr-19, 05:04:27 
27-Apr-19, 05:04:27 
27-Apr-19, 05:04:37 
27-Apr-19, 05:04:37 
27-Apr-19, 05:04:42 
27-Apr-19, 05:04:42 
27-Apr-19, 05:04:52 
27-Apr-19, 05:04:52 
27-Apr-19, 05:04:57 
27-Apr-19, 05:04:57 
27-Apr-19, 05:05:07 
27-Apr-19, 05:05:07 
27-Apr-19, 05:05:22 
27-Apr-19, 05:05:22 
27-Apr-19, 05:05:27 
27-Apr-19, 05:05:27 
27-Apr-19, 05:05:37 
27-Apr-19, 05:05:42 
27-Apr-19, 05:05:43 
27-Apr-19, 05:05:48 
27-Apr-19, 05:05:52 
27-Apr-19, 05:05:57 
27-Apr-19, 05:05:58 
27-Apr-19, 05:06:03 
27-Apr-19, 05:06:07 
27-Apr-19, 05:06:18 
27-Apr-19, 05:06:22 
27-Apr-19, 05:06:27 
27-Apr-19, 05:06:28 
27-Apr-19, 05:06:37 
27-Apr-19, 05:06:42 
27-Apr-19, 05:06:43 
27-Apr-19, 05:06:48 
27-Apr-19, 05:06:48 
27-Apr-19, 05:06:58 
27-Apr-19, 05:06:58 
27-Apr-19, 05:07:03 
27-Apr-19, 05:07:03 
27-Apr-19, 05:07:18 
27-Apr-19, 05:07:18 
27-Apr-19, 05:07:28 
27-Apr-19, 05:07:28 
27-Apr-19, 05:07:33 
27-Apr-19, 05:07:33 
27-Apr-19, 05:07:43 
27-Apr-19, 05:07:43 
27-Apr-19, 05:07:48 
27-Apr-19, 05:07:48 
27-Apr-19, 05:07:58 
27-Apr-19, 05:07:58 
27-Apr-19, 05:08:03 
27-Apr-19, 05:08:03 
27-Apr-19, 05:08:24 
27-Apr-19, 05:08:24 
27-Apr-19, 05:08:34 
27-Apr-19, 05:08:34 
27-Apr-19, 05:08:39 
27-Apr-19, 05:08:39 
27-Apr-19, 05:08:49 
27-Apr-19, 05:09:00 
27-Apr-19, 05:09:00 
27-Apr-19, 05:09:10 
27-Apr-19, 05:09:10 
27-Apr-19, 05:09:20 
27-Apr-19, 05:09:20 
27-Apr-19, 05:09:25 
27-Apr-19, 05:09:25 
27-Apr-19, 05:09:30 
27-Apr-19, 05:09:30 
27-Apr-19, 05:09:35 
27-Apr-19, 05:09:35 
27-Apr-19, 05:09:40 
27-Apr-19, 05:09:40 
27-Apr-19, 05:09:45 
27-Apr-19, 05:09:45 
27-Apr-19, 05:10:00 
27-Apr-19, 05:10:00 
27-Apr-19, 05:10:10 
27-Apr-19, 05:10:10 
27-Apr-19, 05:10:25 
27-Apr-19, 05:10:25 
27-Apr-19, 05:10:30 
27-Apr-19, 05:10:30 
27-Apr-19, 05:10:45 
27-Apr-19, 05:10:45 
27-Apr-19, 05:11:00 
27-Apr-19, 05:11:00 
27-Apr-19, 05:11:05 
27-Apr-19, 05:11:05 
27-Apr-19, 05:11:25 
27-Apr-19, 05:11:25 
27-Apr-19, 05:11:30 
27-Apr-19, 05:11:30 
27-Apr-19, 05:11:40 
27-Apr-19, 05:11:40 
27-Apr-19, 05:11:45 
27-Apr-19, 05:11:45 
27-Apr-19, 05:11:55 
27-Apr-19, 05:11:55 
27-Apr-19, 05:12:01 
27-Apr-19, 05:12:06 
27-Apr-19, 05:12:10 
27-Apr-19, 05:12:16 
27-Apr-19, 05:12:21 
27-Apr-19, 05:12:25 
27-Apr-19, 05:12:30 
27-Apr-19, 05:12:31 
27-Apr-19, 05:12:36 
27-Apr-19, 05:12:40 
27-Apr-19, 05:12:45 
27-Apr-19, 05:12:46 
27-Apr-19, 05:12:51 
27-Apr-19, 05:12:55 
27-Apr-19, 05:13:00 
27-Apr-19, 05:13:01 
27-Apr-19, 05:13:06 
27-Apr-19, 05:13:10 
27-Apr-19, 05:13:16 
27-Apr-19, 05:13:16 
27-Apr-19, 05:13:21 
27-Apr-19, 05:13:21 
27-Apr-19, 05:13:31 
27-Apr-19, 05:13:31 
27-Apr-19, 05:13:36 
27-Apr-19, 05:13:36 
27-Apr-19, 05:13:46 
27-Apr-19, 05:13:46 
27-Apr-19, 05:13:51 
27-Apr-19, 05:13:51 
27-Apr-19, 05:14:06 
27-Apr-19, 05:14:06 
27-Apr-19, 05:14:21 
27-Apr-19, 05:14:21 
27-Apr-19, 05:14:26 
27-Apr-19, 05:14:26 
27-Apr-19, 05:14:31 
27-Apr-19, 05:14:31 
27-Apr-19, 05:14:46 
27-Apr-19, 05:14:46 
27-Apr-19, 05:15:01 
27-Apr-19, 05:15:01 
27-Apr-19, 05:15:06 
27-Apr-19, 05:15:06 
27-Apr-19, 05:15:21 
27-Apr-19, 05:15:21 
27-Apr-19, 05:15:31 
27-Apr-19, 05:15:31 
27-Apr-19, 05:15:36 
27-Apr-19, 05:15:36 
27-Apr-19, 05:15:46 
27-Apr-19, 05:15:46 
27-Apr-19, 05:15:51 
27-Apr-19, 05:15:51 
27-Apr-19, 05:16:01 
27-Apr-19, 05:16:01 
27-Apr-19, 05:16:06 
27-Apr-19, 05:16:06 
27-Apr-19, 05:16:21 
27-Apr-19, 05:16:21 
27-Apr-19, 05:16:31 
27-Apr-19, 05:16:31 
27-Apr-19, 05:16:36 
27-Apr-19, 05:16:36 
27-Apr-19, 05:16:46 
27-Apr-19, 05:16:46 
27-Apr-19, 05:16:51 
27-Apr-19, 05:16:51 
27-Apr-19, 05:16:56 
27-Apr-19, 05:16:56 
27-Apr-19, 05:17:01 
27-Apr-19, 05:17:01 
27-Apr-19, 05:17:06 
27-Apr-19, 05:17:06 
27-Apr-19, 05:17:31 
27-Apr-19, 05:17:31 
27-Apr-19, 05:17:36 
27-Apr-19, 05:17:36 
27-Apr-19, 05:17:46 
27-Apr-19, 05:17:46 
27-Apr-19, 05:17:51 
27-Apr-19, 05:17:51 
27-Apr-19, 05:18:06 
27-Apr-19, 05:18:06 
27-Apr-19, 05:18:21 
27-Apr-19, 05:18:21 
27-Apr-19, 05:18:31 
27-Apr-19, 05:18:31 
27-Apr-19, 05:18:36 
27-Apr-19, 05:18:36 
27-Apr-19, 05:18:46 
27-Apr-19, 05:18:46 
27-Apr-19, 05:18:51 
27-Apr-19, 05:18:51 
27-Apr-19, 05:19:01 
27-Apr-19, 05:19:01 
27-Apr-19, 05:19:21 
27-Apr-19, 05:19:21 
27-Apr-19, 05:19:31 
27-Apr-19, 05:19:31 
27-Apr-19, 05:19:36 
27-Apr-19, 05:19:36 
27-Apr-19, 05:19:46 
27-Apr-19, 05:19:46 
27-Apr-19, 05:19:51 
27-Apr-19, 05:19:51 
27-Apr-19, 05:20:01 
27-Apr-19, 05:20:01 
27-Apr-19, 05:20:06 
27-Apr-19, 05:20:06 
27-Apr-19, 05:20:16 
27-Apr-19, 05:20:16 
27-Apr-19, 05:20:21 
27-Apr-19, 05:20:21 
27-Apr-19, 05:20:31 
27-Apr-19, 05:20:31 
27-Apr-19, 05:20:36 
27-Apr-19, 05:20:36 
27-Apr-19, 05:20:46 
27-Apr-19, 05:20:46 
27-Apr-19, 05:20:51 
27-Apr-19, 05:20:51 
27-Apr-19, 05:20:57 
27-Apr-19, 05:21:01 
27-Apr-19, 05:21:06 
27-Apr-19, 05:21:07 
27-Apr-19, 05:21:16 
27-Apr-19, 05:21:21 
27-Apr-19, 05:21:22 
27-Apr-19, 05:21:27 
27-Apr-19, 05:21:31 
27-Apr-19, 05:21:36 
27-Apr-19, 05:21:37 
27-Apr-19, 05:21:42 
27-Apr-19, 05:21:46 
27-Apr-19, 05:21:51 
27-Apr-19, 05:21:52 
27-Apr-19, 05:21:57 
27-Apr-19, 05:22:06 
27-Apr-19, 05:22:07 
27-Apr-19, 05:22:21 
27-Apr-19, 05:22:22 
27-Apr-19, 05:22:27 
27-Apr-19, 05:22:31 
27-Apr-19, 05:22:36 
27-Apr-19, 05:22:37 
27-Apr-19, 05:22:42 
27-Apr-19, 05:22:46 
27-Apr-19, 05:22:51 
27-Apr-19, 05:22:52 
27-Apr-19, 05:22:56 
27-Apr-19, 05:22:57 
27-Apr-19, 05:23:01 
27-Apr-19, 05:23:06 
27-Apr-19, 05:23:07 
27-Apr-19, 05:23:21 
27-Apr-19, 05:23:22 
27-Apr-19, 05:23:27 
27-Apr-19, 05:23:31 
27-Apr-19, 05:23:36 
27-Apr-19, 05:23:37 
27-Apr-19, 05:23:41 
27-Apr-19, 05:23:42 
27-Apr-19, 05:23:46 
27-Apr-19, 05:23:51 
27-Apr-19, 05:23:52 
27-Apr-19, 05:23:57 
27-Apr-19, 05:24:01 
27-Apr-19, 05:24:06 
27-Apr-19, 05:24:21 
27-Apr-19, 05:24:22 
27-Apr-19, 05:24:31 
27-Apr-19, 05:24:36 
27-Apr-19, 05:24:37 
27-Apr-19, 05:24:42 
27-Apr-19, 05:24:46 
27-Apr-19, 05:24:51 
27-Apr-19, 05:24:57 
27-Apr-19, 05:25:01 
27-Apr-19, 05:25:06 
27-Apr-19, 05:25:07 
27-Apr-19, 05:25:21 
27-Apr-19, 05:25:22 
27-Apr-19, 05:25:27 
27-Apr-19, 05:25:31 
27-Apr-19, 05:25:36 
27-Apr-19, 05:25:37 
27-Apr-19, 05:25:42 
27-Apr-19, 05:25:46 
27-Apr-19, 05:25:51 
27-Apr-19, 05:25:52 
27-Apr-19, 05:25:57 
27-Apr-19, 05:26:01 
27-Apr-19, 05:26:06 
27-Apr-19, 05:26:07 
27-Apr-19, 05:26:21 
27-Apr-19, 05:26:22 
27-Apr-19, 05:26:27 
27-Apr-19, 05:26:31 
27-Apr-19, 05:26:36 
27-Apr-19, 05:26:37 
27-Apr-19, 05:26:42 
27-Apr-19, 05:26:46 
27-Apr-19, 05:26:51 
27-Apr-19, 05:26:52 
27-Apr-19, 05:26:57 
27-Apr-19, 05:27:01 
27-Apr-19, 05:27:06 
27-Apr-19, 05:27:27 
27-Apr-19, 05:27:31 
27-Apr-19, 05:27:36 
27-Apr-19, 05:27:37 
27-Apr-19, 05:27:42 
27-Apr-19, 05:27:46 
27-Apr-19, 05:27:51 
27-Apr-19, 05:27:52 
27-Apr-19, 05:27:57 
27-Apr-19, 05:28:01 
27-Apr-19, 05:28:06 
27-Apr-19, 05:28:07 
27-Apr-19, 05:28:21 
27-Apr-19, 05:28:22 
27-Apr-19, 05:28:27 
27-Apr-19, 05:28:31 
27-Apr-19, 05:28:36 
27-Apr-19, 05:28:37 
27-Apr-19, 05:28:41 
27-Apr-19, 05:28:42 
27-Apr-19, 05:28:46 
27-Apr-19, 05:28:51 
27-Apr-19, 05:28:52 
27-Apr-19, 05:28:57 
27-Apr-19, 05:29:06 
27-Apr-19, 05:29:07 
27-Apr-19, 05:29:16 
27-Apr-19, 05:29:21 
27-Apr-19, 05:29:31 
27-Apr-19, 05:29:36 
27-Apr-19, 05:29:37 
27-Apr-19, 05:29:42 
27-Apr-19, 05:29:52 
27-Apr-19, 05:29:52 
27-Apr-19, 05:29:57 
27-Apr-19, 05:29:57 
27-Apr-19, 05:30:07 
27-Apr-19, 05:30:07 
27-Apr-19, 05:30:22 
27-Apr-19, 05:30:22 
27-Apr-19, 05:30:27 
27-Apr-19, 05:30:27 
27-Apr-19, 05:30:37 
27-Apr-19, 05:30:37 
27-Apr-19, 05:30:42 
27-Apr-19, 05:30:42 
27-Apr-19, 05:30:52 
27-Apr-19, 05:30:52 
27-Apr-19, 05:30:57 
27-Apr-19, 05:30:57 
27-Apr-19, 05:31:22 
27-Apr-19, 05:31:22 
27-Apr-19, 05:31:27 
27-Apr-19, 05:31:27 
27-Apr-19, 05:31:37 
27-Apr-19, 05:31:37 
27-Apr-19, 05:31:42 
27-Apr-19, 05:31:42 
27-Apr-19, 05:31:52 
27-Apr-19, 05:31:52 
27-Apr-19, 05:31:57 
27-Apr-19, 05:31:57 
27-Apr-19, 05:32:02 
27-Apr-19, 05:32:02 
27-Apr-19, 05:32:07 
27-Apr-19, 05:32:07 
27-Apr-19, 05:32:22 
27-Apr-19, 05:32:22 
27-Apr-19, 05:32:27 
27-Apr-19, 05:32:27 
27-Apr-19, 05:32:32 
27-Apr-19, 05:32:32 
27-Apr-19, 05:32:37 
27-Apr-19, 05:32:37 
27-Apr-19, 05:32:42 
27-Apr-19, 05:32:42 
27-Apr-19, 05:32:47 
27-Apr-19, 05:32:47 
27-Apr-19, 05:32:52 
27-Apr-19, 05:32:52 
27-Apr-19, 05:33:02 
27-Apr-19, 05:33:02 
27-Apr-19, 05:33:07 
27-Apr-19, 05:33:07 
27-Apr-19, 05:33:22 
27-Apr-19, 05:33:22 
27-Apr-19, 05:33:27 
27-Apr-19, 05:33:27 
27-Apr-19, 05:33:37 
27-Apr-19, 05:33:37 
27-Apr-19, 05:33:42 
27-Apr-19, 05:33:42 
27-Apr-19, 05:33:52 
27-Apr-19, 05:33:52 
27-Apr-19, 05:33:57 
27-Apr-19, 05:33:57 
27-Apr-19, 05:34:22 
27-Apr-19, 05:34:22 
27-Apr-19, 05:34:27 
27-Apr-19, 05:34:27 
27-Apr-19, 05:34:37 
27-Apr-19, 05:34:37 
27-Apr-19, 05:34:42 
27-Apr-19, 05:34:42 
27-Apr-19, 05:34:52 
27-Apr-19, 05:34:52 
27-Apr-19, 05:34:57 
27-Apr-19, 05:34:57 
27-Apr-19, 05:35:07 
27-Apr-19, 05:35:07 
27-Apr-19, 05:35:22 
27-Apr-19, 05:35:22 
27-Apr-19, 05:35:27 
27-Apr-19, 05:35:27 
27-Apr-19, 05:35:37 
27-Apr-19, 05:35:37 
27-Apr-19, 05:35:42 
27-Apr-19, 05:35:42 
27-Apr-19, 05:35:52 
27-Apr-19, 05:35:52 
27-Apr-19, 05:35:57 
27-Apr-19, 05:35:57 
27-Apr-19, 05:36:07 
27-Apr-19, 05:36:07 
27-Apr-19, 05:36:22 
27-Apr-19, 05:36:22 
27-Apr-19, 05:36:27 
27-Apr-19, 05:36:27 
27-Apr-19, 05:36:42 
27-Apr-19, 05:36:42 
27-Apr-19, 05:36:52 
27-Apr-19, 05:36:52 
27-Apr-19, 05:36:57 
27-Apr-19, 05:36:58 
27-Apr-19, 05:37:03 
27-Apr-19, 05:37:07 
27-Apr-19, 05:37:22 
27-Apr-19, 05:37:28 
27-Apr-19, 05:37:33 
27-Apr-19, 05:37:37 
27-Apr-19, 05:37:42 
27-Apr-19, 05:37:43 
27-Apr-19, 05:37:48 
27-Apr-19, 05:37:52 
27-Apr-19, 05:37:58 
27-Apr-19, 05:38:03 
27-Apr-19, 05:38:07 
27-Apr-19, 05:38:12 
27-Apr-19, 05:38:22 
27-Apr-19, 05:38:27 
27-Apr-19, 05:38:28 
27-Apr-19, 05:38:33 
27-Apr-19, 05:38:37 
27-Apr-19, 05:38:42 
27-Apr-19, 05:38:43 
27-Apr-19, 05:38:47 
27-Apr-19, 05:38:48 
27-Apr-19, 05:38:52 
27-Apr-19, 05:38:57 
27-Apr-19, 05:38:58 
27-Apr-19, 05:39:03 
27-Apr-19, 05:39:18 
27-Apr-19, 05:39:22 
27-Apr-19, 05:39:27 
27-Apr-19, 05:39:28 
27-Apr-19, 05:39:33 
27-Apr-19, 05:39:37 
27-Apr-19, 05:39:42 
27-Apr-19, 05:39:43 
27-Apr-19, 05:39:48 
27-Apr-19, 05:39:52 
27-Apr-19, 05:39:57 
27-Apr-19, 05:39:58 
27-Apr-19, 05:40:03 
27-Apr-19, 05:40:07 
27-Apr-19, 05:40:18 
27-Apr-19, 05:40:22 
27-Apr-19, 05:40:27 
27-Apr-19, 05:40:28 
27-Apr-19, 05:40:33 
27-Apr-19, 05:40:37 
27-Apr-19, 05:40:42 
27-Apr-19, 05:40:43 
27-Apr-19, 05:40:48 
27-Apr-19, 05:40:52 
